# Blender 4.4.0
# www.blender.org
mtllib mesh.mtl
o __articraft_commit_0003_0000
v -0.385000 -0.285000 0.007000
v 0.000000 -0.285000 0.007000
v 0.150000 -0.285000 0.007000
v 0.230000 -0.285000 0.007000
v 0.241563 -0.285000 0.006805
v 0.253125 -0.285000 0.006219
v 0.264688 -0.285000 0.005235
v 0.276250 -0.285000 0.003842
v 0.287813 -0.285000 0.002021
v 0.299375 -0.285000 -0.000250
v 0.310937 -0.285000 -0.003003
v 0.322500 -0.285000 -0.006284
v 0.334062 -0.285000 -0.010149
v 0.345625 -0.285000 -0.014681
v 0.357188 -0.285000 -0.019996
v 0.368750 -0.285000 -0.026268
v 0.380313 -0.285000 -0.033775
v 0.391875 -0.285000 -0.043024
v 0.403437 -0.285000 -0.055124
v 0.415000 -0.285000 -0.074070
v 0.415000 -0.285000 -0.091070
v 0.403437 -0.285000 -0.072124
v 0.391875 -0.285000 -0.060024
v 0.380313 -0.285000 -0.050775
v 0.368750 -0.285000 -0.043268
v 0.357188 -0.285000 -0.036996
v 0.345625 -0.285000 -0.031681
v 0.334062 -0.285000 -0.027149
v 0.322500 -0.285000 -0.023284
v 0.310937 -0.285000 -0.020003
v 0.299375 -0.285000 -0.017250
v 0.287813 -0.285000 -0.014979
v 0.276250 -0.285000 -0.013158
v 0.264688 -0.285000 -0.011765
v 0.253125 -0.285000 -0.010781
v 0.241563 -0.285000 -0.010195
v 0.230000 -0.285000 -0.010000
v 0.150000 -0.285000 -0.010000
v 0.000000 -0.285000 -0.010000
v -0.385000 -0.285000 -0.010000
v -0.385000 -0.261000 0.007000
v 0.000000 -0.261000 0.007000
v 0.150000 -0.261000 0.007000
v 0.230000 -0.261000 0.007000
v 0.241563 -0.261000 0.006805
v 0.253125 -0.261000 0.006219
v 0.264688 -0.261000 0.005235
v 0.276250 -0.261000 0.003842
v 0.287813 -0.261000 0.002021
v 0.299375 -0.261000 -0.000250
v 0.310937 -0.261000 -0.003003
v 0.322500 -0.261000 -0.006284
v 0.334062 -0.261000 -0.010149
v 0.345625 -0.261000 -0.014681
v 0.357188 -0.261000 -0.019996
v 0.368750 -0.261000 -0.026268
v 0.380313 -0.261000 -0.033775
v 0.391875 -0.261000 -0.043024
v 0.403437 -0.261000 -0.055124
v 0.415000 -0.261000 -0.074070
v 0.415000 -0.261000 -0.091070
v 0.403437 -0.261000 -0.072124
v 0.391875 -0.261000 -0.060024
v 0.380313 -0.261000 -0.050775
v 0.368750 -0.261000 -0.043268
v 0.357188 -0.261000 -0.036996
v 0.345625 -0.261000 -0.031681
v 0.334062 -0.261000 -0.027149
v 0.322500 -0.261000 -0.023284
v 0.310937 -0.261000 -0.020003
v 0.299375 -0.261000 -0.017250
v 0.287813 -0.261000 -0.014979
v 0.276250 -0.261000 -0.013158
v 0.264688 -0.261000 -0.011765
v 0.253125 -0.261000 -0.010781
v 0.241563 -0.261000 -0.010195
v 0.230000 -0.261000 -0.010000
v 0.150000 -0.261000 -0.010000
v 0.000000 -0.261000 -0.010000
v -0.385000 -0.261000 -0.010000
v -0.385000 0.261000 0.007000
v 0.000000 0.261000 0.007000
v 0.150000 0.261000 0.007000
v 0.230000 0.261000 0.007000
v 0.241563 0.261000 0.006805
v 0.253125 0.261000 0.006219
v 0.264688 0.261000 0.005235
v 0.276250 0.261000 0.003842
v 0.287813 0.261000 0.002021
v 0.299375 0.261000 -0.000250
v 0.310937 0.261000 -0.003003
v 0.322500 0.261000 -0.006284
v 0.334062 0.261000 -0.010149
v 0.345625 0.261000 -0.014681
v 0.357188 0.261000 -0.019996
v 0.368750 0.261000 -0.026268
v 0.380313 0.261000 -0.033775
v 0.391875 0.261000 -0.043024
v 0.403437 0.261000 -0.055124
v 0.415000 0.261000 -0.074070
v 0.415000 0.261000 -0.091070
v 0.403437 0.261000 -0.072124
v 0.391875 0.261000 -0.060024
v 0.380313 0.261000 -0.050775
v 0.368750 0.261000 -0.043268
v 0.357188 0.261000 -0.036996
v 0.345625 0.261000 -0.031681
v 0.334062 0.261000 -0.027149
v 0.322500 0.261000 -0.023284
v 0.310937 0.261000 -0.020003
v 0.299375 0.261000 -0.017250
v 0.287813 0.261000 -0.014979
v 0.276250 0.261000 -0.013158
v 0.264688 0.261000 -0.011765
v 0.253125 0.261000 -0.010781
v 0.241563 0.261000 -0.010195
v 0.230000 0.261000 -0.010000
v 0.150000 0.261000 -0.010000
v 0.000000 0.261000 -0.010000
v -0.385000 0.261000 -0.010000
v -0.385000 0.285000 0.007000
v 0.000000 0.285000 0.007000
v 0.150000 0.285000 0.007000
v 0.230000 0.285000 0.007000
v 0.241563 0.285000 0.006805
v 0.253125 0.285000 0.006219
v 0.264688 0.285000 0.005235
v 0.276250 0.285000 0.003842
v 0.287813 0.285000 0.002021
v 0.299375 0.285000 -0.000250
v 0.310937 0.285000 -0.003003
v 0.322500 0.285000 -0.006284
v 0.334062 0.285000 -0.010149
v 0.345625 0.285000 -0.014681
v 0.357188 0.285000 -0.019996
v 0.368750 0.285000 -0.026268
v 0.380313 0.285000 -0.033775
v 0.391875 0.285000 -0.043024
v 0.403437 0.285000 -0.055124
v 0.415000 0.285000 -0.074070
v 0.415000 0.285000 -0.091070
v 0.403437 0.285000 -0.072124
v 0.391875 0.285000 -0.060024
v 0.380313 0.285000 -0.050775
v 0.368750 0.285000 -0.043268
v 0.357188 0.285000 -0.036996
v 0.345625 0.285000 -0.031681
v 0.334062 0.285000 -0.027149
v 0.322500 0.285000 -0.023284
v 0.310937 0.285000 -0.020003
v 0.299375 0.285000 -0.017250
v 0.287813 0.285000 -0.014979
v 0.276250 0.285000 -0.013158
v 0.264688 0.285000 -0.011765
v 0.253125 0.285000 -0.010781
v 0.241563 0.285000 -0.010195
v 0.230000 0.285000 -0.010000
v 0.150000 0.285000 -0.010000
v 0.000000 0.285000 -0.010000
v -0.385000 0.285000 -0.010000
v -0.385000 -0.263000 0.004000
v 0.000000 -0.263000 0.004000
v 0.150000 -0.263000 0.004000
v 0.230000 -0.263000 0.004000
v 0.241563 -0.263000 0.003805
v 0.253125 -0.263000 0.003219
v 0.264688 -0.263000 0.002235
v 0.276250 -0.263000 0.000842
v 0.287813 -0.263000 -0.000979
v 0.299375 -0.263000 -0.003250
v 0.310937 -0.263000 -0.006003
v 0.322500 -0.263000 -0.009284
v 0.334062 -0.263000 -0.013149
v 0.345625 -0.263000 -0.017681
v 0.357188 -0.263000 -0.022996
v 0.368750 -0.263000 -0.029268
v 0.380313 -0.263000 -0.036775
v 0.391875 -0.263000 -0.046024
v 0.403437 -0.263000 -0.058124
v 0.415000 -0.263000 -0.077070
v 0.415000 -0.263000 -0.083070
v 0.403437 -0.263000 -0.064124
v 0.391875 -0.263000 -0.052024
v 0.380313 -0.263000 -0.042775
v 0.368750 -0.263000 -0.035268
v 0.357188 -0.263000 -0.028996
v 0.345625 -0.263000 -0.023681
v 0.334062 -0.263000 -0.019149
v 0.322500 -0.263000 -0.015284
v 0.310937 -0.263000 -0.012003
v 0.299375 -0.263000 -0.009250
v 0.287813 -0.263000 -0.006979
v 0.276250 -0.263000 -0.005158
v 0.264688 -0.263000 -0.003765
v 0.253125 -0.263000 -0.002781
v 0.241563 -0.263000 -0.002195
v 0.230000 -0.263000 -0.002000
v 0.150000 -0.263000 -0.002000
v 0.000000 -0.263000 -0.002000
v -0.385000 -0.263000 -0.002000
v -0.385000 0.263000 0.004000
v 0.000000 0.263000 0.004000
v 0.150000 0.263000 0.004000
v 0.230000 0.263000 0.004000
v 0.241563 0.263000 0.003805
v 0.253125 0.263000 0.003219
v 0.264688 0.263000 0.002235
v 0.276250 0.263000 0.000842
v 0.287813 0.263000 -0.000979
v 0.299375 0.263000 -0.003250
v 0.310937 0.263000 -0.006003
v 0.322500 0.263000 -0.009284
v 0.334062 0.263000 -0.013149
v 0.345625 0.263000 -0.017681
v 0.357188 0.263000 -0.022996
v 0.368750 0.263000 -0.029268
v 0.380313 0.263000 -0.036775
v 0.391875 0.263000 -0.046024
v 0.403437 0.263000 -0.058124
v 0.415000 0.263000 -0.077070
v 0.415000 0.263000 -0.083070
v 0.403437 0.263000 -0.064124
v 0.391875 0.263000 -0.052024
v 0.380313 0.263000 -0.042775
v 0.368750 0.263000 -0.035268
v 0.357188 0.263000 -0.028996
v 0.345625 0.263000 -0.023681
v 0.334062 0.263000 -0.019149
v 0.322500 0.263000 -0.015284
v 0.310937 0.263000 -0.012003
v 0.299375 0.263000 -0.009250
v 0.287813 0.263000 -0.006979
v 0.276250 0.263000 -0.005158
v 0.264688 0.263000 -0.003765
v 0.253125 0.263000 -0.002781
v 0.241563 0.263000 -0.002195
v 0.230000 0.263000 -0.002000
v 0.150000 0.263000 -0.002000
v 0.000000 0.263000 -0.002000
v -0.385000 0.263000 -0.002000
v -0.383000 -0.281000 -0.007000
v -0.383000 -0.285000 -0.003000
v -0.387000 -0.281000 -0.003000
v -0.383000 -0.282997 -0.006466
v -0.384997 -0.281000 -0.006466
v -0.384913 -0.282913 -0.005947
v -0.384997 -0.284466 -0.003000
v -0.383000 -0.284466 -0.004997
v -0.384913 -0.283947 -0.004913
v -0.386466 -0.281000 -0.004997
v -0.386466 -0.282997 -0.003000
v -0.385947 -0.282913 -0.004913
v -0.383000 -0.285000 0.005000
v -0.383000 -0.281000 0.009000
v -0.387000 -0.281000 0.005000
v -0.383000 -0.284466 0.006997
v -0.384997 -0.284466 0.005000
v -0.384913 -0.283947 0.006913
v -0.384997 -0.281000 0.008466
v -0.383000 -0.282997 0.008466
v -0.384913 -0.282913 0.007946
v -0.386466 -0.282997 0.005000
v -0.386466 -0.281000 0.006997
v -0.385947 -0.282913 0.006913
v -0.383000 0.281000 -0.007000
v -0.387000 0.281000 -0.003000
v -0.383000 0.285000 -0.003000
v -0.384997 0.281000 -0.006466
v -0.383000 0.282997 -0.006466
v -0.384913 0.282913 -0.005947
v -0.386466 0.282997 -0.003000
v -0.386466 0.281000 -0.004997
v -0.385947 0.282913 -0.004913
v -0.383000 0.284466 -0.004997
v -0.384997 0.284466 -0.003000
v -0.384913 0.283947 -0.004913
v -0.383000 0.281000 0.009000
v -0.383000 0.285000 0.005000
v -0.387000 0.281000 0.005000
v -0.383000 0.282997 0.008466
v -0.384997 0.281000 0.008466
v -0.384913 0.282913 0.007946
v -0.384997 0.284466 0.005000
v -0.383000 0.284466 0.006997
v -0.384913 0.283947 0.006913
v -0.386466 0.281000 0.006997
v -0.386466 0.282997 0.005000
v -0.385947 0.282913 0.006913
v -0.365000 -0.281000 -0.007000
v -0.361000 -0.281000 -0.003000
v -0.365000 -0.285000 -0.003000
v -0.363003 -0.281000 -0.006466
v -0.365000 -0.282997 -0.006466
v -0.363087 -0.282913 -0.005947
v -0.361534 -0.282997 -0.003000
v -0.361534 -0.281000 -0.004997
v -0.362053 -0.282913 -0.004913
v -0.365000 -0.284466 -0.004997
v -0.363003 -0.284466 -0.003000
v -0.363087 -0.283947 -0.004913
v -0.365000 -0.281000 0.009000
v -0.365000 -0.285000 0.005000
v -0.361000 -0.281000 0.005000
v -0.365000 -0.282997 0.008466
v -0.363003 -0.281000 0.008466
v -0.363087 -0.282913 0.007946
v -0.363003 -0.284466 0.005000
v -0.365000 -0.284466 0.006997
v -0.363087 -0.283947 0.006913
v -0.361534 -0.281000 0.006997
v -0.361534 -0.282997 0.005000
v -0.362053 -0.282913 0.006913
v -0.365000 0.281000 -0.007000
v -0.365000 0.285000 -0.003000
v -0.361000 0.281000 -0.003000
v -0.365000 0.282997 -0.006466
v -0.363003 0.281000 -0.006466
v -0.363087 0.282913 -0.005947
v -0.363003 0.284466 -0.003000
v -0.365000 0.284466 -0.004997
v -0.363087 0.283947 -0.004913
v -0.361534 0.281000 -0.004997
v -0.361534 0.282997 -0.003000
v -0.362053 0.282913 -0.004913
v -0.365000 0.281000 0.009000
v -0.361000 0.281000 0.005000
v -0.365000 0.285000 0.005000
v -0.363003 0.281000 0.008466
v -0.365000 0.282997 0.008466
v -0.363087 0.282913 0.007946
v -0.361534 0.282997 0.005000
v -0.361534 0.281000 0.006997
v -0.362053 0.282913 0.006913
v -0.365000 0.284466 0.006997
v -0.363003 0.284466 0.005000
v -0.363087 0.283947 0.006913
v 0.393000 -0.281000 -0.067391
v 0.393000 -0.285000 -0.063391
v 0.389000 -0.281000 -0.063391
v 0.393000 -0.282997 -0.066856
v 0.391003 -0.281000 -0.066856
v 0.391087 -0.282913 -0.066337
v 0.391003 -0.284466 -0.063391
v 0.393000 -0.284466 -0.065388
v 0.391087 -0.283947 -0.065303
v 0.389534 -0.281000 -0.065388
v 0.389534 -0.282997 -0.063391
v 0.390053 -0.282913 -0.065303
v 0.393000 -0.285000 -0.055391
v 0.393000 -0.281000 -0.051391
v 0.389000 -0.281000 -0.055391
v 0.393000 -0.284466 -0.053393
v 0.391003 -0.284466 -0.055391
v 0.391087 -0.283947 -0.053478
v 0.391003 -0.281000 -0.051925
v 0.393000 -0.282997 -0.051925
v 0.391087 -0.282913 -0.052444
v 0.389534 -0.282997 -0.055391
v 0.389534 -0.281000 -0.053393
v 0.390053 -0.282913 -0.053478
v 0.393000 0.281000 -0.067391
v 0.389000 0.281000 -0.063391
v 0.393000 0.285000 -0.063391
v 0.391003 0.281000 -0.066856
v 0.393000 0.282997 -0.066856
v 0.391087 0.282913 -0.066337
v 0.389534 0.282997 -0.063391
v 0.389534 0.281000 -0.065388
v 0.390053 0.282913 -0.065303
v 0.393000 0.284466 -0.065388
v 0.391003 0.284466 -0.063391
v 0.391087 0.283947 -0.065303
v 0.393000 0.281000 -0.051391
v 0.393000 0.285000 -0.055391
v 0.389000 0.281000 -0.055391
v 0.393000 0.282997 -0.051925
v 0.391003 0.281000 -0.051925
v 0.391087 0.282913 -0.052444
v 0.391003 0.284466 -0.055391
v 0.393000 0.284466 -0.053393
v 0.391087 0.283947 -0.053478
v 0.389534 0.281000 -0.053393
v 0.389534 0.282997 -0.055391
v 0.390053 0.282913 -0.053478
v 0.411000 -0.281000 -0.067391
v 0.415000 -0.281000 -0.063391
v 0.411000 -0.285000 -0.063391
v 0.412997 -0.281000 -0.066856
v 0.411000 -0.282997 -0.066856
v 0.412913 -0.282913 -0.066337
v 0.414466 -0.282997 -0.063391
v 0.414466 -0.281000 -0.065388
v 0.413947 -0.282913 -0.065303
v 0.411000 -0.284466 -0.065388
v 0.412997 -0.284466 -0.063391
v 0.412913 -0.283947 -0.065303
v 0.411000 -0.281000 -0.051391
v 0.411000 -0.285000 -0.055391
v 0.415000 -0.281000 -0.055391
v 0.411000 -0.282997 -0.051925
v 0.412997 -0.281000 -0.051925
v 0.412913 -0.282913 -0.052444
v 0.412997 -0.284466 -0.055391
v 0.411000 -0.284466 -0.053393
v 0.412913 -0.283947 -0.053478
v 0.414466 -0.281000 -0.053393
v 0.414466 -0.282997 -0.055391
v 0.413947 -0.282913 -0.053478
v 0.411000 0.281000 -0.067391
v 0.411000 0.285000 -0.063391
v 0.415000 0.281000 -0.063391
v 0.411000 0.282997 -0.066856
v 0.412997 0.281000 -0.066856
v 0.412913 0.282913 -0.066337
v 0.412997 0.284466 -0.063391
v 0.411000 0.284466 -0.065388
v 0.412913 0.283947 -0.065303
v 0.414466 0.281000 -0.065388
v 0.414466 0.282997 -0.063391
v 0.413947 0.282913 -0.065303
v 0.411000 0.281000 -0.051391
v 0.415000 0.281000 -0.055391
v 0.411000 0.285000 -0.055391
v 0.412997 0.281000 -0.051925
v 0.411000 0.282997 -0.051925
v 0.412913 0.282913 -0.052444
v 0.414466 0.282997 -0.055391
v 0.414466 0.281000 -0.053393
v 0.413947 0.282913 -0.053478
v 0.411000 0.284466 -0.053393
v 0.412997 0.284466 -0.055391
v 0.412913 0.283947 -0.053478
vn -0.0000 -1.0000 -0.0000
vn -0.0000 1.0000 -0.0000
vn -0.0000 -0.0000 1.0000
vn 0.0168 -0.0000 0.9999
vn 0.0506 -0.0000 0.9987
vn 0.0848 -0.0000 0.9964
vn 0.1197 -0.0000 0.9928
vn 0.1555 -0.0000 0.9878
vn 0.1927 -0.0000 0.9813
vn 0.2317 -0.0000 0.9728
vn 0.2729 -0.0000 0.9620
vn 0.3171 -0.0000 0.9484
vn 0.3649 -0.0000 0.9310
vn 0.4177 -0.0000 0.9086
vn 0.4768 -0.0000 0.8790
vn 0.5446 -0.0000 0.8387
vn 0.6246 -0.0000 0.7809
vn 0.7230 -0.0000 0.6909
vn 0.8536 -0.0000 0.5209
vn 1.0000 -0.0000 -0.0000
vn -0.8536 -0.0000 -0.5209
vn -0.7230 -0.0000 -0.6909
vn -0.6246 -0.0000 -0.7809
vn -0.5446 -0.0000 -0.8387
vn -0.4768 -0.0000 -0.8790
vn -0.4177 -0.0000 -0.9086
vn -0.3649 -0.0000 -0.9310
vn -0.3170 -0.0000 -0.9484
vn -0.2729 -0.0000 -0.9620
vn -0.2317 -0.0000 -0.9728
vn -0.1927 -0.0000 -0.9813
vn -0.1555 -0.0000 -0.9878
vn -0.1197 -0.0000 -0.9928
vn -0.0848 -0.0000 -0.9964
vn -0.0506 -0.0000 -0.9987
vn -0.0168 -0.0000 -0.9999
vn -0.0000 -0.0000 -1.0000
vn -1.0000 -0.0000 -0.0000
vn 0.3170 -0.0000 0.9484
vn -0.3171 -0.0000 -0.9484
vn -0.2502 -0.2502 -0.9353
vn -0.2177 -0.6901 -0.6901
vn -0.2502 -0.9353 -0.2502
vn -0.6901 -0.6901 -0.2178
vn -0.9353 -0.2502 -0.2502
vn -0.6901 -0.2178 -0.6902
vn -0.5773 -0.5773 -0.5774
vn -0.2502 -0.9353 0.2502
vn -0.2178 -0.6901 0.6901
vn -0.2502 -0.2502 0.9353
vn -0.6902 -0.2178 0.6901
vn -0.9353 -0.2502 0.2502
vn -0.6901 -0.6901 0.2178
vn -0.5773 -0.5773 0.5774
vn -0.2502 0.2502 -0.9353
vn -0.6902 0.2178 -0.6901
vn -0.9353 0.2502 -0.2502
vn -0.6901 0.6902 -0.2178
vn -0.2502 0.9353 -0.2503
vn -0.2177 0.6902 -0.6901
vn -0.5773 0.5773 -0.5774
vn -0.2502 0.2502 0.9353
vn -0.2178 0.6901 0.6901
vn -0.2502 0.9353 0.2503
vn -0.6901 0.6901 0.2177
vn -0.9353 0.2502 0.2502
vn -0.6901 0.2178 0.6902
vn -0.5773 0.5773 0.5774
vn 0.2503 -0.2502 -0.9353
vn 0.6902 -0.2178 -0.6901
vn 0.9353 -0.2502 -0.2502
vn 0.6901 -0.6901 -0.2178
vn 0.2502 -0.9353 -0.2502
vn 0.2177 -0.6901 -0.6901
vn 0.5773 -0.5773 -0.5774
vn 0.2502 -0.2502 0.9353
vn 0.2178 -0.6901 0.6901
vn 0.2502 -0.9353 0.2502
vn 0.6901 -0.6902 0.2178
vn 0.9353 -0.2502 0.2502
vn 0.6901 -0.2178 0.6902
vn 0.5773 -0.5773 0.5774
vn 0.2502 0.2502 -0.9353
vn 0.2178 0.6901 -0.6901
vn 0.2502 0.9353 -0.2503
vn 0.6901 0.6902 -0.2177
vn 0.9353 0.2502 -0.2502
vn 0.6901 0.2178 -0.6902
vn 0.5773 0.5773 -0.5774
vn 0.2502 0.2502 0.9353
vn 0.6902 0.2178 0.6901
vn 0.9353 0.2502 0.2502
vn 0.6901 0.6902 0.2178
vn 0.2502 0.9353 0.2503
vn 0.2178 0.6901 0.6901
vn 0.5773 0.5773 0.5774
vn -0.2585 -0.0000 -0.9660
vn -0.7071 -0.0000 -0.7071
vn -0.9660 -0.0000 -0.2584
vn -0.2584 -0.9660 -0.0000
vn -0.7071 -0.7071 -0.0000
vn -0.9660 -0.2584 -0.0000
vn -0.2584 -0.0000 0.9660
vn -0.7071 -0.0000 0.7071
vn -0.9660 -0.0000 0.2585
vn -0.2585 0.9660 -0.0000
vn -0.7071 0.7071 -0.0000
vn -0.9660 0.2584 -0.0000
vn -0.0000 0.2585 -0.9660
vn -0.0000 0.7071 -0.7071
vn -0.0000 0.9660 -0.2585
vn -0.0000 0.2585 0.9660
vn -0.0000 0.7071 0.7071
vn -0.0000 0.9660 0.2585
vn 0.9660 0.2584 -0.0000
vn 0.7071 0.7071 -0.0000
vn 0.2585 0.9660 -0.0000
vn 0.2585 -0.0000 -0.9660
vn 0.7071 -0.0000 -0.7071
vn 0.9660 -0.0000 -0.2585
vn 0.2584 -0.0000 0.9660
vn 0.7071 -0.0000 0.7071
vn 0.9660 -0.0000 0.2585
vn 0.2584 -0.9660 -0.0000
vn 0.7071 -0.7071 -0.0000
vn 0.9660 -0.2584 -0.0000
vn -0.0000 -0.2585 -0.9660
vn -0.0000 -0.7071 -0.7071
vn -0.0000 -0.9660 -0.2584
vn -0.0000 -0.2585 0.9660
vn -0.0000 -0.7071 0.7071
vn -0.0000 -0.9660 0.2584
vn -0.2503 -0.2502 -0.9353
vn -0.2178 -0.6901 -0.6901
vn -0.6901 -0.2178 -0.6901
vn -0.2503 -0.2502 0.9353
vn -0.5774 -0.5773 0.5773
vn -0.6901 0.6901 -0.2178
vn -0.2178 0.6901 -0.6901
vn -0.6901 0.6902 0.2178
vn -0.6901 0.2178 0.6901
vn -0.5774 0.5773 0.5774
vn 0.6901 -0.2178 -0.6901
vn 0.2178 -0.6901 -0.6901
vn 0.2503 -0.2502 0.9353
vn 0.2177 -0.6901 0.6901
vn 0.6901 -0.6901 0.2178
vn 0.5774 -0.5773 0.5773
vn 0.6901 0.6902 -0.2178
vn 0.6901 0.2178 -0.6901
vn 0.2503 0.2502 0.9353
vn 0.5774 0.5773 0.5774
vn -0.9660 -0.2585 -0.0000
vn 0.9660 -0.0000 -0.2584
vn -0.0000 1.0000 -0.0003
vn -0.0000 1.0000 -0.0001
vn -0.0000 1.0000 0.0001
vn -0.0000 1.0000 0.0002
vn -0.2635 -0.2635 -0.9280
vn -0.2635 -0.9280 -0.2635
vn -0.9280 -0.2635 -0.2635
vn -0.6902 -0.2178 -0.6901
vn -0.2635 -0.9280 0.2635
vn -0.2635 -0.2635 0.9280
vn -0.6901 -0.2178 0.6902
vn -0.9280 -0.2635 0.2635
vn -0.2634 0.2635 -0.9280
vn -0.6901 0.2178 -0.6902
vn -0.9280 0.2635 -0.2635
vn -0.6901 0.6901 -0.2177
vn -0.2634 0.9280 -0.2634
vn -0.2635 0.2635 0.9280
vn -0.2634 0.9280 0.2634
vn -0.9280 0.2635 0.2635
vn -0.6902 0.2178 0.6901
vn 0.2635 -0.2635 -0.9280
vn 0.9280 -0.2635 -0.2635
vn 0.6901 -0.6902 -0.2178
vn 0.2635 -0.9280 -0.2635
vn 0.2635 -0.2635 0.9280
vn 0.2635 -0.9280 0.2635
vn 0.9280 -0.2635 0.2635
vn 0.6901 -0.2178 0.6901
vn 0.2635 0.2635 -0.9280
vn 0.2177 0.6902 -0.6901
vn 0.2635 0.9280 -0.2634
vn 0.6901 0.6901 -0.2178
vn 0.9280 0.2635 -0.2635
vn 0.6902 0.2178 -0.6901
vn 0.2634 0.2635 0.9280
vn 0.6901 0.2178 0.6902
vn 0.9280 0.2635 0.2635
vn 0.6901 0.6902 0.2177
vn 0.2634 0.9280 0.2634
vn -0.2584 -0.0000 -0.9660
vn -0.9660 -0.0000 -0.2585
vn -0.2585 -0.0000 0.9660
vn -0.9660 0.2585 -0.0000
vn 0.2584 -0.0000 -0.9660
vn 0.2585 -0.0000 0.9660
vn 0.9660 -0.2585 -0.0000
vn -0.2634 -0.2635 -0.9280
vn -0.6901 -0.6902 -0.2178
vn -0.2177 -0.6901 0.6901
vn -0.2634 -0.2635 0.9280
vn -0.6901 -0.6902 0.2178
vn -0.6901 0.2178 -0.6901
vn -0.2634 0.2635 0.9280
vn 0.2634 -0.2635 -0.9280
vn 0.6901 -0.2178 -0.6902
vn 0.9280 -0.2634 -0.2635
vn 0.2634 -0.2635 0.9280
vn 0.9280 -0.2634 0.2635
vn 0.6902 -0.2178 0.6901
vn 0.2634 0.2635 -0.9280
vn 0.2634 0.9280 -0.2634
vn 0.9280 0.2634 -0.2635
vn 0.6901 0.2178 0.6901
vn 0.2177 0.6901 0.6901
vn -0.9660 -0.0000 0.2584
vt 0.736253 0.441462
vt 0.737705 0.448949
vt 0.726956 0.448034
vt 0.875997 0.447498
vt 0.866595 0.441077
vt 0.867594 0.433601
vt 0.348996 0.740986
vt 0.333767 0.499522
vt 0.348996 0.499522
vt 0.348996 0.835063
vt 0.333767 0.740986
vt 0.348996 0.885237
vt 0.333767 0.835063
vt 0.348996 0.892508
vt 0.333767 0.885237
vt 0.348996 0.899816
vt 0.333767 0.892508
vt 0.348996 0.907162
vt 0.333767 0.899816
vt 0.348996 0.914549
vt 0.333767 0.907162
vt 0.348996 0.921976
vt 0.333767 0.914549
vt 0.348996 0.929446
vt 0.333767 0.921976
vt 0.348996 0.936963
vt 0.333767 0.929446
vt 0.348996 0.944531
vt 0.333767 0.936963
vt 0.348996 0.952155
vt 0.333767 0.944531
vt 0.348996 0.959844
vt 0.333767 0.952155
vt 0.348996 0.967608
vt 0.333767 0.959844
vt 0.348996 0.975464
vt 0.333767 0.967608
vt 0.348996 0.983439
vt 0.333767 0.975464
vt 0.348996 0.991582
vt 0.333767 0.983439
vt 0.348996 1.000000
vt 0.333767 0.991582
vt 0.015229 0.510342
vt 0.000000 0.500478
vt 0.015229 0.500478
vt 0.015229 0.520802
vt -0.000000 0.510342
vt 0.036149 0.515707
vt 0.046012 0.500478
vt 0.046012 0.515707
vt 0.364225 0.990483
vt 0.379454 0.999044
vt 0.364225 0.999044
vt 0.364225 0.982237
vt 0.379454 0.990483
vt 0.364225 0.974184
vt 0.379454 0.982237
vt 0.364225 0.966266
vt 0.379454 0.974184
vt 0.364225 0.958455
vt 0.379454 0.966266
vt 0.364225 0.950729
vt 0.379454 0.958455
vt 0.364225 0.943078
vt 0.379454 0.950729
vt 0.364225 0.935490
vt 0.379454 0.943078
vt 0.364225 0.927961
vt 0.379454 0.935490
vt 0.364225 0.920486
vt 0.379454 0.927961
vt 0.364225 0.913060
vt 0.379454 0.920486
vt 0.364225 0.905681
vt 0.379454 0.913060
vt 0.364225 0.898347
vt 0.379454 0.905681
vt 0.364225 0.891058
vt 0.379454 0.898347
vt 0.364225 0.883811
vt 0.379454 0.891058
vt 0.364225 0.833823
vt 0.379454 0.883811
vt 0.364225 0.740093
vt 0.379454 0.833823
vt 0.364225 0.499522
vt 0.379454 0.740093
vt 0.025689 0.500478
vt 0.015229 0.515707
vt 0.015229 0.500478
vt 0.789055 0.441462
vt 0.790506 0.448949
vt 0.779758 0.448034
vt 0.927179 0.447498
vt 0.917777 0.441077
vt 0.918776 0.433601
vt 0.990219 0.241464
vt 0.974990 0.000000
vt 0.990219 0.000000
vt 0.990219 0.335541
vt 0.974990 0.241464
vt 0.990219 0.385715
vt 0.974990 0.335541
vt 0.990219 0.392986
vt 0.974990 0.385715
vt 0.990219 0.400294
vt 0.974990 0.392986
vt 0.990219 0.407640
vt 0.974990 0.400294
vt 0.990219 0.415026
vt 0.974990 0.407640
vt 0.990219 0.422454
vt 0.974990 0.415026
vt 0.990219 0.429924
vt 0.974990 0.422454
vt 0.990219 0.437441
vt 0.974990 0.429924
vt 0.990219 0.445009
vt 0.974990 0.437441
vt 0.990219 0.452633
vt 0.974990 0.445009
vt 0.990219 0.460322
vt 0.974990 0.452633
vt 0.990219 0.468086
vt 0.974990 0.460322
vt 0.990219 0.475942
vt 0.974990 0.468086
vt 0.990219 0.483917
vt 0.974990 0.475942
vt 0.990219 0.492060
vt 0.974990 0.483917
vt 0.990219 0.500478
vt 0.974990 0.492060
vt 0.515200 0.509386
vt 0.499971 0.499522
vt 0.515200 0.499522
vt 0.515200 0.519846
vt 0.499971 0.509386
vt 0.046012 0.515707
vt 0.055876 0.500478
vt 0.055876 0.515707
vt 0.348996 0.990483
vt 0.364225 0.999044
vt 0.348996 0.999044
vt 0.348996 0.982237
vt 0.364225 0.990483
vt 0.348996 0.974184
vt 0.364225 0.982237
vt 0.348996 0.966266
vt 0.364225 0.974184
vt 0.348996 0.958455
vt 0.364225 0.966266
vt 0.348996 0.950729
vt 0.364225 0.958455
vt 0.348996 0.943078
vt 0.364225 0.950729
vt 0.348996 0.935490
vt 0.364225 0.943078
vt 0.348996 0.927962
vt 0.364225 0.935490
vt 0.348996 0.920486
vt 0.364225 0.927962
vt 0.348996 0.913060
vt 0.364225 0.920486
vt 0.348996 0.905681
vt 0.364225 0.913060
vt 0.348996 0.898348
vt 0.364225 0.905681
vt 0.348996 0.891058
vt 0.364225 0.898348
vt 0.348996 0.883811
vt 0.364225 0.891058
vt 0.348996 0.833823
vt 0.364225 0.883811
vt 0.348996 0.740094
vt 0.364225 0.833823
vt 0.348996 0.499522
vt 0.364225 0.740093
vt 0.025689 0.515707
vt 0.036149 0.500478
vt 0.036149 0.515707
vt 0.679771 0.448936
vt 0.682224 0.456273
vt 0.681292 0.463610
vt 0.967594 0.462635
vt 0.968960 0.440373
vt 0.969958 0.432897
vt 0.333767 0.241464
vt 0.000000 0.000000
vt 0.333767 -0.000000
vt 0.333767 0.335541
vt 0.000000 0.241464
vt 0.333767 0.385715
vt 0.000000 0.335541
vt 0.333767 0.392986
vt 0.000000 0.385715
vt 0.333767 0.400294
vt 0.000000 0.392986
vt 0.333767 0.407640
vt 0.000000 0.400294
vt 0.333767 0.415026
vt 0.000000 0.407640
vt 0.333767 0.422454
vt 0.000000 0.415026
vt 0.333767 0.429924
vt 0.000000 0.422454
vt 0.333767 0.437441
vt 0.000000 0.429924
vt 0.333767 0.445009
vt 0.000000 0.437441
vt 0.333767 0.452633
vt 0.000000 0.445009
vt 0.333767 0.460322
vt 0.000000 0.452633
vt 0.333767 0.468086
vt 0.000000 0.460322
vt 0.333767 0.475942
vt 0.000000 0.468086
vt 0.333767 0.483917
vt 0.000000 0.475942
vt 0.333767 0.492060
vt 0.000000 0.483917
vt 0.333767 0.500478
vt 0.000000 0.492060
vt 0.448679 0.499522
vt 0.438815 0.833290
vt 0.438815 0.499522
vt 0.452370 0.499522
vt 0.448679 0.833290
vt 0.452370 0.833290
vt 0.462234 0.499522
vt 0.462234 0.833290
vt 0.333767 0.490961
vt 0.667535 0.499522
vt 0.333767 0.499522
vt 0.333767 0.482715
vt 0.667535 0.490961
vt 0.333767 0.474661
vt 0.667535 0.482715
vt 0.333767 0.466744
vt 0.667535 0.474661
vt 0.333767 0.458932
vt 0.667535 0.466744
vt 0.333767 0.451207
vt 0.667535 0.458932
vt 0.333767 0.443555
vt 0.667535 0.451207
vt 0.333767 0.435968
vt 0.667535 0.443555
vt 0.333767 0.428439
vt 0.667535 0.435968
vt 0.333767 0.420964
vt 0.667535 0.428439
vt 0.333767 0.413538
vt 0.667535 0.420964
vt 0.333767 0.406159
vt 0.667535 0.413538
vt 0.333767 0.398825
vt 0.667535 0.406159
vt 0.333767 0.391536
vt 0.667535 0.398825
vt 0.333767 0.384289
vt 0.667535 0.391536
vt 0.333767 0.334300
vt 0.667535 0.384289
vt 0.333767 0.240571
vt 0.667535 0.334300
vt 0.333767 0.000000
vt 0.667535 0.240571
vt 0.496279 0.833290
vt 0.499971 0.499522
vt 0.499971 0.833290
vt 0.077024 0.514099
vt 0.082101 0.502677
vt 0.082101 0.514099
vt 0.488914 0.858332
vt 0.493836 0.501721
vt 0.493836 0.858332
vt 0.407967 0.501721
vt 0.396678 0.858332
vt 0.396678 0.501721
vt 0.464677 0.858332
vt 0.469599 0.501721
vt 0.469599 0.858332
vt 0.086499 0.514099
vt 0.091575 0.502677
vt 0.091575 0.514099
vt 0.421664 0.500454
vt 0.422912 0.501721
vt 0.421605 0.501721
vt 0.423031 0.499852
vt 0.422916 0.500508
vt 0.082101 0.501410
vt 0.083368 0.502677
vt 0.083314 0.500807
vt 0.083314 0.501463
vt 0.470745 0.858332
vt 0.469516 0.859599
vt 0.423676 0.500507
vt 0.423991 0.501721
vt 0.075757 0.502677
vt 0.077024 0.501410
vt 0.077024 0.502677
vt 0.074825 0.502677
vt 0.075810 0.501463
vt 0.409168 0.858332
vt 0.407916 0.859599
vt 0.407967 0.858332
vt 0.462234 0.858332
vt 0.463337 0.859546
vt 0.462540 0.859546
vt 0.464594 0.859599
vt 0.463365 0.858332
vt 0.464366 0.860531
vt 0.463176 0.860202
vt 0.422912 0.858332
vt 0.421664 0.859600
vt 0.421605 0.858332
vt 0.423676 0.859546
vt 0.422916 0.859546
vt 0.469516 0.500454
vt 0.470745 0.501721
vt 0.091575 0.515366
vt 0.092789 0.515968
vt 0.091575 0.516298
vt 0.092842 0.514099
vt 0.421826 0.860531
vt 0.423031 0.860202
vt 0.407916 0.500454
vt 0.409168 0.501721
vt 0.085231 0.514099
vt 0.084629 0.515312
vt 0.084300 0.514099
vt 0.086499 0.515366
vt 0.464366 0.499522
vt 0.463337 0.500507
vt 0.463176 0.499852
vt 0.463365 0.501721
vt 0.464594 0.500454
vt 0.464677 0.501721
vt 0.462234 0.501721
vt 0.462540 0.500507
vt 0.409168 0.501721
vt 0.410416 0.500454
vt 0.410357 0.501721
vt 0.496279 0.501721
vt 0.495177 0.500507
vt 0.495973 0.500507
vt 0.493919 0.500454
vt 0.495148 0.501721
vt 0.494147 0.499522
vt 0.083368 0.514099
vt 0.082101 0.515366
vt 0.083970 0.515312
vt 0.083314 0.515312
vt 0.495337 0.499852
vt 0.396626 0.859599
vt 0.395374 0.858332
vt 0.395277 0.860202
vt 0.395377 0.859546
vt 0.077024 0.515366
vt 0.075757 0.514099
vt 0.075810 0.515968
vt 0.075810 0.515312
vt 0.487768 0.501721
vt 0.488997 0.500454
vt 0.488914 0.501721
vt 0.394311 0.858332
vt 0.394629 0.859546
vt 0.410416 0.859600
vt 0.409168 0.858332
vt 0.410357 0.858332
vt 0.092842 0.502677
vt 0.093445 0.501463
vt 0.093774 0.502677
vt 0.091575 0.501410
vt 0.494147 0.860531
vt 0.495177 0.859546
vt 0.495337 0.860202
vt 0.495148 0.858332
vt 0.493919 0.859599
vt 0.495973 0.859546
vt 0.395374 0.501721
vt 0.396626 0.500454
vt 0.394629 0.500507
vt 0.395377 0.500507
vt 0.488997 0.859599
vt 0.487768 0.858332
vt 0.086499 0.501410
vt 0.085285 0.500807
vt 0.086499 0.500478
vt 0.085231 0.502677
vt 0.086499 0.502677
vt 0.396485 0.499522
vt 0.395277 0.499851
vt 0.423992 0.858332
vt 0.082101 0.500478
vt 0.086499 0.516298
vt 0.093774 0.514099
vt 0.084300 0.502677
vt 0.091575 0.500478
vt 0.496279 0.858332
vt 0.394311 0.501721
vt 0.077024 0.516298
vt 0.084300 0.514099
vt 0.074825 0.514099
vt 0.058075 0.514099
vt 0.063152 0.502677
vt 0.063152 0.514099
vt 0.471891 0.858332
vt 0.476814 0.501721
vt 0.476814 0.858332
vt 0.393110 0.501721
vt 0.381821 0.858332
vt 0.381821 0.501721
vt 0.481700 0.858332
vt 0.486622 0.501721
vt 0.486622 0.858332
vt 0.067550 0.514099
vt 0.072626 0.502677
vt 0.072626 0.514099
vt 0.436487 0.500454
vt 0.437735 0.501721
vt 0.436428 0.501721
vt 0.437854 0.499852
vt 0.437740 0.500507
vt 0.063152 0.501410
vt 0.064419 0.502677
vt 0.063152 0.500478
vt 0.064365 0.501463
vt 0.487768 0.858332
vt 0.486539 0.859599
vt 0.438815 0.501721
vt 0.438500 0.500507
vt 0.056808 0.502677
vt 0.058075 0.501410
vt 0.058075 0.502677
vt 0.055876 0.502677
vt 0.056862 0.501463
vt 0.393059 0.859599
vt 0.393110 0.858332
vt 0.479257 0.858332
vt 0.480359 0.859546
vt 0.479563 0.859546
vt 0.481617 0.859599
vt 0.480388 0.858332
vt 0.481389 0.860531
vt 0.480199 0.860202
vt 0.437735 0.858332
vt 0.436487 0.859599
vt 0.436428 0.858332
vt 0.438815 0.858332
vt 0.437740 0.859546
vt 0.486539 0.500454
vt 0.072626 0.515366
vt 0.073840 0.515968
vt 0.072626 0.516298
vt 0.073894 0.514099
vt 0.436649 0.860531
vt 0.437854 0.860202
vt 0.438500 0.859546
vt 0.393059 0.500454
vt 0.066282 0.514099
vt 0.065680 0.515312
vt 0.065351 0.514099
vt 0.067550 0.515366
vt 0.481389 0.499522
vt 0.480359 0.500507
vt 0.480199 0.499851
vt 0.480388 0.501721
vt 0.481617 0.500454
vt 0.481700 0.501721
vt 0.479563 0.500507
vt 0.423992 0.501721
vt 0.425240 0.500454
vt 0.425181 0.501721
vt 0.479257 0.501721
vt 0.478154 0.500507
vt 0.478950 0.500507
vt 0.476897 0.500454
vt 0.478126 0.501721
vt 0.477124 0.499522
vt 0.064419 0.514099
vt 0.063152 0.515366
vt 0.065351 0.514099
vt 0.064365 0.515312
vt 0.478314 0.499852
vt 0.381769 0.859599
vt 0.380517 0.858332
vt 0.380420 0.860202
vt 0.380520 0.859546
vt 0.058075 0.515366
vt 0.056808 0.514099
vt 0.058075 0.516298
vt 0.056862 0.515312
vt 0.470745 0.501721
vt 0.471974 0.500454
vt 0.471891 0.501721
vt 0.379772 0.859546
vt 0.379454 0.858332
vt 0.425240 0.859599
vt 0.423992 0.858332
vt 0.425181 0.858332
vt 0.073894 0.502677
vt 0.074496 0.501463
vt 0.074825 0.502677
vt 0.072626 0.501410
vt 0.477124 0.860531
vt 0.478154 0.859546
vt 0.478314 0.860202
vt 0.478126 0.858332
vt 0.476897 0.859599
vt 0.478950 0.859546
vt 0.380517 0.501721
vt 0.381769 0.500454
vt 0.379454 0.501721
vt 0.380520 0.500507
vt 0.471974 0.859599
vt 0.470745 0.858332
vt 0.067550 0.501410
vt 0.066336 0.500807
vt 0.067550 0.500478
vt 0.066282 0.502677
vt 0.067550 0.502677
vt 0.380420 0.499851
vt 0.381628 0.499522
vt 0.379772 0.500507
vt 0.067550 0.516298
vt 0.074825 0.514099
vt 0.065351 0.502677
vt 0.072626 0.500478
vt 0.479257 0.858332
vt 0.065351 0.502677
vt 0.055876 0.514099
vt 0.756626 -0.000000
vt 0.767375 0.000915
vt 0.746659 0.244332
vt 0.738588 0.339170
vt 0.735911 0.243417
vt 0.734283 0.389750
vt 0.723036 0.396157
vt 0.723535 0.388836
vt 0.727839 0.338255
vt 0.733784 0.397071
vt 0.722784 0.403499
vt 0.723043 0.418247
vt 0.722784 0.410862
vt 0.724386 0.433088
vt 0.723572 0.425656
vt 0.725505 0.440547
vt 0.731021 0.463107
vt 0.728778 0.455552
vt 0.737103 0.478351
vt 0.733760 0.470703
vt 0.746452 0.493873
vt 0.741227 0.486065
vt 0.764838 0.510165
vt 0.753481 0.501835
vt 0.764229 0.502750
vt 0.775586 0.511079
vt 0.757201 0.494788
vt 0.733532 0.404413
vt 0.733532 0.411777
vt 0.751976 0.486980
vt 0.733791 0.419162
vt 0.747851 0.479266
vt 0.744508 0.471618
vt 0.734320 0.426570
vt 0.735134 0.434003
vt 0.741770 0.464021
vt 0.739526 0.456467
vt 0.828388 0.001088
vt 0.839120 0.000000
vt 0.863751 0.243053
vt 0.873347 0.337748
vt 0.878465 0.388253
vt 0.879082 0.395565
vt 0.853018 0.244140
vt 0.879451 0.402902
vt 0.879570 0.410264
vt 0.879430 0.417653
vt 0.879020 0.425069
vt 0.878326 0.432513
vt 0.877328 0.439989
vt 0.874296 0.455045
vt 0.872175 0.462635
vt 0.869559 0.470274
vt 0.866339 0.477975
vt 0.862339 0.485755
vt 0.857241 0.493646
vt 0.850341 0.501719
vt 0.839120 0.510231
vt 0.828388 0.511318
vt 0.839609 0.502807
vt 0.846508 0.494733
vt 0.862615 0.338836
vt 0.867733 0.389340
vt 0.851607 0.486842
vt 0.868349 0.396652
vt 0.855607 0.479062
vt 0.858827 0.471362
vt 0.868719 0.403989
vt 0.868838 0.411352
vt 0.861442 0.463722
vt 0.863564 0.456133
vt 0.868698 0.418740
vt 0.868288 0.426156
vt 0.865264 0.448586
vt 0.333767 1.000000
vt 0.000000 0.520802
vt 0.036149 0.500478
vt 0.379454 0.499522
vt 0.025689 0.515707
vt 0.809428 -0.000000
vt 0.820176 0.000915
vt 0.799461 0.244332
vt 0.791390 0.339170
vt 0.788712 0.243417
vt 0.787085 0.389750
vt 0.775838 0.396157
vt 0.776337 0.388836
vt 0.780641 0.338255
vt 0.786586 0.397071
vt 0.775586 0.403499
vt 0.775845 0.418247
vt 0.775586 0.410862
vt 0.777187 0.433088
vt 0.776374 0.425656
vt 0.778306 0.440547
vt 0.783823 0.463107
vt 0.781580 0.455552
vt 0.789904 0.478351
vt 0.786561 0.470703
vt 0.799254 0.493873
vt 0.794029 0.486065
vt 0.817639 0.510165
vt 0.806283 0.501835
vt 0.817031 0.502750
vt 0.828388 0.511079
vt 0.810003 0.494788
vt 0.786334 0.404413
vt 0.786334 0.411777
vt 0.804777 0.486980
vt 0.786593 0.419162
vt 0.800653 0.479266
vt 0.797310 0.471618
vt 0.787122 0.426570
vt 0.787936 0.434003
vt 0.794571 0.464021
vt 0.792328 0.456467
vt 0.879570 0.001088
vt 0.890302 0.000000
vt 0.914933 0.243053
vt 0.924529 0.337748
vt 0.929647 0.388253
vt 0.930264 0.395565
vt 0.904200 0.244140
vt 0.930633 0.402902
vt 0.930752 0.410264
vt 0.930612 0.417653
vt 0.930202 0.425069
vt 0.929508 0.432513
vt 0.928510 0.439989
vt 0.925478 0.455045
vt 0.923357 0.462635
vt 0.920741 0.470274
vt 0.917521 0.477975
vt 0.913521 0.485755
vt 0.908423 0.493646
vt 0.901523 0.501719
vt 0.890302 0.510231
vt 0.879570 0.511318
vt 0.890791 0.502807
vt 0.897690 0.494733
vt 0.913797 0.338836
vt 0.918915 0.389340
vt 0.902789 0.486842
vt 0.919532 0.396652
vt 0.906789 0.479062
vt 0.910009 0.471362
vt 0.919901 0.403989
vt 0.920020 0.411352
vt 0.912624 0.463722
vt 0.914746 0.456133
vt 0.919880 0.418740
vt 0.919470 0.426156
vt 0.916446 0.448586
vt 0.974990 0.500478
vt 0.499971 0.519846
vt 0.046012 0.500478
vt 0.364225 0.499522
vt 0.025689 0.500478
vt 0.667535 -0.000000
vt 0.671342 -0.000000
vt 0.671342 0.244297
vt 0.671342 0.339478
vt 0.667535 0.244297
vt 0.671342 0.390241
vt 0.667658 0.397578
vt 0.667535 0.390241
vt 0.667535 0.339478
vt 0.671465 0.397578
vt 0.668030 0.404915
vt 0.669539 0.419589
vt 0.668654 0.412252
vt 0.672135 0.434262
vt 0.670694 0.426926
vt 0.675964 0.448936
vt 0.673882 0.441599
vt 0.678416 0.456273
vt 0.688644 0.478284
vt 0.684665 0.470947
vt 0.699277 0.492957
vt 0.693408 0.485620
vt 0.718977 0.507631
vt 0.706955 0.500294
vt 0.710762 0.500294
vt 0.722784 0.507631
vt 0.671837 0.404915
vt 0.703084 0.492957
vt 0.697215 0.485620
vt 0.672462 0.412252
vt 0.673346 0.419589
vt 0.692451 0.478284
vt 0.674501 0.426926
vt 0.675942 0.434262
vt 0.688472 0.470947
vt 0.685099 0.463610
vt 0.677689 0.441599
vt 0.930752 0.000384
vt 0.934540 0.000000
vt 0.959170 0.243053
vt 0.968767 0.337748
vt 0.973885 0.388253
vt 0.974501 0.395565
vt 0.955382 0.243436
vt 0.974871 0.402902
vt 0.974990 0.410264
vt 0.974850 0.417653
vt 0.974440 0.425069
vt 0.973746 0.432513
vt 0.972747 0.439989
vt 0.971416 0.447498
vt 0.969716 0.455045
vt 0.964979 0.470274
vt 0.961759 0.477975
vt 0.957759 0.485755
vt 0.952660 0.493646
vt 0.945761 0.501719
vt 0.934540 0.510231
vt 0.930752 0.510615
vt 0.941973 0.502103
vt 0.964979 0.338132
vt 0.948873 0.494030
vt 0.953971 0.486138
vt 0.970097 0.388637
vt 0.970714 0.395949
vt 0.957971 0.478359
vt 0.971083 0.403286
vt 0.971202 0.410648
vt 0.961191 0.470658
vt 0.963807 0.463018
vt 0.971062 0.418037
vt 0.970652 0.425453
vt 0.965928 0.455429
vt 0.967628 0.447882
vt 0.000000 0.500478
vt 0.452370 0.833290
vt 0.452370 0.499522
vt 0.667535 -0.000000
vt 0.496279 0.499522
vt 0.421826 0.499522
vt 0.470613 0.859546
vt 0.075155 0.501463
vt 0.409065 0.859546
vt 0.470613 0.500507
vt 0.092789 0.515312
vt 0.409065 0.500507
vt 0.085285 0.515312
vt 0.409278 0.500507
vt 0.396485 0.860531
vt 0.487901 0.500507
vt 0.409278 0.859546
vt 0.092789 0.501463
vt 0.487901 0.859546
vt 0.085285 0.501463
vt 0.077024 0.500478
vt 0.082101 0.516298
vt 0.436649 0.499522
vt 0.064365 0.500807
vt 0.487636 0.859546
vt 0.056206 0.501463
vt 0.394208 0.859546
vt 0.487636 0.500507
vt 0.073840 0.515312
vt 0.394208 0.500507
vt 0.066336 0.515312
vt 0.424102 0.500507
vt 0.065021 0.515312
vt 0.381628 0.860531
vt 0.056862 0.515968
vt 0.470878 0.500507
vt 0.424102 0.859546
vt 0.073840 0.501463
vt 0.470878 0.859546
vt 0.066336 0.501463
vt 0.058075 0.500478
vt 0.063152 0.516298
s 0
usemtl tray_1_glazing.001
f 189/183/1 188/184/1 174/185/1
f 214/186/2 230/187/2 231/188/2
f 162/189/3 201/190/3 161/191/3
f 163/192/3 202/193/3 162/189/3
f 164/194/3 203/195/3 163/192/3
f 165/196/4 204/197/4 164/194/4
f 166/198/5 205/199/5 165/196/5
f 167/200/6 206/201/6 166/198/6
f 168/202/7 207/203/7 167/200/7
f 169/204/8 208/205/8 168/202/8
f 170/206/9 209/207/9 169/204/9
f 171/208/10 210/209/10 170/206/10
f 172/210/11 211/211/11 171/208/11
f 173/212/12 212/213/12 172/210/12
f 174/214/13 213/215/13 173/212/13
f 175/216/14 214/217/14 174/214/14
f 176/218/15 215/219/15 175/216/15
f 177/220/16 216/221/16 176/218/16
f 178/222/17 217/223/17 177/220/17
f 179/224/18 218/225/18 178/222/18
f 180/226/19 219/227/19 179/228/19
f 181/229/20 220/230/20 180/226/20
f 182/231/21 221/232/21 181/233/21
f 183/234/22 222/235/22 182/236/22
f 184/237/23 223/238/23 183/234/23
f 185/239/24 224/240/24 184/237/24
f 186/241/25 225/242/25 185/239/25
f 187/243/26 226/244/26 186/241/26
f 188/245/27 227/246/27 187/243/27
f 189/247/40 228/248/40 188/245/40
f 190/249/29 229/250/29 189/247/29
f 191/251/30 230/252/30 190/249/30
f 192/253/31 231/254/31 191/251/31
f 193/255/32 232/256/32 192/253/32
f 194/257/33 233/258/33 193/255/33
f 195/259/34 234/260/34 194/257/34
f 196/261/35 235/262/35 195/259/35
f 197/263/36 236/264/36 196/261/36
f 198/265/37 237/266/37 197/263/37
f 199/267/37 238/268/37 198/265/37
f 200/269/37 239/270/37 199/267/37
f 161/271/38 240/272/38 200/273/38
f 161/694/1 200/695/1 199/696/1
f 161/694/1 199/696/1 198/697/1
f 162/698/1 161/694/1 198/697/1
f 162/698/1 198/697/1 197/699/1
f 165/700/1 164/701/1 163/702/1
f 163/702/1 162/698/1 197/699/1
f 163/702/1 197/699/1 196/703/1
f 166/704/1 165/700/1 163/702/1
f 168/705/1 167/706/1 166/704/1
f 170/707/1 169/708/1 168/705/1
f 172/709/1 171/710/1 170/707/1
f 174/185/1 173/711/1 172/709/1
f 176/712/1 175/713/1 174/185/1
f 178/714/1 177/715/1 176/712/1
f 180/716/1 179/717/1 178/714/1
f 182/718/1 181/719/1 180/716/1
f 182/718/1 180/716/1 178/714/1
f 178/714/1 176/712/1 174/185/1
f 174/185/1 172/709/1 170/707/1
f 170/707/1 168/705/1 166/704/1
f 166/704/1 163/702/1 196/703/1
f 166/704/1 196/703/1 195/720/1
f 174/185/1 170/707/1 166/704/1
f 183/721/1 182/718/1 178/714/1
f 184/722/1 183/721/1 178/714/1
f 166/704/1 195/720/1 194/723/1
f 166/704/1 194/723/1 193/724/1
f 184/722/1 178/714/1 174/185/1
f 185/725/1 184/722/1 174/185/1
f 166/704/1 193/724/1 192/726/1
f 166/704/1 192/726/1 191/727/1
f 186/728/1 185/725/1 174/185/1
f 187/729/1 186/728/1 174/185/1
f 174/185/1 166/704/1 191/727/1
f 174/185/1 191/727/1 190/730/1
f 188/184/1 187/729/1 174/185/1
f 174/185/1 190/730/1 189/183/1
f 240/731/2 201/732/2 202/733/2
f 203/734/158 204/735/158 205/736/158
f 240/731/156 202/733/156 203/734/156
f 239/737/2 240/731/2 203/734/2
f 203/734/156 205/736/156 206/738/156
f 206/738/2 207/739/2 208/740/2
f 208/740/2 209/741/2 210/742/2
f 210/742/2 211/743/2 212/744/2
f 212/744/2 213/745/2 214/186/2
f 214/186/2 215/746/2 216/747/2
f 216/747/2 217/748/2 218/749/2
f 218/749/2 219/750/2 220/751/2
f 220/751/2 221/752/2 222/753/2
f 218/749/2 220/751/2 222/753/2
f 214/186/2 216/747/2 218/749/2
f 210/742/2 212/744/2 214/186/2
f 206/738/2 208/740/2 210/742/2
f 239/737/2 203/734/2 206/738/2
f 238/754/2 239/737/2 206/738/2
f 206/738/2 210/742/2 214/186/2
f 218/749/2 222/753/2 223/755/2
f 218/749/2 223/755/2 224/756/2
f 237/757/2 238/754/2 206/738/2
f 236/758/2 237/757/2 206/738/2
f 214/186/2 218/749/2 224/756/2
f 214/186/2 224/756/2 225/759/2
f 235/760/2 236/758/2 206/738/2
f 234/761/2 235/760/2 206/738/2
f 214/186/2 225/759/2 226/762/2
f 214/186/2 226/762/2 227/763/2
f 233/764/2 234/761/2 206/738/2
f 232/765/2 233/764/2 206/738/2
f 214/186/2 227/763/2 228/766/2
f 214/186/2 228/766/2 229/767/2
f 232/765/2 206/738/2 214/186/2
f 231/188/2 232/765/2 214/186/2
f 214/186/2 229/767/2 230/187/2
f 162/189/3 202/193/3 201/190/3
f 163/192/3 203/195/3 202/193/3
f 164/194/3 204/197/3 203/195/3
f 165/196/4 205/199/4 204/197/4
f 166/198/5 206/201/5 205/199/5
f 167/200/6 207/203/6 206/201/6
f 168/202/7 208/205/7 207/203/7
f 169/204/8 209/207/8 208/205/8
f 170/206/9 210/209/9 209/207/9
f 171/208/10 211/211/10 210/209/10
f 172/210/11 212/213/11 211/211/11
f 173/212/12 213/215/12 212/213/12
f 174/214/13 214/217/13 213/215/13
f 175/216/14 215/219/14 214/217/14
f 176/218/15 216/221/15 215/219/15
f 177/220/16 217/223/16 216/221/16
f 178/222/17 218/225/17 217/223/17
f 179/224/18 219/768/18 218/225/18
f 180/226/19 220/230/19 219/227/19
f 181/229/20 221/769/20 220/230/20
f 182/231/21 222/770/21 221/232/21
f 183/234/22 223/238/22 222/235/22
f 184/237/23 224/240/23 223/238/23
f 185/239/24 225/242/24 224/240/24
f 186/241/25 226/244/25 225/242/25
f 187/243/26 227/246/26 226/244/26
f 188/245/27 228/248/27 227/246/27
f 189/247/40 229/250/40 228/248/40
f 190/249/29 230/252/29 229/250/29
f 191/251/30 231/254/30 230/252/30
f 192/253/31 232/256/31 231/254/31
f 193/255/32 233/258/32 232/256/32
f 194/257/33 234/260/33 233/258/33
f 195/259/34 235/262/34 234/260/34
f 196/261/35 236/264/35 235/262/35
f 197/263/36 237/266/36 236/264/36
f 198/265/37 238/268/37 237/266/37
f 199/267/37 239/270/37 238/268/37
f 200/269/37 240/771/37 239/270/37
f 161/271/38 201/772/38 240/272/38
usemtl charcoal
f 30/1/1 29/2/1 12/3/1
f 52/4/2 70/5/2 71/6/2
f 2/7/3 41/8/3 1/9/3
f 3/10/3 42/11/3 2/7/3
f 4/12/3 43/13/3 3/10/3
f 5/14/4 44/15/4 4/12/4
f 6/16/5 45/17/5 5/14/5
f 7/18/6 46/19/6 6/16/6
f 8/20/7 47/21/7 7/18/7
f 9/22/8 48/23/8 8/20/8
f 10/24/9 49/25/9 9/22/9
f 11/26/10 50/27/10 10/24/10
f 12/28/11 51/29/11 11/26/11
f 13/30/12 52/31/12 12/28/12
f 14/32/13 53/33/13 13/30/13
f 15/34/14 54/35/14 14/32/14
f 16/36/15 55/37/15 15/34/15
f 17/38/16 56/39/16 16/36/16
f 18/40/17 57/41/17 17/38/17
f 19/42/18 58/43/18 18/40/18
f 20/44/19 59/45/19 19/46/19
f 21/47/20 60/48/20 20/44/20
f 22/49/21 61/50/21 21/51/21
f 23/52/22 62/53/22 22/54/22
f 24/55/23 63/56/23 23/52/23
f 25/57/24 64/58/24 24/55/24
f 26/59/25 65/60/25 25/57/25
f 27/61/26 66/62/26 26/59/26
f 28/63/27 67/64/27 27/61/27
f 29/65/28 68/66/28 28/63/28
f 30/67/29 69/68/29 29/65/29
f 31/69/30 70/70/30 30/67/30
f 32/71/31 71/72/31 31/69/31
f 33/73/32 72/74/32 32/71/32
f 34/75/33 73/76/33 33/73/33
f 35/77/34 74/78/34 34/75/34
f 36/79/35 75/80/35 35/77/35
f 37/81/36 76/82/36 36/79/36
f 38/83/37 77/84/37 37/81/37
f 39/85/37 78/86/37 38/83/37
f 40/87/37 79/88/37 39/85/37
f 1/89/38 80/90/38 40/91/38
f 110/92/1 109/93/1 92/94/1
f 132/95/2 150/96/2 151/97/2
f 82/98/3 121/99/3 81/100/3
f 83/101/3 122/102/3 82/98/3
f 84/103/3 123/104/3 83/101/3
f 85/105/4 124/106/4 84/103/4
f 86/107/5 125/108/5 85/105/5
f 87/109/6 126/110/6 86/107/6
f 88/111/7 127/112/7 87/109/7
f 89/113/8 128/114/8 88/111/8
f 90/115/9 129/116/9 89/113/9
f 91/117/10 130/118/10 90/115/10
f 92/119/11 131/120/11 91/117/11
f 93/121/39 132/122/39 92/119/39
f 94/123/13 133/124/13 93/121/13
f 95/125/14 134/126/14 94/123/14
f 96/127/15 135/128/15 95/125/15
f 97/129/16 136/130/16 96/127/16
f 98/131/17 137/132/17 97/129/17
f 99/133/18 138/134/18 98/131/18
f 100/135/19 139/136/19 99/137/19
f 101/138/20 140/139/20 100/135/20
f 102/140/21 141/141/21 101/142/21
f 103/143/22 142/144/22 102/145/22
f 104/146/23 143/147/23 103/143/23
f 105/148/24 144/149/24 104/146/24
f 106/150/25 145/151/25 105/148/25
f 107/152/26 146/153/26 106/150/26
f 108/154/27 147/155/27 107/152/27
f 109/156/40 148/157/40 108/154/40
f 110/158/29 149/159/29 109/156/29
f 111/160/30 150/161/30 110/158/30
f 112/162/31 151/163/31 111/160/31
f 113/164/32 152/165/32 112/162/32
f 114/166/33 153/167/33 113/164/33
f 115/168/34 154/169/34 114/166/34
f 116/170/35 155/171/35 115/168/35
f 117/172/36 156/173/36 116/170/36
f 118/174/37 157/175/37 117/172/37
f 119/176/37 158/177/37 118/174/37
f 120/178/37 159/179/37 119/176/37
f 81/180/38 160/181/38 120/182/38
f 302/274/1 242/275/1 291/276/1
f 326/277/20 290/278/20 315/279/20
f 277/280/3 301/281/3 325/282/3
f 255/283/38 266/284/38 243/285/38
f 278/286/2 314/287/2 267/288/2
f 244/289/41 245/290/41 241/291/41
f 244/289/42 249/292/42 246/293/42
f 247/294/43 248/295/43 242/275/43
f 247/294/44 252/296/44 249/297/44
f 250/298/45 251/299/45 243/285/45
f 245/290/46 252/300/46 250/301/46
f 246/293/47 249/292/47 252/300/47
f 256/302/48 257/303/48 253/304/48
f 260/305/49 258/306/49 256/302/49
f 259/307/50 260/308/50 254/309/50
f 259/310/51 264/311/51 261/312/51
f 262/313/52 263/314/52 255/283/52
f 257/315/53 264/311/53 262/313/53
f 258/316/54 261/312/54 264/311/54
f 268/317/55 269/318/55 265/319/55
f 268/317/56 273/320/56 270/321/56
f 271/322/57 272/323/57 266/284/57
f 275/324/58 273/325/58 271/326/58
f 274/327/59 275/324/59 267/288/59
f 274/328/60 270/321/60 276/329/60
f 270/321/61 273/320/61 276/329/61
f 280/330/62 281/331/62 277/280/62
f 284/332/63 282/333/63 280/334/63
f 283/335/64 284/332/64 278/286/64
f 283/336/65 288/337/65 285/338/65
f 286/339/66 287/340/66 279/341/66
f 281/342/67 288/337/67 286/339/67
f 282/343/68 285/338/68 288/337/68
f 292/344/69 293/345/69 289/346/69
f 292/347/70 297/348/70 294/349/70
f 295/350/71 296/351/71 290/278/71
f 299/352/72 297/348/72 295/350/72
f 298/353/73 299/354/73 291/276/73
f 298/353/74 294/355/74 300/356/74
f 294/349/75 297/348/75 300/357/75
f 304/358/76 305/359/76 301/281/76
f 304/358/77 309/360/77 306/361/77
f 307/362/78 308/363/78 302/274/78
f 307/362/79 312/364/79 309/365/79
f 310/366/80 311/367/80 303/368/80
f 310/369/81 306/361/81 312/370/81
f 306/361/82 309/360/82 312/370/82
f 316/371/83 317/372/83 313/373/83
f 320/374/84 318/375/84 316/376/84
f 319/377/85 320/374/85 314/287/85
f 319/378/86 324/379/86 321/380/86
f 322/381/87 323/382/87 315/279/87
f 322/381/88 318/383/88 324/379/88
f 318/383/89 321/380/89 324/379/89
f 328/384/90 329/385/90 325/282/90
f 328/384/91 333/386/91 330/387/91
f 331/388/92 332/389/92 326/277/92
f 335/390/93 333/391/93 331/392/93
f 334/393/94 335/390/94 327/394/94
f 334/395/95 330/387/95 336/396/95
f 330/387/96 333/386/96 336/396/96
f 241/291/97 268/317/97 265/319/97
f 245/290/98 272/397/98 268/317/98
f 250/298/99 266/284/99 272/323/99
f 253/304/100 247/294/100 242/275/100
f 257/303/101 251/398/101 247/294/101
f 262/313/102 243/285/102 251/299/102
f 277/280/103 259/307/103 254/309/103
f 281/342/104 263/314/104 259/310/104
f 286/339/105 255/283/105 263/314/105
f 267/288/106 283/335/106 278/286/106
f 275/324/107 287/399/107 283/335/107
f 271/322/108 279/341/108 287/340/108
f 265/319/109 316/371/109 313/373/109
f 269/400/110 320/374/110 316/376/110
f 274/327/111 314/287/111 320/374/111
f 325/282/112 280/330/112 277/280/112
f 329/401/113 284/332/113 280/334/113
f 334/393/114 278/286/114 284/332/114
f 315/279/115 331/388/115 326/277/115
f 323/402/116 335/390/116 331/392/116
f 319/377/117 327/394/117 335/390/117
f 313/373/118 292/344/118 289/346/118
f 317/403/119 296/351/119 292/347/119
f 296/351/120 315/279/120 290/278/120
f 301/281/121 328/384/121 325/282/121
f 305/359/122 332/404/122 328/384/122
f 310/366/123 326/277/123 332/389/123
f 291/276/124 307/362/124 302/274/124
f 299/354/125 311/405/125 307/362/125
f 295/350/126 303/368/126 311/367/126
f 289/346/127 244/289/127 241/291/127
f 293/406/128 248/295/128 244/401/128
f 298/353/129 242/275/129 248/295/129
f 254/309/130 304/358/130 301/281/130
f 260/305/131 308/363/131 304/407/131
f 256/302/132 302/274/132 308/363/132
f 313/373/37 241/291/37 265/319/37
f 398/408/1 338/409/1 387/410/1
f 422/411/20 386/412/20 411/413/20
f 373/414/3 397/415/3 421/416/3
f 351/417/38 362/418/38 339/419/38
f 374/420/2 410/421/2 363/422/2
f 340/423/133 341/424/133 337/425/133
f 340/423/134 345/426/134 342/427/134
f 343/428/43 344/429/43 338/409/43
f 347/430/44 345/431/44 343/428/44
f 346/432/45 347/433/45 339/419/45
f 346/434/135 342/427/135 348/435/135
f 342/427/47 345/426/47 348/435/47
f 352/436/48 353/437/48 349/438/48
f 356/439/49 354/440/49 352/436/49
f 355/369/136 356/441/136 350/442/136
f 355/443/51 360/444/51 357/445/51
f 358/446/52 359/447/52 351/417/52
f 353/448/53 360/444/53 358/446/53
f 354/449/137 357/445/137 360/444/137
f 364/450/55 365/451/55 361/452/55
f 368/453/56 366/454/56 364/450/56
f 367/455/57 368/366/57 362/418/57
f 371/456/138 369/457/138 367/458/138
f 370/459/59 371/456/59 363/422/59
f 370/460/139 366/454/139 372/461/139
f 366/454/61 369/462/61 372/461/61
f 376/463/62 377/404/62 373/414/62
f 380/464/63 378/465/63 376/466/63
f 379/467/64 380/464/64 374/420/64
f 379/468/140 384/469/140 381/470/140
f 382/471/66 383/472/66 375/473/66
f 382/471/141 378/474/141 384/469/141
f 378/474/142 381/470/142 384/469/142
f 388/475/69 389/476/69 385/477/69
f 388/478/143 393/479/143 390/480/143
f 391/481/71 392/482/71 386/412/71
f 395/483/72 393/479/72 391/481/72
f 394/484/73 395/485/73 387/410/73
f 389/486/144 396/487/144 394/484/144
f 390/480/75 393/479/75 396/488/75
f 400/489/145 401/490/145 397/415/145
f 400/489/146 405/491/146 402/492/146
f 403/493/78 404/494/78 398/408/78
f 407/495/147 405/496/147 403/493/147
f 406/497/80 407/498/80 399/499/80
f 401/490/81 408/500/81 406/501/81
f 402/492/148 405/491/148 408/500/148
f 412/502/83 413/503/83 409/504/83
f 416/505/84 414/506/84 412/507/84
f 415/508/85 416/505/85 410/421/85
f 415/509/149 420/510/149 417/511/149
f 418/512/87 419/513/87 411/413/87
f 418/512/150 414/514/150 420/510/150
f 414/514/89 417/511/89 420/510/89
f 424/515/151 425/516/151 421/416/151
f 428/517/91 426/518/91 424/515/91
f 427/519/92 428/520/92 422/411/92
f 431/521/93 429/522/93 427/523/93
f 430/524/94 431/521/94 423/525/94
f 425/516/95 432/526/95 430/527/95
f 426/518/152 429/528/152 432/526/152
f 337/425/97 364/450/97 361/452/97
f 341/424/98 368/453/98 364/450/98
f 346/432/99 362/418/99 368/366/99
f 349/438/100 343/428/100 338/409/100
f 353/437/101 347/430/101 343/428/101
f 358/446/153 339/419/153 347/433/153
f 373/414/103 355/369/103 350/442/103
f 377/478/104 359/447/104 355/443/104
f 382/471/105 351/417/105 359/447/105
f 363/422/106 379/467/106 374/420/106
f 371/456/107 383/529/107 379/467/107
f 367/455/108 375/473/108 383/472/108
f 361/452/109 412/502/109 409/504/109
f 365/530/110 416/505/110 412/507/110
f 370/459/111 410/421/111 416/505/111
f 421/416/112 376/463/112 373/414/112
f 425/531/113 380/464/113 376/466/113
f 430/524/114 374/420/114 380/464/114
f 411/413/115 427/519/115 422/411/115
f 419/532/116 431/521/116 427/523/116
f 415/508/117 423/525/117 431/521/117
f 409/504/118 388/475/118 385/477/118
f 413/533/119 392/482/119 388/478/119
f 418/512/154 386/412/154 392/482/154
f 397/415/121 424/515/121 421/416/121
f 401/490/122 428/517/122 424/515/122
f 406/497/123 422/411/123 428/520/123
f 387/410/124 403/493/124 398/408/124
f 395/485/125 407/495/125 403/493/125
f 391/481/126 399/499/126 407/498/126
f 385/477/127 340/423/127 337/425/127
f 389/486/128 344/429/128 340/534/128
f 394/484/129 338/409/129 344/429/129
f 350/442/130 400/489/130 397/415/130
f 356/439/131 404/494/131 400/535/131
f 352/436/132 398/408/132 404/494/132
f 409/504/37 337/425/37 361/452/37
f 1/536/1 40/537/1 39/538/1
f 1/536/1 39/538/1 38/539/1
f 2/540/1 1/536/1 38/539/1
f 2/540/1 38/539/1 37/541/1
f 5/542/1 4/543/1 3/544/1
f 3/544/1 2/540/1 37/541/1
f 3/544/1 37/541/1 36/545/1
f 6/546/1 5/542/1 3/544/1
f 8/547/1 7/548/1 6/546/1
f 10/549/1 9/550/1 8/547/1
f 12/3/1 11/551/1 10/549/1
f 14/552/1 13/553/1 12/3/1
f 16/554/1 15/555/1 14/552/1
f 18/556/1 17/557/1 16/554/1
f 20/558/1 19/559/1 18/556/1
f 22/560/1 21/561/1 20/558/1
f 23/562/1 22/560/1 20/558/1
f 20/558/1 18/556/1 16/554/1
f 16/554/1 14/552/1 12/3/1
f 12/3/1 10/549/1 8/547/1
f 8/547/1 6/546/1 3/544/1
f 3/544/1 36/545/1 35/563/1
f 3/544/1 35/563/1 34/564/1
f 12/3/1 8/547/1 3/544/1
f 20/558/1 16/554/1 12/3/1
f 24/565/1 23/562/1 20/558/1
f 24/565/1 20/558/1 12/3/1
f 12/3/1 3/544/1 34/564/1
f 12/3/1 34/564/1 33/566/1
f 25/567/1 24/565/1 12/3/1
f 26/568/1 25/567/1 12/3/1
f 12/3/1 33/566/1 32/569/1
f 12/3/1 32/569/1 31/570/1
f 27/571/1 26/568/1 12/3/1
f 28/572/1 27/571/1 12/3/1
f 12/3/1 31/570/1 30/1/1
f 29/2/1 28/572/1 12/3/1
f 80/573/2 41/574/2 42/575/2
f 43/576/2 44/577/2 45/578/2
f 80/573/2 42/575/2 43/576/2
f 79/579/2 80/573/2 43/576/2
f 43/576/2 45/578/2 46/580/2
f 46/580/2 47/581/2 48/582/2
f 48/582/2 49/583/2 50/584/2
f 50/584/2 51/585/2 52/4/2
f 52/4/2 53/586/2 54/587/2
f 54/587/2 55/588/2 56/589/2
f 56/589/2 57/590/2 58/591/2
f 58/591/2 59/592/2 60/593/2
f 60/593/2 61/594/2 62/595/2
f 60/593/2 62/595/2 63/596/2
f 56/589/2 58/591/2 60/593/2
f 52/4/2 54/587/2 56/589/2
f 48/582/2 50/584/2 52/4/2
f 43/576/2 46/580/2 48/582/2
f 78/597/2 79/579/2 43/576/2
f 77/598/2 78/597/2 43/576/2
f 43/576/2 48/582/2 52/4/2
f 52/4/2 56/589/2 60/593/2
f 60/593/2 63/596/2 64/599/2
f 52/4/2 60/593/2 64/599/2
f 77/598/2 43/576/2 52/4/2
f 76/600/2 77/598/2 52/4/2
f 52/4/2 64/599/2 65/601/2
f 52/4/2 65/601/2 66/602/2
f 75/603/2 76/600/2 52/4/2
f 74/604/2 75/603/2 52/4/2
f 52/4/2 66/602/2 67/605/2
f 52/4/2 67/605/2 68/606/2
f 73/607/2 74/604/2 52/4/2
f 72/608/2 73/607/2 52/4/2
f 52/4/2 68/606/2 69/609/2
f 52/4/2 69/609/2 70/5/2
f 71/6/2 72/608/2 52/4/2
f 2/7/3 42/11/3 41/8/3
f 3/10/3 43/13/3 42/11/3
f 4/12/3 44/15/3 43/13/3
f 5/14/4 45/17/4 44/15/4
f 6/16/5 46/19/5 45/17/5
f 7/18/6 47/21/6 46/19/6
f 8/20/7 48/23/7 47/21/7
f 9/22/8 49/25/8 48/23/8
f 10/24/9 50/27/9 49/25/9
f 11/26/10 51/29/10 50/27/10
f 12/28/11 52/31/11 51/29/11
f 13/30/12 53/33/12 52/31/12
f 14/32/13 54/35/13 53/33/13
f 15/34/14 55/37/14 54/35/14
f 16/36/15 56/39/15 55/37/15
f 17/38/16 57/41/16 56/39/16
f 18/40/17 58/43/17 57/41/17
f 19/42/18 59/610/18 58/43/18
f 20/44/19 60/48/19 59/45/19
f 21/47/20 61/611/20 60/48/20
f 22/49/21 62/612/21 61/50/21
f 23/52/22 63/56/22 62/53/22
f 24/55/23 64/58/23 63/56/23
f 25/57/24 65/60/24 64/58/24
f 26/59/25 66/62/25 65/60/25
f 27/61/26 67/64/26 66/62/26
f 28/63/27 68/66/27 67/64/27
f 29/65/40 69/68/40 68/66/40
f 30/67/29 70/70/29 69/68/29
f 31/69/30 71/72/30 70/70/30
f 32/71/31 72/74/31 71/72/31
f 33/73/32 73/76/32 72/74/32
f 34/75/33 74/78/33 73/76/33
f 35/77/34 75/80/34 74/78/34
f 36/79/35 76/82/35 75/80/35
f 37/81/36 77/84/36 76/82/36
f 38/83/37 78/86/37 77/84/37
f 39/85/37 79/88/37 78/86/37
f 40/87/37 80/613/37 79/88/37
f 1/89/38 41/614/38 80/90/38
f 81/615/1 120/616/1 119/617/1
f 81/615/1 119/617/1 118/618/1
f 82/619/1 81/615/1 118/618/1
f 82/619/1 118/618/1 117/620/1
f 85/621/1 84/622/1 83/623/1
f 83/623/1 82/619/1 117/620/1
f 83/623/1 117/620/1 116/624/1
f 86/625/1 85/621/1 83/623/1
f 88/626/1 87/627/1 86/625/1
f 90/628/1 89/629/1 88/626/1
f 92/94/1 91/630/1 90/628/1
f 94/631/1 93/632/1 92/94/1
f 96/633/1 95/634/1 94/631/1
f 98/635/1 97/636/1 96/633/1
f 100/637/1 99/638/1 98/635/1
f 102/639/1 101/640/1 100/637/1
f 103/641/1 102/639/1 100/637/1
f 100/637/1 98/635/1 96/633/1
f 96/633/1 94/631/1 92/94/1
f 92/94/1 90/628/1 88/626/1
f 88/626/1 86/625/1 83/623/1
f 83/623/1 116/624/1 115/642/1
f 83/623/1 115/642/1 114/643/1
f 92/94/1 88/626/1 83/623/1
f 100/637/1 96/633/1 92/94/1
f 104/644/1 103/641/1 100/637/1
f 104/644/1 100/637/1 92/94/1
f 92/94/1 83/623/1 114/643/1
f 92/94/1 114/643/1 113/645/1
f 105/646/1 104/644/1 92/94/1
f 106/647/1 105/646/1 92/94/1
f 92/94/1 113/645/1 112/648/1
f 92/94/1 112/648/1 111/649/1
f 107/650/1 106/647/1 92/94/1
f 108/651/1 107/650/1 92/94/1
f 92/94/1 111/649/1 110/92/1
f 109/93/1 108/651/1 92/94/1
f 160/652/2 121/653/2 122/654/2
f 123/655/155 124/656/155 125/657/155
f 160/652/2 122/654/2 123/655/2
f 159/658/2 160/652/2 123/655/2
f 123/655/2 125/657/2 126/659/2
f 126/659/2 127/660/2 128/661/2
f 128/661/2 129/662/2 130/663/2
f 130/663/2 131/664/2 132/95/2
f 132/95/156 133/665/156 134/666/156
f 134/666/2 135/667/2 136/668/2
f 136/668/2 137/669/2 138/670/2
f 138/670/2 139/671/2 140/672/2
f 140/672/2 141/673/2 142/674/2
f 140/672/2 142/674/2 143/675/2
f 136/668/2 138/670/2 140/672/2
f 132/95/2 134/666/2 136/668/2
f 128/661/2 130/663/2 132/95/2
f 123/655/2 126/659/2 128/661/2
f 158/676/2 159/658/2 123/655/2
f 157/677/2 158/676/2 123/655/2
f 123/655/2 128/661/2 132/95/2
f 132/95/2 136/668/2 140/672/2
f 140/672/157 143/675/157 144/678/157
f 132/95/2 140/672/2 144/678/2
f 157/677/2 123/655/2 132/95/2
f 156/679/2 157/677/2 132/95/2
f 132/95/2 144/678/2 145/680/2
f 132/95/2 145/680/2 146/681/2
f 155/682/2 156/679/2 132/95/2
f 154/683/157 155/682/157 132/95/157
f 132/95/2 146/681/2 147/684/2
f 132/95/2 147/684/2 148/685/2
f 153/686/2 154/683/2 132/95/2
f 152/687/2 153/686/2 132/95/2
f 132/95/2 148/685/2 149/688/2
f 132/95/2 149/688/2 150/96/2
f 151/97/2 152/687/2 132/95/2
f 82/98/3 122/102/3 121/99/3
f 83/101/3 123/104/3 122/102/3
f 84/103/3 124/106/3 123/104/3
f 85/105/4 125/108/4 124/106/4
f 86/107/5 126/110/5 125/108/5
f 87/109/6 127/112/6 126/110/6
f 88/111/7 128/114/7 127/112/7
f 89/113/8 129/116/8 128/114/8
f 90/115/9 130/118/9 129/116/9
f 91/117/10 131/120/10 130/118/10
f 92/119/11 132/122/11 131/120/11
f 93/121/12 133/124/12 132/122/12
f 94/123/13 134/126/13 133/124/13
f 95/125/14 135/128/14 134/126/14
f 96/127/15 136/130/15 135/128/15
f 97/129/16 137/132/16 136/130/16
f 98/131/17 138/134/17 137/132/17
f 99/133/18 139/689/18 138/134/18
f 100/135/19 140/139/19 139/136/19
f 101/138/20 141/690/20 140/139/20
f 102/140/21 142/691/21 141/141/21
f 103/143/22 143/147/22 142/144/22
f 104/146/23 144/149/23 143/147/23
f 105/148/24 145/151/24 144/149/24
f 106/150/25 146/153/25 145/151/25
f 107/152/26 147/155/26 146/153/26
f 108/154/27 148/157/27 147/155/27
f 109/156/40 149/159/40 148/157/40
f 110/158/29 150/161/29 149/159/29
f 111/160/30 151/163/30 150/161/30
f 112/162/31 152/165/31 151/163/31
f 113/164/32 153/167/32 152/165/32
f 114/166/33 154/169/33 153/167/33
f 115/168/34 155/171/34 154/169/34
f 116/170/35 156/173/35 155/171/35
f 117/172/36 157/175/36 156/173/36
f 118/174/37 158/177/37 157/175/37
f 119/176/37 159/179/37 158/177/37
f 120/178/37 160/692/37 159/179/37
f 81/180/38 121/693/38 160/181/38
f 302/274/1 253/304/1 242/275/1
f 326/277/20 303/368/20 290/278/20
f 277/280/3 254/309/3 301/281/3
f 255/283/38 279/341/38 266/284/38
f 278/286/2 327/394/2 314/287/2
f 244/289/159 246/293/159 245/290/159
f 244/289/134 248/773/134 249/292/134
f 247/294/160 249/297/160 248/295/160
f 247/294/44 251/398/44 252/296/44
f 250/298/161 252/774/161 251/299/161
f 245/290/162 246/293/162 252/300/162
f 256/302/163 258/306/163 257/303/163
f 260/305/49 261/775/49 258/306/49
f 259/307/164 261/776/164 260/308/164
f 259/310/165 263/314/165 264/311/165
f 262/313/166 264/311/166 263/314/166
f 257/315/53 258/316/53 264/311/53
f 268/317/167 270/321/167 269/318/167
f 268/317/168 272/397/168 273/320/168
f 271/322/169 273/777/169 272/323/169
f 275/324/170 276/778/170 273/325/170
f 274/327/171 276/778/171 275/324/171
f 274/328/139 269/318/139 270/321/139
f 280/330/172 282/779/172 281/331/172
f 284/332/63 285/780/63 282/333/63
f 283/335/173 285/780/173 284/332/173
f 283/336/140 287/340/140 288/337/140
f 286/339/174 288/337/174 287/340/174
f 281/342/175 282/343/175 288/337/175
f 292/344/176 294/781/176 293/345/176
f 292/347/143 296/351/143 297/348/143
f 295/350/177 297/348/177 296/351/177
f 299/352/178 300/357/178 297/348/178
f 298/353/179 300/356/179 299/354/179
f 298/353/144 293/406/144 294/355/144
f 304/358/180 306/361/180 305/359/180
f 304/358/77 308/782/77 309/360/77
f 307/362/181 309/365/181 308/363/181
f 307/362/147 311/405/147 312/364/147
f 310/366/182 312/783/182 311/367/182
f 310/369/183 305/359/183 306/361/183
f 316/371/184 318/784/184 317/372/184
f 320/374/185 321/785/185 318/375/185
f 319/377/186 321/785/186 320/374/186
f 319/378/187 323/382/187 324/379/187
f 322/381/188 324/379/188 323/382/188
f 322/381/189 317/403/189 318/383/189
f 328/384/190 330/387/190 329/385/190
f 328/384/191 332/404/191 333/386/191
f 331/388/192 333/786/192 332/389/192
f 335/390/193 336/787/193 333/391/193
f 334/393/194 336/787/194 335/390/194
f 334/395/95 329/385/95 330/387/95
f 241/291/195 245/290/195 268/317/195
f 245/290/98 250/301/98 272/397/98
f 250/298/196 243/285/196 266/284/196
f 253/304/100 257/303/100 247/294/100
f 257/303/101 262/788/101 251/398/101
f 262/313/153 255/283/153 243/285/153
f 277/280/197 281/331/197 259/307/197
f 281/342/104 286/339/104 263/314/104
f 286/339/105 279/341/105 255/283/105
f 267/288/106 275/324/106 283/335/106
f 275/324/107 271/326/107 287/399/107
f 271/322/198 266/284/198 279/341/198
f 265/319/109 269/318/109 316/371/109
f 269/400/110 274/327/110 320/374/110
f 274/327/111 267/288/111 314/287/111
f 325/282/112 329/385/112 280/330/112
f 329/401/113 334/393/113 284/332/113
f 334/393/114 327/394/114 278/286/114
f 315/279/115 323/382/115 331/388/115
f 323/402/116 319/377/116 335/390/116
f 319/377/117 314/287/117 327/394/117
f 313/373/199 317/372/199 292/344/199
f 317/403/119 322/381/119 296/351/119
f 296/351/154 322/381/154 315/279/154
f 301/281/200 305/359/200 328/384/200
f 305/359/122 310/369/122 332/404/122
f 310/366/123 303/368/123 326/277/123
f 291/276/124 299/354/124 307/362/124
f 299/354/125 295/789/125 311/405/125
f 295/350/201 290/278/201 303/368/201
f 289/346/127 293/345/127 244/289/127
f 293/406/128 298/353/128 248/295/128
f 298/353/129 291/276/129 242/275/129
f 254/309/130 260/308/130 304/358/130
f 260/305/131 256/302/131 308/363/131
f 256/302/132 253/304/132 302/274/132
f 313/373/37 289/346/37 241/291/37
f 398/408/1 349/438/1 338/409/1
f 422/411/20 399/499/20 386/412/20
f 373/414/3 350/442/3 397/415/3
f 351/417/38 375/473/38 362/418/38
f 374/420/2 423/525/2 410/421/2
f 340/423/202 342/427/202 341/424/202
f 340/423/134 344/790/134 345/426/134
f 343/428/160 345/431/160 344/429/160
f 347/430/203 348/791/203 345/431/203
f 346/432/161 348/792/161 347/433/161
f 346/434/135 341/424/135 342/427/135
f 352/436/163 354/440/163 353/437/163
f 356/439/204 357/793/204 354/440/204
f 355/369/205 357/794/205 356/441/205
f 355/443/165 359/447/165 360/444/165
f 358/446/166 360/444/166 359/447/166
f 353/448/206 354/449/206 360/444/206
f 364/450/167 366/454/167 365/451/167
f 368/453/207 369/462/207 366/454/207
f 367/455/169 369/795/169 368/366/169
f 371/456/58 372/796/58 369/457/58
f 370/459/171 372/796/171 371/456/171
f 370/460/139 365/451/139 366/454/139
f 376/463/208 378/797/208 377/404/208
f 380/464/63 381/798/63 378/465/63
f 379/467/173 381/798/173 380/464/173
f 379/468/140 383/472/140 384/469/140
f 382/471/174 384/469/174 383/472/174
f 382/471/175 377/478/175 378/474/175
f 388/475/209 390/799/209 389/476/209
f 388/478/210 392/482/210 393/479/210
f 391/481/211 393/479/211 392/482/211
f 395/483/178 396/488/178 393/479/178
f 394/484/179 396/487/179 395/485/179
f 389/486/144 390/800/144 396/487/144
f 400/489/212 402/492/212 401/490/212
f 400/489/77 404/801/77 405/491/77
f 403/493/181 405/496/181 404/494/181
f 407/495/79 408/802/79 405/496/79
f 406/497/213 408/803/213 407/498/213
f 401/490/214 402/492/214 408/500/214
f 412/502/215 414/804/215 413/503/215
f 416/505/84 417/805/84 414/506/84
f 415/508/216 417/805/216 416/505/216
f 415/509/187 419/513/187 420/510/187
f 418/512/217 420/510/217 419/513/217
f 418/512/189 413/533/189 414/514/189
f 424/515/190 426/518/190 425/516/190
f 428/517/218 429/528/218 426/518/218
f 427/519/192 429/806/192 428/520/192
f 431/521/93 432/807/93 429/522/93
f 430/524/194 432/807/194 431/521/194
f 425/516/219 426/518/219 432/526/219
f 337/425/195 341/424/195 364/450/195
f 341/424/98 346/434/98 368/453/98
f 346/432/196 339/419/196 362/418/196
f 349/438/100 353/437/100 343/428/100
f 353/437/101 358/808/101 347/430/101
f 358/446/153 351/417/153 339/419/153
f 373/414/197 377/404/197 355/369/197
f 377/478/104 382/471/104 359/447/104
f 382/471/220 375/473/220 351/417/220
f 363/422/106 371/456/106 379/467/106
f 371/456/107 367/458/107 383/529/107
f 367/455/198 362/418/198 375/473/198
f 361/452/109 365/451/109 412/502/109
f 365/530/110 370/459/110 416/505/110
f 370/459/111 363/422/111 410/421/111
f 421/416/112 425/516/112 376/463/112
f 425/531/113 430/524/113 380/464/113
f 430/524/114 423/525/114 374/420/114
f 411/413/115 419/513/115 427/519/115
f 419/532/116 415/508/116 431/521/116
f 415/508/117 410/421/117 423/525/117
f 409/504/118 413/503/118 388/475/118
f 413/533/119 418/512/119 392/482/119
f 418/512/120 411/413/120 386/412/120
f 397/415/200 401/490/200 424/515/200
f 401/490/122 406/501/122 428/517/122
f 406/497/123 399/499/123 422/411/123
f 387/410/124 395/485/124 403/493/124
f 395/485/125 391/809/125 407/495/125
f 391/481/201 386/412/201 399/499/201
f 385/477/127 389/476/127 340/423/127
f 389/486/128 394/484/128 344/429/128
f 394/484/129 387/410/129 338/409/129
f 350/442/130 356/441/130 400/489/130
f 356/439/131 352/436/131 404/494/131
f 352/436/132 349/438/132 398/408/132
f 409/504/37 385/477/37 337/425/37
o __articraft_commit_0003_0001
v 0.306000 -0.085500 -0.016500
v 0.306000 -0.090500 -0.011500
v 0.301000 -0.085500 -0.011500
v 0.306000 -0.087997 -0.015832
v 0.303503 -0.085500 -0.015832
v 0.303609 -0.087891 -0.015183
v 0.303503 -0.089832 -0.011500
v 0.306000 -0.089832 -0.013997
v 0.303609 -0.089183 -0.013891
v 0.301668 -0.085500 -0.013997
v 0.301668 -0.087997 -0.011500
v 0.302317 -0.087891 -0.013891
v 0.306000 -0.090500 0.023500
v 0.306000 -0.085500 0.028500
v 0.301000 -0.085500 0.023500
v 0.306000 -0.089832 0.025997
v 0.303503 -0.089832 0.023500
v 0.303609 -0.089183 0.025891
v 0.303503 -0.085500 0.027832
v 0.306000 -0.087997 0.027832
v 0.303609 -0.087891 0.027183
v 0.301668 -0.087997 0.023500
v 0.301668 -0.085500 0.025997
v 0.302317 -0.087891 0.025891
v 0.306000 -0.070500 -0.016500
v 0.301000 -0.070500 -0.011500
v 0.306000 -0.065500 -0.011500
v 0.303503 -0.070500 -0.015832
v 0.306000 -0.068003 -0.015832
v 0.303609 -0.068109 -0.015183
v 0.301668 -0.068003 -0.011500
v 0.301668 -0.070500 -0.013997
v 0.302317 -0.068109 -0.013891
v 0.306000 -0.066168 -0.013997
v 0.303503 -0.066168 -0.011500
v 0.303609 -0.066817 -0.013891
v 0.306000 -0.070500 0.028500
v 0.306000 -0.065500 0.023500
v 0.301000 -0.070500 0.023500
v 0.306000 -0.068003 0.027832
v 0.303503 -0.070500 0.027832
v 0.303609 -0.068109 0.027183
v 0.303503 -0.066168 0.023500
v 0.306000 -0.066168 0.025997
v 0.303609 -0.066817 0.025891
v 0.301668 -0.070500 0.025997
v 0.301668 -0.068003 0.023500
v 0.302317 -0.068109 0.025891
v 0.332000 -0.085500 -0.016500
v 0.337000 -0.085500 -0.011500
v 0.332000 -0.090500 -0.011500
v 0.334497 -0.085500 -0.015832
v 0.332000 -0.087997 -0.015832
v 0.334391 -0.087891 -0.015183
v 0.336332 -0.087997 -0.011500
v 0.336332 -0.085500 -0.013997
v 0.335683 -0.087891 -0.013891
v 0.332000 -0.089832 -0.013997
v 0.334497 -0.089832 -0.011500
v 0.334391 -0.089183 -0.013891
v 0.332000 -0.085500 0.028500
v 0.332000 -0.090500 0.023500
v 0.337000 -0.085500 0.023500
v 0.332000 -0.087997 0.027832
v 0.334497 -0.085500 0.027832
v 0.334391 -0.087891 0.027183
v 0.334497 -0.089832 0.023500
v 0.332000 -0.089832 0.025997
v 0.334391 -0.089183 0.025891
v 0.336332 -0.085500 0.025997
v 0.336332 -0.087997 0.023500
v 0.335683 -0.087891 0.025891
v 0.332000 -0.070500 -0.016500
v 0.332000 -0.065500 -0.011500
v 0.337000 -0.070500 -0.011500
v 0.332000 -0.068003 -0.015832
v 0.334497 -0.070500 -0.015832
v 0.334391 -0.068109 -0.015183
v 0.334497 -0.066168 -0.011500
v 0.332000 -0.066168 -0.013997
v 0.334391 -0.066817 -0.013891
v 0.336332 -0.070500 -0.013997
v 0.336332 -0.068003 -0.011500
v 0.335683 -0.068109 -0.013891
v 0.332000 -0.070500 0.028500
v 0.337000 -0.070500 0.023500
v 0.332000 -0.065500 0.023500
v 0.334497 -0.070500 0.027832
v 0.332000 -0.068003 0.027832
v 0.334391 -0.068109 0.027183
v 0.336332 -0.068003 0.023500
v 0.336332 -0.070500 0.025997
v 0.335683 -0.068109 0.025891
v 0.332000 -0.066168 0.025997
v 0.334497 -0.066168 0.023500
v 0.334391 -0.066817 0.025891
v 0.306000 0.070500 -0.016500
v 0.306000 0.065500 -0.011500
v 0.301000 0.070500 -0.011500
v 0.306000 0.068003 -0.015832
v 0.303503 0.070500 -0.015832
v 0.303609 0.068109 -0.015183
v 0.303503 0.066168 -0.011500
v 0.306000 0.066168 -0.013997
v 0.303609 0.066817 -0.013891
v 0.301668 0.070500 -0.013997
v 0.301668 0.068003 -0.011500
v 0.302317 0.068109 -0.013891
v 0.306000 0.065500 0.023500
v 0.306000 0.070500 0.028500
v 0.301000 0.070500 0.023500
v 0.306000 0.066168 0.025997
v 0.303503 0.066168 0.023500
v 0.303609 0.066817 0.025891
v 0.303503 0.070500 0.027832
v 0.306000 0.068003 0.027832
v 0.303609 0.068109 0.027183
v 0.301668 0.068003 0.023500
v 0.301668 0.070500 0.025997
v 0.302317 0.068109 0.025891
v 0.306000 0.085500 -0.016500
v 0.301000 0.085500 -0.011500
v 0.306000 0.090500 -0.011500
v 0.303503 0.085500 -0.015832
v 0.306000 0.087997 -0.015832
v 0.303609 0.087891 -0.015183
v 0.301668 0.087997 -0.011500
v 0.301668 0.085500 -0.013997
v 0.302317 0.087891 -0.013891
v 0.306000 0.089832 -0.013997
v 0.303503 0.089832 -0.011500
v 0.303609 0.089183 -0.013891
v 0.306000 0.085500 0.028500
v 0.306000 0.090500 0.023500
v 0.301000 0.085500 0.023500
v 0.306000 0.087997 0.027832
v 0.303503 0.085500 0.027832
v 0.303609 0.087891 0.027183
v 0.303503 0.089832 0.023500
v 0.306000 0.089832 0.025997
v 0.303609 0.089183 0.025891
v 0.301668 0.085500 0.025997
v 0.301668 0.087997 0.023500
v 0.302317 0.087891 0.025891
v 0.332000 0.070500 -0.016500
v 0.337000 0.070500 -0.011500
v 0.332000 0.065500 -0.011500
v 0.334497 0.070500 -0.015832
v 0.332000 0.068003 -0.015832
v 0.334391 0.068109 -0.015183
v 0.336332 0.068003 -0.011500
v 0.336332 0.070500 -0.013997
v 0.335683 0.068109 -0.013891
v 0.332000 0.066168 -0.013997
v 0.334497 0.066168 -0.011500
v 0.334391 0.066817 -0.013891
v 0.332000 0.070500 0.028500
v 0.332000 0.065500 0.023500
v 0.337000 0.070500 0.023500
v 0.332000 0.068003 0.027832
v 0.334497 0.070500 0.027832
v 0.334391 0.068109 0.027183
v 0.334497 0.066168 0.023500
v 0.332000 0.066168 0.025997
v 0.334391 0.066817 0.025891
v 0.336332 0.070500 0.025997
v 0.336332 0.068003 0.023500
v 0.335683 0.068109 0.025891
v 0.332000 0.085500 -0.016500
v 0.332000 0.090500 -0.011500
v 0.337000 0.085500 -0.011500
v 0.332000 0.087997 -0.015832
v 0.334497 0.085500 -0.015832
v 0.334391 0.087891 -0.015183
v 0.334497 0.089832 -0.011500
v 0.332000 0.089832 -0.013997
v 0.334391 0.089183 -0.013891
v 0.336332 0.085500 -0.013997
v 0.336332 0.087997 -0.011500
v 0.335683 0.087891 -0.013891
v 0.332000 0.085500 0.028500
v 0.337000 0.085500 0.023500
v 0.332000 0.090500 0.023500
v 0.334497 0.085500 0.027832
v 0.332000 0.087997 0.027832
v 0.334391 0.087891 0.027183
v 0.336332 0.087997 0.023500
v 0.336332 0.085500 0.025997
v 0.335683 0.087891 0.025891
v 0.332000 0.089832 0.025997
v 0.334497 0.089832 0.023500
v 0.334391 0.089183 0.025891
v 0.299500 -0.085500 0.016500
v 0.299500 -0.090500 0.021500
v 0.294500 -0.085500 0.021500
v 0.299500 -0.087997 0.017168
v 0.297003 -0.085500 0.017168
v 0.297109 -0.087891 0.017817
v 0.297003 -0.089832 0.021500
v 0.299500 -0.089832 0.019003
v 0.297109 -0.089183 0.019109
v 0.295168 -0.085500 0.019003
v 0.295168 -0.087997 0.021500
v 0.295817 -0.087891 0.019109
v 0.299500 -0.090500 0.036500
v 0.299500 -0.085500 0.041500
v 0.294500 -0.085500 0.036500
v 0.299500 -0.089832 0.038997
v 0.297003 -0.089832 0.036500
v 0.297109 -0.089183 0.038891
v 0.297003 -0.085500 0.040832
v 0.299500 -0.087997 0.040832
v 0.297109 -0.087891 0.040183
v 0.295168 -0.087997 0.036500
v 0.295168 -0.085500 0.038997
v 0.295817 -0.087891 0.038891
v 0.299500 0.085500 0.016500
v 0.294500 0.085500 0.021500
v 0.299500 0.090500 0.021500
v 0.297003 0.085500 0.017168
v 0.299500 0.087997 0.017168
v 0.297109 0.087891 0.017817
v 0.295168 0.087997 0.021500
v 0.295168 0.085500 0.019003
v 0.295817 0.087891 0.019109
v 0.299500 0.089832 0.019003
v 0.297003 0.089832 0.021500
v 0.297109 0.089183 0.019109
v 0.299500 0.085500 0.041500
v 0.299500 0.090500 0.036500
v 0.294500 0.085500 0.036500
v 0.299500 0.087997 0.040832
v 0.297003 0.085500 0.040832
v 0.297109 0.087891 0.040183
v 0.297003 0.089832 0.036500
v 0.299500 0.089832 0.038997
v 0.297109 0.089183 0.038891
v 0.295168 0.085500 0.038997
v 0.295168 0.087997 0.036500
v 0.295817 0.087891 0.038891
v 0.318500 -0.085500 0.016500
v 0.323500 -0.085500 0.021500
v 0.318500 -0.090500 0.021500
v 0.320997 -0.085500 0.017168
v 0.318500 -0.087997 0.017168
v 0.320891 -0.087891 0.017817
v 0.322832 -0.087997 0.021500
v 0.322832 -0.085500 0.019003
v 0.322183 -0.087891 0.019109
v 0.318500 -0.089832 0.019003
v 0.320997 -0.089832 0.021500
v 0.320891 -0.089183 0.019109
v 0.318500 -0.085500 0.041500
v 0.318500 -0.090500 0.036500
v 0.323500 -0.085500 0.036500
v 0.318500 -0.087997 0.040832
v 0.320997 -0.085500 0.040832
v 0.320891 -0.087891 0.040183
v 0.320997 -0.089832 0.036500
v 0.318500 -0.089832 0.038997
v 0.320891 -0.089183 0.038891
v 0.322832 -0.085500 0.038997
v 0.322832 -0.087997 0.036500
v 0.322183 -0.087891 0.038891
v 0.318500 0.085500 0.016500
v 0.318500 0.090500 0.021500
v 0.323500 0.085500 0.021500
v 0.318500 0.087997 0.017168
v 0.320997 0.085500 0.017168
v 0.320891 0.087891 0.017817
v 0.320997 0.089832 0.021500
v 0.318500 0.089832 0.019003
v 0.320891 0.089183 0.019109
v 0.322832 0.085500 0.019003
v 0.322832 0.087997 0.021500
v 0.322183 0.087891 0.019109
v 0.318500 0.085500 0.041500
v 0.323500 0.085500 0.036500
v 0.318500 0.090500 0.036500
v 0.320997 0.085500 0.040832
v 0.318500 0.087997 0.040832
v 0.320891 0.087891 0.040183
v 0.322832 0.087997 0.036500
v 0.322832 0.085500 0.038997
v 0.322183 0.087891 0.038891
v 0.318500 0.089832 0.038997
v 0.320997 0.089832 0.036500
v 0.320891 0.089183 0.038891
vn -0.0000 -1.0000 -0.0000
vn 1.0000 -0.0000 -0.0000
vn -0.0000 -0.0000 1.0000
vn -1.0000 -0.0000 -0.0000
vn -0.0000 1.0000 -0.0000
vn -0.2502 -0.2502 -0.9353
vn -0.2178 -0.6901 -0.6901
vn -0.2502 -0.9353 -0.2502
vn -0.6901 -0.6901 -0.2178
vn -0.9353 -0.2502 -0.2502
vn -0.6901 -0.2178 -0.6901
vn -0.5773 -0.5774 -0.5774
vn -0.2502 -0.9353 0.2502
vn -0.2178 -0.6901 0.6901
vn -0.2502 -0.2502 0.9353
vn -0.6901 -0.2178 0.6901
vn -0.9353 -0.2502 0.2502
vn -0.6901 -0.6901 0.2178
vn -0.5773 -0.5774 0.5774
vn -0.2502 0.2502 -0.9353
vn -0.6901 0.2178 -0.6901
vn -0.9353 0.2502 -0.2502
vn -0.6901 0.6901 -0.2178
vn -0.2502 0.9353 -0.2502
vn -0.2178 0.6901 -0.6901
vn -0.5773 0.5774 -0.5774
vn -0.2502 0.2502 0.9353
vn -0.2178 0.6901 0.6901
vn -0.2502 0.9353 0.2502
vn -0.6901 0.6901 0.2178
vn -0.9353 0.2502 0.2502
vn -0.6901 0.2178 0.6901
vn -0.5773 0.5774 0.5774
vn 0.2502 -0.2502 -0.9353
vn 0.6901 -0.2178 -0.6901
vn 0.9353 -0.2502 -0.2502
vn 0.6901 -0.6901 -0.2178
vn 0.2502 -0.9353 -0.2502
vn 0.2178 -0.6901 -0.6901
vn 0.5773 -0.5774 -0.5774
vn 0.2502 -0.2502 0.9353
vn 0.2178 -0.6901 0.6901
vn 0.2502 -0.9353 0.2502
vn 0.6901 -0.6901 0.2178
vn 0.9353 -0.2503 0.2502
vn 0.6901 -0.2178 0.6901
vn 0.5773 -0.5774 0.5774
vn 0.2502 0.2502 -0.9353
vn 0.2178 0.6901 -0.6901
vn 0.2502 0.9353 -0.2502
vn 0.6902 0.6901 -0.2178
vn 0.9353 0.2502 -0.2502
vn 0.6901 0.2178 -0.6901
vn 0.5773 0.5774 -0.5774
vn 0.2502 0.2502 0.9353
vn 0.6901 0.2178 0.6901
vn 0.9353 0.2503 0.2502
vn 0.6901 0.6901 0.2178
vn 0.2502 0.9353 0.2502
vn 0.2178 0.6901 0.6901
vn 0.5773 0.5774 0.5774
vn -0.2584 -0.0000 -0.9660
vn -0.7071 -0.0000 -0.7071
vn -0.9660 -0.0000 -0.2585
vn -0.2585 -0.9660 -0.0000
vn -0.7071 -0.7071 -0.0000
vn -0.9660 -0.2585 -0.0000
vn -0.2584 -0.0000 0.9660
vn -0.7071 -0.0000 0.7071
vn -0.9660 -0.0000 0.2585
vn -0.2585 0.9660 -0.0000
vn -0.7071 0.7071 -0.0000
vn -0.9660 0.2585 -0.0000
vn -0.0000 0.2584 -0.9660
vn -0.0000 0.7071 -0.7071
vn -0.0000 0.9660 -0.2585
vn -0.0000 0.2584 0.9660
vn -0.0000 0.7071 0.7071
vn -0.0000 0.9660 0.2585
vn 0.9660 0.2585 -0.0000
vn 0.7071 0.7071 -0.0000
vn 0.2585 0.9660 -0.0000
vn 0.2584 -0.0000 -0.9660
vn 0.7071 -0.0000 -0.7071
vn 0.9660 -0.0000 -0.2585
vn 0.2584 -0.0000 0.9660
vn 0.7071 -0.0000 0.7071
vn 0.9660 -0.0000 0.2585
vn 0.2585 -0.9660 -0.0000
vn 0.7071 -0.7071 -0.0000
vn 0.9660 -0.2584 -0.0000
vn -0.0000 -0.2584 -0.9660
vn -0.0000 -0.7071 -0.7071
vn -0.0000 -0.9660 -0.2585
vn -0.0000 -0.2584 0.9660
vn -0.0000 -0.7071 0.7071
vn -0.0000 -0.9660 0.2585
vn -0.0000 -0.0000 -1.0000
vn -0.6901 -0.2178 -0.6902
vn -0.5774 -0.5773 0.5773
vn -0.5774 0.5773 0.5773
vn 0.6902 -0.2178 -0.6901
vn 0.6902 -0.6901 -0.2178
vn 0.2177 -0.6901 0.6901
vn 0.6901 -0.2178 0.6902
vn 0.5774 -0.5774 0.5773
vn 0.6901 0.6901 -0.2178
vn 0.5774 0.5774 0.5773
vn -0.6902 -0.6901 -0.2178
vn -0.6902 -0.2178 0.6901
vn -0.5774 -0.5773 0.5774
vn -0.6902 0.6901 -0.2178
vn -0.2177 0.6901 -0.6902
vn -0.5774 0.5773 -0.5773
vn -0.6901 0.2178 0.6902
vn 0.9353 -0.2503 -0.2502
vn 0.9353 -0.2502 0.2502
vn 0.5774 -0.5773 0.5774
vn 0.9353 0.2503 -0.2502
vn 0.6901 0.2178 -0.6902
vn 0.9353 0.2502 0.2502
vn 0.5774 0.5773 0.5773
vn -0.2585 -0.0000 -0.9660
vn -0.2584 -0.9660 -0.0000
vn -0.9660 -0.2584 -0.0000
vn -0.2585 -0.0000 0.9660
vn -0.9660 0.2584 -0.0000
vn -0.0000 0.2585 -0.9660
vn -0.0000 0.9660 -0.2584
vn -0.0000 0.2585 0.9660
vn -0.0000 0.9660 0.2584
vn 0.9660 0.2584 -0.0000
vn 0.2585 -0.0000 -0.9660
vn 0.2585 -0.0000 0.9660
vn 0.9660 -0.2585 -0.0000
vn -0.0000 -0.2585 -0.9660
vn -0.0000 -0.9660 -0.2584
vn -0.0000 -0.2585 0.9660
vn -0.0000 -0.9660 0.2584
vn -0.2635 -0.2635 -0.9280
vn -0.2635 -0.9280 -0.2635
vn -0.9280 -0.2635 -0.2635
vn -0.6902 -0.2178 -0.6901
vn -0.2635 -0.9280 0.2635
vn -0.2635 -0.2635 0.9280
vn -0.9280 -0.2634 0.2635
vn -0.2635 0.2635 -0.9280
vn -0.9280 0.2635 -0.2635
vn -0.2635 0.9280 -0.2635
vn -0.2635 0.2635 0.9280
vn -0.2635 0.9280 0.2635
vn -0.6902 0.6901 0.2177
vn -0.9280 0.2635 0.2635
vn 0.2635 -0.2635 -0.9280
vn 0.9280 -0.2635 -0.2635
vn 0.2635 -0.9280 -0.2635
vn 0.2635 -0.2635 0.9280
vn 0.2635 -0.9280 0.2635
vn 0.9280 -0.2635 0.2635
vn 0.2635 0.2635 -0.9280
vn 0.2635 0.9280 -0.2635
vn 0.9280 0.2635 -0.2635
vn 0.2635 0.2635 0.9280
vn 0.9280 0.2635 0.2635
vn 0.2635 0.9280 0.2635
vn -0.9660 -0.0000 -0.2584
vn 0.9660 -0.0000 -0.2584
vn -0.6901 -0.2178 0.6902
vn -0.9280 0.2635 0.2634
vn 0.6901 -0.2178 -0.6902
vn 0.6902 -0.6901 0.2178
vn 0.6902 -0.2178 0.6901
vn 0.6902 0.2178 -0.6901
vn 0.9280 0.2635 0.2634
vn -0.6901 -0.6902 -0.2178
vn -0.9280 -0.2635 0.2635
vn -0.6902 0.6901 0.2178
vn -0.9660 -0.0000 0.2584
vn 0.9660 -0.0000 0.2584
vn 0.2584 -0.9660 -0.0000
vt 0.597222 0.784722
vt 0.402778 0.965278
vt 0.402778 0.784722
vt 0.597222 0.550000
vt 0.402778 0.700000
vt 0.402778 0.550000
vt 0.840278 0.550000
vt 0.659722 0.700000
vt 0.659722 0.550000
vt 0.597222 0.050000
vt 0.402778 0.200000
vt 0.402778 0.050000
vt 0.597222 0.284722
vt 0.402778 0.465278
vt 0.402778 0.284722
vt 0.159722 0.724967
vt 0.142384 0.700000
vt 0.159722 0.700000
vt 0.159722 0.750000
vt 0.143118 0.723911
vt 0.402778 1.000000
vt 0.375000 0.965278
vt 0.402778 0.000000
vt 0.375000 0.026089
vt 0.375000 0.000000
vt 0.375000 0.050000
vt 0.402778 0.025033
vt 0.125000 0.700000
vt 0.125000 0.723911
vt 0.143118 0.750000
vt 0.611093 0.965278
vt 0.597222 1.000000
vt 0.597222 0.965278
vt 0.625000 0.981882
vt 0.610506 0.981882
vt 0.875000 0.700000
vt 0.840278 0.750000
vt 0.840278 0.700000
vt 0.625000 0.050000
vt 0.610506 0.026089
vt 0.625000 0.000000
vt 0.597222 0.025033
vt 0.611093 0.050000
vt 0.597222 0.000000
vt 0.610506 0.990855
vt 0.142384 0.550000
vt 0.159722 0.525033
vt 0.159722 0.550000
vt 0.125000 0.526089
vt 0.143118 0.526089
vt 0.402778 0.224967
vt 0.375000 0.200000
vt 0.402778 0.267384
vt 0.375000 0.223911
vt 0.375000 0.284722
vt 0.143118 0.500000
vt 0.159722 0.500000
vt 0.840278 0.500000
vt 0.875000 0.550000
vt 0.625000 0.284722
vt 0.610506 0.268118
vt 0.625000 0.268118
vt 0.597222 0.267384
vt 0.611093 0.284722
vt 0.597222 0.224967
vt 0.611093 0.200000
vt 0.597222 0.200000
vt 0.625000 0.200000
vt 0.610506 0.223911
vt 0.610506 0.259145
vt 0.357616 0.700000
vt 0.340278 0.724967
vt 0.340278 0.700000
vt 0.389494 0.723911
vt 0.356882 0.723911
vt 0.402778 0.724967
vt 0.388907 0.700000
vt 0.402778 0.767384
vt 0.375000 0.784722
vt 0.356882 0.750000
vt 0.340278 0.750000
vt 0.365855 0.723911
vt 0.659722 0.750000
vt 0.642384 0.700000
vt 0.625000 0.784722
vt 0.610506 0.768118
vt 0.625000 0.768118
vt 0.597222 0.767384
vt 0.611093 0.784722
vt 0.610506 0.723911
vt 0.611093 0.700000
vt 0.597222 0.724967
vt 0.597222 0.700000
vt 0.643118 0.750000
vt 0.610506 0.759145
vt 0.340278 0.525033
vt 0.357616 0.550000
vt 0.340278 0.550000
vt 0.356882 0.500000
vt 0.356882 0.526089
vt 0.402778 0.482616
vt 0.375000 0.465278
vt 0.389494 0.526089
vt 0.375000 0.481882
vt 0.388907 0.550000
vt 0.402778 0.525033
vt 0.365855 0.526089
vt 0.642384 0.550000
vt 0.659722 0.500000
vt 0.610506 0.526089
vt 0.643118 0.526089
vt 0.597222 0.525033
vt 0.611093 0.550000
vt 0.597222 0.482616
vt 0.611093 0.465278
vt 0.597222 0.465278
vt 0.625000 0.465278
vt 0.610506 0.481882
vt 0.617684 0.526089
vt 0.610506 0.513168
vt 0.125000 0.550000
vt 0.340278 0.500000
vt 0.625000 0.965278
vt 0.575000 0.793103
vt 0.425000 0.956897
vt 0.425000 0.793103
vt 0.575000 0.506906
vt 0.425000 0.743094
vt 0.425000 0.506906
vt 0.831897 0.506906
vt 0.668103 0.743094
vt 0.668104 0.506906
vt 0.575000 0.006906
vt 0.425000 0.243094
vt 0.425000 0.006906
vt 0.575000 0.293103
vt 0.425000 0.456897
vt 0.425000 0.293103
vt 0.168103 0.746542
vt 0.146580 0.743094
vt 0.168103 0.743094
vt 0.147491 0.750000
vt 0.147491 0.746396
vt 0.425000 1.000000
vt 0.375000 0.956897
vt 0.425000 0.003458
vt 0.425000 0.000000
vt 0.375000 0.006906
vt 0.125000 0.743094
vt 0.125000 0.746396
vt 0.599967 0.956897
vt 0.575000 1.000000
vt 0.575000 0.956897
vt 0.625000 0.956897
vt 0.598911 0.977509
vt 0.875000 0.743094
vt 0.831897 0.750000
vt 0.831897 0.743094
vt 0.625000 0.006906
vt 0.598911 0.003603
vt 0.575000 0.003458
vt 0.599967 0.006906
vt 0.575000 0.000000
vt 0.625000 0.977509
vt 0.598911 0.988648
vt 0.146580 0.506906
vt 0.168103 0.503458
vt 0.168103 0.506906
vt 0.125000 0.506906
vt 0.147491 0.503604
vt 0.425000 0.246542
vt 0.375000 0.243094
vt 0.425000 0.271580
vt 0.375000 0.246396
vt 0.375000 0.293103
vt 0.168103 0.500000
vt 0.147491 0.500000
vt 0.125000 0.503604
vt 0.831897 0.500000
vt 0.875000 0.506906
vt 0.599967 0.293103
vt 0.625000 0.272491
vt 0.625000 0.293103
vt 0.575000 0.271580
vt 0.598911 0.246396
vt 0.598911 0.272491
vt 0.599967 0.243094
vt 0.575000 0.246542
vt 0.575000 0.243094
vt 0.625000 0.250000
vt 0.598911 0.261352
vt 0.353420 0.743094
vt 0.331897 0.746542
vt 0.331897 0.743094
vt 0.400033 0.743094
vt 0.352509 0.746396
vt 0.425000 0.746542
vt 0.425000 0.771580
vt 0.401089 0.746397
vt 0.375000 0.793103
vt 0.331897 0.750000
vt 0.352509 0.750000
vt 0.363648 0.746397
vt 0.668103 0.750000
vt 0.646580 0.743094
vt 0.625000 0.793103
vt 0.598911 0.772491
vt 0.625000 0.772491
vt 0.575000 0.771580
vt 0.599967 0.793103
vt 0.598911 0.746396
vt 0.599967 0.743094
vt 0.575000 0.746542
vt 0.575000 0.743094
vt 0.647491 0.750000
vt 0.598911 0.761352
vt 0.331897 0.503458
vt 0.353420 0.506906
vt 0.331897 0.506906
vt 0.331897 0.500000
vt 0.352509 0.503603
vt 0.425000 0.478420
vt 0.375000 0.456897
vt 0.401089 0.503604
vt 0.375000 0.477509
vt 0.400033 0.506906
vt 0.425000 0.503458
vt 0.352509 0.500000
vt 0.363648 0.503603
vt 0.646580 0.506906
vt 0.668103 0.500000
vt 0.599967 0.506906
vt 0.647491 0.503604
vt 0.575000 0.503458
vt 0.598911 0.477509
vt 0.598911 0.503604
vt 0.599967 0.456897
vt 0.575000 0.478420
vt 0.575000 0.456897
vt 0.611832 0.477509
vt 0.611832 0.503604
vt 0.598911 0.501819
vt 0.625000 0.243094
vt 0.625000 0.456897
vt 0.168103 0.750000
vt 0.375000 0.981882
vt 0.856882 0.750000
vt 0.610506 0.013168
vt 0.375000 0.268118
vt 0.856882 0.500000
vt 0.375000 0.768118
vt 0.617684 0.481882
vt 0.375000 0.977509
vt 0.375000 0.003603
vt 0.852509 0.750000
vt 0.598911 0.001819
vt 0.375000 0.272491
vt 0.852509 0.500000
vt 0.375000 0.772491
s 0
usemtl charcoal
f 494/810/221 434/811/221 483/812/221
f 518/813/222 482/814/222 507/815/222
f 469/816/223 493/817/223 517/818/223
f 447/819/224 458/820/224 435/821/224
f 470/822/225 506/823/225 459/824/225
f 436/825/226 437/826/226 433/827/226
f 440/828/227 438/829/227 436/825/227
f 439/830/228 440/831/228 434/811/228
f 439/832/229 444/833/229 441/834/229
f 442/835/230 443/836/230 435/821/230
f 442/837/231 438/829/231 444/838/231
f 438/829/232 441/839/232 444/838/232
f 448/840/233 449/841/233 445/842/233
f 448/840/234 453/843/234 450/844/234
f 451/845/235 452/846/235 446/847/235
f 451/848/236 456/849/236 453/850/236
f 454/851/237 455/852/237 447/819/237
f 449/853/238 456/849/238 454/851/238
f 450/844/239 453/843/239 456/854/239
f 460/855/240 461/856/240 457/857/240
f 460/855/241 465/858/241 462/859/241
f 463/860/242 464/861/242 458/820/242
f 467/862/243 465/863/243 463/860/243
f 466/864/244 467/862/244 459/824/244
f 461/856/245 468/865/245 466/866/245
f 462/859/246 465/858/246 468/865/246
f 472/867/247 473/868/247 469/816/247
f 472/869/248 477/870/248 474/871/248
f 475/872/249 476/873/249 470/822/249
f 479/874/250 477/870/250 475/872/250
f 478/875/251 479/874/251 471/876/251
f 473/877/252 480/878/252 478/875/252
f 474/871/253 477/870/253 480/879/253
f 484/880/254 485/881/254 481/882/254
f 484/880/255 489/883/255 486/884/255
f 487/885/256 488/886/256 482/814/256
f 491/887/257 489/883/257 487/885/257
f 490/888/258 491/887/258 483/812/258
f 485/881/259 492/889/259 490/890/259
f 486/884/260 489/891/260 492/889/260
f 496/892/261 497/893/261 493/817/261
f 496/894/262 501/895/262 498/896/262
f 499/897/263 500/898/263 494/810/263
f 499/897/264 504/899/264 501/895/264
f 502/900/265 503/901/265 495/902/265
f 502/900/266 498/903/266 504/899/266
f 498/896/267 501/895/267 504/904/267
f 508/905/268 509/906/268 505/907/268
f 508/905/269 513/908/269 510/909/269
f 511/910/270 512/911/270 506/823/270
f 511/910/271 516/912/271 513/913/271
f 514/914/272 515/915/272 507/815/272
f 509/906/273 516/912/273 514/914/273
f 510/909/274 513/908/274 516/916/274
f 520/917/275 521/918/275 517/818/275
f 520/917/276 525/919/276 522/920/276
f 523/921/277 524/922/277 518/813/277
f 527/923/278 525/919/278 523/921/278
f 526/924/279 527/923/279 519/925/279
f 521/926/280 528/927/280 526/924/280
f 522/928/281 525/919/281 528/929/281
f 433/827/282 460/855/282 457/857/282
f 437/826/283 464/930/283 460/855/283
f 442/835/284 458/820/284 464/861/284
f 445/842/285 439/830/285 434/811/285
f 449/853/286 443/836/286 439/832/286
f 454/851/287 435/821/287 443/836/287
f 469/816/288 451/845/288 446/847/288
f 473/877/289 455/852/289 451/848/289
f 478/875/290 447/819/290 455/852/290
f 459/824/291 475/872/291 470/822/291
f 467/862/292 479/874/292 475/872/292
f 463/860/293 471/876/293 479/874/293
f 457/857/294 508/905/294 505/907/294
f 461/856/295 512/931/295 508/905/295
f 466/864/296 506/823/296 512/911/296
f 517/818/297 472/867/297 469/816/297
f 521/926/298 476/873/298 472/869/298
f 526/924/299 470/822/299 476/873/299
f 507/815/300 523/921/300 518/813/300
f 515/915/301 527/923/301 523/921/301
f 511/910/302 519/925/302 527/923/302
f 505/907/303 484/880/303 481/882/303
f 509/906/304 488/886/304 484/880/304
f 514/914/305 482/814/305 488/886/305
f 493/817/306 520/917/306 517/818/306
f 497/893/307 524/922/307 520/917/307
f 502/900/308 518/813/308 524/922/308
f 483/812/309 499/897/309 494/810/309
f 491/887/310 503/901/310 499/897/310
f 487/885/311 495/902/311 503/901/311
f 481/882/312 436/825/312 433/827/312
f 485/881/313 440/828/313 436/825/313
f 490/888/314 434/811/314 440/831/314
f 446/847/315 496/892/315 493/817/315
f 452/932/316 500/898/316 496/894/316
f 448/840/317 494/810/317 500/898/317
f 505/907/318 433/827/318 457/857/318
f 590/810/221 530/811/221 579/812/221
f 614/813/222 578/814/222 603/815/222
f 565/816/223 589/817/223 613/818/223
f 543/819/224 554/820/224 531/821/224
f 566/822/225 602/823/225 555/824/225
f 532/825/226 533/826/226 529/827/226
f 536/828/227 534/829/227 532/825/227
f 535/830/228 536/831/228 530/811/228
f 535/832/229 540/833/229 537/834/229
f 538/835/230 539/836/230 531/821/230
f 538/837/319 534/829/319 540/838/319
f 534/829/232 537/839/232 540/838/232
f 544/840/233 545/841/233 541/842/233
f 544/840/234 549/843/234 546/844/234
f 547/845/235 548/846/235 542/847/235
f 551/852/236 549/850/236 547/848/236
f 550/851/237 551/852/237 543/819/237
f 545/853/238 552/849/238 550/851/238
f 546/844/320 549/843/320 552/854/320
f 556/855/240 557/856/240 553/857/240
f 556/855/241 561/858/241 558/859/241
f 559/860/242 560/861/242 554/820/242
f 563/862/243 561/863/243 559/860/243
f 562/864/244 563/862/244 555/824/244
f 557/856/245 564/865/245 562/866/245
f 558/859/246 561/858/246 564/865/246
f 568/867/247 569/868/247 565/816/247
f 568/869/248 573/870/248 570/871/248
f 571/872/249 572/873/249 566/822/249
f 571/872/250 576/878/250 573/870/250
f 574/875/251 575/874/251 567/876/251
f 569/877/252 576/878/252 574/875/252
f 570/871/321 573/870/321 576/879/321
f 580/880/254 581/881/254 577/882/254
f 584/886/322 582/884/322 580/880/322
f 583/885/256 584/886/256 578/814/256
f 587/887/323 585/883/323 583/885/323
f 586/888/258 587/887/258 579/812/258
f 586/890/259 582/884/259 588/889/259
f 582/884/260 585/891/260 588/889/260
f 592/892/261 593/893/261 589/817/261
f 596/898/324 594/896/324 592/894/324
f 595/897/263 596/898/263 590/810/263
f 599/901/264 597/895/264 595/897/264
f 598/900/265 599/901/265 591/902/265
f 598/900/325 594/903/325 600/899/325
f 594/896/326 597/895/326 600/904/326
f 604/905/268 605/906/268 601/907/268
f 604/905/269 609/908/269 606/909/269
f 607/910/270 608/911/270 602/823/270
f 607/910/327 612/912/327 609/913/327
f 610/914/272 611/915/272 603/815/272
f 610/914/273 606/909/273 612/912/273
f 606/909/274 609/908/274 612/916/274
f 616/917/275 617/918/275 613/818/275
f 616/917/276 621/919/276 618/920/276
f 619/921/277 620/922/277 614/813/277
f 623/923/278 621/919/278 619/921/278
f 622/924/279 623/923/279 615/925/279
f 617/926/280 624/927/280 622/924/280
f 618/928/328 621/919/328 624/929/328
f 529/827/282 556/855/282 553/857/282
f 533/826/283 560/930/283 556/855/283
f 538/835/284 554/820/284 560/861/284
f 541/842/285 535/830/285 530/811/285
f 545/853/286 539/836/286 535/832/286
f 550/851/287 531/821/287 539/836/287
f 565/816/288 547/845/288 542/847/288
f 569/877/289 551/852/289 547/848/289
f 574/875/290 543/819/290 551/852/290
f 555/824/291 571/872/291 566/822/291
f 563/862/292 575/874/292 571/872/292
f 559/860/293 567/876/293 575/874/293
f 553/857/294 604/905/294 601/907/294
f 557/856/295 608/931/295 604/905/295
f 562/864/296 602/823/296 608/911/296
f 613/818/297 568/867/297 565/816/297
f 617/926/298 572/873/298 568/869/298
f 622/924/299 566/822/299 572/873/299
f 603/815/300 619/921/300 614/813/300
f 611/915/301 623/923/301 619/921/301
f 607/910/302 615/925/302 623/923/302
f 601/907/303 580/880/303 577/882/303
f 605/906/304 584/886/304 580/880/304
f 610/914/305 578/814/305 584/886/305
f 589/817/306 616/917/306 613/818/306
f 593/893/307 620/922/307 616/917/307
f 598/900/308 614/813/308 620/922/308
f 579/812/309 595/897/309 590/810/309
f 587/887/310 599/901/310 595/897/310
f 583/885/311 591/902/311 599/901/311
f 577/882/312 532/825/312 529/827/312
f 581/881/313 536/828/313 532/825/313
f 586/888/314 530/811/314 536/831/314
f 542/847/315 592/892/315 589/817/315
f 548/932/316 596/898/316 592/894/316
f 544/840/317 590/810/317 596/898/317
f 601/907/318 529/827/318 553/857/318
f 686/933/221 626/934/221 675/935/221
f 710/936/222 674/937/222 699/938/222
f 661/939/223 685/940/223 709/941/223
f 639/942/224 650/943/224 627/944/224
f 662/945/225 698/946/225 651/947/225
f 628/948/226 629/949/226 625/950/226
f 628/948/227 633/951/227 630/952/227
f 631/953/228 632/954/228 626/934/228
f 635/955/329 633/834/329 631/956/329
f 634/957/230 635/955/230 627/944/230
f 634/958/319 630/952/319 636/959/319
f 630/952/232 633/951/232 636/959/232
f 640/960/233 641/961/233 637/962/233
f 644/963/234 642/964/234 640/960/234
f 643/965/235 644/966/235 638/967/235
f 643/968/330 648/969/330 645/850/330
f 646/970/237 647/971/237 639/942/237
f 641/972/238 648/969/238 646/970/238
f 642/964/331 645/973/331 648/974/331
f 652/975/240 653/976/240 649/977/240
f 656/978/241 654/979/241 652/975/241
f 655/980/242 656/981/242 650/943/242
f 659/982/332 657/983/332 655/980/332
f 658/984/244 659/982/244 651/947/244
f 658/985/333 654/979/333 660/986/333
f 654/979/334 657/987/334 660/986/334
f 664/988/247 665/989/247 661/939/247
f 668/990/248 666/991/248 664/992/248
f 667/993/249 668/990/249 662/945/249
f 667/993/250 672/994/250 669/995/250
f 670/996/251 671/997/251 663/998/251
f 670/996/335 666/999/335 672/994/335
f 666/991/253 669/995/253 672/1000/253
f 676/1001/254 677/1002/254 673/1003/254
f 680/1004/255 678/1005/255 676/1001/255
f 679/1006/336 680/1004/336 674/937/336
f 683/1007/323 681/1008/323 679/1006/323
f 682/1009/258 683/1007/258 675/935/258
f 682/1010/259 678/1005/259 684/1011/259
f 678/1005/260 681/1012/260 684/1011/260
f 688/1013/261 689/1014/261 685/940/261
f 688/1015/262 693/1016/262 690/1017/262
f 691/1018/263 692/1019/263 686/933/263
f 691/1018/264 696/1020/264 693/1016/264
f 694/1021/337 695/1022/337 687/1023/337
f 694/1021/325 690/1024/325 696/1020/325
f 690/1017/338 693/1016/338 696/1025/338
f 700/1026/268 701/1027/268 697/1028/268
f 704/1029/269 702/1030/269 700/1026/269
f 703/1031/270 704/1032/270 698/946/270
f 703/1031/327 708/1033/327 705/1034/327
f 706/1035/339 707/1036/339 699/938/339
f 706/1035/340 702/1030/340 708/1033/340
f 702/1030/274 705/1037/274 708/1038/274
f 712/1039/275 713/1040/275 709/941/275
f 716/1041/276 714/1042/276 712/1039/276
f 715/1043/341 716/1041/341 710/936/341
f 715/1043/278 720/1044/278 717/1045/278
f 718/1046/279 719/1047/279 711/1048/279
f 718/1046/280 714/1049/280 720/1044/280
f 714/1050/342 717/1045/342 720/1051/342
f 625/950/343 652/975/343 649/977/343
f 629/949/283 656/978/283 652/975/283
f 634/957/284 650/943/284 656/981/284
f 637/962/344 631/953/344 626/934/344
f 641/972/286 635/955/286 631/956/286
f 646/970/345 627/944/345 635/955/345
f 661/939/346 643/965/346 638/967/346
f 665/1052/289 647/971/289 643/968/289
f 670/996/290 639/942/290 647/971/290
f 651/947/291 667/993/291 662/945/291
f 659/982/292 671/997/292 667/993/292
f 655/980/347 663/998/347 671/997/347
f 649/977/348 700/1026/348 697/1028/348
f 653/976/295 704/1029/295 700/1026/295
f 658/984/349 698/946/349 704/1032/349
f 709/941/350 664/988/350 661/939/350
f 713/1053/298 668/990/298 664/992/298
f 718/1046/351 662/945/351 668/990/351
f 699/938/352 715/1043/352 710/936/352
f 707/1036/301 719/1047/301 715/1043/301
f 703/1031/302 711/1048/302 719/1047/302
f 697/1028/353 676/1001/353 673/1003/353
f 701/1027/304 680/1004/304 676/1001/304
f 706/1035/305 674/937/305 680/1004/305
f 685/940/354 712/1039/354 709/941/354
f 689/1014/307 716/1041/307 712/1039/307
f 694/1021/308 710/936/308 716/1041/308
f 675/935/309 691/1018/309 686/933/309
f 683/1007/310 695/1022/310 691/1018/310
f 679/1006/355 687/1023/355 695/1022/355
f 673/1003/356 628/948/356 625/950/356
f 677/1002/313 632/1054/313 628/948/313
f 682/1009/357 626/934/357 632/954/357
f 638/967/358 688/1013/358 685/940/358
f 644/963/316 692/1019/316 688/1015/316
f 640/960/359 686/933/359 692/1019/359
f 697/1028/318 625/950/318 649/977/318
f 494/810/221 445/842/221 434/811/221
f 518/813/222 495/902/222 482/814/222
f 469/816/223 446/847/223 493/817/223
f 447/819/224 471/876/224 458/820/224
f 470/822/225 519/925/225 506/823/225
f 436/825/360 438/829/360 437/826/360
f 440/828/227 441/839/227 438/829/227
f 439/830/361 441/1055/361 440/831/361
f 439/832/229 443/836/229 444/833/229
f 442/835/362 444/833/362 443/836/362
f 442/837/363 437/826/363 438/829/363
f 448/840/364 450/844/364 449/841/364
f 448/840/234 452/932/234 453/843/234
f 451/845/365 453/1056/365 452/846/365
f 451/848/236 455/852/236 456/849/236
f 454/851/366 456/849/366 455/852/366
f 449/853/238 450/1057/238 456/849/238
f 460/855/367 462/859/367 461/856/367
f 460/855/241 464/930/241 465/858/241
f 463/860/368 465/863/368 464/861/368
f 467/862/332 468/1058/332 465/863/332
f 466/864/369 468/1058/369 467/862/369
f 461/856/245 462/859/245 468/865/245
f 472/867/370 474/1059/370 473/868/370
f 472/869/248 476/873/248 477/870/248
f 475/872/371 477/870/371 476/873/371
f 479/874/372 480/878/372 477/870/372
f 478/875/373 480/878/373 479/874/373
f 473/877/252 474/999/252 480/878/252
f 484/880/374 486/884/374 485/881/374
f 484/880/255 488/886/255 489/883/255
f 487/885/375 489/883/375 488/886/375
f 491/887/257 492/1060/257 489/883/257
f 490/888/376 492/1060/376 491/887/376
f 485/881/259 486/884/259 492/889/259
f 496/892/377 498/903/377 497/893/377
f 496/894/262 500/898/262 501/895/262
f 499/897/378 501/895/378 500/898/378
f 499/897/264 503/901/264 504/899/264
f 502/900/379 504/899/379 503/901/379
f 502/900/266 497/893/266 498/903/266
f 508/905/380 510/909/380 509/906/380
f 508/905/269 512/931/269 513/908/269
f 511/910/381 513/913/381 512/911/381
f 511/910/327 515/915/327 516/912/327
f 514/914/382 516/912/382 515/915/382
f 509/906/273 510/909/273 516/912/273
f 520/917/383 522/920/383 521/918/383
f 520/917/276 524/922/276 525/919/276
f 523/921/384 525/919/384 524/922/384
f 527/923/278 528/927/278 525/919/278
f 526/924/385 528/927/385 527/923/385
f 521/926/280 522/1061/280 528/927/280
f 433/827/282 437/826/282 460/855/282
f 437/826/283 442/837/283 464/930/283
f 442/835/386 435/821/386 458/820/386
f 445/842/285 449/841/285 439/830/285
f 449/853/286 454/851/286 443/836/286
f 454/851/287 447/819/287 435/821/287
f 469/816/288 473/868/288 451/845/288
f 473/877/289 478/875/289 455/852/289
f 478/875/290 471/876/290 447/819/290
f 459/824/291 467/862/291 475/872/291
f 467/862/292 463/860/292 479/874/292
f 463/860/293 458/820/293 471/876/293
f 457/857/294 461/856/294 508/905/294
f 461/856/295 466/866/295 512/931/295
f 466/864/296 459/824/296 506/823/296
f 517/818/297 521/918/297 472/867/297
f 521/926/298 526/924/298 476/873/298
f 526/924/299 519/925/299 470/822/299
f 507/815/352 515/915/352 523/921/352
f 515/915/301 511/910/301 527/923/301
f 511/910/302 506/823/302 519/925/302
f 505/907/303 509/906/303 484/880/303
f 509/906/304 514/914/304 488/886/304
f 514/914/387 507/815/387 482/814/387
f 493/817/306 497/893/306 520/917/306
f 497/893/307 502/900/307 524/922/307
f 502/900/308 495/902/308 518/813/308
f 483/812/309 491/887/309 499/897/309
f 491/887/310 487/885/310 503/901/310
f 487/885/355 482/814/355 495/902/355
f 481/882/312 485/881/312 436/825/312
f 485/881/313 490/890/313 440/828/313
f 490/888/314 483/812/314 434/811/314
f 446/847/315 452/846/315 496/892/315
f 452/932/316 448/840/316 500/898/316
f 448/840/317 445/842/317 494/810/317
f 505/907/318 481/882/318 433/827/318
f 590/810/221 541/842/221 530/811/221
f 614/813/222 591/902/222 578/814/222
f 565/816/223 542/847/223 589/817/223
f 543/819/224 567/876/224 554/820/224
f 566/822/225 615/925/225 602/823/225
f 532/825/360 534/829/360 533/826/360
f 536/828/227 537/839/227 534/829/227
f 535/830/361 537/1055/361 536/831/361
f 535/832/229 539/836/229 540/833/229
f 538/835/362 540/833/362 539/836/362
f 538/837/363 533/826/363 534/829/363
f 544/840/364 546/844/364 545/841/364
f 544/840/234 548/932/234 549/843/234
f 547/845/365 549/1056/365 548/846/365
f 551/852/388 552/849/388 549/850/388
f 550/851/366 552/849/366 551/852/366
f 545/853/238 546/1057/238 552/849/238
f 556/855/367 558/859/367 557/856/367
f 556/855/241 560/930/241 561/858/241
f 559/860/368 561/863/368 560/861/368
f 563/862/243 564/1058/243 561/863/243
f 562/864/369 564/1058/369 563/862/369
f 557/856/245 558/859/245 564/865/245
f 568/867/370 570/1059/370 569/868/370
f 568/869/248 572/873/248 573/870/248
f 571/872/371 573/870/371 572/873/371
f 571/872/250 575/874/250 576/878/250
f 574/875/389 576/878/389 575/874/389
f 569/877/252 570/999/252 576/878/252
f 580/880/374 582/884/374 581/881/374
f 584/886/390 585/883/390 582/884/390
f 583/885/375 585/883/375 584/886/375
f 587/887/257 588/1060/257 585/883/257
f 586/888/376 588/1060/376 587/887/376
f 586/890/259 581/881/259 582/884/259
f 592/892/377 594/903/377 593/893/377
f 596/898/262 597/895/262 594/896/262
f 595/897/378 597/895/378 596/898/378
f 599/901/391 600/899/391 597/895/391
f 598/900/379 600/899/379 599/901/379
f 598/900/392 593/893/392 594/903/392
f 604/905/380 606/909/380 605/906/380
f 604/905/269 608/931/269 609/908/269
f 607/910/381 609/913/381 608/911/381
f 607/910/271 611/915/271 612/912/271
f 610/914/382 612/912/382 611/915/382
f 610/914/393 605/906/393 606/909/393
f 616/917/383 618/920/383 617/918/383
f 616/917/276 620/922/276 621/919/276
f 619/921/394 621/919/394 620/922/394
f 623/923/278 624/927/278 621/919/278
f 622/924/385 624/927/385 623/923/385
f 617/926/280 618/1061/280 624/927/280
f 529/827/282 533/826/282 556/855/282
f 533/826/283 538/837/283 560/930/283
f 538/835/386 531/821/386 554/820/386
f 541/842/285 545/841/285 535/830/285
f 545/853/286 550/851/286 539/836/286
f 550/851/287 543/819/287 531/821/287
f 565/816/288 569/868/288 547/845/288
f 569/877/289 574/875/289 551/852/289
f 574/875/290 567/876/290 543/819/290
f 555/824/291 563/862/291 571/872/291
f 563/862/292 559/860/292 575/874/292
f 559/860/293 554/820/293 567/876/293
f 553/857/294 557/856/294 604/905/294
f 557/856/295 562/866/295 608/931/295
f 562/864/296 555/824/296 602/823/296
f 613/818/297 617/918/297 568/867/297
f 617/926/298 622/924/298 572/873/298
f 622/924/299 615/925/299 566/822/299
f 603/815/352 611/915/352 619/921/352
f 611/915/301 607/910/301 623/923/301
f 607/910/302 602/823/302 615/925/302
f 601/907/303 605/906/303 580/880/303
f 605/906/304 610/914/304 584/886/304
f 610/914/387 603/815/387 578/814/387
f 589/817/306 593/893/306 616/917/306
f 593/893/307 598/900/307 620/922/307
f 598/900/308 591/902/308 614/813/308
f 579/812/309 587/887/309 595/897/309
f 587/887/310 583/885/310 599/901/310
f 583/885/355 578/814/355 591/902/355
f 577/882/312 581/881/312 532/825/312
f 581/881/313 586/890/313 536/828/313
f 586/888/314 579/812/314 530/811/314
f 542/847/315 548/846/315 592/892/315
f 548/932/316 544/840/316 596/898/316
f 544/840/317 541/842/317 590/810/317
f 601/907/318 577/882/318 529/827/318
f 686/933/221 637/962/221 626/934/221
f 710/936/222 687/1023/222 674/937/222
f 661/939/223 638/967/223 685/940/223
f 639/942/224 663/998/224 650/943/224
f 662/945/225 711/1048/225 698/946/225
f 628/948/360 630/952/360 629/949/360
f 628/948/227 632/1054/227 633/951/227
f 631/953/361 633/1062/361 632/954/361
f 635/955/395 636/1063/395 633/834/395
f 634/957/362 636/1063/362 635/955/362
f 634/958/231 629/949/231 630/952/231
f 640/960/364 642/964/364 641/961/364
f 644/963/234 645/973/234 642/964/234
f 643/965/365 645/1064/365 644/966/365
f 643/968/388 647/971/388 648/969/388
f 646/970/396 648/969/396 647/971/396
f 641/972/238 642/1065/238 648/969/238
f 652/975/367 654/979/367 653/976/367
f 656/978/241 657/987/241 654/979/241
f 655/980/368 657/983/368 656/981/368
f 659/982/243 660/1066/243 657/983/243
f 658/984/369 660/1066/369 659/982/369
f 658/985/245 653/976/245 654/979/245
f 664/988/370 666/1067/370 665/989/370
f 668/990/248 669/995/248 666/991/248
f 667/993/371 669/995/371 668/990/371
f 667/993/397 671/997/397 672/994/397
f 670/996/373 672/994/373 671/997/373
f 670/996/252 665/1052/252 666/999/252
f 676/1001/374 678/1005/374 677/1002/374
f 680/1004/390 681/1008/390 678/1005/390
f 679/1006/375 681/1008/375 680/1004/375
f 683/1007/257 684/1068/257 681/1008/257
f 682/1009/376 684/1068/376 683/1007/376
f 682/1010/259 677/1002/259 678/1005/259
f 688/1013/377 690/1024/377 689/1014/377
f 688/1015/262 692/1019/262 693/1016/262
f 691/1018/378 693/1016/378 692/1019/378
f 691/1018/264 695/1022/264 696/1020/264
f 694/1021/379 696/1020/379 695/1022/379
f 694/1021/266 689/1014/266 690/1024/266
f 700/1026/380 702/1030/380 701/1027/380
f 704/1029/269 705/1037/269 702/1030/269
f 703/1031/381 705/1034/381 704/1032/381
f 703/1031/271 707/1036/271 708/1033/271
f 706/1035/382 708/1033/382 707/1036/382
f 706/1035/273 701/1027/273 702/1030/273
f 712/1039/383 714/1042/383 713/1040/383
f 716/1041/276 717/1045/276 714/1042/276
f 715/1043/384 717/1045/384 716/1041/384
f 715/1043/278 719/1047/278 720/1044/278
f 718/1046/385 720/1044/385 719/1047/385
f 718/1046/280 713/1053/280 714/1049/280
f 625/950/343 629/949/343 652/975/343
f 629/949/283 634/958/283 656/978/283
f 634/957/386 627/944/386 650/943/386
f 637/962/285 641/961/285 631/953/285
f 641/972/286 646/970/286 635/955/286
f 646/970/345 639/942/345 627/944/345
f 661/939/288 665/989/288 643/965/288
f 665/1052/289 670/996/289 647/971/289
f 670/996/398 663/998/398 639/942/398
f 651/947/291 659/982/291 667/993/291
f 659/982/292 655/980/292 671/997/292
f 655/980/347 650/943/347 663/998/347
f 649/977/348 653/976/348 700/1026/348
f 653/976/295 658/985/295 704/1029/295
f 658/984/296 651/947/296 698/946/296
f 709/941/350 713/1040/350 664/988/350
f 713/1053/298 718/1046/298 668/990/298
f 718/1046/299 711/1048/299 662/945/299
f 699/938/300 707/1036/300 715/1043/300
f 707/1036/301 703/1031/301 719/1047/301
f 703/1031/302 698/946/302 711/1048/302
f 697/1028/353 701/1027/353 676/1001/353
f 701/1027/304 706/1035/304 680/1004/304
f 706/1035/387 699/938/387 674/937/387
f 685/940/306 689/1014/306 712/1039/306
f 689/1014/307 694/1021/307 716/1041/307
f 694/1021/399 687/1023/399 710/936/399
f 675/935/400 683/1007/400 691/1018/400
f 683/1007/310 679/1006/310 695/1022/310
f 679/1006/311 674/937/311 687/1023/311
f 673/1003/356 677/1002/356 628/948/356
f 677/1002/313 682/1010/313 632/1054/313
f 682/1009/314 675/935/314 626/934/314
f 638/967/358 644/966/358 688/1013/358
f 644/963/316 640/960/316 692/1019/316
f 640/960/317 637/962/317 686/933/317
f 697/1028/318 673/1003/318 625/950/318
