# https://github.com/mikedh/trimesh
mtllib material.mtl

o geometry_0
usemtl material_0
v 0.23426567 0.04715195 -0.04430786
v 0.23428226 0.05447783 -0.04412650
v 0.23434576 0.06333916 -0.04383163
v 0.23437539 0.06954390 -0.04367939
v 0.23012236 0.07413352 -0.04343862
v 0.23445028 0.07681500 -0.04365165
v 0.23030403 0.07977907 -0.04341921
v 0.23720628 0.06993166 -0.04352425
v 0.23697643 0.06477943 -0.04363091
v 0.23665264 0.04870103 -0.04411570
v 0.23684229 0.05968000 -0.04380421
v 0.23648207 0.03401488 -0.04425503
v 0.23740473 0.07580692 -0.04359114
v 0.23739925 0.07983630 -0.04372324
v 0.23457327 0.08540230 -0.04384523
v 0.23721166 0.08405507 -0.04385587
v 0.23679312 0.08793252 -0.04386263
v 0.23403040 0.09201536 -0.04388193
v 0.23668310 0.09075754 -0.04452037
v 0.23744936 0.08888972 -0.04367516
v 0.23795001 0.08697941 -0.04260165
v 0.23918821 0.08737802 -0.04258202
v 0.23925471 0.08919545 -0.04515153
v 0.23864107 0.08543588 -0.04088517
v 0.25356910 0.10678454 0.00224265
v 0.25457069 0.10683533 0.00088665
v 0.25413471 0.10711870 -0.00421850
v 0.25486344 0.10625265 0.00626519
v 0.25321904 0.10643975 0.00643862
v 0.25484896 0.10572485 0.01089304
v 0.25319937 0.10604534 0.01099972
v 0.25350994 0.10471489 0.01581209
v 0.25494847 0.10435806 0.01580921
v 0.25695056 0.10735687 0.00188608
v 0.25706118 0.10689021 0.00602881
v 0.25683513 0.10614946 0.01063063
v 0.25669438 0.10519441 0.01529426
v 0.25675145 0.10767467 -0.00222125
v 0.25655335 0.10811322 -0.00620159
v 0.25970507 0.10795040 -0.00661686
v 0.25979438 0.10718887 -0.00253335
v 0.25809017 0.10471645 0.01516484
v 0.25762698 0.10431048 0.01765837
v 0.25693274 0.10447799 0.01769042
v 0.25984818 0.10628113 0.00176843
v 0.25931534 0.10595187 0.00578649
v 0.25642243 0.10340530 0.01803778
v 0.25865448 0.10922529 -0.00813987
v 0.25633767 0.10888058 -0.01047569
v 0.25285137 0.10886636 -0.00570848
v 0.25326309 0.10954976 -0.01030066
v 0.25616851 0.10987580 -0.01487796
v 0.25421134 0.11015010 -0.01485751
v 0.25517613 0.11085369 -0.01887349
v 0.25567868 0.11115683 -0.02089299
v 0.25823981 0.10991253 -0.01071416
v 0.25912559 0.10943080 -0.01063844
v 0.25911221 0.11031243 -0.01472419
v 0.25772870 0.11090520 -0.01490487
v 0.25896469 0.11114398 -0.01866302
v 0.25729311 0.11158554 -0.01884924
v 0.25886577 0.11157233 -0.02255121
v 0.25680321 0.11199753 -0.02239252
v 0.25720844 0.11267672 -0.02658239
v 0.25434673 0.10309210 0.01742285
v 0.25510550 0.11423351 -0.02674586
v 0.25476810 0.11300689 -0.02248183
v 0.25552654 0.11480897 -0.02964378
v 0.25891513 0.11141821 -0.02642016
v 0.25900570 0.11112164 -0.02842771
v 0.25187388 0.10428072 0.01926801
v 0.25079665 0.10878991 0.00647170
v 0.25041905 0.10877392 0.01073459
v 0.25090805 0.10767417 0.01506672
v 0.25089699 0.10944664 0.00237372
v 0.25736836 0.11297482 -0.03032536
v 0.26083091 0.10613662 -0.00245339
v 0.26091540 0.10666508 -0.00626686
v 0.26068521 0.10563126 0.00056475
v 0.25028661 0.10715359 0.01796722
v 0.24915168 0.10955485 0.01465281
v 0.24907166 0.11008968 0.01185153
v 0.24759068 0.11078897 0.01424115
v 0.24745154 0.10968220 0.01781688
v 0.24913903 0.10897294 0.01731445
v 0.24470563 0.11039753 0.01784779
v 0.24497584 0.11176359 0.01387451
v 0.24513932 0.11290827 0.00970786
v 0.24794312 0.11139178 0.01020332
v 0.24520598 0.11395523 0.00597107
v 0.24774590 0.11239629 0.00619577
v 0.24525020 0.11472938 0.00315430
v 0.24817264 0.11295629 0.00230781
v 0.24902959 0.11038686 0.00918315
v 0.24906598 0.11100338 0.00447531
v 0.24959756 0.11121979 0.00104881
v 0.25183111 0.10917483 -0.00172193
v 0.25586987 0.11517305 -0.03223288
v 0.25451586 0.11627852 -0.03092476
v 0.25476313 0.11698662 -0.03457778
v 0.25610754 0.11547704 -0.03441576
v 0.25508529 0.11760087 -0.03838608
v 0.25152609 0.11843303 -0.02696094
v 0.25323680 0.11654353 -0.02688086
v 0.25241724 0.11906464 -0.03473067
v 0.25280872 0.11946407 -0.03855523
v 0.25546953 0.11833360 -0.04350403
v 0.25014427 0.12125345 -0.03867660
v 0.24898973 0.12118293 -0.03462053
v 0.25076619 0.12185309 -0.04380721
v 0.25198501 0.11872967 -0.03088780
v 0.24906339 0.12060384 -0.03085541
v 0.24909809 0.12001527 -0.02687625
v 0.23800947 0.06384368 -0.01888008
v 0.23771009 0.04786114 -0.02485518
v 0.23802611 0.06311594 -0.02672578
v 0.23808835 0.06773727 -0.02195746
v 0.23829515 0.07557739 -0.02560063
v 0.23812889 0.07184292 -0.01334642
v 0.23814999 0.07190564 -0.02257268
v 0.23790348 0.05882563 -0.02969166
v 0.23801529 0.06467037 -0.03358938
v 0.23765816 0.04678988 -0.03020952
v 0.23794600 0.06037931 -0.01730482
v 0.23785913 0.05563846 -0.01690936
v 0.23809072 0.06436162 -0.01267967
v 0.23766001 0.03831063 -0.02463895
v 0.23758392 0.03776902 -0.02985025
v 0.23758638 0.04862138 -0.03401113
v 0.23783322 0.05945365 -0.03383714
v 0.23771384 0.06463190 -0.04205570
v 0.23769256 0.04618296 -0.01684588
v 0.23818001 0.07610334 -0.02279026
v 0.23735929 0.05519984 -0.04223767
v 0.23754331 0.06093898 -0.04213031
v 0.23704991 0.04057338 -0.04242655
v 0.23719706 0.04857863 -0.04235579
v 0.23809557 0.06038907 -0.01239422
v 0.23784849 0.04403557 -0.01208089
v 0.23807040 0.05377186 -0.01207196
v 0.23794745 0.04799503 -0.01203476
v 0.23812456 0.07616378 -0.01830032
v 0.23809446 0.07646130 -0.00854612
v 0.23809539 0.07636320 -0.01337964
v 0.23807281 0.07258585 -0.00840029
v 0.23793787 0.06829508 -0.00842284
v 0.23786692 0.06059006 -0.00857803
v 0.23825401 0.07009345 -0.02905225
v 0.23820455 0.06866513 -0.03332566
v 0.23817630 0.07032160 -0.03775337
v 0.23848295 0.07583196 -0.03836864
v 0.23854481 0.07583207 -0.03371872
v 0.23864287 0.07972525 -0.03852055
v 0.23847774 0.07585539 -0.04210505
v 0.23825027 0.07214525 -0.04199360
v 0.23798460 0.06860705 -0.04197302
v 0.23865235 0.07972885 -0.03393792
v 0.23849063 0.07597803 -0.02948964
v 0.23857176 0.07980569 -0.02980418
v 0.23856671 0.07976505 -0.04224428
v 0.23864593 0.08354856 -0.03906115
v 0.23859648 0.08232965 -0.03413581
v 0.23774436 0.04408459 -0.00866822
v 0.23847057 0.08219527 -0.03010472
v 0.23849864 0.08367588 -0.03031250
v 0.23853469 0.08392590 -0.03428297
v 0.23857403 0.08465374 -0.03788739
v 0.23833849 0.07984444 -0.02639617
v 0.23776686 0.04808229 -0.00873848
v 0.23785678 0.05612234 -0.00878495
v 0.23864107 0.08543588 -0.04088517
v 0.23808245 0.07976285 -0.02287810
v 0.23792055 0.07971788 -0.01844927
v 0.23780397 0.07973778 -0.01377672
v 0.23773986 0.07957533 -0.00895851
v 0.23841472 0.08372442 -0.04233875
v 0.23772563 0.07625901 -0.00451637
v 0.23775619 0.07274693 -0.00451435
v 0.23744375 0.06885619 -0.00460315
v 0.23817703 0.08241271 -0.02661171
v 0.23785982 0.08244739 -0.02293749
v 0.23762317 0.08237686 -0.01863713
v 0.23747578 0.08220650 -0.01425516
v 0.23741780 0.08165251 -0.00949717
v 0.23714149 0.06483650 -0.00474198
v 0.23919220 0.08383465 -0.02655315
v 0.23717916 0.07924780 -0.00471766
v 0.23707029 0.08116855 -0.00527288
v 0.23685455 0.06096498 -0.00491635
v 0.23665264 0.04870103 -0.04411570
v 0.23656942 0.04442089 -0.00495118
v 0.23795001 0.08697941 -0.04260165
v 0.23684229 0.05968000 -0.04380421
v 0.23644504 0.04849894 -0.00507909
v 0.23657864 0.05693127 -0.00506655
v 0.23644575 0.05267195 -0.00512324
v 0.23564963 0.04462512 -0.00267098
v 0.23547728 0.04876102 -0.00268183
v 0.23542194 0.05294518 -0.00264084
v 0.23556401 0.05714250 -0.00261247
v 0.23613456 0.06385358 -0.00262703
v 0.23677060 0.07266419 -0.00258279
v 0.23697643 0.06477943 -0.04363091
v 0.23666297 0.07606753 -0.00258723
v 0.23720628 0.06993166 -0.04352425
v 0.23617278 0.07912582 -0.00275536
v 0.23566951 0.08190630 -0.00263355
v 0.23740473 0.07580692 -0.04359114
v 0.23739925 0.07983630 -0.04372324
v 0.23721166 0.08405507 -0.04385587
v 0.23679312 0.08793252 -0.04386263
v 0.23958048 0.08517347 -0.03434914
v 0.23961924 0.08467542 -0.03042414
v 0.23942758 0.08565450 -0.03904479
v 0.23918821 0.08737802 -0.04258202
v 0.16912796 0.22618464 -0.49333060
v 0.17141517 0.22448879 -0.49378917
v 0.17451233 0.22692412 -0.49333778
v 0.17869630 0.22526003 -0.49390784
v 0.17861222 0.22750174 -0.49345100
v 0.18050425 0.22781156 -0.49352330
v 0.18105370 0.23036352 -0.49307218
v 0.17872062 0.22190109 -0.49416244
v 0.17451325 0.22983296 -0.49216753
v 0.17858504 0.22999103 -0.49240950
v 0.17041256 0.23260795 -0.49021882
v 0.17453688 0.23267150 -0.49032754
v 0.17861366 0.23276860 -0.49053165
v 0.18131185 0.23287787 -0.49104393
v 0.18107811 0.22593778 -0.49465945
v 0.18124209 0.22184420 -0.49526933
v 0.16892728 0.22047415 -0.49366391
v 0.17859291 0.22014445 -0.49382320
v 0.17030880 0.21798863 -0.49260584
v 0.18120088 0.21956448 -0.49440205
v 0.17466444 0.21780920 -0.49260175
v 0.17856038 0.21776940 -0.49259800
v 0.18115364 0.21725559 -0.49297601
v 0.17470765 0.21496789 -0.49082687
v 0.17854638 0.21504125 -0.49079770
v 0.18140537 0.22903575 -0.49405915
v 0.18191254 0.23203468 -0.49341986
v 0.18217349 0.22527122 -0.49667230
v 0.18225452 0.22172174 -0.49696830
v 0.18410833 0.22132361 -0.49854890
v 0.18405619 0.22513483 -0.49833292
v 0.18760389 0.22527975 -0.49931508
v 0.18760674 0.22093366 -0.49949616
v 0.19230248 0.22551601 -0.49940392
v 0.18762264 0.22992221 -0.49897081
v 0.19283226 0.23392075 -0.49896324
v 0.20269929 0.23347250 -0.49928498
v 0.19797277 0.22567178 -0.49949461
v 0.20363773 0.22932135 -0.49946046
v 0.20658234 0.22967410 -0.49948803
v 0.19779725 0.22082150 -0.49956882
v 0.20688994 0.22104171 -0.49952725
v 0.18781909 0.23363084 -0.49864072
v 0.18789901 0.21658933 -0.49946877
v 0.20670946 0.21604063 -0.49948037
v 0.19806720 0.21166302 -0.49947387
v 0.20270269 0.21172245 -0.49943298
v 0.19259602 0.23651814 -0.49847320
v 0.19830659 0.23389539 -0.49915698
v 0.19777492 0.23634931 -0.49866641
v 0.19293348 0.21199761 -0.49941507
v 0.20999680 0.22101566 -0.49932525
v 0.20983253 0.22461796 -0.49922654
v 0.20621446 0.21243131 -0.49927491
v 0.18871696 0.21289656 -0.49920833
v 0.20962536 0.21709524 -0.49903750
v 0.18432017 0.22970784 -0.49797434
v 0.18476923 0.23313527 -0.49756446
v 0.19850236 0.20931913 -0.49888581
v 0.18473651 0.21762949 -0.49851000
v 0.20589337 0.23262708 -0.49868178
v 0.18835165 0.23624754 -0.49765605
v 0.20164503 0.23577078 -0.49835119
v 0.20924905 0.22843750 -0.49862021
v 0.20791665 0.23105121 -0.49826923
v 0.18603167 0.21390428 -0.49819028
v 0.18943484 0.23746254 -0.49724266
v 0.19251963 0.23780385 -0.49768078
v 0.19726841 0.23754677 -0.49790296
v 0.19998863 0.23714030 -0.49778986
v 0.21202989 0.22109698 -0.49829847
v 0.18594532 0.23508231 -0.49713922
v 0.20896739 0.21374129 -0.49816102
v 0.20446669 0.23421742 -0.49815106
v 0.18232022 0.23016685 -0.49525738
v 0.18309687 0.23310463 -0.49508378
v 0.17022139 0.21851146 -0.47146964
v 0.17503123 0.22166407 -0.46945354
v 0.17459446 0.21789864 -0.47110623
v 0.17457218 0.21488017 -0.47257152
v 0.17672664 0.22244003 -0.46882200
v 0.17858960 0.21710375 -0.47069100
v 0.17745961 0.21440803 -0.47220725
v 0.17991309 0.21396378 -0.47183165
v 0.17025490 0.21314539 -0.47494921
v 0.17855118 0.22167704 -0.46864218
v 0.18235315 0.21567954 -0.47026435
v 0.18212567 0.21369119 -0.47136408
v 0.18251030 0.21881956 -0.46868423
v 0.18260528 0.22143272 -0.46737066
v 0.18474312 0.21479374 -0.46983340
v 0.18576252 0.21303044 -0.47047821
v 0.18593374 0.22139430 -0.46611929
v 0.18651368 0.21758780 -0.46767658
v 0.17458227 0.21302442 -0.47457489
v 0.18733962 0.21389809 -0.46917483
v 0.18928798 0.21086285 -0.47019336
v 0.18833789 0.22122872 -0.46511447
v 0.17869788 0.21301553 -0.47382933
v 0.18982199 0.21294402 -0.46832234
v 0.19155705 0.21020393 -0.46923244
v 0.18997078 0.21604288 -0.46645695
v 0.17856827 0.22309598 -0.46855280
v 0.18223436 0.22407334 -0.46785498
v 0.19009152 0.21922141 -0.46499890
v 0.19006716 0.22118829 -0.46420485
v 0.19373590 0.22100219 -0.46229172
v 0.18519826 0.21092720 -0.47379792
v 0.18185259 0.21223591 -0.47409570
v 0.19324084 0.21699430 -0.46406585
v 0.19516385 0.22065489 -0.46172753
v 0.19684841 0.22088876 -0.46053568
v 0.18745975 0.21033609 -0.47209796
v 0.19199632 0.21467040 -0.46569651
v 0.17467754 0.21120374 -0.47908249
v 0.17881855 0.21095984 -0.47916564
v 0.18164679 0.21072510 -0.47910631
v 0.18328474 0.21023367 -0.47896278
v 0.19039533 0.20955509 -0.47089335
v 0.19339897 0.20869437 -0.47039607
v 0.19252577 0.20748615 -0.47387436
v 0.18899247 0.20901726 -0.47373489
v 0.19524448 0.20731258 -0.47163305
v 0.19765685 0.20788836 -0.46973458
v 0.19784848 0.20713970 -0.47126040
v 0.20005074 0.20769428 -0.46931472
v 0.20133176 0.20706603 -0.47073182
v 0.19440351 0.20964228 -0.46739766
v 0.19245289 0.21179183 -0.46712357
v 0.19810158 0.20634790 -0.47413749
v 0.20213006 0.20622839 -0.47477195
v 0.20024827 0.20818490 -0.46725085
v 0.19751064 0.20878334 -0.46729192
v 0.19741051 0.20962872 -0.46468699
v 0.19464993 0.20687592 -0.47391045
v 0.19534661 0.20996864 -0.46539015
v 0.20440175 0.20658942 -0.47536695
v 0.20050219 0.20908585 -0.46362996
v 0.19174729 0.20693320 -0.47713676
v 0.20179491 0.20766969 -0.46729067
v 0.20451230 0.20682129 -0.47171557
v 0.19341427 0.20645595 -0.47834030
v 0.19106662 0.20659930 -0.48003834
v 0.19839142 0.20589267 -0.47815272
v 0.20251115 0.20585369 -0.47856954
v 0.20256652 0.20826457 -0.46377227
v 0.20428343 0.20689449 -0.46733856
v 0.17041320 0.21107282 -0.48370284
v 0.20323321 0.20857924 -0.46203265
v 0.17479898 0.21096106 -0.48368132
v 0.20230140 0.20916280 -0.46154985
v 0.20428535 0.20911255 -0.45961922
v 0.20498259 0.20643981 -0.47897196
v 0.17887539 0.21087596 -0.48365852
v 0.18148841 0.21071017 -0.48349512
v 0.19371921 0.20635779 -0.48204312
v 0.19075599 0.20662802 -0.48207089
v 0.18946534 0.20748712 -0.47858199
v 0.18639466 0.20973933 -0.47522521
v 0.18544038 0.20916671 -0.47874463
v 0.20469765 0.20735227 -0.46358147
v 0.20825042 0.20615642 -0.46341038
v 0.20816793 0.20610085 -0.46746117
v 0.20535760 0.20807010 -0.46044528
v 0.20261526 0.20597352 -0.48218912
v 0.19861013 0.20602572 -0.48209599
v 0.21215795 0.20527716 -0.46354324
v 0.20558619 0.20703286 -0.47301027
v 0.18871003 0.20717202 -0.48227918
v 0.19388078 0.20663825 -0.48698169
v 0.21210080 0.20519046 -0.45948350
v 0.20863307 0.20654407 -0.45970431
v 0.19869672 0.20645843 -0.48700982
v 0.18250476 0.21037857 -0.48329291
v 0.19014153 0.20710532 -0.48695761
v 0.21522655 0.20439318 -0.45954534
v 0.21253577 0.20559278 -0.46766657
v 0.19871728 0.20698220 -0.49200898
v 0.19420260 0.20713434 -0.49201953
v 0.20254405 0.20647600 -0.48690200
v 0.21724470 0.20448059 -0.46359673
v 0.20525271 0.20664284 -0.48228428
v 0.20811009 0.20669286 -0.47205105
v 0.21291085 0.20634004 -0.47182935
v 0.21265796 0.20521262 -0.45583108
v 0.20233421 0.20715079 -0.49187842
v 0.18811966 0.20767365 -0.48699158
v 0.21922575 0.20392662 -0.46217084
v 0.19875683 0.20760803 -0.49576056
v 0.21412601 0.20444182 -0.45722944
v 0.21791682 0.20378529 -0.45964736
v 0.22137052 0.20386985 -0.46276498
v 0.21696103 0.20645297 -0.47169089
v 0.20221819 0.20793507 -0.49574658
v 0.19018781 0.20786467 -0.49200675
v 0.19451748 0.20780727 -0.49570081
v 0.21706122 0.20528938 -0.46779653
v 0.22130492 0.20444585 -0.46478385
v 0.21627164 0.20367320 -0.45555514
v 0.22133909 0.20307459 -0.45965910
v 0.21410041 0.20446320 -0.45442328
v 0.21470883 0.20449752 -0.45155981
v 0.20836258 0.20760015 -0.47616920
v 0.20580612 0.20720482 -0.47576880
v 0.20500238 0.20722425 -0.48750049
v 0.20935403 0.20853476 -0.47985113
v 0.21199788 0.20805402 -0.47764084
v 0.21321487 0.20760325 -0.47608352
v 0.20661734 0.20746553 -0.47937346
v 0.22516285 0.20390414 -0.46264634
v 0.18824419 0.20852712 -0.49200320
v 0.18485774 0.20890434 -0.48285604
v 0.19132133 0.20844652 -0.49564078
v 0.20702876 0.20775267 -0.48248893
v 0.22119099 0.20223196 -0.45528799
v 0.22558337 0.20148848 -0.45538446
v 0.22163521 0.20134358 -0.45076346
v 0.22561739 0.20072542 -0.45222974
v 0.23035188 0.07688873 0.04138608
v 0.23003475 0.08195228 0.05025366
v 0.23010181 0.08189996 0.04612799
v 0.23029472 0.08124958 0.03868064
v 0.23007983 0.08197036 0.05425323
v 0.23038907 0.08060581 0.03285640
v 0.23027685 0.08583485 0.03784632
v 0.23047134 0.07980607 0.02840071
v 0.23037657 0.08520789 0.02906778
v 0.23026186 0.08587769 0.04214722
v 0.23049410 0.07537605 0.03222475
v 0.23072907 0.07509809 0.02800979
v 0.23059787 0.07921199 0.02421559
v 0.23039563 0.08452933 0.02467430
v 0.23035981 0.08976642 0.02960110
v 0.23031028 0.08957496 0.02530785
v 0.23030281 0.08906264 0.02112309
v 0.23041342 0.08380616 0.02056495
v 0.23047116 0.08980636 0.03390530
v 0.23058683 0.08321163 0.01632543
v 0.23023856 0.08838253 0.01678635
v 0.23025039 0.08773413 0.01221621
v 0.23032233 0.09337032 0.01741777
v 0.23019747 0.09316941 0.01312977
v 0.23003212 0.09116656 0.00948651
v 0.23010527 0.08898311 0.00933415
v 0.23053758 0.09399681 0.02208981
v 0.23024249 0.09494123 0.01192654
v 0.23044279 0.09586614 0.01657884
v 0.23005180 0.09270985 0.00836701
v 0.23059370 0.09335794 0.02575452
v 0.23032808 0.08588687 0.04624744
v 0.23086889 0.07903173 0.02040681
v 0.23053557 0.08442813 0.01335436
v 0.23064515 0.09580396 0.02116384
v 0.23045743 0.09738853 0.00912335
v 0.23016809 0.09717472 0.00471424
v 0.23004080 0.09208228 0.00426708
v 0.23011035 0.09689463 0.00035642
v 0.23046035 0.08729296 0.00803317
v 0.23063017 0.09157151 -0.00195344
v 0.23011312 0.09674542 -0.00191996
v 0.23044489 0.10096962 -0.00187868
v 0.23052818 0.08588594 0.01058417
v 0.23075280 0.09015546 0.03828218
v 0.23071501 0.09286296 0.02978026
v 0.23088682 0.09242909 0.03387204
v 0.23083121 0.09562448 0.02385751
v 0.23057958 0.08613440 0.05026820
v 0.23112378 0.07534251 0.02434142
v 0.23078160 0.10120752 0.00066564
v 0.23090287 0.08041004 0.01753223
v 0.23077764 0.08929764 0.04204554
v 0.23086695 0.08853590 0.04611358
v 0.23069510 0.09716390 0.01372800
v 0.23060066 0.08517716 0.05421095
v 0.23102763 0.08694188 0.00408698
v 0.23101133 0.09532195 0.02590843
v 0.23099600 0.08798388 0.04936667
v 0.23108421 0.08163969 0.01485316
v 0.23113860 0.09186195 0.03846790
v 0.23120627 0.10134162 0.00529106
v 0.23221144 0.08605138 -0.00024456
v 0.23221277 0.08617947 -0.00199224
v 0.23174289 0.10139460 0.00972641
v 0.23135805 0.09123173 0.04184945
v 0.23115647 0.09772646 0.01807193
v 0.23138881 0.09479123 0.02978578
v 0.23127954 0.08712789 0.05411384
v 0.23129530 0.08307678 0.01210761
v 0.23242566 0.10140610 0.01416235
v 0.23162375 0.07781729 0.01916550
v 0.23243231 0.10510466 0.00089446
v 0.23189797 0.10559388 -0.00182807
v 0.23167168 0.09045535 0.04585976
v 0.23159625 0.08648365 0.05810197
v 0.23149827 0.09727090 0.02241686
v 0.23311557 0.08320916 0.00405664
v 0.23333153 0.08371586 0.00078421
v 0.23352124 0.08418807 -0.00180874
v 0.23286092 0.08257375 0.00782398
v 0.23182575 0.09432464 0.03373250
v 0.23371071 0.10465042 0.01001159
v 0.23193894 0.08949582 0.04997261
v 0.23433395 0.10414977 0.01439826
v 0.23361072 0.10169257 0.01857272
v 0.23392442 0.10084278 0.02231293
v 0.23362450 0.10712631 0.00097760
v 0.23456566 0.10685956 0.00581242
v 0.23242056 0.09753989 0.02598069
v 0.23221274 0.07917796 0.01625665
v 0.23209877 0.09342806 0.03800613
v 0.23424195 0.08030552 0.00900030
v 0.23467217 0.08076695 0.00621980
v 0.23398006 0.07915966 0.01266881
v 0.23312661 0.10733012 -0.00157137
v 0.23411295 0.10937534 -0.00199444
v 0.23298031 0.08972465 0.05384978
v 0.23513588 0.10926036 0.00119508
v 0.23481619 0.10363835 0.01748368
v 0.23420718 0.08996885 0.05771440
v 0.23454814 0.10019451 0.02601543
v 0.23493239 0.08111367 0.00406611
v 0.23305266 0.09357738 0.04151365
v 0.23378947 0.09784061 0.02997673
v 0.23566951 0.08190630 -0.00263355
v 0.23549283 0.08195803 -0.00045865
v 0.23421051 0.09376800 0.04518866
v 0.23729019 0.11202449 0.00148196
v 0.23631978 0.11230108 -0.00198469
v 0.23833069 0.11153941 0.00596751
v 0.23642397 0.10921355 0.00592448
v 0.23441854 0.09279419 0.04943606
v 0.23783186 0.10935476 0.01020964
v 0.23541160 0.10660825 0.01014737
v 0.23503870 0.09214163 0.05351755
v 0.23407163 0.09714442 0.03350887
v 0.23456448 0.09656749 0.03730672
v 0.23510548 0.09969603 0.02886006
v 0.23526512 0.07717669 0.01424706
v 0.23465040 0.07655901 0.01634906
v 0.23892319 0.11110478 0.00892291
v 0.23513210 0.09594059 0.04114540
v 0.23541830 0.10316554 0.02002866
v 0.23938631 0.11062758 0.01148432
v 0.23837368 0.10822105 0.01367629
v 0.23551150 0.09175552 0.05614520
v 0.23426722 0.11068358 -0.00312453
v -0.05956925 0.12161390 -0.00101238
v -0.04895224 0.13985771 -0.00114510
v -0.04377463 0.13194485 -0.00107660
v -0.02059705 0.14697421 -0.00116625
v -0.03214329 0.15458493 -0.00122654
v -0.05390409 0.15343304 -0.00123356
v -0.07041284 0.15922771 -0.00128070
v -0.05645949 0.17121115 -0.00133985
v -0.06012422 0.17861308 -0.00142848
v -0.04510833 0.17841002 -0.00135203
v -0.04604353 0.16807234 -0.00130495
v -0.03170729 0.17314425 -0.00131345
v -0.02738634 0.17832740 -0.00133355
v -0.00885260 0.17369118 -0.00133313
v -0.00611316 0.17832035 -0.00136848
v 0.02443215 0.17853703 -0.00138452
v 0.01228678 0.17114608 -0.00133095
v 0.02819528 0.16952655 -0.00132130
v 0.04292595 0.17641646 -0.00138583
v 0.04294515 0.16582765 -0.00132344
v 0.05136348 0.16793025 -0.00138713
v 0.04988288 0.14534554 -0.00123203
v 0.06215326 0.15594667 -0.00138690
v 0.06155025 0.16920111 -0.00148863
v 0.07349336 0.17084569 -0.00162145
v 0.07796590 0.16230550 -0.00155163
v 0.08565014 0.17458613 -0.00171831
v 0.07245196 0.17659038 -0.00169144
v 0.07143071 0.18294926 -0.00180045
v 0.08427391 0.18223247 -0.00186608
v 0.07823631 0.18727916 -0.00198442
v 0.08655044 0.18724020 -0.00203226
v 0.10154998 0.18739027 -0.00202417
v 0.11099674 0.18322754 -0.00188535
v 0.12955455 0.18750720 -0.00200272
v 0.06831487 0.18713646 -0.00185978
v 0.05094679 0.18352488 -0.00150549
v 0.06244829 0.17754915 -0.00158235
v 0.05253030 0.17644753 -0.00145052
v 0.03607894 0.18288143 -0.00144428
v 0.04166776 0.18747994 -0.00153731
v 0.05168399 0.18727891 -0.00159658
v 0.04699016 0.19131276 -0.00169241
v 0.05551049 0.19132325 -0.00179728
v 0.07077787 0.19131832 -0.00208432
v 0.07843761 0.19130707 -0.00218905
v 0.08557351 0.19128637 -0.00225010
v 0.09798950 0.19125342 -0.00222770
v 0.11428705 0.19124459 -0.00225093
v 0.13027363 0.19109207 -0.00221558
v 0.13542435 0.19097239 -0.00220296
v 0.14139412 0.19077434 -0.00220258
v 0.03843319 0.19132838 -0.00166390
v 0.01851646 0.18727817 -0.00153753
v 0.00426030 0.19131531 -0.00166990
v -0.00373554 0.18721831 -0.00152309
v -0.02855258 0.19136307 -0.00162613
v -0.02650906 0.18722504 -0.00148986
v -0.01028123 0.18267795 -0.00141692
v 0.01317974 0.18284032 -0.00144353
v -0.02743982 0.18271202 -0.00138669
v -0.05016056 0.18289562 -0.00141655
v -0.04977652 0.18714488 -0.00152117
v -0.06529170 0.18723240 -0.00169039
v -0.05409172 0.19135308 -0.00171654
v -0.04372442 0.19133398 -0.00165746
v -0.06066712 0.19132462 -0.00181049
v 0.07462072 0.14447090 -0.00136943
v 0.08337745 0.14814906 -0.00142788
v 0.06399015 0.14103629 -0.00128286
v 0.03425631 0.16139293 -0.00127738
v 0.03964262 0.14315754 -0.00118005
v 0.02725543 0.14705980 -0.00118634
v 0.02122513 0.13421537 -0.00110893
v 0.00683033 0.15223363 -0.00120856
v 0.00311908 0.13335150 -0.00109317
v -0.00633108 0.11882022 -0.00099476
v 0.03679879 0.12190059 -0.00103539
v -0.01520069 0.12735635 -0.00103438
v -0.03496555 0.11588298 -0.00096135
v -0.03690386 0.10521196 -0.00091574
v -0.01288211 0.10658985 -0.00094332
v 0.01086030 0.11205254 -0.00097234
v 0.03464495 0.10936411 -0.00096446
v 0.00999810 0.10376263 -0.00094497
v -0.01153933 0.09618778 -0.00092327
v -0.03643808 0.09590809 -0.00089288
v -0.05158027 0.10898994 -0.00093618
v -0.04678974 0.08575313 -0.00089219
v -0.02916235 0.12780829 -0.00103162
v -0.00765107 0.14120045 -0.00113070
v -0.01720705 0.16673194 -0.00129278
v -0.03457319 0.07283601 -0.00093171
v 0.02135012 0.09841749 -0.00093576
v 0.00029541 0.08409943 -0.00094865
v -0.02356139 0.08675490 -0.00090673
v -0.01264228 0.07502479 -0.00095521
v -0.03176995 0.05961964 -0.00098338
v -0.01248638 0.06104013 -0.00102098
v -0.00420108 0.05133501 -0.00110115
v 0.02729761 0.08174746 -0.00096197
v 0.00341086 0.06497378 -0.00103660
v 0.02633053 0.07102190 -0.00101290
v 0.01461891 0.05794568 -0.00108781
v 0.04410332 0.05174858 -0.00108913
v 0.03732532 0.05885609 -0.00107757
v 0.04700877 0.07021786 -0.00100731
v 0.04118323 0.09072261 -0.00093688
v 0.02328668 0.08977193 -0.00093831
v 0.06572966 0.13271949 -0.00121885
v 0.08240193 0.13668481 -0.00132400
v 0.08815707 0.16029456 -0.00154833
v 0.09993912 0.17681623 -0.00175122
v 0.13329963 0.18338296 -0.00187028
v 0.14125730 0.18735029 -0.00194095
v 0.15299726 0.17306548 -0.00176052
v 0.14307791 0.16768789 -0.00165868
v 0.15190253 0.16482118 -0.00168559
v 0.14703378 0.17723009 -0.00176246
v 0.14114656 0.17926915 -0.00178028
v 0.13719989 0.17280379 -0.00168919
v 0.13338423 0.15381423 -0.00150907
v 0.14770363 0.15628862 -0.00159401
v 0.12138370 0.17904931 -0.00178485
v 0.11994813 0.17267510 -0.00167957
v 0.09731285 0.16830330 -0.00162000
v 0.11133044 0.16431373 -0.00157442
v 0.09636664 0.15778564 -0.00150843
v 0.10419919 0.15288094 -0.00146157
v 0.09207144 0.14032473 -0.00135692
v 0.12293916 0.16045812 -0.00155169
v 0.11309147 0.14406581 -0.00139556
v 0.12490132 0.14021832 -0.00137792
v 0.10936542 0.12866178 -0.00124796
v 0.13713291 0.13191600 -0.00131141
v 0.14886174 0.14144257 -0.00144224
v 0.16111946 0.14805448 -0.00155533
v 0.17012563 0.16526914 -0.00175802
v 0.17287353 0.14382768 -0.00152939
v 0.16247813 0.12994041 -0.00134320
v 0.13675639 0.12410250 -0.00122796
v 0.08542542 0.12281365 -0.00117820
v 0.07603268 0.12979318 -0.00123237
v 0.06384751 0.12212950 -0.00110483
v 0.05057697 0.12230667 -0.00106004
v 0.06612585 0.11010590 -0.00102445
v 0.04770180 0.11153759 -0.00098487
v 0.06051842 0.10131235 -0.00097417
v 0.04312443 0.10131469 -0.00093992
v 0.05319452 0.09026000 -0.00095469
v 0.05061208 0.07953095 -0.00097722
v 0.05774440 0.06653047 -0.00100338
v 0.08586138 0.09645218 -0.00101840
v 0.06824067 0.09220329 -0.00098321
v 0.07444502 0.08051500 -0.00099512
v 0.10267296 0.10594563 -0.00106600
v 0.08366083 0.10686633 -0.00105200
v 0.13007724 0.11419593 -0.00113555
v 0.10144633 0.11706256 -0.00113233
v 0.14787179 0.11816058 -0.00118541
v 0.17181808 0.12715302 -0.00131766
v 0.17233756 0.11732861 -0.00120375
v 0.18026081 0.13124123 -0.00141288
v 0.18137439 0.14328322 -0.00157705
v 0.17669468 0.15980212 -0.00171776
v 0.18448344 0.14936545 -0.00167866
v 0.19148049 0.15745117 -0.00190977
v 0.18369882 0.16255967 -0.00182772
v 0.19930299 0.16276912 -0.00218829
v 0.19831702 0.15455294 -0.00198123
v 0.19409007 0.14566517 -0.00177475
v 0.18841951 0.13292788 -0.00151746
v 0.19533929 0.12796167 -0.00154922
v 0.18636516 0.12141649 -0.00133576
v 0.17927119 0.12132614 -0.00127142
v 0.18026906 0.11549905 -0.00122474
v 0.17229004 0.10950755 -0.00115292
v 0.18024214 0.10764240 -0.00118090
v 0.17224482 0.10158941 -0.00112093
v 0.15466492 0.10933366 -0.00113896
v 0.14427257 0.10440609 -0.00111006
v 0.12382802 0.09201972 -0.00105381
v 0.14772934 0.08900619 -0.00108681
v 0.14184642 0.07772109 -0.00105524
v 0.12670359 0.07473296 -0.00100997
v 0.11982961 0.10384592 -0.00107788
v 0.10337484 0.08655085 -0.00101429
v 0.08855335 0.08285289 -0.00100126
v 0.08810325 0.06654037 -0.00098316
v 0.11076875 0.07026872 -0.00098124
v 0.10525684 0.06036171 -0.00097346
v 0.12372784 0.06367677 -0.00099359
v 0.15164125 0.06478056 -0.00106195
v 0.13691452 0.05995868 -0.00102920
v 0.17075229 0.06947932 -0.00108694
v 0.17136933 0.05851679 -0.00111174
v 0.18007436 0.05410544 -0.00114950
v 0.17618421 0.08503346 -0.00111195
v 0.16676690 0.08287145 -0.00109356
v 0.18220606 0.08287999 -0.00114694
v 0.18020383 0.09873673 -0.00115338
v 0.18625276 0.09071256 -0.00120590
v 0.18633571 0.11113456 -0.00126264
v 0.19535655 0.11758989 -0.00143477
v 0.19533314 0.10627203 -0.00137717
v 0.20219523 0.12974438 -0.00168481
v 0.20515990 0.11826095 -0.00162281
v 0.20757097 0.10726674 -0.00159897
v 0.21670204 0.11177260 -0.00182949
v 0.21605831 0.10613871 -0.00175078
v 0.20795158 0.09499045 -0.00153167
v 0.21586519 0.09483145 -0.00165403
v 0.22617273 0.10185424 -0.00185705
v 0.22264755 0.09997631 -0.00176374
v 0.22585347 0.09348343 -0.00185862
v 0.21448059 0.08371038 -0.00156992
v 0.22077179 0.08944263 -0.00173331
v 0.21804182 0.07391847 -0.00162365
v 0.21354809 0.07476848 -0.00151598
v 0.21594995 0.05298316 -0.00162837
v 0.20217308 0.10578348 -0.00147993
v 0.20206830 0.08975065 -0.00141839
v 0.19280562 0.08866870 -0.00129560
v 0.20198128 0.07587021 -0.00137486
v 0.19024195 0.06826968 -0.00122364
v 0.20633961 0.07062662 -0.00142016
v 0.18018609 0.06779569 -0.00112241
v 0.18942758 0.05510551 -0.00123131
v 0.18404695 0.03905424 -0.00118508
v 0.17146307 0.04640745 -0.00112570
v 0.14671959 0.04800047 -0.00104778
v 0.11474197 0.04671142 -0.00097495
v 0.09199964 0.04845974 -0.00094941
v 0.06965452 0.05129660 -0.00100860
v 0.20791417 0.03464404 -0.00154261
v 0.20094860 0.03617738 -0.00140802
v 0.20832850 0.05419443 -0.00149560
v 0.20087028 0.05449182 -0.00137243
v 0.21833470 0.05659870 -0.00168534
v 0.22212960 0.06266169 -0.00179051
v 0.23014393 0.08229341 -0.00191805
v 0.22497068 0.07493843 -0.00182632
v 0.23039424 0.07600892 -0.00192797
v 0.22607331 0.06950388 -0.00190607
v 0.23412216 0.06847694 -0.00215035
v 0.22638391 0.06358095 -0.00194757
v 0.22576675 0.05187895 -0.00186670
v 0.22424985 0.04346587 -0.00176412
v 0.23027556 0.04635242 -0.00190757
v 0.22196992 0.03745751 -0.00174074
v 0.23058318 0.05484247 -0.00196614
v 0.23017709 0.06402982 -0.00203018
v 0.23398152 0.06092446 -0.00215339
v 0.22159076 0.08150343 -0.00177540
v 0.22641137 0.08444244 -0.00184512
v 0.22624633 0.11320034 -0.00210481
v 0.23024337 0.10904460 -0.00214083
v 0.23035762 0.11644803 -0.00231016
v 0.22651592 0.12057997 -0.00224347
v 0.22304608 0.12020601 -0.00215635
v 0.22648431 0.12449494 -0.00226469
v 0.22076458 0.12248764 -0.00208323
v 0.21722199 0.12722994 -0.00198743
v 0.22635230 0.12830900 -0.00229297
v 0.20463462 0.14558947 -0.00196838
v 0.21407074 0.14213654 -0.00210239
v 0.21135993 0.15150976 -0.00220327
v 0.21460165 0.14817999 -0.00218468
v 0.21883282 0.14324740 -0.00210706
v 0.21477248 0.13600199 -0.00203554
v 0.20478877 0.15263377 -0.00206597
v 0.20561510 0.16017789 -0.00214683
v 0.21038651 0.15565301 -0.00224007
v 0.20821737 0.12998909 -0.00181170
v 0.21837021 0.13529243 -0.00208480
v 0.22261564 0.13218908 -0.00212001
v 0.22241187 0.13625017 -0.00213260
v 0.22189462 0.13965258 -0.00216291
v 0.06934597 0.06631483 -0.00100099
v 0.15315111 0.17943308 -0.00184342
v 0.16311394 0.17614478 -0.00188827
v 0.16038376 0.18343222 -0.00199934
v 0.16733395 0.18354549 -0.00201662
v 0.17116256 0.18332939 -0.00205013
v 0.17300892 0.17672229 -0.00190820
v 0.17540209 0.17962147 -0.00198862
v 0.17914905 0.17938051 -0.00202848
v 0.18317875 0.17558554 -0.00201411
v 0.17919315 0.16962096 -0.00186764
v 0.19100831 0.17172594 -0.00215806
v 0.19241668 0.16872099 -0.00216563
v 0.19526549 0.16385546 -0.00215412
v 0.18679547 0.17544746 -0.00211829
v 0.16133879 0.16507761 -0.00173228
v 0.15535407 0.18739279 -0.00203309
v 0.14757548 0.18744360 -0.00194697
v 0.19867334 0.16732514 -0.00232007
v 0.19444531 0.17123038 -0.00232194
v 0.22960405 0.08766023 -0.00198726
v 0.15911075 0.18725829 -0.00210547
v 0.16278495 0.18688534 -0.00218498
v 0.23409715 0.07496959 -0.00208983
v 0.21409087 0.15175049 -0.00233776
v 0.22969975 0.10481809 -0.00206909
v 0.22897018 0.09915839 -0.00202368
v 0.22915073 0.09224208 -0.00203209
v 0.23221277 0.08617947 -0.00199224
v 0.23063017 0.09157151 -0.00195344
v 0.23396294 0.07939880 -0.00221595
v 0.23327053 0.08280714 -0.00218454
v 0.18253343 0.17874005 -0.00216265
v 0.17473607 0.18271920 -0.00218196
v 0.23029315 0.12033013 -0.00250531
v 0.23381378 0.05508234 -0.00220051
v 0.23292087 0.10914829 -0.00234209
v 0.22597554 0.13198034 -0.00240393
v 0.23305061 0.11267929 -0.00251487
v 0.21759263 0.14742835 -0.00235326
v 0.23401055 0.04546153 -0.00231643
v 0.19008088 0.17468327 -0.00236307
v 0.14701879 0.19042781 -0.00226941
v 0.16639331 0.18636620 -0.00233090
v 0.15084010 0.19016662 -0.00237468
v 0.23189797 0.10559388 -0.00182807
v 0.23011312 0.09674542 -0.00191996
v 0.23044489 0.10096962 -0.00187868
v 0.23303163 0.11657271 -0.00267102
v 0.23002088 0.12403025 -0.00273796
v 0.23275211 0.12019230 -0.00303235
v 0.22945902 0.12750319 -0.00300470
v 0.23677060 0.07266419 -0.00258279
v 0.23666297 0.07606753 -0.00258723
v -0.00659031 0.19373938 -0.00210047
v -0.02631987 0.19378126 -0.00207002
v 0.23566951 0.08190630 -0.00263355
v 0.23617278 0.07912582 -0.00275536
v 0.23613456 0.06385358 -0.00262703
v 0.22530735 0.13538685 -0.00265945
v -0.04832484 0.19377178 -0.00217997
v 0.01211158 0.19368532 -0.00221335
v 0.04750828 0.19365254 -0.00223184
v 0.03833266 0.19367674 -0.00217623
v 0.22101660 0.14275905 -0.00246306
v 0.15454526 0.18987791 -0.00255703
v 0.23547728 0.04876102 -0.00268183
v 0.23542194 0.05294518 -0.00264084
v 0.23556401 0.05714250 -0.00261247
v -0.05675364 0.19372012 -0.00233695
v 0.20934951 0.15835857 -0.00251410
v 0.20529580 0.16227074 -0.00252218
v 0.17805754 0.18183640 -0.00251462
v 0.06306821 0.19367707 -0.00257653
v -0.06645945 0.19374232 -0.00265074
v 0.07093573 0.19370246 -0.00279006
v 0.18559375 0.17785105 -0.00263549
v 0.20132895 0.16637535 -0.00266415
v 0.21312772 0.15463191 -0.00276397
v 0.07865934 0.19370556 -0.00300580
v 0.08746606 0.19369702 -0.00316699
v 0.23214792 0.12358449 -0.00346678
v 0.11276107 0.19361053 -0.00320802
v 0.12189130 0.19350639 -0.00322228
v 0.19746424 0.17023681 -0.00300640
v 0.15827429 0.18959263 -0.00309588
v 0.17014492 0.18579713 -0.00305102
v 0.12729481 0.19340804 -0.00329387
v 0.21657778 0.15056069 -0.00303141
v 0.22880006 0.13059011 -0.00352107
v 0.13122112 0.19329394 -0.00338808
v 0.23426722 0.11068358 -0.00312453
v 0.16171101 0.18881334 -0.00312667
v 0.13463737 0.19327404 -0.00367152
v 0.13906062 0.19284981 -0.00343785
v 0.14419264 0.19236243 -0.00342649
v 0.19315572 0.17360105 -0.00311864
v 0.22452235 0.13825727 -0.00322699
v 0.22268303 0.14160709 -0.00337396
v 0.23111925 0.12678841 -0.00384721
v 0.23312661 0.10733012 -0.00157137
v 0.23411295 0.10937534 -0.00199444
v 0.15022011 0.19148000 -0.00348537
v 0.23035894 0.12865244 -0.00408783
v 0.23444305 0.11296964 -0.00368449
v 0.23583518 0.11343593 -0.00471455
v 0.17351848 0.18457448 -0.00325014
v 0.21990272 0.14578277 -0.00316722
v 0.21820202 0.14865582 -0.00341691
v 0.23577105 0.11517066 -0.00600231
v 0.23323309 0.12337731 -0.00507798
v 0.23400509 0.12018671 -0.00474702
v 0.23633033 0.11570364 -0.00891421
v 0.23541628 0.11735123 -0.00877012
v 0.23577105 0.11517066 -0.00600231
v 0.23477939 0.11648990 -0.00474909
v 0.23675779 0.11497995 -0.00716271
v 0.23583518 0.11343593 -0.00471455
v 0.23275211 0.12019230 -0.00303235
v 0.23303163 0.11657271 -0.00267102
v 0.23444305 0.11296964 -0.00368449
v 0.23729670 0.11501674 -0.00733145
v 0.22931802 0.16668622 -0.26005819
v 0.22928783 0.16645761 -0.26391184
v 0.22973619 0.16239624 -0.26369825
v 0.22956739 0.16235656 -0.25985235
v 0.22942382 0.16689233 -0.25616011
v 0.22948976 0.16233312 -0.25597745
v 0.22959514 0.16700095 -0.25211522
v 0.22951275 0.16235174 -0.25191820
v 0.22980472 0.16684183 -0.24822497
v 0.22964285 0.16246942 -0.24422663
v 0.22985473 0.15785627 -0.24791929
v 0.22977789 0.15779482 -0.24413170
v 0.22970146 0.16246141 -0.24039039
v 0.22972448 0.15795426 -0.24022213
v 0.22979030 0.16227899 -0.23661809
v 0.22965005 0.15842825 -0.23240717
v 0.23009357 0.15392381 -0.23613417
v 0.22993648 0.15388687 -0.23219234
v 0.22966863 0.15849420 -0.22840957
v 0.22985169 0.15390162 -0.22820176
v 0.22973755 0.15836115 -0.22458112
v 0.22976109 0.15389265 -0.22429422
v 0.22961476 0.15373062 -0.22048622
v 0.22998767 0.15812628 -0.25180548
v 0.22986823 0.15801553 -0.22089137
v 0.22943215 0.15348645 -0.21691753
v 0.22988445 0.14884894 -0.21664645
v 0.22967766 0.14894658 -0.21385214
v 0.22944888 0.15347181 -0.21387348
v 0.22970571 0.15365736 -0.21043132
v 0.22966599 0.14932625 -0.21069744
v 0.23000006 0.15376617 -0.20613863
v 0.22956587 0.17021547 -0.26028433
v 0.22933584 0.17025317 -0.26411036
v 0.22930485 0.16622503 -0.26781082
v 0.22920114 0.17022647 -0.26795554
v 0.22934532 0.16601501 -0.27168888
v 0.22912994 0.17008407 -0.27181035
v 0.22945133 0.16592106 -0.27545807
v 0.22909720 0.16990480 -0.27559233
v 0.22912288 0.16979323 -0.27933344
v 0.22930428 0.17381196 -0.27952451
v 0.22921142 0.17400138 -0.28337240
v 0.22923307 0.16974707 -0.28321326
v 0.22924103 0.17411648 -0.28719372
v 0.22948535 0.16962349 -0.29095975
v 0.22926877 0.17398709 -0.29101217
v 0.22924024 0.17365588 -0.29500493
v 0.22942594 0.17802620 -0.29127941
v 0.22931489 0.17821382 -0.29516688
v 0.22922117 0.17334132 -0.29903147
v 0.22922367 0.17815483 -0.29915717
v 0.22922151 0.17321280 -0.30291289
v 0.22913274 0.17795019 -0.30303100
v 0.22930689 0.17328312 -0.30671018
v 0.22905537 0.17772675 -0.30689052
v 0.22901884 0.17753808 -0.31071225
v 0.22963655 0.16961356 -0.29492813
v 0.22936249 0.18264826 -0.30714974
v 0.22919068 0.18263732 -0.31100833
v 0.22904459 0.17743291 -0.31456241
v 0.22907293 0.18248297 -0.31483477
v 0.22913906 0.17745124 -0.31844684
v 0.22899243 0.18225627 -0.31867769
v 0.22929728 0.17759530 -0.32228822
v 0.22894008 0.18202922 -0.32251722
v 0.22893842 0.18176417 -0.32639185
v 0.22894354 0.18606427 -0.32275331
v 0.22881305 0.18605016 -0.32654503
v 0.22898169 0.18150778 -0.33029708
v 0.22876240 0.18588004 -0.33039325
v 0.22904322 0.18140146 -0.33421963
v 0.22873698 0.18547262 -0.33821830
v 0.22916631 0.18594845 -0.31897032
v 0.22971138 0.14984971 -0.20631063
v 0.22986379 0.15031911 -0.20185322
v 0.22917260 0.18148987 -0.33812299
v 0.22874758 0.18543285 -0.34206083
v 0.22880092 0.18989748 -0.34220561
v 0.22869401 0.18996431 -0.34606698
v 0.22881031 0.18549694 -0.34591833
v 0.22865039 0.19002973 -0.35017395
v 0.22903842 0.18558788 -0.35375869
v 0.22886619 0.19361272 -0.35024559
v 0.22897749 0.18984379 -0.33837804
v 0.22920617 0.18972738 -0.33448935
v 0.22851126 0.18954472 -0.35779795
v 0.22864209 0.19380878 -0.35405508
v 0.22845680 0.19388111 -0.35793447
v 0.22844677 0.18931131 -0.36176646
v 0.22829166 0.19380268 -0.36186191
v 0.22843038 0.18920533 -0.36566851
v 0.22816765 0.19362175 -0.36573783
v 0.22848600 0.18926105 -0.36954093
v 0.22807227 0.19343272 -0.36964360
v 0.22799242 0.19327652 -0.37350518
v 0.22821024 0.19804622 -0.36980024
v 0.22799629 0.19809414 -0.37366700
v 0.22794640 0.19316268 -0.37742850
v 0.22781333 0.19792654 -0.37758854
v 0.22796175 0.19309515 -0.38137850
v 0.22766574 0.19761761 -0.38152918
v 0.22805111 0.19312839 -0.38524181
v 0.22846867 0.19778781 -0.36591536
v 0.22959617 0.18242632 -0.30327493
v 0.22810028 0.20130320 -0.37780976
v 0.22775875 0.20146309 -0.38169768
v 0.22758000 0.19732063 -0.38538063
v 0.22750904 0.20157950 -0.38550785
v 0.22754364 0.19710739 -0.38921461
v 0.22732684 0.20167881 -0.38927114
v 0.22715718 0.20210555 -0.39320430
v 0.22752389 0.19698778 -0.39306623
v 0.22747476 0.19698896 -0.39695024
v 0.22996452 0.16197497 -0.23280101
v 0.22701195 0.19996570 -0.40008765
v 0.22700766 0.20423616 -0.39464554
v 0.22694452 0.20378302 -0.39696679
v 0.22688116 0.20168698 -0.40122843
v 0.22698657 0.19846462 -0.40278044
v 0.22680260 0.20542058 -0.40105000
v 0.22699307 0.19827141 -0.40498263
v 0.22652043 0.20564660 -0.40505049
v 0.22654116 0.20125386 -0.40896210
v 0.22623564 0.20571733 -0.40907577
v 0.22707088 0.20507482 -0.39712217
v 0.22585841 0.20557156 -0.41313225
v 0.22990602 0.17010437 -0.25641045
v 0.22962190 0.17766418 -0.28755036
v 0.23009267 0.16646563 -0.24453370
v 0.22745323 0.20481604 -0.39333513
v 0.22633137 0.20133680 -0.41305730
v 0.22947076 0.18579288 -0.31519562
v 0.22952303 0.17367063 -0.27576435
v 0.22949556 0.17348368 -0.31049067
v 0.22982159 0.17350423 -0.27196440
v 0.22733419 0.19734868 -0.40121847
v 0.22996809 0.16245055 -0.26758108
v 0.23036622 0.14930639 -0.22430199
v 0.23016588 0.14899027 -0.22037098
v 0.22672361 0.20895754 -0.40867352
v 0.22607778 0.20887856 -0.41319552
v 0.22540595 0.20541687 -0.41717997
v 0.22551842 0.20884427 -0.41719583
v 0.22485697 0.20542906 -0.42128149
v 0.22883292 0.19744444 -0.36207473
v 0.22921452 0.19337612 -0.34630156
v 0.23035099 0.15375400 -0.20186703
v 0.22482985 0.20878746 -0.42127261
v 0.22700931 0.19814563 -0.40897503
v 0.23013370 0.15761322 -0.21724510
v 0.23077361 0.15378913 -0.19813590
v 0.22954674 0.17778651 -0.32618505
v 0.22965106 0.16594966 -0.27922264
v 0.22861812 0.18944721 -0.37336519
v 0.22992435 0.16600572 -0.28309923
v 0.23040381 0.14580651 -0.20601489
v 0.23027413 0.14622404 -0.20193940
v 0.23005509 0.15063840 -0.19773321
v 0.23019773 0.14660510 -0.19768925
v 0.23019752 0.15069960 -0.19372135
v 0.23018707 0.14686206 -0.19355275
v 0.23051496 0.15069865 -0.18975344
v 0.23078606 0.15246063 -0.19254093
v 0.23021089 0.14703435 -0.18964607
v 0.23026985 0.14706224 -0.18573421
v 0.23036027 0.14691505 -0.18179709
v 0.23058435 0.14258493 -0.18552214
v 0.23036824 0.14279367 -0.17780972
v 0.23051181 0.14684004 -0.17793581
v 0.23064297 0.14829710 -0.17984627
v 0.23028728 0.14284407 -0.17393525
v 0.23052476 0.14606279 -0.17404714
v 0.23029733 0.14287081 -0.17003608
v 0.23048626 0.13841571 -0.17001911
v 0.23040089 0.14285110 -0.16614176
v 0.23041646 0.13851522 -0.16611160
v 0.23056325 0.14276934 -0.16227396
v 0.23031896 0.13877876 -0.15841125
v 0.23066957 0.14249803 -0.18956965
v 0.23064286 0.13506596 -0.16226608
v 0.23055936 0.13496073 -0.15841164
v 0.23031980 0.13887362 -0.15452729
v 0.23048304 0.13482507 -0.15453848
v 0.23040450 0.13889514 -0.15071617
v 0.23045838 0.13437323 -0.15094402
v 0.23065780 0.13903485 -0.14663094
v 0.23060404 0.13250203 -0.15199271
v 0.23036596 0.13518222 -0.14623293
v 0.23053968 0.13233440 -0.14677396
v 0.23052762 0.13199672 -0.14284326
v 0.23036583 0.13541318 -0.13909368
v 0.23052581 0.13091263 -0.13879314
v 0.23046279 0.13547315 -0.13539268
v 0.23024383 0.13150585 -0.13218889
v 0.23038429 0.13457468 -0.13160311
v 0.23017357 0.13141733 -0.12755018
v 0.23064159 0.13826816 -0.14307114
v 0.23065248 0.13754594 -0.13926618
v 0.23037387 0.13390164 -0.12767929
v 0.23023613 0.13150124 -0.12345133
v 0.23037393 0.12757097 -0.12743978
v 0.23030257 0.12686965 -0.12365923
v 0.23016819 0.13054362 -0.11946881
v 0.23048656 0.12805635 -0.13136069
v 0.23066454 0.12843330 -0.13648327
v 0.23007196 0.12753680 -0.11938979
v 0.22994697 0.12766643 -0.11544056
v 0.23063408 0.13835336 -0.17390060
v 0.23015808 0.12997220 -0.11549976
v 0.22993010 0.12763429 -0.11159115
v 0.23012120 0.12421153 -0.11160974
v 0.23005117 0.12752694 -0.10770484
v 0.23010500 0.12330296 -0.10758281
v 0.22998048 0.12381762 -0.10384773
v 0.23027578 0.12751319 -0.10403094
v 0.22992903 0.12388875 -0.10000496
v 0.23027101 0.12084062 -0.10439226
v 0.23024352 0.11952337 -0.09966798
v 0.22994423 0.12383299 -0.09612326
v 0.23008044 0.11962881 -0.09613106
v 0.23002894 0.12368792 -0.09218659
v 0.22972071 0.11993654 -0.08840368
v 0.23077874 0.13529588 -0.16769032
v 0.23044442 0.12471583 -0.12072215
v 0.23063363 0.12499729 -0.12597689
v 0.23083857 0.14218828 -0.19361965
v 0.23080020 0.12961507 -0.14280683
v 0.23083246 0.13315672 -0.15843770
v 0.23089433 0.13851245 -0.17947926
v 0.23027992 0.12678571 -0.09999961
v 0.23047891 0.12129920 -0.11077111
v 0.23063450 0.14560485 -0.17012753
v 0.23047556 0.11704735 -0.09801723
v 0.23080289 0.14275721 -0.15854524
v 0.23075013 0.14186876 -0.15461211
v 0.23020101 0.12345378 -0.08828051
v 0.22967325 0.11978924 -0.08426344
v 0.23012972 0.11566954 -0.08807538
v 0.22985725 0.11573397 -0.08414732
v 0.22965777 0.11572054 -0.08007053
v 0.22971395 0.11968632 -0.08024185
v 0.22982921 0.11961710 -0.07626091
v 0.22951543 0.11567944 -0.07602750
v 0.23046851 0.13302177 -0.12326989
v 0.23022315 0.11178698 -0.08001788
v 0.23050228 0.11532813 -0.09207346
v 0.23098111 0.13964018 -0.18557639
v 0.23110937 0.14002463 -0.18952209
v 0.23106283 0.13629715 -0.17580995
v 0.23066409 0.12184492 -0.11547470
v 0.23058391 0.11835966 -0.10218287
v 0.23077288 0.14304918 -0.19768371
v 0.23081264 0.14379631 -0.20198131
v 0.23031485 0.14641638 -0.21080120
v 0.22821091 0.19327597 -0.38909915
v 0.22919355 0.18562108 -0.35768467
v 0.23090270 0.13022341 -0.14671685
v 0.23033810 0.15402883 -0.24010080
v 0.22985494 0.16972539 -0.29884917
v 0.22939554 0.18169647 -0.34195641
v 0.23085910 0.12583213 -0.13130312
v 0.22612602 0.20146024 -0.41708168
v 0.22586288 0.20162991 -0.42118680
v 0.23079668 0.14512040 -0.16625859
v 0.23120640 0.14036071 -0.19228363
v 0.23080537 0.15387119 -0.24432188
v 0.23021780 0.15862679 -0.25619709
v 0.22975886 0.17377393 -0.31432921
v 0.23078172 0.11927842 -0.10760150
v 0.23073255 0.14958639 -0.22848088
v 0.23083730 0.12223477 -0.11938506
v 0.23095535 0.12305214 -0.12362584
v 0.23074709 0.11260029 -0.08777482
v 0.23025337 0.14620225 -0.21348006
v 0.23023209 0.16611527 -0.28697836
v 0.22398633 0.20881437 -0.42543870
v 0.22420882 0.20561431 -0.42544255
v 0.23025340 0.12943010 -0.11162289
v 0.23081465 0.14118721 -0.15081210
v 0.22994542 0.18203598 -0.29944998
v 0.23044966 0.12891558 -0.10772348
v 0.23041496 0.12628762 -0.09613979
v 0.23097989 0.14019457 -0.14608529
v 0.22856069 0.20106560 -0.37392005
v 0.22949900 0.18945400 -0.33062032
v 0.23030964 0.16166025 -0.22887103
v 0.22708966 0.20695023 -0.40121949
v 0.23083426 0.14420396 -0.20419806
v 0.23099060 0.13352697 -0.16228339
v 0.23093665 0.11349443 -0.09222765
v 0.22705007 0.19824030 -0.41295546
v 0.23127106 0.13751283 -0.18141600
v 0.22323321 0.20878811 -0.42865440
v 0.22357441 0.20590620 -0.42921585
v 0.23075823 0.13674742 -0.13524768
v 0.22798857 0.20463338 -0.38944048
v 0.22882450 0.18970187 -0.37723112
v 0.23045552 0.10946899 -0.07552250
v 0.23032500 0.12222640 -0.08044201
v 0.23033793 0.12155359 -0.07649080
v 0.23044901 0.12332044 -0.08479640
v 0.23043750 0.14643258 -0.21636854
v 0.23052903 0.14410812 -0.21319070
v 0.23047051 0.14428687 -0.21492842
v 0.23117849 0.14152908 -0.21399711
v 0.22844227 0.19348370 -0.39296356
v 0.22989976 0.17799152 -0.33009389
v 0.23105794 0.12634344 -0.13506900
v 0.23117869 0.12702306 -0.13871226
v 0.22939689 0.18573646 -0.36160526
v 0.23025575 0.16256215 -0.27143353
v 0.23095834 0.15102860 -0.23598631
v 0.23002315 0.18208387 -0.34966338
v 0.23131190 0.14082442 -0.19501594
v 0.23096022 0.13093664 -0.15087315
v 0.23122613 0.11877760 -0.11161377
v 0.23087066 0.14692046 -0.22029835
v 0.23138361 0.12270612 -0.12731646
v 0.23015596 0.16996090 -0.30266050
v 0.23128171 0.13075633 -0.15445352
v 0.23102762 0.14752822 -0.22407466
v 0.23127642 0.14152415 -0.21296096
v 0.23164469 0.12666786 -0.14270116
v 0.23011029 0.17416692 -0.31816313
v 0.22710060 0.19835533 -0.41694793
v 0.22990039 0.18560986 -0.31128213
v 0.23059542 0.16617636 -0.24075961
v 0.23002298 0.17728363 -0.28368965
v 0.23104984 0.14733511 -0.17415076
v 0.23115122 0.15170194 -0.23997143
v 0.23163624 0.11873361 -0.11543093
v 0.23103742 0.15883979 -0.26331007
v 0.22750019 0.19697501 -0.40493855
v 0.23114948 0.11545459 -0.09958602
v 0.23104228 0.11453387 -0.09601534
v 0.23185486 0.11494660 -0.10374764
v 0.23119469 0.10976549 -0.08313414
v 0.23113009 0.14417784 -0.16017970
v 0.22969414 0.19315375 -0.34240094
v 0.23062810 0.13218677 -0.11956377
v 0.22935592 0.19709966 -0.35817388
v 0.23061158 0.12576357 -0.09224136
v 0.22516592 0.21289329 -0.42400599
v 0.23100959 0.15543558 -0.25164729
v 0.22552317 0.20176551 -0.42536047
v 0.23071857 0.16603117 -0.29081774
v 0.23185684 0.12268680 -0.13116887
v 0.23208895 0.12672283 -0.14656156
v 0.22510739 0.20183325 -0.42930743
v 0.22363907 0.21237837 -0.42964345
v 0.23064028 0.12841299 -0.10409892
v 0.22655065 0.21251921 -0.41728267
v 0.23242347 0.12272881 -0.13492326
v 0.23156320 0.13800137 -0.18549767
v 0.23164055 0.13090274 -0.15833464
v 0.22910163 0.18999416 -0.38110867
v 0.23118223 0.13385297 -0.16613822
v 0.23131856 0.15222490 -0.24295180
v 0.22967604 0.18592300 -0.36547089
v 0.23212531 0.11874820 -0.11930830
v 0.22867417 0.19376735 -0.39684784
v 0.22889513 0.19406462 -0.40079579
v 0.23091739 0.16273358 -0.27811670
v 0.23143819 0.14129762 -0.19765265
v 0.23108108 0.15979806 -0.26733062
v 0.22711177 0.19845267 -0.42104754
v 0.22705221 0.19850431 -0.42523795
v 0.23142022 0.13418801 -0.16999111
v 0.23075040 0.16675173 -0.29473829
v 0.22677933 0.21124294 -0.41331053
v 0.23123279 0.15611368 -0.25558531
v 0.23094463 0.16727543 -0.29861334
v 0.23157687 0.11053412 -0.08794016
v 0.23121476 0.14811300 -0.22703899
v 0.23246053 0.11493645 -0.10757481
v 0.23150022 0.10700901 -0.07596201
v 0.22267874 0.20917995 -0.43089148
v 0.22292259 0.20720899 -0.43034488
v 0.22427602 0.20214629 -0.43303236
v 0.22204764 0.20877905 -0.43269017
v 0.22267753 0.20601977 -0.43295556
v 0.22237445 0.21232031 -0.43277666
v 0.23040719 0.18171625 -0.29587486
v 0.23062631 0.15649897 -0.21019663
v 0.23062751 0.15750895 -0.21388149
v 0.23064107 0.16491780 -0.23657227
v 0.23055688 0.17000212 -0.25218403
v 0.23066348 0.16922216 -0.24862450
v 0.23082545 0.15585455 -0.20604803
v 0.22700876 0.21036947 -0.41008049
v 0.22985122 0.18909246 -0.32680357
v 0.23078083 0.16149230 -0.22544922
v 0.22912826 0.20072927 -0.37005702
v 0.22312601 0.21394679 -0.43186665
v 0.23310734 0.12275945 -0.13870330
v 0.23216072 0.10699221 -0.07994888
v 0.23105912 0.14464800 -0.20732485
v 0.23085701 0.17065281 -0.31006384
v 0.23102224 0.16371147 -0.28296885
v 0.23061684 0.18185796 -0.35365865
v 0.23061970 0.18252124 -0.35747388
v 0.23261906 0.12680419 -0.15038128
v 0.23051056 0.17795908 -0.33431235
v 0.23055094 0.17863736 -0.33797246
v 0.23125950 0.16045447 -0.27120736
v 0.23349833 0.11460584 -0.11170179
v 0.23264197 0.10282583 -0.06808412
v 0.23157567 0.15285929 -0.24664837
v 0.23151202 0.15677536 -0.25962633
v 0.23275270 0.11877328 -0.12324759
v 0.23176107 0.11151575 -0.09191816
v 0.22689143 0.19850993 -0.42919186
v 0.23210123 0.13104178 -0.16220339
v 0.23121804 0.16802788 -0.30342761
v 0.23071423 0.17430717 -0.32207534
v 0.23077060 0.17523931 -0.32589099
v 0.23078616 0.18297160 -0.36137944
v 0.23358384 0.12646246 -0.15436065
v 0.23267953 0.13111560 -0.16606238
v 0.23189703 0.13834511 -0.18942808
v 0.22944084 0.19024229 -0.38492283
v 0.23369466 0.11850847 -0.12710845
v 0.23075227 0.17909409 -0.34183040
v 0.23125209 0.16426608 -0.28688487
v 0.23398939 0.12251389 -0.14230354
v 0.23141657 0.16089568 -0.27420992
v 0.23166777 0.14207007 -0.20190917
v 0.23260401 0.11117954 -0.09581305
v 0.23025241 0.18578824 -0.36964473
v 0.23198636 0.15772077 -0.26602623
v 0.23099884 0.17599687 -0.32989931
v 0.23099060 0.17155840 -0.31412703
v 0.23096105 0.18350546 -0.36526823
v 0.22768556 0.19686246 -0.40889785
v 0.23371938 0.11074676 -0.09973954
v 0.23145938 0.14881156 -0.23033556
v 0.23098858 0.17952448 -0.34568760
v 0.23356707 0.10254119 -0.07176644
v 0.23172739 0.13455912 -0.17385374
v 0.23196179 0.13516413 -0.17754070
v 0.23384289 0.09646159 -0.04839211
v 0.23334113 0.09583467 -0.04459438
v 0.23164861 0.16886544 -0.30905440
v 0.23166202 0.16131698 -0.27798280
v 0.23118098 0.18425699 -0.37018335
v 0.23022644 0.18656942 -0.37314028
v 0.23033443 0.18717121 -0.37700614
v 0.23369449 0.12731934 -0.15820359
v 0.22323704 0.20373420 -0.43420938
v 0.22411531 0.20095918 -0.43548855
v 0.23367289 0.11528724 -0.11528131
v 0.23419183 0.09669814 -0.05163498
v 0.23387371 0.11159713 -0.10350702
v 0.23205094 0.15350518 -0.25151181
v 0.23141301 0.16460241 -0.28944480
v 0.23367709 0.10343365 -0.07592929
v 0.23383075 0.11931731 -0.13103272
v 0.23131903 0.17669481 -0.33434051
v 0.23164162 0.17693298 -0.33788347
v 0.23367004 0.13074206 -0.16998479
v 0.22986884 0.19025692 -0.38837647
v 0.22978887 0.19122508 -0.39275670
v 0.23213422 0.13908403 -0.19352451
v 0.23124336 0.17995901 -0.34956509
v 0.23151067 0.18037586 -0.35340399
v 0.23125781 0.17226180 -0.31796238
v 0.23409860 0.12341324 -0.14639059
v 0.23325725 0.09937625 -0.05663126
v 0.23359333 0.09972447 -0.06039418
v 0.23406650 0.12786275 -0.16212346
v 0.23290582 0.10706566 -0.08395163
v 0.22800809 0.19685744 -0.41528884
v 0.22919969 0.19423039 -0.40479156
v 0.23046686 0.18778524 -0.38086495
v 0.23002920 0.19169609 -0.39671242
v 0.23281956 0.13494903 -0.18155032
v 0.23403892 0.11582227 -0.11917462
v 0.23424390 0.11983641 -0.13481295
v 0.23212229 0.14263895 -0.20602089
v 0.23172879 0.16508360 -0.29394996
v 0.22654201 0.19853114 -0.43275535
v 0.23389207 0.13464437 -0.18557262
v 0.23403646 0.13536485 -0.18936265
v 0.23447581 0.12394582 -0.15023477
v 0.23144808 0.18461365 -0.37300044
v 0.23415114 0.10398199 -0.07988454
v 0.23422912 0.11223812 -0.10735617
v 0.23062900 0.18837449 -0.38469130
v 0.23072089 0.18864648 -0.38663131
v 0.23146135 0.17279106 -0.32075551
v 0.23185886 0.17349322 -0.32554105
v 0.23253885 0.15401138 -0.25545049
v 0.23453845 0.12834924 -0.16599447
v 0.23408698 0.10771067 -0.09168609
v 0.23454152 0.10826159 -0.09562114
v 0.23223256 0.16956098 -0.31398997
v 0.23220959 0.16184941 -0.28285304
v 0.23394534 0.10008176 -0.06422103
v 0.23303016 0.13891558 -0.19757129
v 0.23315081 0.14235505 -0.21072270
v 0.23392804 0.10685911 -0.08779574
v 0.23377113 0.13153931 -0.17380622
v 0.23259963 0.15839224 -0.27108151
v 0.23032995 0.19205986 -0.40066934
v 0.23488835 0.12055016 -0.13982043
v 0.23147601 0.14488639 -0.21081914
v 0.23156732 0.14504793 -0.21293122
v 0.23235330 0.14328848 -0.21268821
v 0.23451041 0.14034708 -0.21052596
v 0.22817217 0.19690919 -0.42092571
v 0.23216321 0.14994501 -0.23875412
v 0.23479620 0.12432959 -0.15302658
v 0.23202248 0.17721128 -0.34176022
v 0.23448488 0.11637578 -0.12313821
v 0.23184495 0.18073767 -0.35734883
v 0.23418312 0.13203856 -0.17769375
v 0.23469985 0.10456935 -0.08386400
v 0.23458391 0.11274111 -0.11047438
v 0.23491919 0.12867250 -0.16869390
v 0.23413427 0.13866396 -0.20165756
v 0.23430547 0.13964072 -0.20632267
v 0.23491739 0.10867588 -0.09836981
v 0.23463537 0.09689944 -0.05398325
v 0.23442604 0.10049411 -0.06812580
v 0.23067383 0.19230542 -0.40467221
v 0.23470531 0.13252763 -0.18156679
v 0.23223677 0.16547549 -0.29847896
v 0.23447765 0.13588975 -0.19334802
v 0.22982459 0.19395339 -0.40865293
v 0.22973479 0.19448364 -0.41267854
v 0.22305803 0.20224863 -0.43646219
v 0.22129580 0.20592588 -0.43609044
v 0.22048782 0.20869613 -0.43582195
v 0.22388284 0.20000453 -0.43773988
v 0.23367254 0.14004783 -0.21246698
v 0.23126543 0.14611231 -0.21761483
v 0.22826734 0.19690607 -0.42512596
v 0.22735921 0.20562214 -0.39648807
v 0.23044777 0.17352134 -0.26781392
v 0.23091380 0.13601354 -0.13172098
v 0.23522402 0.12465838 -0.15571108
v 0.23480676 0.11672759 -0.12570672
v 0.23507777 0.10496867 -0.08646372
v 0.23282489 0.17012577 -0.31784472
v 0.23501272 0.13644183 -0.19749647
v 0.23091109 0.19243534 -0.40723100
v 0.23251159 0.17754030 -0.34562182
v 0.23495664 0.11310688 -0.11307865
v 0.23319030 0.15887822 -0.27533269
v 0.23279846 0.16225651 -0.28679064
v 0.23473707 0.10074478 -0.07032494
v 0.23348141 0.15419954 -0.25963247
v 0.23313402 0.15561606 -0.26314470
v 0.23196658 0.18508893 -0.37686485
v 0.22983932 0.19470817 -0.41665488
v 0.22991054 0.19492559 -0.42074099
v 0.23302387 0.17352943 -0.33029580
v 0.23513184 0.13284795 -0.18434533
v 0.23540780 0.12894107 -0.17129529
v 0.23528302 0.09348829 -0.04506326
v 0.23231798 0.18107076 -0.36125693
v 0.23537867 0.10907479 -0.10097043
v 0.22562028 0.19885825 -0.43633935
v 0.22855058 0.20433980 -0.38568717
v 0.23100166 0.12466698 -0.08533922
v 0.23275265 0.17491831 -0.33425483
v 0.23332538 0.17501420 -0.33792529
v 0.23127949 0.18880545 -0.38930827
v 0.23540576 0.13678949 -0.20017630
v 0.23439428 0.15616962 -0.27097338
v 0.23386459 0.15574341 -0.26712093
v 0.23482619 0.15650764 -0.27391893
v 0.23323075 0.17087014 -0.32158548
v 0.23379894 0.15137708 -0.25143188
v 0.23309241 0.15045890 -0.24429949
v 0.23347211 0.15084353 -0.24760681
v 0.23423736 0.15194540 -0.25536421
v 0.23467304 0.15238595 -0.25848168
v 0.23395072 0.15974081 -0.28279570
v 0.23351991 0.15928827 -0.27881452
v 0.23411202 0.17187464 -0.32918712
v 0.23512524 0.09717704 -0.05663073
v 0.23555897 0.12096094 -0.14338109
v 0.23456533 0.16016224 -0.28672823
v 0.23327021 0.16267130 -0.29049775
v 0.22131217 0.20245993 -0.44016600
v 0.21988028 0.20608996 -0.43865874
v 0.21923496 0.20868535 -0.43786728
v 0.21859768 0.20635311 -0.44085944
v 0.23526451 0.11700466 -0.12833774
v 0.23357280 0.17153357 -0.32571658
v 0.22839352 0.19683617 -0.43257156
v 0.22344808 0.19990209 -0.43985194
v 0.22997414 0.19513081 -0.42496362
v 0.23556522 0.10532593 -0.08898468
v 0.23278658 0.16589499 -0.30233598
v 0.23318152 0.16648977 -0.30606127
v 0.23345326 0.16714238 -0.31003645
v 0.23390479 0.16767438 -0.31390837
v 0.23471484 0.16850328 -0.31945059
v 0.23371813 0.17536530 -0.34176943
v 0.23495348 0.16041839 -0.28899643
v 0.23578428 0.12491142 -0.15818921
v 0.23514414 0.15272032 -0.26105452
v 0.23374783 0.14663188 -0.23193780
v 0.23385265 0.14739512 -0.23584658
v 0.23428623 0.14788093 -0.23986825
v 0.23131408 0.19250084 -0.40981147
v 0.23469682 0.17216074 -0.33197102
v 0.23526374 0.17229433 -0.33401239
v 0.23531748 0.15679674 -0.27649078
v 0.23537338 0.11334561 -0.11517821
v 0.23472333 0.14827749 -0.24311048
v 0.23510695 0.14857899 -0.24565603
v 0.23565482 0.13308997 -0.18698674
v 0.23523773 0.10102431 -0.07291842
v 0.23358056 0.16318080 -0.29450813
v 0.23397727 0.16364175 -0.29839709
v 0.22084647 0.20150454 -0.44390365
v 0.21945392 0.20413698 -0.44175160
v 0.23466165 0.14456505 -0.22798361
v 0.23510318 0.14481527 -0.23063831
v 0.23342924 0.17761940 -0.34969664
v 0.23627560 0.09382465 -0.04880547
v 0.23742606 0.09190516 -0.04731271
v 0.23668310 0.09075754 -0.04452037
v 0.23615707 0.09528334 -0.05291987
v 0.23421732 0.17573595 -0.34560236
v 0.23412234 0.14430280 -0.22440521
v 0.23159912 0.14621106 -0.22021642
v 0.23359966 0.14405520 -0.22022717
v 0.23291306 0.14360960 -0.21713819
v 0.23003294 0.19535530 -0.42893109
v 0.23467647 0.17603935 -0.34853005
v 0.23451708 0.16407941 -0.30227309
v 0.23484868 0.16431421 -0.30435255
v 0.23596993 0.10939189 -0.10340332
v 0.21621726 0.20692606 -0.44462234
v 0.21878721 0.20362148 -0.44416004
v 0.21587032 0.20883653 -0.44322518
v 0.23596719 0.13713546 -0.20286992
v 0.23117031 0.15523908 -0.20108838
v 0.22082222 0.21267976 -0.43572977
v 0.23296967 0.17892630 -0.35350505
v 0.23358564 0.17908311 -0.35728040
v 0.23619598 0.12910181 -0.17382275
v 0.22738236 0.20933934 -0.40579641
v 0.23131713 0.14365944 -0.15740857
v 0.23039350 0.18038000 -0.29122120
v 0.23045786 0.18540850 -0.30764943
v 0.22109771 0.21736278 -0.43604064
v 0.23118031 0.13958223 -0.14318770
v 0.23329529 0.18121728 -0.36537752
v 0.23577204 0.14500010 -0.23326522
v 0.23590198 0.11725129 -0.13102479
v 0.23587474 0.15291612 -0.26318690
v 0.23625289 0.12127273 -0.14634137
v 0.21608351 0.20527539 -0.44697148
v 0.23036233 0.19312249 -0.33868855
v 0.22490501 0.21671082 -0.42933163
v 0.22640088 0.21648495 -0.42532715
v 0.22684778 0.21499452 -0.42074630
v 0.22733077 0.21360326 -0.41604128
v 0.22358949 0.21688451 -0.43209553
v 0.23586403 0.09754505 -0.06037747
v 0.23604572 0.14172329 -0.22023740
v 0.23057106 0.17714186 -0.28015897
v 0.23064448 0.17616165 -0.27595273
v 0.23083740 0.16038567 -0.22129753
v 0.23047376 0.17284431 -0.26432449
v 0.22999428 0.19691302 -0.35453716
v 0.21778710 0.21248908 -0.44016352
v 0.22263695 0.21704102 -0.43367884
v 0.23221622 0.18892929 -0.39265797
v 0.23313411 0.18529801 -0.38098189
v 0.23523554 0.17630504 -0.35108286
v 0.23557821 0.16887425 -0.32246572
v 0.23409040 0.17947917 -0.36120063
v 0.23459436 0.17978057 -0.36418566
v 0.23631039 0.10559181 -0.09161182
v 0.21749242 0.20348625 -0.44787121
v 0.21400425 0.20691079 -0.44854504
v 0.21547545 0.20465451 -0.44932455
v 0.23122460 0.15127885 -0.18714710
v 0.23113278 0.15962312 -0.21749608
v 0.23091719 0.13163632 -0.11556484
v 0.21247807 0.20896164 -0.44852081
v 0.21432737 0.21231768 -0.44517550
v 0.23051567 0.18449578 -0.30358428
v 0.23519652 0.14176452 -0.21768752
v 0.23184589 0.19254255 -0.41256043
v 0.22848368 0.19686133 -0.43592444
v 0.22567670 0.19855121 -0.43958110
v 0.23094492 0.17550454 -0.27211934
v 0.23126963 0.16306859 -0.22838621
v 0.21582666 0.21238989 -0.44302014
v 0.21410133 0.21782777 -0.44504607
v 0.23585315 0.16057125 -0.29157180
v 0.23576280 0.14873368 -0.24760345
v 0.23706940 0.12515841 -0.16237769
v 0.23857354 0.09253565 -0.05090932
v 0.21287178 0.20611659 -0.45192927
v 0.21139628 0.20898442 -0.45011070
v 0.21224168 0.21174732 -0.44819576
v 0.21226659 0.21780084 -0.44717249
v 0.23631537 0.13329908 -0.18941008
v 0.23626988 0.11376907 -0.11909006
v 0.23600067 0.10132665 -0.07597695
v 0.21931413 0.21254776 -0.43800867
v 0.21086727 0.21336649 -0.44962874
v 0.23274989 0.18268645 -0.36944062
v 0.23333745 0.18299344 -0.37293667
v 0.23082820 0.16849439 -0.24580802
v 0.21947479 0.21759187 -0.43836564
v 0.23616770 0.15697147 -0.27877387
v 0.23212625 0.12020677 -0.06094244
v 0.23701328 0.12620577 -0.16599648
v 0.21785796 0.21773282 -0.44042018
v 0.23705275 0.10977232 -0.10717459
v 0.21470883 0.20449752 -0.45155981
v 0.21410041 0.20446320 -0.45442328
v 0.23051003 0.19226591 -0.33429036
v 0.23045093 0.18898717 -0.32312536
v 0.23112565 0.16764811 -0.24242830
v 0.23005544 0.19593008 -0.35042179
v 0.23121157 0.13550037 -0.12776919
v 0.23142013 0.15873820 -0.21333554
v 0.23721789 0.09548917 -0.05666368
v 0.23040396 0.19528170 -0.34643304
v 0.23732626 0.12156457 -0.15012811
v 0.23675664 0.12308870 -0.15429205
v 0.23695129 0.13745517 -0.20649827
v 0.23677824 0.13862529 -0.21044591
v 0.23714271 0.11746462 -0.13489439
v 0.20922600 0.21192878 -0.45202079
v 0.20852642 0.21768263 -0.45138982
v 0.21053690 0.21773864 -0.44915339
v 0.21019447 0.20901725 -0.45193729
v 0.20757578 0.21065842 -0.45462090
v 0.20704189 0.21435732 -0.45383117
v 0.20672698 0.21765597 -0.45334029
v 0.20798668 0.20904571 -0.45510402
v 0.20641901 0.20908177 -0.45709765
v 0.20532392 0.21263464 -0.45627847
v 0.21082835 0.20799613 -0.45233670
v 0.21265796 0.20521262 -0.45583108
v 0.22921357 0.20412490 -0.38187525
v 0.23067014 0.17226936 -0.26049164
v 0.22991692 0.20050862 -0.36623573
v 0.23127407 0.12392648 -0.08054914
v 0.23093192 0.17163925 -0.25660837
v 0.22790854 0.20850588 -0.40133277
v 0.22828825 0.20756623 -0.39736038
v 0.23151465 0.14323908 -0.15472592
v 0.23115250 0.17865191 -0.28252810
v 0.23141512 0.14698930 -0.17021887
v 0.23100701 0.12805380 -0.10001959
v 0.21585129 0.21783763 -0.44294503
v 0.23131773 0.13125885 -0.11164533
v 0.23647052 0.11148315 -0.11153594
v 0.23748611 0.12933569 -0.17761649
v 0.23680088 0.12749171 -0.16995902
v 0.23793137 0.09599514 -0.06039291
v 0.23123303 0.17496626 -0.26895154
v 0.22771387 0.21292998 -0.41341841
v 0.23143724 0.13852125 -0.13802449
v 0.23706079 0.09766563 -0.06433893
v 0.23726629 0.11410039 -0.12278744
v 0.23733957 0.10596826 -0.09527925
v 0.23678665 0.10759583 -0.09958743
v 0.23718157 0.13839327 -0.21196836
v 0.23712623 0.10163401 -0.07978684
v 0.23694074 0.10289135 -0.08390521
v 0.23682161 0.10408767 -0.08775973
v 0.23730353 0.11186665 -0.11515045
v 0.22299977 0.21892668 -0.43412259
v 0.22210984 0.21999542 -0.43637127
v 0.23773608 0.12340652 -0.15817779
v 0.23841681 0.12380563 -0.16122997
v 0.23702142 0.11859037 -0.13865188
v 0.23689923 0.11967491 -0.14226285
v 0.23672056 0.11561976 -0.12704489
v 0.23732042 0.13058460 -0.18168969
v 0.20459592 0.21758102 -0.45547187
v 0.23821424 0.11235981 -0.11906186
v 0.20913127 0.20744736 -0.45608205
v 0.23775971 0.13356213 -0.19376971
v 0.23853618 0.09633178 -0.06311177
v 0.23689589 0.09869400 -0.06816265
v 0.23670134 0.09973411 -0.07181306
v 0.23145621 0.13470851 -0.12359557
v 0.23156360 0.15478481 -0.19714271
v 0.20800708 0.22065112 -0.45164835
v 0.23784173 0.10800544 -0.10339232
v 0.23848021 0.13589938 -0.20496173
v 0.23919703 0.13632606 -0.20835663
v 0.23847428 0.10832746 -0.10578576
v 0.23809338 0.12779221 -0.17388706
v 0.23813601 0.11993868 -0.14636162
v 0.23746069 0.13573138 -0.20154773
v 0.23785490 0.11588430 -0.13104974
v 0.23851633 0.11618146 -0.13370337
v 0.23879437 0.11261085 -0.12121881
v 0.23766057 0.13459130 -0.19754109
v 0.23873961 0.12022817 -0.14878576
v 0.23715815 0.13178566 -0.18567449
v 0.21239495 0.22057240 -0.44713897
v 0.23968856 0.09290947 -0.05310625
v 0.23916079 0.12418964 -0.16384606
v 0.23892921 0.12801482 -0.17624287
v 0.23794599 0.10002331 -0.07602837
v 0.23803465 0.10444968 -0.09163330
v 0.20702580 0.20833218 -0.45761019
v 0.23852788 0.10033362 -0.07841727
v 0.23178379 0.15829685 -0.21007514
v 0.23054214 0.18733490 -0.31573522
v 0.23080920 0.18352720 -0.29969445
v 0.21616276 0.22055723 -0.44322109
v 0.23867907 0.10470206 -0.09378513
v 0.23118007 0.19092736 -0.32698318
v 0.23106326 0.18282838 -0.29691994
v 0.23083442 0.19470750 -0.34249079
v 0.23005731 0.19943175 -0.36228505
v 0.23247069 0.13500071 -0.11958432
v 0.23051204 0.19838195 -0.35741967
v 0.23183364 0.14669468 -0.16636370
v 0.23181452 0.13094875 -0.10773920
v 0.23021983 0.20790726 -0.39018029
v 0.23162791 0.12752043 -0.09366863
v 0.20443523 0.22075371 -0.45495924
v 0.23357975 0.14013202 -0.21483840
v 0.23508708 0.13785058 -0.21368681
v 0.23508994 0.13787858 -0.21265954
v 0.23154293 0.16671284 -0.23841608
v 0.23264617 0.13858445 -0.13181227
v 0.21999194 0.22033294 -0.43896872
v 0.20359424 0.21112496 -0.45874074
v 0.20428535 0.20911255 -0.45961922
v 0.20297663 0.21441486 -0.45791861
v 0.20249303 0.21752752 -0.45744631
v 0.20230140 0.20916280 -0.46154985
v 0.20108303 0.21243659 -0.46030155
v 0.23198140 0.16248694 -0.22297385
v 0.23123246 0.17107549 -0.25326055
v 0.23189238 0.14275129 -0.15091424
v 0.22819777 0.21166353 -0.40905440
v 0.23183295 0.15062949 -0.18204555
v 0.23223914 0.14993796 -0.17768723
v 0.23183559 0.17810814 -0.27735168
v 0.23039889 0.21061125 -0.39741567
v 0.23117338 0.20985343 -0.39229536
v 0.22987202 0.21118762 -0.40137410
v 0.23419769 0.15066999 -0.17028090
v 0.23423167 0.14981711 -0.16643764
v 0.23231921 0.15789951 -0.20600784
v 0.23004487 0.20416002 -0.37823579
v 0.23012267 0.20305423 -0.37409762
v 0.23177467 0.17475325 -0.26583457
v 0.23207743 0.13037102 -0.10406565
v 0.23323298 0.13091022 -0.10005020
v 0.23382385 0.13554260 -0.11527617
v 0.23395404 0.13480440 -0.11164398
v 0.23041458 0.20684376 -0.38580278
v 0.23440993 0.13437101 -0.10774674
v 0.23218556 0.14565603 -0.16044450
v 0.23368770 0.14602461 -0.15488593
v 0.23468348 0.14940502 -0.16262807
v 0.23257872 0.14197956 -0.14511886
v 0.23126422 0.19429743 -0.33914578
v 0.23148918 0.19037211 -0.32374424
v 0.23436138 0.13860978 -0.12372597
v 0.23408765 0.13926621 -0.12760726
v 0.23443209 0.12311860 -0.06112365
v 0.23492345 0.13813199 -0.11957654
v 0.23494196 0.13400708 -0.10389197
v 0.23086718 0.20624903 -0.38194725
v 0.23491901 0.15355894 -0.17813967
v 0.23564143 0.15302266 -0.17243387
v 0.23092043 0.18668237 -0.31160170
v 0.23197120 0.15446569 -0.19416206
v 0.23435940 0.13140932 -0.09635514
v 0.23567408 0.13361992 -0.09915318
v 0.22964315 0.21211976 -0.40536672
v 0.23281528 0.16083802 -0.21453522
v 0.23252951 0.12657496 -0.08524510
v 0.23439148 0.15387985 -0.18208262
v 0.23574632 0.13753936 -0.11399207
v 0.20044902 0.21742858 -0.45917469
v 0.23129062 0.20584257 -0.37888414
v 0.23473580 0.14633705 -0.15142305
v 0.23438910 0.14257391 -0.13921870
v 0.23457126 0.14194335 -0.13571568
v 0.23507832 0.14158614 -0.13187671
v 0.23521949 0.14900135 -0.15882081
v 0.23599805 0.14836311 -0.15345560
v 0.23506895 0.12278081 -0.05661091
v 0.23258865 0.16623200 -0.23327520
v 0.23384897 0.16570051 -0.22677526
v 0.23455544 0.16510080 -0.22151524
v 0.23465621 0.16184078 -0.21032487
v 0.23480748 0.16089398 -0.20600089
v 0.23389214 0.15448676 -0.18681069
v 0.23292001 0.15757757 -0.20195024
v 0.23611337 0.15267949 -0.16902137
v 0.23558740 0.14136650 -0.12883970
v 0.23433876 0.12676547 -0.07681445
v 0.23421225 0.12745464 -0.08047093
v 0.23489681 0.14539365 -0.14724448
v 0.23564202 0.14481166 -0.14212497
v 0.23626232 0.14436194 -0.13780327
v 0.23447302 0.13064052 -0.09230141
v 0.23497324 0.13028058 -0.08843657
v 0.23575547 0.12960668 -0.08210988
v 0.23537520 0.16043916 -0.20199360
v 0.23268299 0.17702864 -0.27024746
v 0.23056388 0.21458080 -0.40914276
v 0.20003882 0.22086824 -0.45845923
v 0.19919117 0.21069281 -0.46244833
v 0.20207420 0.22081804 -0.45689568
v 0.20863307 0.20654407 -0.45970431
v 0.19790605 0.21730104 -0.46111980
v 0.20535760 0.20807010 -0.46044528
v 0.20050219 0.20908585 -0.46362996
v 0.20715342 0.22226423 -0.45336577
v 0.20546731 0.22416694 -0.45583031
v 0.19684841 0.22088876 -0.46053568
v 0.19516385 0.22065489 -0.46172753
v 0.20266025 0.22256300 -0.45717108
v 0.19597700 0.21728972 -0.46233335
v 0.19744505 0.21204992 -0.46311873
v 0.19454056 0.21205755 -0.46500391
v 0.19741051 0.20962872 -0.46468699
v 0.19534661 0.20996864 -0.46539015
v 0.19245289 0.21179183 -0.46712357
v 0.19199632 0.21467040 -0.46569651
v 0.19324084 0.21699430 -0.46406585
v 0.20141123 0.22372290 -0.45865563
v 0.19760287 0.22318414 -0.46070185
v 0.24338983 0.13687773 -0.21196440
v 0.24044421 0.13575760 -0.21219264
v 0.24357145 0.13563363 -0.21214201
v 0.23981799 0.13726579 -0.21204758
v 0.23718157 0.13839327 -0.21196836
v 0.24777368 0.13594985 -0.21252754
v 0.24384117 0.13415305 -0.21277256
v 0.24613450 0.13438466 -0.21299846
v 0.24095356 0.13432230 -0.21281831
v 0.23811458 0.13634825 -0.21253243
v 0.23508994 0.13787858 -0.21265954
v 0.23367254 0.14004783 -0.21246698
v 0.24821334 0.13739407 -0.21170551
v 0.23984787 0.13449246 -0.21311159
v 0.25189751 0.13737394 -0.21239017
v 0.25830236 0.10283383 0.01798196
v 0.25642243 0.10340530 0.01803778
v 0.25882554 0.09978309 0.01822377
v 0.25693274 0.10447799 0.01769042
v 0.25762698 0.10431048 0.01765837
v 0.25595906 0.10055663 0.01919024
v 0.25702077 0.09661184 0.01914397
v 0.25434673 0.10309210 0.01742285
v 0.25380814 0.10228555 0.01930182
v 0.25187388 0.10428072 0.01926801
v 0.25113842 0.10333734 0.02194345
v 0.24860673 0.10549656 0.02044343
v 0.24906428 0.10405641 0.02279912
v 0.25028661 0.10715359 0.01796722
v 0.24794963 0.10749084 0.01954981
v 0.24480172 0.10643031 0.02068248
v 0.24468665 0.10809014 0.02002880
v 0.24745154 0.10968220 0.01781688
v 0.24913903 0.10897294 0.01731445
v 0.24470563 0.11039753 0.01784779
v 0.24467492 0.10549557 0.02246895
v 0.25259799 0.10150113 0.02289390
v 0.24453227 0.10390037 0.02596139
v 0.25075373 0.10282348 0.02410526
v 0.24969490 0.10248751 0.02598747
v 0.24759845 0.10324760 0.02597309
v 0.25251761 0.10027700 0.02597339
v 0.25243214 0.09904556 0.02925505
v 0.24807009 0.10188811 0.02919843
v 0.24658632 0.10286818 0.02788800
v 0.25129193 0.09884927 0.03306780
v 0.24830729 0.10057411 0.03308662
v 0.25063440 0.09853966 0.03589583
v 0.24850293 0.09929395 0.03711041
v 0.24975894 0.09829492 0.03855135
v 0.24747889 0.09896019 0.03971022
v 0.24851394 0.09814052 0.04091357
v 0.25161007 0.09604721 0.04096897
v 0.25094983 0.09545530 0.04480760
v 0.24834134 0.09704921 0.04470979
v 0.25040430 0.09503625 0.04750599
v 0.24842958 0.09570932 0.04876710
v 0.24962001 0.09469069 0.05015251
v 0.24737416 0.09534673 0.05147310
v 0.24845140 0.09440875 0.05281663
v 0.25134215 0.09251101 0.05299103
v 0.25069314 0.09180769 0.05700823
v 0.24838457 0.09313977 0.05683978
v 0.25029060 0.09141132 0.05917724
v 0.24827871 0.09189337 0.06056880
v 0.24942191 0.09095297 0.06176143
v 0.24691778 0.09148324 0.06349119
v 0.25128216 0.08839557 0.06515035
v 0.25151601 0.08956378 0.06089551
v 0.24491049 0.09878704 0.04205707
v 0.24487144 0.09800852 0.04472669
v 0.24484304 0.09679116 0.04871657
v 0.24480622 0.09503617 0.05405858
v 0.24471614 0.09420080 0.05680464
v 0.24455026 0.09286840 0.06077201
v 0.24479929 0.10037842 0.03696872
v 0.24458763 0.10246982 0.02984994
v 0.24451131 0.10305577 0.02804773
v 0.25168306 0.09333880 0.04903175
v 0.25226420 0.09654232 0.03728602
v 0.24231343 0.10317899 0.02804445
v 0.24101506 0.09125234 0.06556342
v 0.24127378 0.09284447 0.06090314
v 0.24139476 0.09418496 0.05690841
v 0.24143530 0.09510016 0.05385935
v 0.24152416 0.09675704 0.04874856
v 0.24155392 0.09887076 0.04175884
v 0.24149589 0.10034080 0.03695964
v 0.24155694 0.09800158 0.04471158
v 0.24137668 0.10142446 0.03318439
v 0.24135478 0.10256621 0.02937401
v 0.24129684 0.10373742 0.02614716
v 0.24118595 0.10525272 0.02248202
v 0.24077778 0.10656247 0.01921317
v 0.24044892 0.10303698 0.02743036
v 0.23982233 0.09927610 0.03931992
v 0.23977387 0.09556106 0.05133819
v 0.23966070 0.09160718 0.06360158
v 0.23919648 0.10352609 0.02505904
v 0.23890804 0.09207440 0.06117765
v 0.23915382 0.09964345 0.03698279
v 0.23907381 0.09596691 0.04887146
v 0.23823771 0.10023355 0.03324211
v 0.23759922 0.09263317 0.05725219
v 0.23812345 0.09415074 0.05299522
v 0.23730876 0.10070292 0.02988130
v 0.23768830 0.09646283 0.04473748
v 0.23817252 0.09792697 0.04077085
v 0.23829708 0.10403564 0.02246146
v 0.23769228 0.10223259 0.02614521
v 0.23682198 0.09094001 0.06147245
v 0.23604861 0.09138881 0.05879346
v 0.23697568 0.10466839 0.01882481
v 0.24276474 0.11034155 0.01725082
v 0.24497584 0.11176359 0.01387451
v 0.24213201 0.11103705 0.01407703
v 0.24513932 0.11290827 0.00970786
v 0.24113771 0.11173831 0.00997424
v 0.24520598 0.11395523 0.00597107
v 0.24136090 0.11297204 0.00592753
v 0.24525020 0.11472938 0.00315430
v 0.24133590 0.11409932 0.00181169
v 0.24347995 0.11527099 0.00065968
v 0.24529614 0.11642128 -0.00194263
v 0.24699546 0.11515883 0.00090612
v 0.24761292 0.11565536 -0.00208446
v 0.24538308 0.11771246 -0.00596903
v 0.24832238 0.11631450 -0.00624420
v 0.24545635 0.11858900 -0.00983785
v 0.24884786 0.11685400 -0.01035905
v 0.24737799 0.11883336 -0.01218811
v 0.24542531 0.11938409 -0.01449824
v 0.24373549 0.11904672 -0.01244173
v 0.24779943 0.11897931 -0.01472812
v 0.24539880 0.11998488 -0.01859258
v 0.24843812 0.11921037 -0.01879595
v 0.24538554 0.12057180 -0.02265856
v 0.24939375 0.11924633 -0.02308359
v 0.24909809 0.12001527 -0.02687625
v 0.24529564 0.12163472 -0.03074104
v 0.24906339 0.12060384 -0.03085541
v 0.24522281 0.12210157 -0.03453489
v 0.24898973 0.12118293 -0.03462053
v 0.24652411 0.12231391 -0.03579383
v 0.24761392 0.12209269 -0.03582041
v 0.24813792 0.12229165 -0.03869539
v 0.24507375 0.12274577 -0.03872880
v 0.24856004 0.12269121 -0.04254062
v 0.24489647 0.12338287 -0.04260120
v 0.24479660 0.12405606 -0.04624081
v 0.24934903 0.12300824 -0.04640166
v 0.24475381 0.12484057 -0.04989957
v 0.24900559 0.12388781 -0.04986707
v 0.24465488 0.12562853 -0.05371671
v 0.24889663 0.12477762 -0.05368042
v 0.24453521 0.12631096 -0.05713642
v 0.24862286 0.12580062 -0.05779796
v 0.24717976 0.12661380 -0.05925207
v 0.24447666 0.12671734 -0.05903859
v 0.24441232 0.12733620 -0.06132560
v 0.24159293 0.12671097 -0.05909199
v 0.24862233 0.12674288 -0.06168835
v 0.24436872 0.12840918 -0.06515657
v 0.24882948 0.12771542 -0.06526658
v 0.24438067 0.12943493 -0.06901541
v 0.24884041 0.12886363 -0.06917579
v 0.24443102 0.13017976 -0.07221115
v 0.24908347 0.12980291 -0.07311137
v 0.24810261 0.13041510 -0.07439028
v 0.24435680 0.13129607 -0.07677821
v 0.24916129 0.13066903 -0.07675642
v 0.24439047 0.13297379 -0.08331762
v 0.24902108 0.13177729 -0.08078354
v 0.24900754 0.13281402 -0.08466191
v 0.24932519 0.13367073 -0.08846155
v 0.24440877 0.13405240 -0.08781047
v 0.24841140 0.13424397 -0.08968026
v 0.24448025 0.13520110 -0.09216589
v 0.24928185 0.13460904 -0.09195293
v 0.24460438 0.13624133 -0.09604650
v 0.24889234 0.13586892 -0.09614202
v 0.24886391 0.13683173 -0.09996706
v 0.24470851 0.13719109 -0.09990793
v 0.24911459 0.13765354 -0.10381992
v 0.24467856 0.13832524 -0.10478530
v 0.24826337 0.13820899 -0.10510749
v 0.24465419 0.13910037 -0.10767964
v 0.24906981 0.13857564 -0.10736213
v 0.24880856 0.13991898 -0.11177338
v 0.24459234 0.14109176 -0.11484613
v 0.24888885 0.14098810 -0.11579541
v 0.24452434 0.14255714 -0.12078442
v 0.24900450 0.14162533 -0.11854672
v 0.24894367 0.14298332 -0.12377992
v 0.24414490 0.14493543 -0.12972718
v 0.24885394 0.14401205 -0.12774080
v 0.24888159 0.14489798 -0.13142405
v 0.24402383 0.14577892 -0.13304737
v 0.24873525 0.14600258 -0.13553369
v 0.24395575 0.14752315 -0.13933887
v 0.24865736 0.14710315 -0.13945867
v 0.24436769 0.14862479 -0.14359772
v 0.24845681 0.14824460 -0.14370628
v 0.24675111 0.14898287 -0.14519283
v 0.24433227 0.14954269 -0.14704508
v 0.24838753 0.14914602 -0.14700603
v 0.24416104 0.15153952 -0.15382320
v 0.24840033 0.15037169 -0.15113688
v 0.24831307 0.15148588 -0.15495609
v 0.24439885 0.15281126 -0.15865043
v 0.24829280 0.15248716 -0.15871689
v 0.24835503 0.15318616 -0.16158804
v 0.24453297 0.15376252 -0.16253006
v 0.24834545 0.15442546 -0.16622290
v 0.24448805 0.15541819 -0.16880816
v 0.24839249 0.15552576 -0.17020716
v 0.24850819 0.15671532 -0.17466214
v 0.24463645 0.15697983 -0.17457382
v 0.24688520 0.15744750 -0.17618057
v 0.24964075 0.15697794 -0.17657600
v 0.24858603 0.15758212 -0.17810231
v 0.24306850 0.15748522 -0.17653255
v 0.24454732 0.15788668 -0.17805445
v 0.24416120 0.15894881 -0.18228644
v 0.24864770 0.15865977 -0.18247847
v 0.24392031 0.16070451 -0.18919268
v 0.24867721 0.15969339 -0.18670863
v 0.24744837 0.16034950 -0.18854912
v 0.24870688 0.16060618 -0.19009051
v 0.24896744 0.16301355 -0.19850148
v 0.24392444 0.16325872 -0.19796418
v 0.24393485 0.16416828 -0.20127158
v 0.25060192 0.15972763 -0.18832330
v 0.24795336 0.16377144 -0.20057254
v 0.24893026 0.16404000 -0.20198280
v 0.24393861 0.16469599 -0.20321612
v 0.24397632 0.16549100 -0.20584036
v 0.24862100 0.16528289 -0.20597154
v 0.24850385 0.16703434 -0.21191971
v 0.24416113 0.16748740 -0.21259171
v 0.24839178 0.16832922 -0.21671420
v 0.24371128 0.16878587 -0.21756241
v 0.25047606 0.16323128 -0.20013565
v 0.24528055 0.16916272 -0.21889809
v 0.24836153 0.16965453 -0.22155888
v 0.24368811 0.16972259 -0.22106619
v 0.24843127 0.17073342 -0.22551572
v 0.24410491 0.17093107 -0.22535610
v 0.24849983 0.17180851 -0.22969845
v 0.24406019 0.17260078 -0.23162900
v 0.24743383 0.17242022 -0.23139964
v 0.24410503 0.17316107 -0.23373994
v 0.24855514 0.17268084 -0.23300116
v 0.24858758 0.17385270 -0.23721534
v 0.24387915 0.17518704 -0.24086286
v 0.24891162 0.17494074 -0.24149171
v 0.24384806 0.17630057 -0.24501127
v 0.24793153 0.17568168 -0.24379654
v 0.24883373 0.17597383 -0.24528208
v 0.24390592 0.17841695 -0.25259686
v 0.24865936 0.17896341 -0.25593704
v 0.24407594 0.17953113 -0.25676471
v 0.24868971 0.17954884 -0.25799808
v 0.25040889 0.17512916 -0.24314770
v 0.25022566 0.17190719 -0.23129316
v 0.24045256 0.17429502 -0.23773375
v 0.24038419 0.17617035 -0.24457084
v 0.24031767 0.17730607 -0.24863057
v 0.24024139 0.17869166 -0.25364056
v 0.24039404 0.17258196 -0.23190473
v 0.24036613 0.17096913 -0.22585486
v 0.24625564 0.17988758 -0.25828171
v 0.24865843 0.18036006 -0.26063418
v 0.24414647 0.18048535 -0.26029065
v 0.24428007 0.18272564 -0.26798961
v 0.24849921 0.18243887 -0.26764393
v 0.24861073 0.18370691 -0.27252629
v 0.24438722 0.18382637 -0.27202800
v 0.24798299 0.18428607 -0.27417374
v 0.24449608 0.18496540 -0.27633798
v 0.24208745 0.18009150 -0.25881803
v 0.24854164 0.18454279 -0.27566978
v 0.24433818 0.18690148 -0.28326172
v 0.24818544 0.18603694 -0.28084019
v 0.24820431 0.18767993 -0.28703201
v 0.24413364 0.18809325 -0.28786951
v 0.24589233 0.18846324 -0.28928235
v 0.24829936 0.18884057 -0.29196256
v 0.24087869 0.16482793 -0.20373985
v 0.24019685 0.18009053 -0.25916135
v 0.24017783 0.18152639 -0.26427510
v 0.24404231 0.18893698 -0.29146969
v 0.24835327 0.18970633 -0.29589501
v 0.24398977 0.19051407 -0.29828283
v 0.24852923 0.19057445 -0.30006346
v 0.24328348 0.19177672 -0.30352068
v 0.24766946 0.19125964 -0.30239704
v 0.24860203 0.19145904 -0.30374658
v 0.24493195 0.19206086 -0.30486873
v 0.24864371 0.19269176 -0.30839840
v 0.24323757 0.19268394 -0.30704224
v 0.24379990 0.19383854 -0.31139848
v 0.24379468 0.19566354 -0.31839672
v 0.24873433 0.19500297 -0.31760505
v 0.24872279 0.19553423 -0.31949633
v 0.24399772 0.19804141 -0.32658312
v 0.24858353 0.19727799 -0.32548568
v 0.24409910 0.19912373 -0.33056071
v 0.24849425 0.19891579 -0.33162853
v 0.24421614 0.20051701 -0.33638054
v 0.24032485 0.19259694 -0.30654114
v 0.24013683 0.19407386 -0.31221560
v 0.24023633 0.19569069 -0.31854361
v 0.24039543 0.19782928 -0.32588097
v 0.24845324 0.20011254 -0.33683652
v 0.24831240 0.20150548 -0.34214592
v 0.24407052 0.20200238 -0.34209245
v 0.24830134 0.20258261 -0.34622312
v 0.24384294 0.20456159 -0.35191351
v 0.24836691 0.20331343 -0.34915984
v 0.24841180 0.20463768 -0.35421705
v 0.24843574 0.20565879 -0.35818225
v 0.24363467 0.20722221 -0.36212903
v 0.24021162 0.20714210 -0.36128554
v 0.24023214 0.20628892 -0.35800445
v 0.24025513 0.20521131 -0.35398450
v 0.24025662 0.20386745 -0.34902132
v 0.24016583 0.20851794 -0.36598060
v 0.24352358 0.20903598 -0.36863995
v 0.24011259 0.20972960 -0.37049773
v 0.24355839 0.21120992 -0.37736183
v 0.24003528 0.21112041 -0.37629777
v 0.23990677 0.21331947 -0.38441983
v 0.24396674 0.21401688 -0.38765156
v 0.23990840 0.21460027 -0.38927755
v 0.23995394 0.21537612 -0.39232364
v 0.24411394 0.21538010 -0.39277661
v 0.24412657 0.21647336 -0.39677599
v 0.23997468 0.21663377 -0.39682853
v 0.23994845 0.21768911 -0.40072316
v 0.24416932 0.21831332 -0.40379059
v 0.24690934 0.21573968 -0.39489651
v 0.23975128 0.21881254 -0.40519959
v 0.23963903 0.21973126 -0.40852207
v 0.24419890 0.21944445 -0.40810022
v 0.23960127 0.22106276 -0.41314530
v 0.24432424 0.22082400 -0.41312280
v 0.23936673 0.22215728 -0.41742310
v 0.24463509 0.22222382 -0.41872272
v 0.23962118 0.22299863 -0.42071176
v 0.24475583 0.22297725 -0.42180958
v 0.23981622 0.22419205 -0.42529273
v 0.24500802 0.22389115 -0.42536670
v 0.23784873 0.22259279 -0.41899034
v 0.23618186 0.22430022 -0.42541501
v 0.23585463 0.22526227 -0.42921147
v 0.24025133 0.22504179 -0.42907810
v 0.24524629 0.22473407 -0.42909756
v 0.24029157 0.19182266 -0.30371240
v 0.24022964 0.19080444 -0.29961559
v 0.24024464 0.18980852 -0.29564714
v 0.23593809 0.22595209 -0.43250141
v 0.24034205 0.20197940 -0.34215713
v 0.24031289 0.20077065 -0.33775628
v 0.24032679 0.20002024 -0.33475739
v 0.23651907 0.22314040 -0.42138723
v 0.24045981 0.19906943 -0.33061939
v 0.24043213 0.16317782 -0.19795476
v 0.24049777 0.16445030 -0.20270325
v 0.24047580 0.16206384 -0.19404238
v 0.24207877 0.18854132 -0.28991395
v 0.24137940 0.16921680 -0.21951987
v 0.24053809 0.16066766 -0.18935208
v 0.24055924 0.15985234 -0.18623944
v 0.24853118 0.20647629 -0.36161736
v 0.24850395 0.20768698 -0.36601526
v 0.24856311 0.20873493 -0.36996821
v 0.24863103 0.20970339 -0.37394181
v 0.24036458 0.14840549 -0.14325160
v 0.24036512 0.14740388 -0.13936050
v 0.24030626 0.16954103 -0.22107409
v 0.24038798 0.14631468 -0.13547531
v 0.24038327 0.14530163 -0.13183992
v 0.24045569 0.14424698 -0.12765568
v 0.24035302 0.13212581 -0.08060318
v 0.24032652 0.13308369 -0.08444969
v 0.24033399 0.13391085 -0.08803084
v 0.24030687 0.13474870 -0.09146301
v 0.24060971 0.12927066 -0.06899273
v 0.24049973 0.13010548 -0.07265944
v 0.24042571 0.13112769 -0.07676069
v 0.24048080 0.13595563 -0.09604397
v 0.24055281 0.13689986 -0.09992427
v 0.24064700 0.13785541 -0.10405714
v 0.24063286 0.12822385 -0.06512485
v 0.24873593 0.22028434 -0.41328210
v 0.24875164 0.22133785 -0.41731966
v 0.24861889 0.21888943 -0.40832186
v 0.24852352 0.21792334 -0.40482238
v 0.24067077 0.22568415 -0.43272713
v 0.24859971 0.21382695 -0.38935569
v 0.24823670 0.21497187 -0.39344051
v 0.24877863 0.21039124 -0.37712023
v 0.24872696 0.21167593 -0.38172448
v 0.24867932 0.21277790 -0.38556719
v 0.24877003 0.22196485 -0.41998249
v 0.24854606 0.22334489 -0.42550433
v 0.24524398 0.22522442 -0.43266562
v 0.24020769 0.18285695 -0.26909441
v 0.24058755 0.15876980 -0.18222140
v 0.24064279 0.15745907 -0.17731959
v 0.24067895 0.12705147 -0.06111166
v 0.24848692 0.21676585 -0.40069455
v 0.24822584 0.21582790 -0.39690059
v 0.24914412 0.21524169 -0.39571446
v 0.24029762 0.18842874 -0.29019141
v 0.24048348 0.14313109 -0.12361438
v 0.24049409 0.14186291 -0.11900444
v 0.24053785 0.14103395 -0.11558916
v 0.24052890 0.13992134 -0.11165705
v 0.24029483 0.18786503 -0.28774843
v 0.24026269 0.18683295 -0.28378993
v 0.24031380 0.14912350 -0.14630386
v 0.24038592 0.15050153 -0.15104198
v 0.24024414 0.18436289 -0.27499035
v 0.24024184 0.18569496 -0.27976507
v 0.24048458 0.16521189 -0.20550932
v 0.24037790 0.16645467 -0.20981243
v 0.24037717 0.16756229 -0.21367724
v 0.24032953 0.16865927 -0.21788809
v 0.24171913 0.13836010 -0.10551750
v 0.24044277 0.15156780 -0.15487750
v 0.24052395 0.15252970 -0.15867436
v 0.24057640 0.15661216 -0.17424120
v 0.24987710 0.19065484 -0.30162522
v 0.23828328 0.21920229 -0.40698016
v 0.24073048 0.12621978 -0.05772644
v 0.24051180 0.15326242 -0.16184279
v 0.24051273 0.15441084 -0.16624109
v 0.24049194 0.15548308 -0.17020760
v 0.24078730 0.12537315 -0.05374080
v 0.24072443 0.12442771 -0.04976071
v 0.24062535 0.13869637 -0.10741492
v 0.24382301 0.12246319 -0.03736448
v 0.23306534 0.22554399 -0.43163633
v 0.23457330 0.22633681 -0.43352890
v 0.23687060 0.22645348 -0.43542218
v 0.24088094 0.22606750 -0.43597189
v 0.23265067 0.22710781 -0.43667841
v 0.23293412 0.22618966 -0.43340841
v 0.23622324 0.22729063 -0.44041443
v 0.23240197 0.22787605 -0.44040996
v 0.22927544 0.22773932 -0.44054896
v 0.22874482 0.22866951 -0.44420090
v 0.23233779 0.22846040 -0.44421673
v 0.22861439 0.22932860 -0.44801378
v 0.22484979 0.22938739 -0.44813907
v 0.24039778 0.12345575 -0.04610125
v 0.22509867 0.22834286 -0.44436264
v 0.22094047 0.22890322 -0.44754791
v 0.24263187 0.12280325 -0.04011814
v 0.23669539 0.22202264 -0.41771439
v 0.23699421 0.22075726 -0.41336685
v 0.22055006 0.22958225 -0.44932467
v 0.22336484 0.22967316 -0.44943583
v 0.22639954 0.22974975 -0.45004967
v 0.22480327 0.23003691 -0.45155853
v 0.22028095 0.23030540 -0.45185548
v 0.22863360 0.22962001 -0.45056197
v 0.22486936 0.23066360 -0.45583972
v 0.22036788 0.23118678 -0.45572022
v 0.21643496 0.23136431 -0.45577624
v 0.21641321 0.23240732 -0.45973215
v 0.21258080 0.23239195 -0.45981538
v 0.21625029 0.23314171 -0.46395302
v 0.21252508 0.23317745 -0.46267250
v 0.20841844 0.23283479 -0.46223569
v 0.21264799 0.23357314 -0.46464083
v 0.20841284 0.23342422 -0.46410379
v 0.20863312 0.23431432 -0.46757397
v 0.20419066 0.23331153 -0.46442214
v 0.20414086 0.23435375 -0.46749398
v 0.20451766 0.23538709 -0.47156388
v 0.20050874 0.23441885 -0.46752766
v 0.20079932 0.23333360 -0.46509001
v 0.21478479 0.23362668 -0.46540514
v 0.20454392 0.23249900 -0.46264669
v 0.21829231 0.22941101 -0.44972366
v 0.21696170 0.22993238 -0.45190212
v 0.24180195 0.12307101 -0.04263224
v 0.21277598 0.23404537 -0.46762007
v 0.23940964 0.16890876 -0.21945874
v 0.23721862 0.21939662 -0.40907907
v 0.23967160 0.13812859 -0.10593241
v 0.23932919 0.20023945 -0.33630198
v 0.20892487 0.23497102 -0.47174880
v 0.20058699 0.23580864 -0.47132000
v 0.19719064 0.23427819 -0.46746546
v 0.20117022 0.23707317 -0.47553551
v 0.19653624 0.23597082 -0.47116309
v 0.19671191 0.23721357 -0.47508097
v 0.19209838 0.23564160 -0.47103912
v 0.19400525 0.23462313 -0.46859565
v 0.19171655 0.23704341 -0.47477698
v 0.19170053 0.23784485 -0.47782069
v 0.19500549 0.23773070 -0.47737920
v 0.19889358 0.23771794 -0.47669712
v 0.19706963 0.23807281 -0.47879341
v 0.19178398 0.23822147 -0.47975847
v 0.18910976 0.23838696 -0.48035008
v 0.18979517 0.23573160 -0.47194177
v 0.20041242 0.23766984 -0.47687694
v 0.20148945 0.23789355 -0.47921649
v 0.18873103 0.23644134 -0.47471642
v 0.18763605 0.23740695 -0.47893772
v 0.22865447 0.22977449 -0.45252955
v 0.19726147 0.23844227 -0.48265463
v 0.19884086 0.23338653 -0.46563911
v 0.22070917 0.23178916 -0.45978233
v 0.24247317 0.11574855 -0.00176438
v 0.21309908 0.23083949 -0.45603389
v 0.23918632 0.13419308 -0.09020022
v 0.23877870 0.15342577 -0.16394900
v 0.24094395 0.22622995 -0.43788001
v 0.19194520 0.23839989 -0.48256874
v 0.23984225 0.12645259 -0.05975265
v 0.24079987 0.12194785 -0.03865549
v 0.23946229 0.12236358 -0.04264579
v 0.23876022 0.12272561 -0.04503289
v 0.23232341 0.22884849 -0.44808769
v 0.21285985 0.23419939 -0.47134984
v 0.21456890 0.23384069 -0.46944946
v 0.23850051 0.18455306 -0.27718568
v 0.23786014 0.21542953 -0.39435956
v 0.20146285 0.23809540 -0.48228949
v 0.20250735 0.23753336 -0.47837436
v 0.24953254 0.14845143 -0.14557093
v 0.23914495 0.20421089 -0.35136274
v 0.23986836 0.11774519 -0.01417436
v 0.24052934 0.11710655 -0.00996686
v 0.23633033 0.11570364 -0.00891421
v 0.22494355 0.23090918 -0.45981523
v 0.23329532 0.22462749 -0.42941308
v 0.24121350 0.11641885 -0.00537957
v 0.24468315 0.22541355 -0.43662626
v 0.24346851 0.22585899 -0.43826780
v 0.18892400 0.23843472 -0.48258632
v 0.19213858 0.23845194 -0.48713684
v 0.19738238 0.23844649 -0.48732001
v 0.19227244 0.23851149 -0.49193776
v 0.23711254 0.21696101 -0.40092078
v 0.23718786 0.21823017 -0.40539366
v 0.23706603 0.21569663 -0.39672980
v 0.18845724 0.23834105 -0.48693806
v 0.18705319 0.23820870 -0.48272264
v 0.18658964 0.23811647 -0.48686695
v 0.20888001 0.23177209 -0.45996052
v 0.25077799 0.14496569 -0.13351603
v 0.23835826 0.12306234 -0.04688922
v 0.24826585 0.22401994 -0.42901289
v 0.25055647 0.17910624 -0.25815535
v 0.22997437 0.22650287 -0.43700507
v 0.23155653 0.22593048 -0.43422082
v 0.25068566 0.20649111 -0.36373267
v 0.23852183 0.13833386 -0.10859405
v 0.24949785 0.18385823 -0.27406231
v 0.20290388 0.23774746 -0.48067191
v 0.20498259 0.23613366 -0.47579989
v 0.23924343 0.14209774 -0.12126265
v 0.23630257 0.22762972 -0.44429103
v 0.24125235 0.22623402 -0.44013584
v 0.23051170 0.22945867 -0.45320213
v 0.20907150 0.23497552 -0.47603661
v 0.23936515 0.19192363 -0.30518863
v 0.22078539 0.23208220 -0.46376172
v 0.23729670 0.11501674 -0.00733145
v 0.23678862 0.12150050 -0.04264954
v 0.22856395 0.22991805 -0.45579180
v 0.19727835 0.23833208 -0.49203813
v 0.19241531 0.23836936 -0.49568972
v 0.20055735 0.23811822 -0.48723674
v 0.23877776 0.18858387 -0.29276282
v 0.23191082 0.22897840 -0.45184469
v 0.25064662 0.13379325 -0.09048313
v 0.23932590 0.15759802 -0.17946696
v 0.23936690 0.13021633 -0.07458671
v 0.21002053 0.22997124 -0.45646468
v 0.25027791 0.13777630 -0.10579525
v 0.23845379 0.20028421 -0.33835354
v 0.25106075 0.14169143 -0.12120849
v 0.23744902 0.21380433 -0.38946068
v 0.23717725 0.21471038 -0.39321336
v 0.23753944 0.21278700 -0.38567793
v 0.23817995 0.15363121 -0.16634014
v 0.25104079 0.15710299 -0.17934024
v 0.25083303 0.16350828 -0.20216952
v 0.25088978 0.21036297 -0.37938735
v 0.23915833 0.20741962 -0.36346981
v 0.23861471 0.13432305 -0.09222705
v 0.20555931 0.23100719 -0.46023437
v 0.22587425 0.22687249 -0.44086275
v 0.22762200 0.22618562 -0.43844557
v 0.23856080 0.21128611 -0.37878326
v 0.23901850 0.18036930 -0.26163611
v 0.25035158 0.12996534 -0.07542759
v 0.18774419 0.23805495 -0.49174055
v 0.18618354 0.23791510 -0.49020004
v 0.23890935 0.12667756 -0.06224411
v 0.23808426 0.12343830 -0.04956485
v 0.21665180 0.23323199 -0.46747899
v 0.25084567 0.14862524 -0.14816900
v 0.25072357 0.20319168 -0.35161227
v 0.25133726 0.14516571 -0.13559462
v 0.25107092 0.19491577 -0.32006884
v 0.25175962 0.19521078 -0.32317942
v 0.25168446 0.19630058 -0.32699341
v 0.23886064 0.16909528 -0.22148426
v 0.24974179 0.12608790 -0.06062111
v 0.23752125 0.21157770 -0.38164085
v 0.23901458 0.14923058 -0.14842871
v 0.25054228 0.21900594 -0.41099256
v 0.25156435 0.17288916 -0.23739816
v 0.25134498 0.17192914 -0.23380308
v 0.25132826 0.17419681 -0.24165154
v 0.25018284 0.16832167 -0.21893796
v 0.23948909 0.14539155 -0.13341404
v 0.25000420 0.15324068 -0.16392282
v 0.19718242 0.23806711 -0.49583322
v 0.23925190 0.11431621 -0.00184146
v 0.22328968 0.22666273 -0.44224921
v 0.22161990 0.22744842 -0.44464558
v 0.25050262 0.20005831 -0.33944404
v 0.25043032 0.21537012 -0.39825997
v 0.23938631 0.11062758 0.01148432
v 0.23892319 0.11110478 0.00892291
v 0.25087672 0.12630324 -0.06317682
v 0.25123909 0.20673060 -0.36611995
v 0.23958926 0.17636186 -0.24637000
v 0.23754887 0.18464924 -0.27998823
v 0.23757030 0.18626636 -0.28589836
v 0.25163579 0.15873469 -0.18687528
v 0.25197828 0.15738204 -0.18245462
v 0.25098434 0.18970397 -0.30018863
v 0.23031838 0.22932823 -0.45564079
v 0.25113648 0.13020222 -0.07798040
v 0.25002512 0.18754844 -0.28927782
v 0.25150517 0.15970284 -0.19050689
v 0.25151318 0.16199431 -0.19834776
v 0.25168943 0.14196527 -0.12385376
v 0.25095674 0.13811235 -0.10844094
v 0.25153658 0.17607895 -0.24941288
v 0.25140041 0.17815705 -0.25685948
v 0.25131989 0.17511378 -0.24537219
v 0.25063193 0.15355657 -0.16624372
v 0.25195611 0.14679091 -0.14338872
v 0.25163484 0.20447081 -0.35835683
v 0.25153127 0.20555830 -0.36238632
v 0.25167057 0.20333335 -0.35439277
v 0.25150234 0.19217542 -0.31070638
v 0.25161254 0.19336113 -0.31550649
v 0.25223237 0.14557043 -0.13930999
v 0.23924416 0.17275490 -0.23420613
v 0.25118291 0.13410249 -0.09302599
v 0.23849583 0.20446852 -0.35402861
v 0.25112048 0.18865991 -0.29604188
v 0.25113839 0.19058700 -0.30429822
v 0.23768786 0.18760934 -0.29153726
v 0.23812664 0.19190913 -0.30779418
v 0.20024493 0.23778184 -0.49203217
v 0.23925078 0.19578972 -0.32044798
v 0.25126413 0.21066348 -0.38178632
v 0.25014377 0.18398042 -0.27601793
v 0.25118697 0.20034756 -0.34218949
v 0.23758225 0.18246141 -0.27214709
v 0.23758093 0.18352346 -0.27596226
v 0.25176170 0.19410475 -0.31900904
v 0.23864213 0.13035092 -0.07684103
v 0.23726405 0.20054486 -0.34197924
v 0.23759013 0.20191230 -0.34624752
v 0.25183612 0.14394492 -0.13204098
v 0.25241673 0.14240058 -0.12745699
v 0.23788968 0.11468259 -0.00500803
v 0.23757972 0.12394871 -0.05370653
v 0.25178289 0.20841604 -0.37398201
v 0.25171843 0.20938525 -0.37801155
v 0.25193098 0.20715204 -0.36966833
v 0.23858064 0.14228502 -0.12368080
v 0.23784889 0.20819959 -0.36883399
v 0.25191715 0.15514544 -0.17428868
v 0.25203794 0.15396465 -0.17055070
v 0.23785803 0.20305637 -0.35011443
v 0.23789367 0.20958942 -0.37404659
v 0.23768382 0.21048620 -0.37771869
v 0.23801446 0.19905968 -0.33494288
v 0.23780723 0.19782932 -0.33081445
v 0.18474078 0.23659059 -0.48078188
v 0.25131607 0.17930010 -0.26092517
v 0.23742381 0.13628693 -0.10384656
v 0.23809247 0.19084853 -0.30384496
v 0.23709804 0.19100232 -0.30663317
v 0.23786399 0.18969993 -0.29974157
v 0.23779051 0.18867046 -0.29574314
v 0.23612985 0.22765431 -0.44799295
v 0.23999029 0.22642513 -0.44417143
v 0.23789781 0.13869117 -0.11165266
v 0.25130945 0.17074028 -0.22982959
v 0.25143507 0.16936870 -0.22559085
v 0.25130343 0.16838478 -0.22200343
v 0.23833069 0.11153941 0.00596751
v 0.25035104 0.22186349 -0.42248425
v 0.25144109 0.14904416 -0.15116081
v 0.25112507 0.18762738 -0.29207486
v 0.23767532 0.18144080 -0.26829344
v 0.23785158 0.18044791 -0.26458138
v 0.23577741 0.22196159 -0.41886532
v 0.20130575 0.23206410 -0.46331587
v 0.20280956 0.23116325 -0.46161160
v 0.23747295 0.13540687 -0.10002972
v 0.25097093 0.21567656 -0.40075472
v 0.21179737 0.22923125 -0.45427945
v 0.21369548 0.22953984 -0.45346388
v 0.21635821 0.22894339 -0.45068178
v 0.23753467 0.15113926 -0.15879107
v 0.23766167 0.15225363 -0.16268766
v 0.23762229 0.15015583 -0.15497781
v 0.23689373 0.12419391 -0.05720829
v 0.25135976 0.12658322 -0.06530333
v 0.23884295 0.15791044 -0.18216792
v 0.25167480 0.13058801 -0.08083709
v 0.23784125 0.19668001 -0.32648560
v 0.20760518 0.22991002 -0.45793608
v 0.23962349 0.16088302 -0.19154733
v 0.23650903 0.21850216 -0.40762046
v 0.25162837 0.16390853 -0.20602703
v 0.25151792 0.16577029 -0.21239713
v 0.25132418 0.18077904 -0.26634705
v 0.25114956 0.18552175 -0.28402796
v 0.25110930 0.18657939 -0.28801158
v 0.25211957 0.20078374 -0.34605640
v 0.25173062 0.20217282 -0.35030526
v 0.25162378 0.13860391 -0.11171862
v 0.25132039 0.16724075 -0.21768022
v 0.19116169 0.23448914 -0.46984792
v 0.23742633 0.13445140 -0.09632948
v 0.25138000 0.12254054 -0.04867058
v 0.25076619 0.12185309 -0.04380721
v 0.25014427 0.12125345 -0.03867660
v 0.23793636 0.20634180 -0.36219749
v 0.23683497 0.20655099 -0.36501712
v 0.23755670 0.20484324 -0.35779783
v 0.23724097 0.15388764 -0.17028181
v 0.23793224 0.15628409 -0.17817658
v 0.25183296 0.19746506 -0.33206606
v 0.25180367 0.19892374 -0.33821961
v 0.25195989 0.14766897 -0.14702703
v 0.23920465 0.16490351 -0.20674665
v 0.25140873 0.18423173 -0.27988413
v 0.18834151 0.23762763 -0.49536505
v 0.23780522 0.14924157 -0.15145920
v 0.25179499 0.15082589 -0.15872107
v 0.25154489 0.15200108 -0.16259995
v 0.25215179 0.14949355 -0.15459821
v 0.25171307 0.13452920 -0.09614759
v 0.25091371 0.18262745 -0.27261856
v 0.24282937 0.22571102 -0.44121414
v 0.23871467 0.14548941 -0.13561808
v 0.23800650 0.12898421 -0.07315319
v 0.23771757 0.12774761 -0.06902286
v 0.23769677 0.12674031 -0.06541606
v 0.23788790 0.19316603 -0.31323671
v 0.23802820 0.19475400 -0.31925595
v 0.23784719 0.17672923 -0.25142682
v 0.19998863 0.23714030 -0.49778986
v 0.25157720 0.21902414 -0.41378146
v 0.25155240 0.21999227 -0.41744378
v 0.25141329 0.22094102 -0.42127198
v 0.24795297 0.22414415 -0.43230280
v 0.25240085 0.12381949 -0.05747117
v 0.23771538 0.13174325 -0.08456281
v 0.23795314 0.13293868 -0.08873980
v 0.23753752 0.13058519 -0.08050200
v 0.24197006 0.22554809 -0.44398230
v 0.21909358 0.22711840 -0.44603524
v 0.21763562 0.22808374 -0.44850436
v 0.22050998 0.23195195 -0.46722800
v 0.22464094 0.23078181 -0.46354803
v 0.23345061 0.22276852 -0.42522487
v 0.23481859 0.22224988 -0.42152146
v 0.23699775 0.12192640 -0.04565599
v 0.23385879 0.12068428 -0.04487856
v 0.23616621 0.12199473 -0.04923286
v 0.23729019 0.11202449 0.00148196
v 0.23698708 0.09842044 0.03709374
v 0.23690170 0.09467662 0.04910030
v 0.23612121 0.09515006 0.04614840
v 0.23790166 0.17819576 -0.25664419
v 0.23792969 0.17926371 -0.26045409
v 0.23607288 0.09900779 0.03334858
v 0.23810862 0.14411731 -0.13203001
v 0.23752508 0.14257272 -0.12757620
v 0.23583518 0.11343593 -0.00471455
v 0.23646986 0.21057419 -0.38029698
v 0.23564850 0.09930673 0.03132471
v 0.23510548 0.09969603 0.02886006
v 0.18449372 0.23683700 -0.48275891
v 0.18351589 0.23617768 -0.48173866
v 0.23821352 0.17501201 -0.24474895
v 0.23718619 0.17531718 -0.24812020
v 0.23551150 0.09175552 0.05614520
v 0.18658754 0.23742706 -0.49372140
v 0.23781285 0.14067343 -0.11977351
v 0.23716612 0.13904706 -0.11528549
v 0.23614927 0.21475677 -0.39536515
v 0.23811357 0.16747059 -0.21797031
v 0.23784509 0.16603011 -0.21379411
v 0.23503895 0.08838655 0.06573270
v 0.23800759 0.17151618 -0.23297340
v 0.23770642 0.16931809 -0.22544576
v 0.23748253 0.12543200 -0.06106576
v 0.25197533 0.15619120 -0.17816176
v 0.25255600 0.13903868 -0.11568697
v 0.25217319 0.14050303 -0.11981273
v 0.25246748 0.13203339 -0.08851527
v 0.25244045 0.13295382 -0.09198717
v 0.25267211 0.13096485 -0.08502916
v 0.22989249 0.22921543 -0.45780206
v 0.25211114 0.12715428 -0.06924623
v 0.25186509 0.21292821 -0.39314353
v 0.25180104 0.21209842 -0.38942376
v 0.23806977 0.17281210 -0.23736489
v 0.23553187 0.09557476 0.04348069
v 0.25240892 0.13585259 -0.10375475
v 0.23613167 0.10275641 0.02239430
v 0.23534176 0.21874079 -0.41045341
v 0.23785454 0.14697963 -0.14337637
v 0.23788738 0.14804848 -0.14720699
v 0.23759659 0.14569418 -0.13922234
v 0.18627667 0.23583923 -0.47727555
v 0.18491501 0.23560341 -0.47842142
v 0.18521276 0.23400441 -0.47445643
v 0.18717292 0.23508736 -0.47449613
v 0.18243536 0.23553720 -0.47994184
v 0.18221350 0.23331687 -0.47421563
v 0.17852452 0.23334341 -0.47513169
v 0.17058688 0.23295210 -0.47574911
v 0.17458752 0.23313214 -0.47548193
v 0.17465591 0.23478064 -0.47957531
v 0.17873050 0.23510824 -0.47959048
v 0.17445910 0.23537311 -0.48354188
v 0.17061791 0.23454595 -0.47955832
v 0.17881382 0.23556957 -0.48353395
v 0.18228950 0.23576853 -0.48311239
v 0.18342303 0.23237057 -0.47193354
v 0.18096277 0.23211366 -0.47236151
v 0.18552165 0.23255596 -0.47156939
v 0.17839715 0.23173988 -0.47270077
v 0.17451039 0.23112720 -0.47305390
v 0.18906738 0.23363464 -0.47069469
v 0.18316606 0.23496473 -0.48711517
v 0.25197166 0.21103388 -0.38571426
v 0.25271040 0.13479711 -0.10026418
v 0.21589209 0.23310037 -0.47095457
v 0.25214598 0.21601047 -0.40507457
v 0.25177854 0.21759832 -0.40942198
v 0.23687713 0.19487536 -0.32222161
v 0.20484087 0.23647211 -0.47951728
v 0.23503870 0.09214163 0.05351755
v 0.25279671 0.12762442 -0.07283626
v 0.22889975 0.22518367 -0.43584099
v 0.21148616 0.23414269 -0.47596797
v 0.23741589 0.13717321 -0.10745868
v 0.23687755 0.17940928 -0.26345718
v 0.23541830 0.10316554 0.02002866
v 0.19726841 0.23754677 -0.49790296
v 0.19627346 0.23271497 -0.46601054
v 0.23925503 0.10704888 0.01700746
v 0.23611997 0.19109198 -0.30936497
v 0.23601271 0.20677386 -0.36768278
v 0.23513210 0.09594059 0.04114540
v 0.25266615 0.15234222 -0.16625054
v 0.20899366 0.23433074 -0.47942495
v 0.21086659 0.23391603 -0.47827885
v 0.23793931 0.16499388 -0.21025775
v 0.23780867 0.15815379 -0.18622744
v 0.23820937 0.15953048 -0.19028178
v 0.23798041 0.16130127 -0.19699143
v 0.23708950 0.15968356 -0.19353423
v 0.23529965 0.21519013 -0.39890033
v 0.23685007 0.19927478 -0.33848298
v 0.23606113 0.19932577 -0.34052587
v 0.21391065 0.23367648 -0.47236601
v 0.23569611 0.21099725 -0.38378435
v 0.23418617 0.22035170 -0.41754204
v 0.25175431 0.18986636 -0.30308035
v 0.25177500 0.22152008 -0.42556036
v 0.23391055 0.21885689 -0.41376874
v 0.19251963 0.23780385 -0.49768078
v 0.18943484 0.23746254 -0.49724266
v 0.25342748 0.15278451 -0.16946067
v 0.25224456 0.18659584 -0.29075146
v 0.25305152 0.18708564 -0.29456329
v 0.25374025 0.18789814 -0.29987219
v 0.23554897 0.20706134 -0.37022296
v 0.23669866 0.18763565 -0.29440433
v 0.23692763 0.12922400 -0.07688593
v 0.25322416 0.14791273 -0.15114619
v 0.25283393 0.12442356 -0.06153187
v 0.25192544 0.18288434 -0.27607691
v 0.25332111 0.18333520 -0.28118125
v 0.25273535 0.18302722 -0.27854207
v 0.25173116 0.21397910 -0.39698318
v 0.23454814 0.10019451 0.02601543
v 0.23603064 0.19507530 -0.32498357
v 0.22473201 0.22535190 -0.43972135
v 0.23976973 0.10905857 0.01489899
v 0.16609557 0.23406725 -0.48708454
v 0.17872170 0.23432194 -0.48731712
v 0.17457674 0.23419857 -0.48724967
v 0.18166488 0.23437922 -0.48729047
v 0.23676929 0.20331123 -0.35404405
v 0.23589216 0.20353663 -0.35728523
v 0.25273114 0.14427228 -0.13562426
v 0.25334910 0.14445530 -0.13788958
v 0.25372571 0.14487529 -0.14044350
v 0.25407544 0.14536813 -0.14331000
v 0.21392907 0.22814438 -0.45162475
v 0.21527410 0.22744320 -0.44975156
v 0.23807277 0.16268522 -0.20197754
v 0.23804000 0.16368064 -0.20564872
v 0.23629926 0.12936528 -0.07910860
v 0.23637104 0.12550096 -0.06426227
v 0.23569794 0.12574798 -0.06689005
v 0.25392506 0.15319566 -0.17206697
v 0.23696114 0.14428931 -0.13570818
v 0.23626232 0.14436194 -0.13780327
v 0.25309899 0.15625729 -0.18100078
v 0.23328611 0.21553203 -0.40526822
v 0.23368175 0.21707547 -0.40922385
v 0.25382233 0.14826487 -0.15412071
v 0.23669177 0.18368329 -0.27881670
v 0.25303096 0.19912472 -0.34219921
v 0.25358859 0.19936369 -0.34453315
v 0.23478982 0.20748809 -0.37413296
v 0.25095925 0.22236228 -0.42870390
v 0.25357035 0.15667190 -0.18368030
v 0.23615937 0.17541927 -0.25091425
v 0.23481619 0.10363835 0.01748368
v 0.23590803 0.18769394 -0.29713097
v 0.25229508 0.13686466 -0.10730860
v 0.23614401 0.14118096 -0.12608565
v 0.23678038 0.14098150 -0.12370631
v 0.25230724 0.12907714 -0.07685313
v 0.23631978 0.11230108 -0.00198469
v 0.23441854 0.09279419 0.04943606
v 0.25207654 0.17109045 -0.23271120
v 0.25306845 0.17161596 -0.23666354
v 0.23271967 0.22106101 -0.42253754
v 0.23022360 0.22428307 -0.43307570
v 0.25371486 0.18379249 -0.28396434
v 0.23515919 0.19175018 -0.31552127
v 0.25268188 0.20226021 -0.35307950
v 0.25337255 0.20284599 -0.35697073
v 0.23703280 0.10624243 0.01500140
v 0.25373250 0.18876477 -0.30408317
v 0.23506895 0.12278081 -0.05661091
v 0.23554184 0.12245819 -0.05363168
v 0.23369870 0.21227144 -0.39346060
v 0.23363872 0.21116857 -0.38999242
v 0.25282955 0.22109373 -0.42788360
v 0.23442341 0.08906229 0.06180352
v 0.25231722 0.16738072 -0.22095770
v 0.23889269 0.22636905 -0.44775605
v 0.25389060 0.15714006 -0.18657665
v 0.25370318 0.17246945 -0.24126580
v 0.25449398 0.14597550 -0.14715672
v 0.23615780 0.15977897 -0.19627899
v 0.23155646 0.21765126 -0.41530579
v 0.23232757 0.21725374 -0.41259447
v 0.23456448 0.09656749 0.03730672
v 0.23688337 0.17158853 -0.23621175
v 0.23599747 0.17182879 -0.23926395
v 0.25411874 0.18448597 -0.28797260
v 0.20247233 0.23748784 -0.48311055
v 0.23705386 0.13316512 -0.09229791
v 0.25417039 0.15354487 -0.17415231
v 0.23694001 0.15647592 -0.18209344
v 0.23638485 0.15671845 -0.18477507
v 0.23450097 0.20381528 -0.36229804
v 0.25395572 0.19981052 -0.34719920
v 0.25438002 0.14902304 -0.15867709
v 0.25357538 0.13715641 -0.11158181
v 0.23680140 0.14815792 -0.15041529
v 0.25322953 0.14088069 -0.12381465
v 0.25386506 0.14129215 -0.12708852
v 0.23348768 0.20754823 -0.37828550
v 0.23149261 0.22171976 -0.42636243
v 0.23014681 0.22221780 -0.42969546
v 0.23551092 0.19966269 -0.34368643
v 0.25338024 0.21845025 -0.41641951
v 0.25116560 0.11817460 -0.02386405
v 0.25152609 0.11843303 -0.02696094
v 0.25458303 0.18889326 -0.30763438
v 0.25280410 0.19030635 -0.30779907
v 0.23608157 0.17960322 -0.26627198
v 0.23114848 0.21804483 -0.41753620
v 0.23451357 0.19213338 -0.31936881
v 0.25393009 0.21924433 -0.42155945
v 0.25398442 0.21991555 -0.42583951
v 0.25368419 0.13311045 -0.09610742
v 0.25484085 0.14958747 -0.16242529
v 0.23533475 0.18782455 -0.29977533
v 0.23451833 0.18810152 -0.30375466
v 0.23575547 0.12960668 -0.08210988
v 0.23533252 0.12594326 -0.06897233
v 0.21303682 0.23335591 -0.47572494
v 0.25340781 0.12931749 -0.08084768
v 0.25397357 0.12971593 -0.08397587
v 0.25448814 0.13029641 -0.08769624
v 0.23680623 0.16377550 -0.20920619
v 0.23634823 0.13332079 -0.09518651
v 0.25297967 0.16759002 -0.22355190
v 0.23668642 0.15247907 -0.16641933
v 0.23611337 0.15267949 -0.16902137
v 0.23603030 0.18398868 -0.28182489
v 0.25423053 0.13345501 -0.09918419
v 0.25475565 0.13392800 -0.10298046
v 0.23159517 0.21385707 -0.40397710
v 0.23056388 0.21458080 -0.40914276
v 0.23382460 0.21344367 -0.39695942
v 0.23230962 0.21359487 -0.40130004
v 0.23443209 0.12311860 -0.06112365
v 0.23497064 0.19570507 -0.33093023
v 0.25386217 0.17329539 -0.24534838
v 0.25299257 0.17466877 -0.24837758
v 0.25382325 0.17633529 -0.25678974
v 0.25341386 0.17559412 -0.25291380
v 0.25401804 0.13752839 -0.11418186
v 0.25436097 0.14201024 -0.13165487
v 0.25332892 0.12507704 -0.06523448
v 0.25405020 0.12566806 -0.06922294
v 0.25448444 0.12623380 -0.07255466
v 0.25418514 0.18014327 -0.27231905
v 0.25364771 0.17960639 -0.26852229
v 0.19823858 0.23247313 -0.46505296
v 0.23429085 0.19610183 -0.33479133
v 0.25259140 0.21796975 -0.41269687
v 0.23725116 0.16781996 -0.22151491
v 0.23656146 0.16804782 -0.22421959
v 0.22583795 0.22359376 -0.43682751
v 0.23558740 0.14136650 -0.12883970
v 0.25418904 0.20033118 -0.35021695
v 0.25250050 0.20600900 -0.36734083
v 0.25393882 0.20371327 -0.36220622
v 0.25315019 0.20642284 -0.37070036
v 0.25351602 0.20697556 -0.37392136
v 0.23574013 0.15687278 -0.18759781
v 0.23622286 0.13733841 -0.11163415
v 0.25325114 0.16794837 -0.22555234
v 0.25279987 0.22117849 -0.42971501
v 0.25311553 0.12051506 -0.04545490
v 0.25280872 0.11946407 -0.03855523
v 0.23564202 0.14481166 -0.14212497
v 0.23477855 0.12634826 -0.07290447
v 0.23599805 0.14836311 -0.15345560
v 0.25401166 0.15788645 -0.19063570
v 0.25286287 0.15910351 -0.19210602
v 0.25319231 0.15953650 -0.19443212
v 0.25368726 0.16025960 -0.19825596
v 0.25409272 0.16093656 -0.20211852
v 0.23208873 0.22838508 -0.45538959
v 0.23606949 0.22696190 -0.45149851
v 0.25083554 0.22217917 -0.43137622
v 0.23484981 0.17239471 -0.24500887
v 0.25304940 0.17886117 -0.26413167
v 0.25392267 0.17729300 -0.26092985
v 0.25408450 0.19241482 -0.31928381
v 0.25376585 0.19164395 -0.31525820
v 0.23527579 0.17610049 -0.25670603
v 0.23196115 0.20951267 -0.38898876
v 0.23117338 0.20985343 -0.39229536
v 0.23399043 0.20897260 -0.38174653
v 0.23269598 0.20913787 -0.38584113
v 0.22710958 0.22180378 -0.43313029
v 0.22793090 0.22105621 -0.43108213
v 0.20178181 0.23637354 -0.49587917
v 0.23574632 0.13753936 -0.11399207
v 0.23435837 0.20024373 -0.35025585
v 0.25435099 0.13796555 -0.11687381
v 0.22061388 0.22561102 -0.44342777
v 0.23507832 0.14158614 -0.13187671
v 0.23517188 0.15702146 -0.19030240
v 0.22700979 0.22962752 -0.46314597
v 0.18478160 0.23678592 -0.48692232
v 0.23043254 0.21881121 -0.42152721
v 0.22959073 0.21951400 -0.42514482
v 0.25418043 0.19321021 -0.32314450
v 0.25376034 0.16868667 -0.22947808
v 0.23616447 0.16395600 -0.21182692
v 0.25366753 0.12099130 -0.04965758
v 0.25418115 0.12146342 -0.05340977
v 0.25462645 0.12200182 -0.05723850
v 0.25490043 0.12239711 -0.05983756
v 0.25509882 0.12283584 -0.06243397
v 0.25457793 0.15417379 -0.17829151
v 0.25384438 0.16429782 -0.21378498
v 0.25343484 0.19493999 -0.32704148
v 0.25394955 0.19550855 -0.33079791
v 0.25307143 0.19451278 -0.32448456
v 0.25442752 0.19601478 -0.33454365
v 0.23537520 0.16043916 -0.20199360
v 0.23567408 0.13361992 -0.09915318
v 0.25417608 0.18535276 -0.29189828
v 0.22423823 0.23021255 -0.46674901
v 0.25546953 0.11833360 -0.04350403
v 0.23595977 0.16839363 -0.22751634
v 0.23433395 0.10414977 0.01439826
v 0.25334010 0.16365558 -0.20992020
v 0.25300902 0.16324951 -0.20763201
v 0.22686379 0.21926869 -0.42958528
v 0.22469269 0.21954246 -0.43298385
v 0.25276634 0.21420603 -0.40080962
v 0.25343359 0.21456882 -0.40380758
v 0.25392482 0.21498652 -0.40662760
v 0.23541160 0.10660825 0.01014737
v 0.23564143 0.15302266 -0.17243387
v 0.25426647 0.16487284 -0.21767384
v 0.23468792 0.17653249 -0.26058796
v 0.18131185 0.23287787 -0.49104393
v 0.17861366 0.23276860 -0.49053165
v 0.23360611 0.20418382 -0.36636043
v 0.23129062 0.20584257 -0.37888414
v 0.23222890 0.20528451 -0.37413505
v 0.23810755 0.22610882 -0.45018592
v 0.25463399 0.13843501 -0.11959172
v 0.20520927 0.23525174 -0.48663819
v 0.20735128 0.23396742 -0.48637584
v 0.20690119 0.23366423 -0.49152899
v 0.20492935 0.23487011 -0.49171066
v 0.20539553 0.23576878 -0.48198795
v 0.20818315 0.23391040 -0.48151135
v 0.20923878 0.23321223 -0.48237246
v 0.21001525 0.23344029 -0.48041815
v 0.25504437 0.13093378 -0.09229323
v 0.23492345 0.13813199 -0.11957654
v 0.23382276 0.18856587 -0.30801710
v 0.23017836 0.21577798 -0.41375402
v 0.25564328 0.11874043 -0.04669245
v 0.25032330 0.11772852 -0.01892431
v 0.23445968 0.18487880 -0.29172805
v 0.23510069 0.18456729 -0.28780186
v 0.25483039 0.19647653 -0.33831295
v 0.25462034 0.18066674 -0.27610132
v 0.25526509 0.13448586 -0.10752559
v 0.25419012 0.16182311 -0.20616105
v 0.25488174 0.12699077 -0.07701446
v 0.25488234 0.14649627 -0.15102986
v 0.20474273 0.23446462 -0.49578711
v 0.25475422 0.14252909 -0.13550611
v 0.22030984 0.23103088 -0.47073340
v 0.18584146 0.23068658 -0.47006524
v 0.20657700 0.23315297 -0.49575457
v 0.24428676 0.22506596 -0.43981281
v 0.25522316 0.15011498 -0.16621177
v 0.25392771 0.16978979 -0.23369943
v 0.22618173 0.22947030 -0.46535322
v 0.23421051 0.09376800 0.04518866
v 0.23039889 0.21061125 -0.39741567
v 0.23497324 0.13028058 -0.08843657
v 0.23375645 0.19255610 -0.32366216
v 0.23392442 0.10084278 0.02231293
v 0.20933668 0.23257665 -0.48648003
v 0.17453688 0.23267150 -0.49032754
v 0.17041256 0.23260795 -0.49021882
v 0.22289133 0.23010322 -0.46927184
v 0.20446669 0.23421742 -0.49815106
v 0.23837368 0.10822105 0.01367629
v 0.24791916 0.22346036 -0.43596035
v 0.23489681 0.14539365 -0.14724448
v 0.23497733 0.16891691 -0.23328844
v 0.23459990 0.17333478 -0.24921159
v 0.23086718 0.20624903 -0.38194725
v 0.23343895 0.19633579 -0.33884841
v 0.21888508 0.23069674 -0.47379538
v 0.21618204 0.23165253 -0.47545144
v 0.23480748 0.16089398 -0.20600089
v 0.23293634 0.20471975 -0.37021881
v 0.20164503 0.23577078 -0.49835119
v 0.23407163 0.09714442 0.03350887
v 0.23426326 0.12385859 -0.06526015
v 0.25442836 0.21978530 -0.42831206
v 0.24817264 0.11295629 0.00230781
v 0.23464388 0.18081670 -0.27598035
v 0.23491901 0.15355894 -0.17813967
v 0.23313956 0.20013797 -0.35446432
v 0.22794469 0.21672325 -0.42207065
v 0.22714183 0.21798384 -0.42660856
v 0.20920944 0.22807278 -0.45528510
v 0.21118729 0.22801936 -0.45364380
v 0.22299977 0.21892668 -0.43412259
v 0.22291106 0.22195911 -0.43776974
v 0.23226374 0.19373597 -0.33276609
v 0.23146105 0.20153150 -0.36399397
v 0.23189214 0.18582785 -0.30418229
v 0.24173523 0.10845571 0.01825828
v 0.23518649 0.16466442 -0.21765663
v 0.23353206 0.20152140 -0.35789680
v 0.18260744 0.23354480 -0.49189022
v 0.18512319 0.23651338 -0.49159452
v 0.22152579 0.22352551 -0.44072977
v 0.23228317 0.18969810 -0.31793076
v 0.23148918 0.19037211 -0.32374424
v 0.23118007 0.19092736 -0.32698318
v 0.23494196 0.13400708 -0.10389197
v 0.23433876 0.12676547 -0.07681445
v 0.23420718 0.08996885 0.05771440
v 0.23521949 0.14900135 -0.15882081
v 0.17036615 0.22788937 -0.47155276
v 0.21662858 0.22589883 -0.44718638
v 0.23058872 0.20226301 -0.36964750
v 0.23277512 0.18540657 -0.29974958
v 0.23080920 0.18352720 -0.29969445
v 0.23051567 0.18449578 -0.30358428
v 0.23045786 0.18540850 -0.30764943
v 0.22990039 0.18560986 -0.31128213
v 0.23092043 0.18668237 -0.31160170
v 0.23106326 0.18282838 -0.29691994
v 0.23126422 0.19429743 -0.33914578
v 0.23083442 0.19470750 -0.34249079
v 0.23364748 0.18517594 -0.29601428
v 0.23468348 0.14940502 -0.16262807
v 0.24956578 0.11734109 -0.01484727
v 0.23479958 0.15780093 -0.19460128
v 0.23440993 0.13437101 -0.10774674
v 0.23414966 0.11999842 -0.04886456
v 0.22862348 0.21553604 -0.41743511
v 0.23156677 0.19793563 -0.35166520
v 0.23051204 0.19838195 -0.35741967
v 0.23261136 0.19758014 -0.34638825
v 0.23040396 0.19528170 -0.34643304
v 0.24704376 0.22310887 -0.43945527
v 0.23054214 0.18733490 -0.31573522
v 0.23459786 0.16973235 -0.23742905
v 0.19187985 0.23336774 -0.46870071
v 0.23457126 0.14194335 -0.13571568
v 0.21159071 0.23079582 -0.48664007
v 0.21209009 0.23130237 -0.48287812
v 0.18825530 0.23150834 -0.46960253
v 0.23436138 0.13860978 -0.12372597
v 0.23449400 0.17741375 -0.26463899
v 0.23447302 0.13064052 -0.09230141
v 0.22210984 0.21999542 -0.43637127
v 0.21999194 0.22033294 -0.43896872
v 0.22930789 0.22890103 -0.46029931
v 0.22987202 0.21118762 -0.40137410
v 0.23041458 0.20684376 -0.38580278
v 0.21507557 0.23113094 -0.47863093
v 0.23378947 0.09784061 0.02997673
v 0.21241844 0.23231520 -0.47980011
v 0.18756659 0.23690037 -0.49616715
v 0.23455544 0.16510080 -0.22151524
v 0.23243444 0.17365174 -0.25817835
v 0.23123246 0.17107549 -0.25326055
v 0.23192982 0.17067397 -0.24936678
v 0.23082820 0.16849439 -0.24580802
v 0.23112565 0.16764811 -0.24242830
v 0.23066348 0.16922216 -0.24862450
v 0.17446780 0.22833006 -0.47134590
v 0.23055688 0.17000212 -0.25218403
v 0.23439148 0.15387985 -0.18208262
v 0.23473580 0.14633705 -0.15142305
v 0.23305266 0.09357738 0.04151365
v 0.21263054 0.22612928 -0.45088598
v 0.21616276 0.22055723 -0.44322109
v 0.24955821 0.22237162 -0.43462592
v 0.20884670 0.23207921 -0.49155265
v 0.23253061 0.18240656 -0.29002059
v 0.23465621 0.16184078 -0.21032487
v 0.23177467 0.17475325 -0.26583457
v 0.23268299 0.17702864 -0.27024746
v 0.23382825 0.18108107 -0.28031555
v 0.23183559 0.17810814 -0.27735168
v 0.23039350 0.18038000 -0.29122120
v 0.23115250 0.17865191 -0.28252810
v 0.23012267 0.20305423 -0.37409762
v 0.22991692 0.20050862 -0.36623573
v 0.23005731 0.19943175 -0.36228505
v 0.22684778 0.21499452 -0.42074630
v 0.22733077 0.21360326 -0.41604128
v 0.22640088 0.21648495 -0.42532715
v 0.22490501 0.21671082 -0.42933163
v 0.23051003 0.19226591 -0.33429036
v 0.23093192 0.17163925 -0.25660837
v 0.23067014 0.17226936 -0.26049164
v 0.20038721 0.23007151 -0.46242434
v 0.23306312 0.12339146 -0.06878933
v 0.22771387 0.21292998 -0.41341841
v 0.18205337 0.22923225 -0.47047591
v 0.17839438 0.22857504 -0.47091994
v 0.23421225 0.12745464 -0.08047093
v 0.23423167 0.14981711 -0.16643764
v 0.23154293 0.16671284 -0.23841608
v 0.23470792 0.22668530 -0.45501354
v 0.20457906 0.22803877 -0.45875436
v 0.23426722 0.11068358 -0.00312453
v 0.23371220 0.12042730 -0.05352553
v 0.22964315 0.21211976 -0.40536672
v 0.23389214 0.15448676 -0.18681069
v 0.23435940 0.13140932 -0.09635514
v 0.23395404 0.13480440 -0.11164398
v 0.25323680 0.11654353 -0.02688086
v 0.23258865 0.16623200 -0.23327520
v 0.21776421 0.22390059 -0.44457114
v 0.23384897 0.16570051 -0.22677526
v 0.23005544 0.19593008 -0.35042179
v 0.22999428 0.19691302 -0.35453716
v 0.23021983 0.20790726 -0.39018029
v 0.21763124 0.23013832 -0.47675756
v 0.23408765 0.13926621 -0.12760726
v 0.25018626 0.11480504 -0.00839006
v 0.25061017 0.11514492 -0.01151621
v 0.25110191 0.11553848 -0.01491999
v 0.25172663 0.11603273 -0.01894999
v 0.25212008 0.11678340 -0.02315059
v 0.22912826 0.20072927 -0.37005702
v 0.22856069 0.20106560 -0.37392005
v 0.23155059 0.12272403 -0.07390141
v 0.23197120 0.15446569 -0.19416206
v 0.23156360 0.15478481 -0.19714271
v 0.23292001 0.15757757 -0.20195024
v 0.24077952 0.22501943 -0.44752562
v 0.23438910 0.14257391 -0.13921870
v 0.23281528 0.16083802 -0.21453522
v 0.23198140 0.16248694 -0.22297385
v 0.23741095 0.22560000 -0.45244193
v 0.25220028 0.22082828 -0.43202376
v 0.23143236 0.22759980 -0.45888579
v 0.20676014 0.22800665 -0.45718476
v 0.22358949 0.21688451 -0.43209553
v 0.21239495 0.22057240 -0.44713897
v 0.23387593 0.22624882 -0.45740333
v 0.18618172 0.22716339 -0.46796626
v 0.18327500 0.22628331 -0.46850935
v 0.18962260 0.22852229 -0.46726200
v 0.19583660 0.23162295 -0.46557426
v 0.21384379 0.22402781 -0.44835833
v 0.22167124 0.22954026 -0.47189349
v 0.18061058 0.22531721 -0.46892157
v 0.19731180 0.22868602 -0.46340141
v 0.20842351 0.22608113 -0.45451173
v 0.24914309 0.11343316 -0.00198544
v 0.21394020 0.23033376 -0.48150176
v 0.20977861 0.22413810 -0.45214438
v 0.17847034 0.22482738 -0.46922988
v 0.21118423 0.22208577 -0.44951609
v 0.20800708 0.22065112 -0.45164835
v 0.20715342 0.22226423 -0.45336577
v 0.25476810 0.11300689 -0.02248183
v 0.25366378 0.11307135 -0.01890695
v 0.25567868 0.11115683 -0.02089299
v 0.18649051 0.22361331 -0.46621546
v 0.18223436 0.22407334 -0.46785498
v 0.18870372 0.22438304 -0.46567464
v 0.20164697 0.22804667 -0.46062425
v 0.20382366 0.22571898 -0.45797634
v 0.20546731 0.22416694 -0.45583031
v 0.19087423 0.22553244 -0.46507064
v 0.19358756 0.22699784 -0.46443266
v 0.17856827 0.22309598 -0.46855280
v 0.25517613 0.11085369 -0.01887349
v 0.25235781 0.11300918 -0.01489914
v 0.17496917 0.22422896 -0.46965030
v 0.25421134 0.11015010 -0.01485751
v 0.19611013 0.22407860 -0.46188363
v 0.19760287 0.22318414 -0.46070185
v 0.20141123 0.22372290 -0.45865563
v 0.18569413 0.23585531 -0.49510711
v 0.18594532 0.23508231 -0.49713922
v 0.18309687 0.23310463 -0.49508378
v 0.25101402 0.11330117 -0.01013027
v 0.17033517 0.22500476 -0.47050616
v 0.20266025 0.22256300 -0.45717108
v 0.19376449 0.22300626 -0.46262726
v 0.18991238 0.22329322 -0.46464306
v 0.18191254 0.23203468 -0.49341986
v 0.17672664 0.22244003 -0.46882200
v 0.18784896 0.22248057 -0.46528614
v 0.24959756 0.11121979 0.00104881
v 0.18835165 0.23624754 -0.49765605
v 0.25326309 0.10954976 -0.01030066
v 0.25048888 0.11232086 -0.00601402
v 0.25285137 0.10886636 -0.00570848
v 0.24995096 0.11156958 -0.00177502
v 0.25183111 0.10917483 -0.00172193
v 0.19513682 0.22173443 -0.46146265
v 0.19684841 0.22088876 -0.46053568
v 0.19006716 0.22118829 -0.46420485
v 0.19373590 0.22100219 -0.46229172
v 0.18593374 0.22139430 -0.46611929
v 0.18260528 0.22143272 -0.46737066
v 0.17503123 0.22166407 -0.46945354
v 0.18220639 0.21652040 -0.49357000
v 0.18269370 0.21807700 -0.49578199
v 0.18410656 0.21431103 -0.49560946
v 0.18120088 0.21956448 -0.49440205
v 0.18276936 0.21403402 -0.49215198
v 0.18603167 0.21390428 -0.49819028
v 0.18473651 0.21762949 -0.49851000
v 0.18225452 0.22172174 -0.49696830
v 0.18124209 0.22184420 -0.49526933
v 0.18113527 0.21498062 -0.49110025
v 0.18115364 0.21725559 -0.49297601
v 0.18746477 0.21166985 -0.49770510
v 0.18673760 0.21110243 -0.49553874
v 0.18577115 0.21037887 -0.49197492
v 0.18259123 0.21181424 -0.48751965
v 0.18512926 0.20953351 -0.48723939
v 0.18250476 0.21037857 -0.48329291
v 0.18940355 0.20926701 -0.49560267
v 0.18824419 0.20852712 -0.49200320
v 0.18127809 0.21269546 -0.48764253
v 0.18148841 0.21071017 -0.48349512
v 0.19026519 0.21021840 -0.49804401
v 0.19217895 0.20874393 -0.49742994
v 0.18811966 0.20767365 -0.48699158
v 0.18485774 0.20890434 -0.48285604
v 0.19132133 0.20844652 -0.49564078
v 0.19018781 0.20786467 -0.49200675
v 0.18871696 0.21289656 -0.49920833
v 0.18410833 0.22132361 -0.49854890
v 0.17859291 0.22014445 -0.49382320
v 0.19395082 0.20961939 -0.49868602
v 0.19459024 0.20846406 -0.49769160
v 0.19451748 0.20780727 -0.49570081
v 0.17854638 0.21504125 -0.49079770
v 0.17856038 0.21776940 -0.49259800
v 0.19850236 0.20931913 -0.49888581
v 0.19874966 0.20829469 -0.49790031
v 0.17869586 0.21281718 -0.48770550
v 0.17887539 0.21087596 -0.48365852
v 0.17479898 0.21096106 -0.48368132
v 0.19875683 0.20760803 -0.49576056
v 0.17476928 0.21269508 -0.48770663
v 0.17470765 0.21496789 -0.49082687
v 0.16965009 0.21271463 -0.48774484
v 0.20221603 0.20854536 -0.49775225
v 0.20221819 0.20793507 -0.49574658
v 0.20373702 0.20880449 -0.49752486
v 0.20453334 0.20779745 -0.49171513
v 0.20233421 0.20715079 -0.49187842
v 0.20500238 0.20722425 -0.48750049
v 0.20609772 0.20876569 -0.49157602
v 0.20551383 0.20945044 -0.49561521
v 0.20937799 0.20999180 -0.48675415
v 0.21002030 0.20968071 -0.48321256
v 0.20702876 0.20775267 -0.48248893
v 0.20525271 0.20664284 -0.48228428
v 0.20935403 0.20853476 -0.47985113
v 0.21169025 0.21040447 -0.48270559
v 0.21300259 0.20931639 -0.47986567
v 0.21199788 0.20805402 -0.47764084
v 0.21492431 0.20840357 -0.47793105
v 0.21321487 0.20760325 -0.47608352
v 0.21639261 0.20794770 -0.47559831
v 0.21696103 0.20645297 -0.47169089
v 0.21899892 0.20827074 -0.47393453
v 0.22047734 0.20750484 -0.47156623
v 0.22102499 0.20549682 -0.46766737
v 0.21706122 0.20528938 -0.46779653
v 0.22130492 0.20444585 -0.46478385
v 0.22486138 0.20489803 -0.46462429
v 0.22516285 0.20390414 -0.46264634
v 0.22782762 0.20412427 -0.46177733
v 0.22899145 0.20324288 -0.45952708
v 0.22544323 0.20273630 -0.45953888
v 0.22133909 0.20307459 -0.45965910
v 0.22558337 0.20148848 -0.45538446
v 0.22935440 0.20108446 -0.45499796
v 0.22561739 0.20072542 -0.45222974
v 0.22831804 0.20053545 -0.45315036
v 0.23132922 0.20043030 -0.45351821
v 0.22958134 0.19992620 -0.45158494
v 0.23284796 0.19977002 -0.45134956
v 0.23341411 0.19818136 -0.44738862
v 0.22961302 0.19868706 -0.44738165
v 0.23343639 0.19702265 -0.44358593
v 0.23715681 0.19735709 -0.44432697
v 0.23732635 0.19659606 -0.44243255
v 0.22559373 0.20026542 -0.45019913
v 0.22948554 0.19770078 -0.44339496
v 0.22952417 0.19694506 -0.43963963
v 0.23472324 0.19647183 -0.44237083
v 0.23755080 0.19550771 -0.43962464
v 0.23343606 0.19595140 -0.43975568
v 0.23348686 0.19499427 -0.43577817
v 0.23774059 0.19427098 -0.43572065
v 0.24106887 0.19439717 -0.43559739
v 0.24101493 0.19316851 -0.43208459
v 0.23777117 0.19346361 -0.43220744
v 0.24103284 0.19233236 -0.42832977
v 0.23195688 0.19658734 -0.44112673
v 0.23774323 0.19282703 -0.42868859
v 0.24086772 0.19175437 -0.42536536
v 0.24173681 0.19206482 -0.42689532
v 0.24228628 0.19181955 -0.42465234
v 0.24086098 0.19077326 -0.42050785
v 0.23946731 0.19159460 -0.42346710
v 0.23786022 0.19217454 -0.42481312
v 0.22328120 0.20053571 -0.44923887
v 0.22546859 0.19959877 -0.44727927
v 0.23336020 0.19437625 -0.43229118
v 0.23082589 0.19627127 -0.43848252
v 0.24071303 0.19645756 -0.44024524
v 0.23328961 0.19384681 -0.42877036
v 0.22163521 0.20134358 -0.45076346
v 0.23701736 0.19170213 -0.42080402
v 0.24084973 0.18947473 -0.41427895
v 0.23542798 0.19981644 -0.45008698
v 0.23696323 0.19894424 -0.44752029
v 0.23235996 0.20154805 -0.45472637
v 0.23782845 0.19067799 -0.41652608
v 0.24083792 0.18779559 -0.40585563
v 0.23775844 0.18993385 -0.41257116
v 0.24383081 0.18895507 -0.40848297
v 0.24384040 0.18978286 -0.41249192
v 0.24356848 0.19144925 -0.42040053
v 0.24389771 0.18824533 -0.40481073
v 0.24265103 0.18752831 -0.40367961
v 0.24088721 0.18652625 -0.40037075
v 0.24378702 0.18717623 -0.40051961
v 0.24357815 0.18599924 -0.39639077
v 0.24097641 0.18513684 -0.39458671
v 0.24360228 0.18497767 -0.39242584
v 0.24370813 0.18409465 -0.38889554
v 0.24099283 0.18391520 -0.38949913
v 0.24110264 0.18258083 -0.38469091
v 0.24380994 0.18303135 -0.38522702
v 0.24113245 0.18148142 -0.38076094
v 0.24388811 0.18169564 -0.38077655
v 0.24358565 0.18037209 -0.37635684
v 0.24134846 0.18029907 -0.37648401
v 0.24225847 0.17973307 -0.37496224
v 0.24355669 0.17945571 -0.37322509
v 0.24137588 0.17938037 -0.37305093
v 0.24388921 0.17821728 -0.36902976
v 0.24125102 0.17830233 -0.36906376
v 0.24394658 0.17708726 -0.36513543
v 0.24135423 0.17727280 -0.36517665
v 0.24402888 0.17615426 -0.36149028
v 0.24172576 0.17621967 -0.36097103
v 0.24307001 0.17558269 -0.35947129
v 0.24418461 0.17565359 -0.35947371
v 0.24073963 0.17988722 -0.37441096
v 0.24180195 0.17533135 -0.35720298
v 0.24422024 0.17392169 -0.35336405
v 0.24160168 0.17435956 -0.35340279
v 0.24196155 0.17312182 -0.34912899
v 0.24419922 0.17277665 -0.34903154
v 0.24357679 0.17226326 -0.34755796
v 0.24423558 0.17186387 -0.34560412
v 0.24282712 0.17191248 -0.34549481
v 0.24423419 0.17068048 -0.34145868
v 0.24146083 0.17130746 -0.34168696
v 0.24420471 0.16961874 -0.33757830
v 0.24160454 0.17019294 -0.33775404
v 0.24419078 0.16877203 -0.33405989
v 0.24190338 0.16903941 -0.33350566
v 0.24331291 0.16824488 -0.33193406
v 0.24420834 0.16766651 -0.32979178
v 0.24193709 0.16797264 -0.32944533
v 0.24419402 0.16658007 -0.32591853
v 0.24159089 0.16646309 -0.32361114
v 0.24417408 0.16556442 -0.32203734
v 0.24415334 0.16494486 -0.31942961
v 0.24170665 0.16501491 -0.31804019
v 0.24294661 0.16433167 -0.31678334
v 0.24417609 0.16358343 -0.31426516
v 0.24214576 0.16388293 -0.31421584
v 0.24426726 0.16239975 -0.30976456
v 0.24115911 0.16326362 -0.31067565
v 0.24147098 0.16206768 -0.30642644
v 0.24450934 0.16050565 -0.30253947
v 0.24146822 0.16106901 -0.30251551
v 0.24463814 0.15976742 -0.29942822
v 0.24159943 0.16007516 -0.29844126
v 0.24319227 0.15938197 -0.29708785
v 0.24472986 0.15931119 -0.29747280
v 0.24157088 0.15916841 -0.29462922
v 0.24643260 0.15950480 -0.29726219
v 0.24482144 0.15855698 -0.29470697
v 0.24134794 0.15713754 -0.28688779
v 0.24138962 0.15817070 -0.29078257
v 0.24487406 0.15750875 -0.29082027
v 0.24503879 0.15643209 -0.28652254
v 0.24497510 0.15555502 -0.28319982
v 0.24598785 0.15600376 -0.28496253
v 0.24134220 0.15634704 -0.28377971
v 0.24132159 0.15581302 -0.28175983
v 0.24473158 0.15428682 -0.27886596
v 0.24128376 0.15496579 -0.27888528
v 0.24463663 0.15320832 -0.27496687
v 0.24126384 0.15384336 -0.27495521
v 0.24453674 0.15230642 -0.27133805
v 0.24134843 0.15277170 -0.27091858
v 0.24279146 0.15208015 -0.26956728
v 0.24450573 0.15111810 -0.26725823
v 0.24761423 0.15370780 -0.27484873
v 0.24764930 0.15481947 -0.27874672
v 0.24780774 0.15289067 -0.27118683
v 0.24134512 0.15176402 -0.26717475
v 0.24442111 0.14993227 -0.26339388
v 0.24736445 0.15584543 -0.28249064
v 0.24126466 0.15064970 -0.26334763
v 0.24435489 0.14878148 -0.25939989
v 0.24131152 0.14952071 -0.25947079
v 0.24773297 0.15181857 -0.26720783
v 0.24572356 0.16473845 -0.31733662
v 0.24368174 0.14826238 -0.25727281
v 0.24535359 0.14834097 -0.25803435
v 0.24435942 0.14772943 -0.25579146
v 0.24242081 0.14779331 -0.25460592
v 0.24444054 0.14648803 -0.25164026
v 0.23896082 0.15613616 -0.28086761
v 0.24518891 0.17587139 -0.35943690
v 0.24080038 0.17589037 -0.35842022
v 0.24003612 0.15244932 -0.26838231
v 0.24548441 0.16859010 -0.33222011
v 0.24016647 0.15984285 -0.29585364
v 0.24745019 0.14827964 -0.25518829
v 0.24769843 0.14729686 -0.25162300
v 0.23969971 0.18359938 -0.38711795
v 0.24124627 0.14735378 -0.25176093
v 0.24451095 0.14539471 -0.24778003
v 0.24149098 0.14615893 -0.24777833
v 0.24764401 0.14613441 -0.24774115
v 0.24457604 0.14442304 -0.24397902
v 0.24153535 0.14513096 -0.24398130
v 0.24756509 0.14505093 -0.24386947
v 0.24462229 0.14380549 -0.24134235
v 0.24138938 0.14419705 -0.24008889
v 0.24783182 0.14420247 -0.24013574
v 0.24260037 0.14349531 -0.23880504
v 0.24464273 0.14228743 -0.23606910
v 0.24683969 0.14350942 -0.23902941
v 0.24128304 0.14314532 -0.23626982
v 0.24463820 0.14116338 -0.23195642
v 0.24136086 0.14183769 -0.23196964
v 0.24460101 0.14048071 -0.22923177
v 0.24133527 0.14076063 -0.22800933
v 0.24766374 0.14169632 -0.23182163
v 0.24800816 0.14085989 -0.22804914
v 0.24792418 0.14309384 -0.23623732
v 0.24255127 0.14004511 -0.22673093
v 0.24433497 0.13911508 -0.22424078
v 0.24704902 0.14026845 -0.22698630
v 0.24116129 0.13978945 -0.22429889
v 0.24394587 0.13811702 -0.22019796
v 0.24081612 0.13863999 -0.22021692
v 0.24066857 0.13771217 -0.21750228
v 0.24367687 0.13748674 -0.21771075
v 0.24765226 0.13877074 -0.22009625
v 0.24763876 0.13803631 -0.21729393
v 0.24800113 0.13993849 -0.22441566
v 0.24754994 0.16025363 -0.29851002
v 0.24759488 0.16125801 -0.30244347
v 0.24775372 0.15074511 -0.26333979
v 0.24747913 0.14949293 -0.25934923
v 0.24770813 0.16240868 -0.30641350
v 0.24118271 0.14852263 -0.25576228
v 0.24731006 0.15691313 -0.28644213
v 0.24756867 0.15818624 -0.29077405
v 0.24756782 0.15927906 -0.29472291
v 0.24680610 0.17996067 -0.37206620
v 0.23933107 0.17959085 -0.37163016
v 0.23330079 0.19332716 -0.42478535
v 0.24034350 0.17220126 -0.34364235
v 0.24093059 0.16858259 -0.33053568
v 0.23853819 0.15971236 -0.29319906
v 0.23925759 0.17561826 -0.35519239
v 0.23984879 0.16410632 -0.31230420
v 0.23879306 0.15217005 -0.26579151
v 0.24780433 0.16356206 -0.31036130
v 0.24769875 0.16450244 -0.31389850
v 0.23773137 0.18919374 -0.40859550
v 0.23804563 0.18836366 -0.40454650
v 0.23979810 0.18729100 -0.40217498
v 0.24712320 0.17685719 -0.36088666
v 0.24770138 0.17816652 -0.36509031
v 0.24829698 0.17958795 -0.36923391
v 0.24331243 0.19297303 -0.42829704
v 0.23991513 0.14402989 -0.23772222
v 0.22548935 0.19887128 -0.44337726
v 0.22287391 0.20034117 -0.44729120
v 0.24674630 0.16838853 -0.32972834
v 0.24002230 0.14048411 -0.22542962
v 0.24747655 0.16958891 -0.33354422
v 0.24765867 0.17069955 -0.33748996
v 0.24848750 0.18082052 -0.37318069
v 0.24831066 0.18184261 -0.37681758
v 0.24840251 0.18310612 -0.38070643
v 0.24773367 0.16569710 -0.31844512
v 0.24788651 0.16669910 -0.32201874
v 0.23864947 0.18334255 -0.38461179
v 0.23975995 0.14822091 -0.25311846
v 0.23553582 0.19176732 -0.41869903
v 0.23975462 0.16820310 -0.32766134
v 0.23030680 0.19598196 -0.43583694
v 0.25176683 0.13908878 -0.21649225
v 0.24839091 0.16803746 -0.32620826
v 0.23816872 0.15595806 -0.27880380
v 0.24779984 0.18516433 -0.38818982
v 0.24865794 0.18682986 -0.39278632
v 0.23749352 0.18168092 -0.37681156
v 0.23374699 0.19264780 -0.42029348
v 0.24960758 0.18483964 -0.38495243
v 0.23715810 0.18294781 -0.38095686
v 0.25046945 0.18072492 -0.37067005
v 0.24837442 0.17649439 -0.35771596
v 0.24759038 0.17180139 -0.34128460
v 0.23743132 0.17773972 -0.36122793
v 0.23709954 0.17890389 -0.36536387
v 0.24952127 0.16539428 -0.31494999
v 0.25059578 0.16509478 -0.31234056
v 0.23497802 0.19164248 -0.41651168
v 0.23765837 0.18060929 -0.37301025
v 0.23713833 0.16166544 -0.29843372
v 0.23790814 0.18467619 -0.38845390
v 0.23764195 0.18662307 -0.39552277
v 0.23719181 0.16267283 -0.30235589
v 0.24385333 0.19410388 -0.43197122
v 0.23768514 0.17669502 -0.35714075
v 0.23342009 0.20059781 -0.45264170
v 0.24732067 0.17496805 -0.35330367
v 0.24749331 0.17299157 -0.34562770
v 0.24928610 0.17279102 -0.34251979
v 0.24739972 0.17395262 -0.34935486
v 0.23697078 0.15867919 -0.28677592
v 0.23710911 0.15966134 -0.29046258
v 0.23734823 0.15733795 -0.28244260
v 0.24722327 0.18737619 -0.39648157
v 0.25001806 0.16931771 -0.32877734
v 0.23610112 0.18772456 -0.39762464
v 0.23533876 0.18739824 -0.39472154
v 0.23716444 0.15433867 -0.27096835
v 0.23684776 0.15560576 -0.27507418
v 0.23866193 0.14784658 -0.24983586
v 0.24940737 0.14078791 -0.22569256
v 0.23909855 0.17153344 -0.33904493
v 0.23698254 0.17514557 -0.34968647
v 0.24419631 0.19586755 -0.43596008
v 0.23912106 0.14028011 -0.22313602
v 0.23794325 0.15189321 -0.26324037
v 0.23730990 0.16359523 -0.30596009
v 0.24994431 0.14878827 -0.25357571
v 0.25122988 0.18471745 -0.38256380
v 0.24607217 0.18826105 -0.40122780
v 0.25082698 0.18814363 -0.39443967
v 0.24997862 0.18841757 -0.39654151
v 0.24806730 0.18882015 -0.40060681
v 0.24826811 0.18979034 -0.40435517
v 0.24828133 0.19065471 -0.40833154
v 0.23847754 0.14391561 -0.23496296
v 0.23716235 0.16066706 -0.29447055
v 0.25109449 0.18036580 -0.36808071
v 0.25075176 0.17251442 -0.33948874
v 0.23618923 0.18431123 -0.38455012
v 0.23526780 0.18410946 -0.38239792
v 0.25090849 0.16475059 -0.31034479
v 0.23734128 0.16672231 -0.31786740
v 0.23729894 0.16772474 -0.32143870
v 0.24968725 0.17638482 -0.35530615
v 0.23599216 0.18026614 -0.36900669
v 0.23520866 0.18004330 -0.36678049
v 0.23010001 0.19563688 -0.43243986
v 0.23612462 0.17645453 -0.35332480
v 0.23523554 0.17630504 -0.35108286
v 0.23729368 0.17395587 -0.34558803
v 0.24976587 0.19236907 -0.41324219
v 0.24961922 0.14409873 -0.23710749
v 0.23738334 0.14581953 -0.23993564
v 0.23688652 0.14723481 -0.24420409
v 0.22096297 0.20118752 -0.44743851
v 0.23461886 0.18731670 -0.39263338
v 0.24963494 0.15309188 -0.26916614
v 0.23732837 0.15322931 -0.26706788
v 0.24812067 0.19410598 -0.42468441
v 0.24808744 0.19494690 -0.42856237
v 0.24893171 0.19268654 -0.41625413
v 0.24769935 0.19300720 -0.42016202
v 0.24831089 0.19606709 -0.43198034
v 0.25087881 0.19694901 -0.43139341
v 0.23409231 0.19141822 -0.41256037
v 0.23717214 0.15010187 -0.25542662
v 0.23732905 0.14898777 -0.25163695
v 0.23678184 0.15147883 -0.25962362
v 0.24190830 0.19773214 -0.44187009
v 0.23959824 0.19934072 -0.44639820
v 0.24870284 0.16012140 -0.29603297
v 0.23779579 0.17091258 -0.33394623
v 0.23758629 0.17293474 -0.34180218
v 0.25159937 0.18441059 -0.38062555
v 0.24990597 0.15616031 -0.27980995
v 0.25136817 0.16899340 -0.32508686
v 0.21724692 0.20313075 -0.45121735
v 0.23272030 0.19261324 -0.41652337
v 0.25172684 0.14039733 -0.21981034
v 0.23729733 0.16569053 -0.31400111
v 0.23579542 0.16453439 -0.30698174
v 0.23735237 0.16474313 -0.31049800
v 0.23484868 0.16431421 -0.30435255
v 0.25151488 0.18774618 -0.39163020
v 0.23456252 0.18381935 -0.37981710
v 0.25023186 0.17618743 -0.35323110
v 0.25224787 0.16754508 -0.31811148
v 0.25231498 0.16866536 -0.32182187
v 0.24985208 0.19709559 -0.43294516
v 0.24708270 0.19653954 -0.43440780
v 0.25056410 0.14854722 -0.25162297
v 0.25022036 0.15289469 -0.26716045
v 0.23736838 0.14258355 -0.22801146
v 0.23459436 0.17978057 -0.36418566
v 0.23721851 0.14376464 -0.23194380
v 0.22279255 0.20000209 -0.44362363
v 0.24753885 0.13614839 -0.21476123
v 0.25191018 0.17487125 -0.34529874
v 0.25180238 0.17592643 -0.34894198
v 0.25175875 0.17899625 -0.36105728
v 0.25221580 0.17176667 -0.33365831
v 0.25191936 0.18005076 -0.36470532
v 0.23726605 0.17013371 -0.32989773
v 0.23557821 0.16887425 -0.32246572
v 0.23658305 0.16926455 -0.32570744
v 0.23471484 0.16850328 -0.31945059
v 0.24375859 0.13596523 -0.21579678
v 0.23585315 0.16057125 -0.29157180
v 0.23184589 0.19254255 -0.41256043
v 0.25161183 0.19652680 -0.42846477
v 0.25069639 0.19222902 -0.41060373
v 0.25199768 0.16428646 -0.30601472
v 0.25191003 0.16620207 -0.31386113
v 0.25119990 0.15432070 -0.27065596
v 0.25181860 0.15578851 -0.27488708
v 0.23298052 0.19139859 -0.40855867
v 0.23309001 0.19005190 -0.40064645
v 0.23320468 0.19065568 -0.40465283
v 0.22567670 0.19855121 -0.43958110
v 0.22848368 0.19686133 -0.43592444
v 0.23725200 0.14491594 -0.23611456
v 0.25161326 0.16238700 -0.29928130
v 0.25168800 0.14610811 -0.24035873
v 0.25197893 0.14816697 -0.24732593
v 0.21627164 0.20367320 -0.45555514
v 0.24985828 0.15967607 -0.29184276
v 0.23587474 0.15291612 -0.26318690
v 0.23514414 0.15272032 -0.26105452
v 0.23003294 0.19535530 -0.42893109
v 0.23630962 0.17263538 -0.33795524
v 0.23526374 0.17229433 -0.33401239
v 0.23616770 0.15697147 -0.27877387
v 0.23531748 0.15679674 -0.27649078
v 0.25179666 0.17362361 -0.34125334
v 0.25197074 0.14307581 -0.22902195
v 0.25161019 0.14162314 -0.22435988
v 0.25306723 0.14149411 -0.22104116
v 0.25171039 0.14497271 -0.23608905
v 0.25327244 0.14491153 -0.23277462
v 0.24372672 0.19886756 -0.44248936
v 0.25133693 0.15244982 -0.26326680
v 0.25237355 0.15196852 -0.25964615
v 0.24086544 0.13603273 -0.21552028
v 0.23392399 0.18347159 -0.37680116
v 0.25205985 0.17056778 -0.32967922
v 0.23467647 0.17603935 -0.34853005
v 0.25130525 0.17768446 -0.35678872
v 0.23576280 0.14873368 -0.24760345
v 0.23510695 0.14857899 -0.24565603
v 0.25233346 0.18737400 -0.38814077
v 0.25165457 0.13750409 -0.21415442
v 0.24777368 0.13594985 -0.21252754
v 0.25189751 0.13737394 -0.21239017
v 0.25373989 0.13814746 -0.21359466
v 0.25380072 0.13809353 -0.21268019
v 0.24242251 0.19989955 -0.44506401
v 0.25117967 0.19193020 -0.40775928
v 0.23495348 0.16041839 -0.28899643
v 0.25220540 0.16975032 -0.32610947
v 0.24388906 0.13412815 -0.21369395
v 0.24103385 0.13430133 -0.21354729
v 0.24095356 0.13432230 -0.21281831
v 0.24384117 0.13415305 -0.21277256
v 0.23984787 0.13449246 -0.21311159
v 0.24609882 0.13437456 -0.21346439
v 0.24613450 0.13438466 -0.21299846
v 0.25132298 0.15771304 -0.28246051
v 0.25188923 0.15934297 -0.28679630
v 0.23811182 0.20027266 -0.44883755
v 0.24840216 0.19779868 -0.43558386
v 0.24711765 0.19854160 -0.43833563
v 0.25239912 0.18388143 -0.37658525
v 0.25224039 0.18259589 -0.37283641
v 0.25213274 0.18143210 -0.36918455
v 0.23409040 0.17947917 -0.36120063
v 0.23451708 0.16407941 -0.30227309
v 0.25197804 0.19530441 -0.42041075
v 0.25215468 0.19624235 -0.42499188
v 0.23131408 0.19250084 -0.40981147
v 0.25132906 0.16116846 -0.29461497
v 0.22336274 0.20810135 -0.47018179
v 0.22467953 0.20703116 -0.46768290
v 0.23469682 0.17216074 -0.33197102
v 0.25167429 0.15019627 -0.25511545
v 0.23333745 0.18299344 -0.37293667
v 0.25396815 0.14113823 -0.21825863
v 0.23290275 0.18738861 -0.38818270
v 0.25219187 0.15395363 -0.26713508
v 0.25326562 0.15353657 -0.26321337
v 0.25387061 0.15331785 -0.26108938
v 0.23756206 0.14158982 -0.22436430
v 0.25249332 0.19128549 -0.40034774
v 0.23467304 0.15238595 -0.25848168
v 0.23816472 0.14014195 -0.22019894
v 0.23707584 0.13957080 -0.21692958
v 0.25263911 0.15734662 -0.27871510
v 0.25348711 0.15711121 -0.27622062
v 0.25412989 0.13989630 -0.21555284
v 0.25207394 0.18591124 -0.38403285
v 0.22344808 0.19990209 -0.43985194
v 0.23577204 0.14500010 -0.23326522
v 0.21157672 0.21105835 -0.48449704
v 0.23358564 0.17908311 -0.35728040
v 0.25281128 0.16100192 -0.29061198
v 0.25262010 0.16570300 -0.31028730
v 0.25262693 0.14972803 -0.25157717
v 0.25345534 0.14932665 -0.24836427
v 0.25407243 0.14899896 -0.24573036
v 0.23342669 0.18896836 -0.39630395
v 0.25361440 0.16075644 -0.28805813
v 0.25427362 0.16034226 -0.28539923
v 0.23482619 0.15650764 -0.27391893
v 0.23421732 0.17573595 -0.34560236
v 0.25328615 0.16530889 -0.30706513
v 0.22997414 0.19513081 -0.42496362
v 0.20241471 0.20948280 -0.49870759
v 0.23390479 0.16767438 -0.31390837
v 0.22991054 0.19492559 -0.42074099
v 0.23472333 0.14827749 -0.24311048
v 0.25224665 0.17734125 -0.35314015
v 0.25309214 0.17699765 -0.34997344
v 0.25381365 0.17666250 -0.34731644
v 0.25407019 0.17625535 -0.34524876
v 0.25327912 0.16957761 -0.32297099
v 0.23411202 0.17187464 -0.32918712
v 0.25286263 0.17321436 -0.33744368
v 0.25338683 0.17292289 -0.33499211
v 0.25195271 0.19447109 -0.41618106
v 0.25386831 0.15671326 -0.27369881
v 0.25414798 0.15621871 -0.27103552
v 0.23091109 0.19243534 -0.40723100
v 0.23198882 0.20365125 -0.45794496
v 0.22881399 0.20476006 -0.46185777
v 0.25395754 0.16487667 -0.30359587
v 0.25397387 0.14457390 -0.23003130
v 0.25430545 0.14418688 -0.22771423
v 0.23456533 0.16016224 -0.28672823
v 0.23371813 0.17536530 -0.34176943
v 0.23397727 0.16364175 -0.29839709
v 0.23423736 0.15194540 -0.25536421
v 0.21470883 0.20449752 -0.45155981
v 0.25460038 0.15985496 -0.28273681
v 0.23299162 0.18640010 -0.38459617
v 0.23639011 0.20112124 -0.45116183
v 0.25428018 0.15283903 -0.25850365
v 0.23221622 0.18892929 -0.39265797
v 0.23510318 0.14481527 -0.23063831
v 0.23345326 0.16714238 -0.31003645
v 0.23822315 0.13641304 -0.21425802
v 0.25298947 0.19732846 -0.42819452
v 0.25394088 0.16898657 -0.31905770
v 0.24588524 0.19947784 -0.44124544
v 0.23439428 0.15616962 -0.27097338
v 0.25445741 0.16400568 -0.29838920
v 0.25485528 0.16344284 -0.29451025
v 0.25463960 0.15223546 -0.25542679
v 0.23395072 0.15974081 -0.28279570
v 0.25425965 0.14862441 -0.24374716
v 0.25458160 0.14786223 -0.23979357
v 0.23428623 0.14788093 -0.23986825
v 0.21715103 0.20921203 -0.47674221
v 0.23067383 0.19230542 -0.40467221
v 0.25477418 0.14363761 -0.22407416
v 0.23127949 0.18880545 -0.38930827
v 0.22151521 0.20903611 -0.47280774
v 0.25441572 0.16801690 -0.31421676
v 0.24955420 0.19930996 -0.43691742
v 0.23604572 0.14172329 -0.22023740
v 0.23379894 0.15137708 -0.25143188
v 0.23358056 0.16318080 -0.29450813
v 0.25176477 0.19341904 -0.41199943
v 0.23274989 0.18268645 -0.36944062
v 0.22788593 0.20792519 -0.46627501
v 0.25430280 0.17978038 -0.35708085
v 0.25379151 0.17239353 -0.33204839
v 0.25453812 0.15556626 -0.26718313
v 0.23559634 0.20337129 -0.45455536
v 0.25370157 0.18051478 -0.36177236
v 0.25299487 0.18110915 -0.36579189
v 0.25134683 0.19877997 -0.43376446
v 0.23383786 0.20418699 -0.45700172
v 0.25235400 0.19005647 -0.39649948
v 0.23386459 0.15574341 -0.26712093
v 0.25485814 0.14712562 -0.23581319
v 0.20878963 0.21060434 -0.49142566
v 0.20813552 0.21129179 -0.49547827
v 0.22582044 0.20879021 -0.46902561
v 0.25445056 0.17555830 -0.34138435
v 0.20758042 0.21174546 -0.49777141
v 0.20516093 0.21017882 -0.49812788
v 0.23313411 0.18529801 -0.38098189
v 0.23072089 0.18864648 -0.38663131
v 0.22983932 0.19470817 -0.41665488
v 0.23466165 0.14456505 -0.22798361
v 0.23357280 0.17153357 -0.32571658
v 0.23032995 0.19205986 -0.40066934
v 0.23385265 0.14739512 -0.23584658
v 0.22839352 0.19683617 -0.43257156
v 0.23519652 0.14176452 -0.21768752
v 0.23296967 0.17892630 -0.35350505
v 0.25470033 0.17916332 -0.35315004
v 0.21072270 0.21211132 -0.49135968
v 0.25498965 0.15150481 -0.25156629
v 0.21749242 0.20348625 -0.44787121
v 0.23508708 0.13785058 -0.21368681
v 0.23811458 0.13634825 -0.21253243
v 0.23357975 0.14013202 -0.21483840
v 0.23508994 0.13787858 -0.21265954
v 0.23002920 0.19169609 -0.39671242
v 0.25433370 0.17126392 -0.32577205
v 0.23830518 0.20394328 -0.45301828
v 0.21382360 0.21121213 -0.48167601
v 0.21618427 0.20974045 -0.47830832
v 0.21813637 0.21054600 -0.47734603
v 0.25475314 0.16732660 -0.31026411
v 0.24097377 0.20138101 -0.44768023
v 0.23933698 0.20300172 -0.45094097
v 0.23412234 0.14430280 -0.22440521
v 0.23332538 0.17501420 -0.33792529
v 0.25519949 0.16290484 -0.29066548
v 0.23329529 0.18121728 -0.36537752
v 0.21984078 0.20978630 -0.47501528
v 0.23196658 0.18508893 -0.37686485
v 0.22084647 0.20150454 -0.44390365
v 0.25489542 0.15920058 -0.27880219
v 0.25342742 0.19664106 -0.42087102
v 0.23062900 0.18837449 -0.38469130
v 0.23144808 0.18461365 -0.37300044
v 0.25349823 0.19901259 -0.43111721
v 0.25298885 0.19946852 -0.43262544
v 0.22412294 0.20954031 -0.47116160
v 0.23318152 0.16648977 -0.30606127
v 0.22994879 0.20855503 -0.46524048
v 0.25240859 0.18894145 -0.39275697
v 0.23180112 0.20527658 -0.45992345
v 0.23147002 0.20760615 -0.46277669
v 0.25254482 0.19318664 -0.40810445
v 0.25488439 0.14277408 -0.22000483
v 0.25332880 0.19276547 -0.40307927
v 0.25381508 0.19221221 -0.39903972
v 0.25492337 0.15503392 -0.26326004
v 0.25268868 0.18539931 -0.38054809
v 0.25474623 0.17819962 -0.34892216
v 0.25330546 0.18861765 -0.38932294
v 0.25373650 0.18790783 -0.38554358
v 0.25429016 0.18330483 -0.36896071
v 0.22242300 0.21031462 -0.47337985
v 0.25387216 0.18409535 -0.37281635
v 0.25480428 0.16642109 -0.30599198
v 0.23675326 0.20542219 -0.45565283
v 0.23404916 0.20838495 -0.46121797
v 0.23538272 0.20693974 -0.45836487
v 0.25343391 0.18474424 -0.37614685
v 0.22773543 0.20955077 -0.46800247
v 0.25503126 0.15050618 -0.24730256
v 0.20995177 0.21300104 -0.49543285
v 0.25495455 0.14618488 -0.23162897
v 0.25404608 0.19557311 -0.41216394
v 0.25379166 0.19616701 -0.41619873
v 0.25472227 0.17501251 -0.33750322
v 0.24231987 0.20382768 -0.44898760
v 0.24349965 0.20260772 -0.44652158
v 0.24476518 0.20108509 -0.44376752
v 0.21311902 0.21251480 -0.48352700
v 0.25451607 0.17049387 -0.32178292
v 0.20621446 0.21243131 -0.49927491
v 0.24823858 0.20084703 -0.43957525
v 0.25530225 0.16213398 -0.28679284
v 0.25408801 0.19180638 -0.39644238
v 0.25442186 0.18225770 -0.36472255
v 0.24129739 0.20497473 -0.45092338
v 0.22648656 0.21002351 -0.46955523
v 0.23248109 0.20978701 -0.46384904
v 0.25223646 0.13806783 -0.21128196
v 0.24821334 0.13739407 -0.21170551
v 0.24844420 0.13691276 -0.21013550
v 0.24346954 0.13668834 -0.21128194
v 0.24338983 0.13687773 -0.21196440
v 0.23981799 0.13726579 -0.21204758
v 0.23978657 0.13684219 -0.21047390
v 0.25238082 0.13787915 -0.20959435
v 0.25019482 0.13654268 -0.20806497
v 0.24699950 0.13605322 -0.20921904
v 0.24848327 0.13548604 -0.20623416
v 0.24404928 0.13454923 -0.20602928
v 0.24372813 0.13578632 -0.20960826
v 0.24045332 0.13519111 -0.20640209
v 0.24086401 0.13582255 -0.20933153
v 0.24417888 0.13338539 -0.20162100
v 0.24815902 0.13413976 -0.20155744
v 0.24095747 0.13377069 -0.20161307
v 0.24417682 0.13289510 -0.19949080
v 0.24081805 0.13298777 -0.19795963
v 0.24427085 0.13233271 -0.19743110
v 0.24164240 0.13241078 -0.19683440
v 0.24443667 0.13127741 -0.19354235
v 0.24095817 0.13193758 -0.19387168
v 0.24124150 0.13073283 -0.18960170
v 0.24470715 0.12917008 -0.18579358
v 0.24126062 0.12972124 -0.18575256
v 0.24482518 0.12826926 -0.18217942
v 0.24164386 0.12856446 -0.18153782
v 0.24320227 0.12779753 -0.18008965
v 0.24480587 0.12710631 -0.17803437
v 0.24694215 0.12791716 -0.18038404
v 0.24152486 0.12761489 -0.17781585
v 0.24474666 0.12587330 -0.17402621
v 0.24095614 0.12656824 -0.17399652
v 0.24807730 0.12761828 -0.17789662
v 0.24813938 0.12636110 -0.17388666
v 0.24516742 0.12459569 -0.16956511
v 0.24781168 0.12489819 -0.16937530
v 0.24092780 0.12535094 -0.16996567
v 0.24420488 0.12412805 -0.16752654
v 0.24668737 0.12410274 -0.16790770
v 0.24514432 0.12364127 -0.16611822
v 0.24186143 0.12375513 -0.16497798
v 0.24467336 0.12243168 -0.16210727
v 0.24789788 0.12182479 -0.15882644
v 0.24456415 0.12133071 -0.15819719
v 0.24782783 0.12078693 -0.15481661
v 0.24431787 0.12019113 -0.15361397
v 0.24794509 0.12012163 -0.15218431
v 0.24444547 0.11926176 -0.15036206
v 0.24446687 0.11808445 -0.14646719
v 0.24796422 0.11838368 -0.14639188
v 0.24450801 0.11701367 -0.14261506
v 0.24801314 0.11733096 -0.14255287
v 0.24453971 0.11630626 -0.13982533
v 0.24240333 0.12008679 -0.15244909
v 0.24831960 0.11651888 -0.13890190
v 0.24774870 0.12386724 -0.16573709
v 0.24105152 0.12079088 -0.15393420
v 0.24080358 0.12198899 -0.15821709
v 0.24062781 0.12330785 -0.16239317
v 0.24070561 0.12439050 -0.16615729
v 0.24102500 0.11985590 -0.15024360
v 0.24075380 0.11769796 -0.14257054
v 0.24078949 0.11667136 -0.13865103
v 0.24073994 0.11880288 -0.14643119
v 0.24809754 0.12980418 -0.18567717
v 0.24805504 0.13090950 -0.18958570
v 0.24805000 0.13340363 -0.19849521
v 0.24802098 0.13203010 -0.19357108
v 0.24806373 0.12869594 -0.18167163
v 0.24746816 0.11591695 -0.13774601
v 0.24458916 0.11577414 -0.13790147
v 0.24837303 0.11546802 -0.13521956
v 0.24206592 0.11596350 -0.13734658
v 0.24470416 0.11487453 -0.13494381
v 0.24812165 0.11411176 -0.13097513
v 0.24484424 0.11374830 -0.13106601
v 0.24788108 0.11295193 -0.12671991
v 0.24512389 0.11266795 -0.12680525
v 0.24673468 0.11217143 -0.12517066
v 0.24410318 0.11230535 -0.12485647
v 0.24514441 0.11175158 -0.12331599
v 0.24103165 0.11347210 -0.12712024
v 0.24095750 0.11452660 -0.13107745
v 0.24107125 0.11215793 -0.12199830
v 0.24781969 0.11200713 -0.12290241
v 0.24491492 0.11050821 -0.11907625
v 0.24804871 0.10880096 -0.11113550
v 0.24488571 0.10941835 -0.11515252
v 0.24799269 0.11021216 -0.11636622
v 0.24104203 0.11129122 -0.11908583
v 0.24486598 0.10857135 -0.11183847
v 0.24100576 0.11015955 -0.11516723
v 0.24129163 0.10895102 -0.11095763
v 0.24294877 0.10817921 -0.10951795
v 0.24484679 0.10806220 -0.10989957
v 0.24716927 0.10812183 -0.10986023
v 0.24804334 0.10770208 -0.10737423
v 0.24482825 0.10726174 -0.10734100
v 0.24482958 0.10606397 -0.10345558
v 0.24799623 0.10635465 -0.10328767
v 0.24790972 0.10510410 -0.09908938
v 0.24516927 0.10485957 -0.09922417
v 0.24089253 0.10562426 -0.09956025
v 0.24409336 0.10442618 -0.09724718
v 0.24686308 0.10432468 -0.09762638
v 0.24514696 0.10389729 -0.09578334
v 0.24089105 0.10428689 -0.09450465
v 0.24089830 0.10479715 -0.09645564
v 0.24793395 0.10416079 -0.09556458
v 0.24815890 0.10202519 -0.08828603
v 0.24494566 0.10155877 -0.08796261
v 0.24090151 0.10341916 -0.09174219
v 0.24088216 0.10224701 -0.08790797
v 0.24809885 0.10087740 -0.08391555
v 0.24455380 0.10053046 -0.08401261
v 0.24084134 0.10117593 -0.08404687
v 0.24300979 0.10015658 -0.08214039
v 0.24558698 0.10006271 -0.08260676
v 0.24449834 0.09949045 -0.08050212
v 0.24718618 0.10014316 -0.08257608
v 0.24805999 0.09981649 -0.08008281
v 0.24799576 0.09858224 -0.07599330
v 0.24477842 0.09809785 -0.07606795
v 0.24794111 0.09750186 -0.07200438
v 0.24473605 0.09703210 -0.07212083
v 0.24472967 0.09643812 -0.06973775
v 0.24822155 0.09673695 -0.06840249
v 0.24100628 0.09771753 -0.07213343
v 0.24092606 0.09678969 -0.06828943
v 0.24092042 0.09885161 -0.07607469
v 0.24084283 0.09988509 -0.07935859
v 0.24088708 0.10679723 -0.10345729
v 0.24125038 0.10792098 -0.10725430
v 0.24085662 0.11566715 -0.13498196
v 0.24470121 0.09588924 -0.06778216
v 0.24219795 0.09610906 -0.06703969
v 0.24470294 0.09488422 -0.06431776
v 0.24730088 0.09606928 -0.06740485
v 0.24106449 0.11271005 -0.12404072
v 0.24831930 0.09565277 -0.06436963
v 0.24481586 0.09383912 -0.06042920
v 0.24825287 0.09441443 -0.06021930
v 0.24487361 0.09309629 -0.05732352
v 0.24843419 0.09349462 -0.05646185
v 0.24099724 0.09461028 -0.06045353
v 0.24127440 0.09346362 -0.05648917
v 0.24087575 0.09576956 -0.06441243
v 0.24285407 0.09265390 -0.05514234
v 0.24484926 0.09261762 -0.05548874
v 0.24732231 0.09277233 -0.05534942
v 0.24472784 0.09169380 -0.05298647
v 0.24179274 0.09218197 -0.05312654
v 0.24427317 0.09022805 -0.04905226
v 0.24854474 0.09240706 -0.05275515
v 0.23986013 0.09116248 -0.04912010
v 0.24852125 0.09107342 -0.04886144
v 0.24833754 0.08981618 -0.04494690
v 0.24376963 0.08905418 -0.04589511
v 0.24082662 0.10046794 -0.08134773
v 0.24002635 0.10859378 -0.10844324
v 0.23925471 0.08919545 -0.04515153
v 0.24005084 0.12044899 -0.15142758
v 0.23968856 0.09290947 -0.05310625
v 0.24054272 0.12821801 -0.17895158
v 0.23867907 0.10470206 -0.09378513
v 0.23916079 0.12418964 -0.16384606
v 0.23847428 0.10832746 -0.10578576
v 0.23879437 0.11261085 -0.12121881
v 0.23947725 0.09658062 -0.06575319
v 0.23956904 0.11642215 -0.13624254
v 0.23852788 0.10033362 -0.07841727
v 0.23892921 0.12801482 -0.17624287
v 0.23873961 0.12022817 -0.14878576
v 0.24655116 0.08876665 -0.04381738
v 0.24334177 0.08736164 -0.04207168
v 0.24000689 0.08823179 -0.04430901
v 0.23918821 0.08737802 -0.04258202
v 0.23942758 0.08565450 -0.03904479
v 0.24327815 0.08637655 -0.03827525
v 0.24332912 0.08560089 -0.03412074
v 0.24870953 0.08639181 -0.03360602
v 0.24880819 0.08527605 -0.02927756
v 0.24369553 0.08472776 -0.02988822
v 0.23958048 0.08517347 -0.03434914
v 0.23961924 0.08467542 -0.03042414
v 0.24195807 0.08432515 -0.02755469
v 0.24584019 0.08424190 -0.02820217
v 0.24372911 0.08381158 -0.02618387
v 0.23919220 0.08383465 -0.02655315
v 0.23996365 0.08433378 -0.02769443
v 0.24889846 0.08427593 -0.02577123
v 0.24903053 0.08312123 -0.02153565
v 0.24350622 0.08288545 -0.02233857
v 0.24912140 0.08231344 -0.01737949
v 0.24359396 0.08219647 -0.01808865
v 0.24918987 0.08160785 -0.01323705
v 0.24370521 0.08154725 -0.01389787
v 0.24917334 0.08116532 -0.01048857
v 0.24360538 0.08077972 -0.01005550
v 0.23915723 0.08357420 -0.02285848
v 0.24542856 0.08024404 -0.00873262
v 0.24152283 0.08042003 -0.00750444
v 0.24352014 0.07981442 -0.00628209
v 0.24037972 0.07997217 -0.00531196
v 0.24376994 0.07876959 -0.00299872
v 0.24710965 0.08440427 -0.02802958
v 0.24000700 0.07951789 -0.00314357
v 0.24392791 0.07775407 0.00056107
v 0.24870780 0.07956955 -0.00250546
v 0.24884675 0.08029274 -0.00584985
v 0.24905002 0.08085013 -0.00862721
v 0.23970942 0.07888085 -0.00008968
v 0.24396397 0.07716767 0.00289017
v 0.24071047 0.07732946 0.00409426
v 0.24854317 0.07871460 0.00113763
v 0.24838284 0.07807322 0.00360537
v 0.24858129 0.08751398 -0.03770196
v 0.23904611 0.08323199 -0.01862617
v 0.23901930 0.08276073 -0.01440338
v 0.23906261 0.08186892 -0.00993547
v 0.23741780 0.08165251 -0.00949717
v 0.23707029 0.08116855 -0.00527288
v 0.23910895 0.08094035 -0.00609739
v 0.24835745 0.08864956 -0.04140956
v 0.24824041 0.07741014 0.00563088
v 0.24403292 0.07534683 0.00858051
v 0.24187355 0.07646779 0.00543409
v 0.24111573 0.07594640 0.00822603
v 0.24410407 0.07437548 0.01151979
v 0.24141155 0.07432678 0.01242412
v 0.24793740 0.07513060 0.01187110
v 0.24416995 0.07358176 0.01355030
v 0.24245563 0.07342160 0.01388774
v 0.24426746 0.07221692 0.01667923
v 0.24146254 0.07265797 0.01625026
v 0.24798825 0.07428645 0.01393152
v 0.24803047 0.07616481 0.00912524
v 0.24815950 0.07277237 0.01731769
v 0.24049743 0.07364213 0.01477168
v 0.25054151 0.08524474 -0.02694877
v 0.23857354 0.09253565 -0.05090932
v 0.24948849 0.12070440 -0.15233670
v 0.24957114 0.11638577 -0.13672157
v 0.23851633 0.11618146 -0.13370337
v 0.25016302 0.12042765 -0.15017998
v 0.25154769 0.07508134 0.01497690
v 0.25263256 0.07439841 0.01766436
v 0.23841681 0.12380563 -0.16122997
v 0.24993263 0.13329783 -0.19565852
v 0.25122562 0.13608027 -0.20465663
v 0.23803465 0.10444968 -0.09163330
v 0.23853618 0.09633178 -0.06311177
v 0.23982285 0.13275200 -0.19542640
v 0.23821424 0.11235981 -0.11906186
v 0.25167152 0.08164575 -0.00781281
v 0.24911617 0.12841263 -0.17915763
v 0.24973504 0.09333038 -0.05395775
v 0.24859302 0.11265698 -0.12416427
v 0.24903060 0.10856401 -0.10878873
v 0.24991356 0.08965079 -0.04233364
v 0.23794599 0.10002331 -0.07602837
v 0.23747578 0.08220650 -0.01425516
v 0.24999888 0.12395508 -0.16279837
v 0.25142094 0.07832007 0.00686636
v 0.23784173 0.10800544 -0.10339232
v 0.25024569 0.13294359 -0.19354701
v 0.25218782 0.08521440 -0.02409384
v 0.25043780 0.12797746 -0.17560187
v 0.23868221 0.13213779 -0.19048724
v 0.23995069 0.07692590 0.00678245
v 0.23914066 0.07649562 0.00946669
v 0.23809338 0.12779221 -0.17388706
v 0.23785490 0.11588430 -0.13104974
v 0.25036249 0.11606503 -0.13413870
v 0.23813601 0.11993868 -0.14636162
v 0.24952018 0.09662613 -0.06574184
v 0.25145999 0.08950853 -0.03973757
v 0.24895483 0.10064497 -0.08142463
v 0.23694074 0.10289135 -0.08390521
v 0.23712623 0.10163401 -0.07978684
v 0.23682161 0.10408767 -0.08775973
v 0.25167349 0.13568635 -0.20149222
v 0.23732042 0.13058460 -0.18168969
v 0.25208977 0.08164281 -0.00549665
v 0.23715815 0.13178566 -0.18567449
v 0.23793137 0.09599514 -0.06039291
v 0.25087878 0.09306327 -0.05136220
v 0.23730353 0.11186665 -0.11515045
v 0.23919703 0.13632606 -0.20835663
v 0.24993727 0.11240412 -0.12041024
v 0.23773608 0.12340652 -0.15817779
v 0.25117344 0.11988279 -0.14635229
v 0.24995656 0.10825040 -0.10610133
v 0.23733957 0.10596826 -0.09527925
v 0.23678665 0.10759583 -0.09958743
v 0.25014010 0.10448932 -0.09290858
v 0.23647052 0.11148315 -0.11153594
v 0.25244424 0.13716513 -0.20603108
v 0.23689589 0.09869400 -0.06816265
v 0.23721789 0.09548917 -0.05666368
v 0.25126380 0.12208892 -0.15379271
v 0.25180835 0.12352912 -0.15777454
v 0.25258201 0.07814763 0.00990269
v 0.25267938 0.07644589 0.01370982
v 0.23670134 0.09973411 -0.07181306
v 0.25093824 0.13229057 -0.18952671
v 0.25191602 0.13501938 -0.19750364
v 0.23748611 0.12933569 -0.17761649
v 0.25193763 0.11827818 -0.13868827
v 0.25224546 0.11950984 -0.14256145
v 0.23675664 0.12308870 -0.15429205
v 0.25042799 0.09636960 -0.06310072
v 0.23702142 0.11859037 -0.13865188
v 0.23672056 0.11561976 -0.12704489
v 0.23726629 0.11410039 -0.12278744
v 0.23689923 0.11967491 -0.14226285
v 0.25021780 0.10017176 -0.07738023
v 0.23701328 0.12620577 -0.16599648
v 0.23680088 0.12749171 -0.16995902
v 0.25209549 0.08920525 -0.03726434
v 0.25113449 0.11565347 -0.13096201
v 0.23769855 0.07621258 0.01262232
v 0.23781446 0.08027369 -0.00163299
v 0.25281903 0.08497153 -0.02108503
v 0.25208336 0.12726144 -0.16978163
v 0.25138792 0.12563306 -0.16562925
v 0.25197026 0.13077301 -0.18164842
v 0.23705275 0.10977232 -0.10717459
v 0.25216073 0.13191903 -0.18521786
v 0.23744936 0.08888972 -0.04367516
v 0.23848021 0.13589938 -0.20496173
v 0.25170454 0.09274279 -0.04865849
v 0.25226846 0.11538795 -0.12697978
v 0.25075674 0.10784202 -0.10320773
v 0.23766057 0.13459130 -0.19754109
v 0.23746069 0.13573138 -0.20154773
v 0.25264010 0.08151884 -0.00179880
v 0.25244659 0.12171352 -0.15017222
v 0.23732626 0.12156457 -0.15012811
v 0.25128317 0.09602910 -0.06005253
v 0.23765059 0.07976887 0.00087751
v 0.25151730 0.09952433 -0.07200951
v 0.25175470 0.12946737 -0.17772134
v 0.25335956 0.08773347 -0.02899856
v 0.25338703 0.08896413 -0.03280422
v 0.23742606 0.09190516 -0.04731271
v 0.23668310 0.09075754 -0.04452037
v 0.25345451 0.12126519 -0.14635615
v 0.23780261 0.07450525 0.01619414
v 0.25154883 0.11399408 -0.12283200
v 0.25128058 0.11172765 -0.11500367
v 0.25192487 0.11733054 -0.13519217
v 0.23734635 0.07928573 0.00410182
v 0.25335333 0.08462626 -0.01712933
v 0.25216231 0.09560606 -0.05625648
v 0.23714271 0.11746462 -0.13489439
v 0.25264785 0.12525946 -0.16192853
v 0.25350729 0.12491882 -0.15898466
v 0.25254998 0.09925122 -0.06820573
v 0.25450975 0.13903269 -0.20923580
v 0.25429356 0.13905230 -0.21208610
v 0.23677824 0.13862529 -0.21044591
v 0.23718157 0.13839327 -0.21196836
v 0.25210690 0.10761510 -0.09922670
v 0.25155291 0.10621261 -0.09551756
v 0.25234294 0.11142614 -0.11123448
v 0.25139955 0.10381606 -0.08777221
v 0.23706079 0.09766563 -0.06433893
v 0.25233331 0.10352538 -0.08421362
v 0.23775971 0.13356213 -0.19376971
v 0.23631537 0.13329908 -0.18941008
v 0.23565482 0.13308997 -0.18698674
v 0.23566951 0.08190630 -0.00263355
v 0.25296989 0.08117849 0.00191990
v 0.25330117 0.08058807 0.00557746
v 0.25398257 0.07985329 0.00888178
v 0.25314370 0.09260160 -0.04448897
v 0.25399160 0.12096443 -0.14388289
v 0.25398925 0.07590415 0.01631721
v 0.25169313 0.10196365 -0.08007698
v 0.25413021 0.12458464 -0.15634423
v 0.25444630 0.12418923 -0.15408584
v 0.25318378 0.08313406 -0.00910964
v 0.25391826 0.08450424 -0.01351611
v 0.25283751 0.11382727 -0.11888770
v 0.25381133 0.11346101 -0.11493838
v 0.25349832 0.11716289 -0.13098375
v 0.25411412 0.11688417 -0.12831849
v 0.25310835 0.12909573 -0.17369080
v 0.25378788 0.12877475 -0.17114060
v 0.25174367 0.10984820 -0.10729134
v 0.25225142 0.13424322 -0.19350649
v 0.25300905 0.13365555 -0.18948236
v 0.25367919 0.13322338 -0.18626197
v 0.25207728 0.09786343 -0.06425095
v 0.23692751 0.07859027 0.00786897
v 0.25437418 0.12058064 -0.14132199
v 0.25456813 0.11657736 -0.12566929
v 0.25343537 0.08664178 -0.02516882
v 0.25426826 0.12834576 -0.16845186
v 0.25292054 0.10595974 -0.09160284
v 0.25385377 0.10553814 -0.08779012
v 0.25426555 0.10528485 -0.08568496
v 0.25353849 0.13691843 -0.20144862
v 0.25286028 0.09510980 -0.05282925
v 0.25491524 0.11627865 -0.12297313
v 0.23762317 0.08237686 -0.01863713
v 0.25286299 0.09116332 -0.04092867
v 0.23613290 0.07776015 0.01152340
v 0.23526512 0.07717669 0.01424706
v 0.23465040 0.07655901 0.01634906
v 0.25326672 0.10959038 -0.10320421
v 0.25395212 0.10923091 -0.10038645
v 0.25464320 0.12790987 -0.16576834
v 0.25314075 0.10177475 -0.07605595
v 0.25407541 0.10131510 -0.07208588
v 0.25452185 0.10100823 -0.06973498
v 0.25469905 0.12015399 -0.13868201
v 0.25418362 0.13288587 -0.18364726
v 0.25443560 0.13251668 -0.18162775
v 0.25385851 0.13674222 -0.19933939
v 0.25417423 0.13636611 -0.19665848
v 0.25431222 0.11321916 -0.11261365
v 0.25368649 0.09778653 -0.06004816
v 0.25442287 0.10890541 -0.09788362
v 0.25486687 0.10060515 -0.06703641
v 0.25462160 0.10489775 -0.08312550
v 0.25473621 0.10858233 -0.09559257
v 0.25450519 0.13589443 -0.19347712
v 0.25453982 0.09742073 -0.05624241
v 0.25512514 0.11959679 -0.13483912
v 0.25470847 0.11286254 -0.11004154
v 0.25488335 0.13181385 -0.17768677
v 0.25492972 0.12359079 -0.15020654
v 0.25499982 0.10446271 -0.08011327
v 0.25520343 0.10017947 -0.06407028
v 0.23493239 0.08111367 0.00406611
v 0.23467217 0.08076695 0.00621980
v 0.23424195 0.08030552 0.00900030
v 0.25492099 0.09722167 -0.05431047
v 0.25390634 0.09449378 -0.04859405
v 0.25481641 0.13886349 -0.20548232
v 0.25505036 0.11240336 -0.10709570
v 0.25539550 0.11586104 -0.11891598
v 0.25465372 0.09417906 -0.04548842
v 0.25535628 0.09685461 -0.05178151
v 0.23549283 0.08195803 -0.00045865
v 0.23398006 0.07915966 0.01266881
v 0.25512546 0.12738049 -0.16193642
v 0.25460395 0.07914015 0.01154457
v 0.25513205 0.09387369 -0.04295016
v 0.25493041 0.13530797 -0.18945338
v 0.25399840 0.09086370 -0.03707056
v 0.25409272 0.08332276 -0.00529326
v 0.25472298 0.08664342 -0.02098314
v 0.25469881 0.09052000 -0.03383828
v 0.25470093 0.08333313 -0.00133863
v 0.25523633 0.10810494 -0.09165988
v 0.25546175 0.10394037 -0.07614950
v 0.25527078 0.08638259 -0.01715920
v 0.25541908 0.09353718 -0.04090152
v 0.25471315 0.07837360 0.01369294
v 0.25565478 0.09969293 -0.06015847
v 0.23785982 0.08244739 -0.02293749
v 0.25522676 0.09020517 -0.03107543
v 0.25557441 0.08985188 -0.02885610
v 0.25525966 0.13119364 -0.17372341
v 0.25555992 0.08619186 -0.01435792
v 0.25579953 0.08570484 -0.00931208
v 0.25551239 0.11915423 -0.13097642
v 0.25534555 0.12315567 -0.14636183
v 0.25583881 0.09647474 -0.04863187
v 0.25545469 0.11184603 -0.10322279
v 0.25610390 0.08926914 -0.02489125
v 0.23824407 0.20848310 -0.45709741
v 0.23958594 0.20696437 -0.45431465
v 0.23674661 0.20966813 -0.45955625
v 0.23461516 0.20973592 -0.46174100
v 0.20896739 0.21374129 -0.49816102
v 0.21641296 0.21292233 -0.48044211
v 0.23050100 0.20977619 -0.46570227
v 0.24235824 0.20946215 -0.45347166
v 0.23870276 0.20957609 -0.45749879
v 0.19293348 0.21199761 -0.49941507
v 0.20270269 0.21172245 -0.49943298
v 0.23235330 0.14328848 -0.21268821
v 0.23052903 0.14410812 -0.21319070
v 0.23127642 0.14152415 -0.21296096
v 0.23367254 0.14004783 -0.21246698
v 0.23025337 0.14620225 -0.21348006
v 0.23156732 0.14504793 -0.21293122
v 0.18833789 0.22122872 -0.46511447
v 0.18784896 0.22248057 -0.46528614
v 0.18593374 0.22139430 -0.46611929
v 0.19006716 0.22118829 -0.46420485
v 0.19513682 0.22173443 -0.46146265
v 0.19373590 0.22100219 -0.46229172
v 0.19684841 0.22088876 -0.46053568
v 0.25569025 0.07766890 0.04966644
v 0.25564948 0.07768714 0.03443852
v 0.25600845 0.08166698 0.03773558
v 0.25596130 0.08199736 0.03284616
v 0.25550714 0.07726755 0.02923285
v 0.25581434 0.08143620 0.02539902
v 0.25616401 0.08572628 0.02977226
v 0.25614151 0.08535559 0.02213445
v 0.25575054 0.08121203 0.02121631
v 0.25570285 0.08106463 0.01720399
v 0.25483099 0.07706261 0.01738329
v 0.25617990 0.08508794 0.01750396
v 0.25622714 0.08579765 0.03732188
v 0.25549737 0.08104758 0.01338291
v 0.25618437 0.08468463 0.01348366
v 0.25610572 0.08433484 0.00962730
v 0.25650549 0.08822658 0.01412078
v 0.25516087 0.08116487 0.00994841
v 0.25460395 0.07914015 0.01154457
v 0.25398257 0.07985329 0.00888178
v 0.25528249 0.08244185 0.00681936
v 0.25471315 0.07837360 0.01369294
v 0.25657603 0.08742517 0.01000609
v 0.25668424 0.08705451 0.00617728
v 0.25781268 0.09162126 0.00634426
v 0.25707555 0.09159235 0.01050672
v 0.25786042 0.09448003 0.01079990
v 0.25871453 0.09359183 0.00499423
v 0.25903499 0.09370717 0.00233466
v 0.26027367 0.09616970 0.00203044
v 0.26049936 0.09652518 -0.00174772
v 0.25933534 0.09399465 -0.00152669
v 0.26043651 0.09676957 -0.00555198
v 0.25951135 0.09432738 -0.00553825
v 0.25880873 0.09195401 -0.00545092
v 0.25885418 0.09236787 -0.00979307
v 0.25745061 0.08827686 -0.00533975
v 0.25726444 0.08839853 -0.00953880
v 0.25579953 0.08570484 -0.00931208
v 0.25594199 0.08530711 -0.00525902
v 0.25409272 0.08332276 -0.00529326
v 0.25593975 0.08491030 -0.00120026
v 0.25889507 0.09300499 -0.01386186
v 0.25662941 0.08791517 -0.01385775
v 0.25665650 0.08845863 -0.01737004
v 0.25853023 0.09245561 -0.01778246
v 0.25555992 0.08619186 -0.01435792
v 0.25961325 0.09495150 -0.01133823
v 0.25645414 0.08881400 -0.02109353
v 0.25824788 0.09237781 -0.02146741
v 0.25610390 0.08926914 -0.02489125
v 0.25472298 0.08664342 -0.02098314
v 0.25780991 0.09236123 -0.02519192
v 0.25909582 0.09572963 -0.02552719
v 0.25712135 0.09233172 -0.02906955
v 0.25896925 0.09665599 -0.02958575
v 0.25951365 0.09823434 -0.02887017
v 0.25924191 0.10072041 -0.03748811
v 0.25842249 0.09638800 -0.03332726
v 0.25779843 0.09624141 -0.03712795
v 0.25593838 0.09297112 -0.03702131
v 0.25541908 0.09353718 -0.04090152
v 0.25399840 0.09086370 -0.03707056
v 0.25469881 0.09052000 -0.03383828
v 0.25703359 0.09605411 -0.04095049
v 0.25513205 0.09387369 -0.04295016
v 0.25610915 0.09567548 -0.04446709
v 0.25883853 0.10026586 -0.04106018
v 0.25465372 0.09417906 -0.04548842
v 0.25960669 0.10235438 -0.03655620
v 0.25982052 0.10040177 -0.02984472
v 0.26015222 0.10056165 -0.02587673
v 0.26017764 0.10491399 -0.02865057
v 0.26046449 0.10049700 -0.01986440
v 0.26059124 0.10480364 -0.01906503
v 0.26082408 0.10519794 -0.01383061
v 0.26032925 0.10792709 -0.01395702
v 0.26079425 0.10693128 -0.01175423
v 0.26112485 0.10405838 -0.01091386
v 0.26112202 0.10513449 -0.00966029
v 0.26091540 0.10666508 -0.00626686
v 0.26142228 0.10262016 -0.00788783
v 0.26110554 0.10098238 -0.00957555
v 0.26146233 0.10213442 -0.00567712
v 0.25999740 0.10868478 -0.01891683
v 0.25896469 0.11114398 -0.01866302
v 0.25886577 0.11157233 -0.02255121
v 0.25911221 0.11031243 -0.01472419
v 0.25965977 0.10896103 -0.02625560
v 0.25891513 0.11141821 -0.02642016
v 0.25946847 0.10900149 -0.02980992
v 0.26076642 0.10062379 -0.01423868
v 0.26131821 0.10458862 -0.00595306
v 0.26019415 0.10792504 -0.01035520
v 0.25956038 0.10476804 -0.03866627
v 0.25618917 0.09206212 -0.03274006
v 0.25972655 0.09750172 -0.02368205
v 0.25557441 0.08985188 -0.02885610
v 0.25583881 0.09647474 -0.04863187
v 0.25852320 0.09143008 -0.00130349
v 0.26128441 0.09995477 -0.00558034
v 0.26112834 0.10005362 0.00192715
v 0.26075736 0.10028022 0.00582429
v 0.26070124 0.10394631 0.00295168
v 0.26040161 0.10378293 0.00556132
v 0.25931534 0.10595187 0.00578649
v 0.25997561 0.10319981 0.01052225
v 0.25809017 0.10471645 0.01516484
v 0.25953743 0.10270553 0.01526850
v 0.25762698 0.10431048 0.01765837
v 0.25830236 0.10283383 0.01798196
v 0.26015154 0.09979837 0.01539623
v 0.25882554 0.09978309 0.01822377
v 0.25853613 0.09769602 0.01802435
v 0.25702077 0.09661184 0.01914397
v 0.25909001 0.09731657 0.01540941
v 0.25984818 0.10628113 0.00176843
v 0.26068521 0.10563126 0.00056475
v 0.26116630 0.10438680 -0.00225546
v 0.26027229 0.10186667 0.01380480
v 0.26117334 0.10149226 0.00072015
v 0.25956133 0.09559653 0.00620279
v 0.25810483 0.09101427 0.00254557
v 0.25741646 0.09560120 0.01532358
v 0.25900570 0.11112164 -0.02842771
v 0.25900787 0.11032719 -0.03098834
v 0.25906444 0.10960834 -0.03396920
v 0.25957957 0.10759722 -0.03387121
v 0.25957415 0.10715476 -0.03641794
v 0.25924957 0.10870647 -0.03770548
v 0.25800359 0.11299191 -0.03792677
v 0.25831804 0.11294058 -0.04166005
v 0.25642955 0.11596680 -0.03820134
v 0.25665224 0.11638761 -0.04196386
v 0.25854683 0.11288238 -0.04538041
v 0.25664297 0.11700498 -0.04548223
v 0.25873318 0.11280869 -0.04913973
v 0.25922158 0.10879253 -0.04514323
v 0.25921538 0.10859793 -0.04897209
v 0.25922865 0.10431398 -0.04499680
v 0.25896549 0.10395295 -0.04885957
v 0.25914580 0.10837957 -0.05283419
v 0.25859314 0.10360543 -0.05271300
v 0.25767803 0.09959769 -0.04875362
v 0.25644746 0.09887568 -0.05289601
v 0.25610697 0.09931406 -0.05634790
v 0.25808334 0.10331085 -0.05653175
v 0.25565478 0.09969293 -0.06015847
v 0.25752607 0.10313997 -0.06034303
v 0.25884762 0.10807092 -0.06053277
v 0.25867525 0.10804085 -0.06443419
v 0.25920376 0.11222994 -0.06462234
v 0.25925437 0.11241611 -0.06868916
v 0.25909960 0.11547400 -0.06882993
v 0.25944144 0.11389035 -0.07034115
v 0.25909311 0.11198895 -0.07261519
v 0.25919449 0.11659174 -0.07395521
v 0.25937581 0.11576647 -0.07580814
v 0.25926632 0.11781172 -0.07829378
v 0.25867167 0.11947422 -0.07671455
v 0.25871268 0.12042421 -0.08064071
v 0.25887722 0.12076588 -0.08444306
v 0.25784636 0.12388408 -0.08449952
v 0.25825119 0.12367548 -0.08824731
v 0.25539330 0.12833279 -0.08495560
v 0.25528163 0.12746708 -0.08082139
v 0.25397357 0.12971593 -0.08397587
v 0.25448814 0.13029641 -0.08769624
v 0.25340781 0.12931749 -0.08084768
v 0.25907075 0.12119898 -0.08975238
v 0.25866285 0.12317425 -0.09180038
v 0.25735524 0.12406377 -0.08071484
v 0.25936496 0.11912917 -0.08589424
v 0.25621536 0.12806447 -0.08836413
v 0.25823793 0.11983956 -0.07291437
v 0.25778568 0.11998409 -0.06895796
v 0.25563011 0.12384351 -0.06912505
v 0.25529674 0.12326476 -0.06510612
v 0.25717133 0.12022689 -0.06493235
v 0.25405020 0.12566806 -0.06922294
v 0.25332892 0.12507704 -0.06523448
v 0.25448444 0.12623380 -0.07255466
v 0.25509882 0.12283584 -0.06243397
v 0.25579947 0.12450808 -0.07274450
v 0.25839922 0.10802761 -0.06843843
v 0.25877446 0.11590594 -0.06475998
v 0.25937551 0.11382074 -0.07456301
v 0.25453982 0.09742073 -0.05624241
v 0.25520343 0.10017947 -0.06407028
v 0.25900260 0.10818335 -0.05668830
v 0.25535628 0.09685461 -0.05178151
v 0.25887126 0.11269082 -0.05294105
v 0.25768161 0.11660943 -0.05309239
v 0.25805029 0.11646871 -0.05691323
v 0.25603297 0.11953434 -0.05325394
v 0.25580615 0.11908450 -0.04950308
v 0.25418115 0.12146342 -0.05340977
v 0.25462645 0.12200182 -0.05723850
v 0.25625053 0.11999628 -0.05709248
v 0.25366753 0.12099130 -0.04965758
v 0.25564328 0.11874043 -0.04669245
v 0.25729373 0.11666865 -0.04935485
v 0.25546953 0.11833360 -0.04350403
v 0.25610754 0.11547704 -0.03441576
v 0.25921404 0.10895190 -0.04139695
v 0.25758874 0.11304148 -0.03419890
v 0.25492099 0.09722167 -0.05431047
v 0.25931886 0.12003766 -0.09171394
v 0.26083091 0.10613662 -0.00245339
v 0.25931007 0.11720919 -0.08968846
v 0.25932959 0.11989402 -0.09586369
v 0.25931695 0.11612241 -0.08434886
v 0.25892565 0.11516488 -0.08789893
v 0.25908971 0.11853466 -0.09795085
v 0.25924402 0.12004350 -0.09940710
v 0.25931495 0.12230860 -0.09975513
v 0.25927696 0.12288365 -0.10344389
v 0.25892997 0.12418841 -0.09975725
v 0.25907424 0.12462245 -0.10347443
v 0.25910902 0.12362679 -0.10734516
v 0.25886759 0.12723699 -0.10708082
v 0.25845283 0.12747148 -0.10351367
v 0.25655395 0.13159344 -0.10359241
v 0.25567523 0.13203935 -0.10018035
v 0.25475565 0.13392800 -0.10298046
v 0.25423053 0.13345501 -0.09918419
v 0.25552213 0.13130820 -0.09606304
v 0.25368419 0.13311045 -0.09610742
v 0.25733587 0.13126206 -0.10735899
v 0.25504437 0.13093378 -0.09229323
v 0.25750855 0.12779249 -0.09597947
v 0.25526509 0.13448586 -0.10752559
v 0.25801626 0.12760930 -0.09977155
v 0.25923240 0.12611067 -0.10819481
v 0.25909048 0.12875275 -0.11285552
v 0.25924689 0.12730922 -0.11129580
v 0.25939634 0.12762929 -0.11482243
v 0.25930759 0.13028499 -0.12192788
v 0.25861484 0.13162242 -0.11899471
v 0.25949964 0.12779383 -0.11889010
v 0.25948885 0.12794602 -0.12295184
v 0.25926214 0.13128862 -0.12676218
v 0.25936475 0.12804894 -0.12697978
v 0.25896373 0.12604612 -0.12602450
v 0.25877556 0.12612134 -0.12952997
v 0.25808820 0.12323873 -0.12702441
v 0.25837123 0.12305553 -0.12298128
v 0.25861263 0.12290747 -0.11892140
v 0.25566578 0.11845122 -0.12701330
v 0.25551239 0.11915423 -0.13097642
v 0.25662279 0.11889838 -0.12299607
v 0.25411412 0.11688417 -0.12831849
v 0.25790033 0.12388358 -0.13085033
v 0.25730506 0.11911914 -0.11894282
v 0.25911671 0.12785220 -0.13082901
v 0.25456813 0.11657736 -0.12566929
v 0.25898358 0.12922981 -0.13810422
v 0.25949162 0.13138956 -0.13482030
v 0.25943354 0.13157649 -0.13861470
v 0.25860277 0.12938344 -0.14370959
v 0.25930274 0.13174202 -0.14249334
v 0.25895131 0.13143352 -0.14668600
v 0.25944576 0.13472281 -0.14653677
v 0.25946540 0.13483274 -0.15044129
v 0.25890446 0.13242647 -0.15160660
v 0.25896063 0.13738857 -0.15060067
v 0.25904503 0.13795452 -0.15451145
v 0.25884143 0.13696598 -0.14668088
v 0.25860170 0.13694091 -0.14205107
v 0.25802362 0.13961862 -0.14674376
v 0.25826311 0.13992979 -0.15066089
v 0.25652722 0.14306873 -0.14691919
v 0.25589651 0.14303397 -0.14310439
v 0.25407544 0.14536813 -0.14331000
v 0.25710282 0.14302659 -0.15079926
v 0.25761637 0.14294501 -0.15465344
v 0.25488234 0.14649627 -0.15102986
v 0.25508207 0.14706938 -0.15449932
v 0.25812742 0.14259060 -0.15820988
v 0.25616655 0.14687373 -0.15856899
v 0.25827375 0.14358652 -0.16225438
v 0.25382233 0.14826487 -0.15412071
v 0.25684747 0.14682510 -0.16232653
v 0.25449398 0.14597550 -0.14715672
v 0.25850722 0.14405623 -0.16627307
v 0.25372571 0.14487529 -0.14044350
v 0.25883594 0.14126536 -0.16193682
v 0.25489357 0.14321494 -0.13915125
v 0.25743020 0.14666322 -0.16612320
v 0.25801605 0.14619252 -0.16977917
v 0.25522316 0.15011498 -0.16621177
v 0.25878623 0.14456326 -0.17187893
v 0.25811177 0.14701387 -0.17380440
v 0.25827709 0.14753987 -0.17780398
v 0.25614598 0.15068610 -0.17394929
v 0.25691164 0.15048158 -0.17796905
v 0.25754222 0.15017562 -0.18157314
v 0.25457793 0.15417379 -0.17829151
v 0.25476569 0.15490949 -0.18223540
v 0.25753865 0.15149124 -0.18592474
v 0.25591621 0.15462118 -0.18623956
v 0.25357035 0.15667190 -0.18368030
v 0.25389060 0.15714006 -0.18657665
v 0.25680512 0.15415613 -0.19036964
v 0.25401166 0.15788645 -0.19063570
v 0.25689265 0.15503728 -0.19405195
v 0.25497746 0.15783778 -0.19428064
v 0.25706640 0.15567106 -0.19789937
v 0.25773942 0.15258472 -0.19263791
v 0.25286287 0.15910351 -0.19210602
v 0.25319231 0.15953650 -0.19443212
v 0.25574210 0.15790413 -0.19807447
v 0.25843105 0.14812820 -0.18206711
v 0.25309899 0.15625729 -0.18100078
v 0.25521484 0.15111004 -0.17043804
v 0.25484085 0.14958747 -0.16242529
v 0.25417039 0.15354487 -0.17415231
v 0.25334910 0.14445530 -0.13788958
v 0.25475422 0.14252909 -0.13550611
v 0.25776190 0.13855584 -0.13896745
v 0.25711140 0.13911918 -0.13519941
v 0.25436097 0.14201024 -0.13165487
v 0.25841978 0.13645619 -0.13620593
v 0.25816438 0.13583741 -0.13112675
v 0.25891858 0.13291828 -0.12830310
v 0.25809151 0.13476488 -0.12689343
v 0.25526381 0.13968256 -0.12719704
v 0.25503305 0.13905509 -0.12358046
v 0.25386506 0.14129215 -0.12708852
v 0.25322953 0.14088069 -0.12381465
v 0.25463399 0.13843501 -0.11959172
v 0.25747862 0.13509300 -0.12318111
v 0.25645417 0.13926770 -0.13136803
v 0.25681034 0.13517815 -0.11925261
v 0.25435099 0.13796555 -0.11687381
v 0.25574470 0.13568242 -0.11532658
v 0.25401804 0.13752839 -0.11418186
v 0.25565997 0.13490534 -0.11138172
v 0.25357538 0.13715641 -0.11158181
v 0.25846842 0.14896108 -0.18577142
v 0.25907534 0.14680782 -0.18562667
v 0.25912166 0.14702868 -0.18960322
v 0.25836745 0.15026039 -0.19008726
v 0.25873145 0.15006608 -0.19376378
v 0.25908676 0.14723612 -0.19354104
v 0.25828090 0.14424789 -0.19316815
v 0.25809130 0.14467090 -0.19733231
v 0.25899321 0.14745809 -0.19740681
v 0.25759465 0.14184445 -0.19343911
v 0.25721928 0.14195436 -0.19737989
v 0.25523907 0.13832958 -0.19776236
v 0.25506487 0.13869432 -0.20137449
v 0.25385851 0.13674222 -0.19933939
v 0.25417423 0.13636611 -0.19665848
v 0.25353849 0.13691843 -0.20144862
v 0.25481641 0.13886349 -0.20548232
v 0.25685421 0.14213119 -0.20128272
v 0.25626883 0.13889121 -0.19346608
v 0.25901338 0.15006150 -0.19761956
v 0.25878593 0.14386283 -0.18554609
v 0.25781083 0.13930380 -0.14287370
v 0.25821453 0.12668458 -0.13860464
v 0.25787601 0.12680589 -0.14247957
v 0.25767219 0.12758356 -0.14666744
v 0.25534555 0.12315567 -0.14636183
v 0.25492972 0.12359079 -0.15020654
v 0.25700092 0.12710810 -0.15022387
v 0.25444630 0.12418923 -0.15408584
v 0.25627199 0.12695657 -0.15414278
v 0.25797534 0.13031697 -0.15418588
v 0.25528449 0.12655486 -0.15783016
v 0.25768590 0.13081276 -0.15812431
v 0.25512546 0.12738049 -0.16193642
v 0.25350729 0.12491882 -0.15898466
v 0.25747591 0.13158967 -0.16195020
v 0.25464320 0.12790987 -0.16576834
v 0.25654712 0.13092901 -0.16584657
v 0.25426826 0.12834576 -0.16845186
v 0.25543183 0.13041142 -0.16979314
v 0.25378788 0.12877475 -0.17114060
v 0.25850418 0.13350323 -0.15961421
v 0.25525966 0.13119364 -0.17372341
v 0.25764424 0.13537286 -0.17314409
v 0.25488335 0.13181385 -0.17768677
v 0.25676015 0.13479504 -0.17768744
v 0.25443560 0.13251668 -0.18162775
v 0.25598785 0.13467528 -0.18160829
v 0.25418362 0.13288587 -0.18364726
v 0.25809321 0.13798213 -0.17765003
v 0.25775716 0.13842696 -0.18158536
v 0.25854281 0.14128008 -0.18107395
v 0.25823382 0.14148234 -0.18552490
v 0.25735763 0.13871226 -0.18550949
v 0.25839248 0.13745165 -0.17352155
v 0.25512102 0.13444617 -0.18516642
v 0.25493041 0.13530797 -0.18945338
v 0.25708735 0.13943964 -0.18946512
v 0.25367919 0.13322338 -0.18626197
v 0.25821534 0.12990676 -0.15015985
v 0.25936660 0.13503277 -0.15437962
v 0.25550207 0.12249573 -0.14256738
v 0.25932294 0.13468446 -0.14265570
v 0.25413021 0.12458464 -0.15634423
v 0.25945020 0.13122007 -0.13096747
v 0.25919592 0.12553667 -0.11889807
v 0.25839415 0.13113667 -0.11496441
v 0.25879720 0.13213064 -0.12333500
v 0.25918251 0.12194105 -0.10639540
v 0.25872940 0.11559195 -0.09176853
v 0.25920716 0.12454697 -0.10817305
v 0.25917339 0.11465528 -0.08218707
v 0.25847623 0.11280431 -0.08425926
v 0.25863314 0.11222086 -0.08038081
v 0.25581235 0.10714525 -0.08430711
v 0.25565401 0.10775232 -0.08783548
v 0.25684381 0.10771782 -0.08025150
v 0.25746670 0.10784834 -0.07633423
v 0.25499982 0.10446271 -0.08011327
v 0.25546175 0.10394037 -0.07614950
v 0.25462160 0.10489775 -0.08312550
v 0.25791243 0.15348141 -0.19853354
v 0.25982380 0.10496362 -0.03376597
v 0.25368726 0.16025960 -0.19825596
v 0.25652847 0.15766197 -0.20195863
v 0.25409272 0.16093656 -0.20211852
v 0.25670311 0.15855300 -0.20579420
v 0.25747618 0.15641904 -0.20490120
v 0.25700554 0.15919553 -0.20965177
v 0.25783136 0.15668650 -0.20952480
v 0.25887683 0.15327148 -0.20938079
v 0.25909033 0.15343127 -0.21331547
v 0.25814945 0.15815282 -0.21708365
v 0.25918442 0.15385468 -0.21723971
v 0.25906265 0.15067747 -0.21308792
v 0.25879216 0.15089437 -0.21702848
v 0.25765419 0.14781509 -0.21682407
v 0.25917330 0.15441161 -0.22103706
v 0.25789788 0.14784051 -0.21284398
v 0.25683904 0.14627749 -0.22147050
v 0.25685382 0.14554280 -0.21671127
v 0.25554934 0.14281100 -0.21639116
v 0.25488439 0.14277408 -0.22000483
v 0.25664562 0.14666389 -0.22421397
v 0.25741091 0.14842921 -0.22416171
v 0.25477418 0.14363761 -0.22407416
v 0.25430545 0.14418688 -0.22771423
v 0.25725859 0.14914934 -0.22817068
v 0.25793371 0.15066974 -0.22534676
v 0.25584069 0.14630371 -0.22792919
v 0.25495455 0.14618488 -0.23162897
v 0.25704545 0.14983234 -0.23204291
v 0.25485814 0.14712562 -0.23581319
v 0.25693193 0.15077247 -0.23611613
v 0.25776911 0.15259732 -0.23497120
v 0.25757128 0.15296145 -0.23910110
v 0.25630090 0.15048657 -0.23989272
v 0.25571793 0.15055232 -0.24378224
v 0.25729400 0.15349904 -0.24381930
v 0.25503126 0.15050618 -0.24730256
v 0.25407243 0.14899896 -0.24573036
v 0.25702313 0.15392888 -0.24769345
v 0.25498965 0.15150481 -0.25156629
v 0.25667593 0.15440571 -0.25159237
v 0.25756553 0.15669946 -0.25158867
v 0.25783896 0.15655309 -0.24770306
v 0.25733259 0.15678744 -0.25423056
v 0.25641227 0.15510407 -0.25511461
v 0.25689897 0.15715627 -0.25936747
v 0.25748745 0.15962407 -0.26157907
v 0.25517362 0.15444741 -0.25962618
v 0.25912231 0.16325392 -0.25571287
v 0.25888532 0.16347595 -0.25960210
v 0.25936937 0.16597459 -0.25996774
v 0.25857344 0.16351491 -0.26355234
v 0.25930718 0.16287692 -0.25183681
v 0.25714815 0.16054215 -0.26838997
v 0.25941676 0.16621189 -0.26392719
v 0.25755161 0.16311276 -0.27315661
v 0.25691110 0.16098587 -0.27266246
v 0.25740638 0.16418697 -0.27904388
v 0.25603500 0.15903896 -0.27093121
v 0.25847596 0.16725130 -0.27858987
v 0.25914201 0.16709764 -0.27145320
v 0.25492337 0.15503392 -0.26326004
v 0.25387061 0.15331785 -0.26108938
v 0.25921947 0.16578338 -0.25606012
v 0.25943422 0.17000039 -0.27556857
v 0.25932586 0.17043731 -0.27935076
v 0.25911012 0.17085430 -0.28312832
v 0.25716662 0.16455814 -0.28421783
v 0.25710502 0.16497539 -0.28677681
v 0.25883830 0.17109878 -0.28701934
v 0.25779885 0.16846731 -0.29131296
v 0.25693902 0.16566338 -0.29076469
v 0.25932267 0.17386404 -0.28721115
v 0.25921756 0.17351864 -0.28332907
v 0.25623637 0.15820819 -0.26725894
v 0.25801590 0.17716593 -0.28311551
v 0.25757229 0.16828677 -0.29396927
v 0.25680298 0.16656785 -0.29469651
v 0.25485528 0.16344284 -0.29451025
v 0.25445741 0.16400568 -0.29838920
v 0.25612071 0.16629952 -0.29844886
v 0.25395754 0.16487667 -0.30359587
v 0.25414798 0.15621871 -0.27103552
v 0.25653011 0.16185145 -0.27894777
v 0.25873563 0.17681473 -0.29126126
v 0.25765482 0.17927086 -0.28828323
v 0.25386831 0.15671326 -0.27369881
v 0.25550023 0.16641568 -0.30238762
v 0.25480428 0.16642109 -0.30599198
v 0.25705209 0.16906141 -0.30242425
v 0.25673816 0.16962008 -0.30636758
v 0.25475314 0.16732660 -0.31026411
v 0.25651813 0.17051668 -0.31063238
v 0.25441572 0.16801690 -0.31421676
v 0.25589249 0.17035456 -0.31422177
v 0.25734073 0.17187743 -0.30772173
v 0.25489542 0.15920058 -0.27880219
v 0.25428018 0.15283903 -0.25850365
v 0.25828761 0.15498368 -0.23613848
v 0.25727364 0.16439500 -0.28178212
v 0.25530225 0.16213398 -0.28679284
v 0.25764021 0.18003838 -0.29214215
v 0.25901586 0.17320211 -0.27959180
v 0.25519949 0.16290484 -0.29066548
v 0.25453812 0.15556626 -0.26718313
v 0.25939041 0.16952564 -0.27179033
v 0.25755617 0.17907214 -0.28561226
v 0.25669771 0.18094242 -0.28731164
v 0.25588116 0.18116291 -0.28374588
v 0.25371486 0.18379249 -0.28396434
v 0.25332111 0.18333520 -0.28118125
v 0.25472313 0.18145546 -0.27985516
v 0.25273535 0.18302722 -0.27854207
v 0.25462034 0.18066674 -0.27610132
v 0.25411874 0.18448597 -0.28797260
v 0.25714588 0.17849901 -0.27982283
v 0.25678691 0.17808890 -0.27605718
v 0.25418514 0.18014327 -0.27231905
v 0.25652099 0.17734656 -0.27189645
v 0.25364771 0.17960639 -0.26852229
v 0.25568965 0.17747532 -0.26844352
v 0.25304940 0.17886117 -0.26413167
v 0.25745437 0.17610499 -0.27287176
v 0.25489163 0.17735691 -0.26460090
v 0.25705609 0.17561680 -0.26808381
v 0.25671008 0.17515756 -0.26447883
v 0.25761348 0.17270973 -0.26436609
v 0.25392267 0.17729300 -0.26092985
v 0.25742877 0.17888311 -0.28356621
v 0.25919247 0.16901797 -0.26789948
v 0.25460038 0.15985496 -0.28273681
v 0.25734010 0.17236662 -0.26038539
v 0.25425965 0.14862441 -0.24374716
v 0.25394088 0.16898657 -0.31905770
v 0.25528744 0.17049041 -0.31808397
v 0.25451607 0.17049387 -0.32178292
v 0.25652528 0.17269041 -0.31806552
v 0.25677356 0.18197919 -0.29154798
v 0.25738728 0.16845796 -0.29751593
v 0.25493479 0.15843402 -0.27498820
v 0.25931337 0.17415434 -0.29109129
v 0.25621119 0.17319125 -0.32189903
v 0.25726256 0.17555709 -0.32007974
v 0.25683790 0.17645916 -0.32728606
v 0.25826719 0.17920582 -0.32240918
v 0.25857970 0.17910554 -0.31825194
v 0.25725520 0.17923388 -0.33330417
v 0.25659552 0.17680471 -0.33130932
v 0.25887108 0.18253914 -0.33020011
v 0.25860992 0.18315540 -0.33429608
v 0.25575960 0.17489608 -0.32984549
v 0.25476962 0.17431532 -0.33371446
v 0.25379151 0.17239353 -0.33204839
v 0.25338683 0.17292289 -0.33499211
v 0.25907826 0.18547376 -0.33422384
v 0.25902852 0.18173069 -0.32246640
v 0.25896943 0.18157500 -0.31859916
v 0.25836942 0.18458402 -0.32303396
v 0.25769988 0.18521237 -0.31661123
v 0.25717375 0.18794677 -0.32124379
v 0.25751477 0.18885027 -0.32804546
v 0.25674465 0.19093485 -0.32690719
v 0.25716186 0.19125158 -0.33133140
v 0.25644651 0.19039775 -0.32300395
v 0.25418043 0.19321021 -0.32314450
v 0.25632790 0.18934572 -0.31891599
v 0.25509953 0.19327156 -0.32698596
v 0.25766528 0.19128954 -0.33634913
v 0.25408450 0.19241482 -0.31928381
v 0.25904602 0.18605298 -0.33838394
v 0.25852990 0.18886948 -0.33818045
v 0.25880477 0.18908735 -0.34192616
v 0.25863743 0.18680972 -0.34556773
v 0.25897962 0.18942146 -0.34571040
v 0.25831243 0.19130525 -0.34476075
v 0.25905508 0.18967070 -0.34961721
v 0.25894716 0.18494837 -0.33051416
v 0.25883025 0.18144029 -0.31470606
v 0.25669390 0.18718113 -0.31124240
v 0.25863111 0.18130413 -0.31079167
v 0.25726271 0.18419917 -0.30560413
v 0.25838199 0.18121763 -0.30693460
v 0.25798070 0.18155266 -0.30320200
v 0.25683701 0.18757209 -0.31508437
v 0.25522712 0.18917926 -0.31147194
v 0.25458303 0.18889326 -0.30763438
v 0.25280410 0.19030635 -0.30779907
v 0.25376585 0.19164395 -0.31525820
v 0.25657022 0.18641745 -0.30735075
v 0.25912657 0.17786360 -0.30278578
v 0.25716528 0.18363193 -0.30209696
v 0.25659764 0.19295594 -0.33486959
v 0.25472227 0.17501251 -0.33750322
v 0.25880557 0.17882912 -0.31437325
v 0.25693360 0.17987707 -0.33969551
v 0.25909159 0.17814068 -0.30663615
v 0.25782198 0.19123119 -0.33825752
v 0.25591481 0.17386723 -0.32583851
v 0.25909111 0.17751707 -0.29889178
v 0.25682250 0.19339050 -0.33828488
v 0.25442752 0.19601478 -0.33454365
v 0.25394955 0.19550855 -0.33079791
v 0.25483039 0.19647653 -0.33831295
v 0.25657758 0.15762611 -0.26332915
v 0.25694337 0.18766613 -0.31740427
v 0.25899795 0.17500882 -0.29870355
v 0.25723875 0.17598127 -0.27040404
v 0.25756991 0.18249038 -0.34280628
v 0.25397387 0.14457390 -0.23003130
v 0.25696185 0.17223623 -0.31313628
v 0.25793484 0.17474329 -0.31034100
v 0.25571987 0.19342510 -0.33076930
v 0.25683478 0.18042667 -0.34329724
v 0.25615016 0.17856340 -0.34176511
v 0.25545040 0.17830679 -0.34538272
v 0.25407019 0.17625535 -0.34524876
v 0.25445056 0.17555830 -0.34138435
v 0.25381365 0.17666250 -0.34731644
v 0.25474623 0.17819962 -0.34892216
v 0.25677162 0.18076149 -0.34549478
v 0.25665817 0.18147303 -0.34937069
v 0.25470033 0.17916332 -0.35315004
v 0.25658521 0.18247952 -0.35318869
v 0.25430280 0.17978038 -0.35708085
v 0.25590631 0.18217953 -0.35716385
v 0.25370157 0.18051478 -0.36177236
v 0.25521818 0.18225414 -0.36109948
v 0.25710681 0.18484712 -0.35722575
v 0.25689048 0.18548760 -0.36118010
v 0.25757030 0.18804035 -0.36227989
v 0.25442186 0.18225770 -0.36472255
v 0.25673643 0.18670401 -0.36538649
v 0.25722638 0.18445948 -0.35448378
v 0.25458160 0.14786223 -0.23979357
v 0.25307143 0.19451278 -0.32448456
v 0.25920171 0.17456487 -0.29487032
v 0.25787032 0.15236372 -0.23215821
v 0.25888941 0.15537648 -0.22856610
v 0.25702837 0.14553504 -0.21273164
v 0.25923443 0.15049581 -0.20915465
v 0.25929004 0.15035595 -0.20536576
v 0.25847411 0.14752384 -0.20473237
v 0.25879988 0.14766560 -0.20131625
v 0.25396815 0.14113823 -0.21825863
v 0.25412989 0.13989630 -0.21555284
v 0.25429356 0.13905230 -0.21208610
v 0.25380072 0.13809353 -0.21268019
v 0.25373989 0.13814746 -0.21359466
v 0.25857207 0.15334570 -0.20554963
v 0.25419012 0.16182311 -0.20616105
v 0.25738063 0.16006212 -0.21490121
v 0.25766927 0.16018528 -0.21837364
v 0.25671607 0.16163589 -0.21731021
v 0.25695601 0.16226080 -0.22136556
v 0.25426647 0.16487284 -0.21767384
v 0.25429633 0.16582648 -0.22192448
v 0.25730467 0.16260286 -0.22523910
v 0.25231722 0.16738072 -0.22095770
v 0.25297967 0.16759002 -0.22355190
v 0.25520679 0.16564000 -0.22540209
v 0.25384438 0.16429782 -0.21378498
v 0.25793222 0.16032347 -0.22221650
v 0.25589457 0.16192880 -0.21367030
v 0.25871789 0.17520531 -0.30258802
v 0.25508529 0.11760087 -0.03838608
v 0.25807133 0.15597491 -0.24237046
v 0.25931799 0.15888852 -0.23640311
v 0.25919983 0.15941055 -0.24024278
v 0.25926897 0.16169909 -0.24047236
v 0.25940618 0.16214138 -0.24424219
v 0.25823018 0.16438714 -0.24065584
v 0.25805345 0.16370019 -0.23676313
v 0.25902760 0.16123164 -0.23662342
v 0.25759858 0.16814710 -0.24659429
v 0.25740004 0.16775501 -0.24370545
v 0.25666127 0.16972524 -0.24500649
v 0.25574890 0.16999198 -0.24099982
v 0.25370318 0.17246945 -0.24126580
v 0.25386217 0.17329539 -0.24534838
v 0.25306845 0.17161596 -0.23666354
v 0.25487354 0.16984700 -0.23718360
v 0.25392771 0.16978979 -0.23369943
v 0.25692320 0.16648459 -0.23690259
v 0.25685328 0.16526838 -0.23282354
v 0.25376034 0.16868667 -0.22947808
v 0.25602126 0.16560054 -0.22925918
v 0.25677973 0.17074601 -0.24867606
v 0.25719076 0.16725005 -0.24077357
v 0.25870135 0.16544123 -0.24828357
v 0.25940904 0.16248862 -0.24797547
v 0.25925511 0.12124466 -0.09326442
v 0.25881830 0.14676228 -0.18118027
v 0.25915739 0.14294708 -0.17375740
v 0.25915548 0.14323308 -0.17769451
v 0.25881547 0.11936527 -0.10335380
v 0.25829634 0.11648211 -0.09929381
v 0.25755265 0.11571882 -0.10329451
v 0.25545469 0.11184603 -0.10322279
v 0.25505036 0.11240336 -0.10709570
v 0.25689065 0.11543163 -0.10713731
v 0.25470847 0.11286254 -0.11004154
v 0.25586975 0.11486040 -0.11123088
v 0.25431222 0.11321916 -0.11261365
v 0.25576374 0.11547399 -0.11497236
v 0.25827461 0.11964048 -0.11102028
v 0.25557357 0.11100338 -0.09928107
v 0.25395212 0.10923091 -0.10038645
v 0.25442287 0.10890541 -0.09788362
v 0.25381133 0.11346101 -0.11493838
v 0.25654805 0.11155113 -0.09563197
v 0.25473621 0.10858233 -0.09559257
v 0.25732422 0.11186679 -0.09171807
v 0.25523633 0.10810494 -0.09165988
v 0.25539550 0.11586104 -0.11891598
v 0.25767684 0.17502426 -0.31420156
v 0.25639281 0.17446065 -0.26052439
v 0.25896972 0.14300568 -0.16953233
v 0.25900760 0.13945870 -0.16984579
v 0.25637037 0.08904922 0.02061531
v 0.25647056 0.09306229 0.01880830
v 0.25634551 0.09326375 0.02248941
v 0.25620398 0.09322478 0.02615823
v 0.25607321 0.09642734 0.02262773
v 0.25547227 0.09624665 0.02606060
v 0.25463775 0.09799759 0.02599019
v 0.25425294 0.09769911 0.02798519
v 0.25475717 0.09626078 0.02937820
v 0.25251761 0.10027700 0.02597339
v 0.25243214 0.09904556 0.02925505
v 0.25259799 0.10150113 0.02289390
v 0.25595355 0.09312740 0.02978289
v 0.25378224 0.09738876 0.03035622
v 0.25528723 0.09855135 0.02267060
v 0.25605658 0.08174348 0.04575644
v 0.25599959 0.08175724 0.04990629
v 0.25571731 0.08558504 0.04979528
v 0.25598729 0.08561952 0.04575909
v 0.25472075 0.08901621 0.04956996
v 0.25488102 0.08989195 0.04582313
v 0.25387114 0.09099157 0.04919467
v 0.25447935 0.08824894 0.05359733
v 0.25556576 0.08960062 0.04161264
v 0.25337976 0.09014641 0.05335504
v 0.25134215 0.09251101 0.05299103
v 0.25168306 0.09333880 0.04903175
v 0.25316468 0.09300373 0.04544749
v 0.25040430 0.09503625 0.04750599
v 0.25094983 0.09545530 0.04480760
v 0.25375453 0.09412336 0.04025084
v 0.25161007 0.09604721 0.04096897
v 0.25226420 0.09654232 0.03728602
v 0.25419217 0.09494346 0.03603843
v 0.25482172 0.09327237 0.03748539
v 0.25320864 0.09704133 0.03315737
v 0.25063440 0.09853966 0.03589583
v 0.25456950 0.09245320 0.04139327
v 0.25595820 0.08964406 0.03767354
v 0.25069314 0.09180769 0.05700823
v 0.25292316 0.08919290 0.05737670
v 0.25029060 0.09141132 0.05917724
v 0.25534445 0.08559987 0.05380203
v 0.25428852 0.09192460 0.04449378
v 0.25586566 0.08179101 0.05397515
v 0.25428244 0.08777201 0.05626915
v 0.25897250 0.11253398 -0.05679235
v 0.25618511 0.08966836 0.03372860
v 0.25614822 0.08568328 0.04172133
v 0.25842881 0.11621100 -0.06078552
v 0.25527078 0.08638259 -0.01715920
v 0.25847989 0.11595169 -0.09571005
v 0.25476435 0.17334796 -0.24892914
v 0.25299257 0.17466877 -0.24837758
v 0.25542763 0.17353542 -0.25273550
v 0.25341386 0.17559412 -0.25291380
v 0.25621483 0.17344403 -0.25654957
v 0.25703642 0.17174494 -0.25496867
v 0.25628486 0.17760104 -0.33761156
v 0.25899494 0.16558148 -0.25216395
v 0.25916171 0.13923153 -0.16604351
v 0.25463960 0.15223546 -0.25542679
v 0.25690660 0.17149687 -0.25254822
v 0.25899705 0.15971133 -0.24401268
v 0.25770912 0.17622159 -0.27598378
v 0.25849259 0.14022487 -0.15455489
v 0.25791529 0.11216235 -0.08787879
v 0.25920144 0.13889395 -0.16223231
v 0.25882182 0.13528603 -0.16205484
v 0.25915143 0.13526791 -0.15827538
v 0.25803554 0.14734791 -0.20888934
v 0.25785464 0.11938000 -0.11496281
v 0.25627691 0.12076290 -0.06100994
v 0.25833011 0.09993307 -0.04489340
v 0.25900710 0.18202050 -0.32640818
v 0.25843319 0.15095797 -0.22084700
v 0.25635582 0.16271117 -0.28295738
v 0.25912559 0.10943080 -0.01063844
v 0.25717747 0.17206536 -0.25770524
v 0.25765297 0.15200987 -0.18901390
v 0.25427362 0.16034226 -0.28539923
v 0.25647771 0.12293618 -0.13865972
v 0.25437418 0.12058064 -0.14132199
v 0.25469905 0.12015399 -0.13868201
v 0.25714359 0.12314283 -0.13482894
v 0.25876081 0.13933900 -0.17353612
v 0.25433370 0.17126392 -0.32577205
v 0.25903782 0.13492660 -0.13832030
v 0.25723049 0.15593195 -0.20058130
v 0.25816685 0.13428630 -0.16565853
v 0.25868309 0.15767066 -0.22119486
v 0.25899604 0.15789922 -0.22504424
v 0.25922000 0.15819982 -0.22885844
v 0.25855297 0.16134314 -0.23260370
v 0.25907516 0.15498391 -0.22481805
v 0.25488174 0.12699077 -0.07701446
v 0.25679550 0.12414116 -0.07688745
v 0.25524837 0.07702914 0.02121383
v 0.25849858 0.19264004 -0.35375139
v 0.25899839 0.18993561 -0.35352790
v 0.25875589 0.19277303 -0.35750741
v 0.25881249 0.19040774 -0.35736346
v 0.25877461 0.19328821 -0.36138040
v 0.25851193 0.19085872 -0.36126405
v 0.25799537 0.19064689 -0.36540768
v 0.25867739 0.19367854 -0.36526486
v 0.25813779 0.19609520 -0.36543545
v 0.25805664 0.19719285 -0.36956242
v 0.25852114 0.19403698 -0.36908159
v 0.25822887 0.19722345 -0.37314385
v 0.25766736 0.19890575 -0.37192848
v 0.25829285 0.19739059 -0.37711748
v 0.25785264 0.19911669 -0.37728137
v 0.25830978 0.19749416 -0.38103479
v 0.25689378 0.20130411 -0.37343597
v 0.25685635 0.20071387 -0.36978078
v 0.25422713 0.20494212 -0.36951724
v 0.25415319 0.20430426 -0.36603275
v 0.25250050 0.20600900 -0.36734083
v 0.25393882 0.20371327 -0.36220622
v 0.25631642 0.20121843 -0.36573729
v 0.25587851 0.20120339 -0.36190981
v 0.25527844 0.20109148 -0.35806674
v 0.25337255 0.20284599 -0.35697073
v 0.25429836 0.20114799 -0.35423502
v 0.25707018 0.19756369 -0.35773891
v 0.25703266 0.19653274 -0.35390636
v 0.25268188 0.20226021 -0.35307950
v 0.25720915 0.19816332 -0.36164936
v 0.25418904 0.20033118 -0.35021695
v 0.25515318 0.20488422 -0.37369803
v 0.25561237 0.20500895 -0.37759972
v 0.25351602 0.20697556 -0.37392136
v 0.25387207 0.20756608 -0.37782934
v 0.25171843 0.20938525 -0.37801155
v 0.25178289 0.20841604 -0.37398201
v 0.25723904 0.20157118 -0.38132629
v 0.25315019 0.20642284 -0.37070036
v 0.25604600 0.20499441 -0.38149479
v 0.25417465 0.20807801 -0.38170451
v 0.25649241 0.20485456 -0.38540336
v 0.25425893 0.20876926 -0.38566884
v 0.25694916 0.20469315 -0.38926747
v 0.25504547 0.20859574 -0.38940212
v 0.25737303 0.20468085 -0.39301434
v 0.25777245 0.20170644 -0.38912207
v 0.25797758 0.20196758 -0.39286682
v 0.25772598 0.20485561 -0.39687750
v 0.25810987 0.20050703 -0.39274350
v 0.25799668 0.20008874 -0.39476088
v 0.25800249 0.19799738 -0.38867193
v 0.25730506 0.19855161 -0.39627588
v 0.25610012 0.19441846 -0.39244527
v 0.25545204 0.19421598 -0.39648041
v 0.25465447 0.19386858 -0.40035382
v 0.25669390 0.19808149 -0.40051737
v 0.25451779 0.19455333 -0.40424693
v 0.25332880 0.19276547 -0.40307927
v 0.25425214 0.19501203 -0.40818900
v 0.25254482 0.19318664 -0.40810445
v 0.25404608 0.19557311 -0.41216394
v 0.25588098 0.19793552 -0.40836495
v 0.25554192 0.19798742 -0.41234142
v 0.25742313 0.20273827 -0.40836996
v 0.25715104 0.20261824 -0.41273934
v 0.25803897 0.20603956 -0.41289675
v 0.25813594 0.20546846 -0.40650186
v 0.25803676 0.20523745 -0.40477753
v 0.25814709 0.20666501 -0.40598735
v 0.25805992 0.20797770 -0.40943217
v 0.25748765 0.20784576 -0.40473425
v 0.25800410 0.20499168 -0.40069106
v 0.25684825 0.20814164 -0.40088516
v 0.25625363 0.20834742 -0.39696106
v 0.25444284 0.21138681 -0.39696354
v 0.25399080 0.21099424 -0.39315534
v 0.25173116 0.21397910 -0.39698318
v 0.25186509 0.21292821 -0.39314353
v 0.25355670 0.21053171 -0.38943887
v 0.25180104 0.21209842 -0.38942376
v 0.25276634 0.21420603 -0.40080962
v 0.25486967 0.21177086 -0.40086028
v 0.25817069 0.20444863 -0.40238351
v 0.25763485 0.20276344 -0.40476876
v 0.25516862 0.19807501 -0.41635734
v 0.25678378 0.20199481 -0.41661194
v 0.25760180 0.20873141 -0.40832818
v 0.25379166 0.19616701 -0.41619873
v 0.25381508 0.19221221 -0.39903972
v 0.25686005 0.19501030 -0.38832715
v 0.25445339 0.19116381 -0.39236930
v 0.25455284 0.19012173 -0.38816366
v 0.25330546 0.18861765 -0.38932294
v 0.25373650 0.18790783 -0.38554358
v 0.25530657 0.19031297 -0.38442796
v 0.25703019 0.19430093 -0.38455424
v 0.25240859 0.18894145 -0.39275697
v 0.25592411 0.19028972 -0.38059530
v 0.25416854 0.18697663 -0.38054028
v 0.25268868 0.18539931 -0.38054809
v 0.25672635 0.19079547 -0.37653553
v 0.25439429 0.18611997 -0.37657589
v 0.25695375 0.18992090 -0.37287027
v 0.25769055 0.19280174 -0.37433523
v 0.25530818 0.18631198 -0.37285948
v 0.25343391 0.18474424 -0.37614685
v 0.25744942 0.19329584 -0.37771338
v 0.25817183 0.19999093 -0.38898230
v 0.25796574 0.20174956 -0.39652506
v 0.25564089 0.20853491 -0.39313075
v 0.25328705 0.21018910 -0.38706177
v 0.25748572 0.20465410 -0.41743031
v 0.25805447 0.20697474 -0.42086780
v 0.25731534 0.20473568 -0.42516196
v 0.25808826 0.20717639 -0.42520553
v 0.25897396 0.20937298 -0.42524138
v 0.25878316 0.20914041 -0.42123970
v 0.25848004 0.21214913 -0.42516840
v 0.25893062 0.20949793 -0.42815062
v 0.25864995 0.21194597 -0.42801234
v 0.25825489 0.20941806 -0.43013647
v 0.25782278 0.21196845 -0.43012589
v 0.25728601 0.20941485 -0.43214792
v 0.25665101 0.20633899 -0.43110257
v 0.25718400 0.20492366 -0.42834201
v 0.25601766 0.20176171 -0.42835748
v 0.25450692 0.20649585 -0.43480685
v 0.25355464 0.20163094 -0.43318245
v 0.25281826 0.20486137 -0.43627852
v 0.25145572 0.20110445 -0.43567148
v 0.24989472 0.20340754 -0.43940869
v 0.25154388 0.20635432 -0.43912044
v 0.24955420 0.19930996 -0.43691742
v 0.25134683 0.19877997 -0.43376446
v 0.24823858 0.20084703 -0.43957525
v 0.24612719 0.20363639 -0.44439504
v 0.24806744 0.20592956 -0.44361737
v 0.24682267 0.20746973 -0.44637239
v 0.24948066 0.20924565 -0.44438723
v 0.24725163 0.20923543 -0.44726664
v 0.24725866 0.21232057 -0.44717830
v 0.24616091 0.21070270 -0.44913429
v 0.24586660 0.21413989 -0.44868848
v 0.24675041 0.21742569 -0.44619966
v 0.24557608 0.21744250 -0.44812140
v 0.24614097 0.22043106 -0.44556087
v 0.24371117 0.21742754 -0.45102894
v 0.24506310 0.22078182 -0.44693524
v 0.24656782 0.22107714 -0.44400632
v 0.24469700 0.21250971 -0.45069188
v 0.24261113 0.22051685 -0.45129913
v 0.24609406 0.20955516 -0.44909856
v 0.24316487 0.22280662 -0.44724697
v 0.24433705 0.22342031 -0.44392127
v 0.24197006 0.22554809 -0.44398230
v 0.24077952 0.22501943 -0.44752562
v 0.24428676 0.22506596 -0.43981281
v 0.24622713 0.22234809 -0.44268212
v 0.24857083 0.21720941 -0.44317833
v 0.24461071 0.20562837 -0.44768691
v 0.24588524 0.19947784 -0.44124544
v 0.24476518 0.20108509 -0.44376752
v 0.25018686 0.20787179 -0.44218218
v 0.25298885 0.19946852 -0.43262544
v 0.25365832 0.20836851 -0.43736392
v 0.25491029 0.21201426 -0.43554688
v 0.25249305 0.21766847 -0.43572927
v 0.25601953 0.21590264 -0.43049124
v 0.25320536 0.21930920 -0.43295315
v 0.25359175 0.21991222 -0.43082830
v 0.25674495 0.21661954 -0.42808178
v 0.25442836 0.21978530 -0.42831206
v 0.25684482 0.21604280 -0.42527476
v 0.25398442 0.21991555 -0.42583951
v 0.25393009 0.21924433 -0.42155945
v 0.25605154 0.21622990 -0.42149666
v 0.25338024 0.21845025 -0.41641951
v 0.25740638 0.21368605 -0.42208546
v 0.25783619 0.21434937 -0.42632291
v 0.25519040 0.21624929 -0.41741100
v 0.25100288 0.22077338 -0.43506339
v 0.25279987 0.22117849 -0.42971501
v 0.24984848 0.22057223 -0.43796253
v 0.25126895 0.21645516 -0.43887109
v 0.25220028 0.22082828 -0.43202376
v 0.24892990 0.22228155 -0.43702438
v 0.25763330 0.21388081 -0.42890996
v 0.24315251 0.20742816 -0.45083630
v 0.24231987 0.20382768 -0.44898760
v 0.24129739 0.20497473 -0.45092338
v 0.24235824 0.20946215 -0.45347166
v 0.24217302 0.22191946 -0.45027184
v 0.25828394 0.21124771 -0.42113778
v 0.25860101 0.20891073 -0.41709563
v 0.25803784 0.20743081 -0.42828277
v 0.25812453 0.20570776 -0.40857467
v 0.24349965 0.20260772 -0.44652158
v 0.25701895 0.21294133 -0.41732386
v 0.25342742 0.19664106 -0.42087102
v 0.25474247 0.19817802 -0.42057487
v 0.25411969 0.19807452 -0.42510375
v 0.25627264 0.20175506 -0.42506418
v 0.25298947 0.19732846 -0.42819452
v 0.25410092 0.19850166 -0.42832461
v 0.24187444 0.22003970 -0.45291772
v 0.24223620 0.21747047 -0.45318621
v 0.24068247 0.22044477 -0.45436490
v 0.23873517 0.21762949 -0.45803267
v 0.23740253 0.22038570 -0.45924917
v 0.23789699 0.22159217 -0.45729482
v 0.23882869 0.22252023 -0.45465815
v 0.23664273 0.22490558 -0.45477521
v 0.24090861 0.21276589 -0.45550343
v 0.23886335 0.21291633 -0.45799714
v 0.23870276 0.20957609 -0.45749879
v 0.23728006 0.21771683 -0.45995513
v 0.23718153 0.21305665 -0.45995265
v 0.23741095 0.22560000 -0.45244193
v 0.23470792 0.22668530 -0.45501354
v 0.23387593 0.22624882 -0.45740333
v 0.23545636 0.22348617 -0.45857620
v 0.24253835 0.21267150 -0.45351881
v 0.23305215 0.22543260 -0.45990494
v 0.23143236 0.22759980 -0.45888579
v 0.22935152 0.22743396 -0.46283466
v 0.22930789 0.22890103 -0.46029931
v 0.22700979 0.22962752 -0.46314597
v 0.22618173 0.22947030 -0.46535322
v 0.22537862 0.22875431 -0.46764639
v 0.22423823 0.23021255 -0.46674901
v 0.22289133 0.23010322 -0.46927184
v 0.22402491 0.22797143 -0.47032991
v 0.22624888 0.22656624 -0.46878108
v 0.22887687 0.22490798 -0.46651429
v 0.22601265 0.22441688 -0.47091979
v 0.22167124 0.22954026 -0.47189349
v 0.22962455 0.22594205 -0.46442840
v 0.25580016 0.20938475 -0.43481746
v 0.23071101 0.22062945 -0.46788812
v 0.22870976 0.22051525 -0.47043636
v 0.23130134 0.21798673 -0.46709490
v 0.23366940 0.22046779 -0.46413293
v 0.23353778 0.21786121 -0.46450350
v 0.23118973 0.21334887 -0.46636310
v 0.23317511 0.21327956 -0.46431258
v 0.23050100 0.20977619 -0.46570227
v 0.22916199 0.21336214 -0.46838465
v 0.22773543 0.20955077 -0.46800247
v 0.22648656 0.21002351 -0.46955523
v 0.22728916 0.21331283 -0.47021508
v 0.22520092 0.21330467 -0.47222975
v 0.22412294 0.20954031 -0.47116160
v 0.22591776 0.21654814 -0.47271100
v 0.22803204 0.21803614 -0.47078586
v 0.22578840 0.22059000 -0.47391245
v 0.22421680 0.21810408 -0.47486353
v 0.22407076 0.22070783 -0.47574773
v 0.22252406 0.21973300 -0.47715715
v 0.22069283 0.22070388 -0.47962248
v 0.22009531 0.22321109 -0.47897339
v 0.22157538 0.22499217 -0.47597781
v 0.22382259 0.22331570 -0.47440699
v 0.21890897 0.22694150 -0.47787347
v 0.22022523 0.22837387 -0.47490266
v 0.21763124 0.23013832 -0.47675756
v 0.21637575 0.22852367 -0.47974288
v 0.21507557 0.23113094 -0.47863093
v 0.21394020 0.23033376 -0.48150176
v 0.21526840 0.22668299 -0.48255748
v 0.21388192 0.22823609 -0.48336282
v 0.21483083 0.22471491 -0.48473105
v 0.21462955 0.22399601 -0.48702729
v 0.21310917 0.22775207 -0.48683622
v 0.21419734 0.22290333 -0.49140006
v 0.21232419 0.22749525 -0.49154118
v 0.21102488 0.22756460 -0.49596286
v 0.21034567 0.22968182 -0.49488226
v 0.20978017 0.22914355 -0.49737251
v 0.21072926 0.22642057 -0.49797773
v 0.20863619 0.23098341 -0.49597806
v 0.20884670 0.23207921 -0.49155265
v 0.20657700 0.23315297 -0.49575457
v 0.20924905 0.22843750 -0.49862021
v 0.21169366 0.22363667 -0.49822071
v 0.20983253 0.22461796 -0.49922654
v 0.21202989 0.22109698 -0.49829847
v 0.21345901 0.22099878 -0.49568531
v 0.21123070 0.21802200 -0.49799788
v 0.21236292 0.21817859 -0.49560517
v 0.21351524 0.21802358 -0.49140438
v 0.21463688 0.22081728 -0.49136853
v 0.21442167 0.21802998 -0.48733720
v 0.21548845 0.22074623 -0.48754436
v 0.21510476 0.22113471 -0.48961997
v 0.21234839 0.21331470 -0.48694962
v 0.21462683 0.21629187 -0.48452222
v 0.21311902 0.21251480 -0.48352700
v 0.21531914 0.21429805 -0.48238048
v 0.21654460 0.21820869 -0.48327720
v 0.21770215 0.21665406 -0.48115072
v 0.21862678 0.22005340 -0.48179734
v 0.21723148 0.22069690 -0.48384789
v 0.21641296 0.21292233 -0.48044211
v 0.21157672 0.21105835 -0.48449704
v 0.21382360 0.21121213 -0.48167601
v 0.21900429 0.21315078 -0.47793347
v 0.21813637 0.21054600 -0.47734603
v 0.22095972 0.21324924 -0.47612280
v 0.21984078 0.20978630 -0.47501528
v 0.21168485 0.21391182 -0.49136725
v 0.21547045 0.21993265 -0.48628962
v 0.21041112 0.21541083 -0.49756345
v 0.21072270 0.21211132 -0.49135968
v 0.21299267 0.22328328 -0.49571067
v 0.20962536 0.21709524 -0.49903750
v 0.20791665 0.23105121 -0.49826923
v 0.21095619 0.23021412 -0.49158543
v 0.21209009 0.23130237 -0.48287812
v 0.21888508 0.23069674 -0.47379538
v 0.21656047 0.22319210 -0.48336336
v 0.21539329 0.22191383 -0.48707935
v 0.21768540 0.22459854 -0.48102337
v 0.22193135 0.21665099 -0.47669753
v 0.22242300 0.21031462 -0.47337985
v 0.23248109 0.20978701 -0.46384904
v 0.23461516 0.20973592 -0.46174100
v 0.23511539 0.21317898 -0.46223181
v 0.22622538 0.22151428 -0.47288609
v 0.22970954 0.21671097 -0.46870643
v 0.24466968 0.20931074 -0.45056888
v 0.25651518 0.20182493 -0.42083123
v 0.23524614 0.21779247 -0.46246025
v 0.25387216 0.18409535 -0.37281635
v 0.25604671 0.18640609 -0.36902314
v 0.22262730 0.22686562 -0.47322780
v 0.23674661 0.20966813 -0.45955625
v 0.25727630 0.19377936 -0.38066572
v 0.25795704 0.19580489 -0.38079655
v 0.24704376 0.22310887 -0.43945527
v 0.25343359 0.21456882 -0.40380758
v 0.25287417 0.20934013 -0.43954819
v 0.25408801 0.19180638 -0.39644238
v 0.25284910 0.20967807 -0.38342893
v 0.25812095 0.19937235 -0.38443911
v 0.25797704 0.19465226 -0.37669015
v 0.25771511 0.19407199 -0.34975600
v 0.25747874 0.19389158 -0.34584656
v 0.25526437 0.19760139 -0.34584990
v 0.25789016 0.19154358 -0.36900964
v 0.25516260 0.19690448 -0.34214091
v 0.25358859 0.19936369 -0.34453315
v 0.25303096 0.19912472 -0.34219921
v 0.25395572 0.19981052 -0.34719920
v 0.25382325 0.17633529 -0.25678974
v 0.25427908 0.21646410 -0.41379118
v 0.25667676 0.21227936 -0.41331100
v 0.25416979 0.21540631 -0.40920255
v 0.25639439 0.21151783 -0.40953192
v 0.25392482 0.21498652 -0.40662760
v 0.25177854 0.21759832 -0.40942198
v 0.25491524 0.11627865 -0.12297313
v 0.25512514 0.11959679 -0.13483912
v 0.25899756 0.14360325 -0.18163934
v 0.25718454 0.19362524 -0.34205437
v 0.25897375 0.17847615 -0.31045532
v 0.25325114 0.16794837 -0.22555234
v 0.25724351 0.08776911 -0.00117116
v 0.25868002 0.12015099 -0.10750550
v 0.25944626 0.10463945 -0.04121347
v 0.25843522 0.15968411 -0.25137872
v 0.25513968 0.16184674 -0.20981172
v 0.25920093 0.15019841 -0.20152794
v 0.25392506 0.15319566 -0.17206697
v 0.23975891 0.22372434 -0.45139170
v 0.25470093 0.08333313 -0.00133863
v 0.25585672 0.08452495 0.00249125
v 0.25521123 0.08312082 0.00399924
v 0.25296989 0.08117849 0.00191990
v 0.25129193 0.09884927 0.03306780
v 0.25821498 0.19765541 -0.38504174
v 0.25088978 0.21036297 -0.37938735
v 0.25126413 0.21066348 -0.38178632
v 0.25833994 0.18688014 -0.34946129
v 0.25934386 0.16660435 -0.26772621
v 0.25762594 0.16290975 -0.22919130
v 0.25450519 0.13589443 -0.19347712
v 0.25417608 0.18535276 -0.29189828
v 0.25575742 0.18940660 -0.31526816
v 0.25259140 0.21796975 -0.41269687
v 0.25586987 0.11517305 -0.03223288
v 0.25750598 0.20157920 -0.38525715
v 0.25438002 0.14902304 -0.15867709
v 0.25380814 0.10228555 0.01930182
v 0.25446358 0.09539542 0.03331218
v 0.25628003 0.08967321 0.02985691
v 0.25349823 0.19901259 -0.43111721
v 0.25933567 0.15848340 -0.23260075
v 0.25943169 0.09648377 0.01078927
v 0.25429016 0.18330483 -0.36896071
v 0.25798848 0.10796144 -0.07241880
v 0.25342748 0.15278451 -0.16946067
v 0.25848657 0.12650728 -0.13479547
v 0.25629064 0.19708110 -0.34992579
v 0.25334010 0.16365558 -0.20992020
v 0.25875551 0.12391439 -0.09593438
v 0.25399160 0.12096443 -0.14388289
v 0.25970507 0.10795040 -0.00661686
v 0.24868520 0.22129828 -0.43934762
v 0.25584617 0.14256971 -0.21258427
v 0.25638047 0.14304724 -0.20884712
v 0.25996050 0.09681248 -0.01478999
v 0.25870660 0.17310452 -0.27584079
v 0.25426555 0.10528485 -0.08568496
v 0.25385377 0.10553814 -0.08779012
v 0.25789207 0.14507447 -0.20122790
v 0.25652397 0.14233334 -0.20525566
v 0.25348711 0.15711121 -0.27622062
v 0.25926337 0.09542217 -0.02177687
v 0.25343484 0.19493999 -0.32704148
v 0.23067304 0.22233921 -0.46644038
v 0.25722289 0.18932600 -0.36902136
v 0.25908959 0.11235385 -0.06066638
v 0.25927263 0.12462297 -0.11131205
v 0.25650123 0.18538626 -0.30350450
v 0.25586087 0.18551424 -0.29953128
v 0.25706086 0.18325874 -0.29925379
v 0.25374025 0.18789814 -0.29987219
v 0.25522378 0.18533483 -0.29570302
v 0.25305152 0.18708564 -0.29456329
v 0.25829163 0.20860508 -0.41309613
v 0.25330117 0.08058807 0.00557746
v 0.25903612 0.13887416 -0.15815158
v 0.25736836 0.11297482 -0.03032536
v 0.25625524 0.19796067 -0.40441495
v 0.25300902 0.16324951 -0.20763201
v 0.25795734 0.14168836 -0.18947338
v 0.23225427 0.22381409 -0.46288499
v 0.25803289 0.19437335 -0.35586375
v 0.25693822 0.18265010 -0.29537371
v 0.25373250 0.18876477 -0.30408317
v 0.25489023 0.20170598 -0.43113849
v 0.25522676 0.09020517 -0.03107543
v 0.25694633 0.10310010 -0.06421703
v 0.25486687 0.10060515 -0.06703641
v 0.25599492 0.10271971 -0.06836240
v 0.25452185 0.10100823 -0.06973498
v 0.25737473 0.19856025 -0.36554646
v 0.25741789 0.18457043 -0.35210916
v 0.21868627 0.22156329 -0.48175254
v 0.20589337 0.23262708 -0.49868178
v 0.20446669 0.23421742 -0.49815106
v 0.25579438 0.08397493 0.00577876
v 0.25792363 0.16327836 -0.23383300
v 0.25865766 0.13699731 -0.16893497
v 0.25896287 0.17708273 -0.29505152
v 0.25687531 0.08722083 0.00261227
v 0.25691697 0.12795125 -0.09217179
v 0.21159071 0.23079582 -0.48664007
v 0.25776711 0.21425799 -0.42799973
v 0.24924640 0.21217366 -0.44429815
v 0.25000381 0.21523133 -0.44175410
v 0.24147238 0.22093086 -0.45271245
v 0.20933668 0.23257665 -0.48648003
v 0.23810755 0.22610882 -0.45018592
v 0.24955821 0.22237162 -0.43462592
v 0.24791916 0.22346036 -0.43596035
v 0.26027480 0.10211280 0.01252407
v 0.20896739 0.21374129 -0.49816102
v 0.20995177 0.21300104 -0.49543285
v 0.20758042 0.21174546 -0.49777141
v 0.25553319 0.09308966 0.03353669
v 0.25503767 0.21265486 -0.40508077
v 0.25844994 0.16910215 -0.26024613
v 0.25898832 0.12241546 -0.11094431
v 0.25784865 0.17148066 -0.30107540
v 0.25450975 0.13903269 -0.20923580
v 0.25302798 0.21186545 -0.43874091
v 0.21087815 0.21474215 -0.49549818
v 0.26045111 0.10010479 0.01074762
v 0.25941154 0.11619828 -0.08051543
v 0.25585020 0.10346485 -0.07219678
v 0.25888646 0.11209546 -0.07650089
v 0.26141182 0.09898265 -0.00191873
v 0.25881872 0.12278889 -0.11489145
v 0.25820190 0.13054153 -0.11143019
v 0.25784874 0.20254931 -0.40054491
v 0.26140144 0.10129646 -0.00202562
v 0.26022530 0.09681673 -0.00986664
v 0.25407541 0.10131510 -0.07208588
v 0.25490043 0.12239711 -0.05983756
v 0.25777075 0.20947470 -0.41216871
v 0.25667444 0.09241953 0.01487658
v 0.25197166 0.21103388 -0.38571426
v 0.22326459 0.21329436 -0.47402215
v 0.24930011 0.21892175 -0.44083375
v 0.22027200 0.21830668 -0.47913188
v 0.25614822 0.08568328 0.04172133
v 0.25622714 0.08579765 0.03732188
v 0.25595820 0.08964406 0.03767354
v 0.25556576 0.08960062 0.04161264
v 0.25456950 0.09245320 0.04139327
v 0.25428852 0.09192460 0.04449378
v 0.25618511 0.08966836 0.03372860
v 0.25553319 0.09308966 0.03353669
v 0.25595355 0.09312740 0.02978289
v 0.25628003 0.08967321 0.02985691
v 0.25634551 0.09326375 0.02248941
v 0.25647056 0.09306229 0.01880830
v 0.25702077 0.09661184 0.01914397
v 0.25607321 0.09642734 0.02262773
v 0.25528723 0.09855135 0.02267060
v 0.25595906 0.10055663 0.01919024
v 0.25380814 0.10228555 0.01930182
v 0.25667444 0.09241953 0.01487658
v 0.25668424 0.08705451 0.00617728
v 0.25579438 0.08397493 0.00577876
v 0.25585672 0.08452495 0.00249125
v 0.25687531 0.08722083 0.00261227
v 0.26022530 0.09681673 -0.00986664
v 0.25961325 0.09495150 -0.01133823
v 0.25996050 0.09681248 -0.01478999
v 0.25926337 0.09542217 -0.02177687
v 0.25957957 0.10759722 -0.03387121
v 0.25982380 0.10496362 -0.03376597
v 0.25956038 0.10476804 -0.03866627
v 0.25957415 0.10715476 -0.03641794
v 0.25924957 0.10870647 -0.03770548
v 0.25921404 0.10895190 -0.04139695
v 0.25944626 0.10463945 -0.04121347
v 0.26116630 0.10438680 -0.00225546
v 0.26140144 0.10129646 -0.00202562
v 0.26131821 0.10458862 -0.00595306
v 0.26083091 0.10613662 -0.00245339
v 0.25944626 0.10463945 -0.04121347
v 0.25883853 0.10026586 -0.04106018
v 0.25922865 0.10431398 -0.04499680
v 0.25833011 0.09993307 -0.04489340
v 0.25937551 0.11382074 -0.07456301
v 0.25917339 0.11465528 -0.08218707
v 0.25941154 0.11619828 -0.08051543
v 0.25888646 0.11209546 -0.07650089
v 0.25842881 0.11621100 -0.06078552
v 0.25908959 0.11235385 -0.06066638
v 0.25877446 0.11590594 -0.06475998
v 0.25627691 0.12076290 -0.06100994
v 0.25936660 0.13503277 -0.15437962
v 0.25915143 0.13526791 -0.15827538
v 0.25903612 0.13887416 -0.15815158
v 0.25850418 0.13350323 -0.15961421
v 0.25882182 0.13528603 -0.16205484
v 0.25890446 0.13242647 -0.15160660
v 0.25797534 0.13031697 -0.15418588
v 0.25821534 0.12990676 -0.15015985
v 0.25816685 0.13428630 -0.16565853
v 0.25865766 0.13699731 -0.16893497
v 0.25900760 0.13945870 -0.16984579
v 0.25865766 0.13699731 -0.16893497
v 0.25839248 0.13745165 -0.17352155
v 0.25876081 0.13933900 -0.17353612
v 0.25876081 0.13933900 -0.17353612
v 0.25854281 0.14128008 -0.18107395
v 0.25915548 0.14323308 -0.17769451
v 0.25899756 0.14360325 -0.18163934
v 0.25899756 0.14360325 -0.18163934
v 0.25823382 0.14148234 -0.18552490
v 0.25878593 0.14386283 -0.18554609
v 0.25795734 0.14168836 -0.18947338
v 0.25891858 0.13291828 -0.12830310
v 0.25945020 0.13122007 -0.13096747
v 0.25903782 0.13492660 -0.13832030
v 0.25926214 0.13128862 -0.12676218
v 0.25879720 0.13213064 -0.12333500
v 0.25899321 0.14745809 -0.19740681
v 0.25879988 0.14766560 -0.20131625
v 0.25920093 0.15019841 -0.20152794
v 0.25789207 0.14507447 -0.20122790
v 0.25917330 0.15441161 -0.22103706
v 0.25843319 0.15095797 -0.22084700
v 0.25793371 0.15066974 -0.22534676
v 0.25907516 0.15498391 -0.22481805
v 0.25907516 0.15498391 -0.22481805
v 0.25888941 0.15537648 -0.22856610
v 0.25922000 0.15819982 -0.22885844
v 0.25933567 0.15848340 -0.23260075
v 0.25940904 0.16248862 -0.24797547
v 0.25930718 0.16287692 -0.25183681
v 0.25899494 0.16558148 -0.25216395
v 0.25843522 0.15968411 -0.25137872
v 0.25909001 0.09731657 0.01540941
v 0.25943169 0.09648377 0.01078927
v 0.26045111 0.10010479 0.01074762
v 0.25786042 0.09448003 0.01079990
v 0.25741646 0.09560120 0.01532358
v 0.25855297 0.16134314 -0.23260370
v 0.25933567 0.15848340 -0.23260075
v 0.25902760 0.16123164 -0.23662342
v 0.25792363 0.16327836 -0.23383300
v 0.25844994 0.16910215 -0.26024613
v 0.25941676 0.16621189 -0.26392719
v 0.25919247 0.16901797 -0.26789948
v 0.25934386 0.16660435 -0.26772621
v 0.25939041 0.16952564 -0.27179033
v 0.25705609 0.17561680 -0.26808381
v 0.25723875 0.17598127 -0.27040404
v 0.25870660 0.17310452 -0.27584079
v 0.25871789 0.17520531 -0.30258802
v 0.25793484 0.17474329 -0.31034100
v 0.25909159 0.17814068 -0.30663615
v 0.25897375 0.17847615 -0.31045532
v 0.25797704 0.19465226 -0.37669015
v 0.25795704 0.19580489 -0.38079655
v 0.25830978 0.19749416 -0.38103479
v 0.25821498 0.19765541 -0.38504174
v 0.25812095 0.19937235 -0.38443911
v 0.25821498 0.19765541 -0.38504174
v 0.25817183 0.19999093 -0.38898230
v 0.25750598 0.20157920 -0.38525715
v 0.25772598 0.20485561 -0.39687750
v 0.25796574 0.20174956 -0.39652506
v 0.25800410 0.20499168 -0.40069106
v 0.25784874 0.20254931 -0.40054491
v 0.25625363 0.20834742 -0.39696106
v 0.25564089 0.20853491 -0.39313075
v 0.25852114 0.19403698 -0.36908159
v 0.25789016 0.19154358 -0.36900964
v 0.25769055 0.19280174 -0.37433523
v 0.25722289 0.18932600 -0.36902136
v 0.25797704 0.19465226 -0.37669015
v 0.25894716 0.18494837 -0.33051416
v 0.25907826 0.18547376 -0.33422384
v 0.25766528 0.19128954 -0.33634913
v 0.25852990 0.18886948 -0.33818045
v 0.25782198 0.19123119 -0.33825752
v 0.25682250 0.19339050 -0.33828488
v 0.25718454 0.19362524 -0.34205437
v 0.25851193 0.19085872 -0.36126405
v 0.25757030 0.18804035 -0.36227989
v 0.25799537 0.19064689 -0.36540768
v 0.25722289 0.18932600 -0.36902136
v 0.25881249 0.19040774 -0.35736346
v 0.25899839 0.18993561 -0.35352790
v 0.25741789 0.18457043 -0.35210916
v 0.25860170 0.13694091 -0.14205107
v 0.25841978 0.13645619 -0.13620593
v 0.25903782 0.13492660 -0.13832030
v 0.25776190 0.13855584 -0.13896745
v 0.25781083 0.13930380 -0.14287370
v 0.25791243 0.15348141 -0.19853354
v 0.25920093 0.15019841 -0.20152794
v 0.25857207 0.15334570 -0.20554963
v 0.25747618 0.15641904 -0.20490120
v 0.25723049 0.15593195 -0.20058130
v 0.25901338 0.15006150 -0.19761956
v 0.25773942 0.15258472 -0.19263791
v 0.25873145 0.15006608 -0.19376378
v 0.25836745 0.15026039 -0.19008726
v 0.25765297 0.15200987 -0.18901390
v 0.25703642 0.17174494 -0.25496867
v 0.25921947 0.16578338 -0.25606012
v 0.25844994 0.16910215 -0.26024613
v 0.25899494 0.16558148 -0.25216395
v 0.25759858 0.16814710 -0.24659429
v 0.25690660 0.17149687 -0.25254822
v 0.25789207 0.14507447 -0.20122790
v 0.25685421 0.14213119 -0.20128272
v 0.25847411 0.14752384 -0.20473237
v 0.25652397 0.14233334 -0.20525566
v 0.25720915 0.19816332 -0.36164936
v 0.25877461 0.19328821 -0.36138040
v 0.25737473 0.19856025 -0.36554646
v 0.25803289 0.19437335 -0.35586375
v 0.25731534 0.20473568 -0.42516196
v 0.25718400 0.20492366 -0.42834201
v 0.25803784 0.20743081 -0.42828277
v 0.25601766 0.20176171 -0.42835748
v 0.25627264 0.20175506 -0.42506418
v 0.25410092 0.19850166 -0.42832461
v 0.25349823 0.19901259 -0.43111721
v 0.25489023 0.20170598 -0.43113849
v 0.25298885 0.19946852 -0.43262544
v 0.25651518 0.20182493 -0.42083123
v 0.25764021 0.18003838 -0.29214215
v 0.25896287 0.17708273 -0.29505152
v 0.25909111 0.17751707 -0.29889178
v 0.25798070 0.18155266 -0.30320200
v 0.25716528 0.18363193 -0.30209696
v 0.25706086 0.18325874 -0.29925379
v 0.25693822 0.18265010 -0.29537371
v 0.25771511 0.19407199 -0.34975600
v 0.25803289 0.19437335 -0.35586375
v 0.25703266 0.19653274 -0.35390636
v 0.25629064 0.19708110 -0.34992579
v 0.25783619 0.21434937 -0.42632291
v 0.25848004 0.21214913 -0.42516840
v 0.25776711 0.21425799 -0.42799973
v 0.25740638 0.21368605 -0.42208546
v 0.25828394 0.21124771 -0.42113778
v 0.25701895 0.21294133 -0.41732386
v 0.25777075 0.20947470 -0.41216871
v 0.25872940 0.11559195 -0.09176853
v 0.25732422 0.11186679 -0.09171807
v 0.25847989 0.11595169 -0.09571005
v 0.25791529 0.11216235 -0.08787879
v 0.25714588 0.17849901 -0.27982283
v 0.25801590 0.17716593 -0.28311551
v 0.25742877 0.17888311 -0.28356621
v 0.25770912 0.17622159 -0.27598378
v 0.25792363 0.16327836 -0.23383300
v 0.25805345 0.16370019 -0.23676313
v 0.25692320 0.16648459 -0.23690259
v 0.25719076 0.16725005 -0.24077357
v 0.25795734 0.14168836 -0.18947338
v 0.25708735 0.13943964 -0.18946512
v 0.25626883 0.13889121 -0.19346608
v 0.25450519 0.13589443 -0.19347712
v 0.25790033 0.12388358 -0.13085033
v 0.25714359 0.12314283 -0.13482894
v 0.25848657 0.12650728 -0.13479547
v 0.25512514 0.11959679 -0.13483912
v 0.25673643 0.18670401 -0.36538649
v 0.25604671 0.18640609 -0.36902314
v 0.25722289 0.18932600 -0.36902136
v 0.25429016 0.18330483 -0.36896071
v 0.25521123 0.08312082 0.00399924
v 0.25579438 0.08397493 0.00577876
v 0.25528249 0.08244185 0.00681936
v 0.25330117 0.08058807 0.00557746
v 0.25861484 0.13162242 -0.11899471
v 0.25879720 0.13213064 -0.12333500
v 0.25747862 0.13509300 -0.12318111
v 0.25681034 0.13517815 -0.11925261
v 0.25839415 0.13113667 -0.11496441
v 0.25777075 0.20947470 -0.41216871
v 0.25639439 0.21151783 -0.40953192
v 0.25760180 0.20873141 -0.40832818
v 0.25503767 0.21265486 -0.40508077
v 0.25791529 0.11216235 -0.08787879
v 0.25565401 0.10775232 -0.08783548
v 0.25523633 0.10810494 -0.09165988
v 0.25385377 0.10553814 -0.08779012
v 0.25785464 0.11938000 -0.11496281
v 0.25539550 0.11586104 -0.11891598
v 0.25730506 0.11911914 -0.11894282
v 0.25491524 0.11627865 -0.12297313
v 0.25833011 0.09993307 -0.04489340
v 0.25583881 0.09647474 -0.04863187
v 0.25767803 0.09959769 -0.04875362
v 0.25535628 0.09685461 -0.05178151
v 0.25621483 0.17344403 -0.25654957
v 0.25717747 0.17206536 -0.25770524
v 0.25639281 0.17446065 -0.26052439
v 0.25382325 0.17633529 -0.25678974
v 0.25526509 0.13448586 -0.10752559
v 0.25820190 0.13054153 -0.11143019
v 0.25565997 0.13490534 -0.11138172
v 0.25357538 0.13715641 -0.11158181
v 0.25628486 0.17760104 -0.33761156
v 0.25472227 0.17501251 -0.33750322
v 0.25445056 0.17555830 -0.34138435
v 0.25520679 0.16564000 -0.22540209
v 0.25762594 0.16290975 -0.22919130
v 0.25602126 0.16560054 -0.22925918
v 0.25325114 0.16794837 -0.22555234
v 0.25564328 0.11874043 -0.04669245
v 0.25664297 0.11700498 -0.04548223
v 0.25729373 0.11666865 -0.04935485
v 0.25546953 0.11833360 -0.04350403
v 0.25483039 0.19647653 -0.33831295
v 0.25718454 0.19362524 -0.34205437
v 0.25516260 0.19690448 -0.34214091
v 0.25303096 0.19912472 -0.34219921
v 0.25448814 0.13029641 -0.08769624
v 0.25691697 0.12795125 -0.09217179
v 0.25504437 0.13093378 -0.09229323
v 0.25657758 0.15762611 -0.26332915
v 0.25492337 0.15503392 -0.26326004
v 0.25453812 0.15556626 -0.26718313
v 0.25395572 0.19981052 -0.34719920
v 0.25629064 0.19708110 -0.34992579
v 0.25418904 0.20033118 -0.35021695
v 0.25126895 0.21645516 -0.43887109
v 0.25302798 0.21186545 -0.43874091
v 0.25000381 0.21523133 -0.44175410
v 0.24930011 0.21892175 -0.44083375
v 0.25355670 0.21053171 -0.38943887
v 0.25504547 0.20859574 -0.38940212
v 0.25564089 0.20853491 -0.39313075
v 0.25328705 0.21018910 -0.38706177
v 0.25392482 0.21498652 -0.40662760
v 0.25343359 0.21456882 -0.40380758
v 0.25503767 0.21265486 -0.40508077
v 0.25448444 0.12623380 -0.07255466
v 0.25679550 0.12414116 -0.07688745
v 0.25488174 0.12699077 -0.07701446
v 0.25417608 0.18535276 -0.29189828
v 0.25693822 0.18265010 -0.29537371
v 0.25522378 0.18533483 -0.29570302
v 0.25305152 0.18708564 -0.29456329
v 0.24469700 0.21250971 -0.45069188
v 0.24235824 0.20946215 -0.45347166
v 0.24253835 0.21267150 -0.45351881
v 0.24466968 0.20931074 -0.45056888
v 0.24090861 0.21276589 -0.45550343
v 0.23870276 0.20957609 -0.45749879
v 0.25320864 0.09704133 0.03315737
v 0.25446358 0.09539542 0.03331218
v 0.25378224 0.09738876 0.03035622
v 0.25129193 0.09884927 0.03306780
v 0.25386506 0.14129215 -0.12708852
v 0.25645417 0.13926770 -0.13136803
v 0.25436097 0.14201024 -0.13165487
v 0.23740253 0.22038570 -0.45924917
v 0.23524614 0.21779247 -0.46246025
v 0.23366940 0.22046779 -0.46413293
v 0.23225427 0.22381409 -0.46288499
v 0.23718153 0.21305665 -0.45995265
v 0.23511539 0.21317898 -0.46223181
v 0.23524614 0.21779247 -0.46246025
v 0.23461516 0.20973592 -0.46174100
v 0.23674661 0.20966813 -0.45955625
v 0.25376585 0.19164395 -0.31525820
v 0.25575742 0.18940660 -0.31526816
v 0.25408450 0.19241482 -0.31928381
v 0.22970954 0.21671097 -0.46870643
v 0.22803204 0.21803614 -0.47078586
v 0.22870976 0.22051525 -0.47043636
v 0.22578840 0.22059000 -0.47391245
v 0.22622538 0.22151428 -0.47288609
v 0.24892990 0.22228155 -0.43702438
v 0.24868520 0.22129828 -0.43934762
v 0.24704376 0.22310887 -0.43945527
v 0.24791916 0.22346036 -0.43596035
v 0.25328705 0.21018910 -0.38706177
v 0.25284910 0.20967807 -0.38342893
v 0.25425893 0.20876926 -0.38566884
v 0.25197166 0.21103388 -0.38571426
v 0.22069283 0.22070388 -0.47962248
v 0.22027200 0.21830668 -0.47913188
v 0.21862678 0.22005340 -0.48179734
v 0.21723148 0.22069690 -0.48384789
v 0.21868627 0.22156329 -0.48175254
v 0.21656047 0.22319210 -0.48336336
v 0.21539329 0.22191383 -0.48707935
v 0.21548845 0.22074623 -0.48754436
v 0.21547045 0.21993265 -0.48628962
v 0.21539329 0.22191383 -0.48707935
v 0.21510476 0.22113471 -0.48961997
v 0.21419734 0.22290333 -0.49140006
v 0.21463688 0.22081728 -0.49136853
v 0.21345901 0.22099878 -0.49568531
v 0.21299267 0.22328328 -0.49571067
v 0.21072270 0.21211132 -0.49135968
v 0.20995177 0.21300104 -0.49543285
v 0.21087815 0.21474215 -0.49549818
v 0.22601265 0.22441688 -0.47091979
v 0.22622538 0.22151428 -0.47288609
v 0.22382259 0.22331570 -0.47440699
v 0.22262730 0.22686562 -0.47322780
v 0.22167124 0.22954026 -0.47189349
v 0.22262730 0.22686562 -0.47322780
v 0.22022523 0.22837387 -0.47490266
v 0.21888508 0.23069674 -0.47379538
vt 0.29023600 0.57083267
vt 0.29455796 0.57079166
vt 0.29978848 0.57071644
vt 0.30345142 0.57066667
vt 0.30619097 0.57290530
vt 0.30774283 0.57058102
vt 0.30952415 0.57277155
vt 0.30366260 0.56915653
vt 0.30062583 0.56930727
vt 0.29113996 0.56955373
vt 0.29761797 0.56940389
vt 0.28247920 0.56970650
vt 0.30712560 0.56901598
vt 0.30950221 0.56899017
vt 0.31281078 0.57044935
vt 0.31199291 0.56905711
vt 0.31428239 0.56924814
vt 0.31671232 0.57068151
vt 0.31599429 0.56922364
vt 0.31478465 0.56881708
vt 0.31351665 0.56846809
vt 0.31377080 0.56781530
vt 0.31537750 0.56768620
vt 0.31222197 0.56793964
vt 0.49226069 0.73502505
vt 0.49302942 0.73454994
vt 0.49569848 0.73494256
vt 0.49009520 0.73421955
vt 0.48994574 0.73504573
vt 0.48750997 0.73402846
vt 0.48738685 0.73491037
vt 0.48457894 0.73443466
vt 0.48465067 0.73363656
vt 0.49261120 0.73328459
vt 0.49036065 0.73309076
vt 0.48781893 0.73300803
vt 0.48522085 0.73276407
vt 0.49483854 0.73353535
vt 0.49705324 0.73388964
vt 0.49740988 0.73224539
vt 0.49512357 0.73198956
vt 0.48536924 0.73205477
vt 0.48406881 0.73202401
vt 0.48399898 0.73233992
vt 0.49272722 0.73173159
vt 0.49051994 0.73187536
vt 0.48352048 0.73269963
vt 0.49841857 0.73289895
vt 0.49952394 0.73426425
vt 0.49664474 0.73587710
vt 0.49931300 0.73593283
vt 0.50214034 0.73458463
vt 0.50205505 0.73566961
vt 0.50457603 0.73533154
vt 0.50584894 0.73513246
vt 0.49989372 0.73315907
vt 0.49981189 0.73261791
vt 0.50227880 0.73275566
vt 0.50238687 0.73358262
vt 0.50470489 0.73303115
vt 0.50477082 0.73401767
vt 0.50714147 0.73324281
vt 0.50703222 0.73452294
vt 0.50991702 0.73423278
vt 0.48351237 0.73370510
vt 0.51025367 0.73584127
vt 0.50727707 0.73591030
vt 0.51226246 0.73560715
vt 0.50964820 0.73294747
vt 0.51093078 0.73261720
vt 0.48255813 0.73505276
vt 0.48995173 0.73675573
vt 0.48759812 0.73692530
vt 0.48515999 0.73644388
vt 0.49221927 0.73692387
vt 0.51243412 0.73394203
vt 0.49505299 0.73123938
vt 0.49718690 0.73134643
vt 0.49336797 0.73117286
vt 0.48352492 0.73657465
vt 0.48545957 0.73773795
vt 0.48701596 0.73790485
vt 0.48571384 0.73873264
vt 0.48369682 0.73852122
vt 0.48398387 0.73761249
vt 0.48356497 0.73993570
vt 0.48583627 0.74013805
vt 0.48817092 0.74036336
vt 0.48794845 0.73875248
vt 0.49025789 0.74064016
vt 0.49017379 0.73913938
vt 0.49182293 0.74086261
vt 0.49232489 0.73915923
vt 0.48848853 0.73798931
vt 0.49108282 0.73814672
vt 0.49296334 0.73801535
vt 0.49446103 0.73650330
vt 0.51403010 0.73534441
vt 0.51334518 0.73655951
vt 0.51588833 0.73636872
vt 0.51552862 0.73512912
vt 0.51853091 0.73607689
vt 0.51105028 0.73922682
vt 0.51071036 0.73764890
vt 0.51633245 0.73831439
vt 0.51895970 0.73790699
vt 0.52207154 0.73566902
vt 0.51934850 0.73992866
vt 0.51662004 0.74086261
vt 0.52291381 0.73935658
vt 0.51371127 0.73875755
vt 0.51400232 0.74093878
vt 0.51125181 0.74104941
vt 0.29907572 0.63340914
vt 0.30845928 0.63666517
vt 0.29949015 0.63765514
vt 0.29678330 0.63506758
vt 0.29216841 0.63702422
vt 0.29438934 0.63040829
vt 0.29433352 0.63539261
vt 0.30200750 0.63926661
vt 0.29856548 0.64136702
vt 0.30908102 0.63956398
vt 0.30111378 0.63256186
vt 0.30390069 0.63235474
vt 0.29877955 0.63005501
vt 0.31407091 0.63656169
vt 0.31438196 0.63938153
vt 0.30800006 0.64161921
vt 0.30163285 0.64150965
vt 0.29857877 0.64595181
vt 0.30945817 0.63233387
vt 0.29186708 0.63550115
vt 0.30412564 0.64606625
vt 0.30075118 0.64599866
vt 0.31272027 0.64618808
vt 0.30801705 0.64613891
vt 0.30111361 0.62990373
vt 0.31072757 0.62975639
vt 0.30500260 0.62973666
vt 0.30839869 0.62972420
vt 0.29184410 0.63307369
vt 0.29170322 0.62781763
vt 0.29174235 0.63041651
vt 0.29396045 0.62774408
vt 0.29647228 0.62775064
vt 0.30099872 0.62783390
vt 0.29538345 0.63890243
vt 0.29621550 0.64121705
vt 0.29523572 0.64360976
vt 0.29199666 0.64393049
vt 0.29200065 0.64141822
vt 0.28971401 0.64400995
vt 0.29197681 0.64594340
vt 0.29415262 0.64589602
vt 0.29623619 0.64589751
vt 0.28971022 0.64153415
vt 0.29192200 0.63913000
vt 0.28966919 0.63929391
vt 0.28969559 0.64601338
vt 0.28747317 0.64430964
vt 0.28817958 0.64164263
vt 0.31070781 0.62790608
vt 0.28825453 0.63944876
vt 0.28739133 0.63958943
vt 0.28723943 0.64172304
vt 0.28681967 0.64367712
vt 0.28965971 0.63744426
vt 0.30835465 0.62793607
vt 0.30362627 0.62795043
vt 0.28637084 0.64530188
vt 0.28971702 0.63553780
vt 0.28975451 0.63314283
vt 0.28975579 0.63061774
vt 0.28987160 0.62801915
vt 0.28738436 0.64608240
vt 0.29183102 0.62565875
vt 0.29386264 0.62565494
vt 0.29613948 0.62567192
vt 0.28814945 0.63754535
vt 0.28813720 0.63555688
vt 0.28818414 0.63323259
vt 0.28829223 0.63086462
vt 0.28863487 0.62829375
vt 0.29850653 0.62571764
vt 0.28712761 0.63755751
vt 0.29005972 0.62571001
vt 0.28892449 0.62600034
vt 0.30078918 0.62577587
vt 0.30794871 0.64713532
vt 0.31051758 0.62579483
vt 0.28546724 0.64630783
vt 0.30150071 0.64697260
vt 0.30812055 0.62582904
vt 0.30316585 0.62581921
vt 0.30566928 0.62583899
vt 0.31039825 0.62446612
vt 0.30797258 0.62443179
vt 0.30552015 0.62438726
vt 0.30305865 0.62438273
vt 0.29910874 0.62446105
vt 0.29392049 0.62448794
vt 0.29851058 0.64689332
vt 0.29190689 0.62447494
vt 0.29548669 0.64685619
vt 0.29007274 0.62450945
vt 0.28840837 0.62439704
vt 0.29203278 0.64693213
vt 0.28965881 0.64702886
vt 0.28717393 0.64712542
vt 0.28488371 0.64722222
vt 0.28628424 0.64173537
vt 0.28651717 0.63962126
vt 0.28601521 0.64426655
vt 0.28523871 0.64626878
vt 0.95840925 0.91798878
vt 0.95978850 0.91886878
vt 0.96153748 0.91748017
vt 0.96405470 0.91830701
vt 0.96392733 0.91707766
vt 0.96502459 0.91687357
vt 0.96529919 0.91548306
vt 0.96411669 0.92010194
vt 0.96142918 0.91582263
vt 0.96379471 0.91563880
vt 0.95894945 0.91418350
vt 0.96129876 0.91406310
vt 0.96359760 0.91390443
vt 0.96511394 0.91381925
vt 0.96554083 0.91797680
vt 0.96567845 0.92012626
vt 0.95842636 0.92106795
vt 0.96403921 0.92103714
vt 0.95928395 0.92247403
vt 0.96551639 0.92134762
vt 0.96181339 0.92248541
vt 0.96406722 0.92244118
vt 0.96560597 0.92254812
vt 0.96190143 0.92424655
vt 0.96411884 0.92415863
vt 0.96571594 0.91631055
vt 0.96603256 0.91476816
vt 0.96678102 0.91848916
vt 0.96675277 0.92028803
vt 0.96806550 0.92059243
vt 0.96814668 0.91870034
vt 0.97013217 0.91876078
vt 0.97001177 0.92088282
vt 0.97265410 0.91876501
vt 0.97027832 0.91650510
vt 0.97315168 0.91469043
vt 0.97841775 0.91514033
vt 0.97569197 0.91882533
vt 0.97881460 0.91717994
vt 0.98039579 0.91707492
vt 0.97547305 0.92118460
vt 0.98035246 0.92128652
vt 0.97048020 0.91472554
vt 0.97004986 0.92301017
vt 0.98013335 0.92372453
vt 0.97537887 0.92566085
vt 0.97787076 0.92574275
vt 0.97307003 0.91339791
vt 0.97607982 0.91482651
vt 0.97585213 0.91359335
vt 0.97262788 0.92537940
vt 0.98201698 0.92136979
vt 0.98203480 0.91960710
vt 0.97978014 0.92548132
vt 0.97037393 0.92484295
vt 0.98175138 0.92328423
vt 0.96844423 0.91646749
vt 0.96877587 0.91483235
vt 0.97554934 0.92685187
vt 0.96828920 0.92243397
vt 0.98017132 0.91555303
vt 0.97072273 0.91336012
vt 0.97794908 0.91389060
vt 0.98189884 0.91768646
vt 0.98128474 0.91633940
vt 0.96882617 0.92432380
vt 0.97131348 0.91271991
vt 0.97303146 0.91265434
vt 0.97561538 0.91288310
vt 0.97709262 0.91311407
vt 0.98324215 0.92139167
vt 0.96932042 0.91383004
vt 0.98144567 0.92499185
vt 0.97948337 0.91466314
vt 0.96669215 0.91592807
vt 0.96723187 0.91449952
vt 0.31044421 0.16580260
vt 0.30791718 0.16366744
vt 0.30792019 0.16581476
vt 0.30775091 0.16758263
vt 0.30704662 0.16307223
vt 0.30558139 0.16585833
vt 0.30602944 0.16756284
vt 0.30455202 0.16752011
vt 0.31022021 0.16919631
vt 0.30596843 0.16326833
vt 0.30328012 0.16615552
vt 0.30322263 0.16737664
vt 0.30347753 0.16432452
vt 0.30365384 0.16283286
vt 0.30179286 0.16625136
vt 0.30101511 0.16713870
vt 0.30179378 0.16229379
vt 0.30106249 0.16430676
vt 0.30770385 0.16904300
vt 0.30017763 0.16624892
vt 0.29871729 0.16765881
vt 0.30042315 0.16192299
vt 0.30528173 0.16871023
vt 0.29860103 0.16620117
vt 0.29731280 0.16745412
vt 0.29884899 0.16436982
vt 0.30613217 0.16255981
vt 0.30429444 0.16158885
vt 0.29916483 0.16261590
vt 0.29942444 0.16157258
vt 0.29729888 0.16085875
vt 0.30129674 0.16924208
vt 0.30339465 0.16905391
vt 0.29704833 0.16306543
vt 0.29644737 0.16074079
vt 0.29548535 0.16018522
vt 0.29978508 0.16863722
vt 0.29746392 0.16457462
vt 0.30768636 0.17163008
vt 0.30530712 0.17177469
vt 0.30367124 0.17185462
vt 0.30267701 0.17189825
vt 0.29799938 0.16833460
vt 0.29625556 0.16838723
vt 0.29689670 0.17019457
vt 0.29894552 0.16971874
vt 0.29524603 0.16931456
vt 0.29383790 0.16843718
vt 0.29381493 0.16930073
vt 0.29248524 0.16840529
vt 0.29186052 0.16927010
vt 0.29552707 0.16685188
vt 0.29689413 0.16610467
vt 0.29388139 0.17080170
vt 0.29175720 0.17141455
vt 0.29224569 0.16733789
vt 0.29377460 0.16712189
vt 0.29367471 0.16575551
vt 0.29572427 0.17041695
vt 0.29484650 0.16591775
vt 0.29053724 0.17187476
vt 0.29190344 0.16548133
vt 0.29753634 0.17178452
vt 0.29135615 0.16751039
vt 0.29014838 0.17000639
vt 0.29672158 0.17251426
vt 0.29810226 0.17317158
vt 0.29404685 0.17280388
vt 0.29189432 0.17332286
vt 0.29072922 0.16574657
vt 0.28992325 0.16774362
vt 0.31017810 0.17398840
vt 0.29029584 0.16488528
vt 0.30770710 0.17403328
vt 0.29082993 0.16454202
vt 0.28966570 0.16367149
vt 0.29057851 0.17371839
vt 0.30542490 0.17411083
vt 0.30397761 0.17411530
vt 0.29685688 0.17434585
vt 0.29843313 0.17413479
vt 0.29892710 0.17229337
vt 0.30058217 0.17020875
vt 0.30131048 0.17199731
vt 0.28945926 0.16585356
vt 0.28739876 0.16604245
vt 0.28774282 0.16808867
vt 0.28899211 0.16425830
vt 0.29214349 0.17509562
vt 0.29426059 0.17474383
vt 0.28521022 0.16638315
vt 0.28964126 0.17076623
vt 0.29956752 0.17408001
vt 0.29719457 0.17677289
vt 0.28493223 0.16433460
vt 0.28697583 0.16418600
vt 0.29463336 0.17715937
vt 0.30340761 0.17405850
vt 0.29920128 0.17647803
vt 0.28317210 0.16458142
vt 0.28533801 0.16849357
vt 0.29505402 0.17962277
vt 0.29746261 0.17927498
vt 0.29257649 0.17740738
vt 0.28239611 0.16676390
vt 0.29070693 0.17537308
vt 0.28815812 0.17043549
vt 0.28549296 0.17064673
vt 0.28439292 0.16253364
vt 0.29311085 0.17985708
vt 0.30033243 0.17634821
vt 0.28117415 0.16617793
vt 0.29536605 0.18149304
vt 0.28359222 0.16334188
vt 0.28167135 0.16481280
vt 0.28005943 0.16664052
vt 0.28328022 0.17090285
vt 0.29350969 0.18179011
vt 0.29964653 0.17898566
vt 0.29763287 0.18113524
vt 0.28287277 0.16888452
vt 0.28029245 0.16767776
vt 0.28223693 0.16264552
vt 0.27976716 0.16504544
vt 0.28341487 0.16193539
vt 0.28291249 0.16053587
vt 0.28833830 0.17259181
vt 0.28972486 0.17219675
vt 0.29127297 0.17794025
vt 0.28805330 0.17455965
vt 0.28646356 0.17360395
vt 0.28568196 0.17288941
vt 0.28958389 0.17407078
vt 0.27800062 0.16692162
vt 0.30075321 0.17885816
vt 0.30187675 0.17404538
vt 0.29937971 0.18088949
vt 0.28960854 0.17564964
vt 0.27942654 0.16281998
vt 0.27701300 0.16318250
vt 0.27875873 0.16056418
vt 0.27667579 0.16157329
vt 0.49429688 0.43396050
vt 0.48851088 0.43437588
vt 0.49046817 0.43320429
vt 0.49416625 0.43132102
vt 0.48662120 0.43551797
vt 0.49709311 0.42990381
vt 0.49309209 0.42913175
vt 0.49942932 0.42895103
vt 0.49739301 0.42685294
vt 0.49106717 0.43035901
vt 0.49905816 0.43193793
vt 0.50111848 0.43083560
vt 0.50157428 0.42799020
vt 0.49966156 0.42586625
vt 0.49568954 0.42507422
vt 0.49775407 0.42391145
vt 0.49986857 0.42291301
vt 0.50180984 0.42497849
vt 0.49366683 0.42630380
vt 0.50398475 0.42400181
vt 0.50210756 0.42193770
vt 0.50444782 0.42087758
vt 0.50021327 0.42001331
vt 0.50227153 0.41884553
vt 0.50461155 0.41862440
vt 0.50538319 0.41950202
vt 0.49783900 0.42110646
vt 0.50225806 0.41774470
vt 0.49979818 0.41871607
vt 0.50463510 0.41764534
vt 0.49633488 0.42243558
vt 0.48914337 0.43153757
vt 0.50341594 0.42696416
vt 0.50498557 0.42261851
vt 0.49769074 0.42007625
vt 0.50276715 0.41588670
vt 0.50489223 0.41469431
vt 0.50673896 0.41670692
vt 0.50700092 0.41353655
vt 0.50654894 0.41984069
vt 0.50980181 0.41509974
vt 0.50810188 0.41293240
vt 0.50672567 0.41116500
vt 0.50581485 0.42118955
vt 0.49150246 0.42741454
vt 0.49460819 0.42380649
vt 0.49283078 0.42517209
vt 0.49649170 0.42092520
vt 0.48716700 0.43257958
vt 0.50277561 0.42967534
vt 0.50544649 0.41179067
vt 0.50432223 0.42554933
vt 0.49001354 0.42886186
vt 0.48834470 0.43035161
vt 0.50068635 0.41731936
vt 0.48561311 0.43411624
vt 0.50852394 0.41884077
vt 0.49561808 0.42163396
vt 0.48698413 0.43151343
vt 0.50520492 0.42426074
vt 0.49085534 0.42673105
vt 0.50323009 0.41306674
vt 0.51093298 0.41799581
vt 0.51168180 0.41740739
vt 0.50111157 0.41430843
vt 0.48945361 0.42795444
vt 0.49845964 0.41832978
vt 0.49393648 0.42295170
vt 0.48499346 0.43321443
vt 0.50608385 0.42287099
vt 0.49897504 0.41554165
vt 0.50446063 0.42715454
vt 0.50393629 0.41009736
vt 0.50513899 0.40915239
vt 0.48778138 0.42940521
vt 0.48328134 0.43459654
vt 0.49655828 0.41975963
vt 0.51002204 0.42055309
vt 0.51136780 0.41937214
vt 0.51242304 0.41842043
vt 0.50848049 0.42193592
vt 0.49218976 0.42425370
vt 0.49969274 0.41284019
vt 0.48611262 0.43095946
vt 0.49772316 0.41425681
vt 0.49665606 0.41657102
vt 0.49513051 0.41797161
vt 0.50309575 0.40916014
vt 0.50078881 0.41057855
vt 0.49469078 0.42058492
vt 0.50553840 0.42580020
vt 0.49044153 0.42583716
vt 0.50891805 0.42337233
vt 0.51010889 0.42240006
vt 0.50757611 0.42492199
vt 0.50428897 0.40838659
vt 0.50373173 0.40732646
vt 0.48406899 0.43185514
vt 0.50209200 0.40817088
vt 0.49636042 0.41530120
vt 0.48197883 0.43269575
vt 0.49348921 0.41922820
vt 0.51102090 0.42164361
vt 0.48860931 0.42667449
vt 0.49250004 0.42144561
vt 0.51391661 0.41936618
vt 0.51292723 0.42002511
vt 0.48663688 0.42750502
vt 0.50074059 0.40685731
vt 0.50244874 0.40586424
vt 0.49861297 0.40822136
vt 0.49968898 0.40940911
vt 0.48493400 0.42911577
vt 0.49739802 0.41041142
vt 0.49872044 0.41184801
vt 0.48311454 0.43047178
vt 0.49103442 0.42272890
vt 0.48936459 0.42400634
vt 0.49220124 0.42017674
vt 0.50780630 0.42635703
vt 0.50688797 0.42716241
vt 0.49725968 0.40917504
vt 0.48766437 0.42529726
vt 0.49518138 0.41613865
vt 0.49612051 0.41004574
vt 0.49597347 0.41178322
vt 0.48191294 0.43131208
vt 0.50391167 0.40645617
vt 0.65309691 0.80092019
vt 0.64234918 0.79528999
vt 0.64700490 0.79253417
vt 0.63814551 0.78022331
vt 0.63366824 0.78636271
vt 0.63435835 0.79792970
vt 0.63095772 0.80671000
vt 0.62388855 0.79929936
vt 0.61952996 0.80125296
vt 0.61964017 0.79326683
vt 0.62573093 0.79375875
vt 0.62273598 0.78613764
vt 0.61968017 0.78384137
vt 0.62240833 0.77398461
vt 0.61968112 0.77252829
vt 0.61955833 0.75628841
vt 0.62390870 0.76274645
vt 0.62486589 0.75429082
vt 0.62081498 0.74645859
vt 0.62704962 0.74645275
vt 0.62581569 0.74197841
vt 0.63910794 0.74277449
vt 0.63287479 0.73625159
vt 0.62507313 0.73656458
vt 0.62411302 0.73021775
vt 0.62914294 0.72784799
vt 0.62192202 0.72375602
vt 0.62073040 0.73076677
vt 0.61698532 0.73130435
vt 0.61741906 0.72447985
vt 0.61444068 0.72768348
vt 0.61447209 0.72326511
vt 0.61440355 0.71529746
vt 0.61686528 0.71028483
vt 0.61436951 0.70042545
vt 0.61451703 0.73295718
vt 0.61663365 0.74219155
vt 0.62015915 0.73608226
vt 0.62080187 0.74135393
vt 0.61700416 0.75009507
vt 0.61429816 0.74712157
vt 0.61442333 0.74179733
vt 0.61204302 0.74428904
vt 0.61204332 0.73976010
vt 0.61205363 0.73164386
vt 0.61206633 0.72757232
vt 0.61208493 0.72377932
vt 0.61212361 0.71718395
vt 0.61214685 0.70852923
vt 0.61225766 0.70003939
vt 0.61233568 0.69730461
vt 0.61246246 0.69413632
vt 0.61202800 0.74883926
vt 0.61440730 0.75943106
vt 0.61202329 0.76701075
vt 0.61443806 0.77126384
vt 0.61199445 0.78446573
vt 0.61443484 0.78337735
vt 0.61711371 0.77474499
vt 0.61702061 0.76226979
vt 0.61709595 0.78387117
vt 0.61699986 0.79595631
vt 0.61449504 0.79575467
vt 0.61445242 0.80400813
vt 0.61201620 0.79805291
vt 0.61202079 0.79253775
vt 0.61203527 0.80155104
vt 0.63963521 0.72963595
vt 0.63747716 0.72498339
vt 0.64164978 0.73528337
vt 0.62965697 0.75107157
vt 0.64039224 0.74821484
vt 0.63809264 0.75479442
vt 0.64565176 0.75799954
vt 0.63504481 0.76564717
vt 0.64616030 0.76761830
vt 0.65471375 0.77263576
vt 0.65289938 0.74972910
vt 0.64969295 0.77734983
vt 0.65645438 0.78784525
vt 0.66273504 0.78886962
vt 0.66191292 0.77611160
vt 0.65869331 0.76350427
vt 0.66027415 0.75087380
vt 0.66357028 0.76396084
vt 0.66803229 0.77539486
vt 0.66820908 0.78861725
vt 0.66052139 0.79666770
vt 0.67419046 0.79410851
vt 0.64943236 0.78476787
vt 0.64154166 0.77334189
vt 0.62650907 0.77842546
vt 0.68178076 0.78761393
vt 0.66671258 0.75793254
vt 0.67513889 0.76910740
vt 0.67358685 0.78177476
vt 0.68048078 0.77597225
vt 0.68955177 0.78611773
vt 0.68870449 0.77588314
vt 0.69440621 0.77148134
vt 0.67651504 0.75477386
vt 0.68638444 0.76744777
vt 0.68282151 0.75528562
vt 0.69051212 0.76149738
vt 0.69414735 0.74585384
vt 0.68997133 0.74945021
vt 0.68329251 0.74431342
vt 0.67123765 0.74740422
vt 0.67179704 0.75690359
vt 0.64654368 0.73436308
vt 0.64422059 0.72550875
vt 0.63033491 0.72243655
vt 0.62062508 0.71616405
vt 0.61680216 0.69844216
vt 0.61448044 0.69421321
vt 0.62289602 0.68799853
vt 0.62604612 0.69327003
vt 0.62774277 0.68858927
vt 0.62043941 0.69115925
vt 0.61923277 0.69428182
vt 0.62303019 0.69638443
vt 0.63419318 0.69843036
vt 0.63275480 0.69082749
vt 0.61933661 0.70477390
vt 0.62308478 0.70554310
vt 0.62563145 0.71756703
vt 0.62799358 0.71012729
vt 0.63181865 0.71807885
vt 0.63471133 0.71392405
vt 0.64208668 0.72037256
vt 0.63027418 0.70396805
vt 0.63990450 0.70921111
vt 0.64217877 0.70294613
vt 0.64895964 0.71120107
vt 0.64707273 0.69646293
vt 0.64148515 0.69022924
vt 0.63761294 0.68371719
vt 0.62750375 0.67891705
vt 0.64011323 0.67748529
vt 0.64826322 0.68301708
vt 0.65166575 0.69667017
vt 0.65238065 0.72391194
vt 0.64827043 0.72889411
vt 0.65277243 0.73536646
vt 0.65266359 0.74241263
vt 0.65984458 0.73416144
vt 0.65899742 0.74394155
vt 0.66501367 0.73714030
vt 0.66500902 0.74637300
vt 0.67151093 0.74102932
vt 0.67781800 0.74240106
vt 0.68546015 0.73861831
vt 0.66788036 0.72369325
vt 0.67037147 0.73304451
vt 0.67724359 0.72975576
vt 0.66230971 0.71476835
vt 0.66175711 0.72485644
vt 0.65748286 0.70022273
vt 0.65577310 0.71541208
vt 0.65516984 0.69077849
vt 0.64991343 0.67806548
vt 0.65568805 0.67780137
vt 0.64752167 0.67358148
vt 0.64044476 0.67297536
vt 0.63072711 0.67543775
vt 0.63687348 0.67131788
vt 0.63212925 0.66759366
vt 0.62911546 0.67171705
vt 0.62901235 0.66343343
vt 0.63384289 0.66396928
vt 0.63906205 0.66622502
vt 0.64654142 0.66925097
vt 0.64946985 0.66558647
vt 0.65330422 0.67035574
vt 0.65334785 0.67411882
vt 0.65677333 0.67359662
vt 0.66028368 0.67783558
vt 0.66138971 0.67362028
vt 0.66493577 0.67786860
vt 0.66036516 0.68718392
vt 0.66324973 0.69270074
vt 0.67050970 0.70355487
vt 0.67230159 0.69088125
vt 0.67892551 0.69401026
vt 0.68066835 0.70204169
vt 0.66355675 0.70566732
vt 0.67370951 0.71440685
vt 0.67587483 0.72227067
vt 0.68546015 0.72251505
vt 0.68328035 0.71049380
vt 0.68909693 0.71342111
vt 0.68716037 0.70362663
vt 0.68653500 0.68882847
vt 0.68935388 0.69663870
vt 0.68379533 0.67869365
vt 0.69023305 0.67837775
vt 0.69283313 0.67376912
vt 0.67466664 0.67579770
vt 0.67592579 0.68079293
vt 0.67593890 0.67260736
vt 0.66662174 0.67365104
vt 0.67134345 0.67045265
vt 0.65934587 0.67038417
vt 0.65556490 0.66559112
vt 0.66221493 0.66561800
vt 0.64843172 0.66194677
vt 0.65518427 0.66038966
vt 0.66164780 0.65912551
vt 0.65901351 0.65427494
vt 0.66232306 0.65462518
vt 0.66886067 0.65894067
vt 0.66896600 0.65474433
vt 0.66485798 0.64926720
vt 0.66595477 0.65114009
vt 0.66977334 0.64944947
vt 0.67549604 0.65549457
vt 0.67213893 0.65215009
vt 0.68125230 0.65362024
vt 0.68074626 0.65600157
vt 0.69354147 0.65475768
vt 0.66251159 0.66199076
vt 0.67192996 0.66206747
vt 0.67255270 0.66698039
vt 0.68008208 0.66213191
vt 0.68452942 0.66836423
vt 0.68316764 0.65982848
vt 0.68479502 0.67369497
vt 0.69225770 0.66881126
vt 0.70167291 0.67168069
vt 0.69734222 0.67834014
vt 0.69638306 0.69145066
vt 0.69711852 0.70839876
vt 0.69608289 0.72045422
vt 0.69441235 0.73230213
vt 0.70429420 0.65904087
vt 0.70338410 0.66272950
vt 0.69281888 0.65879542
vt 0.69263357 0.66274786
vt 0.69142240 0.65348858
vt 0.68786865 0.65146798
vt 0.67635334 0.64719021
vt 0.68066430 0.64994448
vt 0.68004471 0.64706773
vt 0.68385744 0.64936703
vt 0.68447387 0.64510047
vt 0.68733567 0.64921063
vt 0.69420505 0.64955574
vt 0.69914144 0.65037262
vt 0.69745713 0.64717454
vt 0.70266443 0.65158927
vt 0.69247305 0.64699852
vt 0.68707842 0.64719933
vt 0.68890780 0.64518714
vt 0.67680329 0.65172666
vt 0.67508471 0.64916646
vt 0.65818858 0.64920735
vt 0.66063672 0.64708668
vt 0.65628362 0.64702404
vt 0.65385175 0.64905417
vt 0.65406621 0.65089536
vt 0.65155017 0.64906430
vt 0.65272212 0.65210342
vt 0.64993072 0.65397751
vt 0.64930916 0.64913249
vt 0.63912159 0.66062951
vt 0.64116549 0.65562767
vt 0.63565105 0.65705121
vt 0.63761449 0.65533650
vt 0.64052123 0.65310019
vt 0.64477199 0.65526462
vt 0.63498074 0.66053748
vt 0.63054770 0.66008836
vt 0.63321370 0.65756226
vt 0.64829648 0.65875125
vt 0.64519453 0.65335721
vt 0.64702469 0.65110999
vt 0.64463782 0.65121156
vt 0.64263827 0.65148252
vt 0.68558794 0.73246384
vt 0.61915129 0.68790925
vt 0.62109828 0.68262440
vt 0.61680782 0.68406415
vt 0.61675143 0.68037409
vt 0.61688423 0.67834121
vt 0.62077367 0.67737186
vt 0.61907381 0.67609835
vt 0.61921704 0.67411011
vt 0.62145495 0.67197531
vt 0.62495732 0.67409879
vt 0.62373549 0.66782397
vt 0.62550396 0.66708088
vt 0.62836808 0.66557503
vt 0.62153989 0.67005432
vt 0.62760431 0.68358064
vt 0.61447096 0.68673003
vt 0.61443305 0.69086015
vt 0.62633008 0.66375989
vt 0.62403184 0.66600060
vt 0.67319924 0.64746743
vt 0.61455321 0.68473405
vt 0.61477959 0.68278402
vt 0.68066263 0.64510643
vt 0.63551205 0.65559936
vt 0.66312289 0.64738971
vt 0.66644555 0.64778686
vt 0.67050731 0.64770108
vt 0.67407119 0.64608568
vt 0.67090285 0.64691681
vt 0.67806083 0.64516330
vt 0.67605567 0.64552498
vt 0.61959654 0.67231232
vt 0.61725307 0.67644739
vt 0.65400386 0.64704776
vt 0.69233698 0.64528173
vt 0.66057980 0.64564681
vt 0.64715207 0.64932257
vt 0.65849060 0.64559370
vt 0.63805783 0.65374821
vt 0.69798523 0.64518458
vt 0.62198883 0.66830480
vt 0.61266792 0.69115251
vt 0.61507964 0.68086761
vt 0.61281699 0.68912226
vt 0.66268462 0.64621568
vt 0.66786373 0.64718246
vt 0.66538835 0.64699775
vt 0.65621066 0.64559776
vt 0.65182686 0.64717197
vt 0.65407735 0.64571661
vt 0.64977622 0.64744192
vt 0.68202031 0.64367002
vt 0.68002093 0.64372116
vt 0.61057013 0.77278203
vt 0.61054355 0.78327870
vt 0.67658734 0.64423156
vt 0.67821890 0.64395690
vt 0.68719333 0.64401329
vt 0.64513946 0.64964825
vt 0.61055636 0.79498804
vt 0.61059326 0.76283473
vt 0.61062920 0.74400949
vt 0.61061180 0.74889112
vt 0.64079642 0.65192342
vt 0.61297387 0.68715137
vt 0.69605142 0.64437801
vt 0.69359565 0.64440316
vt 0.69113231 0.64432400
vt 0.61058056 0.79947394
vt 0.63160652 0.65809274
vt 0.62929457 0.66023618
vt 0.61773467 0.67467034
vt 0.61061043 0.73573494
vt 0.61054486 0.80463910
vt 0.61059028 0.73155230
vt 0.62007600 0.67065835
vt 0.62686872 0.66233164
vt 0.63378578 0.65607250
vt 0.61057562 0.72744745
vt 0.61057025 0.72276926
vt 0.65206164 0.64597666
vt 0.61064303 0.70933658
vt 0.61070818 0.70448798
vt 0.62454343 0.66433990
vt 0.61304975 0.68514669
vt 0.61529559 0.67882699
vt 0.61074996 0.70161784
vt 0.63614833 0.65420389
vt 0.64791739 0.64769232
vt 0.61079192 0.69953114
vt 0.65963304 0.64486432
vt 0.61350095 0.68332058
vt 0.61072522 0.69771081
vt 0.61102825 0.69536239
vt 0.61131144 0.69263220
vt 0.62251431 0.66659236
vt 0.64338988 0.64995027
vt 0.64138252 0.65086800
vt 0.65014189 0.64643764
vt 0.66173345 0.64550382
vt 0.66058630 0.64498097
vt 0.61179155 0.68942213
vt 0.64901114 0.64676976
vt 0.65829098 0.64464301
vt 0.65800297 0.64374405
vt 0.61595058 0.67701286
vt 0.63892782 0.65239400
vt 0.63720047 0.65325046
vt 0.65680039 0.64343834
vt 0.87383658 0.62573171
vt 0.87351453 0.62744397
vt 0.87591445 0.63021940
vt 0.87585026 0.62921721
vt 0.87411606 0.63031328
vt 0.87334573 0.62944442
vt 0.87490398 0.63073850
vt 0.87310600 0.63102239
vt 0.87226719 0.62720305
vt 0.87175101 0.62909412
vt 0.87227261 0.63117284
vt 0.87511873 0.63097024
vt 0.06566565 0.39528012
vt 0.06641080 0.39720398
vt 0.06872781 0.39651793
vt 0.06812666 0.39456236
vt 0.06492718 0.39333189
vt 0.06751610 0.39259654
vt 0.06421830 0.39129579
vt 0.06685842 0.39054525
vt 0.06369350 0.38929993
vt 0.06557643 0.38666826
vt 0.06880882 0.38789308
vt 0.06824532 0.38597149
vt 0.06497943 0.38472247
vt 0.06754262 0.38401568
vt 0.06450044 0.38278604
vt 0.06605567 0.38012952
vt 0.06922442 0.38139510
vt 0.06863084 0.37940162
vt 0.06540219 0.37811619
vt 0.06800864 0.37738740
vt 0.06489213 0.37615967
vt 0.06741390 0.37540984
vt 0.06692485 0.37345922
vt 0.06927780 0.38989234
vt 0.06452169 0.37424576
vt 0.06651908 0.37161684
vt 0.06916458 0.37085849
vt 0.06866705 0.36946011
vt 0.06606288 0.37007332
vt 0.06542636 0.36834073
vt 0.06798647 0.36789596
vt 0.06469357 0.36614776
vt 0.06366590 0.39589024
vt 0.06425768 0.39783800
vt 0.06716621 0.39915192
vt 0.06488094 0.39979064
vt 0.06790981 0.40109181
vt 0.06558171 0.40173137
vt 0.06857347 0.40299129
vt 0.06629173 0.40362871
vt 0.06696367 0.40551281
vt 0.06467698 0.40618873
vt 0.06520013 0.40817237
vt 0.06762594 0.40747654
vt 0.06576227 0.41013145
vt 0.06897330 0.41139406
vt 0.06646477 0.41205263
vt 0.06731053 0.41403222
vt 0.06418116 0.41277421
vt 0.06471162 0.41477686
vt 0.06815436 0.41602802
vt 0.06540723 0.41679525
vt 0.06886963 0.41797280
vt 0.06617213 0.41872829
vt 0.06946234 0.41989976
vt 0.06694464 0.42064738
vt 0.06769414 0.42254889
vt 0.06963343 0.41340590
vt 0.06416022 0.42150724
vt 0.06482144 0.42345834
vt 0.06840458 0.42447460
vt 0.06556170 0.42536879
vt 0.06905574 0.42643499
vt 0.06634637 0.42727375
vt 0.06963288 0.42839402
vt 0.06712734 0.42917639
vt 0.06793618 0.43109095
vt 0.06486146 0.42989910
vt 0.06551013 0.43180871
vt 0.06874491 0.43302292
vt 0.06625649 0.43372452
vt 0.06946645 0.43498480
vt 0.06781009 0.43760306
vt 0.06428264 0.42797375
vt 0.06701487 0.36570179
vt 0.06604089 0.36346054
vt 0.07007387 0.43695980
vt 0.06848648 0.43952441
vt 0.06597253 0.44026995
vt 0.06659900 0.44221485
vt 0.06911145 0.44146609
vt 0.06726528 0.44427943
vt 0.07040460 0.44540089
vt 0.06524266 0.44485301
vt 0.06534250 0.43833959
vt 0.06473836 0.43636531
vt 0.06883331 0.44801605
vt 0.06578385 0.44678587
vt 0.06640494 0.44873464
vt 0.06963491 0.44995630
vt 0.06712039 0.45067799
vt 0.07035295 0.45187491
vt 0.06788240 0.45257306
vt 0.07097921 0.45379543
vt 0.06865153 0.45447636
vt 0.06939629 0.45635730
vt 0.06609360 0.45524824
vt 0.06673395 0.45716441
vt 0.07012766 0.45826960
vt 0.06750239 0.45906699
vt 0.07083702 0.46019697
vt 0.06834542 0.46095401
vt 0.07147906 0.46209157
vt 0.06556728 0.45328569
vt 0.06362894 0.41951215
vt 0.06565542 0.45968175
vt 0.06623829 0.46161407
vt 0.06916491 0.46279562
vt 0.06682400 0.46350002
vt 0.06993825 0.46463740
vt 0.06741210 0.46535826
vt 0.06785185 0.46734607
vt 0.07066566 0.46649981
vt 0.07132774 0.46839416
vt 0.06407352 0.38081324
vt 0.07020502 0.47037512
vt 0.06693429 0.46837407
vt 0.06757113 0.46943265
vt 0.06944819 0.47118807
vt 0.07148179 0.47145891
vt 0.06736354 0.47166085
vt 0.07196145 0.47249305
vt 0.06791771 0.47363877
vt 0.07099713 0.47487402
vt 0.06855965 0.47560763
vt 0.06687855 0.46969742
vt 0.06932820 0.47756618
vt 0.06309777 0.39390707
vt 0.06376522 0.41082907
vt 0.06331266 0.38737619
vt 0.06635882 0.46781141
vt 0.07165603 0.47687221
vt 0.06371223 0.42604566
vt 0.06413561 0.40425682
vt 0.06999107 0.42183423
vt 0.06359228 0.40230083
vt 0.07184927 0.47052562
vt 0.06933766 0.39849538
vt 0.07006632 0.37480104
vt 0.06965600 0.37277269
vt 0.06668547 0.47587913
vt 0.06751062 0.47807610
vt 0.07009812 0.47953081
vt 0.06819911 0.48003376
vt 0.07077885 0.48156327
vt 0.06508087 0.45132750
vt 0.06467865 0.44284594
vt 0.06401052 0.36394638
vt 0.06890573 0.48205006
vt 0.07271802 0.47439748
vt 0.06416177 0.37234604
vt 0.06335586 0.36202502
vt 0.07020362 0.43038785
vt 0.06917884 0.40490377
vt 0.07153799 0.45570481
vt 0.06979988 0.40687662
vt 0.06938384 0.36497927
vt 0.06847395 0.36291826
vt 0.06519262 0.36137080
vt 0.06755613 0.36076784
vt 0.06450573 0.35930407
vt 0.06672932 0.35865939
vt 0.06383418 0.35724378
vt 0.06323472 0.35894525
vt 0.06598721 0.35665500
vt 0.06532890 0.35462177
vt 0.06476787 0.35254616
vt 0.06794716 0.35386038
vt 0.06655050 0.34986317
vt 0.06416706 0.35051608
vt 0.06361698 0.35172904
vt 0.06588639 0.34784359
vt 0.06398721 0.34836555
vt 0.06523950 0.34580827
vt 0.06788149 0.34516251
vt 0.06462025 0.34376740
vt 0.06719149 0.34313059
vt 0.06403375 0.34172571
vt 0.06579001 0.33912212
vt 0.06866358 0.35595530
vt 0.06863451 0.34062171
vt 0.06807442 0.33857888
vt 0.06510979 0.33709103
vt 0.06753032 0.33652008
vt 0.06448171 0.33508986
vt 0.06721926 0.33456141
vt 0.06372411 0.33295441
vt 0.06851053 0.33484900
vt 0.06597436 0.33218867
vt 0.06777263 0.33206940
vt 0.06734145 0.32994115
vt 0.06468064 0.32844371
vt 0.06733828 0.32764071
vt 0.06404272 0.32649022
vt 0.06591011 0.32422197
vt 0.06396829 0.32435000
vt 0.06521691 0.32175273
vt 0.06360003 0.33095986
vt 0.06341644 0.32884097
vt 0.06374307 0.32217544
vt 0.06450289 0.31959265
vt 0.06751283 0.32114744
vt 0.06732483 0.31904280
vt 0.06443212 0.31733894
vt 0.06785613 0.32329392
vt 0.06846223 0.32606363
vt 0.06623375 0.31686819
vt 0.06552438 0.31478727
vt 0.06855043 0.34718162
vt 0.06413873 0.31514561
vt 0.06493097 0.31273854
vt 0.06700053 0.31226611
vt 0.06437351 0.31065524
vt 0.06690740 0.30999374
vt 0.06599739 0.30807328
vt 0.06378051 0.30869210
vt 0.06534397 0.30603337
vt 0.06789664 0.30794537
vt 0.06793708 0.30523890
vt 0.06476035 0.30395812
vt 0.06730192 0.30336761
vt 0.06421646 0.30184162
vt 0.06587632 0.29929298
vt 0.06937006 0.34350199
vt 0.06816044 0.31718057
vt 0.06883508 0.32000911
vt 0.06951804 0.35801345
vt 0.06877614 0.32958329
vt 0.06916868 0.33833617
vt 0.06937984 0.35011768
vt 0.06357915 0.30643868
vt 0.06864043 0.31141233
vt 0.06361934 0.34624636
vt 0.06917806 0.30401045
vt 0.06341553 0.33976150
vt 0.06331670 0.33756196
vt 0.06371249 0.29972816
vt 0.06530930 0.29706931
vt 0.06841184 0.29852116
vt 0.06773816 0.29644144
vt 0.06709640 0.29427528
vt 0.06473713 0.29491735
vt 0.06415299 0.29279494
vt 0.06648879 0.29212749
vt 0.06354838 0.31971586
vt 0.06947859 0.29370546
vt 0.06927643 0.30060375
vt 0.06971494 0.35346287
vt 0.07013810 0.35557240
vt 0.07009751 0.34788525
vt 0.06906796 0.31399047
vt 0.06906311 0.30641717
vt 0.06967396 0.36024666
vt 0.06994628 0.36258423
vt 0.06975272 0.36756098
vt 0.07207060 0.46399343
vt 0.07106386 0.44736314
vt 0.06904984 0.33173877
vt 0.06979985 0.38340747
vt 0.07023208 0.41540444
vt 0.07062319 0.43890810
vt 0.06920347 0.32294917
vt 0.07229128 0.47884417
vt 0.07292244 0.48086846
vt 0.06327076 0.34415269
vt 0.07039968 0.35705358
vt 0.07060168 0.38551497
vt 0.06971856 0.39217925
vt 0.07049732 0.42380846
vt 0.06939016 0.30943966
vt 0.07057704 0.37694573
vt 0.06946552 0.31612253
vt 0.06966066 0.31848943
vt 0.07025658 0.29793572
vt 0.07020821 0.36892527
vt 0.07040237 0.40886015
vt 0.06958057 0.48414856
vt 0.07137708 0.48366719
vt 0.06383693 0.31300968
vt 0.06310870 0.33546746
vt 0.06317945 0.41751409
vt 0.06350096 0.31086254
vt 0.06325339 0.30431390
vt 0.06291421 0.33283520
vt 0.06508296 0.45773327
vt 0.06420502 0.43437731
vt 0.06361349 0.37877977
vt 0.06653184 0.47196579
vt 0.07007419 0.36379600
vt 0.06958101 0.34041238
vt 0.07044092 0.30043042
vt 0.07337405 0.47632295
vt 0.07031963 0.35098422
vt 0.07011972 0.48579264
vt 0.07185964 0.48561299
vt 0.06323069 0.32659775
vt 0.06575469 0.46587676
vt 0.07208421 0.45763934
vt 0.07018843 0.29101050
vt 0.06319049 0.29537874
vt 0.06298029 0.29318404
vt 0.06320556 0.29785281
vt 0.07056678 0.37039149
vt 0.07127422 0.36847818
vt 0.07145934 0.36933059
vt 0.07276337 0.36846924
vt 0.07265097 0.46590269
vt 0.07079464 0.43238783
vt 0.06952129 0.32501781
vt 0.06971170 0.32704651
vt 0.07169103 0.44932520
vt 0.06992880 0.40046483
vt 0.07093254 0.38092339
vt 0.07179210 0.44281602
vt 0.07059161 0.35853630
vt 0.06929894 0.33403569
vt 0.07035869 0.31151247
vt 0.07091375 0.37247252
vt 0.07048894 0.32040060
vt 0.07077043 0.41736138
vt 0.07000617 0.33589864
vt 0.07111922 0.37445545
vt 0.07269652 0.36798632
vt 0.07060405 0.32911146
vt 0.07097301 0.42579663
vt 0.07404209 0.47825462
vt 0.06310803 0.42403853
vt 0.06283005 0.38541603
vt 0.06329695 0.40881097
vt 0.06317859 0.34860635
vt 0.07119265 0.38302076
vt 0.07103173 0.31353587
vt 0.07085406 0.39580911
vt 0.07271411 0.47226048
vt 0.07045920 0.30462682
vt 0.07043202 0.30259413
vt 0.07150662 0.30677831
vt 0.07127964 0.29508233
vt 0.06280228 0.34082818
vt 0.06407889 0.44085896
vt 0.06341311 0.31762707
vt 0.06454778 0.44933200
vt 0.06292076 0.30216646
vt 0.06700114 0.48391986
vt 0.07090743 0.38942993
vt 0.07359775 0.48292696
vt 0.07114689 0.41079599
vt 0.07116983 0.32243645
vt 0.07124817 0.33115840
vt 0.07427676 0.48487365
vt 0.06819316 0.48670989
vt 0.06319798 0.30885720
vt 0.06609175 0.48054421
vt 0.07183020 0.32442927
vt 0.07073614 0.35318506
vt 0.07058768 0.33796060
vt 0.07263298 0.45958048
vt 0.07002514 0.34248310
vt 0.07138830 0.38459384
vt 0.07229405 0.45126230
vt 0.07170045 0.31559652
vt 0.07320562 0.46782637
vt 0.07377358 0.46977341
vt 0.07100514 0.40387487
vt 0.07077336 0.35997069
vt 0.07096250 0.39798361
vt 0.07475311 0.48022884
vt 0.07552414 0.48223567
vt 0.07046959 0.34454775
vt 0.07137357 0.41288781
vt 0.06616517 0.47844779
vt 0.07118806 0.39151227
vt 0.07173977 0.41492039
vt 0.07163060 0.29774141
vt 0.07126198 0.37602150
vt 0.07221249 0.30881554
vt 0.07186016 0.29090893
vt 0.07025547 0.48701072
vt 0.07129353 0.48643982
vt 0.07473698 0.48680151
vt 0.07078264 0.48792905
vt 0.07242710 0.48756832
vt 0.06875104 0.48837423
vt 0.06269967 0.41564786
vt 0.06365019 0.36860168
vt 0.06363034 0.37062019
vt 0.06289762 0.38312227
vt 0.06240498 0.39174080
vt 0.06228730 0.38982427
vt 0.06336497 0.36638498
vt 0.06610331 0.47675908
vt 0.06370793 0.43240070
vt 0.06311351 0.37702155
vt 0.06453517 0.45577133
vt 0.06765878 0.48803639
vt 0.07253881 0.32643658
vt 0.07260077 0.29301763
vt 0.07037565 0.36548698
vt 0.07173173 0.42119205
vt 0.07125209 0.40647328
vt 0.07269163 0.44477171
vt 0.07296320 0.44677150
vt 0.07189871 0.33318329
vt 0.07162940 0.43450481
vt 0.07186181 0.43644631
vt 0.07124682 0.40004206
vt 0.07326224 0.31097537
vt 0.07332426 0.28616756
vt 0.07165795 0.38654578
vt 0.07150947 0.39364910
vt 0.07241246 0.31769013
vt 0.07169952 0.29999495
vt 0.07628667 0.48411942
vt 0.07120123 0.34001291
vt 0.07215806 0.41745782
vt 0.07166132 0.42778969
vt 0.07178413 0.42985237
vt 0.07340369 0.44877440
vt 0.07292461 0.33523357
vt 0.07188310 0.34204757
vt 0.07122298 0.35527885
vt 0.07320998 0.46147835
vt 0.07336411 0.31970632
vt 0.07228071 0.43844467
vt 0.07161453 0.40853846
vt 0.07343593 0.32831240
vt 0.07150725 0.40162802
vt 0.07107615 0.36228788
vt 0.07265265 0.30202639
vt 0.07318556 0.45329249
vt 0.07207818 0.39702260
vt 0.07207930 0.43198359
vt 0.07192766 0.42337167
vt 0.07380699 0.45077622
vt 0.07349541 0.47413993
vt 0.07375225 0.30406535
vt 0.07142446 0.37777567
vt 0.07272527 0.44043505
vt 0.07426018 0.28807724
vt 0.07091610 0.34661722
vt 0.07119405 0.34862626
vt 0.07430936 0.27483201
vt 0.07394495 0.27272367
vt 0.07270066 0.42041528
vt 0.07191102 0.40359986
vt 0.07427859 0.45331186
vt 0.07335361 0.45513225
vt 0.07370321 0.45712125
vt 0.07305475 0.33737862
vt 0.07398408 0.48774147
vt 0.07582339 0.48781174
vt 0.07344694 0.31297791
vt 0.07474021 0.27659303
vt 0.07386053 0.30619240
vt 0.07215259 0.38908798
vt 0.07186881 0.40988672
vt 0.07438954 0.29040408
vt 0.07351629 0.32189924
vt 0.07250103 0.43432307
vt 0.07301036 0.43613756
vt 0.07293569 0.34404790
vt 0.07387054 0.46315593
vt 0.07407913 0.46543360
vt 0.07151095 0.35750735
vt 0.07317884 0.44243520
vt 0.07364020 0.44441080
vt 0.07222938 0.42540777
vt 0.07356666 0.33060181
vt 0.07375125 0.27962863
vt 0.07419390 0.28167319
vt 0.07343931 0.33951652
vt 0.07332803 0.29515266
vt 0.07469614 0.47718406
vt 0.07445443 0.47170842
vt 0.07405264 0.45910543
vt 0.07455109 0.46741545
vt 0.07212827 0.35068631
vt 0.07381019 0.31512272
vt 0.07388753 0.32397294
vt 0.07153998 0.36450624
vt 0.07237837 0.41223884
vt 0.07694395 0.48583508
vt 0.07318815 0.35273731
vt 0.07339870 0.35480893
vt 0.07393762 0.33270562
vt 0.07462977 0.45474815
vt 0.07478453 0.29257667
vt 0.07415356 0.30833387
vt 0.07441115 0.46106529
vt 0.07460944 0.46204835
vt 0.07244383 0.42689550
vt 0.07292049 0.42941082
vt 0.07260077 0.39114434
vt 0.07387733 0.34161747
vt 0.07439116 0.29936218
vt 0.07476520 0.30153501
vt 0.07326578 0.42300099
vt 0.07251707 0.40613824
vt 0.07463754 0.28374791
vt 0.07246102 0.35957181
vt 0.07270373 0.36691165
vt 0.07427359 0.29717326
vt 0.07309363 0.34615982
vt 0.07265803 0.39967537
vt 0.07510880 0.46936363
vt 0.07440305 0.32672417
vt 0.07089856 0.36733019
vt 0.07113985 0.36843121
vt 0.07223144 0.36807764
vt 0.07416391 0.36652231
vt 0.07573976 0.47986180
vt 0.07219844 0.38216579
vt 0.07422397 0.33423042
vt 0.07357147 0.43811494
vt 0.07419975 0.31730545
vt 0.07417490 0.44642079
vt 0.07351006 0.34826028
vt 0.07519050 0.29477209
vt 0.07442228 0.31006652
vt 0.07421086 0.34307647
vt 0.07354273 0.36163956
vt 0.07380471 0.36420274
vt 0.07503557 0.30305630
vt 0.07511487 0.27786791
vt 0.07510955 0.28586829
vt 0.07576070 0.47130334
vt 0.07396921 0.35034919
vt 0.07300439 0.41457921
vt 0.07384152 0.35694510
vt 0.07542340 0.47348571
vt 0.07584347 0.47548926
vt 0.07519320 0.48861623
vt 0.07295597 0.48928440
vt 0.07132121 0.48969334
vt 0.07671407 0.48874599
vt 0.07427436 0.36767256
vt 0.07117017 0.37100577
vt 0.07657392 0.48183310
vt 0.06643635 0.46946758
vt 0.06281435 0.40018874
vt 0.06305984 0.32462204
vt 0.07456877 0.33568907
vt 0.07446647 0.31871873
vt 0.07545506 0.29621053
vt 0.07374930 0.42502546
vt 0.07433262 0.35916412
vt 0.07620247 0.47253096
vt 0.07415074 0.44008559
vt 0.07470704 0.31150538
vt 0.07322105 0.40189469
vt 0.07307918 0.40818697
vt 0.07538058 0.28706598
vt 0.07339634 0.39328229
vt 0.07308294 0.39526159
vt 0.07517385 0.45670837
vt 0.07645886 0.47740364
vt 0.07711551 0.47934973
vt 0.07398385 0.43180108
vt 0.07433489 0.35184091
vt 0.07460322 0.34447455
vt 0.07585126 0.27264160
vt 0.07477348 0.44839764
vt 0.07533732 0.30449897
vt 0.07736148 0.48764998
vt 0.06520191 0.46399373
vt 0.06240086 0.29833567
vt 0.07381240 0.43400049
vt 0.07448751 0.43585205
vt 0.07513519 0.46336061
vt 0.07467865 0.36059111
vt 0.07430679 0.39929402
vt 0.07380228 0.39728951
vt 0.07470354 0.40082711
vt 0.07407348 0.42702180
vt 0.07374040 0.38874710
vt 0.07300065 0.38502514
vt 0.07338235 0.38674480
vt 0.07414331 0.39080781
vt 0.07450294 0.39244163
vt 0.07410116 0.40579355
vt 0.07362220 0.40371561
vt 0.07497043 0.43099040
vt 0.07551248 0.27931380
vt 0.07490890 0.32866716
vt 0.07466660 0.40783703
vt 0.07357247 0.41012204
vt 0.07561082 0.49063075
vt 0.07324120 0.49075860
vt 0.07163969 0.49089658
vt 0.07342561 0.49203950
vt 0.07483274 0.32015383
vt 0.07445361 0.42920077
vt 0.07818760 0.48524630
vt 0.07714770 0.48972142
vt 0.07784270 0.48133111
vt 0.07577908 0.29760474
vt 0.07354595 0.41658175
vt 0.07393359 0.41854596
vt 0.07427596 0.42064667
vt 0.07472174 0.42267585
vt 0.07539464 0.42558777
vt 0.07501521 0.43782079
vt 0.07500577 0.40901554
vt 0.07498433 0.33702940
vt 0.07485961 0.39378607
vt 0.07343455 0.37828720
vt 0.07360490 0.38035172
vt 0.07404250 0.38243759
vt 0.07674313 0.47374558
vt 0.07544629 0.43242455
vt 0.07588733 0.43346357
vt 0.07510180 0.40216488
vt 0.07501620 0.31265771
vt 0.07443003 0.38412106
vt 0.07475726 0.38544118
vt 0.07476125 0.35324687
vt 0.07576737 0.28847879
vt 0.07399695 0.41222543
vt 0.07446610 0.41425300
vt 0.07687674 0.49216425
vt 0.07485390 0.49193454
vt 0.07421724 0.37603259
vt 0.07458569 0.37739134
vt 0.07503898 0.44211626
vt 0.07656076 0.27467769
vt 0.07771223 0.27360803
vt 0.07759598 0.27191359
vt 0.07636064 0.27707422
vt 0.07557672 0.43978173
vt 0.07372363 0.37421477
vt 0.07150344 0.37234545
vt 0.07320543 0.37210631
vt 0.07284458 0.37050003
vt 0.07858435 0.48317134
vt 0.07603148 0.44127882
vt 0.07499935 0.41626930
vt 0.07530214 0.41735101
vt 0.07572093 0.30584556
vt 0.07368246 0.49426854
vt 0.07556817 0.49302554
vt 0.07236119 0.49402356
vt 0.07511176 0.36202323
vt 0.06290535 0.36375022
vt 0.06903366 0.49006426
vt 0.07483400 0.44421649
vt 0.07554027 0.44610107
vt 0.07517003 0.34582043
vt 0.06592371 0.47452950
vt 0.06261866 0.33929443
vt 0.06269813 0.41308737
vt 0.06252106 0.42216659
vt 0.06646408 0.49071288
vt 0.06275807 0.33121294
vt 0.07568561 0.45043606
vt 0.07507866 0.37872791
vt 0.07530335 0.32161438
vt 0.07533668 0.39489400
vt 0.07541347 0.33027780
vt 0.07502557 0.49504662
vt 0.06334939 0.43899047
vt 0.06563204 0.48699689
vt 0.06501839 0.48493510
vt 0.06517860 0.48252481
vt 0.06521111 0.48006642
vt 0.06604566 0.48844802
vt 0.07611636 0.28135002
vt 0.07512783 0.37185276
vt 0.06270684 0.40699196
vt 0.06257965 0.40471113
vt 0.06310290 0.37477112
vt 0.06265042 0.39831436
vt 0.06392720 0.44748849
vt 0.06987236 0.49267220
vt 0.06623340 0.48932815
vt 0.07593589 0.46498013
vt 0.07613388 0.45873547
vt 0.07649862 0.44258064
vt 0.07597632 0.42716241
vt 0.07612868 0.44809210
vt 0.07662808 0.44960320
vt 0.07627507 0.29904890
vt 0.07634959 0.49481106
vt 0.07431839 0.49642777
vt 0.07581645 0.49605155
vt 0.06294475 0.35596997
vt 0.06289582 0.37274313
vt 0.06303962 0.31542087
vt 0.07309553 0.49709123
vt 0.07075373 0.49562049
vt 0.06236453 0.41997081
vt 0.07454224 0.37061185
vt 0.07738359 0.47502315
vt 0.07900136 0.48670304
vt 0.07831327 0.48900402
vt 0.06227886 0.40266788
vt 0.06256064 0.37872100
vt 0.07037731 0.49435121
vt 0.06772898 0.49624872
vt 0.07564919 0.41033423
vt 0.07519685 0.38644338
vt 0.07592321 0.33926964
vt 0.07836725 0.27561718
vt 0.07540197 0.49795222
vt 0.07332997 0.49802852
vt 0.07153033 0.49733949
vt 0.06808828 0.49759817
vt 0.07524531 0.35453010
vt 0.07566347 0.31480008
vt 0.07631631 0.29014629
vt 0.06948616 0.49138880
vt 0.07087158 0.49847645
vt 0.07544258 0.45267546
vt 0.07604190 0.45443308
vt 0.06224056 0.38829219
vt 0.06673329 0.49210018
vt 0.07567878 0.40334225
vt 0.06109430 0.28474832
vt 0.07586433 0.34131747
vt 0.06701202 0.49337268
vt 0.07644673 0.30791754
vt 0.07635988 0.49709082
vt 0.07713895 0.49832737
vt 0.06306761 0.43665206
vt 0.06302365 0.43053401
vt 0.06214841 0.38645709
vt 0.06378062 0.44528854
vt 0.06266680 0.32245529
vt 0.06270429 0.37050772
vt 0.07716370 0.27909243
vt 0.06340782 0.44319808
vt 0.07619456 0.33231962
vt 0.07575663 0.33472645
vt 0.07587742 0.36392456
vt 0.07585232 0.36611903
vt 0.07619172 0.32369983
vt 0.07201888 0.49973404
vt 0.06879988 0.50030810
vt 0.06842886 0.49886042
vt 0.07360150 0.49909580
vt 0.07310596 0.50109398
vt 0.07096533 0.50134706
vt 0.06909874 0.50159323
vt 0.07408018 0.50097531
vt 0.07435378 0.50221521
vt 0.07226042 0.50263047
vt 0.07429846 0.49894077
vt 0.07695012 0.49935287
vt 0.06455952 0.46209252
vt 0.06233924 0.39628422
vt 0.06386156 0.45384037
vt 0.06202238 0.29568064
vt 0.06204606 0.39421809
vt 0.06556749 0.47223806
vt 0.06535772 0.47016704
vt 0.06238936 0.33782125
vt 0.06210707 0.40841532
vt 0.06268155 0.34649527
vt 0.06269210 0.30663216
vt 0.06737908 0.49493456
vt 0.06255505 0.31328434
vt 0.07591493 0.31046975
vt 0.07608273 0.34783685
vt 0.07567735 0.34357393
vt 0.07770231 0.28113294
vt 0.06201211 0.40097821
vt 0.06511154 0.47871244
vt 0.06248872 0.32832587
vt 0.07706290 0.28345937
vt 0.07637643 0.31681418
vt 0.07696585 0.30106378
vt 0.07646319 0.30357492
vt 0.07635558 0.36679316
vt 0.07710763 0.29221916
vt 0.07692020 0.29458117
vt 0.07675551 0.29679632
vt 0.07651246 0.31244802
vt 0.06520914 0.48965067
vt 0.06490031 0.49090600
vt 0.07648659 0.33681738
vt 0.07696433 0.33847845
vt 0.07606351 0.32584429
vt 0.07593630 0.32790309
vt 0.07594141 0.31928253
vt 0.07595065 0.35013652
vt 0.06944562 0.50305378
vt 0.07714149 0.31459856
vt 0.07529853 0.50079483
vt 0.07629655 0.35681427
vt 0.07815388 0.28261578
vt 0.07698864 0.28563142
vt 0.07686337 0.28771609
vt 0.06240838 0.32013142
vt 0.06246986 0.36165607
vt 0.06723739 0.50085008
vt 0.07716057 0.30566847
vt 0.07698329 0.36288923
vt 0.07756528 0.36467218
vt 0.07756431 0.30699348
vt 0.07657628 0.34567297
vt 0.07683013 0.33010805
vt 0.07618469 0.36112905
vt 0.07677224 0.32144761
vt 0.07723303 0.32289839
vt 0.07753674 0.31578159
vt 0.07626995 0.35890639
vt 0.07725174 0.33142841
vt 0.07583256 0.35237873
vt 0.06657241 0.49783611
vt 0.07900137 0.27685881
vt 0.07744505 0.33990896
vt 0.07713477 0.34693682
vt 0.07776585 0.29000211
vt 0.07755754 0.29892206
vt 0.07495935 0.50211823
vt 0.07815952 0.29131937
vt 0.06237969 0.36878181
vt 0.06269922 0.42655730
vt 0.06220961 0.41785204
vt 0.06589416 0.49525213
vt 0.07797342 0.30010879
vt 0.06242152 0.43277609
vt 0.06208630 0.41633976
vt 0.06297916 0.44113827
vt 0.06377703 0.45171964
vt 0.06136493 0.31804448
vt 0.06345841 0.44914103
vt 0.06215466 0.34443569
vt 0.06200793 0.31116307
vt 0.06362408 0.46670616
vt 0.06188025 0.30317843
vt 0.06764638 0.50321454
vt 0.07428665 0.36882854
vt 0.07575535 0.36818850
vt 0.07570903 0.36768997
vt 0.06196771 0.38429189
vt 0.06118701 0.32504505
vt 0.06521856 0.49252021
vt 0.07343256 0.50393963
vt 0.07469869 0.50380379
vt 0.07151771 0.50417352
vt 0.06975517 0.50445771
vt 0.07495852 0.50512487
vt 0.07292885 0.50547498
vt 0.06193171 0.37589788
vt 0.06179255 0.39243305
vt 0.06197863 0.33574682
vt 0.06500168 0.47642362
vt 0.06236150 0.35321391
vt 0.06196694 0.35083669
vt 0.06143648 0.40570283
vt 0.06328838 0.47061759
vt 0.06270326 0.46801245
vt 0.06371229 0.47262216
vt 0.05991350 0.34706879
vt 0.05979332 0.34493178
vt 0.06186788 0.36664450
vt 0.06376405 0.46031308
vt 0.06367295 0.45811808
vt 0.06150381 0.39936316
vt 0.06170623 0.30912411
vt 0.06048183 0.30706632
vt 0.06002890 0.31583440
vt 0.05985776 0.31379753
vt 0.06345626 0.46441436
vt 0.05938351 0.31166327
vt 0.06174077 0.34118098
vt 0.06027193 0.33831179
vt 0.05931548 0.34287339
vt 0.06133569 0.33258021
vt 0.06255401 0.43940091
vt 0.06210532 0.43106318
vt 0.05946193 0.32076573
vt 0.05976145 0.32291853
vt 0.05884482 0.28521240
vt 0.05893486 0.31849456
vt 0.05885146 0.30956113
vt 0.06304782 0.46244144
vt 0.05932001 0.35160041
vt 0.05854911 0.34854090
vt 0.06228399 0.42437136
vt 0.06207075 0.36007166
vt 0.05932962 0.30517519
vt 0.05813541 0.30698574
vt 0.06386764 0.47468483
vt 0.06137771 0.37139928
vt 0.06089183 0.29856318
vt 0.05988343 0.35370296
vt 0.05817337 0.31544298
vt 0.07005014 0.50575823
vt 0.06266619 0.46088123
vt 0.05927151 0.33653563
vt 0.05959576 0.32954717
vt 0.05936793 0.32760233
vt 0.05884108 0.32551825
vt 0.05880221 0.34081602
vt 0.05810187 0.33790177
vt 0.05825884 0.28275901
vt 0.06120652 0.38161433
vt 0.06023154 0.37824357
vt 0.05963135 0.37549758
vt 0.05972833 0.36939061
vt 0.05957502 0.36705303
vt 0.06039903 0.35625166
vt 0.06128912 0.36452115
vt 0.05808012 0.34670722
vt 0.05835157 0.32387877
vt 0.05900916 0.29411030
vt 0.05920424 0.29615396
vt 0.05911129 0.33419585
vt 0.05843476 0.33140850
vt 0.05784648 0.32905978
vt 0.05912399 0.30290723
vt 0.05860117 0.30079967
vt 0.05779754 0.29733932
vt 0.05907363 0.36494100
vt 0.06070231 0.40193403
vt 0.06291199 0.47683191
vt 0.06807595 0.50597185
vt 0.07415435 0.50672585
vt 0.06789208 0.50470996
vt 0.07672608 0.50213861
vt 0.07038250 0.50731045
vt 0.07560514 0.50362509
vt 0.07542524 0.50639737
vt 0.06646044 0.50185692
vt 0.06561904 0.50341177
vt 0.06836127 0.50782573
vt 0.06864164 0.50880814
vt 0.06686542 0.50470960
vt 0.07054313 0.50842178
vt 0.07350012 0.50770736
vt 0.07372081 0.50939733
vt 0.07507472 0.50797969
vt 0.07491519 0.50904483
vt 0.07417986 0.51080245
vt 0.07237900 0.51077765
vt 0.07091410 0.50998127
vt 0.06633917 0.50569743
vt 0.06703132 0.50772893
vt 0.32816258 0.04642278
vt 0.32702193 0.04799134
vt 0.32726666 0.04621816
vt 0.32805562 0.04846823
vt 0.32859805 0.05004710
vt 0.32787558 0.04387462
vt 0.32614586 0.04594398
vt 0.32651815 0.04466981
vt 0.32595918 0.04758573
vt 0.32715243 0.04935277
vt 0.32791281 0.05118328
vt 0.32934338 0.05216050
vt 0.32907188 0.04374611
vt 0.32592338 0.04822272
vt 0.32934338 0.04166669
vt 0.42274904 0.21019638
vt 0.42254511 0.21099639
vt 0.42414767 0.20989466
vt 0.42201200 0.21080625
vt 0.42206651 0.21051180
vt 0.42396882 0.21118850
vt 0.42572758 0.21055865
vt 0.42256609 0.21190965
vt 0.42346963 0.21225041
vt 0.42284814 0.21326661
vt 0.42409250 0.21381152
vt 0.42273754 0.21485692
vt 0.42412800 0.21484083
vt 0.42141110 0.21399164
vt 0.42167452 0.21515036
vt 0.42229810 0.21662533
vt 0.42141411 0.21654350
vt 0.42036816 0.21522576
vt 0.42054078 0.21446699
vt 0.41995376 0.21632779
vt 0.42332828 0.21680844
vt 0.42499697 0.21310872
vt 0.42523861 0.21710920
vt 0.42507997 0.21419358
vt 0.42589614 0.21479309
vt 0.42559204 0.21573889
vt 0.42652932 0.21335590
vt 0.42817286 0.21359694
vt 0.42733470 0.21573871
vt 0.42646149 0.21632451
vt 0.42981583 0.21447194
vt 0.42933422 0.21590489
vt 0.43108529 0.21499693
vt 0.43137503 0.21607959
vt 0.43226340 0.21559286
vt 0.43253738 0.21671337
vt 0.43327856 0.21631372
vt 0.43384239 0.21476382
vt 0.43563169 0.21536255
vt 0.43516231 0.21663064
vt 0.43688822 0.21581352
vt 0.43722472 0.21683896
vt 0.43809652 0.21636486
vt 0.43844441 0.21749842
vt 0.43927920 0.21708190
vt 0.43986514 0.21565187
vt 0.44176704 0.21626276
vt 0.44131574 0.21736741
vt 0.44279537 0.21661067
vt 0.44321710 0.21764612
vt 0.44399670 0.21718144
vt 0.44453007 0.21845967
vt 0.44611874 0.21642846
vt 0.44399735 0.21600354
vt 0.43346316 0.21798265
vt 0.43479562 0.21816874
vt 0.43679687 0.21843302
vt 0.43950415 0.21878821
vt 0.44088519 0.21900308
vt 0.44290081 0.21932721
vt 0.43089718 0.21770871
vt 0.42729461 0.21733809
vt 0.42635444 0.21725374
vt 0.43795398 0.21518171
vt 0.43214869 0.21415836
vt 0.42618743 0.21822691
vt 0.44511974 0.22118986
vt 0.44274187 0.22076827
vt 0.44071123 0.22045529
vt 0.43917450 0.22024459
vt 0.43659258 0.21987277
vt 0.43308857 0.21941715
vt 0.43067825 0.21913737
vt 0.43456680 0.21960187
vt 0.42877975 0.21895641
vt 0.42684221 0.21874034
vt 0.42514828 0.21856546
vt 0.42317495 0.21839684
vt 0.42137915 0.21843213
vt 0.42580628 0.21903485
vt 0.43179366 0.22002101
vt 0.43783060 0.22081637
vt 0.44406068 0.22166967
vt 0.42455855 0.21947789
vt 0.44281575 0.22187078
vt 0.43062770 0.22019804
vt 0.43658885 0.22099924
vt 0.42876416 0.22042662
vt 0.44081983 0.22226471
vt 0.43867186 0.22174323
vt 0.42708892 0.22070402
vt 0.43451229 0.22142071
vt 0.43252394 0.22092736
vt 0.42323691 0.21979386
vt 0.42517546 0.22030115
vt 0.44295910 0.22292012
vt 0.44159487 0.22312587
vt 0.42142320 0.22033870
vt 0.41967088 0.21711975
vt 0.41797283 0.21619654
vt 0.41818699 0.21744275
vt 0.41588420 0.21616155
vt 0.41621995 0.21796614
vt 0.41397473 0.21616781
vt 0.41414312 0.21793002
vt 0.41251433 0.21617705
vt 0.41201645 0.21801543
vt 0.41126230 0.21700907
vt 0.40983549 0.21621859
vt 0.41134050 0.21543974
vt 0.40986481 0.21512908
vt 0.40775451 0.21620846
vt 0.40779048 0.21475911
vt 0.40578592 0.21618825
vt 0.40572891 0.21444821
vt 0.40459993 0.21536219
vt 0.40342769 0.21621460
vt 0.40447423 0.21695995
vt 0.40336365 0.21512508
vt 0.40133044 0.21621519
vt 0.40130967 0.21475863
vt 0.39920065 0.21620536
vt 0.39911073 0.21420538
vt 0.39706892 0.21433401
vt 0.39488068 0.21622038
vt 0.39491704 0.21432722
vt 0.39280912 0.21624315
vt 0.39286083 0.21434110
vt 0.39211193 0.21561009
vt 0.39211789 0.21507394
vt 0.39055887 0.21476781
vt 0.39048129 0.21630234
vt 0.38842240 0.21450412
vt 0.38830131 0.21637934
vt 0.38621476 0.21642596
vt 0.38625559 0.21404183
vt 0.38409027 0.21644998
vt 0.38422382 0.21421802
vt 0.38186374 0.21650320
vt 0.38198522 0.21427131
vt 0.37985677 0.21656960
vt 0.37954459 0.21441460
vt 0.37861833 0.21519905
vt 0.37873140 0.21660650
vt 0.37735859 0.21664739
vt 0.37871420 0.21810937
vt 0.37722573 0.21442026
vt 0.37505519 0.21668816
vt 0.37507397 0.21433049
vt 0.37274438 0.21670437
vt 0.37271056 0.21435297
vt 0.37083784 0.21669960
vt 0.37035173 0.21423632
vt 0.36954388 0.21477741
vt 0.36809167 0.21677488
vt 0.36815479 0.21420890
vt 0.36411628 0.21682131
vt 0.36569527 0.21431315
vt 0.36331573 0.21435428
vt 0.36099014 0.21421129
vt 0.36137289 0.21686608
vt 0.36020845 0.21473372
vt 0.35868415 0.21688950
vt 0.35882634 0.21427888
vt 0.35627502 0.21688426
vt 0.35620728 0.21455258
vt 0.35382572 0.21461737
vt 0.35387838 0.21689212
vt 0.35142219 0.21452302
vt 0.35083535 0.21699649
vt 0.35058960 0.21502692
vt 0.34900364 0.21706688
vt 0.34918055 0.21460992
vt 0.34636003 0.21485150
vt 0.34445211 0.21725619
vt 0.34380117 0.21488881
vt 0.34068879 0.21743482
vt 0.34205669 0.21487439
vt 0.33870989 0.21503091
vt 0.33495957 0.21788216
vt 0.33616731 0.21517390
vt 0.33379847 0.21524549
vt 0.33282572 0.21804720
vt 0.33113346 0.21544534
vt 0.32873750 0.21828431
vt 0.32857114 0.21560854
vt 0.32595173 0.21819729
vt 0.32579732 0.21585500
vt 0.32482725 0.21689707
vt 0.32369485 0.21834564
vt 0.32362494 0.21600771
vt 0.31921870 0.21870458
vt 0.32088462 0.21615785
vt 0.31835517 0.21635926
vt 0.31603441 0.21876824
vt 0.31587109 0.21651828
vt 0.31397089 0.21659374
vt 0.31347141 0.21886015
vt 0.31088126 0.21680373
vt 0.30929843 0.21917480
vt 0.30820927 0.21696198
vt 0.30521813 0.21710801
vt 0.30543414 0.21937168
vt 0.30423331 0.21814692
vt 0.30391374 0.21652818
vt 0.30291441 0.21722919
vt 0.30421066 0.22038281
vt 0.30311111 0.21959829
vt 0.30029991 0.22004062
vt 0.29997784 0.21740329
vt 0.29565954 0.22054893
vt 0.29712701 0.21759677
vt 0.29591951 0.21842676
vt 0.29482386 0.21775806
vt 0.28907013 0.21808809
vt 0.28967986 0.22104692
vt 0.28743649 0.22123873
vt 0.29598752 0.21652597
vt 0.28769404 0.21881998
vt 0.28669465 0.21831822
vt 0.28611574 0.22135305
vt 0.28431395 0.22149062
vt 0.28396881 0.21873868
vt 0.27989867 0.21917653
vt 0.27968037 0.22179747
vt 0.27663282 0.21953571
vt 0.27633405 0.22237819
vt 0.28790593 0.21729267
vt 0.27531120 0.22153401
vt 0.27331480 0.21986538
vt 0.27394694 0.22261995
vt 0.27059728 0.22009087
vt 0.27097985 0.22266155
vt 0.26773220 0.22033340
vt 0.26669767 0.22312623
vt 0.26662019 0.22109795
vt 0.26525131 0.22324878
vt 0.26546553 0.22053349
vt 0.26257044 0.22081906
vt 0.26037872 0.22389728
vt 0.25962812 0.22093087
vt 0.25754771 0.22421753
vt 0.25810698 0.22168756
vt 0.25703594 0.22124994
vt 0.25234854 0.22475427
vt 0.24973232 0.22216737
vt 0.24948934 0.22497630
vt 0.24831368 0.22231674
vt 0.25842315 0.22015047
vt 0.26656172 0.21940696
vt 0.26278886 0.22570610
vt 0.25812331 0.22624552
vt 0.25535178 0.22658354
vt 0.25194028 0.22700596
vt 0.26680380 0.22532982
vt 0.27093142 0.22491223
vt 0.24827853 0.22379929
vt 0.24649553 0.22254968
vt 0.24707578 0.22521240
vt 0.24178813 0.22574961
vt 0.24169429 0.22321683
vt 0.23836504 0.22354090
vt 0.23903030 0.22601306
vt 0.23727617 0.22405803
vt 0.23609549 0.22630143
vt 0.24825452 0.22632039
vt 0.23623057 0.22383958
vt 0.23140109 0.22697228
vt 0.23272747 0.22448850
vt 0.22853152 0.22501427
vt 0.22831492 0.22748876
vt 0.22719896 0.22657907
vt 0.22521313 0.22538292
vt 0.28596088 0.22319275
vt 0.24819620 0.22747171
vt 0.24469912 0.22788060
vt 0.22591111 0.22785509
vt 0.22257224 0.22568929
vt 0.22134405 0.22848177
vt 0.21976389 0.22594428
vt 0.21788666 0.22936589
vt 0.21825454 0.22666883
vt 0.21727106 0.22623169
vt 0.21682620 0.22851413
vt 0.21412428 0.22664565
vt 0.21551457 0.22971070
vt 0.21252453 0.22977817
vt 0.20782267 0.23042619
vt 0.20793705 0.22743732
vt 0.20666201 0.22762883
vt 0.20229681 0.23107243
vt 0.20264682 0.22828704
vt 0.19964322 0.23138541
vt 0.19857183 0.22891784
vt 0.19578871 0.23185444
vt 0.21612570 0.23137927
vt 0.21233074 0.23199791
vt 0.20807724 0.23252404
vt 0.20312296 0.23309332
vt 0.19513845 0.22941136
vt 0.19162881 0.23000258
vt 0.19201589 0.23247498
vt 0.18893470 0.23040277
vt 0.18556488 0.23353004
vt 0.18699484 0.23064387
vt 0.18366724 0.23110664
vt 0.18107277 0.23147476
vt 0.17889920 0.23461288
vt 0.17976962 0.23649174
vt 0.18191560 0.23617196
vt 0.18455110 0.23578149
vt 0.18781792 0.23531699
vt 0.17669114 0.23694623
vt 0.17466368 0.23529166
vt 0.17377435 0.23739332
vt 0.16904151 0.23609191
vt 0.17005438 0.23798436
vt 0.16483147 0.23880637
vt 0.16238314 0.23684204
vt 0.16172971 0.23925346
vt 0.15979010 0.23951030
vt 0.15910579 0.23724389
vt 0.15656582 0.23761046
vt 0.15691964 0.23990834
vt 0.15446237 0.24027592
vt 0.15214518 0.23823839
vt 0.15751268 0.23589486
vt 0.15167347 0.24079072
vt 0.14959159 0.24114537
vt 0.14944454 0.23861790
vt 0.14669810 0.24156708
vt 0.14630367 0.23900783
vt 0.14407897 0.24205673
vt 0.14283654 0.23933148
vt 0.14203250 0.24219263
vt 0.14094794 0.23953009
vt 0.13920860 0.24245781
vt 0.13876550 0.23969740
vt 0.14324097 0.24300277
vt 0.13942400 0.24441248
vt 0.13711864 0.24487227
vt 0.13688277 0.24251044
vt 0.13651459 0.23986590
vt 0.21804696 0.23114878
vt 0.22081260 0.23081571
vt 0.22348340 0.23045528
vt 0.13511190 0.24505144
vt 0.19235325 0.23463219
vt 0.19528215 0.23424077
vt 0.19726811 0.23395717
vt 0.14189169 0.24391091
vt 0.19997810 0.23349202
vt 0.28991935 0.22309828
vt 0.28670809 0.22335577
vt 0.29256767 0.22284847
vt 0.22714317 0.22887397
vt 0.27517891 0.22388709
vt 0.29576421 0.22255778
vt 0.29786640 0.22236842
vt 0.17882796 0.23174369
vt 0.17595910 0.23218942
vt 0.17338988 0.23253924
vt 0.17082582 0.23287809
vt 0.32635725 0.22045904
vt 0.32887495 0.22031176
vt 0.27421439 0.22462547
vt 0.33139524 0.22017139
vt 0.33375108 0.22005993
vt 0.33642697 0.21988618
vt 0.36583972 0.21893448
vt 0.36350769 0.21900147
vt 0.36133039 0.21905923
vt 0.35922867 0.21912563
vt 0.37281054 0.21867007
vt 0.37063304 0.21877110
vt 0.36816657 0.21885198
vt 0.35639769 0.21911621
vt 0.35399747 0.21915817
vt 0.35142374 0.21920520
vt 0.37512049 0.21863455
vt 0.14585875 0.23661518
vt 0.14337724 0.23697919
vt 0.14895651 0.23620093
vt 0.15115972 0.23591411
vt 0.13466986 0.24253643
vt 0.16092420 0.23439372
vt 0.15835439 0.23498857
vt 0.16877756 0.23308522
vt 0.16581048 0.23357075
vt 0.16333939 0.23397887
vt 0.14175627 0.23720539
vt 0.13843869 0.23781222
vt 0.13442171 0.24010599
vt 0.24141747 0.22824371
vt 0.30057386 0.22213006
vt 0.30385754 0.22184008
vt 0.37753567 0.21859926
vt 0.15376455 0.23553467
vt 0.15617307 0.23532259
vt 0.15686511 0.23467267
vt 0.22715311 0.22994787
vt 0.33901805 0.21975756
vt 0.34196663 0.21963507
vt 0.34412366 0.21951383
vt 0.34662044 0.21942806
vt 0.22878580 0.22972989
vt 0.23144895 0.22940958
vt 0.32438090 0.22061557
vt 0.32125270 0.22075069
vt 0.23742497 0.22870487
vt 0.23417825 0.22909296
vt 0.28480110 0.22353661
vt 0.28186968 0.22386068
vt 0.27923688 0.22410190
vt 0.27638435 0.22440886
vt 0.35046077 0.21864098
vt 0.31873408 0.22087300
vt 0.31624827 0.22099686
vt 0.30592155 0.22171968
vt 0.21862185 0.22527027
vt 0.15070300 0.24174356
vt 0.37955359 0.21855831
vt 0.31417525 0.22115695
vt 0.31126422 0.22135687
vt 0.30862707 0.22156644
vt 0.38189372 0.21850240
vt 0.38422540 0.21852338
vt 0.34931272 0.21928632
vt 0.39124262 0.21692735
vt 0.13587646 0.24653739
vt 0.13455813 0.24585158
vt 0.13329268 0.24473816
vt 0.13273653 0.24262601
vt 0.13277322 0.24707133
vt 0.13476230 0.24671644
vt 0.13035965 0.24537528
vt 0.13054509 0.24742150
vt 0.13066521 0.24908739
vt 0.12848227 0.24954212
vt 0.12829961 0.24765307
vt 0.12624411 0.24978626
vt 0.12634371 0.25175476
vt 0.38637015 0.21868443
vt 0.12861037 0.25147229
vt 0.12691113 0.25377429
vt 0.38971561 0.21751761
vt 0.14417067 0.24352109
vt 0.14685573 0.24299896
vt 0.12582652 0.25403392
vt 0.12563878 0.25257981
vt 0.12514731 0.25103092
vt 0.12433559 0.25192082
vt 0.12432937 0.25427485
vt 0.12476435 0.24988633
vt 0.12185695 0.25205666
vt 0.12206015 0.25438440
vt 0.12217049 0.25640988
vt 0.11984922 0.25656766
vt 0.11994092 0.25853014
vt 0.11744095 0.25678647
vt 0.11826340 0.25864494
vt 0.11866350 0.26073277
vt 0.11712982 0.25863743
vt 0.11754936 0.26077628
vt 0.11552521 0.26073450
vt 0.11746796 0.26293308
vt 0.11564383 0.26300430
vt 0.11329120 0.26287985
vt 0.11566352 0.26483083
vt 0.11715169 0.26466292
vt 0.11664283 0.25757861
vt 0.11856985 0.26273572
vt 0.12572603 0.25521469
vt 0.12451392 0.25599694
vt 0.38831970 0.21794617
vt 0.11543894 0.25864011
vt 0.27540612 0.22504842
vt 0.14955108 0.24252880
vt 0.35029528 0.21978450
vt 0.19636738 0.23466980
vt 0.11316309 0.26066041
vt 0.11343741 0.26484835
vt 0.11574829 0.26648194
vt 0.11103920 0.26465368
vt 0.11354268 0.26683044
vt 0.11133881 0.26680446
vt 0.11370791 0.26897192
vt 0.11510985 0.26804191
vt 0.11158917 0.26919770
vt 0.10991260 0.26924652
vt 0.11011304 0.26765668
vt 0.11040144 0.26578891
vt 0.10931280 0.26669121
vt 0.10886238 0.26922411
vt 0.10856563 0.27050507
vt 0.11325917 0.27007216
vt 0.11028408 0.26506543
vt 0.10902973 0.26459944
vt 0.11177322 0.27066326
vt 0.10944345 0.27126813
vt 0.12362898 0.24995673
vt 0.10726923 0.26664698
vt 0.11686806 0.26565462
vt 0.11971618 0.25435489
vt 0.41005042 0.21750313
vt 0.12225863 0.25815463
vt 0.36005607 0.21970874
vt 0.31292722 0.22225356
vt 0.13161170 0.24270159
vt 0.10736966 0.26917261
vt 0.37838775 0.21904707
vt 0.39059761 0.21846437
vt 0.38840178 0.21916986
vt 0.38705525 0.21954739
vt 0.12604782 0.24784106
vt 0.11336056 0.25865173
vt 0.11439513 0.25775892
vt 0.23615305 0.22991621
vt 0.15878099 0.24086964
vt 0.10742026 0.26464981
vt 0.10946647 0.26408362
vt 0.32457915 0.21527934
vt 0.18643652 0.23617709
vt 0.40376318 0.21887159
vt 0.40592262 0.21852589
vt 0.40662104 0.22051656
vt 0.11959267 0.25214767
vt 0.13730696 0.24629819
vt 0.40824267 0.21812439
vt 0.13213827 0.24061763
vt 0.13124880 0.24137717
vt 0.10738638 0.27061701
vt 0.10495683 0.26911193
vt 0.10481852 0.26662850
vt 0.10243756 0.26907492
vt 0.15474358 0.24188596
vt 0.15190621 0.24224132
vt 0.15742166 0.24155277
vt 0.10507949 0.27086151
vt 0.10733714 0.27152872
vt 0.10511554 0.27176678
vt 0.12008901 0.26046050
vt 0.33246097 0.21420318
vt 0.38599557 0.21976268
vt 0.13638727 0.23823214
vt 0.24813141 0.22117913
vt 0.13285889 0.24855518
vt 0.13444634 0.24754071
vt 0.17730407 0.23068345
vt 0.34872970 0.22051811
vt 0.23728245 0.22311908
vt 0.10825627 0.26395524
vt 0.11089827 0.26272494
vt 0.34061906 0.22040474
vt 0.12808383 0.24552983
vt 0.13027224 0.24264574
vt 0.12317686 0.24900508
vt 0.11079040 0.26060915
vt 0.21718735 0.23184085
vt 0.11746674 0.25442624
vt 0.40751681 0.22010428
vt 0.38851967 0.22056276
vt 0.12176529 0.25011921
vt 0.10234069 0.26670837
vt 0.10046978 0.26903939
vt 0.10483517 0.26511872
vt 0.22564992 0.23109472
vt 0.12390022 0.24819547
vt 0.35978296 0.21349496
vt 0.30256873 0.22274476
vt 0.36954039 0.21941042
vt 0.12232836 0.25982308
vt 0.35020870 0.21388364
vt 0.19518684 0.23541439
vt 0.34039888 0.21374524
vt 0.16200064 0.24068922
vt 0.15965271 0.24118721
vt 0.16441026 0.24030024
vt 0.31146279 0.22276717
vt 0.30208039 0.21577245
vt 0.28655115 0.21714717
vt 0.16718420 0.23206270
vt 0.17849986 0.23731089
vt 0.35888690 0.22009861
vt 0.12019275 0.26222372
vt 0.13081719 0.25096112
vt 0.13224091 0.24994224
vt 0.16868000 0.23907626
vt 0.24667515 0.22838926
vt 0.36900553 0.21354675
vt 0.10256774 0.27121139
vt 0.10336655 0.27192914
vt 0.37696958 0.21958745
vt 0.38447523 0.21995509
vt 0.11545946 0.25664663
vt 0.32290557 0.21455491
vt 0.18524671 0.22945267
vt 0.33115128 0.21389407
vt 0.20616151 0.22622830
vt 0.20408277 0.22601789
vt 0.20152907 0.22643811
vt 0.27414626 0.22555697
vt 0.37791649 0.21379876
vt 0.16702619 0.23996472
vt 0.32311916 0.22147292
vt 0.14718483 0.23536104
vt 0.26237974 0.21894580
vt 0.26486203 0.21881568
vt 0.25945854 0.21941835
vt 0.27508840 0.21854925
vt 0.33281988 0.22063953
vt 0.31242907 0.21568221
vt 0.10033856 0.26677656
vt 0.41026145 0.21907961
vt 0.13019758 0.25241381
vt 0.12878118 0.25336146
vt 0.19329995 0.22839516
vt 0.15520072 0.23415011
vt 0.41710657 0.21874660
vt 0.41586271 0.21903068
vt 0.37644905 0.21317434
vt 0.17574726 0.23053759
vt 0.25701320 0.22687483
vt 0.23447146 0.23079163
vt 0.23048092 0.23126328
vt 0.29700762 0.21575296
vt 0.30001065 0.21529537
vt 0.21956313 0.22439492
vt 0.12178908 0.24916422
vt 0.36751702 0.21309119
vt 0.22694632 0.22405529
vt 0.29454651 0.21600938
vt 0.28918430 0.21645796
vt 0.33875507 0.21338916
vt 0.34857732 0.21350640
vt 0.25415018 0.21982336
vt 0.24904573 0.22047186
vt 0.25691947 0.21967089
vt 0.31089973 0.21537566
vt 0.32610407 0.21369576
vt 0.18079838 0.22951686
vt 0.17817307 0.22997248
vt 0.18340202 0.22908419
vt 0.21244743 0.22504461
vt 0.20922263 0.22541976
vt 0.32878897 0.21339965
vt 0.26540214 0.22621900
vt 0.35825834 0.21317971
vt 0.18483871 0.23685753
vt 0.22235096 0.22393274
vt 0.21679048 0.22465432
vt 0.22670099 0.23171550
vt 0.21568182 0.23288238
vt 0.10230777 0.26527929
vt 0.20697089 0.23331416
vt 0.16564958 0.23202991
vt 0.23595233 0.22283030
vt 0.19146813 0.22819632
vt 0.23979855 0.23016036
vt 0.23720177 0.23046118
vt 0.20687813 0.22562248
vt 0.36825916 0.21987528
vt 0.19303453 0.23651862
vt 0.19014046 0.23669899
vt 0.33348534 0.21347743
vt 0.33648893 0.21298474
vt 0.40869358 0.21977615
vt 0.38211393 0.22029555
vt 0.17064574 0.23094237
vt 0.16806823 0.23135668
vt 0.17343649 0.23040289
vt 0.33917850 0.22090757
vt 0.17527089 0.23861754
vt 0.30552873 0.21491271
vt 0.30806389 0.21463519
vt 0.18754537 0.23690063
vt 0.17189287 0.23907220
vt 0.16955109 0.23953301
vt 0.19755439 0.23540854
vt 0.20034322 0.23517501
vt 0.10853942 0.27284741
vt 0.24625728 0.22083652
vt 0.35186693 0.22113389
vt 0.21835214 0.23256016
vt 0.21667388 0.23346150
vt 0.22115847 0.23233908
vt 0.22386049 0.23202866
vt 0.12594379 0.24576116
vt 0.12797576 0.24348903
vt 0.34689704 0.22100502
vt 0.26760814 0.21852589
vt 0.27054676 0.21810961
vt 0.27302513 0.21793973
vt 0.41442341 0.21940494
vt 0.14016940 0.23649794
vt 0.32096928 0.21424896
vt 0.22503558 0.22355425
vt 0.24240258 0.22979921
vt 0.24490936 0.22940922
vt 0.14360949 0.24414325
vt 0.11838878 0.26442993
vt 0.11947155 0.26366162
vt 0.35422975 0.22100520
vt 0.15362456 0.23403364
vt 0.12360592 0.25884962
vt 0.12389868 0.25780207
vt 0.12541702 0.25631714
vt 0.31655473 0.22287083
vt 0.31396759 0.22296333
vt 0.31904525 0.22265303
vt 0.38014016 0.22075725
vt 0.37521791 0.21288753
vt 0.30086645 0.22324151
vt 0.36582536 0.21276498
vt 0.20321570 0.23476672
vt 0.12164544 0.26115537
vt 0.29440165 0.22326177
vt 0.15063225 0.24285042
vt 0.28397280 0.21676385
vt 0.27960363 0.21722496
vt 0.24254516 0.22125244
vt 0.23049156 0.22281587
vt 0.22778967 0.22319192
vt 0.18889204 0.22793835
vt 0.18609318 0.22862720
vt 0.34654212 0.21313876
vt 0.27599078 0.21766281
vt 0.11457043 0.26946473
vt 0.35652179 0.22095662
vt 0.38506207 0.21288979
vt 0.38782695 0.21326733
vt 0.39068529 0.21365094
vt 0.17959386 0.23797512
vt 0.17796379 0.23891425
vt 0.18257780 0.23783207
vt 0.30904353 0.22363782
vt 0.30369228 0.22363317
vt 0.19815867 0.22680187
vt 0.19408756 0.22737783
vt 0.32372296 0.21378034
vt 0.28416944 0.22444755
vt 0.23331481 0.22226745
vt 0.10065392 0.27099854
vt 0.32133454 0.22240466
vt 0.31598002 0.21427643
vt 0.31338358 0.21459627
vt 0.31873921 0.21387887
vt 0.35636875 0.21286225
vt 0.23826985 0.22201723
vt 0.12955701 0.24181896
vt 0.33151248 0.22121954
vt 0.37054670 0.22022647
vt 0.37304530 0.22035545
vt 0.37520364 0.22034764
vt 0.21208301 0.23353744
vt 0.20802952 0.23400986
vt 0.25390664 0.22842211
vt 0.09924290 0.26539898
vt 0.14544851 0.23493862
vt 0.14319502 0.23530078
vt 0.14087050 0.23572254
vt 0.13448420 0.23855400
vt 0.37999886 0.21223140
vt 0.36368182 0.22055489
vt 0.36110729 0.22047603
vt 0.36616844 0.22060651
vt 0.12796928 0.24234748
vt 0.12821414 0.25478524
vt 0.12673193 0.25560528
vt 0.11553080 0.25460136
vt 0.11749091 0.25236464
vt 0.14005609 0.24601847
vt 0.14213721 0.24493361
vt 0.38682762 0.22055757
vt 0.38748431 0.22219789
vt 0.38485321 0.22115684
vt 0.41223145 0.22006440
vt 0.43068594 0.22127807
vt 0.43670630 0.22210497
vt 0.43522063 0.22230005
vt 0.25033975 0.22878623
vt 0.24773078 0.22906208
vt 0.42882833 0.22150743
vt 0.33391565 0.22149915
vt 0.33685216 0.22173011
vt 0.40904146 0.22083485
vt 0.16811337 0.24050868
vt 0.42783332 0.22161722
vt 0.42662710 0.22175932
vt 0.10739268 0.27297175
vt 0.10802517 0.27358007
vt 0.25840932 0.22770041
vt 0.25631285 0.22864681
vt 0.44026792 0.22325975
vt 0.10153610 0.27180028
vt 0.34178442 0.22131336
vt 0.34472498 0.22161001
vt 0.15848173 0.24200583
vt 0.27671686 0.22588110
vt 0.27963394 0.22582197
vt 0.44516879 0.22414947
vt 0.26652253 0.22700655
vt 0.27170745 0.22665679
vt 0.37781814 0.22045600
vt 0.30291685 0.21506381
vt 0.34408718 0.21259326
vt 0.34139565 0.21295911
vt 0.36117148 0.21230537
vt 0.35901847 0.21234608
vt 0.36334756 0.21214253
vt 0.12056749 0.24942040
vt 0.37291765 0.21242762
vt 0.15842186 0.23264635
vt 0.16077748 0.23235071
vt 0.26349708 0.22727168
vt 0.43388873 0.22243172
vt 0.35167548 0.21246356
vt 0.42331538 0.22089130
vt 0.14906476 0.24378878
vt 0.32662743 0.22208041
vt 0.32412007 0.22220355
vt 0.32936051 0.22209513
vt 0.11058997 0.27209842
vt 0.11000772 0.27285326
vt 0.11247219 0.27273393
vt 0.11220301 0.27162153
vt 0.10915361 0.27418101
vt 0.11273716 0.27431846
vt 0.11222865 0.27625114
vt 0.11196557 0.28038883
vt 0.11208121 0.27830911
vt 0.10953605 0.27827084
vt 0.10944785 0.27613997
vt 0.10723911 0.27841794
vt 0.10959751 0.28036398
vt 0.10714922 0.27616441
vt 0.10727346 0.27432656
vt 0.11417313 0.27370214
vt 0.11399628 0.27499712
vt 0.11433661 0.27259207
vt 0.11390980 0.27635372
vt 0.11389243 0.27840173
vt 0.11447052 0.27065378
vt 0.10488068 0.27405822
vt 0.16314012 0.23188072
vt 0.35389295 0.21223086
vt 0.11352602 0.25703192
vt 0.15089843 0.23365384
vt 0.14816377 0.23435724
vt 0.20628101 0.23503315
vt 0.10885886 0.26284707
vt 0.43895331 0.22336066
vt 0.37081704 0.21199882
vt 0.13387308 0.24918860
vt 0.11080928 0.25933945
vt 0.34961233 0.22124147
vt 0.24590296 0.23001814
vt 0.42216656 0.22116721
vt 0.09920601 0.26672983
vt 0.11689831 0.26698983
vt 0.42022580 0.21909565
vt 0.21504994 0.23435926
vt 0.17640685 0.23968363
vt 0.43273190 0.22250617
vt 0.31099233 0.21399426
vt 0.10889110 0.26054978
vt 0.10952967 0.25960785
vt 0.28204378 0.22556031
vt 0.29835555 0.22422302
vt 0.29554069 0.22417879
vt 0.29103720 0.22471470
vt 0.29355431 0.22513962
vt 0.15642448 0.24285924
vt 0.19545738 0.23649764
vt 0.19427417 0.23719978
vt 0.11277477 0.25808120
vt 0.16604695 0.24133229
vt 0.14482471 0.24505836
vt 0.21760659 0.22409594
vt 0.13827568 0.23583615
vt 0.14728594 0.24495286
vt 0.09937242 0.26902020
vt 0.09962162 0.27051759
vt 0.30887094 0.21362376
vt 0.22591679 0.22264457
vt 0.22331651 0.22243494
vt 0.21972668 0.22242379
vt 0.17488393 0.24024475
vt 0.22499278 0.23265338
vt 0.36842525 0.22094530
vt 0.32109055 0.21303558
vt 0.37764543 0.21192408
vt 0.23591524 0.22157478
vt 0.23243167 0.22101063
vt 0.23423184 0.22120726
vt 0.15599978 0.23309827
vt 0.42524755 0.22192025
vt 0.20462301 0.23584658
vt 0.13187364 0.25166011
vt 0.41889593 0.21864063
vt 0.10522145 0.28272676
vt 0.10489616 0.27635020
vt 0.10503872 0.27843559
vt 0.10478149 0.27486813
vt 0.18522353 0.23801064
vt 0.18330503 0.23890805
vt 0.33122751 0.21295696
vt 0.32979643 0.21259862
vt 0.32815361 0.21241146
vt 0.32630372 0.21224314
vt 0.12522925 0.25772047
vt 0.12634960 0.25698519
vt 0.28766206 0.22497088
vt 0.28517699 0.22522497
vt 0.36715853 0.22136956
vt 0.37604052 0.22116935
vt 0.37455079 0.22160298
vt 0.30714020 0.21339738
vt 0.33173174 0.22239906
vt 0.33049497 0.22294158
vt 0.30104640 0.21442682
vt 0.15286490 0.24472767
vt 0.15025392 0.24478090
vt 0.31916472 0.21270704
vt 0.23546571 0.23131049
vt 0.19142614 0.22690314
vt 0.18987569 0.22674465
vt 0.17254505 0.24113011
vt 0.13643856 0.23654389
vt 0.29925054 0.21423578
vt 0.25462353 0.22955823
vt 0.42095551 0.22143877
vt 0.22335304 0.23346299
vt 0.34941605 0.21258831
vt 0.33801690 0.22260940
vt 0.33943909 0.22212011
vt 0.36832017 0.21233320
vt 0.41054651 0.22067499
vt 0.43691769 0.22346717
vt 0.26564029 0.21819013
vt 0.26293424 0.21778405
vt 0.14199355 0.24635130
vt 0.13555890 0.24837112
vt 0.23053506 0.22096205
vt 0.21120544 0.23565817
vt 0.18425149 0.22823042
vt 0.18168475 0.22814119
vt 0.41944236 0.22025073
vt 0.21690935 0.22276080
vt 0.38067275 0.22187918
vt 0.38235068 0.22157025
vt 0.16031036 0.24349934
vt 0.16256136 0.24326348
vt 0.13684560 0.23530412
vt 0.44318563 0.22426236
vt 0.27378520 0.21712285
vt 0.12593086 0.24416459
vt 0.29731551 0.21413004
vt 0.25978315 0.21766245
vt 0.32381958 0.21202743
vt 0.29188985 0.22595078
vt 0.14686829 0.24657947
vt 0.14841762 0.24589682
vt 0.43084189 0.22259569
vt 0.26455837 0.22804499
vt 0.26266268 0.22888196
vt 0.22781388 0.22099596
vt 0.10697073 0.26410258
vt 0.35904858 0.22112983
vt 0.30575505 0.21329790
vt 0.30128992 0.22458553
vt 0.29961416 0.22514802
vt 0.18036762 0.24033278
vt 0.18811212 0.22674739
vt 0.31618193 0.21245456
vt 0.34681112 0.21181214
vt 0.32220602 0.22307253
vt 0.33890563 0.21233892
vt 0.33684161 0.21198362
vt 0.17018968 0.24241275
vt 0.13980755 0.24735725
vt 0.13794002 0.24838001
vt 0.19234273 0.23789978
vt 0.14378546 0.23398852
vt 0.39881632 0.21319455
vt 0.39719141 0.21295530
vt 0.21452889 0.22240865
vt 0.21441922 0.22376049
vt 0.24417010 0.23080140
vt 0.14556791 0.24702489
vt 0.20881492 0.23650390
vt 0.14062880 0.23408401
vt 0.13803624 0.23436689
vt 0.35657874 0.21155268
vt 0.31372720 0.21223283
vt 0.22173329 0.23413688
vt 0.21927707 0.23510659
vt 0.36543676 0.22180820
vt 0.37337020 0.22188157
vt 0.11089911 0.25847310
vt 0.36599952 0.21162742
vt 0.36413300 0.21127027
vt 0.36189064 0.21094656
vt 0.28302133 0.22632569
vt 0.35737562 0.22165942
vt 0.27202883 0.21679425
vt 0.31169549 0.22383440
vt 0.31009668 0.22437888
vt 0.23359269 0.23202521
vt 0.35470727 0.21120691
vt 0.35238701 0.21086222
vt 0.15409108 0.24574101
vt 0.15107736 0.24684763
vt 0.15803142 0.24369377
vt 0.15562330 0.24505264
vt 0.37814236 0.22240841
vt 0.20096231 0.23717189
vt 0.25700310 0.21779191
vt 0.25490937 0.21863812
vt 0.24916372 0.21865213
vt 0.25180948 0.21866822
vt 0.34519216 0.21155220
vt 0.33394441 0.21171272
vt 0.37548286 0.21161526
vt 0.37315324 0.21116173
vt 0.37118351 0.21088040
vt 0.23853457 0.21955538
vt 0.24111287 0.21967828
vt 0.11744010 0.26600564
vt 0.19858986 0.23803121
vt 0.14610960 0.23413759
vt 0.27449667 0.22673613
vt 0.27281106 0.22741485
vt 0.13389473 0.25111568
vt 0.33637613 0.22311860
vt 0.18613015 0.22683841
vt 0.17494757 0.22971988
vt 0.17826506 0.22822148
vt 0.17276058 0.22960269
vt 0.17067586 0.22965378
vt 0.29787394 0.22580743
vt 0.34717578 0.22215813
vt 0.27066135 0.21672583
vt 0.13574757 0.23540276
vt 0.38709274 0.21179670
vt 0.39102870 0.21208698
vt 0.32785603 0.22361386
vt 0.37112492 0.22234690
vt 0.32036945 0.22376609
vt 0.29460037 0.21417010
vt 0.29354224 0.21508080
vt 0.29197240 0.21496820
vt 0.28938791 0.21481389
vt 0.28678796 0.21469814
vt 0.12183581 0.24812317
vt 0.12388035 0.24578887
vt 0.13484396 0.23665404
vt 0.25904489 0.23018670
vt 0.24410926 0.21977687
vt 0.24633680 0.21885967
vt 0.20668879 0.22392100
vt 0.20938803 0.22378695
vt 0.25094104 0.23071837
vt 0.16363126 0.24433476
vt 0.16169870 0.24514091
vt 0.16781241 0.24235344
vt 0.16548747 0.24358404
vt 0.13632755 0.25040472
vt 0.13760632 0.24989921
vt 0.10020186 0.26441479
vt 0.34577882 0.22256249
vt 0.18836226 0.23940122
vt 0.34350592 0.21135736
vt 0.12997705 0.25403500
vt 0.33455390 0.22363555
vt 0.29620302 0.22642541
vt 0.11761754 0.25101733
vt 0.10506322 0.27285886
vt 0.14323145 0.24779880
vt 0.14113155 0.24858433
vt 0.20412037 0.22416013
vt 0.26797497 0.21661830
vt 0.28139773 0.22697926
vt 0.38471493 0.21142042
vt 0.38257152 0.21108055
vt 0.38037673 0.21078128
vt 0.37888011 0.21058774
vt 0.37737516 0.21043247
vt 0.30301198 0.21312386
vt 0.27878350 0.21553349
vt 0.20149651 0.22513211
vt 0.19898853 0.22510827
vt 0.20321363 0.22514963
vt 0.19650111 0.22508919
vt 0.28827366 0.22696871
vt 0.35505837 0.22225016
vt 0.22515209 0.22126836
vt 0.11566556 0.25252306
vt 0.38844785 0.21032250
vt 0.27072811 0.22811371
vt 0.41950098 0.22173250
vt 0.28140584 0.21569395
vt 0.28296104 0.21580303
vt 0.13893424 0.25059569
vt 0.13712694 0.25203133
vt 0.15358548 0.23274684
vt 0.15169568 0.23259652
vt 0.14992680 0.23253340
vt 0.41722247 0.22114247
vt 0.30796561 0.22495455
vt 0.27615511 0.21539861
vt 0.24847546 0.23150915
vt 0.10259828 0.27523392
vt 0.10294235 0.27652925
vt 0.17794935 0.24133587
vt 0.17037798 0.24402106
vt 0.17322277 0.24295861
vt 0.12452443 0.24458766
vt 0.34179547 0.21119344
vt 0.10500950 0.26250547
vt 0.10508686 0.26130146
vt 0.10234380 0.26154089
vt 0.10231343 0.26265043
vt 0.10750570 0.26246715
vt 0.10768620 0.26083302
vt 0.10719363 0.26023293
vt 0.10829241 0.25991344
vt 0.35911858 0.21055597
vt 0.34241945 0.22336859
vt 0.21660571 0.23601401
vt 0.14825678 0.24744993
vt 0.38663816 0.21015006
vt 0.40138522 0.21364522
vt 0.22740659 0.23414934
vt 0.22985169 0.23328662
vt 0.19401340 0.22509217
vt 0.23597325 0.21947843
vt 0.34960103 0.21049064
vt 0.28405458 0.21479422
vt 0.36853379 0.21058363
vt 0.32132158 0.21179235
vt 0.10013983 0.26273191
vt 0.33150581 0.21146208
vt 0.11351524 0.25459009
vt 0.11573146 0.27257872
vt 0.10008049 0.26165348
vt 0.13025887 0.24089396
vt 0.31124982 0.21202683
vt 0.26506597 0.21679771
vt 0.11637405 0.25143290
vt 0.43479979 0.22334790
vt 0.15864415 0.24612403
vt 0.36173883 0.22253686
vt 0.20616107 0.23747134
vt 0.42346191 0.22213793
vt 0.10495485 0.26013887
vt 0.10313445 0.27853239
vt 0.10323644 0.28058678
vt 0.11425270 0.25318509
vt 0.09887480 0.26284534
vt 0.41852066 0.21943438
vt 0.13228647 0.23857421
vt 0.32470611 0.22441506
vt 0.26708764 0.22934747
vt 0.25624564 0.23069662
vt 0.16853063 0.24461174
vt 0.19615267 0.23905915
vt 0.11178537 0.25524163
vt 0.11093835 0.25669527
vt 0.28573588 0.22770935
vt 0.17560346 0.24214208
vt 0.09884795 0.26439202
vt 0.42898947 0.22268087
vt 0.37575367 0.22262156
vt 0.13652860 0.23419583
vt 0.41237757 0.21455312
vt 0.23799758 0.23272943
vt 0.30439508 0.22591650
vt 0.18596298 0.24073303
vt 0.14358582 0.24955320
vt 0.14085436 0.25031430
vt 0.12353334 0.26040077
vt 0.12431922 0.25927866
vt 0.13673410 0.25310552
vt 0.13395515 0.25296557
vt 0.20049295 0.23936409
vt 0.18010448 0.24271625
vt 0.21970387 0.23714435
vt 0.42049566 0.21776575
vt 0.27769375 0.22813165
vt 0.18357565 0.24072003
vt 0.10218632 0.27451742
vt 0.10256258 0.27267873
vt 0.13199398 0.25368083
vt 0.21040070 0.23807484
vt 0.20676707 0.23923808
vt 0.20470339 0.23976505
vt 0.35226578 0.22293431
vt 0.36887702 0.22277510
vt 0.44112703 0.22417706
vt 0.31703743 0.22462457
vt 0.11572254 0.28067279
vt 0.12809002 0.25632620
vt 0.17666376 0.24386728
vt 0.22246185 0.23611969
vt 0.22304563 0.23764253
vt 0.22046195 0.23811495
vt 0.21777500 0.23854333
vt 0.21554177 0.23936510
vt 0.21503842 0.23859543
vt 0.22489183 0.23729384
vt 0.19659097 0.24076039
vt 0.19452223 0.24141109
vt 0.22475389 0.23515874
vt 0.31467381 0.22524863
vt 0.40347204 0.21403158
vt 0.29341039 0.22699046
vt 0.34998211 0.22346723
vt 0.38526577 0.22256625
vt 0.14637488 0.24881828
vt 0.18824670 0.24165255
vt 0.18479280 0.24300009
vt 0.19140734 0.24036169
vt 0.19206077 0.24211609
vt 0.13021804 0.23908043
vt 0.21239431 0.23927438
vt 0.26435959 0.22993994
vt 0.11546466 0.26919723
vt 0.33223113 0.22422010
vt 0.10475792 0.25875485
vt 0.10680790 0.25857753
vt 0.11570739 0.27126205
vt 0.33991364 0.22394931
vt 0.24578071 0.23199999
vt 0.35948408 0.22302163
vt 0.13527527 0.25357413
vt 0.13390617 0.25482333
vt 0.11913903 0.24970710
vt 0.15629150 0.24685794
vt 0.16618937 0.24529743
vt 0.10914204 0.25714409
vt 0.42727071 0.22267407
vt 0.10857526 0.25859761
vt 0.10018295 0.27147269
vt 0.27525127 0.22890526
vt 0.25076234 0.23311663
vt 0.25446019 0.23371118
vt 0.25691614 0.23286378
vt 0.25967813 0.23351371
vt 0.26194486 0.23310035
vt 0.25778124 0.23381609
vt 0.11575434 0.27856708
vt 0.25541094 0.23420942
vt 0.30194119 0.22662765
vt 0.32203025 0.22473300
vt 0.43302050 0.22386599
vt 0.12626679 0.25861681
vt 0.13181646 0.25712287
vt 0.13294704 0.23743850
vt 0.10223746 0.26034188
vt 0.22913714 0.23558450
vt 0.28287396 0.22815746
vt 0.24582154 0.23437679
vt 0.24252211 0.23393929
vt 0.23532194 0.23377037
vt 0.23794989 0.23518986
vt 0.22899272 0.23746675
vt 0.23468210 0.23622024
vt 0.17389852 0.24460053
vt 0.17912361 0.24413347
vt 0.18169869 0.24372423
vt 0.14479060 0.25029790
vt 0.14767918 0.24970520
vt 0.14196646 0.25083566
vt 0.13986950 0.25210822
vt 0.20003100 0.24091637
vt 0.25228229 0.23423028
vt 0.24975653 0.23480952
vt 0.11952051 0.26507008
vt 0.37388390 0.22359407
vt 0.14926726 0.24930036
vt 0.11601821 0.27464759
vt 0.11596914 0.27655542
vt 0.36671776 0.22297335
vt 0.31230280 0.22584540
vt 0.26461476 0.23255807
vt 0.12186091 0.24650192
vt 0.12196118 0.26301289
vt 0.41032833 0.22196019
vt 0.38266182 0.22293049
vt 0.15383279 0.24736100
vt 0.29894397 0.22735929
vt 0.35704121 0.22324002
vt 0.34765729 0.22396594
vt 0.39743590 0.21176219
vt 0.26784047 0.23138022
vt 0.13002729 0.25586694
vt 0.27191019 0.22990358
vt 0.18955337 0.24277037
vt 0.18688034 0.24320889
vt 0.16343153 0.24581575
vt 0.11008464 0.25574684
vt 0.33752185 0.22432530
vt 0.40693909 0.21353441
vt 0.40537101 0.21325350
vt 0.40363827 0.21295607
vt 0.40155354 0.21263111
vt 0.39932948 0.21246421
vt 0.17687495 0.24508792
vt 0.17456621 0.24591964
vt 0.37115738 0.22492170
vt 0.29452789 0.22936946
vt 0.29264930 0.22991186
vt 0.28903314 0.22907841
vt 0.12588115 0.24294716
vt 0.33004993 0.22454202
vt 0.28060323 0.23004961
vt 0.27507624 0.23124027
vt 0.12317761 0.24488378
vt 0.13432722 0.23566461
vt 0.11978026 0.24836767
vt 0.12269093 0.26180249
vt 0.13844883 0.25310469
vt 0.12999316 0.25938547
vt 0.12045678 0.24686706
vt 0.11803997 0.27271271
vt 0.11807277 0.27425289
vt 0.11790211 0.27083516
vt 0.11749320 0.26730490
vt 0.12820445 0.25815904
vt 0.11271632 0.25367820
vt 0.11823578 0.27566814
vt 0.11960831 0.26683497
vt 0.12461004 0.26104891
vt 0.41023439 0.21395957
vt 0.10745951 0.25750911
vt 0.12641354 0.26051044
vt 0.11825595 0.27676415
vt 0.12836826 0.25994635
vt 0.12792167 0.26198769
vt 0.12654881 0.26225734
vt 0.40009335 0.21037495
vt 0.40192035 0.21100748
vt 0.40112308 0.20956790
vt 0.12022004 0.27290189
vt 0.11921030 0.27495980
vt 0.12020017 0.27171504
vt 0.12111487 0.26460707
vt 0.12319315 0.26368368
vt 0.12472589 0.26295060
vt 0.12002291 0.27047431
vt 0.11976585 0.26893091
vt 0.11926566 0.27683055
vt 0.40220332 0.20977110
vt 0.40397105 0.21168405
vt 0.11826200 0.27854890
vt 0.40435031 0.21013391
vt 0.12207188 0.26795959
vt 0.12296004 0.26729542
vt 0.12366480 0.26522720
vt 0.10066721 0.27252960
vt 0.09950057 0.27258176
vt 0.10045191 0.27433336
vt 0.40630320 0.21258539
vt 0.11743838 0.28083163
vt 0.12475454 0.26469243
vt 0.12214381 0.26928592
vt 0.12109930 0.27121860
vt 0.10123266 0.27518427
vt 0.11943574 0.27777666
vt 0.12111369 0.27234757
vt 0.41204941 0.21339977
vt 0.09923913 0.27127117
vt 0.40672141 0.21060014
vt 0.40845519 0.21277392
vt 0.40908992 0.21093118
vt 0.41062191 0.21309972
vt 0.41100815 0.21174145
vt 0.12318404 0.26873767
vt 0.12401640 0.26801157
vt 0.12224389 0.27145326
vt 0.12319308 0.26961148
vt 0.12128782 0.27347922
vt 0.12066782 0.27512443
vt 0.11966743 0.27871209
vt 0.77875966 0.57535177
vt 0.77816528 0.57608712
vt 0.77756268 0.57487977
vt 0.77900082 0.57642096
vt 0.77883482 0.57434952
vt 0.77639639 0.57500994
vt 0.77692378 0.57621902
vt 0.77825069 0.57735074
vt 0.77895373 0.57721853
vt 0.77963918 0.57462054
vt 0.77921170 0.57556218
vt 0.77603477 0.57422221
vt 0.77668464 0.57377440
vt 0.77777910 0.57300311
vt 0.77999222 0.57282645
vt 0.77915961 0.57184595
vt 0.78102964 0.57149762
vt 0.77583373 0.57306558
vt 0.77694982 0.57224953
vt 0.78041857 0.57327276
vt 0.78131109 0.57177967
vt 0.77516538 0.57366949
vt 0.77469254 0.57306403
vt 0.77825135 0.57090193
vt 0.78036463 0.57069474
vt 0.77521110 0.57266265
vt 0.77633089 0.57182306
vt 0.77540565 0.57464254
vt 0.77735567 0.57738411
vt 0.77994555 0.57665813
vt 0.77401447 0.57332677
vt 0.77394938 0.57286960
vt 0.77415431 0.57229477
vt 0.78056878 0.57499677
vt 0.78007489 0.57598931
vt 0.77272218 0.57297719
vt 0.77274698 0.57262963
vt 0.78131187 0.57378942
vt 0.78219134 0.57232088
vt 0.78365022 0.57310623
vt 0.77284086 0.57205713
vt 0.78270900 0.57453328
vt 0.78186870 0.57576150
vt 0.78453255 0.57559037
vt 0.77187741 0.57254273
vt 0.77184439 0.57205653
vt 0.77153391 0.57253206
vt 0.77100575 0.57138586
vt 0.77152377 0.57123083
vt 0.77052337 0.57059693
vt 0.77060848 0.57151955
vt 0.77099186 0.57229024
vt 0.76943773 0.57097811
vt 0.76896834 0.57042599
vt 0.76953769 0.56991357
vt 0.76992482 0.56965518
vt 0.76873565 0.56973755
vt 0.76859659 0.57054007
vt 0.76805764 0.57015485
vt 0.76794809 0.56961894
vt 0.76748544 0.57002020
vt 0.76748043 0.56950045
vt 0.76692271 0.56990457
vt 0.76612747 0.56944925
vt 0.76632541 0.57013494
vt 0.76571292 0.57009786
vt 0.76480550 0.56971651
vt 0.76530218 0.56900263
vt 0.76413238 0.56944489
vt 0.76372451 0.57015014
vt 0.76319629 0.56998372
vt 0.76277024 0.57050651
vt 0.76208991 0.57057697
vt 0.76235098 0.56977212
vt 0.76277512 0.56886637
vt 0.76125401 0.56945825
vt 0.76081985 0.57029188
vt 0.76040727 0.56921428
vt 0.76040721 0.56991708
vt 0.76026559 0.57063055
vt 0.75988060 0.57010221
vt 0.75959289 0.57084459
vt 0.75845551 0.57074237
vt 0.75872993 0.56984222
vt 0.75740606 0.57054555
vt 0.75742435 0.57147229
vt 0.75688052 0.57142103
vt 0.75984710 0.56906009
vt 0.75764149 0.56957316
vt 0.75659770 0.56936085
vt 0.75698406 0.57079166
vt 0.75606942 0.57134789
vt 0.75633645 0.57035118
vt 0.75521362 0.57017708
vt 0.75495607 0.57123554
vt 0.75480473 0.57204509
vt 0.75380206 0.57191122
vt 0.75396770 0.57111245
vt 0.75274140 0.57181370
vt 0.75681973 0.57005566
vt 0.75297159 0.57098728
vt 0.75189418 0.57169670
vt 0.75231349 0.57195282
vt 0.75166440 0.57205176
vt 0.75046992 0.57159418
vt 0.75139052 0.57128823
vt 0.75184858 0.57089955
vt 0.75978827 0.56842589
vt 0.75905377 0.56882906
vt 0.75423014 0.56998873
vt 0.75616378 0.56963152
vt 0.75617474 0.57216084
vt 0.75322074 0.56982404
vt 0.76036912 0.56812090
vt 0.75070059 0.57056069
vt 0.74860162 0.57148224
vt 0.75913990 0.57138789
vt 0.75835979 0.57160711
vt 0.76058286 0.57098043
vt 0.74938589 0.57068950
vt 0.74601245 0.57137507
vt 0.74818182 0.57059520
vt 0.74683237 0.57223701
vt 0.74805474 0.57228023
vt 0.75042349 0.57232547
vt 0.74570251 0.57223272
vt 0.74532616 0.57186222
vt 0.74427539 0.57135093
vt 0.74435318 0.57217652
vt 0.74303114 0.57210118
vt 0.74242294 0.57135963
vt 0.74175811 0.57211310
vt 0.74061543 0.57216197
vt 0.74076849 0.57137471
vt 0.73917818 0.57143962
vt 0.73940676 0.57221806
vt 0.73786831 0.57149118
vt 0.73793030 0.57229048
vt 0.73644054 0.57227325
vt 0.73643231 0.57161397
vt 0.73592210 0.57190776
vt 0.73537904 0.57232416
vt 0.73527116 0.57168192
vt 0.73395318 0.57251728
vt 0.73390478 0.57173038
vt 0.73261601 0.57263964
vt 0.73256809 0.57185626
vt 0.73136133 0.57277918
vt 0.73111767 0.57208723
vt 0.73061836 0.57255435
vt 0.73066413 0.57289368
vt 0.73573178 0.57146263
vt 0.72979820 0.57223189
vt 0.72850293 0.57314324
vt 0.72843772 0.57231218
vt 0.72690606 0.57261318
vt 0.72695309 0.57333243
vt 0.72637957 0.57321346
vt 0.72571987 0.57351106
vt 0.72561324 0.57306725
vt 0.72420686 0.57372338
vt 0.72418332 0.57280046
vt 0.72278452 0.57393235
vt 0.72273630 0.57306421
vt 0.72149324 0.57413995
vt 0.72117096 0.57341111
vt 0.72064537 0.57398981
vt 0.71990490 0.57441950
vt 0.71964955 0.57367849
vt 0.71844447 0.57468200
vt 0.71742028 0.57396412
vt 0.71698225 0.57495606
vt 0.71599424 0.57514650
vt 0.71529865 0.57441270
vt 0.71488798 0.57494891
vt 0.71401781 0.57556385
vt 0.71384990 0.57486963
vt 0.71228963 0.57597214
vt 0.71241504 0.57480663
vt 0.71077496 0.57528281
vt 0.70949912 0.57669896
vt 0.70924056 0.57562834
vt 0.70829570 0.57703561
vt 0.70764291 0.57604575
vt 0.70723879 0.57674968
vt 0.70753658 0.57725430
vt 0.70612198 0.57639718
vt 0.70765847 0.57786322
vt 0.70644301 0.57756221
vt 0.70296800 0.57711238
vt 0.70455378 0.57671958
vt 0.70489377 0.57797831
vt 0.70318878 0.57849157
vt 0.70183343 0.57883370
vt 0.70266426 0.57899034
vt 0.70169955 0.57744032
vt 0.70087004 0.57765538
vt 0.70003033 0.57924479
vt 0.69967848 0.57797056
vt 0.69842470 0.57967293
vt 0.69804966 0.57842648
vt 0.69692552 0.58008045
vt 0.69638449 0.57894081
vt 0.69598174 0.57965493
vt 0.69521946 0.58059096
vt 0.69882166 0.58074319
vt 0.70041054 0.58029097
vt 0.69737887 0.58127463
vt 0.69481844 0.57940412
vt 0.69358367 0.58107036
vt 0.70189160 0.57976246
vt 0.69319445 0.57987100
vt 0.69189864 0.58158416
vt 0.69156122 0.58040500
vt 0.69573486 0.58176321
vt 0.71536261 0.57583708
vt 0.69091415 0.58162189
vt 0.69145954 0.58212841
vt 0.69038028 0.58208311
vt 0.68963248 0.58150643
vt 0.68863827 0.58269691
vt 0.70027548 0.57686877
vt 0.73071307 0.57320988
vt 0.73021257 0.57186729
vt 0.69518244 0.57874686
vt 0.72092640 0.57468086
vt 0.70649713 0.57576144
vt 0.69068050 0.58329445
vt 0.68923038 0.58389008
vt 0.74000186 0.57100481
vt 0.68828613 0.58143908
vt 0.68702209 0.58327651
vt 0.68662512 0.58210480
vt 0.68758422 0.58442998
vt 0.68543333 0.58385509
vt 0.68501675 0.58267462
vt 0.68594038 0.58497274
vt 0.68432623 0.58426416
vt 0.68333548 0.58318603
vt 0.68442601 0.58564126
vt 0.68294740 0.58386433
vt 0.68206328 0.58508062
vt 0.68373919 0.58543628
vt 0.68167329 0.58372724
vt 0.68029594 0.58572096
vt 0.67981732 0.58443552
vt 0.67911530 0.58613890
vt 0.67808491 0.58504468
vt 0.68081999 0.58686876
vt 0.67928469 0.58761466
vt 0.68277603 0.58627474
vt 0.67769396 0.58574605
vt 0.67687464 0.58685428
vt 0.67861348 0.58742750
vt 0.67641449 0.58555979
vt 0.67498857 0.58738375
vt 0.67449385 0.58608276
vt 0.67316717 0.58647645
vt 0.67378277 0.58771002
vt 0.67573309 0.58886367
vt 0.67445844 0.58937734
vt 0.67771465 0.58823085
vt 0.70831555 0.57813811
vt 0.70985138 0.57777351
vt 0.69414002 0.58228761
vt 0.69242400 0.58272964
vt 0.71141374 0.57745034
vt 0.68997568 0.58085489
vt 0.70347619 0.57930487
vt 0.70525372 0.57893264
vt 0.70682746 0.57852507
vt 0.73514390 0.57332879
vt 0.73479468 0.57107103
vt 0.75205773 0.56967515
vt 0.72487253 0.57231933
vt 0.72001731 0.57325566
vt 0.70530367 0.57540089
vt 0.72905099 0.57146257
vt 0.71297055 0.57419515
vt 0.69396311 0.57857627
vt 0.71295661 0.57713383
vt 0.71429884 0.57679617
vt 0.74695802 0.57052445
vt 0.74568689 0.57055461
vt 0.74488157 0.57104307
vt 0.73134744 0.57376289
vt 0.73282439 0.57379377
vt 0.73427212 0.57385337
vt 0.75270945 0.57241052
vt 0.68212008 0.58294493
vt 0.75798297 0.56857163
vt 0.75929570 0.56818444
vt 0.72014010 0.57526916
vt 0.67676413 0.58490241
vt 0.72161806 0.57525849
vt 0.72307909 0.57507277
vt 0.73561054 0.57381088
vt 0.73681325 0.57367736
vt 0.73811001 0.57363731
vt 0.71602505 0.57643473
vt 0.71738935 0.57620853
vt 0.73919702 0.57069331
vt 0.68868440 0.58065701
vt 0.75013709 0.57009935
vt 0.71887976 0.57302916
vt 0.75545925 0.56935084
vt 0.67515302 0.59114891
vt 0.71901804 0.57607114
vt 0.69935852 0.57677174
vt 0.74052769 0.57337272
vt 0.74203753 0.57359642
vt 0.73659414 0.57040650
vt 0.75070512 0.56964076
vt 0.73955607 0.57393956
vt 0.73800737 0.57025468
vt 0.73488551 0.57446831
vt 0.73035043 0.57428694
vt 0.72445965 0.57483643
vt 0.73119134 0.57067680
vt 0.73264962 0.57046688
vt 0.71492839 0.57733011
vt 0.71408284 0.57792217
vt 0.74950606 0.56988174
vt 0.73529077 0.57051033
vt 0.70732248 0.57436031
vt 0.74049556 0.57044238
vt 0.74282688 0.57035446
vt 0.70889688 0.57402444
vt 0.75375009 0.57264793
vt 0.72973943 0.57087046
vt 0.75993729 0.57107419
vt 0.72872752 0.57414162
vt 0.72601897 0.57457441
vt 0.72507268 0.57532597
vt 0.72733861 0.57435471
vt 0.70256406 0.57542753
vt 0.70409095 0.57509804
vt 0.70080400 0.57603806
vt 0.74316555 0.57317364
vt 0.72015530 0.57643151
vt 0.74355751 0.56989646
vt 0.74264789 0.56964302
vt 0.69599611 0.57726383
vt 0.69769180 0.57664680
vt 0.68716443 0.58064592
vt 0.67859828 0.58854747
vt 0.72315156 0.57211030
vt 0.72703886 0.57088619
vt 0.75491118 0.57289034
vt 0.67562509 0.58485401
vt 0.69280207 0.57853758
vt 0.71033961 0.57375324
vt 0.69051820 0.58445024
vt 0.73886055 0.57444787
vt 0.74463344 0.57285440
vt 0.74263769 0.57422209
vt 0.74326617 0.57397497
vt 0.74448502 0.57343417
vt 0.74564606 0.57349992
vt 0.74685574 0.57351536
vt 0.68074536 0.58274740
vt 0.70572621 0.57473207
vt 0.73408145 0.57475179
vt 0.72413343 0.57598031
vt 0.73924178 0.56992269
vt 0.73854291 0.56964517
vt 0.71337932 0.57821214
vt 0.71501642 0.57281071
vt 0.71640569 0.57252979
vt 0.72962469 0.57480937
vt 0.73393261 0.57002980
vt 0.73316747 0.56981170
vt 0.75450492 0.56911027
vt 0.72836381 0.57044846
vt 0.72754556 0.57021391
vt 0.72553802 0.57116431
vt 0.74835044 0.57398194
vt 0.68353820 0.58678943
vt 0.68276566 0.58152544
vt 0.68454695 0.58068103
vt 0.75953203 0.56769550
vt 0.74200082 0.56939775
vt 0.69689751 0.58220834
vt 0.69436514 0.57779968
vt 0.75168419 0.57365692
vt 0.75279343 0.57371110
vt 0.74923432 0.57377791
vt 0.75037128 0.57347798
vt 0.75377232 0.57385427
vt 0.75362086 0.57452434
vt 0.74834645 0.56952095
vt 0.68939131 0.57924110
vt 0.68778622 0.57982421
vt 0.69114578 0.57850987
vt 0.75664490 0.57254690
vt 0.75799787 0.57220793
vt 0.70752698 0.57880408
vt 0.72122103 0.57189935
vt 0.72414804 0.57142872
vt 0.73827004 0.57460421
vt 0.70125747 0.58099937
vt 0.71897346 0.57716942
vt 0.76094407 0.56702012
vt 0.74962747 0.56922144
vt 0.67666554 0.59052169
vt 0.71350366 0.57309270
vt 0.71066135 0.57308185
vt 0.71213192 0.57339245
vt 0.70956600 0.57292724
vt 0.74179858 0.57445097
vt 0.73769784 0.56942326
vt 0.72896641 0.57509232
vt 0.71650416 0.57802385
vt 0.71790516 0.57775891
vt 0.75406045 0.57429785
vt 0.75447780 0.57361174
vt 0.68984628 0.58496875
vt 0.69620997 0.58269745
vt 0.67757875 0.58331364
vt 0.73227125 0.56963384
vt 0.67927945 0.58264327
vt 0.75831562 0.56789231
vt 0.67299700 0.58981287
vt 0.72635442 0.57605565
vt 0.72763753 0.57583857
vt 0.73179430 0.57524598
vt 0.72221714 0.57686073
vt 0.73303950 0.57515609
vt 0.71966946 0.57193464
vt 0.71674830 0.57179302
vt 0.71803510 0.57195598
vt 0.71553707 0.57166773
vt 0.67270029 0.58814251
vt 0.70446324 0.57447642
vt 0.74847001 0.56883633
vt 0.75280327 0.57467830
vt 0.74758691 0.57422704
vt 0.71191734 0.57901633
vt 0.71485931 0.57826030
vt 0.69782716 0.58260894
vt 0.69965577 0.58230901
vt 0.74716818 0.56908375
vt 0.74467474 0.56896156
vt 0.74593562 0.56907219
vt 0.75693744 0.56833780
vt 0.75564975 0.56884968
vt 0.68109709 0.58202118
vt 0.70927316 0.57953542
vt 0.68541622 0.58709627
vt 0.68839967 0.58615559
vt 0.76220572 0.56713146
vt 0.70608824 0.57967472
vt 0.69258255 0.57765836
vt 0.69159663 0.57761276
vt 0.75349385 0.56890422
vt 0.72269881 0.57113993
vt 0.72120595 0.57093102
vt 0.69919127 0.57593530
vt 0.69816142 0.57583213
vt 0.72489667 0.57624054
vt 0.68068701 0.58900601
vt 0.67861068 0.58966088
vt 0.67758304 0.59082967
vt 0.68363023 0.58777809
vt 0.68262422 0.58892047
vt 0.75683361 0.57305396
vt 0.69486606 0.58365148
vt 0.69360775 0.58454561
vt 0.67208523 0.58704424
vt 0.73669785 0.56921589
vt 0.72074664 0.57707405
vt 0.72661167 0.57008952
vt 0.73030049 0.57528663
vt 0.68588305 0.57969642
vt 0.68496788 0.57968467
vt 0.74075830 0.57476169
vt 0.67387378 0.59154689
vt 0.67215866 0.59041792
vt 0.67317438 0.59204596
vt 0.67426968 0.59247434
vt 0.67398441 0.59276682
vt 0.75760508 0.57286489
vt 0.74675936 0.57436305
vt 0.70334607 0.57434565
vt 0.71946990 0.57739174
vt 0.67153066 0.58861011
vt 0.67104036 0.58756530
vt 0.67072874 0.58762693
vt 0.67114437 0.58873022
vt 0.67071110 0.58717436
vt 0.67183495 0.58945537
vt 0.67166644 0.58956462
vt 0.70260233 0.58123368
vt 0.70445389 0.58097422
vt 0.75874233 0.57199335
vt 0.75484580 0.57402843
vt 0.75565308 0.57379925
vt 0.73703301 0.57497197
vt 0.73577762 0.57500541
vt 0.73455620 0.57507658
vt 0.73122466 0.56949574
vt 0.70872009 0.57294637
vt 0.75051349 0.57472515
vt 0.75183082 0.57481331
vt 0.74764943 0.56859016
vt 0.70743352 0.57992792
vt 0.76518756 0.57052559
vt 0.76451862 0.57050204
vt 0.72041696 0.57080853
vt 0.69156063 0.58490342
vt 0.73539859 0.56902158
vt 0.67665112 0.59168696
vt 0.74062598 0.56879115
vt 0.69662428 0.58345324
vt 0.69528037 0.58440244
vt 0.69455951 0.58493108
vt 0.67599666 0.58392537
vt 0.74458784 0.57480061
vt 0.69045091 0.57771754
vt 0.67419076 0.58481479
vt 0.67255491 0.58480394
vt 0.70136106 0.58216065
vt 0.70053595 0.58277756
vt 0.67545527 0.59224045
vt 0.73941910 0.57472450
vt 0.75725150 0.56772971
vt 0.67968237 0.58177561
vt 0.76877147 0.57083333
vt 0.72983986 0.56937110
vt 0.70614982 0.58091575
vt 0.71363509 0.57884109
vt 0.69032115 0.58578271
vt 0.68919319 0.58658260
vt 0.68826008 0.58722460
vt 0.74326390 0.56901574
vt 0.70529556 0.58149683
vt 0.70436805 0.58202875
vt 0.69704461 0.57588875
vt 0.72553903 0.57000315
vt 0.71253520 0.57939208
vt 0.75233448 0.56869107
vt 0.77180678 0.57282007
vt 0.71334183 0.57172120
vt 0.75108969 0.56847781
vt 0.68382955 0.57984316
vt 0.72915310 0.57578433
vt 0.72814977 0.57623202
vt 0.72730631 0.57661194
vt 0.72661889 0.57681882
vt 0.71847975 0.57801896
vt 0.71934247 0.57072073
vt 0.72367346 0.57684815
vt 0.72286999 0.57719803
vt 0.74928343 0.57468885
vt 0.69962496 0.58324617
vt 0.69863397 0.58370048
vt 0.74687225 0.56838715
vt 0.76154691 0.57118642
vt 0.76275992 0.57076913
vt 0.71134329 0.57998282
vt 0.68165630 0.58964127
vt 0.68078589 0.59016865
vt 0.70238924 0.57438326
vt 0.72412711 0.56992543
vt 0.70714164 0.57301629
vt 0.68907344 0.57790035
vt 0.76131546 0.56635803
vt 0.70339555 0.58246469
vt 0.73942149 0.56881613
vt 0.75946677 0.57173371
vt 0.69360250 0.58545607
vt 0.74214703 0.56857485
vt 0.67846185 0.58183211
vt 0.71180403 0.57179350
vt 0.67117453 0.58612514
vt 0.75276101 0.57508230
vt 0.71714956 0.57858241
vt 0.75651246 0.57359475
vt 0.69577414 0.57599950
vt 0.70946592 0.58071184
vt 0.70807993 0.58129394
vt 0.69243652 0.58604276
vt 0.70073062 0.57447046
vt 0.68749243 0.58760554
vt 0.68595219 0.58835942
vt 0.68238229 0.58006644
vt 0.76701486 0.57023650
vt 0.74609089 0.56823367
vt 0.67941725 0.59100705
vt 0.74109644 0.56822443
vt 0.76589018 0.57049137
vt 0.71543264 0.57917428
vt 0.75528836 0.57443213
vt 0.67401421 0.58373207
vt 0.68734318 0.57817847
vt 0.70555741 0.57313913
vt 0.74804521 0.57459533
vt 0.73421687 0.56881464
vt 0.76402456 0.57109731
vt 0.73074263 0.57631713
vt 0.72187120 0.57754451
vt 0.69720650 0.58438057
vt 0.76052058 0.57183933
vt 0.73225129 0.57588917
vt 0.73351866 0.57549000
vt 0.75438410 0.57481086
vt 0.76126468 0.57160199
vt 0.74339068 0.57474709
vt 0.69410765 0.57615697
vt 0.68439955 0.58912575
vt 0.76994246 0.57177800
vt 0.77033383 0.57250983
vt 0.76479304 0.57093817
vt 0.72532290 0.57720143
vt 0.77056277 0.57292628
vt 0.77117497 0.57279122
vt 0.73818690 0.56887400
vt 0.74024832 0.56799668
vt 0.74987376 0.56827372
vt 0.67725682 0.58197641
vt 0.71800572 0.57066566
vt 0.74485695 0.56800771
vt 0.68059391 0.58037788
vt 0.75470454 0.56858641
vt 0.67281955 0.58358228
vt 0.72850609 0.56917518
vt 0.72946930 0.57666737
vt 0.76947099 0.57197595
vt 0.69096357 0.58676440
vt 0.76004428 0.56673163
vt 0.67062330 0.58475697
vt 0.67038900 0.58618820
vt 0.67116016 0.58363694
vt 0.67016935 0.58482844
vt 0.74362195 0.56781083
vt 0.71970236 0.57822615
vt 0.76007420 0.57243854
vt 0.76812971 0.57063836
vt 0.76737171 0.57033986
vt 0.76699668 0.57053411
vt 0.71403575 0.57967812
vt 0.75845176 0.57271278
vt 0.75945508 0.57254314
vt 0.67563397 0.58216107
vt 0.72270310 0.56987381
vt 0.70670402 0.58188033
vt 0.73276168 0.56908315
vt 0.76645529 0.57048011
vt 0.73683327 0.56846088
vt 0.75861579 0.56732464
vt 0.70194638 0.58308369
vt 0.75069708 0.57521594
vt 0.73961699 0.56792903
vt 0.73553139 0.56827635
vt 0.75365412 0.57535261
vt 0.75410408 0.57527351
vt 0.76537985 0.57084203
vt 0.71022427 0.57194084
vt 0.76370829 0.57150149
vt 0.74223340 0.57476950
vt 0.76215583 0.57136673
vt 0.76300961 0.57162094
vt 0.74693131 0.57483345
vt 0.67778319 0.59181321
vt 0.74547112 0.57511008
vt 0.74428558 0.57528162
vt 0.69577295 0.58511585
vt 0.73836493 0.57500732
vt 0.72804046 0.57692820
vt 0.74122548 0.57510209
vt 0.74007314 0.57531023
vt 0.73475087 0.57588673
vt 0.76595992 0.57078826
vt 0.73597258 0.57561618
vt 0.71246415 0.58013332
vt 0.76091141 0.57231194
vt 0.76258266 0.57216787
vt 0.76174748 0.57223636
vt 0.73701513 0.57537365
vt 0.76450241 0.57130510
vt 0.68925107 0.58744818
vt 0.76985037 0.57270736
vt 0.68271041 0.58987010
vt 0.74820185 0.57539785
vt 0.74936688 0.57532984
vt 0.72402632 0.57760352
vt 0.75896424 0.57325351
vt 0.75821561 0.57338649
vt 0.75734907 0.57351249
vt 0.76837736 0.57095939
vt 0.71830440 0.57863933
vt 0.77085614 0.57325053
vt 0.75617599 0.57430810
vt 0.70526117 0.58239639
vt 0.74352175 0.57539415
vt 0.73336577 0.57609469
vt 0.75957543 0.57316381
vt 0.76492441 0.57120240
vt 0.76336545 0.57207716
vt 0.67271596 0.59271681
vt 0.67123449 0.59057313
vt 0.67039371 0.59126717
vt 0.66899538 0.58830750
vt 0.66937500 0.58801365
vt 0.66808063 0.58605134
vt 0.66710258 0.58660626
vt 0.67185682 0.59341079
vt 0.66990703 0.59290159
vt 0.66913843 0.59089810
vt 0.66805214 0.59274757
vt 0.66598994 0.59062821
vt 0.66800445 0.58911598
vt 0.66485798 0.58856654
vt 0.66673881 0.58773959
vt 0.66346323 0.59235322
vt 0.66519767 0.59436858
vt 0.66220337 0.59064484
vt 0.66221213 0.59316444
vt 0.65997529 0.59193212
vt 0.66102332 0.59401006
vt 0.65961134 0.59284300
vt 0.65876573 0.59561521
vt 0.65757310 0.59358048
vt 0.65509921 0.59541857
vt 0.65420026 0.59884167
vt 0.65276825 0.59695238
vt 0.65205520 0.60035962
vt 0.65033984 0.59884644
vt 0.65007854 0.60033143
vt 0.64948660 0.60205024
vt 0.65189499 0.60220903
vt 0.64798909 0.60028106
vt 0.64695877 0.60368568
vt 0.64536685 0.60153812
vt 0.65095162 0.60382724
vt 0.64847422 0.60552925
vt 0.64436632 0.60576773
vt 0.64549613 0.60724837
vt 0.64282691 0.60320365
vt 0.64267838 0.60608327
vt 0.64400250 0.60727990
vt 0.64220619 0.60720092
vt 0.64007646 0.60582191
vt 0.63946718 0.60865277
vt 0.63893336 0.61177820
vt 0.63696170 0.61025834
vt 0.63640529 0.61347401
vt 0.63397193 0.61208200
vt 0.63480693 0.61468136
vt 0.63195401 0.61357045
vt 0.62946588 0.61529660
vt 0.63111144 0.61723477
vt 0.62702602 0.61701202
vt 0.62869942 0.61895347
vt 0.62525958 0.61825824
vt 0.63237572 0.61149549
vt 0.62655914 0.62074572
vt 0.64320827 0.60875291
vt 0.63273442 0.61005658
vt 0.63534570 0.60808623
vt 0.63792288 0.60618639
vt 0.64033991 0.60463881
vt 0.63037097 0.61161822
vt 0.62532467 0.61482561
vt 0.62281621 0.61655778
vt 0.62779814 0.61311907
vt 0.65571624 0.60064352
vt 0.65806037 0.59904605
vt 0.66338116 0.59551233
vt 0.66043752 0.59743440
vt 0.65326804 0.60226279
vt 0.62534595 0.62080091
vt 0.62404346 0.61914068
vt 0.62420738 0.62242091
vt 0.62253809 0.61791712
vt 0.62217849 0.62053150
vt 0.62131763 0.62418634
vt 0.61973864 0.62234592
vt 0.61846858 0.62597382
vt 0.61713290 0.62440646
vt 0.61683905 0.62605268
vt 0.61539549 0.62468672
vt 0.61488175 0.62600195
vt 0.61545825 0.62183535
vt 0.61798841 0.62002724
vt 0.61213696 0.62415558
vt 0.61599362 0.62768018
vt 0.61199367 0.62782007
vt 0.60843933 0.63321269
vt 0.60941702 0.62959868
vt 0.61182052 0.63077098
vt 0.61021370 0.62548000
vt 0.60724479 0.63110173
vt 0.60762763 0.62725806
vt 0.60498971 0.62935299
vt 0.60480952 0.63103360
vt 0.60596126 0.63198096
vt 0.60709053 0.63331640
vt 0.60594851 0.63494873
vt 0.60425311 0.63316292
vt 0.60168451 0.63496661
vt 0.60319191 0.63681400
vt 0.60038823 0.63870639
vt 0.59907252 0.63710946
vt 0.59728831 0.63440341
vt 0.59726250 0.63738894
vt 0.59883559 0.63881356
vt 0.59680212 0.63868880
vt 0.59396034 0.63671386
vt 0.59524691 0.63582206
vt 0.59810269 0.64035624
vt 0.59341532 0.64385760
vt 0.59154367 0.64221537
vt 0.59213746 0.63801938
vt 0.58959723 0.63980615
vt 0.59054571 0.64585984
vt 0.58877248 0.64381969
vt 0.58703929 0.64157128
vt 0.58679497 0.64378560
vt 0.58834302 0.64507276
vt 0.58642477 0.64543390
vt 0.58912700 0.64598429
vt 0.58801198 0.64762646
vt 0.58527589 0.64949477
vt 0.58362937 0.64767438
vt 0.58265144 0.65131474
vt 0.58103734 0.64947844
vt 0.57948285 0.65057796
vt 0.58049011 0.65315348
vt 0.57928443 0.64723700
vt 0.57673448 0.64894855
vt 0.58182168 0.64534676
vt 0.58394974 0.64374769
vt 0.59985268 0.63259155
vt 0.60253030 0.63103640
vt 0.62047440 0.61821949
vt 0.57818347 0.65147507
vt 0.57651037 0.65032053
vt 0.57590693 0.65309268
vt 0.57927638 0.65310675
vt 0.61346626 0.62322110
vt 0.57789367 0.65508491
vt 0.57341635 0.65495533
vt 0.57511014 0.65697265
vt 0.57141358 0.65642196
vt 0.57275969 0.65883118
vt 0.57163644 0.65263331
vt 0.56915224 0.65463507
vt 0.57417464 0.65071428
vt 0.56898707 0.65625477
vt 0.57018691 0.65726447
vt 0.57136410 0.65873271
vt 0.56842327 0.65839672
vt 0.56714469 0.65656656
vt 0.56552500 0.66000658
vt 0.57035267 0.66063082
vt 0.56356418 0.65725362
vt 0.56772584 0.66244078
vt 0.56505924 0.66418439
vt 0.56313539 0.66122383
vt 0.58525240 0.64280206
vt 0.60275096 0.62972289
vt 0.56050801 0.65891975
vt 0.63070709 0.61051524
vt 0.56619805 0.65521419
vt 0.64829767 0.59923595
vt 0.59246486 0.63565952
vt 0.63823748 0.60467768
vt 0.60029423 0.62996000
vt 0.61059463 0.62308800
vt 0.57440215 0.64920789
vt 0.62072188 0.61685693
vt 0.58225304 0.64271951
vt 0.64596874 0.59935588
vt 0.62845552 0.61081851
vt 0.56324184 0.66374141
vt 0.56030655 0.66284359
vt 0.56015205 0.65991777
vt 0.55856568 0.66030824
vt 0.55625021 0.66217518
vt 0.55789524 0.66459244
vt 0.55539113 0.66656643
vt 0.55794615 0.66967410
vt 0.55530369 0.67174643
vt 0.55299020 0.66874254
vt 0.55354923 0.66446787
vt 0.55122697 0.66631591
vt 0.55070728 0.66888601
vt 0.55300045 0.67069000
vt 0.55072516 0.67049706
vt 0.54867142 0.66789943
vt 0.54979241 0.66776437
vt 0.55314052 0.67341059
vt 0.55060685 0.67542279
vt 0.54828900 0.67216873
vt 0.54819608 0.67737740
vt 0.54581869 0.67416120
vt 0.54579777 0.67932910
vt 0.54339492 0.67614669
vt 0.54417878 0.68060452
vt 0.54104745 0.67788875
vt 0.54646415 0.66955614
vt 0.54114330 0.67950332
vt 0.53847247 0.67797005
vt 0.53872359 0.67965734
vt 0.53659207 0.67839950
vt 0.53683496 0.68136716
vt 0.55356205 0.67143232
vt 0.53511494 0.67920196
vt 0.53475070 0.68313515
vt 0.53922594 0.68413073
vt 0.54127711 0.68261862
vt 0.54301971 0.68141568
vt 0.53313357 0.68043333
vt 0.53335339 0.68425083
vt 0.53104252 0.68299776
vt 0.53697538 0.68577796
vt 0.53540832 0.68687832
vt 0.56045860 0.66769683
vt 0.54389799 0.67139727
vt 0.54139376 0.67328423
vt 0.53875780 0.67536438
vt 0.53767502 0.67469251
vt 0.53501666 0.67634946
vt 0.53644937 0.67716539
vt 0.56273544 0.66585153
vt 0.53406143 0.68776059
vt 0.52984887 0.68700278
vt 0.53074878 0.68434346
vt 0.52867556 0.68518406
vt 0.52804655 0.68845093
vt 0.52616680 0.68739212
vt 0.52997684 0.69058490
vt 0.52678692 0.68948269
vt 0.52570724 0.68874043
vt 0.52482086 0.69106942
vt 0.52374917 0.68932515
vt 0.52867472 0.69160396
vt 0.53175926 0.68931472
vt 0.52656800 0.69333422
vt 0.52426237 0.68799752
vt 0.55483693 0.67374426
vt 0.56426078 0.65549123
vt 0.63575095 0.61545122
vt 0.62587118 0.62241107
vt 0.61861390 0.61728358
vt 0.63479173 0.61676860
vt 0.53010905 0.69387698
vt 0.52908856 0.69568926
vt 0.63626426 0.60528713
vt 0.66263556 0.59758162
vt 0.66847646 0.59470415
vt 0.59075034 0.63619632
vt 0.57224172 0.64978313
vt 0.65807068 0.59230465
vt 0.60892105 0.62364829
vt 0.54404390 0.68315899
vt 0.65229350 0.60385656
vt 0.57190257 0.66074353
vt 0.61727071 0.62754267
vt 0.60749412 0.63485581
vt 0.56430537 0.66627628
vt 0.58041209 0.64340919
vt 0.54045379 0.67252332
vt 0.64263099 0.61121237
vt 0.53520787 0.68996590
vt 0.59842873 0.63060349
vt 0.66158193 0.59858966
vt 0.55405992 0.67592788
vt 0.65084511 0.60603684
vt 0.65463543 0.59347081
vt 0.52902955 0.68375009
vt 0.52699769 0.68447387
vt 0.64415371 0.59975213
vt 0.61659122 0.61797899
vt 0.62470323 0.62401384
vt 0.62663031 0.61143273
vt 0.57955509 0.65513760
vt 0.56355941 0.66832203
vt 0.58946842 0.64751971
vt 0.58514804 0.63898796
vt 0.58251715 0.64102829
vt 0.58763248 0.63710076
vt 0.66697085 0.59617186
vt 0.64871615 0.59604633
vt 0.54302484 0.68449169
vt 0.65109509 0.59434122
vt 0.57018417 0.65058511
vt 0.57089633 0.66259772
vt 0.60593808 0.62474972
vt 0.66557699 0.58706015
vt 0.61570895 0.63003510
vt 0.63403106 0.60608715
vt 0.63299263 0.61901879
vt 0.60631526 0.63662952
vt 0.59284765 0.63397765
vt 0.59543520 0.63156694
vt 0.59776068 0.64285302
vt 0.60317564 0.62574953
vt 0.66992891 0.59480792
vt 0.57476598 0.64624596
vt 0.56740832 0.65174961
vt 0.63776374 0.61580223
vt 0.64060152 0.61437422
vt 0.53420126 0.69200683
vt 0.53176063 0.69384503
vt 0.57706010 0.64442831
vt 0.65961111 0.60058057
vt 0.66487461 0.59790093
vt 0.64626133 0.59779263
vt 0.62864017 0.62287241
vt 0.63129556 0.62131482
vt 0.63112938 0.60700285
vt 0.57840520 0.65688801
vt 0.62116104 0.61397678
vt 0.61346698 0.61890811
vt 0.61094141 0.62122399
vt 0.62343711 0.61229753
vt 0.58762777 0.65012932
vt 0.63873899 0.60224551
vt 0.64115369 0.60045159
vt 0.56243098 0.66983283
vt 0.62317568 0.62588775
vt 0.52438682 0.68498135
vt 0.53315514 0.67848772
vt 0.55268908 0.67767477
vt 0.64827037 0.60939032
vt 0.64526814 0.61077553
vt 0.65551543 0.60436976
vt 0.60056973 0.62820798
vt 0.65779078 0.60300601
vt 0.55871296 0.65849936
vt 0.66326630 0.58783436
vt 0.56968796 0.66433507
vt 0.62141472 0.62836295
vt 0.60494000 0.63843173
vt 0.65850919 0.59006023
vt 0.66083366 0.58841133
vt 0.54132074 0.68656737
vt 0.63621700 0.61804956
vt 0.62871295 0.60919613
vt 0.57698005 0.65880483
vt 0.53156561 0.67951632
vt 0.58500725 0.65339470
vt 0.65297866 0.60588145
vt 0.55809122 0.67439824
vt 0.56057501 0.67267185
vt 0.56135142 0.65621948
vt 0.55910009 0.65712351
vt 0.63446653 0.62030947
vt 0.52220082 0.68685240
vt 0.61833137 0.62986076
vt 0.61309433 0.63330352
vt 0.62641168 0.62444252
vt 0.52945262 0.68071622
vt 0.55072874 0.67982090
vt 0.57512921 0.66110522
vt 0.61877751 0.61571741
vt 0.64373481 0.61305290
vt 0.64243889 0.61479890
vt 0.58326793 0.65579426
vt 0.67277187 0.59461343
vt 0.67402977 0.59342700
vt 0.66604275 0.58457625
vt 0.66715473 0.58442211
vt 0.60328954 0.64108181
vt 0.60048234 0.64248419
vt 0.61139762 0.63568097
vt 0.59525895 0.64598703
vt 0.57233703 0.64809465
vt 0.59361428 0.64821506
vt 0.65626538 0.59156668
vt 0.65304136 0.59229261
vt 0.65129614 0.59278935
vt 0.53270751 0.67655778
vt 0.53945929 0.68852532
vt 0.53758109 0.69043362
vt 0.53601378 0.69230914
vt 0.56805819 0.66714936
vt 0.63327801 0.62172347
vt 0.53091216 0.69571066
vt 0.59045708 0.64976466
vt 0.64120579 0.61630321
vt 0.64001924 0.61747605
vt 0.54591322 0.68345690
vt 0.54903334 0.68184942
vt 0.61669105 0.63243973
vt 0.61483717 0.63484347
vt 0.62476861 0.62725163
vt 0.62349743 0.62882566
vt 0.65133911 0.60830963
vt 0.65019912 0.60975969
vt 0.60837847 0.63714707
vt 0.66276723 0.59969270
vt 0.66085571 0.60173011
vt 0.65936077 0.60340858
vt 0.58035004 0.65735370
vt 0.52694976 0.68209714
vt 0.63194394 0.62310177
vt 0.62215406 0.63031697
vt 0.55571336 0.67619455
vt 0.64887273 0.61117899
vt 0.59885824 0.64511448
vt 0.59703231 0.64745581
vt 0.59596616 0.64869648
vt 0.66804296 0.59717721
vt 0.57339102 0.66312522
vt 0.62074190 0.63178873
vt 0.54303747 0.67054260
vt 0.56547827 0.66862690
vt 0.52435952 0.68329251
vt 0.52232397 0.68401951
vt 0.52077985 0.68463928
vt 0.60673237 0.63993144
vt 0.60536826 0.64164472
vt 0.64750153 0.61255407
vt 0.58882064 0.65249777
vt 0.58687705 0.65490556
vt 0.58566308 0.65627283
vt 0.63052511 0.62448931
vt 0.65813851 0.60477161
vt 0.65710288 0.60575235
vt 0.66708225 0.59821105
vt 0.66576898 0.59946489
vt 0.61371028 0.63622582
vt 0.57873112 0.66027063
vt 0.60409760 0.64310342
vt 0.58418107 0.65775210
vt 0.59457612 0.65011966
vt 0.60287398 0.64438105
vt 0.66418284 0.60095018
vt 0.57689518 0.66256851
vt 0.62846249 0.62651199
vt 0.61236322 0.63766915
vt 0.65506077 0.60767007
vt 0.63798648 0.61949438
vt 0.59293276 0.65178066
vt 0.58254659 0.65936333
vt 0.52830225 0.67892623
vt 0.52688640 0.67967719
vt 0.52500778 0.68059641
vt 0.57595009 0.66370738
vt 0.57133776 0.66570443
vt 0.67107046 0.59630597
vt 0.61075598 0.63926882
vt 0.61861533 0.63400614
vt 0.56989789 0.66760802
vt 0.57464588 0.66515332
vt 0.53125501 0.67724192
vt 0.52267927 0.68213344
vt 0.64556164 0.61452961
vt 0.53475201 0.69384813
vt 0.56866014 0.66909552
vt 0.66217214 0.60285729
vt 0.56384575 0.67109841
vt 0.54440624 0.68580204
vt 0.55410260 0.67890233
vt 0.56232649 0.67302191
vt 0.54266280 0.68805385
vt 0.60079974 0.64658499
vt 0.59078681 0.65396857
vt 0.55223095 0.68101805
vt 0.56758493 0.67023706
vt 0.53351337 0.69491351
vt 0.58044183 0.66151732
vt 0.54560935 0.66863334
vt 0.56099850 0.67463017
vt 0.55985481 0.67586714
vt 0.65302205 0.60961181
vt 0.55081290 0.68250757
vt 0.54811364 0.68504488
vt 0.62643325 0.62857372
vt 0.63602042 0.62152535
vt 0.57305080 0.66695589
vt 0.60866189 0.64138216
vt 0.55780452 0.67803860
vt 0.76146775 0.57296443
vt 0.76062769 0.57305241
vt 0.76220334 0.57282442
vt 0.76279432 0.57244056
vt 0.77015465 0.57323492
vt 0.76761943 0.57095402
vt 0.76387078 0.57175261
vt 0.76058078 0.57390207
vt 0.76164955 0.57318449
vt 0.77413249 0.57408321
vt 0.77163464 0.57328033
vt 0.89101857 0.63945270
vt 0.89185089 0.64045966
vt 0.89227086 0.63886344
vt 0.89133739 0.63734567
vt 0.89133739 0.64166665
vt 0.89090288 0.64062804
vt 0.39344147 0.24351853
vt 0.39378464 0.24228394
vt 0.39500684 0.24347031
vt 0.39227086 0.24347031
vt 0.01484691 0.17932099
vt 0.01607387 0.17870373
vt 0.01333789 0.17870373
vt 0.65697825 0.46799231
vt 0.66588765 0.46846509
vt 0.66382331 0.47047436
vt 0.66667342 0.47079551
vt 0.66894865 0.46839714
vt 0.67105043 0.47072136
vt 0.66834623 0.47286081
vt 0.67282766 0.47289759
vt 0.67350560 0.47072792
vt 0.67585838 0.47077060
vt 0.67589378 0.46860236
vt 0.67554611 0.47290075
vt 0.66392630 0.47267109
vt 0.67809892 0.47086120
vt 0.67791462 0.47281456
vt 0.68018538 0.47274292
vt 0.67742038 0.47467470
vt 0.68011999 0.47098440
vt 0.67926508 0.46982038
vt 0.68088472 0.47013938
vt 0.68190229 0.47177064
vt 0.67802185 0.46937835
vt 0.67986000 0.47438467
vt 0.68211716 0.47431415
vt 0.68187517 0.47679776
vt 0.67940533 0.47658551
vt 0.67916107 0.47816277
vt 0.68263721 0.47796214
vt 0.68420136 0.47811782
vt 0.68435079 0.47958052
vt 0.68656349 0.47983849
vt 0.68646473 0.47836119
vt 0.68879563 0.47998011
vt 0.68881500 0.47859693
vt 0.68879128 0.47728539
vt 0.69133496 0.47754604
vt 0.68877292 0.47520840
vt 0.69123942 0.47527897
vt 0.69115591 0.47365224
vt 0.68877554 0.47344363
vt 0.68887383 0.47200966
vt 0.68639845 0.47319198
vt 0.69371760 0.47791314
vt 0.69379324 0.47496319
vt 0.69585001 0.47527635
vt 0.69602805 0.47761905
vt 0.69412476 0.47389591
vt 0.69221228 0.47898602
vt 0.69804013 0.47544944
vt 0.69819677 0.47756708
vt 0.70028502 0.47563386
vt 0.69806570 0.47397792
vt 0.70039678 0.47750837
vt 0.70055801 0.47942072
vt 0.70270485 0.47739607
vt 0.70294583 0.47989231
vt 0.70251459 0.48077214
vt 0.70759118 0.48203659
vt 0.70515960 0.47969252
vt 0.70741552 0.47954190
vt 0.70744073 0.47754860
vt 0.70975077 0.47775519
vt 0.70760721 0.47603869
vt 0.70565605 0.47601086
vt 0.70969486 0.47933829
vt 0.71097338 0.47787607
vt 0.71180695 0.47899783
vt 0.70969975 0.48176599
vt 0.71249843 0.47793686
vt 0.70704401 0.48292315
vt 0.70309019 0.48193002
vt 0.70075506 0.48204726
vt 0.70241553 0.48433352
vt 0.69722158 0.48205757
vt 0.69678438 0.48434472
vt 0.69371271 0.48459160
vt 0.69382399 0.48605871
vt 0.69250673 0.48552322
vt 0.69198740 0.48399866
vt 0.69125873 0.48457587
vt 0.68928355 0.48542559
vt 0.69019675 0.48324871
vt 0.69119477 0.48237222
vt 0.68889511 0.48300815
vt 0.69674534 0.48642540
vt 0.69663876 0.48784041
vt 0.69892591 0.48801410
vt 0.69431257 0.48746586
vt 0.70105708 0.48651862
vt 0.70119268 0.48787534
vt 0.70314580 0.48651850
vt 0.69393009 0.48216742
vt 0.68907666 0.48430830
vt 0.69170749 0.48615181
vt 0.70830983 0.48417974
vt 0.70491099 0.47710502
vt 0.69946104 0.48041272
vt 0.70265293 0.47583824
vt 0.71426284 0.47938907
vt 0.68636304 0.47693443
vt 0.68881923 0.48180282
vt 0.68435490 0.48168761
vt 0.68205357 0.48171270
vt 0.68362880 0.48372900
vt 0.68209273 0.48358226
vt 0.68181890 0.48484874
vt 0.67919135 0.48314118
vt 0.67629039 0.48405504
vt 0.67641324 0.48274636
vt 0.67479944 0.48385441
vt 0.67468178 0.48298389
vt 0.67630446 0.48117411
vt 0.67448187 0.48134935
vt 0.67437798 0.48023236
vt 0.67324936 0.47969550
vt 0.67588651 0.47979510
vt 0.68418974 0.48509645
vt 0.68499780 0.48466086
vt 0.68668985 0.48402929
vt 0.67733270 0.48223579
vt 0.68502384 0.48247844
vt 0.68190312 0.47911990
vt 0.68412054 0.47661555
vt 0.67567527 0.47853726
vt 0.70236611 0.48768556
vt 0.70386136 0.48724312
vt 0.70560074 0.48682511
vt 0.70551145 0.48572719
vt 0.70700061 0.48546576
vt 0.70777935 0.48628807
vt 0.70797676 0.48864806
vt 0.71017158 0.48852402
vt 0.70815969 0.49042904
vt 0.71038157 0.49054933
vt 0.71235615 0.48841554
vt 0.71245664 0.49081963
vt 0.71456248 0.48830831
vt 0.71215284 0.48622406
vt 0.71439624 0.48606664
vt 0.71199656 0.48385483
vt 0.71426195 0.48360515
vt 0.71665919 0.48589808
vt 0.71652621 0.48335451
vt 0.71417612 0.48120022
vt 0.71666145 0.48060465
vt 0.71870625 0.48075908
vt 0.71877921 0.48312175
vt 0.72096658 0.48085904
vt 0.72103286 0.48293793
vt 0.72117269 0.48564076
vt 0.72346383 0.48558187
vt 0.72361195 0.48781651
vt 0.72600025 0.48788488
vt 0.72610688 0.48950547
vt 0.72699374 0.48864734
vt 0.72829694 0.48759109
vt 0.72912008 0.49007779
vt 0.73020691 0.48962915
vt 0.73167175 0.49070740
vt 0.73073417 0.49163389
vt 0.73304081 0.49212843
vt 0.73527580 0.49229455
vt 0.73528826 0.49403417
vt 0.73749763 0.49388337
vt 0.73548132 0.49673009
vt 0.73304695 0.49630368
vt 0.73483658 0.49774635
vt 0.73705971 0.49790883
vt 0.73295718 0.49769616
vt 0.73839521 0.49250919
vt 0.73959112 0.49358296
vt 0.73305261 0.49418914
vt 0.73613465 0.49139547
vt 0.73751897 0.49644089
vt 0.72849566 0.49186724
vt 0.72616220 0.49199289
vt 0.72618842 0.49433482
vt 0.72381335 0.49409485
vt 0.72378033 0.49220294
vt 0.72616357 0.49561346
vt 0.72376323 0.49551201
vt 0.72815239 0.49579239
vt 0.72223490 0.49390763
vt 0.72832340 0.49465144
vt 0.72580087 0.48552001
vt 0.72371340 0.48976523
vt 0.72947055 0.48857272
vt 0.71871442 0.47945607
vt 0.72328937 0.48100853
vt 0.71891600 0.48574471
vt 0.71604699 0.47937131
vt 0.71679121 0.48818338
vt 0.71693248 0.49034965
vt 0.71917814 0.49017715
vt 0.71703851 0.49212706
vt 0.71482295 0.49199057
vt 0.71709162 0.49354470
vt 0.71937305 0.49363548
vt 0.71930510 0.49227065
vt 0.71485251 0.49350977
vt 0.71316326 0.49187994
vt 0.71473569 0.49048781
vt 0.71128792 0.49175394
vt 0.70591575 0.49030328
vt 0.70995361 0.48636222
vt 0.70579207 0.48879808
vt 0.71755821 0.47945398
vt 0.73954952 0.49188483
vt 0.68689948 0.48508662
vt 0.73836505 0.49038357
vt 0.74198568 0.49181467
vt 0.73523241 0.48980016
vt 0.73732346 0.48927474
vt 0.74321598 0.49109042
vt 0.74406606 0.49189794
vt 0.74426639 0.49309909
vt 0.74643093 0.49340880
vt 0.74426347 0.49411559
vt 0.74644828 0.49433613
vt 0.74872118 0.49381131
vt 0.74856329 0.49572790
vt 0.74645913 0.49588102
vt 0.74643290 0.49828374
vt 0.74438810 0.49864322
vt 0.74597251 0.49982190
vt 0.74371362 0.49966997
vt 0.74197280 0.49824840
vt 0.74187070 0.49960816
vt 0.74867767 0.49801207
vt 0.73973757 0.49811929
vt 0.74201936 0.49611080
vt 0.74866492 0.50004286
vt 0.74425834 0.49598372
vt 0.74924135 0.49512196
vt 0.75194085 0.49658000
vt 0.75104702 0.49579030
vt 0.75311512 0.49599433
vt 0.75724822 0.49748981
vt 0.75549018 0.49822032
vt 0.75550103 0.49612784
vt 0.75788230 0.49626046
vt 0.76007104 0.49808323
vt 0.76024556 0.49636960
vt 0.75972390 0.49527174
vt 0.76178318 0.49535012
vt 0.76037449 0.49373460
vt 0.75799733 0.49360466
vt 0.75561208 0.49348652
vt 0.76053077 0.49089587
vt 0.76285231 0.49130034
vt 0.75811893 0.49121821
vt 0.76140642 0.48979205
vt 0.76261765 0.49410367
vt 0.75571352 0.49136949
vt 0.76251143 0.49630666
vt 0.75982714 0.48970127
vt 0.76676178 0.49712980
vt 0.76479441 0.49825001
vt 0.76701814 0.49840319
vt 0.77005762 0.49726170
vt 0.76929301 0.49854136
vt 0.77176517 0.49841267
vt 0.77162480 0.50017190
vt 0.77391398 0.50028700
vt 0.77463990 0.49899662
vt 0.77396321 0.50166887
vt 0.77625138 0.50201428
vt 0.77166659 0.50140435
vt 0.76894611 0.50134784
vt 0.77164954 0.50287503
vt 0.77395034 0.50306457
vt 0.77165782 0.50486892
vt 0.76938879 0.50489831
vt 0.76937091 0.50646996
vt 0.77395916 0.50481749
vt 0.77624059 0.50475764
vt 0.77394897 0.50700259
vt 0.77598727 0.50731242
vt 0.77834862 0.50456500
vt 0.77844638 0.50706547
vt 0.78072196 0.50509864
vt 0.77566433 0.50820756
vt 0.78068525 0.50697291
vt 0.77165413 0.50675386
vt 0.78308308 0.50535750
vt 0.76766795 0.50625736
vt 0.78056431 0.50383061
vt 0.76700699 0.50513113
vt 0.78293729 0.50684774
vt 0.78510547 0.50656766
vt 0.78286922 0.50901723
vt 0.78637409 0.50565290
vt 0.78746289 0.50702643
vt 0.78980905 0.50732487
vt 0.78743899 0.50923365
vt 0.78983432 0.50904465
vt 0.79197568 0.50882876
vt 0.78988975 0.51136363
vt 0.79220778 0.51174891
vt 0.79452461 0.50953978
vt 0.79462987 0.51141191
vt 0.79296416 0.51292855
vt 0.79468143 0.51313239
vt 0.79709911 0.51109421
vt 0.79705620 0.51356608
vt 0.79925513 0.51158106
vt 0.79925978 0.51338202
vt 0.80151135 0.51193804
vt 0.79848009 0.51018125
vt 0.79780996 0.51453006
vt 0.79920083 0.51468843
vt 0.80153018 0.51331794
vt 0.79230660 0.50765556
vt 0.79136097 0.51281291
vt 0.78533077 0.50957918
vt 0.78062361 0.50878567
vt 0.78743702 0.51108068
vt 0.76614302 0.50610018
vt 0.76487452 0.50472987
vt 0.76711673 0.50223351
vt 0.76487213 0.50252843
vt 0.76259995 0.50447410
vt 0.76556706 0.50099206
vt 0.76259363 0.50059032
vt 0.76102191 0.49892473
vt 0.76012969 0.49995303
vt 0.76006240 0.50296110
vt 0.75794291 0.50259322
vt 0.75987214 0.50407881
vt 0.75790471 0.50395757
vt 0.75559068 0.50226283
vt 0.75792021 0.50011832
vt 0.76259160 0.50262547
vt 0.75558186 0.50018030
vt 0.75398558 0.50202125
vt 0.75320947 0.50054187
vt 0.75238979 0.50181192
vt 0.75091344 0.50004798
vt 0.75083381 0.50167495
vt 0.79447484 0.50811177
vt 0.79441524 0.50692666
vt 0.79674500 0.50707293
vt 0.79699457 0.50883323
vt 0.79916042 0.50872266
vt 0.79905212 0.50721192
vt 0.79886663 0.50557083
vt 0.80131018 0.50580037
vt 0.80131811 0.50735104
vt 0.79905289 0.50425112
vt 0.80137438 0.50429153
vt 0.80169517 0.50211561
vt 0.80381465 0.50231808
vt 0.80268914 0.50105202
vt 0.80109853 0.50091207
vt 0.80394387 0.50108367
vt 0.80622625 0.50243664
vt 0.80366534 0.50436461
vt 0.79912835 0.50254941
vt 0.80142683 0.50872922
vt 0.79438919 0.50536197
vt 0.76937860 0.50268209
vt 0.76711357 0.49573213
vt 0.76939565 0.49581939
vt 0.77184939 0.49626565
vt 0.77184558 0.49361104
vt 0.77411646 0.49383390
vt 0.77397054 0.49599218
vt 0.77641720 0.49411285
vt 0.77630788 0.49586654
vt 0.77620637 0.49786031
vt 0.77853423 0.49555457
vt 0.77852052 0.49814868
vt 0.78093642 0.49603444
vt 0.77935743 0.49434638
vt 0.78076428 0.49858356
vt 0.78320754 0.49628568
vt 0.78310376 0.49817461
vt 0.78480440 0.49647784
vt 0.78549057 0.49778110
vt 0.78641814 0.49663270
vt 0.77932674 0.49966943
vt 0.78778875 0.49824250
vt 0.78725451 0.50076401
vt 0.79012430 0.49857867
vt 0.78996861 0.50043941
vt 0.79245692 0.49892718
vt 0.79231215 0.50032955
vt 0.79365557 0.49910128
vt 0.78984469 0.50226611
vt 0.79216033 0.50252259
vt 0.79179871 0.50407958
vt 0.79441530 0.50422466
vt 0.79447448 0.50268650
vt 0.78741562 0.50195265
vt 0.79445261 0.50013065
vt 0.79695916 0.50063068
vt 0.79679537 0.50309318
vt 0.79522210 0.49920523
vt 0.77384311 0.49759817
vt 0.77622259 0.50044775
vt 0.76961815 0.49322009
vt 0.76934624 0.50010258
vt 0.77776122 0.49428916
vt 0.76253968 0.49810004
vt 0.75554073 0.49491644
vt 0.75319487 0.49781084
vt 0.75808191 0.49847054
vt 0.74816608 0.49291438
vt 0.73960084 0.48948967
vt 0.74923199 0.49429357
vt 0.73396635 0.48901534
vt 0.73520011 0.48798406
vt 0.73291981 0.48768544
vt 0.73532486 0.48467243
vt 0.73740119 0.48497725
vt 0.73289514 0.48511767
vt 0.73057127 0.48526657
vt 0.73289204 0.48313445
vt 0.73053962 0.48293787
vt 0.73468852 0.48329663
vt 0.80193335 0.51070744
vt 0.70542419 0.48432803
vt 0.80148178 0.51497632
vt 0.80385107 0.51312238
vt 0.80377078 0.51528513
vt 0.80610543 0.51359355
vt 0.80562401 0.51237649
vt 0.80838001 0.51391768
vt 0.80834663 0.51251686
vt 0.80831343 0.51062334
vt 0.81062621 0.51072228
vt 0.81278455 0.51331031
vt 0.81292766 0.51097006
vt 0.81051046 0.50926191
vt 0.81282878 0.50938654
vt 0.81277043 0.50764459
vt 0.81515205 0.51129442
vt 0.81042939 0.50763357
vt 0.81553257 0.50680989
vt 0.81274831 0.50636697
vt 0.81262797 0.50475782
vt 0.81478190 0.50465071
vt 0.81714922 0.50700176
vt 0.81708407 0.50801986
vt 0.81717026 0.50511521
vt 0.81933612 0.50532740
vt 0.81943905 0.50840306
vt 0.81775838 0.50924855
vt 0.81936842 0.50671607
vt 0.82159126 0.50652379
vt 0.82171553 0.50875765
vt 0.82404321 0.50703526
vt 0.82410455 0.50926161
vt 0.82339597 0.51030493
vt 0.82582039 0.51050955
vt 0.82634521 0.50905335
vt 0.82865268 0.50902665
vt 0.82859308 0.51079524
vt 0.83075321 0.50891197
vt 0.82989877 0.50791556
vt 0.83087218 0.51101601
vt 0.83324862 0.50946331
vt 0.83317244 0.51123852
vt 0.83313304 0.51254052
vt 0.83084470 0.51247078
vt 0.83468944 0.51257557
vt 0.83525085 0.51157850
vt 0.83771527 0.51274896
vt 0.83898610 0.51411277
vt 0.83796161 0.51105756
vt 0.83548695 0.51614159
vt 0.83777291 0.51625824
vt 0.83796859 0.51760811
vt 0.84009755 0.51627129
vt 0.83321077 0.51593900
vt 0.84298712 0.51459605
vt 0.84028625 0.51776671
vt 0.84576130 0.51600981
vt 0.84549773 0.51482874
vt 0.84921318 0.51659304
vt 0.84452593 0.51366740
vt 0.84890419 0.51830554
vt 0.84469849 0.51825780
vt 0.84010208 0.51134735
vt 0.83890277 0.51021361
vt 0.83568066 0.51748306
vt 0.84710091 0.51981753
vt 0.84931946 0.52005756
vt 0.85154015 0.52027190
vt 0.85224819 0.51679409
vt 0.85374892 0.51702034
vt 0.85382897 0.52039140
vt 0.85638034 0.51893890
vt 0.85609114 0.51738101
vt 0.85392773 0.52187848
vt 0.85165066 0.52168411
vt 0.84236181 0.51325440
vt 0.85148376 0.52371472
vt 0.85794407 0.51883835
vt 0.85840112 0.51785231
vt 0.85839933 0.51590031
vt 0.86069489 0.51614374
vt 0.86063200 0.51764303
vt 0.86377686 0.51652503
vt 0.84469432 0.51187652
vt 0.84919423 0.51527143
vt 0.85627955 0.52350014
vt 0.85449719 0.52488458
vt 0.84627438 0.51208973
vt 0.86297214 0.51762623
vt 0.86512285 0.51752657
vt 0.86291504 0.51924944
vt 0.86524057 0.51951283
vt 0.86762428 0.51802713
vt 0.86775124 0.51996380
vt 0.86995995 0.51834565
vt 0.86988384 0.51980793
vt 0.86601633 0.52075940
vt 0.84919608 0.51362079
vt 0.83735383 0.51005691
vt 0.82405394 0.51160914
vt 0.85082024 0.51670647
vt 0.85384125 0.51524079
vt 0.85675633 0.52531165
vt 0.84946090 0.52152121
vt 0.85612249 0.51565027
vt 0.84241241 0.51159179
vt 0.84488636 0.51955122
vt 0.85292959 0.52477431
vt 0.85389292 0.52588814
vt 0.85176188 0.52614456
vt 0.85177535 0.52795202
vt 0.85011166 0.52781361
vt 0.84941357 0.52653402
vt 0.84851557 0.52780932
vt 0.84720844 0.52612531
vt 0.85415459 0.52822280
vt 0.84952956 0.52451295
vt 0.84730524 0.52434444
vt 0.84496367 0.52593571
vt 0.84485096 0.52399623
vt 0.84269911 0.52577555
vt 0.84277993 0.52421409
vt 0.84007627 0.52553701
vt 0.84546459 0.52319854
vt 0.84047884 0.52430600
vt 0.84264308 0.52298421
vt 0.84051186 0.52279401
vt 0.84046662 0.52141196
vt 0.83826017 0.52448809
vt 0.85172713 0.52468538
vt 0.84257072 0.51931131
vt 0.85151684 0.51393282
vt 0.83812290 0.52126426
vt 0.82872313 0.50774831
vt 0.87283105 0.51877213
vt 0.87217861 0.51980227
vt 0.87439132 0.51968235
vt 0.87210953 0.52113730
vt 0.85638118 0.52642208
vt 0.86002433 0.51894391
vt 0.84696209 0.51319182
vt 0.85619915 0.52205229
vt 0.87437028 0.52137005
vt 0.87326849 0.52271819
vt 0.87750751 0.52316511
vt 0.87460220 0.52473974
vt 0.87215608 0.52470422
vt 0.88102102 0.52468318
vt 0.87987328 0.52333462
vt 0.87914562 0.52658856
vt 0.88155758 0.52688920
vt 0.87904894 0.52221030
vt 0.88136286 0.52175790
vt 0.88043237 0.52058464
vt 0.88219130 0.52076900
vt 0.88151014 0.52814120
vt 0.87461293 0.52613622
vt 0.87234521 0.52602965
vt 0.87491769 0.52769136
vt 0.87113202 0.52804691
vt 0.87382311 0.52956033
vt 0.87781900 0.53003472
vt 0.87712210 0.53119749
vt 0.87973112 0.53133851
vt 0.87482256 0.53093398
vt 0.87476051 0.53284681
vt 0.87242264 0.53037930
vt 0.87707388 0.53271049
vt 0.88268965 0.53133082
vt 0.87249380 0.53240597
vt 0.88395107 0.52844644
vt 0.88383132 0.52996236
vt 0.88603616 0.53005058
vt 0.88817292 0.52884191
vt 0.88825774 0.53023642
vt 0.88767296 0.53128225
vt 0.89054883 0.53038406
vt 0.87932408 0.52786356
vt 0.87006050 0.52594233
vt 0.86795014 0.52914435
vt 0.86776137 0.52586401
vt 0.86467159 0.52748930
vt 0.86549389 0.52581948
vt 0.86329329 0.52601355
vt 0.87020469 0.52935940
vt 0.86801779 0.53046089
vt 0.86572886 0.53044862
vt 0.86570448 0.53165442
vt 0.87016267 0.53206491
vt 0.86566371 0.52875096
vt 0.86309355 0.52396446
vt 0.86261445 0.52718204
vt 0.88177413 0.53234518
vt 0.88358140 0.52214724
vt 0.86987472 0.52456123
vt 0.88477683 0.52501017
vt 0.86534774 0.52414542
vt 0.88385451 0.53125679
vt 0.87668967 0.52169651
vt 0.86081177 0.52375448
vt 0.88378412 0.53256011
vt 0.88146842 0.53431910
vt 0.87924224 0.53413898
vt 0.88369942 0.53450340
vt 0.84004629 0.51298052
vt 0.87156665 0.52941287
vt 0.86071986 0.52242440
vt 0.84401232 0.52314854
vt 0.88658518 0.52645224
vt 0.82072395 0.50546813
vt 0.86920124 0.52093297
vt 0.86753035 0.52232653
vt 0.87932849 0.53270036
vt 0.88689202 0.52529597
vt 0.88601482 0.52422982
vt 0.88816637 0.52399427
vt 0.88815147 0.52268302
vt 0.88585842 0.52239585
vt 0.88938594 0.52283365
vt 0.89027673 0.52382529
vt 0.88818228 0.52547097
vt 0.89045852 0.52583945
vt 0.89275748 0.52433354
vt 0.89270419 0.52635235
vt 0.89508659 0.52458465
vt 0.89506143 0.52611274
vt 0.89788008 0.52483970
vt 0.89740407 0.52603751
vt 0.89506614 0.52766168
vt 0.89739531 0.52796519
vt 0.89803344 0.52936625
vt 0.89957380 0.52588826
vt 0.89988232 0.52855933
vt 0.89345050 0.52747142
vt 0.82638496 0.50739449
vt 0.87545669 0.53381109
vt 0.85844284 0.52222282
vt 0.82174778 0.51016825
vt 0.81960231 0.51181138
vt 0.81041044 0.50632608
vt 0.80820185 0.50913948
vt 0.80597919 0.50903654
vt 0.80564201 0.50746894
vt 0.80362827 0.50755382
vt 0.81381589 0.50361019
vt 0.81218839 0.50302857
vt 0.81014127 0.50261903
vt 0.81050390 0.50205493
vt 0.81104231 0.50207579
vt 0.80605733 0.51066226
vt 0.80613798 0.51578707
vt 0.81147081 0.51436627
vt 0.81351411 0.51443011
vt 0.81284231 0.51532054
vt 0.81522614 0.51564223
vt 0.81290478 0.51747674
vt 0.81539011 0.51801032
vt 0.81750858 0.51580417
vt 0.81468207 0.51928592
vt 0.81625581 0.51923025
vt 0.81748199 0.51775491
vt 0.81060117 0.51723993
vt 0.81577271 0.51451188
vt 0.81066710 0.51558501
vt 0.86299133 0.52256274
vt 0.70824927 0.49155134
vt 0.82771051 0.51215422
vt 0.82416099 0.51375079
vt 0.82641333 0.51404345
vt 0.82653606 0.51525742
vt 0.82874757 0.51551157
vt 0.82659101 0.51678622
vt 0.82430476 0.51641685
vt 0.82427287 0.51500612
vt 0.83003414 0.51886463
vt 0.82833397 0.51866019
vt 0.82905447 0.51979798
vt 0.82665324 0.52004671
vt 0.82666063 0.52175450
vt 0.82905525 0.52220792
vt 0.82391167 0.52142912
vt 0.82435501 0.52012211
vt 0.82224214 0.52027231
vt 0.82429773 0.51803154
vt 0.82189935 0.51739866
vt 0.81975520 0.51971370
vt 0.81976527 0.51768386
vt 0.83121091 0.52033430
vt 0.82659870 0.51840085
vt 0.83107692 0.51734442
vt 0.83093476 0.51573288
vt 0.74045950 0.49252546
vt 0.79180765 0.50689459
vt 0.78749615 0.50479650
vt 0.78980160 0.50498509
vt 0.74639344 0.49152160
vt 0.74403328 0.48994088
vt 0.74640876 0.48947692
vt 0.74646282 0.48714358
vt 0.74875742 0.48737794
vt 0.74869078 0.48925447
vt 0.75050759 0.48756075
vt 0.75114191 0.48881304
vt 0.75204498 0.48766875
vt 0.75333512 0.48916018
vt 0.75088924 0.49164104
vt 0.74414682 0.48670113
vt 0.74489009 0.48547125
vt 0.74338472 0.48540413
vt 0.75344819 0.48767787
vt 0.74195874 0.48713601
vt 0.74201953 0.48529410
vt 0.73962826 0.48740721
vt 0.73968256 0.48512805
vt 0.75566274 0.48934162
vt 0.86980593 0.52246344
vt 0.83817315 0.52248436
vt 0.78501463 0.50479811
vt 0.78522682 0.50292248
vt 0.67358714 0.47489941
vt 0.67450243 0.47707891
vt 0.67233849 0.47706592
vt 0.67018998 0.47692621
vt 0.67213720 0.47873878
vt 0.67009836 0.47857106
vt 0.67000443 0.47959518
vt 0.66881675 0.47941291
vt 0.66810793 0.47852641
vt 0.66966957 0.48121548
vt 0.66780186 0.48043787
vt 0.67142379 0.48197293
vt 0.66807359 0.47674429
vt 0.66740304 0.47922015
vt 0.67198205 0.47992361
vt 0.65912747 0.47027194
vt 0.65669888 0.47014987
vt 0.65662909 0.47217983
vt 0.65899497 0.47231889
vt 0.65660262 0.47407323
vt 0.65876907 0.47464442
vt 0.65670562 0.47522402
vt 0.65426439 0.47355783
vt 0.66127360 0.47456926
vt 0.65426278 0.47472477
vt 0.65419912 0.47638595
vt 0.65650517 0.47691381
vt 0.65875292 0.47656083
vt 0.65720206 0.47814643
vt 0.65881997 0.47833979
vt 0.66180229 0.47721624
vt 0.66110253 0.47865415
vt 0.66329420 0.47892058
vt 0.66426599 0.47772843
vt 0.66352218 0.47671485
vt 0.66578341 0.47912443
vt 0.66386443 0.48038173
vt 0.66125554 0.47617328
vt 0.66359419 0.47470236
vt 0.65181541 0.47600788
vt 0.65190125 0.47418141
vt 0.65051931 0.47581458
vt 0.65427399 0.47207892
vt 0.65944546 0.47582048
vt 0.65431499 0.47003996
vt 0.65270847 0.47323728
vt 0.71904534 0.48804152
vt 0.66589975 0.47482324
vt 0.66135657 0.47247499
vt 0.72144914 0.48994505
vt 0.69578618 0.47394645
vt 0.74193233 0.48967326
vt 0.83121467 0.52207994
vt 0.83073944 0.52320552
vt 0.83348131 0.52210075
vt 0.83342594 0.52362734
vt 0.83576155 0.52196741
vt 0.83489782 0.52092302
vt 0.88357204 0.52374530
vt 0.83337188 0.51740825
vt 0.78299522 0.50277257
vt 0.83553106 0.50980318
vt 0.83347875 0.52075571
vt 0.82863343 0.51420742
vt 0.84729874 0.52323234
vt 0.77623558 0.50324976
vt 0.73734444 0.48760468
vt 0.78075981 0.50256115
vt 0.78069323 0.50063658
vt 0.77846485 0.50061017
vt 0.80810362 0.50734985
vt 0.75326401 0.49150813
vt 0.72150266 0.49261218
vt 0.71192527 0.48151803
vt 0.87692070 0.52631354
vt 0.81509101 0.50942111
vt 0.85154581 0.51571149
vt 0.69189364 0.48712492
vt 0.83652240 0.52111995
vt 0.79634631 0.50982761
vt 0.85308862 0.51412612
vt 0.76726484 0.49354541
vt 0.76898187 0.49199712
vt 0.76741415 0.49179941
vt 0.76498199 0.49368358
vt 0.78739762 0.50290638
vt 0.87673301 0.52008319
vt 0.76680261 0.50018746
vt 0.80308908 0.51209629
vt 0.78287256 0.50013530
vt 0.81521583 0.51304048
vt 0.81748015 0.51316333
vt 0.81971699 0.51333654
vt 0.82186460 0.51508290
vt 0.81737781 0.51161397
vt 0.73078889 0.49613893
vt 0.73078972 0.49430066
vt 0.67364776 0.46850741
vt 0.89295399 0.53201663
vt 0.89284497 0.53055632
vt 0.89516681 0.53208828
vt 0.89509833 0.53083253
vt 0.89743954 0.53238511
vt 0.89739555 0.53108805
vt 0.89985025 0.53098363
vt 0.89971888 0.53262937
vt 0.89979714 0.53394407
vt 0.90221477 0.53455454
vt 0.90195948 0.53285897
vt 0.90432203 0.53458470
vt 0.90358466 0.53551096
vt 0.90665597 0.53470546
vt 0.90673125 0.53565186
vt 0.90895694 0.53479826
vt 0.90443581 0.53686589
vt 0.90229148 0.53653091
vt 0.90201747 0.53916395
vt 0.89997000 0.53882116
vt 0.90063292 0.54012859
vt 0.89771295 0.53853571
vt 0.89989823 0.53681725
vt 0.89763534 0.53684819
vt 0.89534998 0.53689110
vt 0.89459747 0.53821874
vt 0.89304155 0.53713101
vt 0.89518654 0.53479141
vt 0.89292377 0.53428370
vt 0.89225376 0.53810674
vt 0.89750236 0.53507674
vt 0.89067525 0.53672093
vt 0.90452629 0.53898036
vt 0.90683639 0.53898895
vt 0.90457660 0.54039335
vt 0.90689373 0.54063338
vt 0.90685529 0.54213136
vt 0.90449494 0.54158688
vt 0.90907681 0.53702837
vt 0.90265167 0.54017818
vt 0.90913612 0.53894418
vt 0.90918100 0.54085714
vt 0.91144294 0.53883457
vt 0.91150755 0.54122478
vt 0.91372401 0.53871083
vt 0.91373622 0.54101139
vt 0.91593599 0.53865856
vt 0.91365170 0.53706962
vt 0.91585398 0.53718626
vt 0.91821373 0.53871340
vt 0.91577685 0.53641003
vt 0.91696244 0.53618866
vt 0.91339314 0.53507179
vt 0.91787744 0.53531760
vt 0.91568583 0.53299361
vt 0.91807956 0.53282511
vt 0.92038947 0.53255284
vt 0.92038727 0.53503299
vt 0.92267406 0.53292114
vt 0.92206055 0.53175128
vt 0.92499369 0.53315455
vt 0.92505383 0.53183144
vt 0.92732859 0.53345466
vt 0.92500907 0.53492916
vt 0.92735070 0.53496146
vt 0.92492658 0.53759915
vt 0.92749590 0.53756261
vt 0.92753333 0.53943592
vt 0.92378807 0.53906727
vt 0.92278010 0.53891188
vt 0.92346174 0.53969091
vt 0.92545551 0.54044938
vt 0.92263174 0.54031712
vt 0.92040014 0.53861815
vt 0.92033750 0.54039693
vt 0.91800576 0.54042047
vt 0.91777891 0.54228264
vt 0.91553843 0.54200256
vt 0.91745687 0.54424769
vt 0.91526949 0.54350483
vt 0.91335237 0.54169732
vt 0.91312683 0.54292661
vt 0.91978645 0.54425281
vt 0.92006701 0.54257065
vt 0.92141670 0.53838992
vt 0.92284554 0.53758878
vt 0.92971736 0.53500503
vt 0.92978168 0.53725094
vt 0.92473155 0.54091603
vt 0.92970318 0.53375596
vt 0.91966587 0.53154045
vt 0.91324013 0.53337401
vt 0.91572022 0.53106183
vt 0.91325158 0.53051013
vt 0.91400307 0.52951628
vt 0.91175646 0.52921951
vt 0.91102380 0.53071117
vt 0.91102779 0.53300899
vt 0.91609412 0.52948517
vt 0.90874684 0.53077585
vt 0.90879744 0.52879059
vt 0.90890843 0.52764970
vt 0.90633214 0.53112990
vt 0.90646082 0.52836543
vt 0.90416849 0.53070188
vt 0.90501302 0.53228307
vt 0.90422755 0.52860206
vt 0.90627068 0.52746487
vt 0.90700269 0.53251642
vt 0.91356969 0.53613448
vt 0.91800660 0.53705919
vt 0.91583705 0.54067028
vt 0.91211057 0.54182923
vt 0.93021703 0.53871799
vt 0.93219370 0.54003227
vt 0.93475050 0.53884953
vt 0.93473327 0.54020470
vt 0.93471390 0.54145825
vt 0.93237203 0.54124689
vt 0.93458700 0.54294682
vt 0.93641406 0.54160565
vt 0.93626159 0.54290462
vt 0.93764359 0.54166269
vt 0.93758535 0.54303086
vt 0.93894583 0.54178751
vt 0.93876076 0.54004347
vt 0.93726975 0.53906101
vt 0.93778390 0.53733855
vt 0.94125545 0.54030865
vt 0.94096088 0.53756034
vt 0.94258386 0.53946197
vt 0.94287968 0.53733903
vt 0.94511801 0.53875369
vt 0.94432372 0.54039824
vt 0.94418097 0.53635365
vt 0.94208622 0.53591657
vt 0.94585061 0.53727859
vt 0.94877571 0.53900170
vt 0.94766468 0.54030252
vt 0.94935167 0.54125512
vt 0.94743478 0.54224253
vt 0.94956934 0.54230893
vt 0.94945836 0.54393959
vt 0.95080668 0.54312557
vt 0.95060587 0.54495788
vt 0.94902921 0.54667687
vt 0.95034921 0.54672325
vt 0.94883782 0.54832596
vt 0.95237428 0.54677951
vt 0.94984895 0.54856408
vt 0.94791758 0.54872000
vt 0.95200080 0.54414088
vt 0.95278901 0.54848182
vt 0.95083320 0.54251736
vt 0.95054650 0.54990172
vt 0.94850636 0.55034864
vt 0.94920832 0.55191010
vt 0.95136666 0.55146378
vt 0.94640398 0.55172306
vt 0.94733411 0.54955232
vt 0.94693875 0.54653311
vt 0.95079976 0.54020762
vt 0.94750559 0.53648627
vt 0.94904155 0.53745371
vt 0.94619364 0.54136455
vt 0.94095153 0.53634894
vt 0.94270277 0.54145247
vt 0.94116795 0.54342747
vt 0.94152325 0.54666787
vt 0.93798864 0.54530072
vt 0.93978202 0.54743350
vt 0.93851238 0.54774284
vt 0.93648964 0.54559708
vt 0.93696010 0.54763329
vt 0.93480897 0.54554141
vt 0.93554807 0.54801905
vt 0.93300796 0.54808646
vt 0.93264890 0.54616219
vt 0.92995191 0.54832506
vt 0.93270099 0.54460579
vt 0.93522114 0.54442412
vt 0.93028933 0.54675364
vt 0.94136065 0.54851872
vt 0.93799865 0.54861301
vt 0.94319457 0.54852372
vt 0.94355869 0.54619497
vt 0.93942040 0.54846883
vt 0.94281524 0.54961193
vt 0.93686712 0.54404521
vt 0.95274085 0.54130900
vt 0.95227069 0.53916341
vt 0.95351326 0.53983694
vt 0.95419616 0.54255652
vt 0.95238006 0.54934454
vt 0.93224227 0.54238844
vt 0.92994815 0.54103601
vt 0.93665212 0.54040498
vt 0.92499983 0.53922457
vt 0.95073551 0.53839618
vt 0.92987055 0.54478723
vt 0.93245590 0.53398752
vt 0.93220562 0.53504652
vt 0.93488729 0.53494829
vt 0.93474448 0.53720325
vt 0.93676025 0.53436744
vt 0.93676972 0.53522319
vt 0.95383519 0.54823691
vt 0.95390517 0.54685682
vt 0.95492184 0.54850203
vt 0.95740682 0.54707670
vt 0.95837355 0.54858768
vt 0.95723087 0.54928410
vt 0.95561707 0.54984468
vt 0.95632410 0.55143631
vt 0.95558113 0.54442334
vt 0.95746791 0.54458010
vt 0.95739180 0.54279071
vt 0.95881808 0.54718018
vt 0.95897585 0.54471457
vt 0.95491445 0.55189413
vt 0.95701939 0.55268562
vt 0.95847690 0.55233991
vt 0.95860332 0.55054855
vt 0.95407921 0.54430991
vt 0.95998716 0.55181909
vt 0.95995551 0.55334878
vt 0.96257001 0.55320734
vt 0.96130270 0.55425400
vt 0.96342582 0.55472851
vt 0.96479231 0.55452228
vt 0.96618783 0.55406314
vt 0.96608752 0.55514807
vt 0.96776193 0.55504513
vt 0.96795380 0.55366093
vt 0.96650648 0.55271006
vt 0.96458173 0.55164880
vt 0.96767539 0.55149436
vt 0.96944928 0.55471146
vt 0.96329427 0.55223423
vt 0.94072926 0.54193062
vt 0.96474755 0.54908168
vt 0.96664977 0.54914415
vt 0.96427971 0.54764760
vt 0.96195507 0.54881507
vt 0.96228093 0.54744977
vt 0.96419764 0.54516053
vt 0.96252859 0.54502302
vt 0.96434677 0.54320598
vt 0.96587473 0.54526275
vt 0.96646190 0.54316312
vt 0.96760297 0.54350501
vt 0.96741080 0.54532427
vt 0.96911126 0.54541290
vt 0.96928406 0.54326832
vt 0.96888596 0.54717940
vt 0.96715283 0.54786468
vt 0.96927583 0.54938638
vt 0.97041976 0.54811525
vt 0.97074270 0.54954463
vt 0.97200626 0.54910284
vt 0.97375065 0.54976100
vt 0.97356904 0.55115950
vt 0.97158414 0.55206203
vt 0.97011292 0.55099636
vt 0.97334570 0.55330414
vt 0.97144139 0.55406922
vt 0.97316390 0.55521435
vt 0.97505957 0.55434918
vt 0.97491020 0.55599570
vt 0.97669274 0.55548054
vt 0.97681916 0.55335093
vt 0.97764552 0.55426872
vt 0.97804624 0.55223727
vt 0.97932488 0.55168533
vt 0.97969091 0.55380881
vt 0.98178345 0.55077416
vt 0.98244524 0.55333370
vt 0.98514193 0.55313605
vt 0.98477697 0.55440360
vt 0.98623610 0.55398273
vt 0.98626167 0.55242205
vt 0.98579758 0.55528897
vt 0.98339045 0.55635017
vt 0.98621356 0.55683297
vt 0.98702848 0.55360246
vt 0.98611695 0.55086148
vt 0.98726010 0.55154109
vt 0.98619068 0.54950529
vt 0.98445374 0.54931945
vt 0.98642206 0.54782766
vt 0.98486727 0.54776007
vt 0.98235875 0.54730606
vt 0.98187900 0.54884106
vt 0.97995257 0.54690933
vt 0.97962427 0.54843050
vt 0.98080039 0.54883832
vt 0.98054373 0.54422545
vt 0.97851610 0.54572523
vt 0.97858673 0.54350817
vt 0.97726470 0.54460186
vt 0.97725725 0.54682410
vt 0.97584313 0.54599088
vt 0.97583222 0.54788816
vt 0.97728956 0.54822421
vt 0.97596133 0.54386872
vt 0.97956473 0.54264337
vt 0.97747964 0.54275751
vt 0.97385460 0.54409254
vt 0.97388470 0.54260546
vt 0.97229713 0.54423475
vt 0.97218436 0.54222214
vt 0.98304474 0.54500353
vt 0.97903657 0.54785973
vt 0.98656607 0.54636556
vt 0.98337924 0.54398704
vt 0.98444462 0.55067343
vt 0.98752356 0.54729921
vt 0.98722154 0.55517614
vt 0.98286742 0.55491763
vt 0.97796237 0.55614591
vt 0.97129583 0.55560064
vt 0.97683316 0.55133337
vt 0.97912645 0.55013990
vt 0.97531807 0.55206656
vt 0.97221446 0.54678148
vt 0.97065789 0.54326552
vt 0.96275669 0.54313183
vt 0.96100086 0.54300755
vt 0.96086639 0.54486603
vt 0.96862090 0.54985201
vt 0.96565384 0.54705548
vt 0.95203477 0.54241055
vt 0.93225980 0.53719246
vt 0.96071607 0.54730624
vt 0.90428632 0.52720606
vt 0.90194291 0.52874500
vt 0.96985489 0.55307710
vt 0.95905620 0.54289311
vt 0.90874165 0.53275526
vt 0.90879780 0.53388816
vt 0.94544595 0.55014741
vt 0.92159194 0.54438645
vt 0.94398123 0.54211074
vt 0.91812789 0.53136158
vt 0.91011250 0.54201812
vt 0.91093498 0.53581911
vt 0.90641481 0.53325760
vt 0.89058143 0.53282672
vt 0.88827914 0.53273481
vt 0.88819075 0.53502512
vt 0.90196353 0.53148985
vt 0.88600802 0.53466511
vt 0.88733292 0.53627110
vt 0.88591576 0.53629589
vt 0.88892871 0.53641212
vt 0.83577353 0.52397484
vt 0.92821729 0.54741055
vt 0.92747772 0.54492891
vt 0.92545044 0.54736090
vt 0.92520756 0.54498917
vt 0.92391479 0.54746056
vt 0.92578793 0.54905772
vt 0.75822979 0.48956841
vt 0.76513720 0.49152434
vt 0.79209656 0.50525063
vt 0.88603491 0.53262347
vt 0.86757523 0.52436751
vt 0.81743032 0.51939219
vt 0.68633032 0.47487032
vt 0.74884057 0.49193311
vt 0.70978826 0.48408878
vt 0.83297610 0.51418942
vt 0.80835301 0.51564437
vt 0.80372679 0.50889039
vt 0.78619474 0.51093185
vt 0.95366168 0.55061609
vt 0.68652493 0.47213125
vt 0.68423492 0.47292894
vt 0.68336952 0.47209042
vt 0.68469006 0.47058219
vt 0.66552067 0.48044074
vt 0.91127294 0.53489751
vt 0.90760899 0.54286176
vt 0.90904641 0.54292148
vt 0.89048141 0.52885443
vt 0.84250826 0.51799691
vt 0.81982541 0.51597744
vt 0.79927635 0.50082564
vt 0.85645247 0.52867675
vt 0.87026578 0.53047872
vt 0.92773438 0.54867136
vt 0.70462143 0.49023032
vt 0.91138160 0.53702718
vt 0.77837861 0.50855190
vt 0.67366934 0.48223418
vt 0.66585106 0.47797453
vt 0.66816449 0.47493279
vt 0.93846470 0.53530324
vt 0.82192647 0.51350856
vt 0.67920381 0.47950613
vt 0.90203851 0.52663481
vt 0.72819602 0.48538691
vt 0.78463149 0.51082337
vt 0.76487321 0.49560571
vt 0.89061290 0.53461581
vt 0.80829030 0.51700389
vt 0.74202275 0.49397445
vt 0.77050799 0.49214953
vt 0.68950510 0.48635632
vt 0.94467562 0.54897851
vt 0.81038523 0.50464052
vt 0.80817193 0.50490969
vt 0.69423360 0.48010492
vt 0.84724247 0.52150261
vt 0.73621440 0.48343194
vt 0.73747939 0.48346961
vt 0.80359989 0.50603455
vt 0.80602908 0.50450617
vt 0.84777367 0.51221126
vt 0.69834405 0.47927517
vt 0.87699723 0.53395718
vt 0.96401149 0.55006504
vt 0.90194851 0.53029621
vt 0.72130364 0.48790002
vt 0.75108224 0.49436277
vt 0.86340451 0.52819288
vt 0.86105591 0.52832747
vt 0.86095321 0.52697521
vt 0.86113006 0.53001851
vt 0.85878551 0.52833456
vt 0.85797155 0.52974880
vt 0.92761254 0.54081774
vt 0.68269074 0.47041929
vt 0.77836865 0.50253671
vt 0.70354825 0.48887306
vt 0.92268759 0.53494924
vt 0.80690187 0.51685745
vt 0.79672790 0.50425744
vt 0.96172923 0.55086106
vt 0.89413750 0.53300440
vt 0.85864043 0.52672005
vt 0.86356646 0.53053886
vt 0.93953347 0.53751546
vt 0.70398718 0.47595286
vt 0.72332740 0.48281723
vt 0.72505808 0.48114866
vt 0.72579718 0.48244298
vt 0.72667152 0.48128068
vt 0.89982980 0.53529960
vt 0.89205647 0.52755016
vt 0.97540724 0.55034000
vt 0.98795259 0.55639589
vt 0.98803008 0.55756903
vt 0.68240100 0.47263300
vt 0.82256043 0.51620162
vt 0.78472018 0.50162363
vt 0.85854447 0.52359957
vt 0.68412846 0.47448933
vt 0.73977011 0.49626637
vt 0.98002636 0.55557346
vt 0.93623823 0.54423857
vt 0.94738567 0.54378730
vt 0.94581491 0.54541677
vt 0.95384020 0.54875386
vt 0.98045290 0.55713624
vt 0.95352429 0.55228943
vt 0.94137120 0.54968977
vt 0.94239962 0.55052865
vt 0.67807698 0.48242998
vt 0.98741692 0.54540956
vt 0.98578441 0.54477239
vt 0.98777592 0.54413003
vt 0.66586196 0.47664869
vt 0.92256892 0.54394996
vt 0.83808380 0.51939392
vt 0.75085527 0.49314773
vt 0.86211532 0.52054167
vt 0.80849230 0.50255853
vt 0.94340461 0.54350871
vt 0.98539013 0.54581887
vt 0.67915732 0.48135018
vt 0.73298633 0.48984981
vt 0.72808695 0.48275328
vt 0.73061913 0.48764050
vt 0.68663096 0.48124695
vt 0.75320190 0.49337494
vt 0.75111735 0.49755007
vt 0.92038864 0.53742760
vt 0.68665576 0.48248518
vt 0.69137561 0.48005915
vt 0.72809112 0.48124838
vt 0.72082084 0.49369156
vt 0.92686892 0.54204035
vt 0.67643750 0.47673136
vt 0.91140383 0.54268193
vt 0.97044164 0.54501468
vt 0.94530183 0.54740804
vt 0.97415334 0.54762763
vt 0.31509221 0.38250649
vt 0.31497949 0.38488215
vt 0.31757998 0.38482332
vt 0.31774455 0.38268924
vt 0.31976745 0.38287163
vt 0.31957865 0.38117284
vt 0.31741938 0.38695359
vt 0.31974879 0.38716185
vt 0.31957865 0.38919753
vt 0.31725493 0.38904119
vt 0.97093022 0.35423803
vt 0.96860474 0.35393822
vt 0.96858633 0.35590172
vt 0.97088999 0.35596758
vt 0.97093022 0.35719997
vt 0.96857071 0.35812533
vt 0.96906573 0.35956788
vt 0.96614230 0.35339510
vt 0.51675785 0.60092592
vt 0.51675785 0.59907407
vt 0.51420307 0.59915203
vt 0.51402187 0.60080004
vt 0.96956223 0.02623457
vt 0.97093022 0.02542973
vt 0.96972865 0.02341545
vt 0.97093022 0.01944447
vt 0.60909712 0.39440227
vt 0.60908991 0.39290124
vt 0.60594434 0.39292705
vt 0.60745442 0.39421934
vt 0.60666490 0.39514267
vt 0.60430914 0.39537036
vt 0.60430914 0.39291906
vt 0.92179966 0.44783950
vt 0.91963065 0.44781578
vt 0.92215180 0.44537038
vt 0.92305064 0.44781578
vt 0.99520510 0.38981485
vt 0.99692202 0.38773990
vt 0.99350208 0.38824034
vt 0.99520510 0.38611114
vt 0.04138167 0.39590466
vt 0.03659371 0.39590466
vt 0.03752954 0.39475310
vt 0.04028900 0.39722222
vt 0.40252769 0.27283800
vt 0.40253079 0.27067900
vt 0.39979479 0.27270424
vt 0.40253079 0.27561724
vt 0.21758276 0.63287896
vt 0.21534906 0.63371396
vt 0.21447469 0.63179010
vt 0.21506415 0.63502461
vt 0.21323876 0.63465005
vt 0.21980655 0.63361418
vt 0.21892206 0.63543797
vt 0.22127223 0.63465643
vt 0.21149312 0.63611114
vt 0.20896032 0.63543797
vt 0.26025993 0.62553918
vt 0.25885472 0.62438273
vt 0.25752395 0.62694532
vt 0.25885472 0.62746912
vt 0.76162791 0.96287781
vt 0.75710815 0.96388888
vt 0.75834125 0.96203703
vt 0.75615597 0.96287781
vt 0.68196547 0.60709876
vt 0.68296856 0.60479224
vt 0.68091655 0.60511678
vt 0.68196547 0.60277778
vt 0.28051886 0.02612084
vt 0.28197369 0.02438271
vt 0.28693572 0.02623457
vt 0.27938294 0.02504492
vt 0.27735978 0.02623457
vt 0.15082079 0.67932099
vt 0.15314013 0.67815459
vt 0.15424077 0.67932099
vt 0.15205809 0.67685187
vt 0.93189400 0.98083049
vt 0.92977339 0.98117286
vt 0.92920655 0.97870368
vt 0.93194252 0.97870368
vt 0.97640216 0.28397357
vt 0.97411209 0.28487659
vt 0.97319430 0.28302467
vt 0.97093022 0.28397357
vt 0.02975376 0.96882719
vt 0.02787262 0.96735615
vt 0.02633379 0.96818131
vt 0.02975376 0.96635801
vt 0.08109437 0.10586417
vt 0.07966950 0.10353589
vt 0.07763338 0.10474247
vt 0.08109436 0.10277778
vt 0.08242134 0.10513091
vt 0.03796170 0.32857728
vt 0.03748336 0.32685184
vt 0.03522572 0.32901263
vt 0.03748337 0.32993829
vt 0.68844050 0.25339925
vt 0.68921477 0.25075972
vt 0.69209063 0.25077057
vt 0.69118547 0.24969137
vt 0.69414204 0.24971551
vt 0.69447410 0.25401235
vt 0.69571459 0.25339925
vt 0.69733244 0.25012571
vt 0.62140900 0.04510123
vt 0.62619698 0.04537034
vt 0.62385398 0.04315865
vt 0.62619698 0.04290122
vt 0.21893112 0.97376543
vt 0.21922025 0.97140026
vt 0.21785225 0.97095269
vt 0.21893112 0.96882719
vt 0.16313270 0.27418447
vt 0.16271605 0.27314818
vt 0.16039671 0.27469885
vt 0.16271605 0.27561724
vt 0.60311931 0.03819174
vt 0.60152996 0.03919750
vt 0.60217059 0.03611112
vt 0.60088921 0.03683406
vt 0.60516936 0.03720415
vt 0.60636115 0.03919750
vt 0.21874322 0.18549383
vt 0.21860719 0.18387145
vt 0.22184585 0.18440610
vt 0.21853626 0.18240738
vt 0.22332421 0.18549383
vt 0.25820795 0.71388888
vt 0.25996527 0.71244574
vt 0.26363018 0.71383846
vt 0.26319933 0.71203703
vt 0.26437616 0.71296400
vt 0.26548332 0.71388888
vt 0.26709986 0.71227056
vt 0.23593369 0.93873990
vt 0.23579364 0.94065613
vt 0.23348129 0.93960077
vt 0.23153214 0.94104940
vt 0.23835082 0.93832946
vt 0.24073167 0.93796295
vt 0.24247606 0.94104940
vt 0.43629283 0.59495121
vt 0.43751991 0.59166664
vt 0.43604651 0.59243101
vt 0.43809849 0.59369034
vt 0.43751991 0.59598768
vt 0.13926403 0.51370353
vt 0.13645691 0.51482320
vt 0.13782880 0.51747572
vt 0.14006123 0.51759261
vt 0.14056088 0.51518327
vt 0.13708770 0.51268852
vt 0.13976941 0.51037997
vt 0.13781655 0.51060456
vt 0.13864896 0.50864679
vt 0.14006124 0.50833333
vt 0.46830973 0.40153122
vt 0.46696609 0.39783955
vt 0.47024623 0.39836955
vt 0.46483892 0.39895254
vt 0.46272230 0.40216053
vt 0.46695080 0.40216053
vt 0.02017220 0.23746282
vt 0.02017784 0.23919755
vt 0.01772927 0.23611110
vt 0.01744186 0.23919755
vt 0.97105700 0.73937398
vt 0.97298223 0.74163622
vt 0.97298223 0.73796296
vt 0.96956223 0.74290121
vt 0.90493327 0.89973086
vt 0.90665972 0.90048194
vt 0.90731877 0.89907408
vt 0.90579200 0.90225929
vt 0.90405893 0.90136629
vt 0.90481716 0.90425318
vt 0.90640068 0.90490901
vt 0.90720594 0.90332222
vt 0.90731877 0.90524691
vt 0.90184677 0.90019614
vt 0.62004101 0.01860362
vt 0.62109101 0.01628464
vt 0.62344635 0.01574075
vt 0.62688100 0.01717615
vt 0.62669474 0.01860362
vt 0.62494028 0.01898211
vt 0.62252426 0.01944447
vt 0.21785225 0.15030861
vt 0.21785225 0.14660496
vt 0.21635421 0.14775294
vt 0.21580027 0.15016401
vt 0.31672686 0.02110606
vt 0.31564823 0.02006173
vt 0.31771547 0.02081323
vt 0.31409168 0.02149576
vt 0.31309515 0.02025443
vt 0.31113237 0.02191359
vt 0.30745554 0.02081323
vt 0.22919419 0.98642087
vt 0.22742818 0.98486727
vt 0.22742818 0.98796296
vt 0.22948016 0.98364198
vt 0.89295489 0.96658236
vt 0.89432287 0.96486253
vt 0.89306146 0.96450615
vt 0.89432287 0.96882719
vt 0.18546073 0.80277777
vt 0.18638851 0.80130887
vt 0.18433653 0.80044782
vt 0.18546073 0.79845679
vt 0.31958911 0.11265433
vt 0.32045144 0.11152691
vt 0.31839946 0.10998547
vt 0.31958911 0.10833335
vt 0.26367989 0.88425928
vt 0.26161313 0.88262999
vt 0.26341382 0.88117284
vt 0.25957593 0.88425928
vt 0.77120382 0.37870371
vt 0.76943278 0.37739229
vt 0.77088922 0.37623453
vt 0.76778388 0.37870371
vt 0.20811880 0.82067901
vt 0.20690835 0.81994247
vt 0.20756078 0.81882715
vt 0.20964432 0.81882715
vt 0.85086584 0.43159401
vt 0.85191518 0.42938972
vt 0.84988683 0.42870367
vt 0.84849519 0.43054569
vt 0.84988683 0.43364197
vt 0.79599619 0.39907408
vt 0.79651165 0.39696622
vt 0.79445964 0.39723039
vt 0.79599613 0.39413583
vt 0.63916439 0.88919753
vt 0.63919288 0.88645548
vt 0.63645691 0.88652480
vt 0.63916439 0.88487655
vt 0.31908345 0.42020500
vt 0.31577730 0.42129630
vt 0.31680554 0.41944444
vt 0.31361148 0.42020500
vt 0.66886359 0.20401233
vt 0.66997266 0.20113528
vt 0.66792065 0.20206976
vt 0.66886359 0.19969136
vt 0.09862204 0.93672842
vt 0.09746922 0.93623078
vt 0.09863376 0.93425924
vt 0.10088919 0.93623078
vt 0.71430302 0.03981483
vt 0.71716827 0.04228395
vt 0.71419191 0.04223406
vt 0.71238029 0.04228395
vt 0.33139536 0.38364196
vt 0.33139536 0.38179016
vt 0.32865939 0.38207507
vt 0.04685362 0.49636734
vt 0.04584442 0.49351853
vt 0.04480164 0.49504220
vt 0.04584442 0.49783951
vt 0.11969716 0.36574078
vt 0.11969716 0.36388886
vt 0.11730506 0.36505646
vt 0.12140903 0.36425573
vt 0.62756497 0.07685184
vt 0.62756497 0.07376546
vt 0.62563771 0.07530320
vt 0.62414503 0.07657385
vt 0.46956223 0.71388888
vt 0.46956223 0.71080250
vt 0.46751025 0.71188265
vt 0.34781122 0.87808645
vt 0.34575924 0.87808645
vt 0.34597909 0.87561727
vt 0.84507525 0.89413577
vt 0.84233928 0.89413577
vt 0.84408617 0.89228398
vt 0.12182557 0.38611114
vt 0.11867305 0.38541991
vt 0.12199550 0.38425922
vt 0.12414501 0.38541991
vt 0.52770180 0.51592696
vt 0.52906978 0.51510078
vt 0.52770180 0.51327163
vt 0.52878726 0.51697528
vt 0.25136799 0.00586420
vt 0.24931601 0.00586420
vt 0.25019360 0.00401235
vt 0.58515733 0.56265432
vt 0.58173734 0.56265432
vt 0.58291787 0.56080246
vt 0.58789331 0.37314814
vt 0.58447331 0.37314814
vt 0.58584660 0.37181062
vt 0.58773214 0.37129629
vt 0.00587337 0.69466501
vt 0.00783244 0.69274962
vt 0.00582902 0.69274437
vt 0.00786594 0.69475311
vt 0.00581395 0.69135797
vt 0.00786594 0.68981481
vt 0.27476197 0.82309252
vt 0.27325583 0.82314813
vt 0.27477205 0.82129627
vt 0.27667579 0.82314813
vt 0.03112175 0.86388886
vt 0.02770178 0.86388886
vt 0.02884631 0.86203706
vt 0.89705884 0.54228395
vt 0.89432287 0.54337412
vt 0.89496040 0.54541129
vt 0.89705884 0.54660493
vt 0.69801641 0.24021852
vt 0.70005453 0.24012101
vt 0.70006841 0.23734570
vt 0.70006841 0.24223125
vt 0.69804537 0.24228394
vt 0.37038302 0.30017984
vt 0.36901504 0.29907405
vt 0.36901504 0.30216050
vt 0.37771294 0.24290121
vt 0.37790698 0.24120772
vt 0.37585500 0.24082178
vt 0.37771294 0.23858023
vt 0.37657505 0.23881590
vt 0.86559510 0.54434681
vt 0.86503446 0.54290122
vt 0.86354309 0.54361427
vt 0.86503446 0.54537040
vt 0.25722119 0.72438270
vt 0.25722119 0.72191358
vt 0.25615594 0.72341317
vt 0.25820795 0.72347111
vt 0.17992654 0.75134140
vt 0.18023255 0.75277776
vt 0.17814882 0.75201112
vt 0.17656231 0.75183678
vt 0.17804427 0.75108904
vt 0.17627923 0.75030863
vt 0.17413436 0.75162363
vt 0.17407660 0.75236535
vt 0.17490081 0.75277776
vt 0.05437756 0.45380563
vt 0.05581361 0.45292610
vt 0.05714352 0.45401233
vt 0.05686685 0.45250988
vt 0.05955429 0.45216048
vt 0.05984952 0.45380563
vt 0.71716827 0.39043212
vt 0.71853626 0.38798612
vt 0.71716827 0.38734567
vt 0.44647637 0.34660494
vt 0.44493845 0.34512043
vt 0.44678921 0.34413576
vt 0.44904241 0.34512043
vt 0.25564542 0.06697530
vt 0.25410396 0.06557679
vt 0.25595683 0.06450617
vt 0.25752395 0.06557679
f 4618/4618 4604/4604 4619/4619
f 4618/4618 4619/4619 4709/4709
f 4618/4618 4617/4617 4604/4604
f 5873/5873 5870/5870 5872/5872
f 4709/4709 4593/4593 4581/4581
f 4581/4581 4593/4593 4580/4580
f 4581/4581 4580/4580 4578/4578
f 4579/4579 4576/4576 4578/4578
f 4580/4580 4579/4579 4578/4578
f 4620/4620 4609/4609 4612/4612
f 4620/4620 4612/4612 5819/5819
f 4620/4620 5819/5819 5807/5807
f 4604/4604 4621/4621 5827/5827
f 4604/4604 5827/5827 4619/4619
f 4604/4604 4602/4602 4621/4621
f 4602/4602 5823/5823 5827/5827
f 4621/4621 4602/4602 5827/5827
f 5827/5827 4584/4584 4593/4593
f 5870/5870 5871/5871 5872/5872
f 5827/5827 5823/5823 4601/4601
f 5827/5827 4601/4601 4584/4584
f 4584/4584 4582/4582 4580/4580
f 4593/4593 4584/4584 4580/4580
f 4601/4601 4583/4583 4582/4582
f 4584/4584 4601/4601 4582/4582
f 5458/5458 5460/5460 5799/5799
f 6033/6033 6034/6034 6035/6035
f 5519/5519 5513/5513 5518/5518
f 6033/6033 6036/6036 6034/6034
f 5460/5460 5462/5462 5527/5527
f 5799/5799 5460/5460 5527/5527
f 5831/5831 5410/5410 5770/5770
f 6073/6073 6074/6074 6075/6075
f 5831/5831 5427/5427 5410/5410
f 5831/5831 5770/5770 5534/5534
f 5831/5831 5534/5534 5533/5533
f 5534/5534 5457/5457 5533/5533
f 5457/5457 5456/5456 5458/5458
f 5533/5533 5457/5457 5458/5458
f 5458/5458 5456/5456 5459/5459
f 5458/5458 5459/5459 5460/5460
f 5460/5460 5459/5459 5461/5461
f 5460/5460 5461/5461 5462/5462
f 5407/5407 5536/5536 5410/5410
f 5409/5409 5407/5407 5410/5410
f 5409/5409 5411/5411 5408/5408
f 5409/5409 5408/5408 5407/5407
f 5536/5536 5406/5406 5770/5770
f 5410/5410 5536/5536 5770/5770
f 5406/5406 5453/5453 5534/5534
f 5770/5770 5406/5406 5534/5534
f 5406/5406 5452/5452 5453/5453
f 5534/5534 5453/5453 5457/5457
f 5453/5453 5455/5455 5456/5456
f 5457/5457 5453/5453 5456/5456
f 5453/5453 5452/5452 5454/5454
f 5453/5453 5454/5454 5455/5455
f 5456/5456 5455/5455 5535/5535
f 5456/5456 5535/5535 5459/5459
f 6012/6012 6013/6013 6014/6014
f 5455/5455 5454/5454 5535/5535
f 5459/5459 5535/5535 5461/5461
f 5465/5465 5464/5464 5461/5461
f 5535/5535 5465/5465 5461/5461
f 5423/5423 5412/5412 5826/5826
f 5826/5826 5424/5424 5423/5423
f 5407/5407 5404/5404 5406/5406
f 5536/5536 5407/5407 5406/5406
f 5404/5404 5405/5405 5406/5406
f 5351/5351 5348/5348 5350/5350
f 5351/5351 5350/5350 5352/5352
f 5351/5351 5352/5352 5353/5353
f 5353/5353 5352/5352 5354/5354
f 5353/5353 5354/5354 5684/5684
f 5354/5354 5720/5720 5684/5684
f 5720/5720 5391/5391 5448/5448
f 5954/5954 5955/5955 5956/5956
f 5391/5391 5390/5390 5389/5389
f 5448/5448 5391/5391 5389/5389
f 5391/5391 5392/5392 5390/5390
f 5778/5778 5339/5339 5341/5341
f 5778/5778 5341/5341 5343/5343
f 5343/5343 5346/5346 5347/5347
f 5346/5346 5349/5349 5348/5348
f 5347/5347 5346/5346 5348/5348
f 5349/5349 5685/5685 5350/5350
f 5348/5348 5349/5349 5350/5350
f 5350/5350 5685/5685 5352/5352
f 5950/5950 5951/5951 5952/5952
f 5352/5352 5685/5685 5354/5354
f 5447/5447 5677/5677 5678/5678
f 5685/5685 5447/5447 5678/5678
f 5952/5952 5951/5951 5953/5953
f 5677/5677 5436/5436 5720/5720
f 5678/5678 5677/5677 5720/5720
f 5436/5436 5430/5430 5720/5720
f 5971/5971 5972/5972 5973/5973
f 5090/5090 5114/5114 5085/5085
f 5119/5119 5093/5093 5094/5094
f 5119/5119 5094/5094 5097/5097
f 5097/5097 5094/5094 5096/5096
f 5097/5097 5096/5096 5098/5098
f 5098/5098 5340/5340 5339/5339
f 5097/5097 5098/5098 5339/5339
f 5340/5340 5342/5342 5341/5341
f 5339/5339 5340/5340 5341/5341
f 5342/5342 5344/5344 5343/5343
f 5341/5341 5342/5342 5343/5343
f 5343/5343 5344/5344 5345/5345
f 5343/5343 5345/5345 5346/5346
f 5346/5346 5345/5345 5689/5689
f 5346/5346 5689/5689 5349/5349
f 5345/5345 5761/5761 5689/5689
f 5964/5964 5965/5965 5966/5966
f 5964/5964 5966/5966 5968/5968
f 5761/5761 5443/5443 5444/5444
f 5965/5965 5967/5967 5966/5966
f 5443/5443 5441/5441 5444/5444
f 5082/5082 5081/5081 5080/5080
f 5082/5082 5088/5088 5127/5127
f 5082/5082 5127/5127 5081/5081
f 5082/5082 5080/5080 5083/5083
f 5083/5083 5080/5080 5099/5099
f 5969/5969 5970/5970 5971/5971
f 5083/5083 5099/5099 5090/5090
f 5077/5077 5092/5092 5093/5093
f 5971/5971 5970/5970 5972/5972
f 5093/5093 5092/5092 5094/5094
f 5094/5094 5092/5092 5095/5095
f 5094/5094 5095/5095 5096/5096
f 5095/5095 5723/5723 5098/5098
f 5096/5096 5095/5095 5098/5098
f 5723/5723 5788/5788 5340/5340
f 5098/5098 5723/5723 5340/5340
f 5981/5981 5982/5982 5977/5977
f 5981/5981 5977/5977 5980/5980
f 5155/5155 5150/5150 5152/5152
f 5788/5788 5155/5155 5152/5152
f 5980/5980 5977/5977 5976/5976
f 5150/5150 5151/5151 5152/5152
f 5976/5976 5977/5977 5978/5978
f 5151/5151 5154/5154 5152/5152
f 5103/5103 5105/5105 5104/5104
f 5103/5103 5764/5764 5113/5113
f 5103/5103 5113/5113 5105/5105
f 5103/5103 5104/5104 5102/5102
f 5103/5103 5102/5102 5101/5101
f 5101/5101 5102/5102 5100/5100
f 5101/5101 5100/5100 5081/5081
f 5081/5081 5100/5100 5079/5079
f 5079/5079 5078/5078 5080/5080
f 5081/5081 5079/5079 5080/5080
f 5080/5080 5078/5078 5315/5315
f 5315/5315 5071/5071 5099/5099
f 5080/5080 5315/5315 5099/5099
f 5071/5071 5072/5072 5077/5077
f 5099/5099 5071/5071 5077/5077
f 5077/5077 5072/5072 5092/5092
f 5092/5092 5072/5072 5130/5130
f 5092/5092 5130/5130 5095/5095
f 5135/5135 5142/5142 5130/5130
f 5095/5095 5130/5130 5788/5788
f 5095/5095 5788/5788 5723/5723
f 5142/5142 5143/5143 5788/5788
f 5130/5130 5142/5142 5788/5788
f 5143/5143 5145/5145 5788/5788
f 5008/5008 4998/4998 5007/5007
f 5008/5008 5007/5007 5024/5024
f 5008/5008 5030/5030 5029/5029
f 5008/5008 5029/5029 4998/4998
f 5024/5024 5007/5007 5795/5795
f 6022/6022 6023/6023 6024/6024
f 5121/5121 5112/5112 5105/5105
f 6022/6022 6024/6024 6025/6025
f 5112/5112 5118/5118 5104/5104
f 5105/5105 5112/5112 5104/5104
f 5118/5118 5705/5705 5102/5102
f 5104/5104 5118/5118 5102/5102
f 5102/5102 5705/5705 5116/5116
f 5102/5102 5116/5116 5100/5100
f 5116/5116 5068/5068 5079/5079
f 5100/5100 5116/5116 5079/5079
f 5068/5068 5067/5067 5078/5078
f 5079/5079 5068/5068 5078/5078
f 5078/5078 5067/5067 5315/5315
f 5067/5067 5069/5069 5071/5071
f 5315/5315 5067/5067 5071/5071
f 5071/5071 5069/5069 5072/5072
f 5072/5072 5069/5069 5117/5117
f 5070/5070 5299/5299 5117/5117
f 5069/5069 5070/5070 5117/5117
f 5072/5072 5117/5117 5130/5130
f 5299/5299 5136/5136 5117/5117
f 5045/5045 5129/5129 5752/5752
f 5045/5045 5752/5752 5305/5305
f 5045/5045 5041/5041 5129/5129
f 5305/5305 5752/5752 5025/5025
f 5305/5305 5025/5025 4998/4998
f 4998/4998 5025/5025 4996/4996
f 4998/4998 4996/4996 4995/4995
f 4995/4995 5063/5063 5007/5007
f 4998/4998 4995/4995 5007/5007
f 5063/5063 5158/5158 5795/5795
f 5007/5007 5063/5063 5795/5795
f 5158/5158 5128/5128 5121/5121
f 5795/5795 5158/5158 5121/5121
f 5128/5128 5186/5186 5112/5112
f 5121/5121 5128/5128 5112/5112
f 5946/5946 5947/5947 5948/5948
f 5112/5112 5186/5186 5118/5118
f 5948/5948 5947/5947 5949/5949
f 5705/5705 5133/5133 5237/5237
f 5705/5705 5237/5237 5116/5116
f 5133/5133 5132/5132 5237/5237
f 5116/5116 5237/5237 5065/5065
f 5116/5116 5065/5065 5068/5068
f 5132/5132 5059/5059 5065/5065
f 5237/5237 5132/5132 5065/5065
f 5068/5068 5065/5065 5067/5067
f 5059/5059 5064/5064 5065/5065
f 5067/5067 5065/5065 5066/5066
f 5064/5064 5120/5120 5066/5066
f 5065/5065 5064/5064 5066/5066
f 5067/5067 5066/5066 5069/5069
f 5120/5120 5073/5073 5066/5066
f 5319/5319 5298/5298 5813/5813
f 5319/5319 5813/5813 5054/5054
f 5319/5319 5297/5297 5298/5298
f 5054/5054 5813/5813 5052/5052
f 5054/5054 5052/5052 5049/5049
f 5049/5049 5052/5052 5047/5047
f 5943/5943 5940/5940 5942/5942
f 5943/5943 5942/5942 5944/5944
f 5028/5028 4987/4987 5752/5752
f 5944/5944 5942/5942 5945/5945
f 4987/4987 4988/4988 5025/5025
f 5752/5752 4987/4987 5025/5025
f 5025/5025 4988/4988 4989/4989
f 5025/5025 4989/4989 4996/4996
f 4989/4989 4992/4992 4995/4995
f 4996/4996 4989/4989 4995/4995
f 4992/4992 4993/4993 5063/5063
f 4995/4995 4992/4992 5063/5063
f 5063/5063 4993/4993 4999/4999
f 5063/5063 4999/4999 5158/5158
f 5158/5158 4999/4999 5815/5815
f 5158/5158 5815/5815 5128/5128
f 4999/4999 5061/5061 5815/5815
f 5128/5128 5815/5815 5186/5186
f 5061/5061 5012/5012 5815/5815
f 5186/5186 5815/5815 5018/5018
f 5186/5186 5018/5018 5133/5133
f 5012/5012 5013/5013 5018/5018
f 5815/5815 5012/5012 5018/5018
f 5013/5013 5015/5015 5018/5018
f 5196/5196 5198/5198 5197/5197
f 5196/5196 5211/5211 5300/5300
f 6002/6002 6001/6001 5998/5998
f 5998/5998 6001/6001 5999/5999
f 4986/4986 4973/4973 5813/5813
f 5998/5998 5999/5999 6000/6000
f 5813/5813 4973/4973 4977/4977
f 5938/5938 5939/5939 5940/5940
f 5939/5939 5941/5941 5940/5940
f 5724/5724 4983/4983 5028/5028
f 5940/5940 5941/5941 5942/5942
f 4983/4983 4982/4982 4987/4987
f 5028/5028 4983/4983 4987/4987
f 4987/4987 4982/4982 4988/4988
f 4982/4982 4990/4990 4989/4989
f 4988/4988 4982/4982 4989/4989
f 4989/4989 4990/4990 4991/4991
f 4989/4989 4991/4991 4992/4992
f 4992/4992 4991/4991 4993/4993
f 4991/4991 4994/4994 4993/4993
f 4994/4994 5000/5000 4999/4999
f 4993/4993 4994/4994 4999/4999
f 5937/5937 5934/5934 5936/5936
f 5793/5793 5195/5195 5194/5194
f 5793/5793 5206/5206 5725/5725
f 5793/5793 5725/5725 5334/5334
f 5194/5194 5195/5195 5191/5191
f 5194/5194 5191/5191 5193/5193
f 5193/5193 5191/5191 5192/5192
f 5193/5193 5192/5192 5196/5196
f 5192/5192 5212/5212 5211/5211
f 5196/5196 5192/5192 5211/5211
f 5925/5925 5926/5926 5927/5927
f 5211/5211 5212/5212 5300/5300
f 4975/4975 4971/4971 4986/4986
f 5300/5300 4975/4975 4986/4986
f 4971/4971 4972/4972 4973/4973
f 4986/4986 4971/4971 4973/4973
f 4972/4972 4974/4974 4977/4977
f 4973/4973 4972/4972 4977/4977
f 4974/4974 4978/4978 5724/5724
f 4977/4977 4974/4974 5724/5724
f 5724/5724 4978/4978 4983/4983
f 4983/4983 4978/4978 4982/4982
f 4982/4982 4978/4978 4980/4980
f 4979/4979 5006/5006 4980/4980
f 4978/4978 4979/4979 4980/4980
f 4982/4982 4980/4980 5022/5022
f 4982/4982 5022/5022 4990/4990
f 5006/5006 5317/5317 5022/5022
f 4980/4980 5006/5006 5022/5022
f 5174/5174 4932/4932 5331/5331
f 5174/5174 5331/5331 5184/5184
f 5174/5174 5175/5175 5173/5173
f 5174/5174 5173/5173 4932/4932
f 5184/5184 5331/5331 5332/5332
f 5184/5184 5332/5332 5333/5333
f 5184/5184 5333/5333 5334/5334
f 5333/5333 5737/5737 5334/5334
f 5737/5737 5189/5189 5195/5195
f 5934/5934 5935/5935 5936/5936
f 5189/5189 5190/5190 5191/5191
f 5195/5195 5189/5189 5191/5191
f 5190/5190 5304/5304 5192/5192
f 5191/5191 5190/5190 5192/5192
f 5304/5304 5710/5710 5212/5212
f 5192/5192 5304/5304 5212/5212
f 5925/5925 5928/5928 5926/5926
f 4975/4975 5710/5710 4966/4966
f 4975/4975 4966/4966 4971/4971
f 4971/4971 4966/4966 4969/4969
f 4971/4971 4969/4969 4972/4972
f 4966/4966 4968/4968 4969/4969
f 4972/4972 4969/4969 4974/4974
f 4968/4968 5126/5126 4969/4969
f 4974/4974 4969/4969 4976/4976
f 4974/4974 4976/4976 4978/4978
f 5126/5126 4997/4997 4976/4976
f 4969/4969 5126/5126 4976/4976
f 4997/4997 4981/4981 4976/4976
f 5991/5991 5988/5988 5990/5990
f 4927/4927 4924/4924 5329/5329
f 5991/5991 5992/5992 5988/5988
f 4927/4927 5171/5171 4930/4930
f 4927/4927 4930/4930 4929/4929
f 4929/4929 4930/4930 4931/4931
f 4929/4929 4931/4931 4932/4932
f 4931/4931 4933/4933 4932/4932
f 4932/4932 4933/4933 4937/4937
f 4932/4932 4937/4937 5331/5331
f 4937/4937 5335/5335 5332/5332
f 5331/5331 4937/4937 5332/5332
f 5921/5921 5922/5922 5923/5923
f 5332/5332 5335/5335 5333/5333
f 5160/5160 5021/5021 5737/5737
f 5923/5923 5922/5922 5924/5924
f 5737/5737 5021/5021 5189/5189
f 5189/5189 5021/5021 5188/5188
f 5189/5189 5188/5188 5190/5190
f 5021/5021 4955/4955 5188/5188
f 5190/5190 5188/5188 5304/5304
f 4955/4955 4958/4958 5188/5188
f 5304/5304 5188/5188 4965/4965
f 5304/5304 4965/4965 5710/5710
f 4958/4958 4961/4961 4965/4965
f 5188/5188 4958/4958 4965/4965
f 5710/5710 4965/4965 4964/4964
f 4961/4961 4963/4963 4964/4964
f 4965/4965 4961/4961 4964/4964
f 5710/5710 4964/4964 4966/4966
f 4963/4963 4967/4967 4966/4966
f 4964/4964 4963/4963 4966/4966
f 5994/5994 5996/5996 5995/5995
f 4809/4809 4804/4804 5320/5320
f 5994/5994 5997/5997 5996/5996
f 5994/5994 5995/5995 5993/5993
f 5994/5994 5993/5993 5988/5988
f 5988/5988 5993/5993 5989/5989
f 5712/5712 5163/5163 5171/5171
f 5988/5988 5989/5989 5990/5990
f 5163/5163 5162/5162 4930/4930
f 5171/5171 5163/5163 4930/4930
f 5162/5162 4934/4934 4931/4931
f 4930/4930 5162/5162 4931/4931
f 4934/4934 4935/4935 4933/4933
f 4931/4931 4934/4934 4933/4933
f 4935/4935 5316/5316 4937/4937
f 4933/4933 4935/4935 4937/4937
f 5917/5917 5918/5918 5919/5919
f 5917/5917 5919/5919 5920/5920
f 5335/5335 4948/4948 5160/5160
f 4944/4944 4947/4947 4948/4948
f 5160/5160 4948/4948 5159/5159
f 5160/5160 5159/5159 5021/5021
f 4947/4947 4951/4951 5159/5159
f 4948/4948 4947/4947 5159/5159
f 5021/5021 5159/5159 4954/4954
f 4951/4951 4953/4953 4954/4954
f 5159/5159 4951/4951 4954/4954
f 4813/4813 5214/5214 4841/4841
f 4813/4813 4841/4841 4840/4840
f 4840/4840 4841/4841 4842/4842
f 4840/4840 4842/4842 4843/4843
f 4842/4842 4845/4845 4844/4844
f 4843/4843 4842/4842 4844/4844
f 4845/4845 4848/4848 4859/4859
f 4844/4844 4845/4845 4859/4859
f 5913/5913 5914/5914 5915/5915
f 4859/4859 4848/4848 5712/5712
f 5165/5165 5164/5164 5163/5163
f 5712/5712 5165/5165 5163/5163
f 5164/5164 5311/5311 5162/5162
f 5163/5163 5164/5164 5162/5162
f 5162/5162 5311/5311 4938/4938
f 5162/5162 4938/4938 4934/4934
f 5311/5311 5161/5161 4938/4938
f 4934/4934 4938/4938 4936/4936
f 4934/4934 4936/4936 4935/4935
f 5161/5161 4940/4940 4936/4936
f 4938/4938 5161/5161 4936/4936
f 4935/4935 4936/4936 4939/4939
f 4935/4935 4939/4939 5316/5316
f 4936/4936 4940/4940 4939/4939
f 5316/5316 4939/4939 4944/4944
f 5316/5316 4944/4944 4948/4948
f 4939/4939 4943/4943 4944/4944
f 5239/5239 5215/5215 4792/4792
f 4792/4792 4790/4790 4785/4785
f 4792/4792 4785/4785 5239/5239
f 5215/5215 5216/5216 5214/5214
f 4792/4792 5215/5215 5214/5214
f 5216/5216 5703/5703 5214/5214
f 5703/5703 4860/4860 4841/4841
f 5214/5214 5703/5703 4841/4841
f 4860/4860 4846/4846 4842/4842
f 4841/4841 4860/4860 4842/4842
f 4842/4842 4846/4846 4845/4845
f 5776/5776 4849/4849 4846/4846
f 4845/4845 4846/4846 4847/4847
f 4845/4845 4847/4847 4848/4848
f 4849/4849 4850/4850 4847/4847
f 4846/4846 4849/4849 4847/4847
f 4848/4848 4847/4847 5755/5755
f 5913/5913 5916/5916 5914/5914
f 4850/4850 4857/4857 5755/5755
f 4847/4847 4850/4850 5755/5755
f 5165/5165 5755/5755 5164/5164
f 6005/6005 6007/6007 6006/6006
f 6004/6004 6005/6005 6006/6006
f 5756/5756 5750/5750 5311/5311
f 5164/5164 5756/5756 5311/5311
f 5772/5772 5308/5308 4787/4787
f 4787/4787 5308/5308 5301/5301
f 4787/4787 5301/5301 5239/5239
f 5301/5301 5240/5240 5239/5239
f 5240/5240 5326/5326 5215/5215
f 5239/5239 5240/5240 5215/5215
f 5900/5900 5901/5901 5902/5902
f 5215/5215 5326/5326 5216/5216
f 4894/4894 4889/4889 4891/4891
f 5326/5326 4894/4894 4891/4891
f 5902/5902 5901/5901 5903/5903
f 4889/4889 4890/4890 4891/4891
f 5703/5703 4891/4891 4892/4892
f 5904/5904 5905/5905 5906/5906
f 4890/4890 4893/4893 4892/4892
f 4891/4891 4890/4890 4892/4892
f 5906/5906 5905/5905 5907/5907
f 4860/4860 5776/5776 4846/4846
f 4893/4893 4897/4897 5776/5776
f 4892/4892 4893/4893 5776/5776
f 4769/4769 5328/5328 4902/4902
f 5983/5983 5986/5986 5984/5984
f 5983/5983 5984/5984 5985/5985
f 4769/4769 4902/4902 4763/4763
f 4769/4769 4763/4763 4768/4768
f 4763/4763 4764/4764 4766/4766
f 4768/4768 4763/4763 4766/4766
f 4764/4764 4900/4900 4767/4767
f 4766/4766 4764/4764 4767/4767
f 5886/5886 5887/5887 5888/5888
f 4767/4767 4900/4900 5772/5772
f 5310/5310 5309/5309 5308/5308
f 5772/5772 5310/5310 5308/5308
f 5309/5309 5794/5794 5301/5301
f 5308/5308 5309/5309 5301/5301
f 5890/5890 5894/5894 5895/5895
f 5301/5301 5794/5794 5240/5240
f 5330/5330 4883/4883 5794/5794
f 5896/5896 5897/5897 5898/5898
f 5896/5896 5898/5898 5899/5899
f 5794/5794 4883/4883 4894/4894
f 5908/5908 5911/5911 5909/5909
f 4825/4825 4826/4826 4907/4907
f 5908/5908 5912/5912 5911/5911
f 4904/4904 4758/4758 5328/5328
f 5908/5908 5909/5909 5910/5910
f 4758/4758 4759/4759 5328/5328
f 4759/4759 4761/4761 4902/4902
f 5328/5328 4759/4759 4902/4902
f 4761/4761 4762/4762 4763/4763
f 4902/4902 4761/4761 4763/4763
f 4762/4762 4765/4765 4764/4764
f 4763/4763 4762/4762 4764/4764
f 4762/4762 4899/4899 4765/4765
f 4764/4764 4765/4765 4900/4900
f 5893/5893 5892/5892 5891/5891
f 5886/5886 5891/5891 5889/5889
f 5886/5886 5889/5889 5887/5887
f 4870/4870 4872/4872 4881/4881
f 5891/5891 5892/5892 5889/5889
f 5887/5887 5889/5889 5890/5890
f 4872/4872 4875/4875 4881/4881
f 4736/4736 4737/4737 4735/4735
f 4737/4737 4740/4740 4738/4738
f 4735/4735 4737/4737 4738/4738
f 4740/4740 4741/4741 4738/4738
f 4741/4741 4743/4743 4742/4742
f 4738/4738 4741/4741 4742/4742
f 4743/4743 4755/4755 4904/4904
f 4742/4742 4743/4743 4904/4904
f 4755/4755 4757/4757 4758/4758
f 4904/4904 4755/4755 4758/4758
f 4745/4745 5742/5742 4757/4757
f 4755/4755 4745/4745 4757/4757
f 4758/4758 4757/4757 4759/4759
f 5742/5742 4862/4862 4757/4757
f 4759/4759 4757/4757 4760/4760
f 4759/4759 4760/4760 4761/4761
f 4862/4862 4863/4863 4760/4760
f 4757/4757 4862/4862 4760/4760
f 4761/4761 4760/4760 4762/4762
f 4863/4863 4864/4864 4760/4760
f 4910/4910 5763/5763 4736/4736
f 4734/4734 4910/4910 4736/4736
f 4734/4734 4721/4721 4720/4720
f 4734/4734 4720/4720 4910/4910
f 4910/4910 4720/4720 5814/5814
f 4910/4910 5814/5814 5763/5763
f 4736/4736 5763/5763 4737/4737
f 5763/5763 5814/5814 5824/5824
f 4737/4737 5763/5763 4905/4905
f 4737/4737 4905/4905 4740/4740
f 5824/5824 4748/4748 4905/4905
f 5763/5763 5824/5824 4905/4905
f 4905/4905 4744/4744 4741/4741
f 4740/4740 4905/4905 4741/4741
f 4748/4748 4747/4747 4744/4744
f 4905/4905 4748/4748 4744/4744
f 4741/4741 4744/4744 4743/4743
f 4747/4747 4746/4746 4744/4744
f 4743/4743 4744/4744 4745/4745
f 4743/4743 4745/4745 4755/4755
f 4746/4746 4753/4753 4745/4745
f 4744/4744 4746/4746 4745/4745
f 4708/4708 4711/4711 5213/5213
f 4671/4671 4670/4670 4708/4708
f 5213/5213 4671/4671 4708/4708
f 4711/4711 4715/4715 4716/4716
f 5213/5213 4711/4711 4716/4716
f 4715/4715 4908/4908 4717/4717
f 4716/4716 4715/4715 4717/4717
f 4715/4715 4714/4714 5217/5217
f 4715/4715 5217/5217 4908/4908
f 4908/4908 5217/5217 5708/5708
f 4659/4659 4658/4658 5820/5820
f 4659/4659 4660/4660 4657/4657
f 4659/4659 4657/4657 4658/4658
f 5820/5820 4712/4712 4673/4673
f 4659/4659 5820/5820 4673/4673
f 4712/4712 4710/4710 4673/4673
f 4712/4712 4911/4911 4713/4713
f 4712/4712 4713/4713 4710/4710
f 4673/4673 4710/4710 4708/4708
f 4710/4710 4713/4713 4909/4909
f 4710/4710 4714/4714 4711/4711
f 4708/4708 4710/4710 4711/4711
f 4909/4909 5292/5292 4714/4714
f 4710/4710 4909/4909 4714/4714
f 4711/4711 4714/4714 4715/4715
f 5292/5292 5218/5218 4714/4714
f 4655/4655 4687/4687 4658/4658
f 4654/4654 4653/4653 4655/4655
f 4655/4655 4653/4653 4656/4656
f 4655/4655 4656/4656 4687/4687
f 4687/4687 4656/4656 5822/5822
f 5878/5878 5879/5879 5880/5880
f 4658/4658 4687/4687 5820/5820
f 5822/5822 4913/4913 4911/4911
f 5878/5878 5881/5881 5879/5879
f 5820/5820 4911/4911 4712/4712
f 4911/4911 4913/4913 4912/4912
f 5747/5747 4594/4594 5318/5318
f 48/48 40/40 57/57
f 48/48 39/39 40/40
f 4594/4594 4577/4577 4588/4588
f 5318/5318 4594/4594 4588/4588
f 4577/4577 4585/4585 4586/4586
f 4588/4588 4577/4577 4586/4586
f 4586/4586 4585/4585 4587/4587
f 4587/4587 4585/4585 4589/4589
f 4587/4587 4589/4589 4590/4590
f 4590/4590 4589/4589 4591/4591
f 4590/4590 4591/4591 4625/4625
f 4610/4610 4611/4611 4609/4609
f 4610/4610 4609/4609 4608/4608
f 1919/1919 1917/1917 1916/1916
f 1920/1920 1919/1919 1916/1916
f 4608/4608 4609/4609 4607/4607
f 4608/4608 4607/4607 4606/4606
f 4607/4607 4605/4605 4606/4606
f 4606/4606 4605/4605 4604/4604
f 4606/4606 4604/4604 4617/4617
f 4577/4577 4576/4576 4575/4575
f 4577/4577 4575/4575 4585/4585
f 4585/4585 4575/4575 4573/4573
f 4585/4585 4573/4573 4589/4589
f 4589/4589 4573/4573 4591/4591
f 4591/4591 4573/4573 4922/4922
f 4591/4591 4922/4922 4628/4628
f 5863/5863 5864/5864 5865/5865
f 5863/5863 5865/5865 5866/5866
f 4611/4611 4613/4613 4612/4612
f 4611/4611 4612/4612 4609/4609
f 1917/1917 1921/1921 1918/1918
f 1916/1916 1917/1917 1918/1918
f 5819/5819 4603/4603 4605/4605
f 4607/4607 5819/5819 4605/4605
f 4603/4603 4602/4602 4604/4604
f 4605/4605 4603/4603 4604/4604
f 4579/4579 4583/4583 4592/4592
f 4579/4579 4592/4592 4576/4576
f 4576/4576 4592/4592 4574/4574
f 4576/4576 4574/4574 4575/4575
f 4574/4574 4572/4572 4573/4573
f 4575/4575 4574/4574 4573/4573
f 4572/4572 4571/4571 4573/4573
f 4571/4571 4570/4570 4922/4922
f 4573/4573 4571/4571 4922/4922
f 4557/4557 4558/4558 4570/4570
f 4571/4571 4557/4557 4570/4570
f 4922/4922 4570/4570 4595/4595
f 4614/4614 4616/4616 4612/4612
f 4613/4613 4614/4614 4612/4612
f 1918/1918 1921/1921 1922/1922
f 4613/4613 4615/4615 4614/4614
f 4614/4614 4615/4615 4624/4624
f 4614/4614 4624/4624 4616/4616
f 5929/5929 5930/5930 5931/5931
f 4612/4612 4616/4616 5819/5819
f 5929/5929 5933/5933 5932/5932
f 5929/5929 5932/5932 5930/5930
f 5819/5819 5738/5738 4622/4622
f 5819/5819 4622/4622 4603/4603
f 4527/4527 4528/4528 4622/4622
f 5738/5738 4527/4527 4622/4622
f 4603/4603 4622/4622 4530/4530
f 4603/4603 4530/4530 4602/4602
f 4602/4602 4530/4530 4531/4531
f 4602/4602 4531/4531 5823/5823
f 4531/4531 4533/4533 4601/4601
f 5823/5823 4531/4531 4601/4601
f 4601/4601 4533/4533 5828/5828
f 4601/4601 5828/5828 4583/4583
f 5828/5828 5751/5751 4592/4592
f 4583/4583 5828/5828 4592/4592
f 4592/4592 5751/5751 4574/4574
f 4574/4574 5751/5751 4597/4597
f 5861/5861 5860/5860 5862/5862
f 5751/5751 5758/5758 4597/4597
f 4574/4574 4597/4597 4572/4572
f 5758/5758 4554/4554 4597/4597
f 4572/4572 4597/4597 4557/4557
f 4572/4572 4557/4557 4571/4571
f 4554/4554 4556/4556 4557/4557
f 4597/4597 4554/4554 4557/4557
f 4528/4528 4529/4529 4530/4530
f 4622/4622 4528/4528 4530/4530
f 4525/4525 4623/4623 4529/4529
f 4528/4528 4525/4525 4529/4529
f 4529/4529 4532/4532 4531/4531
f 4530/4530 4529/4529 4531/4531
f 4623/4623 4600/4600 4532/4532
f 4529/4529 4623/4623 4532/4532
f 4532/4532 4534/4534 4533/4533
f 4531/4531 4532/4532 4533/4533
f 4532/4532 4600/4600 4535/4535
f 4532/4532 4535/4535 4534/4534
f 4534/4534 4548/4548 5828/5828
f 4533/4533 4534/4534 5828/5828
f 4534/4534 4535/4535 4536/4536
f 4534/4534 4536/4536 4548/4548
f 5859/5859 5860/5860 5861/5861
f 4548/4548 4536/4536 4543/4543
f 2869/2869 2908/2908 3090/3090
f 2869/2869 2795/2795 2908/2908
f 5512/5512 5510/5510 5522/5522
f 2869/2869 3090/3090 2959/2959
f 5517/5517 5695/5695 5520/5520
f 2899/2899 2674/2674 2946/2946
f 5517/5517 5729/5729 5695/5695
f 5517/5517 5520/5520 5516/5516
f 5517/5517 5516/5516 5515/5515
f 5515/5515 5516/5516 5513/5513
f 5515/5515 5513/5513 5514/5514
f 5513/5513 5511/5511 5512/5512
f 5514/5514 5513/5513 5512/5512
f 5511/5511 5508/5508 5510/5510
f 5512/5512 5511/5511 5510/5510
f 5508/5508 5507/5507 5509/5509
f 5510/5510 5508/5508 5509/5509
f 5699/5699 5812/5812 5698/5698
f 5699/5699 5698/5698 5697/5697
f 3023/3023 2763/2763 3022/3022
f 6129/6129 6130/6130 6131/6131
f 5697/5697 5698/5698 5696/5696
f 5697/5697 5696/5696 5695/5695
f 5695/5695 5696/5696 5538/5538
f 5695/5695 5538/5538 5520/5520
f 5520/5520 5538/5538 5518/5518
f 5520/5520 5518/5518 5516/5516
f 5516/5516 5518/5518 5513/5513
f 5462/5462 5506/5506 5507/5507
f 5508/5508 5462/5462 5507/5507
f 5451/5451 5382/5382 5384/5384
f 6128/6128 6126/6126 6125/6125
f 6173/6173 6176/6176 6174/6174
f 6173/6173 6174/6174 6175/6175
f 6125/6125 6126/6126 6127/6127
f 5419/5419 5450/5450 5416/5416
f 5416/5416 5450/5450 5414/5414
f 5416/5416 5414/5414 5415/5415
f 5415/5415 5414/5414 5413/5413
f 5415/5415 5413/5413 5422/5422
f 5422/5422 5413/5413 5411/5411
f 5422/5422 5411/5411 5812/5812
f 5812/5812 5411/5411 5427/5427
f 6076/6076 6075/6075 6074/6074
f 5463/5463 5578/5578 5506/5506
f 5462/5462 5463/5463 5506/5506
f 5578/5578 5681/5681 5817/5817
f 5506/5506 5578/5578 5817/5817
f 5378/5378 5357/5357 5371/5371
f 5378/5378 5371/5371 5373/5373
f 2954/2954 2586/2586 2952/2952
f 5378/5378 5359/5359 5357/5357
f 5373/5373 5371/5371 5372/5372
f 5373/5373 5372/5372 5374/5374
f 5374/5374 5372/5372 5379/5379
f 5374/5374 5379/5379 5380/5380
f 5380/5380 5379/5379 5381/5381
f 5380/5380 5381/5381 5382/5382
f 5382/5382 5381/5381 5383/5383
f 5382/5382 5383/5383 5384/5384
f 5384/5384 5383/5383 5385/5385
f 5384/5384 5385/5385 5450/5450
f 5450/5450 5385/5385 5388/5388
f 5963/5963 5958/5958 5962/5962
f 5962/5962 5958/5958 5960/5960
f 5414/5414 5412/5412 5413/5413
f 5412/5412 5408/5408 5411/5411
f 5413/5413 5412/5412 5411/5411
f 5463/5463 5464/5464 5467/5467
f 5463/5463 5467/5467 5578/5578
f 5578/5578 5467/5467 5505/5505
f 5578/5578 5505/5505 5681/5681
f 5469/5469 5472/5472 5505/5505
f 5467/5467 5469/5469 5505/5505
f 5364/5364 5365/5365 5363/5363
f 2862/2862 2558/2558 2861/2861
f 5364/5364 5368/5368 5365/5365
f 5363/5363 5362/5362 5360/5360
f 5364/5364 5363/5363 5360/5360
f 5360/5360 5362/5362 5361/5361
f 5360/5360 5361/5361 5358/5358
f 5358/5358 5361/5361 5356/5356
f 5358/5358 5356/5356 5357/5357
f 5357/5357 5356/5356 5355/5355
f 5357/5357 5355/5355 5371/5371
f 5371/5371 5355/5355 5372/5372
f 5372/5372 5355/5355 5377/5377
f 5372/5372 5377/5377 5379/5379
f 5379/5379 5377/5377 5731/5731
f 5379/5379 5731/5731 5381/5381
f 5731/5731 5386/5386 5383/5383
f 5381/5381 5731/5731 5383/5383
f 5386/5386 5387/5387 5385/5385
f 5383/5383 5386/5386 5385/5385
f 5387/5387 5449/5449 5388/5388
f 5385/5385 5387/5387 5388/5388
f 5959/5959 5961/5961 5960/5960
f 5958/5958 5959/5959 5960/5960
f 5408/5408 5424/5424 5404/5404
f 5408/5408 5404/5404 5407/5407
f 5406/5406 5405/5405 5426/5426
f 5406/5406 5426/5426 5452/5452
f 5452/5452 5426/5426 5671/5671
f 6021/6021 6016/6016 6012/6012
f 5452/5452 5671/5671 5454/5454
f 6012/6012 6016/6016 6015/6015
f 6012/6012 6015/6015 6013/6013
f 5466/5466 5781/5781 5464/5464
f 5465/5465 5466/5466 5464/5464
f 5464/5464 5781/5781 5468/5468
f 5464/5464 5468/5468 5467/5467
f 5693/5693 5688/5688 5743/5743
f 6118/6118 6119/6119 6120/6120
f 2889/2889 2639/2639 2842/2842
f 5693/5693 5691/5691 5688/5688
f 5370/5370 5743/5743 5367/5367
f 5370/5370 5367/5367 5365/5365
f 5365/5365 5367/5367 5366/5366
f 5365/5365 5366/5366 5363/5363
f 5363/5363 5366/5366 5369/5369
f 5363/5363 5369/5369 5362/5362
f 5362/5362 5369/5369 5787/5787
f 5362/5362 5787/5787 5361/5361
f 5787/5787 5351/5351 5356/5356
f 5361/5361 5787/5787 5356/5356
f 5392/5392 5396/5396 5826/5826
f 5449/5449 5392/5392 5826/5826
f 5826/5826 5396/5396 5774/5774
f 5826/5826 5774/5774 5424/5424
f 5424/5424 5774/5774 5402/5402
f 5424/5424 5402/5402 5404/5404
f 5404/5404 5402/5402 5403/5403
f 5404/5404 5403/5403 5405/5405
f 5405/5405 5403/5403 5425/5425
f 5405/5405 5425/5425 5426/5426
f 5425/5425 5540/5540 5671/5671
f 5426/5426 5425/5425 5671/5671
f 5540/5540 5541/5541 5542/5542
f 5671/5671 5540/5540 5542/5542
f 5542/5542 5541/5541 5544/5544
f 6016/6016 6017/6017 6015/6015
f 5541/5541 5543/5543 5544/5544
f 6015/6015 6017/6017 6018/6018
f 6015/6015 6018/6018 6019/6019
f 3876/3876 3690/3690 3955/3955
f 5544/5544 5543/5543 5736/5736
f 6019/6019 6018/6018 6020/6020
f 5781/5781 5504/5504 5468/5468
f 3690/3690 3906/3906 3956/3956
f 3955/3955 3690/3690 3956/3956
f 5157/5157 5087/5087 5089/5089
f 5157/5157 5089/5089 5759/5759
f 3008/3008 2515/2515 2514/2514
f 3008/3008 2514/2514 2996/2996
f 5759/5759 5089/5089 5134/5134
f 5759/5759 5134/5134 5124/5124
f 5124/5124 5134/5134 5114/5114
f 5124/5124 5114/5114 5123/5123
f 5123/5123 5114/5114 5122/5122
f 5123/5123 5122/5122 5125/5125
f 5125/5125 5122/5122 5704/5704
f 6108/6108 6109/6109 6110/6110
f 5690/5690 5704/5704 5687/5687
f 5690/5690 5687/5687 5688/5688
f 5688/5688 5687/5687 5686/5686
f 5688/5688 5686/5686 5743/5743
f 6029/6029 6030/6030 6031/6031
f 6032/6032 6029/6029 6031/6031
f 5391/5391 5430/5430 5393/5393
f 5391/5391 5393/5393 5392/5392
f 5392/5392 5393/5393 5394/5394
f 5392/5392 5394/5394 5395/5395
f 5392/5392 5395/5395 5396/5396
f 5396/5396 5395/5395 5397/5397
f 5396/5396 5397/5397 5774/5774
f 5395/5395 5398/5398 5397/5397
f 5774/5774 5397/5397 5399/5399
f 5774/5774 5399/5399 5402/5402
f 5398/5398 5400/5400 5399/5399
f 5397/5397 5398/5398 5399/5399
f 5402/5402 5399/5399 5401/5401
f 5402/5402 5401/5401 5403/5403
f 3963/3963 3897/3897 3984/3984
f 5399/5399 5400/5400 5401/5401
f 5403/5403 5401/5401 5428/5428
f 5403/5403 5428/5428 5425/5425
f 3897/3897 3854/3854 3985/3985
f 3984/3984 3897/3897 3985/3985
f 5425/5425 5428/5428 5539/5539
f 5425/5425 5539/5539 5540/5540
f 3854/3854 3803/3803 3952/3952
f 3985/3985 3854/3854 3952/3952
f 5540/5540 5539/5539 5541/5541
f 3803/3803 3804/3804 3952/3952
f 2566/2566 2864/2864 2902/2902
f 2566/2566 2902/2902 2903/2903
f 2566/2566 2794/2794 2864/2864
f 5109/5109 5108/5108 5107/5107
f 5109/5109 5107/5107 5110/5110
f 5107/5107 5728/5728 5110/5110
f 5728/5728 5088/5088 5091/5091
f 6161/6161 6162/6162 6163/6163
f 5091/5091 5088/5088 5086/5086
f 5091/5091 5086/5086 5087/5087
f 5087/5087 5086/5086 5084/5084
f 5087/5087 5084/5084 5089/5089
f 5089/5089 5084/5084 5085/5085
f 5089/5089 5085/5085 5134/5134
f 5134/5134 5085/5085 5114/5114
f 5447/5447 5441/5441 5438/5438
f 5447/5447 5438/5438 5677/5677
f 5677/5677 5438/5438 5435/5435
f 5677/5677 5435/5435 5436/5436
f 5436/5436 5435/5435 5432/5432
f 5436/5436 5432/5432 5430/5430
f 5430/5430 5432/5432 5431/5431
f 5430/5430 5431/5431 5393/5393
f 5433/5433 5437/5437 5431/5431
f 5432/5432 5433/5433 5431/5431
f 5393/5393 5431/5431 5682/5682
f 5393/5393 5682/5682 5394/5394
f 3960/3960 3908/3908 3995/3995
f 5431/5431 5437/5437 5682/5682
f 5394/5394 5682/5682 5429/5429
f 5394/5394 5429/5429 5395/5395
f 3908/3908 3818/3818 3966/3966
f 3995/3995 3908/3908 3966/3966
f 6138/6138 6135/6135 6137/6137
f 2801/2801 2612/2612 2800/2800
f 2801/2801 2800/2800 3012/3012
f 5768/5768 5765/5765 5767/5767
f 5769/5769 5768/5768 5767/5767
f 5767/5767 5765/5765 5764/5764
f 5767/5767 5764/5764 5780/5780
f 5780/5780 5764/5764 5111/5111
f 5780/5780 5111/5111 5108/5108
f 5108/5108 5111/5111 5101/5101
f 5108/5108 5101/5101 5107/5107
f 5107/5107 5101/5101 5106/5106
f 5107/5107 5106/5106 5728/5728
f 5728/5728 5106/5106 5127/5127
f 5728/5728 5127/5127 5088/5088
f 6060/6060 6061/6061 6062/6062
f 5761/5761 5674/5674 5445/5445
f 5761/5761 5445/5445 5443/5443
f 5443/5443 5445/5445 5442/5442
f 5443/5443 5442/5442 5441/5441
f 5441/5441 5442/5442 5439/5439
f 5441/5441 5439/5439 5438/5438
f 5446/5446 5440/5440 5439/5439
f 5442/5442 5446/5446 5439/5439
f 5438/5438 5439/5439 5434/5434
f 5438/5438 5434/5434 5435/5435
f 3968/3968 3825/3825 3971/3971
f 5439/5439 5440/5440 5434/5434
f 5435/5435 5434/5434 5432/5432
f 3825/3825 3776/3776 3971/3971
f 5033/5033 5034/5034 5031/5031
f 5033/5033 5031/5031 5032/5032
f 2809/2809 2657/2657 2810/2810
f 5033/5033 5035/5035 5034/5034
f 5032/5032 5031/5031 5030/5030
f 5032/5032 5030/5030 5037/5037
f 5037/5037 5030/5030 5060/5060
f 5037/5037 5060/5060 5727/5727
f 5727/5727 5060/5060 5779/5779
f 6135/6135 6136/6136 6137/6137
f 5768/5768 5779/5779 5766/5766
f 5768/5768 5766/5766 5765/5765
f 5765/5765 5766/5766 5113/5113
f 5765/5765 5113/5113 5764/5764
f 5155/5155 5145/5145 5147/5147
f 5155/5155 5147/5147 5150/5150
f 5150/5150 5147/5147 5149/5149
f 5150/5150 5149/5149 5151/5151
f 5149/5149 5153/5153 5154/5154
f 5151/5151 5149/5149 5154/5154
f 5154/5154 5153/5153 5739/5739
f 6060/6060 6063/6063 6061/6061
f 3905/3905 3800/3800 3972/3972
f 3996/3996 3905/3905 3972/3972
f 5674/5674 5739/5739 5673/5673
f 5674/5674 5673/5673 5445/5445
f 3800/3800 3799/3799 3974/3974
f 3972/3972 3800/3800 3974/3974
f 5445/5445 5673/5673 5446/5446
f 5445/5445 5446/5446 5442/5442
f 3799/3799 3798/3798 3979/3979
f 3974/3974 3799/3799 3979/3979
f 5044/5044 5050/5050 5046/5046
f 2974/2974 2597/2597 2975/2975
f 5044/5044 5046/5046 5043/5043
f 5044/5044 5043/5043 5042/5042
f 5042/5042 5043/5043 5041/5041
f 5042/5042 5041/5041 5040/5040
f 5040/5040 5041/5041 5039/5039
f 5040/5040 5039/5039 5036/5036
f 5036/5036 5039/5039 5038/5038
f 5036/5036 5038/5038 5034/5034
f 5034/5034 5038/5038 5051/5051
f 5034/5034 5051/5051 5031/5031
f 5031/5031 5051/5051 5029/5029
f 5031/5031 5029/5029 5030/5030
f 5135/5135 5136/5136 5137/5137
f 5135/5135 5137/5137 5142/5142
f 5142/5142 5137/5137 5141/5141
f 5142/5142 5141/5141 5143/5143
f 5143/5143 5141/5141 5144/5144
f 5143/5143 5144/5144 5145/5145
f 3847/3847 3846/3846 3927/3927
f 3969/3969 3847/3847 3927/3927
f 5145/5145 5144/5144 5146/5146
f 5145/5145 5146/5146 5147/5147
f 3846/3846 3773/3773 3900/3900
f 3927/3927 3846/3846 3900/3900
f 5147/5147 5146/5146 5148/5148
f 5147/5147 5148/5148 5149/5149
f 3773/3773 3726/3726 3904/3904
f 3900/3900 3773/3773 3904/3904
f 5149/5149 5148/5148 5153/5153
f 3726/3726 3728/3728 3904/3904
f 5294/5294 5201/5201 5293/5293
f 2934/2934 2553/2553 2933/2933
f 5294/5294 5293/5293 5295/5295
f 5294/5294 5295/5295 5296/5296
f 5296/5296 5295/5295 5297/5297
f 5296/5296 5297/5297 5694/5694
f 6092/6092 6089/6089 6091/6091
f 5694/5694 5238/5238 5050/5050
f 5050/5050 5238/5238 5048/5048
f 5050/5050 5048/5048 5046/5046
f 5046/5046 5048/5048 5047/5047
f 5046/5046 5047/5047 5043/5043
f 5043/5043 5047/5047 5129/5129
f 5043/5043 5129/5129 5041/5041
f 5070/5070 5073/5073 5074/5074
f 5070/5070 5074/5074 5115/5115
f 5070/5070 5115/5115 5299/5299
f 3853/3853 3852/3852 3986/3986
f 5074/5074 5076/5076 5115/5115
f 6097/6097 6098/6098 6099/6099
f 5299/5299 5139/5139 5136/5136
f 3852/3852 3760/3760 3914/3914
f 3986/3986 3852/3852 3914/3914
f 5136/5136 5139/5139 5138/5138
f 5136/5136 5138/5138 5137/5137
f 3760/3760 3724/3724 3849/3849
f 3914/3914 3760/3760 3849/3849
f 5137/5137 5138/5138 5140/5140
f 5137/5137 5140/5140 5141/5141
f 3724/3724 3725/3725 3848/3848
f 3849/3849 3724/3724 3848/3848
f 5202/5202 5204/5204 5203/5203
f 2856/2856 2523/2523 2855/2855
f 2856/2856 2855/2855 3064/3064
f 5202/5202 5203/5203 5199/5199
f 5202/5202 5199/5199 5200/5200
f 5200/5200 5199/5199 5198/5198
f 5200/5200 5198/5198 5201/5201
f 5201/5201 5198/5198 5209/5209
f 5201/5201 5209/5209 5293/5293
f 5209/5209 5303/5303 5295/5295
f 5293/5293 5209/5209 5295/5295
f 5295/5295 5303/5303 5298/5298
f 5295/5295 5298/5298 5297/5297
f 5132/5132 5015/5015 5017/5017
f 5132/5132 5017/5017 5057/5057
f 5132/5132 5057/5057 5059/5059
f 5059/5059 5057/5057 5058/5058
f 5059/5059 5058/5058 5064/5064
f 5064/5064 5058/5058 5327/5327
f 5064/5064 5327/5327 5120/5120
f 3850/3850 3785/3785 3936/3936
f 3991/3991 3850/3850 3936/3936
f 5120/5120 5327/5327 5075/5075
f 5120/5120 5075/5075 5073/5073
f 3785/3785 3771/3771 3901/3901
f 3936/3936 3785/3785 3901/3901
f 5073/5073 5075/5075 5074/5074
f 3771/3771 3727/3727 3901/3901
f 5181/5181 5178/5178 5182/5182
f 5181/5181 5182/5182 5706/5706
f 2921/2921 2608/2608 2871/2871
f 5181/5181 5180/5180 5178/5178
f 6103/6103 6100/6100 6102/6102
f 5706/5706 5208/5208 5207/5207
f 5207/5207 5208/5208 5206/5206
f 5207/5207 5206/5206 5204/5204
f 5204/5204 5206/5206 5205/5205
f 5204/5204 5205/5205 5203/5203
f 5203/5203 5205/5205 5210/5210
f 5203/5203 5210/5210 5199/5199
f 5199/5199 5210/5210 5197/5197
f 5199/5199 5197/5197 5198/5198
f 5061/5061 5000/5000 5003/5003
f 5061/5061 5003/5003 5010/5010
f 5061/5061 5010/5010 5012/5012
f 5012/5012 5010/5010 5011/5011
f 5012/5012 5011/5011 5013/5013
f 5013/5013 5011/5011 5014/5014
f 5013/5013 5014/5014 5015/5015
f 3840/3840 3831/3831 3941/3941
f 3975/3975 3840/3840 3941/3941
f 5015/5015 5014/5014 5016/5016
f 5015/5015 5016/5016 5017/5017
f 3831/3831 3739/3739 3892/3892
f 3941/3941 3831/3831 3892/3892
f 5017/5017 5016/5016 5056/5056
f 5017/5017 5056/5056 5057/5057
f 3739/3739 3713/3713 3877/3877
f 3892/3892 3739/3739 3877/3877
f 5057/5057 5056/5056 5058/5058
f 3713/3713 3714/3714 3877/3877
f 5775/5775 5172/5172 5711/5711
f 5775/5775 5711/5711 5744/5744
f 3018/3018 2634/2634 3054/3054
f 5744/5744 5711/5711 5185/5185
f 5744/5744 5185/5185 5183/5183
f 5183/5183 5185/5185 5175/5175
f 5183/5183 5175/5175 5177/5177
f 5177/5177 5175/5175 5176/5176
f 5177/5177 5176/5176 5178/5178
f 5178/5178 5176/5176 5179/5179
f 5178/5178 5179/5179 5182/5182
f 5182/5182 5179/5179 5725/5725
f 6100/6100 6101/6101 6102/6102
f 5208/5208 5725/5725 5206/5206
f 4990/4990 5317/5317 5023/5023
f 4990/4990 5023/5023 4991/4991
f 4991/4991 5023/5023 5026/5026
f 4991/4991 5026/5026 4994/4994
f 3836/3836 3830/3830 3946/3946
f 3994/3994 3836/3836 3946/3946
f 4994/4994 5026/5026 5001/5001
f 4994/4994 5001/5001 5000/5000
f 3830/3830 3806/3806 3881/3881
f 3946/3946 3830/3830 3881/3881
f 5000/5000 5001/5001 5002/5002
f 5000/5000 5002/5002 5003/5003
f 3806/3806 3748/3748 3880/3880
f 3881/3881 3806/3806 3880/3880
f 5003/5003 5002/5002 5004/5004
f 5003/5003 5004/5004 5010/5010
f 3880/3880 3748/3748 3860/3860
f 5010/5010 5004/5004 5011/5011
f 3748/3748 3738/3738 3860/3860
f 4810/4810 4805/4805 4807/4807
f 4810/4810 4807/4807 4811/4811
f 2966/2966 2547/2547 2965/2965
f 4811/4811 4807/4807 4812/4812
f 4811/4811 4812/4812 4923/4923
f 4923/4923 4812/4812 4924/4924
f 4923/4923 4924/4924 4925/4925
f 4925/4925 4924/4924 4926/4926
f 4925/4925 4926/4926 5172/5172
f 5172/5172 4926/4926 4928/4928
f 5172/5172 4928/4928 5711/5711
f 5711/5711 4928/4928 5173/5173
f 5711/5711 5173/5173 5185/5185
f 5185/5185 5173/5173 5175/5175
f 4979/4979 4981/4981 5062/5062
f 4979/4979 5062/5062 5019/5019
f 4979/4979 5019/5019 5006/5006
f 3823/3823 3822/3822 3951/3951
f 5062/5062 5757/5757 5019/5019
f 5006/5006 5019/5019 5053/5053
f 5006/5006 5053/5053 5317/5317
f 3822/3822 3793/3793 3868/3868
f 3951/3951 3822/3822 3868/3868
f 5317/5317 5053/5053 5321/5321
f 5317/5317 5321/5321 5023/5023
f 3793/3793 3794/3794 3837/3837
f 3868/3868 3793/3793 3837/3837
f 4802/4802 4799/4799 4801/4801
f 4802/4802 4801/4801 4803/4803
f 2845/2845 2542/2542 2836/2836
f 4802/4802 4814/4814 4799/4799
f 4803/4803 4801/4801 4804/4804
f 4803/4803 4804/4804 4805/4805
f 4805/4805 4804/4804 4806/4806
f 4805/4805 4806/4806 4807/4807
f 4807/4807 4806/4806 4808/4808
f 4807/4807 4808/4808 4812/4812
f 4812/4812 4808/4808 5329/5329
f 4812/4812 5329/5329 4924/4924
f 4967/4967 4970/4970 4968/4968
f 4966/4966 4967/4967 4968/4968
f 4968/4968 4970/4970 4984/4984
f 4968/4968 4984/4984 5126/5126
f 3816/3816 3815/3815 3967/3967
f 4970/4970 4985/4985 4984/4984
f 6115/6115 6116/6116 6117/6117
f 5126/5126 5027/5027 4997/4997
f 3815/3815 3814/3814 3902/3902
f 3967/3967 3815/3815 3902/3902
f 4997/4997 5027/5027 5005/5005
f 4997/4997 5005/5005 4981/4981
f 3814/3814 3740/3740 3856/3856
f 3902/3902 3814/3814 3856/3856
f 4981/4981 5005/5005 5009/5009
f 4981/4981 5009/5009 5062/5062
f 3740/3740 3741/3741 3855/3855
f 3856/3856 3740/3740 3855/3855
f 5713/5713 4815/4815 4795/4795
f 5713/5713 4795/4795 4817/4817
f 2833/2833 2590/2590 2799/2799
f 5713/5713 5741/5741 4815/4815
f 4817/4817 4795/4795 4796/4796
f 4817/4817 4796/4796 4798/4798
f 4798/4798 4796/4796 4797/4797
f 4798/4798 4797/4797 4799/4799
f 4799/4799 4797/4797 4800/4800
f 4799/4799 4800/4800 4801/4801
f 4801/4801 4800/4800 5320/5320
f 4801/4801 5320/5320 4804/4804
f 4955/4955 4953/4953 4956/4956
f 4955/4955 4956/4956 4957/4957
f 4955/4955 4957/4957 4958/4958
f 4958/4958 4957/4957 4959/4959
f 4958/4958 4959/4959 4961/4961
f 4961/4961 4959/4959 4962/4962
f 4961/4961 4962/4962 4963/4963
f 3833/3833 3832/3832 3929/3929
f 3981/3981 3833/3833 3929/3929
f 4963/4963 4962/4962 5302/5302
f 4963/4963 5302/5302 4967/4967
f 3832/3832 3810/3810 3882/3882
f 3929/3929 3832/3832 3882/3882
f 4967/4967 5302/5302 5020/5020
f 4967/4967 5020/5020 4970/4970
f 3810/3810 3768/3768 3871/3871
f 3882/3882 3810/3810 3871/3871
f 4782/4782 4778/4778 4780/4780
f 4782/4782 4780/4780 5732/5732
f 5732/5732 4780/4780 4783/4783
f 5732/5732 4783/4783 4816/4816
f 4816/4816 4783/4783 4789/4789
f 4816/4816 4789/4789 4791/4791
f 4791/4791 4789/4789 4790/4790
f 4791/4791 4790/4790 4815/4815
f 4815/4815 4790/4790 4793/4793
f 4815/4815 4793/4793 4795/4795
f 4795/4795 4793/4793 4794/4794
f 4795/4795 4794/4794 4796/4796
f 4794/4794 4813/4813 4797/4797
f 4796/4796 4794/4794 4797/4797
f 4943/4943 4949/4949 4947/4947
f 4944/4944 4943/4943 4947/4947
f 4947/4947 4949/4949 4950/4950
f 4947/4947 4950/4950 4951/4951
f 4951/4951 4950/4950 4952/4952
f 4951/4951 4952/4952 4953/4953
f 3765/3765 3764/3764 3910/3910
f 3983/3983 3765/3765 3910/3910
f 4953/4953 4952/4952 5156/5156
f 4953/4953 5156/5156 4956/4956
f 3764/3764 3749/3749 3885/3885
f 3910/3910 3764/3764 3885/3885
f 4956/4956 5156/5156 5055/5055
f 4956/4956 5055/5055 4957/4957
f 3885/3885 3749/3749 3884/3884
f 4957/4957 5055/5055 4960/4960
f 4957/4957 4960/4960 4959/4959
f 3749/3749 3750/3750 3834/3834
f 3884/3884 3749/3749 3834/3834
f 4786/4786 4788/4788 4773/4773
f 4786/4786 4773/4773 4774/4774
f 2824/2824 2561/2561 2823/2823
f 4786/4786 4818/4818 4788/4788
f 4774/4774 4773/4773 4772/4772
f 4774/4774 4772/4772 4784/4784
f 4784/4784 4772/4772 4775/4775
f 4784/4784 4775/4775 4777/4777
f 4777/4777 4775/4775 4776/4776
f 4777/4777 4776/4776 4778/4778
f 4778/4778 4776/4776 4779/4779
f 4778/4778 4779/4779 4780/4780
f 4780/4780 4779/4779 4781/4781
f 4780/4780 4781/4781 4783/4783
f 4783/4783 4781/4781 4785/4785
f 4783/4783 4785/4785 4789/4789
f 4789/4789 4785/4785 4790/4790
f 5311/5311 5750/5750 5749/5749
f 5311/5311 5749/5749 5161/5161
f 5161/5161 5749/5749 4941/4941
f 5161/5161 4941/4941 4940/4940
f 4941/4941 4942/4942 4939/4939
f 4940/4940 4941/4941 4939/4939
f 4942/4942 4945/4945 4943/4943
f 4939/4939 4942/4942 4943/4943
f 3763/3763 3762/3762 3889/3889
f 3964/3964 3763/3763 3889/3889
f 4943/4943 4945/4945 4946/4946
f 4943/4943 4946/4946 4949/4949
f 3762/3762 3761/3761 3862/3862
f 3889/3889 3762/3762 3862/3862
f 4949/4949 4946/4946 5131/5131
f 4949/4949 5131/5131 4950/4950
f 3862/3862 3761/3761 3861/3861
f 4829/4829 4827/4827 4833/4833
f 6149/6149 6150/6150 6151/6151
f 4822/4822 4833/4833 4821/4821
f 4822/4822 4821/4821 4819/4819
f 4819/4819 4821/4821 4820/4820
f 4819/4819 4820/4820 4788/4788
f 4788/4788 4820/4820 4861/4861
f 4788/4788 4861/4861 4773/4773
f 4773/4773 4861/4861 4770/4770
f 4773/4773 4770/4770 4772/4772
f 4772/4772 4770/4770 4771/4771
f 4772/4772 4771/4771 4775/4775
f 4771/4771 5306/5306 4776/4776
f 4775/4775 4771/4771 4776/4776
f 5306/5306 4787/4787 4779/4779
f 4776/4776 5306/5306 4779/4779
f 6052/6052 6053/6053 6054/6054
f 5776/5776 4858/4858 4849/4849
f 4849/4849 4858/4858 4851/4851
f 4849/4849 4851/4851 4850/4850
f 4850/4850 4851/4851 4852/4852
f 4850/4850 4852/4852 4857/4857
f 4853/4853 4855/4855 4852/4852
f 4851/4851 4853/4853 4852/4852
f 4857/4857 4852/4852 4856/4856
f 4857/4857 4856/4856 5756/5756
f 4406/4406 4300/4300 4444/4444
f 4852/4852 4855/4855 4856/4856
f 5756/5756 4856/4856 5816/5816
f 5756/5756 5816/5816 5750/5750
f 4300/4300 4007/4007 4362/4362
f 4444/4444 4300/4300 4362/4362
f 5816/5816 5168/5168 5749/5749
f 5750/5750 5816/5816 5749/5749
f 4362/4362 4007/4007 4000/4000
f 4362/4362 4000/4000 4363/4363
f 5168/5168 5167/5167 4941/4941
f 5749/5749 5168/5168 4941/4941
f 4941/4941 5167/5167 5166/5166
f 4941/4941 5166/5166 4942/4942
f 3607/3607 3705/3705 3812/3812
f 3824/3824 3607/3607 3812/3812
f 4835/4835 4836/4836 4834/4834
f 4835/4835 4834/4834 4831/4831
f 2988/2988 2721/2721 2937/2937
f 4835/4835 4837/4837 4836/4836
f 4831/4831 4834/4834 4832/4832
f 4831/4831 4832/4832 4828/4828
f 4828/4828 4832/4832 4826/4826
f 4828/4828 4826/4826 4827/4827
f 4827/4827 4826/4826 4824/4824
f 4827/4827 4824/4824 4833/4833
f 4824/4824 4823/4823 4821/4821
f 4833/4833 4824/4824 4821/4821
f 4821/4821 4823/4823 4820/4820
f 4894/4894 4883/4883 4885/4885
f 4894/4894 4885/4885 4889/4889
f 4889/4889 4885/4885 4887/4887
f 4889/4889 4887/4887 4890/4890
f 4890/4890 4887/4887 4895/4895
f 4890/4890 4895/4895 4893/4893
f 4893/4893 4895/4895 4896/4896
f 4893/4893 4896/4896 4897/4897
f 4396/4396 4395/4395 4454/4454
f 4895/4895 4898/4898 4896/4896
f 4897/4897 4896/4896 5726/5726
f 6053/6053 6055/6055 6054/6054
f 4395/4395 4394/4394 4431/4431
f 4454/4454 4395/4395 4431/4431
f 4858/4858 5726/5726 4854/4854
f 4858/4858 4854/4854 4851/4851
f 4394/4394 4309/4309 4424/4424
f 4431/4431 4394/4394 4424/4424
f 5169/5169 5170/5170 5167/5167
f 5168/5168 5169/5169 5167/5167
f 4000/4000 3779/3779 3781/3781
f 4363/4363 4000/4000 3781/3781
f 3779/3779 3777/3777 3780/3780
f 3781/3781 3779/3779 3780/3780
f 4725/4725 4724/4724 4723/4723
f 2926/2926 2761/2761 2925/2925
f 4725/4725 4726/4726 4724/4724
f 4725/4725 4723/4723 4729/4729
f 4725/4725 4729/4729 4732/4732
f 4732/4732 4729/4729 5825/5825
f 6093/6093 6094/6094 6095/6095
f 4838/4838 5825/5825 4906/4906
f 4838/4838 4906/4906 4836/4836
f 6072/6072 6068/6068 6071/6071
f 4836/4836 4906/4906 4834/4834
f 6068/6068 6069/6069 6070/6070
f 6071/6071 6068/6068 6070/6070
f 4832/4832 4907/4907 4826/4826
f 4875/4875 4877/4877 5330/5330
f 5330/5330 4877/4877 4879/4879
f 5330/5330 4879/4879 4883/4883
f 4883/4883 4879/4879 4882/4882
f 4392/4392 4391/4391 4469/4469
f 4879/4879 4880/4880 4882/4882
f 4883/4883 4882/4882 4884/4884
f 4883/4883 4884/4884 4885/4885
f 4391/4391 4345/4345 4435/4435
f 4469/4469 4391/4391 4435/4435
f 4885/4885 4884/4884 4886/4886
f 4885/4885 4886/4886 4887/4887
f 4345/4345 4329/4329 4422/4422
f 4435/4435 4345/4345 4422/4422
f 4887/4887 4886/4886 4888/4888
f 4887/4887 4888/4888 4895/4895
f 4329/4329 4331/4331 4421/4421
f 4422/4422 4329/4329 4421/4421
f 4668/4668 4665/4665 4674/4674
f 2918/2918 2725/2725 2917/2917
f 4668/4668 4667/4667 4665/4665
f 4668/4668 4674/4674 5797/5797
f 6112/6112 6113/6113 6114/6114
f 4730/4730 5797/5797 4731/4731
f 4730/4730 4731/4731 4727/4727
f 4727/4727 4731/4731 4733/4733
f 4727/4727 4733/4733 4724/4724
f 4724/4724 4733/4733 4722/4722
f 4724/4724 4722/4722 4723/4723
f 4723/4723 4722/4722 4721/4721
f 4723/4723 4721/4721 4729/4729
f 4721/4721 4735/4735 5825/5825
f 4729/4729 4721/4721 5825/5825
f 4864/4864 4867/4867 4899/4899
f 4867/4867 4869/4869 4870/4870
f 4899/4899 4867/4867 4870/4870
f 4870/4870 4869/4869 4871/4871
f 4870/4870 4871/4871 4872/4872
f 4872/4872 4871/4871 4873/4873
f 4872/4872 4873/4873 4875/4875
f 4360/4360 4359/4359 4451/4451
f 4871/4871 4874/4874 4873/4873
f 4875/4875 4873/4873 4876/4876
f 4875/4875 4876/4876 4877/4877
f 4359/4359 4328/4328 4416/4416
f 4451/4451 4359/4359 4416/4416
f 4877/4877 4876/4876 4878/4878
f 4877/4877 4878/4878 4879/4879
f 4328/4328 4327/4327 4402/4402
f 4416/4416 4328/4328 4402/4402
f 4682/4682 4684/4684 5337/5337
f 6132/6132 6133/6133 6134/6134
f 5336/5336 5337/5337 4672/4672
f 5336/5336 4672/4672 4666/4666
f 4666/4666 4672/4672 4663/4663
f 4666/4666 4663/4663 4665/4665
f 4665/4665 4663/4663 4664/4664
f 4665/4665 4664/4664 4674/4674
f 4674/4674 4664/4664 4671/4671
f 4674/4674 4671/4671 5797/5797
f 5797/5797 4671/4671 5745/5745
f 5797/5797 5745/5745 4731/4731
f 5745/5745 4718/4718 4733/4733
f 4731/4731 5745/5745 4733/4733
f 4718/4718 4719/4719 4722/4722
f 4733/4733 4718/4718 4722/4722
f 4719/4719 4720/4720 4721/4721
f 4722/4722 4719/4719 4721/4721
f 6056/6056 6057/6057 6058/6058
f 4745/4745 4753/4753 5742/5742
f 5742/5742 5325/5325 5322/5322
f 5742/5742 5322/5322 4862/4862
f 4862/4862 5322/5322 4901/4901
f 4862/4862 4901/4901 4863/4863
f 4863/4863 4901/4901 4865/4865
f 4863/4863 4865/4865 4864/4864
f 4380/4380 4350/4350 4473/4473
f 4901/4901 5746/5746 4865/4865
f 4864/4864 4865/4865 4866/4866
f 4864/4864 4866/4866 4867/4867
f 4350/4350 4340/4340 4436/4436
f 4473/4473 4350/4350 4436/4436
f 4867/4867 4866/4866 4868/4868
f 4867/4867 4868/4868 4869/4869
f 4340/4340 4303/4303 4384/4384
f 4436/4436 4340/4340 4384/4384
f 4869/4869 4868/4868 4903/4903
f 4869/4869 4903/4903 4871/4871
f 4303/4303 4304/4304 4383/4383
f 4384/4384 4303/4303 4383/4383
f 4683/4683 5313/5313 4679/4679
f 4683/4683 4679/4679 4678/4678
f 3003/3003 2807/2807 3002/3002
f 4683/4683 5830/5830 5313/5313
f 4678/4678 4679/4679 4676/4676
f 4678/4678 4676/4676 4677/4677
f 4677/4677 4676/4676 4675/4675
f 4677/4677 4675/4675 4684/4684
f 4684/4684 4675/4675 4660/4660
f 4684/4684 4660/4660 5337/5337
f 5337/5337 4660/4660 4661/4661
f 5337/5337 4661/4661 4672/4672
f 4661/4661 4662/4662 4663/4663
f 4672/4672 4661/4661 4663/4663
f 4662/4662 4670/4670 4664/4664
f 4663/4663 4662/4662 4664/4664
f 4664/4664 4670/4670 4671/4671
f 5708/5708 5227/5227 5814/5814
f 4720/4720 5708/5708 5814/5814
f 5227/5227 5312/5312 5824/5824
f 5814/5814 5227/5227 5824/5824
f 5312/5312 4754/4754 4748/4748
f 5824/5824 5312/5312 4748/4748
f 4754/4754 4751/4751 4747/4747
f 4748/4748 4754/4754 4747/4747
f 4747/4747 4751/4751 4749/4749
f 4747/4747 4749/4749 4746/4746
f 4746/4746 4749/4749 4750/4750
f 4746/4746 4750/4750 4753/4753
f 4390/4390 4389/4389 4472/4472
f 4749/4749 4752/4752 4750/4750
f 4753/4753 4750/4750 5702/5702
f 6056/6056 6059/6059 6057/6057
f 4389/4389 4354/4354 4433/4433
f 4472/4472 4389/4389 4433/4433
f 5325/5325 5702/5702 5324/5324
f 5325/5325 5324/5324 5322/5322
f 4354/4354 4311/4311 4420/4420
f 4433/4433 4354/4354 4420/4420
f 5322/5322 5324/5324 5323/5323
f 5322/5322 5323/5323 4901/4901
f 4311/4311 4312/4312 4399/4399
f 4420/4420 4311/4311 4399/4399
f 6104/6104 6105/6105 6106/6106
f 4701/4701 4702/4702 4696/4696
f 3047/3047 2960/2960 3014/3014
f 6104/6104 6107/6107 6105/6105
f 4696/4696 4702/4702 4693/4693
f 4696/4696 4693/4693 4695/4695
f 4695/4695 4693/4693 4694/4694
f 4695/4695 4694/4694 4699/4699
f 4699/4699 4694/4694 5290/5290
f 4699/4699 5290/5290 5313/5313
f 5885/5885 5882/5882 5884/5884
f 5313/5313 4686/4686 4679/4679
f 4686/4686 4654/4654 4676/4676
f 4679/4679 4686/4686 4676/4676
f 4654/4654 4657/4657 4675/4675
f 4676/4676 4654/4654 4675/4675
f 4675/4675 4657/4657 4660/4660
f 5218/5218 5219/5219 5217/5217
f 4714/4714 5218/5218 5217/5217
f 5219/5219 5222/5222 5708/5708
f 5217/5217 5219/5219 5708/5708
f 5708/5708 5222/5222 5224/5224
f 5708/5708 5224/5224 5227/5227
f 5227/5227 5224/5224 5226/5226
f 5227/5227 5226/5226 5312/5312
f 5225/5225 5231/5231 5226/5226
f 5224/5224 5225/5225 5226/5226
f 5312/5312 5226/5226 5236/5236
f 6081/6081 6082/6082 6083/6083
f 4388/4388 4387/4387 4446/4446
f 5226/5226 5231/5231 5236/5236
f 6083/6083 6082/6082 6084/6084
f 4754/4754 5701/5701 4751/4751
f 4387/4387 4352/4352 4408/4408
f 4446/4446 4387/4387 4408/4408
f 4751/4751 5701/5701 4756/4756
f 4751/4751 4756/4756 4749/4749
f 4352/4352 4335/4335 4400/4400
f 4408/4408 4352/4352 4400/4400
f 5730/5730 5773/5773 4706/4706
f 5730/5730 4706/4706 4704/4704
f 98/98 99/99 68/68
f 98/98 68/68 76/76
f 4704/4704 4706/4706 4631/4631
f 4704/4704 4631/4631 4633/4633
f 4633/4633 4631/4631 4632/4632
f 4633/4633 4632/4632 4634/4634
f 4634/4634 4632/4632 4635/4635
f 4634/4634 4635/4635 4636/4636
f 4636/4636 4635/4635 4637/4637
f 4636/4636 4637/4637 4702/4702
f 4637/4637 4692/4692 4693/4693
f 4702/4702 4637/4637 4693/4693
f 4692/4692 5287/5287 4694/4694
f 4693/4693 4692/4692 4694/4694
f 5287/5287 5762/5762 5290/5290
f 4694/4694 5287/5287 5290/5290
f 5762/5762 4652/4652 4686/4686
f 5882/5882 5883/5883 5884/5884
f 4652/4652 4653/4653 4654/4654
f 4686/4686 4652/4652 4654/4654
f 4912/4912 5307/5307 4713/4713
f 4911/4911 4912/4912 4713/4713
f 6043/6043 6041/6041 6040/6040
f 4713/4713 5307/5307 4909/4909
f 5234/5234 5232/5232 5292/5292
f 6040/6040 6041/6041 6042/6042
f 5292/5292 5232/5232 5228/5228
f 5292/5292 5228/5228 5218/5218
f 5218/5218 5228/5228 5220/5220
f 5218/5218 5220/5220 5219/5219
f 4415/4415 4414/4414 4475/4475
f 5228/5228 5229/5229 5220/5220
f 5219/5219 5220/5220 5221/5221
f 5219/5219 5221/5221 5222/5222
f 4414/4414 4393/4393 4445/4445
f 4475/4475 4414/4414 4445/4445
f 5222/5222 5221/5221 5223/5223
f 5222/5222 5223/5223 5224/5224
f 4393/4393 4368/4368 4434/4434
f 4445/4445 4393/4393 4434/4434
f 63/63 67/67 55/55
f 4626/4626 4627/4627 4706/4706
f 5773/5773 4626/4626 4706/4706
f 4627/4627 4630/4630 4631/4631
f 4706/4706 4627/4627 4631/4631
f 4630/4630 4705/4705 4632/4632
f 4631/4631 4630/4630 4632/4632
f 4705/4705 4638/4638 4635/4635
f 4632/4632 4705/4705 4635/4635
f 4638/4638 4639/4639 4637/4637
f 4635/4635 4638/4638 4637/4637
f 4639/4639 4642/4642 4692/4692
f 4637/4637 4639/4639 4692/4692
f 4642/4642 4690/4690 5287/5287
f 4692/4692 4642/4642 5287/5287
f 4690/4690 4650/4650 5762/5762
f 5287/5287 4690/4690 5762/5762
f 4650/4650 4651/4651 4652/4652
f 5762/5762 4650/4650 4652/4652
f 4651/4651 4685/4685 4653/4653
f 4652/4652 4651/4651 4653/4653
f 4685/4685 5740/5740 4656/4656
f 4653/4653 4685/4685 4656/4656
f 5740/5740 4917/4917 5822/5822
f 4656/4656 5740/5740 5822/5822
f 4917/4917 4916/4916 4913/4913
f 5822/5822 4917/4917 4913/4913
f 4913/4913 4916/4916 4914/4914
f 4913/4913 4914/4914 4912/4912
f 4912/4912 4914/4914 4915/4915
f 4912/4912 4915/4915 5307/5307
f 5753/5753 5754/5754 4915/4915
f 4914/4914 5753/5753 4915/4915
f 6077/6077 6078/6078 6079/6079
f 5307/5307 5235/5235 5234/5234
f 4404/4404 4403/4403 4460/4460
f 6078/6078 6080/6080 6079/6079
f 5234/5234 5235/5235 5233/5233
f 5234/5234 5233/5233 5232/5232
f 4403/4403 4367/4367 4430/4430
f 4460/4460 4403/4403 4430/4430
f 5232/5232 5233/5233 5230/5230
f 5232/5232 5230/5230 5228/5228
f 4367/4367 4366/4366 4427/4427
f 4430/4430 4367/4367 4427/4427
f 39/39 50/50 27/27
f 5865/5865 5869/5869 5868/5868
f 5867/5867 5865/5865 5868/5868
f 5709/5709 4640/4640 4638/4638
f 4705/4705 5709/5709 4638/4638
f 4640/4640 4641/4641 4639/4639
f 4638/4638 4640/4640 4639/4639
f 4641/4641 4643/4643 4642/4642
f 4639/4639 4641/4641 4642/4642
f 4643/4643 4647/4647 4690/4690
f 4642/4642 4643/4643 4690/4690
f 4647/4647 4649/4649 4650/4650
f 4690/4690 4647/4647 4650/4650
f 4649/4649 5783/5783 4651/4651
f 4650/4650 4649/4649 4651/4651
f 5783/5783 5785/5785 4685/4685
f 4651/4651 5783/5783 4685/4685
f 4685/4685 5785/5785 5821/5821
f 4685/4685 5821/5821 5740/5740
f 5786/5786 5829/5829 5821/5821
f 5785/5785 5786/5786 5821/5821
f 5740/5740 5821/5821 4919/4919
f 5740/5740 4919/4919 4917/4917
f 4418/4418 4417/4417 4461/4461
f 5821/5821 5829/5829 4919/4919
f 4917/4917 4919/4919 4918/4918
f 4917/4917 4918/4918 4916/4916
f 4417/4417 4382/4382 4437/4437
f 4461/4461 4417/4417 4437/4437
f 4916/4916 4918/4918 4920/4920
f 4916/4916 4920/4920 4914/4914
f 4382/4382 4371/4371 4429/4429
f 4437/4437 4382/4382 4429/4429
f 33/33 32/32 65/65
f 4558/4558 4568/4568 5709/5709
f 4595/4595 4558/4558 5709/5709
f 5875/5875 5877/5877 5876/5876
f 5874/5874 5875/5875 5876/5876
f 5314/5314 4644/4644 4641/4641
f 4640/4640 5314/5314 4641/4641
f 4644/4644 4645/4645 4643/4643
f 4641/4641 4644/4644 4643/4643
f 4643/4643 4645/4645 4646/4646
f 4643/4643 4646/4646 4647/4647
f 4707/4707 4688/4688 4646/4646
f 4645/4645 4707/4707 4646/4646
f 4647/4647 4646/4646 4648/4648
f 4647/4647 4648/4648 4649/4649
f 4432/4432 4426/4426 4465/4465
f 4646/4646 4688/4688 4648/4648
f 4649/4649 4648/4648 4689/4689
f 4649/4649 4689/4689 5783/5783
f 4426/4426 4397/4397 4438/4438
f 4465/4465 4426/4426 4438/4438
f 5783/5783 4689/4689 5784/5784
f 5783/5783 5784/5784 5785/5785
f 4397/4397 4361/4361 4428/4428
f 4438/4438 4397/4397 4428/4428
f 5248/5248 5249/5249 5246/5246
f 5248/5248 5246/5246 5247/5247
f 5248/5248 5251/5251 5254/5254
f 5248/5248 5254/5254 5249/5249
f 5247/5247 5246/5246 5245/5245
f 5247/5247 5245/5245 5255/5255
f 5851/5851 5850/5850 5849/5849
f 5851/5851 5849/5849 5852/5852
f 4556/4556 4559/4559 4558/4558
f 4557/4557 4556/4556 4558/4558
f 4559/4559 4560/4560 4558/4558
f 4560/4560 4565/4565 4568/4568
f 4558/4558 4560/4560 4568/4568
f 4568/4568 4565/4565 4567/4567
f 4568/4568 4567/4567 5314/5314
f 5314/5314 4567/4567 4599/4599
f 6085/6085 6086/6086 6087/6087
f 4447/4447 4443/4443 4474/4474
f 4567/4567 4569/4569 4599/4599
f 6087/6087 6086/6086 6088/6088
f 4644/4644 4691/4691 4645/4645
f 4443/4443 4407/4407 4448/4448
f 4474/4474 4443/4443 4448/4448
f 5274/5274 5275/5275 5811/5811
f 5274/5274 5811/5811 5734/5734
f 5274/5274 5273/5273 5271/5271
f 5274/5274 5271/5271 5275/5275
f 5811/5811 5253/5253 5249/5249
f 5734/5734 5811/5811 5249/5249
f 5253/5253 5244/5244 5246/5246
f 5249/5249 5253/5253 5246/5246
f 5244/5244 5243/5243 5245/5245
f 5246/5246 5244/5244 5245/5245
f 5847/5847 5848/5848 5849/5849
f 5850/5850 5847/5847 5849/5849
f 5849/5849 5848/5848 5854/5854
f 4615/4615 5832/5832 4624/4624
f 4624/4624 5832/5832 4526/4526
f 4624/4624 4526/4526 4527/4527
f 4527/4527 4526/4526 4525/4525
f 4527/4527 4525/4525 4528/4528
f 4543/4543 4546/4546 4548/4548
f 4546/4546 4550/4550 5758/5758
f 4548/4548 4546/4546 5758/5758
f 4550/4550 4553/4553 4554/4554
f 5758/5758 4550/4550 4554/4554
f 4554/4554 4553/4553 4555/4555
f 4554/4554 4555/4555 4556/4556
f 4556/4556 4555/4555 4596/4596
f 4556/4556 4596/4596 4559/4559
f 4559/4559 4596/4596 4561/4561
f 4559/4559 4561/4561 4560/4560
f 4564/4564 4563/4563 4561/4561
f 4596/4596 4564/4564 4561/4561
f 4560/4560 4561/4561 4562/4562
f 4560/4560 4562/4562 4565/4565
f 4455/4455 4410/4410 4463/4463
f 4561/4561 4563/4563 4562/4562
f 4565/4565 4562/4562 4566/4566
f 4565/4565 4566/4566 4567/4567
f 4410/4410 4379/4379 4453/4453
f 4463/4463 4410/4410 4453/4453
f 5284/5284 5261/5261 5264/5264
f 5842/5842 5840/5840 5841/5841
f 5284/5284 5268/5268 5262/5262
f 5284/5284 5262/5262 5261/5261
f 5841/5841 5840/5840 5839/5839
f 5278/5278 5279/5279 5275/5275
f 5839/5839 5843/5843 5844/5844
f 5275/5275 5279/5279 5811/5811
f 5843/5843 5846/5846 5845/5845
f 5844/5844 5843/5843 5845/5845
f 5253/5253 5735/5735 5244/5244
f 5244/5244 5735/5735 5241/5241
f 5244/5244 5241/5241 5243/5243
f 5243/5243 5241/5241 5242/5242
f 5242/5242 5241/5241 4517/4517
f 5242/5242 4517/4517 5832/5832
f 5832/5832 4517/4517 4523/4523
f 5832/5832 4523/4523 4526/4526
f 4523/4523 4524/4524 4525/4525
f 4526/4526 4523/4523 4525/4525
f 4524/4524 5796/5796 4623/4623
f 4525/4525 4524/4524 4623/4623
f 5796/5796 5707/5707 4600/4600
f 4623/4623 5796/5796 4600/4600
f 5707/5707 4537/4537 4535/4535
f 4600/4600 5707/5707 4535/4535
f 4537/4537 4538/4538 4536/4536
f 4535/4535 4537/4537 4536/4536
f 4538/4538 4544/4544 4543/4543
f 4536/4536 4538/4538 4543/4543
f 4543/4543 4544/4544 4545/4545
f 4543/4543 4545/4545 4546/4546
f 4547/4547 5291/5291 4545/4545
f 4544/4544 4547/4547 4545/4545
f 4546/4546 4545/4545 4549/4549
f 4546/4546 4549/4549 4550/4550
f 5291/5291 4552/4552 4549/4549
f 4545/4545 5291/5291 4549/4549
f 4550/4550 4549/4549 4551/4551
f 4550/4550 4551/4551 4553/4553
f 4457/4457 4401/4401 4476/4476
f 4549/4549 4552/4552 4551/4551
f 4553/4553 4551/4551 4598/4598
f 4553/4553 4598/4598 4555/4555
f 4401/4401 4346/4346 4468/4468
f 4476/4476 4401/4401 4468/4468
f 4555/4555 4598/4598 5782/5782
f 4555/4555 5782/5782 4596/4596
f 4346/4346 4347/4347 4467/4467
f 4468/4468 4346/4346 4467/4467
f 5286/5286 5283/5283 5263/5263
f 5283/5283 5258/5258 5260/5260
f 5263/5263 5283/5283 5260/5260
f 5260/5260 5258/5258 5259/5259
f 5260/5260 5259/5259 5261/5261
f 5259/5259 5289/5289 5264/5264
f 5261/5261 5259/5259 5264/5264
f 5837/5837 5838/5838 5839/5839
f 5840/5840 5837/5837 5839/5839
f 5839/5839 5838/5838 5843/5843
f 5288/5288 4513/4513 4507/4507
f 5288/5288 4507/4507 5735/5735
f 5735/5735 4507/4507 4508/4508
f 5735/5735 4508/4508 5241/5241
f 4508/4508 4512/4512 5241/5241
f 4512/4512 4515/4515 4517/4517
f 5241/5241 4512/4512 4517/4517
f 4517/4517 4515/4515 4516/4516
f 4517/4517 4516/4516 4523/4523
f 4516/4516 5792/5792 4524/4524
f 4523/4523 4516/4516 4524/4524
f 5855/5855 5856/5856 5857/5857
f 5855/5855 5857/5857 5858/5858
f 5792/5792 5717/5717 5716/5716
f 5796/5796 5716/5716 4542/4542
f 5796/5796 4542/4542 5707/5707
f 5716/5716 5717/5717 5715/5715
f 5716/5716 5715/5715 4542/4542
f 4542/4542 4540/4540 4537/4537
f 5707/5707 4542/4542 4537/4537
f 4542/4542 5715/5715 4541/4541
f 4542/4542 4541/4541 4540/4540
f 4537/4537 4540/4540 4539/4539
f 4537/4537 4539/4539 4538/4538
f 4456/4456 4385/4385 4471/4471
f 4540/4540 4541/4541 4539/4539
f 4538/4538 4539/4539 4547/4547
f 4538/4538 4547/4547 4544/4544
f 4385/4385 4386/4386 4470/4470
f 4471/4471 4385/4385 4470/4470
f 5283/5283 5285/5285 5257/5257
f 5283/5283 5257/5257 5258/5258
f 5258/5258 5257/5257 5256/5256
f 5258/5258 5256/5256 5259/5259
f 5256/5256 4503/4503 5289/5289
f 5259/5259 5256/5256 5289/5289
f 5289/5289 4503/4503 4513/4513
f 4513/4513 4503/4503 4504/4504
f 4513/4513 4504/4504 4507/4507
f 4507/4507 4504/4504 4506/4506
f 4507/4507 4506/4506 4508/4508
f 4506/4506 4509/4509 4508/4508
f 4508/4508 4509/4509 4510/4510
f 4508/4508 4510/4510 4512/4512
f 4512/4512 4510/4510 4514/4514
f 4512/4512 4514/4514 4515/4515
f 4514/4514 4518/4518 4516/4516
f 4515/4515 4514/4514 4516/4516
f 4516/4516 4518/4518 4521/4521
f 4516/4516 4521/4521 5792/5792
f 4520/4520 5771/5771 4521/4521
f 4518/4518 4520/4520 4521/4521
f 5257/5257 4501/4501 5256/5256
f 5256/5256 4501/4501 4503/4503
f 4503/4503 4502/4502 4504/4504
f 4504/4504 4505/4505 4506/4506
f 4506/4506 5338/5338 4509/4509
f 4509/4509 4511/4511 4510/4510
f 4511/4511 4522/4522 4514/4514
f 4510/4510 4511/4511 4514/4514
f 4381/4381 4306/4306 4464/4464
f 4514/4514 4522/4522 4519/4519
f 4514/4514 4519/4519 4518/4518
f 4306/4306 4305/4305 4452/4452
f 4464/4464 4306/4306 4452/4452
f 2610/2610 2676/2676 2795/2795
f 2610/2610 2306/2306 2676/2676
f 5525/5525 5521/5521 5805/5805
f 2972/2972 3235/3235 3174/3174
f 2521/2521 2764/2764 2946/2946
f 2521/2521 2946/2946 2674/2674
f 2521/2521 2298/2298 2764/2764
f 5507/5507 5524/5524 5523/5523
f 5521/5521 5507/5507 5523/5523
f 2533/2533 2811/2811 3021/3021
f 2533/2533 3021/3021 2619/2619
f 2533/2533 2314/2314 2315/2315
f 2533/2533 2315/2315 2811/2811
f 2619/2619 3021/3021 3022/3022
f 2619/2619 3022/3022 2763/2763
f 5817/5817 5800/5800 5801/5801
f 6121/6121 6122/6122 6123/6123
f 5721/5721 5375/5375 5683/5683
f 5721/5721 5683/5683 5722/5722
f 2497/2497 2303/2303 2585/2585
f 5722/5722 5683/5683 5833/5833
f 5681/5681 5479/5479 5800/5800
f 5817/5817 5681/5681 5800/5800
f 2464/2464 2557/2557 2952/2952
f 2464/2464 2952/2952 2537/2537
f 2464/2464 2275/2275 2557/2557
f 2537/2537 2952/2952 2586/2586
f 5681/5681 5472/5472 5503/5503
f 5681/5681 5503/5503 5479/5479
f 5471/5471 5477/5477 5503/5503
f 5472/5472 5471/5471 5503/5503
f 2512/2512 2640/2640 2861/2861
f 2512/2512 2861/2861 2558/2558
f 2512/2512 2220/2220 2640/2640
f 5469/5469 5470/5470 5471/5471
f 5469/5469 5471/5471 5472/5472
f 5473/5473 5475/5475 5471/5471
f 5470/5470 5473/5473 5471/5471
f 2532/2532 2654/2654 2841/2841
f 2532/2532 2841/2841 2573/2573
f 2532/2532 2215/2215 2654/2654
f 2573/2573 2841/2841 2842/2842
f 2573/2573 2842/2842 2639/2639
f 3715/3715 3796/3796 3906/3906
f 3690/3690 3715/3715 3906/3906
f 2514/2514 2205/2205 2204/2204
f 2514/2514 2204/2204 2576/2576
f 3677/3677 3687/3687 3854/3854
f 3897/3897 3677/3677 3854/3854
f 3687/3687 3688/3688 3803/3803
f 3854/3854 3687/3687 3803/3803
f 3688/3688 3685/3685 3804/3804
f 3803/3803 3688/3688 3804/3804
f 3876/3876 3804/3804 3736/3736
f 3685/3685 3686/3686 3736/3736
f 3804/3804 3685/3685 3736/3736
f 3876/3876 3736/3736 3690/3690
f 3686/3686 3689/3689 3690/3690
f 3736/3736 3686/3686 3690/3690
f 2335/2335 2543/2543 2794/2794
f 2335/2335 2794/2794 2566/2566
f 2335/2335 2195/2195 2543/2543
f 3656/3656 3657/3657 3908/3908
f 3960/3960 3656/3656 3908/3908
f 3657/3657 3658/3658 3818/3818
f 3908/3908 3657/3657 3818/3818
f 3965/3965 3818/3818 3783/3783
f 3818/3818 3658/3658 3659/3659
f 3818/3818 3659/3659 3783/3783
f 3965/3965 3783/3783 3963/3963
f 3659/3659 3660/3660 3783/3783
f 3963/3963 3783/3783 3737/3737
f 3963/3963 3737/3737 3897/3897
f 3660/3660 3677/3677 3737/3737
f 3783/3783 3660/3660 3737/3737
f 2546/2546 2638/2638 2800/2800
f 2546/2546 2800/2800 2612/2612
f 2546/2546 2185/2185 2638/2638
f 3614/3614 3610/3610 3776/3776
f 3825/3825 3614/3614 3776/3776
f 3970/3970 3776/3776 3710/3710
f 3970/3970 3710/3710 3960/3960
f 3610/3610 3611/3611 3710/3710
f 3776/3776 3610/3610 3710/3710
f 2466/2466 2664/2664 2808/2808
f 2466/2466 2808/2808 2572/2572
f 2466/2466 2177/2177 2664/2664
f 2572/2572 2808/2808 2810/2810
f 2572/2572 2810/2810 2657/2657
f 3616/3616 3597/3597 3799/3799
f 3800/3800 3616/3616 3799/3799
f 3597/3597 3598/3598 3798/3798
f 3799/3799 3597/3597 3798/3798
f 3979/3979 3798/3798 3700/3700
f 3979/3979 3700/3700 3968/3968
f 3598/3598 3599/3599 3700/3700
f 3798/3798 3598/3598 3700/3700
f 3968/3968 3700/3700 3654/3654
f 3968/3968 3654/3654 3825/3825
f 3599/3599 3614/3614 3654/3654
f 3700/3700 3599/3599 3654/3654
f 2461/2461 2552/2552 2597/2597
f 2461/2461 2163/2163 2161/2161
f 2461/2461 2161/2161 2552/2552
f 3617/3617 3586/3586 3726/3726
f 3773/3773 3617/3617 3726/3726
f 3586/3586 3587/3587 3728/3728
f 3726/3726 3586/3586 3728/3728
f 3905/3905 3728/3728 3663/3663
f 3905/3905 3663/3663 3800/3800
f 3587/3587 3588/3588 3663/3663
f 3728/3728 3587/3587 3663/3663
f 2164/2164 2524/2524 2553/2553
f 2164/2164 2156/2156 2524/2524
f 3634/3634 3633/3633 3724/3724
f 3760/3760 3634/3634 3724/3724
f 3633/3633 3635/3635 3725/3725
f 3724/3724 3633/3633 3725/3725
f 3847/3847 3725/3725 3712/3712
f 3847/3847 3712/3712 3846/3846
f 3635/3635 3632/3632 3712/3712
f 3725/3725 3635/3635 3712/3712
f 3846/3846 3712/3712 3670/3670
f 3846/3846 3670/3670 3773/3773
f 3632/3632 3617/3617 3670/3670
f 3712/3712 3632/3632 3670/3670
f 2165/2165 2606/2606 2855/2855
f 2165/2165 2855/2855 2523/2523
f 2165/2165 2149/2149 2606/2606
f 3785/3785 3640/3640 3771/3771
f 3640/3640 3595/3595 3727/3727
f 3771/3771 3640/3640 3727/3727
f 3853/3853 3727/3727 3664/3664
f 3853/3853 3664/3664 3852/3852
f 3595/3595 3596/3596 3664/3664
f 3727/3727 3595/3595 3664/3664
f 3852/3852 3664/3664 3760/3760
f 3596/3596 3618/3618 3664/3664
f 2525/2525 2642/2642 2871/2871
f 2525/2525 2871/2871 2608/2608
f 2525/2525 2141/2141 2642/2642
f 3621/3621 3600/3600 3713/3713
f 3739/3739 3621/3621 3713/3713
f 3600/3600 3601/3601 3714/3714
f 3713/3713 3600/3600 3714/3714
f 3850/3850 3714/3714 3702/3702
f 3850/3850 3702/3702 3785/3785
f 3601/3601 3608/3608 3702/3702
f 3714/3714 3601/3601 3702/3702
f 2143/2143 2548/2548 2634/2634
f 2143/2143 2634/2634 2496/2496
f 2143/2143 2130/2130 2548/2548
f 3697/3697 3563/3563 3748/3748
f 3806/3806 3697/3697 3748/3748
f 3563/3563 3564/3564 3748/3748
f 3564/3564 3567/3567 3738/3738
f 3748/3748 3564/3564 3738/3738
f 3840/3840 3738/3738 3667/3667
f 3840/3840 3667/3667 3831/3831
f 3567/3567 3581/3581 3667/3667
f 3738/3738 3567/3567 3667/3667
f 3831/3831 3667/3667 3622/3622
f 3831/3831 3622/3622 3739/3739
f 3581/3581 3582/3582 3622/3622
f 3667/3667 3581/3581 3622/3622
f 2133/2133 2541/2541 2547/2547
f 2133/2133 2127/2127 2541/2541
f 3793/3793 3569/3569 3794/3794
f 3836/3836 3794/3794 3752/3752
f 3836/3836 3752/3752 3830/3830
f 3569/3569 3570/3570 3752/3752
f 3794/3794 3569/3569 3752/3752
f 3830/3830 3752/3752 3806/3806
f 3570/3570 3571/3571 3752/3752
f 2495/2495 2720/2720 2836/2836
f 2495/2495 2836/2836 2542/2542
f 2495/2495 2121/2121 2120/2120
f 2495/2495 2120/2120 2720/2720
f 3508/3508 3506/3506 3741/3741
f 3740/3740 3508/3508 3741/3741
f 3823/3823 3741/3741 3701/3701
f 3823/3823 3701/3701 3822/3822
f 3506/3506 3507/3507 3701/3701
f 3741/3741 3506/3506 3701/3701
f 3822/3822 3701/3701 3793/3793
f 3507/3507 3511/3511 3701/3701
f 2527/2527 2661/2661 2780/2780
f 2527/2527 2780/2780 2554/2554
f 2527/2527 2112/2112 2661/2661
f 2554/2554 2780/2780 2799/2799
f 2554/2554 2799/2799 2590/2590
f 3653/3653 3566/3566 3768/3768
f 3810/3810 3653/3653 3768/3768
f 3816/3816 3768/3768 3767/3767
f 3816/3816 3767/3767 3815/3815
f 3566/3566 3565/3565 3767/3767
f 3768/3768 3566/3566 3767/3767
f 3815/3815 3767/3767 3718/3718
f 3815/3815 3718/3718 3814/3814
f 3565/3565 3515/3515 3718/3718
f 3767/3767 3565/3565 3718/3718
f 3814/3814 3718/3718 3683/3683
f 3814/3814 3683/3683 3740/3740
f 3515/3515 3508/3508 3683/3683
f 3718/3718 3515/3515 3683/3683
f 2511/2511 2655/2655 2806/2806
f 2511/2511 2806/2806 2611/2611
f 2511/2511 2106/2106 2437/2437
f 2511/2511 2437/2437 2655/2655
f 2611/2611 2806/2806 2839/2839
f 2611/2611 2839/2839 2662/2662
f 3678/3678 3540/3540 3749/3749
f 3764/3764 3678/3678 3749/3749
f 3540/3540 3537/3537 3749/3749
f 3537/3537 3534/3534 3750/3750
f 3749/3749 3537/3537 3750/3750
f 3833/3833 3750/3750 3717/3717
f 3833/3833 3717/3717 3832/3832
f 3534/3534 3529/3529 3717/3717
f 3750/3750 3534/3534 3717/3717
f 3832/3832 3717/3717 3653/3653
f 3832/3832 3653/3653 3810/3810
f 3529/3529 3528/3528 3653/3653
f 3717/3717 3529/3529 3653/3653
f 2458/2458 2580/2580 2822/2822
f 2458/2458 2822/2822 2513/2513
f 2458/2458 2097/2097 2580/2580
f 2513/2513 2822/2822 2823/2823
f 2513/2513 2823/2823 2561/2561
f 3646/3646 3550/3550 3761/3761
f 3762/3762 3646/3646 3761/3761
f 3550/3550 3549/3549 3761/3761
f 3765/3765 3761/3761 3678/3678
f 3765/3765 3678/3678 3764/3764
f 3549/3549 3551/3551 3678/3678
f 3761/3761 3549/3549 3678/3678
f 2490/2490 2722/2722 2893/2893
f 2490/2490 2893/2893 2549/2549
f 2490/2490 2093/2093 2722/2722
f 2549/2549 2893/2893 2894/2894
f 2549/2549 2894/2894 2581/2581
f 4008/4008 4002/4002 4007/4007
f 4300/4300 4008/4008 4007/4007
f 4002/4002 4001/4001 4000/4000
f 4007/4007 4002/4002 4000/4000
f 3607/3607 3561/3561 3560/3560
f 3607/3607 3560/3560 3705/3705
f 3763/3763 3705/3705 3646/3646
f 3763/3763 3646/3646 3762/3762
f 3560/3560 3562/3562 3646/3646
f 3705/3705 3560/3560 3646/3646
f 2550/2550 2849/2849 2891/2891
f 2550/2550 2891/2891 2641/2641
f 2550/2550 2088/2088 2488/2488
f 2550/2550 2488/2488 2849/2849
f 2641/2641 2891/2891 2937/2937
f 2641/2641 2937/2937 2721/2721
f 4423/4423 4309/4309 4284/4284
f 4423/4423 4284/4284 4406/4406
f 4069/4069 4016/4016 4284/4284
f 4309/4309 4069/4069 4284/4284
f 4406/4406 4284/4284 4252/4252
f 4406/4406 4252/4252 4300/4300
f 4016/4016 4010/4010 4252/4252
f 4284/4284 4016/4016 4252/4252
f 1913/1913 1906/1906 1915/1915
f 4000/4000 4001/4001 3779/3779
f 3778/3778 3723/3723 3777/3777
f 3779/3779 3778/3778 3777/3777
f 2563/2563 2724/2724 2909/2909
f 2563/2563 2909/2909 2663/2663
f 2563/2563 2079/2079 2484/2484
f 2563/2563 2484/2484 2724/2724
f 2663/2663 2909/2909 2925/2925
f 2663/2663 2925/2925 2761/2761
f 4258/4258 4071/4071 4329/4329
f 4345/4345 4258/4258 4329/4329
f 4071/4071 4067/4067 4331/4331
f 4329/4329 4071/4071 4331/4331
f 4396/4396 4331/4331 4308/4308
f 4396/4396 4308/4308 4395/4395
f 4067/4067 4068/4068 4308/4308
f 4331/4331 4067/4067 4308/4308
f 4395/4395 4308/4308 4268/4268
f 4395/4395 4268/4268 4394/4394
f 4068/4068 4070/4070 4268/4268
f 4308/4308 4068/4068 4268/4268
f 4394/4394 4268/4268 4251/4251
f 4394/4394 4251/4251 4309/4309
f 4070/4070 4069/4069 4251/4251
f 4268/4268 4070/4070 4251/4251
f 2545/2545 2852/2852 2916/2916
f 2545/2545 2916/2916 2629/2629
f 2545/2545 2071/2071 2505/2505
f 2545/2545 2505/2505 2852/2852
f 2629/2629 2916/2916 2917/2917
f 2629/2629 2917/2917 2725/2725
f 4328/4328 4038/4038 4327/4327
f 4392/4392 4327/4327 4270/4270
f 4392/4392 4270/4270 4391/4391
f 4038/4038 4036/4036 4270/4270
f 4327/4327 4038/4038 4270/4270
f 4391/4391 4270/4270 4345/4345
f 4036/4036 4035/4035 4270/4270
f 2536/2536 2807/2807 2939/2939
f 2536/2536 2939/2939 2627/2627
f 2536/2536 2062/2062 2518/2518
f 2536/2536 2518/2518 2807/2807
f 2627/2627 2939/2939 2940/2940
f 2627/2627 2940/2940 2727/2727
f 2727/2727 2940/2940 2941/2941
f 2727/2727 2941/2941 2768/2768
f 4047/4047 4045/4045 4304/4304
f 4303/4303 4047/4047 4304/4304
f 4360/4360 4304/4304 4265/4265
f 4360/4360 4265/4265 4359/4359
f 4304/4304 4045/4045 4265/4265
f 4359/4359 4265/4265 4328/4328
f 4045/4045 4058/4058 4265/4265
f 2645/2645 2960/2960 2999/2999
f 2645/2645 2051/2051 2646/2646
f 2645/2645 2646/2646 2960/2960
f 2645/2645 2999/2999 3000/3000
f 2645/2645 3000/3000 2678/2678
f 2678/2678 3000/3000 3001/3001
f 2678/2678 3001/3001 3002/3002
f 2678/2678 3002/3002 2807/2807
f 4245/4245 4057/4057 4311/4311
f 4354/4354 4245/4245 4311/4311
f 4057/4057 4054/4054 4312/4312
f 4311/4311 4057/4057 4312/4312
f 4380/4380 4312/4312 4294/4294
f 4380/4380 4294/4294 4350/4350
f 4054/4054 4052/4052 4294/4294
f 4312/4312 4054/4054 4294/4294
f 4350/4350 4294/4294 4247/4247
f 4350/4350 4247/4247 4340/4340
f 4052/4052 4049/4049 4247/4247
f 4294/4294 4052/4052 4247/4247
f 4340/4340 4247/4247 4244/4244
f 4340/4340 4244/4244 4303/4303
f 4247/4247 4049/4049 4244/4244
f 2900/2900 3223/3223 3210/3210
f 2900/2900 3210/3210 2901/2901
f 103/103 104/104 99/99
f 103/103 99/99 111/111
f 111/111 99/99 100/100
f 111/111 100/100 105/105
f 105/105 100/100 102/102
f 105/105 102/102 106/106
f 106/106 102/102 107/107
f 2961/2961 3014/3014 2960/2960
f 4260/4260 4079/4079 4335/4335
f 4352/4352 4260/4260 4335/4335
f 4390/4390 4335/4335 4323/4323
f 4390/4390 4323/4323 4389/4389
f 4079/4079 4077/4077 4323/4323
f 4335/4335 4079/4079 4323/4323
f 4389/4389 4323/4323 4276/4276
f 4389/4389 4276/4276 4354/4354
f 4077/4077 4074/4074 4276/4276
f 4323/4323 4077/4077 4276/4276
f 3220/3220 3279/3279 3270/3270
f 3220/3220 3270/3270 3221/3221
f 3220/3220 2030/2030 3219/3219
f 3220/3220 3219/3219 3279/3279
f 3221/3221 3270/3270 3258/3258
f 3221/3221 3258/3258 3222/3222
f 3258/3258 3257/3257 3223/3223
f 3222/3222 3258/3258 3223/3223
f 67/67 66/66 104/104
f 3223/3223 3257/3257 3210/3210
f 104/104 66/66 68/68
f 104/104 68/68 99/99
f 4261/4261 4089/4089 4368/4368
f 4393/4393 4261/4261 4368/4368
f 4425/4425 4368/4368 4353/4353
f 4425/4425 4353/4353 4388/4388
f 4089/4089 4091/4091 4353/4353
f 4368/4368 4089/4089 4353/4353
f 4388/4388 4353/4353 4292/4292
f 4388/4388 4292/4292 4387/4387
f 4353/4353 4091/4091 4292/4292
f 4387/4387 4292/4292 4352/4352
f 4091/4091 4087/4087 4292/4292
f 80/80 74/74 81/81
f 85/85 80/80 81/81
f 1933/1933 1930/1930 1929/1929
f 1934/1934 1933/1933 1929/1929
f 74/74 73/73 82/82
f 81/81 74/74 82/82
f 96/96 75/75 97/97
f 3287/3287 3293/3293 3292/3292
f 96/96 93/93 95/95
f 96/96 95/95 75/75
f 3292/3292 3293/3293 3291/3291
f 3292/3292 3291/3291 3290/3290
f 3290/3290 3291/3291 3289/3289
f 3290/3290 3289/3289 3279/3279
f 3279/3279 3289/3289 3272/3272
f 3279/3279 3272/3272 3270/3270
f 3270/3270 3272/3272 3269/3269
f 3270/3270 3269/3269 3258/3258
f 3258/3258 3269/3269 3259/3259
f 3258/3258 3259/3259 3257/3257
f 4367/4367 4103/4103 4366/4366
f 4415/4415 4366/4366 4336/4336
f 4415/4415 4336/4336 4414/4414
f 4103/4103 4102/4102 4336/4336
f 4366/4366 4103/4103 4336/4336
f 4414/4414 4336/4336 4295/4295
f 4414/4414 4295/4295 4393/4393
f 4102/4102 4099/4099 4295/4295
f 4336/4336 4102/4102 4295/4295
f 80/80 71/71 32/32
f 80/80 32/32 74/74
f 1929/1929 1930/1930 1927/1927
f 1929/1929 1927/1927 1925/1925
f 74/74 32/32 31/31
f 74/74 31/31 73/73
f 31/31 29/29 72/72
f 73/73 31/31 72/72
f 72/72 29/29 25/25
f 72/72 25/25 75/75
f 75/75 25/25 27/27
f 75/75 27/27 97/97
f 97/97 27/27 50/50
f 4280/4280 4116/4116 4371/4371
f 4382/4382 4280/4280 4371/4371
f 4405/4405 4371/4371 4369/4369
f 4405/4405 4369/4369 4404/4404
f 4116/4116 4112/4112 4369/4369
f 4371/4371 4116/4116 4369/4369
f 4404/4404 4369/4369 4298/4298
f 4404/4404 4298/4298 4403/4403
f 4369/4369 4112/4112 4298/4298
f 4403/4403 4298/4298 4367/4367
f 4112/4112 4111/4111 4298/4298
f 1926/1926 1937/1937 1924/1924
f 1926/1926 1924/1924 1925/1925
f 1926/1926 1928/1928 1939/1939
f 1926/1926 1939/1939 1937/1937
f 1925/1925 1924/1924 1923/1923
f 71/71 65/65 32/32
f 4278/4278 4129/4129 4361/4361
f 4397/4397 4278/4278 4361/4361
f 4419/4419 4361/4361 4344/4344
f 4419/4419 4344/4344 4418/4418
f 4129/4129 4126/4126 4344/4344
f 4361/4361 4129/4129 4344/4344
f 4418/4418 4344/4344 4319/4319
f 4418/4418 4319/4319 4417/4417
f 4126/4126 4124/4124 4319/4319
f 4344/4344 4126/4126 4319/4319
f 4417/4417 4319/4319 4382/4382
f 4124/4124 4123/4123 4319/4319
f 5277/5277 5273/5273 5276/5276
f 5277/5277 5276/5276 5719/5719
f 1948/1948 1949/1949 1950/1950
f 1948/1948 1950/1950 1980/1980
f 6148/6148 6145/6145 6147/6147
f 5719/5719 5254/5254 5251/5251
f 4442/4442 4407/4407 4357/4357
f 4442/4442 4357/4357 4432/4432
f 4259/4259 4146/4146 4357/4357
f 4407/4407 4259/4259 4357/4357
f 4432/4432 4357/4357 4342/4342
f 4432/4432 4342/4342 4426/4426
f 4146/4146 4144/4144 4342/4342
f 4357/4357 4146/4146 4342/4342
f 4426/4426 4342/4342 4314/4314
f 4426/4426 4314/4314 4397/4397
f 4144/4144 4142/4142 4314/4314
f 4342/4342 4144/4144 4314/4314
f 5269/5269 5267/5267 5268/5268
f 5269/5269 5268/5268 5270/5270
f 1956/1956 1957/1957 1958/1958
f 1956/1956 1958/1958 1979/1979
f 5270/5270 5268/5268 5271/5271
f 5270/5270 5271/5271 5272/5272
f 5272/5272 5271/5271 5273/5273
f 4262/4262 4159/4159 4379/4379
f 4410/4410 4262/4262 4379/4379
f 4447/4447 4379/4379 4334/4334
f 4447/4447 4334/4334 4443/4443
f 4159/4159 4158/4158 4334/4334
f 4379/4379 4159/4159 4334/4334
f 4443/4443 4334/4334 4289/4289
f 4443/4443 4289/4289 4407/4407
f 4158/4158 4156/4156 4289/4289
f 4334/4334 4158/4158 4289/4289
f 5282/5282 5281/5281 5280/5280
f 1964/1964 1965/1965 1966/1966
f 1964/1964 1966/1966 1969/1969
f 5280/5280 5281/5281 5265/5265
f 5280/5280 5265/5265 5266/5266
f 5266/5266 5265/5265 5262/5262
f 5266/5266 5262/5262 5267/5267
f 5267/5267 5262/5262 5268/5268
f 4242/4242 4184/4184 4346/4346
f 4401/4401 4242/4242 4346/4346
f 4184/4184 4183/4183 4347/4347
f 4346/4346 4184/4184 4347/4347
f 4458/4458 4347/4347 4322/4322
f 4458/4458 4322/4322 4455/4455
f 4183/4183 4219/4219 4322/4322
f 4347/4347 4183/4183 4322/4322
f 4455/4455 4322/4322 4279/4279
f 4455/4455 4279/4279 4410/4410
f 4219/4219 4226/4226 4279/4279
f 4322/4322 4219/4219 4279/4279
f 4200/4200 4198/4198 4386/4386
f 4385/4385 4200/4200 4386/4386
f 4386/4386 4356/4356 4462/4462
f 4470/4470 4386/4386 4462/4462
f 4198/4198 4196/4196 4356/4356
f 4386/4386 4198/4198 4356/4356
f 4462/4462 4356/4356 4326/4326
f 4462/4462 4326/4326 4457/4457
f 4196/4196 4194/4194 4326/4326
f 4356/4356 4196/4196 4326/4326
f 4457/4457 4326/4326 4269/4269
f 4457/4457 4269/4269 4401/4401
f 4194/4194 4193/4193 4269/4269
f 4326/4326 4194/4194 4269/4269
f 5717/5717 5771/5771 5718/5718
f 4218/4218 4217/4217 4376/4376
f 4377/4377 4218/4218 4376/4376
f 4376/4376 4339/4339 4459/4459
f 5717/5717 5718/5718 5715/5715
f 4217/4217 4211/4211 4339/4339
f 4376/4376 4217/4217 4339/4339
f 4459/4459 4339/4339 4286/4286
f 4459/4459 4286/4286 4456/4456
f 4211/4211 4212/4212 4286/4286
f 4339/4339 4211/4211 4286/4286
f 4456/4456 4286/4286 4257/4257
f 4456/4456 4257/4257 4385/4385
f 4212/4212 4213/4213 4257/4257
f 4286/4286 4212/4212 4257/4257
f 4233/4233 4239/4239 4305/4305
f 4306/4306 4233/4233 4305/4305
f 4378/4378 4305/4305 4266/4266
f 4378/4378 4266/4266 4377/4377
f 4239/4239 4227/4227 4266/4266
f 4305/4305 4239/4239 4266/4266
f 4381/4381 4248/4248 4306/4306
f 4249/4249 4238/4238 4248/4248
f 2306/2306 2251/2251 2249/2249
f 6169/6169 6170/6170 6171/6171
f 6172/6172 6169/6169 6171/6171
f 5748/5748 5489/5489 5498/5498
f 5679/5679 5748/5748 5498/5498
f 5835/5835 5499/5499 5489/5489
f 5748/5748 5835/5835 5489/5489
f 5499/5499 5484/5484 5486/5486
f 5489/5489 5499/5499 5486/5486
f 2242/2242 2302/2302 2315/2315
f 2242/2242 2315/2315 2314/2314
f 2242/2242 2237/2237 2302/2302
f 5800/5800 5481/5481 5484/5484
f 5499/5499 5800/5800 5484/5484
f 5479/5479 5480/5480 5481/5481
f 5800/5800 5479/5479 5481/5481
f 5480/5480 5492/5492 5482/5482
f 5481/5481 5480/5480 5482/5482
f 5480/5480 5670/5670 5492/5492
f 5479/5479 5477/5477 5478/5478
f 5479/5479 5478/5478 5480/5480
f 5476/5476 5500/5500 5478/5478
f 5477/5477 5476/5476 5478/5478
f 5471/5471 5475/5475 5476/5476
f 5471/5471 5476/5476 5477/5477
f 5501/5501 5502/5502 5476/5476
f 5475/5475 5501/5501 5476/5476
f 3893/3893 3796/3796 3797/3797
f 3893/3893 3797/3797 3993/3993
f 3716/3716 3766/3766 3797/3797
f 3796/3796 3716/3716 3797/3797
f 2205/2205 2203/2203 2204/2204
f 3425/3425 3404/3404 3685/3685
f 3688/3688 3425/3425 3685/3685
f 3404/3404 3589/3589 3686/3686
f 3685/3685 3404/3404 3686/3686
f 3589/3589 3629/3629 3689/3689
f 3686/3686 3589/3589 3689/3689
f 3715/3715 3689/3689 3716/3716
f 3715/3715 3716/3716 3796/3796
f 3629/3629 3649/3649 3716/3716
f 3689/3689 3629/3629 3716/3716
f 2198/2198 2199/2199 2196/2196
f 2198/2198 2196/2196 2197/2197
f 3655/3655 3426/3426 3659/3659
f 3658/3658 3655/3655 3659/3659
f 3426/3426 3423/3423 3660/3660
f 3659/3659 3426/3426 3660/3660
f 3423/3423 3424/3424 3677/3677
f 3660/3660 3423/3423 3677/3677
f 3677/3677 3425/3425 3687/3687
f 3677/3677 3424/3424 3425/3425
f 3687/3687 3425/3425 3688/3688
f 2187/2187 2186/2186 2185/2185
f 3433/3433 3432/3432 3611/3611
f 3610/3610 3433/3433 3611/3611
f 3656/3656 3611/3611 3639/3639
f 3656/3656 3639/3639 3657/3657
f 3432/3432 3430/3430 3639/3639
f 3611/3611 3432/3432 3639/3639
f 3657/3657 3639/3639 3655/3655
f 3657/3657 3655/3655 3658/3658
f 3430/3430 3429/3429 3655/3655
f 3639/3639 3430/3430 3655/3655
f 2182/2182 2180/2180 2179/2179
f 3597/3597 3439/3439 3598/3598
f 3439/3439 3438/3438 3599/3599
f 3598/3598 3439/3439 3599/3599
f 3438/3438 3436/3436 3614/3614
f 3599/3599 3438/3438 3614/3614
f 3614/3614 3436/3436 3610/3610
f 2163/2163 2172/2172 2162/2162
f 2163/2163 2162/2162 2161/2161
f 3448/3448 3446/3446 3587/3587
f 3586/3586 3448/3448 3587/3587
f 3446/3446 3444/3444 3588/3588
f 3587/3587 3446/3446 3588/3588
f 3616/3616 3588/3588 3572/3572
f 3616/3616 3572/3572 3597/3597
f 3444/3444 3442/3442 3572/3572
f 3588/3588 3444/3444 3572/3572
f 2159/2159 2157/2157 2158/2158
f 3633/3633 3457/3457 3635/3635
f 3457/3457 3454/3454 3632/3632
f 3635/3635 3457/3457 3632/3632
f 3454/3454 3451/3451 3617/3617
f 3632/3632 3454/3454 3617/3617
f 3617/3617 3523/3523 3586/3586
f 3617/3617 3451/3451 3523/3523
f 2152/2152 2150/2150 2151/2151
f 2153/2153 2152/2152 2151/2151
f 3465/3465 3463/3463 3596/3596
f 3595/3595 3465/3465 3596/3596
f 3463/3463 3461/3461 3618/3618
f 3596/3596 3463/3463 3618/3618
f 3634/3634 3618/3618 3459/3459
f 3634/3634 3459/3459 3633/3633
f 3618/3618 3461/3461 3459/3459
f 2144/2144 2142/2142 2141/2141
f 3473/3473 3472/3472 3601/3601
f 3600/3600 3473/3473 3601/3601
f 3472/3472 3470/3470 3608/3608
f 3601/3601 3472/3472 3608/3608
f 3640/3640 3608/3608 3593/3593
f 3470/3470 3468/3468 3593/3593
f 3608/3608 3470/3470 3593/3593
f 3640/3640 3593/3593 3526/3526
f 3640/3640 3526/3526 3595/3595
f 3468/3468 3465/3465 3526/3526
f 3593/3593 3468/3468 3526/3526
f 2135/2135 2136/2136 2132/2132
f 2135/2135 2132/2132 2134/2134
f 3563/3563 3483/3483 3481/3481
f 3563/3563 3481/3481 3564/3564
f 3481/3481 3478/3478 3567/3567
f 3564/3564 3481/3481 3567/3567
f 3567/3567 3478/3478 3581/3581
f 3478/3478 3476/3476 3582/3582
f 3581/3581 3478/3478 3582/3582
f 3621/3621 3582/3582 3516/3516
f 3621/3621 3516/3516 3600/3600
f 3476/3476 3473/3473 3516/3516
f 3582/3582 3476/3476 3516/3516
f 2129/2129 2126/2126 2128/2128
f 3493/3493 3492/3492 3570/3570
f 3569/3569 3493/3493 3570/3570
f 3492/3492 3489/3489 3571/3571
f 3570/3570 3492/3492 3571/3571
f 3697/3697 3571/3571 3488/3488
f 3697/3697 3488/3488 3563/3563
f 3489/3489 3486/3486 3488/3488
f 3571/3571 3489/3489 3488/3488
f 2119/2119 2117/2117 2120/2120
f 2119/2119 2120/2120 2121/2121
f 2119/2119 2118/2118 2117/2117
f 3502/3502 3500/3500 3506/3506
f 3508/3508 3502/3502 3506/3506
f 3500/3500 3498/3498 3507/3507
f 3506/3506 3500/3500 3507/3507
f 3507/3507 3498/3498 3494/3494
f 3507/3507 3494/3494 3511/3511
f 3569/3569 3511/3511 3495/3495
f 3511/3511 3494/3494 3495/3495
f 3513/3513 3510/3510 3565/3565
f 3566/3566 3513/3513 3565/3565
f 3510/3510 3505/3505 3515/3515
f 3565/3565 3510/3510 3515/3515
f 3505/3505 3502/3502 3508/3508
f 3515/3515 3505/3505 3508/3508
f 2104/2104 2103/2103 2437/2437
f 2104/2104 2437/2437 2106/2106
f 2104/2104 2102/2102 2103/2103
f 3538/3538 3535/3535 3537/3537
f 3540/3540 3538/3538 3537/3537
f 3535/3535 3532/3532 3534/3534
f 3537/3537 3535/3535 3534/3534
f 3532/3532 3521/3521 3529/3529
f 3534/3534 3532/3532 3529/3529
f 3529/3529 3521/3521 3519/3519
f 3529/3529 3519/3519 3528/3528
f 3653/3653 3528/3528 3518/3518
f 3653/3653 3518/3518 3566/3566
f 3528/3528 3519/3519 3518/3518
f 2097/2097 2098/2098 2095/2095
f 3547/3547 3545/3545 3549/3549
f 3550/3550 3547/3547 3549/3549
f 3545/3545 3542/3542 3551/3551
f 3549/3549 3545/3545 3551/3551
f 3678/3678 3551/3551 3543/3543
f 3678/3678 3543/3543 3540/3540
f 3542/3542 3538/3538 3543/3543
f 3551/3551 3542/3542 3543/3543
f 4003/4003 4004/4004 4001/4001
f 4002/4002 4003/4003 4001/4001
f 3559/3559 3556/3556 3560/3560
f 3561/3561 3559/3559 3560/3560
f 3556/3556 3553/3553 3562/3562
f 3560/3560 3556/3556 3562/3562
f 3646/3646 3562/3562 3554/3554
f 3646/3646 3554/3554 3550/3550
f 3553/3553 3547/3547 3554/3554
f 3562/3562 3553/3553 3554/3554
f 2086/2086 2084/2084 2488/2488
f 2086/2086 2488/2488 2088/2088
f 2086/2086 2085/2085 2084/2084
f 4018/4018 4015/4015 4016/4016
f 4069/4069 4018/4018 4016/4016
f 4015/4015 4011/4011 4010/4010
f 4016/4016 4015/4015 4010/4010
f 4008/4008 4010/4010 4009/4009
f 4008/4008 4009/4009 4002/4002
f 4011/4011 4012/4012 4009/4009
f 4010/4010 4011/4011 4009/4009
f 1901/1901 1903/1903 1906/1906
f 1913/1913 1901/1901 1906/1906
f 2077/2077 2075/2075 2484/2484
f 2077/2077 2484/2484 2079/2079
f 2077/2077 2076/2076 2075/2075
f 4027/4027 4025/4025 4067/4067
f 4071/4071 4027/4027 4067/4067
f 4025/4025 4022/4022 4068/4068
f 4067/4067 4025/4025 4068/4068
f 4068/4068 4022/4022 4070/4070
f 4022/4022 4020/4020 4069/4069
f 4070/4070 4022/4022 4069/4069
f 3778/3778 3792/3792 3791/3791
f 3778/3778 3791/3791 3723/3723
f 1903/1903 1907/1907 1908/1908
f 1906/1906 1903/1903 1908/1908
f 3789/3789 3786/3786 3791/3791
f 3792/3792 3789/3789 3791/3791
f 2069/2069 2068/2068 2505/2505
f 2069/2069 2505/2505 2071/2071
f 2069/2069 2067/2067 2068/2068
f 4037/4037 4033/4033 4036/4036
f 4038/4038 4037/4037 4036/4036
f 4033/4033 4030/4030 4035/4035
f 4036/4036 4033/4033 4035/4035
f 4258/4258 4035/4035 4031/4031
f 4258/4258 4031/4031 4071/4071
f 4030/4030 4027/4027 4031/4031
f 4035/4035 4030/4030 4031/4031
f 2058/2058 2057/2057 2518/2518
f 2058/2058 2518/2518 2062/2062
f 2058/2058 2059/2059 2056/2056
f 2058/2058 2056/2056 2057/2057
f 4047/4047 4048/4048 4046/4046
f 4047/4047 4046/4046 4045/4045
f 4045/4045 4046/4046 4044/4044
f 4045/4045 4044/4044 4042/4042
f 4045/4045 4042/4042 4058/4058
f 4038/4038 4058/4058 4041/4041
f 4058/4058 4042/4042 4041/4041
f 2045/2045 2043/2043 2647/2647
f 2045/2045 2647/2647 2046/2046
f 2044/2044 2042/2042 2043/2043
f 2045/2045 2044/2044 2043/2043
f 2046/2046 2647/2647 2646/2646
f 2046/2046 2646/2646 2048/2048
f 2048/2048 2646/2646 2051/2051
f 4055/4055 4053/4053 4054/4054
f 4057/4057 4055/4055 4054/4054
f 4053/4053 4051/4051 4052/4052
f 4054/4054 4053/4053 4052/4052
f 4051/4051 4050/4050 4049/4049
f 4052/4052 4051/4051 4049/4049
f 4050/4050 4048/4048 4049/4049
f 2031/2031 2030/2030 3131/3131
f 2031/2031 3131/3131 2034/2034
f 2031/2031 2032/2032 2029/2029
f 2031/2031 2029/2029 2030/2030
f 2034/2034 3131/3131 3048/3048
f 2034/2034 3048/3048 2036/2036
f 2036/2036 3048/3048 2900/2900
f 2036/2036 2900/2900 2038/2038
f 4079/4079 4080/4080 4078/4078
f 4079/4079 4078/4078 4077/4077
f 4077/4077 4078/4078 4076/4076
f 4077/4077 4076/4076 4074/4074
f 4245/4245 4074/4074 4072/4072
f 4245/4245 4072/4072 4057/4057
f 4074/4074 4076/4076 4073/4073
f 4074/4074 4073/4073 4072/4072
f 2025/2025 3091/3091 3250/3250
f 2025/2025 3250/3250 2026/2026
f 2025/2025 2021/2021 3091/3091
f 3250/3250 3219/3219 2028/2028
f 2026/2026 3250/3250 2028/2028
f 2028/2028 3219/3219 2030/2030
f 4089/4089 4093/4093 4090/4090
f 4089/4089 4090/4090 4091/4091
f 4090/4090 4088/4088 4091/4091
f 4088/4088 4083/4083 4087/4087
f 4091/4091 4088/4088 4087/4087
f 4260/4260 4087/4087 4081/4081
f 4260/4260 4081/4081 4079/4079
f 4087/4087 4083/4083 4081/4081
f 1933/1933 1935/1935 1932/1932
f 1933/1933 1932/1932 1930/1930
f 94/94 95/95 91/91
f 89/89 94/94 91/91
f 91/91 95/95 93/93
f 4103/4103 4104/4104 4101/4101
f 4103/4103 4101/4101 4102/4102
f 4101/4101 4100/4100 4099/4099
f 4102/4102 4101/4101 4099/4099
f 4261/4261 4099/4099 4098/4098
f 4261/4261 4098/4098 4089/4089
f 4099/4099 4100/4100 4097/4097
f 4099/4099 4097/4097 4098/4098
f 1930/1930 1932/1932 1931/1931
f 1930/1930 1931/1931 1927/1927
f 4116/4116 4117/4117 4113/4113
f 4116/4116 4113/4113 4112/4112
f 4112/4112 4113/4113 4108/4108
f 4112/4112 4108/4108 4111/4111
f 4103/4103 4111/4111 4107/4107
f 4111/4111 4108/4108 4107/4107
f 1945/1945 1944/1944 1940/1940
f 1945/1945 1940/1940 1941/1941
f 1945/1945 1978/1978 1977/1977
f 1945/1945 1977/1977 1944/1944
f 1941/1941 1940/1940 1939/1939
f 1941/1941 1939/1939 1928/1928
f 4128/4128 4127/4127 4126/4126
f 4129/4129 4128/4128 4126/4126
f 4126/4126 4127/4127 4125/4125
f 4126/4126 4125/4125 4124/4124
f 4124/4124 4125/4125 4121/4121
f 4124/4124 4121/4121 4123/4123
f 4280/4280 4123/4123 4122/4122
f 4280/4280 4122/4122 4116/4116
f 4123/4123 4121/4121 4120/4120
f 4123/4123 4120/4120 4122/4122
f 1951/1951 1952/1952 1950/1950
f 1951/1951 1950/1950 1949/1949
f 1951/1951 1970/1970 1952/1952
f 4145/4145 4143/4143 4144/4144
f 4146/4146 4145/4145 4144/4144
f 4143/4143 4139/4139 4142/4142
f 4144/4144 4143/4143 4142/4142
f 4278/4278 4142/4142 4140/4140
f 4278/4278 4140/4140 4129/4129
f 4139/4139 4137/4137 4140/4140
f 4142/4142 4139/4139 4140/4140
f 1959/1959 1960/1960 1958/1958
f 1959/1959 1958/1958 1957/1957
f 1959/1959 1973/1973 1960/1960
f 4159/4159 4160/4160 4155/4155
f 4159/4159 4155/4155 4158/4158
f 4158/4158 4155/4155 4153/4153
f 4158/4158 4153/4153 4156/4156
f 4259/4259 4156/4156 4152/4152
f 4259/4259 4152/4152 4146/4146
f 4153/4153 4151/4151 4152/4152
f 4156/4156 4153/4153 4152/4152
f 1967/1967 1966/1966 1965/1965
f 4184/4184 4185/4185 4182/4182
f 4184/4184 4182/4182 4183/4183
f 4183/4183 4182/4182 4181/4181
f 4183/4183 4181/4181 4219/4219
f 4181/4181 4177/4177 4226/4226
f 4219/4219 4181/4181 4226/4226
f 4262/4262 4226/4226 4176/4176
f 4262/4262 4176/4176 4159/4159
f 4177/4177 4160/4160 4176/4176
f 4226/4226 4177/4177 4176/4176
f 4200/4200 4201/4201 4199/4199
f 4200/4200 4199/4199 4198/4198
f 4198/4198 4199/4199 4197/4197
f 4198/4198 4197/4197 4196/4196
f 4196/4196 4197/4197 4195/4195
f 4196/4196 4195/4195 4194/4194
f 4194/4194 4195/4195 4190/4190
f 4194/4194 4190/4190 4193/4193
f 4242/4242 4193/4193 4208/4208
f 4242/4242 4208/4208 4184/4184
f 4193/4193 4190/4190 4189/4189
f 4193/4193 4189/4189 4208/4208
f 4215/4215 4210/4210 4217/4217
f 4218/4218 4215/4215 4217/4217
f 4210/4210 4207/4207 4211/4211
f 4217/4217 4210/4210 4211/4211
f 4211/4211 4207/4207 4205/4205
f 4211/4211 4205/4205 4212/4212
f 4205/4205 4203/4203 4213/4213
f 4212/4212 4205/4205 4213/4213
f 4233/4233 4231/4231 4228/4228
f 4233/4233 4228/4228 4239/4239
f 4228/4228 4215/4215 4227/4227
f 4239/4239 4228/4228 4227/4227
f 4240/4240 4234/4234 4238/4238
f 2445/2445 3062/3062 2446/2446
f 2424/2424 2348/2348 2445/2445
f 2446/2446 2424/2424 2445/2445
f 2251/2251 2250/2250 2249/2249
f 5489/5489 5488/5488 5493/5493
f 5494/5494 5489/5489 5493/5493
f 5488/5488 5491/5491 5532/5532
f 5493/5493 5488/5488 5532/5532
f 5485/5485 5487/5487 5491/5491
f 5488/5488 5485/5485 5491/5491
f 5487/5487 5546/5546 5545/5545
f 5491/5491 5487/5487 5545/5545
f 5483/5483 5490/5490 5487/5487
f 5485/5485 5483/5483 5487/5487
f 5490/5490 5562/5562 5546/5546
f 5487/5487 5490/5490 5546/5546
f 6139/6139 6142/6142 6140/6140
f 6139/6139 6140/6140 6141/6141
f 5480/5480 5500/5500 5528/5528
f 5480/5480 5528/5528 5670/5670
f 5529/5529 5530/5530 5528/5528
f 5500/5500 5529/5529 5528/5528
f 5670/5670 5528/5528 5531/5531
f 3997/3997 4478/4478 4484/4484
f 5528/5528 5530/5530 5531/5531
f 5476/5476 5502/5502 5537/5537
f 5476/5476 5537/5537 5500/5500
f 3782/3782 3942/3942 3988/3988
f 3989/3989 3782/3782 3988/3988
f 3878/3878 3766/3766 3989/3989
f 3589/3589 3399/3399 3397/3397
f 3589/3589 3397/3397 3629/3629
f 3397/3397 3396/3396 3649/3649
f 3629/3629 3397/3397 3649/3649
f 3716/3716 3649/3649 3766/3766
f 3396/3396 3412/3412 3649/3649
f 3426/3426 3421/3421 3423/3423
f 3423/3423 3421/3421 3416/3416
f 3423/3423 3416/3416 3424/3424
f 3424/3424 3416/3416 3425/3425
f 3416/3416 3405/3405 3425/3425
f 3405/3405 3402/3402 3404/3404
f 3425/3425 3405/3405 3404/3404
f 3404/3404 3403/3403 3589/3589
f 3404/3404 3402/3402 3403/3403
f 2192/2192 2316/2316 2271/2271
f 3433/3433 3434/3434 3431/3431
f 3433/3433 3431/3431 3432/3432
f 3432/3432 3431/3431 3430/3430
f 3430/3430 3431/3431 3428/3428
f 3430/3430 3428/3428 3429/3429
f 3655/3655 3429/3429 3427/3427
f 3655/3655 3427/3427 3426/3426
f 3428/3428 3421/3421 3427/3427
f 3429/3429 3428/3428 3427/3427
f 3439/3439 3440/3440 3437/3437
f 3439/3439 3437/3437 3438/3438
f 3437/3437 3435/3435 3436/3436
f 3438/3438 3437/3437 3436/3436
f 3435/3435 3434/3434 3433/3433
f 3436/3436 3435/3435 3433/3433
f 2174/2174 2190/2190 2181/2181
f 3448/3448 3449/3449 3447/3447
f 3448/3448 3447/3447 3446/3446
f 3446/3446 3447/3447 3445/3445
f 3446/3446 3445/3445 3444/3444
f 3444/3444 3445/3445 3443/3443
f 3444/3444 3443/3443 3442/3442
f 3439/3439 3442/3442 3441/3441
f 3442/3442 3443/3443 3441/3441
f 3456/3456 3455/3455 3454/3454
f 3457/3457 3456/3456 3454/3454
f 3454/3454 3455/3455 3453/3453
f 3454/3454 3453/3453 3451/3451
f 3453/3453 3450/3450 3451/3451
f 2152/2152 2170/2170 2150/2150
f 3465/3465 3466/3466 3464/3464
f 3465/3465 3464/3464 3463/3463
f 3463/3463 3464/3464 3462/3462
f 3463/3463 3462/3462 3461/3461
f 3461/3461 3462/3462 3460/3460
f 3461/3461 3460/3460 3459/3459
f 3457/3457 3459/3459 3458/3458
f 3459/3459 3460/3460 3458/3458
f 2146/2146 2281/2281 2272/2272
f 3473/3473 3474/3474 3471/3471
f 3473/3473 3471/3471 3472/3472
f 3472/3472 3471/3471 3470/3470
f 3470/3470 3471/3471 3469/3469
f 3470/3470 3469/3469 3468/3468
f 3468/3468 3469/3469 3467/3467
f 3468/3468 3467/3467 3465/3465
f 2136/2136 2189/2189 2269/2269
f 2136/2136 2269/2269 2132/2132
f 3483/3483 3484/3484 3482/3482
f 3483/3483 3482/3482 3481/3481
f 3481/3481 3482/3482 3480/3480
f 3481/3481 3480/3480 3478/3478
f 3478/3478 3480/3480 3479/3479
f 3478/3478 3479/3479 3477/3477
f 3478/3478 3477/3477 3476/3476
f 3476/3476 3477/3477 3475/3475
f 3476/3476 3475/3475 3473/3473
f 3494/3494 3496/3496 3490/3490
f 3494/3494 3490/3490 3493/3493
f 3490/3490 3491/3491 3492/3492
f 3493/3493 3490/3490 3492/3492
f 3492/3492 3491/3491 3487/3487
f 3492/3492 3487/3487 3489/3489
f 3487/3487 3485/3485 3486/3486
f 3489/3489 3487/3487 3486/3486
f 2123/2123 2311/2311 2122/2122
f 3502/3502 3503/3503 3501/3501
f 3502/3502 3501/3501 3500/3500
f 3500/3500 3501/3501 3499/3499
f 3500/3500 3499/3499 3498/3498
f 3498/3498 3499/3499 3497/3497
f 3498/3498 3497/3497 3494/3494
f 3517/3517 3568/3568 3514/3514
f 3517/3517 3514/3514 3513/3513
f 3513/3513 3514/3514 3512/3512
f 3513/3513 3512/3512 3510/3510
f 3510/3510 3512/3512 3509/3509
f 3510/3510 3509/3509 3505/3505
f 3505/3505 3509/3509 3504/3504
f 3505/3505 3504/3504 3502/3502
f 3538/3538 3539/3539 3536/3536
f 3538/3538 3536/3536 3535/3535
f 3535/3535 3536/3536 3533/3533
f 3535/3535 3533/3533 3532/3532
f 3532/3532 3533/3533 3531/3531
f 3532/3532 3531/3531 3521/3521
f 3521/3521 3531/3531 3520/3520
f 3521/3521 3520/3520 3519/3519
f 2098/2098 2283/2283 2095/2095
f 3547/3547 3548/3548 3546/3546
f 3547/3547 3546/3546 3545/3545
f 3545/3545 3546/3546 3544/3544
f 3545/3545 3544/3544 3542/3542
f 3542/3542 3544/3544 3541/3541
f 3542/3542 3541/3541 3538/3538
f 4003/4003 4006/4006 4005/4005
f 4003/4003 4005/4005 4004/4004
f 3558/3558 3557/3557 3556/3556
f 3559/3559 3558/3558 3556/3556
f 3556/3556 3557/3557 3555/3555
f 3556/3556 3555/3555 3553/3553
f 3553/3553 3555/3555 3552/3552
f 3553/3553 3552/3552 3547/3547
f 2331/2331 2294/2294 2085/2085
f 4018/4018 4019/4019 4017/4017
f 4018/4018 4017/4017 4015/4015
f 4015/4015 4017/4017 4013/4013
f 4015/4015 4013/4013 4011/4011
f 4013/4013 4014/4014 4012/4012
f 4011/4011 4013/4013 4012/4012
f 1901/1901 1904/1904 1902/1902
f 1901/1901 1902/1902 1903/1903
f 2076/2076 2288/2288 2287/2287
f 4027/4027 4028/4028 4026/4026
f 4027/4027 4026/4026 4025/4025
f 4025/4025 4026/4026 4024/4024
f 4025/4025 4024/4024 4022/4022
f 4022/4022 4024/4024 4023/4023
f 4022/4022 4023/4023 4021/4021
f 4022/4022 4021/4021 4020/4020
f 1902/1902 1909/1909 1907/1907
f 1903/1903 1902/1902 1907/1907
f 3788/3788 3787/3787 3786/3786
f 3789/3789 3788/3788 3786/3786
f 4040/4040 4062/4062 4039/4039
f 4040/4040 4039/4039 4037/4037
f 4037/4037 4039/4039 4034/4034
f 4037/4037 4034/4034 4033/4033
f 4033/4033 4034/4034 4032/4032
f 4033/4033 4032/4032 4030/4030
f 4030/4030 4032/4032 4029/4029
f 4030/4030 4029/4029 4027/4027
f 2061/2061 2337/2337 2056/2056
f 2059/2059 2061/2061 2056/2056
f 4048/4048 4059/4059 4060/4060
f 4048/4048 4060/4060 4046/4046
f 4046/4046 4060/4060 4061/4061
f 4046/4046 4061/4061 4044/4044
f 4044/4044 4061/4061 4043/4043
f 4044/4044 4043/4043 4042/4042
f 2361/2361 2427/2427 2344/2344
f 2047/2047 2361/2361 2344/2344
f 4055/4055 4065/4065 4064/4064
f 4055/4055 4064/4064 4053/4053
f 4053/4053 4064/4064 4066/4066
f 4053/4053 4066/4066 4051/4051
f 4051/4051 4066/4066 4063/4063
f 4051/4051 4063/4063 4050/4050
f 4050/4050 4063/4063 4056/4056
f 4050/4050 4056/4056 4048/4048
f 2033/2033 2440/2440 2029/2029
f 2032/2032 2033/2033 2029/2029
f 4082/4082 4141/4141 4084/4084
f 4082/4082 4084/4084 4080/4080
f 4080/4080 4084/4084 4085/4085
f 4080/4080 4085/4085 4078/4078
f 4078/4078 4085/4085 4136/4136
f 4078/4078 4136/4136 4076/4076
f 4076/4076 4136/4136 4075/4075
f 4076/4076 4075/4075 4073/4073
f 2023/2023 2022/2022 2021/2021
f 4093/4093 4095/4095 4094/4094
f 4093/4093 4094/4094 4090/4090
f 4090/4090 4094/4094 4092/4092
f 4090/4090 4092/4092 4088/4088
f 4088/4088 4092/4092 4086/4086
f 4088/4088 4086/4086 4083/4083
f 2014/2014 3104/3104 1932/1932
f 1935/1935 2014/2014 1932/1932
f 4106/4106 4110/4110 4105/4105
f 4106/4106 4105/4105 4104/4104
f 4105/4105 4134/4134 4101/4101
f 4104/4104 4105/4105 4101/4101
f 4101/4101 4134/4134 4135/4135
f 4101/4101 4135/4135 4100/4100
f 4100/4100 4135/4135 4096/4096
f 4100/4100 4096/4096 4097/4097
f 3104/3104 1994/1994 1931/1931
f 1932/1932 3104/3104 1931/1931
f 4119/4119 4161/4161 4118/4118
f 4119/4119 4118/4118 4117/4117
f 4117/4117 4118/4118 4115/4115
f 4117/4117 4115/4115 4113/4113
f 4113/4113 4115/4115 4114/4114
f 4113/4113 4114/4114 4108/4108
f 4108/4108 4114/4114 4109/4109
f 1981/1981 1991/1991 1977/1977
f 1978/1978 1981/1981 1977/1977
f 4128/4128 4131/4131 4130/4130
f 4128/4128 4130/4130 4127/4127
f 4127/4127 4130/4130 4132/4132
f 4127/4127 4132/4132 4125/4125
f 4125/4125 4132/4132 4133/4133
f 4125/4125 4133/4133 4121/4121
f 4145/4145 4148/4148 4147/4147
f 4145/4145 4147/4147 4143/4143
f 4143/4143 4147/4147 4149/4149
f 4143/4143 4149/4149 4139/4139
f 4139/4139 4149/4149 4138/4138
f 4139/4139 4138/4138 4137/4137
f 4160/4160 4163/4163 4157/4157
f 4160/4160 4157/4157 4155/4155
f 4155/4155 4157/4157 4154/4154
f 4155/4155 4154/4154 4153/4153
f 4153/4153 4154/4154 4150/4150
f 4153/4153 4150/4150 4151/4151
f 4188/4188 4192/4192 4187/4187
f 4188/4188 4187/4187 4185/4185
f 4185/4185 4187/4187 4186/4186
f 4185/4185 4186/4186 4182/4182
f 4182/4182 4186/4186 4180/4180
f 4182/4182 4180/4180 4181/4181
f 4180/4180 4179/4179 4177/4177
f 4181/4181 4180/4180 4177/4177
f 4177/4177 4179/4179 4178/4178
f 4177/4177 4178/4178 4160/4160
f 4204/4204 4225/4225 4222/4222
f 4204/4204 4222/4222 4201/4201
f 4201/4201 4222/4222 4221/4221
f 4201/4201 4221/4221 4199/4199
f 4199/4199 4221/4221 4220/4220
f 4199/4199 4220/4220 4197/4197
f 4197/4197 4220/4220 4202/4202
f 4197/4197 4202/4202 4195/4195
f 4202/4202 4191/4191 4190/4190
f 4195/4195 4202/4202 4190/4190
f 4215/4215 4216/4216 4214/4214
f 4215/4215 4214/4214 4210/4210
f 4210/4210 4214/4214 4209/4209
f 4210/4210 4209/4209 4207/4207
f 4207/4207 4209/4209 4206/4206
f 4207/4207 4206/4206 4205/4205
f 4231/4231 4232/4232 4230/4230
f 4231/4231 4230/4230 4228/4228
f 4228/4228 4230/4230 4229/4229
f 4228/4228 4229/4229 4215/4215
f 4236/4236 4235/4235 4234/4234
f 2424/2424 2347/2347 2348/2348
f 2471/2471 2665/2665 2682/2682
f 2471/2471 2682/2682 2604/2604
f 2682/2682 3230/3230 2872/2872
f 2604/2604 2682/2682 2872/2872
f 5496/5496 5714/5714 5804/5804
f 2872/2872 3230/3230 3033/3033
f 2254/2254 2248/2248 2250/2250
f 2254/2254 2362/2362 2248/2248
f 5802/5802 5547/5547 5551/5551
f 5714/5714 5802/5802 5551/5551
f 5547/5547 5549/5549 5550/5550
f 5551/5551 5547/5547 5550/5550
f 2336/2336 2243/2243 2244/2244
f 2336/2336 2452/2452 2243/2243
f 5547/5547 5546/5546 5548/5548
f 5547/5547 5548/5548 5549/5549
f 2434/2434 2492/2492 2236/2236
f 5553/5553 5554/5554 5548/5548
f 5546/5546 5553/5553 5548/5548
f 2503/2503 2593/2593 2232/2232
f 5553/5553 5555/5555 5554/5554
f 2498/2498 2648/2648 2224/2224
f 4485/4485 4478/4478 4477/4477
f 3976/3976 3978/3978 4477/4477
f 4478/4478 3976/3976 4477/4477
f 2438/2438 2591/2591 2227/2227
f 3987/3987 3942/3942 3943/3943
f 3987/3987 3943/3943 3997/3997
f 3795/3795 3870/3870 3943/3943
f 3942/3942 3795/3795 3943/3943
f 3997/3997 3943/3943 3937/3937
f 3997/3997 3937/3937 4478/4478
f 3870/3870 3903/3903 3937/3937
f 3943/3943 3870/3870 3937/3937
f 2395/2395 2265/2265 2264/2264
f 2395/2395 2594/2594 2265/2265
f 3782/3782 3695/3695 3696/3696
f 3782/3782 3696/3696 3942/3942
f 3386/3386 3418/3418 3696/3696
f 3695/3695 3386/3386 3696/3696
f 2570/2570 2671/2671 2213/2213
f 3402/3402 3407/3407 3401/3401
f 3402/3402 3401/3401 3399/3399
f 3399/3399 3401/3401 3398/3398
f 3399/3399 3398/3398 3397/3397
f 3397/3397 3398/3398 3395/3395
f 3397/3397 3395/3395 3396/3396
f 3396/3396 3395/3395 3392/3392
f 3396/3396 3392/3392 3412/3412
f 3392/3392 3387/3387 3412/3412
f 2474/2474 2599/2599 2259/2259
f 3584/3584 3583/3583 3421/3421
f 3421/3421 3583/3583 3422/3422
f 3421/3421 3422/3422 3416/3416
f 3416/3416 3422/3422 3420/3420
f 3416/3416 3420/3420 3415/3415
f 3416/3416 3415/3415 3405/3405
f 3405/3405 3415/3415 3406/3406
f 3405/3405 3406/3406 3402/3402
f 2482/2482 2567/2567 2316/2316
f 3434/3434 3626/3626 3627/3627
f 3434/3434 3627/3627 3431/3431
f 3431/3431 3627/3627 3585/3585
f 3431/3431 3585/3585 3428/3428
f 3428/3428 3585/3585 3421/3421
f 2433/2433 2575/2575 2325/2325
f 3452/3452 3624/3624 3612/3612
f 3452/3452 3612/3612 3440/3440
f 3440/3440 3612/3612 3615/3615
f 3440/3440 3615/3615 3437/3437
f 3437/3437 3615/3615 3602/3602
f 3437/3437 3602/3602 3435/3435
f 3435/3435 3602/3602 3530/3530
f 3435/3435 3530/3530 3434/3434
f 2504/2504 2697/2697 2190/2190
f 3524/3524 3630/3630 3619/3619
f 3524/3524 3619/3619 3449/3449
f 3449/3449 3619/3619 3620/3620
f 3449/3449 3620/3620 3447/3447
f 3447/3447 3620/3620 3573/3573
f 3447/3447 3573/3573 3445/3445
f 3445/3445 3573/3573 3443/3443
f 2538/2538 2707/2707 2167/2167
f 3575/3575 3699/3699 3676/3676
f 3575/3575 3676/3676 3648/3648
f 3575/3575 3648/3648 3456/3456
f 3456/3456 3648/3648 3578/3578
f 3456/3456 3578/3578 3455/3455
f 3455/3455 3578/3578 3453/3453
f 2562/2562 2717/2717 2170/2170
f 3576/3576 3729/3729 3698/3698
f 3576/3576 3698/3698 3466/3466
f 3466/3466 3698/3698 3647/3647
f 3466/3466 3647/3647 3464/3464
f 3464/3464 3647/3647 3462/3462
f 2392/2392 2330/2330 2272/2272
f 2392/2392 2272/2272 2281/2281
f 2392/2392 2714/2714 2330/2330
f 3579/3579 3708/3708 3706/3706
f 3579/3579 3706/3706 3668/3668
f 3579/3579 3668/3668 3474/3474
f 3474/3474 3668/3668 3669/3669
f 3474/3474 3669/3669 3471/3471
f 3471/3471 3669/3669 3605/3605
f 3471/3471 3605/3605 3469/3469
f 2656/2656 2829/2829 2269/2269
f 2327/2327 2656/2656 2269/2269
f 3527/3527 3662/3662 3625/3625
f 3527/3527 3625/3625 3484/3484
f 3484/3484 3625/3625 3628/3628
f 3484/3484 3628/3628 3482/3482
f 3482/3482 3628/3628 3652/3652
f 3482/3482 3652/3652 3480/3480
f 3480/3480 3652/3652 3579/3579
f 3480/3480 3579/3579 3479/3479
f 2632/2632 2785/2785 2273/2273
f 3496/3496 3638/3638 3636/3636
f 3496/3496 3636/3636 3490/3490
f 3490/3490 3636/3636 3637/3637
f 3490/3490 3637/3637 3491/3491
f 3491/3491 3637/3637 3577/3577
f 3491/3491 3577/3577 3487/3487
f 2485/2485 2652/2652 2311/2311
f 3525/3525 3684/3684 3643/3643
f 3525/3525 3643/3643 3503/3503
f 3503/3503 3643/3643 3644/3644
f 3503/3503 3644/3644 3501/3501
f 3501/3501 3644/3644 3609/3609
f 3501/3501 3609/3609 3499/3499
f 3499/3499 3609/3609 3522/3522
f 3499/3499 3522/3522 3497/3497
f 2423/2423 2624/2624 2338/2338
f 3603/3603 3693/3693 3692/3692
f 3603/3603 3692/3692 3568/3568
f 3568/3568 3692/3692 3694/3694
f 3568/3568 3694/3694 3514/3514
f 3514/3514 3694/3694 3651/3651
f 3514/3514 3651/3651 3512/3512
f 3512/3512 3651/3651 3580/3580
f 3512/3512 3580/3580 3509/3509
f 2520/2520 2736/2736 2323/2323
f 3590/3590 3747/3747 3679/3679
f 3590/3590 3679/3679 3539/3539
f 3539/3539 3679/3679 3680/3680
f 3539/3539 3680/3680 3536/3536
f 3536/3536 3680/3680 3645/3645
f 3536/3536 3645/3645 3533/3533
f 3533/3533 3645/3645 3531/3531
f 2526/2526 2699/2699 2283/2283
f 3594/3594 3817/3817 3719/3719
f 3594/3594 3719/3719 3548/3548
f 3548/3548 3719/3719 3721/3721
f 3548/3548 3721/3721 3546/3546
f 3546/3546 3721/3721 3661/3661
f 3546/3546 3661/3661 3544/3544
f 2469/2469 2711/2711 2318/2318
f 1758/1758 1694/1694 1695/1695
f 4291/4291 4364/4364 4006/4006
f 4364/4364 4365/4365 4005/4005
f 4006/4006 4364/4364 4005/4005
f 3558/3558 3821/3821 3820/3820
f 3558/3558 3820/3820 3557/3557
f 3557/3557 3820/3820 3650/3650
f 3557/3557 3650/3650 3555/3555
f 2465/2465 2771/2771 2394/2394
f 2343/2343 2465/2465 2394/2394
f 4255/4255 4372/4372 4337/4337
f 4255/4255 4337/4337 4019/4019
f 4019/4019 4337/4337 4338/4338
f 4019/4019 4338/4338 4017/4017
f 4017/4017 4338/4338 4333/4333
f 4017/4017 4333/4333 4013/4013
f 1905/1905 1910/1910 1902/1902
f 1904/1904 1905/1905 1902/1902
f 2422/2422 2680/2680 2287/2287
f 2288/2288 2422/2422 2287/2287
f 4166/4166 4310/4310 4285/4285
f 4166/4166 4285/4285 4028/4028
f 4028/4028 4285/4285 4287/4287
f 4028/4028 4287/4287 4026/4026
f 4026/4026 4287/4287 4271/4271
f 4026/4026 4271/4271 4024/4024
f 4024/4024 4271/4271 4023/4023
f 1902/1902 1910/1910 1914/1914
f 1902/1902 1914/1914 1909/1909
f 3788/3788 3790/3790 3787/3787
f 2486/2486 2667/2667 2290/2290
f 1771/1771 1662/1662 1679/1679
f 4168/4168 4320/4320 4062/4062
f 4062/4062 4320/4320 4321/4321
f 4062/4062 4321/4321 4039/4039
f 4039/4039 4321/4321 4274/4274
f 4039/4039 4274/4274 4034/4034
f 4034/4034 4274/4274 4174/4174
f 4034/4034 4174/4174 4032/4032
f 2508/2508 2719/2719 2426/2426
f 2312/2312 2508/2508 2426/2426
f 4164/4164 4341/4341 4313/4313
f 4164/4164 4313/4313 4059/4059
f 4059/4059 4313/4313 4293/4293
f 4059/4059 4293/4293 4060/4060
f 4060/4060 4293/4293 4250/4250
f 4060/4060 4250/4250 4061/4061
f 2459/2459 2689/2689 2429/2429
f 2358/2358 2459/2459 2429/2429
f 4172/4172 4358/4358 4315/4315
f 4172/4172 4315/4315 4065/4065
f 4065/4065 4315/4315 4318/4318
f 4065/4065 4318/4318 4064/4064
f 4064/4064 4318/4318 4277/4277
f 4064/4064 4277/4277 4066/4066
f 4066/4066 4277/4277 4175/4175
f 4066/4066 4175/4175 4063/4063
f 4141/4141 4317/4317 4316/4316
f 4141/4141 4316/4316 4084/4084
f 4084/4084 4316/4316 4275/4275
f 4084/4084 4275/4275 4085/4085
f 4085/4085 4275/4275 4246/4246
f 4085/4085 4246/4246 4136/4136
f 952/952 956/956 961/961
f 2440/2440 2441/2441 2476/2476
f 4162/4162 4330/4330 4299/4299
f 4162/4162 4299/4299 4095/4095
f 4095/4095 4299/4299 4290/4290
f 4095/4095 4290/4290 4094/4094
f 4094/4094 4290/4290 4256/4256
f 4094/4094 4256/4256 4092/4092
f 4092/4092 4256/4256 4170/4170
f 4092/4092 4170/4170 4086/4086
f 555/555 547/547 558/558
f 2018/2018 2535/2535 2534/2534
f 4110/4110 4296/4296 4297/4297
f 4110/4110 4297/4297 4105/4105
f 4105/4105 4297/4297 4267/4267
f 4105/4105 4267/4267 4134/4134
f 4134/4134 4267/4267 4169/4169
f 4134/4134 4169/4169 4135/4135
f 3076/3076 2863/2863 2776/2776
f 2815/2815 3076/3076 2776/2776
f 4161/4161 4282/4282 4281/4281
f 4161/4161 4281/4281 4118/4118
f 4118/4118 4281/4281 4283/4283
f 4118/4118 4283/4283 4115/4115
f 4115/4115 4283/4283 4253/4253
f 4115/4115 4253/4253 4114/4114
f 4114/4114 4253/4253 4167/4167
f 4114/4114 4167/4167 4109/4109
f 1999/1999 2010/2010 1995/1995
f 1992/1992 1999/1999 1995/1995
f 4171/4171 4370/4370 4301/4301
f 4171/4171 4301/4301 4131/4131
f 4131/4131 4301/4301 4307/4307
f 4131/4131 4307/4307 4130/4130
f 4130/4130 4307/4307 4263/4263
f 4130/4130 4263/4263 4132/4132
f 4132/4132 4263/4263 4173/4173
f 4132/4132 4173/4173 4133/4133
f 1996/1996 2008/2008 1987/1987
f 1663/1663 1586/1586 1589/1589
f 1663/1663 1589/1589 1770/1770
f 1770/1770 1589/1589 1690/1690
f 4165/4165 4302/4302 4148/4148
f 4148/4148 4302/4302 4288/4288
f 4148/4148 4288/4288 4147/4147
f 4147/4147 4288/4288 4254/4254
f 4147/4147 4254/4254 4149/4149
f 1997/1997 2005/2005 1985/1985
f 20/20 19/19 23/23
f 4163/4163 4349/4349 4348/4348
f 4163/4163 4348/4348 4157/4157
f 24/24 21/21 22/22
f 214/214 171/171 215/215
f 4325/4325 4449/4449 4375/4375
f 4375/4375 4224/4224 4225/4225
f 4325/4325 4375/4375 4225/4225
f 4224/4224 4223/4223 4222/4222
f 4225/4225 4224/4224 4222/4222
f 4223/4223 4264/4264 4221/4221
f 4222/4222 4223/4223 4221/4221
f 4264/4264 4409/4409 4220/4220
f 4221/4221 4264/4264 4220/4220
f 4409/4409 4466/4466 4202/4202
f 4220/4220 4409/4409 4202/4202
f 181/181 180/180 186/186
f 4202/4202 4466/4466 4191/4191
f 186/186 165/165 213/213
f 4192/4192 4191/4191 4187/4187
f 186/186 180/180 164/164
f 186/186 164/164 165/165
f 165/165 166/166 212/212
f 213/213 165/165 212/212
f 165/165 164/164 162/162
f 165/165 162/162 166/166
f 212/212 166/166 167/167
f 212/212 167/167 214/214
f 162/162 161/161 167/167
f 166/166 162/162 167/167
f 4272/4272 4398/4398 4355/4355
f 4272/4272 4355/4355 4216/4216
f 4216/4216 4355/4355 4343/4343
f 4216/4216 4343/4343 4214/4214
f 4241/4241 4351/4351 4324/4324
f 4241/4241 4324/4324 4232/4232
f 4232/4232 4324/4324 4273/4273
f 4232/4232 4273/4273 4230/4230
f 2346/2346 2262/2262 2347/2347
f 2346/2346 2350/2350 2345/2345
f 2346/2346 2345/2345 2262/2262
f 5558/5558 5552/5552 5559/5559
f 2971/2971 3234/3234 3202/3202
f 5552/5552 5561/5561 5560/5560
f 5559/5559 5552/5552 5560/5560
f 2615/2615 2793/2793 2362/2362
f 6152/6152 6154/6154 6155/6155
f 5561/5561 5549/5549 5777/5777
f 2734/2734 2838/2838 2633/2633
f 2393/2393 2734/2734 2633/2633
f 5549/5549 5556/5556 5672/5672
f 6152/6152 6153/6153 6154/6154
f 2788/2788 2929/2929 2713/2713
f 2453/2453 2788/2788 2713/2713
f 6156/6156 6157/6157 6158/6158
f 5556/5556 5557/5557 5672/5672
f 2792/2792 2981/2981 2702/2702
f 2519/2519 2792/2792 2702/2702
f 6156/6156 6160/6160 6159/6159
f 6156/6156 6159/6159 6157/6157
f 2778/2778 3030/3030 2649/2649
f 2588/2588 2778/2778 2649/2649
f 4479/4479 3978/3978 3977/3977
f 4479/4479 3977/3977 4480/4480
f 3961/3961 3962/3962 3977/3977
f 3978/3978 3961/3961 3977/3977
f 3631/3631 3419/3419 3903/3903
f 3870/3870 3631/3631 3903/3903
f 3976/3976 3903/3903 3907/3907
f 3976/3976 3907/3907 3978/3978
f 3419/3419 3858/3858 3907/3907
f 3903/3903 3419/3419 3907/3907
f 2898/2898 3082/3082 2790/2790
f 2578/2578 2898/2898 2790/2790
f 3386/3386 3385/3385 3383/3383
f 3386/3386 3383/3383 3418/3418
f 3795/3795 3418/3418 3417/3417
f 3795/3795 3417/3417 3870/3870
f 3383/3383 3382/3382 3417/3417
f 3418/3418 3383/3383 3417/3417
f 2813/2813 3069/3069 2765/2765
f 2630/2630 2813/2813 2765/2765
f 3415/3415 3613/3613 3574/3574
f 3415/3415 3574/3574 3407/3407
f 3407/3407 3574/3574 3413/3413
f 3407/3407 3413/3413 3401/3401
f 3413/3413 3410/3410 3398/3398
f 3401/3401 3413/3413 3398/3398
f 3398/3398 3410/3410 3394/3394
f 3398/3398 3394/3394 3395/3395
f 3394/3394 3393/3393 3392/3392
f 3395/3395 3394/3394 3392/3392
f 3392/3392 3393/3393 3391/3391
f 3392/3392 3391/3391 3387/3387
f 2777/2777 3045/3045 2600/2600
f 2568/2568 2777/2777 2600/2600
f 3641/3641 3835/3835 3743/3743
f 3743/3743 3744/3744 3584/3584
f 3641/3641 3743/3743 3584/3584
f 3584/3584 3744/3744 3742/3742
f 3584/3584 3742/3742 3583/3583
f 3583/3583 3742/3742 3691/3691
f 3583/3583 3691/3691 3422/3422
f 3422/3422 3691/3691 3623/3623
f 3422/3422 3623/3623 3420/3420
f 3420/3420 3623/3623 3604/3604
f 3420/3420 3604/3604 3415/3415
f 2848/2848 3129/3129 2804/2804
f 2602/2602 2848/2848 2804/2804
f 3666/3666 3917/3917 3869/3869
f 3666/3666 3869/3869 3665/3665
f 3665/3665 3869/3869 3813/3813
f 3665/3665 3813/3813 3626/3626
f 3626/3626 3813/3813 3682/3682
f 3626/3626 3682/3682 3627/3627
f 3682/3682 3642/3642 3627/3627
f 2924/2924 3180/3180 2840/2840
f 2539/2539 2924/2924 2840/2840
f 3672/3672 3947/3947 3898/3898
f 3672/3672 3898/3898 3671/3671
f 3671/3671 3898/3898 3811/3811
f 3671/3671 3811/3811 3624/3624
f 3624/3624 3811/3811 3770/3770
f 3624/3624 3770/3770 3612/3612
f 3612/3612 3770/3770 3711/3711
f 3612/3612 3711/3711 3615/3615
f 2904/2904 3149/3149 2772/2772
f 2614/2614 2904/2904 2772/2772
f 1638/1638 1585/1585 1606/1606
f 3675/3675 3926/3926 3674/3674
f 3674/3674 3926/3926 3829/3829
f 3674/3674 3829/3829 3630/3630
f 3630/3630 3829/3829 3801/3801
f 3630/3630 3801/3801 3619/3619
f 3619/3619 3801/3801 3720/3720
f 3619/3619 3720/3720 3620/3620
f 2846/2846 3080/3080 2708/2708
f 2672/2672 2846/2846 2708/2708
f 1519/1519 1528/1528 1572/1572
f 1571/1571 1519/1519 1572/1572
f 1572/1572 1528/1528 1529/1529
f 3757/3757 3945/3945 3756/3756
f 3756/3756 3945/3945 3864/3864
f 3756/3756 3864/3864 3699/3699
f 3699/3699 3864/3864 3839/3839
f 3699/3699 3839/3839 3676/3676
f 3676/3676 3839/3839 3772/3772
f 3676/3676 3772/3772 3648/3648
f 2881/2881 3142/3142 2880/2880
f 2730/2730 2881/2881 2880/2880
f 1639/1639 1535/1535 1553/1553
f 3730/3730 3921/3921 3731/3731
f 3731/3731 3921/3921 3851/3851
f 3731/3731 3851/3851 3729/3729
f 3015/3015 3213/3213 2948/2948
f 2718/2718 3015/3015 2948/2948
f 3707/3707 3958/3958 3874/3874
f 3707/3707 3874/3874 3708/3708
f 3708/3708 3874/3874 3843/3843
f 3708/3708 3843/3843 3706/3706
f 3706/3706 3843/3843 3732/3732
f 3706/3706 3732/3732 3668/3668
f 3668/3668 3732/3732 3669/3669
f 2998/2998 3177/3177 2919/2919
f 2783/2783 2998/2998 2919/2919
f 1660/1660 1547/1547 1579/1579
f 3734/3734 3896/3896 3662/3662
f 3662/3662 3896/3896 3865/3865
f 3662/3662 3865/3865 3625/3625
f 3625/3625 3865/3865 3802/3802
f 3625/3625 3802/3802 3628/3628
f 3628/3628 3802/3802 3709/3709
f 3628/3628 3709/3709 3652/3652
f 2876/2876 3132/3132 2787/2787
f 2786/2786 2876/2876 2787/2787
f 1573/1573 1511/1511 1542/1542
f 1573/1573 1542/1542 1677/1677
f 1677/1677 1542/1542 1541/1541
f 3758/3758 3883/3883 3638/3638
f 3638/3638 3883/3883 3863/3863
f 3638/3638 3863/3863 3636/3636
f 3636/3636 3863/3863 3784/3784
f 3636/3636 3784/3784 3637/3637
f 2956/2956 3207/3207 2887/2887
f 2784/2784 2956/2956 2887/2887
f 1566/1566 1514/1514 1515/1515
f 1566/1566 1515/1515 1618/1618
f 1618/1618 1515/1515 1533/1533
f 3753/3753 3909/3909 3684/3684
f 3684/3684 3909/3909 3879/3879
f 3684/3684 3879/3879 3643/3643
f 3643/3643 3879/3879 3838/3838
f 3643/3643 3838/3838 3644/3644
f 1840/1840 1815/1815 1866/1866
f 2651/2651 3025/3025 2923/2923
f 1576/1576 1537/1537 1538/1538
f 1576/1576 1538/1538 1661/1661
f 1661/1661 1538/1538 1536/1536
f 3774/3774 3895/3895 3693/3693
f 3693/3693 3895/3895 3866/3866
f 3693/3693 3866/3866 3692/3692
f 3692/3692 3866/3866 3819/3819
f 3692/3692 3819/3819 3694/3694
f 2964/2964 3170/3170 2892/2892
f 2659/2659 2964/2964 2892/2892
f 1616/1616 1567/1567 1568/1568
f 3827/3827 3923/3923 3747/3747
f 3747/3747 3923/3923 3886/3886
f 3747/3747 3886/3886 3679/3679
f 3679/3679 3886/3886 3845/3845
f 3679/3679 3845/3845 3680/3680
f 1871/1871 1853/1853 1872/1872
f 2737/2737 2962/2962 2835/2835
f 1652/1652 1594/1594 1593/1593
f 1652/1652 1593/1593 1628/1628
f 1628/1628 1593/1593 1591/1591
f 3894/3894 3944/3944 3817/3817
f 3817/3817 3944/3944 3920/3920
f 3817/3817 3920/3920 3719/3719
f 3719/3719 3920/3920 3873/3873
f 3719/3719 3873/3873 3721/3721
f 2950/2950 3218/3218 2850/2850
f 2700/2700 2950/2950 2850/2850
f 1603/1603 1482/1482 1483/1483
f 1603/1603 1483/1483 1694/1694
f 1483/1483 1471/1471 1695/1695
f 1694/1694 1483/1483 1695/1695
f 1471/1471 1497/1497 1733/1733
f 1695/1695 1471/1471 1733/1733
f 1577/1577 1444/1444 1445/1445
f 1577/1577 1445/1445 1668/1668
f 1668/1668 1445/1445 1490/1490
f 1668/1668 1490/1490 1749/1749
f 1749/1749 1490/1490 1507/1507
f 1749/1749 1507/1507 1766/1766
f 1766/1766 1507/1507 1531/1531
f 1766/1766 1531/1531 1762/1762
f 1905/1905 1912/1912 1911/1911
f 1905/1905 1911/1911 1910/1910
f 3932/3932 3934/3934 3931/3931
f 3932/3932 3931/3931 3875/3875
f 3011/3011 3208/3208 2920/2920
f 2644/2644 3011/3011 2920/2920
f 1521/1521 1422/1422 1464/1464
f 1521/1521 1464/1464 1608/1608
f 1608/1608 1464/1464 1478/1478
f 1608/1608 1478/1478 1723/1723
f 1723/1723 1478/1478 1488/1488
f 1723/1723 1488/1488 1745/1745
f 1745/1745 1488/1488 1520/1520
f 1745/1745 1520/1520 1768/1768
f 2913/2913 3199/3199 2830/2830
f 2681/2681 2913/2913 2830/2830
f 1503/1503 1380/1380 1410/1410
f 1503/1503 1410/1410 1565/1565
f 1565/1565 1410/1410 1432/1432
f 1565/1565 1432/1432 1662/1662
f 1662/1662 1432/1432 1455/1455
f 1662/1662 1455/1455 1679/1679
f 1679/1679 1455/1455 1481/1481
f 1679/1679 1481/1481 1724/1724
f 2832/2832 3089/3089 2831/2831
f 2669/2669 2832/2832 2831/2831
f 1545/1545 1387/1387 1429/1429
f 1545/1545 1429/1429 1619/1619
f 1619/1619 1429/1429 1446/1446
f 1619/1619 1446/1446 1692/1692
f 1692/1692 1446/1446 1474/1474
f 1692/1692 1474/1474 1693/1693
f 1552/1552 1384/1384 1419/1419
f 1552/1552 1419/1419 1617/1617
f 1617/1617 1419/1419 1440/1440
f 1617/1617 1440/1440 1696/1696
f 1696/1696 1440/1440 1467/1467
f 1696/1696 1467/1467 1742/1742
f 1742/1742 1467/1467 1743/1743
f 1510/1510 1368/1368 1413/1413
f 1510/1510 1413/1413 1574/1574
f 1574/1574 1413/1413 1439/1439
f 1574/1574 1439/1439 1669/1669
f 1669/1669 1439/1439 1476/1476
f 1669/1669 1476/1476 1730/1730
f 1730/1730 1476/1476 1504/1504
f 1730/1730 1504/1504 1744/1744
f 954/954 957/957 956/956
f 954/954 956/956 952/952
f 954/954 955/955 960/960
f 949/949 944/944 945/945
f 1524/1524 1397/1397 1415/1415
f 1524/1524 1415/1415 1599/1599
f 1599/1599 1415/1415 1449/1449
f 1599/1599 1449/1449 1681/1681
f 1681/1681 1449/1449 1480/1480
f 1681/1681 1480/1480 1722/1722
f 945/945 944/944 931/931
f 1557/1557 1463/1463 1456/1456
f 1557/1557 1456/1456 1642/1642
f 1642/1642 1456/1456 1457/1457
f 1642/1642 1457/1457 1731/1731
f 1731/1731 1457/1457 1484/1484
f 1731/1731 1484/1484 1732/1732
f 876/876 885/885 940/940
f 941/941 876/876 940/940
f 1578/1578 1418/1418 1670/1670
f 1670/1670 1418/1418 1448/1448
f 1670/1670 1448/1448 1734/1734
f 1734/1734 1448/1448 1479/1479
f 1734/1734 1479/1479 1735/1735
f 1735/1735 1479/1479 1505/1505
f 1735/1735 1505/1505 1736/1736
f 533/533 519/519 557/557
f 2013/2013 2847/2847 2773/2773
f 1485/1485 1430/1430 1544/1544
f 1544/1544 1431/1431 1627/1627
f 1627/1627 1460/1460 1729/1729
f 1729/1729 1460/1460 1486/1486
f 1729/1729 1486/1486 1751/1751
f 1751/1751 1486/1486 1513/1513
f 1751/1751 1513/1513 1752/1752
f 2704/2704 3157/3157 2703/2703
f 2006/2006 2704/2704 2703/2703
f 1522/1522 1403/1403 1586/1586
f 1586/1586 1403/1403 1589/1589
f 2731/2731 3066/3066 2695/2695
f 2007/2007 2731/2731 2695/2695
f 2709/2709 3115/3115 2012/2012
f 2004/2004 2709/2709 2012/2012
f 513/513 496/496 497/497
f 20/20 21/21 17/17
f 20/20 17/17 19/19
f 527/527 514/514 511/511
f 527/527 511/511 536/536
f 536/536 511/511 512/512
f 536/536 512/512 540/540
f 868/868 871/871 896/896
f 513/513 497/497 539/539
f 171/171 161/161 176/176
f 171/171 176/176 192/192
f 176/176 210/210 211/211
f 192/192 176/176 211/211
f 4411/4411 4450/4450 4441/4441
f 4411/4411 4441/4441 4398/4398
f 206/206 187/187 188/188
f 207/207 206/206 188/188
f 871/871 870/870 897/897
f 896/896 871/871 897/897
f 187/187 175/175 184/184
f 188/188 187/187 184/184
f 184/184 175/175 174/174
f 184/184 174/174 183/183
f 183/183 174/174 173/173
f 183/183 173/173 182/182
f 173/173 172/172 181/181
f 182/182 173/173 181/181
f 181/181 172/172 168/168
f 181/181 168/168 180/180
f 180/180 168/168 159/159
f 180/180 159/159 164/164
f 164/164 159/159 157/157
f 164/164 157/157 162/162
f 162/162 157/157 153/153
f 162/162 153/153 161/161
f 161/161 153/153 160/160
f 161/161 160/160 176/176
f 160/160 209/209 210/210
f 176/176 160/160 210/210
f 4351/4351 4413/4413 4412/4412
f 4351/4351 4412/4412 4324/4324
f 204/204 177/177 187/187
f 206/206 204/204 187/187
f 870/870 863/863 893/893
f 897/897 870/870 893/893
f 187/187 177/177 143/143
f 187/187 143/143 175/175
f 175/175 143/143 144/144
f 175/175 144/144 174/174
f 174/174 144/144 142/142
f 174/174 142/142 173/173
f 173/173 142/142 133/133
f 173/173 133/133 172/172
f 172/172 133/133 118/118
f 172/172 118/118 168/168
f 168/168 118/118 158/158
f 168/168 158/158 159/159
f 158/158 152/152 157/157
f 159/159 158/158 157/157
f 152/152 151/151 153/153
f 157/157 152/152 153/153
f 153/153 151/151 154/154
f 153/153 154/154 160/160
f 154/154 208/208 209/209
f 160/160 154/154 209/209
f 204/204 202/202 178/178
f 204/204 178/178 177/177
f 893/893 863/863 892/892
f 177/177 178/178 145/145
f 177/177 145/145 143/143
f 143/143 145/145 119/119
f 143/143 119/119 144/144
f 119/119 120/120 142/142
f 144/144 119/119 142/142
f 142/142 120/120 133/133
f 133/133 120/120 118/118
f 118/118 148/148 158/158
f 148/148 149/149 152/152
f 158/158 148/148 152/152
f 149/149 150/150 151/151
f 152/152 149/149 151/151
f 151/151 150/150 155/155
f 151/151 155/155 154/154
f 155/155 205/205 208/208
f 154/154 155/155 208/208
f 202/202 179/179 178/178
f 892/892 863/863 806/806
f 179/179 146/146 145/145
f 178/178 179/179 145/145
f 145/145 146/146 119/119
f 119/119 117/117 120/120
f 120/120 117/117 118/118
f 150/150 156/156 155/155
f 155/155 156/156 205/205
f 201/201 185/185 179/179
f 202/202 201/201 179/179
f 892/892 806/806 898/898
f 179/179 185/185 146/146
f 146/146 126/126 119/119
f 119/119 126/126 114/114
f 119/119 114/114 117/117
f 117/117 116/116 118/118
f 118/118 116/116 148/148
f 116/116 122/122 149/149
f 148/148 116/116 149/149
f 122/122 131/131 150/150
f 149/149 122/122 150/150
f 150/150 131/131 156/156
f 156/156 131/131 203/203
f 156/156 203/203 205/205
f 201/201 189/189 185/185
f 898/898 806/806 814/814
f 185/185 189/189 147/147
f 185/185 147/147 146/146
f 147/147 138/138 126/126
f 146/146 147/147 126/126
f 126/126 138/138 124/124
f 126/126 124/124 114/114
f 117/117 114/114 116/116
f 121/121 130/130 122/122
f 116/116 121/121 122/122
f 130/130 135/135 131/131
f 122/122 130/130 131/131
f 131/131 135/135 193/193
f 131/131 193/193 203/203
f 201/201 200/200 195/195
f 201/201 195/195 189/189
f 814/814 875/875 908/908
f 898/898 814/814 908/908
f 189/189 195/195 170/170
f 189/189 170/170 147/147
f 170/170 140/140 138/138
f 147/147 170/170 138/138
f 138/138 140/140 125/125
f 138/138 125/125 124/124
f 124/124 125/125 114/114
f 130/130 134/134 135/135
f 135/135 134/134 193/193
f 200/200 199/199 196/196
f 200/200 196/196 195/195
f 908/908 875/875 907/907
f 195/195 196/196 170/170
f 114/114 125/125 115/115
f 114/114 115/115 116/116
f 116/116 115/115 121/121
f 121/121 129/129 130/130
f 130/130 129/129 134/134
f 134/134 190/190 193/193
f 199/199 198/198 194/194
f 199/199 194/194 196/196
f 875/875 880/880 906/906
f 907/907 875/875 906/906
f 194/194 169/169 170/170
f 196/196 194/194 170/170
f 169/169 141/141 140/140
f 170/170 169/169 140/140
f 140/140 141/141 132/132
f 140/140 132/132 125/125
f 125/125 132/132 115/115
f 115/115 123/123 121/121
f 121/121 123/123 129/129
f 129/129 137/137 134/134
f 134/134 137/137 190/190
f 198/198 197/197 194/194
f 194/194 191/191 169/169
f 169/169 163/163 141/141
f 141/141 139/139 132/132
f 129/129 136/136 137/137
f 137/137 136/136 190/190
f 132/132 127/127 115/115
f 115/115 127/127 123/123
f 123/123 128/128 129/129
f 2483/2483 2970/2970 2544/2544
f 2472/2472 2483/2483 2544/2544
f 2472/2472 2416/2416 2369/2369
f 2472/2472 2369/2369 2483/2483
f 2970/2970 3236/3236 2726/2726
f 2544/2544 2970/2970 2726/2726
f 2463/2463 2858/2858 2345/2345
f 2350/2350 2463/2463 2345/2345
f 5563/5563 5777/5777 5565/5565
f 5564/5564 5563/5563 5565/5565
f 2896/2896 2995/2995 2857/2857
f 2687/2687 2896/2896 2857/2857
f 5582/5582 5579/5579 5760/5760
f 5777/5777 5582/5582 5760/5760
f 2877/2877 3046/3046 2878/2878
f 2796/2796 2877/2877 2878/2878
f 5582/5582 5583/5583 5581/5581
f 5582/5582 5581/5581 5579/5579
f 5579/5579 5581/5581 5580/5580
f 6164/6164 6165/6165 6166/6166
f 5581/5581 5669/5669 5580/5580
f 2928/2928 3206/3206 2927/2927
f 2837/2837 2928/2928 2927/2927
f 5583/5583 5585/5585 5584/5584
f 5583/5583 5584/5584 5581/5581
f 2980/2980 3216/3216 2979/2979
f 2868/2868 2980/2980 2979/2979
f 5585/5585 5665/5665 5586/5586
f 5585/5585 5586/5586 5584/5584
f 3961/3961 3859/3859 3962/3962
f 3999/3999 3962/3962 3959/3959
f 3999/3999 3959/3959 4483/4483
f 3859/3859 3899/3899 3959/3959
f 3962/3962 3859/3859 3959/3959
f 3119/3119 3185/3185 3102/3102
f 3030/3030 3119/3119 3102/3102
f 3419/3419 3377/3377 3373/3373
f 3419/3419 3373/3373 3858/3858
f 3137/3137 3215/3215 3136/3136
f 3094/3094 3137/3137 3136/3136
f 3390/3390 3389/3389 3385/3385
f 3400/3400 3390/3390 3385/3385
f 3385/3385 3389/3389 3384/3384
f 3385/3385 3384/3384 3383/3383
f 3383/3383 3384/3384 3381/3381
f 3383/3383 3381/3381 3382/3382
f 3631/3631 3382/3382 3380/3380
f 3631/3631 3380/3380 3419/3419
f 3382/3382 3381/3381 3380/3380
f 1570/1570 1491/1491 1492/1492
f 1570/1570 1492/1492 1653/1653
f 1653/1653 1492/1492 1517/1517
f 3735/3735 3919/3919 3704/3704
f 3704/3704 3919/3919 3844/3844
f 3704/3704 3844/3844 3613/3613
f 3613/3613 3844/3844 3841/3841
f 3613/3613 3841/3841 3574/3574
f 3574/3574 3841/3841 3755/3755
f 3574/3574 3755/3755 3413/3413
f 3413/3413 3755/3755 3673/3673
f 3413/3413 3673/3673 3410/3410
f 3410/3410 3673/3673 3606/3606
f 3410/3410 3606/3606 3394/3394
f 3394/3394 3606/3606 3411/3411
f 3394/3394 3411/3411 3393/3393
f 1530/1530 1423/1423 1424/1424
f 1530/1530 1424/1424 1636/1636
f 1636/1636 1424/1424 1437/1437
f 3872/3872 3935/3935 3835/3835
f 3835/3835 3935/3935 3922/3922
f 3835/3835 3922/3922 3743/3743
f 3743/3743 3922/3922 3888/3888
f 3743/3743 3888/3888 3744/3744
f 3744/3744 3888/3888 3857/3857
f 3744/3744 3857/3857 3742/3742
f 3124/3124 3123/3123 3103/3103
f 3045/3045 3124/3124 3103/3103
f 1407/1407 1391/1391 1408/1408
f 1407/1407 1408/1408 1447/1447
f 1447/1447 1408/1408 1409/1409
f 1447/1447 1409/1409 1516/1516
f 1516/1516 1409/1409 1436/1436
f 1516/1516 1436/1436 1637/1637
f 1637/1637 1436/1436 1450/1450
f 3917/3917 3953/3953 3869/3869
f 3869/3869 3953/3953 3918/3918
f 3869/3869 3918/3918 3813/3813
f 1427/1427 1362/1362 1363/1363
f 1427/1427 1363/1363 1477/1477
f 1477/1477 1363/1363 1379/1379
f 1477/1477 1379/1379 1523/1523
f 1523/1523 1379/1379 1395/1395
f 1523/1523 1395/1395 1615/1615
f 1615/1615 1395/1395 1407/1407
f 1615/1615 1407/1407 1673/1673
f 1717/1717 1629/1629 1811/1811
f 3180/3180 3183/3183 3181/3181
f 1420/1420 1365/1365 1366/1366
f 1420/1420 1366/1366 1421/1421
f 1421/1421 1366/1366 1385/1385
f 1421/1421 1385/1385 1475/1475
f 1475/1475 1385/1385 1399/1399
f 1475/1475 1399/1399 1509/1509
f 1509/1509 1399/1399 1426/1426
f 1509/1509 1426/1426 1585/1585
f 1585/1585 1426/1426 1427/1427
f 1585/1585 1427/1427 1606/1606
f 1726/1726 1501/1501 1820/1820
f 1877/1877 1726/1726 1820/1820
f 1453/1453 1377/1377 1378/1378
f 1453/1453 1378/1378 1393/1393
f 1453/1453 1393/1393 1519/1519
f 1519/1519 1393/1393 1420/1420
f 1519/1519 1420/1420 1528/1528
f 3162/3162 3168/3168 3163/3163
f 1405/1405 1360/1360 1394/1394
f 1405/1405 1394/1394 1458/1458
f 1458/1458 1394/1394 1428/1428
f 1458/1458 1428/1428 1506/1506
f 1506/1506 1428/1428 1452/1452
f 1506/1506 1452/1452 1535/1535
f 1686/1686 1289/1289 1796/1796
f 1442/1442 1308/1308 1331/1331
f 1442/1442 1331/1331 1334/1334
f 1442/1442 1334/1334 1489/1489
f 1489/1489 1334/1334 1376/1376
f 1489/1489 1376/1376 1558/1558
f 1558/1558 1376/1376 1559/1559
f 1657/1657 1354/1354 1805/1805
f 1860/1860 1657/1657 1805/1805
f 1406/1406 1325/1325 1361/1361
f 1406/1406 1361/1361 1459/1459
f 1459/1459 1361/1361 1386/1386
f 1459/1459 1386/1386 1512/1512
f 1512/1512 1386/1386 1417/1417
f 1512/1512 1417/1417 1547/1547
f 1392/1392 1294/1294 1327/1327
f 1392/1392 1327/1327 1367/1367
f 1392/1392 1367/1367 1465/1465
f 1465/1465 1367/1367 1388/1388
f 1465/1465 1388/1388 1511/1511
f 1604/1604 1113/1113 1754/1754
f 1370/1370 1228/1228 1306/1306
f 1370/1370 1306/1306 1416/1416
f 1416/1416 1306/1306 1333/1333
f 1416/1416 1333/1333 1454/1454
f 1454/1454 1333/1333 1371/1371
f 1454/1454 1371/1371 1514/1514
f 1514/1514 1371/1371 1515/1515
f 1125/1125 1124/1124 1646/1646
f 1864/1864 1125/1125 1646/1646
f 1398/1398 1232/1232 1274/1274
f 1398/1398 1274/1274 1473/1473
f 1473/1473 1274/1274 1292/1292
f 1473/1473 1292/1292 1320/1320
f 1473/1473 1320/1320 1537/1537
f 1359/1359 1118/1118 1216/1216
f 1359/1359 1216/1216 1468/1468
f 1216/1216 1236/1236 1469/1469
f 1468/1468 1216/1216 1469/1469
f 1498/1498 1264/1264 1279/1279
f 1498/1498 1279/1279 1592/1592
f 1592/1592 1279/1279 1283/1283
f 1300/1300 1196/1196 1610/1610
f 1827/1827 1300/1300 1610/1610
f 1276/1276 1188/1188 1214/1214
f 1276/1276 1214/1214 1326/1326
f 1326/1326 1214/1214 1215/1215
f 1326/1326 1215/1215 1389/1389
f 1389/1389 1215/1215 1250/1250
f 1389/1389 1250/1250 1441/1441
f 4492/4492 4489/4489 4488/4488
f 4493/4493 4492/4492 4488/4488
f 1254/1254 1191/1191 1209/1209
f 1254/1254 1209/1209 1316/1316
f 1316/1316 1209/1209 1210/1210
f 1316/1316 1210/1210 1382/1382
f 1382/1382 1210/1210 1227/1227
f 1382/1382 1227/1227 1425/1425
f 4488/4488 4489/4489 4490/4490
f 4488/4488 4490/4490 4491/4491
f 1497/1497 1284/1284 1267/1267
f 1497/1497 1267/1267 1793/1793
f 1149/1149 1147/1147 1145/1145
f 1145/1145 1143/1143 1190/1190
f 1149/1149 1145/1145 1190/1190
f 1190/1190 1143/1143 1142/1142
f 1190/1190 1142/1142 1251/1251
f 1251/1251 1142/1142 1185/1185
f 1251/1251 1185/1185 1319/1319
f 1319/1319 1185/1185 1330/1330
f 1330/1330 1185/1185 1211/1211
f 1330/1330 1211/1211 1401/1401
f 1401/1401 1211/1211 1402/1402
f 1167/1167 1154/1154 1152/1152
f 1167/1167 1152/1152 1189/1189
f 1189/1189 1152/1152 1151/1151
f 1189/1189 1151/1151 1219/1219
f 1219/1219 1151/1151 1149/1149
f 1219/1219 1149/1149 1277/1277
f 943/943 929/929 891/891
f 943/943 891/891 939/939
f 1187/1187 1164/1164 1163/1163
f 1187/1187 1163/1163 1166/1166
f 1187/1187 1166/1166 1223/1223
f 1223/1223 1166/1166 1167/1167
f 1223/1223 1167/1167 1270/1270
f 1270/1270 1167/1167 1271/1271
f 891/891 889/889 921/921
f 939/939 891/891 921/921
f 1175/1175 1173/1173 1193/1193
f 1173/1173 1186/1186 1212/1212
f 1193/1193 1173/1173 1212/1212
f 1212/1212 1186/1186 1233/1233
f 1233/1233 1186/1186 1234/1234
f 958/958 951/951 950/950
f 889/889 874/874 890/890
f 921/921 889/889 890/890
f 1213/1213 1180/1180 1179/1179
f 1213/1213 1179/1179 1231/1231
f 959/959 955/955 951/951
f 958/958 959/959 951/951
f 890/890 874/874 819/819
f 890/890 819/819 888/888
f 951/951 955/955 953/953
f 1252/1252 1208/1208 1195/1195
f 1252/1252 1195/1195 1297/1297
f 1297/1297 1195/1195 1296/1296
f 888/888 878/878 944/944
f 959/959 960/960 955/955
f 819/819 818/818 878/878
f 888/888 819/819 878/878
f 1260/1260 1207/1207 1299/1299
f 1207/1207 1235/1235 1299/1299
f 1299/1299 1235/1235 1335/1335
f 1335/1335 1235/1235 1252/1252
f 1335/1335 1252/1252 1373/1373
f 878/878 876/876 931/931
f 878/878 931/931 944/944
f 878/878 818/818 876/876
f 876/876 818/818 865/865
f 876/876 865/865 885/885
f 885/885 865/865 866/866
f 885/885 866/866 887/887
f 887/887 866/866 886/886
f 468/468 460/460 481/481
f 510/510 468/468 481/481
f 866/866 867/867 869/869
f 886/886 866/866 869/869
f 477/477 455/455 459/459
f 477/477 459/459 473/473
f 867/867 860/860 868/868
f 869/869 867/867 868/868
f 493/493 453/453 467/467
f 493/493 467/467 503/503
f 860/860 802/802 871/871
f 868/868 860/860 871/871
f 505/505 466/466 485/485
f 505/505 485/485 524/524
f 871/871 802/802 870/870
f 870/870 802/802 804/804
f 870/870 804/804 863/863
f 863/863 804/804 806/806
f 806/806 813/813 814/814
f 814/814 813/813 812/812
f 814/814 812/812 875/875
f 875/875 812/812 810/810
f 2416/2416 2367/2367 2366/2366
f 2416/2416 2366/2366 2369/2369
f 5566/5566 5565/5565 5567/5567
f 2726/2726 3153/3153 2992/2992
f 5565/5565 5569/5569 5568/5568
f 5567/5567 5565/5565 5568/5568
f 2502/2502 2949/2949 2769/2769
f 2462/2462 2502/2502 2769/2769
f 5577/5577 5574/5574 5569/5569
f 5565/5565 5577/5577 5569/5569
f 5574/5574 5575/5575 5573/5573
f 5569/5569 5574/5574 5573/5573
f 2897/2897 2984/2984 3019/3019
f 6166/6166 6167/6167 6168/6168
f 5575/5575 5580/5580 5668/5668
f 3096/3096 3189/3189 3095/3095
f 2995/2995 3096/3096 3095/3095
f 6166/6166 6165/6165 6167/6167
f 5593/5593 5596/5596 5595/5595
f 5594/5594 5593/5593 5595/5595
f 1624/1624 1314/1314 1625/1625
f 3135/3135 3187/3187 3188/3188
f 5669/5669 5587/5587 5590/5590
f 5669/5669 5590/5590 5594/5594
f 1352/1352 1102/1102 1609/1609
f 1808/1808 1352/1352 1609/1609
f 5587/5587 5588/5588 5589/5589
f 5587/5587 5589/5589 5590/5590
f 3913/3913 3957/3957 3998/3998
f 3980/3980 3913/3913 3998/3998
f 3370/3370 3808/3808 3899/3899
f 3859/3859 3370/3370 3899/3899
f 1092/1092 1078/1078 1073/1073
f 1078/1078 1079/1079 1077/1077
f 1073/1073 1078/1078 1077/1077
f 1079/1079 1080/1080 1077/1077
f 3378/3378 3376/3376 3377/3377
f 3379/3379 3378/3378 3377/3377
f 3377/3377 3376/3376 3374/3374
f 3377/3377 3374/3374 3373/3373
f 3859/3859 3373/3373 3372/3372
f 3373/3373 3374/3374 3371/3371
f 3373/3373 3371/3371 3372/3372
f 1077/1077 1080/1080 1081/1081
f 1077/1077 1081/1081 1098/1098
f 1081/1081 1083/1083 1295/1295
f 1098/1098 1081/1081 1295/1295
f 1295/1295 1083/1083 1111/1111
f 1295/1295 1111/1111 1396/1396
f 1396/1396 1111/1111 1253/1253
f 1396/1396 1253/1253 1434/1434
f 1253/1253 1287/1287 1434/1434
f 1434/1434 1287/1287 1328/1328
f 1434/1434 1328/1328 1472/1472
f 1472/1472 1328/1328 1329/1329
f 1472/1472 1329/1329 1499/1499
f 1499/1499 1329/1329 1374/1374
f 1499/1499 1374/1374 1554/1554
f 1374/1374 1443/1443 1554/1554
f 1443/1443 1525/1525 1654/1654
f 1554/1554 1443/1443 1654/1654
f 1654/1654 1525/1525 1655/1655
f 3746/3746 3745/3745 3390/3390
f 3390/3390 3745/3745 3591/3591
f 3390/3390 3591/3591 3389/3389
f 3389/3389 3591/3591 3409/3409
f 3389/3389 3409/3409 3384/3384
f 3384/3384 3409/3409 3388/3388
f 3384/3384 3388/3388 3381/3381
f 899/899 877/877 929/929
f 877/877 825/825 891/891
f 929/929 877/877 891/891
f 891/891 825/825 822/822
f 891/891 822/822 889/889
f 822/822 820/820 874/874
f 889/889 822/822 874/874
f 820/820 817/817 819/819
f 874/874 820/820 819/819
f 819/819 817/817 818/818
f 818/818 817/817 774/774
f 818/818 774/774 865/865
f 865/865 774/774 866/866
f 866/866 774/774 776/776
f 866/866 776/776 867/867
f 776/776 816/816 860/860
f 867/867 776/776 860/860
f 860/860 816/816 802/802
f 802/802 816/816 803/803
f 802/802 803/803 804/804
f 804/804 803/803 805/805
f 804/804 805/805 806/806
f 805/805 807/807 813/813
f 806/806 805/805 813/813
f 813/813 807/807 808/808
f 813/813 808/808 812/812
f 812/812 808/808 810/810
f 2365/2365 2357/2357 2366/2366
f 2365/2365 2366/2366 2367/2367
f 2364/2364 2360/2360 2357/2357
f 2365/2365 2364/2364 2357/2357
f 5569/5569 5572/5572 5571/5571
f 5570/5570 5569/5569 5571/5571
f 2530/2530 3109/3109 2814/2814
f 2501/2501 2530/2530 2814/2814
f 6195/6195 6197/6197 6198/6198
f 5572/5572 5575/5575 5675/5675
f 3100/3100 3151/3151 3099/3099
f 2949/2949 3100/3100 3099/3099
f 1738/1738 1635/1635 1626/1626
f 3020/3020 3099/3099 3238/3238
f 5597/5597 5596/5596 5598/5598
f 5663/5663 5836/5836 5598/5598
f 5596/5596 5663/5663 5598/5598
f 1635/1635 1344/1344 1356/1356
f 1626/1626 1635/1635 1356/1356
f 5593/5593 5591/5591 5834/5834
f 5593/5593 5834/5834 5596/5596
f 1312/1312 1339/1339 1255/1255
f 5591/5591 5592/5592 5664/5664
f 5591/5591 5664/5664 5834/5834
f 3891/3891 3948/3948 3973/3973
f 3957/3957 3891/3891 3973/3973
f 1255/1255 1339/1339 1340/1340
f 1255/1255 1340/1340 1256/1256
f 1340/1340 1343/1343 1341/1341
f 1256/1256 1340/1340 1341/1341
f 3370/3370 3369/3369 3367/3367
f 3370/3370 3367/3367 3808/3808
f 3913/3913 3808/3808 3807/3807
f 3913/3913 3807/3807 3957/3957
f 3367/3367 3366/3366 3807/3807
f 3808/3808 3367/3367 3807/3807
f 1341/1341 1343/1343 1411/1411
f 1411/1411 1493/1493 1412/1412
f 1341/1341 1411/1411 1412/1412
f 433/433 432/432 430/430
f 433/433 430/430 431/431
f 431/431 430/430 415/415
f 3376/3376 3375/3375 3374/3374
f 415/415 407/407 425/425
f 3374/3374 3375/3375 3371/3371
f 1412/1412 1493/1493 1496/1496
f 1412/1412 1496/1496 1525/1525
f 1496/1496 1555/1555 1655/1655
f 1525/1525 1496/1496 1655/1655
f 3826/3826 3722/3722 3591/3591
f 3745/3745 3826/3826 3591/3591
f 3591/3591 3722/3722 3592/3592
f 3591/3591 3592/3592 3409/3409
f 3409/3409 3592/3592 3408/3408
f 3409/3409 3408/3408 3388/3388
f 938/938 904/904 839/839
f 938/938 839/839 937/937
f 839/839 838/838 899/899
f 937/937 839/839 899/899
f 838/838 837/837 877/877
f 899/899 838/838 877/877
f 877/877 837/837 825/825
f 825/825 837/837 823/823
f 825/825 823/823 822/822
f 822/822 823/823 821/821
f 822/822 821/821 820/820
f 820/820 821/821 817/817
f 774/774 775/775 776/776
f 776/776 775/775 778/778
f 776/776 778/778 816/816
f 816/816 778/778 815/815
f 816/816 815/815 803/803
f 805/805 801/801 807/807
f 801/801 800/800 808/808
f 807/807 801/801 808/808
f 2388/2388 2684/2684 2360/2360
f 2364/2364 2388/2388 2360/2360
f 6199/6199 6201/6201 6202/6202
f 3059/3059 3246/3246 3083/3083
f 2683/2683 3212/3212 2989/2989
f 2531/2531 2683/2683 2989/2989
f 5601/5601 5600/5600 5603/5603
f 5604/5604 5601/5601 5603/5603
f 6177/6177 6180/6180 6181/6181
f 5600/5600 5599/5599 5789/5789
f 1798/1798 1680/1680 1676/1676
f 6177/6177 6178/6178 6179/6179
f 6177/6177 6179/6179 6180/6180
f 5640/5640 5639/5639 5641/5641
f 5836/5836 5640/5640 5641/5641
f 1676/1676 1680/1680 1634/1634
f 1676/1676 1634/1634 1671/1671
f 5663/5663 5648/5648 5646/5646
f 5663/5663 5646/5646 5836/5836
f 1671/1671 1634/1634 1550/1550
f 5648/5648 5649/5649 5647/5647
f 5648/5648 5647/5647 5646/5646
f 3887/3887 3939/3939 3940/3940
f 3948/3948 3887/3887 3940/3940
f 1550/1550 1551/1551 1549/1549
f 413/413 396/396 412/412
f 3369/3369 3368/3368 3367/3367
f 3367/3367 3368/3368 3364/3364
f 3367/3367 3364/3364 3366/3366
f 3891/3891 3366/3366 3365/3365
f 3891/3891 3365/3365 3948/3948
f 3364/3364 3363/3363 3365/3365
f 3366/3366 3364/3364 3365/3365
f 1549/1549 1551/1551 1582/1582
f 1549/1549 1582/1582 1548/1548
f 1582/1582 1601/1601 1581/1581
f 1548/1548 1582/1582 1581/1581
f 1581/1581 1601/1601 1643/1643
f 3950/3950 3930/3930 3681/3681
f 3681/3681 3930/3930 3703/3703
f 3681/3681 3703/3703 3414/3414
f 3414/3414 3703/3703 3751/3751
f 432/432 414/414 430/430
f 414/414 406/406 415/415
f 430/430 414/414 415/415
f 406/406 403/403 407/407
f 415/415 406/406 407/407
f 948/948 928/928 879/879
f 948/948 879/879 947/947
f 879/879 830/830 904/904
f 947/947 879/879 904/904
f 904/904 830/830 839/839
f 839/839 830/830 836/836
f 839/839 836/836 838/838
f 838/838 836/836 837/837
f 837/837 836/836 824/824
f 837/837 824/824 823/823
f 821/821 823/823 770/770
f 821/821 770/770 817/817
f 770/770 771/771 817/817
f 817/817 771/771 774/774
f 774/774 771/771 775/775
f 775/775 773/773 778/778
f 778/778 777/777 815/815
f 815/815 777/777 779/779
f 815/815 779/779 803/803
f 803/803 779/779 805/805
f 805/805 779/779 801/801
f 801/801 779/779 800/800
f 800/800 781/781 808/808
f 808/808 781/781 809/809
f 2386/2386 2375/2375 2510/2510
f 2386/2386 2510/2510 2432/2432
f 2386/2386 2378/2378 2376/2376
f 2386/2386 2376/2376 2375/2375
f 2510/2510 2762/2762 2432/2432
f 2621/2621 2826/2826 2622/2622
f 2389/2389 2621/2621 2622/2622
f 5605/5605 5606/5606 5607/5607
f 3084/3084 3217/3217 3156/3156
f 2827/2827 3245/3245 3118/3118
f 2684/2684 2827/2827 3118/3118
f 5662/5662 5660/5660 5609/5609
f 5606/5606 5662/5662 5609/5609
f 6180/6180 6184/6184 6183/6183
f 6182/6182 6180/6180 6183/6183
f 5661/5661 5633/5633 5634/5634
f 5633/5633 5631/5631 5634/5634
f 1780/1780 1659/1659 1720/1720
f 5642/5642 5639/5639 5651/5651
f 6180/6180 6185/6185 6184/6184
f 5636/5636 5632/5632 5651/5651
f 5639/5639 5636/5636 5651/5651
f 1659/1659 1650/1650 1658/1658
f 1720/1720 1659/1659 1658/1658
f 5640/5640 5643/5643 5638/5638
f 5640/5640 5638/5638 5639/5639
f 5645/5645 5637/5637 5638/5638
f 5643/5643 5645/5645 5638/5638
f 1658/1658 1650/1650 1602/1602
f 1600/1600 1644/1644 1620/1620
f 405/405 400/400 386/386
f 405/405 386/386 391/391
f 391/391 386/386 382/382
f 391/391 382/382 396/396
f 396/396 382/382 392/392
f 396/396 392/392 412/412
f 392/392 399/399 408/408
f 412/412 392/392 408/408
f 408/408 399/399 423/423
f 3364/3364 3362/3362 3363/3363
f 3887/3887 3363/3363 3361/3361
f 3887/3887 3361/3361 3939/3939
f 3363/3363 3362/3362 3361/3361
f 1620/1620 1644/1644 1645/1645
f 1620/1620 1645/1645 1643/1643
f 1643/1643 1645/1645 1682/1682
f 3930/3930 3867/3867 3703/3703
f 417/417 416/416 414/414
f 3703/3703 3867/3867 3751/3751
f 918/918 864/864 928/928
f 864/864 829/829 879/879
f 928/928 864/864 879/879
f 829/829 827/827 830/830
f 879/879 829/829 830/830
f 830/830 827/827 831/831
f 830/830 831/831 836/836
f 823/823 824/824 770/770
f 771/771 773/773 775/775
f 773/773 777/777 778/778
f 777/777 780/780 779/779
f 779/779 780/780 781/781
f 779/779 781/781 800/800
f 2378/2378 2379/2379 2377/2377
f 2378/2378 2377/2377 2376/2376
f 2791/2791 2915/2915 2770/2770
f 2431/2431 2791/2791 2770/2770
f 2915/2915 3158/3158 2782/2782
f 2770/2770 2915/2915 2782/2782
f 2620/2620 3098/3098 2826/2826
f 2621/2621 2620/2620 2826/2826
f 5608/5608 5610/5610 5658/5658
f 3158/3158 3251/3251 3146/3146
f 5610/5610 5613/5613 5798/5798
f 5658/5658 5610/5610 5798/5798
f 5798/5798 5613/5613 5615/5615
f 5798/5798 5615/5615 5657/5657
f 5615/5615 5616/5616 5617/5617
f 5657/5657 5615/5615 5617/5617
f 3098/3098 3252/3252 3172/3172
f 2826/2826 3098/3098 3172/3172
f 5610/5610 5611/5611 5612/5612
f 5610/5610 5612/5612 5613/5613
f 5613/5613 5612/5612 5614/5614
f 5613/5613 5614/5614 5615/5615
f 5614/5614 5654/5654 5616/5616
f 5615/5615 5614/5614 5616/5616
f 5654/5654 5624/5624 5619/5619
f 5616/5616 5654/5654 5619/5619
f 3245/3245 3254/3254 3239/3239
f 6188/6188 6189/6189 6190/6190
f 6188/6188 6190/6190 6191/6191
f 5627/5627 5626/5626 5624/5624
f 5654/5654 5627/5627 5624/5624
f 1769/1769 1699/1699 1667/1667
f 5632/5632 5630/5630 5631/5631
f 5633/5633 5632/5632 5631/5631
f 5630/5630 5629/5629 5627/5627
f 5631/5631 5630/5630 5627/5627
f 5627/5627 5629/5629 5628/5628
f 5627/5627 5628/5628 5626/5626
f 1667/1667 1699/1699 1672/1672
f 1667/1667 1672/1672 1666/1666
f 1672/1672 1697/1697 1665/1665
f 1666/1666 1672/1672 1665/1665
f 5636/5636 5637/5637 5635/5635
f 5636/5636 5635/5635 5632/5632
f 5637/5637 5644/5644 5635/5635
f 5635/5635 5650/5650 5630/5630
f 5632/5632 5635/5635 5630/5630
f 5635/5635 5644/5644 5653/5653
f 5635/5635 5653/5653 5650/5650
f 5630/5630 5650/5650 5818/5818
f 5630/5630 5818/5818 5629/5629
f 6192/6192 6193/6193 6194/6194
f 5650/5650 5653/5653 5818/5818
f 5629/5629 5818/5818 5652/5652
f 5629/5629 5652/5652 5628/5628
f 5809/5809 5808/5808 5652/5652
f 5818/5818 5809/5809 5652/5652
f 1697/1697 1700/1700 1665/1665
f 422/422 418/418 421/421
f 3360/3360 3357/3357 3359/3359
f 3938/3938 3359/3359 3358/3358
f 3938/3938 3358/3358 3990/3990
f 3357/3357 3354/3354 3358/3358
f 3359/3359 3357/3357 3358/3358
f 1649/1649 1665/1665 1644/1644
f 1665/1665 1707/1707 1664/1664
f 1644/1644 1665/1665 1664/1664
f 1707/1707 1748/1748 1708/1708
f 1664/1664 1707/1707 1708/1708
f 1708/1708 1748/1748 1882/1882
f 400/400 387/387 386/386
f 386/386 387/387 377/377
f 386/386 377/377 382/382
f 382/382 377/377 378/378
f 382/382 378/378 392/392
f 378/378 398/398 399/399
f 392/392 378/378 399/399
f 399/399 398/398 418/418
f 399/399 418/418 423/423
f 910/910 834/834 918/918
f 834/834 828/828 864/864
f 918/918 834/834 864/864
f 864/864 828/828 829/829
f 829/829 828/828 827/827
f 831/831 835/835 836/836
f 835/835 768/768 824/824
f 836/836 835/835 824/824
f 824/824 768/768 770/770
f 768/768 769/769 770/770
f 770/770 769/769 771/771
f 771/771 769/769 772/772
f 771/771 772/772 773/773
f 773/773 772/772 777/777
f 777/777 772/772 780/780
f 780/780 787/787 798/798
f 780/780 798/798 781/781
f 781/781 798/798 811/811
f 2379/2379 2381/2381 2387/2387
f 2379/2379 2387/2387 2377/2377
f 3042/3042 3041/3041 3040/3040
f 2781/2781 3042/3042 3040/3040
f 2631/2631 3237/3237 3097/3097
f 2487/2487 2631/2631 3097/3097
f 5618/5618 5623/5623 5656/5656
f 5620/5620 5618/5618 5656/5656
f 3237/3237 3265/3265 3249/3249
f 3097/3097 3237/3237 3249/3249
f 3252/3252 3256/3256 3255/3255
f 1755/1755 1703/1703 1698/1698
f 1698/1698 1703/1703 1702/1702
f 1698/1698 1702/1702 1697/1697
f 1702/1702 1706/1706 1701/1701
f 1697/1697 1702/1702 1701/1701
f 1701/1701 1706/1706 1705/1705
f 1701/1701 1705/1705 1704/1704
f 383/383 419/419 418/418
f 419/419 424/424 421/421
f 418/418 419/419 421/421
f 421/421 424/424 429/429
f 3357/3357 3355/3355 3354/3354
f 3354/3354 3353/3353 3828/3828
f 3354/3354 3355/3355 3350/3350
f 3354/3354 3350/3350 3353/3353
f 3353/3353 3911/3911 3928/3928
f 3828/3828 3353/3353 3928/3928
f 3353/3353 3350/3350 3351/3351
f 3353/3353 3351/3351 3911/3911
f 3928/3928 3911/3911 3912/3912
f 3928/3928 3912/3912 3982/3982
f 3351/3351 3352/3352 3912/3912
f 3911/3911 3351/3351 3912/3912
f 3982/3982 3912/3912 3915/3915
f 5809/5809 5810/5810 5808/5808
f 3352/3352 3916/3916 3915/3915
f 3912/3912 3352/3352 3915/3915
f 1704/1704 1705/1705 1775/1775
f 1704/1704 1775/1775 1748/1748
f 1775/1775 1884/1884 1882/1882
f 1748/1748 1775/1775 1882/1882
f 379/379 376/376 377/377
f 387/387 379/379 377/377
f 377/377 376/376 362/362
f 377/377 362/362 378/378
f 378/378 362/362 356/356
f 378/378 356/356 398/398
f 911/911 833/833 910/910
f 833/833 832/832 834/834
f 910/910 833/833 834/834
f 834/834 832/832 828/828
f 828/828 832/832 826/826
f 828/828 826/826 827/827
f 831/831 827/827 835/835
f 783/783 785/785 780/780
f 772/772 783/783 780/780
f 780/780 785/785 787/787
f 2467/2467 2766/2766 3039/3039
f 2467/2467 2413/2413 2436/2436
f 2467/2467 2436/2436 2766/2766
f 2385/2385 2616/2616 2387/2387
f 2381/2381 2385/2385 2387/2387
f 3040/3040 3036/3036 3035/3035
f 3039/3039 3040/3040 3035/3035
f 3035/3035 3036/3036 3037/3037
f 3035/3035 3037/3037 3038/3038
f 3038/3038 3037/3037 3061/3061
f 3038/3038 3061/3061 3057/3057
f 5622/5622 5790/5790 5791/5791
f 3057/3057 3061/3061 3075/3075
f 2617/2617 3263/3263 3203/3203
f 2500/2500 2617/2617 3203/3203
f 3263/3263 3275/3275 3264/3264
f 3203/3203 3263/3263 3264/3264
f 1890/1890 1881/1881 1792/1792
f 1887/1887 1890/1890 1792/1792
f 1792/1792 1881/1881 1802/1802
f 1792/1792 1802/1802 1746/1746
f 1746/1746 1802/1802 1801/1801
f 1746/1746 1801/1801 1706/1706
f 1801/1801 1804/1804 1799/1799
f 1706/1706 1801/1801 1799/1799
f 1799/1799 1804/1804 1803/1803
f 1799/1799 1803/1803 1800/1800
f 367/367 366/366 364/364
f 367/367 364/364 379/379
f 364/364 361/361 376/376
f 379/379 364/364 376/376
f 361/361 355/355 362/362
f 376/376 361/361 362/362
f 355/355 342/342 356/356
f 362/362 355/355 356/356
f 383/383 356/356 352/352
f 383/383 352/352 419/419
f 342/342 346/346 352/352
f 356/356 342/342 352/352
f 419/419 352/352 368/368
f 419/419 368/368 424/424
f 346/346 360/360 368/368
f 352/352 346/346 368/368
f 368/368 397/397 429/429
f 424/424 368/368 429/429
f 368/368 360/360 380/380
f 368/368 380/380 397/397
f 3355/3355 3356/3356 3350/3350
f 397/397 380/380 395/395
f 397/397 395/395 420/420
f 3350/3350 3348/3348 3351/3351
f 420/420 395/395 401/401
f 3350/3350 3349/3349 3348/3348
f 3351/3351 3348/3348 3347/3347
f 3351/3351 3347/3347 3352/3352
f 3348/3348 3349/3349 3346/3346
f 3348/3348 3346/3346 3347/3347
f 3352/3352 3347/3347 3916/3916
f 3346/3346 3345/3345 3347/3347
f 917/917 858/858 911/911
f 911/911 858/858 833/833
f 826/826 767/767 827/827
f 827/827 767/767 835/835
f 835/835 767/767 768/768
f 768/768 782/782 769/769
f 769/769 782/782 772/772
f 782/782 783/783 772/772
f 787/787 799/799 798/798
f 798/798 799/799 796/796
f 2412/2412 2399/2399 2436/2436
f 2412/2412 2436/2436 2413/2413
f 2412/2412 2407/2407 2401/2401
f 2412/2412 2401/2401 2399/2399
f 2435/2435 2883/2883 2481/2481
f 2481/2481 2985/2985 2569/2569
f 2569/2569 2985/2985 2673/2673
f 2985/2985 3087/3087 2673/2673
f 2418/2418 2944/2944 2616/2616
f 2385/2385 2418/2418 2616/2616
f 2944/2944 3248/3248 3194/3194
f 2616/2616 2944/2944 3194/3194
f 3263/3263 3274/3274 3275/3275
f 1900/1900 1888/1888 1879/1879
f 1899/1899 1900/1900 1879/1879
f 1879/1879 1888/1888 1883/1883
f 1879/1879 1883/1883 1850/1850
f 1850/1850 1883/1883 1880/1880
f 1850/1850 1880/1880 1804/1804
f 1880/1880 1892/1892 1894/1894
f 1880/1880 1894/1894 1885/1885
f 349/349 348/348 347/347
f 353/353 349/349 347/347
f 347/347 348/348 339/339
f 347/347 339/339 341/341
f 341/341 339/339 340/340
f 341/341 340/340 342/342
f 340/340 345/345 346/346
f 342/342 340/340 346/346
f 345/345 359/359 360/360
f 346/346 345/345 360/360
f 359/359 381/381 380/380
f 360/360 359/359 380/380
f 380/380 381/381 388/388
f 380/380 388/388 395/395
f 395/395 388/388 393/393
f 395/395 393/393 401/401
f 393/393 404/404 409/409
f 401/401 393/393 409/409
f 3341/3341 3337/3337 3345/3345
f 3346/3346 3341/3341 3345/3345
f 924/924 858/858 917/917
f 858/858 730/730 833/833
f 833/833 730/730 731/731
f 833/833 731/731 832/832
f 731/731 732/732 826/826
f 832/832 731/731 826/826
f 732/732 734/734 767/767
f 826/826 732/732 767/767
f 767/767 734/734 765/765
f 767/767 765/765 768/768
f 765/765 766/766 782/782
f 768/768 765/765 782/782
f 782/782 766/766 783/783
f 783/783 784/784 785/785
f 785/785 786/786 787/787
f 787/787 786/786 799/799
f 2408/2408 2409/2409 2405/2405
f 2408/2408 2405/2405 2406/2406
f 2403/2403 3143/3143 2775/2775
f 2398/2398 2403/2403 2775/2775
f 2775/2775 3143/3143 3244/3244
f 3267/3267 3282/3282 3273/3273
f 3248/3248 3267/3267 3273/3273
f 4498/4498 4499/4499 4500/4500
f 3274/3274 3294/3294 3295/3295
f 327/327 322/322 326/326
f 326/326 322/322 325/325
f 1889/1889 1898/1898 1891/1891
f 1891/1891 1898/1898 1893/1893
f 1891/1891 1893/1893 1892/1892
f 1892/1892 1893/1893 1895/1895
f 1892/1892 1895/1895 1894/1894
f 351/351 343/343 348/348
f 349/349 351/351 348/348
f 343/343 335/335 339/339
f 348/348 343/343 339/339
f 339/339 335/335 338/338
f 339/339 338/338 340/340
f 338/338 350/350 345/345
f 340/340 338/338 345/345
f 350/350 357/357 359/359
f 345/345 350/350 359/359
f 359/359 357/357 371/371
f 359/359 371/371 381/381
f 381/381 371/371 385/385
f 381/381 385/385 388/388
f 385/385 394/394 393/393
f 388/388 385/385 393/393
f 394/394 411/411 404/404
f 393/393 394/394 404/404
f 3333/3333 3332/3332 3337/3337
f 3341/3341 3333/3333 3337/3337
f 936/936 859/859 924/924
f 859/859 852/852 858/858
f 924/924 859/859 858/858
f 852/852 853/853 730/730
f 858/858 852/852 730/730
f 730/730 853/853 728/728
f 730/730 728/728 731/731
f 766/766 784/784 783/783
f 784/784 786/786 785/785
f 786/786 789/789 799/799
f 799/799 789/789 797/797
f 2410/2410 2415/2415 2405/2405
f 2409/2409 2410/2410 2405/2405
f 2411/2411 2758/2758 2643/2643
f 2402/2402 2411/2411 2643/2643
f 3143/3143 3243/3243 3244/3244
f 3266/3266 3283/3283 3282/3282
f 3267/3267 3266/3266 3282/3282
f 3282/3282 3283/3283 3296/3296
f 3282/3282 3296/3296 3297/3297
f 322/322 321/321 320/320
f 322/322 320/320 325/325
f 320/320 317/317 329/329
f 325/325 320/320 329/329
f 329/329 317/317 315/315
f 329/329 315/315 344/344
f 315/315 312/312 316/316
f 344/344 315/315 316/316
f 316/316 312/312 334/334
f 316/316 334/334 335/335
f 334/334 337/337 336/336
f 335/335 334/334 336/336
f 336/336 337/337 373/373
f 336/336 373/373 354/354
f 354/354 373/373 358/358
f 354/354 358/358 357/357
f 357/357 358/358 372/372
f 357/357 372/372 371/371
f 372/372 390/390 385/385
f 371/371 372/372 385/385
f 390/390 410/410 394/394
f 385/385 390/390 394/394
f 410/410 428/428 411/411
f 394/394 410/410 411/411
f 3333/3333 3326/3326 3323/3323
f 3333/3333 3323/3323 3332/3332
f 881/881 851/851 859/859
f 936/936 881/881 859/859
f 859/859 851/851 852/852
f 731/731 728/728 732/732
f 732/732 733/733 734/734
f 2710/2710 3108/3108 2507/2507
f 2506/2506 2710/2710 2507/2507
f 2596/2596 2739/2739 2738/2738
f 2415/2415 2596/2596 2738/2738
f 2755/2755 3060/3060 3147/3147
f 2758/2758 2755/2755 3147/3147
f 3241/3241 3260/3260 3262/3262
f 3243/3243 3241/3241 3262/3262
f 4495/4495 4494/4494 4497/4497
f 3283/3283 3286/3286 3296/3296
f 321/321 313/313 320/320
f 313/313 309/309 317/317
f 320/320 313/313 317/317
f 317/317 309/309 311/311
f 317/317 311/311 315/315
f 311/311 307/307 312/312
f 315/315 311/311 312/312
f 307/307 323/323 328/328
f 312/312 307/307 328/328
f 328/328 323/323 374/374
f 328/328 374/374 337/337
f 374/374 375/375 373/373
f 337/337 374/374 373/373
f 375/375 427/427 384/384
f 373/373 375/375 384/384
f 3325/3325 3316/3316 3324/3324
f 384/384 427/427 402/402
f 3316/3316 3314/3314 3319/3319
f 3324/3324 3316/3316 3319/3319
f 3314/3314 3313/3313 3318/3318
f 3319/3319 3314/3314 3318/3318
f 3318/3318 3313/3313 3312/3312
f 3318/3318 3312/3312 3322/3322
f 916/916 854/854 881/881
f 854/854 849/849 851/851
f 881/881 854/854 851/851
f 851/851 849/849 729/729
f 851/851 729/729 852/852
f 852/852 729/729 853/853
f 853/853 729/729 728/728
f 728/728 727/727 732/732
f 727/727 725/725 732/732
f 732/732 725/725 733/733
f 733/733 735/735 734/734
f 734/734 735/735 765/765
f 765/765 735/735 764/764
f 765/765 764/764 766/766
f 764/764 763/763 784/784
f 766/766 764/764 784/784
f 784/784 763/763 786/786
f 2706/2706 2742/2742 2739/2739
f 2596/2596 2706/2706 2739/2739
f 2753/2753 3197/3197 3060/3060
f 2755/2755 2753/2753 3060/3060
f 3242/3242 3261/3261 3260/3260
f 3241/3241 3242/3242 3260/3260
f 3261/3261 3299/3299 3298/3298
f 3260/3260 3261/3261 3298/3298
f 308/308 305/305 304/304
f 308/308 304/304 309/309
f 304/304 302/302 306/306
f 309/309 304/304 306/306
f 3301/3301 3311/3311 3304/3304
f 3301/3301 3304/3304 3302/3302
f 306/306 302/302 303/303
f 306/306 303/303 307/307
f 303/303 324/324 323/323
f 307/307 303/303 323/323
f 323/323 324/324 332/332
f 323/323 332/332 333/333
f 332/332 370/370 389/389
f 333/333 332/332 389/389
f 3321/3321 3320/3320 3315/3315
f 3317/3317 3321/3321 3315/3315
f 3315/3315 3320/3320 3310/3310
f 3315/3315 3310/3310 3305/3305
f 872/872 849/849 854/854
f 916/916 872/872 854/854
f 728/728 729/729 727/727
f 725/725 724/724 733/733
f 724/724 736/736 735/735
f 733/733 724/724 735/735
f 735/735 736/736 737/737
f 735/735 737/737 764/764
f 737/737 739/739 764/764
f 739/739 762/762 764/764
f 764/764 762/762 763/763
f 763/763 762/762 761/761
f 763/763 761/761 786/786
f 761/761 788/788 786/786
f 786/786 788/788 789/789
f 789/789 788/788 758/758
f 789/789 758/758 790/790
f 2744/2744 2756/2756 2754/2754
f 2743/2743 2744/2744 2754/2754
f 3198/3198 3253/3253 3247/3247
f 3197/3197 3198/3198 3247/3247
f 319/319 318/318 301/301
f 319/319 301/301 305/305
f 305/305 301/301 304/304
f 301/301 297/297 302/302
f 304/304 301/301 302/302
f 238/238 237/237 233/233
f 3311/3311 3330/3330 3304/3304
f 302/302 297/297 299/299
f 302/302 299/299 303/303
f 299/299 314/314 324/324
f 303/303 299/299 324/324
f 324/324 314/314 331/331
f 324/324 331/331 332/332
f 331/331 369/369 370/370
f 332/332 331/331 370/370
f 3321/3321 3339/3339 3338/3338
f 3321/3321 3338/3338 3320/3320
f 3320/3320 3338/3338 3334/3334
f 3320/3320 3334/3334 3310/3310
f 912/912 848/848 872/872
f 872/872 848/848 849/849
f 849/849 850/850 729/729
f 850/850 726/726 729/729
f 726/726 725/725 727/727
f 729/729 726/726 727/727
f 761/761 762/762 759/759
f 761/761 759/759 788/788
f 2746/2746 2757/2757 2756/2756
f 2744/2744 2746/2746 2756/2756
f 3167/3167 3271/3271 3253/3253
f 3198/3198 3167/3167 3253/3253
f 318/318 296/296 301/301
f 296/296 293/293 294/294
f 296/296 294/294 297/297
f 294/294 295/295 298/298
f 297/297 294/294 298/298
f 237/237 236/236 233/233
f 298/298 295/295 310/310
f 298/298 310/310 314/314
f 310/310 330/330 331/331
f 314/314 310/310 331/331
f 331/331 330/330 365/365
f 331/331 365/365 369/369
f 3340/3340 3342/3342 3338/3338
f 3339/3339 3340/3340 3338/3338
f 3342/3342 3343/3343 3334/3334
f 3338/3338 3342/3342 3334/3334
f 946/946 873/873 912/912
f 873/873 847/847 848/848
f 912/912 873/873 848/848
f 848/848 847/847 846/846
f 848/848 846/846 849/849
f 849/849 846/846 850/850
f 846/846 726/726 850/850
f 726/726 700/700 725/725
f 725/725 700/700 724/724
f 700/700 722/722 724/724
f 724/724 722/722 736/736
f 722/722 723/723 736/736
f 736/736 723/723 737/737
f 723/723 738/738 737/737
f 737/737 738/738 739/739
f 739/739 738/738 740/740
f 739/739 740/740 762/762
f 740/740 759/759 762/762
f 759/759 756/756 788/788
f 756/756 757/757 758/758
f 788/788 756/756 758/758
f 758/758 757/757 791/791
f 2746/2746 2745/2745 2757/2757
f 3167/3167 3117/3117 3271/3271
f 3271/3271 3280/3280 3300/3300
f 293/293 292/292 294/294
f 294/294 292/292 295/295
f 236/236 234/234 233/233
f 295/295 300/300 310/310
f 310/310 300/300 330/330
f 330/330 363/363 365/365
f 3340/3340 3344/3344 3342/3342
f 3342/3342 3344/3344 3343/3343
f 926/926 845/845 873/873
f 946/946 926/926 873/873
f 845/845 846/846 847/847
f 873/873 845/845 847/847
f 846/846 699/699 726/726
f 726/726 699/699 700/700
f 740/740 760/760 759/759
f 759/759 760/760 756/756
f 883/883 844/844 845/845
f 926/926 883/883 845/845
f 845/845 844/844 842/842
f 845/845 842/842 846/846
f 846/846 842/842 699/699
f 855/855 698/698 699/699
f 699/699 698/698 700/700
f 700/700 698/698 701/701
f 700/700 701/701 722/722
f 722/722 701/701 721/721
f 722/722 721/721 723/723
f 721/721 741/741 738/738
f 723/723 721/721 738/738
f 741/741 742/742 740/740
f 738/738 741/741 740/740
f 740/740 742/742 760/760
f 932/932 862/862 883/883
f 862/862 843/843 844/844
f 883/883 862/862 844/844
f 844/844 843/843 842/842
f 842/842 855/855 699/699
f 756/756 754/754 757/757
f 757/757 754/754 791/791
f 925/925 861/861 862/862
f 932/932 925/925 862/862
f 862/862 861/861 843/843
f 701/701 702/702 721/721
f 744/744 745/745 760/760
f 745/745 754/754 756/756
f 760/760 745/745 756/756
f 905/905 856/856 861/861
f 925/925 905/905 861/861
f 861/861 856/856 843/843
f 843/843 856/856 841/841
f 841/841 677/677 842/842
f 843/843 841/841 842/842
f 842/842 677/677 855/855
f 677/677 679/679 855/855
f 679/679 684/684 855/855
f 855/855 684/684 698/698
f 698/698 697/697 701/701
f 754/754 755/755 792/792
f 884/884 857/857 856/856
f 905/905 884/884 856/856
f 856/856 857/857 841/841
f 684/684 697/697 698/698
f 697/697 696/696 701/701
f 742/742 744/744 760/760
f 942/942 935/935 882/882
f 942/942 882/882 884/884
f 884/884 882/882 857/857
f 857/857 680/680 841/841
f 841/841 680/680 677/677
f 680/680 678/678 677/677
f 677/677 678/678 679/679
f 701/701 696/696 702/702
f 935/935 613/613 882/882
f 613/613 676/676 857/857
f 882/882 613/613 857/857
f 857/857 676/676 681/681
f 857/857 681/681 680/680
f 680/680 681/681 682/682
f 680/680 682/682 678/678
f 679/679 678/678 684/684
f 935/935 934/934 613/613
f 676/676 675/675 681/681
f 678/678 683/683 684/684
f 684/684 683/683 697/697
f 697/697 683/683 696/696
f 721/721 719/719 742/742
f 721/721 742/742 741/741
f 933/933 612/612 613/613
f 934/934 933/933 613/613
f 613/613 612/612 596/596
f 613/613 596/596 676/676
f 676/676 596/596 675/675
f 675/675 685/685 681/681
f 681/681 685/685 682/682
f 682/682 683/683 678/678
f 743/743 745/745 744/744
f 745/745 746/746 754/754
f 930/930 611/611 612/612
f 933/933 930/930 612/612
f 612/612 611/611 596/596
f 685/685 686/686 682/682
f 694/694 696/696 683/683
f 742/742 743/743 744/744
f 746/746 753/753 754/754
f 754/754 753/753 755/755
f 930/930 927/927 611/611
f 682/682 686/686 692/692
f 682/682 692/692 683/683
f 742/742 747/747 743/743
f 927/927 923/923 611/611
f 596/596 595/595 675/675
f 675/675 595/595 685/685
f 683/683 693/693 694/694
f 694/694 695/695 696/696
f 696/696 695/695 702/702
f 719/719 747/747 742/742
f 745/745 743/743 746/746
f 755/755 753/753 793/793
f 923/923 610/610 611/611
f 611/611 610/610 596/596
f 686/686 688/688 692/692
f 692/692 693/693 683/683
f 702/702 695/695 720/720
f 702/702 720/720 721/721
f 721/721 720/720 719/719
f 719/719 720/720 717/717
f 719/719 717/717 747/747
f 746/746 743/743 751/751
f 746/746 751/751 753/753
f 923/923 922/922 610/610
f 694/694 693/693 695/695
f 753/753 752/752 793/793
f 610/610 594/594 596/596
f 596/596 594/594 595/595
f 685/685 674/674 686/686
f 747/747 748/748 743/743
f 743/743 748/748 751/751
f 751/751 752/752 753/753
f 688/688 690/690 692/692
f 692/692 690/690 693/693
f 747/747 717/717 748/748
f 922/922 609/609 610/610
f 610/610 609/609 594/594
f 595/595 674/674 685/685
f 922/922 920/920 609/609
f 674/674 687/687 686/686
f 686/686 687/687 688/688
f 687/687 689/689 688/688
f 688/688 689/689 690/690
f 690/690 691/691 693/693
f 693/693 691/691 695/695
f 720/720 718/718 717/717
f 594/594 591/591 595/595
f 595/595 591/591 674/674
f 689/689 691/691 690/690
f 691/691 703/703 695/695
f 695/695 703/703 720/720
f 748/748 750/750 751/751
f 751/751 750/750 752/752
f 609/609 593/593 594/594
f 594/594 593/593 591/591
f 674/674 588/588 687/687
f 717/717 714/714 748/748
f 748/748 714/714 749/749
f 748/748 749/749 750/750
f 752/752 750/750 794/794
f 920/920 608/608 609/609
f 609/609 608/608 593/593
f 674/674 591/591 588/588
f 588/588 673/673 687/687
f 687/687 673/673 689/689
f 673/673 630/630 689/689
f 689/689 630/630 691/691
f 588/588 587/587 673/673
f 691/691 630/630 672/672
f 691/691 672/672 703/703
f 720/720 703/703 718/718
f 717/717 718/718 714/714
f 919/919 607/607 608/608
f 920/920 919/919 608/608
f 607/607 592/592 593/593
f 608/608 607/607 593/593
f 593/593 592/592 591/591
f 673/673 587/587 630/630
f 672/672 704/704 703/703
f 749/749 714/714 716/716
f 592/592 590/590 591/591
f 590/590 589/589 588/588
f 591/591 590/590 588/588
f 588/588 589/589 586/586
f 588/588 586/586 587/587
f 587/587 629/629 630/630
f 630/630 629/629 672/672
f 629/629 704/704 672/672
f 705/705 707/707 718/718
f 703/703 705/705 718/718
f 718/718 709/709 714/714
f 709/709 715/715 714/714
f 714/714 715/715 716/716
f 749/749 716/716 840/840
f 749/749 840/840 750/750
f 750/750 840/840 795/795
f 915/915 606/606 607/607
f 919/919 915/915 607/607
f 606/606 597/597 592/592
f 607/607 606/606 592/592
f 592/592 597/597 590/590
f 704/704 705/705 703/703
f 590/590 599/599 589/589
f 586/586 584/584 587/587
f 587/587 584/584 629/629
f 629/629 584/584 631/631
f 629/629 631/631 671/671
f 629/629 671/671 704/704
f 671/671 705/705 704/704
f 715/715 711/711 716/716
f 915/915 913/913 606/606
f 589/589 599/599 585/585
f 589/589 585/585 586/586
f 586/586 585/585 584/584
f 707/707 709/709 718/718
f 913/913 605/605 606/606
f 606/606 605/605 597/597
f 597/597 598/598 590/590
f 590/590 598/598 599/599
f 585/585 582/582 584/584
f 711/711 713/713 716/716
f 716/716 713/713 840/840
f 840/840 713/713 795/795
f 605/605 603/603 597/597
f 597/597 603/603 598/598
f 599/599 600/600 585/585
f 584/584 583/583 631/631
f 631/631 705/705 671/671
f 705/705 706/706 707/707
f 707/707 708/708 709/709
f 711/711 712/712 713/713
f 913/913 902/902 605/605
f 598/598 600/600 599/599
f 600/600 582/582 585/585
f 631/631 583/583 705/705
f 706/706 708/708 707/707
f 709/709 711/711 715/715
f 713/713 712/712 668/668
f 902/902 604/604 605/605
f 605/605 604/604 603/603
f 582/582 583/583 584/584
f 583/583 706/706 705/705
f 668/668 666/666 713/713
f 604/604 602/602 603/603
f 603/603 602/602 598/598
f 598/598 580/580 600/600
f 600/600 580/580 582/582
f 582/582 580/580 581/581
f 582/582 581/581 583/583
f 706/706 639/639 708/708
f 708/708 710/710 709/709
f 709/709 710/710 711/711
f 711/711 669/669 712/712
f 902/902 903/903 614/614
f 902/902 614/614 604/604
f 604/604 614/614 602/602
f 602/602 601/601 598/598
f 598/598 601/601 580/580
f 583/583 581/581 633/633
f 633/633 639/639 706/706
f 583/583 633/633 706/706
f 708/708 645/645 710/710
f 710/710 669/669 711/711
f 669/669 662/662 712/712
f 712/712 662/662 668/668
f 601/601 577/577 580/580
f 580/580 577/577 579/579
f 579/579 632/632 581/581
f 580/580 579/579 581/581
f 581/581 632/632 633/633
f 639/639 645/645 708/708
f 645/645 655/655 710/710
f 710/710 655/655 669/669
f 669/669 670/670 662/662
f 662/662 664/664 668/668
f 668/668 664/664 667/667
f 632/632 634/634 633/633
f 634/634 635/635 633/633
f 633/633 635/635 639/639
f 669/669 655/655 670/670
f 614/614 615/615 602/602
f 602/602 615/615 601/601
f 903/903 901/901 614/614
f 632/632 579/579 634/634
f 639/639 638/638 645/645
f 645/645 644/644 646/646
f 645/645 646/646 655/655
f 615/615 621/621 601/601
f 601/601 621/621 577/577
f 577/577 578/578 579/579
f 639/639 635/635 638/638
f 579/579 636/636 634/634
f 638/638 644/644 645/645
f 901/901 616/616 614/614
f 614/614 616/616 615/615
f 578/578 636/636 579/579
f 634/634 636/636 635/635
f 662/662 663/663 664/664
f 616/616 617/617 615/615
f 615/615 617/617 621/621
f 636/636 637/637 635/635
f 635/635 637/637 638/638
f 655/655 656/656 670/670
f 670/670 656/656 662/662
f 662/662 656/656 663/663
f 664/664 663/663 665/665
f 901/901 894/894 616/616
f 617/617 620/620 621/621
f 621/621 620/620 576/576
f 621/621 576/576 577/577
f 577/577 576/576 575/575
f 577/577 575/575 578/578
f 578/578 575/575 653/653
f 578/578 653/653 636/636
f 636/636 652/652 637/637
f 646/646 647/647 655/655
f 655/655 647/647 656/656
f 637/637 640/640 638/638
f 644/644 643/643 646/646
f 636/636 653/653 565/565
f 637/637 652/652 640/640
f 646/646 643/643 647/647
f 656/656 658/658 663/663
f 658/658 660/660 663/663
f 660/660 661/661 663/663
f 636/636 565/565 652/652
f 638/638 643/643 644/644
f 647/647 657/657 656/656
f 894/894 618/618 616/616
f 616/616 618/618 617/617
f 658/658 659/659 660/660
f 656/656 657/657 658/658
f 894/894 895/895 618/618
f 618/618 619/619 617/617
f 617/617 619/619 620/620
f 653/653 566/566 565/565
f 652/652 565/565 651/651
f 652/652 651/651 640/640
f 657/657 654/654 658/658
f 619/619 622/622 620/620
f 620/620 622/622 574/574
f 620/620 574/574 576/576
f 574/574 573/573 575/575
f 576/576 574/574 575/575
f 575/575 573/573 653/653
f 640/640 651/651 641/641
f 640/640 641/641 638/638
f 638/638 642/642 643/643
f 643/643 648/648 647/647
f 647/647 648/648 657/657
f 618/618 624/624 619/619
f 624/624 623/623 622/622
f 619/619 624/624 622/622
f 623/623 571/571 574/574
f 622/622 623/623 574/574
f 574/574 571/571 573/573
f 573/573 572/572 653/653
f 653/653 572/572 566/566
f 565/565 566/566 563/563
f 563/563 564/564 565/565
f 638/638 641/641 642/642
f 643/643 642/642 648/648
f 895/895 900/900 627/627
f 895/895 627/627 618/618
f 618/618 627/627 624/624
f 565/565 564/564 651/651
f 648/648 650/650 657/657
f 651/651 564/564 562/562
f 651/651 562/562 641/641
f 571/571 572/572 573/573
f 572/572 567/567 566/566
f 641/641 649/649 642/642
f 900/900 626/626 627/627
f 627/627 626/626 624/624
f 642/642 649/649 648/648
f 623/623 570/570 571/571
f 571/571 570/570 569/569
f 571/571 569/569 572/572
f 566/566 567/567 563/563
f 900/900 909/909 626/626
f 569/569 567/567 572/572
f 909/909 628/628 626/626
f 626/626 628/628 625/625
f 626/626 625/625 624/624
f 624/624 625/625 623/623
f 909/909 914/914 628/628
f 569/569 568/568 567/567
f 79/79 77/77 41/41
f 45/45 79/79 41/41
f 77/77 78/78 40/40
f 41/41 77/77 40/40
f 4581/4581 4578/4578 4594/4594
f 5747/5747 4581/4581 4594/4594
f 4594/4594 4578/4578 4577/4577
f 4620/4620 5807/5807 4607/4607
f 4609/4609 4620/4620 4607/4607
f 4577/4577 4578/4578 4576/4576
f 4607/4607 5807/5807 5819/5819
f 4579/4579 4580/4580 4582/4582
f 4579/4579 4582/4582 4583/4583
f 5513/5513 5519/5519 5799/5799
f 5513/5513 5799/5799 5511/5511
f 5511/5511 5799/5799 5527/5527
f 5511/5511 5527/5527 5508/5508
f 5698/5698 5831/5831 5696/5696
f 6039/6039 6037/6037 6038/6038
f 5696/5696 5831/5831 5538/5538
f 6038/6038 6037/6037 6036/6036
f 6037/6037 6034/6034 6036/6036
f 5508/5508 5527/5527 5462/5462
f 5409/5409 5410/5410 5427/5427
f 5411/5411 5409/5409 5427/5427
f 5462/5462 5461/5461 5463/5463
f 5412/5412 5423/5423 5408/5408
f 5463/5463 5461/5461 5464/5464
f 5356/5356 5351/5351 5355/5355
f 5351/5351 5353/5353 5355/5355
f 5353/5353 5684/5684 5377/5377
f 5355/5355 5353/5353 5377/5377
f 5377/5377 5684/5684 5731/5731
f 5957/5957 5954/5954 5956/5956
f 5731/5731 5448/5448 5386/5386
f 5386/5386 5448/5448 5389/5389
f 5386/5386 5389/5389 5387/5387
f 5387/5387 5389/5389 5390/5390
f 5387/5387 5390/5390 5449/5449
f 5408/5408 5423/5423 5424/5424
f 5367/5367 5778/5778 5366/5366
f 6011/6011 6009/6009 6008/6008
f 5366/5366 5778/5778 5369/5369
f 5343/5343 5347/5347 5787/5787
f 6008/6008 6009/6009 6010/6010
f 5787/5787 5347/5347 5348/5348
f 5787/5787 5348/5348 5351/5351
f 5449/5449 5390/5390 5392/5392
f 5971/5971 5973/5973 5974/5974
f 5114/5114 5090/5090 5122/5122
f 5119/5119 5097/5097 5704/5704
f 5974/5974 5973/5973 5975/5975
f 5704/5704 5097/5097 5687/5687
f 5687/5687 5097/5097 5686/5686
f 5686/5686 5097/5097 5339/5339
f 5686/5686 5339/5339 5778/5778
f 5391/5391 5720/5720 5430/5430
f 5088/5088 5082/5082 5086/5086
f 5082/5082 5083/5083 5084/5084
f 5086/5086 5082/5082 5084/5084
f 5084/5084 5083/5083 5085/5085
f 5083/5083 5090/5090 5085/5085
f 5447/5447 5685/5685 5444/5444
f 5447/5447 5444/5444 5441/5441
f 5764/5764 5103/5103 5111/5111
f 5111/5111 5103/5103 5101/5101
f 5101/5101 5081/5081 5106/5106
f 5106/5106 5081/5081 5127/5127
f 5979/5979 5978/5978 5977/5977
f 5761/5761 5152/5152 5154/5154
f 5008/5008 5024/5024 5060/5060
f 5030/5030 5008/5008 5060/5060
f 5060/5060 5024/5024 5779/5779
f 6028/6028 6022/6022 6027/6027
f 6022/6022 6025/6025 6026/6026
f 6027/6027 6022/6022 6026/6026
f 5155/5155 5788/5788 5145/5145
f 5045/5045 5305/5305 5039/5039
f 5041/5041 5045/5045 5039/5039
f 6047/6047 6045/6045 6044/6044
f 5039/5039 5305/5305 5038/5038
f 6044/6044 6045/6045 6046/6046
f 5051/5051 4998/4998 5029/5029
f 5135/5135 5130/5130 5117/5117
f 5135/5135 5117/5117 5136/5136
f 5319/5319 5054/5054 5238/5238
f 6089/6089 6090/6090 6091/6091
f 5054/5054 5049/5049 5048/5048
f 5238/5238 5054/5054 5048/5048
f 5048/5048 5049/5049 5047/5047
f 5070/5070 5069/5069 5066/5066
f 5070/5070 5066/5066 5073/5073
f 5198/5198 5196/5196 5209/5209
f 6002/6002 5998/5998 6003/6003
f 5209/5209 5196/5196 5303/5303
f 5132/5132 5133/5133 5018/5018
f 5132/5132 5018/5018 5015/5015
f 6048/6048 6049/6049 6050/6050
f 5206/5206 5793/5793 5205/5205
f 5194/5194 5193/5193 5210/5210
f 6050/6050 6049/6049 6051/6051
f 5193/5193 5196/5196 5197/5197
f 5210/5210 5193/5193 5197/5197
f 5061/5061 4999/4999 5000/5000
f 5174/5174 5184/5184 5176/5176
f 5175/5175 5174/5174 5176/5176
f 5176/5176 5184/5184 5179/5179
f 5184/5184 5334/5334 5725/5725
f 5179/5179 5184/5184 5725/5725
f 4990/4990 5022/5022 5317/5317
f 4924/4924 4927/4927 4926/4926
f 4927/4927 4929/4929 4928/4928
f 4926/4926 4927/4927 4928/4928
f 4929/4929 4932/4932 5173/5173
f 4928/4928 4929/4929 5173/5173
f 4979/4979 4978/4978 4976/4976
f 4979/4979 4976/4976 4981/4981
f 4804/4804 4809/4809 4806/4806
f 4809/4809 4921/4921 4808/4808
f 4806/4806 4809/4809 4808/4808
f 4808/4808 4921/4921 5329/5329
f 4813/4813 4840/4840 4800/4800
f 4797/4797 4813/4813 4800/4800
f 4840/4840 4843/4843 5320/5320
f 4800/4800 4840/4840 5320/5320
f 4955/4955 5021/5021 4954/4954
f 4955/4955 4954/4954 4953/4953
f 4790/4790 4792/4792 4793/4793
f 4792/4792 5214/5214 4794/4794
f 4793/4793 4792/4792 4794/4794
f 4794/4794 5214/5214 4813/4813
f 4779/4779 4787/4787 4781/4781
f 4787/4787 5239/5239 4785/4785
f 4781/4781 4787/4787 4785/4785
f 5986/5986 5983/5983 5987/5987
f 4769/4769 4768/4768 4770/4770
f 4861/4861 4769/4769 4770/4770
f 4768/4768 4766/4766 4771/4771
f 4770/4770 4768/4768 4771/4771
f 4766/4766 4767/4767 5306/5306
f 4771/4771 4766/4766 5306/5306
f 5306/5306 4767/4767 5772/5772
f 5306/5306 5772/5772 4787/4787
f 4826/4826 4825/4825 4824/4824
f 4825/4825 5328/5328 4823/4823
f 4824/4824 4825/4825 4823/4823
f 5825/5825 4735/4735 4906/4906
f 4735/4735 4738/4738 4739/4739
f 4906/4906 4735/4735 4739/4739
f 4739/4739 4738/4738 4907/4907
f 4738/4738 4742/4742 4907/4907
f 5894/5894 5890/5890 5889/5889
f 5330/5330 4881/4881 4875/4875
f 4734/4734 4736/4736 4735/4735
f 4721/4721 4734/4734 4735/4735
f 4899/4899 4762/4762 4760/4760
f 4899/4899 4760/4760 4864/4864
f 4671/4671 5213/5213 5745/5745
f 5745/5745 5213/5213 4716/4716
f 5745/5745 4716/4716 4718/4718
f 4718/4718 4716/4716 4717/4717
f 4718/4718 4717/4717 4719/4719
f 4717/4717 4908/4908 4720/4720
f 4719/4719 4717/4717 4720/4720
f 4660/4660 4659/4659 4661/4661
f 4659/4659 4673/4673 4662/4662
f 4661/4661 4659/4659 4662/4662
f 4662/4662 4673/4673 4670/4670
f 4670/4670 4673/4673 4708/4708
f 4720/4720 4908/4908 5708/5708
f 4655/4655 4658/4658 4657/4657
f 4654/4654 4655/4655 4657/4657
f 48/48 57/57 56/56
f 56/56 57/57 58/58
f 56/56 58/58 59/59
f 59/59 58/58 60/60
f 59/59 60/60 61/61
f 61/61 60/60 62/62
f 61/61 62/62 63/63
f 62/62 69/69 64/64
f 63/63 62/62 64/64
f 64/64 69/69 70/70
f 64/64 70/70 76/76
f 43/43 42/42 37/37
f 44/44 43/43 37/37
f 42/42 46/46 36/36
f 37/37 42/42 36/36
f 36/36 46/46 35/35
f 46/46 45/45 34/34
f 35/35 46/46 34/34
f 34/34 45/45 41/41
f 34/34 41/41 38/38
f 38/38 41/41 40/40
f 38/38 40/40 39/39
f 4625/4625 4591/4591 4626/4626
f 5773/5773 4625/4625 4626/4626
f 4591/4591 4628/4628 4627/4627
f 4626/4626 4591/4591 4627/4627
f 4627/4627 4628/4628 4629/4629
f 4627/4627 4629/4629 4630/4630
f 5867/5867 5866/5866 5865/5865
f 4595/4595 4570/4570 4558/4558
f 2795/2795 2869/2869 2844/2844
f 2844/2844 2869/2869 2959/2959
f 2844/2844 2959/2959 2972/2972
f 2674/2674 2899/2899 2675/2675
f 2899/2899 2907/2907 2676/2676
f 2675/2675 2899/2899 2676/2676
f 2907/2907 2908/2908 2795/2795
f 2676/2676 2907/2907 2795/2795
f 5522/5522 5510/5510 5525/5525
f 2972/2972 2959/2959 3235/3235
f 5525/5525 5510/5510 5509/5509
f 5525/5525 5509/5509 5521/5521
f 5699/5699 5697/5697 5700/5700
f 2763/2763 3023/3023 2764/2764
f 5697/5697 5695/5695 5729/5729
f 5700/5700 5697/5697 5729/5729
f 5521/5521 5509/5509 5507/5507
f 5507/5507 5506/5506 5524/5524
f 5451/5451 5419/5419 5420/5420
f 5833/5833 5451/5451 5420/5420
f 5419/5419 5416/5416 5418/5418
f 5420/5420 5419/5419 5418/5418
f 5416/5416 5415/5415 5417/5417
f 5418/5418 5416/5416 5417/5417
f 5415/5415 5422/5422 5421/5421
f 5417/5417 5415/5415 5421/5421
f 5422/5422 5812/5812 5680/5680
f 5421/5421 5422/5422 5680/5680
f 5524/5524 5506/5506 5817/5817
f 2954/2954 2955/2955 2584/2584
f 2586/2586 2954/2954 2584/2584
f 5373/5373 5374/5374 5375/5375
f 5376/5376 5373/5373 5375/5375
f 5374/5374 5380/5380 5683/5683
f 5375/5375 5374/5374 5683/5683
f 5380/5380 5382/5382 5683/5683
f 2558/2558 2862/2862 2556/2556
f 2862/2862 2953/2953 2557/2557
f 2556/2556 2862/2862 2557/2557
f 5360/5360 5358/5358 5359/5359
f 2557/2557 2953/2953 2952/2952
f 5358/5358 5357/5357 5359/5359
f 5681/5681 5505/5505 5472/5472
f 2889/2889 2951/2951 2640/2640
f 2639/2639 2889/2889 2640/2640
f 5370/5370 5365/5365 5368/5368
f 2640/2640 2951/2951 2861/2861
f 5469/5469 5467/5467 5468/5468
f 5469/5469 5468/5468 5470/5470
f 3008/3008 3006/3006 2516/2516
f 2515/2515 3008/3008 2516/2516
f 3006/3006 3007/3007 2653/2653
f 2516/2516 3006/3006 2653/2653
f 3007/3007 3009/3009 2653/2653
f 3009/3009 3051/3051 2654/2654
f 2653/2653 3009/3009 2654/2654
f 6108/6108 6110/6110 6111/6111
f 2654/2654 3051/3051 2841/2841
f 5690/5690 5688/5688 5691/5691
f 5692/5692 5690/5690 5691/5691
f 5470/5470 5468/5468 5504/5504
f 5470/5470 5504/5504 5474/5474
f 2566/2566 2903/2903 2559/2559
f 2903/2903 2977/2977 2559/2559
f 2559/2559 2977/2977 2560/2560
f 2977/2977 2976/2976 2576/2576
f 2560/2560 2977/2977 2576/2576
f 2976/2976 2996/2996 2514/2514
f 2576/2576 2976/2976 2514/2514
f 5543/5543 5541/5541 5539/5539
f 3876/3876 3952/3952 3804/3804
f 2612/2612 2801/2801 2565/2565
f 2801/2801 2802/2802 2543/2543
f 2565/2565 2801/2801 2543/2543
f 2802/2802 2864/2864 2794/2794
f 2543/2543 2802/2802 2794/2794
f 5398/5398 5395/5395 5429/5429
f 3965/3965 3966/3966 3818/3818
f 2809/2809 2859/2859 2637/2637
f 2657/2657 2809/2809 2637/2637
f 2859/2859 2882/2882 2638/2638
f 2637/2637 2859/2859 2638/2638
f 2882/2882 3012/3012 2800/2800
f 2638/2638 2882/2882 2800/2800
f 5433/5433 5432/5432 5434/5434
f 3970/3970 3971/3971 3776/3776
f 2597/2597 2974/2974 2636/2636
f 2974/2974 2943/2943 2636/2636
f 2943/2943 2942/2942 2664/2664
f 2636/2636 2943/2943 2664/2664
f 2942/2942 3052/3052 2808/2808
f 2664/2664 2942/2942 2808/2808
f 5036/5036 5034/5034 5035/5035
f 2808/2808 3052/3052 2810/2810
f 2553/2553 2934/2934 2551/2551
f 2934/2934 2936/2936 2551/2551
f 2936/2936 2935/2935 2552/2552
f 2551/2551 2936/2936 2552/2552
f 2935/2935 2975/2975 2597/2597
f 2552/2552 2935/2935 2597/2597
f 3905/3905 3996/3996 3904/3904
f 3905/3905 3904/3904 3728/3728
f 2523/2523 2856/2856 2522/2522
f 2856/2856 2874/2874 2524/2524
f 2522/2522 2856/2856 2524/2524
f 2874/2874 2933/2933 2553/2553
f 2524/2524 2874/2874 2553/2553
f 3847/3847 3969/3969 3848/3848
f 3847/3847 3848/3848 3725/3725
f 2921/2921 2958/2958 2607/2607
f 2608/2608 2921/2921 2607/2607
f 2958/2958 2997/2997 2606/2606
f 2607/2607 2958/2958 2606/2606
f 2997/2997 3064/3064 2855/2855
f 2606/2606 2997/2997 2855/2855
f 5076/5076 5074/5074 5075/5075
f 3853/3853 3901/3901 3727/3727
f 3018/3018 3017/3017 2635/2635
f 2634/2634 3018/3018 2635/2635
f 3017/3017 3005/3005 2635/2635
f 3005/3005 3026/3026 2642/2642
f 2635/2635 3005/3005 2642/2642
f 5177/5177 5178/5178 5180/5180
f 2642/2642 3026/3026 2871/2871
f 3850/3850 3991/3991 3877/3877
f 3850/3850 3877/3877 3714/3714
f 2966/2966 2967/2967 2548/2548
f 2547/2547 2966/2966 2548/2548
f 2967/2967 2968/2968 2548/2548
f 2968/2968 2969/2969 2634/2634
f 2548/2548 2968/2968 2634/2634
f 2969/2969 3054/3054 2634/2634
f 3840/3840 3975/3975 3860/3860
f 3840/3840 3860/3860 3738/3738
f 2845/2845 2873/2873 2541/2541
f 2542/2542 2845/2845 2541/2541
f 2873/2873 2965/2965 2547/2547
f 2541/2541 2873/2873 2547/2547
f 3836/3836 3994/3994 3837/3837
f 3836/3836 3837/3837 3794/3794
f 2833/2833 2885/2885 2589/2589
f 2590/2590 2833/2833 2589/2589
f 2885/2885 3004/3004 2720/2720
f 2589/2589 2885/2885 2720/2720
f 4798/4798 4799/4799 4814/4814
f 2720/2720 3004/3004 2836/2836
f 5757/5757 5062/5062 5009/5009
f 3823/3823 3855/3855 3741/3741
f 2839/2839 2890/2890 2660/2660
f 2662/2662 2839/2839 2660/2660
f 2890/2890 2910/2910 2661/2661
f 2660/2660 2890/2890 2661/2661
f 2910/2910 3063/3063 2780/2780
f 2661/2661 2910/2910 2780/2780
f 4791/4791 4815/4815 5741/5741
f 2780/2780 3063/3063 2799/2799
f 4985/4985 4970/4970 5020/5020
f 3816/3816 3871/3871 3768/3768
f 2824/2824 2825/2825 2555/2555
f 2561/2561 2824/2824 2555/2555
f 2825/2825 2875/2875 2655/2655
f 2555/2555 2825/2825 2655/2655
f 2875/2875 3056/3056 2806/2806
f 2655/2655 2875/2875 2806/2806
f 4777/4777 4778/4778 4782/4782
f 2806/2806 3056/3056 2839/2839
f 3833/3833 3981/3981 3834/3834
f 3833/3833 3834/3834 3750/3750
f 2894/2894 2938/2938 2580/2580
f 2581/2581 2894/2894 2580/2580
f 2938/2938 3058/3058 2822/2822
f 2580/2580 2938/2938 2822/2822
f 4819/4819 4788/4788 4818/4818
f 2822/2822 3058/3058 2823/2823
f 3765/3765 3983/3983 3861/3861
f 3765/3765 3861/3861 3761/3761
f 2988/2988 3034/3034 2722/2722
f 2721/2721 2988/2988 2722/2722
f 4831/4831 4828/4828 4830/4830
f 2722/2722 3034/3034 2893/2893
f 4828/4828 4827/4827 4829/4829
f 4830/4830 4828/4828 4829/4829
f 3763/3763 3964/3964 3812/3812
f 3763/3763 3812/3812 3705/3705
f 2761/2761 2926/2926 2732/2732
f 2926/2926 3053/3053 2849/2849
f 2732/2732 2926/2926 2849/2849
f 6093/6093 6095/6095 6096/6096
f 2849/2849 3053/3053 2891/2891
f 4838/4838 4836/4836 4837/4837
f 4839/4839 4838/4838 4837/4837
f 4853/4853 4851/4851 4854/4854
f 4423/4423 4424/4424 4309/4309
f 3607/3607 3824/3824 3780/3780
f 3607/3607 3780/3780 3777/3777
f 2725/2725 2918/2918 2723/2723
f 2918/2918 3043/3043 2724/2724
f 2723/2723 2918/2918 2724/2724
f 4730/4730 4727/4727 4728/4728
f 2724/2724 3043/3043 2909/2909
f 4727/4727 4724/4724 4726/4726
f 4728/4728 4727/4727 4726/4726
f 4898/4898 4895/4895 4888/4888
f 4396/4396 4421/4421 4331/4331
f 2941/2941 3055/3055 2852/2852
f 2768/2768 2941/2941 2852/2852
f 5336/5336 4666/4666 4669/4669
f 2852/2852 3055/3055 2916/2916
f 4666/4666 4665/4665 4667/4667
f 4669/4669 4666/4666 4667/4667
f 4880/4880 4879/4879 4878/4878
f 4392/4392 4402/4402 4327/4327
f 4683/4683 4678/4678 4681/4681
f 2807/2807 3003/3003 2939/2939
f 4678/4678 4677/4677 4680/4680
f 4681/4681 4678/4678 4680/4680
f 4677/4677 4684/4684 4682/4682
f 4680/4680 4677/4677 4682/4682
f 4874/4874 4871/4871 4903/4903
f 4360/4360 4383/4383 4304/4304
f 4701/4701 4696/4696 4700/4700
f 2960/2960 3047/3047 2999/2999
f 4696/4696 4695/4695 4697/4697
f 4700/4700 4696/4696 4697/4697
f 4695/4695 4699/4699 4698/4698
f 4697/4697 4695/4695 4698/4698
f 4699/4699 5313/5313 5830/5830
f 4698/4698 4699/4699 5830/5830
f 5746/5746 4901/4901 5323/5323
f 4380/4380 4399/4399 4312/4312
f 98/98 101/101 100/100
f 99/99 98/98 100/100
f 4704/4704 4633/4633 5187/5187
f 100/100 101/101 102/102
f 4633/4633 4634/4634 4703/4703
f 5187/5187 4633/4633 4703/4703
f 4634/4634 4636/4636 4703/4703
f 4752/4752 4749/4749 4756/4756
f 4390/4390 4400/4400 4335/4335
f 63/63 64/64 66/66
f 67/67 63/63 66/66
f 64/64 76/76 68/68
f 66/66 64/64 68/68
f 5225/5225 5224/5224 5223/5223
f 4425/4425 4434/4434 4368/4368
f 48/48 56/56 49/49
f 39/39 48/48 49/49
f 50/50 39/39 49/49
f 50/50 49/49 51/51
f 56/56 59/59 52/52
f 49/49 56/56 52/52
f 51/51 49/49 52/52
f 51/51 52/52 53/53
f 59/59 61/61 55/55
f 52/52 59/59 55/55
f 52/52 55/55 54/54
f 53/53 52/52 54/54
f 61/61 63/63 55/55
f 5229/5229 5228/5228 5230/5230
f 4415/4415 4427/4427 4366/4366
f 47/47 44/44 37/37
f 47/47 37/37 33/33
f 37/37 36/36 30/30
f 33/33 37/37 30/30
f 32/32 33/33 30/30
f 32/32 30/30 31/31
f 30/30 36/36 35/35
f 30/30 35/35 28/28
f 30/30 28/28 29/29
f 31/31 30/30 29/29
f 28/28 35/35 34/34
f 28/28 34/34 26/26
f 28/28 26/26 25/25
f 29/29 28/28 25/25
f 34/34 38/38 26/26
f 25/25 26/26 27/27
f 38/38 39/39 27/27
f 26/26 38/38 27/27
f 5753/5753 4914/4914 4920/4920
f 4405/4405 4429/4429 4371/4371
f 5248/5248 5247/5247 5250/5250
f 5251/5251 5248/5248 5250/5250
f 5247/5247 5255/5255 5252/5252
f 5250/5250 5247/5247 5252/5252
f 5851/5851 5852/5852 5853/5853
f 5252/5252 5255/5255 5733/5733
f 47/47 33/33 65/65
f 1921/1921 1917/1917 1923/1923
f 1924/1924 1921/1921 1923/1923
f 5786/5786 5785/5785 5784/5784
f 4419/4419 4428/4428 4361/4361
f 5274/5274 5734/5734 5276/5276
f 5273/5273 5274/5274 5276/5276
f 5734/5734 5249/5249 5254/5254
f 6145/6145 6146/6146 6147/6147
f 4707/4707 4645/4645 4691/4691
f 4442/4442 4448/4448 4407/4407
f 5284/5284 5278/5278 5271/5271
f 5268/5268 5284/5284 5271/5271
f 5278/5278 5275/5275 5271/5271
f 4569/4569 4567/4567 4566/4566
f 4447/4447 4453/4453 4379/4379
f 5286/5286 5263/5263 5265/5265
f 5281/5281 5286/5286 5265/5265
f 5263/5263 5260/5260 5262/5262
f 5265/5265 5263/5263 5262/5262
f 5262/5262 5260/5260 5261/5261
f 4564/4564 4596/4596 5782/5782
f 4458/4458 4467/4467 4347/4347
f 6064/6064 6065/6065 6066/6066
f 6064/6064 6066/6066 6067/6067
f 4520/4520 4518/4518 4519/4519
f 4378/4378 4452/4452 4305/4305
f 2610/2610 2795/2795 2307/2307
f 2306/2306 2610/2610 2307/2307
f 2795/2795 2844/2844 2460/2460
f 2307/2307 2795/2795 2460/2460
f 2844/2844 2972/2972 2677/2677
f 2460/2460 2844/2844 2677/2677
f 2677/2677 2972/2972 3174/3174
f 2677/2677 3174/3174 3077/3077
f 2521/2521 2674/2674 2296/2296
f 2298/2298 2521/2521 2296/2296
f 2296/2296 2674/2674 2675/2675
f 2296/2296 2675/2675 2297/2297
f 2675/2675 2676/2676 2306/2306
f 2297/2297 2675/2675 2306/2306
f 5805/5805 5521/5521 5526/5526
f 5806/5806 5805/5805 5526/5526
f 5526/5526 5521/5521 5523/5523
f 5526/5526 5523/5523 5748/5748
f 2533/2533 2619/2619 2313/2313
f 2314/2314 2533/2533 2313/2313
f 2619/2619 2763/2763 2299/2299
f 2313/2313 2619/2619 2299/2299
f 2763/2763 2764/2764 2298/2298
f 2299/2299 2763/2763 2298/2298
f 5523/5523 5524/5524 5835/5835
f 5748/5748 5523/5523 5835/5835
f 6124/6124 6121/6121 6123/6123
f 5835/5835 5801/5801 5499/5499
f 2497/2497 2571/2571 2304/2304
f 2303/2303 2497/2497 2304/2304
f 2571/2571 2760/2760 2305/2305
f 2304/2304 2571/2571 2305/2305
f 2760/2760 2729/2729 2301/2301
f 2305/2305 2760/2760 2301/2301
f 2729/2729 2728/2728 2302/2302
f 2301/2301 2729/2729 2302/2302
f 2728/2728 2811/2811 2315/2315
f 2302/2302 2728/2728 2315/2315
f 5499/5499 5801/5801 5800/5800
f 2464/2464 2537/2537 2276/2276
f 2275/2275 2464/2464 2276/2276
f 2537/2537 2586/2586 2277/2277
f 2276/2276 2537/2537 2277/2277
f 2586/2586 2584/2584 2278/2278
f 2277/2277 2586/2586 2278/2278
f 2584/2584 2585/2585 2303/2303
f 2278/2278 2584/2584 2303/2303
f 2512/2512 2558/2558 2221/2221
f 2220/2220 2512/2512 2221/2221
f 2558/2558 2556/2556 2222/2222
f 2221/2221 2558/2558 2222/2222
f 2556/2556 2557/2557 2275/2275
f 2222/2222 2556/2556 2275/2275
f 5479/5479 5503/5503 5477/5477
f 2532/2532 2573/2573 2216/2216
f 2215/2215 2532/2532 2216/2216
f 2573/2573 2639/2639 2218/2218
f 2216/2216 2573/2573 2218/2218
f 2639/2639 2640/2640 2220/2220
f 2218/2218 2639/2639 2220/2220
f 2205/2205 2514/2514 2515/2515
f 2205/2205 2515/2515 2207/2207
f 2515/2515 2516/2516 2207/2207
f 2516/2516 2653/2653 2209/2209
f 2207/2207 2516/2516 2209/2209
f 2653/2653 2654/2654 2215/2215
f 2209/2209 2653/2653 2215/2215
f 5473/5473 5470/5470 5474/5474
f 3893/3893 3906/3906 3796/3796
f 2335/2335 2566/2566 2198/2198
f 2198/2198 2566/2566 2559/2559
f 2198/2198 2559/2559 2200/2200
f 2559/2559 2560/2560 2204/2204
f 2200/2200 2559/2559 2204/2204
f 2560/2560 2576/2576 2204/2204
f 3715/3715 3690/3690 3689/3689
f 2546/2546 2612/2612 2188/2188
f 2185/2185 2546/2546 2188/2188
f 2188/2188 2612/2612 2565/2565
f 2188/2188 2565/2565 2193/2193
f 2193/2193 2565/2565 2543/2543
f 2193/2193 2543/2543 2195/2195
f 3677/3677 3897/3897 3737/3737
f 2466/2466 2572/2572 2182/2182
f 2572/2572 2657/2657 2184/2184
f 2182/2182 2572/2572 2184/2184
f 2657/2657 2637/2637 2184/2184
f 2637/2637 2638/2638 2185/2185
f 2184/2184 2637/2637 2185/2185
f 3656/3656 3960/3960 3710/3710
f 3656/3656 3710/3710 3611/3611
f 2461/2461 2597/2597 2173/2173
f 2163/2163 2461/2461 2173/2173
f 2597/2597 2636/2636 2176/2176
f 2173/2173 2597/2597 2176/2176
f 2636/2636 2664/2664 2177/2177
f 2176/2176 2636/2636 2177/2177
f 3614/3614 3825/3825 3654/3654
f 2164/2164 2553/2553 2159/2159
f 2159/2159 2553/2553 2551/2551
f 2159/2159 2551/2551 2161/2161
f 2161/2161 2551/2551 2552/2552
f 3616/3616 3800/3800 3663/3663
f 3616/3616 3663/3663 3588/3588
f 2165/2165 2523/2523 2153/2153
f 2523/2523 2522/2522 2154/2154
f 2153/2153 2523/2523 2154/2154
f 2522/2522 2524/2524 2156/2156
f 2154/2154 2522/2522 2156/2156
f 3617/3617 3773/3773 3670/3670
f 2525/2525 2608/2608 2145/2145
f 2141/2141 2525/2525 2145/2145
f 2608/2608 2607/2607 2147/2147
f 2145/2145 2608/2608 2147/2147
f 2607/2607 2606/2606 2149/2149
f 2147/2147 2607/2607 2149/2149
f 3634/3634 3760/3760 3664/3664
f 3634/3634 3664/3664 3618/3618
f 2143/2143 2496/2496 2135/2135
f 2496/2496 2634/2634 2138/2138
f 2135/2135 2496/2496 2138/2138
f 2634/2634 2635/2635 2139/2139
f 2138/2138 2634/2634 2139/2139
f 2635/2635 2642/2642 2141/2141
f 2139/2139 2635/2635 2141/2141
f 3640/3640 3785/3785 3702/3702
f 3640/3640 3702/3702 3608/3608
f 2133/2133 2547/2547 2129/2129
f 2547/2547 2548/2548 2129/2129
f 2129/2129 2548/2548 2130/2130
f 3621/3621 3739/3739 3622/3622
f 3621/3621 3622/3622 3582/3582
f 2495/2495 2542/2542 2125/2125
f 2121/2121 2495/2495 2125/2125
f 2542/2542 2541/2541 2127/2127
f 2125/2125 2542/2542 2127/2127
f 3697/3697 3806/3806 3752/3752
f 3697/3697 3752/3752 3571/3571
f 2527/2527 2554/2554 2114/2114
f 2112/2112 2527/2527 2114/2114
f 2554/2554 2590/2590 2116/2116
f 2114/2114 2554/2554 2116/2116
f 2590/2590 2589/2589 2117/2117
f 2116/2116 2590/2590 2117/2117
f 2589/2589 2720/2720 2120/2120
f 2117/2117 2589/2589 2120/2120
f 3569/3569 3793/3793 3701/3701
f 3569/3569 3701/3701 3511/3511
f 2511/2511 2611/2611 2108/2108
f 2106/2106 2511/2511 2108/2108
f 2611/2611 2662/2662 2109/2109
f 2108/2108 2611/2611 2109/2109
f 2662/2662 2660/2660 2111/2111
f 2109/2109 2662/2662 2111/2111
f 2660/2660 2661/2661 2112/2112
f 2111/2111 2660/2660 2112/2112
f 3508/3508 3740/3740 3683/3683
f 2458/2458 2513/2513 2099/2099
f 2097/2097 2458/2458 2099/2099
f 2513/2513 2561/2561 2101/2101
f 2099/2099 2513/2513 2101/2101
f 2561/2561 2555/2555 2103/2103
f 2101/2101 2561/2561 2103/2103
f 2555/2555 2655/2655 2437/2437
f 2103/2103 2555/2555 2437/2437
f 2490/2490 2549/2549 2094/2094
f 2093/2093 2490/2490 2094/2094
f 2549/2549 2581/2581 2096/2096
f 2094/2094 2549/2549 2096/2096
f 2581/2581 2580/2580 2097/2097
f 2096/2096 2581/2581 2097/2097
f 2550/2550 2641/2641 2089/2089
f 2088/2088 2550/2550 2089/2089
f 2641/2641 2721/2721 2091/2091
f 2089/2089 2641/2641 2091/2091
f 2721/2721 2722/2722 2093/2093
f 2091/2091 2721/2721 2093/2093
f 2563/2563 2663/2663 2081/2081
f 2079/2079 2563/2563 2081/2081
f 2663/2663 2761/2761 2082/2082
f 2081/2081 2663/2663 2082/2082
f 2761/2761 2732/2732 2084/2084
f 2082/2082 2761/2761 2084/2084
f 2732/2732 2849/2849 2488/2488
f 2084/2084 2732/2732 2488/2488
f 4008/4008 4300/4300 4252/4252
f 4008/4008 4252/4252 4010/4010
f 3561/3561 3607/3607 3777/3777
f 3561/3561 3777/3777 3723/3723
f 2545/2545 2629/2629 2073/2073
f 2071/2071 2545/2545 2073/2073
f 2629/2629 2725/2725 2074/2074
f 2073/2073 2629/2629 2074/2074
f 2725/2725 2723/2723 2075/2075
f 2074/2074 2725/2725 2075/2075
f 2723/2723 2724/2724 2484/2484
f 2075/2075 2723/2723 2484/2484
f 4069/4069 4309/4309 4251/4251
f 2536/2536 2627/2627 2064/2064
f 2062/2062 2536/2536 2064/2064
f 2627/2627 2727/2727 2066/2066
f 2064/2064 2627/2627 2066/2066
f 2727/2727 2768/2768 2068/2068
f 2066/2066 2727/2727 2068/2068
f 2768/2768 2852/2852 2505/2505
f 2068/2068 2768/2768 2505/2505
f 4258/4258 4345/4345 4270/4270
f 4258/4258 4270/4270 4035/4035
f 2051/2051 2645/2645 2053/2053
f 2645/2645 2678/2678 2055/2055
f 2053/2053 2645/2645 2055/2055
f 2055/2055 2678/2678 2057/2057
f 2678/2678 2807/2807 2518/2518
f 2057/2057 2678/2678 2518/2518
f 4038/4038 4328/4328 4265/4265
f 4038/4038 4265/4265 4058/4058
f 2900/2900 2901/2901 2039/2039
f 2038/2038 2900/2900 2039/2039
f 103/103 111/111 112/112
f 113/113 103/103 112/112
f 111/111 105/105 109/109
f 112/112 111/111 109/109
f 105/105 106/106 108/108
f 109/109 105/105 108/108
f 2961/2961 2960/2960 2646/2646
f 108/108 106/106 110/110
f 4047/4047 4303/4303 4244/4244
f 4047/4047 4244/4244 4049/4049
f 3220/3220 3221/3221 3131/3131
f 2030/2030 3220/3220 3131/3131
f 3221/3221 3222/3222 3048/3048
f 3131/3131 3221/3221 3048/3048
f 3222/3222 3223/3223 2900/2900
f 3048/3048 3222/3222 2900/2900
f 4245/4245 4354/4354 4276/4276
f 4245/4245 4276/4276 4074/4074
f 84/84 85/85 81/81
f 84/84 81/81 83/83
f 83/83 81/81 82/82
f 83/83 82/82 89/89
f 3287/3287 3292/3292 3250/3250
f 3091/3091 3287/3287 3250/3250
f 3292/3292 3290/3290 3219/3219
f 3250/3250 3292/3292 3219/3219
f 3290/3290 3279/3279 3219/3219
f 4260/4260 4352/4352 4292/4292
f 4260/4260 4292/4292 4087/4087
f 82/82 73/73 94/94
f 89/89 82/82 94/94
f 94/94 73/73 72/72
f 94/94 72/72 95/95
f 95/95 72/72 75/75
f 4261/4261 4393/4393 4295/4295
f 4261/4261 4295/4295 4099/4099
f 1926/1926 1925/1925 1927/1927
f 1928/1928 1926/1926 1927/1927
f 4103/4103 4367/4367 4298/4298
f 4103/4103 4298/4298 4111/4111
f 1948/1948 1946/1946 1947/1947
f 1949/1949 1948/1948 1947/1947
f 1946/1946 1943/1943 1944/1944
f 1947/1947 1946/1946 1944/1944
f 1943/1943 1942/1942 1940/1940
f 1944/1944 1943/1943 1940/1940
f 1940/1940 1942/1942 1937/1937
f 1940/1940 1937/1937 1939/1939
f 4280/4280 4382/4382 4319/4319
f 4280/4280 4319/4319 4123/4123
f 1956/1956 1954/1954 1955/1955
f 1957/1957 1956/1956 1955/1955
f 1954/1954 1953/1953 1952/1952
f 1955/1955 1954/1954 1952/1952
f 1953/1953 1980/1980 1950/1950
f 1952/1952 1953/1953 1950/1950
f 4278/4278 4397/4397 4314/4314
f 4278/4278 4314/4314 4142/4142
f 1964/1964 1962/1962 1963/1963
f 1965/1965 1964/1964 1963/1963
f 1962/1962 1961/1961 1960/1960
f 1963/1963 1962/1962 1960/1960
f 1961/1961 1979/1979 1958/1958
f 1960/1960 1961/1961 1958/1958
f 4259/4259 4407/4407 4289/4289
f 4259/4259 4289/4289 4156/4156
f 1968/1968 1969/1969 1966/1966
f 4262/4262 4410/4410 4279/4279
f 4262/4262 4279/4279 4226/4226
f 4242/4242 4401/4401 4269/4269
f 4242/4242 4269/4269 4193/4193
f 4200/4200 4385/4385 4257/4257
f 4200/4200 4257/4257 4213/4213
f 4218/4218 4377/4377 4266/4266
f 4218/4218 4266/4266 4227/4227
f 4233/4233 4306/4306 4248/4248
f 4233/4233 4248/4248 4238/4238
f 2251/2251 2306/2306 2307/2307
f 2251/2251 2307/2307 2253/2253
f 2307/2307 2460/2460 2258/2258
f 2253/2253 2307/2307 2258/2258
f 2460/2460 2677/2677 2308/2308
f 2258/2258 2460/2460 2308/2308
f 2677/2677 3077/3077 2445/2445
f 2308/2308 2677/2677 2445/2445
f 2445/2445 3077/3077 3140/3140
f 2445/2445 3140/3140 3062/3062
f 5497/5497 5679/5679 5498/5498
f 5497/5497 5498/5498 5494/5494
f 2298/2298 2296/2296 2247/2247
f 2245/2245 2298/2298 2247/2247
f 2296/2296 2297/2297 2249/2249
f 2247/2247 2296/2296 2249/2249
f 2297/2297 2306/2306 2249/2249
f 5494/5494 5498/5498 5489/5489
f 5489/5489 5486/5486 5488/5488
f 2242/2242 2314/2314 2238/2238
f 2237/2237 2242/2242 2238/2238
f 2314/2314 2313/2313 2241/2241
f 2238/2238 2314/2314 2241/2241
f 2313/2313 2299/2299 2241/2241
f 2299/2299 2298/2298 2245/2245
f 2241/2241 2299/2299 2245/2245
f 5486/5486 5484/5484 5485/5485
f 5488/5488 5486/5486 5485/5485
f 2303/2303 2304/2304 2231/2231
f 2304/2304 2305/2305 2234/2234
f 2231/2231 2304/2304 2234/2234
f 2305/2305 2301/2301 2234/2234
f 2301/2301 2302/2302 2237/2237
f 2234/2234 2301/2301 2237/2237
f 5484/5484 5481/5481 5483/5483
f 5485/5485 5484/5484 5483/5483
f 5483/5483 5481/5481 5482/5482
f 5483/5483 5482/5482 5490/5490
f 2275/2275 2276/2276 2229/2229
f 2223/2223 2275/2275 2229/2229
f 2276/2276 2277/2277 2229/2229
f 2277/2277 2278/2278 2231/2231
f 2229/2229 2277/2277 2231/2231
f 2278/2278 2303/2303 2231/2231
f 5482/5482 5492/5492 5670/5670
f 5490/5490 5482/5482 5670/5670
f 2220/2220 2221/2221 2219/2219
f 2221/2221 2222/2222 2219/2219
f 2222/2222 2275/2275 2223/2223
f 2219/2219 2222/2222 2223/2223
f 5480/5480 5478/5478 5500/5500
f 2210/2210 2215/2215 2216/2216
f 2210/2210 2216/2216 2217/2217
f 2217/2217 2216/2216 2218/2218
f 2217/2217 2218/2218 2219/2219
f 2218/2218 2220/2220 2219/2219
f 2205/2205 2207/2207 2206/2206
f 2203/2203 2205/2205 2206/2206
f 2207/2207 2209/2209 2208/2208
f 2206/2206 2207/2207 2208/2208
f 2208/2208 2209/2209 2210/2210
f 2210/2210 2209/2209 2215/2215
f 3878/3878 3993/3993 3797/3797
f 3878/3878 3797/3797 3766/3766
f 2199/2199 2198/2198 2200/2200
f 2199/2199 2200/2200 2201/2201
f 2201/2201 2200/2200 2202/2202
f 2200/2200 2204/2204 2203/2203
f 2202/2202 2200/2200 2203/2203
f 2187/2187 2185/2185 2188/2188
f 2187/2187 2188/2188 2192/2192
f 2192/2192 2188/2188 2193/2193
f 2192/2192 2193/2193 2194/2194
f 2193/2193 2195/2195 2194/2194
f 2335/2335 2198/2198 2197/2197
f 2195/2195 2335/2335 2197/2197
f 2195/2195 2197/2197 2196/2196
f 2194/2194 2195/2195 2196/2196
f 2182/2182 2184/2184 2183/2183
f 2180/2180 2182/2182 2183/2183
f 2183/2183 2184/2184 2185/2185
f 2183/2183 2185/2185 2186/2186
f 2172/2172 2163/2163 2173/2173
f 2172/2172 2173/2173 2174/2174
f 2173/2173 2176/2176 2175/2175
f 2174/2174 2173/2173 2175/2175
f 2175/2175 2176/2176 2177/2177
f 2175/2175 2177/2177 2178/2178
f 2466/2466 2182/2182 2179/2179
f 2177/2177 2466/2466 2179/2179
f 2178/2178 2177/2177 2179/2179
f 2178/2178 2179/2179 2180/2180
f 3433/3433 3610/3610 3436/3436
f 2159/2159 2161/2161 2160/2160
f 2157/2157 2159/2159 2160/2160
f 2160/2160 2161/2161 2162/2162
f 3439/3439 3597/3597 3572/3572
f 3439/3439 3572/3572 3442/3442
f 2153/2153 2154/2154 2152/2152
f 2154/2154 2156/2156 2155/2155
f 2152/2152 2154/2154 2155/2155
f 2164/2164 2159/2159 2158/2158
f 2156/2156 2164/2164 2158/2158
f 2156/2156 2158/2158 2157/2157
f 2155/2155 2156/2156 2157/2157
f 3448/3448 3586/3586 3523/3523
f 3448/3448 3523/3523 3451/3451
f 2144/2144 2141/2141 2145/2145
f 2144/2144 2145/2145 2146/2146
f 2146/2146 2145/2145 2147/2147
f 2146/2146 2147/2147 2148/2148
f 2148/2148 2147/2147 2149/2149
f 2148/2148 2149/2149 2150/2150
f 2165/2165 2153/2153 2151/2151
f 2149/2149 2165/2165 2151/2151
f 2149/2149 2151/2151 2150/2150
f 3457/3457 3633/3633 3459/3459
f 2135/2135 2138/2138 2137/2137
f 2136/2136 2135/2135 2137/2137
f 2138/2138 2139/2139 2140/2140
f 2137/2137 2138/2138 2140/2140
f 2140/2140 2139/2139 2141/2141
f 2140/2140 2141/2141 2142/2142
f 3465/3465 3595/3595 3526/3526
f 2126/2126 2129/2129 2130/2130
f 2126/2126 2130/2130 2131/2131
f 2143/2143 2135/2135 2134/2134
f 2130/2130 2143/2143 2134/2134
f 2130/2130 2134/2134 2132/2132
f 2131/2131 2130/2130 2132/2132
f 3473/3473 3600/3600 3516/3516
f 2119/2119 2121/2121 2123/2123
f 2121/2121 2125/2125 2124/2124
f 2123/2123 2121/2121 2124/2124
f 2125/2125 2127/2127 2126/2126
f 2124/2124 2125/2125 2126/2126
f 2133/2133 2129/2129 2128/2128
f 2127/2127 2133/2133 2128/2128
f 2127/2127 2128/2128 2126/2126
f 3483/3483 3563/3563 3488/3488
f 3483/3483 3488/3488 3486/3486
f 2113/2113 2112/2112 2114/2114
f 2113/2113 2114/2114 2115/2115
f 2115/2115 2114/2114 2116/2116
f 2115/2115 2116/2116 2117/2117
f 2115/2115 2117/2117 2118/2118
f 3493/3493 3569/3569 3495/3495
f 2104/2104 2106/2106 2105/2105
f 2106/2106 2108/2108 2107/2107
f 2105/2105 2106/2106 2107/2107
f 2108/2108 2109/2109 2107/2107
f 2109/2109 2111/2111 2110/2110
f 2107/2107 2109/2109 2110/2110
f 2110/2110 2111/2111 2112/2112
f 2110/2110 2112/2112 2113/2113
f 2098/2098 2097/2097 2099/2099
f 2099/2099 2101/2101 2100/2100
f 2098/2098 2099/2099 2100/2100
f 2101/2101 2103/2103 2102/2102
f 2100/2100 2101/2101 2102/2102
f 3513/3513 3566/3566 3518/3518
f 2093/2093 2094/2094 2092/2092
f 2094/2094 2096/2096 2095/2095
f 2092/2092 2094/2094 2095/2095
f 2096/2096 2097/2097 2095/2095
f 3538/3538 3540/3540 3543/3543
f 2086/2086 2088/2088 2087/2087
f 2085/2085 2086/2086 2087/2087
f 2087/2087 2088/2088 2089/2089
f 2087/2087 2089/2089 2090/2090
f 2090/2090 2089/2089 2091/2091
f 2091/2091 2093/2093 2092/2092
f 2090/2090 2091/2091 2092/2092
f 3547/3547 3550/3550 3554/3554
f 2077/2077 2079/2079 2078/2078
f 2076/2076 2077/2077 2078/2078
f 2079/2079 2081/2081 2080/2080
f 2078/2078 2079/2079 2080/2080
f 2080/2080 2081/2081 2082/2082
f 2080/2080 2082/2082 2083/2083
f 2083/2083 2082/2082 2084/2084
f 2083/2083 2084/2084 2085/2085
f 4003/4003 4002/4002 4009/4009
f 4003/4003 4009/4009 4012/4012
f 3559/3559 3561/3561 3723/3723
f 3559/3559 3723/3723 3733/3733
f 2069/2069 2071/2071 2070/2070
f 2067/2067 2069/2069 2070/2070
f 2071/2071 2073/2073 2072/2072
f 2070/2070 2071/2071 2072/2072
f 2073/2073 2074/2074 2072/2072
f 2072/2072 2074/2074 2075/2075
f 2072/2072 2075/2075 2076/2076
f 4018/4018 4069/4069 4020/4020
f 3733/3733 3723/3723 3791/3791
f 3733/3733 3791/3791 3786/3786
f 2058/2058 2062/2062 2060/2060
f 2059/2059 2058/2058 2060/2060
f 2062/2062 2064/2064 2063/2063
f 2060/2060 2062/2062 2063/2063
f 2064/2064 2066/2066 2065/2065
f 2063/2063 2064/2064 2065/2065
f 2066/2066 2068/2068 2067/2067
f 2065/2065 2066/2066 2067/2067
f 4027/4027 4071/4071 4031/4031
f 2044/2044 2045/2045 2046/2046
f 2044/2044 2046/2046 2047/2047
f 2047/2047 2046/2046 2048/2048
f 2047/2047 2048/2048 2049/2049
f 2048/2048 2051/2051 2050/2050
f 2049/2049 2048/2048 2050/2050
f 2051/2051 2053/2053 2052/2052
f 2050/2050 2051/2051 2052/2052
f 2053/2053 2055/2055 2054/2054
f 2052/2052 2053/2053 2054/2054
f 2055/2055 2057/2057 2056/2056
f 2054/2054 2055/2055 2056/2056
f 4037/4037 4038/4038 4041/4041
f 2031/2031 2034/2034 2032/2032
f 2034/2034 2036/2036 2035/2035
f 2036/2036 2038/2038 2037/2037
f 2037/2037 2038/2038 2039/2039
f 2039/2039 2041/2041 2040/2040
f 2041/2041 2043/2043 2042/2042
f 4047/4047 4049/4049 4048/4048
f 2025/2025 2026/2026 2024/2024
f 2021/2021 2025/2025 2024/2024
f 2026/2026 2028/2028 2027/2027
f 2024/2024 2026/2026 2027/2027
f 2028/2028 2030/2030 2029/2029
f 2027/2027 2028/2028 2029/2029
f 4055/4055 4057/4057 4072/4072
f 4055/4055 4072/4072 4073/4073
f 86/86 84/84 83/83
f 86/86 83/83 87/87
f 83/83 89/89 88/88
f 87/87 83/83 88/88
f 89/89 91/91 90/90
f 88/88 89/89 90/90
f 91/91 93/93 92/92
f 90/90 91/91 92/92
f 4080/4080 4079/4079 4081/4081
f 4093/4093 4089/4089 4098/4098
f 4093/4093 4098/4098 4097/4097
f 1978/1978 1945/1945 1941/1941
f 1978/1978 1941/1941 1938/1938
f 1938/1938 1941/1941 1928/1928
f 1938/1938 1928/1928 1936/1936
f 1928/1928 1927/1927 1931/1931
f 1936/1936 1928/1928 1931/1931
f 4104/4104 4103/4103 4107/4107
f 1951/1951 1949/1949 1976/1976
f 1970/1970 1951/1951 1976/1976
f 1949/1949 1947/1947 1977/1977
f 1976/1976 1949/1949 1977/1977
f 1947/1947 1944/1944 1977/1977
f 4117/4117 4116/4116 4122/4122
f 4117/4117 4122/4122 4120/4120
f 1959/1959 1957/1957 1972/1972
f 1973/1973 1959/1959 1972/1972
f 1957/1957 1955/1955 1971/1971
f 1972/1972 1957/1957 1971/1971
f 1955/1955 1952/1952 1970/1970
f 1971/1971 1955/1955 1970/1970
f 4129/4129 4140/4140 4137/4137
f 4128/4128 4129/4129 4137/4137
f 1967/1967 1965/1965 1975/1975
f 1965/1965 1963/1963 1974/1974
f 1975/1975 1965/1965 1974/1974
f 1963/1963 1960/1960 1973/1973
f 1974/1974 1963/1963 1973/1973
f 4145/4145 4146/4146 4152/4152
f 4145/4145 4152/4152 4151/4151
f 4160/4160 4159/4159 4176/4176
f 4184/4184 4208/4208 4189/4189
f 4185/4185 4184/4184 4189/4189
f 4200/4200 4213/4213 4203/4203
f 4201/4201 4200/4200 4203/4203
f 4215/4215 4218/4218 4227/4227
f 4233/4233 4238/4238 4234/4234
f 4231/4231 4233/4233 4234/4234
f 2424/2424 2446/2446 2471/2471
f 2251/2251 2253/2253 2252/2252
f 2250/2250 2251/2251 2252/2252
f 2252/2252 2253/2253 2258/2258
f 2252/2252 2258/2258 2257/2257
f 2257/2257 2258/2258 2308/2308
f 2257/2257 2308/2308 2300/2300
f 2300/2300 2308/2308 2445/2445
f 2300/2300 2445/2445 2348/2348
f 2446/2446 3062/3062 2665/2665
f 2471/2471 2446/2446 2665/2665
f 5497/5497 5494/5494 5495/5495
f 2665/2665 3062/3062 2682/2682
f 5495/5495 5494/5494 5493/5493
f 5495/5495 5493/5493 5496/5496
f 5496/5496 5493/5493 5532/5532
f 5496/5496 5532/5532 5714/5714
f 2245/2245 2247/2247 2246/2246
f 2244/2244 2245/2245 2246/2246
f 2247/2247 2249/2249 2248/2248
f 2246/2246 2247/2247 2248/2248
f 2248/2248 2249/2249 2250/2250
f 5532/5532 5491/5491 5802/5802
f 5714/5714 5532/5532 5802/5802
f 5802/5802 5491/5491 5545/5545
f 5802/5802 5545/5545 5547/5547
f 2236/2236 2237/2237 2238/2238
f 2236/2236 2238/2238 2239/2239
f 2238/2238 2241/2241 2240/2240
f 2239/2239 2238/2238 2240/2240
f 2240/2240 2241/2241 2243/2243
f 2241/2241 2245/2245 2244/2244
f 2243/2243 2241/2241 2244/2244
f 5547/5547 5545/5545 5546/5546
f 2232/2232 2231/2231 2233/2233
f 2231/2231 2234/2234 2233/2233
f 2233/2233 2234/2234 2235/2235
f 2234/2234 2237/2237 2236/2236
f 2235/2235 2234/2234 2236/2236
f 5546/5546 5562/5562 5553/5553
f 2223/2223 2229/2229 2228/2228
f 2224/2224 2223/2223 2228/2228
f 2228/2228 2229/2229 2230/2230
f 2229/2229 2231/2231 2230/2230
f 2230/2230 2231/2231 2232/2232
f 6143/6143 6141/6141 6140/6140
f 6143/6143 6140/6140 6144/6144
f 2227/2227 2219/2219 2226/2226
f 2226/2226 2219/2219 2225/2225
f 2219/2219 2223/2223 2224/2224
f 2225/2225 2219/2219 2224/2224
f 4485/4485 4484/4484 4478/4478
f 2264/2264 2210/2210 2217/2217
f 2264/2264 2217/2217 2263/2263
f 2217/2217 2219/2219 2227/2227
f 2263/2263 2217/2217 2227/2227
f 5529/5529 5500/5500 5537/5537
f 3987/3987 3988/3988 3942/3942
f 2203/2203 2206/2206 2214/2214
f 2213/2213 2203/2203 2214/2214
f 2214/2214 2206/2206 2208/2208
f 2214/2214 2208/2208 2267/2267
f 2267/2267 2208/2208 2210/2210
f 2267/2267 2210/2210 2265/2265
f 2265/2265 2210/2210 2264/2264
f 3782/3782 3989/3989 3766/3766
f 3782/3782 3766/3766 3695/3695
f 2201/2201 2202/2202 2212/2212
f 2211/2211 2201/2201 2212/2212
f 2202/2202 2203/2203 2212/2212
f 2212/2212 2203/2203 2213/2213
f 3695/3695 3766/3766 3649/3649
f 3695/3695 3649/3649 3412/3412
f 2192/2192 2194/2194 2261/2261
f 2316/2316 2192/2192 2261/2261
f 2261/2261 2194/2194 2260/2260
f 2260/2260 2194/2194 2196/2196
f 2260/2260 2196/2196 2259/2259
f 2199/2199 2201/2201 2211/2211
f 2196/2196 2199/2199 2211/2211
f 2259/2259 2196/2196 2211/2211
f 3399/3399 3589/3589 3403/3403
f 2325/2325 2180/2180 2183/2183
f 2325/2325 2183/2183 2326/2326
f 2326/2326 2183/2183 2322/2322
f 2183/2183 2186/2186 2321/2321
f 2322/2322 2183/2183 2321/2321
f 2187/2187 2192/2192 2271/2271
f 2186/2186 2187/2187 2271/2271
f 2186/2186 2271/2271 2316/2316
f 2321/2321 2186/2186 2316/2316
f 3421/3421 3426/3426 3427/3427
f 2174/2174 2175/2175 2191/2191
f 2190/2190 2174/2174 2191/2191
f 2191/2191 2175/2175 2309/2309
f 2309/2309 2175/2175 2178/2178
f 2178/2178 2180/2180 2325/2325
f 2309/2309 2178/2178 2325/2325
f 2167/2167 2157/2157 2168/2168
f 2157/2157 2160/2160 2169/2169
f 2168/2168 2157/2157 2169/2169
f 2160/2160 2162/2162 2169/2169
f 2172/2172 2174/2174 2181/2181
f 2162/2162 2172/2172 2181/2181
f 2162/2162 2181/2181 2190/2190
f 2169/2169 2162/2162 2190/2190
f 3440/3440 3439/3439 3441/3441
f 2170/2170 2152/2152 2166/2166
f 2166/2166 2152/2152 2155/2155
f 2155/2155 2157/2157 2167/2167
f 2166/2166 2155/2155 2167/2167
f 3448/3448 3451/3451 3450/3450
f 3449/3449 3448/3448 3450/3450
f 2281/2281 2146/2146 2148/2148
f 2281/2281 2148/2148 2171/2171
f 2148/2148 2150/2150 2171/2171
f 2171/2171 2150/2150 2170/2170
f 3456/3456 3457/3457 3458/3458
f 2189/2189 2136/2136 2137/2137
f 2189/2189 2137/2137 2327/2327
f 2327/2327 2137/2137 2140/2140
f 2327/2327 2140/2140 2328/2328
f 2328/2328 2140/2140 2329/2329
f 2329/2329 2140/2140 2142/2142
f 2329/2329 2142/2142 2330/2330
f 2144/2144 2146/2146 2272/2272
f 2142/2142 2144/2144 2272/2272
f 2330/2330 2142/2142 2272/2272
f 3466/3466 3465/3465 3467/3467
f 2273/2273 2126/2126 2270/2270
f 2126/2126 2131/2131 2268/2268
f 2270/2270 2126/2126 2268/2268
f 2131/2131 2132/2132 2269/2269
f 2268/2268 2131/2131 2269/2269
f 3474/3474 3473/3473 3475/3475
f 2311/2311 2123/2123 2124/2124
f 2311/2311 2124/2124 2310/2310
f 2124/2124 2126/2126 2274/2274
f 2310/2310 2124/2124 2274/2274
f 2274/2274 2126/2126 2273/2273
f 3483/3483 3486/3486 3485/3485
f 3484/3484 3483/3483 3485/3485
f 2338/2338 2113/2113 2115/2115
f 2338/2338 2115/2115 2339/2339
f 2339/2339 2115/2115 2340/2340
f 2115/2115 2118/2118 2334/2334
f 2340/2340 2115/2115 2334/2334
f 2119/2119 2123/2123 2122/2122
f 2118/2118 2119/2119 2122/2122
f 2334/2334 2118/2118 2122/2122
f 2334/2334 2122/2122 2311/2311
f 3494/3494 3493/3493 3495/3495
f 3496/3496 3494/3494 3497/3497
f 2323/2323 2105/2105 2107/2107
f 2323/2323 2107/2107 2324/2324
f 2324/2324 2107/2107 2332/2332
f 2332/2332 2107/2107 2110/2110
f 2332/2332 2110/2110 2333/2333
f 2333/2333 2110/2110 2113/2113
f 2333/2333 2113/2113 2338/2338
f 3503/3503 3502/3502 3504/3504
f 2283/2283 2098/2098 2282/2282
f 2098/2098 2100/2100 2280/2280
f 2282/2282 2098/2098 2280/2280
f 2100/2100 2102/2102 2279/2279
f 2280/2280 2100/2100 2279/2279
f 2102/2102 2104/2104 2105/2105
f 2279/2279 2102/2102 2105/2105
f 2279/2279 2105/2105 2323/2323
f 3517/3517 3513/3513 3518/3518
f 3519/3519 3517/3517 3518/3518
f 3517/3517 3519/3519 3520/3520
f 3568/3568 3517/3517 3520/3520
f 2318/2318 2092/2092 2317/2317
f 2092/2092 2095/2095 2284/2284
f 2317/2317 2092/2092 2284/2284
f 2284/2284 2095/2095 2283/2283
f 3539/3539 3538/3538 3541/3541
f 2331/2331 2085/2085 2087/2087
f 2331/2331 2087/2087 2343/2343
f 2087/2087 2090/2090 2320/2320
f 2343/2343 2087/2087 2320/2320
f 2320/2320 2090/2090 2319/2319
f 2090/2090 2092/2092 2318/2318
f 2319/2319 2090/2090 2318/2318
f 3548/3548 3547/3547 3552/3552
f 2288/2288 2076/2076 2078/2078
f 2288/2288 2078/2078 2080/2080
f 2288/2288 2080/2080 2292/2292
f 2292/2292 2080/2080 2083/2083
f 2292/2292 2083/2083 2293/2293
f 2293/2293 2083/2083 2085/2085
f 2293/2293 2085/2085 2294/2294
f 4003/4003 4012/4012 4014/4014
f 4006/4006 4003/4003 4014/4014
f 3558/3558 3559/3559 3733/3733
f 3558/3558 3733/3733 3769/3769
f 2290/2290 2067/2067 2070/2070
f 2290/2290 2070/2070 2291/2291
f 2070/2070 2072/2072 2285/2285
f 2291/2291 2070/2070 2285/2285
f 2285/2285 2072/2072 2286/2286
f 2286/2286 2072/2072 2076/2076
f 2286/2286 2076/2076 2287/2287
f 4019/4019 4018/4018 4020/4020
f 4019/4019 4020/4020 4021/4021
f 3769/3769 3733/3733 3786/3786
f 3769/3769 3786/3786 3787/3787
f 2061/2061 2059/2059 2060/2060
f 2061/2061 2060/2060 2312/2312
f 2312/2312 2060/2060 2063/2063
f 2312/2312 2063/2063 2295/2295
f 2295/2295 2063/2063 2065/2065
f 2295/2295 2065/2065 2289/2289
f 2065/2065 2067/2067 2290/2290
f 2289/2289 2065/2065 2290/2290
f 4028/4028 4027/4027 4029/4029
f 2361/2361 2047/2047 2049/2049
f 2361/2361 2049/2049 2390/2390
f 2390/2390 2049/2049 2050/2050
f 2390/2390 2050/2050 2358/2358
f 2358/2358 2050/2050 2052/2052
f 2358/2358 2052/2052 2342/2342
f 2342/2342 2052/2052 2054/2054
f 2342/2342 2054/2054 2341/2341
f 2054/2054 2056/2056 2337/2337
f 2341/2341 2054/2054 2337/2337
f 4040/4040 4037/4037 4041/4041
f 4042/4042 4040/4040 4041/4041
f 4040/4040 4042/4042 4043/4043
f 4062/4062 4040/4040 4043/4043
f 2044/2044 2047/2047 2344/2344
f 2042/2042 2044/2044 2344/2344
f 4059/4059 4048/4048 4056/4056
f 2023/2023 2021/2021 2024/2024
f 2023/2023 2024/2024 2420/2420
f 2420/2420 2024/2024 2027/2027
f 2420/2420 2027/2027 2444/2444
f 2444/2444 2027/2027 2029/2029
f 2444/2444 2029/2029 2440/2440
f 4055/4055 4073/4073 4075/4075
f 4065/4065 4055/4055 4075/4075
f 2014/2014 1935/1935 2015/2015
f 2014/2014 2015/2015 2016/2016
f 2016/2016 2015/2015 2017/2017
f 2016/2016 2017/2017 2018/2018
f 2018/2018 2017/2017 2019/2019
f 2018/2018 2019/2019 2020/2020
f 2020/2020 2019/2019 2021/2021
f 2020/2020 2021/2021 2022/2022
f 4082/4082 4080/4080 4081/4081
f 4083/4083 4082/4082 4081/4081
f 4082/4082 4083/4083 4086/4086
f 4141/4141 4082/4082 4086/4086
f 4093/4093 4097/4097 4096/4096
f 4095/4095 4093/4093 4096/4096
f 1981/1981 1978/1978 1938/1938
f 1981/1981 1938/1938 1992/1992
f 1992/1992 1938/1938 1936/1936
f 1992/1992 1936/1936 1993/1993
f 1993/1993 1936/1936 1931/1931
f 1993/1993 1931/1931 1994/1994
f 4106/4106 4104/4104 4107/4107
f 4108/4108 4106/4106 4107/4107
f 4106/4106 4108/4108 4109/4109
f 4110/4110 4106/4106 4109/4109
f 1987/1987 1970/1970 1976/1976
f 1987/1987 1976/1976 1988/1988
f 1988/1988 1976/1976 1977/1977
f 1988/1988 1977/1977 1990/1990
f 1990/1990 1977/1977 1991/1991
f 4119/4119 4117/4117 4120/4120
f 4121/4121 4119/4119 4120/4120
f 4119/4119 4121/4121 4133/4133
f 4161/4161 4119/4119 4133/4133
f 1985/1985 1973/1973 1972/1972
f 1985/1985 1972/1972 1986/1986
f 1986/1986 1972/1972 1971/1971
f 1986/1986 1971/1971 1989/1989
f 1989/1989 1971/1971 1970/1970
f 1989/1989 1970/1970 1987/1987
f 4128/4128 4137/4137 4138/4138
f 4131/4131 4128/4128 4138/4138
f 1982/1982 1975/1975 1983/1983
f 1983/1983 1975/1975 1974/1974
f 1983/1983 1974/1974 1984/1984
f 1974/1974 1973/1973 1985/1985
f 1984/1984 1974/1974 1985/1985
f 4145/4145 4151/4151 4150/4150
f 4148/4148 4145/4145 4150/4150
f 4163/4163 4160/4160 4178/4178
f 4188/4188 4185/4185 4189/4189
f 4190/4190 4188/4188 4189/4189
f 4188/4188 4190/4190 4191/4191
f 4192/4192 4188/4188 4191/4191
f 4204/4204 4201/4201 4203/4203
f 4205/4205 4204/4204 4203/4203
f 4204/4204 4205/4205 4206/4206
f 4225/4225 4204/4204 4206/4206
f 4216/4216 4215/4215 4229/4229
f 4231/4231 4234/4234 4235/4235
f 4232/4232 4231/4231 4235/4235
f 2424/2424 2471/2471 2351/2351
f 2347/2347 2424/2424 2351/2351
f 2471/2471 2604/2604 2470/2470
f 2351/2351 2471/2471 2470/2470
f 2604/2604 2872/2872 2603/2603
f 2470/2470 2604/2604 2603/2603
f 2603/2603 2872/2872 3033/3033
f 2603/2603 3033/3033 2971/2971
f 2254/2254 2250/2250 2266/2266
f 2362/2362 2254/2254 2266/2266
f 2250/2250 2252/2252 2255/2255
f 2266/2266 2250/2250 2255/2255
f 2252/2252 2257/2257 2256/2256
f 2255/2255 2252/2252 2256/2256
f 2257/2257 2300/2300 2262/2262
f 2256/2256 2257/2257 2262/2262
f 2262/2262 2300/2300 2348/2348
f 2262/2262 2348/2348 2347/2347
f 5804/5804 5714/5714 5558/5558
f 2971/2971 3033/3033 3234/3234
f 5558/5558 5714/5714 5551/5551
f 5558/5558 5551/5551 5552/5552
f 5552/5552 5551/5551 5550/5550
f 5552/5552 5550/5550 5561/5561
f 2336/2336 2244/2244 2393/2393
f 2393/2393 2244/2244 2246/2246
f 2393/2393 2246/2246 2363/2363
f 2363/2363 2246/2246 2248/2248
f 2363/2363 2248/2248 2362/2362
f 5561/5561 5550/5550 5549/5549
f 2434/2434 2236/2236 2239/2239
f 2434/2434 2239/2239 2453/2453
f 2453/2453 2239/2239 2240/2240
f 2453/2453 2240/2240 2451/2451
f 2451/2451 2240/2240 2243/2243
f 2451/2451 2243/2243 2452/2452
f 5549/5549 5548/5548 5556/5556
f 2503/2503 2232/2232 2233/2233
f 2503/2503 2233/2233 2519/2519
f 2519/2519 2233/2233 2493/2493
f 2493/2493 2233/2233 2235/2235
f 2493/2493 2235/2235 2491/2491
f 2491/2491 2235/2235 2236/2236
f 2491/2491 2236/2236 2492/2492
f 5548/5548 5554/5554 5557/5557
f 5556/5556 5548/5548 5557/5557
f 2498/2498 2224/2224 2228/2228
f 2498/2498 2228/2228 2588/2588
f 2588/2588 2228/2228 2230/2230
f 2588/2588 2230/2230 2592/2592
f 2592/2592 2230/2230 2232/2232
f 2592/2592 2232/2232 2593/2593
f 5557/5557 5554/5554 5555/5555
f 5557/5557 5555/5555 5676/5676
f 2438/2438 2227/2227 2226/2226
f 2438/2438 2226/2226 2564/2564
f 2564/2564 2226/2226 2225/2225
f 2564/2564 2225/2225 2650/2650
f 2650/2650 2225/2225 2224/2224
f 2650/2650 2224/2224 2648/2648
f 4479/4479 4485/4485 4477/4477
f 4479/4479 4477/4477 3978/3978
f 2395/2395 2264/2264 2489/2489
f 2489/2489 2264/2264 2263/2263
f 2489/2489 2263/2263 2578/2578
f 2578/2578 2263/2263 2227/2227
f 2578/2578 2227/2227 2579/2579
f 2579/2579 2227/2227 2591/2591
f 3976/3976 4478/4478 3937/3937
f 3976/3976 3937/3937 3903/3903
f 2570/2570 2213/2213 2214/2214
f 2570/2570 2214/2214 2630/2630
f 2630/2630 2214/2214 2267/2267
f 2630/2630 2267/2267 2595/2595
f 2595/2595 2267/2267 2265/2265
f 2595/2595 2265/2265 2594/2594
f 3795/3795 3942/3942 3696/3696
f 3795/3795 3696/3696 3418/3418
f 2474/2474 2259/2259 2211/2211
f 2474/2474 2211/2211 2568/2568
f 2568/2568 2211/2211 2212/2212
f 2568/2568 2212/2212 2670/2670
f 2670/2670 2212/2212 2213/2213
f 2670/2670 2213/2213 2671/2671
f 3386/3386 3695/3695 3412/3412
f 3386/3386 3412/3412 3387/3387
f 2482/2482 2316/2316 2261/2261
f 2482/2482 2261/2261 2602/2602
f 2602/2602 2261/2261 2260/2260
f 2602/2602 2260/2260 2601/2601
f 2601/2601 2260/2260 2259/2259
f 2601/2601 2259/2259 2599/2599
f 3402/3402 3399/3399 3403/3403
f 3407/3407 3402/3402 3406/3406
f 2433/2433 2325/2325 2326/2326
f 2433/2433 2326/2326 2539/2539
f 2539/2539 2326/2326 2322/2322
f 2539/2539 2322/2322 2540/2540
f 2540/2540 2322/2322 2321/2321
f 2540/2540 2321/2321 2316/2316
f 2540/2540 2316/2316 2567/2567
f 3584/3584 3421/3421 3585/3585
f 2504/2504 2190/2190 2191/2191
f 2504/2504 2191/2191 2614/2614
f 2614/2614 2191/2191 2309/2309
f 2614/2614 2309/2309 2613/2613
f 2613/2613 2309/2309 2574/2574
f 2574/2574 2309/2309 2325/2325
f 2574/2574 2325/2325 2575/2575
f 3626/3626 3434/3434 3530/3530
f 2538/2538 2167/2167 2168/2168
f 2538/2538 2168/2168 2672/2672
f 2672/2672 2168/2168 2169/2169
f 2672/2672 2169/2169 2696/2696
f 2696/2696 2169/2169 2190/2190
f 2696/2696 2190/2190 2697/2697
f 3452/3452 3440/3440 3441/3441
f 3443/3443 3452/3452 3441/3441
f 3452/3452 3443/3443 3573/3573
f 3624/3624 3452/3452 3573/3573
f 2562/2562 2170/2170 2166/2166
f 2562/2562 2166/2166 2730/2730
f 2730/2730 2166/2166 2707/2707
f 2707/2707 2166/2166 2167/2167
f 3524/3524 3449/3449 3450/3450
f 3453/3453 3524/3524 3450/3450
f 3524/3524 3453/3453 3578/3578
f 3630/3630 3524/3524 3578/3578
f 2392/2392 2281/2281 2517/2517
f 2517/2517 2281/2281 2171/2171
f 2517/2517 2171/2171 2718/2718
f 2718/2718 2171/2171 2717/2717
f 2717/2717 2171/2171 2170/2170
f 3462/3462 3575/3575 3460/3460
f 3575/3575 3462/3462 3647/3647
f 3699/3699 3575/3575 3647/3647
f 3575/3575 3456/3456 3458/3458
f 3460/3460 3575/3575 3458/3458
f 2656/2656 2327/2327 2328/2328
f 2656/2656 2328/2328 2783/2783
f 2783/2783 2328/2328 2329/2329
f 2783/2783 2329/2329 2715/2715
f 2715/2715 2329/2329 2330/2330
f 2715/2715 2330/2330 2714/2714
f 3576/3576 3466/3466 3467/3467
f 3469/3469 3576/3576 3467/3467
f 3576/3576 3469/3469 3605/3605
f 3729/3729 3576/3576 3605/3605
f 2632/2632 2273/2273 2270/2270
f 2632/2632 2270/2270 2786/2786
f 2786/2786 2270/2270 2268/2268
f 2786/2786 2268/2268 2269/2269
f 2786/2786 2269/2269 2828/2828
f 2189/2189 2327/2327 2269/2269
f 2828/2828 2269/2269 2829/2829
f 3479/3479 3579/3579 3477/3477
f 3579/3579 3474/3474 3475/3475
f 3477/3477 3579/3579 3475/3475
f 2485/2485 2311/2311 2310/2310
f 2485/2485 2310/2310 2628/2628
f 2628/2628 2310/2310 2274/2274
f 2628/2628 2274/2274 2784/2784
f 2784/2784 2274/2274 2273/2273
f 2784/2784 2273/2273 2785/2785
f 3527/3527 3484/3484 3485/3485
f 3487/3487 3527/3527 3485/3485
f 3527/3527 3487/3487 3577/3577
f 3662/3662 3527/3527 3577/3577
f 2423/2423 2338/2338 2339/2339
f 2423/2423 2339/2339 2494/2494
f 2494/2494 2339/2339 2340/2340
f 2494/2494 2340/2340 2651/2651
f 2651/2651 2340/2340 2334/2334
f 2651/2651 2334/2334 2652/2652
f 2652/2652 2334/2334 2311/2311
f 3496/3496 3497/3497 3522/3522
f 3638/3638 3496/3496 3522/3522
f 2520/2520 2323/2323 2324/2324
f 2520/2520 2324/2324 2659/2659
f 2659/2659 2324/2324 2332/2332
f 2659/2659 2332/2332 2625/2625
f 2625/2625 2332/2332 2333/2333
f 2625/2625 2333/2333 2623/2623
f 2623/2623 2333/2333 2338/2338
f 2623/2623 2338/2338 2624/2624
f 3525/3525 3503/3503 3504/3504
f 3509/3509 3525/3525 3504/3504
f 3525/3525 3509/3509 3580/3580
f 3684/3684 3525/3525 3580/3580
f 2526/2526 2283/2283 2282/2282
f 2526/2526 2282/2282 2666/2666
f 2666/2666 2282/2282 2280/2280
f 2666/2666 2280/2280 2737/2737
f 2737/2737 2280/2280 2279/2279
f 2737/2737 2279/2279 2735/2735
f 2735/2735 2279/2279 2323/2323
f 2735/2735 2323/2323 2736/2736
f 3603/3603 3568/3568 3520/3520
f 3531/3531 3603/3603 3520/3520
f 3603/3603 3531/3531 3645/3645
f 3693/3693 3603/3603 3645/3645
f 2469/2469 2318/2318 2317/2317
f 2469/2469 2317/2317 2587/2587
f 2587/2587 2317/2317 2284/2284
f 2587/2587 2284/2284 2700/2700
f 2700/2700 2284/2284 2283/2283
f 2700/2700 2283/2283 2699/2699
f 3590/3590 3539/3539 3541/3541
f 3544/3544 3590/3590 3541/3541
f 3590/3590 3544/3544 3661/3661
f 3747/3747 3590/3590 3661/3661
f 2465/2465 2343/2343 2320/2320
f 2465/2465 2320/2320 2605/2605
f 2605/2605 2320/2320 2319/2319
f 2605/2605 2319/2319 2712/2712
f 2712/2712 2319/2319 2318/2318
f 2712/2712 2318/2318 2711/2711
f 3594/3594 3548/3548 3552/3552
f 3555/3555 3594/3594 3552/3552
f 3594/3594 3555/3555 3650/3650
f 3817/3817 3594/3594 3650/3650
f 2422/2422 2288/2288 2499/2499
f 2499/2499 2288/2288 2292/2292
f 2499/2499 2292/2292 2644/2644
f 2644/2644 2292/2292 2293/2293
f 2644/2644 2293/2293 2618/2618
f 2618/2618 2293/2293 2294/2294
f 2618/2618 2294/2294 2598/2598
f 2331/2331 2343/2343 2394/2394
f 2294/2294 2331/2331 2394/2394
f 2598/2598 2294/2294 2394/2394
f 2598/2598 2394/2394 2771/2771
f 4291/4291 4006/4006 4014/4014
f 4013/4013 4291/4291 4014/4014
f 4291/4291 4013/4013 4333/4333
f 1694/1694 1758/1758 1757/1757
f 3558/3558 3769/3769 3875/3875
f 3821/3821 3558/3558 3875/3875
f 2486/2486 2290/2290 2291/2291
f 2486/2486 2291/2291 2577/2577
f 2577/2577 2291/2291 2285/2285
f 2577/2577 2285/2285 2681/2681
f 2681/2681 2285/2285 2286/2286
f 2681/2681 2286/2286 2679/2679
f 2679/2679 2286/2286 2287/2287
f 2679/2679 2287/2287 2680/2680
f 4255/4255 4019/4019 4021/4021
f 4023/4023 4255/4255 4021/4021
f 4255/4255 4023/4023 4271/4271
f 4372/4372 4255/4255 4271/4271
f 3769/3769 3787/3787 3790/3790
f 3875/3875 3769/3769 3790/3790
f 2508/2508 2312/2312 2295/2295
f 2508/2508 2295/2295 2669/2669
f 2669/2669 2295/2295 2289/2289
f 2669/2669 2289/2289 2668/2668
f 2668/2668 2289/2289 2290/2290
f 2668/2668 2290/2290 2667/2667
f 4166/4166 4028/4028 4029/4029
f 4032/4032 4166/4166 4029/4029
f 4166/4166 4032/4032 4174/4174
f 4310/4310 4166/4166 4174/4174
f 2459/2459 2358/2358 2342/2342
f 2459/2459 2342/2342 2509/2509
f 2509/2509 2342/2342 2341/2341
f 2509/2509 2341/2341 2583/2583
f 2583/2583 2341/2341 2337/2337
f 2583/2583 2337/2337 2626/2626
f 2061/2061 2312/2312 2426/2426
f 2337/2337 2061/2061 2426/2426
f 2626/2626 2337/2337 2426/2426
f 2626/2626 2426/2426 2719/2719
f 4168/4168 4062/4062 4043/4043
f 4061/4061 4168/4168 4043/4043
f 4168/4168 4061/4061 4250/4250
f 1662/1662 1771/1771 1741/1741
f 2361/2361 2390/2390 2428/2428
f 2427/2427 2361/2361 2428/2428
f 2390/2390 2358/2358 2429/2429
f 2428/2428 2390/2390 2429/2429
f 2477/2477 2428/2428 2429/2429
f 2477/2477 2429/2429 2689/2689
f 4164/4164 4059/4059 4056/4056
f 4063/4063 4164/4164 4056/4056
f 4164/4164 4063/4063 4175/4175
f 4341/4341 4164/4164 4175/4175
f 2440/2440 2033/2033 2439/2439
f 2441/2441 2440/2440 2439/2439
f 4172/4172 4065/4065 4075/4075
f 4136/4136 4172/4172 4075/4075
f 4172/4172 4136/4136 4246/4246
f 4358/4358 4172/4172 4246/4246
f 2535/2535 2018/2018 2020/2020
f 2535/2535 2020/2020 2609/2609
f 2609/2609 2020/2020 2022/2022
f 2609/2609 2022/2022 2692/2692
f 2023/2023 2420/2420 2529/2529
f 2022/2022 2023/2023 2529/2529
f 2692/2692 2022/2022 2529/2529
f 2692/2692 2529/2529 2853/2853
f 2420/2420 2444/2444 2582/2582
f 2529/2529 2420/2420 2582/2582
f 2529/2529 2582/2582 2701/2701
f 2853/2853 2529/2529 2701/2701
f 2444/2444 2440/2440 2476/2476
f 2582/2582 2444/2444 2476/2476
f 2701/2701 2582/2582 2476/2476
f 957/957 961/961 956/956
f 4141/4141 4086/4086 4170/4170
f 4317/4317 4141/4141 4170/4170
f 2014/2014 2016/2016 2815/2815
f 3104/3104 2014/2014 2815/2815
f 2016/2016 2018/2018 2534/2534
f 2815/2815 2016/2016 2534/2534
f 3076/3076 2815/2815 2534/2534
f 559/559 558/558 547/547
f 4162/4162 4095/4095 4096/4096
f 4135/4135 4162/4162 4096/4096
f 4162/4162 4135/4135 4169/4169
f 4330/4330 4162/4162 4169/4169
f 1999/1999 1992/1992 1993/1993
f 1999/1999 1993/1993 2009/2009
f 2009/2009 1993/1993 1994/1994
f 2009/2009 1994/1994 2013/2013
f 3104/3104 2815/2815 2776/2776
f 1994/1994 3104/3104 2776/2776
f 2013/2013 1994/1994 2776/2776
f 2013/2013 2776/2776 2863/2863
f 4110/4110 4109/4109 4167/4167
f 4296/4296 4110/4110 4167/4167
f 1996/1996 1987/1987 1988/1988
f 1996/1996 1988/1988 2001/2001
f 2001/2001 1988/1988 1990/1990
f 2001/2001 1990/1990 2003/2003
f 2003/2003 1990/1990 1991/1991
f 2003/2003 1991/1991 2006/2006
f 1981/1981 1992/1992 1995/1995
f 1991/1991 1981/1981 1995/1995
f 2006/2006 1991/1991 1995/1995
f 2006/2006 1995/1995 2010/2010
f 4161/4161 4133/4133 4173/4173
f 4282/4282 4161/4161 4173/4173
f 1997/1997 1985/1985 1986/1986
f 1997/1997 1986/1986 2002/2002
f 2002/2002 1986/1986 1989/1989
f 2002/2002 1989/1989 2007/2007
f 2007/2007 1989/1989 1987/1987
f 2007/2007 1987/1987 2008/2008
f 4171/4171 4131/4131 4138/4138
f 4149/4149 4171/4171 4138/4138
f 4171/4171 4149/4149 4254/4254
f 4370/4370 4171/4171 4254/4254
f 1998/1998 1983/1983 2000/2000
f 2000/2000 1983/1983 1984/1984
f 2000/2000 1984/1984 2004/2004
f 2004/2004 1984/1984 1985/1985
f 2004/2004 1985/1985 2005/2005
f 4243/4243 4165/4165 4154/4154
f 4157/4157 4243/4243 4154/4154
f 4243/4243 4157/4157 4348/4348
f 1586/1586 1663/1663 1587/1587
f 4165/4165 4148/4148 4150/4150
f 4154/4154 4165/4165 4150/4150
f 4332/4332 4163/4163 4178/4178
f 4179/4179 4332/4332 4178/4178
f 20/20 22/22 21/21
f 171/171 214/214 167/167
f 171/171 167/167 161/161
f 4214/4214 4325/4325 4209/4209
f 4325/4325 4214/4214 4343/4343
f 4449/4449 4325/4325 4343/4343
f 4325/4325 4225/4225 4206/4206
f 4209/4209 4325/4325 4206/4206
f 4272/4272 4216/4216 4229/4229
f 4230/4230 4272/4272 4229/4229
f 4272/4272 4230/4230 4273/4273
f 4398/4398 4272/4272 4273/4273
f 4241/4241 4232/4232 4235/4235
f 4237/4237 4241/4241 4235/4235
f 2346/2346 2347/2347 2349/2349
f 2350/2350 2346/2346 2349/2349
f 2349/2349 2347/2347 2351/2351
f 2349/2349 2351/2351 2352/2352
f 2351/2351 2470/2470 2355/2355
f 2352/2352 2351/2351 2355/2355
f 2470/2470 2603/2603 2430/2430
f 2355/2355 2470/2470 2430/2430
f 2603/2603 2971/2971 2483/2483
f 2430/2430 2603/2603 2483/2483
f 2971/2971 3202/3202 2970/2970
f 2483/2483 2971/2971 2970/2970
f 2970/2970 3202/3202 3240/3240
f 2970/2970 3240/3240 3236/3236
f 2615/2615 2362/2362 2266/2266
f 2615/2615 2266/2266 2688/2688
f 2688/2688 2266/2266 2255/2255
f 2688/2688 2255/2255 2687/2687
f 2255/2255 2256/2256 2443/2443
f 2687/2687 2255/2255 2443/2443
f 2256/2256 2262/2262 2345/2345
f 2443/2443 2256/2256 2345/2345
f 5560/5560 5561/5561 5563/5563
f 5564/5564 5560/5560 5563/5563
f 5563/5563 5561/5561 5777/5777
f 2734/2734 2393/2393 2363/2363
f 2734/2734 2363/2363 2796/2796
f 2796/2796 2363/2363 2362/2362
f 2796/2796 2362/2362 2793/2793
f 2788/2788 2453/2453 2451/2451
f 2788/2788 2451/2451 2452/2452
f 2788/2788 2452/2452 2837/2837
f 2336/2336 2393/2393 2633/2633
f 2452/2452 2336/2336 2633/2633
f 2837/2837 2452/2452 2633/2633
f 2837/2837 2633/2633 2838/2838
f 5582/5582 5672/5672 5583/5583
f 2792/2792 2519/2519 2493/2493
f 2792/2792 2493/2493 2491/2491
f 2792/2792 2491/2491 2868/2868
f 2868/2868 2491/2491 2492/2492
f 2868/2868 2492/2492 2867/2867
f 2434/2434 2453/2453 2713/2713
f 2492/2492 2434/2434 2713/2713
f 2867/2867 2492/2492 2713/2713
f 2867/2867 2713/2713 2929/2929
f 5583/5583 5672/5672 5667/5667
f 5583/5583 5667/5667 5585/5585
f 2778/2778 2588/2588 2803/2803
f 2803/2803 2588/2588 2592/2592
f 2803/2803 2592/2592 2843/2843
f 2843/2843 2592/2592 2593/2593
f 2843/2843 2593/2593 2895/2895
f 2503/2503 2519/2519 2702/2702
f 2593/2593 2503/2503 2702/2702
f 2895/2895 2593/2593 2702/2702
f 2895/2895 2702/2702 2981/2981
f 5585/5585 5667/5667 5666/5666
f 5585/5585 5666/5666 5665/5665
f 2821/2821 2650/2650 2648/2648
f 2821/2821 2648/2648 2888/2888
f 2498/2498 2588/2588 2649/2649
f 2648/2648 2498/2498 2649/2649
f 2888/2888 2648/2648 2649/2649
f 2888/2888 2649/2649 3030/3030
f 3999/3999 4480/4480 3977/3977
f 3999/3999 3977/3977 3962/3962
f 2898/2898 2578/2578 2579/2579
f 2898/2898 2579/2579 2591/2591
f 2898/2898 2591/2591 2987/2987
f 2438/2438 2564/2564 2820/2820
f 2591/2591 2438/2438 2820/2820
f 2987/2987 2591/2591 2820/2820
f 2987/2987 2820/2820 3094/3094
f 2564/2564 2650/2650 2821/2821
f 2820/2820 2564/2564 2821/2821
f 3094/3094 2820/2820 2821/2821
f 3094/3094 2821/2821 3106/3106
f 3961/3961 3978/3978 3907/3907
f 3961/3961 3907/3907 3858/3858
f 2813/2813 2630/2630 2595/2595
f 2813/2813 2595/2595 2932/2932
f 2932/2932 2595/2595 2594/2594
f 2932/2932 2594/2594 2945/2945
f 2395/2395 2489/2489 2789/2789
f 2594/2594 2395/2395 2789/2789
f 2945/2945 2594/2594 2789/2789
f 2945/2945 2789/2789 3082/3082
f 2489/2489 2578/2578 2790/2790
f 2789/2789 2489/2489 2790/2790
f 3082/3082 2789/2789 2790/2790
f 3631/3631 3870/3870 3417/3417
f 3631/3631 3417/3417 3382/3382
f 2777/2777 2568/2568 2670/2670
f 2777/2777 2670/2670 2860/2860
f 2860/2860 2670/2670 2671/2671
f 2860/2860 2671/2671 2906/2906
f 2570/2570 2630/2630 2765/2765
f 2671/2671 2570/2570 2765/2765
f 2906/2906 2671/2671 2765/2765
f 2906/2906 2765/2765 3069/3069
f 3385/3385 3386/3386 3387/3387
f 3385/3385 3387/3387 3391/3391
f 2848/2848 2602/2602 2601/2601
f 2848/2848 2601/2601 2911/2911
f 2911/2911 2601/2601 2599/2599
f 2911/2911 2599/2599 2912/2912
f 2474/2474 2568/2568 2600/2600
f 2599/2599 2474/2474 2600/2600
f 2912/2912 2599/2599 2600/2600
f 2912/2912 2600/2600 3045/3045
f 3415/3415 3407/3407 3406/3406
f 3613/3613 3415/3415 3604/3604
f 2924/2924 2539/2539 2540/2540
f 2924/2924 2540/2540 3050/3050
f 3050/3050 2540/2540 2567/2567
f 3050/3050 2567/2567 3049/3049
f 2482/2482 2602/2602 2804/2804
f 2567/2567 2482/2482 2804/2804
f 3049/3049 2567/2567 2804/2804
f 3049/3049 2804/2804 3129/3129
f 3627/3627 3641/3641 3585/3585
f 3641/3641 3627/3627 3642/3642
f 3835/3835 3641/3641 3642/3642
f 3641/3641 3584/3584 3585/3585
f 2904/2904 2614/2614 2613/2613
f 2904/2904 2613/2613 2574/2574
f 2904/2904 2574/2574 3092/3092
f 3092/3092 2574/2574 2575/2575
f 2433/2433 2539/2539 2840/2840
f 2575/2575 2433/2433 2840/2840
f 3092/3092 2575/2575 2840/2840
f 3092/3092 2840/2840 3180/3180
f 3666/3666 3665/3665 3602/3602
f 3615/3615 3666/3666 3602/3602
f 3666/3666 3615/3615 3711/3711
f 3917/3917 3666/3666 3711/3711
f 3665/3665 3626/3626 3530/3530
f 3602/3602 3665/3665 3530/3530
f 2846/2846 2672/2672 2696/2696
f 2846/2846 2696/2696 2978/2978
f 2978/2978 2696/2696 2697/2697
f 2978/2978 2697/2697 3027/3027
f 2504/2504 2614/2614 2772/2772
f 2697/2697 2504/2504 2772/2772
f 3027/3027 2697/2697 2772/2772
f 3027/3027 2772/2772 3149/3149
f 3672/3672 3671/3671 3573/3573
f 3620/3620 3672/3672 3573/3573
f 3672/3672 3620/3620 3720/3720
f 3947/3947 3672/3672 3720/3720
f 3671/3671 3624/3624 3573/3573
f 2881/2881 2730/2730 2707/2707
f 2881/2881 2707/2707 2973/2973
f 2538/2538 2672/2672 2708/2708
f 2707/2707 2538/2538 2708/2708
f 2973/2973 2707/2707 2708/2708
f 2973/2973 2708/2708 3080/3080
f 3675/3675 3674/3674 3578/3578
f 3648/3648 3675/3675 3578/3578
f 3675/3675 3648/3648 3772/3772
f 1585/1585 1638/1638 1596/1596
f 3674/3674 3630/3630 3578/3578
f 3015/3015 2718/2718 2717/2717
f 3015/3015 2717/2717 3079/3079
f 2562/2562 2730/2730 2880/2880
f 2717/2717 2562/2562 2880/2880
f 3079/3079 2717/2717 2880/2880
f 3079/3079 2880/2880 3142/3142
f 3809/3809 3757/3757 3698/3698
f 3729/3729 3809/3809 3698/3698
f 3809/3809 3729/3729 3851/3851
f 1519/1519 1571/1571 1543/1543
f 3757/3757 3756/3756 3647/3647
f 3698/3698 3757/3757 3647/3647
f 3756/3756 3699/3699 3647/3647
f 2998/2998 2783/2783 2715/2715
f 2998/2998 2715/2715 2714/2714
f 2998/2998 2714/2714 3105/3105
f 2392/2392 2517/2517 2947/2947
f 2714/2714 2392/2392 2947/2947
f 3105/3105 2714/2714 2947/2947
f 3105/3105 2947/2947 3160/3160
f 2517/2517 2718/2718 2948/2948
f 2947/2947 2517/2517 2948/2948
f 3160/3160 2947/2947 2948/2948
f 3160/3160 2948/2948 3213/3213
f 3730/3730 3731/3731 3605/3605
f 3669/3669 3730/3730 3605/3605
f 3730/3730 3669/3669 3732/3732
f 1535/1535 1639/1639 1562/1562
f 3731/3731 3729/3729 3605/3605
f 2876/2876 2786/2786 2828/2828
f 2876/2876 2828/2828 3010/3010
f 3010/3010 2828/2828 2829/2829
f 3010/3010 2829/2829 3085/3085
f 2656/2656 2783/2783 2919/2919
f 2829/2829 2656/2656 2919/2919
f 3085/3085 2829/2829 2919/2919
f 3085/3085 2919/2919 3177/3177
f 3707/3707 3708/3708 3579/3579
f 3652/3652 3707/3707 3579/3579
f 3707/3707 3652/3652 3709/3709
f 3958/3958 3707/3707 3709/3709
f 2956/2956 2784/2784 2785/2785
f 2956/2956 2785/2785 2991/2991
f 2632/2632 2786/2786 2787/2787
f 2785/2785 2632/2632 2787/2787
f 2991/2991 2785/2785 2787/2787
f 2991/2991 2787/2787 3132/3132
f 3734/3734 3662/3662 3577/3577
f 3637/3637 3734/3734 3577/3577
f 3734/3734 3637/3637 3784/3784
f 1547/1547 1660/1660 1564/1564
f 3025/3025 2651/2651 2652/2652
f 3025/3025 2652/2652 3093/3093
f 2485/2485 2628/2628 2886/2886
f 2652/2652 2485/2485 2886/2886
f 3093/3093 2652/2652 2886/2886
f 3093/3093 2886/2886 3169/3169
f 2628/2628 2784/2784 2887/2887
f 2886/2886 2628/2628 2887/2887
f 3169/3169 2886/2886 2887/2887
f 3169/3169 2887/2887 3207/3207
f 3759/3759 3758/3758 3609/3609
f 3644/3644 3759/3759 3609/3609
f 3759/3759 3644/3644 3838/3838
f 1511/1511 1573/1573 1534/1534
f 3758/3758 3638/3638 3522/3522
f 3609/3609 3758/3758 3522/3522
f 2964/2964 2659/2659 2625/2625
f 2964/2964 2625/2625 2623/2623
f 2964/2964 2623/2623 3116/3116
f 3116/3116 2623/2623 2624/2624
f 3116/3116 2624/2624 3130/3130
f 2423/2423 2494/2494 2922/2922
f 2624/2624 2423/2423 2922/2922
f 3130/3130 2624/2624 2922/2922
f 3130/3130 2922/2922 3200/3200
f 2494/2494 2651/2651 2923/2923
f 2922/2922 2494/2494 2923/2923
f 3200/3200 2922/2922 2923/2923
f 1816/1816 1866/1866 1815/1815
f 3754/3754 3753/3753 3651/3651
f 3694/3694 3754/3754 3651/3651
f 3754/3754 3694/3694 3819/3819
f 1514/1514 1566/1566 1540/1540
f 3753/3753 3684/3684 3580/3580
f 3651/3651 3753/3753 3580/3580
f 2962/2962 2737/2737 2735/2735
f 2962/2962 2735/2735 2736/2736
f 2962/2962 2736/2736 3078/3078
f 2520/2520 2659/2659 2892/2892
f 2736/2736 2520/2520 2892/2892
f 3078/3078 2736/2736 2892/2892
f 3078/3078 2892/2892 3170/3170
f 3775/3775 3774/3774 3645/3645
f 3680/3680 3775/3775 3645/3645
f 3775/3775 3680/3680 3845/3845
f 1537/1537 1576/1576 1575/1575
f 3774/3774 3693/3693 3645/3645
f 2950/2950 2700/2700 2699/2699
f 2950/2950 2699/2699 2990/2990
f 2526/2526 2666/2666 2834/2834
f 2699/2699 2526/2526 2834/2834
f 2990/2990 2699/2699 2834/2834
f 2990/2990 2834/2834 3144/3144
f 2666/2666 2737/2737 2835/2835
f 2834/2834 2666/2666 2835/2835
f 3144/3144 2834/2834 2835/2835
f 3144/3144 2835/2835 3231/3231
f 3827/3827 3747/3747 3661/3661
f 3721/3721 3827/3827 3661/3661
f 3827/3827 3721/3721 3873/3873
f 1567/1567 1616/1616 1584/1584
f 2986/2986 2712/2712 2711/2711
f 2986/2986 2711/2711 3044/3044
f 2469/2469 2587/2587 2851/2851
f 2711/2711 2469/2469 2851/2851
f 3044/3044 2711/2711 2851/2851
f 3044/3044 2851/2851 3148/3148
f 2587/2587 2700/2700 2850/2850
f 2851/2851 2587/2587 2850/2850
f 3148/3148 2851/2851 2850/2850
f 3148/3148 2850/2850 3218/3218
f 3925/3925 3894/3894 3820/3820
f 3821/3821 3925/3925 3820/3820
f 3925/3925 3821/3821 3933/3933
f 1594/1594 1652/1652 1793/1793
f 3894/3894 3817/3817 3650/3650
f 3820/3820 3894/3894 3650/3650
f 3011/3011 2644/2644 2618/2618
f 3011/3011 2618/2618 2598/2598
f 3011/3011 2598/2598 3113/3113
f 3113/3113 2598/2598 2771/2771
f 3113/3113 2771/2771 3133/3133
f 2465/2465 2605/2605 2957/2957
f 2771/2771 2465/2465 2957/2957
f 3133/3133 2771/2771 2957/2957
f 3133/3133 2957/2957 3209/3209
f 2605/2605 2712/2712 2986/2986
f 2957/2957 2605/2605 2986/2986
f 3209/3209 2957/2957 2986/2986
f 1824/1824 1849/1849 1823/1823
f 1603/1603 1694/1694 1757/1757
f 1762/1762 1603/1603 1757/1757
f 1603/1603 1762/1762 1531/1531
f 1482/1482 1603/1603 1531/1531
f 3821/3821 3875/3875 3931/3931
f 3933/3933 3821/3821 3931/3931
f 2913/2913 2681/2681 2679/2679
f 2913/2913 2679/2679 2680/2680
f 2913/2913 2680/2680 3068/3068
f 2422/2422 2499/2499 2884/2884
f 2680/2680 2422/2422 2884/2884
f 3068/3068 2680/2680 2884/2884
f 3068/3068 2884/2884 3150/3150
f 2499/2499 2644/2644 2920/2920
f 2884/2884 2499/2499 2920/2920
f 3150/3150 2884/2884 2920/2920
f 3150/3150 2920/2920 3208/3208
f 4374/4374 4373/4373 4271/4271
f 4287/4287 4374/4374 4271/4271
f 1577/1577 1768/1768 1520/1520
f 1444/1444 1577/1577 1520/1520
f 4373/4373 4372/4372 4271/4271
f 3932/3932 3875/3875 3790/3790
f 2832/2832 2669/2669 2668/2668
f 2832/2832 2668/2668 2914/2914
f 2914/2914 2668/2668 2667/2667
f 2914/2914 2667/2667 2963/2963
f 2486/2486 2577/2577 2805/2805
f 2667/2667 2486/2486 2805/2805
f 2963/2963 2667/2667 2805/2805
f 2963/2963 2805/2805 3114/3114
f 2577/2577 2681/2681 2830/2830
f 2805/2805 2577/2577 2830/2830
f 3114/3114 2805/2805 2830/2830
f 3114/3114 2830/2830 3199/3199
f 1521/1521 1608/1608 1760/1760
f 1724/1724 1521/1521 1760/1760
f 1521/1521 1724/1724 1481/1481
f 1422/1422 1521/1521 1481/1481
f 1608/1608 1723/1723 1772/1772
f 1760/1760 1608/1608 1772/1772
f 2865/2865 2626/2626 2719/2719
f 2865/2865 2719/2719 2931/2931
f 2508/2508 2669/2669 2831/2831
f 2719/2719 2508/2508 2831/2831
f 2931/2931 2719/2719 2831/2831
f 2931/2931 2831/2831 3089/3089
f 1503/1503 1565/1565 1740/1740
f 1693/1693 1503/1503 1740/1740
f 1503/1503 1693/1693 1474/1474
f 1380/1380 1503/1503 1474/1474
f 1565/1565 1662/1662 1741/1741
f 1740/1740 1565/1565 1741/1741
f 2459/2459 2509/2509 2691/2691
f 2689/2689 2459/2459 2691/2691
f 2690/2690 2689/2689 2691/2691
f 2509/2509 2583/2583 2866/2866
f 2691/2691 2509/2509 2866/2866
f 3134/3134 2691/2691 2866/2866
f 2583/2583 2626/2626 2865/2865
f 2866/2866 2583/2583 2865/2865
f 3205/3205 2866/2866 2865/2865
f 1545/1545 1619/1619 1761/1761
f 1743/1743 1545/1545 1761/1761
f 1545/1545 1743/1743 1467/1467
f 1387/1387 1545/1545 1467/1467
f 1619/1619 1692/1692 1767/1767
f 1761/1761 1619/1619 1767/1767
f 954/954 952/952 953/953
f 955/955 954/954 953/953
f 1552/1552 1617/1617 1763/1763
f 1744/1744 1552/1552 1763/1763
f 1552/1552 1744/1744 1504/1504
f 1384/1384 1552/1552 1504/1504
f 1617/1617 1696/1696 1764/1764
f 1763/1763 1617/1617 1764/1764
f 1510/1510 1574/1574 1737/1737
f 1722/1722 1510/1510 1737/1737
f 1510/1510 1722/1722 1480/1480
f 1368/1368 1510/1510 1480/1480
f 1574/1574 1669/1669 1747/1747
f 1737/1737 1574/1574 1747/1747
f 1669/1669 1730/1730 1765/1765
f 1747/1747 1669/1669 1765/1765
f 555/555 544/544 545/545
f 547/547 555/555 545/545
f 544/544 542/542 532/532
f 545/545 544/544 532/532
f 542/542 543/543 530/530
f 532/532 542/542 530/530
f 2853/2853 2701/2701 3204/3204
f 530/530 543/543 561/561
f 876/876 941/941 931/931
f 1524/1524 1599/1599 1756/1756
f 1732/1732 1524/1524 1756/1756
f 1524/1524 1732/1732 1484/1484
f 1397/1397 1524/1524 1484/1484
f 1599/1599 1681/1681 1759/1759
f 1756/1756 1599/1599 1759/1759
f 2847/2847 2013/2013 2863/2863
f 2847/2847 2863/2863 3016/3016
f 559/559 547/547 548/548
f 2863/2863 3076/3076 3024/3024
f 3016/3016 2863/2863 3024/3024
f 518/518 548/548 516/516
f 547/547 545/545 522/522
f 548/548 547/547 522/522
f 516/516 548/548 522/522
f 522/522 545/545 532/532
f 522/522 532/532 521/521
f 522/522 521/521 506/506
f 516/516 522/522 506/506
f 521/521 532/532 530/530
f 521/521 530/530 529/529
f 521/521 529/529 507/507
f 506/506 521/521 507/507
f 1557/1557 1642/1642 1774/1774
f 1736/1736 1557/1557 1774/1774
f 1557/1557 1736/1736 1505/1505
f 1463/1463 1557/1557 1505/1505
f 1642/1642 1731/1731 1781/1781
f 1774/1774 1642/1642 1781/1781
f 2704/2704 2006/2006 2010/2010
f 2704/2704 2010/2010 2812/2812
f 1999/1999 2009/2009 2733/2733
f 2010/2010 1999/1999 2733/2733
f 2812/2812 2010/2010 2733/2733
f 2812/2812 2733/2733 3070/3070
f 2009/2009 2013/2013 2773/2773
f 2733/2733 2009/2009 2773/2773
f 3070/3070 2733/2733 2773/2773
f 520/520 557/557 519/519
f 1578/1578 1670/1670 1773/1773
f 1752/1752 1578/1578 1773/1773
f 1578/1578 1752/1752 1513/1513
f 1400/1400 1578/1578 1513/1513
f 1670/1670 1734/1734 1776/1776
f 1773/1773 1670/1670 1776/1776
f 2731/2731 2007/2007 2008/2008
f 2731/2731 2008/2008 2779/2779
f 1996/1996 2001/2001 2693/2693
f 2008/2008 1996/1996 2693/2693
f 2779/2779 2008/2008 2693/2693
f 2779/2779 2693/2693 2879/2879
f 2001/2001 2003/2003 2698/2698
f 2693/2693 2001/2001 2698/2698
f 2879/2879 2693/2693 2698/2698
f 2879/2879 2698/2698 3088/3088
f 2003/2003 2006/2006 2703/2703
f 2698/2698 2003/2003 2703/2703
f 3088/3088 2698/2698 2703/2703
f 3088/3088 2703/2703 3157/3157
f 1485/1485 1544/1544 1690/1690
f 1589/1589 1485/1485 1690/1690
f 1485/1485 1589/1589 1414/1414
f 1544/1544 1627/1627 1725/1725
f 1690/1690 1544/1544 1725/1725
f 1627/1627 1729/1729 1750/1750
f 1725/1725 1627/1627 1750/1750
f 2709/2709 2004/2004 2005/2005
f 2709/2709 2005/2005 2767/2767
f 1997/1997 2002/2002 2694/2694
f 2005/2005 1997/1997 2694/2694
f 2767/2767 2005/2005 2694/2694
f 2767/2767 2694/2694 2854/2854
f 2002/2002 2007/2007 2695/2695
f 2694/2694 2002/2002 2695/2695
f 2854/2854 2694/2694 2695/2695
f 2854/2854 2695/2695 3066/3066
f 1522/1522 1586/1586 1587/1587
f 1588/1588 1522/1522 1587/1587
f 1404/1404 1522/1522 1588/1588
f 1998/1998 2000/2000 2011/2011
f 2716/2716 2011/2011 2870/2870
f 2000/2000 2004/2004 2012/2012
f 2011/2011 2000/2000 2012/2012
f 2870/2870 2011/2011 2012/2012
f 2870/2870 2012/2012 3115/3115
f 18/18 19/19 17/17
f 18/18 17/17 15/15
f 540/540 513/513 539/539
f 513/513 540/540 512/512
f 496/496 513/513 512/512
f 15/15 17/17 16/16
f 4440/4440 4439/4439 4355/4355
f 4398/4398 4440/4440 4355/4355
f 4440/4440 4398/4398 4441/4441
f 514/514 527/527 526/526
f 4439/4439 4449/4449 4343/4343
f 4355/4355 4439/4439 4343/4343
f 15/15 16/16 14/14
f 15/15 14/14 6/6
f 4411/4411 4398/4398 4273/4273
f 4324/4324 4411/4411 4273/4273
f 4411/4411 4324/4324 4412/4412
f 4450/4450 4411/4411 4412/4412
f 14/14 13/13 6/6
f 6/6 13/13 8/8
f 6/6 8/8 4/4
f 4/4 8/8 9/9
f 4/4 9/9 3/3
f 9/9 11/11 3/3
f 11/11 10/10 2/2
f 2/2 10/10 1/1
f 1/1 10/10 12/12
f 2416/2416 2472/2472 2544/2544
f 2416/2416 2544/2544 2478/2478
f 2478/2478 2544/2544 2726/2726
f 2463/2463 2350/2350 2349/2349
f 2463/2463 2349/2349 2462/2462
f 2349/2349 2352/2352 2353/2353
f 2462/2462 2349/2349 2353/2353
f 2352/2352 2355/2355 2354/2354
f 2353/2353 2352/2352 2354/2354
f 2355/2355 2430/2430 2356/2356
f 2354/2354 2355/2355 2356/2356
f 2430/2430 2483/2483 2369/2369
f 2356/2356 2430/2430 2369/2369
f 2726/2726 3236/3236 3153/3153
f 5566/5566 5564/5564 5565/5565
f 2896/2896 2687/2687 2443/2443
f 2896/2896 2443/2443 2897/2897
f 2897/2897 2443/2443 2345/2345
f 2897/2897 2345/2345 2858/2858
f 5565/5565 5777/5777 5577/5577
f 5577/5577 5777/5777 5760/5760
f 5577/5577 5760/5760 5574/5574
f 5574/5574 5760/5760 5579/5579
f 5574/5574 5579/5579 5575/5575
f 2877/2877 2796/2796 2793/2793
f 2877/2877 2793/2793 2905/2905
f 2615/2615 2688/2688 2857/2857
f 2793/2793 2615/2615 2857/2857
f 2905/2905 2793/2793 2857/2857
f 2905/2905 2857/2857 2994/2994
f 2688/2688 2687/2687 2857/2857
f 2994/2994 2857/2857 2995/2995
f 5575/5575 5579/5579 5580/5580
f 2928/2928 2837/2837 2838/2838
f 2734/2734 2796/2796 2878/2878
f 2838/2838 2734/2734 2878/2878
f 2928/2928 2838/2838 2878/2878
f 2928/2928 2878/2878 3046/3046
f 2980/2980 2868/2868 2867/2867
f 2980/2980 2867/2867 2929/2929
f 2980/2980 2929/2929 3067/3067
f 2929/2929 2788/2788 2930/2930
f 3067/3067 2929/2929 2930/2930
f 3067/3067 2930/2930 3154/3154
f 2788/2788 2837/2837 2927/2927
f 2930/2930 2788/2788 2927/2927
f 3154/3154 2930/2930 2927/2927
f 3154/3154 2927/2927 3206/3206
f 5669/5669 5581/5581 5584/5584
f 5669/5669 5584/5584 5587/5587
f 3031/3031 2895/2895 2981/2981
f 3031/3031 2981/2981 3081/3081
f 2981/2981 2792/2792 2982/2982
f 3081/3081 2981/2981 2982/2982
f 3081/3081 2982/2982 3155/3155
f 2792/2792 2868/2868 2979/2979
f 2982/2982 2792/2792 2979/2979
f 3155/3155 2982/2982 2979/2979
f 3155/3155 2979/2979 3216/3216
f 5587/5587 5584/5584 5586/5586
f 5587/5587 5586/5586 5588/5588
f 2778/2778 2803/2803 3086/3086
f 3030/3030 2778/2778 3086/3086
f 3119/3119 3030/3030 3086/3086
f 2803/2803 2843/2843 3032/3032
f 3086/3086 2803/2803 3032/3032
f 3119/3119 3086/3086 3032/3032
f 3119/3119 3032/3032 3184/3184
f 2843/2843 2895/2895 3031/3031
f 3032/3032 2843/2843 3031/3031
f 3184/3184 3032/3032 3031/3031
f 1819/1819 1851/1851 1818/1818
f 3980/3980 4483/4483 3959/3959
f 3980/3980 3959/3959 3899/3899
f 3137/3137 3094/3094 3106/3106
f 2821/2821 2888/2888 3102/3102
f 3106/3106 2821/2821 3102/3102
f 3137/3137 3106/3106 3102/3102
f 3137/3137 3102/3102 3186/3186
f 2888/2888 3030/3030 3102/3102
f 3186/3186 3102/3102 3185/3185
f 3859/3859 3961/3961 3858/3858
f 3859/3859 3858/3858 3373/3373
f 3127/3127 3082/3082 3128/3128
f 3082/3082 2898/2898 3138/3138
f 3128/3128 3082/3082 3138/3138
f 3128/3128 3138/3138 3139/3139
f 2898/2898 2987/2987 3136/3136
f 3138/3138 2898/2898 3136/3136
f 3139/3139 3138/3138 3136/3136
f 3139/3139 3136/3136 3214/3214
f 2987/2987 3094/3094 3136/3136
f 3214/3214 3136/3136 3215/3215
f 3377/3377 3419/3419 3380/3380
f 3111/3111 3069/3069 3112/3112
f 2813/2813 2932/2932 3101/3101
f 3069/3069 2813/2813 3101/3101
f 3112/3112 3069/3069 3101/3101
f 3112/3112 3101/3101 3191/3191
f 2932/2932 2945/2945 3101/3101
f 2945/2945 3082/3082 3127/3127
f 3101/3101 2945/2945 3127/3127
f 3191/3191 3101/3101 3127/3127
f 1684/1684 1831/1831 1621/1621
f 3400/3400 3385/3385 3391/3391
f 3393/3393 3400/3400 3391/3391
f 3400/3400 3393/3393 3411/3411
f 3390/3390 3400/3400 3411/3411
f 3124/3124 3045/3045 3125/3125
f 2777/2777 2860/2860 3110/3110
f 3045/3045 2777/2777 3110/3110
f 3125/3125 3045/3045 3110/3110
f 3125/3125 3110/3110 3141/3141
f 2860/2860 2906/2906 3110/3110
f 2906/2906 3069/3069 3111/3111
f 3110/3110 2906/2906 3111/3111
f 3141/3141 3110/3110 3111/3111
f 1778/1778 1832/1832 1685/1685
f 3805/3805 3735/3735 3691/3691
f 3742/3742 3805/3805 3691/3691
f 3805/3805 3742/3742 3857/3857
f 1491/1491 1570/1570 1508/1508
f 3735/3735 3704/3704 3623/3623
f 3691/3691 3735/3735 3623/3623
f 3704/3704 3613/3613 3604/3604
f 3623/3623 3704/3704 3604/3604
f 2848/2848 2911/2911 3120/3120
f 3129/3129 2848/2848 3120/3120
f 3126/3126 3129/3129 3120/3120
f 3126/3126 3120/3120 3121/3121
f 2911/2911 2912/2912 3103/3103
f 3120/3120 2911/2911 3103/3103
f 3121/3121 3120/3120 3103/3103
f 3121/3121 3103/3103 3122/3122
f 2912/2912 3045/3045 3103/3103
f 3122/3122 3103/3103 3123/3123
f 3890/3890 3872/3872 3682/3682
f 3813/3813 3890/3890 3682/3682
f 3890/3890 3813/3813 3918/3918
f 1423/1423 1530/1530 1451/1451
f 3872/3872 3835/3835 3642/3642
f 3682/3682 3872/3872 3642/3642
f 3180/3180 2924/2924 3183/3183
f 2924/2924 3050/3050 3176/3176
f 3183/3183 2924/2924 3176/3176
f 3183/3183 3176/3176 3182/3182
f 3050/3050 3049/3049 3176/3176
f 3049/3049 3129/3129 3126/3126
f 3176/3176 3049/3049 3126/3126
f 3182/3182 3176/3176 3126/3126
f 1611/1611 1783/1783 1345/1345
f 1407/1407 1447/1447 1674/1674
f 1673/1673 1407/1407 1674/1674
f 3954/3954 3949/3949 3770/3770
f 3811/3811 3954/3954 3770/3770
f 3949/3949 3917/3917 3711/3711
f 3770/3770 3949/3949 3711/3711
f 3149/3149 2904/2904 3179/3179
f 2904/2904 3092/3092 3179/3179
f 1726/1726 1877/1877 1656/1656
f 3179/3179 3092/3092 3181/3181
f 1656/1656 1877/1877 1811/1811
f 1656/1656 1811/1811 1630/1630
f 3092/3092 3180/3180 3181/3181
f 1630/1630 1811/1811 1629/1629
f 1427/1427 1477/1477 1607/1607
f 1606/1606 1427/1427 1607/1607
f 1477/1477 1523/1523 1640/1640
f 1607/1607 1477/1477 1640/1640
f 1523/1523 1615/1615 1641/1641
f 1640/1640 1523/1523 1641/1641
f 3080/3080 2846/2846 3162/3162
f 2846/2846 2978/2978 3161/3161
f 3162/3162 2846/2846 3161/3161
f 3162/3162 3161/3161 3192/3192
f 2978/2978 3027/3027 3161/3161
f 3192/3192 3161/3161 3193/3193
f 3027/3027 3149/3149 3178/3178
f 3161/3161 3027/3027 3178/3178
f 3193/3193 3161/3161 3178/3178
f 1710/1710 1820/1820 1632/1632
f 3149/3149 3179/3179 3178/3178
f 1632/1632 1820/1820 1501/1501
f 1420/1420 1421/1421 1529/1529
f 1528/1528 1420/1420 1529/1529
f 1421/1421 1475/1475 1563/1563
f 1529/1529 1421/1421 1563/1563
f 1475/1475 1509/1509 1590/1590
f 1563/1563 1475/1475 1590/1590
f 1509/1509 1585/1585 1596/1596
f 1590/1590 1509/1509 1596/1596
f 3142/3142 2881/2881 3165/3165
f 2881/2881 2973/2973 3164/3164
f 3165/3165 2881/2881 3164/3164
f 2973/2973 3080/3080 3163/3163
f 3164/3164 2973/2973 3163/3163
f 3164/3164 3163/3163 3166/3166
f 3163/3163 3080/3080 3162/3162
f 3166/3166 3163/3163 3168/3168
f 1535/1535 1453/1453 1553/1553
f 1453/1453 1535/1535 1452/1452
f 1377/1377 1453/1453 1452/1452
f 1453/1453 1519/1519 1543/1543
f 1553/1553 1453/1453 1543/1543
f 3015/3015 3079/3079 3211/3211
f 3213/3213 3015/3015 3211/3211
f 1657/1657 1860/1860 1859/1859
f 1657/1657 1859/1859 1348/1348
f 3079/3079 3142/3142 3201/3201
f 3211/3211 3079/3079 3201/3201
f 1348/1348 1859/1859 1796/1796
f 3142/3142 3165/3165 3201/3201
f 1348/1348 1796/1796 1289/1289
f 1559/1559 1405/1405 1560/1560
f 1405/1405 1559/1559 1376/1376
f 1360/1360 1405/1405 1376/1376
f 1405/1405 1458/1458 1561/1561
f 1560/1560 1405/1405 1561/1561
f 1458/1458 1506/1506 1562/1562
f 1561/1561 1458/1458 1562/1562
f 1506/1506 1535/1535 1562/1562
f 3177/3177 2998/2998 3232/3232
f 2998/2998 3105/3105 3232/3232
f 1689/1689 1846/1846 1647/1647
f 3105/3105 3160/3160 3233/3233
f 3232/3232 3105/3105 3233/3233
f 1647/1647 1846/1846 1805/1805
f 1647/1647 1805/1805 1631/1631
f 1861/1861 1860/1860 1805/1805
f 1631/1631 1805/1805 1354/1354
f 1547/1547 1442/1442 1579/1579
f 1442/1442 1547/1547 1417/1417
f 1308/1308 1442/1442 1417/1417
f 1442/1442 1489/1489 1580/1580
f 1579/1579 1442/1442 1580/1580
f 1489/1489 1558/1558 1597/1597
f 1580/1580 1489/1489 1597/1597
f 1558/1558 1559/1559 1598/1598
f 1597/1597 1558/1558 1598/1598
f 3132/3132 2876/2876 3228/3228
f 2876/2876 3010/3010 3229/3229
f 3228/3228 2876/2876 3229/3229
f 1604/1604 1754/1754 1865/1865
f 1876/1876 1863/1863 1817/1817
f 1865/1865 1876/1876 1817/1817
f 1604/1604 1865/1865 1817/1817
f 1604/1604 1817/1817 1351/1351
f 1863/1863 1862/1862 1777/1777
f 1817/1817 1863/1863 1777/1777
f 1351/1351 1817/1817 1777/1777
f 1351/1351 1777/1777 1346/1346
f 1862/1862 1846/1846 1689/1689
f 1777/1777 1862/1862 1689/1689
f 1346/1346 1777/1777 1689/1689
f 1346/1346 1689/1689 1347/1347
f 1511/1511 1406/1406 1542/1542
f 1406/1406 1511/1511 1388/1388
f 1325/1325 1406/1406 1388/1388
f 1406/1406 1459/1459 1541/1541
f 1542/1542 1406/1406 1541/1541
f 1459/1459 1512/1512 1546/1546
f 1541/1541 1459/1459 1546/1546
f 1512/1512 1547/1547 1564/1564
f 1546/1546 1512/1512 1564/1564
f 2956/2956 2991/2991 3207/3207
f 2991/2991 3132/3132 3227/3227
f 3207/3207 2991/2991 3227/3227
f 1125/1125 1864/1864 1842/1842
f 3227/3227 3132/3132 3228/3228
f 1125/1125 1842/1842 1754/1754
f 1125/1125 1754/1754 1113/1113
f 1515/1515 1392/1392 1533/1533
f 1392/1392 1515/1515 1371/1371
f 1294/1294 1392/1392 1371/1371
f 1392/1392 1465/1465 1532/1532
f 1533/1533 1392/1392 1532/1532
f 1465/1465 1511/1511 1534/1534
f 1532/1532 1465/1465 1534/1534
f 1815/1815 1840/1840 1810/1810
f 1840/1840 1839/1839 1810/1810
f 1839/1839 1848/1848 1809/1809
f 1810/1810 1839/1839 1809/1809
f 1132/1132 1810/1810 1809/1809
f 1848/1848 1864/1864 1646/1646
f 1809/1809 1848/1848 1646/1646
f 1132/1132 1809/1809 1646/1646
f 1132/1132 1646/1646 1124/1124
f 1537/1537 1370/1370 1538/1538
f 1370/1370 1537/1537 1320/1320
f 1228/1228 1370/1370 1320/1320
f 1370/1370 1416/1416 1536/1536
f 1538/1538 1370/1370 1536/1536
f 1416/1416 1454/1454 1539/1539
f 1536/1536 1416/1416 1539/1539
f 1454/1454 1514/1514 1540/1540
f 1539/1539 1454/1454 1540/1540
f 1852/1852 1857/1857 1828/1828
f 1857/1857 1856/1856 1827/1827
f 1828/1828 1857/1857 1827/1827
f 1856/1856 1829/1829 1827/1827
f 1829/1829 1816/1816 1788/1788
f 1827/1827 1829/1829 1788/1788
f 1300/1300 1827/1827 1788/1788
f 1300/1300 1788/1788 1226/1226
f 1816/1816 1815/1815 1718/1718
f 1788/1788 1816/1816 1718/1718
f 1226/1226 1788/1788 1718/1718
f 1226/1226 1718/1718 1194/1194
f 1815/1815 1810/1810 1291/1291
f 1718/1718 1815/1815 1291/1291
f 1194/1194 1718/1718 1291/1291
f 1194/1194 1291/1291 1134/1134
f 1291/1291 1810/1810 1132/1132
f 1291/1291 1132/1132 1131/1131
f 1134/1134 1291/1291 1131/1131
f 1336/1336 1398/1398 1567/1567
f 1232/1232 1398/1398 1336/1336
f 1398/1398 1473/1473 1568/1568
f 1567/1567 1398/1398 1568/1568
f 1568/1568 1473/1473 1569/1569
f 1473/1473 1537/1537 1575/1575
f 1569/1569 1473/1473 1575/1575
f 1853/1853 1871/1871 1830/1830
f 1871/1871 1870/1870 1830/1830
f 1870/1870 1852/1852 1807/1807
f 1830/1830 1870/1870 1807/1807
f 1245/1245 1830/1830 1807/1807
f 1245/1245 1807/1807 1241/1241
f 1852/1852 1828/1828 1716/1716
f 1807/1807 1852/1852 1716/1716
f 1241/1241 1807/1807 1716/1716
f 1241/1241 1716/1716 1197/1197
f 1828/1828 1827/1827 1610/1610
f 1716/1716 1828/1828 1610/1610
f 1197/1197 1716/1716 1610/1610
f 1197/1197 1610/1610 1196/1196
f 1359/1359 1468/1468 1462/1462
f 1441/1441 1359/1359 1462/1462
f 1359/1359 1441/1441 1250/1250
f 1118/1118 1359/1359 1250/1250
f 1462/1462 1468/1468 1469/1469
f 1462/1462 1469/1469 1470/1470
f 1594/1594 1498/1498 1592/1592
f 1594/1594 1592/1592 1593/1593
f 1498/1498 1594/1594 1266/1266
f 1264/1264 1498/1498 1266/1266
f 1592/1592 1283/1283 1591/1591
f 1593/1593 1592/1592 1591/1591
f 1283/1283 1336/1336 1583/1583
f 1591/1591 1283/1283 1583/1583
f 1336/1336 1567/1567 1584/1584
f 1583/1583 1336/1336 1584/1584
f 1867/1867 1855/1855 1797/1797
f 1834/1834 1867/1867 1797/1797
f 1855/1855 1854/1854 1728/1728
f 1797/1797 1855/1855 1728/1728
f 1854/1854 1853/1853 1728/1728
f 1257/1257 1728/1728 1160/1160
f 1728/1728 1853/1853 1830/1830
f 1728/1728 1830/1830 1614/1614
f 1160/1160 1728/1728 1614/1614
f 1160/1160 1614/1614 1159/1159
f 1614/1614 1830/1830 1245/1245
f 1159/1159 1614/1614 1245/1245
f 1159/1159 1245/1245 1148/1148
f 1276/1276 1326/1326 1461/1461
f 1425/1425 1276/1276 1461/1461
f 1276/1276 1425/1425 1227/1227
f 1188/1188 1276/1276 1227/1227
f 1326/1326 1389/1389 1482/1482
f 1461/1461 1326/1326 1482/1482
f 1389/1389 1441/1441 1483/1483
f 1482/1482 1389/1389 1483/1483
f 1441/1441 1462/1462 1471/1471
f 1483/1483 1441/1441 1471/1471
f 1471/1471 1462/1462 1470/1470
f 1471/1471 1470/1470 1497/1497
f 1594/1594 1793/1793 1267/1267
f 1266/1266 1594/1594 1267/1267
f 1849/1849 1836/1836 1786/1786
f 1823/1823 1849/1849 1786/1786
f 1836/1836 1833/1833 1753/1753
f 1786/1786 1836/1836 1753/1753
f 1833/1833 1834/1834 1688/1688
f 1753/1753 1833/1833 1688/1688
f 1206/1206 1753/1753 1688/1688
f 1206/1206 1688/1688 1161/1161
f 1688/1688 1834/1834 1797/1797
f 1688/1688 1797/1797 1502/1502
f 1161/1161 1688/1688 1502/1502
f 1161/1161 1502/1502 1157/1157
f 1502/1502 1797/1797 1728/1728
f 1502/1502 1728/1728 1257/1257
f 1157/1157 1502/1502 1257/1257
f 1157/1157 1257/1257 1155/1155
f 1402/1402 1254/1254 1438/1438
f 1254/1254 1402/1402 1211/1211
f 1191/1191 1254/1254 1211/1211
f 1254/1254 1316/1316 1444/1444
f 1438/1438 1254/1254 1444/1444
f 1316/1316 1382/1382 1445/1445
f 1444/1444 1316/1316 1445/1445
f 1382/1382 1425/1425 1490/1490
f 1445/1445 1382/1382 1490/1490
f 1425/1425 1461/1461 1507/1507
f 1490/1490 1425/1425 1507/1507
f 1461/1461 1482/1482 1531/1531
f 1507/1507 1461/1461 1531/1531
f 1497/1497 1793/1793 1794/1794
f 1795/1795 1497/1497 1794/1794
f 1843/1843 1844/1844 1822/1822
f 1844/1844 1837/1837 1821/1821
f 1822/1822 1844/1844 1821/1821
f 1837/1837 1826/1826 1789/1789
f 1821/1821 1837/1837 1789/1789
f 1313/1313 1821/1821 1789/1789
f 1313/1313 1789/1789 1243/1243
f 1826/1826 1824/1824 1721/1721
f 1789/1789 1826/1826 1721/1721
f 1243/1243 1789/1789 1721/1721
f 1243/1243 1721/1721 1240/1240
f 1824/1824 1823/1823 1648/1648
f 1721/1721 1824/1824 1648/1648
f 1240/1240 1721/1721 1648/1648
f 1240/1240 1648/1648 1171/1171
f 1648/1648 1823/1823 1786/1786
f 1648/1648 1786/1786 1302/1302
f 1171/1171 1648/1648 1302/1302
f 1171/1171 1302/1302 1165/1165
f 1302/1302 1786/1786 1753/1753
f 1302/1302 1753/1753 1206/1206
f 1165/1165 1302/1302 1206/1206
f 1165/1165 1206/1206 1162/1162
f 1277/1277 1149/1149 1282/1282
f 1282/1282 1149/1149 1190/1190
f 1282/1282 1190/1190 1317/1317
f 1317/1317 1190/1190 1251/1251
f 1317/1317 1251/1251 1375/1375
f 1251/1251 1319/1319 1381/1381
f 1375/1375 1251/1251 1381/1381
f 1319/1319 1330/1330 1422/1422
f 1381/1381 1319/1319 1422/1422
f 1330/1330 1401/1401 1464/1464
f 1422/1422 1330/1330 1464/1464
f 1401/1401 1402/1402 1478/1478
f 1464/1464 1401/1401 1478/1478
f 1402/1402 1438/1438 1488/1488
f 1478/1478 1402/1402 1488/1488
f 1438/1438 1444/1444 1520/1520
f 1488/1488 1438/1438 1520/1520
f 1869/1869 1875/1875 1847/1847
f 1875/1875 1874/1874 1847/1847
f 1874/1874 1873/1873 1791/1791
f 1847/1847 1874/1874 1791/1791
f 1527/1527 1847/1847 1791/1791
f 1527/1527 1791/1791 1304/1304
f 1873/1873 1843/1843 1791/1791
f 1304/1304 1791/1791 1244/1244
f 1843/1843 1822/1822 1719/1719
f 1791/1791 1843/1843 1719/1719
f 1244/1244 1791/1791 1719/1719
f 1244/1244 1719/1719 1192/1192
f 1822/1822 1821/1821 1313/1313
f 1719/1719 1822/1822 1313/1313
f 1192/1192 1719/1719 1313/1313
f 1192/1192 1313/1313 1177/1177
f 1271/1271 1167/1167 1189/1189
f 1271/1271 1189/1189 1285/1285
f 1285/1285 1189/1189 1219/1219
f 1285/1285 1219/1219 1310/1310
f 1310/1310 1219/1219 1277/1277
f 1310/1310 1277/1277 1364/1364
f 1277/1277 1282/1282 1380/1380
f 1364/1364 1277/1277 1380/1380
f 1282/1282 1317/1317 1410/1410
f 1380/1380 1282/1282 1410/1410
f 1317/1317 1375/1375 1432/1432
f 1410/1410 1317/1317 1432/1432
f 1375/1375 1381/1381 1455/1455
f 1432/1432 1375/1375 1455/1455
f 1381/1381 1422/1422 1481/1481
f 1455/1455 1381/1381 1481/1481
f 2832/2832 2914/2914 3195/3195
f 2914/2914 2963/2963 3226/3226
f 1868/1868 1869/1869 1712/1712
f 1262/1262 1712/1712 1261/1261
f 1712/1712 1869/1869 1847/1847
f 1712/1712 1847/1847 1527/1527
f 1261/1261 1712/1712 1527/1527
f 1261/1261 1527/1527 1263/1263
f 1234/1234 1187/1187 1280/1280
f 1187/1187 1234/1234 1186/1186
f 1164/1164 1187/1187 1186/1186
f 1280/1280 1187/1187 1223/1223
f 1280/1280 1223/1223 1309/1309
f 1223/1223 1270/1270 1315/1315
f 1309/1309 1223/1223 1315/1315
f 1270/1270 1271/1271 1357/1357
f 1315/1315 1270/1270 1357/1357
f 1271/1271 1285/1285 1387/1387
f 1357/1357 1271/1271 1387/1387
f 1285/1285 1310/1310 1429/1429
f 1387/1387 1285/1285 1429/1429
f 1310/1310 1364/1364 1446/1446
f 1429/1429 1310/1310 1446/1446
f 1364/1364 1380/1380 1474/1474
f 1446/1446 1364/1364 1474/1474
f 1858/1858 1835/1835 1678/1678
f 1231/1231 1193/1193 1278/1278
f 1193/1193 1231/1231 1179/1179
f 1175/1175 1193/1193 1179/1179
f 1278/1278 1193/1193 1212/1212
f 1278/1278 1212/1212 1293/1293
f 1293/1293 1212/1212 1233/1233
f 1293/1293 1233/1233 1322/1322
f 1322/1322 1233/1233 1234/1234
f 1322/1322 1234/1234 1372/1372
f 1234/1234 1280/1280 1384/1384
f 1372/1372 1234/1234 1384/1384
f 1280/1280 1309/1309 1419/1419
f 1384/1384 1280/1280 1419/1419
f 1309/1309 1315/1315 1440/1440
f 1419/1419 1309/1309 1440/1440
f 1315/1315 1357/1357 1467/1467
f 1440/1440 1315/1315 1467/1467
f 1357/1357 1387/1387 1467/1467
f 1296/1296 1213/1213 1298/1298
f 1213/1213 1296/1296 1195/1195
f 1180/1180 1213/1213 1195/1195
f 1298/1298 1213/1213 1231/1231
f 1298/1298 1231/1231 1337/1337
f 1231/1231 1278/1278 1368/1368
f 1337/1337 1231/1231 1368/1368
f 1278/1278 1293/1293 1413/1413
f 1368/1368 1278/1278 1413/1413
f 1293/1293 1322/1322 1439/1439
f 1413/1413 1293/1293 1439/1439
f 1322/1322 1372/1372 1476/1476
f 1439/1439 1322/1322 1476/1476
f 1372/1372 1384/1384 1504/1504
f 1476/1476 1372/1372 1504/1504
f 1373/1373 1252/1252 1297/1297
f 1373/1373 1297/1297 1390/1390
f 1297/1297 1296/1296 1397/1397
f 1390/1390 1297/1297 1397/1397
f 1296/1296 1298/1298 1415/1415
f 1397/1397 1296/1296 1415/1415
f 1298/1298 1337/1337 1449/1449
f 1415/1415 1298/1298 1449/1449
f 1337/1337 1368/1368 1480/1480
f 1449/1449 1337/1337 1480/1480
f 1260/1260 1299/1299 1358/1358
f 1358/1358 1299/1299 1433/1433
f 1433/1433 1299/1299 1335/1335
f 1433/1433 1335/1335 1463/1463
f 1335/1335 1373/1373 1456/1456
f 1463/1463 1335/1335 1456/1456
f 1373/1373 1390/1390 1457/1457
f 1456/1456 1373/1373 1457/1457
f 1390/1390 1397/1397 1484/1484
f 1457/1457 1390/1390 1484/1484
f 1338/1338 1358/1358 1448/1448
f 1358/1358 1433/1433 1479/1479
f 1448/1448 1358/1358 1479/1479
f 1433/1433 1463/1463 1505/1505
f 1479/1479 1433/1433 1505/1505
f 533/533 518/518 504/504
f 519/519 533/533 504/504
f 518/518 516/516 498/498
f 504/504 518/518 498/498
f 498/498 516/516 495/495
f 495/495 516/516 506/506
f 495/495 506/506 484/484
f 506/506 507/507 476/476
f 484/484 506/506 476/476
f 1486/1486 1369/1369 1513/1513
f 552/552 535/535 523/523
f 538/538 552/552 523/523
f 535/535 520/520 510/510
f 523/523 535/535 510/510
f 520/520 519/519 500/500
f 510/510 520/520 500/500
f 468/468 510/510 500/500
f 468/468 500/500 462/462
f 500/500 519/519 504/504
f 500/500 504/504 488/488
f 462/462 500/500 488/488
f 488/488 504/504 498/498
f 488/488 498/498 469/469
f 469/469 498/498 495/495
f 469/469 495/495 470/470
f 470/470 495/495 484/484
f 470/470 484/484 472/472
f 472/472 484/484 476/476
f 472/472 476/476 475/475
f 2731/2731 2779/2779 3171/3171
f 3066/3066 2731/2731 3171/3171
f 556/556 551/551 525/525
f 537/537 556/556 525/525
f 551/551 550/550 515/515
f 525/525 551/551 515/515
f 494/494 525/525 515/515
f 494/494 515/515 480/480
f 515/515 550/550 538/538
f 515/515 538/538 501/501
f 480/480 515/515 501/501
f 480/480 501/501 479/479
f 501/501 538/538 523/523
f 501/501 523/523 491/491
f 479/479 501/501 491/491
f 479/479 491/491 464/464
f 491/491 523/523 510/510
f 491/491 510/510 481/481
f 464/464 491/491 481/481
f 464/464 481/481 460/460
f 461/461 488/488 469/469
f 461/461 469/469 463/463
f 462/462 488/488 461/461
f 462/462 461/461 457/457
f 461/461 463/463 458/458
f 457/457 461/461 458/458
f 463/463 469/469 470/470
f 463/463 470/470 471/471
f 471/471 470/470 472/472
f 471/471 472/472 474/474
f 472/472 475/475 474/474
f 560/560 549/549 531/531
f 534/534 560/560 531/531
f 549/549 546/546 517/517
f 531/531 549/549 517/517
f 546/546 541/541 508/508
f 517/517 546/546 508/508
f 492/492 517/517 508/508
f 492/492 508/508 487/487
f 541/541 537/537 499/499
f 508/508 541/541 499/499
f 487/487 508/508 499/499
f 487/487 499/499 486/486
f 499/499 537/537 525/525
f 499/499 525/525 494/494
f 486/486 499/499 494/494
f 486/486 494/494 478/478
f 473/473 463/463 471/471
f 473/473 471/471 490/490
f 463/463 473/473 459/459
f 458/458 463/463 459/459
f 471/471 474/474 496/496
f 490/490 471/471 496/496
f 496/496 474/474 497/497
f 534/534 531/531 502/502
f 509/509 534/534 502/502
f 502/502 531/531 517/517
f 502/502 517/517 492/492
f 489/489 502/502 492/492
f 489/489 492/492 482/482
f 503/503 477/477 473/473
f 503/503 473/473 514/514
f 477/477 503/503 467/467
f 455/455 477/477 467/467
f 473/473 490/490 511/511
f 514/514 473/473 511/511
f 490/490 496/496 512/512
f 511/511 490/490 512/512
f 493/493 503/503 528/528
f 524/524 493/493 528/528
f 493/493 524/524 485/485
f 453/453 493/493 485/485
f 503/503 514/514 526/526
f 528/528 503/503 526/526
f 15/15 6/6 7/7
f 505/505 524/524 554/554
f 524/524 528/528 553/553
f 554/554 524/524 553/553
f 5/5 6/6 4/4
f 2416/2416 2478/2478 2370/2370
f 2367/2367 2416/2416 2370/2370
f 2478/2478 2726/2726 2442/2442
f 2370/2370 2478/2478 2442/2442
f 2726/2726 2992/2992 2686/2686
f 2442/2442 2726/2726 2686/2686
f 2686/2686 2992/2992 3065/3065
f 2686/2686 3065/3065 3013/3013
f 2502/2502 2462/2462 2353/2353
f 2502/2502 2353/2353 2501/2501
f 2353/2353 2354/2354 2359/2359
f 2501/2501 2353/2353 2359/2359
f 2354/2354 2356/2356 2357/2357
f 2359/2359 2354/2354 2357/2357
f 2357/2357 2356/2356 2369/2369
f 2357/2357 2369/2369 2366/2366
f 5570/5570 5568/5568 5569/5569
f 5569/5569 5573/5573 5572/5572
f 2984/2984 2897/2897 2858/2858
f 2984/2984 2858/2858 2983/2983
f 2463/2463 2462/2462 2769/2769
f 2858/2858 2463/2463 2769/2769
f 2983/2983 2858/2858 2769/2769
f 2983/2983 2769/2769 2949/2949
f 5572/5572 5573/5573 5575/5575
f 6195/6195 6196/6196 6197/6197
f 2896/2896 2897/2897 3019/3019
f 2995/2995 2896/2896 3019/3019
f 3096/3096 2995/2995 3019/3019
f 5668/5668 5595/5595 5597/5597
f 5602/5602 5668/5668 5597/5597
f 2877/2877 2905/2905 3135/3135
f 3046/3046 2877/2877 3135/3135
f 2905/2905 2994/2994 3095/3095
f 3135/3135 2905/2905 3095/3095
f 3187/3187 3135/3135 3095/3095
f 2994/2994 2995/2995 3095/3095
f 3187/3187 3095/3095 3189/3189
f 5597/5597 5595/5595 5596/5596
f 1845/1845 1878/1878 1808/1808
f 2928/2928 3046/3046 3196/3196
f 1808/1808 1878/1878 1727/1727
f 1352/1352 1808/1808 1727/1727
f 1352/1352 1727/1727 1332/1332
f 3046/3046 3135/3135 3188/3188
f 3196/3196 3046/3046 3188/3188
f 1332/1332 1727/1727 1625/1625
f 1332/1332 1625/1625 1314/1314
f 5593/5593 5594/5594 5590/5590
f 5593/5593 5590/5590 5591/5591
f 1813/1813 1812/1812 1715/1715
f 1790/1790 1813/1813 1715/1715
f 1812/1812 1814/1814 1714/1714
f 1715/1715 1812/1812 1714/1714
f 1500/1500 1715/1715 1714/1714
f 1500/1500 1714/1714 1249/1249
f 1814/1814 1845/1845 1609/1609
f 1714/1714 1814/1814 1609/1609
f 1249/1249 1714/1714 1609/1609
f 1249/1249 1609/1609 1102/1102
f 1609/1609 1845/1845 1808/1808
f 5591/5591 5590/5590 5589/5589
f 5591/5591 5589/5589 5592/5592
f 1851/1851 1838/1838 1709/1709
f 1818/1818 1851/1851 1709/1709
f 1838/1838 1825/1825 1526/1526
f 1709/1709 1838/1838 1526/1526
f 1825/1825 1790/1790 1258/1258
f 1526/1526 1825/1825 1258/1258
f 1258/1258 1790/1790 1092/1092
f 1092/1092 1790/1790 1715/1715
f 1092/1092 1715/1715 1500/1500
f 1078/1078 1092/1092 1500/1500
f 1078/1078 1500/1500 1087/1087
f 3913/3913 3980/3980 3899/3899
f 3913/3913 3899/3899 3808/3808
f 3185/3185 3119/3119 3224/3224
f 3119/3119 3184/3184 3225/3225
f 3224/3224 3119/3119 3225/3225
f 1819/1819 1818/1818 1067/1067
f 1246/1246 1819/1819 1067/1067
f 1067/1067 1818/1818 1709/1709
f 1067/1067 1709/1709 1068/1068
f 1068/1068 1709/1709 1526/1526
f 1068/1068 1526/1526 1070/1070
f 1070/1070 1526/1526 1258/1258
f 1070/1070 1258/1258 1072/1072
f 1072/1072 1258/1258 1092/1092
f 1072/1072 1092/1092 1073/1073
f 3370/3370 3859/3859 3372/3372
f 3370/3370 3372/3372 3371/3371
f 1633/1633 1787/1787 1303/1303
f 1787/1787 1785/1785 1107/1107
f 1303/1303 1787/1787 1107/1107
f 1107/1107 1785/1785 1711/1711
f 1107/1107 1711/1711 1065/1065
f 1065/1065 1711/1711 1355/1355
f 1065/1065 1355/1355 1058/1058
f 1058/1058 1355/1355 1246/1246
f 1058/1058 1246/1246 1059/1059
f 1059/1059 1246/1246 1067/1067
f 1059/1059 1067/1067 1061/1061
f 1067/1067 1068/1068 1063/1063
f 1061/1061 1067/1067 1063/1063
f 1068/1068 1070/1070 1069/1069
f 1063/1063 1068/1068 1069/1069
f 1070/1070 1072/1072 1071/1071
f 1069/1069 1070/1070 1071/1071
f 1071/1071 1072/1072 1073/1073
f 1071/1071 1073/1073 1074/1074
f 1073/1073 1077/1077 1075/1075
f 1074/1074 1073/1073 1075/1075
f 1075/1075 1077/1077 1098/1098
f 3379/3379 3377/3377 3380/3380
f 3381/3381 3379/3379 3380/3380
f 3379/3379 3381/3381 3388/3388
f 3378/3378 3379/3379 3388/3388
f 1831/1831 1784/1784 1301/1301
f 1621/1621 1831/1831 1301/1301
f 1784/1784 1691/1691 1108/1108
f 1301/1301 1784/1784 1108/1108
f 1691/1691 1687/1687 1045/1045
f 1108/1108 1691/1691 1045/1045
f 1045/1045 1687/1687 1633/1633
f 1045/1045 1633/1633 1049/1049
f 1049/1049 1633/1633 1303/1303
f 1049/1049 1303/1303 1050/1050
f 1050/1050 1303/1303 1107/1107
f 1050/1050 1107/1107 1052/1052
f 1052/1052 1107/1107 1065/1065
f 1052/1052 1065/1065 1054/1054
f 1065/1065 1058/1058 1056/1056
f 1054/1054 1065/1065 1056/1056
f 1058/1058 1059/1059 1057/1057
f 1056/1056 1058/1058 1057/1057
f 1059/1059 1061/1061 1060/1060
f 1057/1057 1059/1059 1060/1060
f 1061/1061 1063/1063 1062/1062
f 1060/1060 1061/1061 1062/1062
f 1063/1063 1069/1069 1064/1064
f 1062/1062 1063/1063 1064/1064
f 1064/1064 1069/1069 1071/1071
f 1064/1064 1071/1071 1217/1217
f 1217/1217 1071/1071 1074/1074
f 1217/1217 1074/1074 1268/1268
f 1268/1268 1074/1074 1075/1075
f 1268/1268 1075/1075 1323/1323
f 1075/1075 1098/1098 1324/1324
f 1323/1323 1075/1075 1324/1324
f 1324/1324 1098/1098 1295/1295
f 1324/1324 1295/1295 1435/1435
f 1435/1435 1295/1295 1396/1396
f 1435/1435 1396/1396 1491/1491
f 1396/1396 1434/1434 1492/1492
f 1491/1491 1396/1396 1492/1492
f 1492/1492 1434/1434 1517/1517
f 1434/1434 1472/1472 1518/1518
f 1517/1517 1434/1434 1518/1518
f 1472/1472 1499/1499 1556/1556
f 1518/1518 1472/1472 1556/1556
f 1499/1499 1554/1554 1595/1595
f 1556/1556 1499/1499 1595/1595
f 3755/3755 3924/3924 3673/3673
f 3673/3673 3924/3924 3746/3746
f 3673/3673 3746/3746 3606/3606
f 3606/3606 3746/3746 3390/3390
f 3606/3606 3390/3390 3411/3411
f 1832/1832 1782/1782 1353/1353
f 1685/1685 1832/1832 1353/1353
f 1782/1782 1684/1684 1247/1247
f 1353/1353 1782/1782 1247/1247
f 1247/1247 1684/1684 1047/1047
f 1047/1047 1684/1684 1621/1621
f 1047/1047 1621/1621 1046/1046
f 1046/1046 1621/1621 1301/1301
f 1046/1046 1301/1301 1040/1040
f 1040/1040 1301/1301 1108/1108
f 1040/1040 1108/1108 1041/1041
f 1041/1041 1108/1108 1045/1045
f 1041/1041 1045/1045 1043/1043
f 1043/1043 1045/1045 1049/1049
f 1049/1049 1050/1050 1048/1048
f 1043/1043 1049/1049 1048/1048
f 1050/1050 1052/1052 1051/1051
f 1048/1048 1050/1050 1051/1051
f 1052/1052 1054/1054 1053/1053
f 1051/1051 1052/1052 1053/1053
f 1054/1054 1056/1056 1055/1055
f 1053/1053 1054/1054 1055/1055
f 1055/1055 1056/1056 1057/1057
f 1055/1055 1057/1057 1116/1116
f 1116/1116 1057/1057 1060/1060
f 1116/1116 1060/1060 1259/1259
f 1259/1259 1060/1060 1062/1062
f 1259/1259 1062/1062 1318/1318
f 1318/1318 1062/1062 1064/1064
f 1318/1318 1064/1064 1383/1383
f 1383/1383 1064/1064 1217/1217
f 1383/1383 1217/1217 1423/1423
f 1217/1217 1268/1268 1424/1424
f 1423/1423 1217/1217 1424/1424
f 1268/1268 1323/1323 1437/1437
f 1424/1424 1268/1268 1437/1437
f 1323/1323 1324/1324 1466/1466
f 1437/1437 1323/1323 1466/1466
f 1324/1324 1435/1435 1487/1487
f 1466/1466 1324/1324 1487/1487
f 1435/1435 1491/1491 1508/1508
f 1487/1487 1435/1435 1508/1508
f 1841/1841 1778/1778 1094/1094
f 1288/1288 1841/1841 1094/1094
f 1094/1094 1778/1778 1035/1035
f 1035/1035 1778/1778 1685/1685
f 1035/1035 1685/1685 1029/1029
f 1029/1029 1685/1685 1353/1353
f 1029/1029 1353/1353 1030/1030
f 1030/1030 1353/1353 1247/1247
f 1030/1030 1247/1247 1032/1032
f 1032/1032 1247/1247 1047/1047
f 1047/1047 1046/1046 1034/1034
f 1032/1032 1047/1047 1034/1034
f 1034/1034 1046/1046 1040/1040
f 1034/1034 1040/1040 1039/1039
f 1039/1039 1040/1040 1041/1041
f 1039/1039 1041/1041 1042/1042
f 1042/1042 1041/1041 1043/1043
f 1042/1042 1043/1043 1044/1044
f 1044/1044 1043/1043 1048/1048
f 1044/1044 1048/1048 1218/1218
f 1218/1218 1048/1048 1051/1051
f 1218/1218 1051/1051 1272/1272
f 1272/1272 1051/1051 1053/1053
f 1272/1272 1053/1053 1321/1321
f 1321/1321 1053/1053 1055/1055
f 1321/1321 1055/1055 1391/1391
f 1391/1391 1055/1055 1116/1116
f 1391/1391 1116/1116 1408/1408
f 1116/1116 1259/1259 1409/1409
f 1408/1408 1116/1116 1409/1409
f 1259/1259 1318/1318 1436/1436
f 1409/1409 1259/1259 1436/1436
f 1318/1318 1383/1383 1450/1450
f 1436/1436 1318/1318 1450/1450
f 1383/1383 1423/1423 1451/1451
f 1450/1450 1383/1383 1451/1451
f 1783/1783 1779/1779 1242/1242
f 1345/1345 1783/1783 1242/1242
f 1242/1242 1779/1779 1651/1651
f 1242/1242 1651/1651 1066/1066
f 1066/1066 1651/1651 1612/1612
f 1066/1066 1612/1612 1020/1020
f 1020/1020 1612/1612 1288/1288
f 1020/1020 1288/1288 1021/1021
f 1021/1021 1288/1288 1094/1094
f 1021/1021 1094/1094 1023/1023
f 1023/1023 1094/1094 1035/1035
f 1023/1023 1035/1035 1025/1025
f 1035/1035 1029/1029 1027/1027
f 1025/1025 1035/1035 1027/1027
f 1029/1029 1030/1030 1028/1028
f 1027/1027 1029/1029 1028/1028
f 1030/1030 1032/1032 1031/1031
f 1028/1028 1030/1030 1031/1031
f 1031/1031 1032/1032 1033/1033
f 1033/1033 1032/1032 1034/1034
f 1033/1033 1034/1034 1038/1038
f 1038/1038 1034/1034 1039/1039
f 1038/1038 1039/1039 1222/1222
f 1222/1222 1039/1039 1042/1042
f 1222/1222 1042/1042 1275/1275
f 1042/1042 1044/1044 1275/1275
f 1275/1275 1044/1044 1362/1362
f 1044/1044 1218/1218 1363/1363
f 1362/1362 1044/1044 1363/1363
f 1218/1218 1272/1272 1379/1379
f 1363/1363 1218/1218 1379/1379
f 1272/1272 1321/1321 1395/1395
f 1379/1379 1272/1272 1395/1395
f 1321/1321 1391/1391 1407/1407
f 1395/1395 1321/1321 1407/1407
f 1629/1629 1717/1717 1290/1290
f 1717/1717 1611/1611 1090/1090
f 1290/1290 1717/1717 1090/1090
f 1090/1090 1611/1611 1010/1010
f 1010/1010 1611/1611 1345/1345
f 1010/1010 1345/1345 1011/1011
f 1011/1011 1345/1345 1242/1242
f 1011/1011 1242/1242 1013/1013
f 1013/1013 1242/1242 1066/1066
f 1013/1013 1066/1066 1015/1015
f 1066/1066 1020/1020 1017/1017
f 1015/1015 1066/1066 1017/1017
f 1020/1020 1021/1021 1018/1018
f 1017/1017 1020/1020 1018/1018
f 1021/1021 1023/1023 1022/1022
f 1018/1018 1021/1021 1022/1022
f 1023/1023 1025/1025 1024/1024
f 1022/1022 1023/1023 1024/1024
f 1025/1025 1027/1027 1026/1026
f 1024/1024 1025/1025 1026/1026
f 1026/1026 1027/1027 1028/1028
f 1026/1026 1028/1028 1114/1114
f 1114/1114 1028/1028 1031/1031
f 1114/1114 1031/1031 1269/1269
f 1269/1269 1031/1031 1033/1033
f 1269/1269 1033/1033 1365/1365
f 1033/1033 1038/1038 1366/1366
f 1365/1365 1033/1033 1366/1366
f 1038/1038 1222/1222 1385/1385
f 1366/1366 1038/1038 1385/1385
f 1222/1222 1275/1275 1399/1399
f 1385/1385 1222/1222 1399/1399
f 1399/1399 1275/1275 1426/1426
f 1275/1275 1362/1362 1427/1427
f 1426/1426 1275/1275 1427/1427
f 1726/1726 1656/1656 1097/1097
f 1501/1501 1726/1726 1097/1097
f 1656/1656 1630/1630 1095/1095
f 1097/1097 1656/1656 1095/1095
f 1630/1630 1629/1629 1003/1003
f 1095/1095 1630/1630 1003/1003
f 1003/1003 1629/1629 1290/1290
f 1003/1003 1290/1290 1004/1004
f 1004/1004 1290/1290 1090/1090
f 1004/1004 1090/1090 1006/1006
f 1006/1006 1090/1090 1010/1010
f 1006/1006 1010/1010 1008/1008
f 1010/1010 1011/1011 1009/1009
f 1008/1008 1010/1010 1009/1009
f 1011/1011 1013/1013 1012/1012
f 1009/1009 1011/1011 1012/1012
f 1013/1013 1015/1015 1014/1014
f 1012/1012 1013/1013 1014/1014
f 1015/1015 1017/1017 1016/1016
f 1014/1014 1015/1015 1016/1016
f 1016/1016 1017/1017 1018/1018
f 1016/1016 1018/1018 1096/1096
f 1096/1096 1018/1018 1022/1022
f 1096/1096 1022/1022 1230/1230
f 1230/1230 1022/1022 1024/1024
f 1230/1230 1024/1024 1286/1286
f 1286/1286 1024/1024 1026/1026
f 1286/1286 1026/1026 1377/1377
f 1026/1026 1114/1114 1378/1378
f 1377/1377 1026/1026 1378/1378
f 1114/1114 1269/1269 1393/1393
f 1378/1378 1114/1114 1393/1393
f 1269/1269 1365/1365 1420/1420
f 1393/1393 1269/1269 1420/1420
f 1806/1806 1713/1713 1089/1089
f 1349/1349 1806/1806 1089/1089
f 1713/1713 1710/1710 994/994
f 1089/1089 1713/1713 994/994
f 994/994 1710/1710 1632/1632
f 994/994 1632/1632 995/995
f 995/995 1632/1632 1501/1501
f 995/995 1501/1501 997/997
f 997/997 1501/1501 1097/1097
f 997/997 1097/1097 999/999
f 1097/1097 1095/1095 1001/1001
f 999/999 1097/1097 1001/1001
f 1001/1001 1095/1095 1003/1003
f 1001/1001 1003/1003 1002/1002
f 1002/1002 1003/1003 1004/1004
f 1002/1002 1004/1004 1005/1005
f 1005/1005 1004/1004 1006/1006
f 1006/1006 1008/1008 1007/1007
f 1005/1005 1006/1006 1007/1007
f 1007/1007 1008/1008 1009/1009
f 1007/1007 1009/1009 1019/1019
f 1019/1019 1009/1009 1012/1012
f 1019/1019 1012/1012 1221/1221
f 1221/1221 1012/1012 1014/1014
f 1221/1221 1014/1014 1281/1281
f 1281/1281 1014/1014 1016/1016
f 1281/1281 1016/1016 1360/1360
f 1016/1016 1096/1096 1360/1360
f 1096/1096 1230/1230 1394/1394
f 1360/1360 1096/1096 1394/1394
f 1230/1230 1286/1286 1428/1428
f 1394/1394 1230/1230 1428/1428
f 1286/1286 1377/1377 1452/1452
f 1428/1428 1286/1286 1452/1452
f 1686/1686 1675/1675 1091/1091
f 1289/1289 1686/1686 1091/1091
f 1091/1091 1675/1675 1350/1350
f 1091/1091 1350/1350 970/970
f 970/970 1350/1350 1349/1349
f 970/970 1349/1349 968/968
f 968/968 1349/1349 1089/1089
f 968/968 1089/1089 966/966
f 1089/1089 994/994 962/962
f 966/966 1089/1089 962/962
f 994/994 995/995 963/963
f 962/962 994/994 963/963
f 995/995 997/997 996/996
f 963/963 995/995 996/996
f 997/997 999/999 998/998
f 996/996 997/997 998/998
f 999/999 1001/1001 1000/1000
f 998/998 999/999 1000/1000
f 1000/1000 1001/1001 1002/1002
f 1000/1000 1002/1002 1115/1115
f 1002/1002 1005/1005 1117/1117
f 1115/1115 1002/1002 1117/1117
f 1117/1117 1005/1005 1237/1237
f 1237/1237 1005/1005 1007/1007
f 1237/1237 1007/1007 1308/1308
f 1308/1308 1007/1007 1019/1019
f 1308/1308 1019/1019 1331/1331
f 1019/1019 1221/1221 1334/1334
f 1331/1331 1019/1019 1334/1334
f 1221/1221 1281/1281 1376/1376
f 1334/1334 1221/1221 1376/1376
f 1281/1281 1360/1360 1376/1376
f 1354/1354 1657/1657 1248/1248
f 1657/1657 1348/1348 1076/1076
f 1248/1248 1657/1657 1076/1076
f 1076/1076 1348/1348 976/976
f 976/976 1348/1348 1289/1289
f 976/976 1289/1289 974/974
f 974/974 1289/1289 1091/1091
f 974/974 1091/1091 971/971
f 971/971 1091/1091 970/970
f 970/970 968/968 969/969
f 971/971 970/970 969/969
f 968/968 966/966 967/967
f 969/969 968/968 967/967
f 966/966 962/962 965/965
f 967/967 966/966 965/965
f 962/962 963/963 964/964
f 965/965 962/962 964/964
f 963/963 996/996 1099/1099
f 964/964 963/963 1099/1099
f 1099/1099 996/996 998/998
f 1099/1099 998/998 1273/1273
f 1273/1273 998/998 1000/1000
f 1273/1273 1000/1000 1325/1325
f 1000/1000 1115/1115 1325/1325
f 1115/1115 1117/1117 1361/1361
f 1325/1325 1115/1115 1361/1361
f 1117/1117 1237/1237 1386/1386
f 1361/1361 1117/1117 1386/1386
f 1237/1237 1308/1308 1417/1417
f 1386/1386 1237/1237 1417/1417
f 1689/1689 1647/1647 1112/1112
f 1347/1347 1689/1689 1112/1112
f 1647/1647 1631/1631 986/986
f 1112/1112 1647/1647 986/986
f 986/986 1631/1631 1354/1354
f 986/986 1354/1354 982/982
f 982/982 1354/1354 1248/1248
f 982/982 1248/1248 980/980
f 980/980 1248/1248 1076/1076
f 980/980 1076/1076 977/977
f 977/977 1076/1076 976/976
f 976/976 974/974 975/975
f 977/977 976/976 975/975
f 974/974 971/971 973/973
f 975/975 974/974 973/973
f 973/973 971/971 972/972
f 972/972 971/971 969/969
f 972/972 969/969 985/985
f 985/985 969/969 967/967
f 985/985 967/967 1229/1229
f 1229/1229 967/967 965/965
f 965/965 964/964 1294/1294
f 1229/1229 965/965 1294/1294
f 964/964 1099/1099 1327/1327
f 1294/1294 964/964 1327/1327
f 1099/1099 1273/1273 1367/1367
f 1327/1327 1099/1099 1367/1367
f 1273/1273 1325/1325 1388/1388
f 1367/1367 1273/1273 1388/1388
f 1113/1113 1604/1604 1109/1109
f 1604/1604 1351/1351 993/993
f 1109/1109 1604/1604 993/993
f 1351/1351 1346/1346 991/991
f 993/993 1351/1351 991/991
f 1346/1346 1347/1347 990/990
f 991/991 1346/1346 990/990
f 990/990 1347/1347 1112/1112
f 990/990 1112/1112 987/987
f 987/987 1112/1112 986/986
f 987/987 986/986 984/984
f 984/984 986/986 982/982
f 984/984 982/982 983/983
f 982/982 980/980 981/981
f 983/983 982/982 981/981
f 980/980 977/977 979/979
f 981/981 980/980 979/979
f 979/979 977/977 978/978
f 978/978 977/977 975/975
f 978/978 975/975 1220/1220
f 975/975 973/973 1228/1228
f 1220/1220 975/975 1228/1228
f 1228/1228 973/973 972/972
f 972/972 985/985 1306/1306
f 1228/1228 972/972 1306/1306
f 985/985 1229/1229 1333/1333
f 1306/1306 985/985 1333/1333
f 1333/1333 1229/1229 1371/1371
f 1229/1229 1294/1294 1371/1371
f 1124/1124 1125/1125 1122/1122
f 1122/1122 1125/1125 1113/1113
f 1122/1122 1113/1113 1120/1120
f 1113/1113 1109/1109 1037/1037
f 1120/1120 1113/1113 1037/1037
f 1037/1037 1109/1109 993/993
f 1037/1037 993/993 1036/1036
f 993/993 991/991 992/992
f 1036/1036 993/993 992/992
f 991/991 990/990 989/989
f 992/992 991/991 989/989
f 989/989 990/990 987/987
f 989/989 987/987 988/988
f 988/988 987/987 984/984
f 988/988 984/984 1101/1101
f 984/984 983/983 1100/1100
f 1101/1101 984/984 1100/1100
f 1100/1100 983/983 981/981
f 1100/1100 981/981 1232/1232
f 1232/1232 981/981 979/979
f 979/979 978/978 1274/1274
f 1232/1232 979/979 1274/1274
f 978/978 1220/1220 1292/1292
f 1274/1274 978/978 1292/1292
f 1220/1220 1228/1228 1320/1320
f 1292/1292 1220/1220 1320/1320
f 1131/1131 1132/1132 1128/1128
f 1128/1128 1132/1132 1124/1124
f 1128/1128 1124/1124 1127/1127
f 1127/1127 1124/1124 1126/1126
f 1124/1124 1122/1122 1123/1123
f 1126/1126 1124/1124 1123/1123
f 1122/1122 1120/1120 1121/1121
f 1123/1123 1122/1122 1121/1121
f 1120/1120 1037/1037 1119/1119
f 1121/1121 1120/1120 1119/1119
f 1037/1037 1036/1036 1118/1118
f 1119/1119 1037/1037 1118/1118
f 1036/1036 992/992 1216/1216
f 1118/1118 1036/1036 1216/1216
f 1216/1216 992/992 989/989
f 1216/1216 989/989 1236/1236
f 1236/1236 989/989 988/988
f 1236/1236 988/988 1264/1264
f 988/988 1101/1101 1279/1279
f 1264/1264 988/988 1279/1279
f 1101/1101 1100/1100 1283/1283
f 1279/1279 1101/1101 1283/1283
f 1100/1100 1232/1232 1336/1336
f 1283/1283 1100/1100 1336/1336
f 1196/1196 1300/1300 1139/1139
f 1139/1139 1300/1300 1226/1226
f 1139/1139 1226/1226 1137/1137
f 1137/1137 1226/1226 1194/1194
f 1137/1137 1194/1194 1135/1135
f 1135/1135 1194/1194 1134/1134
f 1135/1135 1134/1134 1133/1133
f 1133/1133 1134/1134 1131/1131
f 1133/1133 1131/1131 1130/1130
f 1130/1130 1131/1131 1128/1128
f 1130/1130 1128/1128 1129/1129
f 1128/1128 1127/1127 1129/1129
f 1127/1127 1126/1126 1141/1141
f 1129/1129 1127/1127 1141/1141
f 1126/1126 1123/1123 1188/1188
f 1141/1141 1126/1126 1188/1188
f 1188/1188 1123/1123 1121/1121
f 1188/1188 1121/1121 1214/1214
f 1121/1121 1119/1119 1215/1215
f 1214/1214 1121/1121 1215/1215
f 1119/1119 1118/1118 1250/1250
f 1215/1215 1119/1119 1250/1250
f 1265/1265 1236/1236 1264/1264
f 1265/1265 1264/1264 1266/1266
f 1245/1245 1241/1241 1146/1146
f 1148/1148 1245/1245 1146/1146
f 1146/1146 1241/1241 1197/1197
f 1146/1146 1197/1197 1144/1144
f 1197/1197 1196/1196 1140/1140
f 1144/1144 1197/1197 1140/1140
f 1140/1140 1196/1196 1139/1139
f 1139/1139 1137/1137 1138/1138
f 1140/1140 1139/1139 1138/1138
f 1137/1137 1135/1135 1136/1136
f 1138/1138 1137/1137 1136/1136
f 1136/1136 1135/1135 1133/1133
f 1136/1136 1133/1133 1170/1170
f 1170/1170 1133/1133 1130/1130
f 1170/1170 1130/1130 1191/1191
f 1130/1130 1129/1129 1191/1191
f 1191/1191 1129/1129 1209/1209
f 1129/1129 1141/1141 1210/1210
f 1209/1209 1129/1129 1210/1210
f 1141/1141 1188/1188 1227/1227
f 1210/1210 1141/1141 1227/1227
f 1265/1265 1266/1266 1267/1267
f 1284/1284 1265/1265 1267/1267
f 1155/1155 1257/1257 1160/1160
f 1155/1155 1160/1160 1153/1153
f 1153/1153 1160/1160 1159/1159
f 1153/1153 1159/1159 1150/1150
f 1159/1159 1148/1148 1150/1150
f 1148/1148 1146/1146 1147/1147
f 1150/1150 1148/1148 1147/1147
f 1146/1146 1144/1144 1145/1145
f 1147/1147 1146/1146 1145/1145
f 1144/1144 1140/1140 1143/1143
f 1145/1145 1144/1144 1143/1143
f 1143/1143 1140/1140 1142/1142
f 1142/1142 1140/1140 1138/1138
f 1142/1142 1138/1138 1185/1185
f 1185/1185 1138/1138 1136/1136
f 1185/1185 1136/1136 1170/1170
f 1185/1185 1170/1170 1211/1211
f 1170/1170 1191/1191 1211/1211
f 1162/1162 1206/1206 1161/1161
f 1162/1162 1161/1161 1158/1158
f 1158/1158 1161/1161 1157/1157
f 1158/1158 1157/1157 1156/1156
f 1156/1156 1157/1157 1155/1155
f 1155/1155 1153/1153 1154/1154
f 1156/1156 1155/1155 1154/1154
f 1153/1153 1150/1150 1152/1152
f 1154/1154 1153/1153 1152/1152
f 1152/1152 1150/1150 1151/1151
f 1150/1150 1147/1147 1149/1149
f 1151/1151 1150/1150 1149/1149
f 1313/1313 1243/1243 1174/1174
f 1177/1177 1313/1313 1174/1174
f 1243/1243 1240/1240 1172/1172
f 1174/1174 1243/1243 1172/1172
f 1172/1172 1240/1240 1171/1171
f 1172/1172 1171/1171 1169/1169
f 1169/1169 1171/1171 1165/1165
f 1169/1169 1165/1165 1168/1168
f 1165/1165 1162/1162 1164/1164
f 1168/1168 1165/1165 1164/1164
f 1162/1162 1158/1158 1163/1163
f 1164/1164 1162/1162 1163/1163
f 1158/1158 1156/1156 1166/1166
f 1163/1163 1158/1158 1166/1166
f 1166/1166 1156/1156 1167/1167
f 1156/1156 1154/1154 1167/1167
f 1263/1263 1527/1527 1198/1198
f 1198/1198 1527/1527 1304/1304
f 1198/1198 1304/1304 1183/1183
f 1183/1183 1304/1304 1244/1244
f 1183/1183 1244/1244 1181/1181
f 1181/1181 1244/1244 1192/1192
f 1181/1181 1192/1192 1178/1178
f 1178/1178 1192/1192 1177/1177
f 1178/1178 1177/1177 1176/1176
f 1176/1176 1177/1177 1174/1174
f 1176/1176 1174/1174 1175/1175
f 1174/1174 1172/1172 1173/1173
f 1175/1175 1174/1174 1173/1173
f 1173/1173 1172/1172 1169/1169
f 1173/1173 1169/1169 1186/1186
f 1169/1169 1168/1168 1186/1186
f 1168/1168 1164/1164 1186/1186
f 1204/1204 1261/1261 1203/1203
f 1261/1261 1263/1263 1199/1199
f 1203/1203 1261/1261 1199/1199
f 1199/1199 1263/1263 1198/1198
f 1199/1199 1198/1198 1184/1184
f 1184/1184 1198/1198 1183/1183
f 1183/1183 1181/1181 1182/1182
f 1184/1184 1183/1183 1182/1182
f 1181/1181 1178/1178 1180/1180
f 1182/1182 1181/1181 1180/1180
f 1178/1178 1176/1176 1179/1179
f 1180/1180 1178/1178 1179/1179
f 1176/1176 1175/1175 1179/1179
f 1204/1204 1203/1203 1202/1202
f 1202/1202 1203/1203 1199/1199
f 1202/1202 1199/1199 1201/1201
f 1199/1199 1184/1184 1200/1200
f 1201/1201 1199/1199 1200/1200
f 1200/1200 1184/1184 1208/1208
f 1184/1184 1182/1182 1195/1195
f 1208/1208 1184/1184 1195/1195
f 1182/1182 1180/1180 1195/1195
f 1205/1205 1202/1202 1207/1207
f 1207/1207 1202/1202 1201/1201
f 1207/1207 1201/1201 1235/1235
f 1201/1201 1200/1200 1235/1235
f 1200/1200 1208/1208 1252/1252
f 1235/1235 1200/1200 1252/1252
f 468/468 462/462 456/456
f 460/460 468/468 456/456
f 456/456 462/462 457/457
f 478/478 494/494 480/480
f 478/478 480/480 452/452
f 452/452 480/480 479/479
f 452/452 479/479 448/448
f 448/448 479/479 464/464
f 448/448 464/464 449/449
f 464/464 460/460 450/450
f 449/449 464/464 450/450
f 460/460 456/456 454/454
f 450/450 460/460 454/454
f 456/456 457/457 455/455
f 454/454 456/456 455/455
f 455/455 457/457 458/458
f 455/455 458/458 459/459
f 492/492 487/487 465/465
f 482/482 492/492 465/465
f 487/487 486/486 443/443
f 465/465 487/487 443/443
f 443/443 486/486 478/478
f 443/443 478/478 440/440
f 440/440 478/478 452/452
f 452/452 448/448 442/442
f 440/440 452/452 442/442
f 448/448 449/449 447/447
f 442/442 448/448 447/447
f 449/449 450/450 451/451
f 447/447 449/449 451/451
f 450/450 454/454 453/453
f 451/451 450/450 453/453
f 453/453 454/454 455/455
f 453/453 455/455 467/467
f 438/438 482/482 435/435
f 435/435 482/482 465/465
f 435/435 465/465 436/436
f 436/436 465/465 443/443
f 436/436 443/443 437/437
f 443/443 440/440 437/437
f 437/437 440/440 439/439
f 440/440 442/442 441/441
f 439/439 440/440 441/441
f 442/442 447/447 446/446
f 441/441 442/442 446/446
f 447/447 451/451 466/466
f 446/446 447/447 466/466
f 466/466 451/451 453/453
f 466/466 453/453 485/485
f 435/435 436/436 434/434
f 436/436 437/437 434/434
f 437/437 439/439 444/444
f 439/439 441/441 445/445
f 445/445 441/441 446/446
f 483/483 446/446 466/466
f 2364/2364 2365/2365 2367/2367
f 2364/2364 2367/2367 2368/2368
f 2368/2368 2367/2367 2370/2370
f 2368/2368 2370/2370 2371/2371
f 2371/2371 2370/2370 2442/2442
f 2371/2371 2442/2442 2419/2419
f 2442/2442 2686/2686 2475/2475
f 2419/2419 2442/2442 2475/2475
f 2686/2686 3013/3013 2685/2685
f 2475/2475 2686/2686 2685/2685
f 2685/2685 3013/3013 3074/3074
f 2685/2685 3074/3074 3059/3059
f 2530/2530 2501/2501 2359/2359
f 2530/2530 2359/2359 2531/2531
f 2359/2359 2357/2357 2360/2360
f 2531/2531 2359/2359 2360/2360
f 5571/5571 5572/5572 5576/5576
f 3059/3059 3074/3074 3246/3246
f 5576/5576 5572/5572 5675/5675
f 6199/6199 6200/6200 6201/6201
f 2502/2502 2501/2501 2814/2814
f 2949/2949 2502/2502 2814/2814
f 3100/3100 2949/2949 2814/2814
f 3100/3100 2814/2814 3109/3109
f 5675/5675 5602/5602 5601/5601
f 5604/5604 5675/5675 5601/5601
f 5601/5601 5602/5602 5597/5597
f 5601/5601 5597/5597 5600/5600
f 2984/2984 2983/2983 3020/3020
f 3019/3019 2984/2984 3020/3020
f 2983/2983 2949/2949 3099/3099
f 3020/3020 2983/2983 3099/3099
f 5600/5600 5597/5597 5599/5599
f 3096/3096 3019/3019 3190/3190
f 3189/3189 3096/3096 3190/3190
f 3019/3019 3020/3020 3238/3238
f 3190/3190 3019/3019 3238/3238
f 5599/5599 5597/5597 5598/5598
f 5599/5599 5598/5598 5836/5836
f 1314/1314 1624/1624 1305/1305
f 1305/1305 1624/1624 1623/1623
f 1623/1623 1622/1622 1312/1312
f 1305/1305 1623/1623 1312/1312
f 1622/1622 1626/1626 1356/1356
f 1312/1312 1622/1622 1356/1356
f 1339/1339 1312/1312 1356/1356
f 1339/1339 1356/1356 1344/1344
f 5663/5663 5596/5596 5834/5834
f 5663/5663 5834/5834 5648/5648
f 1352/1352 1332/1332 1103/1103
f 1102/1102 1352/1352 1103/1103
f 1332/1332 1314/1314 1105/1105
f 1103/1103 1332/1332 1105/1105
f 1314/1314 1305/1305 1110/1110
f 1105/1105 1314/1314 1110/1110
f 1110/1110 1305/1305 1238/1238
f 1305/1305 1312/1312 1255/1255
f 1238/1238 1305/1305 1255/1255
f 5648/5648 5834/5834 5664/5664
f 5648/5648 5664/5664 5649/5649
f 1087/1087 1500/1500 1249/1249
f 1087/1087 1249/1249 1082/1082
f 1082/1082 1249/1249 1102/1102
f 1082/1082 1102/1102 1084/1084
f 1084/1084 1102/1102 1086/1086
f 1102/1102 1103/1103 1088/1088
f 1086/1086 1102/1102 1088/1088
f 1103/1103 1105/1105 1104/1104
f 1088/1088 1103/1103 1104/1104
f 1105/1105 1110/1110 1106/1106
f 1104/1104 1105/1105 1106/1106
f 1106/1106 1110/1110 1238/1238
f 1106/1106 1238/1238 1239/1239
f 1239/1239 1238/1238 1255/1255
f 1239/1239 1255/1255 1256/1256
f 3891/3891 3957/3957 3807/3807
f 3891/3891 3807/3807 3366/3366
f 1078/1078 1087/1087 1079/1079
f 1079/1079 1087/1087 1082/1082
f 1079/1079 1082/1082 1080/1080
f 1080/1080 1082/1082 1084/1084
f 1080/1080 1084/1084 1085/1085
f 1084/1084 1086/1086 1085/1085
f 1085/1085 1086/1086 1088/1088
f 1085/1085 1088/1088 1093/1093
f 1093/1093 1088/1088 1104/1104
f 1093/1093 1104/1104 1224/1224
f 1104/1104 1106/1106 1225/1225
f 1224/1224 1104/1104 1225/1225
f 1225/1225 1106/1106 1239/1239
f 1225/1225 1239/1239 1307/1307
f 1239/1239 1256/1256 1311/1311
f 1307/1307 1239/1239 1311/1311
f 1311/1311 1256/1256 1341/1341
f 3369/3369 3370/3370 3371/3371
f 413/413 425/425 407/407
f 1080/1080 1085/1085 1083/1083
f 1081/1081 1080/1080 1083/1083
f 1083/1083 1085/1085 1111/1111
f 1111/1111 1085/1085 1093/1093
f 1111/1111 1093/1093 1253/1253
f 1253/1253 1093/1093 1224/1224
f 1253/1253 1224/1224 1287/1287
f 1287/1287 1224/1224 1225/1225
f 1287/1287 1225/1225 1328/1328
f 1225/1225 1307/1307 1329/1329
f 1328/1328 1225/1225 1329/1329
f 1307/1307 1311/1311 1374/1374
f 1329/1329 1307/1307 1374/1374
f 1374/1374 1311/1311 1341/1341
f 1374/1374 1341/1341 1443/1443
f 1443/1443 1341/1341 1412/1412
f 1443/1443 1412/1412 1525/1525
f 3378/3378 3388/3388 3408/3408
f 3414/3414 3378/3378 3408/3408
f 2388/2388 2364/2364 2368/2368
f 2388/2388 2368/2368 2389/2389
f 2368/2368 2371/2371 2372/2372
f 2389/2389 2368/2368 2372/2372
f 2371/2371 2419/2419 2373/2373
f 2372/2372 2371/2371 2373/2373
f 2419/2419 2475/2475 2375/2375
f 2373/2373 2419/2419 2375/2375
f 2475/2475 2685/2685 2510/2510
f 2375/2375 2475/2475 2510/2510
f 2685/2685 3059/3059 2762/2762
f 2510/2510 2685/2685 2762/2762
f 2762/2762 3059/3059 3083/3083
f 2762/2762 3083/3083 3084/3084
f 2683/2683 2531/2531 2360/2360
f 2683/2683 2360/2360 2684/2684
f 5659/5659 5604/5604 5605/5605
f 3084/3084 3083/3083 3217/3217
f 5605/5605 5604/5604 5603/5603
f 5605/5605 5603/5603 5606/5606
f 2530/2530 2531/2531 2989/2989
f 3109/3109 2530/2530 2989/2989
f 3109/3109 2989/2989 3212/3212
f 5603/5603 5600/5600 5662/5662
f 5606/5606 5603/5603 5662/5662
f 5662/5662 5600/5600 5789/5789
f 5662/5662 5789/5789 5660/5660
f 3100/3100 3109/3109 3152/3152
f 3151/3151 3100/3100 3152/3152
f 6182/6182 6181/6181 6180/6180
f 1635/1635 1738/1738 1739/1739
f 1635/1635 1739/1739 1613/1613
f 1613/1613 1739/1739 1798/1798
f 1613/1613 1798/1798 1676/1676
f 5642/5642 5641/5641 5639/5639
f 1344/1344 1635/1635 1613/1613
f 1344/1344 1613/1613 1605/1605
f 1605/1605 1613/1613 1676/1676
f 1605/1605 1676/1676 1671/1671
f 5640/5640 5836/5836 5646/5646
f 5640/5640 5646/5646 5643/5643
f 1339/1339 1344/1344 1342/1342
f 1344/1344 1605/1605 1495/1495
f 1342/1342 1344/1344 1495/1495
f 1605/1605 1671/1671 1550/1550
f 1495/1495 1605/1605 1550/1550
f 5643/5643 5646/5646 5647/5647
f 4482/4482 3940/3940 3939/3939
f 1340/1340 1339/1339 1342/1342
f 1340/1340 1342/1342 1343/1343
f 1343/1343 1342/1342 1495/1495
f 1343/1343 1495/1495 1494/1494
f 1494/1494 1495/1495 1550/1550
f 1494/1494 1550/1550 1549/1549
f 3887/3887 3948/3948 3365/3365
f 3887/3887 3365/3365 3363/3363
f 1411/1411 1343/1343 1494/1494
f 1411/1411 1494/1494 1493/1493
f 1493/1493 1494/1494 1549/1549
f 1493/1493 1549/1549 1548/1548
f 413/413 407/407 403/403
f 396/396 413/413 403/403
f 1496/1496 1493/1493 1548/1548
f 1496/1496 1548/1548 1555/1555
f 1555/1555 1548/1548 1581/1581
f 3826/3826 3950/3950 3722/3722
f 3722/3722 3950/3950 3681/3681
f 3722/3722 3681/3681 3592/3592
f 3681/3681 3414/3414 3408/3408
f 3592/3592 3681/3681 3408/3408
f 2386/2386 2432/2432 2391/2391
f 2378/2378 2386/2386 2391/2391
f 2391/2391 2432/2432 2431/2431
f 2389/2389 2372/2372 2421/2421
f 2621/2621 2389/2389 2421/2421
f 2372/2372 2373/2373 2374/2374
f 2421/2421 2372/2372 2374/2374
f 2374/2374 2373/2373 2375/2375
f 2374/2374 2375/2375 2376/2376
f 2432/2432 2762/2762 2791/2791
f 2431/2431 2432/2432 2791/2791
f 2762/2762 3084/3084 2915/2915
f 2791/2791 2762/2762 2915/2915
f 2915/2915 3084/3084 3156/3156
f 2915/2915 3156/3156 3158/3158
f 2388/2388 2389/2389 2622/2622
f 2684/2684 2388/2388 2622/2622
f 2827/2827 2684/2684 2622/2622
f 2827/2827 2622/2622 2826/2826
f 5607/5607 5606/5606 5608/5608
f 3158/3158 3156/3156 3251/3251
f 5608/5608 5606/5606 5609/5609
f 5608/5608 5609/5609 5610/5610
f 2683/2683 2684/2684 3118/3118
f 3212/3212 2683/2683 3118/3118
f 3212/3212 3118/3118 3245/3245
f 5609/5609 5660/5660 5611/5611
f 5610/5610 5609/5609 5611/5611
f 5611/5611 5660/5660 5661/5661
f 5611/5611 5661/5661 5612/5612
f 6186/6186 6187/6187 6188/6188
f 5612/5612 5661/5661 5614/5614
f 3109/3109 3212/3212 3173/3173
f 3152/3152 3109/3109 3173/3173
f 6188/6188 6187/6187 6189/6189
f 1680/1680 1798/1798 1780/1780
f 1680/1680 1780/1780 1720/1720
f 5633/5633 5651/5651 5632/5632
f 1680/1680 1720/1720 1658/1658
f 1634/1634 1680/1680 1658/1658
f 5636/5636 5639/5639 5638/5638
f 5636/5636 5638/5638 5637/5637
f 1634/1634 1658/1658 1602/1602
f 1550/1550 1634/1634 1602/1602
f 3938/3938 4482/4482 3939/3939
f 3938/3938 3939/3939 3359/3359
f 1551/1551 1550/1550 1602/1602
f 1551/1551 1602/1602 1600/1600
f 3359/3359 3939/3939 3361/3361
f 1582/1582 1551/1551 1600/1600
f 1582/1582 1600/1600 1601/1601
f 1601/1601 1600/1600 1620/1620
f 1601/1601 1620/1620 1643/1643
f 405/405 391/391 406/406
f 414/414 405/405 406/406
f 405/405 414/414 416/416
f 400/400 405/405 416/416
f 391/391 396/396 403/403
f 406/406 391/391 403/403
f 2378/2378 2391/2391 2380/2380
f 2379/2379 2378/2378 2380/2380
f 2380/2380 2391/2391 2431/2431
f 2380/2380 2431/2431 2396/2396
f 2431/2431 2770/2770 2473/2473
f 2396/2396 2431/2431 2473/2473
f 2473/2473 2770/2770 2782/2782
f 2473/2473 2782/2782 2781/2781
f 2620/2620 2621/2621 2421/2421
f 2620/2620 2421/2421 2487/2487
f 2487/2487 2421/2421 2374/2374
f 2487/2487 2374/2374 2457/2457
f 2374/2374 2376/2376 2377/2377
f 2457/2457 2374/2374 2377/2377
f 2782/2782 3158/3158 3042/3042
f 2781/2781 2782/2782 3042/3042
f 3042/3042 3158/3158 3146/3146
f 3042/3042 3146/3146 3041/3041
f 3041/3041 3146/3146 3145/3145
f 3041/3041 3145/3145 3071/3071
f 5803/5803 5798/5798 5657/5657
f 5803/5803 5657/5657 5621/5621
f 5621/5621 5657/5657 5617/5617
f 5621/5621 5617/5617 5620/5620
f 5617/5617 5616/5616 5618/5618
f 5620/5620 5617/5617 5618/5618
f 5618/5618 5616/5616 5619/5619
f 5618/5618 5619/5619 5623/5623
f 2827/2827 2826/2826 3172/3172
f 3245/3245 2827/2827 3172/3172
f 3254/3254 3245/3245 3172/3172
f 3254/3254 3172/3172 3252/3252
f 5623/5623 5619/5619 5624/5624
f 5623/5623 5624/5624 5625/5625
f 3212/3212 3245/3245 3239/3239
f 3173/3173 3212/3212 3239/3239
f 5625/5625 5624/5624 5626/5626
f 268/268 286/286 267/267
f 1659/1659 1780/1780 1769/1769
f 1659/1659 1769/1769 1667/1667
f 5626/5626 5628/5628 5655/5655
f 267/267 286/286 271/271
f 1650/1650 1659/1659 1667/1667
f 1650/1650 1667/1667 1666/1666
f 5655/5655 5628/5628 5652/5652
f 5655/5655 5652/5652 5808/5808
f 1650/1650 1666/1666 1649/1649
f 1602/1602 1650/1650 1649/1649
f 1649/1649 1666/1666 1665/1665
f 3828/3828 3990/3990 3358/3358
f 3828/3828 3358/3358 3354/3354
f 1600/1600 1602/1602 1649/1649
f 1600/1600 1649/1649 1644/1644
f 3360/3360 3359/3359 3361/3361
f 3362/3362 3360/3360 3361/3361
f 422/422 423/423 418/418
f 1645/1645 1644/1644 1664/1664
f 1645/1645 1664/1664 1682/1682
f 1664/1664 1708/1708 1683/1683
f 1682/1682 1664/1664 1683/1683
f 2381/2381 2379/2379 2380/2380
f 2381/2381 2380/2380 2382/2382
f 2380/2380 2396/2396 2383/2383
f 2382/2382 2380/2380 2383/2383
f 2383/2383 2396/2396 2473/2473
f 2383/2383 2473/2473 2468/2468
f 2468/2468 2473/2473 2781/2781
f 2468/2468 2781/2781 2766/2766
f 2766/2766 2781/2781 3040/3040
f 2766/2766 3040/3040 3039/3039
f 2631/2631 2487/2487 2457/2457
f 2631/2631 2457/2457 2500/2500
f 2500/2500 2457/2457 2377/2377
f 2500/2500 2377/2377 2387/2387
f 3041/3041 3071/3071 3036/3036
f 3040/3040 3041/3041 3036/3036
f 3071/3071 3175/3175 3037/3037
f 3036/3036 3071/3071 3037/3037
f 5621/5621 5620/5620 5622/5622
f 3037/3037 3175/3175 3061/3061
f 5622/5622 5620/5620 5656/5656
f 5622/5622 5656/5656 5790/5790
f 2620/2620 2487/2487 3097/3097
f 3098/3098 2620/2620 3097/3097
f 276/276 280/280 279/279
f 276/276 279/279 255/255
f 3098/3098 3097/3097 3249/3249
f 3252/3252 3098/3098 3249/3249
f 3256/3256 3252/3252 3249/3249
f 3256/3256 3249/3249 3265/3265
f 255/255 279/279 268/268
f 3254/3254 3252/3252 3255/3255
f 3239/3239 3254/3254 3255/3255
f 268/268 267/267 257/257
f 255/255 268/268 257/257
f 1699/1699 1769/1769 1755/1755
f 1699/1699 1755/1755 1698/1698
f 267/267 271/271 260/260
f 257/257 267/267 260/260
f 1672/1672 1699/1699 1698/1698
f 1672/1672 1698/1698 1697/1697
f 271/271 288/288 269/269
f 260/260 271/271 269/269
f 1700/1700 1697/1697 1701/1701
f 1700/1700 1701/1701 1704/1704
f 3992/3992 4481/4481 3915/3915
f 3992/3992 3915/3915 3916/3916
f 1665/1665 1700/1700 1707/1707
f 1707/1707 1700/1700 1704/1704
f 1707/1707 1704/1704 1748/1748
f 398/398 383/383 418/418
f 383/383 398/398 356/356
f 2413/2413 2467/2467 2435/2435
f 2385/2385 2381/2381 2382/2382
f 2385/2385 2382/2382 2384/2384
f 2384/2384 2382/2382 2383/2383
f 2384/2384 2383/2383 2397/2397
f 2383/2383 2468/2468 2399/2399
f 2397/2397 2383/2383 2399/2399
f 2468/2468 2766/2766 2436/2436
f 2399/2399 2468/2468 2436/2436
f 2467/2467 3039/3039 2883/2883
f 2435/2435 2467/2467 2883/2883
f 2883/2883 3039/3039 3035/3035
f 2883/2883 3035/3035 2481/2481
f 3035/3035 3038/3038 2985/2985
f 2481/2481 3035/3035 2985/2985
f 3038/3038 3057/3057 2985/2985
f 2985/2985 3057/3057 3075/3075
f 2985/2985 3075/3075 3087/3087
f 2617/2617 2500/2500 2387/2387
f 2617/2617 2387/2387 2616/2616
f 278/278 289/289 276/276
f 278/278 276/276 252/252
f 2631/2631 2500/2500 3203/3203
f 3237/3237 2631/2631 3203/3203
f 252/252 276/276 255/255
f 252/252 255/255 254/254
f 3237/3237 3203/3203 3264/3264
f 3265/3265 3237/3237 3264/3264
f 3281/3281 3265/3265 3264/3264
f 3281/3281 3264/3264 3275/3275
f 1886/1886 1887/1887 1792/1792
f 1755/1755 1886/1886 1792/1792
f 254/254 255/255 257/257
f 1703/1703 1755/1755 1792/1792
f 1703/1703 1792/1792 1746/1746
f 1702/1702 1703/1703 1746/1746
f 1702/1702 1746/1746 1706/1706
f 260/260 269/269 262/262
f 1705/1705 1706/1706 1799/1799
f 1705/1705 1799/1799 1800/1800
f 3992/3992 3916/3916 3842/3842
f 4487/4487 3992/3992 3842/3842
f 1775/1775 1705/1705 1800/1800
f 1775/1775 1800/1800 1884/1884
f 3842/3842 3916/3916 3347/3347
f 3842/3842 3347/3347 3345/3345
f 2407/2407 2412/2412 2413/2413
f 2407/2407 2413/2413 2408/2408
f 2413/2413 2435/2435 2417/2417
f 2408/2408 2413/2413 2417/2417
f 2435/2435 2481/2481 2449/2449
f 2417/2417 2435/2435 2449/2449
f 2481/2481 2569/2569 2479/2479
f 2449/2449 2481/2481 2479/2479
f 2569/2569 2673/2673 2528/2528
f 2479/2479 2569/2569 2528/2528
f 2528/2528 2673/2673 2774/2774
f 2418/2418 2385/2385 2384/2384
f 2418/2418 2384/2384 2398/2398
f 2398/2398 2384/2384 2397/2397
f 2398/2398 2397/2397 2400/2400
f 2400/2400 2397/2397 2399/2399
f 2400/2400 2399/2399 2401/2401
f 284/284 285/285 278/278
f 284/284 278/278 265/265
f 265/265 278/278 252/252
f 265/265 252/252 264/264
f 2617/2617 2616/2616 3194/3194
f 3263/3263 2617/2617 3194/3194
f 3274/3274 3263/3263 3194/3194
f 3274/3274 3194/3194 3248/3248
f 252/252 254/254 253/253
f 1890/1890 1899/1899 1879/1879
f 1881/1881 1890/1890 1879/1879
f 254/254 257/257 256/256
f 253/253 254/254 256/256
f 1802/1802 1881/1881 1879/1879
f 1802/1802 1879/1879 1850/1850
f 256/256 257/257 260/260
f 256/256 260/260 261/261
f 1801/1801 1802/1802 1850/1850
f 1801/1801 1850/1850 1804/1804
f 261/261 260/260 262/262
f 1803/1803 1804/1804 1880/1880
f 1803/1803 1880/1880 1885/1885
f 4487/4487 3842/3842 3336/3336
f 261/261 262/262 274/274
f 364/364 366/366 353/353
f 364/364 353/353 361/361
f 361/361 353/353 347/347
f 361/361 347/347 355/355
f 355/355 347/347 341/341
f 355/355 341/341 342/342
f 3336/3336 3842/3842 3345/3345
f 3336/3336 3345/3345 3337/3337
f 2409/2409 2408/2408 2417/2417
f 2409/2409 2417/2417 2425/2425
f 2425/2425 2417/2417 2449/2449
f 2425/2425 2449/2449 2448/2448
f 2449/2449 2479/2479 2450/2450
f 2448/2448 2449/2449 2450/2450
f 2479/2479 2528/2528 2480/2480
f 2450/2450 2479/2479 2480/2480
f 2480/2480 2528/2528 2774/2774
f 2480/2480 2774/2774 2797/2797
f 2403/2403 2398/2398 2400/2400
f 2403/2403 2400/2400 2402/2402
f 2402/2402 2400/2400 2401/2401
f 2402/2402 2401/2401 2404/2404
f 2407/2407 2408/2408 2406/2406
f 2401/2401 2407/2407 2406/2406
f 2401/2401 2406/2406 2405/2405
f 2404/2404 2401/2401 2405/2405
f 283/283 284/284 265/265
f 283/283 265/265 263/263
f 2418/2418 2398/2398 2775/2775
f 2944/2944 2418/2418 2775/2775
f 263/263 265/265 264/264
f 263/263 264/264 251/251
f 2944/2944 2775/2775 3244/3244
f 3248/3248 2944/2944 3244/3244
f 3267/3267 3248/3248 3244/3244
f 264/264 252/252 251/251
f 3274/3274 3248/3248 3273/3273
f 3294/3294 3274/3274 3273/3273
f 3294/3294 3273/3273 3282/3282
f 252/252 253/253 249/249
f 251/251 252/252 249/249
f 249/249 253/253 256/256
f 249/249 256/256 248/248
f 1883/1883 1888/1888 1889/1889
f 1883/1883 1889/1889 1891/1891
f 256/256 261/261 259/259
f 248/248 256/256 259/259
f 1880/1880 1883/1883 1891/1891
f 1880/1880 1891/1891 1892/1892
f 259/259 261/261 266/266
f 266/266 261/261 274/274
f 4486/4486 3336/3336 3331/3331
f 3336/3336 3337/3337 3332/3332
f 3331/3331 3336/3336 3332/3332
f 2410/2410 2409/2409 2425/2425
f 2410/2410 2425/2425 2447/2447
f 2447/2447 2425/2425 2448/2448
f 2447/2447 2448/2448 2454/2454
f 2454/2454 2448/2448 2450/2450
f 2454/2454 2450/2450 2506/2506
f 2506/2506 2450/2450 2480/2480
f 2506/2506 2480/2480 2658/2658
f 2658/2658 2480/2480 2797/2797
f 2658/2658 2797/2797 2798/2798
f 2411/2411 2402/2402 2404/2404
f 2411/2411 2404/2404 2414/2414
f 2414/2414 2404/2404 2405/2405
f 2414/2414 2405/2405 2415/2415
f 282/282 283/283 263/263
f 282/282 263/263 277/277
f 2403/2403 2402/2402 2643/2643
f 3143/3143 2403/2403 2643/2643
f 3143/3143 2643/2643 2758/2758
f 263/263 251/251 258/258
f 277/277 263/263 258/258
f 3266/3266 3267/3267 3244/3244
f 3266/3266 3244/3244 3243/3243
f 258/258 251/251 250/250
f 250/250 251/251 249/249
f 250/250 249/249 247/247
f 3294/3294 3282/3282 3297/3297
f 247/247 249/249 248/248
f 1893/1893 1898/1898 1897/1897
f 1893/1893 1897/1897 1896/1896
f 259/259 266/266 270/270
f 1895/1895 1893/1893 1896/1896
f 351/351 344/344 343/343
f 343/343 344/344 316/316
f 343/343 316/316 335/335
f 3328/3328 4486/4486 3331/3331
f 3328/3328 3331/3331 3322/3322
f 338/338 335/335 336/336
f 338/338 336/336 350/350
f 350/350 336/336 354/354
f 350/350 354/354 357/357
f 3331/3331 3332/3332 3323/3323
f 3322/3322 3331/3331 3323/3323
f 2710/2710 2506/2506 2658/2658
f 2410/2410 2447/2447 2455/2455
f 2415/2415 2410/2410 2455/2455
f 2596/2596 2415/2415 2455/2455
f 2596/2596 2455/2455 2705/2705
f 2447/2447 2454/2454 2456/2456
f 2455/2455 2447/2447 2456/2456
f 2705/2705 2455/2455 2456/2456
f 2705/2705 2456/2456 2993/2993
f 2454/2454 2506/2506 2507/2507
f 2456/2456 2454/2454 2507/2507
f 2993/2993 2456/2456 2507/2507
f 2993/2993 2507/2507 3108/3108
f 3159/3159 2658/2658 2798/2798
f 3159/3159 2798/2798 3288/3288
f 2710/2710 2658/2658 3159/3159
f 2710/2710 3159/3159 3276/3276
f 3159/3159 3288/3288 3277/3277
f 3276/3276 3159/3159 3277/3277
f 2411/2411 2414/2414 2741/2741
f 2758/2758 2411/2411 2741/2741
f 2755/2755 2758/2758 2741/2741
f 2755/2755 2741/2741 2740/2740
f 2414/2414 2415/2415 2738/2738
f 2741/2741 2414/2414 2738/2738
f 2740/2740 2741/2741 2738/2738
f 2740/2740 2738/2738 2739/2739
f 277/277 258/258 273/273
f 287/287 277/277 273/273
f 3143/3143 2758/2758 3147/3147
f 3243/3243 3143/3143 3147/3147
f 3241/3241 3243/3243 3147/3147
f 3241/3241 3147/3147 3060/3060
f 273/273 258/258 250/250
f 273/273 250/250 272/272
f 3266/3266 3243/3243 3262/3262
f 3283/3283 3266/3266 3262/3262
f 3286/3286 3283/3283 3262/3262
f 3286/3286 3262/3262 3260/3260
f 250/250 247/247 246/246
f 272/272 250/250 246/246
f 247/247 248/248 245/245
f 246/246 247/247 245/245
f 245/245 248/248 259/259
f 245/245 259/259 275/275
f 259/259 270/270 281/281
f 275/275 259/259 281/281
f 334/334 312/312 328/328
f 334/334 328/328 337/337
f 3328/3328 3322/3322 3312/3312
f 3306/3306 3328/3328 3312/3312
f 358/358 373/373 384/384
f 358/358 384/384 372/372
f 372/372 384/384 402/402
f 372/372 402/402 390/390
f 390/390 402/402 426/426
f 390/390 426/426 410/410
f 3327/3327 3319/3319 3318/3318
f 3327/3327 3318/3318 3326/3326
f 3318/3318 3322/3322 3323/3323
f 3326/3326 3318/3318 3323/3323
f 2596/2596 2705/2705 2706/2706
f 3108/3108 2710/2710 3276/3276
f 2753/2753 2755/2755 2740/2740
f 2753/2753 2740/2740 2743/2743
f 2743/2743 2740/2740 2739/2739
f 2743/2743 2739/2739 2742/2742
f 2705/2705 2993/2993 2759/2759
f 2706/2706 2705/2705 2759/2759
f 2752/2752 2706/2706 2759/2759
f 2752/2752 2759/2759 2819/2819
f 2993/2993 3108/3108 3107/3107
f 2759/2759 2993/2993 3107/3107
f 2759/2759 3107/3107 3028/3028
f 2819/2819 2759/2759 3028/3028
f 3107/3107 3108/3108 3276/3276
f 3107/3107 3276/3276 3278/3278
f 3278/3278 3276/3276 3277/3277
f 291/291 287/287 273/273
f 3242/3242 3241/3241 3060/3060
f 3242/3242 3060/3060 3197/3197
f 3284/3284 3107/3107 3278/3278
f 242/242 291/291 290/290
f 3028/3028 3107/3107 3284/3284
f 229/229 242/242 222/222
f 242/242 290/290 241/241
f 222/222 242/242 241/241
f 291/291 273/273 272/272
f 290/290 291/291 272/272
f 243/243 290/290 272/272
f 243/243 272/272 246/246
f 241/241 290/290 243/243
f 241/241 243/243 230/230
f 3286/3286 3260/3260 3298/3298
f 4494/4494 4495/4495 4496/4496
f 243/243 246/246 245/245
f 244/244 243/243 245/245
f 230/230 243/243 244/244
f 230/230 244/244 231/231
f 313/313 308/308 309/309
f 3308/3308 3329/3329 3307/3307
f 3302/3302 3308/3308 3307/3307
f 3308/3308 3302/3302 3304/3304
f 3309/3309 3308/3308 3304/3304
f 311/311 309/309 306/306
f 311/311 306/306 307/307
f 3301/3301 3302/3302 3303/3303
f 3305/3305 3301/3301 3303/3303
f 3301/3301 3305/3305 3310/3310
f 3311/3311 3301/3301 3310/3310
f 3302/3302 3307/3307 3306/3306
f 3303/3303 3302/3302 3306/3306
f 374/374 323/323 333/333
f 374/374 333/333 375/375
f 375/375 333/333 389/389
f 375/375 389/389 427/427
f 3317/3317 3315/3315 3316/3316
f 3325/3325 3317/3317 3316/3316
f 3315/3315 3305/3305 3314/3314
f 3316/3316 3315/3315 3314/3314
f 3314/3314 3305/3305 3303/3303
f 3314/3314 3303/3303 3313/3313
f 3303/3303 3306/3306 3312/3312
f 3313/3313 3303/3303 3312/3312
f 2744/2744 2743/2743 2742/2742
f 2744/2744 2742/2742 2748/2748
f 2742/2742 2706/2706 2752/2752
f 2742/2742 2752/2752 2751/2751
f 2748/2748 2742/2742 2751/2751
f 2752/2752 2819/2819 2817/2817
f 2751/2751 2752/2752 2817/2817
f 2819/2819 3028/3028 3029/3029
f 2817/2817 2819/2819 3029/3029
f 2753/2753 2743/2743 2754/2754
f 3197/3197 2753/2753 2754/2754
f 3198/3198 3197/3197 2754/2754
f 3198/3198 2754/2754 2756/2756
f 228/228 229/229 222/222
f 228/228 222/222 225/225
f 3242/3242 3197/3197 3247/3247
f 3261/3261 3242/3242 3247/3247
f 3268/3268 3261/3261 3247/3247
f 3268/3268 3247/3247 3253/3253
f 221/221 222/222 241/241
f 221/221 241/241 230/230
f 222/222 221/221 220/220
f 225/225 222/222 220/220
f 221/221 230/230 219/219
f 220/220 221/221 219/219
f 219/219 230/230 231/231
f 219/219 231/231 223/223
f 231/231 235/235 233/233
f 223/223 231/231 233/233
f 3311/3311 3310/3310 3334/3334
f 3335/3335 3311/3311 3334/3334
f 2746/2746 2744/2744 2748/2748
f 2746/2746 2748/2748 2747/2747
f 2748/2748 2751/2751 2749/2749
f 2747/2747 2748/2748 2749/2749
f 2749/2749 2751/2751 2817/2817
f 2749/2749 2817/2817 2818/2818
f 2818/2818 2817/2817 3029/3029
f 2818/2818 3029/3029 3072/3072
f 3167/3167 3198/3198 2756/2756
f 3167/3167 2756/2756 2757/2757
f 228/228 225/225 224/224
f 227/227 228/228 224/224
f 3285/3285 3268/3268 3253/3253
f 3285/3285 3253/3253 3271/3271
f 225/225 220/220 218/218
f 224/224 225/225 218/218
f 218/218 220/220 219/219
f 218/218 219/219 217/217
f 217/217 219/219 223/223
f 301/301 296/296 297/297
f 299/299 297/297 298/298
f 299/299 298/298 314/314
f 236/236 237/237 240/240
f 236/236 240/240 239/239
f 2745/2745 2746/2746 2747/2747
f 2750/2750 2747/2747 2749/2749
f 2749/2749 2818/2818 2816/2816
f 2818/2818 3072/3072 3073/3073
f 3117/3117 3167/3167 2757/2757
f 226/226 227/227 224/224
f 224/224 218/218 216/216
f 3285/3285 3271/3271 3300/3300
f 223/223 233/233 232/232
f 234/234 236/236 239/239

