# Blender 4.4.0
# www.blender.org
mtllib mesh.mtl
o __articraft_commit_0005_0000
v -0.001374 0.199800 0.055000
v -0.002005 0.198413 0.054963
v -0.001689 0.199614 0.054995
v -0.001921 0.199106 0.054982
v -0.001374 0.199533 0.060881
v -0.002005 0.198150 0.060734
v -0.001689 0.199348 0.060861
v -0.001921 0.198842 0.060808
v -0.001374 0.198734 0.066705
v -0.002005 0.197371 0.066413
v -0.001689 0.198551 0.066666
v -0.001921 0.198052 0.066559
v -0.001374 0.197410 0.072417
v -0.002005 0.196081 0.071981
v -0.001689 0.197232 0.072359
v -0.001921 0.196746 0.072199
v -0.001374 0.195575 0.077961
v -0.002005 0.194292 0.077386
v -0.001689 0.195403 0.077884
v -0.001921 0.194934 0.077674
v -0.001374 0.193247 0.083284
v -0.002005 0.192021 0.082576
v -0.001689 0.193082 0.083189
v -0.001921 0.192634 0.082930
v -0.001374 0.190447 0.088334
v -0.002005 0.189292 0.087500
v -0.001689 0.190292 0.088222
v -0.001921 0.189869 0.087917
v -0.001374 0.187202 0.093064
v -0.002005 0.186128 0.092111
v -0.001689 0.187058 0.092936
v -0.001921 0.186665 0.092587
v -0.001374 0.183544 0.097426
v -0.002005 0.182562 0.096365
v -0.001689 0.183413 0.097284
v -0.001921 0.183053 0.096896
v -0.001374 0.179509 0.101381
v -0.002005 0.178628 0.100219
v -0.001689 0.179391 0.101225
v -0.001921 0.179068 0.100800
v -0.001374 0.175134 0.104888
v -0.002005 0.174362 0.103639
v -0.001689 0.175031 0.104721
v -0.001921 0.174748 0.104264
v -0.002005 0.169922 0.106517
v -0.001374 0.170463 0.107915
v -0.001921 0.170192 0.107216
v -0.001689 0.170390 0.107728
v -0.001374 0.165539 0.110433
v -0.002005 0.164749 0.109161
v -0.001689 0.165433 0.110263
v -0.001921 0.165144 0.109797
v -0.001374 0.160411 0.112416
v -0.002005 0.160139 0.110944
v -0.001689 0.160374 0.112219
v -0.001921 0.160275 0.111680
v -0.001374 0.155128 0.113847
v -0.002005 0.154857 0.112374
v -0.001689 0.155091 0.113650
v -0.001921 0.154992 0.113110
v -0.001374 0.149740 0.114711
v -0.002005 0.149604 0.113216
v -0.001689 0.149722 0.114511
v -0.001921 0.149672 0.113964
v -0.001374 0.144300 0.115000
v -0.002005 0.144266 0.113500
v -0.001689 0.144295 0.114799
v -0.001921 0.144283 0.114250
v -0.001374 0.049950 0.115000
v -0.002005 0.049984 0.113500
v -0.001689 0.049955 0.114799
v -0.001921 0.049967 0.114250
v -0.001374 0.044510 0.114711
v -0.002005 0.044646 0.113216
v -0.001689 0.044528 0.114511
v -0.001921 0.044578 0.113964
v -0.001374 0.039122 0.113847
v -0.002005 0.039393 0.112374
v -0.001689 0.039159 0.113650
v -0.001921 0.039258 0.113110
v -0.001374 0.033839 0.112416
v -0.002005 0.034242 0.110979
v -0.001689 0.033893 0.112224
v -0.001921 0.034041 0.111698
v -0.001374 0.028711 0.110433
v -0.002005 0.029243 0.109046
v -0.001689 0.028782 0.110247
v -0.001921 0.028977 0.109739
v -0.001374 0.023787 0.107915
v -0.002005 0.024443 0.106591
v -0.001689 0.023875 0.107738
v -0.001921 0.024115 0.107253
v -0.001374 0.019116 0.104888
v -0.002005 0.019888 0.103639
v -0.001689 0.019219 0.104721
v -0.001921 0.019502 0.104264
v -0.001374 0.014741 0.101381
v -0.002005 0.015622 0.100219
v -0.001689 0.014859 0.101225
v -0.001921 0.015182 0.100800
v -0.001374 0.010706 0.097426
v -0.002005 0.011688 0.096365
v -0.001689 0.010837 0.097284
v -0.001921 0.011197 0.096896
v -0.001374 0.007048 0.093064
v -0.002005 0.008122 0.092111
v -0.001689 0.007192 0.092936
v -0.001921 0.007585 0.092587
v -0.002005 0.005040 0.087619
v -0.001374 0.003803 0.088334
v -0.001921 0.004422 0.087977
v -0.001689 0.003969 0.088238
v -0.002005 0.002092 0.082301
v -0.001374 0.001003 0.083284
v -0.001921 0.001548 0.082792
v -0.001689 0.001149 0.083152
v -0.001374 -0.001325 0.077961
v -0.002005 0.000005 0.077529
v -0.001689 -0.001147 0.077903
v -0.001921 -0.000660 0.077745
v -0.001374 -0.003160 0.072417
v -0.002005 -0.001831 0.071981
v -0.001689 -0.002982 0.072359
v -0.001921 -0.002496 0.072199
v -0.001374 -0.004484 0.066705
v -0.002005 -0.003121 0.066413
v -0.001689 -0.004301 0.066666
v -0.001921 -0.003802 0.066559
v -0.001374 -0.005283 0.060881
v -0.002005 -0.003900 0.060734
v -0.001689 -0.005098 0.060861
v -0.001921 -0.004592 0.060808
v -0.001374 -0.005550 0.055000
v -0.002005 -0.004162 0.054963
v -0.001689 -0.005364 0.054995
v -0.001921 -0.004856 0.054982
v -0.001374 -0.005550 -0.055000
v -0.002005 -0.004162 -0.054963
v -0.001689 -0.005364 -0.054995
v -0.001921 -0.004856 -0.054982
v -0.001374 -0.005283 -0.060881
v -0.002005 -0.003900 -0.060734
v -0.001689 -0.005098 -0.060861
v -0.001921 -0.004592 -0.060807
v -0.001374 -0.004484 -0.066705
v -0.002005 -0.003121 -0.066412
v -0.001689 -0.004301 -0.066666
v -0.001921 -0.003802 -0.066559
v -0.001374 -0.003160 -0.072417
v -0.002005 -0.001831 -0.071981
v -0.001689 -0.002982 -0.072359
v -0.001921 -0.002496 -0.072199
v -0.001374 -0.001325 -0.077961
v -0.002005 -0.000042 -0.077386
v -0.001689 -0.001153 -0.077884
v -0.001921 -0.000684 -0.077674
v -0.001374 0.001003 -0.083284
v -0.002005 0.002229 -0.082576
v -0.001689 0.001168 -0.083189
v -0.001921 0.001616 -0.082930
v -0.001374 0.003803 -0.088334
v -0.002005 0.004959 -0.087500
v -0.001689 0.003958 -0.088222
v -0.001921 0.004381 -0.087917
v -0.001374 0.007048 -0.093064
v -0.002005 0.008122 -0.092111
v -0.001689 0.007192 -0.092936
v -0.001921 0.007585 -0.092587
v -0.001374 0.010706 -0.097426
v -0.002005 0.011688 -0.096364
v -0.001689 0.010837 -0.097284
v -0.001921 0.011197 -0.096895
v -0.001374 0.014741 -0.101381
v -0.002005 0.015623 -0.100220
v -0.001689 0.014859 -0.101225
v -0.001921 0.015182 -0.100800
v -0.001374 0.019116 -0.104888
v -0.002005 0.019888 -0.103639
v -0.001689 0.019219 -0.104721
v -0.001921 0.019502 -0.104264
v -0.001374 0.023787 -0.107915
v -0.002005 0.024442 -0.106591
v -0.001689 0.023875 -0.107738
v -0.001921 0.024115 -0.107253
v -0.001374 0.028711 -0.110433
v -0.002005 0.029243 -0.109045
v -0.001689 0.028782 -0.110247
v -0.001921 0.028977 -0.109739
v -0.001374 0.033839 -0.112416
v -0.002005 0.034242 -0.110979
v -0.001689 0.033893 -0.112224
v -0.001921 0.034041 -0.111698
v -0.001374 0.039122 -0.113847
v -0.002005 0.039394 -0.112374
v -0.001689 0.039159 -0.113650
v -0.001921 0.039258 -0.113111
v -0.001374 0.044510 -0.114711
v -0.002005 0.044646 -0.113216
v -0.001689 0.044528 -0.114511
v -0.001921 0.044578 -0.113964
v -0.001374 0.049950 -0.115000
v -0.002005 0.049984 -0.113500
v -0.001689 0.049955 -0.114799
v -0.001921 0.049967 -0.114250
v -0.001374 0.144300 -0.115000
v -0.002005 0.144266 -0.113500
v -0.001689 0.144295 -0.114799
v -0.001921 0.144283 -0.114250
v -0.001374 0.149740 -0.114711
v -0.002005 0.149604 -0.113216
v -0.001689 0.149722 -0.114511
v -0.001921 0.149672 -0.113964
v -0.001374 0.155128 -0.113847
v -0.002005 0.154856 -0.112374
v -0.001689 0.155091 -0.113650
v -0.001921 0.154992 -0.113111
v -0.001374 0.160411 -0.112416
v -0.002005 0.160008 -0.110979
v -0.001689 0.160357 -0.112224
v -0.001921 0.160209 -0.111698
v -0.001374 0.165539 -0.110433
v -0.002005 0.165007 -0.109045
v -0.001689 0.165468 -0.110247
v -0.001921 0.165273 -0.109739
v -0.001374 0.170463 -0.107915
v -0.002005 0.169808 -0.106591
v -0.001689 0.170375 -0.107738
v -0.001921 0.170135 -0.107253
v -0.001374 0.175134 -0.104888
v -0.002005 0.174362 -0.103639
v -0.001689 0.175031 -0.104721
v -0.001921 0.174748 -0.104264
v -0.001374 0.179509 -0.101381
v -0.002005 0.178627 -0.100220
v -0.001689 0.179391 -0.101225
v -0.001921 0.179068 -0.100800
v -0.001374 0.183544 -0.097426
v -0.002005 0.182562 -0.096364
v -0.001689 0.183413 -0.097284
v -0.001921 0.183053 -0.096895
v -0.001374 0.187202 -0.093064
v -0.002005 0.186128 -0.092111
v -0.001689 0.187058 -0.092936
v -0.001921 0.186665 -0.092587
v -0.001374 0.190447 -0.088334
v -0.002005 0.189291 -0.087500
v -0.001689 0.190292 -0.088222
v -0.001921 0.189869 -0.087917
v -0.001374 0.193247 -0.083284
v -0.002005 0.192021 -0.082576
v -0.001689 0.193082 -0.083189
v -0.001921 0.192634 -0.082930
v -0.001374 0.195575 -0.077961
v -0.002005 0.194292 -0.077386
v -0.001689 0.195403 -0.077884
v -0.001921 0.194934 -0.077674
v -0.001374 0.197410 -0.072417
v -0.002005 0.196081 -0.071981
v -0.001689 0.197232 -0.072359
v -0.001921 0.196746 -0.072199
v -0.001374 0.198734 -0.066705
v -0.002005 0.197371 -0.066412
v -0.001689 0.198551 -0.066666
v -0.001921 0.198052 -0.066559
v -0.001374 0.199533 -0.060881
v -0.002005 0.198150 -0.060734
v -0.001689 0.199348 -0.060861
v -0.001921 0.198842 -0.060807
v -0.001374 0.199800 -0.055000
v -0.002005 0.198413 -0.054963
v -0.001689 0.199614 -0.054995
v -0.001921 0.199106 -0.054982
v 0.002416 0.199800 0.055000
v 0.003048 0.198413 0.054963
v 0.002732 0.199614 0.054995
v 0.002963 0.199106 0.054982
v 0.002416 0.199533 0.060881
v 0.003048 0.198150 0.060734
v 0.002732 0.199348 0.060861
v 0.002963 0.198842 0.060808
v 0.002416 0.198734 0.066705
v 0.003048 0.197371 0.066413
v 0.002732 0.198551 0.066666
v 0.002963 0.198052 0.066559
v 0.002416 0.197410 0.072417
v 0.003048 0.196081 0.071981
v 0.002732 0.197232 0.072359
v 0.002963 0.196746 0.072199
v 0.002416 0.195575 0.077961
v 0.003048 0.194292 0.077386
v 0.002732 0.195403 0.077884
v 0.002963 0.194934 0.077674
v 0.002416 0.193247 0.083284
v 0.003048 0.192021 0.082576
v 0.002732 0.193082 0.083189
v 0.002963 0.192634 0.082930
v 0.002416 0.190447 0.088334
v 0.003048 0.189292 0.087500
v 0.002732 0.190292 0.088222
v 0.002963 0.189869 0.087917
v 0.002416 0.187202 0.093064
v 0.003048 0.186128 0.092111
v 0.002732 0.187058 0.092936
v 0.002963 0.186665 0.092587
v 0.002416 0.183544 0.097426
v 0.003048 0.182562 0.096365
v 0.002732 0.183413 0.097284
v 0.002963 0.183053 0.096896
v 0.002416 0.179509 0.101381
v 0.003048 0.178628 0.100219
v 0.002732 0.179391 0.101225
v 0.002963 0.179068 0.100800
v 0.002416 0.175134 0.104888
v 0.003048 0.174362 0.103639
v 0.002732 0.175031 0.104721
v 0.002963 0.174748 0.104264
v 0.002416 0.170463 0.107915
v 0.003048 0.169807 0.106591
v 0.002732 0.170375 0.107738
v 0.002963 0.170135 0.107253
v 0.002416 0.165539 0.110433
v 0.003048 0.165007 0.109046
v 0.002732 0.165468 0.110247
v 0.002963 0.165273 0.109739
v 0.002416 0.160411 0.112416
v 0.003048 0.160008 0.110979
v 0.002732 0.160357 0.112224
v 0.002963 0.160209 0.111698
v 0.002416 0.155128 0.113847
v 0.003048 0.154857 0.112374
v 0.002732 0.155091 0.113650
v 0.002963 0.154992 0.113110
v 0.002416 0.149740 0.114711
v 0.003048 0.149604 0.113216
v 0.002732 0.149722 0.114511
v 0.002963 0.149672 0.113964
v 0.002416 0.144300 0.115000
v 0.003048 0.144266 0.113500
v 0.002732 0.144295 0.114799
v 0.002963 0.144283 0.114250
v 0.002416 0.049950 0.115000
v 0.003048 0.049984 0.113500
v 0.002732 0.049955 0.114799
v 0.002963 0.049967 0.114250
v 0.002416 0.044510 0.114711
v 0.003048 0.044646 0.113216
v 0.002732 0.044528 0.114511
v 0.002963 0.044578 0.113964
v 0.002416 0.039122 0.113847
v 0.003048 0.039393 0.112374
v 0.002732 0.039159 0.113650
v 0.002963 0.039258 0.113110
v 0.002416 0.033839 0.112416
v 0.003048 0.034242 0.110979
v 0.002732 0.033893 0.112224
v 0.002963 0.034041 0.111698
v 0.002416 0.028711 0.110433
v 0.003048 0.029243 0.109046
v 0.002732 0.028782 0.110247
v 0.002963 0.028977 0.109739
v 0.002416 0.023787 0.107915
v 0.003048 0.024443 0.106591
v 0.002732 0.023875 0.107738
v 0.002963 0.024115 0.107253
v 0.002416 0.019116 0.104888
v 0.003048 0.019888 0.103639
v 0.002732 0.019219 0.104721
v 0.002963 0.019502 0.104264
v 0.002416 0.014741 0.101381
v 0.003048 0.015622 0.100219
v 0.002732 0.014859 0.101225
v 0.002963 0.015182 0.100800
v 0.002416 0.010706 0.097426
v 0.003048 0.011688 0.096365
v 0.002732 0.010837 0.097284
v 0.002963 0.011197 0.096896
v 0.002416 0.007048 0.093064
v 0.003048 0.008122 0.092111
v 0.002732 0.007192 0.092936
v 0.002963 0.007585 0.092587
v 0.002416 0.003803 0.088334
v 0.003048 0.004958 0.087500
v 0.002732 0.003958 0.088222
v 0.002963 0.004381 0.087917
v 0.002416 0.001003 0.083284
v 0.003048 0.002229 0.082576
v 0.002732 0.001168 0.083189
v 0.002963 0.001616 0.082930
v 0.002416 -0.001325 0.077961
v 0.003048 -0.000042 0.077386
v 0.002732 -0.001153 0.077884
v 0.002963 -0.000684 0.077674
v 0.002416 -0.003160 0.072417
v 0.003048 -0.001831 0.071981
v 0.002732 -0.002982 0.072359
v 0.002963 -0.002496 0.072199
v 0.002416 -0.004484 0.066705
v 0.003048 -0.003121 0.066413
v 0.002732 -0.004301 0.066666
v 0.002963 -0.003802 0.066559
v 0.002416 -0.005283 0.060881
v 0.003048 -0.003900 0.060734
v 0.002732 -0.005098 0.060861
v 0.002963 -0.004592 0.060808
v 0.002416 -0.005550 0.055000
v 0.003048 -0.004162 0.054963
v 0.002732 -0.005364 0.054995
v 0.002963 -0.004856 0.054982
v 0.002416 -0.005550 -0.055000
v 0.003048 -0.004162 -0.054963
v 0.002732 -0.005364 -0.054995
v 0.002963 -0.004856 -0.054982
v 0.002416 -0.005283 -0.060881
v 0.003048 -0.003900 -0.060734
v 0.002732 -0.005098 -0.060861
v 0.002963 -0.004592 -0.060807
v 0.002416 -0.004484 -0.066705
v 0.003048 -0.003121 -0.066412
v 0.002732 -0.004301 -0.066666
v 0.002963 -0.003802 -0.066559
v 0.002416 -0.003160 -0.072417
v 0.003048 -0.001831 -0.071981
v 0.002732 -0.002982 -0.072359
v 0.002963 -0.002496 -0.072199
v 0.002416 -0.001325 -0.077961
v 0.003048 0.000005 -0.077529
v 0.002732 -0.001147 -0.077903
v 0.002963 -0.000660 -0.077745
v 0.003048 0.002092 -0.082301
v 0.002416 0.001003 -0.083284
v 0.002963 0.001548 -0.082792
v 0.002732 0.001149 -0.083152
v 0.002416 0.003803 -0.088334
v 0.003048 0.005040 -0.087619
v 0.002732 0.003969 -0.088238
v 0.002963 0.004422 -0.087977
v 0.002416 0.007048 -0.093064
v 0.003048 0.008122 -0.092111
v 0.002732 0.007192 -0.092936
v 0.002963 0.007585 -0.092587
v 0.002416 0.010706 -0.097426
v 0.003048 0.011688 -0.096364
v 0.002732 0.010837 -0.097284
v 0.002963 0.011197 -0.096895
v 0.002416 0.014741 -0.101381
v 0.003048 0.015623 -0.100220
v 0.002732 0.014859 -0.101225
v 0.002963 0.015182 -0.100800
v 0.002416 0.019116 -0.104888
v 0.003048 0.019888 -0.103639
v 0.002732 0.019219 -0.104721
v 0.002963 0.019502 -0.104264
v 0.002416 0.023787 -0.107915
v 0.003048 0.024442 -0.106591
v 0.002732 0.023875 -0.107738
v 0.002963 0.024115 -0.107253
v 0.002416 0.028711 -0.110433
v 0.003048 0.029243 -0.109045
v 0.002732 0.028782 -0.110247
v 0.002963 0.028977 -0.109739
v 0.002416 0.033839 -0.112416
v 0.003048 0.034242 -0.110979
v 0.002732 0.033893 -0.112224
v 0.002963 0.034041 -0.111698
v 0.002416 0.039122 -0.113847
v 0.003048 0.039394 -0.112374
v 0.002732 0.039159 -0.113650
v 0.002963 0.039258 -0.113111
v 0.002416 0.044510 -0.114711
v 0.003048 0.044646 -0.113216
v 0.002732 0.044528 -0.114511
v 0.002963 0.044578 -0.113964
v 0.002416 0.049950 -0.115000
v 0.003048 0.049984 -0.113500
v 0.002732 0.049955 -0.114799
v 0.002963 0.049967 -0.114250
v 0.002416 0.144300 -0.115000
v 0.003048 0.144266 -0.113500
v 0.002732 0.144295 -0.114799
v 0.002963 0.144283 -0.114250
v 0.002416 0.149740 -0.114711
v 0.003048 0.149604 -0.113216
v 0.002732 0.149722 -0.114511
v 0.002963 0.149672 -0.113964
v 0.002416 0.155128 -0.113847
v 0.003048 0.154856 -0.112374
v 0.002732 0.155091 -0.113650
v 0.002963 0.154992 -0.113111
v 0.002416 0.160411 -0.112416
v 0.003048 0.160140 -0.110943
v 0.002732 0.160374 -0.112219
v 0.002963 0.160275 -0.111680
v 0.002416 0.165539 -0.110433
v 0.003048 0.164749 -0.109161
v 0.002732 0.165433 -0.110262
v 0.002963 0.165144 -0.109797
v 0.002416 0.170463 -0.107915
v 0.003048 0.169922 -0.106517
v 0.002732 0.170390 -0.107728
v 0.002963 0.170192 -0.107216
v 0.002416 0.175134 -0.104888
v 0.003048 0.174362 -0.103639
v 0.002732 0.175031 -0.104721
v 0.002963 0.174748 -0.104264
v 0.002416 0.179509 -0.101381
v 0.003048 0.178627 -0.100220
v 0.002732 0.179391 -0.101225
v 0.002963 0.179068 -0.100800
v 0.002416 0.183544 -0.097426
v 0.003048 0.182562 -0.096364
v 0.002732 0.183413 -0.097284
v 0.002963 0.183053 -0.096895
v 0.002416 0.187202 -0.093064
v 0.003048 0.186128 -0.092111
v 0.002732 0.187058 -0.092936
v 0.002963 0.186665 -0.092587
v 0.002416 0.190447 -0.088334
v 0.003048 0.189291 -0.087500
v 0.002732 0.190292 -0.088222
v 0.002963 0.189869 -0.087917
v 0.002416 0.193247 -0.083284
v 0.003048 0.192021 -0.082576
v 0.002732 0.193082 -0.083189
v 0.002963 0.192634 -0.082930
v 0.002416 0.195575 -0.077961
v 0.003048 0.194292 -0.077386
v 0.002732 0.195403 -0.077884
v 0.002963 0.194934 -0.077674
v 0.002416 0.197410 -0.072417
v 0.003048 0.196081 -0.071981
v 0.002732 0.197232 -0.072359
v 0.002963 0.196746 -0.072199
v 0.002416 0.198734 -0.066705
v 0.003048 0.197371 -0.066412
v 0.002732 0.198551 -0.066666
v 0.002963 0.198052 -0.066559
v 0.002416 0.199533 -0.060881
v 0.003048 0.198150 -0.060734
v 0.002732 0.199348 -0.060861
v 0.002963 0.198842 -0.060807
v 0.002416 0.199800 -0.055000
v 0.003048 0.198413 -0.054963
v 0.002732 0.199614 -0.054995
v 0.002963 0.199106 -0.054982
v -0.001374 0.037000 0.000000
v -0.002005 0.035612 0.000000
v -0.001689 0.036814 0.000000
v -0.001921 0.036306 0.000000
v -0.001374 0.037514 -0.008484
v -0.002005 0.036138 -0.008680
v -0.001689 0.037330 -0.008510
v -0.001921 0.036826 -0.008582
v -0.001374 0.037129 -0.004251
v -0.002005 0.035743 -0.004349
v -0.001689 0.036943 -0.004264
v -0.001921 0.036436 -0.004300
v -0.001374 0.037129 0.004251
v -0.002005 0.035743 0.004349
v -0.001689 0.036943 0.004264
v -0.001921 0.036436 0.004300
v -0.001374 0.037514 0.008484
v -0.002005 0.036138 0.008680
v -0.001689 0.037330 0.008510
v -0.001921 0.036826 0.008582
v -0.001374 0.038155 -0.012681
v -0.002005 0.036794 -0.012974
v -0.001689 0.037973 -0.012720
v -0.001921 0.037474 -0.012827
v -0.001374 0.038155 0.012681
v -0.002005 0.036794 0.012974
v -0.001689 0.037973 0.012720
v -0.001921 0.037474 0.012827
v -0.001374 0.039049 -0.016823
v -0.002005 0.037708 -0.017212
v -0.001689 0.038869 -0.016875
v -0.001921 0.038378 -0.017017
v -0.001374 0.039049 0.016823
v -0.002005 0.037708 0.017212
v -0.001689 0.038869 0.016875
v -0.001921 0.038378 0.017017
v -0.001374 0.040191 -0.020894
v -0.002005 0.038876 -0.021376
v -0.001689 0.040015 -0.020958
v -0.001921 0.039534 -0.021135
v -0.001374 0.040191 0.020894
v -0.002005 0.038876 0.021376
v -0.001689 0.040015 0.020958
v -0.001921 0.039534 0.021135
v -0.001374 0.041577 -0.024874
v -0.002005 0.040294 -0.025449
v -0.001689 0.041405 -0.024951
v -0.001921 0.040935 -0.025162
v -0.001374 0.041577 0.024874
v -0.002005 0.040294 0.025449
v -0.001689 0.041405 0.024951
v -0.001921 0.040935 0.025162
v -0.001374 0.043201 -0.028749
v -0.002005 0.041955 -0.029413
v -0.001689 0.043034 -0.028838
v -0.001921 0.042578 -0.029081
v -0.001374 0.043201 0.028749
v -0.002005 0.041955 0.029413
v -0.001689 0.043034 0.028838
v -0.001921 0.042578 0.029081
v -0.001374 0.047133 0.036112
v -0.002005 0.045964 0.036920
v -0.001689 0.046976 0.036220
v -0.001921 0.046548 0.036516
v -0.001374 0.049425 -0.039569
v -0.002005 0.048323 -0.040483
v -0.001689 0.049277 -0.039692
v -0.001921 0.048874 -0.040026
v -0.001374 0.051921 -0.042857
v -0.002005 0.050877 -0.043847
v -0.001689 0.051781 -0.042990
v -0.001921 0.051399 -0.043352
v -0.001374 0.047133 -0.036112
v -0.002005 0.045979 -0.036946
v -0.001689 0.046978 -0.036224
v -0.001921 0.046556 -0.036529
v -0.001374 0.045055 -0.032500
v -0.002005 0.043853 -0.033250
v -0.001689 0.044894 -0.032600
v -0.001921 0.044454 -0.032875
v -0.001374 0.045055 0.032500
v -0.002005 0.043853 0.033250
v -0.001689 0.044894 0.032600
v -0.001921 0.044454 0.032875
v -0.001374 0.054610 -0.045962
v -0.002005 0.053628 -0.047023
v -0.001689 0.054479 -0.046104
v -0.001921 0.054119 -0.046492
v -0.001374 0.057482 -0.048870
v -0.002005 0.056567 -0.049998
v -0.001689 0.057359 -0.049021
v -0.001921 0.057024 -0.049434
v -0.001374 0.060523 -0.051568
v -0.002005 0.059678 -0.052758
v -0.001689 0.060410 -0.051727
v -0.001921 0.060101 -0.052163
v -0.001374 0.067063 -0.056292
v -0.002005 0.066368 -0.057591
v -0.001689 0.066969 -0.056466
v -0.001921 0.066715 -0.056941
v -0.001374 0.070532 -0.058297
v -0.002005 0.069919 -0.059643
v -0.001689 0.070450 -0.058477
v -0.001921 0.070226 -0.058970
v -0.001374 0.063721 -0.054045
v -0.002005 0.062950 -0.055293
v -0.001689 0.063618 -0.054213
v -0.001921 0.063336 -0.054669
v -0.001374 0.077798 -0.061550
v -0.002005 0.077352 -0.062972
v -0.001689 0.077739 -0.061741
v -0.001921 0.077575 -0.062261
v -0.001374 0.081564 -0.062785
v -0.002005 0.081204 -0.064235
v -0.001689 0.081515 -0.062979
v -0.001921 0.081384 -0.063510
v -0.001374 0.089277 -0.064444
v -0.002005 0.089096 -0.065932
v -0.001689 0.089253 -0.064643
v -0.001921 0.089187 -0.065188
v -0.001374 0.093193 -0.064861
v -0.002005 0.093101 -0.066358
v -0.001689 0.093180 -0.065062
v -0.001921 0.093147 -0.065610
v -0.001374 0.085395 -0.063751
v -0.002005 0.085125 -0.065223
v -0.001689 0.085359 -0.063948
v -0.001921 0.085260 -0.064487
v -0.001374 0.074116 -0.060052
v -0.002005 0.073585 -0.061439
v -0.001689 0.074045 -0.060238
v -0.001921 0.073850 -0.060745
v -0.001374 0.101057 -0.064861
v -0.002005 0.101149 -0.066358
v -0.001689 0.101070 -0.065062
v -0.001921 0.101103 -0.065610
v -0.001374 0.104973 -0.064444
v -0.002005 0.105154 -0.065932
v -0.001689 0.104997 -0.064643
v -0.001921 0.105063 -0.065188
v -0.001374 0.112686 -0.062785
v -0.002005 0.113046 -0.064235
v -0.001689 0.112735 -0.062979
v -0.001921 0.112866 -0.063510
v -0.001374 0.116452 -0.061550
v -0.002005 0.116898 -0.062972
v -0.001689 0.116511 -0.061741
v -0.001921 0.116675 -0.062261
v -0.001374 0.108855 -0.063751
v -0.002005 0.109125 -0.065223
v -0.001689 0.108891 -0.063948
v -0.001921 0.108990 -0.064487
v -0.001374 0.123718 -0.058297
v -0.002005 0.124331 -0.059643
v -0.001689 0.123800 -0.058477
v -0.001921 0.124024 -0.058970
v -0.001374 0.127188 -0.056292
v -0.002005 0.127882 -0.057591
v -0.001689 0.127281 -0.056466
v -0.001921 0.127535 -0.056941
v -0.001374 0.133727 -0.051568
v -0.002005 0.134572 -0.052758
v -0.001689 0.133840 -0.051727
v -0.001921 0.134149 -0.052163
v -0.001374 0.136768 -0.048870
v -0.002005 0.137683 -0.049998
v -0.001689 0.136891 -0.049021
v -0.001921 0.137226 -0.049434
v -0.001374 0.130529 -0.054045
v -0.002005 0.131300 -0.055293
v -0.001689 0.130632 -0.054213
v -0.001921 0.130914 -0.054669
v -0.001374 0.120134 -0.060052
v -0.002005 0.120665 -0.061439
v -0.001689 0.120205 -0.060238
v -0.001921 0.120400 -0.060745
v -0.001374 0.097125 -0.065000
v -0.002005 0.097125 -0.066501
v -0.001689 0.097125 -0.065201
v -0.001921 0.097125 -0.065750
v -0.001374 0.049425 0.039569
v -0.002005 0.048358 0.040532
v -0.001689 0.049282 0.039699
v -0.001921 0.048891 0.040051
v -0.001374 0.051921 0.042857
v -0.002005 0.050858 0.043825
v -0.001689 0.051778 0.042987
v -0.001921 0.051389 0.043341
v -0.001374 0.060523 0.051568
v -0.002005 0.059678 0.052758
v -0.001689 0.060410 0.051727
v -0.001921 0.060100 0.052163
v -0.001374 0.057482 0.048870
v -0.002005 0.056567 0.049998
v -0.001689 0.057359 0.049021
v -0.001921 0.057024 0.049434
v -0.001374 0.054610 0.045962
v -0.002005 0.053628 0.047023
v -0.001689 0.054479 0.046104
v -0.001921 0.054119 0.046493
v -0.001374 0.063721 0.054045
v -0.002005 0.062950 0.055293
v -0.001689 0.063618 0.054213
v -0.001921 0.063335 0.054669
v -0.001374 0.067063 0.056292
v -0.002005 0.066369 0.057592
v -0.001689 0.066970 0.056466
v -0.001921 0.066716 0.056942
v -0.001374 0.070532 0.058297
v -0.002005 0.069918 0.059643
v -0.001689 0.070450 0.058477
v -0.001921 0.070225 0.058970
v -0.001374 0.077798 0.061550
v -0.002005 0.077353 0.062972
v -0.001689 0.077739 0.061741
v -0.001921 0.077576 0.062261
v -0.001374 0.085395 0.063751
v -0.002005 0.085125 0.065223
v -0.001689 0.085359 0.063948
v -0.001921 0.085260 0.064487
v -0.001374 0.081564 0.062785
v -0.002005 0.081204 0.064235
v -0.001689 0.081515 0.062979
v -0.001921 0.081384 0.063510
v -0.001374 0.074116 0.060052
v -0.002005 0.073585 0.061439
v -0.001689 0.074045 0.060238
v -0.001921 0.073850 0.060745
v -0.001374 0.097125 0.065000
v -0.002005 0.097125 0.066501
v -0.001689 0.097125 0.065201
v -0.001921 0.097125 0.065750
v -0.001374 0.093193 0.064861
v -0.002005 0.093102 0.066359
v -0.001689 0.093181 0.065061
v -0.001921 0.093147 0.065610
v -0.001374 0.108855 0.063751
v -0.002005 0.109125 0.065223
v -0.001689 0.108891 0.063948
v -0.001921 0.108990 0.064487
v -0.001374 0.104973 0.064444
v -0.002005 0.105155 0.065932
v -0.001689 0.104997 0.064643
v -0.001921 0.105064 0.065188
v -0.001374 0.101057 0.064861
v -0.002005 0.101148 0.066359
v -0.001689 0.101069 0.065061
v -0.001921 0.101103 0.065610
v -0.001374 0.116452 0.061550
v -0.002005 0.116897 0.062972
v -0.001689 0.116511 0.061741
v -0.001921 0.116674 0.062261
v -0.001374 0.123718 0.058297
v -0.002005 0.124332 0.059643
v -0.001689 0.123800 0.058477
v -0.001921 0.124025 0.058970
v -0.001374 0.120134 0.060052
v -0.002005 0.120665 0.061439
v -0.001689 0.120205 0.060238
v -0.001921 0.120400 0.060745
v -0.001374 0.133727 0.051568
v -0.002005 0.134571 0.052760
v -0.001689 0.133840 0.051728
v -0.001921 0.134149 0.052164
v -0.002005 0.131302 0.055292
v -0.001374 0.130529 0.054045
v -0.001921 0.130916 0.054669
v -0.001689 0.130632 0.054213
v -0.001374 0.127188 0.056292
v -0.002005 0.127881 0.057592
v -0.001689 0.127280 0.056466
v -0.001921 0.127534 0.056942
v -0.001374 0.112686 0.062785
v -0.002005 0.113046 0.064235
v -0.001689 0.112735 0.062979
v -0.001921 0.112866 0.063510
v -0.001374 0.089277 0.064444
v -0.002005 0.089095 0.065932
v -0.001689 0.089253 0.064643
v -0.001921 0.089186 0.065188
v -0.001374 0.139640 0.045962
v -0.002005 0.140622 0.047023
v -0.001689 0.139771 0.046104
v -0.001921 0.140131 0.046493
v -0.001374 0.142329 -0.042857
v -0.002005 0.143373 -0.043847
v -0.001689 0.142469 -0.042990
v -0.001921 0.142851 -0.043352
v -0.001374 0.139640 -0.045962
v -0.002005 0.140622 -0.047023
v -0.001689 0.139771 -0.046104
v -0.001921 0.140131 -0.046492
v -0.001374 0.142329 0.042857
v -0.002005 0.143373 0.043847
v -0.001689 0.142469 0.042990
v -0.001921 0.142851 0.043352
v -0.001374 0.147117 -0.036112
v -0.002005 0.148271 -0.036946
v -0.001689 0.147272 -0.036224
v -0.001921 0.147694 -0.036529
v -0.001374 0.147117 0.036112
v -0.002005 0.148271 0.036946
v -0.001689 0.147272 0.036224
v -0.001921 0.147694 0.036529
v -0.001374 0.151049 -0.028749
v -0.002005 0.152295 -0.029413
v -0.001689 0.151216 -0.028838
v -0.001921 0.151672 -0.029081
v -0.001374 0.151049 0.028749
v -0.002005 0.152295 0.029413
v -0.001689 0.151216 0.028838
v -0.001921 0.151672 0.029081
v -0.001374 0.149195 -0.032500
v -0.002005 0.150397 -0.033250
v -0.001689 0.149356 -0.032600
v -0.001921 0.149796 -0.032875
v -0.001374 0.149195 0.032500
v -0.002005 0.150397 0.033250
v -0.001689 0.149356 0.032600
v -0.001921 0.149796 0.032875
v -0.001374 0.144825 -0.039569
v -0.002005 0.145927 -0.040483
v -0.001689 0.144973 -0.039692
v -0.001921 0.145376 -0.040026
v -0.001374 0.144825 0.039569
v -0.002005 0.145927 0.040483
v -0.001689 0.144973 0.039692
v -0.001921 0.145376 0.040026
v -0.001374 0.155201 -0.016823
v -0.002005 0.156542 -0.017212
v -0.001689 0.155381 -0.016875
v -0.001921 0.155872 -0.017017
v -0.001374 0.155201 0.016823
v -0.002005 0.156542 0.017212
v -0.001689 0.155381 0.016875
v -0.001921 0.155872 0.017017
v -0.001374 0.154059 -0.020894
v -0.002005 0.155374 -0.021376
v -0.001689 0.154235 -0.020958
v -0.001921 0.154716 -0.021135
v -0.001374 0.154059 0.020894
v -0.002005 0.155374 0.021376
v -0.001689 0.154235 0.020958
v -0.001921 0.154716 0.021135
v -0.001374 0.156736 -0.008484
v -0.002005 0.158112 -0.008680
v -0.001689 0.156920 -0.008510
v -0.001921 0.157424 -0.008582
v -0.001374 0.156736 0.008484
v -0.002005 0.158112 0.008680
v -0.001689 0.156920 0.008510
v -0.001921 0.157424 0.008582
v -0.001374 0.157250 0.000000
v -0.002005 0.158638 0.000000
v -0.001689 0.157436 0.000000
v -0.001921 0.157944 0.000000
v -0.001374 0.157121 -0.004251
v -0.002005 0.158507 -0.004349
v -0.001689 0.157307 -0.004264
v -0.001921 0.157814 -0.004300
v -0.001374 0.157121 0.004251
v -0.002005 0.158507 0.004349
v -0.001689 0.157307 0.004264
v -0.001921 0.157814 0.004300
v -0.001374 0.156095 0.012681
v -0.002005 0.157456 0.012974
v -0.001689 0.156277 0.012720
v -0.001921 0.156776 0.012827
v -0.001374 0.152673 -0.024874
v -0.002005 0.153956 -0.025449
v -0.001689 0.152845 -0.024951
v -0.001921 0.153315 -0.025162
v -0.001374 0.156095 -0.012681
v -0.002005 0.157456 -0.012974
v -0.001689 0.156277 -0.012720
v -0.001921 0.156776 -0.012827
v -0.001374 0.152673 0.024874
v -0.002005 0.153956 0.025449
v -0.001689 0.152845 0.024951
v -0.001921 0.153315 0.025162
v -0.001374 0.136768 0.048870
v -0.002005 0.137683 0.049998
v -0.001689 0.136891 0.049021
v -0.001921 0.137226 0.049434
v 0.002416 0.037129 -0.004251
v 0.003048 0.035743 -0.004349
v 0.002732 0.036943 -0.004264
v 0.002963 0.036436 -0.004300
v 0.002416 0.037000 0.000000
v 0.003048 0.035612 0.000000
v 0.002732 0.036814 0.000000
v 0.002963 0.036306 0.000000
v 0.002416 0.037514 -0.008484
v 0.003048 0.036138 -0.008680
v 0.002732 0.037330 -0.008510
v 0.002963 0.036826 -0.008582
v 0.002416 0.037129 0.004251
v 0.003048 0.035743 0.004349
v 0.002732 0.036943 0.004264
v 0.002963 0.036436 0.004300
v 0.002416 0.037514 0.008484
v 0.003048 0.036138 0.008680
v 0.002732 0.037330 0.008510
v 0.002963 0.036826 0.008582
v 0.002416 0.038155 0.012681
v 0.003048 0.036794 0.012974
v 0.002732 0.037973 0.012720
v 0.002963 0.037474 0.012827
v 0.002416 0.040191 -0.020894
v 0.003048 0.038876 -0.021376
v 0.002732 0.040015 -0.020958
v 0.002963 0.039534 -0.021135
v 0.002416 0.039049 -0.016823
v 0.003048 0.037708 -0.017212
v 0.002732 0.038869 -0.016875
v 0.002963 0.038378 -0.017017
v 0.002416 0.039049 0.016823
v 0.003048 0.037708 0.017212
v 0.002732 0.038869 0.016875
v 0.002963 0.038378 0.017017
v 0.002416 0.038155 -0.012681
v 0.003048 0.036794 -0.012974
v 0.002732 0.037973 -0.012720
v 0.002963 0.037474 -0.012827
v 0.002416 0.040191 0.020894
v 0.003048 0.038876 0.021376
v 0.002732 0.040015 0.020958
v 0.002963 0.039534 0.021135
v 0.002416 0.041577 0.024874
v 0.003048 0.040294 0.025449
v 0.002732 0.041405 0.024951
v 0.002963 0.040935 0.025162
v 0.002416 0.045055 -0.032500
v 0.003048 0.043853 -0.033250
v 0.002732 0.044894 -0.032600
v 0.002963 0.044454 -0.032875
v 0.002416 0.043201 -0.028749
v 0.003048 0.041955 -0.029413
v 0.002732 0.043034 -0.028838
v 0.002963 0.042578 -0.029081
v 0.002416 0.043201 0.028749
v 0.003048 0.041955 0.029413
v 0.002732 0.043034 0.028838
v 0.002963 0.042578 0.029081
v 0.002416 0.047133 0.036112
v 0.003048 0.045979 0.036946
v 0.002732 0.046978 0.036224
v 0.002963 0.046556 0.036529
v 0.002416 0.054610 0.045962
v 0.003048 0.053628 0.047023
v 0.002732 0.054479 0.046104
v 0.002963 0.054119 0.046493
v 0.002416 0.051921 0.042857
v 0.003048 0.050877 0.043847
v 0.002732 0.051781 0.042990
v 0.002963 0.051399 0.043352
v 0.002416 0.049425 0.039569
v 0.003048 0.048323 0.040483
v 0.002732 0.049277 0.039692
v 0.002963 0.048874 0.040026
v 0.002416 0.047133 -0.036112
v 0.003048 0.045964 -0.036920
v 0.002732 0.046976 -0.036220
v 0.002963 0.046548 -0.036516
v 0.002416 0.045055 0.032500
v 0.003048 0.043853 0.033250
v 0.002732 0.044894 0.032600
v 0.002963 0.044454 0.032875
v 0.002416 0.041577 -0.024874
v 0.003048 0.040294 -0.025449
v 0.002732 0.041405 -0.024951
v 0.002963 0.040935 -0.025162
v 0.002416 0.063721 0.054045
v 0.003048 0.062950 0.055293
v 0.002732 0.063618 0.054213
v 0.002963 0.063335 0.054669
v 0.002416 0.060523 0.051568
v 0.003048 0.059678 0.052758
v 0.002732 0.060410 0.051727
v 0.002963 0.060100 0.052163
v 0.002416 0.074116 0.060052
v 0.003048 0.073585 0.061439
v 0.002732 0.074045 0.060238
v 0.002963 0.073850 0.060745
v 0.002416 0.070532 0.058297
v 0.003048 0.069918 0.059643
v 0.002732 0.070450 0.058477
v 0.002963 0.070225 0.058970
v 0.002416 0.067063 0.056292
v 0.003048 0.066369 0.057592
v 0.002732 0.066970 0.056466
v 0.002963 0.066716 0.056942
v 0.002416 0.085395 0.063751
v 0.003048 0.085125 0.065223
v 0.002732 0.085359 0.063948
v 0.002963 0.085260 0.064487
v 0.002416 0.081564 0.062785
v 0.003048 0.081204 0.064235
v 0.002732 0.081515 0.062979
v 0.002963 0.081384 0.063510
v 0.002416 0.097125 0.065000
v 0.003048 0.097125 0.066501
v 0.002732 0.097125 0.065201
v 0.002963 0.097125 0.065750
v 0.002416 0.093193 0.064861
v 0.003048 0.093102 0.066359
v 0.002732 0.093181 0.065061
v 0.002963 0.093147 0.065610
v 0.002416 0.089277 0.064444
v 0.003048 0.089095 0.065932
v 0.002732 0.089253 0.064643
v 0.002963 0.089186 0.065188
v 0.002416 0.077798 0.061550
v 0.003048 0.077353 0.062972
v 0.002732 0.077739 0.061741
v 0.002963 0.077576 0.062261
v 0.002416 0.108855 0.063751
v 0.003048 0.109125 0.065223
v 0.002732 0.108891 0.063948
v 0.002963 0.108990 0.064487
v 0.002416 0.104973 0.064444
v 0.003048 0.105155 0.065932
v 0.002732 0.104997 0.064643
v 0.002963 0.105064 0.065188
v 0.002416 0.120134 0.060052
v 0.003048 0.120665 0.061439
v 0.002732 0.120205 0.060238
v 0.002963 0.120400 0.060745
v 0.002416 0.116452 0.061550
v 0.003048 0.116897 0.062972
v 0.002732 0.116511 0.061741
v 0.002963 0.116674 0.062261
v 0.002416 0.112686 0.062785
v 0.003048 0.113046 0.064235
v 0.002732 0.112735 0.062979
v 0.002963 0.112866 0.063510
v 0.002416 0.130529 0.054045
v 0.003048 0.131300 0.055293
v 0.002732 0.130632 0.054213
v 0.002963 0.130915 0.054669
v 0.002416 0.127188 0.056292
v 0.003048 0.127881 0.057592
v 0.002732 0.127280 0.056466
v 0.002963 0.127534 0.056942
v 0.002416 0.136768 0.048870
v 0.003048 0.137683 0.049998
v 0.002732 0.136891 0.049021
v 0.002963 0.137226 0.049434
v 0.002416 0.133727 0.051568
v 0.003048 0.134572 0.052758
v 0.002732 0.133840 0.051727
v 0.002963 0.134150 0.052163
v 0.002416 0.123718 0.058297
v 0.003048 0.124332 0.059643
v 0.002732 0.123800 0.058477
v 0.002963 0.124025 0.058970
v 0.002416 0.101057 0.064861
v 0.003048 0.101148 0.066359
v 0.002732 0.101069 0.065061
v 0.002963 0.101103 0.065610
v 0.002416 0.057482 0.048870
v 0.003048 0.056567 0.049998
v 0.002732 0.057359 0.049021
v 0.002963 0.057024 0.049434
v 0.002416 0.049425 -0.039569
v 0.003048 0.048358 -0.040532
v 0.002732 0.049282 -0.039699
v 0.002963 0.048891 -0.040051
v 0.003048 0.050858 -0.043825
v 0.002416 0.051921 -0.042857
v 0.002963 0.051389 -0.043341
v 0.002732 0.051778 -0.042987
v 0.002416 0.060523 -0.051568
v 0.003048 0.059678 -0.052758
v 0.002732 0.060410 -0.051727
v 0.002963 0.060101 -0.052163
v 0.002416 0.057482 -0.048870
v 0.003048 0.056567 -0.049998
v 0.002732 0.057359 -0.049021
v 0.002963 0.057024 -0.049434
v 0.002416 0.063721 -0.054045
v 0.003048 0.062950 -0.055293
v 0.002732 0.063618 -0.054213
v 0.002963 0.063336 -0.054669
v 0.002416 0.054610 -0.045962
v 0.003048 0.053628 -0.047023
v 0.002732 0.054479 -0.046104
v 0.002963 0.054119 -0.046492
v 0.002416 0.067063 -0.056292
v 0.003048 0.066368 -0.057591
v 0.002732 0.066969 -0.056466
v 0.002963 0.066715 -0.056941
v 0.002416 0.070532 -0.058297
v 0.003048 0.069919 -0.059643
v 0.002732 0.070450 -0.058477
v 0.002963 0.070226 -0.058970
v 0.002416 0.077798 -0.061550
v 0.003048 0.077352 -0.062972
v 0.002732 0.077739 -0.061741
v 0.002963 0.077575 -0.062261
v 0.002416 0.085395 -0.063751
v 0.003048 0.085125 -0.065223
v 0.002732 0.085359 -0.063948
v 0.002963 0.085260 -0.064487
v 0.002416 0.081564 -0.062785
v 0.003048 0.081204 -0.064235
v 0.002732 0.081515 -0.062979
v 0.002963 0.081384 -0.063510
v 0.002416 0.074116 -0.060052
v 0.003048 0.073585 -0.061439
v 0.002732 0.074045 -0.060238
v 0.002963 0.073850 -0.060745
v 0.002416 0.097125 -0.065000
v 0.003048 0.097125 -0.066501
v 0.002732 0.097125 -0.065201
v 0.002963 0.097125 -0.065750
v 0.002416 0.093193 -0.064861
v 0.003048 0.093101 -0.066358
v 0.002732 0.093180 -0.065062
v 0.002963 0.093147 -0.065610
v 0.002416 0.108855 -0.063751
v 0.003048 0.109125 -0.065223
v 0.002732 0.108891 -0.063948
v 0.002963 0.108990 -0.064487
v 0.002416 0.104973 -0.064444
v 0.003048 0.105154 -0.065932
v 0.002732 0.104997 -0.064643
v 0.002963 0.105063 -0.065188
v 0.002416 0.101057 -0.064861
v 0.003048 0.101149 -0.066358
v 0.002732 0.101070 -0.065062
v 0.002963 0.101103 -0.065610
v 0.002416 0.116452 -0.061550
v 0.003048 0.116898 -0.062972
v 0.002732 0.116511 -0.061741
v 0.002963 0.116675 -0.062261
v 0.002416 0.123718 -0.058297
v 0.003048 0.124331 -0.059643
v 0.002732 0.123800 -0.058477
v 0.002963 0.124024 -0.058970
v 0.002416 0.120134 -0.060052
v 0.003048 0.120665 -0.061439
v 0.002732 0.120205 -0.060238
v 0.002963 0.120400 -0.060745
v 0.003048 0.134571 -0.052759
v 0.002416 0.133727 -0.051568
v 0.002963 0.134149 -0.052164
v 0.002732 0.133840 -0.051728
v 0.003048 0.131302 -0.055292
v 0.002416 0.130529 -0.054045
v 0.002963 0.130916 -0.054669
v 0.002732 0.130632 -0.054212
v 0.002416 0.127188 -0.056292
v 0.003048 0.127880 -0.057592
v 0.002732 0.127280 -0.056466
v 0.002963 0.127534 -0.056942
v 0.002416 0.112686 -0.062785
v 0.003048 0.113046 -0.064235
v 0.002732 0.112735 -0.062979
v 0.002963 0.112866 -0.063510
v 0.002416 0.089277 -0.064444
v 0.003048 0.089096 -0.065932
v 0.002732 0.089253 -0.064643
v 0.002963 0.089187 -0.065188
v 0.002416 0.139640 -0.045962
v 0.003048 0.140622 -0.047023
v 0.002732 0.139771 -0.046104
v 0.002963 0.140131 -0.046492
v 0.002416 0.139640 0.045962
v 0.003048 0.140622 0.047023
v 0.002732 0.139771 0.046104
v 0.002963 0.140131 0.046493
v 0.002416 0.144825 -0.039569
v 0.003048 0.145927 -0.040483
v 0.002732 0.144973 -0.039692
v 0.002963 0.145376 -0.040026
v 0.002416 0.142329 -0.042857
v 0.003048 0.143373 -0.043847
v 0.002732 0.142469 -0.042990
v 0.002963 0.142851 -0.043352
v 0.002416 0.142329 0.042857
v 0.003048 0.143373 0.043847
v 0.002732 0.142469 0.042990
v 0.002963 0.142851 0.043352
v 0.002416 0.147117 0.036112
v 0.003048 0.148271 0.036946
v 0.002732 0.147272 0.036224
v 0.002963 0.147694 0.036529
v 0.002416 0.151049 -0.028749
v 0.003048 0.152295 -0.029413
v 0.002732 0.151216 -0.028838
v 0.002963 0.151672 -0.029081
v 0.002416 0.151049 0.028749
v 0.003048 0.152295 0.029413
v 0.002732 0.151216 0.028838
v 0.002963 0.151672 0.029081
v 0.002416 0.149195 -0.032500
v 0.003048 0.150397 -0.033250
v 0.002732 0.149356 -0.032600
v 0.002963 0.149796 -0.032875
v 0.002416 0.149195 0.032500
v 0.003048 0.150397 0.033250
v 0.002732 0.149356 0.032600
v 0.002963 0.149796 0.032875
v 0.002416 0.147117 -0.036112
v 0.003048 0.148271 -0.036946
v 0.002732 0.147272 -0.036224
v 0.002963 0.147694 -0.036529
v 0.002416 0.144825 0.039569
v 0.003048 0.145927 0.040483
v 0.002732 0.144973 0.039692
v 0.002963 0.145376 0.040026
v 0.002416 0.155201 -0.016823
v 0.003048 0.156542 -0.017212
v 0.002732 0.155381 -0.016875
v 0.002963 0.155872 -0.017017
v 0.002416 0.155201 0.016823
v 0.003048 0.156542 0.017212
v 0.002732 0.155381 0.016875
v 0.002963 0.155872 0.017017
v 0.002416 0.154059 -0.020894
v 0.003048 0.155374 -0.021376
v 0.002732 0.154235 -0.020958
v 0.002963 0.154716 -0.021135
v 0.002416 0.154059 0.020894
v 0.003048 0.155374 0.021376
v 0.002732 0.154235 0.020958
v 0.002963 0.154716 0.021135
v 0.002416 0.156736 -0.008484
v 0.003048 0.158112 -0.008680
v 0.002732 0.156920 -0.008510
v 0.002963 0.157424 -0.008582
v 0.002416 0.156736 0.008484
v 0.003048 0.158112 0.008680
v 0.002732 0.156920 0.008510
v 0.002963 0.157424 0.008582
v 0.002416 0.157250 0.000000
v 0.003048 0.158638 0.000000
v 0.002732 0.157436 0.000000
v 0.002963 0.157944 0.000000
v 0.002416 0.157121 -0.004251
v 0.003048 0.158507 -0.004349
v 0.002732 0.157307 -0.004264
v 0.002963 0.157814 -0.004300
v 0.002416 0.157121 0.004251
v 0.003048 0.158507 0.004349
v 0.002732 0.157307 0.004264
v 0.002963 0.157814 0.004300
v 0.002416 0.156095 0.012681
v 0.003048 0.157456 0.012974
v 0.002732 0.156277 0.012720
v 0.002963 0.156776 0.012827
v 0.002416 0.152673 -0.024874
v 0.003048 0.153956 -0.025449
v 0.002732 0.152845 -0.024951
v 0.002963 0.153315 -0.025162
v 0.002416 0.156095 -0.012681
v 0.003048 0.157456 -0.012974
v 0.002732 0.156277 -0.012720
v 0.002963 0.156776 -0.012827
v 0.002416 0.152673 0.024874
v 0.003048 0.153956 0.025449
v 0.002732 0.152845 0.024951
v 0.002963 0.153315 0.025162
v 0.002416 0.136768 -0.048870
v 0.003048 0.137683 -0.049998
v 0.002732 0.136891 -0.049021
v 0.002963 0.137226 -0.049434
vn -0.0000 0.2614 0.9652
vn -0.0000 1.0000 -0.0000
vn -0.0000 0.9995 -0.0303
vn 1.0000 -0.0000 -0.0000
vn -1.0000 -0.0000 -0.0000
vn -0.0000 0.9742 0.2257
vn -0.0000 0.9494 0.3142
vn -0.0000 0.9162 0.4008
vn -0.0000 0.8746 0.4849
vn -0.0000 0.8246 0.5657
vn -0.0000 0.7663 0.6425
vn -0.0000 0.6999 0.7143
vn -0.0000 0.6255 0.7802
vn -0.0000 0.5438 0.8392
vn -0.0000 0.4552 0.8904
vn -0.0000 0.3608 0.9327
vn -0.0000 0.1584 0.9874
vn -0.0000 0.0530 0.9986
vn -0.0000 -0.0000 1.0000
vn -0.0000 -0.0530 0.9986
vn -0.0000 -0.1584 0.9874
vn -0.0000 -0.2614 0.9652
vn -0.0000 -0.3608 0.9327
vn -0.0000 -0.4552 0.8904
vn -0.0000 -0.5438 0.8392
vn -0.0000 -0.6255 0.7802
vn -0.0000 -0.6999 0.7143
vn -0.0000 -0.7663 0.6425
vn -0.0000 -0.8246 0.5657
vn -0.0000 -0.8746 0.4849
vn -0.0000 -0.9162 0.4008
vn -0.0000 -0.9494 0.3142
vn -0.0000 -0.9742 0.2257
vn -0.0000 -0.9907 0.1359
vn -0.0000 -0.9990 0.0454
vn -0.0000 -1.0000 -0.0000
vn -0.0000 -0.9990 -0.0454
vn -0.0000 -0.9907 -0.1359
vn -0.0000 -0.9742 -0.2257
vn -0.0000 -0.9494 -0.3142
vn -0.0000 -0.9162 -0.4008
vn -0.0000 -0.8746 -0.4849
vn -0.0000 -0.8246 -0.5657
vn -0.0000 -0.7663 -0.6425
vn -0.0000 -0.6999 -0.7143
vn -0.0000 -0.6255 -0.7802
vn -0.0000 -0.5438 -0.8392
vn -0.0000 -0.4552 -0.8904
vn -0.0000 -0.3608 -0.9327
vn -0.0000 -0.2614 -0.9652
vn -0.0000 -0.1583 -0.9874
vn -0.0000 -0.0530 -0.9986
vn -0.0000 -0.0000 -1.0000
vn -0.0000 0.0530 -0.9986
vn -0.0000 0.1583 -0.9874
vn -0.0000 0.2614 -0.9652
vn -0.0000 0.3608 -0.9327
vn -0.0000 0.4552 -0.8904
vn -0.0000 0.5438 -0.8392
vn -0.0000 0.6255 -0.7802
vn -0.0000 0.6999 -0.7143
vn -0.0000 0.7663 -0.6425
vn -0.0000 0.8246 -0.5657
vn -0.0000 0.8746 -0.4849
vn -0.0000 0.9162 -0.4008
vn -0.0000 0.9494 -0.3142
vn -0.0000 0.9742 -0.2257
vn -0.0000 0.9907 -0.1359
vn -0.0000 0.9990 -0.0454
vn -0.0000 0.9907 0.1359
vn -0.0000 -0.9995 -0.0303
vn -0.0000 -0.9959 -0.0907
vn -0.0000 -0.9959 0.0907
vn -0.0000 -0.9775 -0.2108
vn -0.0000 -0.9775 0.2108
vn -0.0000 -0.9444 -0.3288
vn -0.0000 -0.9223 -0.3865
vn -0.0000 -0.9223 0.3865
vn -0.0000 -0.8668 -0.4986
vn -0.0000 -0.8668 0.4986
vn -0.0000 -0.7965 -0.6046
vn -0.0000 -0.7965 0.6046
vn -0.0000 0.7965 -0.6046
vn -0.0000 -0.7115 0.7027
vn -0.0000 -0.6637 0.7480
vn -0.0000 -0.6124 0.7905
vn -0.0000 -0.5579 0.8299
vn -0.0000 -0.5003 0.8658
vn -0.0000 -0.4399 0.8981
vn -0.0000 -0.3769 0.9263
vn -0.0000 -0.3116 0.9502
vn -0.0000 -0.2444 0.9697
vn -0.0000 -0.1757 0.9844
vn -0.0000 -0.1059 0.9944
vn -0.0000 -0.0354 0.9994
vn -0.0000 0.0354 0.9994
vn -0.0000 0.1059 0.9944
vn -0.0000 0.1757 0.9844
vn -0.0000 0.2444 0.9697
vn -0.0000 0.3116 0.9502
vn -0.0000 0.3769 0.9263
vn -0.0000 0.4399 0.8981
vn -0.0000 0.5003 0.8658
vn -0.0000 0.5579 0.8299
vn -0.0000 0.6124 0.7905
vn -0.0000 0.6637 0.7480
vn -0.0000 0.8668 0.4986
vn -0.0000 0.7558 0.6548
vn -0.0000 0.7965 0.6046
vn -0.0000 0.7115 0.7027
vn -0.0000 0.8964 -0.4432
vn -0.0000 0.9223 -0.3865
vn -0.0000 0.9444 -0.3288
vn -0.0000 0.9628 -0.2702
vn -0.0000 0.9775 -0.2108
vn -0.0000 0.9959 -0.0907
vn -0.0000 0.9885 0.1510
vn -0.0000 0.9959 0.0907
vn -0.0000 0.9995 0.0303
vn -0.0000 0.9885 -0.1510
vn -0.0000 0.9775 0.2108
vn -0.0000 0.9628 0.2702
vn -0.0000 0.9444 0.3288
vn -0.0000 0.9223 0.3865
vn -0.0000 0.8964 0.4432
vn -0.0000 0.8335 -0.5525
vn -0.0000 0.8335 0.5525
vn -0.0000 0.8668 -0.4986
vn -0.0000 0.7558 -0.6548
vn -0.0000 0.6124 -0.7905
vn -0.0000 0.5579 -0.8299
vn -0.0000 0.7115 -0.7027
vn -0.0000 0.6637 -0.7480
vn -0.0000 0.5003 -0.8658
vn -0.0000 0.4399 -0.8980
vn -0.0000 0.3116 -0.9502
vn -0.0000 0.1757 -0.9844
vn -0.0000 0.3769 -0.9263
vn -0.0000 -0.0354 -0.9994
vn -0.0000 0.2444 -0.9697
vn -0.0000 -0.2444 -0.9697
vn -0.0000 0.1059 -0.9944
vn -0.0000 0.0354 -0.9994
vn -0.0000 -0.3769 -0.9263
vn -0.0000 -0.1059 -0.9944
vn -0.0000 -0.1757 -0.9844
vn -0.0000 -0.5003 -0.8658
vn -0.0000 -0.3116 -0.9502
vn -0.0000 -0.6637 -0.7480
vn -0.0000 -0.4399 -0.8980
vn -0.0000 -0.7558 -0.6548
vn -0.0000 -0.5579 -0.8299
vn -0.0000 -0.6124 -0.7905
vn -0.0000 -0.7558 0.6548
vn -0.0000 -0.7115 -0.7027
vn -0.0000 -0.8335 0.5525
vn -0.0000 -0.8964 0.4432
vn -0.0000 -0.8335 -0.5525
vn -0.0000 -0.9628 0.2702
vn -0.0000 -0.8964 -0.4432
vn -0.0000 -0.9885 0.1510
vn -0.0000 -0.9444 0.3288
vn -0.0000 -0.9628 -0.2702
vn -0.0000 -0.9995 0.0303
vn -0.0000 -0.9885 -0.1510
vn -0.9930 -0.0973 0.0667
vn -0.9142 -0.3342 0.2293
vn -0.5168 -0.7060 0.4843
vn -0.9931 -0.0898 0.0752
vn -0.9153 -0.3087 0.2588
vn -0.5196 -0.6548 0.5489
vn -0.9932 -0.0814 0.0830
vn -0.9164 -0.2802 0.2859
vn -0.5228 -0.5966 0.6089
vn -0.9933 -0.0722 0.0900
vn -0.9175 -0.2488 0.3103
vn -0.5254 -0.5323 0.6639
vn -0.9934 -0.0623 0.0961
vn -0.9186 -0.2149 0.3317
vn -0.5288 -0.4616 0.7123
vn -0.9935 -0.0518 0.1013
vn -0.9195 -0.1789 0.3499
vn -0.5310 -0.3858 0.7545
vn -0.9936 -0.0408 0.1055
vn -0.9203 -0.1411 0.3649
vn -0.5328 -0.3053 0.7892
vn -0.9936 -0.0294 0.1088
vn -0.9209 -0.1018 0.3762
vn -0.5352 -0.2208 0.8154
vn -0.9937 -0.0178 0.1109
vn -0.9214 -0.0616 0.3838
vn -0.5358 -0.1337 0.8337
vn -0.9937 -0.0060 0.1120
vn -0.9216 -0.0206 0.3875
vn -0.5368 -0.0448 0.8425
vn -0.9937 -0.0000 0.1121
vn -0.9217 -0.0000 0.3880
vn -0.5364 -0.0000 0.8440
vn -0.9937 0.0059 0.1120
vn -0.9216 0.0206 0.3875
vn -0.5364 0.0448 0.8428
vn -0.9937 0.0178 0.1109
vn -0.9214 0.0616 0.3838
vn -0.5368 0.1336 0.8331
vn -0.9936 0.0295 0.1088
vn -0.9209 0.1019 0.3762
vn -0.5350 0.2208 0.8155
vn -0.9934 0.0412 0.1066
vn -0.9188 0.1423 0.3681
vn -0.5290 0.3061 0.7915
vn -0.5280 -0.4738 -0.7048
vn -0.9184 -0.2208 -0.3284
vn -0.9934 -0.0640 -0.0952
vn -0.9935 -0.0571 -0.0989
vn -0.9190 -0.1972 -0.3413
vn -0.5296 -0.4244 -0.7344
vn -0.5314 -0.3727 -0.7608
vn -0.9196 -0.1728 -0.3528
vn -0.9935 -0.0500 -0.1021
vn -0.9936 -0.0427 -0.1049
vn -0.9201 -0.1476 -0.3627
vn -0.5325 -0.3190 -0.7841
vn -0.5339 -0.2635 -0.8035
vn -0.9206 -0.1217 -0.3710
vn -0.9936 -0.0352 -0.1072
vn -0.9936 -0.0275 -0.1092
vn -0.9210 -0.0952 -0.3778
vn -0.5355 -0.2064 -0.8189
vn -0.5359 -0.1483 -0.8311
vn -0.9213 -0.0683 -0.3827
vn -0.9937 -0.0197 -0.1106
vn -0.5368 -0.0893 -0.8389
vn -0.9215 -0.0411 -0.3862
vn -0.9937 -0.0119 -0.1116
vn -0.9937 -0.0040 -0.1121
vn -0.9216 -0.0137 -0.3879
vn -0.5361 -0.0299 -0.8436
vn -0.5361 0.0299 -0.8436
vn -0.9216 0.0137 -0.3879
vn -0.9937 0.0040 -0.1121
vn -0.5367 0.0893 -0.8390
vn -0.9215 0.0411 -0.3862
vn -0.9937 0.0119 -0.1116
vn -0.9937 0.0197 -0.1106
vn -0.9213 0.0683 -0.3827
vn -0.5360 0.1483 -0.8311
vn -0.5354 0.2065 -0.8190
vn -0.9210 0.0952 -0.3778
vn -0.9936 0.0275 -0.1092
vn -0.9936 0.0352 -0.1072
vn -0.9206 0.1217 -0.3710
vn -0.5339 0.2635 -0.8034
vn -0.5324 0.3190 -0.7841
vn -0.9201 0.1476 -0.3627
vn -0.9936 0.0427 -0.1049
vn -0.9935 0.0500 -0.1021
vn -0.9196 0.1728 -0.3527
vn -0.5315 0.3726 -0.7607
vn -0.9935 0.0571 -0.0989
vn -0.9191 0.1972 -0.3412
vn -0.5301 0.4243 -0.7342
vn -0.9934 0.0640 -0.0952
vn -0.9184 0.2207 -0.3283
vn -0.5283 0.4737 -0.7046
vn -0.9933 0.0706 -0.0911
vn -0.9177 0.2433 -0.3140
vn -0.5260 0.5208 -0.6723
vn -0.5247 0.5650 -0.6368
vn -0.9170 0.2648 -0.2984
vn -0.9933 0.0769 -0.0866
vn -0.5226 0.6066 -0.5991
vn -0.9162 0.2851 -0.2815
vn -0.9932 0.0828 -0.0818
vn -0.9931 0.0884 -0.0766
vn -0.9155 0.3041 -0.2635
vn -0.5207 0.6453 -0.5590
vn -0.9931 0.0935 -0.0710
vn -0.9149 0.3215 -0.2441
vn -0.5192 0.6807 -0.5167
vn -0.9931 -0.1029 0.0570
vn -0.9146 -0.3537 0.1961
vn -0.5184 -0.7479 0.4147
vn -0.9934 0.0623 0.0962
vn -0.9185 0.2150 0.3318
vn -0.5282 0.4618 0.7126
vn -0.9933 0.0722 0.0900
vn -0.9175 0.2488 0.3103
vn -0.5261 0.5320 0.6635
vn -0.9932 0.0814 0.0830
vn -0.9164 0.2801 0.2859
vn -0.5228 0.5966 0.6089
vn -0.9931 0.0898 0.0753
vn -0.9152 0.3087 0.2588
vn -0.5203 0.6544 0.5487
vn -0.9930 0.0973 0.0668
vn -0.9142 0.3343 0.2293
vn -0.5175 0.7056 0.4840
vn -0.9929 0.1039 0.0576
vn -0.9131 0.3565 0.1977
vn -0.5147 0.7498 0.4157
vn -0.9928 0.1095 0.0479
vn -0.9122 0.3754 0.1643
vn -0.5122 0.7869 0.3443
vn -0.9928 0.1140 0.0377
vn -0.9114 0.3906 0.1293
vn -0.5103 0.8164 0.2702
vn -0.9927 0.1174 0.0272
vn -0.9108 0.4022 0.0932
vn -0.5089 0.8386 0.1943
vn -0.9927 0.1198 0.0164
vn -0.9104 0.4099 0.0562
vn -0.5078 0.8535 0.1171
vn -0.9926 0.1209 0.0055
vn -0.9102 0.4138 0.0188
vn -0.5073 0.8609 0.0391
vn -0.5073 0.8618 -0.0000
vn -0.9101 0.4143 -0.0000
vn -0.9926 0.1211 -0.0000
vn -0.9926 0.1209 -0.0055
vn -0.9102 0.4138 -0.0188
vn -0.5073 0.8609 -0.0391
vn -0.9927 0.1198 -0.0164
vn -0.9104 0.4099 -0.0563
vn -0.5079 0.8534 -0.1171
vn -0.9927 0.1175 -0.0272
vn -0.9108 0.4022 -0.0932
vn -0.5088 0.8387 -0.1943
vn -0.9928 0.1140 -0.0377
vn -0.9114 0.3906 -0.1293
vn -0.5104 0.8164 -0.2702
vn -0.9928 0.1095 -0.0479
vn -0.9122 0.3754 -0.1642
vn -0.5124 0.7868 -0.3442
vn -0.9929 0.1039 -0.0576
vn -0.9131 0.3565 -0.1977
vn -0.5145 0.7499 -0.4158
vn -0.9930 0.0973 -0.0667
vn -0.9142 0.3342 -0.2293
vn -0.5171 0.7058 -0.4842
vn -0.9931 0.0898 -0.0753
vn -0.9152 0.3088 -0.2589
vn -0.5199 0.6546 -0.5488
vn -0.9932 0.0814 -0.0830
vn -0.9164 0.2801 -0.2859
vn -0.5230 0.5965 -0.6088
vn -0.9933 0.0722 -0.0900
vn -0.9176 0.2487 -0.3102
vn -0.5255 0.5322 -0.6638
vn -0.9934 0.0623 -0.0961
vn -0.9186 0.2149 -0.3317
vn -0.5284 0.4617 -0.7125
vn -0.9935 0.0518 -0.1013
vn -0.9195 0.1790 -0.3500
vn -0.5313 0.3857 -0.7543
vn -0.9936 0.0408 -0.1055
vn -0.9203 0.1411 -0.3649
vn -0.5331 0.3052 -0.7890
vn -0.9936 0.0295 -0.1088
vn -0.9209 0.1019 -0.3762
vn -0.5349 0.2209 -0.8156
vn -0.9937 0.0178 -0.1109
vn -0.9213 0.0616 -0.3839
vn -0.5361 0.1337 -0.8335
vn -0.9937 0.0059 -0.1120
vn -0.9216 0.0206 -0.3877
vn -0.5366 0.0448 -0.8426
vn -0.9937 -0.0000 -0.1121
vn -0.9217 -0.0000 -0.3880
vn -0.5369 -0.0000 -0.8437
vn -0.9937 -0.0059 -0.1120
vn -0.9216 -0.0206 -0.3875
vn -0.5370 -0.0447 -0.8424
vn -0.9937 -0.0178 -0.1109
vn -0.9214 -0.0615 -0.3838
vn -0.5365 -0.1336 -0.8332
vn -0.9936 -0.0295 -0.1088
vn -0.9210 -0.1019 -0.3761
vn -0.5351 -0.2208 -0.8154
vn -0.9936 -0.0408 -0.1055
vn -0.9203 -0.1412 -0.3650
vn -0.5335 -0.3051 -0.7888
vn -0.9935 -0.0518 -0.1013
vn -0.9195 -0.1790 -0.3500
vn -0.5310 -0.3858 -0.7545
vn -0.9934 -0.0623 -0.0961
vn -0.9186 -0.2149 -0.3317
vn -0.5284 -0.4617 -0.7125
vn -0.9933 -0.0722 -0.0900
vn -0.9175 -0.2488 -0.3104
vn -0.5258 -0.5321 -0.6637
vn -0.9932 -0.0813 -0.0830
vn -0.9164 -0.2801 -0.2859
vn -0.5226 -0.5967 -0.6090
vn -0.9931 -0.0897 -0.0752
vn -0.9153 -0.3087 -0.2588
vn -0.5200 -0.6546 -0.5488
vn -0.9930 -0.0973 -0.0667
vn -0.9141 -0.3343 -0.2293
vn -0.5173 -0.7057 -0.4841
vn -0.9929 -0.1039 -0.0576
vn -0.9131 -0.3565 -0.1977
vn -0.5147 -0.7498 -0.4157
vn -0.9928 -0.1095 -0.0479
vn -0.9122 -0.3754 -0.1643
vn -0.5124 -0.7868 -0.3442
vn -0.9928 -0.1140 -0.0377
vn -0.9114 -0.3907 -0.1293
vn -0.5104 -0.8164 -0.2702
vn -0.9927 -0.1175 -0.0272
vn -0.9108 -0.4022 -0.0932
vn -0.5088 -0.8387 -0.1943
vn -0.9927 -0.1198 -0.0164
vn -0.9104 -0.4099 -0.0562
vn -0.5079 -0.8534 -0.1171
vn -0.9926 -0.1209 -0.0055
vn -0.9102 -0.4138 -0.0188
vn -0.5073 -0.8609 -0.0391
vn -0.9926 -0.1211 -0.0000
vn -0.9101 -0.4143 -0.0000
vn -0.5073 -0.8618 -0.0000
vn -0.9926 -0.1209 0.0055
vn -0.9102 -0.4138 0.0188
vn -0.5073 -0.8609 0.0391
vn -0.9927 -0.1198 0.0164
vn -0.9104 -0.4099 0.0562
vn -0.5078 -0.8535 0.1171
vn -0.9927 -0.1175 0.0272
vn -0.9108 -0.4022 0.0932
vn -0.5087 -0.8387 0.1943
vn -0.9928 -0.1140 0.0377
vn -0.9114 -0.3906 0.1293
vn -0.5104 -0.8164 0.2702
vn -0.9927 -0.1106 0.0484
vn -0.9106 -0.3787 0.1657
vn -0.5084 -0.7889 0.3452
vn -0.9930 0.0986 -0.0653
vn -0.9138 0.3385 -0.2244
vn -0.5163 0.7138 -0.4732
vn -0.5149 0.7431 -0.4274
vn -0.9133 0.3531 -0.2031
vn -0.9929 0.1029 -0.0592
vn -0.9929 0.1068 -0.0528
vn -0.9126 0.3664 -0.1812
vn -0.5135 0.7692 -0.3803
vn -0.9928 0.1103 -0.0462
vn -0.9121 0.3781 -0.1585
vn -0.5119 0.7923 -0.3321
vn -0.9928 0.1133 -0.0395
vn -0.9115 0.3884 -0.1352
vn -0.5107 0.8120 -0.2827
vn -0.9927 0.1159 -0.0325
vn -0.9111 0.3969 -0.1114
vn -0.5096 0.8284 -0.2324
vn -0.9927 0.1179 -0.0254
vn -0.9107 0.4037 -0.0871
vn -0.5086 0.8417 -0.1815
vn -0.9927 0.1195 -0.0182
vn -0.9104 0.4090 -0.0624
vn -0.5080 0.8515 -0.1300
vn -0.9927 0.1205 -0.0110
vn -0.9102 0.4124 -0.0376
vn -0.5075 0.8581 -0.0782
vn -0.9926 0.1210 -0.0037
vn -0.9101 0.4141 -0.0125
vn -0.5073 0.8614 -0.0261
vn -0.5073 0.8614 0.0261
vn -0.9101 0.4141 0.0125
vn -0.9926 0.1210 0.0037
vn -0.9927 0.1205 0.0110
vn -0.9102 0.4124 0.0376
vn -0.5075 0.8581 0.0782
vn -0.5080 0.8515 0.1300
vn -0.9104 0.4089 0.0624
vn -0.9927 0.1195 0.0182
vn -0.5086 0.8416 0.1815
vn -0.9107 0.4037 0.0871
vn -0.9927 0.1179 0.0254
vn -0.5096 0.8284 0.2324
vn -0.9111 0.3969 0.1114
vn -0.9927 0.1159 0.0325
vn -0.5107 0.8120 0.2827
vn -0.9115 0.3884 0.1352
vn -0.9928 0.1133 0.0395
vn -0.5119 0.7923 0.3321
vn -0.9121 0.3782 0.1585
vn -0.9928 0.1103 0.0462
vn -0.5134 0.7692 0.3803
vn -0.9126 0.3664 0.1812
vn -0.9929 0.1068 0.0528
vn -0.9929 0.1029 0.0592
vn -0.9133 0.3531 0.2031
vn -0.5151 0.7430 0.4273
vn -0.9930 0.0985 0.0653
vn -0.9140 0.3382 0.2241
vn -0.5166 0.7137 0.4731
vn -0.5187 0.6810 0.5170
vn -0.9147 0.3219 0.2444
vn -0.9931 0.0936 0.0711
vn -0.5203 0.6454 0.5592
vn -0.9154 0.3042 0.2635
vn -0.9931 0.0884 0.0766
vn -0.5222 0.6068 0.5992
vn -0.9162 0.2852 0.2816
vn -0.9932 0.0828 0.0818
vn -0.5243 0.5651 0.6370
vn -0.9170 0.2648 0.2985
vn -0.9933 0.0769 0.0866
vn -0.5261 0.5208 0.6723
vn -0.9177 0.2433 0.3140
vn -0.9933 0.0706 0.0911
vn -0.9934 0.0640 0.0952
vn -0.9184 0.2208 0.3284
vn -0.5281 0.4738 0.7047
vn -0.5300 0.4243 0.7342
vn -0.9190 0.1972 0.3413
vn -0.9935 0.0571 0.0989
vn -0.5312 0.3727 0.7609
vn -0.9196 0.1728 0.3527
vn -0.9935 0.0500 0.1021
vn -0.9936 0.0427 0.1049
vn -0.9202 0.1476 0.3626
vn -0.5329 0.3189 0.7838
vn -0.5341 0.2635 0.8033
vn -0.9206 0.1217 0.3710
vn -0.9936 0.0352 0.1073
vn -0.5350 0.2065 0.8192
vn -0.9210 0.0952 0.3778
vn -0.9936 0.0275 0.1092
vn -0.9937 0.0197 0.1106
vn -0.9213 0.0683 0.3827
vn -0.5360 0.1483 0.8311
vn -0.5363 0.0894 0.8393
vn -0.9215 0.0411 0.3862
vn -0.9937 0.0119 0.1116
vn -0.5370 0.0298 0.8430
vn -0.9216 0.0137 0.3879
vn -0.9937 0.0040 0.1121
vn -0.9937 -0.0040 0.1121
vn -0.9216 -0.0137 0.3879
vn -0.5371 -0.0298 0.8430
vn -0.5367 -0.0894 0.8390
vn -0.9215 -0.0411 0.3862
vn -0.9937 -0.0119 0.1116
vn -0.5360 -0.1483 0.8311
vn -0.9214 -0.0683 0.3826
vn -0.9937 -0.0197 0.1106
vn -0.9936 -0.0275 0.1092
vn -0.9210 -0.0952 0.3778
vn -0.5350 -0.2065 0.8192
vn -0.5343 -0.2634 0.8032
vn -0.9206 -0.1217 0.3711
vn -0.9936 -0.0352 0.1073
vn -0.5328 -0.3189 0.7838
vn -0.9202 -0.1475 0.3626
vn -0.9936 -0.0427 0.1049
vn -0.9935 -0.0500 0.1021
vn -0.9196 -0.1728 0.3527
vn -0.5312 -0.3727 0.7609
vn -0.5298 -0.4243 0.7344
vn -0.9190 -0.1972 0.3413
vn -0.9935 -0.0571 0.0989
vn -0.5280 -0.4738 0.7048
vn -0.9184 -0.2208 0.3284
vn -0.9934 -0.0640 0.0952
vn -0.9933 -0.0706 0.0911
vn -0.9177 -0.2432 0.3140
vn -0.5260 -0.5208 0.6723
vn -0.5243 -0.5651 0.6370
vn -0.9170 -0.2648 0.2985
vn -0.9933 -0.0768 0.0866
vn -0.5223 -0.6067 0.5992
vn -0.9162 -0.2851 0.2815
vn -0.9932 -0.0828 0.0818
vn -0.9931 -0.0884 0.0766
vn -0.9154 -0.3042 0.2635
vn -0.5202 -0.6455 0.5592
vn -0.5187 -0.6810 0.5169
vn -0.9147 -0.3218 0.2443
vn -0.9931 -0.0936 0.0711
vn -0.9930 -0.0985 0.0653
vn -0.9140 -0.3382 0.2242
vn -0.5170 -0.7135 0.4729
vn -0.5151 -0.7430 0.4274
vn -0.9133 -0.3530 0.2031
vn -0.9929 -0.1029 0.0592
vn -0.9929 -0.1068 0.0528
vn -0.9126 -0.3664 0.1812
vn -0.5134 -0.7692 0.3803
vn -0.5120 -0.7922 0.3320
vn -0.9121 -0.3782 0.1585
vn -0.9928 -0.1103 0.0462
vn -0.9928 -0.1133 0.0395
vn -0.9115 -0.3884 0.1352
vn -0.5107 -0.8120 0.2827
vn -0.9927 -0.1159 0.0325
vn -0.9111 -0.3969 0.1114
vn -0.5096 -0.8284 0.2324
vn -0.5087 -0.8416 0.1815
vn -0.9107 -0.4037 0.0871
vn -0.9927 -0.1179 0.0254
vn -0.9927 -0.1195 0.0182
vn -0.9104 -0.4090 0.0624
vn -0.5080 -0.8515 0.1300
vn -0.5075 -0.8581 0.0782
vn -0.9102 -0.4124 0.0376
vn -0.9927 -0.1205 0.0110
vn -0.9926 -0.1210 0.0037
vn -0.9101 -0.4141 0.0125
vn -0.5073 -0.8614 0.0261
vn -0.5073 -0.8614 -0.0261
vn -0.9101 -0.4141 -0.0125
vn -0.9926 -0.1210 -0.0037
vn -0.9927 -0.1205 -0.0110
vn -0.9103 -0.4123 -0.0376
vn -0.5075 -0.8581 -0.0782
vn -0.5080 -0.8515 -0.1300
vn -0.9104 -0.4089 -0.0624
vn -0.9927 -0.1195 -0.0182
vn -0.9927 -0.1179 -0.0254
vn -0.9107 -0.4037 -0.0871
vn -0.5087 -0.8416 -0.1815
vn -0.5095 -0.8285 -0.2325
vn -0.9111 -0.3969 -0.1114
vn -0.9927 -0.1159 -0.0325
vn -0.5107 -0.8120 -0.2827
vn -0.9115 -0.3884 -0.1352
vn -0.9928 -0.1133 -0.0395
vn -0.9928 -0.1103 -0.0462
vn -0.9121 -0.3782 -0.1585
vn -0.5120 -0.7922 -0.3320
vn -0.5135 -0.7692 -0.3803
vn -0.9127 -0.3664 -0.1812
vn -0.9929 -0.1068 -0.0528
vn -0.9929 -0.1029 -0.0592
vn -0.9133 -0.3531 -0.2031
vn -0.5151 -0.7430 -0.4274
vn -0.5169 -0.7136 -0.4730
vn -0.9140 -0.3382 -0.2242
vn -0.9930 -0.0985 -0.0653
vn -0.9931 -0.0936 -0.0711
vn -0.9147 -0.3219 -0.2444
vn -0.5185 -0.6810 -0.5170
vn -0.9931 -0.0884 -0.0766
vn -0.9155 -0.3041 -0.2635
vn -0.5206 -0.6453 -0.5590
vn -0.5226 -0.6066 -0.5991
vn -0.9162 -0.2852 -0.2817
vn -0.9932 -0.0828 -0.0818
vn -0.9933 -0.0768 -0.0866
vn -0.9169 -0.2649 -0.2985
vn -0.5246 -0.5650 -0.6368
vn -0.5266 -0.5206 -0.6721
vn -0.9177 -0.2434 -0.3141
vn -0.9933 -0.0706 -0.0911
vn -0.9936 0.0513 0.1004
vn -0.9208 0.1776 0.3473
vn -0.5348 0.3847 0.7523
vn 0.9931 0.0935 0.0710
vn 0.9149 0.3215 0.2441
vn 0.5192 0.6807 0.5167
vn 0.5185 -0.7478 -0.4146
vn 0.9147 -0.3536 -0.1960
vn 0.9931 -0.1029 -0.0570
vn 0.5172 -0.7057 -0.4842
vn 0.9142 -0.3343 -0.2293
vn 0.9930 -0.0973 -0.0668
vn 0.5200 -0.6545 -0.5487
vn 0.9153 -0.3087 -0.2588
vn 0.9931 -0.0898 -0.0752
vn 0.5226 -0.5967 -0.6090
vn 0.9164 -0.2801 -0.2859
vn 0.9932 -0.0814 -0.0830
vn 0.5258 -0.5321 -0.6636
vn 0.9175 -0.2488 -0.3104
vn 0.9933 -0.0722 -0.0900
vn 0.5284 -0.4617 -0.7125
vn 0.9186 -0.2149 -0.3317
vn 0.9934 -0.0623 -0.0961
vn 0.5310 -0.3858 -0.7545
vn 0.9195 -0.1790 -0.3501
vn 0.9935 -0.0518 -0.1013
vn 0.5335 -0.3051 -0.7889
vn 0.9203 -0.1412 -0.3649
vn 0.9936 -0.0408 -0.1055
vn 0.5352 -0.2208 -0.8154
vn 0.9209 -0.1019 -0.3762
vn 0.9936 -0.0295 -0.1088
vn 0.5364 -0.1336 -0.8333
vn 0.9214 -0.0615 -0.3838
vn 0.9937 -0.0178 -0.1109
vn 0.5369 -0.0447 -0.8424
vn 0.9216 -0.0206 -0.3875
vn 0.9937 -0.0059 -0.1120
vn 0.5369 -0.0000 -0.8437
vn 0.9216 -0.0000 -0.3882
vn 0.9937 -0.0000 -0.1121
vn 0.5367 0.0448 -0.8426
vn 0.9216 0.0206 -0.3876
vn 0.9937 0.0060 -0.1120
vn 0.5361 0.1337 -0.8335
vn 0.9213 0.0616 -0.3839
vn 0.9937 0.0178 -0.1109
vn 0.5348 0.2209 -0.8156
vn 0.9210 0.1019 -0.3761
vn 0.9936 0.0295 -0.1088
vn 0.5295 0.3060 -0.7912
vn 0.9189 0.1423 -0.3679
vn 0.9934 0.0412 -0.1066
vn 0.5278 -0.4739 0.7049
vn 0.9183 -0.2208 0.3285
vn 0.9934 -0.0640 0.0952
vn 0.9935 -0.0571 0.0989
vn 0.9191 -0.1972 0.3412
vn 0.5299 -0.4243 0.7343
vn 0.5312 -0.3727 0.7609
vn 0.9196 -0.1728 0.3527
vn 0.9935 -0.0500 0.1021
vn 0.9936 -0.0427 0.1049
vn 0.9202 -0.1475 0.3626
vn 0.5329 -0.3189 0.7838
vn 0.5341 -0.2634 0.8033
vn 0.9206 -0.1217 0.3710
vn 0.9936 -0.0352 0.1073
vn 0.9936 -0.0275 0.1092
vn 0.9210 -0.0952 0.3777
vn 0.5355 -0.2064 0.8189
vn 0.5359 -0.1483 0.8312
vn 0.9213 -0.0683 0.3828
vn 0.9937 -0.0197 0.1106
vn 0.5363 -0.0894 0.8393
vn 0.9215 -0.0411 0.3862
vn 0.9937 -0.0119 0.1116
vn 0.9937 -0.0040 0.1121
vn 0.9216 -0.0137 0.3879
vn 0.5370 -0.0298 0.8431
vn 0.5370 0.0298 0.8431
vn 0.9216 0.0137 0.3879
vn 0.9937 0.0040 0.1121
vn 0.5367 0.0894 0.8390
vn 0.9215 0.0411 0.3862
vn 0.9937 0.0119 0.1116
vn 0.9937 0.0197 0.1106
vn 0.9213 0.0683 0.3828
vn 0.5358 0.1484 0.8312
vn 0.5356 0.2064 0.8189
vn 0.9210 0.0952 0.3777
vn 0.9936 0.0275 0.1092
vn 0.9936 0.0352 0.1073
vn 0.9206 0.1217 0.3710
vn 0.5342 0.2634 0.8033
vn 0.5329 0.3189 0.7838
vn 0.9202 0.1475 0.3626
vn 0.9936 0.0427 0.1049
vn 0.9935 0.0500 0.1021
vn 0.9196 0.1728 0.3527
vn 0.5312 0.3727 0.7609
vn 0.9935 0.0571 0.0989
vn 0.9190 0.1972 0.3413
vn 0.5301 0.4243 0.7342
vn 0.9934 0.0640 0.0952
vn 0.9184 0.2207 0.3283
vn 0.5279 0.4739 0.7049
vn 0.9933 0.0706 0.0911
vn 0.9177 0.2433 0.3140
vn 0.5260 0.5208 0.6723
vn 0.5243 0.5651 0.6370
vn 0.9169 0.2648 0.2985
vn 0.9933 0.0768 0.0866
vn 0.5223 0.6067 0.5992
vn 0.9162 0.2851 0.2815
vn 0.9932 0.0828 0.0818
vn 0.9931 0.0884 0.0766
vn 0.9154 0.3042 0.2635
vn 0.5205 0.6454 0.5591
vn 0.5262 -0.5208 0.6722
vn 0.9177 -0.2433 0.3141
vn 0.9933 -0.0706 0.0911
vn 0.5350 0.3846 -0.7522
vn 0.9209 0.1775 -0.3471
vn 0.9936 0.0513 -0.1004
vn 0.5286 0.4616 -0.7124
vn 0.9185 0.2150 -0.3318
vn 0.9934 0.0623 -0.0962
vn 0.5255 0.5322 -0.6638
vn 0.9176 0.2487 -0.3102
vn 0.9933 0.0722 -0.0900
vn 0.5230 0.5965 -0.6088
vn 0.9164 0.2801 -0.2859
vn 0.9932 0.0814 -0.0830
vn 0.5199 0.6546 -0.5488
vn 0.9152 0.3087 -0.2588
vn 0.9931 0.0898 -0.0753
vn 0.5171 0.7058 -0.4842
vn 0.9142 0.3342 -0.2293
vn 0.9930 0.0973 -0.0667
vn 0.5145 0.7500 -0.4158
vn 0.9131 0.3565 -0.1977
vn 0.9929 0.1039 -0.0576
vn 0.5123 0.7868 -0.3442
vn 0.9122 0.3754 -0.1642
vn 0.9928 0.1095 -0.0479
vn 0.5104 0.8164 -0.2702
vn 0.9114 0.3907 -0.1293
vn 0.9928 0.1140 -0.0377
vn 0.5088 0.8387 -0.1943
vn 0.9108 0.4022 -0.0932
vn 0.9927 0.1175 -0.0272
vn 0.5079 0.8534 -0.1171
vn 0.9104 0.4100 -0.0563
vn 0.9927 0.1198 -0.0164
vn 0.5073 0.8609 -0.0391
vn 0.9102 0.4138 -0.0188
vn 0.9926 0.1210 -0.0055
vn 0.9926 0.1211 -0.0000
vn 0.9101 0.4143 -0.0000
vn 0.5073 0.8618 -0.0000
vn 0.5073 0.8609 0.0391
vn 0.9102 0.4138 0.0188
vn 0.9926 0.1209 0.0055
vn 0.5078 0.8535 0.1171
vn 0.9104 0.4099 0.0562
vn 0.9927 0.1198 0.0164
vn 0.5089 0.8386 0.1943
vn 0.9108 0.4022 0.0932
vn 0.9927 0.1175 0.0272
vn 0.5103 0.8165 0.2702
vn 0.9114 0.3906 0.1293
vn 0.9928 0.1140 0.0377
vn 0.5122 0.7868 0.3443
vn 0.9122 0.3754 0.1642
vn 0.9928 0.1095 0.0479
vn 0.5147 0.7499 0.4157
vn 0.9131 0.3565 0.1977
vn 0.9929 0.1039 0.0576
vn 0.5176 0.7056 0.4840
vn 0.9142 0.3342 0.2293
vn 0.9930 0.0973 0.0668
vn 0.5202 0.6545 0.5487
vn 0.9153 0.3087 0.2588
vn 0.9931 0.0898 0.0753
vn 0.5228 0.5966 0.6089
vn 0.9164 0.2802 0.2860
vn 0.9932 0.0814 0.0830
vn 0.5260 0.5320 0.6635
vn 0.9175 0.2488 0.3103
vn 0.9933 0.0722 0.0900
vn 0.5281 0.4618 0.7126
vn 0.9186 0.2149 0.3316
vn 0.9934 0.0623 0.0962
vn 0.5306 0.3859 0.7547
vn 0.9195 0.1790 0.3500
vn 0.9935 0.0518 0.1014
vn 0.5328 0.3053 0.7892
vn 0.9203 0.1411 0.3648
vn 0.9936 0.0408 0.1055
vn 0.5345 0.2208 0.8158
vn 0.9209 0.1018 0.3762
vn 0.9936 0.0294 0.1087
vn 0.5367 0.1337 0.8331
vn 0.9214 0.0615 0.3837
vn 0.9937 0.0178 0.1109
vn 0.5363 0.0448 0.8428
vn 0.9216 0.0206 0.3875
vn 0.9937 0.0060 0.1120
vn 0.5369 -0.0000 0.8436
vn 0.9216 -0.0000 0.3881
vn 0.9937 -0.0000 0.1121
vn 0.5367 -0.0448 0.8426
vn 0.9216 -0.0206 0.3875
vn 0.9937 -0.0059 0.1120
vn 0.5358 -0.1337 0.8337
vn 0.9214 -0.0616 0.3837
vn 0.9937 -0.0178 0.1109
vn 0.5351 -0.2208 0.8154
vn 0.9209 -0.1018 0.3762
vn 0.9936 -0.0295 0.1088
vn 0.5329 -0.3053 0.7892
vn 0.9203 -0.1411 0.3649
vn 0.9936 -0.0408 0.1055
vn 0.5308 -0.3858 0.7546
vn 0.9195 -0.1789 0.3500
vn 0.9935 -0.0518 0.1013
vn 0.5286 -0.4616 0.7124
vn 0.9186 -0.2149 0.3317
vn 0.9934 -0.0623 0.0962
vn 0.5252 -0.5323 0.6639
vn 0.9175 -0.2488 0.3104
vn 0.9933 -0.0722 0.0900
vn 0.5227 -0.5967 0.6089
vn 0.9164 -0.2801 0.2859
vn 0.9932 -0.0814 0.0830
vn 0.5196 -0.6548 0.5489
vn 0.9153 -0.3087 0.2588
vn 0.9931 -0.0898 0.0752
vn 0.5167 -0.7060 0.4843
vn 0.9142 -0.3343 0.2293
vn 0.9930 -0.0973 0.0667
vn 0.5147 -0.7498 0.4157
vn 0.9131 -0.3566 0.1977
vn 0.9929 -0.1039 0.0576
vn 0.5125 -0.7867 0.3442
vn 0.9122 -0.3753 0.1642
vn 0.9928 -0.1095 0.0479
vn 0.5105 -0.8163 0.2702
vn 0.9114 -0.3907 0.1293
vn 0.9928 -0.1140 0.0377
vn 0.5087 -0.8387 0.1943
vn 0.9108 -0.4022 0.0932
vn 0.9927 -0.1175 0.0272
vn 0.5078 -0.8535 0.1171
vn 0.9104 -0.4099 0.0562
vn 0.9927 -0.1198 0.0164
vn 0.5073 -0.8609 0.0391
vn 0.9102 -0.4138 0.0188
vn 0.9926 -0.1210 0.0055
vn 0.5073 -0.8618 -0.0000
vn 0.9101 -0.4143 -0.0000
vn 0.9926 -0.1211 -0.0000
vn 0.5073 -0.8609 -0.0391
vn 0.9102 -0.4138 -0.0188
vn 0.9926 -0.1209 -0.0055
vn 0.5079 -0.8534 -0.1171
vn 0.9104 -0.4099 -0.0562
vn 0.9927 -0.1198 -0.0164
vn 0.5088 -0.8386 -0.1943
vn 0.9108 -0.4022 -0.0932
vn 0.9927 -0.1175 -0.0272
vn 0.5104 -0.8164 -0.2702
vn 0.9114 -0.3907 -0.1293
vn 0.9928 -0.1140 -0.0377
vn 0.5084 -0.7889 -0.3451
vn 0.9107 -0.3785 -0.1656
vn 0.9927 -0.1106 -0.0483
vn 0.9930 0.0986 0.0653
vn 0.9138 0.3385 0.2244
vn 0.5163 0.7138 0.4732
vn 0.9929 0.1029 0.0592
vn 0.9133 0.3531 0.2031
vn 0.5150 0.7430 0.4274
vn 0.5134 0.7693 0.3804
vn 0.9126 0.3664 0.1812
vn 0.9929 0.1068 0.0528
vn 0.5120 0.7922 0.3320
vn 0.9121 0.3782 0.1585
vn 0.9928 0.1103 0.0462
vn 0.9928 0.1133 0.0395
vn 0.9115 0.3884 0.1352
vn 0.5107 0.8120 0.2827
vn 0.5096 0.8284 0.2324
vn 0.9111 0.3969 0.1114
vn 0.9927 0.1159 0.0325
vn 0.5087 0.8416 0.1815
vn 0.9107 0.4037 0.0871
vn 0.9927 0.1179 0.0254
vn 0.9927 0.1195 0.0182
vn 0.9104 0.4089 0.0625
vn 0.5080 0.8515 0.1300
vn 0.9927 0.1205 0.0110
vn 0.9102 0.4124 0.0376
vn 0.5075 0.8581 0.0782
vn 0.5073 0.8614 0.0261
vn 0.9101 0.4141 0.0125
vn 0.9926 0.1210 0.0037
vn 0.5073 0.8614 -0.0261
vn 0.9101 0.4141 -0.0125
vn 0.9926 0.1210 -0.0037
vn 0.5075 0.8581 -0.0782
vn 0.9102 0.4124 -0.0376
vn 0.9927 0.1205 -0.0110
vn 0.5080 0.8515 -0.1300
vn 0.9104 0.4089 -0.0624
vn 0.9927 0.1195 -0.0182
vn 0.5086 0.8417 -0.1815
vn 0.9107 0.4038 -0.0871
vn 0.9927 0.1179 -0.0254
vn 0.5095 0.8285 -0.2325
vn 0.9111 0.3969 -0.1114
vn 0.9927 0.1159 -0.0325
vn 0.5107 0.8120 -0.2827
vn 0.9115 0.3884 -0.1352
vn 0.9928 0.1133 -0.0395
vn 0.5119 0.7923 -0.3321
vn 0.9121 0.3781 -0.1585
vn 0.9928 0.1103 -0.0462
vn 0.5135 0.7692 -0.3803
vn 0.9126 0.3664 -0.1812
vn 0.9929 0.1068 -0.0528
vn 0.9929 0.1029 -0.0592
vn 0.9133 0.3531 -0.2031
vn 0.5151 0.7430 -0.4274
vn 0.5169 0.7135 -0.4730
vn 0.9140 0.3382 -0.2242
vn 0.9930 0.0985 -0.0653
vn 0.9931 0.0936 -0.0711
vn 0.9147 0.3219 -0.2444
vn 0.5185 0.6810 -0.5170
vn 0.9931 0.0884 -0.0766
vn 0.9155 0.3041 -0.2635
vn 0.5206 0.6453 -0.5590
vn 0.5226 0.6066 -0.5991
vn 0.9162 0.2852 -0.2816
vn 0.9932 0.0828 -0.0818
vn 0.9933 0.0769 -0.0866
vn 0.9170 0.2648 -0.2984
vn 0.5248 0.5649 -0.6367
vn 0.9933 0.0706 -0.0911
vn 0.9176 0.2434 -0.3142
vn 0.5266 0.5206 -0.6720
vn 0.5283 0.4737 -0.7046
vn 0.9184 0.2207 -0.3283
vn 0.9934 0.0640 -0.0952
vn 0.9935 0.0571 -0.0989
vn 0.9190 0.1972 -0.3414
vn 0.5296 0.4244 -0.7344
vn 0.9935 0.0500 -0.1021
vn 0.9196 0.1728 -0.3528
vn 0.5318 0.3725 -0.7605
vn 0.5330 0.3189 -0.7837
vn 0.9202 0.1475 -0.3625
vn 0.9936 0.0427 -0.1049
vn 0.9936 0.0352 -0.1073
vn 0.9206 0.1217 -0.3710
vn 0.5342 0.2634 -0.8033
vn 0.9936 0.0275 -0.1092
vn 0.9210 0.0952 -0.3778
vn 0.5355 0.2064 -0.8189
vn 0.5359 0.1483 -0.8311
vn 0.9213 0.0683 -0.3827
vn 0.9937 0.0197 -0.1106
vn 0.9937 0.0119 -0.1116
vn 0.9215 0.0411 -0.3862
vn 0.5367 0.0893 -0.8390
vn 0.9937 0.0040 -0.1121
vn 0.9216 0.0137 -0.3879
vn 0.5361 0.0299 -0.8436
vn 0.5361 -0.0299 -0.8436
vn 0.9216 -0.0137 -0.3879
vn 0.9937 -0.0040 -0.1121
vn 0.9937 -0.0119 -0.1116
vn 0.9215 -0.0411 -0.3861
vn 0.5370 -0.0893 -0.8388
vn 0.9937 -0.0197 -0.1106
vn 0.9213 -0.0683 -0.3827
vn 0.5360 -0.1483 -0.8311
vn 0.5354 -0.2065 -0.8190
vn 0.9210 -0.0952 -0.3778
vn 0.9936 -0.0275 -0.1092
vn 0.9936 -0.0352 -0.1072
vn 0.9206 -0.1217 -0.3710
vn 0.5339 -0.2635 -0.8034
vn 0.9936 -0.0427 -0.1049
vn 0.9202 -0.1475 -0.3625
vn 0.5329 -0.3189 -0.7838
vn 0.5318 -0.3725 -0.7605
vn 0.9196 -0.1728 -0.3528
vn 0.9935 -0.0500 -0.1021
vn 0.9935 -0.0571 -0.0989
vn 0.9191 -0.1972 -0.3412
vn 0.5301 -0.4243 -0.7342
vn 0.9934 -0.0640 -0.0952
vn 0.9184 -0.2207 -0.3283
vn 0.5283 -0.4737 -0.7046
vn 0.5266 -0.5206 -0.6720
vn 0.9176 -0.2434 -0.3142
vn 0.9933 -0.0706 -0.0911
vn 0.9933 -0.0769 -0.0867
vn 0.9169 -0.2649 -0.2985
vn 0.5243 -0.5651 -0.6370
vn 0.5226 -0.6066 -0.5991
vn 0.9162 -0.2850 -0.2815
vn 0.9932 -0.0828 -0.0818
vn 0.5206 -0.6453 -0.5590
vn 0.9155 -0.3041 -0.2635
vn 0.9931 -0.0884 -0.0766
vn 0.5185 -0.6811 -0.5170
vn 0.9147 -0.3219 -0.2444
vn 0.9931 -0.0936 -0.0711
vn 0.9930 -0.0985 -0.0653
vn 0.9140 -0.3382 -0.2242
vn 0.5168 -0.7136 -0.4730
vn 0.5150 -0.7431 -0.4274
vn 0.9133 -0.3530 -0.2031
vn 0.9929 -0.1029 -0.0592
vn 0.9929 -0.1068 -0.0528
vn 0.9126 -0.3664 -0.1812
vn 0.5135 -0.7692 -0.3803
vn 0.5119 -0.7923 -0.3321
vn 0.9121 -0.3782 -0.1585
vn 0.9928 -0.1103 -0.0462
vn 0.9928 -0.1133 -0.0395
vn 0.9115 -0.3884 -0.1352
vn 0.5107 -0.8120 -0.2827
vn 0.9927 -0.1159 -0.0325
vn 0.9111 -0.3969 -0.1114
vn 0.5096 -0.8284 -0.2324
vn 0.5087 -0.8416 -0.1815
vn 0.9107 -0.4037 -0.0871
vn 0.9927 -0.1179 -0.0254
vn 0.9927 -0.1195 -0.0182
vn 0.9104 -0.4089 -0.0625
vn 0.5080 -0.8515 -0.1300
vn 0.5075 -0.8581 -0.0782
vn 0.9102 -0.4124 -0.0376
vn 0.9927 -0.1205 -0.0110
vn 0.9926 -0.1210 -0.0037
vn 0.9101 -0.4141 -0.0125
vn 0.5073 -0.8614 -0.0261
vn 0.5073 -0.8614 0.0261
vn 0.9102 -0.4141 0.0125
vn 0.9926 -0.1210 0.0037
vn 0.9927 -0.1205 0.0110
vn 0.9102 -0.4124 0.0376
vn 0.5075 -0.8581 0.0782
vn 0.5080 -0.8515 0.1300
vn 0.9104 -0.4089 0.0624
vn 0.9927 -0.1195 0.0182
vn 0.9927 -0.1179 0.0254
vn 0.9107 -0.4037 0.0871
vn 0.5087 -0.8416 0.1815
vn 0.5096 -0.8284 0.2324
vn 0.9111 -0.3969 0.1114
vn 0.9927 -0.1159 0.0325
vn 0.5107 -0.8120 0.2827
vn 0.9115 -0.3884 0.1352
vn 0.9928 -0.1133 0.0395
vn 0.9928 -0.1103 0.0462
vn 0.9121 -0.3782 0.1585
vn 0.5120 -0.7922 0.3320
vn 0.5134 -0.7693 0.3803
vn 0.9126 -0.3664 0.1812
vn 0.9929 -0.1068 0.0528
vn 0.5150 -0.7430 0.4274
vn 0.9133 -0.3531 0.2031
vn 0.9929 -0.1028 0.0592
vn 0.9930 -0.0985 0.0653
vn 0.9140 -0.3382 0.2241
vn 0.5166 -0.7137 0.4731
vn 0.5187 -0.6810 0.5169
vn 0.9147 -0.3219 0.2444
vn 0.9931 -0.0937 0.0711
vn 0.9931 -0.0884 0.0766
vn 0.9154 -0.3042 0.2635
vn 0.5204 -0.6454 0.5592
vn 0.5222 -0.6068 0.5992
vn 0.9162 -0.2852 0.2816
vn 0.9932 -0.0828 0.0818
vn 0.9933 -0.0769 0.0866
vn 0.9169 -0.2648 0.2985
vn 0.5245 -0.5650 0.6369
vn -0.0000 0.9990 0.0454
vn -0.9141 -0.3343 0.2293
vn -0.5173 -0.7057 0.4841
vn -0.9931 -0.0898 0.0753
vn -0.9152 -0.3087 0.2588
vn -0.5203 -0.6544 0.5487
vn -0.9164 -0.2801 0.2859
vn -0.5261 -0.5320 0.6635
vn -0.9186 -0.2149 0.3316
vn -0.5282 -0.4617 0.7126
vn -0.9195 -0.1789 0.3500
vn -0.5308 -0.3858 0.7546
vn -0.9203 -0.1411 0.3648
vn -0.5330 -0.3053 0.7892
vn -0.9936 -0.0294 0.1087
vn -0.5345 -0.2209 0.8158
vn -0.5368 -0.1336 0.8331
vn -0.9937 -0.0059 0.1120
vn -0.5364 -0.0448 0.8428
vn -0.9216 -0.0000 0.3881
vn -0.5370 -0.0000 0.8436
vn -0.9937 0.0060 0.1120
vn -0.5368 0.0448 0.8425
vn -0.5358 0.1337 0.8337
vn -0.9936 0.0294 0.1087
vn -0.5352 0.2208 0.8154
vn -0.9190 0.1422 0.3677
vn -0.5299 0.3060 0.7910
vn -0.5282 -0.4737 -0.7047
vn -0.5301 -0.4243 -0.7342
vn -0.5318 -0.3725 -0.7605
vn -0.9202 -0.1475 -0.3625
vn -0.5329 -0.3189 -0.7838
vn -0.5341 -0.2635 -0.8033
vn -0.9936 -0.0352 -0.1073
vn -0.9210 -0.0952 -0.3777
vn -0.5352 -0.2065 -0.8191
vn -0.5362 -0.1483 -0.8310
vn -0.9213 -0.0683 -0.3829
vn -0.5367 -0.0893 -0.8390
vn -0.9217 -0.0137 -0.3877
vn -0.5368 -0.0298 -0.8432
vn -0.5368 0.0298 -0.8432
vn -0.9217 0.0137 -0.3877
vn -0.9937 0.0040 -0.1120
vn -0.5368 0.0893 -0.8389
vn -0.9937 0.0197 -0.1107
vn -0.9213 0.0683 -0.3828
vn -0.5364 0.1483 -0.8309
vn -0.5351 0.2065 -0.8192
vn -0.9210 0.0952 -0.3776
vn -0.9936 0.0352 -0.1073
vn -0.5342 0.2634 -0.8033
vn -0.5330 0.3189 -0.7837
vn -0.9202 0.1475 -0.3625
vn -0.9196 0.1728 -0.3528
vn -0.5318 0.3725 -0.7605
vn -0.9190 0.1972 -0.3414
vn -0.5296 0.4244 -0.7344
vn -0.9183 0.2208 -0.3285
vn -0.5279 0.4738 -0.7048
vn -0.9176 0.2434 -0.3142
vn -0.5266 0.5206 -0.6720
vn -0.5242 0.5652 -0.6370
vn -0.9169 0.2649 -0.2985
vn -0.9933 0.0769 -0.0867
vn -0.9162 0.2852 -0.2817
vn -0.9155 0.3042 -0.2635
vn -0.5205 0.6454 -0.5591
vn -0.5188 0.6809 -0.5169
vn -0.9146 -0.3536 0.1960
vn -0.5185 -0.7478 0.4146
vn -0.9934 0.0623 0.0961
vn -0.9186 0.2149 0.3316
vn -0.5288 0.4616 0.7123
vn -0.5254 0.5323 0.6639
vn -0.9164 0.2802 0.2859
vn -0.9931 0.0898 0.0752
vn -0.9153 0.3087 0.2588
vn -0.5196 0.6548 0.5489
vn -0.9930 0.0973 0.0667
vn -0.5168 0.7060 0.4843
vn -0.9122 0.3753 0.1642
vn -0.5125 0.7867 0.3442
vn -0.9114 0.3907 0.1293
vn -0.5104 0.8164 0.2702
vn -0.9927 0.1175 0.0272
vn -0.5087 0.8387 0.1943
vn -0.9104 0.4099 -0.0562
vn -0.9114 0.3907 -0.1293
vn -0.9122 0.3754 -0.1643
vn -0.5147 0.7498 -0.4157
vn -0.9141 0.3343 -0.2293
vn -0.5173 0.7057 -0.4841
vn -0.9931 0.0897 -0.0752
vn -0.9153 0.3087 -0.2588
vn -0.5200 0.6546 -0.5488
vn -0.9932 0.0813 -0.0830
vn -0.5226 0.5967 -0.6090
vn -0.9175 0.2488 -0.3104
vn -0.5258 0.5321 -0.6637
vn -0.5310 0.3858 -0.7545
vn -0.9203 0.1412 -0.3650
vn -0.5335 0.3051 -0.7888
vn -0.9210 0.1019 -0.3761
vn -0.5351 0.2208 -0.8154
vn -0.9214 0.0615 -0.3838
vn -0.5365 0.1336 -0.8332
vn -0.9216 0.0206 -0.3875
vn -0.5370 0.0447 -0.8424
vn -0.9216 -0.0000 -0.3882
vn -0.5367 -0.0000 -0.8438
vn -0.9216 -0.0206 -0.3876
vn -0.5366 -0.0448 -0.8426
vn -0.9213 -0.0616 -0.3839
vn -0.5361 -0.1337 -0.8335
vn -0.9209 -0.1019 -0.3762
vn -0.5349 -0.2209 -0.8156
vn -0.9203 -0.1411 -0.3649
vn -0.5331 -0.3052 -0.7890
vn -0.5313 -0.3857 -0.7543
vn -0.9176 -0.2487 -0.3102
vn -0.5255 -0.5322 -0.6638
vn -0.9932 -0.0814 -0.0830
vn -0.5230 -0.5965 -0.6088
vn -0.9931 -0.0898 -0.0753
vn -0.9152 -0.3088 -0.2589
vn -0.5199 -0.6546 -0.5488
vn -0.9142 -0.3342 -0.2293
vn -0.5171 -0.7058 -0.4842
vn -0.5145 -0.7499 -0.4158
vn -0.9122 -0.3754 -0.1642
vn -0.9114 -0.3906 -0.1293
vn -0.9104 -0.4100 -0.0563
vn -0.9927 -0.1174 0.0272
vn -0.5089 -0.8386 0.1943
vn -0.9107 -0.3784 0.1655
vn -0.5087 -0.7888 0.3451
vn -0.9930 0.0986 -0.0654
vn -0.9138 0.3386 -0.2244
vn -0.5164 0.7138 -0.4731
vn -0.5150 0.7430 -0.4274
vn -0.9127 0.3664 -0.1812
vn -0.5134 0.7693 -0.3804
vn -0.9121 0.3782 -0.1585
vn -0.5120 0.7922 -0.3320
vn -0.9116 0.3883 -0.1352
vn -0.5096 0.8284 -0.2325
vn -0.5087 0.8416 -0.1815
vn -0.9104 0.4089 -0.0624
vn -0.9103 0.4123 -0.0376
vn -0.9102 0.4141 -0.0125
vn -0.9102 0.4141 0.0125
vn -0.5076 0.8581 0.0782
vn -0.5087 0.8416 0.1815
vn -0.5107 0.8119 0.2827
vn -0.9116 0.3883 0.1352
vn -0.5120 0.7922 0.3320
vn -0.5134 0.7693 0.3804
vn -0.9127 0.3664 0.1812
vn -0.9929 0.1028 0.0591
vn -0.5150 0.7430 0.4274
vn -0.9140 0.3382 0.2242
vn -0.5170 0.7135 0.4729
vn -0.5187 0.6810 0.5169
vn -0.9147 0.3218 0.2443
vn -0.5204 0.6454 0.5591
vn -0.9155 0.3041 0.2635
vn -0.5223 0.6067 0.5992
vn -0.9162 0.2851 0.2815
vn -0.9933 0.0768 0.0866
vn -0.5260 0.5209 0.6724
vn -0.9177 0.2433 0.3141
vn -0.9184 0.2208 0.3283
vn -0.5279 0.4739 0.7049
vn -0.5298 0.4243 0.7344
vn -0.5316 0.3726 0.7606
vn -0.9197 0.1727 0.3527
vn -0.9202 0.1476 0.3627
vn -0.5327 0.3190 0.7839
vn -0.5343 0.2634 0.8032
vn -0.9206 0.1217 0.3711
vn -0.5356 0.2064 0.8189
vn -0.9210 0.0952 0.3777
vn -0.9213 0.0683 0.3828
vn -0.5358 0.1484 0.8312
vn -0.5367 0.0894 0.8390
vn -0.5370 0.0298 0.8431
vn -0.5370 -0.0298 0.8431
vn -0.5363 -0.0894 0.8393
vn -0.5359 -0.1483 0.8312
vn -0.9213 -0.0683 0.3828
vn -0.9210 -0.0952 0.3777
vn -0.5355 -0.2064 0.8189
vn -0.5341 -0.2635 0.8033
vn -0.9206 -0.1217 0.3710
vn -0.5327 -0.3190 0.7839
vn -0.5316 -0.3726 0.7606
vn -0.5300 -0.4243 0.7342
vn -0.5279 -0.4738 0.7048
vn -0.9184 -0.2208 0.3283
vn -0.9177 -0.2433 0.3141
vn -0.5259 -0.5209 0.6724
vn -0.9933 -0.0769 0.0866
vn -0.5222 -0.6068 0.5992
vn -0.9162 -0.2852 0.2816
vn -0.9155 -0.3042 0.2635
vn -0.5204 -0.6454 0.5592
vn -0.5187 -0.6810 0.5170
vn -0.9147 -0.3219 0.2444
vn -0.9140 -0.3382 0.2241
vn -0.5166 -0.7137 0.4731
vn -0.5150 -0.7430 0.4274
vn -0.9133 -0.3531 0.2031
vn -0.9929 -0.1028 0.0591
vn -0.9127 -0.3664 0.1812
vn -0.5133 -0.7693 0.3804
vn -0.5119 -0.7923 0.3321
vn -0.9116 -0.3883 0.1352
vn -0.5096 -0.8284 0.2325
vn -0.5086 -0.8416 0.1815
vn -0.9104 -0.4089 0.0624
vn -0.9102 -0.4141 -0.0125
vn -0.9102 -0.4124 -0.0376
vn -0.5086 -0.8417 -0.1815
vn -0.5096 -0.8284 -0.2324
vn -0.5107 -0.8119 -0.2827
vn -0.9116 -0.3883 -0.1352
vn -0.9928 -0.1134 -0.0395
vn -0.9121 -0.3781 -0.1585
vn -0.5119 -0.7923 -0.3321
vn -0.5134 -0.7693 -0.3804
vn -0.5150 -0.7430 -0.4274
vn -0.5167 -0.7136 -0.4730
vn -0.5188 -0.6809 -0.5169
vn -0.9154 -0.3042 -0.2635
vn -0.5205 -0.6454 -0.5591
vn -0.9162 -0.2851 -0.2815
vn -0.9933 -0.0769 -0.0866
vn -0.9170 -0.2648 -0.2984
vn -0.5243 -0.5651 -0.6370
vn -0.5263 -0.5207 -0.6722
vn -0.9177 -0.2433 -0.3140
vn -0.9936 0.0513 0.1003
vn -0.9209 0.1775 0.3471
vn -0.5342 0.3848 0.7527
vn 0.9149 0.3215 0.2440
vn 0.5190 0.6808 0.5168
vn 0.5182 -0.7480 -0.4147
vn 0.9146 -0.3537 -0.1961
vn 0.9931 -0.1029 -0.0571
vn 0.5171 -0.7058 -0.4842
vn 0.9142 -0.3342 -0.2293
vn 0.9930 -0.0973 -0.0667
vn 0.5199 -0.6546 -0.5488
vn 0.9152 -0.3087 -0.2588
vn 0.9931 -0.0898 -0.0753
vn 0.5230 -0.5965 -0.6088
vn 0.5255 -0.5322 -0.6638
vn 0.9176 -0.2487 -0.3102
vn 0.9934 -0.0623 -0.0962
vn 0.5312 -0.3857 -0.7543
vn 0.9195 -0.1790 -0.3500
vn 0.5332 -0.3052 -0.7890
vn 0.9203 -0.1411 -0.3649
vn 0.5348 -0.2209 -0.8156
vn 0.5361 -0.1337 -0.8335
vn 0.9213 -0.0616 -0.3839
vn 0.5367 -0.0448 -0.8426
vn 0.9216 -0.0206 -0.3877
vn 0.5368 -0.0000 -0.8437
vn 0.9217 -0.0000 -0.3880
vn 0.5369 0.0447 -0.8424
vn 0.9216 0.0206 -0.3875
vn 0.9937 0.0059 -0.1120
vn 0.5364 0.1336 -0.8333
vn 0.9214 0.0615 -0.3838
vn 0.5349 0.2209 -0.8156
vn 0.9209 0.1019 -0.3762
vn 0.9936 0.0294 -0.1087
vn 0.5298 0.3060 -0.7910
vn 0.5284 -0.4737 0.7046
vn 0.9184 -0.2207 0.3283
vn 0.9190 -0.1973 0.3414
vn 0.5298 -0.4243 0.7343
vn 0.5316 -0.3726 0.7606
vn 0.9197 -0.1727 0.3527
vn 0.9202 -0.1476 0.3627
vn 0.5327 -0.3190 0.7839
vn 0.5343 -0.2634 0.8032
vn 0.9206 -0.1217 0.3711
vn 0.9210 -0.0952 0.3778
vn 0.5350 -0.2065 0.8192
vn 0.5360 -0.1483 0.8311
vn 0.9213 -0.0683 0.3827
vn 0.5367 -0.0894 0.8390
vn 0.5371 -0.0298 0.8430
vn 0.5370 0.0298 0.8430
vn 0.5363 0.0894 0.8393
vn 0.9214 0.0683 0.3827
vn 0.5360 0.1483 0.8311
vn 0.5350 0.2065 0.8192
vn 0.9210 0.0952 0.3778
vn 0.5343 0.2634 0.8032
vn 0.5327 0.3190 0.7839
vn 0.5316 0.3726 0.7606
vn 0.5298 0.4243 0.7343
vn 0.9184 0.2208 0.3284
vn 0.5281 0.4738 0.7047
vn 0.9177 0.2433 0.3141
vn 0.5259 0.5209 0.6724
vn 0.9170 0.2648 0.2985
vn 0.9933 0.0769 0.0866
vn 0.5222 0.6068 0.5992
vn 0.9162 0.2852 0.2816
vn 0.5204 0.6454 0.5591
vn 0.5348 0.3847 -0.7523
vn 0.9208 0.1776 -0.3473
vn 0.5287 0.4616 -0.7123
vn 0.9186 0.2150 -0.3317
vn 0.9934 0.0623 -0.0961
vn 0.5258 0.5321 -0.6636
vn 0.9175 0.2488 -0.3104
vn 0.5226 0.5967 -0.6090
vn 0.5200 0.6545 -0.5487
vn 0.9153 0.3087 -0.2588
vn 0.9931 0.0898 -0.0752
vn 0.5173 0.7057 -0.4841
vn 0.9141 0.3343 -0.2293
vn 0.5147 0.7499 -0.4157
vn 0.5124 0.7868 -0.3442
vn 0.9122 0.3755 -0.1643
vn 0.5088 0.8386 -0.1943
vn 0.9104 0.4099 -0.0562
vn 0.9926 0.1209 -0.0055
vn 0.9926 0.1210 0.0055
vn 0.5087 0.8387 0.1943
vn 0.5105 0.8163 0.2702
vn 0.9114 0.3907 0.1293
vn 0.5125 0.7867 0.3442
vn 0.9122 0.3753 0.1642
vn 0.5147 0.7498 0.4157
vn 0.9131 0.3566 0.1977
vn 0.5167 0.7060 0.4843
vn 0.9142 0.3343 0.2293
vn 0.9930 0.0973 0.0667
vn 0.5196 0.6548 0.5489
vn 0.9931 0.0898 0.0752
vn 0.5227 0.5967 0.6089
vn 0.9164 0.2801 0.2859
vn 0.5252 0.5323 0.6639
vn 0.9175 0.2488 0.3104
vn 0.5286 0.4616 0.7124
vn 0.9186 0.2149 0.3317
vn 0.5308 0.3858 0.7546
vn 0.9195 0.1789 0.3500
vn 0.9935 0.0518 0.1013
vn 0.5329 0.3053 0.7892
vn 0.9203 0.1411 0.3649
vn 0.5351 0.2208 0.8154
vn 0.9936 0.0295 0.1088
vn 0.5358 0.1337 0.8337
vn 0.9214 0.0616 0.3837
vn 0.5367 0.0448 0.8426
vn 0.9937 0.0059 0.1120
vn 0.5365 -0.0000 0.8439
vn 0.9217 -0.0000 0.3880
vn 0.5363 -0.0448 0.8428
vn 0.9937 -0.0060 0.1120
vn 0.5367 -0.1337 0.8331
vn 0.9214 -0.0615 0.3837
vn 0.5345 -0.2208 0.8158
vn 0.9936 -0.0294 0.1087
vn 0.5328 -0.3053 0.7892
vn 0.9203 -0.1411 0.3648
vn 0.5306 -0.3859 0.7547
vn 0.9195 -0.1790 0.3500
vn 0.9935 -0.0518 0.1014
vn 0.5281 -0.4618 0.7126
vn 0.9186 -0.2149 0.3316
vn 0.5260 -0.5320 0.6635
vn 0.9175 -0.2488 0.3103
vn 0.5228 -0.5966 0.6089
vn 0.9164 -0.2802 0.2860
vn 0.5202 -0.6545 0.5487
vn 0.9931 -0.0898 0.0753
vn 0.5176 -0.7056 0.4840
vn 0.9142 -0.3342 0.2293
vn 0.9930 -0.0973 0.0668
vn 0.5147 -0.7499 0.4157
vn 0.9131 -0.3565 0.1977
vn 0.5122 -0.7868 0.3443
vn 0.9122 -0.3754 0.1642
vn 0.5103 -0.8165 0.2702
vn 0.9114 -0.3906 0.1293
vn 0.5089 -0.8386 0.1943
vn 0.9926 -0.1209 0.0055
vn 0.9926 -0.1210 -0.0055
vn 0.9104 -0.4100 -0.0563
vn 0.5088 -0.8387 -0.1943
vn 0.5103 -0.8164 -0.2702
vn 0.9114 -0.3906 -0.1293
vn 0.5085 -0.7889 -0.3451
vn 0.9106 -0.3786 -0.1656
vn 0.9927 -0.1106 -0.0484
vn 0.9930 0.0986 0.0654
vn 0.9138 0.3386 0.2244
vn 0.5163 0.7139 0.4732
vn 0.5134 0.7693 0.3803
vn 0.5119 0.7923 0.3321
vn 0.9116 0.3883 0.1352
vn 0.5086 0.8416 0.1815
vn 0.9104 0.4089 0.0624
vn 0.9102 0.4141 0.0125
vn 0.5087 0.8416 -0.1815
vn 0.9107 0.4037 -0.0871
vn 0.5096 0.8284 -0.2324
vn 0.5107 0.8119 -0.2827
vn 0.9116 0.3883 -0.1352
vn 0.9121 0.3782 -0.1585
vn 0.5134 0.7693 -0.3804
vn 0.5150 0.7430 -0.4274
vn 0.5167 0.7136 -0.4730
vn 0.9931 0.0937 -0.0711
vn 0.5188 0.6809 -0.5169
vn 0.9154 0.3042 -0.2635
vn 0.5205 0.6454 -0.5591
vn 0.9162 0.2850 -0.2815
vn 0.9933 0.0769 -0.0867
vn 0.9169 0.2649 -0.2985
vn 0.5243 0.5651 -0.6370
vn 0.9177 0.2433 -0.3140
vn 0.5260 0.5208 -0.6723
vn 0.5280 0.4738 -0.7048
vn 0.9183 0.2208 -0.3285
vn 0.9191 0.1972 -0.3412
vn 0.5301 0.4243 -0.7342
vn 0.9196 0.1728 -0.3527
vn 0.5315 0.3726 -0.7607
vn 0.5324 0.3190 -0.7841
vn 0.9201 0.1476 -0.3627
vn 0.9936 0.0352 -0.1072
vn 0.5339 0.2635 -0.8034
vn 0.9210 0.0952 -0.3777
vn 0.5352 0.2065 -0.8191
vn 0.5362 0.1483 -0.8310
vn 0.9213 0.0683 -0.3829
vn 0.9215 0.0411 -0.3861
vn 0.5370 0.0893 -0.8388
vn 0.9217 0.0137 -0.3877
vn 0.5368 0.0298 -0.8432
vn 0.5368 -0.0298 -0.8432
vn 0.9217 -0.0137 -0.3877
vn 0.9215 -0.0411 -0.3862
vn 0.5367 -0.0893 -0.8390
vn 0.9937 -0.0197 -0.1107
vn 0.9213 -0.0683 -0.3828
vn 0.5364 -0.1483 -0.8309
vn 0.5351 -0.2065 -0.8191
vn 0.9210 -0.0952 -0.3776
vn 0.9936 -0.0352 -0.1073
vn 0.5342 -0.2634 -0.8033
vn 0.9201 -0.1476 -0.3627
vn 0.5325 -0.3190 -0.7841
vn 0.5314 -0.3727 -0.7608
vn 0.9190 -0.1972 -0.3414
vn 0.5296 -0.4244 -0.7344
vn 0.9183 -0.2208 -0.3285
vn 0.5279 -0.4738 -0.7048
vn 0.5259 -0.5209 -0.6724
vn 0.9177 -0.2433 -0.3140
vn 0.9933 -0.0769 -0.0866
vn 0.9170 -0.2648 -0.2984
vn 0.5248 -0.5649 -0.6367
vn 0.9162 -0.2852 -0.2816
vn 0.5204 -0.6454 -0.5591
vn 0.9154 -0.3042 -0.2635
vn 0.5188 -0.6809 -0.5169
vn 0.9931 -0.0937 -0.0711
vn 0.5167 -0.7136 -0.4730
vn 0.5150 -0.7430 -0.4274
vn 0.9133 -0.3531 -0.2031
vn 0.5134 -0.7693 -0.3804
vn 0.9121 -0.3781 -0.1585
vn 0.9116 -0.3883 -0.1352
vn 0.5096 -0.8284 -0.2325
vn 0.5086 -0.8417 -0.1815
vn 0.9107 -0.4038 -0.0871
vn 0.9104 -0.4089 -0.0624
vn 0.9101 -0.4141 0.0125
vn 0.9107 -0.4038 0.0871
vn 0.5086 -0.8416 0.1815
vn 0.5107 -0.8119 0.2827
vn 0.9116 -0.3883 0.1352
vn 0.5119 -0.7923 0.3321
vn 0.5134 -0.7693 0.3804
vn 0.5151 -0.7430 0.4274
vn 0.9133 -0.3530 0.2031
vn 0.9929 -0.1029 0.0592
vn 0.9140 -0.3382 0.2242
vn 0.5170 -0.7135 0.4729
vn 0.9147 -0.3218 0.2443
vn 0.9931 -0.0936 0.0711
vn 0.5202 -0.6455 0.5592
vn 0.5223 -0.6067 0.5992
vn 0.9162 -0.2851 0.2815
vn 0.5243 -0.5651 0.6370
vt 0.000000 0.000000
vt 0.489582 0.793750
vt 0.499999 0.681250
vt 0.489582 0.681250
vt -0.000001 0.681250
vt 0.010416 0.793750
vt 0.010416 0.681250
vt 0.020833 0.793750
vt 0.020833 0.681250
vt 0.979167 0.681250
vt 0.989583 0.793750
vt 0.989583 0.681250
vt 0.031249 0.681250
vt 0.041666 0.793750
vt 0.041666 0.681250
vt 0.958333 0.681250
vt 0.968750 0.793750
vt 0.968750 0.681250
vt 0.052083 0.681250
vt 0.062499 0.793750
vt 0.062499 0.681250
vt 0.072916 0.793750
vt 0.072916 0.681250
vt 0.927083 0.681250
vt 0.937500 0.793750
vt 0.937500 0.681250
vt 0.083333 0.681250
vt 0.093749 0.793750
vt 0.093749 0.681250
vt 0.906250 0.681250
vt 0.916667 0.793750
vt 0.916667 0.681250
vt 0.104166 0.681250
vt 0.114583 0.793750
vt 0.114583 0.681250
vt 0.885416 0.681250
vt 0.895833 0.793750
vt 0.895833 0.681250
vt 0.385416 0.793750
vt 0.395832 0.681250
vt 0.385416 0.681250
vt 0.864583 0.681250
vt 0.875000 0.793750
vt 0.875000 0.681250
vt 0.854166 0.681250
vt 0.864583 0.793750
vt 0.843750 0.681250
vt 0.854166 0.793750
vt 0.833333 0.681250
vt 0.843750 0.793750
vt 0.822916 0.681250
vt 0.833333 0.793750
vt 0.812500 0.681250
vt 0.822916 0.793750
vt 0.802083 0.681250
vt 0.812500 0.793750
vt 0.791666 0.681250
vt 0.802083 0.793750
vt 0.781250 0.681250
vt 0.791666 0.793750
vt 0.770833 0.681250
vt 0.781250 0.793750
vt 0.760416 0.681250
vt 0.770833 0.793750
vt 0.750000 0.681250
vt 0.760416 0.793750
vt 0.739583 0.681250
vt 0.750000 0.793750
vt 0.729166 0.681250
vt 0.739583 0.793750
vt 0.718749 0.681250
vt 0.729166 0.793750
vt 0.708333 0.681250
vt 0.718749 0.793750
vt 0.697916 0.681250
vt 0.708333 0.793750
vt 0.687499 0.681250
vt 0.697916 0.793750
vt 0.677083 0.681250
vt 0.687499 0.793750
vt 0.666666 0.681250
vt 0.677083 0.793750
vt 0.656249 0.681250
vt 0.666666 0.793750
vt 0.645833 0.681250
vt 0.656249 0.793750
vt 0.635416 0.681250
vt 0.645833 0.793750
vt 0.583333 0.793750
vt 0.593749 0.681250
vt 0.583333 0.681250
vt 0.614583 0.793750
vt 0.624999 0.681250
vt 0.614583 0.681250
vt 0.604166 0.793750
vt 0.604166 0.681250
vt 0.635416 0.793750
vt 0.416666 0.793750
vt 0.427082 0.681250
vt 0.416666 0.681250
vt 0.427082 0.793750
vt 0.437499 0.681250
vt 0.437499 0.793750
vt 0.447916 0.681250
vt 0.447916 0.793750
vt 0.458332 0.681250
vt 0.458332 0.793750
vt 0.468749 0.681250
vt 0.479166 0.793750
vt 0.479166 0.681250
vt 0.520832 0.793750
vt 0.531249 0.681250
vt 0.520832 0.681250
vt 0.510416 0.793750
vt 0.510416 0.681250
vt 0.499999 0.793750
vt 0.468749 0.793750
vt 0.531249 0.793750
vt 0.541666 0.681250
vt 0.541666 0.793750
vt 0.552082 0.681250
vt 0.552082 0.793750
vt 0.562499 0.681250
vt 0.562499 0.793750
vt 0.572916 0.681250
vt 0.572916 0.793750
vt 0.395833 0.793750
vt 0.406249 0.681250
vt 0.593749 0.793750
vt 0.406249 0.793750
vt 0.374999 0.793750
vt 0.374999 0.681250
vt 0.343749 0.793750
vt 0.354166 0.681250
vt 0.343749 0.681250
vt 0.333333 0.793750
vt 0.333333 0.681250
vt 0.364583 0.793750
vt 0.364583 0.681250
vt 0.354166 0.793750
vt 0.322916 0.793750
vt 0.322916 0.681250
vt 0.312499 0.793750
vt 0.312499 0.681250
vt 0.291666 0.793750
vt 0.302083 0.681250
vt 0.291666 0.681250
vt 0.270833 0.793750
vt 0.281249 0.681250
vt 0.270833 0.681250
vt 0.302083 0.793750
vt 0.239583 0.793750
vt 0.249999 0.681250
vt 0.239583 0.681250
vt 0.281249 0.793750
vt 0.208333 0.793750
vt 0.218749 0.681250
vt 0.208333 0.681250
vt 0.260416 0.793750
vt 0.260416 0.681250
vt 0.249999 0.793750
vt 0.187499 0.793750
vt 0.197916 0.681250
vt 0.187499 0.681250
vt 0.229166 0.793750
vt 0.229166 0.681250
vt 0.218749 0.793750
vt 0.166666 0.793750
vt 0.177083 0.681250
vt 0.166666 0.681250
vt 0.197916 0.793750
vt 0.135416 0.793750
vt 0.145833 0.681250
vt 0.135416 0.681250
vt 0.177083 0.793750
vt 0.124999 0.793750
vt 0.124999 0.681250
vt 0.156249 0.793750
vt 0.156249 0.681250
vt 0.145833 0.793750
vt 0.885416 0.793750
vt 0.906250 0.793750
vt 0.927083 0.793750
vt 0.104166 0.793750
vt 0.947917 0.681250
vt 0.958333 0.793750
vt 0.083333 0.793750
vt 0.979167 0.793750
vt 0.947917 0.793750
vt 0.052083 0.793750
vt 1.000000 0.793750
vt 1.000000 0.681250
vt 0.031249 0.793750
vt 0.156249 0.662500
vt 0.166666 0.662500
vt 0.177083 0.662500
vt 0.187499 0.662500
vt 0.197916 0.662500
vt 0.208333 0.662500
vt 0.218749 0.662500
vt 0.229166 0.662500
vt 0.239583 0.662500
vt 0.249999 0.662500
vt 0.260416 0.662500
vt 0.270833 0.662500
vt 0.281249 0.662500
vt 0.291666 0.662500
vt 0.302083 0.662500
vt 0.312499 0.662500
vt 0.322916 0.662500
vt 0.333333 0.662500
vt 0.343749 0.662500
vt 0.354166 0.662500
vt 0.364583 0.662500
vt 0.374999 0.662500
vt 0.385416 0.662500
vt 0.395828 0.662500
vt 0.406249 0.662500
vt 0.416666 0.662500
vt 0.427082 0.662500
vt 0.437499 0.662500
vt 0.447916 0.662500
vt 0.458332 0.662500
vt 0.468749 0.662500
vt 0.479166 0.662500
vt 0.489582 0.662500
vt 0.499999 0.662500
vt 0.510416 0.662500
vt 0.520832 0.662500
vt 0.531249 0.662500
vt 0.541666 0.662500
vt 0.552082 0.662500
vt 0.562499 0.662500
vt 0.572916 0.662500
vt 0.583333 0.662500
vt 0.593749 0.662500
vt 0.604166 0.662500
vt 0.614583 0.662500
vt 0.624999 0.662500
vt 0.635416 0.662500
vt 0.645833 0.662500
vt 0.656249 0.662500
vt 0.666666 0.662500
vt 0.677083 0.662500
vt 0.687499 0.662500
vt 0.697916 0.662500
vt 0.708333 0.662500
vt 0.718749 0.662500
vt 0.729166 0.662500
vt 0.739583 0.662500
vt 0.760416 0.662500
vt 0.770833 0.662500
vt 0.781250 0.662500
vt 0.791666 0.662500
vt 0.802083 0.662500
vt 0.812500 0.662500
vt 0.822916 0.662500
vt 0.833333 0.662500
vt 0.843750 0.662500
vt 0.854166 0.662500
vt 0.864583 0.662500
vt 0.875000 0.662500
vt 0.885416 0.662500
vt 0.895833 0.662500
vt 0.906250 0.662500
vt 0.916667 0.662500
vt 0.927083 0.662500
vt 0.937500 0.662500
vt 0.947917 0.662500
vt 0.958333 0.662500
vt 0.968750 0.662500
vt 0.979167 0.662500
vt 0.989583 0.662500
vt 1.000000 0.662500
vt -0.000001 0.662500
vt 0.010416 0.662500
vt 0.020833 0.662500
vt 0.031249 0.662500
vt 0.041666 0.662500
vt 0.052083 0.662500
vt 0.062499 0.662500
vt 0.072916 0.662500
vt 0.083333 0.662500
vt 0.093749 0.662500
vt 0.104166 0.662500
vt 0.114583 0.662500
vt 0.124999 0.662500
vt 0.135416 0.662500
vt 0.145833 0.662500
vt 0.604170 0.812500
vt 0.843750 0.812500
vt 0.833333 0.812500
vt 0.822916 0.812500
vt 0.812500 0.812500
vt 0.802083 0.812500
vt 0.791666 0.812500
vt 0.781250 0.812500
vt 0.770833 0.812500
vt 0.760416 0.812500
vt 0.750000 0.812500
vt 0.739583 0.812500
vt 0.729166 0.812500
vt 0.718749 0.812500
vt 0.708333 0.812500
vt 0.697916 0.812500
vt 0.687499 0.812500
vt 0.677083 0.812500
vt 0.666666 0.812500
vt 0.656249 0.812500
vt 0.645833 0.812500
vt 0.635416 0.812500
vt 0.624999 0.812500
vt 0.614583 0.812500
vt 0.624999 0.793750
vt 0.854166 0.812500
vt 0.593749 0.812500
vt 0.583333 0.812500
vt 0.572916 0.812500
vt 0.562499 0.812500
vt 0.552082 0.812500
vt 0.541666 0.812500
vt 0.531249 0.812500
vt 0.520832 0.812500
vt 0.510416 0.812500
vt 0.499999 0.812500
vt 0.489582 0.812500
vt 0.479166 0.812500
vt 0.468749 0.812500
vt 0.458332 0.812500
vt 0.447916 0.812500
vt 0.437499 0.812500
vt 0.427082 0.812500
vt 0.416666 0.812500
vt 0.406249 0.812500
vt 0.395833 0.812500
vt 0.385416 0.812500
vt 0.374999 0.812500
vt 0.364583 0.812500
vt 0.354166 0.812500
vt 0.343749 0.812500
vt 0.333333 0.812500
vt 0.322916 0.812500
vt 0.312499 0.812500
vt 0.302083 0.812500
vt 0.291666 0.812500
vt 0.281249 0.812500
vt 0.270833 0.812500
vt 0.260416 0.812500
vt 0.249999 0.812500
vt 0.239583 0.812500
vt 0.229166 0.812500
vt 0.218749 0.812500
vt 0.208333 0.812500
vt 0.197916 0.812500
vt 0.187499 0.812500
vt 0.177083 0.812500
vt 0.166666 0.812500
vt 0.156249 0.812500
vt 0.145833 0.812500
vt 0.135416 0.812500
vt 0.124999 0.812500
vt 0.114583 0.812500
vt 0.104166 0.812500
vt 0.093749 0.812500
vt 0.083333 0.812500
vt 0.072916 0.812500
vt 0.062499 0.812500
vt 0.052083 0.812500
vt 0.041666 0.812500
vt 0.031249 0.812500
vt 0.020833 0.812500
vt 0.010416 0.812500
vt -0.000001 0.812500
vt -0.000001 0.793750
vt 1.000000 0.812500
vt 0.989583 0.812500
vt 0.979167 0.812500
vt 0.968750 0.812500
vt 0.958333 0.812500
vt 0.947917 0.812500
vt 0.937500 0.812500
vt 0.927083 0.812500
vt 0.916667 0.812500
vt 0.906250 0.812500
vt 0.895833 0.812500
vt 0.885416 0.812500
vt 0.875000 0.812500
vt 0.864583 0.812500
vt 0.395832 0.662500
vt 0.750000 0.662500
vt 0.604166 0.812500
s 0
usemtl door_graphite.001
f 57/1/1 325/1/1 53/1/1
f 1/1/2 541/1/2 269/1/2
f 941/2/3 545/3/3 557/4/3
f 494/1/4 1206/1/4 1146/1/4
f 198/1/5 682/1/5 694/1/5
f 13/1/6 281/1/6 9/1/6
f 17/1/7 285/1/7 13/1/7
f 21/1/8 289/1/8 17/1/8
f 25/1/9 293/1/9 21/1/9
f 29/1/10 297/1/10 25/1/10
f 33/1/11 301/1/11 29/1/11
f 37/1/12 305/1/12 33/1/12
f 41/1/13 309/1/13 37/1/13
f 46/1/14 313/1/14 41/1/14
f 49/1/15 317/1/15 46/1/15
f 53/1/16 321/1/16 49/1/16
f 822/1/5 762/1/5 113/1/5
f 61/1/17 329/1/17 57/1/17
f 65/1/18 333/1/18 61/1/18
f 69/1/19 337/1/19 65/1/19
f 73/1/20 341/1/20 69/1/20
f 77/1/21 345/1/21 73/1/21
f 81/1/22 349/1/22 77/1/22
f 85/1/23 353/1/23 81/1/23
f 89/1/24 357/1/24 85/1/24
f 93/1/25 361/1/25 89/1/25
f 97/1/26 365/1/26 93/1/26
f 101/1/27 369/1/27 97/1/27
f 105/1/28 373/1/28 101/1/28
f 110/1/29 377/1/29 105/1/29
f 114/1/30 381/1/30 110/1/30
f 117/1/31 385/1/31 114/1/31
f 121/1/32 389/1/32 117/1/32
f 125/1/33 393/1/33 121/1/33
f 129/1/34 397/1/34 125/1/34
f 133/1/35 401/1/35 129/1/35
f 137/1/36 405/1/36 133/1/36
f 141/1/37 409/1/37 137/1/37
f 145/1/38 413/1/38 141/1/38
f 149/1/39 417/1/39 145/1/39
f 153/1/40 421/1/40 149/1/40
f 157/1/41 425/1/41 153/1/41
f 161/1/42 430/1/42 157/1/42
f 165/1/43 433/1/43 161/1/43
f 169/1/44 437/1/44 165/1/44
f 173/1/45 441/1/45 169/1/45
f 177/1/46 445/1/46 173/1/46
f 181/1/47 449/1/47 177/1/47
f 185/1/48 453/1/48 181/1/48
f 189/1/49 457/1/49 185/1/49
f 193/1/50 461/1/50 189/1/50
f 197/1/51 465/1/51 193/1/51
f 201/1/52 469/1/52 197/1/52
f 205/1/53 473/1/53 201/1/53
f 209/1/54 477/1/54 205/1/54
f 213/1/55 481/1/55 209/1/55
f 217/1/56 485/1/56 213/1/56
f 221/1/57 489/1/57 217/1/57
f 225/1/58 493/1/58 221/1/58
f 229/1/59 497/1/59 225/1/59
f 233/1/60 501/1/60 229/1/60
f 237/1/61 505/1/61 233/1/61
f 241/1/62 509/1/62 237/1/62
f 245/1/63 513/1/63 241/1/63
f 249/1/64 517/1/64 245/1/64
f 253/1/65 521/1/65 249/1/65
f 257/1/66 525/1/66 253/1/66
f 261/1/67 529/1/67 257/1/67
f 265/1/68 533/1/68 261/1/68
f 269/1/69 537/1/69 265/1/69
f 350/1/4 1066/1/4 1062/1/4
f 9/1/70 277/1/70 5/1/70
f 897/5/71 1289/6/71 905/7/71
f 905/7/72 1277/8/72 893/9/72
f 889/10/73 1285/11/73 901/12/73
f 909/13/74 1261/14/74 877/15/74
f 873/16/75 1301/17/75 917/18/75
f 885/19/76 1305/20/76 921/21/76
f 921/21/77 1237/22/77 853/23/77
f 849/24/78 1297/25/78 913/26/78
f 861/27/79 1229/28/79 845/29/79
f 841/30/80 1241/31/80 857/32/80
f 869/33/81 1225/34/81 837/35/81
f 829/36/82 1217/37/82 865/38/82
f 997/39/83 725/40/83 729/41/83
f 709/42/84 1209/43/84 833/44/84
f 705/45/85 1309/46/85 709/42/85
f 713/47/86 1190/48/86 705/45/86
f 701/49/87 1194/50/87 713/47/87
f 697/51/88 1197/52/88 701/49/88
f 717/53/89 1181/54/89 697/51/89
f 689/55/90 1185/56/90 717/53/90
f 685/57/91 1177/58/91 689/55/91
f 693/59/92 1201/60/92 685/57/92
f 681/61/93 1165/62/93 693/59/93
f 677/63/94 1169/64/94 681/61/94
f 721/65/95 1173/66/95 677/63/95
f 665/67/96 1157/68/96 721/65/96
f 661/69/97 1161/70/97 665/67/97
f 669/71/98 1205/72/98 661/69/98
f 657/73/99 1145/74/99 669/71/99
f 653/75/100 1149/76/100 657/73/100
f 673/77/101 1141/78/101 653/75/101
f 645/79/102 1153/80/102 673/77/102
f 641/81/103 1137/82/103 645/79/103
f 649/83/104 1133/84/104 641/81/104
f 637/85/105 1125/86/105 649/83/105
f 633/87/106 1117/88/106 637/85/106
f 977/89/107 617/90/107 621/91/107
f 1114/92/108 629/93/108 613/94/108
f 1109/95/109 613/94/109 609/96/109
f 629/93/110 1121/97/110 633/87/110
f 1009/98/111 601/99/111 625/100/111
f 985/101/112 593/102/112 601/99/112
f 973/103/113 585/104/113 593/102/113
f 969/105/114 577/106/114 585/104/114
f 961/107/115 569/108/115 577/106/115
f 945/109/116 557/4/116 561/110/116
f 937/111/117 565/112/117 549/113/117
f 929/114/118 549/113/118 553/115/118
f 933/116/119 553/115/119 545/3/119
f 949/117/120 561/110/120 569/108/120
f 965/118/121 573/119/121 565/112/121
f 957/120/122 581/121/122 573/119/122
f 953/122/123 589/123/123 581/121/123
f 1013/124/124 597/125/124 589/123/124
f 981/126/125 621/91/125 597/125/125
f 1001/127/126 605/128/126 725/40/126
f 609/96/127 1005/129/127 1109/95/127
f 989/130/128 625/100/128 605/128/128
f 993/131/129 729/41/129 741/132/129
f 1017/133/130 733/134/130 745/135/130
f 1033/136/131 745/135/131 749/137/131
f 1105/138/132 741/132/132 737/139/132
f 1021/140/133 737/139/133 733/134/133
f 1029/141/134 749/137/134 753/142/134
f 1025/143/135 753/142/135 769/144/135
f 1041/145/136 757/146/136 765/147/136
f 1053/148/137 761/149/137 821/150/137
f 1057/151/138 769/144/138 757/146/138
f 1101/152/139 773/153/139 789/154/139
f 1037/155/140 765/147/140 761/149/140
f 1077/156/141 781/157/141 817/158/141
f 1049/159/142 821/150/142 777/160/142
f 1045/161/143 777/160/143 773/153/143
f 1069/162/144 793/163/144 801/164/144
f 1065/165/145 789/154/145 785/166/145
f 1061/167/146 785/166/146 781/157/146
f 1085/168/147 797/169/147 813/170/147
f 1073/171/148 817/158/148 793/163/148
f 1089/172/149 805/173/149 925/174/149
f 1097/175/150 801/164/150 797/169/150
f 837/35/151 1213/176/151 825/177/151
f 1081/178/152 813/170/152 810/179/152
f 1093/180/153 810/179/153 805/173/153
f 833/44/154 1221/181/154 829/36/154
f 1213/176/155 925/174/155 825/177/155
f 865/38/156 1249/182/156 841/30/156
f 857/32/157 1233/183/157 849/24/157
f 845/29/158 1253/184/158 869/33/158
f 881/185/159 1257/186/159 873/16/159
f 853/23/160 1245/187/160 861/27/160
f 917/18/161 1273/188/161 889/10/161
f 913/26/162 1265/189/162 881/185/162
f 877/15/163 1269/190/163 885/19/163
f 901/12/164 1281/191/164 897/192/164
f 893/9/165 1293/193/165 909/13/165
f 106/1/166 111/1/166 108/1/166
f 108/1/167 112/1/167 107/1/167
f 107/1/168 110/1/168 105/1/168
f 102/1/169 108/1/169 104/1/169
f 104/1/170 107/1/170 103/1/170
f 103/1/171 105/1/171 101/1/171
f 98/1/172 104/1/172 100/1/172
f 100/1/173 103/1/173 99/1/173
f 99/1/174 101/1/174 97/1/174
f 94/1/175 100/1/175 96/1/175
f 96/1/176 99/1/176 95/1/176
f 95/1/177 97/1/177 93/1/177
f 90/1/178 96/1/178 92/1/178
f 92/1/179 95/1/179 91/1/179
f 91/1/180 93/1/180 89/1/180
f 86/1/181 92/1/181 88/1/181
f 88/1/182 91/1/182 87/1/182
f 87/1/183 89/1/183 85/1/183
f 82/1/184 88/1/184 84/1/184
f 84/1/185 87/1/185 83/1/185
f 83/1/186 85/1/186 81/1/186
f 78/1/187 84/1/187 80/1/187
f 80/1/188 83/1/188 79/1/188
f 79/1/189 81/1/189 77/1/189
f 74/1/190 80/1/190 76/1/190
f 76/1/191 79/1/191 75/1/191
f 75/1/192 77/1/192 73/1/192
f 74/1/193 72/1/193 70/1/193
f 76/1/194 71/1/194 72/1/194
f 75/1/195 69/1/195 71/1/195
f 70/1/196 68/1/196 66/1/196
f 72/1/197 67/1/197 68/1/197
f 71/1/198 65/1/198 67/1/198
f 62/1/199 68/1/199 64/1/199
f 64/1/200 67/1/200 63/1/200
f 63/1/201 65/1/201 61/1/201
f 62/1/202 60/1/202 58/1/202
f 64/1/203 59/1/203 60/1/203
f 63/1/204 57/1/204 59/1/204
f 58/1/205 56/1/205 54/1/205
f 60/1/206 55/1/206 56/1/206
f 59/1/207 53/1/207 55/1/207
f 54/1/208 52/1/208 50/1/208
f 52/1/209 55/1/209 51/1/209
f 55/1/210 49/1/210 51/1/210
f 813/170/211 812/194/211 810/179/211
f 815/1/212 811/1/212 812/1/212
f 816/1/213 809/1/213 811/1/213
f 814/1/214 800/1/214 798/1/214
f 816/1/215 799/1/215 800/1/215
f 815/195/216 797/169/216 799/196/216
f 801/164/217 799/196/217 797/169/217
f 803/1/218 800/1/218 799/1/218
f 804/1/219 798/1/219 800/1/219
f 802/1/220 796/1/220 794/1/220
f 804/1/221 795/1/221 796/1/221
f 803/197/222 793/163/222 795/198/222
f 817/158/223 795/198/223 793/163/223
f 819/1/224 796/1/224 795/1/224
f 820/1/225 794/1/225 796/1/225
f 818/1/226 784/1/226 782/1/226
f 820/1/227 783/1/227 784/1/227
f 819/199/228 781/157/228 783/200/228
f 785/166/229 783/200/229 781/157/229
f 787/1/230 784/1/230 783/1/230
f 788/1/231 782/1/231 784/1/231
f 789/154/232 787/201/232 785/166/232
f 791/1/233 788/1/233 787/1/233
f 792/1/234 786/1/234 788/1/234
f 790/1/235 776/1/235 774/1/235
f 792/1/236 775/1/236 776/1/236
f 791/202/237 773/153/237 775/203/237
f 773/153/238 779/204/238 775/203/238
f 775/1/239 780/1/239 776/1/239
f 776/1/240 778/1/240 774/1/240
f 777/160/241 823/205/241 779/204/241
f 779/1/242 824/1/242 780/1/242
f 780/1/243 822/1/243 778/1/243
f 762/1/244 824/1/244 764/1/244
f 764/1/245 823/1/245 763/1/245
f 763/206/246 821/150/246 761/149/246
f 761/149/247 767/207/247 763/206/247
f 763/1/248 768/1/248 764/1/248
f 764/1/249 766/1/249 762/1/249
f 758/1/250 768/1/250 760/1/250
f 760/1/251 767/1/251 759/1/251
f 759/208/252 765/147/252 757/146/252
f 757/146/253 771/209/253 759/208/253
f 759/1/254 772/1/254 760/1/254
f 760/1/255 770/1/255 758/1/255
f 754/1/256 772/1/256 756/1/256
f 756/1/257 771/1/257 755/1/257
f 755/210/258 769/144/258 753/142/258
f 750/1/259 756/1/259 752/1/259
f 752/1/260 755/1/260 751/1/260
f 751/211/261 753/142/261 749/137/261
f 746/1/262 752/1/262 748/1/262
f 748/1/263 751/1/263 747/1/263
f 747/212/264 749/137/264 745/135/264
f 734/1/265 748/1/265 736/1/265
f 736/1/266 747/1/266 735/1/266
f 735/213/267 745/135/267 733/134/267
f 733/134/268 739/214/268 735/213/268
f 735/1/269 740/1/269 736/1/269
f 736/1/270 738/1/270 734/1/270
f 737/139/271 743/215/271 739/214/271
f 739/1/272 744/1/272 740/1/272
f 740/1/273 742/1/273 738/1/273
f 730/1/274 744/1/274 732/1/274
f 732/1/275 743/1/275 731/1/275
f 731/216/276 741/132/276 729/41/276
f 726/1/277 732/1/277 728/1/277
f 728/1/278 731/1/278 727/1/278
f 727/217/279 729/41/279 725/40/279
f 109/1/280 115/1/280 111/1/280
f 111/1/281 116/1/281 112/1/281
f 112/1/282 114/1/282 110/1/282
f 45/1/283 44/1/283 42/1/283
f 47/1/284 43/1/284 44/1/284
f 48/1/285 41/1/285 43/1/285
f 42/1/286 40/1/286 38/1/286
f 44/1/287 39/1/287 40/1/287
f 43/1/288 37/1/288 39/1/288
f 38/1/289 36/1/289 34/1/289
f 40/1/290 35/1/290 36/1/290
f 39/1/291 33/1/291 35/1/291
f 34/1/292 32/1/292 30/1/292
f 36/1/293 31/1/293 32/1/293
f 35/1/294 29/1/294 31/1/294
f 30/1/295 28/1/295 26/1/295
f 32/1/296 27/1/296 28/1/296
f 31/1/297 25/1/297 27/1/297
f 26/1/298 24/1/298 22/1/298
f 28/1/299 23/1/299 24/1/299
f 27/1/300 21/1/300 23/1/300
f 22/1/301 20/1/301 18/1/301
f 24/1/302 19/1/302 20/1/302
f 23/1/303 17/1/303 19/1/303
f 18/1/304 16/1/304 14/1/304
f 20/1/305 15/1/305 16/1/305
f 19/1/306 13/1/306 15/1/306
f 14/1/307 12/1/307 10/1/307
f 16/1/308 11/1/308 12/1/308
f 15/1/309 9/1/309 11/1/309
f 10/1/310 8/1/310 6/1/310
f 12/1/311 7/1/311 8/1/311
f 11/1/312 5/1/312 7/1/312
f 6/1/313 4/1/313 2/1/313
f 8/1/314 3/1/314 4/1/314
f 7/1/315 1/1/315 3/1/315
f 1/1/316 271/1/316 3/1/316
f 271/1/317 4/1/317 3/1/317
f 272/1/318 2/1/318 4/1/318
f 266/1/319 272/1/319 268/1/319
f 268/1/320 271/1/320 267/1/320
f 267/1/321 269/1/321 265/1/321
f 262/1/322 268/1/322 264/1/322
f 264/1/323 267/1/323 263/1/323
f 263/1/324 265/1/324 261/1/324
f 258/1/325 264/1/325 260/1/325
f 260/1/326 263/1/326 259/1/326
f 259/1/327 261/1/327 257/1/327
f 254/1/328 260/1/328 256/1/328
f 256/1/329 259/1/329 255/1/329
f 255/1/330 257/1/330 253/1/330
f 250/1/331 256/1/331 252/1/331
f 252/1/332 255/1/332 251/1/332
f 251/1/333 253/1/333 249/1/333
f 246/1/334 252/1/334 248/1/334
f 248/1/335 251/1/335 247/1/335
f 247/1/336 249/1/336 245/1/336
f 242/1/337 248/1/337 244/1/337
f 244/1/338 247/1/338 243/1/338
f 243/1/339 245/1/339 241/1/339
f 238/1/340 244/1/340 240/1/340
f 240/1/341 243/1/341 239/1/341
f 239/1/342 241/1/342 237/1/342
f 234/1/343 240/1/343 236/1/343
f 236/1/344 239/1/344 235/1/344
f 235/1/345 237/1/345 233/1/345
f 230/1/346 236/1/346 232/1/346
f 232/1/347 235/1/347 231/1/347
f 231/1/348 233/1/348 229/1/348
f 226/1/349 232/1/349 228/1/349
f 228/1/350 231/1/350 227/1/350
f 227/1/351 229/1/351 225/1/351
f 222/1/352 228/1/352 224/1/352
f 224/1/353 227/1/353 223/1/353
f 223/1/354 225/1/354 221/1/354
f 218/1/355 224/1/355 220/1/355
f 220/1/356 223/1/356 219/1/356
f 219/1/357 221/1/357 217/1/357
f 214/1/358 220/1/358 216/1/358
f 216/1/359 219/1/359 215/1/359
f 215/1/360 217/1/360 213/1/360
f 210/1/361 216/1/361 212/1/361
f 212/1/362 215/1/362 211/1/362
f 211/1/363 213/1/363 209/1/363
f 210/1/364 208/1/364 206/1/364
f 212/1/365 207/1/365 208/1/365
f 211/1/366 205/1/366 207/1/366
f 206/1/367 204/1/367 202/1/367
f 208/1/368 203/1/368 204/1/368
f 207/1/369 201/1/369 203/1/369
f 198/1/370 204/1/370 200/1/370
f 200/1/371 203/1/371 199/1/371
f 199/1/372 201/1/372 197/1/372
f 198/1/373 196/1/373 194/1/373
f 200/1/374 195/1/374 196/1/374
f 199/1/375 193/1/375 195/1/375
f 194/1/376 192/1/376 190/1/376
f 196/1/377 191/1/377 192/1/377
f 195/1/378 189/1/378 191/1/378
f 190/1/379 188/1/379 186/1/379
f 192/1/380 187/1/380 188/1/380
f 191/1/381 185/1/381 187/1/381
f 186/1/382 184/1/382 182/1/382
f 188/1/383 183/1/383 184/1/383
f 187/1/384 181/1/384 183/1/384
f 182/1/385 180/1/385 178/1/385
f 184/1/386 179/1/386 180/1/386
f 183/1/387 177/1/387 179/1/387
f 178/1/388 176/1/388 174/1/388
f 180/1/389 175/1/389 176/1/389
f 179/1/390 173/1/390 175/1/390
f 174/1/391 172/1/391 170/1/391
f 176/1/392 171/1/392 172/1/392
f 175/1/393 169/1/393 171/1/393
f 170/1/394 168/1/394 166/1/394
f 172/1/395 167/1/395 168/1/395
f 171/1/396 165/1/396 167/1/396
f 166/1/397 164/1/397 162/1/397
f 168/1/398 163/1/398 164/1/398
f 167/1/399 161/1/399 163/1/399
f 162/1/400 160/1/400 158/1/400
f 164/1/401 159/1/401 160/1/401
f 163/1/402 157/1/402 159/1/402
f 158/1/403 156/1/403 154/1/403
f 160/1/404 155/1/404 156/1/404
f 159/1/405 153/1/405 155/1/405
f 154/1/406 152/1/406 150/1/406
f 156/1/407 151/1/407 152/1/407
f 155/1/408 149/1/408 151/1/408
f 150/1/409 148/1/409 146/1/409
f 152/1/410 147/1/410 148/1/410
f 151/1/411 145/1/411 147/1/411
f 146/1/412 144/1/412 142/1/412
f 148/1/413 143/1/413 144/1/413
f 147/1/414 141/1/414 143/1/414
f 142/1/415 140/1/415 138/1/415
f 144/1/416 139/1/416 140/1/416
f 143/1/417 137/1/417 139/1/417
f 138/1/418 136/1/418 134/1/418
f 140/1/419 135/1/419 136/1/419
f 139/1/420 133/1/420 135/1/420
f 130/1/421 136/1/421 132/1/421
f 132/1/422 135/1/422 131/1/422
f 131/1/423 133/1/423 129/1/423
f 126/1/424 132/1/424 128/1/424
f 128/1/425 131/1/425 127/1/425
f 127/1/426 129/1/426 125/1/426
f 122/1/427 128/1/427 124/1/427
f 124/1/428 127/1/428 123/1/428
f 123/1/429 125/1/429 121/1/429
f 122/1/430 120/1/430 118/1/430
f 124/1/431 119/1/431 120/1/431
f 123/1/432 117/1/432 119/1/432
f 113/1/433 120/1/433 115/1/433
f 115/1/434 119/1/434 116/1/434
f 116/1/435 117/1/435 114/1/435
f 606/1/436 728/1/436 608/1/436
f 608/1/437 727/1/437 607/1/437
f 607/218/438 725/40/438 605/128/438
f 605/128/439 627/219/439 607/218/439
f 607/1/440 628/1/440 608/1/440
f 608/1/441 626/1/441 606/1/441
f 602/1/442 628/1/442 604/1/442
f 604/1/443 627/1/443 603/1/443
f 603/220/444 625/100/444 601/99/444
f 594/1/445 604/1/445 596/1/445
f 596/1/446 603/1/446 595/1/446
f 595/221/447 601/99/447 593/102/447
f 586/1/448 596/1/448 588/1/448
f 588/1/449 595/1/449 587/1/449
f 587/222/450 593/102/450 585/104/450
f 578/1/451 588/1/451 580/1/451
f 580/1/452 587/1/452 579/1/452
f 579/223/453 585/104/453 577/106/453
f 570/1/454 580/1/454 572/1/454
f 572/1/455 579/1/455 571/1/455
f 571/224/456 577/106/456 569/108/456
f 562/1/457 572/1/457 564/1/457
f 564/1/458 571/1/458 563/1/458
f 563/225/459 569/108/459 561/110/459
f 558/1/460 564/1/460 560/1/460
f 560/1/461 563/1/461 559/1/461
f 559/226/462 561/110/462 557/4/462
f 546/1/463 560/1/463 548/1/463
f 548/1/464 559/1/464 547/1/464
f 547/227/465 557/4/465 545/3/465
f 553/115/466 547/227/466 545/3/466
f 555/1/467 548/1/467 547/1/467
f 556/1/468 546/1/468 548/1/468
f 554/1/469 552/1/469 550/1/469
f 556/1/470 551/1/470 552/1/470
f 555/228/471 549/113/471 551/229/471
f 565/112/472 551/229/472 549/113/472
f 567/1/473 552/1/473 551/1/473
f 568/1/474 550/1/474 552/1/474
f 573/119/475 567/230/475 565/112/475
f 575/1/476 568/1/476 567/1/476
f 576/1/477 566/1/477 568/1/477
f 581/121/478 575/231/478 573/119/478
f 583/1/479 576/1/479 575/1/479
f 584/1/480 574/1/480 576/1/480
f 589/123/481 583/232/481 581/121/481
f 591/1/482 584/1/482 583/1/482
f 592/1/483 582/1/483 584/1/483
f 597/125/484 591/233/484 589/123/484
f 599/1/485 592/1/485 591/1/485
f 600/1/486 590/1/486 592/1/486
f 621/91/487 599/234/487 597/125/487
f 623/1/488 600/1/488 599/1/488
f 624/1/489 598/1/489 600/1/489
f 622/1/490 620/1/490 618/1/490
f 624/1/491 619/1/491 620/1/491
f 623/235/492 617/90/492 619/236/492
f 618/1/493 612/1/493 610/1/493
f 620/1/494 611/1/494 612/1/494
f 619/236/495 609/96/495 611/237/495
f 613/94/496 611/237/496 609/96/496
f 615/1/497 612/1/497 611/1/497
f 616/1/498 610/1/498 612/1/498
f 629/93/499 615/238/499 613/94/499
f 631/1/500 616/1/500 615/1/500
f 632/1/501 614/1/501 616/1/501
f 633/87/502 631/239/502 629/93/502
f 635/1/503 632/1/503 631/1/503
f 636/1/504 630/1/504 632/1/504
f 637/85/505 635/240/505 633/87/505
f 639/1/506 636/1/506 635/1/506
f 640/1/507 634/1/507 636/1/507
f 649/83/508 639/241/508 637/85/508
f 651/1/509 640/1/509 639/1/509
f 652/1/510 638/1/510 640/1/510
f 650/1/511 644/1/511 642/1/511
f 652/1/512 643/1/512 644/1/512
f 651/242/513 641/81/513 643/243/513
f 645/79/514 643/243/514 641/81/514
f 647/1/515 644/1/515 643/1/515
f 648/1/516 642/1/516 644/1/516
f 673/77/517 647/244/517 645/79/517
f 675/1/518 648/1/518 647/1/518
f 676/1/519 646/1/519 648/1/519
f 674/1/520 656/1/520 654/1/520
f 676/1/521 655/1/521 656/1/521
f 675/245/522 653/75/522 655/246/522
f 657/73/523 655/246/523 653/75/523
f 659/1/524 656/1/524 655/1/524
f 660/1/525 654/1/525 656/1/525
f 669/71/526 659/247/526 657/73/526
f 671/1/527 660/1/527 659/1/527
f 672/1/528 658/1/528 660/1/528
f 670/1/529 664/1/529 662/1/529
f 672/1/530 663/1/530 664/1/530
f 671/248/531 661/69/531 663/249/531
f 665/67/532 663/249/532 661/69/532
f 667/1/533 664/1/533 663/1/533
f 668/1/534 662/1/534 664/1/534
f 721/65/535 667/250/535 665/67/535
f 723/1/536 668/1/536 667/1/536
f 724/1/537 666/1/537 668/1/537
f 678/1/538 724/1/538 680/1/538
f 680/1/539 723/1/539 679/1/539
f 679/251/540 721/65/540 677/63/540
f 677/63/541 683/252/541 679/251/541
f 679/1/542 684/1/542 680/1/542
f 680/1/543 682/1/543 678/1/543
f 681/61/544 695/253/544 683/252/544
f 683/1/545 696/1/545 684/1/545
f 684/1/546 694/1/546 682/1/546
f 686/1/547 696/1/547 688/1/547
f 688/1/548 695/1/548 687/1/548
f 687/254/549 693/59/549 685/57/549
f 685/57/550 691/255/550 687/254/550
f 687/1/551 692/1/551 688/1/551
f 688/1/552 690/1/552 686/1/552
f 689/55/553 719/256/553 691/255/553
f 691/1/554 720/1/554 692/1/554
f 692/1/555 718/1/555 690/1/555
f 698/1/556 720/1/556 700/1/556
f 700/1/557 719/1/557 699/1/557
f 699/257/558 717/53/558 697/51/558
f 697/51/559 703/258/559 699/257/559
f 699/1/560 704/1/560 700/1/560
f 700/1/561 702/1/561 698/1/561
f 701/49/562 715/259/562 703/258/562
f 703/1/563 716/1/563 704/1/563
f 704/1/564 714/1/564 702/1/564
f 706/1/565 716/1/565 708/1/565
f 708/1/566 715/1/566 707/1/566
f 707/260/567 713/47/567 705/45/567
f 705/45/568 711/261/568 707/260/568
f 707/1/569 712/1/569 708/1/569
f 708/1/570 710/1/570 706/1/570
f 709/42/571 835/262/571 711/261/571
f 711/1/572 836/1/572 712/1/572
f 712/1/573 834/1/573 710/1/573
f 830/1/574 836/1/574 832/1/574
f 832/1/575 835/1/575 831/1/575
f 831/263/576 833/44/576 829/36/576
f 829/36/577 867/264/577 831/263/577
f 831/1/578 868/1/578 832/1/578
f 832/1/579 866/1/579 830/1/579
f 842/1/580 868/1/580 844/1/580
f 844/1/581 867/1/581 843/1/581
f 843/265/582 865/38/582 841/30/582
f 841/30/583 859/266/583 843/265/583
f 843/1/584 860/1/584 844/1/584
f 844/1/585 858/1/585 842/1/585
f 850/1/586 860/1/586 852/1/586
f 852/1/587 859/1/587 851/1/587
f 851/267/588 857/32/588 849/24/588
f 849/24/589 915/268/589 851/267/589
f 851/1/590 916/1/590 852/1/590
f 852/1/591 914/1/591 850/1/591
f 882/1/592 916/1/592 884/1/592
f 884/1/593 915/1/593 883/1/593
f 883/269/594 913/26/594 881/185/594
f 874/1/595 884/1/595 876/1/595
f 876/1/596 883/1/596 875/1/596
f 875/270/597 881/185/597 873/16/597
f 873/16/598 919/271/598 875/270/598
f 875/1/599 920/1/599 876/1/599
f 876/1/600 918/1/600 874/1/600
f 890/1/601 920/1/601 892/1/601
f 892/1/602 919/1/602 891/1/602
f 891/272/603 917/18/603 889/10/603
f 889/10/604 903/273/604 891/272/604
f 891/1/605 904/1/605 892/1/605
f 892/1/606 902/1/606 890/1/606
f 898/1/607 904/1/607 900/1/607
f 900/1/608 903/1/608 899/1/608
f 899/274/609 901/12/609 897/192/609
f 905/7/610 899/275/610 897/5/610
f 907/1/611 900/1/611 899/1/611
f 908/1/612 898/1/612 900/1/612
f 906/1/613 896/1/613 894/1/613
f 908/1/614 895/1/614 896/1/614
f 907/276/615 893/9/615 895/277/615
f 909/13/616 895/277/616 893/9/616
f 911/1/617 896/1/617 895/1/617
f 912/1/618 894/1/618 896/1/618
f 910/1/619 880/1/619 878/1/619
f 912/1/620 879/1/620 880/1/620
f 911/278/621 877/15/621 879/279/621
f 885/19/622 879/279/622 877/15/622
f 887/1/623 880/1/623 879/1/623
f 888/1/624 878/1/624 880/1/624
f 921/21/625 887/280/625 885/19/625
f 923/1/626 888/1/626 887/1/626
f 924/1/627 886/1/627 888/1/627
f 922/1/628 856/1/628 854/1/628
f 924/1/629 855/1/629 856/1/629
f 923/281/630 853/23/630 855/282/630
f 861/27/631 855/282/631 853/23/631
f 863/1/632 856/1/632 855/1/632
f 864/1/633 854/1/633 856/1/633
f 862/1/634 848/1/634 846/1/634
f 864/1/635 847/1/635 848/1/635
f 863/283/636 845/29/636 847/284/636
f 869/33/637 847/284/637 845/29/637
f 871/1/638 848/1/638 847/1/638
f 872/1/639 846/1/639 848/1/639
f 870/1/640 840/1/640 838/1/640
f 872/1/641 839/1/641 840/1/641
f 871/285/642 837/35/642 839/286/642
f 838/1/643 828/1/643 826/1/643
f 840/1/644 827/1/644 828/1/644
f 839/286/645 825/177/645 827/287/645
f 925/174/646 827/287/646 825/177/646
f 927/1/647 828/1/647 827/1/647
f 928/1/648 826/1/648 828/1/648
f 926/1/649 808/1/649 806/1/649
f 928/1/650 807/1/650 808/1/650
f 927/288/651 805/173/651 807/289/651
f 810/179/652 807/289/652 805/173/652
f 812/1/653 808/1/653 807/1/653
f 811/1/654 806/1/654 808/1/654
f 50/1/655 47/1/655 45/1/655
f 52/1/656 48/1/656 47/1/656
f 51/1/657 46/1/657 48/1/657
f 1110/1/658 1115/1/658 1112/1/658
f 1112/1/659 1116/1/659 1111/1/659
f 1111/290/660 1114/92/660 1109/95/660
f 430/1/661 435/1/661 432/1/661
f 432/1/662 436/1/662 431/1/662
f 431/1/663 434/1/663 429/1/663
f 433/1/664 439/1/664 435/1/664
f 435/1/665 440/1/665 436/1/665
f 436/1/666 438/1/666 434/1/666
f 437/1/667 443/1/667 439/1/667
f 439/1/668 444/1/668 440/1/668
f 440/1/669 442/1/669 438/1/669
f 441/1/670 447/1/670 443/1/670
f 443/1/671 448/1/671 444/1/671
f 444/1/672 446/1/672 442/1/672
f 445/1/673 451/1/673 447/1/673
f 447/1/674 452/1/674 448/1/674
f 448/1/675 450/1/675 446/1/675
f 449/1/676 455/1/676 451/1/676
f 451/1/677 456/1/677 452/1/677
f 452/1/678 454/1/678 450/1/678
f 453/1/679 459/1/679 455/1/679
f 455/1/680 460/1/680 456/1/680
f 456/1/681 458/1/681 454/1/681
f 457/1/682 463/1/682 459/1/682
f 459/1/683 464/1/683 460/1/683
f 460/1/684 462/1/684 458/1/684
f 461/1/685 467/1/685 463/1/685
f 463/1/686 468/1/686 464/1/686
f 464/1/687 466/1/687 462/1/687
f 465/1/688 471/1/688 467/1/688
f 467/1/689 472/1/689 468/1/689
f 468/1/690 470/1/690 466/1/690
f 473/1/691 471/1/691 469/1/691
f 475/1/692 472/1/692 471/1/692
f 476/1/693 470/1/693 472/1/693
f 477/1/694 475/1/694 473/1/694
f 479/1/695 476/1/695 475/1/695
f 476/1/696 478/1/696 474/1/696
f 477/1/697 483/1/697 479/1/697
f 479/1/698 484/1/698 480/1/698
f 480/1/699 482/1/699 478/1/699
f 485/1/700 483/1/700 481/1/700
f 487/1/701 484/1/701 483/1/701
f 488/1/702 482/1/702 484/1/702
f 489/1/703 487/1/703 485/1/703
f 491/1/704 488/1/704 487/1/704
f 492/1/705 486/1/705 488/1/705
f 493/1/706 491/1/706 489/1/706
f 495/1/707 492/1/707 491/1/707
f 496/1/708 490/1/708 492/1/708
f 1197/52/709 1196/291/709 1194/50/709
f 1199/1/710 1195/1/710 1196/1/710
f 1200/1/711 1193/1/711 1195/1/711
f 1198/1/712 1184/1/712 1182/1/712
f 1200/1/713 1183/1/713 1184/1/713
f 1199/292/714 1181/54/714 1183/293/714
f 1185/56/715 1183/293/715 1181/54/715
f 1187/1/716 1184/1/716 1183/1/716
f 1188/1/717 1182/1/717 1184/1/717
f 1186/1/718 1180/1/718 1178/1/718
f 1188/1/719 1179/1/719 1180/1/719
f 1187/294/720 1177/58/720 1179/295/720
f 1201/60/721 1179/295/721 1177/58/721
f 1203/1/722 1180/1/722 1179/1/722
f 1204/1/723 1178/1/723 1180/1/723
f 1202/1/724 1168/1/724 1166/1/724
f 1204/1/725 1167/1/725 1168/1/725
f 1203/296/726 1165/62/726 1167/297/726
f 1169/64/727 1167/297/727 1165/62/727
f 1171/1/728 1168/1/728 1167/1/728
f 1172/1/729 1166/1/729 1168/1/729
f 1173/66/730 1171/298/730 1169/64/730
f 1175/1/731 1172/1/731 1171/1/731
f 1176/1/732 1170/1/732 1172/1/732
f 1174/1/733 1160/1/733 1158/1/733
f 1176/1/734 1159/1/734 1160/1/734
f 1175/299/735 1157/68/735 1159/300/735
f 1157/68/736 1163/301/736 1159/300/736
f 1159/1/737 1164/1/737 1160/1/737
f 1160/1/738 1162/1/738 1158/1/738
f 1161/70/739 1207/302/739 1163/301/739
f 1163/1/740 1208/1/740 1164/1/740
f 1164/1/741 1206/1/741 1162/1/741
f 1146/1/742 1208/1/742 1148/1/742
f 1148/1/743 1207/1/743 1147/1/743
f 1147/303/744 1205/72/744 1145/74/744
f 1145/74/745 1151/304/745 1147/303/745
f 1147/1/746 1152/1/746 1148/1/746
f 1148/1/747 1150/1/747 1146/1/747
f 1142/1/748 1152/1/748 1144/1/748
f 1144/1/749 1151/1/749 1143/1/749
f 1143/305/750 1149/76/750 1141/78/750
f 1141/78/751 1155/306/751 1143/305/751
f 1143/1/752 1156/1/752 1144/1/752
f 1144/1/753 1154/1/753 1142/1/753
f 1138/1/754 1156/1/754 1140/1/754
f 1140/1/755 1155/1/755 1139/1/755
f 1139/307/756 1153/80/756 1137/82/756
f 1134/1/757 1140/1/757 1136/1/757
f 1136/1/758 1139/1/758 1135/1/758
f 1135/308/759 1137/82/759 1133/84/759
f 1126/1/760 1136/1/760 1128/1/760
f 1128/1/761 1135/1/761 1127/1/761
f 1127/309/762 1133/84/762 1125/86/762
f 1118/1/763 1128/1/763 1120/1/763
f 1120/1/764 1127/1/764 1119/1/764
f 1119/310/765 1125/86/765 1117/88/765
f 1117/88/766 1123/311/766 1119/310/766
f 1119/1/767 1124/1/767 1120/1/767
f 1120/1/768 1122/1/768 1118/1/768
f 1121/97/769 1131/312/769 1123/311/769
f 1123/1/770 1132/1/770 1124/1/770
f 1124/1/771 1130/1/771 1122/1/771
f 1113/1/772 1132/1/772 1115/1/772
f 1115/1/773 1131/1/773 1116/1/773
f 1116/313/774 1129/314/774 1114/92/774
f 1194/50/775 1192/315/775 1190/48/775
f 1196/1/776 1191/1/776 1192/1/776
f 1195/1/777 1189/1/777 1191/1/777
f 497/1/778 495/1/778 493/1/778
f 499/1/779 496/1/779 495/1/779
f 500/1/780 494/1/780 496/1/780
f 501/1/781 499/1/781 497/1/781
f 503/1/782 500/1/782 499/1/782
f 504/1/783 498/1/783 500/1/783
f 505/1/784 503/1/784 501/1/784
f 507/1/785 504/1/785 503/1/785
f 508/1/786 502/1/786 504/1/786
f 509/1/787 507/1/787 505/1/787
f 511/1/788 508/1/788 507/1/788
f 512/1/789 506/1/789 508/1/789
f 513/1/790 511/1/790 509/1/790
f 515/1/791 512/1/791 511/1/791
f 516/1/792 510/1/792 512/1/792
f 517/1/793 515/1/793 513/1/793
f 519/1/794 516/1/794 515/1/794
f 520/1/795 514/1/795 516/1/795
f 521/1/796 519/1/796 517/1/796
f 523/1/797 520/1/797 519/1/797
f 524/1/798 518/1/798 520/1/798
f 525/1/799 523/1/799 521/1/799
f 527/1/800 524/1/800 523/1/800
f 528/1/801 522/1/801 524/1/801
f 529/1/802 527/1/802 525/1/802
f 531/1/803 528/1/803 527/1/803
f 532/1/804 526/1/804 528/1/804
f 533/1/805 531/1/805 529/1/805
f 535/1/806 532/1/806 531/1/806
f 536/1/807 530/1/807 532/1/807
f 537/1/808 535/1/808 533/1/808
f 539/1/809 536/1/809 535/1/809
f 540/1/810 534/1/810 536/1/810
f 541/1/811 539/1/811 537/1/811
f 543/1/812 540/1/812 539/1/812
f 544/1/813 538/1/813 540/1/813
f 542/1/814 276/1/814 274/1/814
f 544/1/815 275/1/815 276/1/815
f 543/1/816 273/1/816 275/1/816
f 273/1/817 279/1/817 275/1/817
f 275/1/818 280/1/818 276/1/818
f 276/1/819 278/1/819 274/1/819
f 277/1/820 283/1/820 279/1/820
f 279/1/821 284/1/821 280/1/821
f 280/1/822 282/1/822 278/1/822
f 281/1/823 287/1/823 283/1/823
f 283/1/824 288/1/824 284/1/824
f 284/1/825 286/1/825 282/1/825
f 285/1/826 291/1/826 287/1/826
f 287/1/827 292/1/827 288/1/827
f 288/1/828 290/1/828 286/1/828
f 289/1/829 295/1/829 291/1/829
f 291/1/830 296/1/830 292/1/830
f 292/1/831 294/1/831 290/1/831
f 293/1/832 299/1/832 295/1/832
f 295/1/833 300/1/833 296/1/833
f 296/1/834 298/1/834 294/1/834
f 297/1/835 303/1/835 299/1/835
f 299/1/836 304/1/836 300/1/836
f 300/1/837 302/1/837 298/1/837
f 301/1/838 307/1/838 303/1/838
f 303/1/839 308/1/839 304/1/839
f 304/1/840 306/1/840 302/1/840
f 305/1/841 311/1/841 307/1/841
f 307/1/842 312/1/842 308/1/842
f 308/1/843 310/1/843 306/1/843
f 309/1/844 315/1/844 311/1/844
f 311/1/845 316/1/845 312/1/845
f 312/1/846 314/1/846 310/1/846
f 313/1/847 319/1/847 315/1/847
f 315/1/848 320/1/848 316/1/848
f 316/1/849 318/1/849 314/1/849
f 317/1/850 323/1/850 319/1/850
f 319/1/851 324/1/851 320/1/851
f 320/1/852 322/1/852 318/1/852
f 321/1/853 327/1/853 323/1/853
f 323/1/854 328/1/854 324/1/854
f 324/1/855 326/1/855 322/1/855
f 325/1/856 331/1/856 327/1/856
f 327/1/857 332/1/857 328/1/857
f 328/1/858 330/1/858 326/1/858
f 329/1/859 335/1/859 331/1/859
f 331/1/860 336/1/860 332/1/860
f 332/1/861 334/1/861 330/1/861
f 337/1/862 335/1/862 333/1/862
f 339/1/863 336/1/863 335/1/863
f 340/1/864 334/1/864 336/1/864
f 341/1/865 339/1/865 337/1/865
f 343/1/866 340/1/866 339/1/866
f 344/1/867 338/1/867 340/1/867
f 341/1/868 347/1/868 343/1/868
f 343/1/869 348/1/869 344/1/869
f 344/1/870 346/1/870 342/1/870
f 349/1/871 347/1/871 345/1/871
f 351/1/872 348/1/872 347/1/872
f 352/1/873 346/1/873 348/1/873
f 353/1/874 351/1/874 349/1/874
f 355/1/875 352/1/875 351/1/875
f 356/1/876 350/1/876 352/1/876
f 357/1/877 355/1/877 353/1/877
f 359/1/878 356/1/878 355/1/878
f 360/1/879 354/1/879 356/1/879
f 361/1/880 359/1/880 357/1/880
f 363/1/881 360/1/881 359/1/881
f 364/1/882 358/1/882 360/1/882
f 365/1/883 363/1/883 361/1/883
f 367/1/884 364/1/884 363/1/884
f 368/1/885 362/1/885 364/1/885
f 369/1/886 367/1/886 365/1/886
f 371/1/887 368/1/887 367/1/887
f 372/1/888 366/1/888 368/1/888
f 373/1/889 371/1/889 369/1/889
f 375/1/890 372/1/890 371/1/890
f 376/1/891 370/1/891 372/1/891
f 377/1/892 375/1/892 373/1/892
f 379/1/893 376/1/893 375/1/893
f 380/1/894 374/1/894 376/1/894
f 381/1/895 379/1/895 377/1/895
f 383/1/896 380/1/896 379/1/896
f 384/1/897 378/1/897 380/1/897
f 385/1/898 383/1/898 381/1/898
f 387/1/899 384/1/899 383/1/899
f 388/1/900 382/1/900 384/1/900
f 389/1/901 387/1/901 385/1/901
f 391/1/902 388/1/902 387/1/902
f 392/1/903 386/1/903 388/1/903
f 393/1/904 391/1/904 389/1/904
f 395/1/905 392/1/905 391/1/905
f 396/1/906 390/1/906 392/1/906
f 397/1/907 395/1/907 393/1/907
f 399/1/908 396/1/908 395/1/908
f 400/1/909 394/1/909 396/1/909
f 401/1/910 399/1/910 397/1/910
f 403/1/911 400/1/911 399/1/911
f 404/1/912 398/1/912 400/1/912
f 405/1/913 403/1/913 401/1/913
f 407/1/914 404/1/914 403/1/914
f 408/1/915 402/1/915 404/1/915
f 405/1/916 411/1/916 407/1/916
f 411/1/917 408/1/917 407/1/917
f 412/1/918 406/1/918 408/1/918
f 409/1/919 415/1/919 411/1/919
f 411/1/920 416/1/920 412/1/920
f 412/1/921 414/1/921 410/1/921
f 413/1/922 419/1/922 415/1/922
f 415/1/923 420/1/923 416/1/923
f 416/1/924 418/1/924 414/1/924
f 417/1/925 423/1/925 419/1/925
f 419/1/926 424/1/926 420/1/926
f 420/1/927 422/1/927 418/1/927
f 425/1/928 423/1/928 421/1/928
f 427/1/929 424/1/929 423/1/929
f 428/1/930 422/1/930 424/1/930
f 425/1/931 432/1/931 427/1/931
f 427/1/932 431/1/932 428/1/932
f 428/1/933 429/1/933 426/1/933
f 1006/1/934 1112/1/934 1008/1/934
f 1008/1/935 1111/1/935 1007/1/935
f 1007/316/936 1109/95/936 1005/129/936
f 978/1/937 1008/1/937 980/1/937
f 980/1/938 1007/1/938 979/1/938
f 979/317/939 1005/129/939 977/89/939
f 977/89/940 983/318/940 979/317/940
f 979/1/941 984/1/941 980/1/941
f 980/1/942 982/1/942 978/1/942
f 981/126/943 1015/319/943 983/318/943
f 983/1/944 1016/1/944 984/1/944
f 984/1/945 1014/1/945 982/1/945
f 954/1/946 1016/1/946 956/1/946
f 956/1/947 1015/1/947 955/1/947
f 955/320/948 1013/124/948 953/122/948
f 953/122/949 959/321/949 955/320/949
f 955/1/950 960/1/950 956/1/950
f 956/1/951 958/1/951 954/1/951
f 957/120/952 967/322/952 959/321/952
f 959/1/953 968/1/953 960/1/953
f 960/1/954 966/1/954 958/1/954
f 938/1/955 968/1/955 940/1/955
f 940/1/956 967/1/956 939/1/956
f 939/323/957 965/118/957 937/111/957
f 930/1/958 940/1/958 932/1/958
f 932/1/959 939/1/959 931/1/959
f 931/324/960 937/111/960 929/114/960
f 929/114/961 935/325/961 931/324/961
f 931/1/962 936/1/962 932/1/962
f 932/1/963 934/1/963 930/1/963
f 941/2/964 935/325/964 933/116/964
f 943/1/965 936/1/965 935/1/965
f 944/1/966 934/1/966 936/1/966
f 945/109/967 943/326/967 941/2/967
f 947/1/968 944/1/968 943/1/968
f 948/1/969 942/1/969 944/1/969
f 949/117/970 947/327/970 945/109/970
f 951/1/971 948/1/971 947/1/971
f 952/1/972 946/1/972 948/1/972
f 961/107/973 951/328/973 949/117/973
f 963/1/974 952/1/974 951/1/974
f 964/1/975 950/1/975 952/1/975
f 969/105/976 963/329/976 961/107/976
f 971/1/977 964/1/977 963/1/977
f 972/1/978 962/1/978 964/1/978
f 973/103/979 971/330/979 969/105/979
f 975/1/980 972/1/980 971/1/980
f 976/1/981 970/1/981 972/1/981
f 985/101/982 975/331/982 973/103/982
f 987/1/983 976/1/983 975/1/983
f 988/1/984 974/1/984 976/1/984
f 1009/98/985 987/332/985 985/101/985
f 1011/1/986 988/1/986 987/1/986
f 1012/1/987 986/1/987 988/1/987
f 1010/1/988 992/1/988 990/1/988
f 1012/1/989 991/1/989 992/1/989
f 1011/333/990 989/130/990 991/334/990
f 1001/127/991 991/334/991 989/130/991
f 1003/1/992 992/1/992 991/1/992
f 1004/1/993 990/1/993 992/1/993
f 1002/1/994 1000/1/994 998/1/994
f 1004/1/995 999/1/995 1000/1/995
f 1003/335/996 997/39/996 999/336/996
f 998/1/997 996/1/997 994/1/997
f 1000/1/998 995/1/998 996/1/998
f 999/336/999 993/131/999 995/337/999
f 1105/138/1000 995/337/1000 993/131/1000
f 1107/1/1001 996/1/1001 995/1/1001
f 1108/1/1002 994/1/1002 996/1/1002
f 1106/1/1003 1024/1/1003 1022/1/1003
f 1108/1/1004 1023/1/1004 1024/1/1004
f 1107/338/1005 1021/140/1005 1023/339/1005
f 1022/1/1006 1020/1/1006 1018/1/1006
f 1024/1/1007 1019/1/1007 1020/1/1007
f 1023/339/1008 1017/133/1008 1019/340/1008
f 1033/136/1009 1019/340/1009 1017/133/1009
f 1035/1/1010 1020/1/1010 1019/1/1010
f 1036/1/1011 1018/1/1011 1020/1/1011
f 1034/1/1012 1032/1/1012 1030/1/1012
f 1036/1/1013 1031/1/1013 1032/1/1013
f 1035/341/1014 1029/141/1014 1031/342/1014
f 1030/1/1015 1028/1/1015 1026/1/1015
f 1032/1/1016 1027/1/1016 1028/1/1016
f 1031/342/1017 1025/143/1017 1027/343/1017
f 1057/151/1018 1027/343/1018 1025/143/1018
f 1059/1/1019 1028/1/1019 1027/1/1019
f 1060/1/1020 1026/1/1020 1028/1/1020
f 1058/1/1021 1044/1/1021 1042/1/1021
f 1060/1/1022 1043/1/1022 1044/1/1022
f 1059/344/1023 1041/145/1023 1043/345/1023
f 1042/1/1024 1040/1/1024 1038/1/1024
f 1044/1/1025 1039/1/1025 1040/1/1025
f 1043/345/1026 1037/155/1026 1039/346/1026
f 1053/148/1027 1039/346/1027 1037/155/1027
f 1055/1/1028 1040/1/1028 1039/1/1028
f 1056/1/1029 1038/1/1029 1040/1/1029
f 1054/1/1030 1052/1/1030 1050/1/1030
f 1056/1/1031 1051/1/1031 1052/1/1031
f 1055/347/1032 1049/159/1032 1051/348/1032
f 1050/1/1033 1048/1/1033 1046/1/1033
f 1052/1/1034 1047/1/1034 1048/1/1034
f 1051/348/1035 1045/161/1035 1047/349/1035
f 1045/161/1036 1103/350/1036 1047/349/1036
f 1047/1/1037 1104/1/1037 1048/1/1037
f 1048/1/1038 1102/1/1038 1046/1/1038
f 1066/1/1039 1104/1/1039 1068/1/1039
f 1068/1/1040 1103/1/1040 1067/1/1040
f 1067/351/1041 1101/152/1041 1065/165/1041
f 1062/1/1042 1068/1/1042 1064/1/1042
f 1064/1/1043 1067/1/1043 1063/1/1043
f 1063/352/1044 1065/165/1044 1061/167/1044
f 1061/167/1045 1079/353/1045 1063/352/1045
f 1063/1/1046 1080/1/1046 1064/1/1046
f 1064/1/1047 1078/1/1047 1062/1/1047
f 1074/1/1048 1080/1/1048 1076/1/1048
f 1076/1/1049 1079/1/1049 1075/1/1049
f 1075/354/1050 1077/156/1050 1073/171/1050
f 1070/1/1051 1076/1/1051 1072/1/1051
f 1072/1/1052 1075/1/1052 1071/1/1052
f 1071/355/1053 1073/171/1053 1069/162/1053
f 1069/162/1054 1099/356/1054 1071/355/1054
f 1071/1/1055 1100/1/1055 1072/1/1055
f 1072/1/1056 1098/1/1056 1070/1/1056
f 1086/1/1057 1100/1/1057 1088/1/1057
f 1088/1/1058 1099/1/1058 1087/1/1058
f 1087/357/1059 1097/175/1059 1085/168/1059
f 1082/1/1060 1088/1/1060 1084/1/1060
f 1084/1/1061 1087/1/1061 1083/1/1061
f 1083/358/1062 1085/168/1062 1081/178/1062
f 1081/178/1063 1095/359/1063 1083/358/1063
f 1083/1/1064 1096/1/1064 1084/1/1064
f 1084/1/1065 1094/1/1065 1082/1/1065
f 1090/1/1066 1096/1/1066 1092/1/1066
f 1092/1/1067 1095/1/1067 1091/1/1067
f 1091/360/1068 1093/180/1068 1089/172/1068
f 1089/172/1069 1215/361/1069 1091/360/1069
f 1091/1/1070 1216/1/1070 1092/1/1070
f 1092/1/1071 1214/1/1071 1090/1/1071
f 1213/176/1072 1227/362/1072 1215/361/1072
f 1215/1/1073 1228/1/1073 1216/1/1073
f 1216/1/1074 1226/1/1074 1214/1/1074
f 1225/34/1075 1255/363/1075 1227/362/1075
f 1227/1/1076 1256/1/1076 1228/1/1076
f 1228/1/1077 1254/1/1077 1226/1/1077
f 1230/1/1078 1256/1/1078 1232/1/1078
f 1232/1/1079 1255/1/1079 1231/1/1079
f 1231/364/1080 1253/184/1080 1229/28/1080
f 1229/28/1081 1247/365/1081 1231/364/1081
f 1231/1/1082 1248/1/1082 1232/1/1082
f 1232/1/1083 1246/1/1083 1230/1/1083
f 1238/1/1084 1248/1/1084 1240/1/1084
f 1240/1/1085 1247/1/1085 1239/1/1085
f 1239/366/1086 1245/187/1086 1237/22/1086
f 1237/22/1087 1307/367/1087 1239/366/1087
f 1239/1/1088 1308/1/1088 1240/1/1088
f 1240/1/1089 1306/1/1089 1238/1/1089
f 1270/1/1090 1308/1/1090 1272/1/1090
f 1272/1/1091 1307/1/1091 1271/1/1091
f 1271/368/1092 1305/20/1092 1269/190/1092
f 1262/1/1093 1272/1/1093 1264/1/1093
f 1264/1/1094 1271/1/1094 1263/1/1094
f 1263/369/1095 1269/190/1095 1261/14/1095
f 1261/14/1096 1295/370/1096 1263/369/1096
f 1263/1/1097 1296/1/1097 1264/1/1097
f 1264/1/1098 1294/1/1098 1262/1/1098
f 1278/1/1099 1296/1/1099 1280/1/1099
f 1280/1/1100 1295/1/1100 1279/1/1100
f 1279/371/1101 1293/193/1101 1277/8/1101
f 1277/8/1102 1291/372/1102 1279/371/1102
f 1279/1/1103 1292/1/1103 1280/1/1103
f 1280/1/1104 1290/1/1104 1278/1/1104
f 1282/1/1105 1292/1/1105 1284/1/1105
f 1284/1/1106 1291/1/1106 1283/1/1106
f 1283/373/1107 1289/6/1107 1281/374/1107
f 1285/11/1108 1283/375/1108 1281/191/1108
f 1287/1/1109 1284/1/1109 1283/1/1109
f 1288/1/1110 1282/1/1110 1284/1/1110
f 1286/1/1111 1276/1/1111 1274/1/1111
f 1288/1/1112 1275/1/1112 1276/1/1112
f 1287/376/1113 1273/188/1113 1275/377/1113
f 1301/17/1114 1275/377/1114 1273/188/1114
f 1303/1/1115 1276/1/1115 1275/1/1115
f 1304/1/1116 1274/1/1116 1276/1/1116
f 1302/1/1117 1260/1/1117 1258/1/1117
f 1304/1/1118 1259/1/1118 1260/1/1118
f 1303/378/1119 1257/186/1119 1259/379/1119
f 1265/189/1120 1259/379/1120 1257/186/1120
f 1267/1/1121 1260/1/1121 1259/1/1121
f 1268/1/1122 1258/1/1122 1260/1/1122
f 1297/25/1123 1267/380/1123 1265/189/1123
f 1299/1/1124 1268/1/1124 1267/1/1124
f 1300/1/1125 1266/1/1125 1268/1/1125
f 1298/1/1126 1236/1/1126 1234/1/1126
f 1300/1/1127 1235/1/1127 1236/1/1127
f 1299/381/1128 1233/183/1128 1235/382/1128
f 1241/31/1129 1235/382/1129 1233/183/1129
f 1243/1/1130 1236/1/1130 1235/1/1130
f 1244/1/1131 1234/1/1131 1236/1/1131
f 1249/182/1132 1243/383/1132 1241/31/1132
f 1251/1/1133 1244/1/1133 1243/1/1133
f 1252/1/1134 1242/1/1134 1244/1/1134
f 1250/1/1135 1220/1/1135 1218/1/1135
f 1252/1/1136 1219/1/1136 1220/1/1136
f 1251/384/1137 1217/37/1137 1219/385/1137
f 1221/181/1138 1219/385/1138 1217/37/1138
f 1223/1/1139 1220/1/1139 1219/1/1139
f 1224/1/1140 1218/1/1140 1220/1/1140
f 1222/1/1141 1212/1/1141 1210/1/1141
f 1224/1/1142 1211/1/1142 1212/1/1142
f 1223/386/1143 1209/43/1143 1211/387/1143
f 1309/46/1144 1211/387/1144 1209/43/1144
f 1311/1/1145 1212/1/1145 1211/1/1145
f 1312/1/1146 1210/1/1146 1212/1/1146
f 1310/1/1147 1191/1/1147 1189/1/1147
f 1312/1/1148 1192/1/1148 1191/1/1148
f 1311/388/1149 1190/48/1149 1192/315/1149
f 5/1/1150 273/1/1150 1/1/1150
f 57/1/1 329/1/1 325/1/1
f 1/1/2 273/1/2 541/1/2
f 941/2/3 933/116/3 545/3/3
f 1113/1/4 1110/1/4 429/1/4
f 429/1/4 434/1/4 438/1/4
f 438/1/4 442/1/4 446/1/4
f 446/1/4 450/1/4 454/1/4
f 454/1/4 458/1/4 462/1/4
f 462/1/4 466/1/4 470/1/4
f 470/1/4 474/1/4 478/1/4
f 478/1/4 482/1/4 486/1/4
f 486/1/4 490/1/4 494/1/4
f 494/1/4 1193/1/4 1198/1/4
f 494/1/4 1198/1/4 1182/1/4
f 478/1/4 486/1/4 494/1/4
f 462/1/4 470/1/4 478/1/4
f 446/1/4 454/1/4 462/1/4
f 429/1/4 438/1/4 446/1/4
f 1130/1/4 1113/1/4 429/1/4
f 1122/1/4 1130/1/4 429/1/4
f 429/1/4 446/1/4 462/1/4
f 462/1/4 478/1/4 494/1/4
f 494/1/4 1182/1/4 1186/1/4
f 494/1/4 1186/1/4 1178/1/4
f 429/1/4 462/1/4 494/1/4
f 1118/1/4 1122/1/4 429/1/4
f 1126/1/4 1118/1/4 429/1/4
f 494/1/4 1178/1/4 1202/1/4
f 494/1/4 1202/1/4 1166/1/4
f 1134/1/4 1126/1/4 429/1/4
f 1138/1/4 1134/1/4 429/1/4
f 494/1/4 1166/1/4 1170/1/4
f 494/1/4 1170/1/4 1174/1/4
f 1138/1/4 429/1/4 494/1/4
f 1154/1/4 1138/1/4 494/1/4
f 494/1/4 1174/1/4 1158/1/4
f 494/1/4 1158/1/4 1162/1/4
f 1142/1/4 1154/1/4 494/1/4
f 1150/1/4 1142/1/4 494/1/4
f 494/1/4 1162/1/4 1206/1/4
f 1146/1/4 1150/1/4 494/1/4
f 45/1/5 42/1/5 38/1/5
f 38/1/5 34/1/5 30/1/5
f 30/1/5 26/1/5 22/1/5
f 22/1/5 18/1/5 14/1/5
f 14/1/5 10/1/5 6/1/5
f 6/1/5 2/1/5 270/1/5
f 270/1/5 266/1/5 262/1/5
f 262/1/5 258/1/5 254/1/5
f 254/1/5 250/1/5 246/1/5
f 246/1/5 242/1/5 238/1/5
f 238/1/5 234/1/5 230/1/5
f 230/1/5 226/1/5 222/1/5
f 222/1/5 218/1/5 214/1/5
f 214/1/5 210/1/5 206/1/5
f 206/1/5 202/1/5 198/1/5
f 198/1/5 194/1/5 190/1/5
f 190/1/5 186/1/5 182/1/5
f 182/1/5 178/1/5 174/1/5
f 174/1/5 170/1/5 166/1/5
f 166/1/5 162/1/5 158/1/5
f 158/1/5 154/1/5 150/1/5
f 150/1/5 146/1/5 142/1/5
f 142/1/5 138/1/5 134/1/5
f 134/1/5 130/1/5 126/1/5
f 126/1/5 122/1/5 118/1/5
f 118/1/5 113/1/5 726/1/5
f 118/1/5 726/1/5 606/1/5
f 134/1/5 126/1/5 118/1/5
f 150/1/5 142/1/5 134/1/5
f 166/1/5 158/1/5 150/1/5
f 182/1/5 174/1/5 166/1/5
f 198/1/5 190/1/5 182/1/5
f 214/1/5 206/1/5 198/1/5
f 230/1/5 222/1/5 214/1/5
f 246/1/5 238/1/5 230/1/5
f 262/1/5 254/1/5 246/1/5
f 6/1/5 270/1/5 262/1/5
f 22/1/5 14/1/5 6/1/5
f 38/1/5 30/1/5 22/1/5
f 50/1/5 45/1/5 38/1/5
f 806/1/5 809/1/5 50/1/5
f 926/1/5 806/1/5 50/1/5
f 50/1/5 38/1/5 22/1/5
f 22/1/5 6/1/5 262/1/5
f 262/1/5 246/1/5 230/1/5
f 230/1/5 214/1/5 198/1/5
f 198/1/5 182/1/5 166/1/5
f 166/1/5 150/1/5 134/1/5
f 134/1/5 118/1/5 606/1/5
f 134/1/5 606/1/5 626/1/5
f 198/1/5 166/1/5 134/1/5
f 262/1/5 230/1/5 198/1/5
f 50/1/5 22/1/5 262/1/5
f 826/1/5 926/1/5 50/1/5
f 838/1/5 826/1/5 50/1/5
f 134/1/5 626/1/5 602/1/5
f 134/1/5 602/1/5 594/1/5
f 870/1/5 838/1/5 50/1/5
f 846/1/5 870/1/5 50/1/5
f 134/1/5 594/1/5 586/1/5
f 134/1/5 586/1/5 578/1/5
f 862/1/5 846/1/5 50/1/5
f 854/1/5 862/1/5 50/1/5
f 134/1/5 578/1/5 570/1/5
f 134/1/5 570/1/5 562/1/5
f 854/1/5 50/1/5 262/1/5
f 922/1/5 854/1/5 262/1/5
f 134/1/5 562/1/5 558/1/5
f 134/1/5 558/1/5 546/1/5
f 886/1/5 922/1/5 262/1/5
f 878/1/5 886/1/5 262/1/5
f 134/1/5 546/1/5 554/1/5
f 134/1/5 554/1/5 550/1/5
f 910/1/5 878/1/5 262/1/5
f 894/1/5 910/1/5 262/1/5
f 198/1/5 134/1/5 550/1/5
f 198/1/5 550/1/5 566/1/5
f 906/1/5 894/1/5 262/1/5
f 898/1/5 906/1/5 262/1/5
f 198/1/5 566/1/5 574/1/5
f 198/1/5 574/1/5 582/1/5
f 902/1/5 898/1/5 262/1/5
f 890/1/5 902/1/5 262/1/5
f 198/1/5 582/1/5 590/1/5
f 198/1/5 590/1/5 598/1/5
f 918/1/5 890/1/5 262/1/5
f 874/1/5 918/1/5 262/1/5
f 198/1/5 598/1/5 622/1/5
f 198/1/5 622/1/5 618/1/5
f 882/1/5 874/1/5 262/1/5
f 914/1/5 882/1/5 262/1/5
f 198/1/5 618/1/5 610/1/5
f 198/1/5 610/1/5 614/1/5
f 850/1/5 914/1/5 262/1/5
f 858/1/5 850/1/5 262/1/5
f 198/1/5 614/1/5 630/1/5
f 198/1/5 630/1/5 634/1/5
f 842/1/5 858/1/5 262/1/5
f 866/1/5 842/1/5 262/1/5
f 198/1/5 634/1/5 638/1/5
f 198/1/5 638/1/5 650/1/5
f 830/1/5 866/1/5 262/1/5
f 834/1/5 830/1/5 262/1/5
f 198/1/5 650/1/5 642/1/5
f 198/1/5 642/1/5 646/1/5
f 710/1/5 834/1/5 262/1/5
f 706/1/5 710/1/5 262/1/5
f 198/1/5 646/1/5 674/1/5
f 198/1/5 674/1/5 654/1/5
f 714/1/5 706/1/5 262/1/5
f 702/1/5 714/1/5 262/1/5
f 198/1/5 654/1/5 658/1/5
f 198/1/5 658/1/5 670/1/5
f 702/1/5 262/1/5 198/1/5
f 698/1/5 702/1/5 198/1/5
f 198/1/5 670/1/5 662/1/5
f 198/1/5 662/1/5 666/1/5
f 718/1/5 698/1/5 198/1/5
f 690/1/5 718/1/5 198/1/5
f 198/1/5 666/1/5 722/1/5
f 198/1/5 722/1/5 678/1/5
f 686/1/5 690/1/5 198/1/5
f 694/1/5 686/1/5 198/1/5
f 198/1/5 678/1/5 682/1/5
f 13/1/6 285/1/6 281/1/6
f 17/1/7 289/1/7 285/1/7
f 21/1/8 293/1/8 289/1/8
f 25/1/9 297/1/9 293/1/9
f 29/1/10 301/1/10 297/1/10
f 33/1/11 305/1/11 301/1/11
f 37/1/12 309/1/12 305/1/12
f 41/1/13 313/1/13 309/1/13
f 46/1/14 317/1/14 313/1/14
f 49/1/15 321/1/15 317/1/15
f 53/1/16 325/1/16 321/1/16
f 109/1/5 106/1/5 102/1/5
f 102/1/5 98/1/5 94/1/5
f 94/1/5 90/1/5 86/1/5
f 86/1/5 82/1/5 78/1/5
f 78/1/5 74/1/5 70/1/5
f 70/1/5 66/1/5 62/1/5
f 62/1/5 58/1/5 54/1/5
f 54/1/5 50/1/5 809/1/5
f 54/1/5 809/1/5 814/1/5
f 70/1/5 62/1/5 54/1/5
f 86/1/5 78/1/5 70/1/5
f 102/1/5 94/1/5 86/1/5
f 113/1/5 109/1/5 102/1/5
f 730/1/5 726/1/5 113/1/5
f 742/1/5 730/1/5 113/1/5
f 113/1/5 102/1/5 86/1/5
f 86/1/5 70/1/5 54/1/5
f 54/1/5 814/1/5 798/1/5
f 54/1/5 798/1/5 802/1/5
f 113/1/5 86/1/5 54/1/5
f 738/1/5 742/1/5 113/1/5
f 734/1/5 738/1/5 113/1/5
f 54/1/5 802/1/5 794/1/5
f 54/1/5 794/1/5 818/1/5
f 746/1/5 734/1/5 113/1/5
f 750/1/5 746/1/5 113/1/5
f 54/1/5 818/1/5 782/1/5
f 54/1/5 782/1/5 786/1/5
f 754/1/5 750/1/5 113/1/5
f 770/1/5 754/1/5 113/1/5
f 113/1/5 54/1/5 786/1/5
f 113/1/5 786/1/5 790/1/5
f 758/1/5 770/1/5 113/1/5
f 766/1/5 758/1/5 113/1/5
f 113/1/5 790/1/5 774/1/5
f 113/1/5 774/1/5 778/1/5
f 762/1/5 766/1/5 113/1/5
f 113/1/5 778/1/5 822/1/5
f 61/1/17 333/1/17 329/1/17
f 65/1/18 337/1/18 333/1/18
f 69/1/19 341/1/19 337/1/19
f 73/1/20 345/1/20 341/1/20
f 77/1/21 349/1/21 345/1/21
f 81/1/22 353/1/22 349/1/22
f 85/1/23 357/1/23 353/1/23
f 89/1/24 361/1/24 357/1/24
f 93/1/25 365/1/25 361/1/25
f 97/1/26 369/1/26 365/1/26
f 101/1/27 373/1/27 369/1/27
f 105/1/28 377/1/28 373/1/28
f 110/1/29 381/1/29 377/1/29
f 114/1/30 385/1/30 381/1/30
f 117/1/31 389/1/31 385/1/31
f 121/1/32 393/1/32 389/1/32
f 125/1/33 397/1/33 393/1/33
f 129/1/34 401/1/34 397/1/34
f 133/1/35 405/1/35 401/1/35
f 137/1/36 409/1/36 405/1/36
f 141/1/37 413/1/37 409/1/37
f 145/1/38 417/1/38 413/1/38
f 149/1/39 421/1/39 417/1/39
f 153/1/40 425/1/40 421/1/40
f 157/1/41 430/1/41 425/1/41
f 161/1/42 433/1/42 430/1/42
f 165/1/43 437/1/43 433/1/43
f 169/1/44 441/1/44 437/1/44
f 173/1/45 445/1/45 441/1/45
f 177/1/46 449/1/46 445/1/46
f 181/1/47 453/1/47 449/1/47
f 185/1/48 457/1/48 453/1/48
f 189/1/49 461/1/49 457/1/49
f 193/1/50 465/1/50 461/1/50
f 197/1/51 469/1/51 465/1/51
f 201/1/52 473/1/52 469/1/52
f 205/1/53 477/1/53 473/1/53
f 209/1/54 481/1/54 477/1/54
f 213/1/55 485/1/55 481/1/55
f 217/1/56 489/1/56 485/1/56
f 221/1/57 493/1/57 489/1/57
f 225/1/58 497/1/58 493/1/58
f 229/1/59 501/1/59 497/1/59
f 233/1/60 505/1/60 501/1/60
f 237/1/61 509/1/61 505/1/61
f 241/1/62 513/1/62 509/1/62
f 245/1/63 517/1/63 513/1/63
f 249/1/64 521/1/64 517/1/64
f 253/1/65 525/1/65 521/1/65
f 257/1/66 529/1/66 525/1/66
f 261/1/67 533/1/67 529/1/67
f 265/1/68 537/1/68 533/1/68
f 269/1/69 541/1/69 537/1/69
f 1189/1/4 1193/1/4 494/1/4
f 494/1/4 498/1/4 502/1/4
f 502/1/4 506/1/4 510/1/4
f 510/1/4 514/1/4 518/1/4
f 518/1/4 522/1/4 526/1/4
f 526/1/4 530/1/4 534/1/4
f 534/1/4 538/1/4 542/1/4
f 542/1/4 274/1/4 278/1/4
f 278/1/4 282/1/4 286/1/4
f 286/1/4 290/1/4 294/1/4
f 294/1/4 298/1/4 302/1/4
f 302/1/4 306/1/4 310/1/4
f 310/1/4 314/1/4 318/1/4
f 318/1/4 322/1/4 326/1/4
f 326/1/4 330/1/4 334/1/4
f 334/1/4 338/1/4 342/1/4
f 342/1/4 346/1/4 350/1/4
f 350/1/4 354/1/4 358/1/4
f 358/1/4 362/1/4 366/1/4
f 366/1/4 370/1/4 374/1/4
f 374/1/4 378/1/4 382/1/4
f 382/1/4 386/1/4 390/1/4
f 390/1/4 394/1/4 398/1/4
f 398/1/4 402/1/4 406/1/4
f 406/1/4 410/1/4 414/1/4
f 414/1/4 418/1/4 422/1/4
f 422/1/4 426/1/4 429/1/4
f 429/1/4 1110/1/4 1006/1/4
f 429/1/4 1006/1/4 978/1/4
f 414/1/4 422/1/4 429/1/4
f 398/1/4 406/1/4 414/1/4
f 382/1/4 390/1/4 398/1/4
f 366/1/4 374/1/4 382/1/4
f 350/1/4 358/1/4 366/1/4
f 334/1/4 342/1/4 350/1/4
f 318/1/4 326/1/4 334/1/4
f 302/1/4 310/1/4 318/1/4
f 286/1/4 294/1/4 302/1/4
f 542/1/4 278/1/4 286/1/4
f 526/1/4 534/1/4 542/1/4
f 510/1/4 518/1/4 526/1/4
f 494/1/4 502/1/4 510/1/4
f 1310/1/4 1189/1/4 494/1/4
f 1210/1/4 1310/1/4 494/1/4
f 494/1/4 510/1/4 526/1/4
f 526/1/4 542/1/4 286/1/4
f 286/1/4 302/1/4 318/1/4
f 318/1/4 334/1/4 350/1/4
f 350/1/4 366/1/4 382/1/4
f 382/1/4 398/1/4 414/1/4
f 414/1/4 429/1/4 978/1/4
f 414/1/4 978/1/4 982/1/4
f 350/1/4 382/1/4 414/1/4
f 286/1/4 318/1/4 350/1/4
f 494/1/4 526/1/4 286/1/4
f 1222/1/4 1210/1/4 494/1/4
f 1218/1/4 1222/1/4 494/1/4
f 414/1/4 982/1/4 1014/1/4
f 414/1/4 1014/1/4 954/1/4
f 1250/1/4 1218/1/4 494/1/4
f 1242/1/4 1250/1/4 494/1/4
f 414/1/4 954/1/4 958/1/4
f 414/1/4 958/1/4 966/1/4
f 1234/1/4 1242/1/4 494/1/4
f 1298/1/4 1234/1/4 494/1/4
f 414/1/4 966/1/4 938/1/4
f 414/1/4 938/1/4 930/1/4
f 1298/1/4 494/1/4 286/1/4
f 1266/1/4 1298/1/4 286/1/4
f 414/1/4 930/1/4 934/1/4
f 414/1/4 934/1/4 942/1/4
f 1258/1/4 1266/1/4 286/1/4
f 1302/1/4 1258/1/4 286/1/4
f 350/1/4 414/1/4 942/1/4
f 350/1/4 942/1/4 946/1/4
f 1274/1/4 1302/1/4 286/1/4
f 1286/1/4 1274/1/4 286/1/4
f 350/1/4 946/1/4 950/1/4
f 350/1/4 950/1/4 962/1/4
f 1282/1/4 1286/1/4 286/1/4
f 1290/1/4 1282/1/4 286/1/4
f 350/1/4 962/1/4 970/1/4
f 350/1/4 970/1/4 974/1/4
f 1278/1/4 1290/1/4 286/1/4
f 1294/1/4 1278/1/4 286/1/4
f 350/1/4 974/1/4 986/1/4
f 350/1/4 986/1/4 1010/1/4
f 1262/1/4 1294/1/4 286/1/4
f 1270/1/4 1262/1/4 286/1/4
f 350/1/4 1010/1/4 990/1/4
f 350/1/4 990/1/4 1002/1/4
f 1306/1/4 1270/1/4 286/1/4
f 1238/1/4 1306/1/4 286/1/4
f 350/1/4 1002/1/4 998/1/4
f 350/1/4 998/1/4 994/1/4
f 1246/1/4 1238/1/4 286/1/4
f 1230/1/4 1246/1/4 286/1/4
f 350/1/4 994/1/4 1106/1/4
f 350/1/4 1106/1/4 1022/1/4
f 1254/1/4 1230/1/4 286/1/4
f 1226/1/4 1254/1/4 286/1/4
f 350/1/4 1022/1/4 1018/1/4
f 350/1/4 1018/1/4 1034/1/4
f 1214/1/4 1226/1/4 286/1/4
f 1090/1/4 1214/1/4 286/1/4
f 350/1/4 1034/1/4 1030/1/4
f 350/1/4 1030/1/4 1026/1/4
f 1094/1/4 1090/1/4 286/1/4
f 1082/1/4 1094/1/4 286/1/4
f 350/1/4 1026/1/4 1058/1/4
f 350/1/4 1058/1/4 1042/1/4
f 1086/1/4 1082/1/4 286/1/4
f 1098/1/4 1086/1/4 286/1/4
f 350/1/4 1042/1/4 1038/1/4
f 350/1/4 1038/1/4 1054/1/4
f 1098/1/4 286/1/4 350/1/4
f 1070/1/4 1098/1/4 350/1/4
f 350/1/4 1054/1/4 1050/1/4
f 350/1/4 1050/1/4 1046/1/4
f 1074/1/4 1070/1/4 350/1/4
f 1078/1/4 1074/1/4 350/1/4
f 350/1/4 1046/1/4 1102/1/4
f 350/1/4 1102/1/4 1066/1/4
f 1062/1/4 1078/1/4 350/1/4
f 9/1/70 281/1/70 277/1/70
f 897/5/71 1281/374/71 1289/6/71
f 905/7/72 1289/6/72 1277/8/72
f 889/10/73 1273/188/73 1285/11/73
f 909/13/74 1293/193/74 1261/14/74
f 873/16/75 1257/186/75 1301/17/75
f 885/19/76 1269/190/76 1305/20/76
f 921/21/77 1305/20/77 1237/22/77
f 849/24/78 1233/183/78 1297/25/78
f 861/27/79 1245/187/79 1229/28/79
f 841/30/80 1249/182/80 1241/31/80
f 869/33/81 1253/184/81 1225/34/81
f 829/36/82 1221/181/82 1217/37/82
f 997/39/83 1001/127/83 725/40/83
f 709/42/84 1309/46/84 1209/43/84
f 705/45/85 1190/48/85 1309/46/85
f 713/47/86 1194/50/86 1190/48/86
f 701/49/87 1197/52/87 1194/50/87
f 697/51/88 1181/54/88 1197/52/88
f 717/53/89 1185/56/89 1181/54/89
f 689/55/90 1177/58/90 1185/56/90
f 685/57/91 1201/60/91 1177/58/91
f 693/59/92 1165/62/92 1201/60/92
f 681/61/93 1169/64/93 1165/62/93
f 677/63/94 1173/66/94 1169/64/94
f 721/65/95 1157/68/95 1173/66/95
f 665/67/96 1161/70/96 1157/68/96
f 661/69/97 1205/72/97 1161/70/97
f 669/71/98 1145/74/98 1205/72/98
f 657/73/99 1149/76/99 1145/74/99
f 653/75/100 1141/78/100 1149/76/100
f 673/77/101 1153/80/101 1141/78/101
f 645/79/102 1137/82/102 1153/80/102
f 641/81/103 1133/84/103 1137/82/103
f 649/83/104 1125/86/104 1133/84/104
f 637/85/105 1117/88/105 1125/86/105
f 633/87/106 1121/97/106 1117/88/106
f 977/89/107 1005/129/107 617/90/107
f 1114/92/108 1129/314/108 629/93/108
f 1109/95/109 1114/92/109 613/94/109
f 629/93/110 1129/314/110 1121/97/110
f 1009/98/111 985/101/111 601/99/111
f 985/101/112 973/103/112 593/102/112
f 973/103/113 969/105/113 585/104/113
f 969/105/114 961/107/114 577/106/114
f 961/107/115 949/117/115 569/108/115
f 945/109/116 941/2/116 557/4/116
f 937/111/117 965/118/117 565/112/117
f 929/114/118 937/111/118 549/113/118
f 933/116/119 929/114/119 553/115/119
f 949/117/120 945/109/120 561/110/120
f 965/118/121 957/120/121 573/119/121
f 957/120/122 953/122/122 581/121/122
f 953/122/123 1013/124/123 589/123/123
f 1013/124/124 981/126/124 597/125/124
f 981/126/125 977/89/125 621/91/125
f 1001/127/126 989/130/126 605/128/126
f 609/96/127 617/90/127 1005/129/127
f 989/130/128 1009/98/128 625/100/128
f 993/131/129 997/39/129 729/41/129
f 1017/133/130 1021/140/130 733/134/130
f 1033/136/131 1017/133/131 745/135/131
f 1105/138/132 993/131/132 741/132/132
f 1021/140/133 1105/138/133 737/139/133
f 1029/141/134 1033/136/134 749/137/134
f 1025/143/135 1029/141/135 753/142/135
f 1041/145/136 1057/151/136 757/146/136
f 1053/148/137 1037/155/137 761/149/137
f 1057/151/138 1025/143/138 769/144/138
f 1101/152/139 1045/161/139 773/153/139
f 1037/155/140 1041/145/140 765/147/140
f 1077/156/141 1061/167/141 781/157/141
f 1049/159/142 1053/148/142 821/150/142
f 1045/161/143 1049/159/143 777/160/143
f 1069/162/144 1073/171/144 793/163/144
f 1065/165/145 1101/152/145 789/154/145
f 1061/167/146 1065/165/146 785/166/146
f 1085/168/147 1097/175/147 797/169/147
f 1073/171/148 1077/156/148 817/158/148
f 1089/172/149 1093/180/149 805/173/149
f 1097/175/150 1069/162/150 801/164/150
f 837/35/151 1225/34/151 1213/176/151
f 1081/178/152 1085/168/152 813/170/152
f 1093/180/153 1081/178/153 810/179/153
f 833/44/154 1209/43/154 1221/181/154
f 1213/176/155 1089/172/155 925/174/155
f 865/38/156 1217/37/156 1249/182/156
f 857/32/157 1241/31/157 1233/183/157
f 845/29/158 1229/28/158 1253/184/158
f 881/185/159 1265/189/159 1257/186/159
f 853/23/160 1237/22/160 1245/187/160
f 917/18/161 1301/17/161 1273/188/161
f 913/26/162 1297/25/162 1265/189/162
f 877/15/163 1261/14/163 1269/190/163
f 901/12/164 1285/11/164 1281/191/164
f 893/9/165 1277/8/165 1293/193/165
f 106/1/166 109/1/166 111/1/166
f 108/1/1151 111/1/1151 112/1/1151
f 107/1/1152 112/1/1152 110/1/1152
f 102/1/1153 106/1/1153 108/1/1153
f 104/1/1154 108/1/1154 107/1/1154
f 103/1/1155 107/1/1155 105/1/1155
f 98/1/172 102/1/172 104/1/172
f 100/1/1156 104/1/1156 103/1/1156
f 99/1/174 103/1/174 101/1/174
f 94/1/175 98/1/175 100/1/175
f 96/1/176 100/1/176 99/1/176
f 95/1/1157 99/1/1157 97/1/1157
f 90/1/178 94/1/178 96/1/178
f 92/1/1158 96/1/1158 95/1/1158
f 91/1/1159 95/1/1159 93/1/1159
f 86/1/181 90/1/181 92/1/181
f 88/1/1160 92/1/1160 91/1/1160
f 87/1/1161 91/1/1161 89/1/1161
f 82/1/184 86/1/184 88/1/184
f 84/1/1162 88/1/1162 87/1/1162
f 83/1/1163 87/1/1163 85/1/1163
f 78/1/1164 82/1/1164 84/1/1164
f 80/1/188 84/1/188 83/1/188
f 79/1/1165 83/1/1165 81/1/1165
f 74/1/190 78/1/190 80/1/190
f 76/1/191 80/1/191 79/1/191
f 75/1/1166 79/1/1166 77/1/1166
f 74/1/1167 76/1/1167 72/1/1167
f 76/1/194 75/1/194 71/1/194
f 75/1/1168 73/1/1168 69/1/1168
f 70/1/196 72/1/196 68/1/196
f 72/1/1169 71/1/1169 67/1/1169
f 71/1/1170 69/1/1170 65/1/1170
f 62/1/1171 66/1/1171 68/1/1171
f 64/1/200 68/1/200 67/1/200
f 63/1/1172 67/1/1172 65/1/1172
f 62/1/202 64/1/202 60/1/202
f 64/1/203 63/1/203 59/1/203
f 63/1/1173 61/1/1173 57/1/1173
f 58/1/1174 60/1/1174 56/1/1174
f 60/1/206 59/1/206 55/1/206
f 59/1/1175 57/1/1175 53/1/1175
f 54/1/208 56/1/208 52/1/208
f 52/1/1176 56/1/1176 55/1/1176
f 55/1/1177 53/1/1177 49/1/1177
f 813/170/1178 815/195/1178 812/194/1178
f 815/1/212 816/1/212 811/1/212
f 816/1/213 814/1/213 809/1/213
f 814/1/214 816/1/214 800/1/214
f 816/1/215 815/1/215 799/1/215
f 815/195/1179 813/170/1179 797/169/1179
f 801/164/1180 803/197/1180 799/196/1180
f 803/1/218 804/1/218 800/1/218
f 804/1/219 802/1/219 798/1/219
f 802/1/220 804/1/220 796/1/220
f 804/1/1181 803/1/1181 795/1/1181
f 803/197/1182 801/164/1182 793/163/1182
f 817/158/1183 819/199/1183 795/198/1183
f 819/1/224 820/1/224 796/1/224
f 820/1/1184 818/1/1184 794/1/1184
f 818/1/226 820/1/226 784/1/226
f 820/1/1185 819/1/1185 783/1/1185
f 819/199/1186 817/158/1186 781/157/1186
f 785/166/1187 787/201/1187 783/200/1187
f 787/1/1188 788/1/1188 784/1/1188
f 788/1/231 786/1/231 782/1/231
f 789/154/1189 791/202/1189 787/201/1189
f 791/1/233 792/1/233 788/1/233
f 792/1/234 790/1/234 786/1/234
f 790/1/235 792/1/235 776/1/235
f 792/1/1190 791/1/1190 775/1/1190
f 791/202/1191 789/154/1191 773/153/1191
f 773/153/1192 777/160/1192 779/204/1192
f 775/1/1193 779/1/1193 780/1/1193
f 776/1/1194 780/1/1194 778/1/1194
f 777/160/1195 821/150/1195 823/205/1195
f 779/1/242 823/1/242 824/1/242
f 780/1/243 824/1/243 822/1/243
f 762/1/1196 822/1/1196 824/1/1196
f 764/1/1197 824/1/1197 823/1/1197
f 763/206/1198 823/205/1198 821/150/1198
f 761/149/1199 765/147/1199 767/207/1199
f 763/1/1200 767/1/1200 768/1/1200
f 764/1/249 768/1/249 766/1/249
f 758/1/1201 766/1/1201 768/1/1201
f 760/1/251 768/1/251 767/1/251
f 759/208/1202 767/207/1202 765/147/1202
f 757/146/1203 769/144/1203 771/209/1203
f 759/1/1204 771/1/1204 772/1/1204
f 760/1/255 772/1/255 770/1/255
f 754/1/256 770/1/256 772/1/256
f 756/1/1205 772/1/1205 771/1/1205
f 755/210/1206 771/209/1206 769/144/1206
f 750/1/259 754/1/259 756/1/259
f 752/1/1207 756/1/1207 755/1/1207
f 751/211/1208 755/210/1208 753/142/1208
f 746/1/262 750/1/262 752/1/262
f 748/1/1209 752/1/1209 751/1/1209
f 747/212/1210 751/211/1210 749/137/1210
f 734/1/265 746/1/265 748/1/265
f 736/1/1211 748/1/1211 747/1/1211
f 735/213/1212 747/212/1212 745/135/1212
f 733/134/1213 737/139/1213 739/214/1213
f 735/1/1214 739/1/1214 740/1/1214
f 736/1/1215 740/1/1215 738/1/1215
f 737/139/271 741/132/271 743/215/271
f 739/1/1216 743/1/1216 744/1/1216
f 740/1/273 744/1/273 742/1/273
f 730/1/274 742/1/274 744/1/274
f 732/1/1217 744/1/1217 743/1/1217
f 731/216/1218 743/215/1218 741/132/1218
f 726/1/277 730/1/277 732/1/277
f 728/1/278 732/1/278 731/1/278
f 727/217/1219 731/216/1219 729/41/1219
f 109/1/280 113/1/280 115/1/280
f 111/1/1220 115/1/1220 116/1/1220
f 112/1/1221 116/1/1221 114/1/1221
f 45/1/1222 47/1/1222 44/1/1222
f 47/1/1223 48/1/1223 43/1/1223
f 48/1/1224 46/1/1224 41/1/1224
f 42/1/286 44/1/286 40/1/286
f 44/1/287 43/1/287 39/1/287
f 43/1/1225 41/1/1225 37/1/1225
f 38/1/289 40/1/289 36/1/289
f 40/1/1226 39/1/1226 35/1/1226
f 39/1/291 37/1/291 33/1/291
f 34/1/1227 36/1/1227 32/1/1227
f 36/1/1228 35/1/1228 31/1/1228
f 35/1/1229 33/1/1229 29/1/1229
f 30/1/1230 32/1/1230 28/1/1230
f 32/1/296 31/1/296 27/1/296
f 31/1/1231 29/1/1231 25/1/1231
f 26/1/298 28/1/298 24/1/298
f 28/1/299 27/1/299 23/1/299
f 27/1/300 25/1/300 21/1/300
f 22/1/301 24/1/301 20/1/301
f 24/1/1232 23/1/1232 19/1/1232
f 23/1/1233 21/1/1233 17/1/1233
f 18/1/304 20/1/304 16/1/304
f 20/1/1234 19/1/1234 15/1/1234
f 19/1/1235 17/1/1235 13/1/1235
f 14/1/1236 16/1/1236 12/1/1236
f 16/1/308 15/1/308 11/1/308
f 15/1/1237 13/1/1237 9/1/1237
f 10/1/310 12/1/310 8/1/310
f 12/1/311 11/1/311 7/1/311
f 11/1/312 9/1/312 5/1/312
f 6/1/313 8/1/313 4/1/313
f 8/1/314 7/1/314 3/1/314
f 7/1/315 5/1/315 1/1/315
f 1/1/316 269/1/316 271/1/316
f 271/1/317 272/1/317 4/1/317
f 272/1/318 270/1/318 2/1/318
f 266/1/319 270/1/319 272/1/319
f 268/1/320 272/1/320 271/1/320
f 267/1/321 271/1/321 269/1/321
f 262/1/322 266/1/322 268/1/322
f 264/1/1238 268/1/1238 267/1/1238
f 263/1/324 267/1/324 265/1/324
f 258/1/325 262/1/325 264/1/325
f 260/1/326 264/1/326 263/1/326
f 259/1/327 263/1/327 261/1/327
f 254/1/328 258/1/328 260/1/328
f 256/1/1239 260/1/1239 259/1/1239
f 255/1/330 259/1/330 257/1/330
f 250/1/331 254/1/331 256/1/331
f 252/1/1240 256/1/1240 255/1/1240
f 251/1/333 255/1/333 253/1/333
f 246/1/334 250/1/334 252/1/334
f 248/1/335 252/1/335 251/1/335
f 247/1/1241 251/1/1241 249/1/1241
f 242/1/337 246/1/337 248/1/337
f 244/1/1242 248/1/1242 247/1/1242
f 243/1/1243 247/1/1243 245/1/1243
f 238/1/1244 242/1/1244 244/1/1244
f 240/1/1245 244/1/1245 243/1/1245
f 239/1/1246 243/1/1246 241/1/1246
f 234/1/1247 238/1/1247 240/1/1247
f 236/1/344 240/1/344 239/1/344
f 235/1/1248 239/1/1248 237/1/1248
f 230/1/346 234/1/346 236/1/346
f 232/1/1249 236/1/1249 235/1/1249
f 231/1/1250 235/1/1250 233/1/1250
f 226/1/349 230/1/349 232/1/349
f 228/1/350 232/1/350 231/1/350
f 227/1/351 231/1/351 229/1/351
f 222/1/352 226/1/352 228/1/352
f 224/1/353 228/1/353 227/1/353
f 223/1/1251 227/1/1251 225/1/1251
f 218/1/355 222/1/355 224/1/355
f 220/1/1252 224/1/1252 223/1/1252
f 219/1/1253 223/1/1253 221/1/1253
f 214/1/358 218/1/358 220/1/358
f 216/1/1254 220/1/1254 219/1/1254
f 215/1/1255 219/1/1255 217/1/1255
f 210/1/361 214/1/361 216/1/361
f 212/1/1256 216/1/1256 215/1/1256
f 211/1/1257 215/1/1257 213/1/1257
f 210/1/364 212/1/364 208/1/364
f 212/1/1258 211/1/1258 207/1/1258
f 211/1/1259 209/1/1259 205/1/1259
f 206/1/367 208/1/367 204/1/367
f 208/1/1260 207/1/1260 203/1/1260
f 207/1/1261 205/1/1261 201/1/1261
f 198/1/370 202/1/370 204/1/370
f 200/1/1262 204/1/1262 203/1/1262
f 199/1/1263 203/1/1263 201/1/1263
f 198/1/373 200/1/373 196/1/373
f 200/1/1264 199/1/1264 195/1/1264
f 199/1/1265 197/1/1265 193/1/1265
f 194/1/376 196/1/376 192/1/376
f 196/1/1266 195/1/1266 191/1/1266
f 195/1/1267 193/1/1267 189/1/1267
f 190/1/379 192/1/379 188/1/379
f 192/1/1268 191/1/1268 187/1/1268
f 191/1/1269 189/1/1269 185/1/1269
f 186/1/382 188/1/382 184/1/382
f 188/1/383 187/1/383 183/1/383
f 187/1/1270 185/1/1270 181/1/1270
f 182/1/385 184/1/385 180/1/385
f 184/1/386 183/1/386 179/1/386
f 183/1/387 181/1/387 177/1/387
f 178/1/388 180/1/388 176/1/388
f 180/1/1271 179/1/1271 175/1/1271
f 179/1/1272 177/1/1272 173/1/1272
f 174/1/1273 176/1/1273 172/1/1273
f 176/1/392 175/1/392 171/1/392
f 175/1/1274 173/1/1274 169/1/1274
f 170/1/1275 172/1/1275 168/1/1275
f 172/1/1276 171/1/1276 167/1/1276
f 171/1/1277 169/1/1277 165/1/1277
f 166/1/397 168/1/397 164/1/397
f 168/1/1278 167/1/1278 163/1/1278
f 167/1/1279 165/1/1279 161/1/1279
f 162/1/400 164/1/400 160/1/400
f 164/1/401 163/1/401 159/1/401
f 163/1/1280 161/1/1280 157/1/1280
f 158/1/403 160/1/403 156/1/403
f 160/1/1281 159/1/1281 155/1/1281
f 159/1/405 157/1/405 153/1/405
f 154/1/406 156/1/406 152/1/406
f 156/1/1282 155/1/1282 151/1/1282
f 155/1/408 153/1/408 149/1/408
f 150/1/409 152/1/409 148/1/409
f 152/1/410 151/1/410 147/1/410
f 151/1/411 149/1/411 145/1/411
f 146/1/412 148/1/412 144/1/412
f 148/1/1283 147/1/1283 143/1/1283
f 147/1/414 145/1/414 141/1/414
f 142/1/415 144/1/415 140/1/415
f 144/1/416 143/1/416 139/1/416
f 143/1/417 141/1/417 137/1/417
f 138/1/418 140/1/418 136/1/418
f 140/1/419 139/1/419 135/1/419
f 139/1/420 137/1/420 133/1/420
f 130/1/421 134/1/421 136/1/421
f 132/1/422 136/1/422 135/1/422
f 131/1/423 135/1/423 133/1/423
f 126/1/424 130/1/424 132/1/424
f 128/1/425 132/1/425 131/1/425
f 127/1/426 131/1/426 129/1/426
f 122/1/1284 126/1/1284 128/1/1284
f 124/1/428 128/1/428 127/1/428
f 123/1/1285 127/1/1285 125/1/1285
f 122/1/430 124/1/430 120/1/430
f 124/1/431 123/1/431 119/1/431
f 123/1/432 121/1/432 117/1/432
f 113/1/433 118/1/433 120/1/433
f 115/1/1286 120/1/1286 119/1/1286
f 116/1/1287 119/1/1287 117/1/1287
f 606/1/1288 726/1/1288 728/1/1288
f 608/1/1289 728/1/1289 727/1/1289
f 607/218/1290 727/389/1290 725/40/1290
f 605/128/1291 625/100/1291 627/219/1291
f 607/1/440 627/1/440 628/1/440
f 608/1/441 628/1/441 626/1/441
f 602/1/442 626/1/442 628/1/442
f 604/1/1292 628/1/1292 627/1/1292
f 603/220/1293 627/219/1293 625/100/1293
f 594/1/445 602/1/445 604/1/445
f 596/1/1294 604/1/1294 603/1/1294
f 595/221/1295 603/220/1295 601/99/1295
f 586/1/448 594/1/448 596/1/448
f 588/1/1296 596/1/1296 595/1/1296
f 587/222/450 595/221/450 593/102/450
f 578/1/451 586/1/451 588/1/451
f 580/1/452 588/1/452 587/1/452
f 579/223/1297 587/222/1297 585/104/1297
f 570/1/454 578/1/454 580/1/454
f 572/1/455 580/1/455 579/1/455
f 571/224/1298 579/223/1298 577/106/1298
f 562/1/457 570/1/457 572/1/457
f 564/1/1299 572/1/1299 571/1/1299
f 563/225/459 571/224/459 569/108/459
f 558/1/460 562/1/460 564/1/460
f 560/1/1300 564/1/1300 563/1/1300
f 559/226/462 563/225/462 561/110/462
f 546/1/463 558/1/463 560/1/463
f 548/1/1301 560/1/1301 559/1/1301
f 547/227/465 559/226/465 557/4/465
f 553/115/466 555/228/466 547/227/466
f 555/1/1302 556/1/1302 548/1/1302
f 556/1/468 554/1/468 546/1/468
f 554/1/469 556/1/469 552/1/469
f 556/1/470 555/1/470 551/1/470
f 555/228/1303 553/115/1303 549/113/1303
f 565/112/472 567/230/472 551/229/472
f 567/1/473 568/1/473 552/1/473
f 568/1/474 566/1/474 550/1/474
f 573/119/1304 575/231/1304 567/230/1304
f 575/1/476 576/1/476 568/1/476
f 576/1/477 574/1/477 566/1/477
f 581/121/478 583/232/478 575/231/478
f 583/1/479 584/1/479 576/1/479
f 584/1/480 582/1/480 574/1/480
f 589/123/1305 591/233/1305 583/232/1305
f 591/1/1306 592/1/1306 584/1/1306
f 592/1/483 590/1/483 582/1/483
f 597/125/1307 599/234/1307 591/233/1307
f 599/1/485 600/1/485 592/1/485
f 600/1/486 598/1/486 590/1/486
f 621/91/1308 623/235/1308 599/234/1308
f 623/1/1309 624/1/1309 600/1/1309
f 624/1/489 622/1/489 598/1/489
f 622/1/1310 624/1/1310 620/1/1310
f 624/1/491 623/1/491 619/1/491
f 623/235/1311 621/91/1311 617/90/1311
f 618/1/493 620/1/493 612/1/493
f 620/1/1312 619/1/1312 611/1/1312
f 619/236/1313 617/90/1313 609/96/1313
f 613/94/1314 615/238/1314 611/237/1314
f 615/1/1315 616/1/1315 612/1/1315
f 616/1/498 614/1/498 610/1/498
f 629/93/1316 631/239/1316 615/238/1316
f 631/1/1317 632/1/1317 616/1/1317
f 632/1/501 630/1/501 614/1/501
f 633/87/1318 635/240/1318 631/239/1318
f 635/1/1319 636/1/1319 632/1/1319
f 636/1/504 634/1/504 630/1/504
f 637/85/505 639/241/505 635/240/505
f 639/1/506 640/1/506 636/1/506
f 640/1/1320 638/1/1320 634/1/1320
f 649/83/1321 651/242/1321 639/241/1321
f 651/1/1322 652/1/1322 640/1/1322
f 652/1/510 650/1/510 638/1/510
f 650/1/511 652/1/511 644/1/511
f 652/1/1323 651/1/1323 643/1/1323
f 651/242/1324 649/83/1324 641/81/1324
f 645/79/1325 647/244/1325 643/243/1325
f 647/1/515 648/1/515 644/1/515
f 648/1/516 646/1/516 642/1/516
f 673/77/1326 675/245/1326 647/244/1326
f 675/1/1327 676/1/1327 648/1/1327
f 676/1/519 674/1/519 646/1/519
f 674/1/520 676/1/520 656/1/520
f 676/1/1328 675/1/1328 655/1/1328
f 675/245/1329 673/77/1329 653/75/1329
f 657/73/1330 659/247/1330 655/246/1330
f 659/1/1331 660/1/1331 656/1/1331
f 660/1/525 658/1/525 654/1/525
f 669/71/1332 671/248/1332 659/247/1332
f 671/1/1333 672/1/1333 660/1/1333
f 672/1/528 670/1/528 658/1/528
f 670/1/529 672/1/529 664/1/529
f 672/1/1334 671/1/1334 663/1/1334
f 671/248/1335 669/71/1335 661/69/1335
f 665/67/1336 667/250/1336 663/249/1336
f 667/1/533 668/1/533 664/1/533
f 668/1/534 666/1/534 662/1/534
f 721/65/1337 723/390/1337 667/250/1337
f 723/1/536 724/1/536 668/1/536
f 724/1/537 722/1/537 666/1/537
f 678/1/538 722/1/538 724/1/538
f 680/1/539 724/1/539 723/1/539
f 679/251/1338 723/390/1338 721/65/1338
f 677/63/1339 681/61/1339 683/252/1339
f 679/1/542 683/1/542 684/1/542
f 680/1/543 684/1/543 682/1/543
f 681/61/1340 693/59/1340 695/253/1340
f 683/1/1341 695/1/1341 696/1/1341
f 684/1/546 696/1/546 694/1/546
f 686/1/547 694/1/547 696/1/547
f 688/1/1342 696/1/1342 695/1/1342
f 687/254/1343 695/253/1343 693/59/1343
f 685/57/1344 689/55/1344 691/255/1344
f 687/1/1345 691/1/1345 692/1/1345
f 688/1/552 692/1/552 690/1/552
f 689/55/1346 717/53/1346 719/256/1346
f 691/1/554 719/1/554 720/1/554
f 692/1/555 720/1/555 718/1/555
f 698/1/556 718/1/556 720/1/556
f 700/1/557 720/1/557 719/1/557
f 699/257/1347 719/256/1347 717/53/1347
f 697/51/1348 701/49/1348 703/258/1348
f 699/1/560 703/1/560 704/1/560
f 700/1/561 704/1/561 702/1/561
f 701/49/1349 713/47/1349 715/259/1349
f 703/1/1350 715/1/1350 716/1/1350
f 704/1/564 716/1/564 714/1/564
f 706/1/565 714/1/565 716/1/565
f 708/1/1351 716/1/1351 715/1/1351
f 707/260/1352 715/259/1352 713/47/1352
f 705/45/568 709/42/568 711/261/568
f 707/1/569 711/1/569 712/1/569
f 708/1/1353 712/1/1353 710/1/1353
f 709/42/1354 833/44/1354 835/262/1354
f 711/1/1355 835/1/1355 836/1/1355
f 712/1/573 836/1/573 834/1/573
f 830/1/574 834/1/574 836/1/574
f 832/1/1356 836/1/1356 835/1/1356
f 831/263/1357 835/262/1357 833/44/1357
f 829/36/1358 865/38/1358 867/264/1358
f 831/1/1359 867/1/1359 868/1/1359
f 832/1/579 868/1/579 866/1/579
f 842/1/580 866/1/580 868/1/580
f 844/1/1360 868/1/1360 867/1/1360
f 843/265/1361 867/264/1361 865/38/1361
f 841/30/1362 857/32/1362 859/266/1362
f 843/1/1363 859/1/1363 860/1/1363
f 844/1/1364 860/1/1364 858/1/1364
f 850/1/586 858/1/586 860/1/586
f 852/1/1365 860/1/1365 859/1/1365
f 851/267/1366 859/266/1366 857/32/1366
f 849/24/1367 913/26/1367 915/268/1367
f 851/1/590 915/1/590 916/1/590
f 852/1/591 916/1/591 914/1/591
f 882/1/592 914/1/592 916/1/592
f 884/1/1368 916/1/1368 915/1/1368
f 883/269/594 915/268/594 913/26/594
f 874/1/595 882/1/595 884/1/595
f 876/1/596 884/1/596 883/1/596
f 875/270/1369 883/269/1369 881/185/1369
f 873/16/1370 917/18/1370 919/271/1370
f 875/1/599 919/1/599 920/1/599
f 876/1/600 920/1/600 918/1/600
f 890/1/601 918/1/601 920/1/601
f 892/1/1371 920/1/1371 919/1/1371
f 891/272/603 919/271/603 917/18/603
f 889/10/604 901/12/604 903/273/604
f 891/1/605 903/1/605 904/1/605
f 892/1/606 904/1/606 902/1/606
f 898/1/607 902/1/607 904/1/607
f 900/1/608 904/1/608 903/1/608
f 899/274/609 903/273/609 901/12/609
f 905/7/610 907/276/610 899/275/610
f 907/1/1372 908/1/1372 900/1/1372
f 908/1/612 906/1/612 898/1/612
f 906/1/613 908/1/613 896/1/613
f 908/1/1373 907/1/1373 895/1/1373
f 907/276/615 905/7/615 893/9/615
f 909/13/616 911/278/616 895/277/616
f 911/1/617 912/1/617 896/1/617
f 912/1/618 910/1/618 894/1/618
f 910/1/619 912/1/619 880/1/619
f 912/1/620 911/1/620 879/1/620
f 911/278/1374 909/13/1374 877/15/1374
f 885/19/1375 887/280/1375 879/279/1375
f 887/1/623 888/1/623 880/1/623
f 888/1/624 886/1/624 878/1/624
f 921/21/1376 923/281/1376 887/280/1376
f 923/1/1377 924/1/1377 888/1/1377
f 924/1/1378 922/1/1378 886/1/1378
f 922/1/628 924/1/628 856/1/628
f 924/1/1379 923/1/1379 855/1/1379
f 923/281/1380 921/21/1380 853/23/1380
f 861/27/1381 863/283/1381 855/282/1381
f 863/1/632 864/1/632 856/1/632
f 864/1/633 862/1/633 854/1/633
f 862/1/634 864/1/634 848/1/634
f 864/1/635 863/1/635 847/1/635
f 863/283/1382 861/27/1382 845/29/1382
f 869/33/1383 871/285/1383 847/284/1383
f 871/1/638 872/1/638 848/1/638
f 872/1/639 870/1/639 846/1/639
f 870/1/640 872/1/640 840/1/640
f 872/1/641 871/1/641 839/1/641
f 871/285/1384 869/33/1384 837/35/1384
f 838/1/643 840/1/643 828/1/643
f 840/1/1385 839/1/1385 827/1/1385
f 839/286/1386 837/35/1386 825/177/1386
f 925/174/646 927/288/646 827/287/646
f 927/1/1387 928/1/1387 828/1/1387
f 928/1/648 926/1/648 826/1/648
f 926/1/1388 928/1/1388 808/1/1388
f 928/1/1389 927/1/1389 807/1/1389
f 927/288/1390 925/174/1390 805/173/1390
f 810/179/1391 812/194/1391 807/289/1391
f 812/1/1392 811/1/1392 808/1/1392
f 811/1/654 809/1/654 806/1/654
f 50/1/1393 52/1/1393 47/1/1393
f 52/1/1394 51/1/1394 48/1/1394
f 51/1/1395 49/1/1395 46/1/1395
f 1110/1/658 1113/1/658 1115/1/658
f 1112/1/1396 1115/1/1396 1116/1/1396
f 1111/290/1397 1116/313/1397 1114/92/1397
f 430/1/1398 433/1/1398 435/1/1398
f 432/1/1399 435/1/1399 436/1/1399
f 431/1/1400 436/1/1400 434/1/1400
f 433/1/1401 437/1/1401 439/1/1401
f 435/1/1402 439/1/1402 440/1/1402
f 436/1/1403 440/1/1403 438/1/1403
f 437/1/1404 441/1/1404 443/1/1404
f 439/1/1405 443/1/1405 444/1/1405
f 440/1/1406 444/1/1406 442/1/1406
f 441/1/1407 445/1/1407 447/1/1407
f 443/1/671 447/1/671 448/1/671
f 444/1/672 448/1/672 446/1/672
f 445/1/1408 449/1/1408 451/1/1408
f 447/1/1409 451/1/1409 452/1/1409
f 448/1/675 452/1/675 450/1/675
f 449/1/676 453/1/676 455/1/676
f 451/1/677 455/1/677 456/1/677
f 452/1/1410 456/1/1410 454/1/1410
f 453/1/1411 457/1/1411 459/1/1411
f 455/1/1412 459/1/1412 460/1/1412
f 456/1/681 460/1/681 458/1/681
f 457/1/1413 461/1/1413 463/1/1413
f 459/1/1414 463/1/1414 464/1/1414
f 460/1/684 464/1/684 462/1/684
f 461/1/1415 465/1/1415 467/1/1415
f 463/1/686 467/1/686 468/1/686
f 464/1/687 468/1/687 466/1/687
f 465/1/1416 469/1/1416 471/1/1416
f 467/1/1417 471/1/1417 472/1/1417
f 468/1/690 472/1/690 470/1/690
f 473/1/1418 475/1/1418 471/1/1418
f 475/1/1419 476/1/1419 472/1/1419
f 476/1/693 474/1/693 470/1/693
f 477/1/1420 479/1/1420 475/1/1420
f 479/1/1421 480/1/1421 476/1/1421
f 476/1/696 480/1/696 478/1/696
f 477/1/1422 481/1/1422 483/1/1422
f 479/1/1423 483/1/1423 484/1/1423
f 480/1/1424 484/1/1424 482/1/1424
f 485/1/1425 487/1/1425 483/1/1425
f 487/1/1426 488/1/1426 484/1/1426
f 488/1/702 486/1/702 482/1/702
f 489/1/1427 491/1/1427 487/1/1427
f 491/1/1428 492/1/1428 488/1/1428
f 492/1/1429 490/1/1429 486/1/1429
f 493/1/1430 495/1/1430 491/1/1430
f 495/1/707 496/1/707 492/1/707
f 496/1/708 494/1/708 490/1/708
f 1197/52/1431 1199/292/1431 1196/291/1431
f 1199/1/1432 1200/1/1432 1195/1/1432
f 1200/1/711 1198/1/711 1193/1/711
f 1198/1/712 1200/1/712 1184/1/712
f 1200/1/1433 1199/1/1433 1183/1/1433
f 1199/292/1434 1197/52/1434 1181/54/1434
f 1185/56/1435 1187/294/1435 1183/293/1435
f 1187/1/1436 1188/1/1436 1184/1/1436
f 1188/1/717 1186/1/717 1182/1/717
f 1186/1/718 1188/1/718 1180/1/718
f 1188/1/1437 1187/1/1437 1179/1/1437
f 1187/294/1438 1185/56/1438 1177/58/1438
f 1201/60/1439 1203/296/1439 1179/295/1439
f 1203/1/1440 1204/1/1440 1180/1/1440
f 1204/1/723 1202/1/723 1178/1/723
f 1202/1/724 1204/1/724 1168/1/724
f 1204/1/1441 1203/1/1441 1167/1/1441
f 1203/296/1442 1201/60/1442 1165/62/1442
f 1169/64/1443 1171/298/1443 1167/297/1443
f 1171/1/1444 1172/1/1444 1168/1/1444
f 1172/1/729 1170/1/729 1166/1/729
f 1173/66/1445 1175/299/1445 1171/298/1445
f 1175/1/731 1176/1/731 1172/1/731
f 1176/1/732 1174/1/732 1170/1/732
f 1174/1/733 1176/1/733 1160/1/733
f 1176/1/734 1175/1/734 1159/1/734
f 1175/299/1446 1173/66/1446 1157/68/1446
f 1157/68/1447 1161/70/1447 1163/301/1447
f 1159/1/737 1163/1/737 1164/1/737
f 1160/1/738 1164/1/738 1162/1/738
f 1161/70/1448 1205/72/1448 1207/302/1448
f 1163/1/740 1207/1/740 1208/1/740
f 1164/1/741 1208/1/741 1206/1/741
f 1146/1/742 1206/1/742 1208/1/742
f 1148/1/1449 1208/1/1449 1207/1/1449
f 1147/303/1450 1207/302/1450 1205/72/1450
f 1145/74/1451 1149/76/1451 1151/304/1451
f 1147/1/1452 1151/1/1452 1152/1/1452
f 1148/1/747 1152/1/747 1150/1/747
f 1142/1/748 1150/1/748 1152/1/748
f 1144/1/749 1152/1/749 1151/1/749
f 1143/305/1453 1151/304/1453 1149/76/1453
f 1141/78/1454 1153/80/1454 1155/306/1454
f 1143/1/752 1155/1/752 1156/1/752
f 1144/1/753 1156/1/753 1154/1/753
f 1138/1/754 1154/1/754 1156/1/754
f 1140/1/755 1156/1/755 1155/1/755
f 1139/307/1455 1155/306/1455 1153/80/1455
f 1134/1/757 1138/1/757 1140/1/757
f 1136/1/758 1140/1/758 1139/1/758
f 1135/308/1456 1139/307/1456 1137/82/1456
f 1126/1/760 1134/1/760 1136/1/760
f 1128/1/1457 1136/1/1457 1135/1/1457
f 1127/309/1458 1135/308/1458 1133/84/1458
f 1118/1/763 1126/1/763 1128/1/763
f 1120/1/1459 1128/1/1459 1127/1/1459
f 1119/310/1460 1127/309/1460 1125/86/1460
f 1117/88/766 1121/97/766 1123/311/766
f 1119/1/1461 1123/1/1461 1124/1/1461
f 1120/1/1462 1124/1/1462 1122/1/1462
f 1121/97/1463 1129/314/1463 1131/312/1463
f 1123/1/1464 1131/1/1464 1132/1/1464
f 1124/1/771 1132/1/771 1130/1/771
f 1113/1/772 1130/1/772 1132/1/772
f 1115/1/773 1132/1/773 1131/1/773
f 1116/313/1465 1131/312/1465 1129/314/1465
f 1194/50/775 1196/291/775 1192/315/775
f 1196/1/776 1195/1/776 1191/1/776
f 1195/1/777 1193/1/777 1189/1/777
f 497/1/1466 499/1/1466 495/1/1466
f 499/1/1467 500/1/1467 496/1/1467
f 500/1/780 498/1/780 494/1/780
f 501/1/1468 503/1/1468 499/1/1468
f 503/1/1469 504/1/1469 500/1/1469
f 504/1/1470 502/1/1470 498/1/1470
f 505/1/1471 507/1/1471 503/1/1471
f 507/1/1472 508/1/1472 504/1/1472
f 508/1/786 506/1/786 502/1/786
f 509/1/1473 511/1/1473 507/1/1473
f 511/1/788 512/1/788 508/1/788
f 512/1/789 510/1/789 506/1/789
f 513/1/1474 515/1/1474 511/1/1474
f 515/1/1475 516/1/1475 512/1/1475
f 516/1/1476 514/1/1476 510/1/1476
f 517/1/1477 519/1/1477 515/1/1477
f 519/1/1478 520/1/1478 516/1/1478
f 520/1/795 518/1/795 514/1/795
f 521/1/1479 523/1/1479 519/1/1479
f 523/1/797 524/1/797 520/1/797
f 524/1/798 522/1/798 518/1/798
f 525/1/1480 527/1/1480 523/1/1480
f 527/1/1481 528/1/1481 524/1/1481
f 528/1/801 526/1/801 522/1/801
f 529/1/802 531/1/802 527/1/802
f 531/1/803 532/1/803 528/1/803
f 532/1/804 530/1/804 526/1/804
f 533/1/1482 535/1/1482 531/1/1482
f 535/1/806 536/1/806 532/1/806
f 536/1/807 534/1/807 530/1/807
f 537/1/808 539/1/808 535/1/808
f 539/1/1483 540/1/1483 536/1/1483
f 540/1/810 538/1/810 534/1/810
f 541/1/811 543/1/811 539/1/811
f 543/1/812 544/1/812 540/1/812
f 544/1/1484 542/1/1484 538/1/1484
f 542/1/814 544/1/814 276/1/814
f 544/1/815 543/1/815 275/1/815
f 543/1/816 541/1/816 273/1/816
f 273/1/817 277/1/817 279/1/817
f 275/1/818 279/1/818 280/1/818
f 276/1/1485 280/1/1485 278/1/1485
f 277/1/820 281/1/820 283/1/820
f 279/1/821 283/1/821 284/1/821
f 280/1/822 284/1/822 282/1/822
f 281/1/1486 285/1/1486 287/1/1486
f 283/1/824 287/1/824 288/1/824
f 284/1/825 288/1/825 286/1/825
f 285/1/1487 289/1/1487 291/1/1487
f 287/1/1488 291/1/1488 292/1/1488
f 288/1/828 292/1/828 290/1/828
f 289/1/1489 293/1/1489 295/1/1489
f 291/1/1490 295/1/1490 296/1/1490
f 292/1/831 296/1/831 294/1/831
f 293/1/1491 297/1/1491 299/1/1491
f 295/1/1492 299/1/1492 300/1/1492
f 296/1/834 300/1/834 298/1/834
f 297/1/1493 301/1/1493 303/1/1493
f 299/1/1494 303/1/1494 304/1/1494
f 300/1/1495 304/1/1495 302/1/1495
f 301/1/1496 305/1/1496 307/1/1496
f 303/1/839 307/1/839 308/1/839
f 304/1/1497 308/1/1497 306/1/1497
f 305/1/1498 309/1/1498 311/1/1498
f 307/1/1499 311/1/1499 312/1/1499
f 308/1/843 312/1/843 310/1/843
f 309/1/1500 313/1/1500 315/1/1500
f 311/1/1501 315/1/1501 316/1/1501
f 312/1/846 316/1/846 314/1/846
f 313/1/1502 317/1/1502 319/1/1502
f 315/1/1503 319/1/1503 320/1/1503
f 316/1/849 320/1/849 318/1/849
f 317/1/1504 321/1/1504 323/1/1504
f 319/1/1505 323/1/1505 324/1/1505
f 320/1/1506 324/1/1506 322/1/1506
f 321/1/1507 325/1/1507 327/1/1507
f 323/1/1508 327/1/1508 328/1/1508
f 324/1/855 328/1/855 326/1/855
f 325/1/1509 329/1/1509 331/1/1509
f 327/1/857 331/1/857 332/1/857
f 328/1/1510 332/1/1510 330/1/1510
f 329/1/1511 333/1/1511 335/1/1511
f 331/1/1512 335/1/1512 336/1/1512
f 332/1/861 336/1/861 334/1/861
f 337/1/1513 339/1/1513 335/1/1513
f 339/1/863 340/1/863 336/1/863
f 340/1/1514 338/1/1514 334/1/1514
f 341/1/1515 343/1/1515 339/1/1515
f 343/1/1516 344/1/1516 340/1/1516
f 344/1/867 342/1/867 338/1/867
f 341/1/1517 345/1/1517 347/1/1517
f 343/1/869 347/1/869 348/1/869
f 344/1/1518 348/1/1518 346/1/1518
f 349/1/1519 351/1/1519 347/1/1519
f 351/1/1520 352/1/1520 348/1/1520
f 352/1/873 350/1/873 346/1/873
f 353/1/1521 355/1/1521 351/1/1521
f 355/1/875 356/1/875 352/1/875
f 356/1/1522 354/1/1522 350/1/1522
f 357/1/1523 359/1/1523 355/1/1523
f 359/1/1524 360/1/1524 356/1/1524
f 360/1/879 358/1/879 354/1/879
f 361/1/1525 363/1/1525 359/1/1525
f 363/1/1526 364/1/1526 360/1/1526
f 364/1/1527 362/1/1527 358/1/1527
f 365/1/1528 367/1/1528 363/1/1528
f 367/1/1529 368/1/1529 364/1/1529
f 368/1/885 366/1/885 362/1/885
f 369/1/1530 371/1/1530 367/1/1530
f 371/1/1531 372/1/1531 368/1/1531
f 372/1/888 370/1/888 366/1/888
f 373/1/1532 375/1/1532 371/1/1532
f 375/1/1533 376/1/1533 372/1/1533
f 376/1/891 374/1/891 370/1/891
f 377/1/1534 379/1/1534 375/1/1534
f 379/1/893 380/1/893 376/1/893
f 380/1/1535 378/1/1535 374/1/1535
f 381/1/1536 383/1/1536 379/1/1536
f 383/1/1537 384/1/1537 380/1/1537
f 384/1/1538 382/1/1538 378/1/1538
f 385/1/1539 387/1/1539 383/1/1539
f 387/1/1540 388/1/1540 384/1/1540
f 388/1/900 386/1/900 382/1/900
f 389/1/1541 391/1/1541 387/1/1541
f 391/1/1542 392/1/1542 388/1/1542
f 392/1/903 390/1/903 386/1/903
f 393/1/1543 395/1/1543 391/1/1543
f 395/1/1544 396/1/1544 392/1/1544
f 396/1/906 394/1/906 390/1/906
f 397/1/1545 399/1/1545 395/1/1545
f 399/1/908 400/1/908 396/1/908
f 400/1/909 398/1/909 394/1/909
f 401/1/910 403/1/910 399/1/910
f 403/1/911 404/1/911 400/1/911
f 404/1/912 402/1/912 398/1/912
f 405/1/913 407/1/913 403/1/913
f 407/1/914 408/1/914 404/1/914
f 408/1/1546 406/1/1546 402/1/1546
f 405/1/916 409/1/916 411/1/916
f 411/1/917 412/1/917 408/1/917
f 412/1/918 410/1/918 406/1/918
f 409/1/919 413/1/919 415/1/919
f 411/1/920 415/1/920 416/1/920
f 412/1/1547 416/1/1547 414/1/1547
f 413/1/922 417/1/922 419/1/922
f 415/1/1548 419/1/1548 420/1/1548
f 416/1/924 420/1/924 418/1/924
f 417/1/1549 421/1/1549 423/1/1549
f 419/1/926 423/1/926 424/1/926
f 420/1/927 424/1/927 422/1/927
f 425/1/1550 427/1/1550 423/1/1550
f 427/1/1551 428/1/1551 424/1/1551
f 428/1/930 426/1/930 422/1/930
f 425/1/1552 430/1/1552 432/1/1552
f 427/1/1553 432/1/1553 431/1/1553
f 428/1/1554 431/1/1554 429/1/1554
f 1006/1/1555 1110/1/1555 1112/1/1555
f 1008/1/1556 1112/1/1556 1111/1/1556
f 1007/316/1557 1111/391/1557 1109/95/1557
f 978/1/937 1006/1/937 1008/1/937
f 980/1/938 1008/1/938 1007/1/938
f 979/317/939 1007/316/939 1005/129/939
f 977/89/1558 981/126/1558 983/318/1558
f 979/1/941 983/1/941 984/1/941
f 980/1/942 984/1/942 982/1/942
f 981/126/1559 1013/124/1559 1015/319/1559
f 983/1/944 1015/1/944 1016/1/944
f 984/1/945 1016/1/945 1014/1/945
f 954/1/946 1014/1/946 1016/1/946
f 956/1/1560 1016/1/1560 1015/1/1560
f 955/320/948 1015/319/948 1013/124/948
f 953/122/949 957/120/949 959/321/949
f 955/1/950 959/1/950 960/1/950
f 956/1/951 960/1/951 958/1/951
f 957/120/1561 965/118/1561 967/322/1561
f 959/1/953 967/1/953 968/1/953
f 960/1/954 968/1/954 966/1/954
f 938/1/955 966/1/955 968/1/955
f 940/1/1562 968/1/1562 967/1/1562
f 939/323/957 967/322/957 965/118/957
f 930/1/958 938/1/958 940/1/958
f 932/1/959 940/1/959 939/1/959
f 931/324/960 939/323/960 937/111/960
f 929/114/961 933/116/961 935/325/961
f 931/1/1563 935/1/1563 936/1/1563
f 932/1/963 936/1/963 934/1/963
f 941/2/964 943/326/964 935/325/964
f 943/1/965 944/1/965 936/1/965
f 944/1/966 942/1/966 934/1/966
f 945/109/967 947/327/967 943/326/967
f 947/1/968 948/1/968 944/1/968
f 948/1/969 946/1/969 942/1/969
f 949/117/970 951/328/970 947/327/970
f 951/1/971 952/1/971 948/1/971
f 952/1/972 950/1/972 946/1/972
f 961/107/1564 963/329/1564 951/328/1564
f 963/1/1565 964/1/1565 952/1/1565
f 964/1/975 962/1/975 950/1/975
f 969/105/1566 971/330/1566 963/329/1566
f 971/1/977 972/1/977 964/1/977
f 972/1/978 970/1/978 962/1/978
f 973/103/1567 975/331/1567 971/330/1567
f 975/1/1568 976/1/1568 972/1/1568
f 976/1/981 974/1/981 970/1/981
f 985/101/982 987/332/982 975/331/982
f 987/1/1569 988/1/1569 976/1/1569
f 988/1/984 986/1/984 974/1/984
f 1009/98/1570 1011/333/1570 987/332/1570
f 1011/1/986 1012/1/986 988/1/986
f 1012/1/987 1010/1/987 986/1/987
f 1010/1/988 1012/1/988 992/1/988
f 1012/1/989 1011/1/989 991/1/989
f 1011/333/1571 1009/98/1571 989/130/1571
f 1001/127/1572 1003/335/1572 991/334/1572
f 1003/1/992 1004/1/992 992/1/992
f 1004/1/993 1002/1/993 990/1/993
f 1002/1/1573 1004/1/1573 1000/1/1573
f 1004/1/995 1003/1/995 999/1/995
f 1003/335/1574 1001/127/1574 997/39/1574
f 998/1/997 1000/1/997 996/1/997
f 1000/1/1575 999/1/1575 995/1/1575
f 999/336/1576 997/39/1576 993/131/1576
f 1105/138/1000 1107/338/1000 995/337/1000
f 1107/1/1577 1108/1/1577 996/1/1577
f 1108/1/1002 1106/1/1002 994/1/1002
f 1106/1/1578 1108/1/1578 1024/1/1578
f 1108/1/1579 1107/1/1579 1023/1/1579
f 1107/338/1580 1105/138/1580 1021/140/1580
f 1022/1/1006 1024/1/1006 1020/1/1006
f 1024/1/1581 1023/1/1581 1019/1/1581
f 1023/339/1582 1021/140/1582 1017/133/1582
f 1033/136/1583 1035/341/1583 1019/340/1583
f 1035/1/1584 1036/1/1584 1020/1/1584
f 1036/1/1011 1034/1/1011 1018/1/1011
f 1034/1/1012 1036/1/1012 1032/1/1012
f 1036/1/1585 1035/1/1585 1031/1/1585
f 1035/341/1586 1033/136/1586 1029/141/1586
f 1030/1/1015 1032/1/1015 1028/1/1015
f 1032/1/1587 1031/1/1587 1027/1/1587
f 1031/342/1588 1029/141/1588 1025/143/1588
f 1057/151/1589 1059/344/1589 1027/343/1589
f 1059/1/1590 1060/1/1590 1028/1/1590
f 1060/1/1020 1058/1/1020 1026/1/1020
f 1058/1/1591 1060/1/1591 1044/1/1591
f 1060/1/1022 1059/1/1022 1043/1/1022
f 1059/344/1592 1057/151/1592 1041/145/1592
f 1042/1/1024 1044/1/1024 1040/1/1024
f 1044/1/1593 1043/1/1593 1039/1/1593
f 1043/345/1594 1041/145/1594 1037/155/1594
f 1053/148/1595 1055/347/1595 1039/346/1595
f 1055/1/1596 1056/1/1596 1040/1/1596
f 1056/1/1029 1054/1/1029 1038/1/1029
f 1054/1/1030 1056/1/1030 1052/1/1030
f 1056/1/1597 1055/1/1597 1051/1/1597
f 1055/347/1598 1053/148/1598 1049/159/1598
f 1050/1/1033 1052/1/1033 1048/1/1033
f 1052/1/1599 1051/1/1599 1047/1/1599
f 1051/348/1600 1049/159/1600 1045/161/1600
f 1045/161/1601 1101/152/1601 1103/350/1601
f 1047/1/1602 1103/1/1602 1104/1/1602
f 1048/1/1038 1104/1/1038 1102/1/1038
f 1066/1/1039 1102/1/1039 1104/1/1039
f 1068/1/1603 1104/1/1603 1103/1/1603
f 1067/351/1604 1103/350/1604 1101/152/1604
f 1062/1/1605 1066/1/1605 1068/1/1605
f 1064/1/1606 1068/1/1606 1067/1/1606
f 1063/352/1607 1067/351/1607 1065/165/1607
f 1061/167/1608 1077/156/1608 1079/353/1608
f 1063/1/1609 1079/1/1609 1080/1/1609
f 1064/1/1047 1080/1/1047 1078/1/1047
f 1074/1/1610 1078/1/1610 1080/1/1610
f 1076/1/1049 1080/1/1049 1079/1/1049
f 1075/354/1611 1079/353/1611 1077/156/1611
f 1070/1/1051 1074/1/1051 1076/1/1051
f 1072/1/1612 1076/1/1612 1075/1/1612
f 1071/355/1613 1075/354/1613 1073/171/1613
f 1069/162/1614 1097/175/1614 1099/356/1614
f 1071/1/1055 1099/1/1055 1100/1/1055
f 1072/1/1056 1100/1/1056 1098/1/1056
f 1086/1/1057 1098/1/1057 1100/1/1057
f 1088/1/1615 1100/1/1615 1099/1/1615
f 1087/357/1616 1099/356/1616 1097/175/1616
f 1082/1/1060 1086/1/1060 1088/1/1060
f 1084/1/1617 1088/1/1617 1087/1/1617
f 1083/358/1618 1087/357/1618 1085/168/1618
f 1081/178/1619 1093/180/1619 1095/359/1619
f 1083/1/1620 1095/1/1620 1096/1/1620
f 1084/1/1065 1096/1/1065 1094/1/1065
f 1090/1/1621 1094/1/1621 1096/1/1621
f 1092/1/1622 1096/1/1622 1095/1/1622
f 1091/360/1623 1095/359/1623 1093/180/1623
f 1089/172/1069 1213/176/1069 1215/361/1069
f 1091/1/1624 1215/1/1624 1216/1/1624
f 1092/1/1071 1216/1/1071 1214/1/1071
f 1213/176/1625 1225/34/1625 1227/362/1625
f 1215/1/1626 1227/1/1626 1228/1/1626
f 1216/1/1074 1228/1/1074 1226/1/1074
f 1225/34/1627 1253/184/1627 1255/363/1627
f 1227/1/1076 1255/1/1076 1256/1/1076
f 1228/1/1628 1256/1/1628 1254/1/1628
f 1230/1/1078 1254/1/1078 1256/1/1078
f 1232/1/1079 1256/1/1079 1255/1/1079
f 1231/364/1629 1255/363/1629 1253/184/1629
f 1229/28/1630 1245/187/1630 1247/365/1630
f 1231/1/1631 1247/1/1631 1248/1/1631
f 1232/1/1083 1248/1/1083 1246/1/1083
f 1238/1/1084 1246/1/1084 1248/1/1084
f 1240/1/1085 1248/1/1085 1247/1/1085
f 1239/366/1632 1247/365/1632 1245/187/1632
f 1237/22/1087 1305/20/1087 1307/367/1087
f 1239/1/1633 1307/1/1633 1308/1/1633
f 1240/1/1089 1308/1/1089 1306/1/1089
f 1270/1/1090 1306/1/1090 1308/1/1090
f 1272/1/1634 1308/1/1634 1307/1/1634
f 1271/368/1092 1307/367/1092 1305/20/1092
f 1262/1/1093 1270/1/1093 1272/1/1093
f 1264/1/1094 1272/1/1094 1271/1/1094
f 1263/369/1635 1271/368/1635 1269/190/1635
f 1261/14/1636 1293/193/1636 1295/370/1636
f 1263/1/1637 1295/1/1637 1296/1/1637
f 1264/1/1098 1296/1/1098 1294/1/1098
f 1278/1/1099 1294/1/1099 1296/1/1099
f 1280/1/1638 1296/1/1638 1295/1/1638
f 1279/371/1101 1295/370/1101 1293/193/1101
f 1277/8/1102 1289/6/1102 1291/372/1102
f 1279/1/1103 1291/1/1103 1292/1/1103
f 1280/1/1104 1292/1/1104 1290/1/1104
f 1282/1/1105 1290/1/1105 1292/1/1105
f 1284/1/1106 1292/1/1106 1291/1/1106
f 1283/373/1107 1291/372/1107 1289/6/1107
f 1285/11/1108 1287/376/1108 1283/375/1108
f 1287/1/1639 1288/1/1639 1284/1/1639
f 1288/1/1110 1286/1/1110 1282/1/1110
f 1286/1/1111 1288/1/1111 1276/1/1111
f 1288/1/1112 1287/1/1112 1275/1/1112
f 1287/376/1113 1285/11/1113 1273/188/1113
f 1301/17/1114 1303/378/1114 1275/377/1114
f 1303/1/1115 1304/1/1115 1276/1/1115
f 1304/1/1116 1302/1/1116 1274/1/1116
f 1302/1/1117 1304/1/1117 1260/1/1117
f 1304/1/1640 1303/1/1640 1259/1/1640
f 1303/378/1641 1301/17/1641 1257/186/1641
f 1265/189/1120 1267/380/1120 1259/379/1120
f 1267/1/1121 1268/1/1121 1260/1/1121
f 1268/1/1122 1266/1/1122 1258/1/1122
f 1297/25/1642 1299/381/1642 1267/380/1642
f 1299/1/1643 1300/1/1643 1268/1/1643
f 1300/1/1125 1298/1/1125 1266/1/1125
f 1298/1/1126 1300/1/1126 1236/1/1126
f 1300/1/1127 1299/1/1127 1235/1/1127
f 1299/381/1644 1297/25/1644 1233/183/1644
f 1241/31/1645 1243/383/1645 1235/382/1645
f 1243/1/1130 1244/1/1130 1236/1/1130
f 1244/1/1131 1242/1/1131 1234/1/1131
f 1249/182/1646 1251/384/1646 1243/383/1646
f 1251/1/1647 1252/1/1647 1244/1/1647
f 1252/1/1648 1250/1/1648 1242/1/1648
f 1250/1/1135 1252/1/1135 1220/1/1135
f 1252/1/1649 1251/1/1649 1219/1/1649
f 1251/384/1650 1249/182/1650 1217/37/1650
f 1221/181/1138 1223/386/1138 1219/385/1138
f 1223/1/1651 1224/1/1651 1220/1/1651
f 1224/1/1652 1222/1/1652 1218/1/1652
f 1222/1/1141 1224/1/1141 1212/1/1141
f 1224/1/1142 1223/1/1142 1211/1/1142
f 1223/386/1653 1221/181/1653 1209/43/1653
f 1309/46/1654 1311/388/1654 1211/387/1654
f 1311/1/1655 1312/1/1655 1212/1/1655
f 1312/1/1146 1310/1/1146 1210/1/1146
f 1310/1/1147 1312/1/1147 1191/1/1147
f 1312/1/1148 1311/1/1148 1192/1/1148
f 1311/388/1656 1309/46/1656 1190/48/1656
f 5/1/1150 277/1/1150 273/1/1150
o __articraft_commit_0005_0001
v -0.002005 0.158175 0.000000
v -0.002005 0.158101 0.003238
v -0.002005 0.157881 0.006469
v -0.002005 0.157514 0.009684
v -0.002005 0.157002 0.012876
v -0.002005 0.156345 0.016037
v -0.002005 0.155546 0.019159
v -0.002005 0.154606 0.022235
v -0.002005 0.153528 0.025257
v -0.002005 0.152314 0.028219
v -0.002005 0.150966 0.031112
v -0.002005 0.149489 0.033931
v -0.002005 0.147886 0.036668
v -0.002005 0.146161 0.039316
v -0.002005 0.144317 0.041870
v -0.002005 0.142360 0.044323
v -0.002005 0.140294 0.046669
v -0.002005 0.138124 0.048903
v -0.002005 0.135855 0.051019
v -0.002005 0.133492 0.053012
v -0.002005 0.131043 0.054877
v -0.002005 0.128511 0.056610
v -0.002005 0.125904 0.058207
v -0.002005 0.123227 0.059663
v -0.002005 0.120488 0.060976
v -0.002005 0.117692 0.062142
v -0.002005 0.114847 0.063158
v -0.002005 0.111959 0.064022
v -0.002005 0.109035 0.064732
v -0.002005 0.106083 0.065286
v -0.002005 0.103109 0.065682
v -0.002005 0.100121 0.065921
v -0.002005 0.097125 0.066000
v -0.002005 0.094129 0.065921
v -0.002005 0.091141 0.065682
v -0.002005 0.088167 0.065286
v -0.002005 0.085215 0.064732
v -0.002005 0.082291 0.064022
v -0.002005 0.079403 0.063158
v -0.002005 0.076558 0.062142
v -0.002005 0.073762 0.060976
v -0.002005 0.071023 0.059663
v -0.002005 0.068346 0.058207
v -0.002005 0.065739 0.056610
v -0.002005 0.063207 0.054877
v -0.002005 0.060758 0.053012
v -0.002005 0.058395 0.051019
v -0.002005 0.056126 0.048903
v -0.002005 0.053956 0.046669
v -0.002005 0.051890 0.044323
v -0.002005 0.049933 0.041870
v -0.002005 0.048089 0.039316
v -0.002005 0.046364 0.036668
v -0.002005 0.044761 0.033931
v -0.002005 0.043284 0.031112
v -0.002005 0.041936 0.028219
v -0.002005 0.040722 0.025257
v -0.002005 0.039644 0.022235
v -0.002005 0.038704 0.019159
v -0.002005 0.037905 0.016037
v -0.002005 0.037248 0.012876
v -0.002005 0.036736 0.009684
v -0.002005 0.036369 0.006469
v -0.002005 0.036149 0.003238
v -0.002005 0.036075 0.000000
v -0.002005 0.036149 -0.003238
v -0.002005 0.036369 -0.006469
v -0.002005 0.036736 -0.009684
v -0.002005 0.037248 -0.012876
v -0.002005 0.037905 -0.016037
v -0.002005 0.038704 -0.019159
v -0.002005 0.039644 -0.022235
v -0.002005 0.040722 -0.025257
v -0.002005 0.041936 -0.028219
v -0.002005 0.043284 -0.031112
v -0.002005 0.044761 -0.033931
v -0.002005 0.046364 -0.036668
v -0.002005 0.048089 -0.039316
v -0.002005 0.049933 -0.041870
v -0.002005 0.051890 -0.044323
v -0.002005 0.053956 -0.046669
v -0.002005 0.056126 -0.048903
v -0.002005 0.058395 -0.051019
v -0.002005 0.060758 -0.053012
v -0.002005 0.063207 -0.054877
v -0.002005 0.065739 -0.056610
v -0.002005 0.068346 -0.058207
v -0.002005 0.071023 -0.059663
v -0.002005 0.073762 -0.060976
v -0.002005 0.076558 -0.062142
v -0.002005 0.079403 -0.063158
v -0.002005 0.082291 -0.064022
v -0.002005 0.085215 -0.064732
v -0.002005 0.088167 -0.065286
v -0.002005 0.091141 -0.065682
v -0.002005 0.094129 -0.065920
v -0.002005 0.097125 -0.066000
v -0.002005 0.100121 -0.065920
v -0.002005 0.103109 -0.065682
v -0.002005 0.106083 -0.065286
v -0.002005 0.109035 -0.064732
v -0.002005 0.111959 -0.064022
v -0.002005 0.114847 -0.063158
v -0.002005 0.117692 -0.062142
v -0.002005 0.120488 -0.060976
v -0.002005 0.123227 -0.059663
v -0.002005 0.125904 -0.058207
v -0.002005 0.128511 -0.056610
v -0.002005 0.131043 -0.054877
v -0.002005 0.133492 -0.053012
v -0.002005 0.135855 -0.051019
v -0.002005 0.138124 -0.048903
v -0.002005 0.140294 -0.046669
v -0.002005 0.142360 -0.044323
v -0.002005 0.144317 -0.041870
v -0.002005 0.146161 -0.039316
v -0.002005 0.147886 -0.036668
v -0.002005 0.149489 -0.033931
v -0.002005 0.150966 -0.031112
v -0.002005 0.152314 -0.028219
v -0.002005 0.153528 -0.025257
v -0.002005 0.154606 -0.022235
v -0.002005 0.155546 -0.019159
v -0.002005 0.156345 -0.016037
v -0.002005 0.157002 -0.012876
v -0.002005 0.157514 -0.009684
v -0.002005 0.157881 -0.006469
v -0.002005 0.158101 -0.003238
v 0.003048 0.158175 0.000000
v 0.003048 0.158101 0.003238
v 0.003048 0.157881 0.006469
v 0.003048 0.157514 0.009684
v 0.003048 0.157002 0.012876
v 0.003048 0.156345 0.016037
v 0.003048 0.155546 0.019159
v 0.003048 0.154606 0.022235
v 0.003048 0.153528 0.025257
v 0.003048 0.152314 0.028219
v 0.003048 0.150966 0.031112
v 0.003048 0.149489 0.033931
v 0.003048 0.147886 0.036668
v 0.003048 0.146161 0.039316
v 0.003048 0.144317 0.041870
v 0.003048 0.142360 0.044323
v 0.003048 0.140294 0.046669
v 0.003048 0.138124 0.048903
v 0.003048 0.135855 0.051019
v 0.003048 0.133492 0.053012
v 0.003048 0.131043 0.054877
v 0.003048 0.128511 0.056610
v 0.003048 0.125904 0.058207
v 0.003048 0.123227 0.059663
v 0.003048 0.120488 0.060976
v 0.003048 0.117692 0.062142
v 0.003048 0.114847 0.063158
v 0.003048 0.111959 0.064022
v 0.003048 0.109035 0.064732
v 0.003048 0.106083 0.065286
v 0.003048 0.103109 0.065682
v 0.003048 0.100121 0.065921
v 0.003048 0.097125 0.066000
v 0.003048 0.094129 0.065921
v 0.003048 0.091141 0.065682
v 0.003048 0.088167 0.065286
v 0.003048 0.085215 0.064732
v 0.003048 0.082291 0.064022
v 0.003048 0.079403 0.063158
v 0.003048 0.076558 0.062142
v 0.003048 0.073762 0.060976
v 0.003048 0.071023 0.059663
v 0.003048 0.068346 0.058207
v 0.003048 0.065739 0.056610
v 0.003048 0.063207 0.054877
v 0.003048 0.060758 0.053012
v 0.003048 0.058395 0.051019
v 0.003048 0.056126 0.048903
v 0.003048 0.053956 0.046669
v 0.003048 0.051890 0.044323
v 0.003048 0.049933 0.041870
v 0.003048 0.048089 0.039316
v 0.003048 0.046364 0.036668
v 0.003048 0.044761 0.033931
v 0.003048 0.043284 0.031112
v 0.003048 0.041936 0.028219
v 0.003048 0.040722 0.025257
v 0.003048 0.039644 0.022235
v 0.003048 0.038704 0.019159
v 0.003048 0.037905 0.016037
v 0.003048 0.037248 0.012876
v 0.003048 0.036736 0.009684
v 0.003048 0.036369 0.006469
v 0.003048 0.036149 0.003238
v 0.003048 0.036075 0.000000
v 0.003048 0.036149 -0.003238
v 0.003048 0.036369 -0.006469
v 0.003048 0.036736 -0.009684
v 0.003048 0.037248 -0.012876
v 0.003048 0.037905 -0.016037
v 0.003048 0.038704 -0.019159
v 0.003048 0.039644 -0.022235
v 0.003048 0.040722 -0.025257
v 0.003048 0.041936 -0.028219
v 0.003048 0.043284 -0.031112
v 0.003048 0.044761 -0.033931
v 0.003048 0.046364 -0.036668
v 0.003048 0.048089 -0.039316
v 0.003048 0.049933 -0.041870
v 0.003048 0.051890 -0.044323
v 0.003048 0.053956 -0.046669
v 0.003048 0.056126 -0.048903
v 0.003048 0.058395 -0.051019
v 0.003048 0.060758 -0.053012
v 0.003048 0.063207 -0.054877
v 0.003048 0.065739 -0.056610
v 0.003048 0.068346 -0.058207
v 0.003048 0.071023 -0.059663
v 0.003048 0.073762 -0.060976
v 0.003048 0.076558 -0.062142
v 0.003048 0.079403 -0.063158
v 0.003048 0.082291 -0.064022
v 0.003048 0.085215 -0.064732
v 0.003048 0.088167 -0.065286
v 0.003048 0.091141 -0.065682
v 0.003048 0.094129 -0.065920
v 0.003048 0.097125 -0.066000
v 0.003048 0.100121 -0.065920
v 0.003048 0.103109 -0.065682
v 0.003048 0.106083 -0.065286
v 0.003048 0.109035 -0.064732
v 0.003048 0.111959 -0.064022
v 0.003048 0.114847 -0.063158
v 0.003048 0.117692 -0.062142
v 0.003048 0.120488 -0.060976
v 0.003048 0.123227 -0.059663
v 0.003048 0.125904 -0.058207
v 0.003048 0.128511 -0.056610
v 0.003048 0.131043 -0.054877
v 0.003048 0.133492 -0.053012
v 0.003048 0.135855 -0.051019
v 0.003048 0.138124 -0.048903
v 0.003048 0.140294 -0.046669
v 0.003048 0.142360 -0.044323
v 0.003048 0.144317 -0.041870
v 0.003048 0.146161 -0.039316
v 0.003048 0.147886 -0.036668
v 0.003048 0.149489 -0.033931
v 0.003048 0.150966 -0.031112
v 0.003048 0.152314 -0.028219
v 0.003048 0.153528 -0.025257
v 0.003048 0.154606 -0.022235
v 0.003048 0.155546 -0.019159
v 0.003048 0.156345 -0.016037
v 0.003048 0.157002 -0.012876
v 0.003048 0.157514 -0.009684
v 0.003048 0.157881 -0.006469
v 0.003048 0.158101 -0.003238
v 0.003890 0.155400 0.000000
v 0.003890 0.155330 0.003091
v 0.003890 0.155119 0.006175
v 0.003890 0.154769 0.009244
v 0.003890 0.154280 0.012291
v 0.003890 0.153654 0.015308
v 0.003890 0.152891 0.018288
v 0.003890 0.151993 0.021224
v 0.003890 0.150964 0.024109
v 0.003890 0.149805 0.026936
v 0.003890 0.148519 0.029698
v 0.003890 0.147109 0.032389
v 0.003890 0.145579 0.035001
v 0.003890 0.143932 0.037529
v 0.003890 0.142172 0.039967
v 0.003890 0.140304 0.042308
v 0.003890 0.138332 0.044548
v 0.003890 0.136260 0.046680
v 0.003890 0.134094 0.048700
v 0.003890 0.131839 0.050602
v 0.003890 0.129501 0.052383
v 0.003890 0.127084 0.054037
v 0.003890 0.124596 0.055561
v 0.003890 0.122041 0.056951
v 0.003890 0.119426 0.058204
v 0.003890 0.116757 0.059317
v 0.003890 0.114041 0.060287
v 0.003890 0.111285 0.061112
v 0.003890 0.108494 0.061789
v 0.003890 0.105676 0.062318
v 0.003890 0.102837 0.062697
v 0.003890 0.099984 0.062924
v 0.003890 0.097125 0.063000
v 0.003890 0.094266 0.062924
v 0.003890 0.091413 0.062697
v 0.003890 0.088574 0.062318
v 0.003890 0.085756 0.061789
v 0.003890 0.082965 0.061112
v 0.003890 0.080209 0.060287
v 0.003890 0.077493 0.059317
v 0.003890 0.074824 0.058204
v 0.003890 0.072209 0.056951
v 0.003890 0.069654 0.055561
v 0.003890 0.067166 0.054037
v 0.003890 0.064749 0.052383
v 0.003890 0.062411 0.050602
v 0.003890 0.060156 0.048700
v 0.003890 0.057990 0.046680
v 0.003890 0.055918 0.044548
v 0.003890 0.053946 0.042308
v 0.003890 0.052078 0.039967
v 0.003890 0.050318 0.037529
v 0.003890 0.048671 0.035001
v 0.003890 0.047141 0.032389
v 0.003890 0.045731 0.029698
v 0.003890 0.044445 0.026936
v 0.003890 0.043286 0.024109
v 0.003890 0.042257 0.021224
v 0.003890 0.041359 0.018288
v 0.003890 0.040596 0.015308
v 0.003890 0.039970 0.012291
v 0.003890 0.039481 0.009244
v 0.003890 0.039131 0.006175
v 0.003890 0.038920 0.003091
v 0.003890 0.038850 0.000000
v 0.003890 0.038920 -0.003091
v 0.003890 0.039131 -0.006175
v 0.003890 0.039481 -0.009244
v 0.003890 0.039970 -0.012291
v 0.003890 0.040596 -0.015308
v 0.003890 0.041359 -0.018288
v 0.003890 0.042257 -0.021224
v 0.003890 0.043286 -0.024109
v 0.003890 0.044445 -0.026936
v 0.003890 0.045731 -0.029698
v 0.003890 0.047141 -0.032388
v 0.003890 0.048671 -0.035001
v 0.003890 0.050318 -0.037529
v 0.003890 0.052078 -0.039967
v 0.003890 0.053946 -0.042308
v 0.003890 0.055918 -0.044548
v 0.003890 0.057990 -0.046680
v 0.003890 0.060156 -0.048700
v 0.003890 0.062411 -0.050602
v 0.003890 0.064749 -0.052383
v 0.003890 0.067166 -0.054037
v 0.003890 0.069654 -0.055561
v 0.003890 0.072209 -0.056951
v 0.003890 0.074824 -0.058204
v 0.003890 0.077493 -0.059317
v 0.003890 0.080209 -0.060287
v 0.003890 0.082965 -0.061112
v 0.003890 0.085756 -0.061789
v 0.003890 0.088574 -0.062318
v 0.003890 0.091413 -0.062697
v 0.003890 0.094266 -0.062924
v 0.003890 0.097125 -0.063000
v 0.003890 0.099984 -0.062924
v 0.003890 0.102837 -0.062697
v 0.003890 0.105676 -0.062318
v 0.003890 0.108494 -0.061789
v 0.003890 0.111285 -0.061112
v 0.003890 0.114041 -0.060287
v 0.003890 0.116757 -0.059317
v 0.003890 0.119426 -0.058204
v 0.003890 0.122041 -0.056951
v 0.003890 0.124596 -0.055561
v 0.003890 0.127084 -0.054037
v 0.003890 0.129501 -0.052383
v 0.003890 0.131839 -0.050602
v 0.003890 0.134094 -0.048700
v 0.003890 0.136260 -0.046680
v 0.003890 0.138332 -0.044548
v 0.003890 0.140304 -0.042308
v 0.003890 0.142172 -0.039967
v 0.003890 0.143932 -0.037529
v 0.003890 0.145579 -0.035001
v 0.003890 0.147109 -0.032388
v 0.003890 0.148519 -0.029698
v 0.003890 0.149805 -0.026936
v 0.003890 0.150964 -0.024109
v 0.003890 0.151993 -0.021224
v 0.003890 0.152891 -0.018288
v 0.003890 0.153654 -0.015308
v 0.003890 0.154280 -0.012291
v 0.003890 0.154769 -0.009244
v 0.003890 0.155119 -0.006175
v 0.003890 0.155330 -0.003091
v -0.001584 0.153550 0.000000
v -0.001584 0.153482 0.002993
v -0.001584 0.153278 0.005979
v -0.001584 0.152939 0.008951
v -0.001584 0.152466 0.011901
v -0.001584 0.151859 0.014822
v -0.001584 0.151120 0.017707
v -0.001584 0.150252 0.020550
v -0.001584 0.149255 0.023344
v -0.001584 0.148133 0.026081
v -0.001584 0.146887 0.028755
v -0.001584 0.145522 0.031360
v -0.001584 0.144041 0.033890
v -0.001584 0.142446 0.036338
v -0.001584 0.140742 0.038698
v -0.001584 0.138933 0.040965
v -0.001584 0.137024 0.043134
v -0.001584 0.135018 0.045198
v -0.001584 0.132921 0.047154
v -0.001584 0.130737 0.048996
v -0.001584 0.128473 0.050720
v -0.001584 0.126133 0.052321
v -0.001584 0.123724 0.053797
v -0.001584 0.121250 0.055143
v -0.001584 0.118718 0.056357
v -0.001584 0.116134 0.057434
v -0.001584 0.113504 0.058373
v -0.001584 0.110835 0.059172
v -0.001584 0.108133 0.059828
v -0.001584 0.105404 0.060340
v -0.001584 0.102656 0.060706
v -0.001584 0.099894 0.060926
v -0.001584 0.097125 0.061000
v -0.001584 0.094356 0.060926
v -0.001584 0.091594 0.060706
v -0.001584 0.088846 0.060340
v -0.001584 0.086117 0.059828
v -0.001584 0.083415 0.059172
v -0.001584 0.080746 0.058373
v -0.001584 0.078116 0.057434
v -0.001584 0.075532 0.056357
v -0.001584 0.073000 0.055143
v -0.001584 0.070526 0.053797
v -0.001584 0.068117 0.052321
v -0.001584 0.065777 0.050720
v -0.001584 0.063513 0.048996
v -0.001584 0.061329 0.047154
v -0.001584 0.059232 0.045198
v -0.001584 0.057227 0.043134
v -0.001584 0.055317 0.040965
v -0.001584 0.053508 0.038698
v -0.001584 0.051804 0.036338
v -0.001584 0.050209 0.033890
v -0.001584 0.048728 0.031360
v -0.001584 0.047363 0.028755
v -0.001584 0.046117 0.026081
v -0.001584 0.044995 0.023344
v -0.001584 0.043998 0.020550
v -0.001584 0.043130 0.017707
v -0.001584 0.042391 0.014822
v -0.001584 0.041784 0.011901
v -0.001584 0.041311 0.008951
v -0.001584 0.040972 0.005979
v -0.001584 0.040768 0.002993
v -0.001584 0.040700 0.000000
v -0.001584 0.040768 -0.002993
v -0.001584 0.040972 -0.005979
v -0.001584 0.041311 -0.008951
v -0.001584 0.041784 -0.011900
v -0.001584 0.042391 -0.014822
v -0.001584 0.043130 -0.017707
v -0.001584 0.043998 -0.020550
v -0.001584 0.044995 -0.023344
v -0.001584 0.046117 -0.026081
v -0.001584 0.047363 -0.028755
v -0.001584 0.048728 -0.031360
v -0.001584 0.050209 -0.033890
v -0.001584 0.051804 -0.036338
v -0.001584 0.053508 -0.038698
v -0.001584 0.055317 -0.040965
v -0.001584 0.057227 -0.043133
v -0.001584 0.059232 -0.045198
v -0.001584 0.061329 -0.047154
v -0.001584 0.063513 -0.048996
v -0.001584 0.065777 -0.050720
v -0.001584 0.068117 -0.052321
v -0.001584 0.070526 -0.053797
v -0.001584 0.073000 -0.055143
v -0.001584 0.075532 -0.056357
v -0.001584 0.078116 -0.057434
v -0.001584 0.080746 -0.058373
v -0.001584 0.083415 -0.059172
v -0.001584 0.086117 -0.059828
v -0.001584 0.088846 -0.060340
v -0.001584 0.091594 -0.060706
v -0.001584 0.094356 -0.060926
v -0.001584 0.097125 -0.061000
v -0.001584 0.099894 -0.060926
v -0.001584 0.102656 -0.060706
v -0.001584 0.105404 -0.060340
v -0.001584 0.108133 -0.059828
v -0.001584 0.110835 -0.059172
v -0.001584 0.113504 -0.058373
v -0.001584 0.116134 -0.057434
v -0.001584 0.118718 -0.056357
v -0.001584 0.121250 -0.055143
v -0.001584 0.123724 -0.053797
v -0.001584 0.126133 -0.052321
v -0.001584 0.128473 -0.050720
v -0.001584 0.130737 -0.048996
v -0.001584 0.132921 -0.047154
v -0.001584 0.135018 -0.045198
v -0.001584 0.137024 -0.043133
v -0.001584 0.138933 -0.040965
v -0.001584 0.140742 -0.038698
v -0.001584 0.142446 -0.036338
v -0.001584 0.144041 -0.033890
v -0.001584 0.145522 -0.031360
v -0.001584 0.146887 -0.028755
v -0.001584 0.148133 -0.026081
v -0.001584 0.149255 -0.023344
v -0.001584 0.150252 -0.020550
v -0.001584 0.151120 -0.017707
v -0.001584 0.151859 -0.014822
v -0.001584 0.152466 -0.011900
v -0.001584 0.152939 -0.008951
v -0.001584 0.153278 -0.005979
v -0.001584 0.153482 -0.002993
vn -0.7332 0.6800 -0.0000
vn -0.7332 0.6793 0.0309
vn -0.7332 0.6772 0.0617
vn -0.7331 0.6738 0.0924
vn -0.7331 0.6689 0.1231
vn -0.7330 0.6627 0.1535
vn -0.7329 0.6550 0.1838
vn -0.7329 0.6459 0.2138
vn -0.7328 0.6355 0.2434
vn -0.7326 0.6236 0.2728
vn -0.7325 0.6102 0.3017
vn -0.7324 0.5955 0.3301
vn -0.7323 0.5793 0.3580
vn -0.7321 0.5617 0.3853
vn -0.7320 0.5427 0.4119
vn -0.7318 0.5223 0.4378
vn -0.7317 0.5004 0.4628
vn -0.7315 0.4772 0.4870
vn -0.7314 0.4526 0.5101
vn -0.7312 0.4268 0.5322
vn -0.7311 0.3996 0.5531
vn -0.7309 0.3712 0.5727
vn -0.7308 0.3416 0.5910
vn -0.7306 0.3109 0.6079
vn -0.7305 0.2791 0.6232
vn -0.7304 0.2464 0.6370
vn -0.7303 0.2129 0.6491
vn -0.7302 0.1786 0.6594
vn -0.7302 0.1437 0.6680
vn -0.7301 0.1082 0.6747
vn -0.7301 0.0724 0.6795
vn -0.7300 0.0362 0.6824
vn -0.7300 -0.0000 0.6834
vn -0.7300 -0.0362 0.6824
vn -0.7301 -0.0724 0.6795
vn -0.7301 -0.1082 0.6747
vn -0.7302 -0.1437 0.6680
vn -0.7302 -0.1786 0.6594
vn -0.7303 -0.2129 0.6491
vn -0.7304 -0.2464 0.6370
vn -0.7305 -0.2791 0.6232
vn -0.7306 -0.3109 0.6079
vn -0.7308 -0.3416 0.5910
vn -0.7309 -0.3712 0.5727
vn -0.7311 -0.3996 0.5531
vn -0.7312 -0.4268 0.5322
vn -0.7314 -0.4526 0.5101
vn -0.7315 -0.4772 0.4870
vn -0.7317 -0.5004 0.4628
vn -0.7318 -0.5223 0.4378
vn -0.7320 -0.5427 0.4119
vn -0.7321 -0.5617 0.3853
vn -0.7323 -0.5793 0.3580
vn -0.7324 -0.5955 0.3301
vn -0.7325 -0.6102 0.3017
vn -0.7326 -0.6236 0.2728
vn -0.7328 -0.6355 0.2434
vn -0.7329 -0.6459 0.2138
vn -0.7329 -0.6550 0.1838
vn -0.7330 -0.6627 0.1535
vn -0.7331 -0.6689 0.1231
vn -0.7331 -0.6738 0.0924
vn -0.7332 -0.6772 0.0617
vn -0.7332 -0.6793 0.0309
vn -0.7332 -0.6800 -0.0000
vn -0.7332 -0.6793 -0.0309
vn -0.7332 -0.6772 -0.0617
vn -0.7331 -0.6738 -0.0924
vn -0.7331 -0.6689 -0.1231
vn -0.7330 -0.6627 -0.1535
vn -0.7329 -0.6550 -0.1838
vn -0.7329 -0.6459 -0.2138
vn -0.7328 -0.6355 -0.2434
vn -0.7326 -0.6236 -0.2728
vn -0.7325 -0.6102 -0.3017
vn -0.7324 -0.5955 -0.3301
vn -0.7323 -0.5793 -0.3580
vn -0.7321 -0.5617 -0.3853
vn -0.7320 -0.5427 -0.4119
vn -0.7318 -0.5223 -0.4378
vn -0.7317 -0.5004 -0.4628
vn -0.7315 -0.4772 -0.4870
vn -0.7314 -0.4526 -0.5101
vn -0.7312 -0.4268 -0.5322
vn -0.7311 -0.3996 -0.5531
vn -0.7309 -0.3712 -0.5727
vn -0.7308 -0.3416 -0.5910
vn -0.7306 -0.3109 -0.6079
vn -0.7305 -0.2791 -0.6232
vn -0.7304 -0.2464 -0.6370
vn -0.7303 -0.2129 -0.6491
vn -0.7302 -0.1786 -0.6594
vn -0.7302 -0.1437 -0.6680
vn -0.7301 -0.1082 -0.6747
vn -0.7301 -0.0724 -0.6795
vn -0.7300 -0.0362 -0.6824
vn -0.7300 -0.0000 -0.6834
vn -0.7300 0.0362 -0.6824
vn -0.7301 0.0724 -0.6795
vn -0.7301 0.1082 -0.6747
vn -0.7302 0.1437 -0.6680
vn -0.7302 0.1786 -0.6594
vn -0.7303 0.2129 -0.6491
vn -0.7304 0.2464 -0.6370
vn -0.7305 0.2791 -0.6232
vn -0.7306 0.3109 -0.6079
vn -0.7308 0.3416 -0.5910
vn -0.7309 0.3712 -0.5727
vn -0.7311 0.3996 -0.5531
vn -0.7312 0.4268 -0.5322
vn -0.7314 0.4526 -0.5101
vn -0.7315 0.4772 -0.4870
vn -0.7317 0.5004 -0.4628
vn -0.7318 0.5223 -0.4378
vn -0.7320 0.5427 -0.4119
vn -0.7321 0.5617 -0.3853
vn -0.7323 0.5793 -0.3580
vn -0.7324 0.5955 -0.3301
vn -0.7325 0.6102 -0.3017
vn -0.7326 0.6236 -0.2728
vn -0.7328 0.6355 -0.2434
vn -0.7329 0.6459 -0.2138
vn -0.7329 0.6550 -0.1838
vn -0.7330 0.6627 -0.1535
vn -0.7331 0.6689 -0.1231
vn -0.7331 0.6738 -0.0924
vn -0.7332 0.6772 -0.0617
vn -0.7332 0.6793 -0.0309
vn 0.5916 0.8062 -0.0000
vn 0.5916 0.8054 0.0366
vn 0.5916 0.8029 0.0732
vn 0.5917 0.7986 0.1096
vn 0.5919 0.7927 0.1459
vn 0.5920 0.7851 0.1820
vn 0.5922 0.7758 0.2178
vn 0.5924 0.7648 0.2533
vn 0.5927 0.7521 0.2883
vn 0.5929 0.7377 0.3229
vn 0.5932 0.7216 0.3570
vn 0.5935 0.7038 0.3904
vn 0.5939 0.6843 0.4232
vn 0.5942 0.6631 0.4552
vn 0.5946 0.6403 0.4863
vn 0.5950 0.6158 0.5166
vn 0.5953 0.5897 0.5458
vn 0.5957 0.5620 0.5739
vn 0.5961 0.5327 0.6008
vn 0.5964 0.5019 0.6264
vn 0.5968 0.4697 0.6506
vn 0.5971 0.4360 0.6733
vn 0.5975 0.4010 0.6944
vn 0.5978 0.3648 0.7139
vn 0.5981 0.3274 0.7315
vn 0.5983 0.2889 0.7474
vn 0.5985 0.2495 0.7613
vn 0.5987 0.2092 0.7731
vn 0.5989 0.1683 0.7830
vn 0.5990 0.1267 0.7906
vn 0.5991 0.0847 0.7962
vn 0.5992 0.0424 0.7995
vn 0.5992 -0.0000 0.8006
vn 0.5992 -0.0424 0.7995
vn 0.5991 -0.0847 0.7962
vn 0.5990 -0.1267 0.7906
vn 0.5989 -0.1683 0.7830
vn 0.5987 -0.2092 0.7731
vn 0.5985 -0.2495 0.7613
vn 0.5983 -0.2889 0.7474
vn 0.5981 -0.3274 0.7315
vn 0.5978 -0.3648 0.7139
vn 0.5975 -0.4010 0.6944
vn 0.5971 -0.4360 0.6733
vn 0.5968 -0.4697 0.6506
vn 0.5964 -0.5019 0.6264
vn 0.5961 -0.5327 0.6008
vn 0.5957 -0.5620 0.5739
vn 0.5953 -0.5897 0.5458
vn 0.5950 -0.6158 0.5166
vn 0.5946 -0.6403 0.4863
vn 0.5942 -0.6631 0.4552
vn 0.5939 -0.6843 0.4232
vn 0.5935 -0.7038 0.3904
vn 0.5932 -0.7216 0.3570
vn 0.5929 -0.7377 0.3229
vn 0.5927 -0.7521 0.2883
vn 0.5924 -0.7648 0.2533
vn 0.5922 -0.7758 0.2178
vn 0.5920 -0.7851 0.1820
vn 0.5919 -0.7927 0.1459
vn 0.5917 -0.7986 0.1096
vn 0.5916 -0.8029 0.0732
vn 0.5916 -0.8054 0.0366
vn 0.5916 -0.8062 -0.0000
vn 0.5916 -0.8054 -0.0366
vn 0.5916 -0.8029 -0.0732
vn 0.5917 -0.7986 -0.1096
vn 0.5919 -0.7927 -0.1459
vn 0.5920 -0.7851 -0.1820
vn 0.5922 -0.7758 -0.2178
vn 0.5924 -0.7648 -0.2533
vn 0.5927 -0.7521 -0.2883
vn 0.5929 -0.7377 -0.3229
vn 0.5932 -0.7216 -0.3570
vn 0.5936 -0.7038 -0.3904
vn 0.5939 -0.6843 -0.4232
vn 0.5942 -0.6631 -0.4552
vn 0.5946 -0.6403 -0.4863
vn 0.5950 -0.6158 -0.5166
vn 0.5953 -0.5897 -0.5458
vn 0.5957 -0.5620 -0.5739
vn 0.5961 -0.5327 -0.6008
vn 0.5964 -0.5019 -0.6264
vn 0.5968 -0.4697 -0.6506
vn 0.5971 -0.4360 -0.6733
vn 0.5975 -0.4010 -0.6944
vn 0.5978 -0.3648 -0.7139
vn 0.5981 -0.3274 -0.7315
vn 0.5983 -0.2889 -0.7474
vn 0.5985 -0.2495 -0.7613
vn 0.5987 -0.2092 -0.7731
vn 0.5989 -0.1683 -0.7830
vn 0.5990 -0.1267 -0.7906
vn 0.5991 -0.0847 -0.7962
vn 0.5992 -0.0424 -0.7995
vn 0.5992 -0.0000 -0.8006
vn 0.5992 0.0424 -0.7995
vn 0.5991 0.0847 -0.7962
vn 0.5990 0.1267 -0.7906
vn 0.5989 0.1683 -0.7830
vn 0.5987 0.2092 -0.7731
vn 0.5985 0.2495 -0.7613
vn 0.5983 0.2889 -0.7474
vn 0.5981 0.3274 -0.7315
vn 0.5978 0.3648 -0.7139
vn 0.5975 0.4010 -0.6944
vn 0.5971 0.4360 -0.6733
vn 0.5968 0.4697 -0.6506
vn 0.5964 0.5019 -0.6264
vn 0.5961 0.5327 -0.6008
vn 0.5957 0.5620 -0.5739
vn 0.5953 0.5897 -0.5458
vn 0.5950 0.6158 -0.5166
vn 0.5946 0.6403 -0.4863
vn 0.5942 0.6631 -0.4552
vn 0.5939 0.6843 -0.4232
vn 0.5936 0.7038 -0.3904
vn 0.5932 0.7216 -0.3570
vn 0.5929 0.7377 -0.3229
vn 0.5927 0.7521 -0.2883
vn 0.5924 0.7648 -0.2533
vn 0.5922 0.7758 -0.2178
vn 0.5920 0.7851 -0.1820
vn 0.5919 0.7927 -0.1459
vn 0.5917 0.7986 -0.1096
vn 0.5916 0.8029 -0.0732
vn 0.5916 0.8054 -0.0366
vn 0.8933 -0.4494 -0.0000
vn 0.8933 -0.4489 -0.0204
vn 0.8933 -0.4475 -0.0409
vn 0.8933 -0.4452 -0.0612
vn 0.8934 -0.4419 -0.0815
vn 0.8934 -0.4376 -0.1016
vn 0.8934 -0.4325 -0.1216
vn 0.8934 -0.4263 -0.1414
vn 0.8935 -0.4193 -0.1610
vn 0.8935 -0.4112 -0.1803
vn 0.8936 -0.4023 -0.1993
vn 0.8936 -0.3923 -0.2180
vn 0.8937 -0.3815 -0.2363
vn 0.8937 -0.3697 -0.2542
vn 0.8938 -0.3569 -0.2716
vn 0.8938 -0.3433 -0.2885
vn 0.8939 -0.3287 -0.3048
vn 0.8940 -0.3133 -0.3205
vn 0.8940 -0.2970 -0.3355
vn 0.8941 -0.2798 -0.3497
vn 0.8942 -0.2618 -0.3632
vn 0.8942 -0.2430 -0.3759
vn 0.8943 -0.2235 -0.3877
vn 0.8944 -0.2033 -0.3985
vn 0.8944 -0.1824 -0.4083
vn 0.8945 -0.1610 -0.4171
vn 0.8945 -0.1390 -0.4249
vn 0.8946 -0.1166 -0.4315
vn 0.8946 -0.0937 -0.4369
vn 0.8946 -0.0706 -0.4412
vn 0.8947 -0.0472 -0.4443
vn 0.8947 -0.0236 -0.4461
vn 0.8947 -0.0000 -0.4467
vn 0.8947 0.0236 -0.4461
vn 0.8947 0.0472 -0.4443
vn 0.8946 0.0706 -0.4412
vn 0.8946 0.0937 -0.4369
vn 0.8946 0.1166 -0.4315
vn 0.8945 0.1390 -0.4249
vn 0.8945 0.1610 -0.4171
vn 0.8944 0.1824 -0.4083
vn 0.8944 0.2033 -0.3985
vn 0.8943 0.2235 -0.3877
vn 0.8942 0.2430 -0.3759
vn 0.8942 0.2618 -0.3632
vn 0.8941 0.2798 -0.3497
vn 0.8940 0.2970 -0.3355
vn 0.8940 0.3133 -0.3205
vn 0.8939 0.3287 -0.3048
vn 0.8938 0.3433 -0.2885
vn 0.8938 0.3569 -0.2716
vn 0.8937 0.3697 -0.2542
vn 0.8937 0.3815 -0.2363
vn 0.8936 0.3923 -0.2180
vn 0.8936 0.4023 -0.1993
vn 0.8935 0.4112 -0.1803
vn 0.8935 0.4193 -0.1610
vn 0.8934 0.4263 -0.1414
vn 0.8934 0.4325 -0.1216
vn 0.8934 0.4376 -0.1016
vn 0.8934 0.4419 -0.0815
vn 0.8933 0.4452 -0.0612
vn 0.8933 0.4475 -0.0409
vn 0.8933 0.4489 -0.0204
vn 0.8933 0.4494 -0.0000
vn 0.8933 0.4489 0.0204
vn 0.8933 0.4475 0.0409
vn 0.8933 0.4452 0.0612
vn 0.8934 0.4419 0.0815
vn 0.8934 0.4376 0.1016
vn 0.8934 0.4325 0.1216
vn 0.8934 0.4263 0.1414
vn 0.8935 0.4193 0.1610
vn 0.8935 0.4112 0.1803
vn 0.8936 0.4023 0.1993
vn 0.8936 0.3923 0.2180
vn 0.8937 0.3815 0.2363
vn 0.8937 0.3697 0.2542
vn 0.8938 0.3570 0.2716
vn 0.8938 0.3433 0.2885
vn 0.8939 0.3287 0.3048
vn 0.8940 0.3133 0.3205
vn 0.8940 0.2970 0.3355
vn 0.8941 0.2798 0.3497
vn 0.8942 0.2618 0.3632
vn 0.8942 0.2430 0.3759
vn 0.8943 0.2235 0.3877
vn 0.8944 0.2033 0.3985
vn 0.8944 0.1824 0.4083
vn 0.8945 0.1610 0.4171
vn 0.8945 0.1390 0.4248
vn 0.8946 0.1166 0.4315
vn 0.8946 0.0937 0.4369
vn 0.8946 0.0706 0.4412
vn 0.8947 0.0472 0.4443
vn 0.8947 0.0236 0.4461
vn 0.8947 -0.0000 0.4467
vn 0.8947 -0.0236 0.4461
vn 0.8947 -0.0472 0.4443
vn 0.8946 -0.0706 0.4412
vn 0.8946 -0.0937 0.4369
vn 0.8946 -0.1166 0.4315
vn 0.8945 -0.1390 0.4248
vn 0.8945 -0.1610 0.4171
vn 0.8944 -0.1824 0.4083
vn 0.8944 -0.2033 0.3985
vn 0.8943 -0.2235 0.3877
vn 0.8942 -0.2430 0.3759
vn 0.8942 -0.2618 0.3632
vn 0.8941 -0.2798 0.3497
vn 0.8940 -0.2970 0.3355
vn 0.8940 -0.3133 0.3205
vn 0.8939 -0.3287 0.3048
vn 0.8938 -0.3433 0.2885
vn 0.8938 -0.3570 0.2716
vn 0.8937 -0.3697 0.2542
vn 0.8937 -0.3815 0.2363
vn 0.8936 -0.3923 0.2180
vn 0.8936 -0.4023 0.1993
vn 0.8935 -0.4112 0.1803
vn 0.8935 -0.4193 0.1610
vn 0.8934 -0.4263 0.1414
vn 0.8934 -0.4325 0.1216
vn 0.8934 -0.4376 0.1016
vn 0.8934 -0.4419 0.0815
vn 0.8933 -0.4452 0.0612
vn 0.8933 -0.4475 0.0409
vn 0.8933 -0.4489 0.0204
vn -0.5508 -0.8346 -0.0000
vn -0.5508 -0.8338 -0.0379
vn -0.5508 -0.8312 -0.0757
vn -0.5507 -0.8270 -0.1134
vn -0.5506 -0.8210 -0.1509
vn -0.5505 -0.8133 -0.1883
vn -0.5503 -0.8039 -0.2254
vn -0.5502 -0.7928 -0.2622
vn -0.5500 -0.7800 -0.2986
vn -0.5498 -0.7654 -0.3346
vn -0.5495 -0.7491 -0.3700
vn -0.5493 -0.7310 -0.4049
vn -0.5490 -0.7111 -0.4392
vn -0.5487 -0.6896 -0.4727
vn -0.5484 -0.6662 -0.5053
vn -0.5481 -0.6412 -0.5371
vn -0.5478 -0.6144 -0.5678
vn -0.5475 -0.5859 -0.5975
vn -0.5472 -0.5558 -0.6259
vn -0.5468 -0.5240 -0.6530
vn -0.5465 -0.4907 -0.6787
vn -0.5462 -0.4558 -0.7028
vn -0.5459 -0.4195 -0.7253
vn -0.5457 -0.3818 -0.7460
vn -0.5454 -0.3428 -0.7649
vn -0.5452 -0.3027 -0.7818
vn -0.5450 -0.2615 -0.7966
vn -0.5448 -0.2194 -0.8094
vn -0.5446 -0.1765 -0.8199
vn -0.5445 -0.1329 -0.8282
vn -0.5444 -0.0889 -0.8341
vn -0.5444 -0.0445 -0.8377
vn -0.5444 -0.0000 -0.8389
vn -0.5444 0.0445 -0.8377
vn -0.5444 0.0889 -0.8341
vn -0.5445 0.1329 -0.8282
vn -0.5446 0.1765 -0.8199
vn -0.5448 0.2194 -0.8094
vn -0.5450 0.2615 -0.7966
vn -0.5452 0.3027 -0.7818
vn -0.5454 0.3428 -0.7649
vn -0.5457 0.3818 -0.7460
vn -0.5459 0.4195 -0.7253
vn -0.5462 0.4558 -0.7028
vn -0.5465 0.4907 -0.6787
vn -0.5468 0.5240 -0.6530
vn -0.5472 0.5558 -0.6259
vn -0.5475 0.5859 -0.5975
vn -0.5478 0.6144 -0.5678
vn -0.5481 0.6412 -0.5371
vn -0.5484 0.6662 -0.5053
vn -0.5487 0.6896 -0.4727
vn -0.5490 0.7111 -0.4392
vn -0.5493 0.7310 -0.4049
vn -0.5495 0.7491 -0.3700
vn -0.5498 0.7654 -0.3346
vn -0.5500 0.7800 -0.2986
vn -0.5502 0.7928 -0.2622
vn -0.5503 0.8039 -0.2254
vn -0.5505 0.8133 -0.1883
vn -0.5506 0.8210 -0.1509
vn -0.5507 0.8270 -0.1134
vn -0.5508 0.8312 -0.0757
vn -0.5508 0.8338 -0.0379
vn -0.5508 0.8346 -0.0000
vn -0.5508 0.8338 0.0379
vn -0.5508 0.8312 0.0757
vn -0.5507 0.8270 0.1134
vn -0.5506 0.8210 0.1509
vn -0.5505 0.8133 0.1883
vn -0.5503 0.8039 0.2254
vn -0.5502 0.7928 0.2622
vn -0.5500 0.7800 0.2986
vn -0.5498 0.7654 0.3346
vn -0.5495 0.7491 0.3700
vn -0.5493 0.7310 0.4049
vn -0.5490 0.7112 0.4392
vn -0.5487 0.6896 0.4727
vn -0.5484 0.6662 0.5053
vn -0.5481 0.6412 0.5371
vn -0.5478 0.6144 0.5678
vn -0.5475 0.5859 0.5975
vn -0.5472 0.5558 0.6259
vn -0.5468 0.5240 0.6530
vn -0.5465 0.4907 0.6787
vn -0.5462 0.4558 0.7028
vn -0.5459 0.4195 0.7253
vn -0.5457 0.3818 0.7460
vn -0.5454 0.3428 0.7649
vn -0.5452 0.3027 0.7818
vn -0.5449 0.2615 0.7966
vn -0.5448 0.2194 0.8094
vn -0.5446 0.1765 0.8199
vn -0.5445 0.1329 0.8282
vn -0.5444 0.0889 0.8341
vn -0.5443 0.0445 0.8377
vn -0.5443 -0.0000 0.8389
vn -0.5443 -0.0445 0.8377
vn -0.5444 -0.0889 0.8341
vn -0.5445 -0.1329 0.8282
vn -0.5446 -0.1765 0.8199
vn -0.5448 -0.2194 0.8094
vn -0.5449 -0.2615 0.7966
vn -0.5452 -0.3027 0.7818
vn -0.5454 -0.3428 0.7649
vn -0.5457 -0.3818 0.7460
vn -0.5459 -0.4195 0.7253
vn -0.5462 -0.4558 0.7028
vn -0.5465 -0.4907 0.6787
vn -0.5468 -0.5240 0.6530
vn -0.5472 -0.5558 0.6259
vn -0.5475 -0.5859 0.5975
vn -0.5478 -0.6144 0.5678
vn -0.5481 -0.6412 0.5371
vn -0.5484 -0.6662 0.5053
vn -0.5487 -0.6896 0.4727
vn -0.5490 -0.7112 0.4392
vn -0.5493 -0.7310 0.4049
vn -0.5495 -0.7491 0.3700
vn -0.5498 -0.7654 0.3346
vn -0.5500 -0.7800 0.2986
vn -0.5502 -0.7928 0.2622
vn -0.5503 -0.8039 0.2254
vn -0.5505 -0.8133 0.1883
vn -0.5506 -0.8210 0.1509
vn -0.5507 -0.8270 0.1134
vn -0.5508 -0.8312 0.0757
vn -0.5508 -0.8338 0.0379
s 1
usemtl door_graphite
f 1314//1658 1441//1785 1313//1657
f 1315//1659 1442//1786 1314//1658
f 1316//1660 1443//1787 1315//1659
f 1317//1661 1444//1788 1316//1660
f 1318//1662 1445//1789 1317//1661
f 1319//1663 1446//1790 1318//1662
f 1320//1664 1447//1791 1319//1663
f 1321//1665 1448//1792 1320//1664
f 1322//1666 1449//1793 1321//1665
f 1323//1667 1450//1794 1322//1666
f 1324//1668 1451//1795 1323//1667
f 1325//1669 1452//1796 1324//1668
f 1326//1670 1453//1797 1325//1669
f 1327//1671 1454//1798 1326//1670
f 1328//1672 1455//1799 1327//1671
f 1329//1673 1456//1800 1328//1672
f 1330//1674 1457//1801 1329//1673
f 1331//1675 1458//1802 1330//1674
f 1332//1676 1459//1803 1331//1675
f 1333//1677 1460//1804 1332//1676
f 1334//1678 1461//1805 1333//1677
f 1335//1679 1462//1806 1334//1678
f 1336//1680 1463//1807 1335//1679
f 1337//1681 1464//1808 1336//1680
f 1338//1682 1465//1809 1337//1681
f 1339//1683 1466//1810 1338//1682
f 1340//1684 1467//1811 1339//1683
f 1341//1685 1468//1812 1340//1684
f 1342//1686 1469//1813 1341//1685
f 1343//1687 1470//1814 1342//1686
f 1344//1688 1471//1815 1343//1687
f 1345//1689 1472//1816 1344//1688
f 1346//1690 1473//1817 1345//1689
f 1347//1691 1474//1818 1346//1690
f 1348//1692 1475//1819 1347//1691
f 1349//1693 1476//1820 1348//1692
f 1350//1694 1477//1821 1349//1693
f 1351//1695 1478//1822 1350//1694
f 1352//1696 1479//1823 1351//1695
f 1353//1697 1480//1824 1352//1696
f 1354//1698 1481//1825 1353//1697
f 1355//1699 1482//1826 1354//1698
f 1356//1700 1483//1827 1355//1699
f 1357//1701 1484//1828 1356//1700
f 1358//1702 1485//1829 1357//1701
f 1359//1703 1486//1830 1358//1702
f 1360//1704 1487//1831 1359//1703
f 1361//1705 1488//1832 1360//1704
f 1362//1706 1489//1833 1361//1705
f 1363//1707 1490//1834 1362//1706
f 1364//1708 1491//1835 1363//1707
f 1365//1709 1492//1836 1364//1708
f 1366//1710 1493//1837 1365//1709
f 1367//1711 1494//1838 1366//1710
f 1368//1712 1495//1839 1367//1711
f 1369//1713 1496//1840 1368//1712
f 1370//1714 1497//1841 1369//1713
f 1371//1715 1498//1842 1370//1714
f 1372//1716 1499//1843 1371//1715
f 1373//1717 1500//1844 1372//1716
f 1374//1718 1501//1845 1373//1717
f 1375//1719 1502//1846 1374//1718
f 1376//1720 1503//1847 1375//1719
f 1377//1721 1504//1848 1376//1720
f 1378//1722 1505//1849 1377//1721
f 1379//1723 1506//1850 1378//1722
f 1380//1724 1507//1851 1379//1723
f 1381//1725 1508//1852 1380//1724
f 1382//1726 1509//1853 1381//1725
f 1383//1727 1510//1854 1382//1726
f 1384//1728 1511//1855 1383//1727
f 1385//1729 1512//1856 1384//1728
f 1386//1730 1513//1857 1385//1729
f 1387//1731 1514//1858 1386//1730
f 1388//1732 1515//1859 1387//1731
f 1389//1733 1516//1860 1388//1732
f 1390//1734 1517//1861 1389//1733
f 1391//1735 1518//1862 1390//1734
f 1392//1736 1519//1863 1391//1735
f 1393//1737 1520//1864 1392//1736
f 1394//1738 1521//1865 1393//1737
f 1395//1739 1522//1866 1394//1738
f 1396//1740 1523//1867 1395//1739
f 1397//1741 1524//1868 1396//1740
f 1398//1742 1525//1869 1397//1741
f 1399//1743 1526//1870 1398//1742
f 1400//1744 1527//1871 1399//1743
f 1401//1745 1528//1872 1400//1744
f 1402//1746 1529//1873 1401//1745
f 1403//1747 1530//1874 1402//1746
f 1404//1748 1531//1875 1403//1747
f 1405//1749 1532//1876 1404//1748
f 1406//1750 1533//1877 1405//1749
f 1407//1751 1534//1878 1406//1750
f 1408//1752 1535//1879 1407//1751
f 1409//1753 1536//1880 1408//1752
f 1410//1754 1537//1881 1409//1753
f 1411//1755 1538//1882 1410//1754
f 1412//1756 1539//1883 1411//1755
f 1413//1757 1540//1884 1412//1756
f 1414//1758 1541//1885 1413//1757
f 1415//1759 1542//1886 1414//1758
f 1416//1760 1543//1887 1415//1759
f 1417//1761 1544//1888 1416//1760
f 1418//1762 1545//1889 1417//1761
f 1419//1763 1546//1890 1418//1762
f 1420//1764 1547//1891 1419//1763
f 1421//1765 1548//1892 1420//1764
f 1422//1766 1549//1893 1421//1765
f 1423//1767 1550//1894 1422//1766
f 1424//1768 1551//1895 1423//1767
f 1425//1769 1552//1896 1424//1768
f 1426//1770 1553//1897 1425//1769
f 1427//1771 1554//1898 1426//1770
f 1428//1772 1555//1899 1427//1771
f 1429//1773 1556//1900 1428//1772
f 1430//1774 1557//1901 1429//1773
f 1431//1775 1558//1902 1430//1774
f 1432//1776 1559//1903 1431//1775
f 1433//1777 1560//1904 1432//1776
f 1434//1778 1561//1905 1433//1777
f 1435//1779 1562//1906 1434//1778
f 1436//1780 1563//1907 1435//1779
f 1437//1781 1564//1908 1436//1780
f 1438//1782 1565//1909 1437//1781
f 1439//1783 1566//1910 1438//1782
f 1440//1784 1567//1911 1439//1783
f 1313//1657 1568//1912 1440//1784
f 1441//1785 1570//1914 1569//1913
f 1442//1786 1571//1915 1570//1914
f 1443//1787 1572//1916 1571//1915
f 1444//1788 1573//1917 1572//1916
f 1445//1789 1574//1918 1573//1917
f 1446//1790 1575//1919 1574//1918
f 1447//1791 1576//1920 1575//1919
f 1448//1792 1577//1921 1576//1920
f 1449//1793 1578//1922 1577//1921
f 1450//1794 1579//1923 1578//1922
f 1451//1795 1580//1924 1579//1923
f 1452//1796 1581//1925 1580//1924
f 1453//1797 1582//1926 1581//1925
f 1454//1798 1583//1927 1582//1926
f 1455//1799 1584//1928 1583//1927
f 1456//1800 1585//1929 1584//1928
f 1457//1801 1586//1930 1585//1929
f 1458//1802 1587//1931 1586//1930
f 1459//1803 1588//1932 1587//1931
f 1460//1804 1589//1933 1588//1932
f 1461//1805 1590//1934 1589//1933
f 1462//1806 1591//1935 1590//1934
f 1463//1807 1592//1936 1591//1935
f 1464//1808 1593//1937 1592//1936
f 1465//1809 1594//1938 1593//1937
f 1466//1810 1595//1939 1594//1938
f 1467//1811 1596//1940 1595//1939
f 1468//1812 1597//1941 1596//1940
f 1469//1813 1598//1942 1597//1941
f 1470//1814 1599//1943 1598//1942
f 1471//1815 1600//1944 1599//1943
f 1472//1816 1601//1945 1600//1944
f 1474//1818 1601//1945 1473//1817
f 1475//1819 1602//1946 1474//1818
f 1476//1820 1603//1947 1475//1819
f 1477//1821 1604//1948 1476//1820
f 1478//1822 1605//1949 1477//1821
f 1479//1823 1606//1950 1478//1822
f 1480//1824 1607//1951 1479//1823
f 1481//1825 1608//1952 1480//1824
f 1482//1826 1609//1953 1481//1825
f 1483//1827 1610//1954 1482//1826
f 1484//1828 1611//1955 1483//1827
f 1485//1829 1612//1956 1484//1828
f 1486//1830 1613//1957 1485//1829
f 1487//1831 1614//1958 1486//1830
f 1488//1832 1615//1959 1487//1831
f 1489//1833 1616//1960 1488//1832
f 1490//1834 1617//1961 1489//1833
f 1491//1835 1618//1962 1490//1834
f 1492//1836 1619//1963 1491//1835
f 1493//1837 1620//1964 1492//1836
f 1494//1838 1621//1965 1493//1837
f 1495//1839 1622//1966 1494//1838
f 1496//1840 1623//1967 1495//1839
f 1497//1841 1624//1968 1496//1840
f 1498//1842 1625//1969 1497//1841
f 1499//1843 1626//1970 1498//1842
f 1500//1844 1627//1971 1499//1843
f 1501//1845 1628//1972 1500//1844
f 1502//1846 1629//1973 1501//1845
f 1503//1847 1630//1974 1502//1846
f 1504//1848 1631//1975 1503//1847
f 1505//1849 1632//1976 1504//1848
f 1505//1849 1634//1978 1633//1977
f 1506//1850 1635//1979 1634//1978
f 1507//1851 1636//1980 1635//1979
f 1508//1852 1637//1981 1636//1980
f 1509//1853 1638//1982 1637//1981
f 1510//1854 1639//1983 1638//1982
f 1511//1855 1640//1984 1639//1983
f 1512//1856 1641//1985 1640//1984
f 1513//1857 1642//1986 1641//1985
f 1514//1858 1643//1987 1642//1986
f 1515//1859 1644//1988 1643//1987
f 1516//1860 1645//1989 1644//1988
f 1517//1861 1646//1990 1645//1989
f 1518//1862 1647//1991 1646//1990
f 1519//1863 1648//1992 1647//1991
f 1520//1864 1649//1993 1648//1992
f 1521//1865 1650//1994 1649//1993
f 1522//1866 1651//1995 1650//1994
f 1523//1867 1652//1996 1651//1995
f 1524//1868 1653//1997 1652//1996
f 1525//1869 1654//1998 1653//1997
f 1526//1870 1655//1999 1654//1998
f 1527//1871 1656//2000 1655//1999
f 1528//1872 1657//2001 1656//2000
f 1529//1873 1658//2002 1657//2001
f 1530//1874 1659//2003 1658//2002
f 1531//1875 1660//2004 1659//2003
f 1532//1876 1661//2005 1660//2004
f 1533//1877 1662//2006 1661//2005
f 1534//1878 1663//2007 1662//2006
f 1535//1879 1664//2008 1663//2007
f 1536//1880 1665//2009 1664//2008
f 1538//1882 1665//2009 1537//1881
f 1539//1883 1666//2010 1538//1882
f 1540//1884 1667//2011 1539//1883
f 1541//1885 1668//2012 1540//1884
f 1542//1886 1669//2013 1541//1885
f 1543//1887 1670//2014 1542//1886
f 1544//1888 1671//2015 1543//1887
f 1545//1889 1672//2016 1544//1888
f 1546//1890 1673//2017 1545//1889
f 1547//1891 1674//2018 1546//1890
f 1548//1892 1675//2019 1547//1891
f 1549//1893 1676//2020 1548//1892
f 1550//1894 1677//2021 1549//1893
f 1551//1895 1678//2022 1550//1894
f 1552//1896 1679//2023 1551//1895
f 1553//1897 1680//2024 1552//1896
f 1554//1898 1681//2025 1553//1897
f 1555//1899 1682//2026 1554//1898
f 1556//1900 1683//2027 1555//1899
f 1557//1901 1684//2028 1556//1900
f 1558//1902 1685//2029 1557//1901
f 1559//1903 1686//2030 1558//1902
f 1560//1904 1687//2031 1559//1903
f 1561//1905 1688//2032 1560//1904
f 1562//1906 1689//2033 1561//1905
f 1563//1907 1690//2034 1562//1906
f 1564//1908 1691//2035 1563//1907
f 1565//1909 1692//2036 1564//1908
f 1566//1910 1693//2037 1565//1909
f 1567//1911 1694//2038 1566//1910
f 1568//1912 1695//2039 1567//1911
f 1441//1785 1696//2040 1568//1912
f 1569//1913 1698//2042 1697//2041
f 1570//1914 1699//2043 1698//2042
f 1571//1915 1700//2044 1699//2043
f 1572//1916 1701//2045 1700//2044
f 1573//1917 1702//2046 1701//2045
f 1574//1918 1703//2047 1702//2046
f 1575//1919 1704//2048 1703//2047
f 1576//1920 1705//2049 1704//2048
f 1577//1921 1706//2050 1705//2049
f 1578//1922 1707//2051 1706//2050
f 1579//1923 1708//2052 1707//2051
f 1580//1924 1709//2053 1708//2052
f 1581//1925 1710//2054 1709//2053
f 1582//1926 1711//2055 1710//2054
f 1583//1927 1712//2056 1711//2055
f 1584//1928 1713//2057 1712//2056
f 1585//1929 1714//2058 1713//2057
f 1586//1930 1715//2059 1714//2058
f 1587//1931 1716//2060 1715//2059
f 1588//1932 1717//2061 1716//2060
f 1589//1933 1718//2062 1717//2061
f 1590//1934 1719//2063 1718//2062
f 1591//1935 1720//2064 1719//2063
f 1592//1936 1721//2065 1720//2064
f 1593//1937 1722//2066 1721//2065
f 1594//1938 1723//2067 1722//2066
f 1595//1939 1724//2068 1723//2067
f 1596//1940 1725//2069 1724//2068
f 1597//1941 1726//2070 1725//2069
f 1598//1942 1727//2071 1726//2070
f 1599//1943 1728//2072 1727//2071
f 1600//1944 1729//2073 1728//2072
f 1602//1946 1729//2073 1601//1945
f 1603//1947 1730//2074 1602//1946
f 1604//1948 1731//2075 1603//1947
f 1605//1949 1732//2076 1604//1948
f 1606//1950 1733//2077 1605//1949
f 1607//1951 1734//2078 1606//1950
f 1608//1952 1735//2079 1607//1951
f 1609//1953 1736//2080 1608//1952
f 1610//1954 1737//2081 1609//1953
f 1611//1955 1738//2082 1610//1954
f 1612//1956 1739//2083 1611//1955
f 1613//1957 1740//2084 1612//1956
f 1614//1958 1741//2085 1613//1957
f 1615//1959 1742//2086 1614//1958
f 1616//1960 1743//2087 1615//1959
f 1617//1961 1744//2088 1616//1960
f 1618//1962 1745//2089 1617//1961
f 1619//1963 1746//2090 1618//1962
f 1620//1964 1747//2091 1619//1963
f 1621//1965 1748//2092 1620//1964
f 1622//1966 1749//2093 1621//1965
f 1623//1967 1750//2094 1622//1966
f 1624//1968 1751//2095 1623//1967
f 1625//1969 1752//2096 1624//1968
f 1626//1970 1753//2097 1625//1969
f 1627//1971 1754//2098 1626//1970
f 1628//1972 1755//2099 1627//1971
f 1629//1973 1756//2100 1628//1972
f 1630//1974 1757//2101 1629//1973
f 1631//1975 1758//2102 1630//1974
f 1632//1976 1759//2103 1631//1975
f 1633//1977 1760//2104 1632//1976
f 1633//1977 1762//2106 1761//2105
f 1634//1978 1763//2107 1762//2106
f 1635//1979 1764//2108 1763//2107
f 1636//1980 1765//2109 1764//2108
f 1637//1981 1766//2110 1765//2109
f 1638//1982 1767//2111 1766//2110
f 1639//1983 1768//2112 1767//2111
f 1640//1984 1769//2113 1768//2112
f 1641//1985 1770//2114 1769//2113
f 1642//1986 1771//2115 1770//2114
f 1643//1987 1772//2116 1771//2115
f 1644//1988 1773//2117 1772//2116
f 1645//1989 1774//2118 1773//2117
f 1646//1990 1775//2119 1774//2118
f 1647//1991 1776//2120 1775//2119
f 1648//1992 1777//2121 1776//2120
f 1649//1993 1778//2122 1777//2121
f 1650//1994 1779//2123 1778//2122
f 1651//1995 1780//2124 1779//2123
f 1652//1996 1781//2125 1780//2124
f 1653//1997 1782//2126 1781//2125
f 1654//1998 1783//2127 1782//2126
f 1655//1999 1784//2128 1783//2127
f 1656//2000 1785//2129 1784//2128
f 1657//2001 1786//2130 1785//2129
f 1658//2002 1787//2131 1786//2130
f 1659//2003 1788//2132 1787//2131
f 1660//2004 1789//2133 1788//2132
f 1661//2005 1790//2134 1789//2133
f 1662//2006 1791//2135 1790//2134
f 1663//2007 1792//2136 1791//2135
f 1664//2008 1793//2137 1792//2136
f 1666//2010 1793//2137 1665//2009
f 1667//2011 1794//2138 1666//2010
f 1668//2012 1795//2139 1667//2011
f 1669//2013 1796//2140 1668//2012
f 1670//2014 1797//2141 1669//2013
f 1671//2015 1798//2142 1670//2014
f 1672//2016 1799//2143 1671//2015
f 1673//2017 1800//2144 1672//2016
f 1674//2018 1801//2145 1673//2017
f 1675//2019 1802//2146 1674//2018
f 1676//2020 1803//2147 1675//2019
f 1677//2021 1804//2148 1676//2020
f 1678//2022 1805//2149 1677//2021
f 1679//2023 1806//2150 1678//2022
f 1680//2024 1807//2151 1679//2023
f 1681//2025 1808//2152 1680//2024
f 1682//2026 1809//2153 1681//2025
f 1683//2027 1810//2154 1682//2026
f 1684//2028 1811//2155 1683//2027
f 1685//2029 1812//2156 1684//2028
f 1686//2030 1813//2157 1685//2029
f 1687//2031 1814//2158 1686//2030
f 1688//2032 1815//2159 1687//2031
f 1689//2033 1816//2160 1688//2032
f 1690//2034 1817//2161 1689//2033
f 1691//2035 1818//2162 1690//2034
f 1692//2036 1819//2163 1691//2035
f 1693//2037 1820//2164 1692//2036
f 1694//2038 1821//2165 1693//2037
f 1695//2039 1822//2166 1694//2038
f 1696//2040 1823//2167 1695//2039
f 1569//1913 1824//2168 1696//2040
f 1698//2042 1313//1657 1697//2041
f 1699//2043 1314//1658 1698//2042
f 1700//2044 1315//1659 1699//2043
f 1701//2045 1316//1660 1700//2044
f 1702//2046 1317//1661 1701//2045
f 1703//2047 1318//1662 1702//2046
f 1704//2048 1319//1663 1703//2047
f 1705//2049 1320//1664 1704//2048
f 1706//2050 1321//1665 1705//2049
f 1707//2051 1322//1666 1706//2050
f 1708//2052 1323//1667 1707//2051
f 1709//2053 1324//1668 1708//2052
f 1710//2054 1325//1669 1709//2053
f 1711//2055 1326//1670 1710//2054
f 1712//2056 1327//1671 1711//2055
f 1713//2057 1328//1672 1712//2056
f 1714//2058 1329//1673 1713//2057
f 1715//2059 1330//1674 1714//2058
f 1716//2060 1331//1675 1715//2059
f 1717//2061 1332//1676 1716//2060
f 1718//2062 1333//1677 1717//2061
f 1719//2063 1334//1678 1718//2062
f 1720//2064 1335//1679 1719//2063
f 1721//2065 1336//1680 1720//2064
f 1722//2066 1337//1681 1721//2065
f 1723//2067 1338//1682 1722//2066
f 1724//2068 1339//1683 1723//2067
f 1725//2069 1340//1684 1724//2068
f 1726//2070 1341//1685 1725//2069
f 1727//2071 1342//1686 1726//2070
f 1728//2072 1343//1687 1727//2071
f 1729//2073 1344//1688 1728//2072
f 1729//2073 1346//1690 1345//1689
f 1730//2074 1347//1691 1346//1690
f 1731//2075 1348//1692 1347//1691
f 1732//2076 1349//1693 1348//1692
f 1733//2077 1350//1694 1349//1693
f 1734//2078 1351//1695 1350//1694
f 1735//2079 1352//1696 1351//1695
f 1736//2080 1353//1697 1352//1696
f 1737//2081 1354//1698 1353//1697
f 1738//2082 1355//1699 1354//1698
f 1739//2083 1356//1700 1355//1699
f 1740//2084 1357//1701 1356//1700
f 1741//2085 1358//1702 1357//1701
f 1742//2086 1359//1703 1358//1702
f 1743//2087 1360//1704 1359//1703
f 1744//2088 1361//1705 1360//1704
f 1745//2089 1362//1706 1361//1705
f 1746//2090 1363//1707 1362//1706
f 1747//2091 1364//1708 1363//1707
f 1748//2092 1365//1709 1364//1708
f 1749//2093 1366//1710 1365//1709
f 1750//2094 1367//1711 1366//1710
f 1751//2095 1368//1712 1367//1711
f 1752//2096 1369//1713 1368//1712
f 1753//2097 1370//1714 1369//1713
f 1754//2098 1371//1715 1370//1714
f 1755//2099 1372//1716 1371//1715
f 1756//2100 1373//1717 1372//1716
f 1757//2101 1374//1718 1373//1717
f 1758//2102 1375//1719 1374//1718
f 1759//2103 1376//1720 1375//1719
f 1760//2104 1377//1721 1376//1720
f 1762//2106 1377//1721 1761//2105
f 1763//2107 1378//1722 1762//2106
f 1764//2108 1379//1723 1763//2107
f 1765//2109 1380//1724 1764//2108
f 1766//2110 1381//1725 1765//2109
f 1767//2111 1382//1726 1766//2110
f 1768//2112 1383//1727 1767//2111
f 1769//2113 1384//1728 1768//2112
f 1770//2114 1385//1729 1769//2113
f 1771//2115 1386//1730 1770//2114
f 1772//2116 1387//1731 1771//2115
f 1773//2117 1388//1732 1772//2116
f 1774//2118 1389//1733 1773//2117
f 1775//2119 1390//1734 1774//2118
f 1776//2120 1391//1735 1775//2119
f 1777//2121 1392//1736 1776//2120
f 1778//2122 1393//1737 1777//2121
f 1779//2123 1394//1738 1778//2122
f 1780//2124 1395//1739 1779//2123
f 1781//2125 1396//1740 1780//2124
f 1782//2126 1397//1741 1781//2125
f 1783//2127 1398//1742 1782//2126
f 1784//2128 1399//1743 1783//2127
f 1785//2129 1400//1744 1784//2128
f 1786//2130 1401//1745 1785//2129
f 1787//2131 1402//1746 1786//2130
f 1788//2132 1403//1747 1787//2131
f 1789//2133 1404//1748 1788//2132
f 1790//2134 1405//1749 1789//2133
f 1791//2135 1406//1750 1790//2134
f 1792//2136 1407//1751 1791//2135
f 1793//2137 1408//1752 1792//2136
f 1793//2137 1410//1754 1409//1753
f 1794//2138 1411//1755 1410//1754
f 1795//2139 1412//1756 1411//1755
f 1796//2140 1413//1757 1412//1756
f 1797//2141 1414//1758 1413//1757
f 1798//2142 1415//1759 1414//1758
f 1799//2143 1416//1760 1415//1759
f 1800//2144 1417//1761 1416//1760
f 1801//2145 1418//1762 1417//1761
f 1802//2146 1419//1763 1418//1762
f 1803//2147 1420//1764 1419//1763
f 1804//2148 1421//1765 1420//1764
f 1805//2149 1422//1766 1421//1765
f 1806//2150 1423//1767 1422//1766
f 1807//2151 1424//1768 1423//1767
f 1808//2152 1425//1769 1424//1768
f 1809//2153 1426//1770 1425//1769
f 1810//2154 1427//1771 1426//1770
f 1811//2155 1428//1772 1427//1771
f 1812//2156 1429//1773 1428//1772
f 1813//2157 1430//1774 1429//1773
f 1814//2158 1431//1775 1430//1774
f 1815//2159 1432//1776 1431//1775
f 1816//2160 1433//1777 1432//1776
f 1817//2161 1434//1778 1433//1777
f 1818//2162 1435//1779 1434//1778
f 1819//2163 1436//1780 1435//1779
f 1820//2164 1437//1781 1436//1780
f 1821//2165 1438//1782 1437//1781
f 1822//2166 1439//1783 1438//1782
f 1823//2167 1440//1784 1439//1783
f 1824//2168 1313//1657 1440//1784
f 1314//1658 1442//1786 1441//1785
f 1315//1659 1443//1787 1442//1786
f 1316//1660 1444//1788 1443//1787
f 1317//1661 1445//1789 1444//1788
f 1318//1662 1446//1790 1445//1789
f 1319//1663 1447//1791 1446//1790
f 1320//1664 1448//1792 1447//1791
f 1321//1665 1449//1793 1448//1792
f 1322//1666 1450//1794 1449//1793
f 1323//1667 1451//1795 1450//1794
f 1324//1668 1452//1796 1451//1795
f 1325//1669 1453//1797 1452//1796
f 1326//1670 1454//1798 1453//1797
f 1327//1671 1455//1799 1454//1798
f 1328//1672 1456//1800 1455//1799
f 1329//1673 1457//1801 1456//1800
f 1330//1674 1458//1802 1457//1801
f 1331//1675 1459//1803 1458//1802
f 1332//1676 1460//1804 1459//1803
f 1333//1677 1461//1805 1460//1804
f 1334//1678 1462//1806 1461//1805
f 1335//1679 1463//1807 1462//1806
f 1336//1680 1464//1808 1463//1807
f 1337//1681 1465//1809 1464//1808
f 1338//1682 1466//1810 1465//1809
f 1339//1683 1467//1811 1466//1810
f 1340//1684 1468//1812 1467//1811
f 1341//1685 1469//1813 1468//1812
f 1342//1686 1470//1814 1469//1813
f 1343//1687 1471//1815 1470//1814
f 1344//1688 1472//1816 1471//1815
f 1345//1689 1473//1817 1472//1816
f 1346//1690 1474//1818 1473//1817
f 1347//1691 1475//1819 1474//1818
f 1348//1692 1476//1820 1475//1819
f 1349//1693 1477//1821 1476//1820
f 1350//1694 1478//1822 1477//1821
f 1351//1695 1479//1823 1478//1822
f 1352//1696 1480//1824 1479//1823
f 1353//1697 1481//1825 1480//1824
f 1354//1698 1482//1826 1481//1825
f 1355//1699 1483//1827 1482//1826
f 1356//1700 1484//1828 1483//1827
f 1357//1701 1485//1829 1484//1828
f 1358//1702 1486//1830 1485//1829
f 1359//1703 1487//1831 1486//1830
f 1360//1704 1488//1832 1487//1831
f 1361//1705 1489//1833 1488//1832
f 1362//1706 1490//1834 1489//1833
f 1363//1707 1491//1835 1490//1834
f 1364//1708 1492//1836 1491//1835
f 1365//1709 1493//1837 1492//1836
f 1366//1710 1494//1838 1493//1837
f 1367//1711 1495//1839 1494//1838
f 1368//1712 1496//1840 1495//1839
f 1369//1713 1497//1841 1496//1840
f 1370//1714 1498//1842 1497//1841
f 1371//1715 1499//1843 1498//1842
f 1372//1716 1500//1844 1499//1843
f 1373//1717 1501//1845 1500//1844
f 1374//1718 1502//1846 1501//1845
f 1375//1719 1503//1847 1502//1846
f 1376//1720 1504//1848 1503//1847
f 1377//1721 1505//1849 1504//1848
f 1378//1722 1506//1850 1505//1849
f 1379//1723 1507//1851 1506//1850
f 1380//1724 1508//1852 1507//1851
f 1381//1725 1509//1853 1508//1852
f 1382//1726 1510//1854 1509//1853
f 1383//1727 1511//1855 1510//1854
f 1384//1728 1512//1856 1511//1855
f 1385//1729 1513//1857 1512//1856
f 1386//1730 1514//1858 1513//1857
f 1387//1731 1515//1859 1514//1858
f 1388//1732 1516//1860 1515//1859
f 1389//1733 1517//1861 1516//1860
f 1390//1734 1518//1862 1517//1861
f 1391//1735 1519//1863 1518//1862
f 1392//1736 1520//1864 1519//1863
f 1393//1737 1521//1865 1520//1864
f 1394//1738 1522//1866 1521//1865
f 1395//1739 1523//1867 1522//1866
f 1396//1740 1524//1868 1523//1867
f 1397//1741 1525//1869 1524//1868
f 1398//1742 1526//1870 1525//1869
f 1399//1743 1527//1871 1526//1870
f 1400//1744 1528//1872 1527//1871
f 1401//1745 1529//1873 1528//1872
f 1402//1746 1530//1874 1529//1873
f 1403//1747 1531//1875 1530//1874
f 1404//1748 1532//1876 1531//1875
f 1405//1749 1533//1877 1532//1876
f 1406//1750 1534//1878 1533//1877
f 1407//1751 1535//1879 1534//1878
f 1408//1752 1536//1880 1535//1879
f 1409//1753 1537//1881 1536//1880
f 1410//1754 1538//1882 1537//1881
f 1411//1755 1539//1883 1538//1882
f 1412//1756 1540//1884 1539//1883
f 1413//1757 1541//1885 1540//1884
f 1414//1758 1542//1886 1541//1885
f 1415//1759 1543//1887 1542//1886
f 1416//1760 1544//1888 1543//1887
f 1417//1761 1545//1889 1544//1888
f 1418//1762 1546//1890 1545//1889
f 1419//1763 1547//1891 1546//1890
f 1420//1764 1548//1892 1547//1891
f 1421//1765 1549//1893 1548//1892
f 1422//1766 1550//1894 1549//1893
f 1423//1767 1551//1895 1550//1894
f 1424//1768 1552//1896 1551//1895
f 1425//1769 1553//1897 1552//1896
f 1426//1770 1554//1898 1553//1897
f 1427//1771 1555//1899 1554//1898
f 1428//1772 1556//1900 1555//1899
f 1429//1773 1557//1901 1556//1900
f 1430//1774 1558//1902 1557//1901
f 1431//1775 1559//1903 1558//1902
f 1432//1776 1560//1904 1559//1903
f 1433//1777 1561//1905 1560//1904
f 1434//1778 1562//1906 1561//1905
f 1435//1779 1563//1907 1562//1906
f 1436//1780 1564//1908 1563//1907
f 1437//1781 1565//1909 1564//1908
f 1438//1782 1566//1910 1565//1909
f 1439//1783 1567//1911 1566//1910
f 1440//1784 1568//1912 1567//1911
f 1313//1657 1441//1785 1568//1912
f 1441//1785 1442//1786 1570//1914
f 1442//1786 1443//1787 1571//1915
f 1443//1787 1444//1788 1572//1916
f 1444//1788 1445//1789 1573//1917
f 1445//1789 1446//1790 1574//1918
f 1446//1790 1447//1791 1575//1919
f 1447//1791 1448//1792 1576//1920
f 1448//1792 1449//1793 1577//1921
f 1449//1793 1450//1794 1578//1922
f 1450//1794 1451//1795 1579//1923
f 1451//1795 1452//1796 1580//1924
f 1452//1796 1453//1797 1581//1925
f 1453//1797 1454//1798 1582//1926
f 1454//1798 1455//1799 1583//1927
f 1455//1799 1456//1800 1584//1928
f 1456//1800 1457//1801 1585//1929
f 1457//1801 1458//1802 1586//1930
f 1458//1802 1459//1803 1587//1931
f 1459//1803 1460//1804 1588//1932
f 1460//1804 1461//1805 1589//1933
f 1461//1805 1462//1806 1590//1934
f 1462//1806 1463//1807 1591//1935
f 1463//1807 1464//1808 1592//1936
f 1464//1808 1465//1809 1593//1937
f 1465//1809 1466//1810 1594//1938
f 1466//1810 1467//1811 1595//1939
f 1467//1811 1468//1812 1596//1940
f 1468//1812 1469//1813 1597//1941
f 1469//1813 1470//1814 1598//1942
f 1470//1814 1471//1815 1599//1943
f 1471//1815 1472//1816 1600//1944
f 1472//1816 1473//1817 1601//1945
f 1474//1818 1602//1946 1601//1945
f 1475//1819 1603//1947 1602//1946
f 1476//1820 1604//1948 1603//1947
f 1477//1821 1605//1949 1604//1948
f 1478//1822 1606//1950 1605//1949
f 1479//1823 1607//1951 1606//1950
f 1480//1824 1608//1952 1607//1951
f 1481//1825 1609//1953 1608//1952
f 1482//1826 1610//1954 1609//1953
f 1483//1827 1611//1955 1610//1954
f 1484//1828 1612//1956 1611//1955
f 1485//1829 1613//1957 1612//1956
f 1486//1830 1614//1958 1613//1957
f 1487//1831 1615//1959 1614//1958
f 1488//1832 1616//1960 1615//1959
f 1489//1833 1617//1961 1616//1960
f 1490//1834 1618//1962 1617//1961
f 1491//1835 1619//1963 1618//1962
f 1492//1836 1620//1964 1619//1963
f 1493//1837 1621//1965 1620//1964
f 1494//1838 1622//1966 1621//1965
f 1495//1839 1623//1967 1622//1966
f 1496//1840 1624//1968 1623//1967
f 1497//1841 1625//1969 1624//1968
f 1498//1842 1626//1970 1625//1969
f 1499//1843 1627//1971 1626//1970
f 1500//1844 1628//1972 1627//1971
f 1501//1845 1629//1973 1628//1972
f 1502//1846 1630//1974 1629//1973
f 1503//1847 1631//1975 1630//1974
f 1504//1848 1632//1976 1631//1975
f 1505//1849 1633//1977 1632//1976
f 1505//1849 1506//1850 1634//1978
f 1506//1850 1507//1851 1635//1979
f 1507//1851 1508//1852 1636//1980
f 1508//1852 1509//1853 1637//1981
f 1509//1853 1510//1854 1638//1982
f 1510//1854 1511//1855 1639//1983
f 1511//1855 1512//1856 1640//1984
f 1512//1856 1513//1857 1641//1985
f 1513//1857 1514//1858 1642//1986
f 1514//1858 1515//1859 1643//1987
f 1515//1859 1516//1860 1644//1988
f 1516//1860 1517//1861 1645//1989
f 1517//1861 1518//1862 1646//1990
f 1518//1862 1519//1863 1647//1991
f 1519//1863 1520//1864 1648//1992
f 1520//1864 1521//1865 1649//1993
f 1521//1865 1522//1866 1650//1994
f 1522//1866 1523//1867 1651//1995
f 1523//1867 1524//1868 1652//1996
f 1524//1868 1525//1869 1653//1997
f 1525//1869 1526//1870 1654//1998
f 1526//1870 1527//1871 1655//1999
f 1527//1871 1528//1872 1656//2000
f 1528//1872 1529//1873 1657//2001
f 1529//1873 1530//1874 1658//2002
f 1530//1874 1531//1875 1659//2003
f 1531//1875 1532//1876 1660//2004
f 1532//1876 1533//1877 1661//2005
f 1533//1877 1534//1878 1662//2006
f 1534//1878 1535//1879 1663//2007
f 1535//1879 1536//1880 1664//2008
f 1536//1880 1537//1881 1665//2009
f 1538//1882 1666//2010 1665//2009
f 1539//1883 1667//2011 1666//2010
f 1540//1884 1668//2012 1667//2011
f 1541//1885 1669//2013 1668//2012
f 1542//1886 1670//2014 1669//2013
f 1543//1887 1671//2015 1670//2014
f 1544//1888 1672//2016 1671//2015
f 1545//1889 1673//2017 1672//2016
f 1546//1890 1674//2018 1673//2017
f 1547//1891 1675//2019 1674//2018
f 1548//1892 1676//2020 1675//2019
f 1549//1893 1677//2021 1676//2020
f 1550//1894 1678//2022 1677//2021
f 1551//1895 1679//2023 1678//2022
f 1552//1896 1680//2024 1679//2023
f 1553//1897 1681//2025 1680//2024
f 1554//1898 1682//2026 1681//2025
f 1555//1899 1683//2027 1682//2026
f 1556//1900 1684//2028 1683//2027
f 1557//1901 1685//2029 1684//2028
f 1558//1902 1686//2030 1685//2029
f 1559//1903 1687//2031 1686//2030
f 1560//1904 1688//2032 1687//2031
f 1561//1905 1689//2033 1688//2032
f 1562//1906 1690//2034 1689//2033
f 1563//1907 1691//2035 1690//2034
f 1564//1908 1692//2036 1691//2035
f 1565//1909 1693//2037 1692//2036
f 1566//1910 1694//2038 1693//2037
f 1567//1911 1695//2039 1694//2038
f 1568//1912 1696//2040 1695//2039
f 1441//1785 1569//1913 1696//2040
f 1569//1913 1570//1914 1698//2042
f 1570//1914 1571//1915 1699//2043
f 1571//1915 1572//1916 1700//2044
f 1572//1916 1573//1917 1701//2045
f 1573//1917 1574//1918 1702//2046
f 1574//1918 1575//1919 1703//2047
f 1575//1919 1576//1920 1704//2048
f 1576//1920 1577//1921 1705//2049
f 1577//1921 1578//1922 1706//2050
f 1578//1922 1579//1923 1707//2051
f 1579//1923 1580//1924 1708//2052
f 1580//1924 1581//1925 1709//2053
f 1581//1925 1582//1926 1710//2054
f 1582//1926 1583//1927 1711//2055
f 1583//1927 1584//1928 1712//2056
f 1584//1928 1585//1929 1713//2057
f 1585//1929 1586//1930 1714//2058
f 1586//1930 1587//1931 1715//2059
f 1587//1931 1588//1932 1716//2060
f 1588//1932 1589//1933 1717//2061
f 1589//1933 1590//1934 1718//2062
f 1590//1934 1591//1935 1719//2063
f 1591//1935 1592//1936 1720//2064
f 1592//1936 1593//1937 1721//2065
f 1593//1937 1594//1938 1722//2066
f 1594//1938 1595//1939 1723//2067
f 1595//1939 1596//1940 1724//2068
f 1596//1940 1597//1941 1725//2069
f 1597//1941 1598//1942 1726//2070
f 1598//1942 1599//1943 1727//2071
f 1599//1943 1600//1944 1728//2072
f 1600//1944 1601//1945 1729//2073
f 1602//1946 1730//2074 1729//2073
f 1603//1947 1731//2075 1730//2074
f 1604//1948 1732//2076 1731//2075
f 1605//1949 1733//2077 1732//2076
f 1606//1950 1734//2078 1733//2077
f 1607//1951 1735//2079 1734//2078
f 1608//1952 1736//2080 1735//2079
f 1609//1953 1737//2081 1736//2080
f 1610//1954 1738//2082 1737//2081
f 1611//1955 1739//2083 1738//2082
f 1612//1956 1740//2084 1739//2083
f 1613//1957 1741//2085 1740//2084
f 1614//1958 1742//2086 1741//2085
f 1615//1959 1743//2087 1742//2086
f 1616//1960 1744//2088 1743//2087
f 1617//1961 1745//2089 1744//2088
f 1618//1962 1746//2090 1745//2089
f 1619//1963 1747//2091 1746//2090
f 1620//1964 1748//2092 1747//2091
f 1621//1965 1749//2093 1748//2092
f 1622//1966 1750//2094 1749//2093
f 1623//1967 1751//2095 1750//2094
f 1624//1968 1752//2096 1751//2095
f 1625//1969 1753//2097 1752//2096
f 1626//1970 1754//2098 1753//2097
f 1627//1971 1755//2099 1754//2098
f 1628//1972 1756//2100 1755//2099
f 1629//1973 1757//2101 1756//2100
f 1630//1974 1758//2102 1757//2101
f 1631//1975 1759//2103 1758//2102
f 1632//1976 1760//2104 1759//2103
f 1633//1977 1761//2105 1760//2104
f 1633//1977 1634//1978 1762//2106
f 1634//1978 1635//1979 1763//2107
f 1635//1979 1636//1980 1764//2108
f 1636//1980 1637//1981 1765//2109
f 1637//1981 1638//1982 1766//2110
f 1638//1982 1639//1983 1767//2111
f 1639//1983 1640//1984 1768//2112
f 1640//1984 1641//1985 1769//2113
f 1641//1985 1642//1986 1770//2114
f 1642//1986 1643//1987 1771//2115
f 1643//1987 1644//1988 1772//2116
f 1644//1988 1645//1989 1773//2117
f 1645//1989 1646//1990 1774//2118
f 1646//1990 1647//1991 1775//2119
f 1647//1991 1648//1992 1776//2120
f 1648//1992 1649//1993 1777//2121
f 1649//1993 1650//1994 1778//2122
f 1650//1994 1651//1995 1779//2123
f 1651//1995 1652//1996 1780//2124
f 1652//1996 1653//1997 1781//2125
f 1653//1997 1654//1998 1782//2126
f 1654//1998 1655//1999 1783//2127
f 1655//1999 1656//2000 1784//2128
f 1656//2000 1657//2001 1785//2129
f 1657//2001 1658//2002 1786//2130
f 1658//2002 1659//2003 1787//2131
f 1659//2003 1660//2004 1788//2132
f 1660//2004 1661//2005 1789//2133
f 1661//2005 1662//2006 1790//2134
f 1662//2006 1663//2007 1791//2135
f 1663//2007 1664//2008 1792//2136
f 1664//2008 1665//2009 1793//2137
f 1666//2010 1794//2138 1793//2137
f 1667//2011 1795//2139 1794//2138
f 1668//2012 1796//2140 1795//2139
f 1669//2013 1797//2141 1796//2140
f 1670//2014 1798//2142 1797//2141
f 1671//2015 1799//2143 1798//2142
f 1672//2016 1800//2144 1799//2143
f 1673//2017 1801//2145 1800//2144
f 1674//2018 1802//2146 1801//2145
f 1675//2019 1803//2147 1802//2146
f 1676//2020 1804//2148 1803//2147
f 1677//2021 1805//2149 1804//2148
f 1678//2022 1806//2150 1805//2149
f 1679//2023 1807//2151 1806//2150
f 1680//2024 1808//2152 1807//2151
f 1681//2025 1809//2153 1808//2152
f 1682//2026 1810//2154 1809//2153
f 1683//2027 1811//2155 1810//2154
f 1684//2028 1812//2156 1811//2155
f 1685//2029 1813//2157 1812//2156
f 1686//2030 1814//2158 1813//2157
f 1687//2031 1815//2159 1814//2158
f 1688//2032 1816//2160 1815//2159
f 1689//2033 1817//2161 1816//2160
f 1690//2034 1818//2162 1817//2161
f 1691//2035 1819//2163 1818//2162
f 1692//2036 1820//2164 1819//2163
f 1693//2037 1821//2165 1820//2164
f 1694//2038 1822//2166 1821//2165
f 1695//2039 1823//2167 1822//2166
f 1696//2040 1824//2168 1823//2167
f 1569//1913 1697//2041 1824//2168
f 1698//2042 1314//1658 1313//1657
f 1699//2043 1315//1659 1314//1658
f 1700//2044 1316//1660 1315//1659
f 1701//2045 1317//1661 1316//1660
f 1702//2046 1318//1662 1317//1661
f 1703//2047 1319//1663 1318//1662
f 1704//2048 1320//1664 1319//1663
f 1705//2049 1321//1665 1320//1664
f 1706//2050 1322//1666 1321//1665
f 1707//2051 1323//1667 1322//1666
f 1708//2052 1324//1668 1323//1667
f 1709//2053 1325//1669 1324//1668
f 1710//2054 1326//1670 1325//1669
f 1711//2055 1327//1671 1326//1670
f 1712//2056 1328//1672 1327//1671
f 1713//2057 1329//1673 1328//1672
f 1714//2058 1330//1674 1329//1673
f 1715//2059 1331//1675 1330//1674
f 1716//2060 1332//1676 1331//1675
f 1717//2061 1333//1677 1332//1676
f 1718//2062 1334//1678 1333//1677
f 1719//2063 1335//1679 1334//1678
f 1720//2064 1336//1680 1335//1679
f 1721//2065 1337//1681 1336//1680
f 1722//2066 1338//1682 1337//1681
f 1723//2067 1339//1683 1338//1682
f 1724//2068 1340//1684 1339//1683
f 1725//2069 1341//1685 1340//1684
f 1726//2070 1342//1686 1341//1685
f 1727//2071 1343//1687 1342//1686
f 1728//2072 1344//1688 1343//1687
f 1729//2073 1345//1689 1344//1688
f 1729//2073 1730//2074 1346//1690
f 1730//2074 1731//2075 1347//1691
f 1731//2075 1732//2076 1348//1692
f 1732//2076 1733//2077 1349//1693
f 1733//2077 1734//2078 1350//1694
f 1734//2078 1735//2079 1351//1695
f 1735//2079 1736//2080 1352//1696
f 1736//2080 1737//2081 1353//1697
f 1737//2081 1738//2082 1354//1698
f 1738//2082 1739//2083 1355//1699
f 1739//2083 1740//2084 1356//1700
f 1740//2084 1741//2085 1357//1701
f 1741//2085 1742//2086 1358//1702
f 1742//2086 1743//2087 1359//1703
f 1743//2087 1744//2088 1360//1704
f 1744//2088 1745//2089 1361//1705
f 1745//2089 1746//2090 1362//1706
f 1746//2090 1747//2091 1363//1707
f 1747//2091 1748//2092 1364//1708
f 1748//2092 1749//2093 1365//1709
f 1749//2093 1750//2094 1366//1710
f 1750//2094 1751//2095 1367//1711
f 1751//2095 1752//2096 1368//1712
f 1752//2096 1753//2097 1369//1713
f 1753//2097 1754//2098 1370//1714
f 1754//2098 1755//2099 1371//1715
f 1755//2099 1756//2100 1372//1716
f 1756//2100 1757//2101 1373//1717
f 1757//2101 1758//2102 1374//1718
f 1758//2102 1759//2103 1375//1719
f 1759//2103 1760//2104 1376//1720
f 1760//2104 1761//2105 1377//1721
f 1762//2106 1378//1722 1377//1721
f 1763//2107 1379//1723 1378//1722
f 1764//2108 1380//1724 1379//1723
f 1765//2109 1381//1725 1380//1724
f 1766//2110 1382//1726 1381//1725
f 1767//2111 1383//1727 1382//1726
f 1768//2112 1384//1728 1383//1727
f 1769//2113 1385//1729 1384//1728
f 1770//2114 1386//1730 1385//1729
f 1771//2115 1387//1731 1386//1730
f 1772//2116 1388//1732 1387//1731
f 1773//2117 1389//1733 1388//1732
f 1774//2118 1390//1734 1389//1733
f 1775//2119 1391//1735 1390//1734
f 1776//2120 1392//1736 1391//1735
f 1777//2121 1393//1737 1392//1736
f 1778//2122 1394//1738 1393//1737
f 1779//2123 1395//1739 1394//1738
f 1780//2124 1396//1740 1395//1739
f 1781//2125 1397//1741 1396//1740
f 1782//2126 1398//1742 1397//1741
f 1783//2127 1399//1743 1398//1742
f 1784//2128 1400//1744 1399//1743
f 1785//2129 1401//1745 1400//1744
f 1786//2130 1402//1746 1401//1745
f 1787//2131 1403//1747 1402//1746
f 1788//2132 1404//1748 1403//1747
f 1789//2133 1405//1749 1404//1748
f 1790//2134 1406//1750 1405//1749
f 1791//2135 1407//1751 1406//1750
f 1792//2136 1408//1752 1407//1751
f 1793//2137 1409//1753 1408//1752
f 1793//2137 1794//2138 1410//1754
f 1794//2138 1795//2139 1411//1755
f 1795//2139 1796//2140 1412//1756
f 1796//2140 1797//2141 1413//1757
f 1797//2141 1798//2142 1414//1758
f 1798//2142 1799//2143 1415//1759
f 1799//2143 1800//2144 1416//1760
f 1800//2144 1801//2145 1417//1761
f 1801//2145 1802//2146 1418//1762
f 1802//2146 1803//2147 1419//1763
f 1803//2147 1804//2148 1420//1764
f 1804//2148 1805//2149 1421//1765
f 1805//2149 1806//2150 1422//1766
f 1806//2150 1807//2151 1423//1767
f 1807//2151 1808//2152 1424//1768
f 1808//2152 1809//2153 1425//1769
f 1809//2153 1810//2154 1426//1770
f 1810//2154 1811//2155 1427//1771
f 1811//2155 1812//2156 1428//1772
f 1812//2156 1813//2157 1429//1773
f 1813//2157 1814//2158 1430//1774
f 1814//2158 1815//2159 1431//1775
f 1815//2159 1816//2160 1432//1776
f 1816//2160 1817//2161 1433//1777
f 1817//2161 1818//2162 1434//1778
f 1818//2162 1819//2163 1435//1779
f 1819//2163 1820//2164 1436//1780
f 1820//2164 1821//2165 1437//1781
f 1821//2165 1822//2166 1438//1782
f 1822//2166 1823//2167 1439//1783
f 1823//2167 1824//2168 1440//1784
f 1824//2168 1697//2041 1313//1657
o __articraft_commit_0005_0002
v 0.000000 0.002775 -0.019000
v 0.000000 0.002775 0.019000
v 0.000197 0.002769 -0.019000
v 0.000197 0.002769 0.019000
v 0.000393 0.002751 -0.019000
v 0.000393 0.002751 0.019000
v 0.000587 0.002722 -0.019000
v 0.000587 0.002722 0.019000
v 0.000778 0.002680 -0.019000
v 0.000778 0.002680 0.019000
v 0.000967 0.002628 -0.019000
v 0.000967 0.002628 0.019000
v 0.001151 0.002564 -0.019000
v 0.001151 0.002564 0.019000
v 0.001330 0.002489 -0.019000
v 0.001330 0.002489 0.019000
v 0.001504 0.002403 -0.019000
v 0.001504 0.002403 0.019000
v 0.001671 0.002307 -0.019000
v 0.001671 0.002307 0.019000
v 0.001831 0.002202 -0.019000
v 0.001831 0.002202 0.019000
v 0.001983 0.002086 -0.019000
v 0.001983 0.002086 0.019000
v 0.002127 0.001962 -0.019000
v 0.002127 0.001962 0.019000
v 0.002261 0.001830 -0.019000
v 0.002261 0.001830 0.019000
v 0.002386 0.001689 -0.019000
v 0.002386 0.001689 0.019000
v 0.002501 0.001542 -0.019000
v 0.002501 0.001542 0.019000
v 0.002605 0.001388 -0.019000
v 0.002605 0.001388 0.019000
v 0.002698 0.001227 -0.019000
v 0.002698 0.001227 0.019000
v 0.002779 0.001062 -0.019000
v 0.002779 0.001062 0.019000
v 0.002848 0.000892 -0.019000
v 0.002848 0.000892 0.019000
v 0.002905 0.000718 -0.019000
v 0.002905 0.000718 0.019000
v 0.002950 0.000541 -0.019000
v 0.002950 0.000541 0.019000
v 0.002982 0.000362 -0.019000
v 0.002982 0.000362 0.019000
v 0.003001 0.000181 -0.019000
v 0.003001 0.000181 0.019000
v 0.003008 0.000000 -0.019000
v 0.003008 0.000000 0.019000
v 0.003001 -0.000181 -0.019000
v 0.003001 -0.000181 0.019000
v 0.002982 -0.000362 -0.019000
v 0.002982 -0.000362 0.019000
v 0.002950 -0.000541 -0.019000
v 0.002950 -0.000541 0.019000
v 0.002905 -0.000718 -0.019000
v 0.002905 -0.000718 0.019000
v 0.002848 -0.000892 -0.019000
v 0.002848 -0.000892 0.019000
v 0.002779 -0.001062 -0.019000
v 0.002779 -0.001062 0.019000
v 0.002698 -0.001227 -0.019000
v 0.002698 -0.001227 0.019000
v 0.002605 -0.001388 -0.019000
v 0.002605 -0.001388 0.019000
v 0.002501 -0.001542 -0.019000
v 0.002501 -0.001542 0.019000
v 0.002386 -0.001689 -0.019000
v 0.002386 -0.001689 0.019000
v 0.002261 -0.001830 -0.019000
v 0.002261 -0.001830 0.019000
v 0.002127 -0.001962 -0.019000
v 0.002127 -0.001962 0.019000
v 0.001983 -0.002086 -0.019000
v 0.001983 -0.002086 0.019000
v 0.001831 -0.002202 -0.019000
v 0.001831 -0.002202 0.019000
v 0.001671 -0.002307 -0.019000
v 0.001671 -0.002307 0.019000
v 0.001504 -0.002403 -0.019000
v 0.001504 -0.002403 0.019000
v 0.001330 -0.002489 -0.019000
v 0.001330 -0.002489 0.019000
v 0.001151 -0.002564 -0.019000
v 0.001151 -0.002564 0.019000
v 0.000967 -0.002628 -0.019000
v 0.000967 -0.002628 0.019000
v 0.000778 -0.002680 -0.019000
v 0.000778 -0.002680 0.019000
v 0.000587 -0.002722 -0.019000
v 0.000587 -0.002722 0.019000
v 0.000393 -0.002751 -0.019000
v 0.000393 -0.002751 0.019000
v 0.000197 -0.002769 -0.019000
v 0.000197 -0.002769 0.019000
v 0.000000 -0.002775 -0.019000
v 0.000000 -0.002775 0.019000
v -0.000197 -0.002769 -0.019000
v -0.000197 -0.002769 0.019000
v -0.000393 -0.002751 -0.019000
v -0.000393 -0.002751 0.019000
v -0.000587 -0.002722 -0.019000
v -0.000587 -0.002722 0.019000
v -0.000778 -0.002680 -0.019000
v -0.000778 -0.002680 0.019000
v -0.000967 -0.002628 -0.019000
v -0.000967 -0.002628 0.019000
v -0.001151 -0.002564 -0.019000
v -0.001151 -0.002564 0.019000
v -0.001330 -0.002489 -0.019000
v -0.001330 -0.002489 0.019000
v -0.001504 -0.002403 -0.019000
v -0.001504 -0.002403 0.019000
v -0.001671 -0.002307 -0.019000
v -0.001671 -0.002307 0.019000
v -0.001831 -0.002202 -0.019000
v -0.001831 -0.002202 0.019000
v -0.001983 -0.002086 -0.019000
v -0.001983 -0.002086 0.019000
v -0.002127 -0.001962 -0.019000
v -0.002127 -0.001962 0.019000
v -0.002261 -0.001830 -0.019000
v -0.002261 -0.001830 0.019000
v -0.002386 -0.001689 -0.019000
v -0.002386 -0.001689 0.019000
v -0.002501 -0.001542 -0.019000
v -0.002501 -0.001542 0.019000
v -0.002605 -0.001388 -0.019000
v -0.002605 -0.001388 0.019000
v -0.002698 -0.001227 -0.019000
v -0.002698 -0.001227 0.019000
v -0.002779 -0.001062 -0.019000
v -0.002779 -0.001062 0.019000
v -0.002848 -0.000892 -0.019000
v -0.002848 -0.000892 0.019000
v -0.002905 -0.000718 -0.019000
v -0.002905 -0.000718 0.019000
v -0.002950 -0.000541 -0.019000
v -0.002950 -0.000541 0.019000
v -0.002982 -0.000362 -0.019000
v -0.002982 -0.000362 0.019000
v -0.003001 -0.000181 -0.019000
v -0.003001 -0.000181 0.019000
v -0.003008 0.000000 -0.019000
v -0.003008 0.000000 0.019000
v -0.003001 0.000181 -0.019000
v -0.003001 0.000181 0.019000
v -0.002982 0.000362 -0.019000
v -0.002982 0.000362 0.019000
v -0.002950 0.000541 -0.019000
v -0.002950 0.000541 0.019000
v -0.002905 0.000718 -0.019000
v -0.002905 0.000718 0.019000
v -0.002848 0.000892 -0.019000
v -0.002848 0.000892 0.019000
v -0.002779 0.001062 -0.019000
v -0.002779 0.001062 0.019000
v -0.002698 0.001227 -0.019000
v -0.002698 0.001227 0.019000
v -0.002605 0.001388 -0.019000
v -0.002605 0.001388 0.019000
v -0.002501 0.001542 -0.019000
v -0.002501 0.001542 0.019000
v -0.002386 0.001689 -0.019000
v -0.002386 0.001689 0.019000
v -0.002261 0.001830 -0.019000
v -0.002261 0.001830 0.019000
v -0.002127 0.001962 -0.019000
v -0.002127 0.001962 0.019000
v -0.001983 0.002086 -0.019000
v -0.001983 0.002086 0.019000
v -0.001831 0.002202 -0.019000
v -0.001831 0.002202 0.019000
v -0.001671 0.002307 -0.019000
v -0.001671 0.002307 0.019000
v -0.001504 0.002403 -0.019000
v -0.001504 0.002403 0.019000
v -0.001330 0.002489 -0.019000
v -0.001330 0.002489 0.019000
v -0.001151 0.002564 -0.019000
v -0.001151 0.002564 0.019000
v -0.000967 0.002628 -0.019000
v -0.000967 0.002628 0.019000
v -0.000778 0.002680 -0.019000
v -0.000778 0.002680 0.019000
v -0.000587 0.002722 -0.019000
v -0.000587 0.002722 0.019000
v -0.000393 0.002751 -0.019000
v -0.000393 0.002751 0.019000
v -0.000197 0.002769 -0.019000
v -0.000197 0.002769 0.019000
vn 0.0302 0.9995 -0.0000
vn 0.0905 0.9959 -0.0000
vn 0.1506 0.9886 -0.0000
vn 0.2103 0.9776 -0.0000
vn 0.2695 0.9630 -0.0000
vn 0.3280 0.9447 -0.0000
vn 0.3857 0.9226 -0.0000
vn 0.4423 0.8969 -0.0000
vn 0.4976 0.8674 -0.0000
vn 0.5515 0.8342 -0.0000
vn 0.6037 0.7972 -0.0000
vn 0.6538 0.7566 -0.0000
vn 0.7018 0.7124 -0.0000
vn 0.7472 0.6646 -0.0000
vn 0.7898 0.6134 -0.0000
vn 0.8292 0.5589 -0.0000
vn 0.8653 0.5013 -0.0000
vn 0.8976 0.4408 -0.0000
vn 0.9259 0.3777 -0.0000
vn 0.9500 0.3123 -0.0000
vn 0.9695 0.2450 -0.0000
vn 0.9844 0.1761 -0.0000
vn 0.9943 0.1062 -0.0000
vn 0.9994 0.0354 -0.0000
vn 0.9994 -0.0354 -0.0000
vn 0.9943 -0.1062 -0.0000
vn 0.9844 -0.1761 -0.0000
vn 0.9695 -0.2450 -0.0000
vn 0.9500 -0.3123 -0.0000
vn 0.9259 -0.3777 -0.0000
vn 0.8976 -0.4408 -0.0000
vn 0.8653 -0.5013 -0.0000
vn 0.8292 -0.5589 -0.0000
vn 0.7898 -0.6134 -0.0000
vn 0.7472 -0.6646 -0.0000
vn 0.7018 -0.7124 -0.0000
vn 0.6538 -0.7566 -0.0000
vn 0.6037 -0.7972 -0.0000
vn 0.5515 -0.8342 -0.0000
vn 0.4976 -0.8674 -0.0000
vn 0.4423 -0.8969 -0.0000
vn 0.3857 -0.9226 -0.0000
vn 0.3280 -0.9447 -0.0000
vn 0.2695 -0.9630 -0.0000
vn 0.2103 -0.9776 -0.0000
vn 0.1506 -0.9886 -0.0000
vn 0.0905 -0.9959 -0.0000
vn 0.0302 -0.9995 -0.0000
vn -0.0302 -0.9995 -0.0000
vn -0.0905 -0.9959 -0.0000
vn -0.1506 -0.9886 -0.0000
vn -0.2103 -0.9776 -0.0000
vn -0.2695 -0.9630 -0.0000
vn -0.3280 -0.9447 -0.0000
vn -0.3857 -0.9226 -0.0000
vn -0.4423 -0.8969 -0.0000
vn -0.4976 -0.8674 -0.0000
vn -0.5515 -0.8342 -0.0000
vn -0.6037 -0.7972 -0.0000
vn -0.6538 -0.7566 -0.0000
vn -0.7018 -0.7124 -0.0000
vn -0.7472 -0.6646 -0.0000
vn -0.7898 -0.6134 -0.0000
vn -0.8292 -0.5589 -0.0000
vn -0.8653 -0.5013 -0.0000
vn -0.8976 -0.4408 -0.0000
vn -0.9259 -0.3777 -0.0000
vn -0.9500 -0.3123 -0.0000
vn -0.9695 -0.2450 -0.0000
vn -0.9844 -0.1761 -0.0000
vn -0.9943 -0.1062 -0.0000
vn -0.9994 -0.0355 -0.0000
vn -0.9994 0.0355 -0.0000
vn -0.9944 0.1061 -0.0000
vn -0.9844 0.1762 -0.0000
vn -0.9695 0.2450 -0.0000
vn -0.9500 0.3123 -0.0000
vn -0.9259 0.3777 -0.0000
vn -0.8976 0.4408 -0.0000
vn -0.8653 0.5013 -0.0000
vn -0.8292 0.5589 -0.0000
vn -0.7898 0.6134 -0.0000
vn -0.7472 0.6646 -0.0000
vn -0.7018 0.7124 -0.0000
vn -0.6538 0.7566 -0.0000
vn -0.6037 0.7972 -0.0000
vn -0.5515 0.8342 -0.0000
vn -0.4976 0.8674 -0.0000
vn -0.4423 0.8969 -0.0000
vn -0.3857 0.9226 -0.0000
vn -0.3280 0.9447 -0.0000
vn -0.2695 0.9630 -0.0000
vn -0.2103 0.9776 -0.0000
vn -0.1506 0.9886 -0.0000
vn -0.0000 -0.0000 1.0000
vn -0.0905 0.9959 -0.0000
vn -0.0302 0.9995 -0.0000
vn -0.0000 -0.0000 -1.0000
vn -0.9844 -0.1762 -0.0000
vn -0.9944 -0.1061 -0.0000
vn -0.9943 0.1062 -0.0000
vn -0.9844 0.1761 -0.0000
vn -0.0002 -0.0000 1.0000
vn 0.0002 -0.0000 1.0000
vn -0.0001 -0.0000 1.0000
vn 0.0001 -0.0000 1.0000
vn -0.0001 -0.0000 -1.0000
vn 0.0001 -0.0000 -1.0000
vn 0.0002 -0.0000 -1.0000
vn -0.0002 -0.0000 -1.0000
vt 1.000000 1.000000
vt 0.989583 0.500000
vt 1.000000 0.500000
vt 0.989583 1.000000
vt 0.979167 0.500000
vt 0.979167 1.000000
vt 0.968750 0.500000
vt 0.968750 1.000000
vt 0.958333 0.500000
vt 0.958333 1.000000
vt 0.947917 0.500000
vt 0.947917 1.000000
vt 0.937500 0.500000
vt 0.937500 1.000000
vt 0.927083 0.500000
vt 0.927083 1.000000
vt 0.916667 0.500000
vt 0.916667 1.000000
vt 0.906250 0.500000
vt 0.906250 1.000000
vt 0.895833 0.500000
vt 0.895833 1.000000
vt 0.885416 0.500000
vt 0.885416 1.000000
vt 0.875000 0.500000
vt 0.875000 1.000000
vt 0.864583 0.500000
vt 0.864583 1.000000
vt 0.854166 0.500000
vt 0.854166 1.000000
vt 0.843750 0.500000
vt 0.843750 1.000000
vt 0.833333 0.500000
vt 0.833333 1.000000
vt 0.822916 0.500000
vt 0.822916 1.000000
vt 0.812500 0.500000
vt 0.812500 1.000000
vt 0.802083 0.500000
vt 0.802083 1.000000
vt 0.791666 0.500000
vt 0.791666 1.000000
vt 0.781250 0.500000
vt 0.781250 1.000000
vt 0.770833 0.500000
vt 0.770833 1.000000
vt 0.760416 0.500000
vt 0.760416 1.000000
vt 0.750000 0.500000
vt 0.750000 1.000000
vt 0.739583 0.500000
vt 0.739583 1.000000
vt 0.729166 0.500000
vt 0.729166 1.000000
vt 0.718749 0.500000
vt 0.718749 1.000000
vt 0.708333 0.500000
vt 0.708333 1.000000
vt 0.697916 0.500000
vt 0.697916 1.000000
vt 0.687499 0.500000
vt 0.687499 1.000000
vt 0.677083 0.500000
vt 0.677083 1.000000
vt 0.666666 0.500000
vt 0.666666 1.000000
vt 0.656249 0.500000
vt 0.656249 1.000000
vt 0.645833 0.500000
vt 0.645833 1.000000
vt 0.635416 0.500000
vt 0.635416 1.000000
vt 0.624999 0.500000
vt 0.624999 1.000000
vt 0.614583 0.500000
vt 0.614583 1.000000
vt 0.604166 0.500000
vt 0.604166 1.000000
vt 0.593749 0.500000
vt 0.593749 1.000000
vt 0.583333 0.500000
vt 0.583333 1.000000
vt 0.572916 0.500000
vt 0.572916 1.000000
vt 0.562499 0.500000
vt 0.562499 1.000000
vt 0.552082 0.500000
vt 0.552082 1.000000
vt 0.541666 0.500000
vt 0.541666 1.000000
vt 0.531249 0.500000
vt 0.531249 1.000000
vt 0.520832 0.500000
vt 0.520832 1.000000
vt 0.510416 0.500000
vt 0.510416 1.000000
vt 0.499999 0.500000
vt 0.499999 1.000000
vt 0.489582 0.500000
vt 0.489582 1.000000
vt 0.479166 0.500000
vt 0.479166 1.000000
vt 0.468749 0.500000
vt 0.468749 1.000000
vt 0.458332 0.500000
vt 0.458332 1.000000
vt 0.447916 0.500000
vt 0.447916 1.000000
vt 0.437499 0.500000
vt 0.437499 1.000000
vt 0.427082 0.500000
vt 0.427082 1.000000
vt 0.416666 0.500000
vt 0.416666 1.000000
vt 0.406249 0.500000
vt 0.406249 1.000000
vt 0.395833 0.500000
vt 0.395833 1.000000
vt 0.385416 0.500000
vt 0.385416 1.000000
vt 0.374999 0.500000
vt 0.374999 1.000000
vt 0.364583 0.500000
vt 0.364583 1.000000
vt 0.354166 0.500000
vt 0.354166 1.000000
vt 0.343749 0.500000
vt 0.343749 1.000000
vt 0.333333 0.500000
vt 0.333333 1.000000
vt 0.322916 0.500000
vt 0.322916 1.000000
vt 0.312499 0.500000
vt 0.312499 1.000000
vt 0.302083 0.500000
vt 0.302083 1.000000
vt 0.291666 0.500000
vt 0.291666 1.000000
vt 0.281249 0.500000
vt 0.281249 1.000000
vt 0.270833 0.500000
vt 0.270833 1.000000
vt 0.260416 0.500000
vt 0.260416 1.000000
vt 0.249999 0.500000
vt 0.249999 1.000000
vt 0.239583 0.500000
vt 0.239583 1.000000
vt 0.229166 0.500000
vt 0.229166 1.000000
vt 0.218749 0.500000
vt 0.218749 1.000000
vt 0.208333 0.500000
vt 0.208333 1.000000
vt 0.197916 0.500000
vt 0.197916 1.000000
vt 0.187499 0.500000
vt 0.187499 1.000000
vt 0.177083 0.500000
vt 0.177083 1.000000
vt 0.166666 0.500000
vt 0.166666 1.000000
vt 0.156249 0.500000
vt 0.156249 1.000000
vt 0.145833 0.500000
vt 0.145833 1.000000
vt 0.135416 0.500000
vt 0.135416 1.000000
vt 0.124999 0.500000
vt 0.124999 1.000000
vt 0.114583 0.500000
vt 0.114583 1.000000
vt 0.104166 0.500000
vt 0.104166 1.000000
vt 0.093749 0.500000
vt 0.093749 1.000000
vt 0.083333 0.500000
vt 0.083333 1.000000
vt 0.072916 0.500000
vt 0.072916 1.000000
vt 0.062499 0.500000
vt 0.062499 1.000000
vt 0.052083 0.500000
vt 0.052083 1.000000
vt 0.041666 0.500000
vt 0.041666 1.000000
vt 0.031249 0.500000
vt 0.031249 1.000000
vt 0.020833 0.500000
vt 0.028269 0.158156
vt 0.440405 0.103897
vt 0.281326 0.487947
vt 0.020833 1.000000
vt 0.010416 0.500000
vt 0.010416 1.000000
vt -0.000001 0.500000
vt 0.965249 0.143851
vt 0.550447 0.116663
vt 0.734303 0.489486
vt 0.265697 0.489486
vt 0.250000 0.490000
vt 0.234303 0.489486
vt 0.218674 0.487947
vt 0.203178 0.485388
vt 0.187883 0.481822
vt 0.172855 0.477263
vt 0.158156 0.471731
vt 0.143851 0.465249
vt 0.130000 0.457846
vt 0.116663 0.449553
vt 0.103897 0.440405
vt 0.091757 0.430442
vt 0.080294 0.419706
vt 0.069558 0.408243
vt 0.059595 0.396103
vt 0.050447 0.383337
vt 0.042154 0.370000
vt 0.034751 0.356149
vt 0.028269 0.341844
vt 0.022737 0.327145
vt 0.018178 0.312117
vt 0.014612 0.296822
vt 0.012053 0.281326
vt 0.010514 0.265697
vt 0.010000 0.250000
vt 0.010514 0.234303
vt 0.012053 0.218674
vt 0.014612 0.203178
vt 0.018178 0.187883
vt 0.022737 0.172855
vt 0.034751 0.143851
vt 0.042154 0.130000
vt 0.050447 0.116663
vt 0.059595 0.103897
vt 0.069558 0.091757
vt 0.080294 0.080294
vt 0.091757 0.069558
vt 0.103897 0.059595
vt 0.116663 0.050447
vt 0.130000 0.042154
vt 0.143851 0.034751
vt 0.158156 0.028269
vt 0.172855 0.022737
vt 0.187883 0.018178
vt 0.203178 0.014612
vt 0.218674 0.012053
vt 0.234303 0.010514
vt 0.250000 0.010000
vt 0.265697 0.010514
vt 0.281326 0.012053
vt 0.296822 0.014612
vt 0.312117 0.018178
vt 0.327145 0.022737
vt 0.341844 0.028269
vt 0.356149 0.034751
vt 0.370000 0.042154
vt 0.383337 0.050447
vt 0.396103 0.059595
vt 0.408243 0.069558
vt 0.419706 0.080294
vt 0.430442 0.091757
vt 0.449553 0.116663
vt 0.457846 0.130000
vt 0.465249 0.143851
vt 0.471731 0.158156
vt 0.477263 0.172855
vt 0.481822 0.187883
vt 0.485388 0.203178
vt 0.487947 0.218674
vt 0.489486 0.234303
vt 0.490000 0.250000
vt 0.489486 0.265697
vt 0.487947 0.281326
vt 0.485388 0.296822
vt 0.481822 0.312117
vt 0.477263 0.327145
vt 0.471731 0.341844
vt 0.465249 0.356149
vt 0.457846 0.370000
vt 0.449553 0.383337
vt 0.440405 0.396103
vt 0.430442 0.408243
vt 0.419706 0.419706
vt 0.408243 0.430442
vt 0.396103 0.440405
vt 0.383337 0.449553
vt 0.370000 0.457846
vt 0.356149 0.465249
vt 0.341844 0.471731
vt 0.327145 0.477263
vt 0.312117 0.481822
vt 0.296822 0.485388
vt -0.000001 1.000000
vt 0.750000 0.490000
vt 0.765697 0.489486
vt 0.781326 0.487947
vt 0.796822 0.485388
vt 0.812117 0.481822
vt 0.827145 0.477263
vt 0.841844 0.471731
vt 0.856149 0.465249
vt 0.870000 0.457846
vt 0.883337 0.449553
vt 0.896103 0.440405
vt 0.908243 0.430442
vt 0.919706 0.419706
vt 0.930442 0.408243
vt 0.940405 0.396103
vt 0.949553 0.383337
vt 0.957846 0.370000
vt 0.965249 0.356149
vt 0.971731 0.341844
vt 0.977263 0.327145
vt 0.981822 0.312117
vt 0.985388 0.296822
vt 0.987947 0.281326
vt 0.989486 0.265697
vt 0.990000 0.250000
vt 0.989486 0.234303
vt 0.987947 0.218674
vt 0.985388 0.203178
vt 0.981822 0.187883
vt 0.977263 0.172855
vt 0.971731 0.158156
vt 0.957846 0.130000
vt 0.949553 0.116663
vt 0.940405 0.103897
vt 0.930442 0.091757
vt 0.919706 0.080294
vt 0.908243 0.069558
vt 0.896103 0.059595
vt 0.883337 0.050447
vt 0.870000 0.042154
vt 0.856149 0.034751
vt 0.841844 0.028269
vt 0.827145 0.022737
vt 0.812117 0.018178
vt 0.796822 0.014612
vt 0.781326 0.012053
vt 0.765697 0.010514
vt 0.750000 0.010000
vt 0.734303 0.010514
vt 0.718674 0.012053
vt 0.703178 0.014612
vt 0.687883 0.018178
vt 0.672855 0.022737
vt 0.658156 0.028269
vt 0.643851 0.034751
vt 0.630000 0.042154
vt 0.616663 0.050447
vt 0.603897 0.059595
vt 0.591757 0.069558
vt 0.580294 0.080294
vt 0.569558 0.091757
vt 0.559595 0.103897
vt 0.542154 0.130000
vt 0.534751 0.143851
vt 0.528269 0.158156
vt 0.522737 0.172855
vt 0.518178 0.187883
vt 0.514612 0.203178
vt 0.512053 0.218674
vt 0.510514 0.234303
vt 0.510000 0.250000
vt 0.510514 0.265697
vt 0.512053 0.281326
vt 0.514612 0.296822
vt 0.518178 0.312117
vt 0.522737 0.327145
vt 0.528269 0.341844
vt 0.534751 0.356149
vt 0.542154 0.370000
vt 0.550447 0.383337
vt 0.559595 0.396103
vt 0.569558 0.408243
vt 0.580294 0.419706
vt 0.591757 0.430442
vt 0.603897 0.440405
vt 0.616663 0.449553
vt 0.630000 0.457846
vt 0.643851 0.465249
vt 0.658156 0.471731
vt 0.672855 0.477263
vt 0.687883 0.481822
vt 0.703178 0.485388
vt 0.718674 0.487947
s 0
usemtl rim_silver
f 1826/392/2169 1827/393/2169 1825/394/2169
f 1828/395/2170 1829/396/2170 1827/393/2170
f 1830/397/2171 1831/398/2171 1829/396/2171
f 1832/399/2172 1833/400/2172 1831/398/2172
f 1834/401/2173 1835/402/2173 1833/400/2173
f 1836/403/2174 1837/404/2174 1835/402/2174
f 1838/405/2175 1839/406/2175 1837/404/2175
f 1840/407/2176 1841/408/2176 1839/406/2176
f 1842/409/2177 1843/410/2177 1841/408/2177
f 1844/411/2178 1845/412/2178 1843/410/2178
f 1846/413/2179 1847/414/2179 1845/412/2179
f 1848/415/2180 1849/416/2180 1847/414/2180
f 1850/417/2181 1851/418/2181 1849/416/2181
f 1852/419/2182 1853/420/2182 1851/418/2182
f 1854/421/2183 1855/422/2183 1853/420/2183
f 1856/423/2184 1857/424/2184 1855/422/2184
f 1858/425/2185 1859/426/2185 1857/424/2185
f 1860/427/2186 1861/428/2186 1859/426/2186
f 1862/429/2187 1863/430/2187 1861/428/2187
f 1864/431/2188 1865/432/2188 1863/430/2188
f 1866/433/2189 1867/434/2189 1865/432/2189
f 1868/435/2190 1869/436/2190 1867/434/2190
f 1870/437/2191 1871/438/2191 1869/436/2191
f 1872/439/2192 1873/440/2192 1871/438/2192
f 1874/441/2193 1875/442/2193 1873/440/2193
f 1876/443/2194 1877/444/2194 1875/442/2194
f 1878/445/2195 1879/446/2195 1877/444/2195
f 1880/447/2196 1881/448/2196 1879/446/2196
f 1882/449/2197 1883/450/2197 1881/448/2197
f 1884/451/2198 1885/452/2198 1883/450/2198
f 1886/453/2199 1887/454/2199 1885/452/2199
f 1888/455/2200 1889/456/2200 1887/454/2200
f 1890/457/2201 1891/458/2201 1889/456/2201
f 1892/459/2202 1893/460/2202 1891/458/2202
f 1894/461/2203 1895/462/2203 1893/460/2203
f 1896/463/2204 1897/464/2204 1895/462/2204
f 1898/465/2205 1899/466/2205 1897/464/2205
f 1900/467/2206 1901/468/2206 1899/466/2206
f 1902/469/2207 1903/470/2207 1901/468/2207
f 1904/471/2208 1905/472/2208 1903/470/2208
f 1906/473/2209 1907/474/2209 1905/472/2209
f 1908/475/2210 1909/476/2210 1907/474/2210
f 1910/477/2211 1911/478/2211 1909/476/2211
f 1912/479/2212 1913/480/2212 1911/478/2212
f 1914/481/2213 1915/482/2213 1913/480/2213
f 1916/483/2214 1917/484/2214 1915/482/2214
f 1918/485/2215 1919/486/2215 1917/484/2215
f 1920/487/2216 1921/488/2216 1919/486/2216
f 1922/489/2217 1923/490/2217 1921/488/2217
f 1924/491/2218 1925/492/2218 1923/490/2218
f 1926/493/2219 1927/494/2219 1925/492/2219
f 1928/495/2220 1929/496/2220 1927/494/2220
f 1930/497/2221 1931/498/2221 1929/496/2221
f 1932/499/2222 1933/500/2222 1931/498/2222
f 1934/501/2223 1935/502/2223 1933/500/2223
f 1936/503/2224 1937/504/2224 1935/502/2224
f 1938/505/2225 1939/506/2225 1937/504/2225
f 1940/507/2226 1941/508/2226 1939/506/2226
f 1942/509/2227 1943/510/2227 1941/508/2227
f 1944/511/2228 1945/512/2228 1943/510/2228
f 1946/513/2229 1947/514/2229 1945/512/2229
f 1948/515/2230 1949/516/2230 1947/514/2230
f 1950/517/2231 1951/518/2231 1949/516/2231
f 1952/519/2232 1953/520/2232 1951/518/2232
f 1954/521/2233 1955/522/2233 1953/520/2233
f 1956/523/2234 1957/524/2234 1955/522/2234
f 1958/525/2235 1959/526/2235 1957/524/2235
f 1960/527/2236 1961/528/2236 1959/526/2236
f 1962/529/2237 1963/530/2237 1961/528/2237
f 1964/531/2238 1965/532/2238 1963/530/2238
f 1966/533/2239 1967/534/2239 1965/532/2239
f 1968/535/2240 1969/536/2240 1967/534/2240
f 1970/537/2241 1971/538/2241 1969/536/2241
f 1972/539/2242 1973/540/2242 1971/538/2242
f 1974/541/2243 1975/542/2243 1973/540/2243
f 1976/543/2244 1977/544/2244 1975/542/2244
f 1978/545/2245 1979/546/2245 1977/544/2245
f 1980/547/2246 1981/548/2246 1979/546/2246
f 1982/549/2247 1983/550/2247 1981/548/2247
f 1984/551/2248 1985/552/2248 1983/550/2248
f 1986/553/2249 1987/554/2249 1985/552/2249
f 1988/555/2250 1989/556/2250 1987/554/2250
f 1990/557/2251 1991/558/2251 1989/556/2251
f 1992/559/2252 1993/560/2252 1991/558/2252
f 1994/561/2253 1995/562/2253 1993/560/2253
f 1996/563/2254 1997/564/2254 1995/562/2254
f 1998/565/2255 1999/566/2255 1997/564/2255
f 2000/567/2256 2001/568/2256 1999/566/2256
f 2002/569/2257 2003/570/2257 2001/568/2257
f 2004/571/2258 2005/572/2258 2003/570/2258
f 2006/573/2259 2007/574/2259 2005/572/2259
f 2008/575/2260 2009/576/2260 2007/574/2260
f 2010/577/2261 2011/578/2261 2009/576/2261
f 2012/579/2262 2013/580/2262 2011/578/2262
f 1958/581/2263 1894/582/2263 1830/583/2263
f 2014/584/2264 2015/585/2264 2013/580/2264
f 2016/586/2265 1825/587/2265 2015/585/2265
f 1887/588/2266 1951/589/2266 2015/590/2266
f 1826/392/2169 1828/395/2169 1827/393/2169
f 1828/395/2170 1830/397/2170 1829/396/2170
f 1830/397/2171 1832/399/2171 1831/398/2171
f 1832/399/2172 1834/401/2172 1833/400/2172
f 1834/401/2173 1836/403/2173 1835/402/2173
f 1836/403/2174 1838/405/2174 1837/404/2174
f 1838/405/2175 1840/407/2175 1839/406/2175
f 1840/407/2176 1842/409/2176 1841/408/2176
f 1842/409/2177 1844/411/2177 1843/410/2177
f 1844/411/2178 1846/413/2178 1845/412/2178
f 1846/413/2179 1848/415/2179 1847/414/2179
f 1848/415/2180 1850/417/2180 1849/416/2180
f 1850/417/2181 1852/419/2181 1851/418/2181
f 1852/419/2182 1854/421/2182 1853/420/2182
f 1854/421/2183 1856/423/2183 1855/422/2183
f 1856/423/2184 1858/425/2184 1857/424/2184
f 1858/425/2185 1860/427/2185 1859/426/2185
f 1860/427/2186 1862/429/2186 1861/428/2186
f 1862/429/2187 1864/431/2187 1863/430/2187
f 1864/431/2188 1866/433/2188 1865/432/2188
f 1866/433/2189 1868/435/2189 1867/434/2189
f 1868/435/2190 1870/437/2190 1869/436/2190
f 1870/437/2191 1872/439/2191 1871/438/2191
f 1872/439/2192 1874/441/2192 1873/440/2192
f 1874/441/2193 1876/443/2193 1875/442/2193
f 1876/443/2194 1878/445/2194 1877/444/2194
f 1878/445/2195 1880/447/2195 1879/446/2195
f 1880/447/2196 1882/449/2196 1881/448/2196
f 1882/449/2197 1884/451/2197 1883/450/2197
f 1884/451/2198 1886/453/2198 1885/452/2198
f 1886/453/2199 1888/455/2199 1887/454/2199
f 1888/455/2200 1890/457/2200 1889/456/2200
f 1890/457/2201 1892/459/2201 1891/458/2201
f 1892/459/2202 1894/461/2202 1893/460/2202
f 1894/461/2203 1896/463/2203 1895/462/2203
f 1896/463/2204 1898/465/2204 1897/464/2204
f 1898/465/2205 1900/467/2205 1899/466/2205
f 1900/467/2206 1902/469/2206 1901/468/2206
f 1902/469/2207 1904/471/2207 1903/470/2207
f 1904/471/2208 1906/473/2208 1905/472/2208
f 1906/473/2209 1908/475/2209 1907/474/2209
f 1908/475/2210 1910/477/2210 1909/476/2210
f 1910/477/2211 1912/479/2211 1911/478/2211
f 1912/479/2212 1914/481/2212 1913/480/2212
f 1914/481/2213 1916/483/2213 1915/482/2213
f 1916/483/2214 1918/485/2214 1917/484/2214
f 1918/485/2215 1920/487/2215 1919/486/2215
f 1920/487/2216 1922/489/2216 1921/488/2216
f 1922/489/2217 1924/491/2217 1923/490/2217
f 1924/491/2218 1926/493/2218 1925/492/2218
f 1926/493/2219 1928/495/2219 1927/494/2219
f 1928/495/2220 1930/497/2220 1929/496/2220
f 1930/497/2221 1932/499/2221 1931/498/2221
f 1932/499/2222 1934/501/2222 1933/500/2222
f 1934/501/2223 1936/503/2223 1935/502/2223
f 1936/503/2224 1938/505/2224 1937/504/2224
f 1938/505/2225 1940/507/2225 1939/506/2225
f 1940/507/2226 1942/509/2226 1941/508/2226
f 1942/509/2227 1944/511/2227 1943/510/2227
f 1944/511/2228 1946/513/2228 1945/512/2228
f 1946/513/2229 1948/515/2229 1947/514/2229
f 1948/515/2230 1950/517/2230 1949/516/2230
f 1950/517/2231 1952/519/2231 1951/518/2231
f 1952/519/2232 1954/521/2232 1953/520/2232
f 1954/521/2233 1956/523/2233 1955/522/2233
f 1956/523/2234 1958/525/2234 1957/524/2234
f 1958/525/2235 1960/527/2235 1959/526/2235
f 1960/527/2236 1962/529/2236 1961/528/2236
f 1962/529/2237 1964/531/2237 1963/530/2237
f 1964/531/2267 1966/533/2267 1965/532/2267
f 1966/533/2268 1968/535/2268 1967/534/2268
f 1968/535/2240 1970/537/2240 1969/536/2240
f 1970/537/2241 1972/539/2241 1971/538/2241
f 1972/539/2269 1974/541/2269 1973/540/2269
f 1974/541/2270 1976/543/2270 1975/542/2270
f 1976/543/2244 1978/545/2244 1977/544/2244
f 1978/545/2245 1980/547/2245 1979/546/2245
f 1980/547/2246 1982/549/2246 1981/548/2246
f 1982/549/2247 1984/551/2247 1983/550/2247
f 1984/551/2248 1986/553/2248 1985/552/2248
f 1986/553/2249 1988/555/2249 1987/554/2249
f 1988/555/2250 1990/557/2250 1989/556/2250
f 1990/557/2251 1992/559/2251 1991/558/2251
f 1992/559/2252 1994/561/2252 1993/560/2252
f 1994/561/2253 1996/563/2253 1995/562/2253
f 1996/563/2254 1998/565/2254 1997/564/2254
f 1998/565/2255 2000/567/2255 1999/566/2255
f 2000/567/2256 2002/569/2256 2001/568/2256
f 2002/569/2257 2004/571/2257 2003/570/2257
f 2004/571/2258 2006/573/2258 2005/572/2258
f 2006/573/2259 2008/575/2259 2007/574/2259
f 2008/575/2260 2010/577/2260 2009/576/2260
f 2010/577/2261 2012/579/2261 2011/578/2261
f 2012/579/2262 2014/584/2262 2013/580/2262
f 1830/583/2263 1828/591/2263 1826/592/2263
f 1826/592/2263 2016/593/2263 2014/594/2263
f 2014/594/2263 2012/595/2263 2010/596/2263
f 2010/596/2263 2008/597/2263 2006/598/2263
f 2006/598/2263 2004/599/2263 2002/600/2263
f 2002/600/2271 2000/601/2271 1998/602/2271
f 1998/602/2263 1996/603/2263 1994/604/2263
f 1994/604/2271 1992/605/2271 1990/606/2271
f 1990/606/2271 1988/607/2271 1986/608/2271
f 1986/608/2272 1984/609/2272 1982/610/2272
f 1982/610/2263 1980/611/2263 1978/612/2263
f 1978/612/2263 1976/613/2263 1974/614/2263
f 1974/614/2271 1972/615/2271 1970/616/2271
f 1970/616/2271 1968/617/2271 1966/618/2271
f 1966/618/2263 1964/619/2263 1962/620/2263
f 1962/620/2271 1960/621/2271 1958/581/2271
f 1958/581/2263 1956/622/2263 1954/623/2263
f 1954/623/2271 1952/624/2271 1950/625/2271
f 1950/625/2271 1948/626/2271 1946/627/2271
f 1946/627/2263 1944/628/2263 1942/629/2263
f 1942/629/2273 1940/630/2273 1938/631/2273
f 1938/631/2263 1936/632/2263 1934/633/2263
f 1934/633/2263 1932/634/2263 1930/635/2263
f 1930/635/2263 1928/636/2263 1926/637/2263
f 1926/637/2263 1924/638/2263 1922/639/2263
f 1922/639/2263 1920/640/2263 1918/641/2263
f 1918/641/2263 1916/642/2263 1914/643/2263
f 1914/643/2263 1912/644/2263 1910/645/2263
f 1910/645/2263 1908/646/2263 1906/647/2263
f 1906/647/2272 1904/648/2272 1902/649/2272
f 1902/649/2263 1900/650/2263 1898/651/2263
f 1898/651/2272 1896/652/2272 1894/582/2272
f 1894/582/2272 1892/653/2272 1890/654/2272
f 1890/654/2263 1888/655/2263 1886/656/2263
f 1886/656/2272 1884/657/2272 1882/658/2272
f 1882/658/2263 1880/659/2263 1878/660/2263
f 1878/660/2272 1876/661/2272 1874/662/2272
f 1874/662/2272 1872/663/2272 1870/664/2272
f 1870/664/2263 1868/665/2263 1866/666/2263
f 1866/666/2263 1864/667/2263 1862/668/2263
f 1862/668/2271 1860/669/2271 1858/670/2271
f 1858/670/2272 1856/671/2272 1854/672/2272
f 1854/672/2272 1852/673/2272 1850/674/2272
f 1850/674/2263 1848/675/2263 1846/676/2263
f 1846/676/2274 1844/677/2274 1842/678/2274
f 1842/678/2263 1840/679/2263 1838/680/2263
f 1838/680/2263 1836/681/2263 1834/682/2263
f 1834/682/2263 1832/683/2263 1830/583/2263
f 1830/583/2263 1826/592/2263 2014/594/2263
f 2014/594/2263 2010/596/2263 2006/598/2263
f 2006/598/2263 2002/600/2263 1998/602/2263
f 1998/602/2263 1994/604/2263 1990/606/2263
f 1990/606/2263 1986/608/2263 1982/610/2263
f 1982/610/2263 1978/612/2263 1974/614/2263
f 1974/614/2263 1970/616/2263 1966/618/2263
f 1966/618/2263 1962/620/2263 1958/581/2263
f 1958/581/2263 1954/623/2263 1950/625/2263
f 1950/625/2263 1946/627/2263 1942/629/2263
f 1942/629/2263 1938/631/2263 1934/633/2263
f 1934/633/2263 1930/635/2263 1926/637/2263
f 1926/637/2263 1922/639/2263 1918/641/2263
f 1918/641/2263 1914/643/2263 1910/645/2263
f 1910/645/2263 1906/647/2263 1902/649/2263
f 1902/649/2263 1898/651/2263 1894/582/2263
f 1894/582/2263 1890/654/2263 1886/656/2263
f 1886/656/2263 1882/658/2263 1878/660/2263
f 1878/660/2263 1874/662/2263 1870/664/2263
f 1870/664/2263 1866/666/2263 1862/668/2263
f 1862/668/2263 1858/670/2263 1854/672/2263
f 1854/672/2263 1850/674/2263 1846/676/2263
f 1846/676/2263 1842/678/2263 1838/680/2263
f 1838/680/2263 1834/682/2263 1830/583/2263
f 1830/583/2263 2014/594/2263 2006/598/2263
f 2006/598/2263 1998/602/2263 1990/606/2263
f 1990/606/2263 1982/610/2263 1974/614/2263
f 1974/614/2263 1966/618/2263 1958/581/2263
f 1958/581/2263 1950/625/2263 1942/629/2263
f 1942/629/2263 1934/633/2263 1926/637/2263
f 1926/637/2263 1918/641/2263 1910/645/2263
f 1910/645/2263 1902/649/2263 1894/582/2263
f 1894/582/2263 1886/656/2263 1878/660/2263
f 1878/660/2263 1870/664/2263 1862/668/2263
f 1862/668/2263 1854/672/2263 1846/676/2263
f 1846/676/2263 1838/680/2263 1830/583/2263
f 1830/583/2263 2006/598/2263 1990/606/2263
f 1990/606/2263 1974/614/2263 1958/581/2263
f 1958/581/2263 1942/629/2263 1926/637/2263
f 1926/637/2263 1910/645/2263 1894/582/2263
f 1894/582/2263 1878/660/2263 1862/668/2263
f 1862/668/2263 1846/676/2263 1830/583/2263
f 1830/583/2263 1990/606/2263 1958/581/2263
f 1958/581/2263 1926/637/2263 1894/582/2263
f 1894/582/2263 1862/668/2263 1830/583/2263
f 2014/584/2264 2016/586/2264 2015/585/2264
f 2016/586/2265 1826/684/2265 1825/587/2265
f 2015/590/2266 1825/685/2266 1827/686/2266
f 1827/686/2266 1829/687/2266 1831/688/2266
f 1831/688/2275 1833/689/2275 1835/690/2275
f 1835/690/2276 1837/691/2276 1839/692/2276
f 1839/692/2275 1841/693/2275 1843/694/2275
f 1843/694/2266 1845/695/2266 1847/696/2266
f 1847/696/2266 1849/697/2266 1851/698/2266
f 1851/698/2277 1853/699/2277 1855/700/2277
f 1855/700/2278 1857/701/2278 1859/702/2278
f 1859/702/2266 1861/703/2266 1863/704/2266
f 1863/704/2277 1865/705/2277 1867/706/2277
f 1867/706/2278 1869/707/2278 1871/708/2278
f 1871/708/2277 1873/709/2277 1875/710/2277
f 1875/710/2277 1877/711/2277 1879/712/2277
f 1879/712/2266 1881/713/2266 1883/714/2266
f 1883/714/2266 1885/715/2266 1887/588/2266
f 1887/588/2278 1889/716/2278 1891/717/2278
f 1891/717/2277 1893/718/2277 1895/719/2277
f 1895/719/2266 1897/720/2266 1899/721/2266
f 1899/721/2266 1901/722/2266 1903/723/2266
f 1903/723/2275 1905/724/2275 1907/725/2275
f 1907/725/2276 1909/726/2276 1911/727/2276
f 1911/727/2266 1913/728/2266 1915/729/2266
f 1915/729/2266 1917/730/2266 1919/731/2266
f 1919/731/2266 1921/732/2266 1923/733/2266
f 1923/733/2266 1925/734/2266 1927/735/2266
f 1927/735/2276 1929/736/2276 1931/737/2276
f 1931/737/2275 1933/738/2275 1935/739/2275
f 1935/739/2276 1937/740/2276 1939/741/2276
f 1939/741/2266 1941/742/2266 1943/743/2266
f 1943/743/2266 1945/744/2266 1947/745/2266
f 1947/745/2278 1949/746/2278 1951/589/2278
f 1951/589/2277 1953/747/2277 1955/748/2277
f 1955/748/2266 1957/749/2266 1959/750/2266
f 1959/750/2266 1961/751/2266 1963/752/2266
f 1963/752/2278 1965/753/2278 1967/754/2278
f 1967/754/2278 1969/755/2278 1971/756/2278
f 1971/756/2277 1973/757/2277 1975/758/2277
f 1975/758/2278 1977/759/2278 1979/760/2278
f 1979/760/2266 1981/761/2266 1983/762/2266
f 1983/762/2277 1985/763/2277 1987/764/2277
f 1987/764/2278 1989/765/2278 1991/766/2278
f 1991/766/2266 1993/767/2266 1995/768/2266
f 1995/768/2266 1997/769/2266 1999/770/2266
f 1999/770/2276 2001/771/2276 2003/772/2276
f 2003/772/2275 2005/773/2275 2007/774/2275
f 2007/774/2266 2009/775/2266 2011/776/2266
f 2011/776/2266 2013/777/2266 2015/590/2266
f 2015/590/2266 1827/686/2266 1831/688/2266
f 1831/688/2266 1835/690/2266 1839/692/2266
f 1839/692/2266 1843/694/2266 1847/696/2266
f 1847/696/2266 1851/698/2266 1855/700/2266
f 1855/700/2266 1859/702/2266 1863/704/2266
f 1863/704/2266 1867/706/2266 1871/708/2266
f 1871/708/2266 1875/710/2266 1879/712/2266
f 1879/712/2266 1883/714/2266 1887/588/2266
f 1887/588/2266 1891/717/2266 1895/719/2266
f 1895/719/2266 1899/721/2266 1903/723/2266
f 1903/723/2266 1907/725/2266 1911/727/2266
f 1911/727/2266 1915/729/2266 1919/731/2266
f 1919/731/2266 1923/733/2266 1927/735/2266
f 1927/735/2266 1931/737/2266 1935/739/2266
f 1935/739/2266 1939/741/2266 1943/743/2266
f 1943/743/2266 1947/745/2266 1951/589/2266
f 1951/589/2266 1955/748/2266 1959/750/2266
f 1959/750/2266 1963/752/2266 1967/754/2266
f 1967/754/2266 1971/756/2266 1975/758/2266
f 1975/758/2266 1979/760/2266 1983/762/2266
f 1983/762/2266 1987/764/2266 1991/766/2266
f 1991/766/2266 1995/768/2266 1999/770/2266
f 1999/770/2266 2003/772/2266 2007/774/2266
f 2007/774/2266 2011/776/2266 2015/590/2266
f 2015/590/2266 1831/688/2266 1839/692/2266
f 1839/692/2266 1847/696/2266 1855/700/2266
f 1855/700/2266 1863/704/2266 1871/708/2266
f 1871/708/2266 1879/712/2266 1887/588/2266
f 1887/588/2266 1895/719/2266 1903/723/2266
f 1903/723/2266 1911/727/2266 1919/731/2266
f 1919/731/2266 1927/735/2266 1935/739/2266
f 1935/739/2266 1943/743/2266 1951/589/2266
f 1951/589/2266 1959/750/2266 1967/754/2266
f 1967/754/2266 1975/758/2266 1983/762/2266
f 1983/762/2266 1991/766/2266 1999/770/2266
f 1999/770/2266 2007/774/2266 2015/590/2266
f 2015/590/2266 1839/692/2266 1855/700/2266
f 1855/700/2266 1871/708/2266 1887/588/2266
f 1887/588/2266 1903/723/2266 1919/731/2266
f 1919/731/2266 1935/739/2266 1951/589/2266
f 1951/589/2266 1967/754/2266 1983/762/2266
f 1983/762/2266 1999/770/2266 2015/590/2266
f 2015/590/2266 1855/700/2266 1887/588/2266
f 1887/588/2266 1919/731/2266 1951/589/2266
f 1951/589/2266 1983/762/2266 2015/590/2266
o __articraft_commit_0005_0003
v 0.004512 0.097125 0.000000
v 0.004505 0.100796 0.000000
v 0.004505 0.100792 0.000195
v 0.004505 0.100778 0.000389
v 0.004505 0.100756 0.000582
v 0.004505 0.100726 0.000774
v 0.004505 0.100686 0.000964
v 0.004505 0.100638 0.001152
v 0.004505 0.100581 0.001337
v 0.004505 0.100517 0.001519
v 0.004505 0.100444 0.001697
v 0.004505 0.100363 0.001871
v 0.004505 0.100274 0.002040
v 0.004505 0.100177 0.002205
v 0.004505 0.100074 0.002364
v 0.004505 0.099963 0.002518
v 0.004505 0.099845 0.002665
v 0.004505 0.099721 0.002806
v 0.004505 0.099590 0.002941
v 0.004505 0.099454 0.003068
v 0.004505 0.099312 0.003188
v 0.004505 0.099165 0.003300
v 0.004505 0.099012 0.003404
v 0.004505 0.098856 0.003500
v 0.004505 0.098695 0.003588
v 0.004505 0.098530 0.003667
v 0.004505 0.098362 0.003737
v 0.004505 0.098191 0.003798
v 0.004505 0.098017 0.003850
v 0.004505 0.097841 0.003892
v 0.004505 0.097664 0.003926
v 0.004505 0.097485 0.003950
v 0.004505 0.097305 0.003964
v 0.004505 0.097125 0.003969
v 0.004505 0.096945 0.003964
v 0.004505 0.096765 0.003950
v 0.004505 0.096586 0.003926
v 0.004505 0.096409 0.003892
v 0.004505 0.096233 0.003850
v 0.004505 0.096059 0.003798
v 0.004505 0.095888 0.003737
v 0.004505 0.095720 0.003667
v 0.004505 0.095555 0.003588
v 0.004505 0.095394 0.003500
v 0.004505 0.095238 0.003404
v 0.004505 0.095085 0.003300
v 0.004505 0.094938 0.003188
v 0.004505 0.094796 0.003068
v 0.004505 0.094660 0.002941
v 0.004505 0.094529 0.002806
v 0.004505 0.094405 0.002665
v 0.004505 0.094287 0.002518
v 0.004505 0.094176 0.002364
v 0.004505 0.094073 0.002205
v 0.004505 0.093976 0.002040
v 0.004505 0.093887 0.001871
v 0.004505 0.093806 0.001697
v 0.004505 0.093733 0.001519
v 0.004505 0.093669 0.001337
v 0.004505 0.093612 0.001152
v 0.004505 0.093564 0.000964
v 0.004505 0.093524 0.000774
v 0.004505 0.093494 0.000582
v 0.004505 0.093472 0.000389
v 0.004505 0.093458 0.000195
v 0.004505 0.093454 0.000000
v 0.004505 0.093458 -0.000195
v 0.004505 0.093472 -0.000389
v 0.004505 0.093494 -0.000582
v 0.004505 0.093524 -0.000774
v 0.004505 0.093564 -0.000964
v 0.004505 0.093612 -0.001152
v 0.004505 0.093669 -0.001337
v 0.004505 0.093733 -0.001519
v 0.004505 0.093806 -0.001697
v 0.004505 0.093887 -0.001871
v 0.004505 0.093976 -0.002040
v 0.004505 0.094073 -0.002205
v 0.004505 0.094176 -0.002364
v 0.004505 0.094287 -0.002518
v 0.004505 0.094405 -0.002665
v 0.004505 0.094529 -0.002806
v 0.004505 0.094660 -0.002941
v 0.004505 0.094796 -0.003068
v 0.004505 0.094938 -0.003188
v 0.004505 0.095085 -0.003300
v 0.004505 0.095238 -0.003404
v 0.004505 0.095394 -0.003500
v 0.004505 0.095555 -0.003588
v 0.004505 0.095720 -0.003667
v 0.004505 0.095888 -0.003737
v 0.004505 0.096059 -0.003798
v 0.004505 0.096233 -0.003850
v 0.004505 0.096409 -0.003892
v 0.004505 0.096586 -0.003926
v 0.004505 0.096765 -0.003950
v 0.004505 0.096945 -0.003964
v 0.004505 0.097125 -0.003969
v 0.004505 0.097305 -0.003964
v 0.004505 0.097485 -0.003950
v 0.004505 0.097664 -0.003926
v 0.004505 0.097841 -0.003892
v 0.004505 0.098017 -0.003850
v 0.004505 0.098191 -0.003798
v 0.004505 0.098362 -0.003737
v 0.004505 0.098530 -0.003667
v 0.004505 0.098695 -0.003588
v 0.004505 0.098856 -0.003500
v 0.004505 0.099012 -0.003404
v 0.004505 0.099165 -0.003300
v 0.004505 0.099312 -0.003188
v 0.004505 0.099454 -0.003068
v 0.004505 0.099590 -0.002941
v 0.004505 0.099721 -0.002806
v 0.004505 0.099845 -0.002665
v 0.004505 0.099963 -0.002518
v 0.004505 0.100074 -0.002364
v 0.004505 0.100177 -0.002205
v 0.004505 0.100274 -0.002040
v 0.004505 0.100363 -0.001871
v 0.004505 0.100444 -0.001697
v 0.004505 0.100517 -0.001519
v 0.004505 0.100581 -0.001337
v 0.004505 0.100638 -0.001152
v 0.004505 0.100686 -0.000964
v 0.004505 0.100726 -0.000774
v 0.004505 0.100756 -0.000582
v 0.004505 0.100778 -0.000389
v 0.004505 0.100792 -0.000195
v 0.004483 0.104467 0.000000
v 0.004483 0.104458 0.000390
v 0.004483 0.104432 0.000778
v 0.004483 0.104388 0.001165
v 0.004483 0.104326 0.001549
v 0.004483 0.104247 0.001929
v 0.004483 0.104151 0.002304
v 0.004483 0.104038 0.002674
v 0.004483 0.103908 0.003038
v 0.004483 0.103762 0.003394
v 0.004483 0.103600 0.003742
v 0.004483 0.103423 0.004081
v 0.004483 0.103230 0.004410
v 0.004483 0.103022 0.004728
v 0.004483 0.102801 0.005036
v 0.004483 0.102565 0.005331
v 0.004483 0.102317 0.005613
v 0.004483 0.102056 0.005881
v 0.004483 0.101783 0.006136
v 0.004483 0.101499 0.006375
v 0.004483 0.101204 0.006600
v 0.004483 0.100900 0.006808
v 0.004483 0.100586 0.007000
v 0.004483 0.100264 0.007175
v 0.004483 0.099935 0.007333
v 0.004483 0.099599 0.007474
v 0.004483 0.099256 0.007596
v 0.004483 0.098909 0.007700
v 0.004483 0.098557 0.007785
v 0.004483 0.098202 0.007852
v 0.004483 0.097845 0.007899
v 0.004483 0.097485 0.007928
v 0.004483 0.097125 0.007937
v 0.004483 0.096765 0.007928
v 0.004483 0.096405 0.007899
v 0.004483 0.096048 0.007852
v 0.004483 0.095693 0.007785
v 0.004483 0.095341 0.007700
v 0.004483 0.094994 0.007596
v 0.004483 0.094651 0.007474
v 0.004483 0.094315 0.007333
v 0.004483 0.093986 0.007175
v 0.004483 0.093664 0.007000
v 0.004483 0.093350 0.006808
v 0.004483 0.093046 0.006600
v 0.004483 0.092751 0.006375
v 0.004483 0.092467 0.006136
v 0.004483 0.092194 0.005881
v 0.004483 0.091933 0.005613
v 0.004483 0.091685 0.005331
v 0.004483 0.091449 0.005036
v 0.004483 0.091228 0.004728
v 0.004483 0.091020 0.004410
v 0.004483 0.090827 0.004081
v 0.004483 0.090650 0.003742
v 0.004483 0.090488 0.003394
v 0.004483 0.090342 0.003038
v 0.004483 0.090212 0.002674
v 0.004483 0.090099 0.002304
v 0.004483 0.090003 0.001929
v 0.004483 0.089924 0.001549
v 0.004483 0.089862 0.001165
v 0.004483 0.089818 0.000778
v 0.004483 0.089792 0.000390
v 0.004483 0.089783 0.000000
v 0.004483 0.089792 -0.000389
v 0.004483 0.089818 -0.000778
v 0.004483 0.089862 -0.001165
v 0.004483 0.089924 -0.001549
v 0.004483 0.090003 -0.001929
v 0.004483 0.090099 -0.002304
v 0.004483 0.090212 -0.002674
v 0.004483 0.090342 -0.003038
v 0.004483 0.090488 -0.003394
v 0.004483 0.090650 -0.003742
v 0.004483 0.090827 -0.004081
v 0.004483 0.091020 -0.004410
v 0.004483 0.091228 -0.004728
v 0.004483 0.091449 -0.005035
v 0.004483 0.091685 -0.005331
v 0.004483 0.091933 -0.005613
v 0.004483 0.092194 -0.005881
v 0.004483 0.092467 -0.006136
v 0.004483 0.092751 -0.006375
v 0.004483 0.093046 -0.006600
v 0.004483 0.093350 -0.006808
v 0.004483 0.093664 -0.007000
v 0.004483 0.093986 -0.007175
v 0.004483 0.094315 -0.007333
v 0.004483 0.094651 -0.007473
v 0.004483 0.094994 -0.007596
v 0.004483 0.095341 -0.007700
v 0.004483 0.095693 -0.007785
v 0.004483 0.096048 -0.007852
v 0.004483 0.096405 -0.007899
v 0.004483 0.096765 -0.007928
v 0.004483 0.097125 -0.007937
v 0.004483 0.097485 -0.007928
v 0.004483 0.097845 -0.007899
v 0.004483 0.098202 -0.007852
v 0.004483 0.098557 -0.007785
v 0.004483 0.098909 -0.007700
v 0.004483 0.099256 -0.007596
v 0.004483 0.099599 -0.007473
v 0.004483 0.099935 -0.007333
v 0.004483 0.100264 -0.007175
v 0.004483 0.100586 -0.007000
v 0.004483 0.100900 -0.006808
v 0.004483 0.101204 -0.006600
v 0.004483 0.101499 -0.006375
v 0.004483 0.101783 -0.006136
v 0.004483 0.102056 -0.005881
v 0.004483 0.102317 -0.005613
v 0.004483 0.102565 -0.005331
v 0.004483 0.102801 -0.005035
v 0.004483 0.103022 -0.004728
v 0.004483 0.103230 -0.004410
v 0.004483 0.103423 -0.004081
v 0.004483 0.103600 -0.003742
v 0.004483 0.103762 -0.003394
v 0.004483 0.103908 -0.003038
v 0.004483 0.104038 -0.002674
v 0.004483 0.104151 -0.002304
v 0.004483 0.104247 -0.001929
v 0.004483 0.104326 -0.001549
v 0.004483 0.104388 -0.001165
v 0.004483 0.104432 -0.000778
v 0.004483 0.104458 -0.000389
v 0.004448 0.108138 0.000000
v 0.004448 0.108125 0.000584
v 0.004448 0.108085 0.001167
v 0.004448 0.108019 0.001747
v 0.004448 0.107927 0.002323
v 0.004448 0.107808 0.002893
v 0.004448 0.107664 0.003456
v 0.004448 0.107494 0.004011
v 0.004448 0.107300 0.004556
v 0.004448 0.107081 0.005091
v 0.004448 0.106838 0.005613
v 0.004448 0.106571 0.006121
v 0.004448 0.106282 0.006615
v 0.004448 0.105971 0.007093
v 0.004448 0.105638 0.007553
v 0.004448 0.105285 0.007996
v 0.004448 0.104913 0.008419
v 0.004448 0.104521 0.008822
v 0.004448 0.104112 0.009204
v 0.004448 0.103686 0.009563
v 0.004448 0.103244 0.009900
v 0.004448 0.102787 0.010212
v 0.004448 0.102317 0.010500
v 0.004448 0.101834 0.010763
v 0.004448 0.101340 0.011000
v 0.004448 0.100835 0.011210
v 0.004448 0.100322 0.011394
v 0.004448 0.099801 0.011549
v 0.004448 0.099274 0.011678
v 0.004448 0.098741 0.011777
v 0.004448 0.098204 0.011849
v 0.004448 0.097665 0.011892
v 0.004448 0.097125 0.011906
v 0.004448 0.096585 0.011892
v 0.004448 0.096046 0.011849
v 0.004448 0.095509 0.011777
v 0.004448 0.094976 0.011678
v 0.004448 0.094449 0.011549
v 0.004448 0.093928 0.011394
v 0.004448 0.093415 0.011210
v 0.004448 0.092910 0.011000
v 0.004448 0.092416 0.010763
v 0.004448 0.091933 0.010500
v 0.004448 0.091463 0.010212
v 0.004448 0.091006 0.009900
v 0.004448 0.090564 0.009563
v 0.004448 0.090138 0.009204
v 0.004448 0.089729 0.008822
v 0.004448 0.089337 0.008419
v 0.004448 0.088965 0.007996
v 0.004448 0.088612 0.007553
v 0.004448 0.088279 0.007093
v 0.004448 0.087968 0.006615
v 0.004448 0.087679 0.006121
v 0.004448 0.087412 0.005613
v 0.004448 0.087169 0.005091
v 0.004448 0.086950 0.004556
v 0.004448 0.086756 0.004011
v 0.004448 0.086586 0.003456
v 0.004448 0.086442 0.002893
v 0.004448 0.086323 0.002323
v 0.004448 0.086231 0.001747
v 0.004448 0.086165 0.001167
v 0.004448 0.086125 0.000584
v 0.004448 0.086112 0.000000
v 0.004448 0.086125 -0.000584
v 0.004448 0.086165 -0.001167
v 0.004448 0.086231 -0.001747
v 0.004448 0.086323 -0.002323
v 0.004448 0.086442 -0.002893
v 0.004448 0.086586 -0.003456
v 0.004448 0.086756 -0.004011
v 0.004448 0.086950 -0.004556
v 0.004448 0.087169 -0.005091
v 0.004448 0.087412 -0.005613
v 0.004448 0.087679 -0.006121
v 0.004448 0.087968 -0.006615
v 0.004448 0.088279 -0.007093
v 0.004448 0.088612 -0.007553
v 0.004448 0.088965 -0.007996
v 0.004448 0.089337 -0.008419
v 0.004448 0.089729 -0.008822
v 0.004448 0.090138 -0.009204
v 0.004448 0.090564 -0.009563
v 0.004448 0.091006 -0.009900
v 0.004448 0.091463 -0.010212
v 0.004448 0.091933 -0.010500
v 0.004448 0.092416 -0.010763
v 0.004448 0.092910 -0.011000
v 0.004448 0.093415 -0.011210
v 0.004448 0.093928 -0.011394
v 0.004448 0.094449 -0.011549
v 0.004448 0.094976 -0.011677
v 0.004448 0.095509 -0.011777
v 0.004448 0.096046 -0.011849
v 0.004448 0.096585 -0.011892
v 0.004448 0.097125 -0.011906
v 0.004448 0.097665 -0.011892
v 0.004448 0.098204 -0.011849
v 0.004448 0.098741 -0.011777
v 0.004448 0.099274 -0.011677
v 0.004448 0.099801 -0.011549
v 0.004448 0.100322 -0.011394
v 0.004448 0.100835 -0.011210
v 0.004448 0.101340 -0.011000
v 0.004448 0.101834 -0.010763
v 0.004448 0.102317 -0.010500
v 0.004448 0.102787 -0.010212
v 0.004448 0.103244 -0.009900
v 0.004448 0.103686 -0.009563
v 0.004448 0.104112 -0.009204
v 0.004448 0.104521 -0.008822
v 0.004448 0.104913 -0.008419
v 0.004448 0.105285 -0.007996
v 0.004448 0.105638 -0.007553
v 0.004448 0.105971 -0.007093
v 0.004448 0.106282 -0.006615
v 0.004448 0.106571 -0.006121
v 0.004448 0.106838 -0.005613
v 0.004448 0.107081 -0.005091
v 0.004448 0.107300 -0.004556
v 0.004448 0.107494 -0.004011
v 0.004448 0.107664 -0.003456
v 0.004448 0.107808 -0.002893
v 0.004448 0.107927 -0.002323
v 0.004448 0.108019 -0.001747
v 0.004448 0.108085 -0.001167
v 0.004448 0.108125 -0.000584
v 0.004399 0.111809 0.000000
v 0.004399 0.111792 0.000779
v 0.004399 0.111739 0.001556
v 0.004399 0.111650 0.002329
v 0.004399 0.111527 0.003097
v 0.004399 0.111369 0.003857
v 0.004399 0.111177 0.004608
v 0.004399 0.110951 0.005348
v 0.004399 0.110692 0.006075
v 0.004399 0.110400 0.006787
v 0.004399 0.110075 0.007483
v 0.004399 0.109720 0.008161
v 0.004399 0.109335 0.008820
v 0.004399 0.108920 0.009457
v 0.004399 0.108476 0.010071
v 0.004399 0.108005 0.010661
v 0.004399 0.107508 0.011225
v 0.004399 0.106986 0.011763
v 0.004399 0.106441 0.012272
v 0.004399 0.105872 0.012751
v 0.004399 0.105283 0.013200
v 0.004399 0.104674 0.013616
v 0.004399 0.104047 0.014001
v 0.004399 0.103403 0.014351
v 0.004399 0.102744 0.014667
v 0.004399 0.102072 0.014947
v 0.004399 0.101388 0.015191
v 0.004399 0.100693 0.015399
v 0.004399 0.099990 0.015570
v 0.004399 0.099280 0.015703
v 0.004399 0.098564 0.015799
v 0.004399 0.097846 0.015856
v 0.004399 0.097125 0.015875
v 0.004399 0.096404 0.015856
v 0.004399 0.095686 0.015799
v 0.004399 0.094970 0.015703
v 0.004399 0.094260 0.015570
v 0.004399 0.093557 0.015399
v 0.004399 0.092862 0.015191
v 0.004399 0.092178 0.014947
v 0.004399 0.091506 0.014667
v 0.004399 0.090847 0.014351
v 0.004399 0.090203 0.014001
v 0.004399 0.089576 0.013616
v 0.004399 0.088967 0.013200
v 0.004399 0.088378 0.012751
v 0.004399 0.087809 0.012272
v 0.004399 0.087264 0.011763
v 0.004399 0.086742 0.011225
v 0.004399 0.086245 0.010661
v 0.004399 0.085774 0.010071
v 0.004399 0.085330 0.009457
v 0.004399 0.084915 0.008820
v 0.004399 0.084530 0.008161
v 0.004399 0.084175 0.007483
v 0.004399 0.083850 0.006787
v 0.004399 0.083558 0.006075
v 0.004399 0.083299 0.005348
v 0.004399 0.083073 0.004608
v 0.004399 0.082881 0.003857
v 0.004399 0.082723 0.003097
v 0.004399 0.082600 0.002329
v 0.004399 0.082511 0.001556
v 0.004399 0.082458 0.000779
v 0.004399 0.082441 0.000000
v 0.004399 0.082458 -0.000779
v 0.004399 0.082511 -0.001556
v 0.004399 0.082600 -0.002329
v 0.004399 0.082723 -0.003097
v 0.004399 0.082881 -0.003857
v 0.004399 0.083073 -0.004608
v 0.004399 0.083299 -0.005348
v 0.004399 0.083558 -0.006075
v 0.004399 0.083850 -0.006787
v 0.004399 0.084175 -0.007483
v 0.004399 0.084530 -0.008161
v 0.004399 0.084915 -0.008820
v 0.004399 0.085330 -0.009457
v 0.004399 0.085774 -0.010071
v 0.004399 0.086245 -0.010661
v 0.004399 0.086742 -0.011225
v 0.004399 0.087264 -0.011763
v 0.004399 0.087809 -0.012272
v 0.004399 0.088378 -0.012751
v 0.004399 0.088967 -0.013200
v 0.004399 0.089576 -0.013616
v 0.004399 0.090203 -0.014000
v 0.004399 0.090847 -0.014351
v 0.004399 0.091506 -0.014667
v 0.004399 0.092178 -0.014947
v 0.004399 0.092862 -0.015191
v 0.004399 0.093557 -0.015399
v 0.004399 0.094260 -0.015570
v 0.004399 0.094970 -0.015703
v 0.004399 0.095686 -0.015799
v 0.004399 0.096404 -0.015856
v 0.004399 0.097125 -0.015875
v 0.004399 0.097846 -0.015856
v 0.004399 0.098564 -0.015799
v 0.004399 0.099280 -0.015703
v 0.004399 0.099990 -0.015570
v 0.004399 0.100693 -0.015399
v 0.004399 0.101388 -0.015191
v 0.004399 0.102072 -0.014947
v 0.004399 0.102744 -0.014667
v 0.004399 0.103403 -0.014351
v 0.004399 0.104047 -0.014000
v 0.004399 0.104674 -0.013616
v 0.004399 0.105283 -0.013200
v 0.004399 0.105872 -0.012751
v 0.004399 0.106441 -0.012272
v 0.004399 0.106986 -0.011763
v 0.004399 0.107508 -0.011225
v 0.004399 0.108005 -0.010661
v 0.004399 0.108476 -0.010071
v 0.004399 0.108920 -0.009457
v 0.004399 0.109335 -0.008820
v 0.004399 0.109720 -0.008161
v 0.004399 0.110075 -0.007483
v 0.004399 0.110400 -0.006787
v 0.004399 0.110692 -0.006075
v 0.004399 0.110951 -0.005348
v 0.004399 0.111177 -0.004608
v 0.004399 0.111369 -0.003857
v 0.004399 0.111527 -0.003097
v 0.004399 0.111650 -0.002329
v 0.004399 0.111739 -0.001556
v 0.004399 0.111792 -0.000779
v 0.004335 0.115480 0.000000
v 0.004335 0.115458 0.000974
v 0.004335 0.115392 0.001945
v 0.004335 0.115282 0.002912
v 0.004335 0.115128 0.003871
v 0.004335 0.114930 0.004822
v 0.004335 0.114690 0.005760
v 0.004335 0.114407 0.006685
v 0.004335 0.114083 0.007594
v 0.004335 0.113718 0.008484
v 0.004335 0.113313 0.009354
v 0.004335 0.112869 0.010202
v 0.004335 0.112387 0.011025
v 0.004335 0.111868 0.011821
v 0.004335 0.111314 0.012589
v 0.004335 0.110726 0.013326
v 0.004335 0.110104 0.014032
v 0.004335 0.109452 0.014703
v 0.004335 0.108770 0.015339
v 0.004335 0.108059 0.015939
v 0.004335 0.107323 0.016500
v 0.004335 0.106562 0.017021
v 0.004335 0.105778 0.017501
v 0.004335 0.104973 0.017939
v 0.004335 0.104149 0.018333
v 0.004335 0.103309 0.018684
v 0.004335 0.102453 0.018989
v 0.004335 0.101585 0.019249
v 0.004335 0.100706 0.019462
v 0.004335 0.099818 0.019629
v 0.004335 0.098924 0.019748
v 0.004335 0.098026 0.019820
v 0.004335 0.097125 0.019844
v 0.004335 0.096224 0.019820
v 0.004335 0.095326 0.019748
v 0.004335 0.094432 0.019629
v 0.004335 0.093544 0.019462
v 0.004335 0.092665 0.019249
v 0.004335 0.091797 0.018989
v 0.004335 0.090941 0.018684
v 0.004335 0.090101 0.018333
v 0.004335 0.089277 0.017939
v 0.004335 0.088472 0.017501
v 0.004335 0.087688 0.017021
v 0.004335 0.086927 0.016500
v 0.004335 0.086191 0.015939
v 0.004335 0.085480 0.015339
v 0.004335 0.084798 0.014703
v 0.004335 0.084146 0.014032
v 0.004335 0.083524 0.013326
v 0.004335 0.082936 0.012589
v 0.004335 0.082382 0.011821
v 0.004335 0.081863 0.011025
v 0.004335 0.081381 0.010202
v 0.004335 0.080937 0.009354
v 0.004335 0.080532 0.008484
v 0.004335 0.080167 0.007594
v 0.004335 0.079843 0.006685
v 0.004335 0.079560 0.005760
v 0.004335 0.079320 0.004822
v 0.004335 0.079122 0.003871
v 0.004335 0.078968 0.002912
v 0.004335 0.078858 0.001945
v 0.004335 0.078792 0.000974
v 0.004335 0.078770 0.000000
v 0.004335 0.078792 -0.000974
v 0.004335 0.078858 -0.001945
v 0.004335 0.078968 -0.002912
v 0.004335 0.079122 -0.003871
v 0.004335 0.079320 -0.004822
v 0.004335 0.079560 -0.005760
v 0.004335 0.079843 -0.006685
v 0.004335 0.080167 -0.007594
v 0.004335 0.080532 -0.008484
v 0.004335 0.080937 -0.009354
v 0.004335 0.081381 -0.010202
v 0.004335 0.081863 -0.011025
v 0.004335 0.082382 -0.011821
v 0.004335 0.082936 -0.012589
v 0.004335 0.083524 -0.013326
v 0.004335 0.084146 -0.014032
v 0.004335 0.084798 -0.014703
v 0.004335 0.085480 -0.015339
v 0.004335 0.086191 -0.015939
v 0.004335 0.086927 -0.016499
v 0.004335 0.087688 -0.017021
v 0.004335 0.088472 -0.017501
v 0.004335 0.089277 -0.017938
v 0.004335 0.090101 -0.018333
v 0.004335 0.090941 -0.018684
v 0.004335 0.091797 -0.018989
v 0.004335 0.092665 -0.019249
v 0.004335 0.093544 -0.019462
v 0.004335 0.094432 -0.019629
v 0.004335 0.095326 -0.019748
v 0.004335 0.096224 -0.019820
v 0.004335 0.097125 -0.019844
v 0.004335 0.098026 -0.019820
v 0.004335 0.098924 -0.019748
v 0.004335 0.099818 -0.019629
v 0.004335 0.100706 -0.019462
v 0.004335 0.101585 -0.019249
v 0.004335 0.102453 -0.018989
v 0.004335 0.103309 -0.018684
v 0.004335 0.104149 -0.018333
v 0.004335 0.104973 -0.017938
v 0.004335 0.105778 -0.017501
v 0.004335 0.106562 -0.017021
v 0.004335 0.107323 -0.016499
v 0.004335 0.108059 -0.015939
v 0.004335 0.108770 -0.015339
v 0.004335 0.109452 -0.014703
v 0.004335 0.110104 -0.014032
v 0.004335 0.110726 -0.013326
v 0.004335 0.111314 -0.012589
v 0.004335 0.111868 -0.011821
v 0.004335 0.112387 -0.011025
v 0.004335 0.112869 -0.010202
v 0.004335 0.113313 -0.009354
v 0.004335 0.113718 -0.008484
v 0.004335 0.114083 -0.007594
v 0.004335 0.114407 -0.006685
v 0.004335 0.114690 -0.005760
v 0.004335 0.114930 -0.004822
v 0.004335 0.115128 -0.003871
v 0.004335 0.115282 -0.002912
v 0.004335 0.115392 -0.001945
v 0.004335 0.115458 -0.000974
v 0.004258 0.119152 0.000000
v 0.004258 0.119125 0.001168
v 0.004258 0.119045 0.002334
v 0.004258 0.118913 0.003494
v 0.004258 0.118728 0.004646
v 0.004258 0.118491 0.005786
v 0.004258 0.118203 0.006912
v 0.004258 0.117864 0.008022
v 0.004258 0.117475 0.009113
v 0.004258 0.117037 0.010181
v 0.004258 0.116551 0.011225
v 0.004258 0.116018 0.012242
v 0.004258 0.115439 0.013230
v 0.004258 0.114817 0.014185
v 0.004258 0.114152 0.015106
v 0.004258 0.113446 0.015992
v 0.004258 0.112700 0.016838
v 0.004258 0.111917 0.017644
v 0.004258 0.111099 0.018407
v 0.004258 0.110246 0.019126
v 0.004258 0.109362 0.019799
v 0.004258 0.108449 0.020425
v 0.004258 0.107508 0.021001
v 0.004258 0.106543 0.021526
v 0.004258 0.105554 0.022000
v 0.004258 0.104546 0.022421
v 0.004258 0.103519 0.022787
v 0.004258 0.102477 0.023099
v 0.004258 0.101422 0.023355
v 0.004258 0.100357 0.023555
v 0.004258 0.099284 0.023698
v 0.004258 0.098206 0.023784
v 0.004258 0.097125 0.023813
v 0.004258 0.096044 0.023784
v 0.004258 0.094966 0.023698
v 0.004258 0.093893 0.023555
v 0.004258 0.092828 0.023355
v 0.004258 0.091773 0.023099
v 0.004258 0.090731 0.022787
v 0.004258 0.089704 0.022421
v 0.004258 0.088696 0.022000
v 0.004258 0.087707 0.021526
v 0.004258 0.086742 0.021001
v 0.004258 0.085801 0.020425
v 0.004258 0.084888 0.019799
v 0.004258 0.084004 0.019126
v 0.004258 0.083151 0.018407
v 0.004258 0.082333 0.017644
v 0.004258 0.081550 0.016838
v 0.004258 0.080804 0.015992
v 0.004258 0.080098 0.015106
v 0.004258 0.079433 0.014185
v 0.004258 0.078811 0.013230
v 0.004258 0.078232 0.012242
v 0.004258 0.077699 0.011225
v 0.004258 0.077213 0.010181
v 0.004258 0.076775 0.009113
v 0.004258 0.076386 0.008022
v 0.004258 0.076047 0.006912
v 0.004258 0.075759 0.005786
v 0.004258 0.075522 0.004646
v 0.004258 0.075337 0.003494
v 0.004258 0.075205 0.002334
v 0.004258 0.075125 0.001168
v 0.004258 0.075098 0.000000
v 0.004258 0.075125 -0.001168
v 0.004258 0.075205 -0.002334
v 0.004258 0.075337 -0.003494
v 0.004258 0.075522 -0.004646
v 0.004258 0.075759 -0.005786
v 0.004258 0.076047 -0.006912
v 0.004258 0.076386 -0.008022
v 0.004258 0.076775 -0.009113
v 0.004258 0.077213 -0.010181
v 0.004258 0.077699 -0.011225
v 0.004258 0.078232 -0.012242
v 0.004258 0.078811 -0.013229
v 0.004258 0.079433 -0.014185
v 0.004258 0.080098 -0.015106
v 0.004258 0.080804 -0.015992
v 0.004258 0.081550 -0.016838
v 0.004258 0.082333 -0.017644
v 0.004258 0.083151 -0.018407
v 0.004258 0.084004 -0.019126
v 0.004258 0.084888 -0.019799
v 0.004258 0.085801 -0.020425
v 0.004258 0.086742 -0.021001
v 0.004258 0.087707 -0.021526
v 0.004258 0.088696 -0.022000
v 0.004258 0.089704 -0.022421
v 0.004258 0.090731 -0.022787
v 0.004258 0.091773 -0.023099
v 0.004258 0.092828 -0.023355
v 0.004258 0.093893 -0.023555
v 0.004258 0.094966 -0.023698
v 0.004258 0.096044 -0.023784
v 0.004258 0.097125 -0.023812
v 0.004258 0.098206 -0.023784
v 0.004258 0.099284 -0.023698
v 0.004258 0.100357 -0.023555
v 0.004258 0.101422 -0.023355
v 0.004258 0.102477 -0.023099
v 0.004258 0.103519 -0.022787
v 0.004258 0.104546 -0.022421
v 0.004258 0.105554 -0.022000
v 0.004258 0.106543 -0.021526
v 0.004258 0.107508 -0.021001
v 0.004258 0.108449 -0.020425
v 0.004258 0.109362 -0.019799
v 0.004258 0.110246 -0.019126
v 0.004258 0.111099 -0.018407
v 0.004258 0.111917 -0.017644
v 0.004258 0.112700 -0.016838
v 0.004258 0.113446 -0.015992
v 0.004258 0.114152 -0.015106
v 0.004258 0.114817 -0.014185
v 0.004258 0.115439 -0.013229
v 0.004258 0.116018 -0.012242
v 0.004258 0.116551 -0.011225
v 0.004258 0.117037 -0.010181
v 0.004258 0.117475 -0.009113
v 0.004258 0.117864 -0.008022
v 0.004258 0.118203 -0.006912
v 0.004258 0.118491 -0.005786
v 0.004258 0.118728 -0.004646
v 0.004258 0.118913 -0.003494
v 0.004258 0.119045 -0.002334
v 0.004258 0.119125 -0.001168
v 0.004166 0.122823 0.000000
v 0.004166 0.122792 0.001363
v 0.004166 0.122699 0.002723
v 0.004166 0.122545 0.004076
v 0.004166 0.122329 0.005420
v 0.004166 0.122053 0.006750
v 0.004166 0.121716 0.008065
v 0.004166 0.121320 0.009359
v 0.004166 0.120867 0.010631
v 0.004166 0.120355 0.011878
v 0.004166 0.119788 0.013096
v 0.004166 0.119167 0.014282
v 0.004166 0.118492 0.015434
v 0.004166 0.117766 0.016549
v 0.004166 0.116990 0.017624
v 0.004166 0.116166 0.018657
v 0.004166 0.115296 0.019644
v 0.004166 0.114382 0.020585
v 0.004166 0.113427 0.021475
v 0.004166 0.112433 0.022314
v 0.004166 0.111402 0.023099
v 0.004166 0.110336 0.023829
v 0.004166 0.109239 0.024501
v 0.004166 0.108112 0.025114
v 0.004166 0.106959 0.025667
v 0.004166 0.105782 0.026157
v 0.004166 0.104585 0.026585
v 0.004166 0.103369 0.026949
v 0.004166 0.102138 0.027247
v 0.004166 0.100896 0.027481
v 0.004166 0.099644 0.027647
v 0.004166 0.098386 0.027748
v 0.004166 0.097125 0.027781
v 0.004166 0.095864 0.027748
v 0.004166 0.094606 0.027647
v 0.004166 0.093354 0.027481
v 0.004166 0.092112 0.027247
v 0.004166 0.090881 0.026949
v 0.004166 0.089665 0.026585
v 0.004166 0.088468 0.026157
v 0.004166 0.087291 0.025667
v 0.004166 0.086138 0.025114
v 0.004166 0.085011 0.024501
v 0.004166 0.083914 0.023829
v 0.004166 0.082848 0.023099
v 0.004166 0.081817 0.022314
v 0.004166 0.080823 0.021475
v 0.004166 0.079868 0.020585
v 0.004166 0.078954 0.019644
v 0.004166 0.078084 0.018657
v 0.004166 0.077260 0.017624
v 0.004166 0.076484 0.016549
v 0.004166 0.075758 0.015434
v 0.004166 0.075083 0.014282
v 0.004166 0.074462 0.013096
v 0.004166 0.073895 0.011878
v 0.004166 0.073383 0.010631
v 0.004166 0.072930 0.009359
v 0.004166 0.072534 0.008065
v 0.004166 0.072197 0.006750
v 0.004166 0.071921 0.005420
v 0.004166 0.071705 0.004076
v 0.004166 0.071551 0.002723
v 0.004166 0.071458 0.001363
v 0.004166 0.071427 0.000000
v 0.004166 0.071458 -0.001363
v 0.004166 0.071551 -0.002723
v 0.004166 0.071705 -0.004076
v 0.004166 0.071921 -0.005420
v 0.004166 0.072197 -0.006750
v 0.004166 0.072534 -0.008064
v 0.004166 0.072930 -0.009359
v 0.004166 0.073383 -0.010631
v 0.004166 0.073895 -0.011878
v 0.004166 0.074462 -0.013096
v 0.004166 0.075083 -0.014282
v 0.004166 0.075758 -0.015434
v 0.004166 0.076484 -0.016549
v 0.004166 0.077260 -0.017624
v 0.004166 0.078084 -0.018657
v 0.004166 0.078954 -0.019644
v 0.004166 0.079868 -0.020585
v 0.004166 0.080823 -0.021475
v 0.004166 0.081817 -0.022314
v 0.004166 0.082848 -0.023099
v 0.004166 0.083914 -0.023829
v 0.004166 0.085011 -0.024501
v 0.004166 0.086138 -0.025114
v 0.004166 0.087291 -0.025667
v 0.004166 0.088468 -0.026157
v 0.004166 0.089665 -0.026585
v 0.004166 0.090881 -0.026949
v 0.004166 0.092112 -0.027247
v 0.004166 0.093354 -0.027481
v 0.004166 0.094606 -0.027647
v 0.004166 0.095864 -0.027748
v 0.004166 0.097125 -0.027781
v 0.004166 0.098386 -0.027748
v 0.004166 0.099644 -0.027647
v 0.004166 0.100896 -0.027481
v 0.004166 0.102138 -0.027247
v 0.004166 0.103369 -0.026949
v 0.004166 0.104585 -0.026585
v 0.004166 0.105782 -0.026157
v 0.004166 0.106959 -0.025667
v 0.004166 0.108112 -0.025114
v 0.004166 0.109239 -0.024501
v 0.004166 0.110336 -0.023829
v 0.004166 0.111402 -0.023099
v 0.004166 0.112433 -0.022314
v 0.004166 0.113427 -0.021475
v 0.004166 0.114382 -0.020585
v 0.004166 0.115296 -0.019644
v 0.004166 0.116166 -0.018657
v 0.004166 0.116990 -0.017624
v 0.004166 0.117766 -0.016549
v 0.004166 0.118492 -0.015434
v 0.004166 0.119167 -0.014282
v 0.004166 0.119788 -0.013096
v 0.004166 0.120355 -0.011878
v 0.004166 0.120867 -0.010631
v 0.004166 0.121320 -0.009359
v 0.004166 0.121716 -0.008064
v 0.004166 0.122053 -0.006750
v 0.004166 0.122329 -0.005420
v 0.004166 0.122545 -0.004076
v 0.004166 0.122699 -0.002723
v 0.004166 0.122792 -0.001363
v 0.004060 0.126494 0.000000
v 0.004060 0.126458 0.001558
v 0.004060 0.126352 0.003112
v 0.004060 0.126176 0.004659
v 0.004060 0.125929 0.006194
v 0.004060 0.125614 0.007715
v 0.004060 0.125229 0.009217
v 0.004060 0.124777 0.010696
v 0.004060 0.124258 0.012150
v 0.004060 0.123674 0.013575
v 0.004060 0.123026 0.014967
v 0.004060 0.122315 0.016323
v 0.004060 0.121544 0.017639
v 0.004060 0.120714 0.018913
v 0.004060 0.119827 0.020142
v 0.004060 0.118886 0.021322
v 0.004060 0.117892 0.022451
v 0.004060 0.116848 0.023525
v 0.004060 0.115756 0.024543
v 0.004060 0.114620 0.025502
v 0.004060 0.113441 0.026399
v 0.004060 0.112224 0.027233
v 0.004060 0.110969 0.028001
v 0.004060 0.109682 0.028702
v 0.004060 0.108364 0.029333
v 0.004060 0.107019 0.029894
v 0.004060 0.105650 0.030383
v 0.004060 0.104261 0.030798
v 0.004060 0.102855 0.031140
v 0.004060 0.101434 0.031406
v 0.004060 0.100004 0.031597
v 0.004060 0.098566 0.031712
v 0.004060 0.097125 0.031750
v 0.004060 0.095684 0.031712
v 0.004060 0.094246 0.031597
v 0.004060 0.092816 0.031406
v 0.004060 0.091395 0.031140
v 0.004060 0.089989 0.030798
v 0.004060 0.088600 0.030383
v 0.004060 0.087231 0.029894
v 0.004060 0.085886 0.029333
v 0.004060 0.084568 0.028702
v 0.004060 0.083281 0.028001
v 0.004060 0.082026 0.027233
v 0.004060 0.080809 0.026399
v 0.004060 0.079630 0.025502
v 0.004060 0.078494 0.024543
v 0.004060 0.077402 0.023525
v 0.004060 0.076358 0.022451
v 0.004060 0.075364 0.021322
v 0.004060 0.074423 0.020142
v 0.004060 0.073536 0.018913
v 0.004060 0.072706 0.017639
v 0.004060 0.071935 0.016323
v 0.004060 0.071224 0.014967
v 0.004060 0.070576 0.013575
v 0.004060 0.069992 0.012150
v 0.004060 0.069473 0.010696
v 0.004060 0.069021 0.009217
v 0.004060 0.068636 0.007715
v 0.004060 0.068321 0.006194
v 0.004060 0.068074 0.004659
v 0.004060 0.067898 0.003112
v 0.004060 0.067792 0.001558
v 0.004060 0.067756 0.000000
v 0.004060 0.067792 -0.001558
v 0.004060 0.067898 -0.003112
v 0.004060 0.068074 -0.004659
v 0.004060 0.068321 -0.006194
v 0.004060 0.068636 -0.007715
v 0.004060 0.069021 -0.009217
v 0.004060 0.069473 -0.010696
v 0.004060 0.069992 -0.012150
v 0.004060 0.070576 -0.013575
v 0.004060 0.071224 -0.014967
v 0.004060 0.071935 -0.016323
v 0.004060 0.072706 -0.017639
v 0.004060 0.073536 -0.018913
v 0.004060 0.074423 -0.020142
v 0.004060 0.075364 -0.021322
v 0.004060 0.076358 -0.022451
v 0.004060 0.077402 -0.023525
v 0.004060 0.078494 -0.024543
v 0.004060 0.079630 -0.025502
v 0.004060 0.080809 -0.026399
v 0.004060 0.082026 -0.027233
v 0.004060 0.083281 -0.028001
v 0.004060 0.084568 -0.028702
v 0.004060 0.085886 -0.029333
v 0.004060 0.087231 -0.029894
v 0.004060 0.088600 -0.030383
v 0.004060 0.089989 -0.030798
v 0.004060 0.091395 -0.031140
v 0.004060 0.092816 -0.031406
v 0.004060 0.094246 -0.031597
v 0.004060 0.095684 -0.031712
v 0.004060 0.097125 -0.031750
v 0.004060 0.098566 -0.031712
v 0.004060 0.100004 -0.031597
v 0.004060 0.101434 -0.031406
v 0.004060 0.102855 -0.031140
v 0.004060 0.104261 -0.030798
v 0.004060 0.105650 -0.030383
v 0.004060 0.107019 -0.029894
v 0.004060 0.108364 -0.029333
v 0.004060 0.109682 -0.028702
v 0.004060 0.110969 -0.028001
v 0.004060 0.112224 -0.027233
v 0.004060 0.113441 -0.026399
v 0.004060 0.114620 -0.025502
v 0.004060 0.115756 -0.024543
v 0.004060 0.116848 -0.023525
v 0.004060 0.117892 -0.022451
v 0.004060 0.118886 -0.021322
v 0.004060 0.119827 -0.020142
v 0.004060 0.120714 -0.018913
v 0.004060 0.121544 -0.017639
v 0.004060 0.122315 -0.016323
v 0.004060 0.123026 -0.014967
v 0.004060 0.123674 -0.013575
v 0.004060 0.124258 -0.012150
v 0.004060 0.124777 -0.010696
v 0.004060 0.125229 -0.009217
v 0.004060 0.125614 -0.007715
v 0.004060 0.125929 -0.006194
v 0.004060 0.126176 -0.004659
v 0.004060 0.126352 -0.003112
v 0.004060 0.126458 -0.001558
v 0.003941 0.130165 0.000000
v 0.003941 0.130125 0.001753
v 0.003941 0.130006 0.003501
v 0.003941 0.129807 0.005241
v 0.003941 0.129530 0.006968
v 0.003941 0.129175 0.008679
v 0.003941 0.128742 0.010369
v 0.003941 0.128233 0.012033
v 0.003941 0.127650 0.013669
v 0.003941 0.126993 0.015272
v 0.003941 0.126264 0.016838
v 0.003941 0.125464 0.018363
v 0.003941 0.124597 0.019844
v 0.003941 0.123663 0.021278
v 0.003941 0.122665 0.022660
v 0.003941 0.121606 0.023987
v 0.003941 0.120488 0.025257
v 0.003941 0.119313 0.026466
v 0.003941 0.118085 0.027611
v 0.003941 0.116807 0.028690
v 0.003941 0.115481 0.029699
v 0.003941 0.114111 0.030637
v 0.003941 0.112700 0.031501
v 0.003941 0.111251 0.032289
v 0.003941 0.109769 0.033000
v 0.003941 0.108256 0.033631
v 0.003941 0.106716 0.034181
v 0.003941 0.105153 0.034648
v 0.003941 0.103571 0.035032
v 0.003941 0.101973 0.035332
v 0.003941 0.100363 0.035547
v 0.003941 0.098746 0.035676
v 0.003941 0.097125 0.035719
v 0.003941 0.095504 0.035676
v 0.003941 0.093887 0.035547
v 0.003941 0.092277 0.035332
v 0.003941 0.090679 0.035032
v 0.003941 0.089097 0.034648
v 0.003941 0.087534 0.034181
v 0.003941 0.085994 0.033631
v 0.003941 0.084481 0.033000
v 0.003941 0.082999 0.032289
v 0.003941 0.081550 0.031501
v 0.003941 0.080139 0.030637
v 0.003941 0.078769 0.029699
v 0.003941 0.077443 0.028690
v 0.003941 0.076165 0.027611
v 0.003941 0.074937 0.026466
v 0.003941 0.073762 0.025257
v 0.003941 0.072644 0.023987
v 0.003941 0.071585 0.022660
v 0.003941 0.070587 0.021278
v 0.003941 0.069653 0.019844
v 0.003941 0.068786 0.018363
v 0.003941 0.067986 0.016838
v 0.003941 0.067257 0.015272
v 0.003941 0.066600 0.013669
v 0.003941 0.066017 0.012033
v 0.003941 0.065508 0.010369
v 0.003941 0.065075 0.008679
v 0.003941 0.064720 0.006968
v 0.003941 0.064443 0.005241
v 0.003941 0.064244 0.003501
v 0.003941 0.064125 0.001753
v 0.003941 0.064085 0.000000
v 0.003941 0.064125 -0.001753
v 0.003941 0.064244 -0.003501
v 0.003941 0.064443 -0.005241
v 0.003941 0.064720 -0.006968
v 0.003941 0.065075 -0.008679
v 0.003941 0.065508 -0.010369
v 0.003941 0.066017 -0.012033
v 0.003941 0.066600 -0.013669
v 0.003941 0.067257 -0.015272
v 0.003941 0.067986 -0.016838
v 0.003941 0.068786 -0.018363
v 0.003941 0.069653 -0.019844
v 0.003941 0.070587 -0.021278
v 0.003941 0.071585 -0.022660
v 0.003941 0.072644 -0.023987
v 0.003941 0.073762 -0.025257
v 0.003941 0.074937 -0.026466
v 0.003941 0.076165 -0.027611
v 0.003941 0.077443 -0.028690
v 0.003941 0.078769 -0.029699
v 0.003941 0.080139 -0.030637
v 0.003941 0.081550 -0.031501
v 0.003941 0.082999 -0.032289
v 0.003941 0.084481 -0.033000
v 0.003941 0.085994 -0.033631
v 0.003941 0.087534 -0.034181
v 0.003941 0.089097 -0.034648
v 0.003941 0.090679 -0.035032
v 0.003941 0.092277 -0.035332
v 0.003941 0.093887 -0.035547
v 0.003941 0.095504 -0.035676
v 0.003941 0.097125 -0.035719
v 0.003941 0.098746 -0.035676
v 0.003941 0.100363 -0.035547
v 0.003941 0.101973 -0.035332
v 0.003941 0.103571 -0.035032
v 0.003941 0.105153 -0.034648
v 0.003941 0.106716 -0.034181
v 0.003941 0.108256 -0.033631
v 0.003941 0.109769 -0.033000
v 0.003941 0.111251 -0.032289
v 0.003941 0.112700 -0.031501
v 0.003941 0.114111 -0.030637
v 0.003941 0.115481 -0.029699
v 0.003941 0.116807 -0.028690
v 0.003941 0.118085 -0.027611
v 0.003941 0.119313 -0.026466
v 0.003941 0.120488 -0.025257
v 0.003941 0.121606 -0.023987
v 0.003941 0.122665 -0.022660
v 0.003941 0.123663 -0.021278
v 0.003941 0.124597 -0.019844
v 0.003941 0.125464 -0.018363
v 0.003941 0.126264 -0.016838
v 0.003941 0.126993 -0.015272
v 0.003941 0.127650 -0.013669
v 0.003941 0.128233 -0.012033
v 0.003941 0.128742 -0.010369
v 0.003941 0.129175 -0.008679
v 0.003941 0.129530 -0.006968
v 0.003941 0.129807 -0.005241
v 0.003941 0.130006 -0.003501
v 0.003941 0.130125 -0.001753
v 0.003807 0.133836 0.000000
v 0.003807 0.133792 0.001947
v 0.003807 0.133659 0.003890
v 0.003807 0.133439 0.005823
v 0.003807 0.133131 0.007743
v 0.003807 0.132736 0.009643
v 0.003807 0.132255 0.011521
v 0.003807 0.131690 0.013370
v 0.003807 0.131041 0.015188
v 0.003807 0.130311 0.016969
v 0.003807 0.129501 0.018709
v 0.003807 0.128613 0.020403
v 0.003807 0.127649 0.022049
v 0.003807 0.126612 0.023642
v 0.003807 0.125503 0.025177
v 0.003807 0.124326 0.026653
v 0.003807 0.123084 0.028063
v 0.003807 0.121779 0.029406
v 0.003807 0.120414 0.030679
v 0.003807 0.118994 0.031877
v 0.003807 0.117521 0.032999
v 0.003807 0.115998 0.034041
v 0.003807 0.114430 0.035001
v 0.003807 0.112821 0.035877
v 0.003807 0.111174 0.036667
v 0.003807 0.109493 0.037368
v 0.003807 0.107782 0.037979
v 0.003807 0.106045 0.038498
v 0.003807 0.104287 0.038925
v 0.003807 0.102512 0.039258
v 0.003807 0.100723 0.039496
v 0.003807 0.098926 0.039640
v 0.003807 0.097125 0.039688
v 0.003807 0.095324 0.039640
v 0.003807 0.093527 0.039496
v 0.003807 0.091738 0.039258
v 0.003807 0.089963 0.038925
v 0.003807 0.088205 0.038498
v 0.003807 0.086468 0.037979
v 0.003807 0.084757 0.037368
v 0.003807 0.083076 0.036667
v 0.003807 0.081429 0.035877
v 0.003807 0.079820 0.035001
v 0.003807 0.078252 0.034041
v 0.003807 0.076729 0.032999
v 0.003807 0.075256 0.031877
v 0.003807 0.073836 0.030679
v 0.003807 0.072471 0.029406
v 0.003807 0.071166 0.028063
v 0.003807 0.069924 0.026653
v 0.003807 0.068747 0.025177
v 0.003807 0.067639 0.023642
v 0.003807 0.066601 0.022049
v 0.003807 0.065637 0.020403
v 0.003807 0.064749 0.018709
v 0.003807 0.063939 0.016969
v 0.003807 0.063209 0.015188
v 0.003807 0.062560 0.013370
v 0.003807 0.061995 0.011521
v 0.003807 0.061514 0.009643
v 0.003807 0.061119 0.007743
v 0.003807 0.060811 0.005823
v 0.003807 0.060591 0.003890
v 0.003807 0.060458 0.001947
v 0.003807 0.060414 0.000000
v 0.003807 0.060458 -0.001947
v 0.003807 0.060591 -0.003890
v 0.003807 0.060811 -0.005823
v 0.003807 0.061119 -0.007743
v 0.003807 0.061514 -0.009643
v 0.003807 0.061995 -0.011521
v 0.003807 0.062560 -0.013370
v 0.003807 0.063209 -0.015188
v 0.003807 0.063939 -0.016969
v 0.003807 0.064749 -0.018709
v 0.003807 0.065637 -0.020403
v 0.003807 0.066601 -0.022049
v 0.003807 0.067639 -0.023642
v 0.003807 0.068747 -0.025177
v 0.003807 0.069924 -0.026652
v 0.003807 0.071166 -0.028063
v 0.003807 0.072471 -0.029406
v 0.003807 0.073836 -0.030679
v 0.003807 0.075256 -0.031877
v 0.003807 0.076729 -0.032999
v 0.003807 0.078252 -0.034041
v 0.003807 0.079820 -0.035001
v 0.003807 0.081429 -0.035877
v 0.003807 0.083076 -0.036666
v 0.003807 0.084757 -0.037368
v 0.003807 0.086468 -0.037979
v 0.003807 0.088205 -0.038498
v 0.003807 0.089963 -0.038925
v 0.003807 0.091738 -0.039258
v 0.003807 0.093527 -0.039496
v 0.003807 0.095324 -0.039640
v 0.003807 0.097125 -0.039687
v 0.003807 0.098926 -0.039640
v 0.003807 0.100723 -0.039496
v 0.003807 0.102512 -0.039258
v 0.003807 0.104287 -0.038925
v 0.003807 0.106045 -0.038498
v 0.003807 0.107782 -0.037979
v 0.003807 0.109493 -0.037368
v 0.003807 0.111174 -0.036666
v 0.003807 0.112821 -0.035877
v 0.003807 0.114430 -0.035001
v 0.003807 0.115998 -0.034041
v 0.003807 0.117521 -0.032999
v 0.003807 0.118994 -0.031877
v 0.003807 0.120414 -0.030679
v 0.003807 0.121779 -0.029406
v 0.003807 0.123084 -0.028063
v 0.003807 0.124326 -0.026652
v 0.003807 0.125503 -0.025177
v 0.003807 0.126612 -0.023642
v 0.003807 0.127649 -0.022049
v 0.003807 0.128613 -0.020403
v 0.003807 0.129501 -0.018709
v 0.003807 0.130311 -0.016969
v 0.003807 0.131041 -0.015188
v 0.003807 0.131690 -0.013370
v 0.003807 0.132255 -0.011521
v 0.003807 0.132736 -0.009643
v 0.003807 0.133131 -0.007743
v 0.003807 0.133439 -0.005823
v 0.003807 0.133659 -0.003890
v 0.003807 0.133792 -0.001947
v 0.003659 0.137507 0.000000
v 0.003659 0.137458 0.002142
v 0.003659 0.137313 0.004279
v 0.003659 0.137070 0.006406
v 0.003659 0.136731 0.008517
v 0.003659 0.136297 0.010608
v 0.003659 0.135768 0.012673
v 0.003659 0.135146 0.014707
v 0.003659 0.134433 0.016707
v 0.003659 0.133630 0.018665
v 0.003659 0.132739 0.020579
v 0.003659 0.131762 0.022444
v 0.003659 0.130701 0.024254
v 0.003659 0.129560 0.026006
v 0.003659 0.128341 0.027695
v 0.003659 0.127046 0.029318
v 0.003659 0.125679 0.030870
v 0.003659 0.124244 0.032347
v 0.003659 0.122743 0.033747
v 0.003659 0.121181 0.035065
v 0.003659 0.119560 0.036299
v 0.003659 0.117886 0.037445
v 0.003659 0.116161 0.038501
v 0.003659 0.114391 0.039465
v 0.003659 0.112579 0.040333
v 0.003659 0.110729 0.041104
v 0.003659 0.108847 0.041776
v 0.003659 0.106937 0.042348
v 0.003659 0.105003 0.042817
v 0.003659 0.103050 0.043184
v 0.003659 0.101083 0.043446
v 0.003659 0.099106 0.043604
v 0.003659 0.097125 0.043656
v 0.003659 0.095144 0.043604
v 0.003659 0.093167 0.043446
v 0.003659 0.091200 0.043184
v 0.003659 0.089247 0.042817
v 0.003659 0.087313 0.042348
v 0.003659 0.085403 0.041776
v 0.003659 0.083521 0.041104
v 0.003659 0.081671 0.040333
v 0.003659 0.079859 0.039465
v 0.003659 0.078089 0.038501
v 0.003659 0.076364 0.037445
v 0.003659 0.074690 0.036299
v 0.003659 0.073069 0.035065
v 0.003659 0.071507 0.033747
v 0.003659 0.070006 0.032347
v 0.003659 0.068571 0.030870
v 0.003659 0.067204 0.029318
v 0.003659 0.065909 0.027695
v 0.003659 0.064690 0.026006
v 0.003659 0.063549 0.024254
v 0.003659 0.062488 0.022444
v 0.003659 0.061511 0.020579
v 0.003659 0.060620 0.018665
v 0.003659 0.059817 0.016707
v 0.003659 0.059104 0.014707
v 0.003659 0.058482 0.012673
v 0.003659 0.057953 0.010608
v 0.003659 0.057519 0.008517
v 0.003659 0.057180 0.006406
v 0.003659 0.056937 0.004279
v 0.003659 0.056792 0.002142
v 0.003659 0.056743 0.000000
v 0.003659 0.056792 -0.002142
v 0.003659 0.056937 -0.004279
v 0.003659 0.057180 -0.006406
v 0.003659 0.057519 -0.008517
v 0.003659 0.057953 -0.010608
v 0.003659 0.058482 -0.012673
v 0.003659 0.059104 -0.014707
v 0.003659 0.059817 -0.016707
v 0.003659 0.060620 -0.018665
v 0.003659 0.061511 -0.020579
v 0.003659 0.062488 -0.022444
v 0.003659 0.063549 -0.024254
v 0.003659 0.064690 -0.026006
v 0.003659 0.065909 -0.027695
v 0.003659 0.067204 -0.029318
v 0.003659 0.068571 -0.030870
v 0.003659 0.070006 -0.032347
v 0.003659 0.071507 -0.033747
v 0.003659 0.073069 -0.035065
v 0.003659 0.074690 -0.036299
v 0.003659 0.076364 -0.037445
v 0.003659 0.078089 -0.038501
v 0.003659 0.079859 -0.039465
v 0.003659 0.081671 -0.040333
v 0.003659 0.083521 -0.041104
v 0.003659 0.085403 -0.041776
v 0.003659 0.087313 -0.042348
v 0.003659 0.089247 -0.042817
v 0.003659 0.091200 -0.043184
v 0.003659 0.093167 -0.043446
v 0.003659 0.095144 -0.043604
v 0.003659 0.097125 -0.043656
v 0.003659 0.099106 -0.043604
v 0.003659 0.101083 -0.043446
v 0.003659 0.103050 -0.043184
v 0.003659 0.105003 -0.042817
v 0.003659 0.106937 -0.042348
v 0.003659 0.108847 -0.041776
v 0.003659 0.110729 -0.041104
v 0.003659 0.112579 -0.040333
v 0.003659 0.114391 -0.039465
v 0.003659 0.116161 -0.038501
v 0.003659 0.117886 -0.037445
v 0.003659 0.119560 -0.036299
v 0.003659 0.121181 -0.035065
v 0.003659 0.122743 -0.033747
v 0.003659 0.124244 -0.032347
v 0.003659 0.125679 -0.030870
v 0.003659 0.127046 -0.029318
v 0.003659 0.128341 -0.027695
v 0.003659 0.129560 -0.026006
v 0.003659 0.130701 -0.024254
v 0.003659 0.131762 -0.022444
v 0.003659 0.132739 -0.020579
v 0.003659 0.133630 -0.018665
v 0.003659 0.134433 -0.016707
v 0.003659 0.135146 -0.014707
v 0.003659 0.135768 -0.012673
v 0.003659 0.136297 -0.010608
v 0.003659 0.136731 -0.008517
v 0.003659 0.137070 -0.006406
v 0.003659 0.137313 -0.004279
v 0.003659 0.137458 -0.002142
v 0.003497 0.141178 0.000000
v 0.003497 0.141125 0.002337
v 0.003497 0.140966 0.004668
v 0.003497 0.140701 0.006988
v 0.003497 0.140332 0.009291
v 0.003497 0.139858 0.011572
v 0.003497 0.139281 0.013825
v 0.003497 0.138603 0.016044
v 0.003497 0.137825 0.018225
v 0.003497 0.136949 0.020362
v 0.003497 0.135976 0.022450
v 0.003497 0.134911 0.024484
v 0.003497 0.133754 0.026459
v 0.003497 0.132509 0.028370
v 0.003497 0.131179 0.030213
v 0.003497 0.129766 0.031983
v 0.003497 0.128275 0.033676
v 0.003497 0.126709 0.035288
v 0.003497 0.125072 0.036815
v 0.003497 0.123367 0.038253
v 0.003497 0.121600 0.039599
v 0.003497 0.119773 0.040849
v 0.003497 0.117892 0.042002
v 0.003497 0.115960 0.043052
v 0.003497 0.113983 0.044000
v 0.003497 0.111966 0.044841
v 0.003497 0.109913 0.045574
v 0.003497 0.107829 0.046198
v 0.003497 0.105719 0.046710
v 0.003497 0.103589 0.047110
v 0.003497 0.101443 0.047396
v 0.003497 0.099287 0.047568
v 0.003497 0.097125 0.047625
v 0.003497 0.094963 0.047568
v 0.003497 0.092807 0.047396
v 0.003497 0.090661 0.047110
v 0.003497 0.088531 0.046710
v 0.003497 0.086421 0.046198
v 0.003497 0.084337 0.045574
v 0.003497 0.082284 0.044841
v 0.003497 0.080267 0.044000
v 0.003497 0.078290 0.043052
v 0.003497 0.076358 0.042002
v 0.003497 0.074477 0.040849
v 0.003497 0.072650 0.039599
v 0.003497 0.070883 0.038253
v 0.003497 0.069178 0.036815
v 0.003497 0.067541 0.035288
v 0.003497 0.065975 0.033676
v 0.003497 0.064484 0.031983
v 0.003497 0.063071 0.030213
v 0.003497 0.061741 0.028370
v 0.003497 0.060496 0.026459
v 0.003497 0.059339 0.024484
v 0.003497 0.058274 0.022450
v 0.003497 0.057301 0.020362
v 0.003497 0.056425 0.018225
v 0.003497 0.055647 0.016044
v 0.003497 0.054969 0.013825
v 0.003497 0.054392 0.011572
v 0.003497 0.053918 0.009291
v 0.003497 0.053549 0.006988
v 0.003497 0.053284 0.004668
v 0.003497 0.053125 0.002337
v 0.003497 0.053072 0.000000
v 0.003497 0.053125 -0.002337
v 0.003497 0.053284 -0.004668
v 0.003497 0.053549 -0.006988
v 0.003497 0.053918 -0.009291
v 0.003497 0.054392 -0.011572
v 0.003497 0.054969 -0.013825
v 0.003497 0.055647 -0.016044
v 0.003497 0.056425 -0.018225
v 0.003497 0.057301 -0.020362
v 0.003497 0.058274 -0.022450
v 0.003497 0.059339 -0.024484
v 0.003497 0.060496 -0.026459
v 0.003497 0.061741 -0.028370
v 0.003497 0.063071 -0.030213
v 0.003497 0.064484 -0.031983
v 0.003497 0.065975 -0.033676
v 0.003497 0.067541 -0.035288
v 0.003497 0.069178 -0.036815
v 0.003497 0.070883 -0.038253
v 0.003497 0.072650 -0.039599
v 0.003497 0.074477 -0.040849
v 0.003497 0.076358 -0.042001
v 0.003497 0.078290 -0.043052
v 0.003497 0.080267 -0.044000
v 0.003497 0.082284 -0.044841
v 0.003497 0.084337 -0.045574
v 0.003497 0.086421 -0.046198
v 0.003497 0.088531 -0.046710
v 0.003497 0.090661 -0.047110
v 0.003497 0.092807 -0.047396
v 0.003497 0.094963 -0.047568
v 0.003497 0.097125 -0.047625
v 0.003497 0.099287 -0.047568
v 0.003497 0.101443 -0.047396
v 0.003497 0.103589 -0.047110
v 0.003497 0.105719 -0.046710
v 0.003497 0.107829 -0.046198
v 0.003497 0.109913 -0.045574
v 0.003497 0.111966 -0.044841
v 0.003497 0.113983 -0.044000
v 0.003497 0.115960 -0.043052
v 0.003497 0.117892 -0.042001
v 0.003497 0.119773 -0.040849
v 0.003497 0.121600 -0.039599
v 0.003497 0.123367 -0.038253
v 0.003497 0.125072 -0.036815
v 0.003497 0.126709 -0.035288
v 0.003497 0.128275 -0.033676
v 0.003497 0.129766 -0.031983
v 0.003497 0.131179 -0.030213
v 0.003497 0.132509 -0.028370
v 0.003497 0.133754 -0.026459
v 0.003497 0.134911 -0.024484
v 0.003497 0.135976 -0.022450
v 0.003497 0.136949 -0.020362
v 0.003497 0.137825 -0.018225
v 0.003497 0.138603 -0.016044
v 0.003497 0.139281 -0.013825
v 0.003497 0.139858 -0.011572
v 0.003497 0.140332 -0.009291
v 0.003497 0.140701 -0.006988
v 0.003497 0.140966 -0.004668
v 0.003497 0.141125 -0.002337
v 0.003320 0.144849 0.000000
v 0.003320 0.144792 0.002532
v 0.003320 0.144619 0.005057
v 0.003320 0.144333 0.007570
v 0.003320 0.143932 0.010065
v 0.003320 0.143419 0.012536
v 0.003320 0.142794 0.014977
v 0.003320 0.142059 0.017381
v 0.003320 0.141216 0.019744
v 0.003320 0.140267 0.022059
v 0.003320 0.139214 0.024321
v 0.003320 0.138059 0.026524
v 0.003320 0.136806 0.028664
v 0.003320 0.135457 0.030734
v 0.003320 0.134016 0.032731
v 0.003320 0.132486 0.034648
v 0.003320 0.130871 0.036482
v 0.003320 0.129175 0.038228
v 0.003320 0.127401 0.039883
v 0.003320 0.125554 0.041440
v 0.003320 0.123639 0.042899
v 0.003320 0.121660 0.044253
v 0.003320 0.119622 0.045502
v 0.003320 0.117530 0.046640
v 0.003320 0.115388 0.047666
v 0.003320 0.113203 0.048578
v 0.003320 0.110979 0.049372
v 0.003320 0.108721 0.050048
v 0.003320 0.106436 0.050602
v 0.003320 0.104128 0.051035
v 0.003320 0.101803 0.051345
v 0.003320 0.099467 0.051532
v 0.003320 0.097125 0.051594
v 0.003320 0.094783 0.051532
v 0.003320 0.092447 0.051345
v 0.003320 0.090122 0.051035
v 0.003320 0.087814 0.050602
v 0.003320 0.085529 0.050048
v 0.003320 0.083271 0.049372
v 0.003320 0.081047 0.048578
v 0.003320 0.078862 0.047666
v 0.003320 0.076720 0.046640
v 0.003320 0.074628 0.045502
v 0.003320 0.072590 0.044253
v 0.003320 0.070611 0.042899
v 0.003320 0.068696 0.041440
v 0.003320 0.066849 0.039883
v 0.003320 0.065075 0.038228
v 0.003320 0.063379 0.036482
v 0.003320 0.061764 0.034648
v 0.003320 0.060234 0.032731
v 0.003320 0.058793 0.030734
v 0.003320 0.057444 0.028664
v 0.003320 0.056191 0.026524
v 0.003320 0.055036 0.024321
v 0.003320 0.053983 0.022059
v 0.003320 0.053034 0.019744
v 0.003320 0.052191 0.017381
v 0.003320 0.051456 0.014977
v 0.003320 0.050831 0.012536
v 0.003320 0.050318 0.010065
v 0.003320 0.049917 0.007570
v 0.003320 0.049631 0.005057
v 0.003320 0.049458 0.002532
v 0.003320 0.049401 0.000000
v 0.003320 0.049458 -0.002532
v 0.003320 0.049631 -0.005057
v 0.003320 0.049917 -0.007570
v 0.003320 0.050318 -0.010065
v 0.003320 0.050831 -0.012536
v 0.003320 0.051456 -0.014977
v 0.003320 0.052191 -0.017381
v 0.003320 0.053034 -0.019744
v 0.003320 0.053983 -0.022059
v 0.003320 0.055036 -0.024321
v 0.003320 0.056191 -0.026524
v 0.003320 0.057444 -0.028664
v 0.003320 0.058793 -0.030734
v 0.003320 0.060234 -0.032731
v 0.003320 0.061764 -0.034648
v 0.003320 0.063379 -0.036482
v 0.003320 0.065075 -0.038228
v 0.003320 0.066849 -0.039882
v 0.003320 0.068696 -0.041440
v 0.003320 0.070611 -0.042899
v 0.003320 0.072590 -0.044253
v 0.003320 0.074628 -0.045502
v 0.003320 0.076720 -0.046640
v 0.003320 0.078862 -0.047666
v 0.003320 0.081047 -0.048578
v 0.003320 0.083271 -0.049372
v 0.003320 0.085529 -0.050048
v 0.003320 0.087814 -0.050602
v 0.003320 0.090122 -0.051035
v 0.003320 0.092447 -0.051345
v 0.003320 0.094783 -0.051532
v 0.003320 0.097125 -0.051594
v 0.003320 0.099467 -0.051532
v 0.003320 0.101803 -0.051345
v 0.003320 0.104128 -0.051035
v 0.003320 0.106436 -0.050602
v 0.003320 0.108721 -0.050048
v 0.003320 0.110979 -0.049372
v 0.003320 0.113203 -0.048578
v 0.003320 0.115388 -0.047666
v 0.003320 0.117530 -0.046640
v 0.003320 0.119622 -0.045502
v 0.003320 0.121660 -0.044253
v 0.003320 0.123639 -0.042899
v 0.003320 0.125554 -0.041440
v 0.003320 0.127401 -0.039882
v 0.003320 0.129175 -0.038228
v 0.003320 0.130871 -0.036482
v 0.003320 0.132486 -0.034648
v 0.003320 0.134016 -0.032731
v 0.003320 0.135457 -0.030734
v 0.003320 0.136806 -0.028664
v 0.003320 0.138059 -0.026524
v 0.003320 0.139214 -0.024321
v 0.003320 0.140267 -0.022059
v 0.003320 0.141216 -0.019744
v 0.003320 0.142059 -0.017381
v 0.003320 0.142794 -0.014977
v 0.003320 0.143419 -0.012536
v 0.003320 0.143932 -0.010065
v 0.003320 0.144333 -0.007570
v 0.003320 0.144619 -0.005057
v 0.003320 0.144792 -0.002532
v 0.003130 0.148520 0.000000
v 0.003130 0.148458 0.002726
v 0.003130 0.148273 0.005446
v 0.003130 0.147964 0.008153
v 0.003130 0.147533 0.010840
v 0.003130 0.146980 0.013501
v 0.003130 0.146307 0.016129
v 0.003130 0.145516 0.018718
v 0.003130 0.144608 0.021263
v 0.003130 0.143586 0.023756
v 0.003130 0.142452 0.026192
v 0.003130 0.141208 0.028565
v 0.003130 0.139859 0.030869
v 0.003130 0.138406 0.033099
v 0.003130 0.136854 0.035249
v 0.003130 0.135206 0.037314
v 0.003130 0.133467 0.039289
v 0.003130 0.131640 0.041169
v 0.003130 0.129730 0.042950
v 0.003130 0.127741 0.044628
v 0.003130 0.125679 0.046199
v 0.003130 0.123547 0.047658
v 0.003130 0.121353 0.049002
v 0.003130 0.119099 0.050228
v 0.003130 0.116793 0.051333
v 0.003130 0.114440 0.052315
v 0.003130 0.112044 0.053170
v 0.003130 0.109613 0.053897
v 0.003130 0.107152 0.054495
v 0.003130 0.104666 0.054961
v 0.003130 0.102163 0.055295
v 0.003130 0.099647 0.055496
v 0.003130 0.097125 0.055563
v 0.003130 0.094603 0.055496
v 0.003130 0.092087 0.055295
v 0.003130 0.089584 0.054961
v 0.003130 0.087098 0.054495
v 0.003130 0.084637 0.053897
v 0.003130 0.082206 0.053170
v 0.003130 0.079810 0.052315
v 0.003130 0.077457 0.051333
v 0.003130 0.075151 0.050228
v 0.003130 0.072897 0.049002
v 0.003130 0.070703 0.047658
v 0.003130 0.068571 0.046199
v 0.003130 0.066509 0.044628
v 0.003130 0.064520 0.042950
v 0.003130 0.062610 0.041169
v 0.003130 0.060783 0.039289
v 0.003130 0.059044 0.037314
v 0.003130 0.057396 0.035249
v 0.003130 0.055844 0.033099
v 0.003130 0.054391 0.030869
v 0.003130 0.053042 0.028565
v 0.003130 0.051798 0.026192
v 0.003130 0.050664 0.023756
v 0.003130 0.049642 0.021263
v 0.003130 0.048734 0.018718
v 0.003130 0.047943 0.016129
v 0.003130 0.047270 0.013501
v 0.003130 0.046717 0.010840
v 0.003130 0.046286 0.008153
v 0.003130 0.045977 0.005446
v 0.003130 0.045792 0.002726
v 0.003130 0.045730 0.000000
v 0.003130 0.045792 -0.002726
v 0.003130 0.045977 -0.005446
v 0.003130 0.046286 -0.008153
v 0.003130 0.046717 -0.010840
v 0.003130 0.047270 -0.013501
v 0.003130 0.047943 -0.016129
v 0.003130 0.048734 -0.018718
v 0.003130 0.049642 -0.021263
v 0.003130 0.050664 -0.023756
v 0.003130 0.051798 -0.026192
v 0.003130 0.053042 -0.028565
v 0.003130 0.054391 -0.030869
v 0.003130 0.055844 -0.033099
v 0.003130 0.057396 -0.035248
v 0.003130 0.059044 -0.037313
v 0.003130 0.060783 -0.039289
v 0.003130 0.062610 -0.041169
v 0.003130 0.064520 -0.042950
v 0.003130 0.066509 -0.044628
v 0.003130 0.068571 -0.046198
v 0.003130 0.070703 -0.047658
v 0.003130 0.072897 -0.049002
v 0.003130 0.075151 -0.050228
v 0.003130 0.077457 -0.051333
v 0.003130 0.079810 -0.052315
v 0.003130 0.082206 -0.053170
v 0.003130 0.084637 -0.053897
v 0.003130 0.087098 -0.054495
v 0.003130 0.089584 -0.054961
v 0.003130 0.092087 -0.055295
v 0.003130 0.094603 -0.055496
v 0.003130 0.097125 -0.055562
v 0.003130 0.099647 -0.055496
v 0.003130 0.102163 -0.055295
v 0.003130 0.104666 -0.054961
v 0.003130 0.107152 -0.054495
v 0.003130 0.109613 -0.053897
v 0.003130 0.112044 -0.053170
v 0.003130 0.114440 -0.052315
v 0.003130 0.116793 -0.051333
v 0.003130 0.119099 -0.050228
v 0.003130 0.121353 -0.049002
v 0.003130 0.123547 -0.047658
v 0.003130 0.125679 -0.046198
v 0.003130 0.127741 -0.044628
v 0.003130 0.129730 -0.042950
v 0.003130 0.131640 -0.041169
v 0.003130 0.133467 -0.039289
v 0.003130 0.135206 -0.037313
v 0.003130 0.136854 -0.035248
v 0.003130 0.138406 -0.033099
v 0.003130 0.139859 -0.030869
v 0.003130 0.141208 -0.028565
v 0.003130 0.142452 -0.026192
v 0.003130 0.143586 -0.023756
v 0.003130 0.144608 -0.021263
v 0.003130 0.145516 -0.018718
v 0.003130 0.146307 -0.016129
v 0.003130 0.146980 -0.013501
v 0.003130 0.147533 -0.010840
v 0.003130 0.147964 -0.008153
v 0.003130 0.148273 -0.005446
v 0.003130 0.148458 -0.002726
v 0.002926 0.152191 0.000000
v 0.002926 0.152125 0.002921
v 0.002926 0.151926 0.005835
v 0.002926 0.151595 0.008735
v 0.002926 0.151133 0.011614
v 0.002926 0.150541 0.014465
v 0.002926 0.149820 0.017281
v 0.002926 0.148972 0.020055
v 0.002926 0.148000 0.022782
v 0.002926 0.146904 0.025453
v 0.002926 0.145689 0.028063
v 0.002926 0.144357 0.030605
v 0.002926 0.142911 0.033074
v 0.002926 0.141355 0.035463
v 0.002926 0.139692 0.037766
v 0.002926 0.137927 0.039979
v 0.002926 0.136063 0.042095
v 0.002926 0.134105 0.044110
v 0.002926 0.132059 0.046018
v 0.002926 0.129928 0.047816
v 0.002926 0.127718 0.049498
v 0.002926 0.125435 0.051062
v 0.002926 0.123083 0.052502
v 0.002926 0.120669 0.053816
v 0.002926 0.118198 0.055000
v 0.002926 0.115676 0.056051
v 0.002926 0.113110 0.056968
v 0.002926 0.110505 0.057747
v 0.002926 0.107868 0.058387
v 0.002926 0.105205 0.058887
v 0.002926 0.102522 0.059245
v 0.002926 0.099827 0.059460
v 0.002926 0.097125 0.059531
v 0.002926 0.094423 0.059460
v 0.002926 0.091728 0.059245
v 0.002926 0.089045 0.058887
v 0.002926 0.086382 0.058387
v 0.002926 0.083745 0.057747
v 0.002926 0.081140 0.056968
v 0.002926 0.078574 0.056051
v 0.002926 0.076052 0.055000
v 0.002926 0.073581 0.053816
v 0.002926 0.071167 0.052502
v 0.002926 0.068815 0.051062
v 0.002926 0.066532 0.049498
v 0.002926 0.064322 0.047816
v 0.002926 0.062191 0.046018
v 0.002926 0.060145 0.044110
v 0.002926 0.058187 0.042095
v 0.002926 0.056323 0.039979
v 0.002926 0.054558 0.037766
v 0.002926 0.052895 0.035463
v 0.002926 0.051339 0.033074
v 0.002926 0.049893 0.030605
v 0.002926 0.048561 0.028063
v 0.002926 0.047346 0.025453
v 0.002926 0.046250 0.022782
v 0.002926 0.045278 0.020055
v 0.002926 0.044430 0.017281
v 0.002926 0.043709 0.014465
v 0.002926 0.043117 0.011614
v 0.002926 0.042655 0.008735
v 0.002926 0.042324 0.005835
v 0.002926 0.042125 0.002921
v 0.002926 0.042059 0.000000
v 0.002926 0.042125 -0.002921
v 0.002926 0.042324 -0.005835
v 0.002926 0.042655 -0.008735
v 0.002926 0.043117 -0.011614
v 0.002926 0.043709 -0.014465
v 0.002926 0.044430 -0.017281
v 0.002926 0.045278 -0.020055
v 0.002926 0.046250 -0.022782
v 0.002926 0.047346 -0.025453
v 0.002926 0.048561 -0.028063
v 0.002926 0.049893 -0.030605
v 0.002926 0.051339 -0.033074
v 0.002926 0.052895 -0.035463
v 0.002926 0.054558 -0.037766
v 0.002926 0.056323 -0.039979
v 0.002926 0.058187 -0.042095
v 0.002926 0.060145 -0.044110
v 0.002926 0.062191 -0.046018
v 0.002926 0.064322 -0.047816
v 0.002926 0.066532 -0.049498
v 0.002926 0.068815 -0.051062
v 0.002926 0.071167 -0.052502
v 0.002926 0.073581 -0.053816
v 0.002926 0.076052 -0.055000
v 0.002926 0.078574 -0.056051
v 0.002926 0.081140 -0.056968
v 0.002926 0.083745 -0.057747
v 0.002926 0.086382 -0.058387
v 0.002926 0.089045 -0.058887
v 0.002926 0.091728 -0.059245
v 0.002926 0.094423 -0.059460
v 0.002926 0.097125 -0.059531
v 0.002926 0.099827 -0.059460
v 0.002926 0.102522 -0.059245
v 0.002926 0.105205 -0.058887
v 0.002926 0.107868 -0.058387
v 0.002926 0.110505 -0.057747
v 0.002926 0.113110 -0.056968
v 0.002926 0.115676 -0.056051
v 0.002926 0.118198 -0.055000
v 0.002926 0.120669 -0.053816
v 0.002926 0.123083 -0.052502
v 0.002926 0.125435 -0.051062
v 0.002926 0.127718 -0.049498
v 0.002926 0.129928 -0.047816
v 0.002926 0.132059 -0.046018
v 0.002926 0.134105 -0.044110
v 0.002926 0.136063 -0.042095
v 0.002926 0.137927 -0.039979
v 0.002926 0.139692 -0.037766
v 0.002926 0.141355 -0.035463
v 0.002926 0.142911 -0.033074
v 0.002926 0.144357 -0.030605
v 0.002926 0.145689 -0.028063
v 0.002926 0.146904 -0.025453
v 0.002926 0.148000 -0.022782
v 0.002926 0.148972 -0.020055
v 0.002926 0.149820 -0.017281
v 0.002926 0.150541 -0.014465
v 0.002926 0.151133 -0.011614
v 0.002926 0.151595 -0.008735
v 0.002926 0.151926 -0.005835
v 0.002926 0.152125 -0.002921
v 0.002707 0.155863 0.000000
v 0.002707 0.155792 0.003116
v 0.002707 0.155580 0.006224
v 0.002707 0.155227 0.009317
v 0.002707 0.154734 0.012388
v 0.002707 0.154102 0.015429
v 0.002707 0.153333 0.018433
v 0.002707 0.152429 0.021393
v 0.002707 0.151391 0.024300
v 0.002707 0.150223 0.027150
v 0.002707 0.148927 0.029934
v 0.002707 0.147506 0.032646
v 0.002707 0.145963 0.035279
v 0.002707 0.144303 0.037827
v 0.002707 0.142530 0.040284
v 0.002707 0.140647 0.042644
v 0.002707 0.138659 0.044901
v 0.002707 0.136571 0.047050
v 0.002707 0.134388 0.049086
v 0.002707 0.132115 0.051004
v 0.002707 0.129758 0.052798
v 0.002707 0.127322 0.054466
v 0.002707 0.124814 0.056002
v 0.002707 0.122239 0.057403
v 0.002707 0.119603 0.058666
v 0.002707 0.116913 0.059788
v 0.002707 0.114176 0.060766
v 0.002707 0.111397 0.061597
v 0.002707 0.108584 0.062280
v 0.002707 0.105744 0.062813
v 0.002707 0.102882 0.063194
v 0.002707 0.100007 0.063424
v 0.002707 0.097125 0.063500
v 0.002707 0.094243 0.063424
v 0.002707 0.091368 0.063194
v 0.002707 0.088506 0.062813
v 0.002707 0.085666 0.062280
v 0.002707 0.082853 0.061597
v 0.002707 0.080074 0.060766
v 0.002707 0.077337 0.059788
v 0.002707 0.074647 0.058666
v 0.002707 0.072011 0.057403
v 0.002707 0.069436 0.056002
v 0.002707 0.066928 0.054466
v 0.002707 0.064492 0.052798
v 0.002707 0.062135 0.051004
v 0.002707 0.059862 0.049086
v 0.002707 0.057679 0.047050
v 0.002707 0.055591 0.044901
v 0.002707 0.053603 0.042644
v 0.002707 0.051720 0.040284
v 0.002707 0.049947 0.037827
v 0.002707 0.048287 0.035279
v 0.002707 0.046744 0.032646
v 0.002707 0.045323 0.029934
v 0.002707 0.044027 0.027150
v 0.002707 0.042859 0.024300
v 0.002707 0.041821 0.021393
v 0.002707 0.040917 0.018433
v 0.002707 0.040148 0.015429
v 0.002707 0.039516 0.012388
v 0.002707 0.039023 0.009317
v 0.002707 0.038670 0.006224
v 0.002707 0.038458 0.003116
v 0.002707 0.038387 0.000000
v 0.002707 0.038458 -0.003116
v 0.002707 0.038670 -0.006224
v 0.002707 0.039023 -0.009317
v 0.002707 0.039516 -0.012388
v 0.002707 0.040148 -0.015429
v 0.002707 0.040917 -0.018433
v 0.002707 0.041821 -0.021392
v 0.002707 0.042859 -0.024300
v 0.002707 0.044027 -0.027150
v 0.002707 0.045323 -0.029934
v 0.002707 0.046744 -0.032646
v 0.002707 0.048287 -0.035279
v 0.002707 0.049947 -0.037827
v 0.002707 0.051720 -0.040284
v 0.002707 0.053603 -0.042644
v 0.002707 0.055591 -0.044901
v 0.002707 0.057679 -0.047050
v 0.002707 0.059862 -0.049086
v 0.002707 0.062135 -0.051004
v 0.002707 0.064492 -0.052798
v 0.002707 0.066928 -0.054466
v 0.002707 0.069436 -0.056002
v 0.002707 0.072011 -0.057403
v 0.002707 0.074647 -0.058666
v 0.002707 0.077337 -0.059788
v 0.002707 0.080074 -0.060766
v 0.002707 0.082853 -0.061597
v 0.002707 0.085666 -0.062280
v 0.002707 0.088506 -0.062813
v 0.002707 0.091368 -0.063194
v 0.002707 0.094243 -0.063424
v 0.002707 0.097125 -0.063500
v 0.002707 0.100007 -0.063424
v 0.002707 0.102882 -0.063194
v 0.002707 0.105744 -0.062813
v 0.002707 0.108584 -0.062280
v 0.002707 0.111397 -0.061597
v 0.002707 0.114176 -0.060766
v 0.002707 0.116913 -0.059788
v 0.002707 0.119603 -0.058666
v 0.002707 0.122239 -0.057403
v 0.002707 0.124814 -0.056002
v 0.002707 0.127322 -0.054466
v 0.002707 0.129758 -0.052798
v 0.002707 0.132115 -0.051004
v 0.002707 0.134388 -0.049086
v 0.002707 0.136571 -0.047050
v 0.002707 0.138659 -0.044901
v 0.002707 0.140647 -0.042644
v 0.002707 0.142530 -0.040284
v 0.002707 0.144303 -0.037827
v 0.002707 0.145963 -0.035279
v 0.002707 0.147506 -0.032646
v 0.002707 0.148927 -0.029934
v 0.002707 0.150223 -0.027150
v 0.002707 0.151391 -0.024300
v 0.002707 0.152429 -0.021392
v 0.002707 0.153333 -0.018433
v 0.002707 0.154102 -0.015429
v 0.002707 0.154734 -0.012388
v 0.002707 0.155227 -0.009317
v 0.002707 0.155580 -0.006224
v 0.002707 0.155792 -0.003116
v 0.003309 0.097125 0.000000
v 0.003301 0.100796 0.000000
v 0.003301 0.100792 0.000195
v 0.003301 0.100778 0.000389
v 0.003301 0.100756 0.000582
v 0.003301 0.100726 0.000774
v 0.003301 0.100686 0.000964
v 0.003301 0.100638 0.001152
v 0.003301 0.100581 0.001337
v 0.003301 0.100517 0.001519
v 0.003301 0.100444 0.001697
v 0.003301 0.100363 0.001871
v 0.003301 0.100274 0.002040
v 0.003301 0.100177 0.002205
v 0.003301 0.100074 0.002364
v 0.003301 0.099963 0.002518
v 0.003301 0.099845 0.002665
v 0.003301 0.099721 0.002806
v 0.003301 0.099590 0.002941
v 0.003301 0.099454 0.003068
v 0.003301 0.099312 0.003188
v 0.003301 0.099165 0.003300
v 0.003301 0.099012 0.003404
v 0.003301 0.098856 0.003500
v 0.003301 0.098695 0.003588
v 0.003301 0.098530 0.003667
v 0.003301 0.098362 0.003737
v 0.003301 0.098191 0.003798
v 0.003301 0.098017 0.003850
v 0.003301 0.097841 0.003892
v 0.003301 0.097664 0.003926
v 0.003301 0.097485 0.003950
v 0.003301 0.097305 0.003964
v 0.003301 0.097125 0.003969
v 0.003301 0.096945 0.003964
v 0.003301 0.096765 0.003950
v 0.003301 0.096586 0.003926
v 0.003301 0.096409 0.003892
v 0.003301 0.096233 0.003850
v 0.003301 0.096059 0.003798
v 0.003301 0.095888 0.003737
v 0.003301 0.095720 0.003667
v 0.003301 0.095555 0.003588
v 0.003301 0.095394 0.003500
v 0.003301 0.095238 0.003404
v 0.003301 0.095085 0.003300
v 0.003301 0.094938 0.003188
v 0.003301 0.094796 0.003068
v 0.003301 0.094660 0.002941
v 0.003301 0.094529 0.002806
v 0.003301 0.094405 0.002665
v 0.003301 0.094287 0.002518
v 0.003301 0.094176 0.002364
v 0.003301 0.094073 0.002205
v 0.003301 0.093976 0.002040
v 0.003301 0.093887 0.001871
v 0.003301 0.093806 0.001697
v 0.003301 0.093733 0.001519
v 0.003301 0.093669 0.001337
v 0.003301 0.093612 0.001152
v 0.003301 0.093564 0.000964
v 0.003301 0.093524 0.000774
v 0.003301 0.093494 0.000582
v 0.003301 0.093472 0.000389
v 0.003301 0.093458 0.000195
v 0.003301 0.093454 0.000000
v 0.003301 0.093458 -0.000195
v 0.003301 0.093472 -0.000389
v 0.003301 0.093494 -0.000582
v 0.003301 0.093524 -0.000774
v 0.003301 0.093564 -0.000964
v 0.003301 0.093612 -0.001152
v 0.003301 0.093669 -0.001337
v 0.003301 0.093733 -0.001519
v 0.003301 0.093806 -0.001697
v 0.003301 0.093887 -0.001871
v 0.003301 0.093976 -0.002040
v 0.003301 0.094073 -0.002205
v 0.003301 0.094176 -0.002364
v 0.003301 0.094287 -0.002518
v 0.003301 0.094405 -0.002665
v 0.003301 0.094529 -0.002806
v 0.003301 0.094660 -0.002941
v 0.003301 0.094796 -0.003068
v 0.003301 0.094938 -0.003188
v 0.003301 0.095085 -0.003300
v 0.003301 0.095238 -0.003404
v 0.003301 0.095394 -0.003500
v 0.003301 0.095555 -0.003588
v 0.003301 0.095720 -0.003667
v 0.003301 0.095888 -0.003737
v 0.003301 0.096059 -0.003798
v 0.003301 0.096233 -0.003850
v 0.003301 0.096409 -0.003892
v 0.003301 0.096586 -0.003926
v 0.003301 0.096765 -0.003950
v 0.003301 0.096945 -0.003964
v 0.003301 0.097125 -0.003969
v 0.003301 0.097305 -0.003964
v 0.003301 0.097485 -0.003950
v 0.003301 0.097664 -0.003926
v 0.003301 0.097841 -0.003892
v 0.003301 0.098017 -0.003850
v 0.003301 0.098191 -0.003798
v 0.003301 0.098362 -0.003737
v 0.003301 0.098530 -0.003667
v 0.003301 0.098695 -0.003588
v 0.003301 0.098856 -0.003500
v 0.003301 0.099012 -0.003404
v 0.003301 0.099165 -0.003300
v 0.003301 0.099312 -0.003188
v 0.003301 0.099454 -0.003068
v 0.003301 0.099590 -0.002941
v 0.003301 0.099721 -0.002806
v 0.003301 0.099845 -0.002665
v 0.003301 0.099963 -0.002518
v 0.003301 0.100074 -0.002364
v 0.003301 0.100177 -0.002205
v 0.003301 0.100274 -0.002040
v 0.003301 0.100363 -0.001871
v 0.003301 0.100444 -0.001697
v 0.003301 0.100517 -0.001519
v 0.003301 0.100581 -0.001337
v 0.003301 0.100638 -0.001152
v 0.003301 0.100686 -0.000964
v 0.003301 0.100726 -0.000774
v 0.003301 0.100756 -0.000582
v 0.003301 0.100778 -0.000389
v 0.003301 0.100792 -0.000195
v 0.003280 0.104467 0.000000
v 0.003280 0.104458 0.000390
v 0.003280 0.104432 0.000778
v 0.003280 0.104388 0.001165
v 0.003280 0.104326 0.001549
v 0.003280 0.104247 0.001929
v 0.003280 0.104151 0.002304
v 0.003280 0.104038 0.002674
v 0.003280 0.103908 0.003038
v 0.003280 0.103762 0.003394
v 0.003280 0.103600 0.003742
v 0.003280 0.103423 0.004081
v 0.003280 0.103230 0.004410
v 0.003280 0.103022 0.004728
v 0.003280 0.102801 0.005036
v 0.003280 0.102565 0.005331
v 0.003280 0.102317 0.005613
v 0.003280 0.102056 0.005881
v 0.003280 0.101783 0.006136
v 0.003280 0.101499 0.006375
v 0.003280 0.101204 0.006600
v 0.003280 0.100900 0.006808
v 0.003280 0.100586 0.007000
v 0.003280 0.100264 0.007175
v 0.003280 0.099935 0.007333
v 0.003280 0.099599 0.007474
v 0.003280 0.099256 0.007596
v 0.003280 0.098909 0.007700
v 0.003280 0.098557 0.007785
v 0.003280 0.098202 0.007852
v 0.003280 0.097845 0.007899
v 0.003280 0.097485 0.007928
v 0.003280 0.097125 0.007937
v 0.003280 0.096765 0.007928
v 0.003280 0.096405 0.007899
v 0.003280 0.096048 0.007852
v 0.003280 0.095693 0.007785
v 0.003280 0.095341 0.007700
v 0.003280 0.094994 0.007596
v 0.003280 0.094651 0.007474
v 0.003280 0.094315 0.007333
v 0.003280 0.093986 0.007175
v 0.003280 0.093664 0.007000
v 0.003280 0.093350 0.006808
v 0.003280 0.093046 0.006600
v 0.003280 0.092751 0.006375
v 0.003280 0.092467 0.006136
v 0.003280 0.092194 0.005881
v 0.003280 0.091933 0.005613
v 0.003280 0.091685 0.005331
v 0.003280 0.091449 0.005036
v 0.003280 0.091228 0.004728
v 0.003280 0.091020 0.004410
v 0.003280 0.090827 0.004081
v 0.003280 0.090650 0.003742
v 0.003280 0.090488 0.003394
v 0.003280 0.090342 0.003038
v 0.003280 0.090212 0.002674
v 0.003280 0.090099 0.002304
v 0.003280 0.090003 0.001929
v 0.003280 0.089924 0.001549
v 0.003280 0.089862 0.001165
v 0.003280 0.089818 0.000778
v 0.003280 0.089792 0.000390
v 0.003280 0.089783 0.000000
v 0.003280 0.089792 -0.000389
v 0.003280 0.089818 -0.000778
v 0.003280 0.089862 -0.001165
v 0.003280 0.089924 -0.001549
v 0.003280 0.090003 -0.001929
v 0.003280 0.090099 -0.002304
v 0.003280 0.090212 -0.002674
v 0.003280 0.090342 -0.003038
v 0.003280 0.090488 -0.003394
v 0.003280 0.090650 -0.003742
v 0.003280 0.090827 -0.004081
v 0.003280 0.091020 -0.004410
v 0.003280 0.091228 -0.004728
v 0.003280 0.091449 -0.005035
v 0.003280 0.091685 -0.005331
v 0.003280 0.091933 -0.005613
v 0.003280 0.092194 -0.005881
v 0.003280 0.092467 -0.006136
v 0.003280 0.092751 -0.006375
v 0.003280 0.093046 -0.006600
v 0.003280 0.093350 -0.006808
v 0.003280 0.093664 -0.007000
v 0.003280 0.093986 -0.007175
v 0.003280 0.094315 -0.007333
v 0.003280 0.094651 -0.007473
v 0.003280 0.094994 -0.007596
v 0.003280 0.095341 -0.007700
v 0.003280 0.095693 -0.007785
v 0.003280 0.096048 -0.007852
v 0.003280 0.096405 -0.007899
v 0.003280 0.096765 -0.007928
v 0.003280 0.097125 -0.007937
v 0.003280 0.097485 -0.007928
v 0.003280 0.097845 -0.007899
v 0.003280 0.098202 -0.007852
v 0.003280 0.098557 -0.007785
v 0.003280 0.098909 -0.007700
v 0.003280 0.099256 -0.007596
v 0.003280 0.099599 -0.007473
v 0.003280 0.099935 -0.007333
v 0.003280 0.100264 -0.007175
v 0.003280 0.100586 -0.007000
v 0.003280 0.100900 -0.006808
v 0.003280 0.101204 -0.006600
v 0.003280 0.101499 -0.006375
v 0.003280 0.101783 -0.006136
v 0.003280 0.102056 -0.005881
v 0.003280 0.102317 -0.005613
v 0.003280 0.102565 -0.005331
v 0.003280 0.102801 -0.005035
v 0.003280 0.103022 -0.004728
v 0.003280 0.103230 -0.004410
v 0.003280 0.103423 -0.004081
v 0.003280 0.103600 -0.003742
v 0.003280 0.103762 -0.003394
v 0.003280 0.103908 -0.003038
v 0.003280 0.104038 -0.002674
v 0.003280 0.104151 -0.002304
v 0.003280 0.104247 -0.001929
v 0.003280 0.104326 -0.001549
v 0.003280 0.104388 -0.001165
v 0.003280 0.104432 -0.000778
v 0.003280 0.104458 -0.000389
v 0.003245 0.108138 0.000000
v 0.003245 0.108125 0.000584
v 0.003245 0.108085 0.001167
v 0.003245 0.108019 0.001747
v 0.003245 0.107927 0.002323
v 0.003245 0.107808 0.002893
v 0.003245 0.107664 0.003456
v 0.003245 0.107494 0.004011
v 0.003245 0.107300 0.004556
v 0.003245 0.107081 0.005091
v 0.003245 0.106838 0.005613
v 0.003245 0.106571 0.006121
v 0.003245 0.106282 0.006615
v 0.003245 0.105971 0.007093
v 0.003245 0.105638 0.007553
v 0.003245 0.105285 0.007996
v 0.003245 0.104913 0.008419
v 0.003245 0.104521 0.008822
v 0.003245 0.104112 0.009204
v 0.003245 0.103686 0.009563
v 0.003245 0.103244 0.009900
v 0.003245 0.102787 0.010212
v 0.003245 0.102317 0.010500
v 0.003245 0.101834 0.010763
v 0.003245 0.101340 0.011000
v 0.003245 0.100835 0.011210
v 0.003245 0.100322 0.011394
v 0.003245 0.099801 0.011549
v 0.003245 0.099274 0.011678
v 0.003245 0.098741 0.011777
v 0.003245 0.098204 0.011849
v 0.003245 0.097665 0.011892
v 0.003245 0.097125 0.011906
v 0.003245 0.096585 0.011892
v 0.003245 0.096046 0.011849
v 0.003245 0.095509 0.011777
v 0.003245 0.094976 0.011678
v 0.003245 0.094449 0.011549
v 0.003245 0.093928 0.011394
v 0.003245 0.093415 0.011210
v 0.003245 0.092910 0.011000
v 0.003245 0.092416 0.010763
v 0.003245 0.091933 0.010500
v 0.003245 0.091463 0.010212
v 0.003245 0.091006 0.009900
v 0.003245 0.090564 0.009563
v 0.003245 0.090138 0.009204
v 0.003245 0.089729 0.008822
v 0.003245 0.089337 0.008419
v 0.003245 0.088965 0.007996
v 0.003245 0.088612 0.007553
v 0.003245 0.088279 0.007093
v 0.003245 0.087968 0.006615
v 0.003245 0.087679 0.006121
v 0.003245 0.087412 0.005613
v 0.003245 0.087169 0.005091
v 0.003245 0.086950 0.004556
v 0.003245 0.086756 0.004011
v 0.003245 0.086586 0.003456
v 0.003245 0.086442 0.002893
v 0.003245 0.086323 0.002323
v 0.003245 0.086231 0.001747
v 0.003245 0.086165 0.001167
v 0.003245 0.086125 0.000584
v 0.003245 0.086112 0.000000
v 0.003245 0.086125 -0.000584
v 0.003245 0.086165 -0.001167
v 0.003245 0.086231 -0.001747
v 0.003245 0.086323 -0.002323
v 0.003245 0.086442 -0.002893
v 0.003245 0.086586 -0.003456
v 0.003245 0.086756 -0.004011
v 0.003245 0.086950 -0.004556
v 0.003245 0.087169 -0.005091
v 0.003245 0.087412 -0.005613
v 0.003245 0.087679 -0.006121
v 0.003245 0.087968 -0.006615
v 0.003245 0.088279 -0.007093
v 0.003245 0.088612 -0.007553
v 0.003245 0.088965 -0.007996
v 0.003245 0.089337 -0.008419
v 0.003245 0.089729 -0.008822
v 0.003245 0.090138 -0.009204
v 0.003245 0.090564 -0.009563
v 0.003245 0.091006 -0.009900
v 0.003245 0.091463 -0.010212
v 0.003245 0.091933 -0.010500
v 0.003245 0.092416 -0.010763
v 0.003245 0.092910 -0.011000
v 0.003245 0.093415 -0.011210
v 0.003245 0.093928 -0.011394
v 0.003245 0.094449 -0.011549
v 0.003245 0.094976 -0.011677
v 0.003245 0.095509 -0.011777
v 0.003245 0.096046 -0.011849
v 0.003245 0.096585 -0.011892
v 0.003245 0.097125 -0.011906
v 0.003245 0.097665 -0.011892
v 0.003245 0.098204 -0.011849
v 0.003245 0.098741 -0.011777
v 0.003245 0.099274 -0.011677
v 0.003245 0.099801 -0.011549
v 0.003245 0.100322 -0.011394
v 0.003245 0.100835 -0.011210
v 0.003245 0.101340 -0.011000
v 0.003245 0.101834 -0.010763
v 0.003245 0.102317 -0.010500
v 0.003245 0.102787 -0.010212
v 0.003245 0.103244 -0.009900
v 0.003245 0.103686 -0.009563
v 0.003245 0.104112 -0.009204
v 0.003245 0.104521 -0.008822
v 0.003245 0.104913 -0.008419
v 0.003245 0.105285 -0.007996
v 0.003245 0.105638 -0.007553
v 0.003245 0.105971 -0.007093
v 0.003245 0.106282 -0.006615
v 0.003245 0.106571 -0.006121
v 0.003245 0.106838 -0.005613
v 0.003245 0.107081 -0.005091
v 0.003245 0.107300 -0.004556
v 0.003245 0.107494 -0.004011
v 0.003245 0.107664 -0.003456
v 0.003245 0.107808 -0.002893
v 0.003245 0.107927 -0.002323
v 0.003245 0.108019 -0.001747
v 0.003245 0.108085 -0.001167
v 0.003245 0.108125 -0.000584
v 0.003196 0.111809 0.000000
v 0.003196 0.111792 0.000779
v 0.003196 0.111739 0.001556
v 0.003196 0.111650 0.002329
v 0.003196 0.111527 0.003097
v 0.003196 0.111369 0.003857
v 0.003196 0.111177 0.004608
v 0.003196 0.110951 0.005348
v 0.003196 0.110692 0.006075
v 0.003196 0.110400 0.006787
v 0.003196 0.110075 0.007483
v 0.003196 0.109720 0.008161
v 0.003196 0.109335 0.008820
v 0.003196 0.108920 0.009457
v 0.003196 0.108476 0.010071
v 0.003196 0.108005 0.010661
v 0.003196 0.107508 0.011225
v 0.003196 0.106986 0.011763
v 0.003196 0.106441 0.012272
v 0.003196 0.105872 0.012751
v 0.003196 0.105283 0.013200
v 0.003196 0.104674 0.013616
v 0.003196 0.104047 0.014001
v 0.003196 0.103403 0.014351
v 0.003196 0.102744 0.014667
v 0.003196 0.102072 0.014947
v 0.003196 0.101388 0.015191
v 0.003196 0.100693 0.015399
v 0.003196 0.099990 0.015570
v 0.003196 0.099280 0.015703
v 0.003196 0.098564 0.015799
v 0.003196 0.097846 0.015856
v 0.003196 0.097125 0.015875
v 0.003196 0.096404 0.015856
v 0.003196 0.095686 0.015799
v 0.003196 0.094970 0.015703
v 0.003196 0.094260 0.015570
v 0.003196 0.093557 0.015399
v 0.003196 0.092862 0.015191
v 0.003196 0.092178 0.014947
v 0.003196 0.091506 0.014667
v 0.003196 0.090847 0.014351
v 0.003196 0.090203 0.014001
v 0.003196 0.089576 0.013616
v 0.003196 0.088967 0.013200
v 0.003196 0.088378 0.012751
v 0.003196 0.087809 0.012272
v 0.003196 0.087264 0.011763
v 0.003196 0.086742 0.011225
v 0.003196 0.086245 0.010661
v 0.003196 0.085774 0.010071
v 0.003196 0.085330 0.009457
v 0.003196 0.084915 0.008820
v 0.003196 0.084530 0.008161
v 0.003196 0.084175 0.007483
v 0.003196 0.083850 0.006787
v 0.003196 0.083558 0.006075
v 0.003196 0.083299 0.005348
v 0.003196 0.083073 0.004608
v 0.003196 0.082881 0.003857
v 0.003196 0.082723 0.003097
v 0.003196 0.082600 0.002329
v 0.003196 0.082511 0.001556
v 0.003196 0.082458 0.000779
v 0.003196 0.082441 0.000000
v 0.003196 0.082458 -0.000779
v 0.003196 0.082511 -0.001556
v 0.003196 0.082600 -0.002329
v 0.003196 0.082723 -0.003097
v 0.003196 0.082881 -0.003857
v 0.003196 0.083073 -0.004608
v 0.003196 0.083299 -0.005348
v 0.003196 0.083558 -0.006075
v 0.003196 0.083850 -0.006787
v 0.003196 0.084175 -0.007483
v 0.003196 0.084530 -0.008161
v 0.003196 0.084915 -0.008820
v 0.003196 0.085330 -0.009457
v 0.003196 0.085774 -0.010071
v 0.003196 0.086245 -0.010661
v 0.003196 0.086742 -0.011225
v 0.003196 0.087264 -0.011763
v 0.003196 0.087809 -0.012272
v 0.003196 0.088378 -0.012751
v 0.003196 0.088967 -0.013200
v 0.003196 0.089576 -0.013616
v 0.003196 0.090203 -0.014000
v 0.003196 0.090847 -0.014351
v 0.003196 0.091506 -0.014667
v 0.003196 0.092178 -0.014947
v 0.003196 0.092862 -0.015191
v 0.003196 0.093557 -0.015399
v 0.003196 0.094260 -0.015570
v 0.003196 0.094970 -0.015703
v 0.003196 0.095686 -0.015799
v 0.003196 0.096404 -0.015856
v 0.003196 0.097125 -0.015875
v 0.003196 0.097846 -0.015856
v 0.003196 0.098564 -0.015799
v 0.003196 0.099280 -0.015703
v 0.003196 0.099990 -0.015570
v 0.003196 0.100693 -0.015399
v 0.003196 0.101388 -0.015191
v 0.003196 0.102072 -0.014947
v 0.003196 0.102744 -0.014667
v 0.003196 0.103403 -0.014351
v 0.003196 0.104047 -0.014000
v 0.003196 0.104674 -0.013616
v 0.003196 0.105283 -0.013200
v 0.003196 0.105872 -0.012751
v 0.003196 0.106441 -0.012272
v 0.003196 0.106986 -0.011763
v 0.003196 0.107508 -0.011225
v 0.003196 0.108005 -0.010661
v 0.003196 0.108476 -0.010071
v 0.003196 0.108920 -0.009457
v 0.003196 0.109335 -0.008820
v 0.003196 0.109720 -0.008161
v 0.003196 0.110075 -0.007483
v 0.003196 0.110400 -0.006787
v 0.003196 0.110692 -0.006075
v 0.003196 0.110951 -0.005348
v 0.003196 0.111177 -0.004608
v 0.003196 0.111369 -0.003857
v 0.003196 0.111527 -0.003097
v 0.003196 0.111650 -0.002329
v 0.003196 0.111739 -0.001556
v 0.003196 0.111792 -0.000779
v 0.003132 0.115480 0.000000
v 0.003132 0.115458 0.000974
v 0.003132 0.115392 0.001945
v 0.003132 0.115282 0.002912
v 0.003132 0.115128 0.003871
v 0.003132 0.114930 0.004822
v 0.003132 0.114690 0.005760
v 0.003132 0.114407 0.006685
v 0.003132 0.114083 0.007594
v 0.003132 0.113718 0.008484
v 0.003132 0.113313 0.009354
v 0.003132 0.112869 0.010202
v 0.003132 0.112387 0.011025
v 0.003132 0.111868 0.011821
v 0.003132 0.111314 0.012589
v 0.003132 0.110726 0.013326
v 0.003132 0.110104 0.014032
v 0.003132 0.109452 0.014703
v 0.003132 0.108770 0.015339
v 0.003132 0.108059 0.015939
v 0.003132 0.107323 0.016500
v 0.003132 0.106562 0.017021
v 0.003132 0.105778 0.017501
v 0.003132 0.104973 0.017939
v 0.003132 0.104149 0.018333
v 0.003132 0.103309 0.018684
v 0.003132 0.102453 0.018989
v 0.003132 0.101585 0.019249
v 0.003132 0.100706 0.019462
v 0.003132 0.099818 0.019629
v 0.003132 0.098924 0.019748
v 0.003132 0.098026 0.019820
v 0.003132 0.097125 0.019844
v 0.003132 0.096224 0.019820
v 0.003132 0.095326 0.019748
v 0.003132 0.094432 0.019629
v 0.003132 0.093544 0.019462
v 0.003132 0.092665 0.019249
v 0.003132 0.091797 0.018989
v 0.003132 0.090941 0.018684
v 0.003132 0.090101 0.018333
v 0.003132 0.089277 0.017939
v 0.003132 0.088472 0.017501
v 0.003132 0.087688 0.017021
v 0.003132 0.086927 0.016500
v 0.003132 0.086191 0.015939
v 0.003132 0.085480 0.015339
v 0.003132 0.084798 0.014703
v 0.003132 0.084146 0.014032
v 0.003132 0.083524 0.013326
v 0.003132 0.082936 0.012589
v 0.003132 0.082382 0.011821
v 0.003132 0.081863 0.011025
v 0.003132 0.081381 0.010202
v 0.003132 0.080937 0.009354
v 0.003132 0.080532 0.008484
v 0.003132 0.080167 0.007594
v 0.003132 0.079843 0.006685
v 0.003132 0.079560 0.005760
v 0.003132 0.079320 0.004822
v 0.003132 0.079122 0.003871
v 0.003132 0.078968 0.002912
v 0.003132 0.078858 0.001945
v 0.003132 0.078792 0.000974
v 0.003132 0.078770 0.000000
v 0.003132 0.078792 -0.000974
v 0.003132 0.078858 -0.001945
v 0.003132 0.078968 -0.002912
v 0.003132 0.079122 -0.003871
v 0.003132 0.079320 -0.004822
v 0.003132 0.079560 -0.005760
v 0.003132 0.079843 -0.006685
v 0.003132 0.080167 -0.007594
v 0.003132 0.080532 -0.008484
v 0.003132 0.080937 -0.009354
v 0.003132 0.081381 -0.010202
v 0.003132 0.081863 -0.011025
v 0.003132 0.082382 -0.011821
v 0.003132 0.082936 -0.012589
v 0.003132 0.083524 -0.013326
v 0.003132 0.084146 -0.014032
v 0.003132 0.084798 -0.014703
v 0.003132 0.085480 -0.015339
v 0.003132 0.086191 -0.015939
v 0.003132 0.086927 -0.016499
v 0.003132 0.087688 -0.017021
v 0.003132 0.088472 -0.017501
v 0.003132 0.089277 -0.017938
v 0.003132 0.090101 -0.018333
v 0.003132 0.090941 -0.018684
v 0.003132 0.091797 -0.018989
v 0.003132 0.092665 -0.019249
v 0.003132 0.093544 -0.019462
v 0.003132 0.094432 -0.019629
v 0.003132 0.095326 -0.019748
v 0.003132 0.096224 -0.019820
v 0.003132 0.097125 -0.019844
v 0.003132 0.098026 -0.019820
v 0.003132 0.098924 -0.019748
v 0.003132 0.099818 -0.019629
v 0.003132 0.100706 -0.019462
v 0.003132 0.101585 -0.019249
v 0.003132 0.102453 -0.018989
v 0.003132 0.103309 -0.018684
v 0.003132 0.104149 -0.018333
v 0.003132 0.104973 -0.017938
v 0.003132 0.105778 -0.017501
v 0.003132 0.106562 -0.017021
v 0.003132 0.107323 -0.016499
v 0.003132 0.108059 -0.015939
v 0.003132 0.108770 -0.015339
v 0.003132 0.109452 -0.014703
v 0.003132 0.110104 -0.014032
v 0.003132 0.110726 -0.013326
v 0.003132 0.111314 -0.012589
v 0.003132 0.111868 -0.011821
v 0.003132 0.112387 -0.011025
v 0.003132 0.112869 -0.010202
v 0.003132 0.113313 -0.009354
v 0.003132 0.113718 -0.008484
v 0.003132 0.114083 -0.007594
v 0.003132 0.114407 -0.006685
v 0.003132 0.114690 -0.005760
v 0.003132 0.114930 -0.004822
v 0.003132 0.115128 -0.003871
v 0.003132 0.115282 -0.002912
v 0.003132 0.115392 -0.001945
v 0.003132 0.115458 -0.000974
v 0.003055 0.119152 0.000000
v 0.003055 0.119125 0.001168
v 0.003055 0.119045 0.002334
v 0.003055 0.118913 0.003494
v 0.003055 0.118728 0.004646
v 0.003055 0.118491 0.005786
v 0.003055 0.118203 0.006912
v 0.003055 0.117864 0.008022
v 0.003055 0.117475 0.009113
v 0.003055 0.117037 0.010181
v 0.003055 0.116551 0.011225
v 0.003055 0.116018 0.012242
v 0.003055 0.115439 0.013230
v 0.003055 0.114817 0.014185
v 0.003055 0.114152 0.015106
v 0.003055 0.113446 0.015992
v 0.003055 0.112700 0.016838
v 0.003055 0.111917 0.017644
v 0.003055 0.111099 0.018407
v 0.003055 0.110246 0.019126
v 0.003055 0.109362 0.019799
v 0.003055 0.108449 0.020425
v 0.003055 0.107508 0.021001
v 0.003055 0.106543 0.021526
v 0.003055 0.105554 0.022000
v 0.003055 0.104546 0.022421
v 0.003055 0.103519 0.022787
v 0.003055 0.102477 0.023099
v 0.003055 0.101422 0.023355
v 0.003055 0.100357 0.023555
v 0.003055 0.099284 0.023698
v 0.003055 0.098206 0.023784
v 0.003055 0.097125 0.023813
v 0.003055 0.096044 0.023784
v 0.003055 0.094966 0.023698
v 0.003055 0.093893 0.023555
v 0.003055 0.092828 0.023355
v 0.003055 0.091773 0.023099
v 0.003055 0.090731 0.022787
v 0.003055 0.089704 0.022421
v 0.003055 0.088696 0.022000
v 0.003055 0.087707 0.021526
v 0.003055 0.086742 0.021001
v 0.003055 0.085801 0.020425
v 0.003055 0.084888 0.019799
v 0.003055 0.084004 0.019126
v 0.003055 0.083151 0.018407
v 0.003055 0.082333 0.017644
v 0.003055 0.081550 0.016838
v 0.003055 0.080804 0.015992
v 0.003055 0.080098 0.015106
v 0.003055 0.079433 0.014185
v 0.003055 0.078811 0.013230
v 0.003055 0.078232 0.012242
v 0.003055 0.077699 0.011225
v 0.003055 0.077213 0.010181
v 0.003055 0.076775 0.009113
v 0.003055 0.076386 0.008022
v 0.003055 0.076047 0.006912
v 0.003055 0.075759 0.005786
v 0.003055 0.075522 0.004646
v 0.003055 0.075337 0.003494
v 0.003055 0.075205 0.002334
v 0.003055 0.075125 0.001168
v 0.003055 0.075098 0.000000
v 0.003055 0.075125 -0.001168
v 0.003055 0.075205 -0.002334
v 0.003055 0.075337 -0.003494
v 0.003055 0.075522 -0.004646
v 0.003055 0.075759 -0.005786
v 0.003055 0.076047 -0.006912
v 0.003055 0.076386 -0.008022
v 0.003055 0.076775 -0.009113
v 0.003055 0.077213 -0.010181
v 0.003055 0.077699 -0.011225
v 0.003055 0.078232 -0.012242
v 0.003055 0.078811 -0.013229
v 0.003055 0.079433 -0.014185
v 0.003055 0.080098 -0.015106
v 0.003055 0.080804 -0.015992
v 0.003055 0.081550 -0.016838
v 0.003055 0.082333 -0.017644
v 0.003055 0.083151 -0.018407
v 0.003055 0.084004 -0.019126
v 0.003055 0.084888 -0.019799
v 0.003055 0.085801 -0.020425
v 0.003055 0.086742 -0.021001
v 0.003055 0.087707 -0.021526
v 0.003055 0.088696 -0.022000
v 0.003055 0.089704 -0.022421
v 0.003055 0.090731 -0.022787
v 0.003055 0.091773 -0.023099
v 0.003055 0.092828 -0.023355
v 0.003055 0.093893 -0.023555
v 0.003055 0.094966 -0.023698
v 0.003055 0.096044 -0.023784
v 0.003055 0.097125 -0.023812
v 0.003055 0.098206 -0.023784
v 0.003055 0.099284 -0.023698
v 0.003055 0.100357 -0.023555
v 0.003055 0.101422 -0.023355
v 0.003055 0.102477 -0.023099
v 0.003055 0.103519 -0.022787
v 0.003055 0.104546 -0.022421
v 0.003055 0.105554 -0.022000
v 0.003055 0.106543 -0.021526
v 0.003055 0.107508 -0.021001
v 0.003055 0.108449 -0.020425
v 0.003055 0.109362 -0.019799
v 0.003055 0.110246 -0.019126
v 0.003055 0.111099 -0.018407
v 0.003055 0.111917 -0.017644
v 0.003055 0.112700 -0.016838
v 0.003055 0.113446 -0.015992
v 0.003055 0.114152 -0.015106
v 0.003055 0.114817 -0.014185
v 0.003055 0.115439 -0.013229
v 0.003055 0.116018 -0.012242
v 0.003055 0.116551 -0.011225
v 0.003055 0.117037 -0.010181
v 0.003055 0.117475 -0.009113
v 0.003055 0.117864 -0.008022
v 0.003055 0.118203 -0.006912
v 0.003055 0.118491 -0.005786
v 0.003055 0.118728 -0.004646
v 0.003055 0.118913 -0.003494
v 0.003055 0.119045 -0.002334
v 0.003055 0.119125 -0.001168
v 0.002963 0.122823 0.000000
v 0.002963 0.122792 0.001363
v 0.002963 0.122699 0.002723
v 0.002963 0.122545 0.004076
v 0.002963 0.122329 0.005420
v 0.002963 0.122053 0.006750
v 0.002963 0.121716 0.008065
v 0.002963 0.121320 0.009359
v 0.002963 0.120867 0.010631
v 0.002963 0.120355 0.011878
v 0.002963 0.119788 0.013096
v 0.002963 0.119167 0.014282
v 0.002963 0.118492 0.015434
v 0.002963 0.117766 0.016549
v 0.002963 0.116990 0.017624
v 0.002963 0.116166 0.018657
v 0.002963 0.115296 0.019644
v 0.002963 0.114382 0.020585
v 0.002963 0.113427 0.021475
v 0.002963 0.112433 0.022314
v 0.002963 0.111402 0.023099
v 0.002963 0.110336 0.023829
v 0.002963 0.109239 0.024501
v 0.002963 0.108112 0.025114
v 0.002963 0.106959 0.025667
v 0.002963 0.105782 0.026157
v 0.002963 0.104585 0.026585
v 0.002963 0.103369 0.026949
v 0.002963 0.102138 0.027247
v 0.002963 0.100896 0.027481
v 0.002963 0.099644 0.027647
v 0.002963 0.098386 0.027748
v 0.002963 0.097125 0.027781
v 0.002963 0.095864 0.027748
v 0.002963 0.094606 0.027647
v 0.002963 0.093354 0.027481
v 0.002963 0.092112 0.027247
v 0.002963 0.090881 0.026949
v 0.002963 0.089665 0.026585
v 0.002963 0.088468 0.026157
v 0.002963 0.087291 0.025667
v 0.002963 0.086138 0.025114
v 0.002963 0.085011 0.024501
v 0.002963 0.083914 0.023829
v 0.002963 0.082848 0.023099
v 0.002963 0.081817 0.022314
v 0.002963 0.080823 0.021475
v 0.002963 0.079868 0.020585
v 0.002963 0.078954 0.019644
v 0.002963 0.078084 0.018657
v 0.002963 0.077260 0.017624
v 0.002963 0.076484 0.016549
v 0.002963 0.075758 0.015434
v 0.002963 0.075083 0.014282
v 0.002963 0.074462 0.013096
v 0.002963 0.073895 0.011878
v 0.002963 0.073383 0.010631
v 0.002963 0.072930 0.009359
v 0.002963 0.072534 0.008065
v 0.002963 0.072197 0.006750
v 0.002963 0.071921 0.005420
v 0.002963 0.071705 0.004076
v 0.002963 0.071551 0.002723
v 0.002963 0.071458 0.001363
v 0.002963 0.071427 0.000000
v 0.002963 0.071458 -0.001363
v 0.002963 0.071551 -0.002723
v 0.002963 0.071705 -0.004076
v 0.002963 0.071921 -0.005420
v 0.002963 0.072197 -0.006750
v 0.002963 0.072534 -0.008064
v 0.002963 0.072930 -0.009359
v 0.002963 0.073383 -0.010631
v 0.002963 0.073895 -0.011878
v 0.002963 0.074462 -0.013096
v 0.002963 0.075083 -0.014282
v 0.002963 0.075758 -0.015434
v 0.002963 0.076484 -0.016549
v 0.002963 0.077260 -0.017624
v 0.002963 0.078084 -0.018657
v 0.002963 0.078954 -0.019644
v 0.002963 0.079868 -0.020585
v 0.002963 0.080823 -0.021475
v 0.002963 0.081817 -0.022314
v 0.002963 0.082848 -0.023099
v 0.002963 0.083914 -0.023829
v 0.002963 0.085011 -0.024501
v 0.002963 0.086138 -0.025114
v 0.002963 0.087291 -0.025667
v 0.002963 0.088468 -0.026157
v 0.002963 0.089665 -0.026585
v 0.002963 0.090881 -0.026949
v 0.002963 0.092112 -0.027247
v 0.002963 0.093354 -0.027481
v 0.002963 0.094606 -0.027647
v 0.002963 0.095864 -0.027748
v 0.002963 0.097125 -0.027781
v 0.002963 0.098386 -0.027748
v 0.002963 0.099644 -0.027647
v 0.002963 0.100896 -0.027481
v 0.002963 0.102138 -0.027247
v 0.002963 0.103369 -0.026949
v 0.002963 0.104585 -0.026585
v 0.002963 0.105782 -0.026157
v 0.002963 0.106959 -0.025667
v 0.002963 0.108112 -0.025114
v 0.002963 0.109239 -0.024501
v 0.002963 0.110336 -0.023829
v 0.002963 0.111402 -0.023099
v 0.002963 0.112433 -0.022314
v 0.002963 0.113427 -0.021475
v 0.002963 0.114382 -0.020585
v 0.002963 0.115296 -0.019644
v 0.002963 0.116166 -0.018657
v 0.002963 0.116990 -0.017624
v 0.002963 0.117766 -0.016549
v 0.002963 0.118492 -0.015434
v 0.002963 0.119167 -0.014282
v 0.002963 0.119788 -0.013096
v 0.002963 0.120355 -0.011878
v 0.002963 0.120867 -0.010631
v 0.002963 0.121320 -0.009359
v 0.002963 0.121716 -0.008064
v 0.002963 0.122053 -0.006750
v 0.002963 0.122329 -0.005420
v 0.002963 0.122545 -0.004076
v 0.002963 0.122699 -0.002723
v 0.002963 0.122792 -0.001363
v 0.002857 0.126494 0.000000
v 0.002857 0.126458 0.001558
v 0.002857 0.126352 0.003112
v 0.002857 0.126176 0.004659
v 0.002857 0.125929 0.006194
v 0.002857 0.125614 0.007715
v 0.002857 0.125229 0.009217
v 0.002857 0.124777 0.010696
v 0.002857 0.124258 0.012150
v 0.002857 0.123674 0.013575
v 0.002857 0.123026 0.014967
v 0.002857 0.122315 0.016323
v 0.002857 0.121544 0.017639
v 0.002857 0.120714 0.018913
v 0.002857 0.119827 0.020142
v 0.002857 0.118886 0.021322
v 0.002857 0.117892 0.022451
v 0.002857 0.116848 0.023525
v 0.002857 0.115756 0.024543
v 0.002857 0.114620 0.025502
v 0.002857 0.113441 0.026399
v 0.002857 0.112224 0.027233
v 0.002857 0.110969 0.028001
v 0.002857 0.109682 0.028702
v 0.002857 0.108364 0.029333
v 0.002857 0.107019 0.029894
v 0.002857 0.105650 0.030383
v 0.002857 0.104261 0.030798
v 0.002857 0.102855 0.031140
v 0.002857 0.101434 0.031406
v 0.002857 0.100004 0.031597
v 0.002857 0.098566 0.031712
v 0.002857 0.097125 0.031750
v 0.002857 0.095684 0.031712
v 0.002857 0.094246 0.031597
v 0.002857 0.092816 0.031406
v 0.002857 0.091395 0.031140
v 0.002857 0.089989 0.030798
v 0.002857 0.088600 0.030383
v 0.002857 0.087231 0.029894
v 0.002857 0.085886 0.029333
v 0.002857 0.084568 0.028702
v 0.002857 0.083281 0.028001
v 0.002857 0.082026 0.027233
v 0.002857 0.080809 0.026399
v 0.002857 0.079630 0.025502
v 0.002857 0.078494 0.024543
v 0.002857 0.077402 0.023525
v 0.002857 0.076358 0.022451
v 0.002857 0.075364 0.021322
v 0.002857 0.074423 0.020142
v 0.002857 0.073536 0.018913
v 0.002857 0.072706 0.017639
v 0.002857 0.071935 0.016323
v 0.002857 0.071224 0.014967
v 0.002857 0.070576 0.013575
v 0.002857 0.069992 0.012150
v 0.002857 0.069473 0.010696
v 0.002857 0.069021 0.009217
v 0.002857 0.068636 0.007715
v 0.002857 0.068321 0.006194
v 0.002857 0.068074 0.004659
v 0.002857 0.067898 0.003112
v 0.002857 0.067792 0.001558
v 0.002857 0.067756 0.000000
v 0.002857 0.067792 -0.001558
v 0.002857 0.067898 -0.003112
v 0.002857 0.068074 -0.004659
v 0.002857 0.068321 -0.006194
v 0.002857 0.068636 -0.007715
v 0.002857 0.069021 -0.009217
v 0.002857 0.069473 -0.010696
v 0.002857 0.069992 -0.012150
v 0.002857 0.070576 -0.013575
v 0.002857 0.071224 -0.014967
v 0.002857 0.071935 -0.016323
v 0.002857 0.072706 -0.017639
v 0.002857 0.073536 -0.018913
v 0.002857 0.074423 -0.020142
v 0.002857 0.075364 -0.021322
v 0.002857 0.076358 -0.022451
v 0.002857 0.077402 -0.023525
v 0.002857 0.078494 -0.024543
v 0.002857 0.079630 -0.025502
v 0.002857 0.080809 -0.026399
v 0.002857 0.082026 -0.027233
v 0.002857 0.083281 -0.028001
v 0.002857 0.084568 -0.028702
v 0.002857 0.085886 -0.029333
v 0.002857 0.087231 -0.029894
v 0.002857 0.088600 -0.030383
v 0.002857 0.089989 -0.030798
v 0.002857 0.091395 -0.031140
v 0.002857 0.092816 -0.031406
v 0.002857 0.094246 -0.031597
v 0.002857 0.095684 -0.031712
v 0.002857 0.097125 -0.031750
v 0.002857 0.098566 -0.031712
v 0.002857 0.100004 -0.031597
v 0.002857 0.101434 -0.031406
v 0.002857 0.102855 -0.031140
v 0.002857 0.104261 -0.030798
v 0.002857 0.105650 -0.030383
v 0.002857 0.107019 -0.029894
v 0.002857 0.108364 -0.029333
v 0.002857 0.109682 -0.028702
v 0.002857 0.110969 -0.028001
v 0.002857 0.112224 -0.027233
v 0.002857 0.113441 -0.026399
v 0.002857 0.114620 -0.025502
v 0.002857 0.115756 -0.024543
v 0.002857 0.116848 -0.023525
v 0.002857 0.117892 -0.022451
v 0.002857 0.118886 -0.021322
v 0.002857 0.119827 -0.020142
v 0.002857 0.120714 -0.018913
v 0.002857 0.121544 -0.017639
v 0.002857 0.122315 -0.016323
v 0.002857 0.123026 -0.014967
v 0.002857 0.123674 -0.013575
v 0.002857 0.124258 -0.012150
v 0.002857 0.124777 -0.010696
v 0.002857 0.125229 -0.009217
v 0.002857 0.125614 -0.007715
v 0.002857 0.125929 -0.006194
v 0.002857 0.126176 -0.004659
v 0.002857 0.126352 -0.003112
v 0.002857 0.126458 -0.001558
v 0.002738 0.130165 0.000000
v 0.002738 0.130125 0.001753
v 0.002738 0.130006 0.003501
v 0.002738 0.129807 0.005241
v 0.002738 0.129530 0.006968
v 0.002738 0.129175 0.008679
v 0.002738 0.128742 0.010369
v 0.002738 0.128233 0.012033
v 0.002738 0.127650 0.013669
v 0.002738 0.126993 0.015272
v 0.002738 0.126264 0.016838
v 0.002738 0.125464 0.018363
v 0.002738 0.124597 0.019844
v 0.002738 0.123663 0.021278
v 0.002738 0.122665 0.022660
v 0.002738 0.121606 0.023987
v 0.002738 0.120488 0.025257
v 0.002738 0.119313 0.026466
v 0.002738 0.118085 0.027611
v 0.002738 0.116807 0.028690
v 0.002738 0.115481 0.029699
v 0.002738 0.114111 0.030637
v 0.002738 0.112700 0.031501
v 0.002738 0.111251 0.032289
v 0.002738 0.109769 0.033000
v 0.002738 0.108256 0.033631
v 0.002738 0.106716 0.034181
v 0.002738 0.105153 0.034648
v 0.002738 0.103571 0.035032
v 0.002738 0.101973 0.035332
v 0.002738 0.100363 0.035547
v 0.002738 0.098746 0.035676
v 0.002738 0.097125 0.035719
v 0.002738 0.095504 0.035676
v 0.002738 0.093887 0.035547
v 0.002738 0.092277 0.035332
v 0.002738 0.090679 0.035032
v 0.002738 0.089097 0.034648
v 0.002738 0.087534 0.034181
v 0.002738 0.085994 0.033631
v 0.002738 0.084481 0.033000
v 0.002738 0.082999 0.032289
v 0.002738 0.081550 0.031501
v 0.002738 0.080139 0.030637
v 0.002738 0.078769 0.029699
v 0.002738 0.077443 0.028690
v 0.002738 0.076165 0.027611
v 0.002738 0.074937 0.026466
v 0.002738 0.073762 0.025257
v 0.002738 0.072644 0.023987
v 0.002738 0.071585 0.022660
v 0.002738 0.070587 0.021278
v 0.002738 0.069653 0.019844
v 0.002738 0.068786 0.018363
v 0.002738 0.067986 0.016838
v 0.002738 0.067257 0.015272
v 0.002738 0.066600 0.013669
v 0.002738 0.066017 0.012033
v 0.002738 0.065508 0.010369
v 0.002738 0.065075 0.008679
v 0.002738 0.064720 0.006968
v 0.002738 0.064443 0.005241
v 0.002738 0.064244 0.003501
v 0.002738 0.064125 0.001753
v 0.002738 0.064085 0.000000
v 0.002738 0.064125 -0.001753
v 0.002738 0.064244 -0.003501
v 0.002738 0.064443 -0.005241
v 0.002738 0.064720 -0.006968
v 0.002738 0.065075 -0.008679
v 0.002738 0.065508 -0.010369
v 0.002738 0.066017 -0.012033
v 0.002738 0.066600 -0.013669
v 0.002738 0.067257 -0.015272
v 0.002738 0.067986 -0.016838
v 0.002738 0.068786 -0.018363
v 0.002738 0.069653 -0.019844
v 0.002738 0.070587 -0.021278
v 0.002738 0.071585 -0.022660
v 0.002738 0.072644 -0.023987
v 0.002738 0.073762 -0.025257
v 0.002738 0.074937 -0.026466
v 0.002738 0.076165 -0.027611
v 0.002738 0.077443 -0.028690
v 0.002738 0.078769 -0.029699
v 0.002738 0.080139 -0.030637
v 0.002738 0.081550 -0.031501
v 0.002738 0.082999 -0.032289
v 0.002738 0.084481 -0.033000
v 0.002738 0.085994 -0.033631
v 0.002738 0.087534 -0.034181
v 0.002738 0.089097 -0.034648
v 0.002738 0.090679 -0.035032
v 0.002738 0.092277 -0.035332
v 0.002738 0.093887 -0.035547
v 0.002738 0.095504 -0.035676
v 0.002738 0.097125 -0.035719
v 0.002738 0.098746 -0.035676
v 0.002738 0.100363 -0.035547
v 0.002738 0.101973 -0.035332
v 0.002738 0.103571 -0.035032
v 0.002738 0.105153 -0.034648
v 0.002738 0.106716 -0.034181
v 0.002738 0.108256 -0.033631
v 0.002738 0.109769 -0.033000
v 0.002738 0.111251 -0.032289
v 0.002738 0.112700 -0.031501
v 0.002738 0.114111 -0.030637
v 0.002738 0.115481 -0.029699
v 0.002738 0.116807 -0.028690
v 0.002738 0.118085 -0.027611
v 0.002738 0.119313 -0.026466
v 0.002738 0.120488 -0.025257
v 0.002738 0.121606 -0.023987
v 0.002738 0.122665 -0.022660
v 0.002738 0.123663 -0.021278
v 0.002738 0.124597 -0.019844
v 0.002738 0.125464 -0.018363
v 0.002738 0.126264 -0.016838
v 0.002738 0.126993 -0.015272
v 0.002738 0.127650 -0.013669
v 0.002738 0.128233 -0.012033
v 0.002738 0.128742 -0.010369
v 0.002738 0.129175 -0.008679
v 0.002738 0.129530 -0.006968
v 0.002738 0.129807 -0.005241
v 0.002738 0.130006 -0.003501
v 0.002738 0.130125 -0.001753
v 0.002604 0.133836 0.000000
v 0.002604 0.133792 0.001947
v 0.002604 0.133659 0.003890
v 0.002604 0.133439 0.005823
v 0.002604 0.133131 0.007743
v 0.002604 0.132736 0.009643
v 0.002604 0.132255 0.011521
v 0.002604 0.131690 0.013370
v 0.002604 0.131041 0.015188
v 0.002604 0.130311 0.016969
v 0.002604 0.129501 0.018709
v 0.002604 0.128613 0.020403
v 0.002604 0.127649 0.022049
v 0.002604 0.126612 0.023642
v 0.002604 0.125503 0.025177
v 0.002604 0.124326 0.026653
v 0.002604 0.123084 0.028063
v 0.002604 0.121779 0.029406
v 0.002604 0.120414 0.030679
v 0.002604 0.118994 0.031877
v 0.002604 0.117521 0.032999
v 0.002604 0.115998 0.034041
v 0.002604 0.114430 0.035001
v 0.002604 0.112821 0.035877
v 0.002604 0.111174 0.036667
v 0.002604 0.109493 0.037368
v 0.002604 0.107782 0.037979
v 0.002604 0.106045 0.038498
v 0.002604 0.104287 0.038925
v 0.002604 0.102512 0.039258
v 0.002604 0.100723 0.039496
v 0.002604 0.098926 0.039640
v 0.002604 0.097125 0.039688
v 0.002604 0.095324 0.039640
v 0.002604 0.093527 0.039496
v 0.002604 0.091738 0.039258
v 0.002604 0.089963 0.038925
v 0.002604 0.088205 0.038498
v 0.002604 0.086468 0.037979
v 0.002604 0.084757 0.037368
v 0.002604 0.083076 0.036667
v 0.002604 0.081429 0.035877
v 0.002604 0.079820 0.035001
v 0.002604 0.078252 0.034041
v 0.002604 0.076729 0.032999
v 0.002604 0.075256 0.031877
v 0.002604 0.073836 0.030679
v 0.002604 0.072471 0.029406
v 0.002604 0.071166 0.028063
v 0.002604 0.069924 0.026653
v 0.002604 0.068747 0.025177
v 0.002604 0.067639 0.023642
v 0.002604 0.066601 0.022049
v 0.002604 0.065637 0.020403
v 0.002604 0.064749 0.018709
v 0.002604 0.063939 0.016969
v 0.002604 0.063209 0.015188
v 0.002604 0.062560 0.013370
v 0.002604 0.061995 0.011521
v 0.002604 0.061514 0.009643
v 0.002604 0.061119 0.007743
v 0.002604 0.060811 0.005823
v 0.002604 0.060591 0.003890
v 0.002604 0.060458 0.001947
v 0.002604 0.060414 0.000000
v 0.002604 0.060458 -0.001947
v 0.002604 0.060591 -0.003890
v 0.002604 0.060811 -0.005823
v 0.002604 0.061119 -0.007743
v 0.002604 0.061514 -0.009643
v 0.002604 0.061995 -0.011521
v 0.002604 0.062560 -0.013370
v 0.002604 0.063209 -0.015188
v 0.002604 0.063939 -0.016969
v 0.002604 0.064749 -0.018709
v 0.002604 0.065637 -0.020403
v 0.002604 0.066601 -0.022049
v 0.002604 0.067639 -0.023642
v 0.002604 0.068747 -0.025177
v 0.002604 0.069924 -0.026652
v 0.002604 0.071166 -0.028063
v 0.002604 0.072471 -0.029406
v 0.002604 0.073836 -0.030679
v 0.002604 0.075256 -0.031877
v 0.002604 0.076729 -0.032999
v 0.002604 0.078252 -0.034041
v 0.002604 0.079820 -0.035001
v 0.002604 0.081429 -0.035877
v 0.002604 0.083076 -0.036666
v 0.002604 0.084757 -0.037368
v 0.002604 0.086468 -0.037979
v 0.002604 0.088205 -0.038498
v 0.002604 0.089963 -0.038925
v 0.002604 0.091738 -0.039258
v 0.002604 0.093527 -0.039496
v 0.002604 0.095324 -0.039640
v 0.002604 0.097125 -0.039687
v 0.002604 0.098926 -0.039640
v 0.002604 0.100723 -0.039496
v 0.002604 0.102512 -0.039258
v 0.002604 0.104287 -0.038925
v 0.002604 0.106045 -0.038498
v 0.002604 0.107782 -0.037979
v 0.002604 0.109493 -0.037368
v 0.002604 0.111174 -0.036666
v 0.002604 0.112821 -0.035877
v 0.002604 0.114430 -0.035001
v 0.002604 0.115998 -0.034041
v 0.002604 0.117521 -0.032999
v 0.002604 0.118994 -0.031877
v 0.002604 0.120414 -0.030679
v 0.002604 0.121779 -0.029406
v 0.002604 0.123084 -0.028063
v 0.002604 0.124326 -0.026652
v 0.002604 0.125503 -0.025177
v 0.002604 0.126612 -0.023642
v 0.002604 0.127649 -0.022049
v 0.002604 0.128613 -0.020403
v 0.002604 0.129501 -0.018709
v 0.002604 0.130311 -0.016969
v 0.002604 0.131041 -0.015188
v 0.002604 0.131690 -0.013370
v 0.002604 0.132255 -0.011521
v 0.002604 0.132736 -0.009643
v 0.002604 0.133131 -0.007743
v 0.002604 0.133439 -0.005823
v 0.002604 0.133659 -0.003890
v 0.002604 0.133792 -0.001947
v 0.002456 0.137507 0.000000
v 0.002456 0.137458 0.002142
v 0.002456 0.137313 0.004279
v 0.002456 0.137070 0.006406
v 0.002456 0.136731 0.008517
v 0.002456 0.136297 0.010608
v 0.002456 0.135768 0.012673
v 0.002456 0.135146 0.014707
v 0.002456 0.134433 0.016707
v 0.002456 0.133630 0.018665
v 0.002456 0.132739 0.020579
v 0.002456 0.131762 0.022444
v 0.002456 0.130701 0.024254
v 0.002456 0.129560 0.026006
v 0.002456 0.128341 0.027695
v 0.002456 0.127046 0.029318
v 0.002456 0.125679 0.030870
v 0.002456 0.124244 0.032347
v 0.002456 0.122743 0.033747
v 0.002456 0.121181 0.035065
v 0.002456 0.119560 0.036299
v 0.002456 0.117886 0.037445
v 0.002456 0.116161 0.038501
v 0.002456 0.114391 0.039465
v 0.002456 0.112579 0.040333
v 0.002456 0.110729 0.041104
v 0.002456 0.108847 0.041776
v 0.002456 0.106937 0.042348
v 0.002456 0.105003 0.042817
v 0.002456 0.103050 0.043184
v 0.002456 0.101083 0.043446
v 0.002456 0.099106 0.043604
v 0.002456 0.097125 0.043656
v 0.002456 0.095144 0.043604
v 0.002456 0.093167 0.043446
v 0.002456 0.091200 0.043184
v 0.002456 0.089247 0.042817
v 0.002456 0.087313 0.042348
v 0.002456 0.085403 0.041776
v 0.002456 0.083521 0.041104
v 0.002456 0.081671 0.040333
v 0.002456 0.079859 0.039465
v 0.002456 0.078089 0.038501
v 0.002456 0.076364 0.037445
v 0.002456 0.074690 0.036299
v 0.002456 0.073069 0.035065
v 0.002456 0.071507 0.033747
v 0.002456 0.070006 0.032347
v 0.002456 0.068571 0.030870
v 0.002456 0.067204 0.029318
v 0.002456 0.065909 0.027695
v 0.002456 0.064690 0.026006
v 0.002456 0.063549 0.024254
v 0.002456 0.062488 0.022444
v 0.002456 0.061511 0.020579
v 0.002456 0.060620 0.018665
v 0.002456 0.059817 0.016707
v 0.002456 0.059104 0.014707
v 0.002456 0.058482 0.012673
v 0.002456 0.057953 0.010608
v 0.002456 0.057519 0.008517
v 0.002456 0.057180 0.006406
v 0.002456 0.056937 0.004279
v 0.002456 0.056792 0.002142
v 0.002456 0.056743 0.000000
v 0.002456 0.056792 -0.002142
v 0.002456 0.056937 -0.004279
v 0.002456 0.057180 -0.006406
v 0.002456 0.057519 -0.008517
v 0.002456 0.057953 -0.010608
v 0.002456 0.058482 -0.012673
v 0.002456 0.059104 -0.014707
v 0.002456 0.059817 -0.016707
v 0.002456 0.060620 -0.018665
v 0.002456 0.061511 -0.020579
v 0.002456 0.062488 -0.022444
v 0.002456 0.063549 -0.024254
v 0.002456 0.064690 -0.026006
v 0.002456 0.065909 -0.027695
v 0.002456 0.067204 -0.029318
v 0.002456 0.068571 -0.030870
v 0.002456 0.070006 -0.032347
v 0.002456 0.071507 -0.033747
v 0.002456 0.073069 -0.035065
v 0.002456 0.074690 -0.036299
v 0.002456 0.076364 -0.037445
v 0.002456 0.078089 -0.038501
v 0.002456 0.079859 -0.039465
v 0.002456 0.081671 -0.040333
v 0.002456 0.083521 -0.041104
v 0.002456 0.085403 -0.041776
v 0.002456 0.087313 -0.042348
v 0.002456 0.089247 -0.042817
v 0.002456 0.091200 -0.043184
v 0.002456 0.093167 -0.043446
v 0.002456 0.095144 -0.043604
v 0.002456 0.097125 -0.043656
v 0.002456 0.099106 -0.043604
v 0.002456 0.101083 -0.043446
v 0.002456 0.103050 -0.043184
v 0.002456 0.105003 -0.042817
v 0.002456 0.106937 -0.042348
v 0.002456 0.108847 -0.041776
v 0.002456 0.110729 -0.041104
v 0.002456 0.112579 -0.040333
v 0.002456 0.114391 -0.039465
v 0.002456 0.116161 -0.038501
v 0.002456 0.117886 -0.037445
v 0.002456 0.119560 -0.036299
v 0.002456 0.121181 -0.035065
v 0.002456 0.122743 -0.033747
v 0.002456 0.124244 -0.032347
v 0.002456 0.125679 -0.030870
v 0.002456 0.127046 -0.029318
v 0.002456 0.128341 -0.027695
v 0.002456 0.129560 -0.026006
v 0.002456 0.130701 -0.024254
v 0.002456 0.131762 -0.022444
v 0.002456 0.132739 -0.020579
v 0.002456 0.133630 -0.018665
v 0.002456 0.134433 -0.016707
v 0.002456 0.135146 -0.014707
v 0.002456 0.135768 -0.012673
v 0.002456 0.136297 -0.010608
v 0.002456 0.136731 -0.008517
v 0.002456 0.137070 -0.006406
v 0.002456 0.137313 -0.004279
v 0.002456 0.137458 -0.002142
v 0.002293 0.141178 0.000000
v 0.002293 0.141125 0.002337
v 0.002293 0.140966 0.004668
v 0.002293 0.140701 0.006988
v 0.002293 0.140332 0.009291
v 0.002293 0.139858 0.011572
v 0.002293 0.139281 0.013825
v 0.002293 0.138603 0.016044
v 0.002293 0.137825 0.018225
v 0.002293 0.136949 0.020362
v 0.002293 0.135976 0.022450
v 0.002293 0.134911 0.024484
v 0.002293 0.133754 0.026459
v 0.002293 0.132509 0.028370
v 0.002293 0.131179 0.030213
v 0.002293 0.129766 0.031983
v 0.002293 0.128275 0.033676
v 0.002293 0.126709 0.035288
v 0.002293 0.125072 0.036815
v 0.002293 0.123367 0.038253
v 0.002293 0.121600 0.039599
v 0.002293 0.119773 0.040849
v 0.002293 0.117892 0.042002
v 0.002293 0.115960 0.043052
v 0.002293 0.113983 0.044000
v 0.002293 0.111966 0.044841
v 0.002293 0.109913 0.045574
v 0.002293 0.107829 0.046198
v 0.002293 0.105719 0.046710
v 0.002293 0.103589 0.047110
v 0.002293 0.101443 0.047396
v 0.002293 0.099287 0.047568
v 0.002293 0.097125 0.047625
v 0.002293 0.094963 0.047568
v 0.002293 0.092807 0.047396
v 0.002293 0.090661 0.047110
v 0.002293 0.088531 0.046710
v 0.002293 0.086421 0.046198
v 0.002293 0.084337 0.045574
v 0.002293 0.082284 0.044841
v 0.002293 0.080267 0.044000
v 0.002293 0.078290 0.043052
v 0.002293 0.076358 0.042002
v 0.002293 0.074477 0.040849
v 0.002293 0.072650 0.039599
v 0.002293 0.070883 0.038253
v 0.002293 0.069178 0.036815
v 0.002293 0.067541 0.035288
v 0.002293 0.065975 0.033676
v 0.002293 0.064484 0.031983
v 0.002293 0.063071 0.030213
v 0.002293 0.061741 0.028370
v 0.002293 0.060496 0.026459
v 0.002293 0.059339 0.024484
v 0.002293 0.058274 0.022450
v 0.002293 0.057301 0.020362
v 0.002293 0.056425 0.018225
v 0.002293 0.055647 0.016044
v 0.002293 0.054969 0.013825
v 0.002293 0.054392 0.011572
v 0.002293 0.053918 0.009291
v 0.002293 0.053549 0.006988
v 0.002293 0.053284 0.004668
v 0.002293 0.053125 0.002337
v 0.002293 0.053072 0.000000
v 0.002293 0.053125 -0.002337
v 0.002293 0.053284 -0.004668
v 0.002293 0.053549 -0.006988
v 0.002293 0.053918 -0.009291
v 0.002293 0.054392 -0.011572
v 0.002293 0.054969 -0.013825
v 0.002293 0.055647 -0.016044
v 0.002293 0.056425 -0.018225
v 0.002293 0.057301 -0.020362
v 0.002293 0.058274 -0.022450
v 0.002293 0.059339 -0.024484
v 0.002293 0.060496 -0.026459
v 0.002293 0.061741 -0.028370
v 0.002293 0.063071 -0.030213
v 0.002293 0.064484 -0.031983
v 0.002293 0.065975 -0.033676
v 0.002293 0.067541 -0.035288
v 0.002293 0.069178 -0.036815
v 0.002293 0.070883 -0.038253
v 0.002293 0.072650 -0.039599
v 0.002293 0.074477 -0.040849
v 0.002293 0.076358 -0.042001
v 0.002293 0.078290 -0.043052
v 0.002293 0.080267 -0.044000
v 0.002293 0.082284 -0.044841
v 0.002293 0.084337 -0.045574
v 0.002293 0.086421 -0.046198
v 0.002293 0.088531 -0.046710
v 0.002293 0.090661 -0.047110
v 0.002293 0.092807 -0.047396
v 0.002293 0.094963 -0.047568
v 0.002293 0.097125 -0.047625
v 0.002293 0.099287 -0.047568
v 0.002293 0.101443 -0.047396
v 0.002293 0.103589 -0.047110
v 0.002293 0.105719 -0.046710
v 0.002293 0.107829 -0.046198
v 0.002293 0.109913 -0.045574
v 0.002293 0.111966 -0.044841
v 0.002293 0.113983 -0.044000
v 0.002293 0.115960 -0.043052
v 0.002293 0.117892 -0.042001
v 0.002293 0.119773 -0.040849
v 0.002293 0.121600 -0.039599
v 0.002293 0.123367 -0.038253
v 0.002293 0.125072 -0.036815
v 0.002293 0.126709 -0.035288
v 0.002293 0.128275 -0.033676
v 0.002293 0.129766 -0.031983
v 0.002293 0.131179 -0.030213
v 0.002293 0.132509 -0.028370
v 0.002293 0.133754 -0.026459
v 0.002293 0.134911 -0.024484
v 0.002293 0.135976 -0.022450
v 0.002293 0.136949 -0.020362
v 0.002293 0.137825 -0.018225
v 0.002293 0.138603 -0.016044
v 0.002293 0.139281 -0.013825
v 0.002293 0.139858 -0.011572
v 0.002293 0.140332 -0.009291
v 0.002293 0.140701 -0.006988
v 0.002293 0.140966 -0.004668
v 0.002293 0.141125 -0.002337
v 0.002117 0.144849 0.000000
v 0.002117 0.144792 0.002532
v 0.002117 0.144619 0.005057
v 0.002117 0.144333 0.007570
v 0.002117 0.143932 0.010065
v 0.002117 0.143419 0.012536
v 0.002117 0.142794 0.014977
v 0.002117 0.142059 0.017381
v 0.002117 0.141216 0.019744
v 0.002117 0.140267 0.022059
v 0.002117 0.139214 0.024321
v 0.002117 0.138059 0.026524
v 0.002117 0.136806 0.028664
v 0.002117 0.135457 0.030734
v 0.002117 0.134016 0.032731
v 0.002117 0.132486 0.034648
v 0.002117 0.130871 0.036482
v 0.002117 0.129175 0.038228
v 0.002117 0.127401 0.039883
v 0.002117 0.125554 0.041440
v 0.002117 0.123639 0.042899
v 0.002117 0.121660 0.044253
v 0.002117 0.119622 0.045502
v 0.002117 0.117530 0.046640
v 0.002117 0.115388 0.047666
v 0.002117 0.113203 0.048578
v 0.002117 0.110979 0.049372
v 0.002117 0.108721 0.050048
v 0.002117 0.106436 0.050602
v 0.002117 0.104128 0.051035
v 0.002117 0.101803 0.051345
v 0.002117 0.099467 0.051532
v 0.002117 0.097125 0.051594
v 0.002117 0.094783 0.051532
v 0.002117 0.092447 0.051345
v 0.002117 0.090122 0.051035
v 0.002117 0.087814 0.050602
v 0.002117 0.085529 0.050048
v 0.002117 0.083271 0.049372
v 0.002117 0.081047 0.048578
v 0.002117 0.078862 0.047666
v 0.002117 0.076720 0.046640
v 0.002117 0.074628 0.045502
v 0.002117 0.072590 0.044253
v 0.002117 0.070611 0.042899
v 0.002117 0.068696 0.041440
v 0.002117 0.066849 0.039883
v 0.002117 0.065075 0.038228
v 0.002117 0.063379 0.036482
v 0.002117 0.061764 0.034648
v 0.002117 0.060234 0.032731
v 0.002117 0.058793 0.030734
v 0.002117 0.057444 0.028664
v 0.002117 0.056191 0.026524
v 0.002117 0.055036 0.024321
v 0.002117 0.053983 0.022059
v 0.002117 0.053034 0.019744
v 0.002117 0.052191 0.017381
v 0.002117 0.051456 0.014977
v 0.002117 0.050831 0.012536
v 0.002117 0.050318 0.010065
v 0.002117 0.049917 0.007570
v 0.002117 0.049631 0.005057
v 0.002117 0.049458 0.002532
v 0.002117 0.049401 0.000000
v 0.002117 0.049458 -0.002532
v 0.002117 0.049631 -0.005057
v 0.002117 0.049917 -0.007570
v 0.002117 0.050318 -0.010065
v 0.002117 0.050831 -0.012536
v 0.002117 0.051456 -0.014977
v 0.002117 0.052191 -0.017381
v 0.002117 0.053034 -0.019744
v 0.002117 0.053983 -0.022059
v 0.002117 0.055036 -0.024321
v 0.002117 0.056191 -0.026524
v 0.002117 0.057444 -0.028664
v 0.002117 0.058793 -0.030734
v 0.002117 0.060234 -0.032731
v 0.002117 0.061764 -0.034648
v 0.002117 0.063379 -0.036482
v 0.002117 0.065075 -0.038228
v 0.002117 0.066849 -0.039882
v 0.002117 0.068696 -0.041440
v 0.002117 0.070611 -0.042899
v 0.002117 0.072590 -0.044253
v 0.002117 0.074628 -0.045502
v 0.002117 0.076720 -0.046640
v 0.002117 0.078862 -0.047666
v 0.002117 0.081047 -0.048578
v 0.002117 0.083271 -0.049372
v 0.002117 0.085529 -0.050048
v 0.002117 0.087814 -0.050602
v 0.002117 0.090122 -0.051035
v 0.002117 0.092447 -0.051345
v 0.002117 0.094783 -0.051532
v 0.002117 0.097125 -0.051594
v 0.002117 0.099467 -0.051532
v 0.002117 0.101803 -0.051345
v 0.002117 0.104128 -0.051035
v 0.002117 0.106436 -0.050602
v 0.002117 0.108721 -0.050048
v 0.002117 0.110979 -0.049372
v 0.002117 0.113203 -0.048578
v 0.002117 0.115388 -0.047666
v 0.002117 0.117530 -0.046640
v 0.002117 0.119622 -0.045502
v 0.002117 0.121660 -0.044253
v 0.002117 0.123639 -0.042899
v 0.002117 0.125554 -0.041440
v 0.002117 0.127401 -0.039882
v 0.002117 0.129175 -0.038228
v 0.002117 0.130871 -0.036482
v 0.002117 0.132486 -0.034648
v 0.002117 0.134016 -0.032731
v 0.002117 0.135457 -0.030734
v 0.002117 0.136806 -0.028664
v 0.002117 0.138059 -0.026524
v 0.002117 0.139214 -0.024321
v 0.002117 0.140267 -0.022059
v 0.002117 0.141216 -0.019744
v 0.002117 0.142059 -0.017381
v 0.002117 0.142794 -0.014977
v 0.002117 0.143419 -0.012536
v 0.002117 0.143932 -0.010065
v 0.002117 0.144333 -0.007570
v 0.002117 0.144619 -0.005057
v 0.002117 0.144792 -0.002532
v 0.001927 0.148520 0.000000
v 0.001927 0.148458 0.002726
v 0.001927 0.148273 0.005446
v 0.001927 0.147964 0.008153
v 0.001927 0.147533 0.010840
v 0.001927 0.146980 0.013501
v 0.001927 0.146307 0.016129
v 0.001927 0.145516 0.018718
v 0.001927 0.144608 0.021263
v 0.001927 0.143586 0.023756
v 0.001927 0.142452 0.026192
v 0.001927 0.141208 0.028565
v 0.001927 0.139859 0.030869
v 0.001927 0.138406 0.033099
v 0.001927 0.136854 0.035249
v 0.001927 0.135206 0.037314
v 0.001927 0.133467 0.039289
v 0.001927 0.131640 0.041169
v 0.001927 0.129730 0.042950
v 0.001927 0.127741 0.044628
v 0.001927 0.125679 0.046199
v 0.001927 0.123547 0.047658
v 0.001927 0.121353 0.049002
v 0.001927 0.119099 0.050228
v 0.001927 0.116793 0.051333
v 0.001927 0.114440 0.052315
v 0.001927 0.112044 0.053170
v 0.001927 0.109613 0.053897
v 0.001927 0.107152 0.054495
v 0.001927 0.104666 0.054961
v 0.001927 0.102163 0.055295
v 0.001927 0.099647 0.055496
v 0.001927 0.097125 0.055563
v 0.001927 0.094603 0.055496
v 0.001927 0.092087 0.055295
v 0.001927 0.089584 0.054961
v 0.001927 0.087098 0.054495
v 0.001927 0.084637 0.053897
v 0.001927 0.082206 0.053170
v 0.001927 0.079810 0.052315
v 0.001927 0.077457 0.051333
v 0.001927 0.075151 0.050228
v 0.001927 0.072897 0.049002
v 0.001927 0.070703 0.047658
v 0.001927 0.068571 0.046199
v 0.001927 0.066509 0.044628
v 0.001927 0.064520 0.042950
v 0.001927 0.062610 0.041169
v 0.001927 0.060783 0.039289
v 0.001927 0.059044 0.037314
v 0.001927 0.057396 0.035249
v 0.001927 0.055844 0.033099
v 0.001927 0.054391 0.030869
v 0.001927 0.053042 0.028565
v 0.001927 0.051798 0.026192
v 0.001927 0.050664 0.023756
v 0.001927 0.049642 0.021263
v 0.001927 0.048734 0.018718
v 0.001927 0.047943 0.016129
v 0.001927 0.047270 0.013501
v 0.001927 0.046717 0.010840
v 0.001927 0.046286 0.008153
v 0.001927 0.045977 0.005446
v 0.001927 0.045792 0.002726
v 0.001927 0.045730 0.000000
v 0.001927 0.045792 -0.002726
v 0.001927 0.045977 -0.005446
v 0.001927 0.046286 -0.008153
v 0.001927 0.046717 -0.010840
v 0.001927 0.047270 -0.013501
v 0.001927 0.047943 -0.016129
v 0.001927 0.048734 -0.018718
v 0.001927 0.049642 -0.021263
v 0.001927 0.050664 -0.023756
v 0.001927 0.051798 -0.026192
v 0.001927 0.053042 -0.028565
v 0.001927 0.054391 -0.030869
v 0.001927 0.055844 -0.033099
v 0.001927 0.057396 -0.035248
v 0.001927 0.059044 -0.037313
v 0.001927 0.060783 -0.039289
v 0.001927 0.062610 -0.041169
v 0.001927 0.064520 -0.042950
v 0.001927 0.066509 -0.044628
v 0.001927 0.068571 -0.046198
v 0.001927 0.070703 -0.047658
v 0.001927 0.072897 -0.049002
v 0.001927 0.075151 -0.050228
v 0.001927 0.077457 -0.051333
v 0.001927 0.079810 -0.052315
v 0.001927 0.082206 -0.053170
v 0.001927 0.084637 -0.053897
v 0.001927 0.087098 -0.054495
v 0.001927 0.089584 -0.054961
v 0.001927 0.092087 -0.055295
v 0.001927 0.094603 -0.055496
v 0.001927 0.097125 -0.055562
v 0.001927 0.099647 -0.055496
v 0.001927 0.102163 -0.055295
v 0.001927 0.104666 -0.054961
v 0.001927 0.107152 -0.054495
v 0.001927 0.109613 -0.053897
v 0.001927 0.112044 -0.053170
v 0.001927 0.114440 -0.052315
v 0.001927 0.116793 -0.051333
v 0.001927 0.119099 -0.050228
v 0.001927 0.121353 -0.049002
v 0.001927 0.123547 -0.047658
v 0.001927 0.125679 -0.046198
v 0.001927 0.127741 -0.044628
v 0.001927 0.129730 -0.042950
v 0.001927 0.131640 -0.041169
v 0.001927 0.133467 -0.039289
v 0.001927 0.135206 -0.037313
v 0.001927 0.136854 -0.035248
v 0.001927 0.138406 -0.033099
v 0.001927 0.139859 -0.030869
v 0.001927 0.141208 -0.028565
v 0.001927 0.142452 -0.026192
v 0.001927 0.143586 -0.023756
v 0.001927 0.144608 -0.021263
v 0.001927 0.145516 -0.018718
v 0.001927 0.146307 -0.016129
v 0.001927 0.146980 -0.013501
v 0.001927 0.147533 -0.010840
v 0.001927 0.147964 -0.008153
v 0.001927 0.148273 -0.005446
v 0.001927 0.148458 -0.002726
v 0.001722 0.152191 0.000000
v 0.001722 0.152125 0.002921
v 0.001722 0.151926 0.005835
v 0.001722 0.151595 0.008735
v 0.001722 0.151133 0.011614
v 0.001722 0.150541 0.014465
v 0.001722 0.149820 0.017281
v 0.001722 0.148972 0.020055
v 0.001722 0.148000 0.022782
v 0.001722 0.146904 0.025453
v 0.001722 0.145689 0.028063
v 0.001722 0.144357 0.030605
v 0.001722 0.142911 0.033074
v 0.001722 0.141355 0.035463
v 0.001722 0.139692 0.037766
v 0.001722 0.137927 0.039979
v 0.001722 0.136063 0.042095
v 0.001722 0.134105 0.044110
v 0.001722 0.132059 0.046018
v 0.001722 0.129928 0.047816
v 0.001722 0.127718 0.049498
v 0.001722 0.125435 0.051062
v 0.001722 0.123083 0.052502
v 0.001722 0.120669 0.053816
v 0.001722 0.118198 0.055000
v 0.001722 0.115676 0.056051
v 0.001722 0.113110 0.056968
v 0.001722 0.110505 0.057747
v 0.001722 0.107868 0.058387
v 0.001722 0.105205 0.058887
v 0.001722 0.102522 0.059245
v 0.001722 0.099827 0.059460
v 0.001722 0.097125 0.059531
v 0.001722 0.094423 0.059460
v 0.001722 0.091728 0.059245
v 0.001722 0.089045 0.058887
v 0.001722 0.086382 0.058387
v 0.001722 0.083745 0.057747
v 0.001722 0.081140 0.056968
v 0.001722 0.078574 0.056051
v 0.001722 0.076052 0.055000
v 0.001722 0.073581 0.053816
v 0.001722 0.071167 0.052502
v 0.001722 0.068815 0.051062
v 0.001722 0.066532 0.049498
v 0.001722 0.064322 0.047816
v 0.001722 0.062191 0.046018
v 0.001722 0.060145 0.044110
v 0.001722 0.058187 0.042095
v 0.001722 0.056323 0.039979
v 0.001722 0.054558 0.037766
v 0.001722 0.052895 0.035463
v 0.001722 0.051339 0.033074
v 0.001722 0.049893 0.030605
v 0.001722 0.048561 0.028063
v 0.001722 0.047346 0.025453
v 0.001722 0.046250 0.022782
v 0.001722 0.045278 0.020055
v 0.001722 0.044430 0.017281
v 0.001722 0.043709 0.014465
v 0.001722 0.043117 0.011614
v 0.001722 0.042655 0.008735
v 0.001722 0.042324 0.005835
v 0.001722 0.042125 0.002921
v 0.001722 0.042059 0.000000
v 0.001722 0.042125 -0.002921
v 0.001722 0.042324 -0.005835
v 0.001722 0.042655 -0.008735
v 0.001722 0.043117 -0.011614
v 0.001722 0.043709 -0.014465
v 0.001722 0.044430 -0.017281
v 0.001722 0.045278 -0.020055
v 0.001722 0.046250 -0.022782
v 0.001722 0.047346 -0.025453
v 0.001722 0.048561 -0.028063
v 0.001722 0.049893 -0.030605
v 0.001722 0.051339 -0.033074
v 0.001722 0.052895 -0.035463
v 0.001722 0.054558 -0.037766
v 0.001722 0.056323 -0.039979
v 0.001722 0.058187 -0.042095
v 0.001722 0.060145 -0.044110
v 0.001722 0.062191 -0.046018
v 0.001722 0.064322 -0.047816
v 0.001722 0.066532 -0.049498
v 0.001722 0.068815 -0.051062
v 0.001722 0.071167 -0.052502
v 0.001722 0.073581 -0.053816
v 0.001722 0.076052 -0.055000
v 0.001722 0.078574 -0.056051
v 0.001722 0.081140 -0.056968
v 0.001722 0.083745 -0.057747
v 0.001722 0.086382 -0.058387
v 0.001722 0.089045 -0.058887
v 0.001722 0.091728 -0.059245
v 0.001722 0.094423 -0.059460
v 0.001722 0.097125 -0.059531
v 0.001722 0.099827 -0.059460
v 0.001722 0.102522 -0.059245
v 0.001722 0.105205 -0.058887
v 0.001722 0.107868 -0.058387
v 0.001722 0.110505 -0.057747
v 0.001722 0.113110 -0.056968
v 0.001722 0.115676 -0.056051
v 0.001722 0.118198 -0.055000
v 0.001722 0.120669 -0.053816
v 0.001722 0.123083 -0.052502
v 0.001722 0.125435 -0.051062
v 0.001722 0.127718 -0.049498
v 0.001722 0.129928 -0.047816
v 0.001722 0.132059 -0.046018
v 0.001722 0.134105 -0.044110
v 0.001722 0.136063 -0.042095
v 0.001722 0.137927 -0.039979
v 0.001722 0.139692 -0.037766
v 0.001722 0.141355 -0.035463
v 0.001722 0.142911 -0.033074
v 0.001722 0.144357 -0.030605
v 0.001722 0.145689 -0.028063
v 0.001722 0.146904 -0.025453
v 0.001722 0.148000 -0.022782
v 0.001722 0.148972 -0.020055
v 0.001722 0.149820 -0.017281
v 0.001722 0.150541 -0.014465
v 0.001722 0.151133 -0.011614
v 0.001722 0.151595 -0.008735
v 0.001722 0.151926 -0.005835
v 0.001722 0.152125 -0.002921
v 0.001504 0.155863 0.000000
v 0.001504 0.155792 0.003116
v 0.001504 0.155580 0.006224
v 0.001504 0.155227 0.009317
v 0.001504 0.154734 0.012388
v 0.001504 0.154102 0.015429
v 0.001504 0.153333 0.018433
v 0.001504 0.152429 0.021393
v 0.001504 0.151391 0.024300
v 0.001504 0.150223 0.027150
v 0.001504 0.148927 0.029934
v 0.001504 0.147506 0.032646
v 0.001504 0.145963 0.035279
v 0.001504 0.144303 0.037827
v 0.001504 0.142530 0.040284
v 0.001504 0.140647 0.042644
v 0.001504 0.138659 0.044901
v 0.001504 0.136571 0.047050
v 0.001504 0.134388 0.049086
v 0.001504 0.132115 0.051004
v 0.001504 0.129758 0.052798
v 0.001504 0.127322 0.054466
v 0.001504 0.124814 0.056002
v 0.001504 0.122239 0.057403
v 0.001504 0.119603 0.058666
v 0.001504 0.116913 0.059788
v 0.001504 0.114176 0.060766
v 0.001504 0.111397 0.061597
v 0.001504 0.108584 0.062280
v 0.001504 0.105744 0.062813
v 0.001504 0.102882 0.063194
v 0.001504 0.100007 0.063424
v 0.001504 0.097125 0.063500
v 0.001504 0.094243 0.063424
v 0.001504 0.091368 0.063194
v 0.001504 0.088506 0.062813
v 0.001504 0.085666 0.062280
v 0.001504 0.082853 0.061597
v 0.001504 0.080074 0.060766
v 0.001504 0.077337 0.059788
v 0.001504 0.074647 0.058666
v 0.001504 0.072011 0.057403
v 0.001504 0.069436 0.056002
v 0.001504 0.066928 0.054466
v 0.001504 0.064492 0.052798
v 0.001504 0.062135 0.051004
v 0.001504 0.059862 0.049086
v 0.001504 0.057679 0.047050
v 0.001504 0.055591 0.044901
v 0.001504 0.053603 0.042644
v 0.001504 0.051720 0.040284
v 0.001504 0.049947 0.037827
v 0.001504 0.048287 0.035279
v 0.001504 0.046744 0.032646
v 0.001504 0.045323 0.029934
v 0.001504 0.044027 0.027150
v 0.001504 0.042859 0.024300
v 0.001504 0.041821 0.021393
v 0.001504 0.040917 0.018433
v 0.001504 0.040148 0.015429
v 0.001504 0.039516 0.012388
v 0.001504 0.039023 0.009317
v 0.001504 0.038670 0.006224
v 0.001504 0.038458 0.003116
v 0.001504 0.038387 0.000000
v 0.001504 0.038458 -0.003116
v 0.001504 0.038670 -0.006224
v 0.001504 0.039023 -0.009317
v 0.001504 0.039516 -0.012388
v 0.001504 0.040148 -0.015429
v 0.001504 0.040917 -0.018433
v 0.001504 0.041821 -0.021392
v 0.001504 0.042859 -0.024300
v 0.001504 0.044027 -0.027150
v 0.001504 0.045323 -0.029934
v 0.001504 0.046744 -0.032646
v 0.001504 0.048287 -0.035279
v 0.001504 0.049947 -0.037827
v 0.001504 0.051720 -0.040284
v 0.001504 0.053603 -0.042644
v 0.001504 0.055591 -0.044901
v 0.001504 0.057679 -0.047050
v 0.001504 0.059862 -0.049086
v 0.001504 0.062135 -0.051004
v 0.001504 0.064492 -0.052798
v 0.001504 0.066928 -0.054466
v 0.001504 0.069436 -0.056002
v 0.001504 0.072011 -0.057403
v 0.001504 0.074647 -0.058666
v 0.001504 0.077337 -0.059788
v 0.001504 0.080074 -0.060766
v 0.001504 0.082853 -0.061597
v 0.001504 0.085666 -0.062280
v 0.001504 0.088506 -0.062813
v 0.001504 0.091368 -0.063194
v 0.001504 0.094243 -0.063424
v 0.001504 0.097125 -0.063500
v 0.001504 0.100007 -0.063424
v 0.001504 0.102882 -0.063194
v 0.001504 0.105744 -0.062813
v 0.001504 0.108584 -0.062280
v 0.001504 0.111397 -0.061597
v 0.001504 0.114176 -0.060766
v 0.001504 0.116913 -0.059788
v 0.001504 0.119603 -0.058666
v 0.001504 0.122239 -0.057403
v 0.001504 0.124814 -0.056002
v 0.001504 0.127322 -0.054466
v 0.001504 0.129758 -0.052798
v 0.001504 0.132115 -0.051004
v 0.001504 0.134388 -0.049086
v 0.001504 0.136571 -0.047050
v 0.001504 0.138659 -0.044901
v 0.001504 0.140647 -0.042644
v 0.001504 0.142530 -0.040284
v 0.001504 0.144303 -0.037827
v 0.001504 0.145963 -0.035279
v 0.001504 0.147506 -0.032646
v 0.001504 0.148927 -0.029934
v 0.001504 0.150223 -0.027150
v 0.001504 0.151391 -0.024300
v 0.001504 0.152429 -0.021392
v 0.001504 0.153333 -0.018433
v 0.001504 0.154102 -0.015429
v 0.001504 0.154734 -0.012388
v 0.001504 0.155227 -0.009317
v 0.001504 0.155580 -0.006224
v 0.001504 0.155792 -0.003116
vn 1.0000 -0.0000 -0.0000
vn 1.0000 0.0039 -0.0000
vn 1.0000 0.0039 0.0002
vn 1.0000 0.0039 0.0004
vn 1.0000 0.0038 0.0005
vn 1.0000 0.0038 0.0007
vn 1.0000 0.0038 0.0009
vn 1.0000 0.0037 0.0010
vn 1.0000 0.0036 0.0012
vn 1.0000 0.0036 0.0014
vn 1.0000 0.0035 0.0015
vn 1.0000 0.0034 0.0017
vn 1.0000 0.0033 0.0018
vn 1.0000 0.0032 0.0020
vn 1.0000 0.0031 0.0021
vn 1.0000 0.0030 0.0023
vn 1.0000 0.0029 0.0024
vn 1.0000 0.0027 0.0025
vn 1.0000 0.0026 0.0027
vn 1.0000 0.0025 0.0028
vn 1.0000 0.0023 0.0029
vn 1.0000 0.0021 0.0030
vn 1.0000 0.0020 0.0031
vn 1.0000 0.0018 0.0032
vn 1.0000 0.0017 0.0032
vn 1.0000 0.0015 0.0033
vn 1.0000 0.0013 0.0034
vn 1.0000 0.0011 0.0034
vn 1.0000 0.0009 0.0035
vn 1.0000 0.0008 0.0035
vn 1.0000 0.0006 0.0035
vn 1.0000 0.0004 0.0036
vn 1.0000 0.0002 0.0036
vn 1.0000 -0.0000 0.0036
vn 1.0000 -0.0002 0.0036
vn 1.0000 -0.0004 0.0036
vn 1.0000 -0.0006 0.0035
vn 1.0000 -0.0008 0.0035
vn 1.0000 -0.0009 0.0035
vn 1.0000 -0.0011 0.0034
vn 1.0000 -0.0013 0.0034
vn 1.0000 -0.0015 0.0033
vn 1.0000 -0.0016 0.0032
vn 1.0000 -0.0018 0.0032
vn 1.0000 -0.0020 0.0031
vn 1.0000 -0.0021 0.0030
vn 1.0000 -0.0023 0.0029
vn 1.0000 -0.0025 0.0028
vn 1.0000 -0.0026 0.0027
vn 1.0000 -0.0027 0.0025
vn 1.0000 -0.0029 0.0024
vn 1.0000 -0.0030 0.0023
vn 1.0000 -0.0031 0.0021
vn 1.0000 -0.0032 0.0020
vn 1.0000 -0.0033 0.0018
vn 1.0000 -0.0034 0.0017
vn 1.0000 -0.0035 0.0015
vn 1.0000 -0.0036 0.0014
vn 1.0000 -0.0036 0.0012
vn 1.0000 -0.0037 0.0010
vn 1.0000 -0.0038 0.0009
vn 1.0000 -0.0038 0.0007
vn 1.0000 -0.0038 0.0005
vn 1.0000 -0.0039 0.0004
vn 1.0000 -0.0039 0.0002
vn 1.0000 -0.0039 -0.0000
vn 1.0000 -0.0039 -0.0002
vn 1.0000 -0.0038 -0.0004
vn 1.0000 -0.0038 -0.0005
vn 1.0000 -0.0038 -0.0007
vn 1.0000 -0.0038 -0.0009
vn 1.0000 -0.0037 -0.0010
vn 1.0000 -0.0036 -0.0012
vn 1.0000 -0.0036 -0.0014
vn 1.0000 -0.0035 -0.0015
vn 1.0000 -0.0034 -0.0017
vn 1.0000 -0.0033 -0.0018
vn 1.0000 -0.0032 -0.0020
vn 1.0000 -0.0031 -0.0021
vn 1.0000 -0.0030 -0.0023
vn 1.0000 -0.0029 -0.0024
vn 1.0000 -0.0027 -0.0025
vn 1.0000 -0.0026 -0.0027
vn 1.0000 -0.0025 -0.0028
vn 1.0000 -0.0023 -0.0029
vn 1.0000 -0.0021 -0.0030
vn 1.0000 -0.0020 -0.0031
vn 1.0000 -0.0018 -0.0032
vn 1.0000 -0.0017 -0.0032
vn 1.0000 -0.0015 -0.0033
vn 1.0000 -0.0013 -0.0034
vn 1.0000 -0.0011 -0.0034
vn 1.0000 -0.0009 -0.0035
vn 1.0000 -0.0008 -0.0035
vn 1.0000 -0.0006 -0.0035
vn 1.0000 -0.0004 -0.0036
vn 1.0000 -0.0002 -0.0036
vn 1.0000 -0.0000 -0.0036
vn 1.0000 0.0002 -0.0036
vn 1.0000 0.0004 -0.0036
vn 1.0000 0.0006 -0.0035
vn 1.0000 0.0008 -0.0035
vn 1.0000 0.0009 -0.0035
vn 1.0000 0.0011 -0.0034
vn 1.0000 0.0013 -0.0034
vn 1.0000 0.0015 -0.0033
vn 1.0000 0.0017 -0.0032
vn 1.0000 0.0018 -0.0032
vn 1.0000 0.0020 -0.0031
vn 1.0000 0.0021 -0.0030
vn 1.0000 0.0023 -0.0029
vn 1.0000 0.0025 -0.0028
vn 1.0000 0.0026 -0.0027
vn 1.0000 0.0027 -0.0025
vn 1.0000 0.0029 -0.0024
vn 1.0000 0.0030 -0.0023
vn 1.0000 0.0031 -0.0021
vn 1.0000 0.0032 -0.0020
vn 1.0000 0.0033 -0.0018
vn 1.0000 0.0034 -0.0017
vn 1.0000 0.0035 -0.0015
vn 1.0000 0.0036 -0.0014
vn 1.0000 0.0036 -0.0012
vn 1.0000 0.0037 -0.0010
vn 1.0000 0.0038 -0.0009
vn 1.0000 0.0038 -0.0007
vn 1.0000 0.0038 -0.0005
vn 1.0000 0.0038 -0.0004
vn 1.0000 0.0039 -0.0002
vn 1.0000 0.0077 -0.0000
vn 1.0000 0.0077 0.0003
vn 1.0000 0.0077 0.0007
vn 1.0000 0.0076 0.0010
vn 1.0000 0.0076 0.0014
vn 1.0000 0.0075 0.0017
vn 1.0000 0.0074 0.0021
vn 1.0000 0.0073 0.0024
vn 1.0000 0.0071 0.0027
vn 1.0000 0.0070 0.0030
vn 1.0000 0.0068 0.0034
vn 1.0000 0.0066 0.0037
vn 1.0000 0.0064 0.0040
vn 1.0000 0.0062 0.0042
vn 1.0000 0.0060 0.0045
vn 1.0000 0.0057 0.0048
vn 1.0000 0.0055 0.0050
vn 1.0000 0.0052 0.0053
vn 1.0000 0.0049 0.0055
vn 1.0000 0.0046 0.0057
vn 1.0000 0.0043 0.0059
vn 1.0000 0.0040 0.0061
vn 1.0000 0.0036 0.0063
vn 1.0000 0.0033 0.0064
vn 1.0000 0.0030 0.0066
vn 1.0000 0.0026 0.0067
vn 1.0000 0.0022 0.0068
vn 1.0000 0.0019 0.0069
vn 1.0000 0.0015 0.0070
vn 1.0000 0.0011 0.0071
vn 1.0000 0.0008 0.0071
vn 1.0000 0.0004 0.0071
vn 1.0000 -0.0000 0.0071
vn 1.0000 -0.0004 0.0071
vn 1.0000 -0.0008 0.0071
vn 1.0000 -0.0011 0.0071
vn 1.0000 -0.0015 0.0070
vn 1.0000 -0.0019 0.0069
vn 1.0000 -0.0022 0.0068
vn 1.0000 -0.0026 0.0067
vn 1.0000 -0.0030 0.0066
vn 1.0000 -0.0033 0.0064
vn 1.0000 -0.0036 0.0063
vn 1.0000 -0.0040 0.0061
vn 1.0000 -0.0043 0.0059
vn 1.0000 -0.0046 0.0057
vn 1.0000 -0.0049 0.0055
vn 1.0000 -0.0052 0.0053
vn 1.0000 -0.0055 0.0050
vn 1.0000 -0.0057 0.0048
vn 1.0000 -0.0060 0.0045
vn 1.0000 -0.0062 0.0042
vn 1.0000 -0.0064 0.0040
vn 1.0000 -0.0066 0.0037
vn 1.0000 -0.0068 0.0034
vn 1.0000 -0.0070 0.0030
vn 1.0000 -0.0071 0.0027
vn 1.0000 -0.0073 0.0024
vn 1.0000 -0.0074 0.0021
vn 1.0000 -0.0075 0.0017
vn 1.0000 -0.0076 0.0014
vn 1.0000 -0.0076 0.0010
vn 1.0000 -0.0077 0.0007
vn 1.0000 -0.0077 0.0003
vn 1.0000 -0.0077 -0.0000
vn 1.0000 -0.0077 -0.0003
vn 1.0000 -0.0077 -0.0007
vn 1.0000 -0.0076 -0.0010
vn 1.0000 -0.0076 -0.0014
vn 1.0000 -0.0075 -0.0017
vn 1.0000 -0.0074 -0.0021
vn 1.0000 -0.0073 -0.0024
vn 1.0000 -0.0071 -0.0027
vn 1.0000 -0.0070 -0.0030
vn 1.0000 -0.0068 -0.0034
vn 1.0000 -0.0066 -0.0037
vn 1.0000 -0.0064 -0.0040
vn 1.0000 -0.0062 -0.0042
vn 1.0000 -0.0060 -0.0045
vn 1.0000 -0.0057 -0.0048
vn 1.0000 -0.0055 -0.0050
vn 1.0000 -0.0052 -0.0053
vn 1.0000 -0.0049 -0.0055
vn 1.0000 -0.0046 -0.0057
vn 1.0000 -0.0043 -0.0059
vn 1.0000 -0.0040 -0.0061
vn 1.0000 -0.0036 -0.0063
vn 1.0000 -0.0033 -0.0064
vn 1.0000 -0.0030 -0.0066
vn 1.0000 -0.0026 -0.0067
vn 1.0000 -0.0022 -0.0068
vn 1.0000 -0.0019 -0.0069
vn 1.0000 -0.0015 -0.0070
vn 1.0000 -0.0011 -0.0071
vn 1.0000 -0.0007 -0.0071
vn 1.0000 -0.0004 -0.0071
vn 1.0000 -0.0000 -0.0071
vn 1.0000 0.0004 -0.0071
vn 1.0000 0.0008 -0.0071
vn 1.0000 0.0011 -0.0071
vn 1.0000 0.0015 -0.0070
vn 1.0000 0.0019 -0.0069
vn 1.0000 0.0022 -0.0068
vn 1.0000 0.0026 -0.0067
vn 1.0000 0.0030 -0.0066
vn 1.0000 0.0033 -0.0064
vn 1.0000 0.0036 -0.0063
vn 1.0000 0.0040 -0.0061
vn 1.0000 0.0043 -0.0059
vn 1.0000 0.0046 -0.0057
vn 1.0000 0.0049 -0.0055
vn 1.0000 0.0052 -0.0053
vn 1.0000 0.0055 -0.0050
vn 1.0000 0.0057 -0.0048
vn 1.0000 0.0060 -0.0045
vn 1.0000 0.0062 -0.0042
vn 1.0000 0.0064 -0.0040
vn 1.0000 0.0066 -0.0037
vn 1.0000 0.0068 -0.0034
vn 1.0000 0.0070 -0.0030
vn 1.0000 0.0071 -0.0027
vn 1.0000 0.0073 -0.0024
vn 1.0000 0.0074 -0.0021
vn 1.0000 0.0075 -0.0017
vn 1.0000 0.0076 -0.0014
vn 1.0000 0.0076 -0.0010
vn 1.0000 0.0077 -0.0007
vn 1.0000 0.0077 -0.0003
vn 0.9999 0.0115 -0.0000
vn 0.9999 0.0115 0.0005
vn 0.9999 0.0115 0.0010
vn 0.9999 0.0114 0.0016
vn 0.9999 0.0113 0.0021
vn 0.9999 0.0112 0.0026
vn 0.9999 0.0111 0.0031
vn 0.9999 0.0109 0.0036
vn 0.9999 0.0107 0.0041
vn 0.9999 0.0104 0.0046
vn 0.9999 0.0102 0.0050
vn 0.9999 0.0099 0.0055
vn 0.9999 0.0096 0.0059
vn 0.9999 0.0093 0.0064
vn 0.9999 0.0089 0.0068
vn 0.9999 0.0086 0.0072
vn 0.9999 0.0082 0.0076
vn 0.9999 0.0078 0.0079
vn 0.9999 0.0073 0.0083
vn 0.9999 0.0069 0.0086
vn 0.9999 0.0064 0.0089
vn 0.9999 0.0059 0.0092
vn 0.9999 0.0054 0.0094
vn 0.9999 0.0049 0.0097
vn 0.9999 0.0044 0.0099
vn 0.9999 0.0039 0.0101
vn 0.9999 0.0034 0.0102
vn 0.9999 0.0028 0.0104
vn 0.9999 0.0023 0.0105
vn 0.9999 0.0017 0.0106
vn 0.9999 0.0011 0.0106
vn 0.9999 0.0006 0.0107
vn 0.9999 -0.0000 0.0107
vn 0.9999 -0.0006 0.0107
vn 0.9999 -0.0011 0.0106
vn 0.9999 -0.0017 0.0106
vn 0.9999 -0.0023 0.0105
vn 0.9999 -0.0028 0.0104
vn 0.9999 -0.0033 0.0102
vn 0.9999 -0.0039 0.0101
vn 0.9999 -0.0044 0.0099
vn 0.9999 -0.0049 0.0097
vn 0.9999 -0.0054 0.0094
vn 0.9999 -0.0059 0.0092
vn 0.9999 -0.0064 0.0089
vn 0.9999 -0.0069 0.0086
vn 0.9999 -0.0073 0.0083
vn 0.9999 -0.0078 0.0079
vn 0.9999 -0.0082 0.0076
vn 0.9999 -0.0086 0.0072
vn 0.9999 -0.0089 0.0068
vn 0.9999 -0.0093 0.0064
vn 0.9999 -0.0096 0.0059
vn 0.9999 -0.0099 0.0055
vn 0.9999 -0.0102 0.0050
vn 0.9999 -0.0104 0.0046
vn 0.9999 -0.0107 0.0041
vn 0.9999 -0.0109 0.0036
vn 0.9999 -0.0111 0.0031
vn 0.9999 -0.0112 0.0026
vn 0.9999 -0.0113 0.0021
vn 0.9999 -0.0114 0.0016
vn 0.9999 -0.0115 0.0010
vn 0.9999 -0.0115 0.0005
vn 0.9999 -0.0115 -0.0000
vn 0.9999 -0.0115 -0.0005
vn 0.9999 -0.0115 -0.0010
vn 0.9999 -0.0114 -0.0016
vn 0.9999 -0.0113 -0.0021
vn 0.9999 -0.0112 -0.0026
vn 0.9999 -0.0111 -0.0031
vn 0.9999 -0.0109 -0.0036
vn 0.9999 -0.0107 -0.0041
vn 0.9999 -0.0104 -0.0046
vn 0.9999 -0.0102 -0.0050
vn 0.9999 -0.0099 -0.0055
vn 0.9999 -0.0096 -0.0059
vn 0.9999 -0.0093 -0.0064
vn 0.9999 -0.0089 -0.0068
vn 0.9999 -0.0086 -0.0072
vn 0.9999 -0.0082 -0.0076
vn 0.9999 -0.0078 -0.0079
vn 0.9999 -0.0073 -0.0083
vn 0.9999 -0.0069 -0.0086
vn 0.9999 -0.0064 -0.0089
vn 0.9999 -0.0059 -0.0092
vn 0.9999 -0.0054 -0.0094
vn 0.9999 -0.0049 -0.0097
vn 0.9999 -0.0044 -0.0099
vn 0.9999 -0.0039 -0.0101
vn 0.9999 -0.0034 -0.0102
vn 0.9999 -0.0028 -0.0104
vn 0.9999 -0.0023 -0.0105
vn 0.9999 -0.0017 -0.0106
vn 0.9999 -0.0011 -0.0106
vn 0.9999 -0.0006 -0.0107
vn 0.9999 -0.0000 -0.0107
vn 0.9999 0.0006 -0.0107
vn 0.9999 0.0011 -0.0106
vn 0.9999 0.0017 -0.0106
vn 0.9999 0.0023 -0.0105
vn 0.9999 0.0028 -0.0104
vn 0.9999 0.0034 -0.0102
vn 0.9999 0.0039 -0.0101
vn 0.9999 0.0044 -0.0099
vn 0.9999 0.0049 -0.0097
vn 0.9999 0.0054 -0.0094
vn 0.9999 0.0059 -0.0092
vn 0.9999 0.0064 -0.0089
vn 0.9999 0.0069 -0.0086
vn 0.9999 0.0073 -0.0083
vn 0.9999 0.0078 -0.0079
vn 0.9999 0.0082 -0.0076
vn 0.9999 0.0086 -0.0072
vn 0.9999 0.0089 -0.0068
vn 0.9999 0.0093 -0.0064
vn 0.9999 0.0096 -0.0059
vn 0.9999 0.0099 -0.0055
vn 0.9999 0.0102 -0.0050
vn 0.9999 0.0104 -0.0046
vn 0.9999 0.0107 -0.0041
vn 0.9999 0.0109 -0.0036
vn 0.9999 0.0111 -0.0031
vn 0.9999 0.0112 -0.0026
vn 0.9999 0.0113 -0.0021
vn 0.9999 0.0114 -0.0016
vn 0.9999 0.0115 -0.0010
vn 0.9999 0.0115 -0.0005
vn 0.9999 0.0154 -0.0000
vn 0.9999 0.0154 0.0007
vn 0.9999 0.0153 0.0014
vn 0.9999 0.0152 0.0021
vn 0.9999 0.0151 0.0028
vn 0.9999 0.0149 0.0035
vn 0.9999 0.0147 0.0041
vn 0.9999 0.0145 0.0048
vn 0.9999 0.0142 0.0054
vn 0.9999 0.0139 0.0061
vn 0.9999 0.0136 0.0067
vn 0.9999 0.0132 0.0073
vn 0.9999 0.0128 0.0079
vn 0.9999 0.0124 0.0085
vn 0.9999 0.0119 0.0090
vn 0.9999 0.0114 0.0096
vn 0.9999 0.0109 0.0101
vn 0.9999 0.0103 0.0105
vn 0.9999 0.0098 0.0110
vn 0.9999 0.0092 0.0114
vn 0.9999 0.0086 0.0118
vn 0.9999 0.0079 0.0122
vn 0.9999 0.0073 0.0126
vn 0.9999 0.0066 0.0129
vn 0.9999 0.0059 0.0132
vn 0.9999 0.0052 0.0134
vn 0.9999 0.0045 0.0136
vn 0.9999 0.0037 0.0138
vn 0.9999 0.0030 0.0140
vn 0.9999 0.0023 0.0141
vn 0.9999 0.0015 0.0142
vn 0.9999 0.0008 0.0142
vn 0.9999 -0.0000 0.0142
vn 0.9999 -0.0008 0.0142
vn 0.9999 -0.0015 0.0142
vn 0.9999 -0.0023 0.0141
vn 0.9999 -0.0030 0.0140
vn 0.9999 -0.0037 0.0138
vn 0.9999 -0.0045 0.0136
vn 0.9999 -0.0052 0.0134
vn 0.9999 -0.0059 0.0132
vn 0.9999 -0.0066 0.0129
vn 0.9999 -0.0073 0.0126
vn 0.9999 -0.0079 0.0122
vn 0.9999 -0.0086 0.0118
vn 0.9999 -0.0092 0.0114
vn 0.9999 -0.0098 0.0110
vn 0.9999 -0.0103 0.0105
vn 0.9999 -0.0109 0.0101
vn 0.9999 -0.0114 0.0096
vn 0.9999 -0.0119 0.0090
vn 0.9999 -0.0124 0.0085
vn 0.9999 -0.0128 0.0079
vn 0.9999 -0.0132 0.0073
vn 0.9999 -0.0136 0.0067
vn 0.9999 -0.0139 0.0061
vn 0.9999 -0.0142 0.0054
vn 0.9999 -0.0145 0.0048
vn 0.9999 -0.0147 0.0041
vn 0.9999 -0.0149 0.0035
vn 0.9999 -0.0151 0.0028
vn 0.9999 -0.0152 0.0021
vn 0.9999 -0.0153 0.0014
vn 0.9999 -0.0154 0.0007
vn 0.9999 -0.0154 -0.0000
vn 0.9999 -0.0154 -0.0007
vn 0.9999 -0.0153 -0.0014
vn 0.9999 -0.0152 -0.0021
vn 0.9999 -0.0151 -0.0028
vn 0.9999 -0.0149 -0.0035
vn 0.9999 -0.0147 -0.0041
vn 0.9999 -0.0145 -0.0048
vn 0.9999 -0.0142 -0.0054
vn 0.9999 -0.0139 -0.0061
vn 0.9999 -0.0136 -0.0067
vn 0.9999 -0.0132 -0.0073
vn 0.9999 -0.0128 -0.0079
vn 0.9999 -0.0124 -0.0085
vn 0.9999 -0.0119 -0.0090
vn 0.9999 -0.0114 -0.0096
vn 0.9999 -0.0109 -0.0101
vn 0.9999 -0.0103 -0.0105
vn 0.9999 -0.0098 -0.0110
vn 0.9999 -0.0092 -0.0114
vn 0.9999 -0.0086 -0.0118
vn 0.9999 -0.0079 -0.0122
vn 0.9999 -0.0073 -0.0126
vn 0.9999 -0.0066 -0.0129
vn 0.9999 -0.0059 -0.0132
vn 0.9999 -0.0052 -0.0134
vn 0.9999 -0.0045 -0.0136
vn 0.9999 -0.0037 -0.0138
vn 0.9999 -0.0030 -0.0140
vn 0.9999 -0.0023 -0.0141
vn 0.9999 -0.0015 -0.0142
vn 0.9999 -0.0008 -0.0142
vn 0.9999 -0.0000 -0.0142
vn 0.9999 0.0008 -0.0142
vn 0.9999 0.0015 -0.0142
vn 0.9999 0.0023 -0.0141
vn 0.9999 0.0030 -0.0140
vn 0.9999 0.0037 -0.0138
vn 0.9999 0.0045 -0.0136
vn 0.9999 0.0052 -0.0134
vn 0.9999 0.0059 -0.0132
vn 0.9999 0.0066 -0.0129
vn 0.9999 0.0073 -0.0126
vn 0.9999 0.0079 -0.0122
vn 0.9999 0.0086 -0.0118
vn 0.9999 0.0092 -0.0114
vn 0.9999 0.0098 -0.0110
vn 0.9999 0.0103 -0.0105
vn 0.9999 0.0109 -0.0101
vn 0.9999 0.0114 -0.0096
vn 0.9999 0.0119 -0.0090
vn 0.9999 0.0124 -0.0085
vn 0.9999 0.0128 -0.0079
vn 0.9999 0.0132 -0.0073
vn 0.9999 0.0136 -0.0067
vn 0.9999 0.0139 -0.0061
vn 0.9999 0.0142 -0.0054
vn 0.9999 0.0145 -0.0048
vn 0.9999 0.0147 -0.0041
vn 0.9999 0.0149 -0.0035
vn 0.9999 0.0151 -0.0028
vn 0.9999 0.0152 -0.0021
vn 0.9999 0.0153 -0.0014
vn 0.9999 0.0154 -0.0007
vn 0.9998 0.0192 -0.0000
vn 0.9998 0.0192 0.0009
vn 0.9998 0.0191 0.0017
vn 0.9998 0.0190 0.0026
vn 0.9998 0.0189 0.0035
vn 0.9998 0.0186 0.0043
vn 0.9998 0.0184 0.0052
vn 0.9998 0.0181 0.0060
vn 0.9998 0.0178 0.0068
vn 0.9998 0.0174 0.0076
vn 0.9998 0.0170 0.0084
vn 0.9998 0.0165 0.0091
vn 0.9998 0.0160 0.0099
vn 0.9998 0.0154 0.0106
vn 0.9998 0.0149 0.0113
vn 0.9998 0.0142 0.0119
vn 0.9998 0.0136 0.0126
vn 0.9998 0.0129 0.0132
vn 0.9998 0.0122 0.0137
vn 0.9998 0.0115 0.0143
vn 0.9998 0.0107 0.0148
vn 0.9998 0.0099 0.0153
vn 0.9998 0.0091 0.0157
vn 0.9998 0.0082 0.0161
vn 0.9998 0.0074 0.0164
vn 0.9998 0.0065 0.0167
vn 0.9998 0.0056 0.0170
vn 0.9998 0.0047 0.0173
vn 0.9998 0.0038 0.0174
vn 0.9998 0.0028 0.0176
vn 0.9998 0.0019 0.0177
vn 0.9998 0.0009 0.0178
vn 0.9998 -0.0000 0.0178
vn 0.9998 -0.0009 0.0178
vn 0.9998 -0.0019 0.0177
vn 0.9998 -0.0028 0.0176
vn 0.9998 -0.0038 0.0174
vn 0.9998 -0.0047 0.0173
vn 0.9998 -0.0056 0.0170
vn 0.9998 -0.0065 0.0167
vn 0.9998 -0.0074 0.0164
vn 0.9998 -0.0082 0.0161
vn 0.9998 -0.0091 0.0157
vn 0.9998 -0.0099 0.0153
vn 0.9998 -0.0107 0.0148
vn 0.9998 -0.0115 0.0143
vn 0.9998 -0.0122 0.0137
vn 0.9998 -0.0129 0.0132
vn 0.9998 -0.0136 0.0126
vn 0.9998 -0.0142 0.0119
vn 0.9998 -0.0149 0.0113
vn 0.9998 -0.0154 0.0106
vn 0.9998 -0.0160 0.0099
vn 0.9998 -0.0165 0.0091
vn 0.9998 -0.0170 0.0084
vn 0.9998 -0.0174 0.0076
vn 0.9998 -0.0178 0.0068
vn 0.9998 -0.0181 0.0060
vn 0.9998 -0.0184 0.0052
vn 0.9998 -0.0186 0.0043
vn 0.9998 -0.0189 0.0035
vn 0.9998 -0.0190 0.0026
vn 0.9998 -0.0191 0.0017
vn 0.9998 -0.0192 0.0009
vn 0.9998 -0.0192 -0.0000
vn 0.9998 -0.0192 -0.0009
vn 0.9998 -0.0191 -0.0017
vn 0.9998 -0.0190 -0.0026
vn 0.9998 -0.0189 -0.0035
vn 0.9998 -0.0187 -0.0043
vn 0.9998 -0.0184 -0.0052
vn 0.9998 -0.0181 -0.0060
vn 0.9998 -0.0178 -0.0068
vn 0.9998 -0.0174 -0.0076
vn 0.9998 -0.0170 -0.0084
vn 0.9998 -0.0165 -0.0091
vn 0.9998 -0.0160 -0.0099
vn 0.9998 -0.0154 -0.0106
vn 0.9998 -0.0149 -0.0113
vn 0.9998 -0.0142 -0.0119
vn 0.9998 -0.0136 -0.0126
vn 0.9998 -0.0129 -0.0132
vn 0.9998 -0.0122 -0.0137
vn 0.9998 -0.0115 -0.0143
vn 0.9998 -0.0107 -0.0148
vn 0.9998 -0.0099 -0.0153
vn 0.9998 -0.0091 -0.0157
vn 0.9998 -0.0082 -0.0161
vn 0.9998 -0.0074 -0.0164
vn 0.9998 -0.0065 -0.0167
vn 0.9998 -0.0056 -0.0170
vn 0.9998 -0.0047 -0.0173
vn 0.9998 -0.0038 -0.0174
vn 0.9998 -0.0028 -0.0176
vn 0.9998 -0.0019 -0.0177
vn 0.9998 -0.0009 -0.0178
vn 0.9998 -0.0000 -0.0178
vn 0.9998 0.0009 -0.0178
vn 0.9998 0.0019 -0.0177
vn 0.9998 0.0028 -0.0176
vn 0.9998 0.0038 -0.0174
vn 0.9998 0.0047 -0.0173
vn 0.9998 0.0056 -0.0170
vn 0.9998 0.0065 -0.0167
vn 0.9998 0.0074 -0.0164
vn 0.9998 0.0082 -0.0161
vn 0.9998 0.0091 -0.0157
vn 0.9998 0.0099 -0.0153
vn 0.9998 0.0107 -0.0148
vn 0.9998 0.0115 -0.0143
vn 0.9998 0.0122 -0.0137
vn 0.9998 0.0129 -0.0132
vn 0.9998 0.0136 -0.0126
vn 0.9998 0.0142 -0.0119
vn 0.9998 0.0149 -0.0113
vn 0.9998 0.0154 -0.0106
vn 0.9998 0.0160 -0.0099
vn 0.9998 0.0165 -0.0091
vn 0.9998 0.0170 -0.0084
vn 0.9998 0.0174 -0.0076
vn 0.9998 0.0178 -0.0068
vn 0.9998 0.0181 -0.0060
vn 0.9998 0.0184 -0.0052
vn 0.9998 0.0186 -0.0043
vn 0.9998 0.0189 -0.0035
vn 0.9998 0.0190 -0.0026
vn 0.9998 0.0191 -0.0017
vn 0.9998 0.0192 -0.0009
vn 0.9997 0.0231 -0.0000
vn 0.9997 0.0230 0.0010
vn 0.9997 0.0230 0.0021
vn 0.9997 0.0228 0.0031
vn 0.9997 0.0226 0.0042
vn 0.9997 0.0224 0.0052
vn 0.9997 0.0221 0.0062
vn 0.9997 0.0217 0.0072
vn 0.9997 0.0213 0.0082
vn 0.9997 0.0209 0.0091
vn 0.9997 0.0203 0.0101
vn 0.9997 0.0198 0.0110
vn 0.9997 0.0192 0.0119
vn 0.9997 0.0185 0.0127
vn 0.9997 0.0178 0.0135
vn 0.9998 0.0171 0.0143
vn 0.9998 0.0163 0.0151
vn 0.9998 0.0155 0.0158
vn 0.9998 0.0146 0.0165
vn 0.9998 0.0137 0.0171
vn 0.9998 0.0128 0.0177
vn 0.9998 0.0119 0.0183
vn 0.9998 0.0109 0.0188
vn 0.9998 0.0099 0.0193
vn 0.9998 0.0088 0.0197
vn 0.9998 0.0078 0.0201
vn 0.9998 0.0067 0.0204
vn 0.9998 0.0056 0.0207
vn 0.9998 0.0045 0.0209
vn 0.9998 0.0034 0.0211
vn 0.9998 0.0023 0.0212
vn 0.9998 0.0011 0.0213
vn 0.9998 -0.0000 0.0213
vn 0.9998 -0.0011 0.0213
vn 0.9998 -0.0023 0.0212
vn 0.9998 -0.0034 0.0211
vn 0.9998 -0.0045 0.0209
vn 0.9998 -0.0056 0.0207
vn 0.9998 -0.0067 0.0204
vn 0.9998 -0.0078 0.0201
vn 0.9998 -0.0088 0.0197
vn 0.9998 -0.0099 0.0193
vn 0.9998 -0.0109 0.0188
vn 0.9998 -0.0119 0.0183
vn 0.9998 -0.0128 0.0177
vn 0.9998 -0.0137 0.0171
vn 0.9998 -0.0146 0.0165
vn 0.9998 -0.0155 0.0158
vn 0.9998 -0.0163 0.0151
vn 0.9998 -0.0171 0.0143
vn 0.9997 -0.0178 0.0135
vn 0.9997 -0.0185 0.0127
vn 0.9997 -0.0192 0.0119
vn 0.9997 -0.0198 0.0110
vn 0.9997 -0.0203 0.0101
vn 0.9997 -0.0209 0.0091
vn 0.9997 -0.0213 0.0082
vn 0.9997 -0.0217 0.0072
vn 0.9997 -0.0221 0.0062
vn 0.9997 -0.0224 0.0052
vn 0.9997 -0.0226 0.0042
vn 0.9997 -0.0228 0.0031
vn 0.9997 -0.0230 0.0021
vn 0.9997 -0.0230 0.0010
vn 0.9997 -0.0231 -0.0000
vn 0.9997 -0.0230 -0.0010
vn 0.9997 -0.0230 -0.0021
vn 0.9997 -0.0228 -0.0031
vn 0.9997 -0.0226 -0.0042
vn 0.9997 -0.0224 -0.0052
vn 0.9997 -0.0221 -0.0062
vn 0.9997 -0.0217 -0.0072
vn 0.9997 -0.0213 -0.0082
vn 0.9997 -0.0209 -0.0091
vn 0.9997 -0.0203 -0.0101
vn 0.9997 -0.0198 -0.0110
vn 0.9997 -0.0192 -0.0119
vn 0.9997 -0.0185 -0.0127
vn 0.9997 -0.0178 -0.0135
vn 0.9998 -0.0171 -0.0143
vn 0.9998 -0.0163 -0.0151
vn 0.9998 -0.0155 -0.0158
vn 0.9998 -0.0146 -0.0165
vn 0.9998 -0.0137 -0.0171
vn 0.9998 -0.0128 -0.0177
vn 0.9998 -0.0119 -0.0183
vn 0.9998 -0.0109 -0.0188
vn 0.9998 -0.0099 -0.0193
vn 0.9998 -0.0088 -0.0197
vn 0.9998 -0.0078 -0.0201
vn 0.9998 -0.0067 -0.0204
vn 0.9998 -0.0056 -0.0207
vn 0.9998 -0.0045 -0.0209
vn 0.9998 -0.0034 -0.0211
vn 0.9998 -0.0023 -0.0212
vn 0.9998 -0.0011 -0.0213
vn 0.9998 -0.0000 -0.0213
vn 0.9998 0.0011 -0.0213
vn 0.9998 0.0023 -0.0212
vn 0.9998 0.0034 -0.0211
vn 0.9998 0.0045 -0.0209
vn 0.9998 0.0056 -0.0207
vn 0.9998 0.0067 -0.0204
vn 0.9998 0.0078 -0.0201
vn 0.9998 0.0088 -0.0197
vn 0.9998 0.0099 -0.0193
vn 0.9998 0.0109 -0.0188
vn 0.9998 0.0119 -0.0183
vn 0.9998 0.0128 -0.0177
vn 0.9998 0.0137 -0.0171
vn 0.9998 0.0146 -0.0165
vn 0.9998 0.0155 -0.0158
vn 0.9998 0.0163 -0.0151
vn 0.9998 0.0171 -0.0143
vn 0.9997 0.0178 -0.0135
vn 0.9997 0.0185 -0.0127
vn 0.9997 0.0192 -0.0119
vn 0.9997 0.0198 -0.0110
vn 0.9997 0.0203 -0.0101
vn 0.9997 0.0209 -0.0091
vn 0.9997 0.0213 -0.0082
vn 0.9997 0.0217 -0.0072
vn 0.9997 0.0221 -0.0062
vn 0.9997 0.0224 -0.0052
vn 0.9997 0.0226 -0.0042
vn 0.9997 0.0228 -0.0031
vn 0.9997 0.0230 -0.0021
vn 0.9997 0.0230 -0.0010
vn 0.9996 0.0269 -0.0000
vn 0.9996 0.0269 0.0012
vn 0.9996 0.0268 0.0024
vn 0.9996 0.0266 0.0037
vn 0.9996 0.0264 0.0049
vn 0.9996 0.0261 0.0060
vn 0.9996 0.0257 0.0072
vn 0.9996 0.0253 0.0084
vn 0.9996 0.0249 0.0095
vn 0.9996 0.0243 0.0106
vn 0.9996 0.0237 0.0117
vn 0.9997 0.0231 0.0128
vn 0.9997 0.0224 0.0138
vn 0.9997 0.0216 0.0148
vn 0.9997 0.0208 0.0158
vn 0.9997 0.0199 0.0167
vn 0.9997 0.0190 0.0176
vn 0.9997 0.0181 0.0184
vn 0.9997 0.0171 0.0192
vn 0.9997 0.0160 0.0200
vn 0.9997 0.0150 0.0207
vn 0.9997 0.0138 0.0213
vn 0.9997 0.0127 0.0219
vn 0.9997 0.0115 0.0225
vn 0.9997 0.0103 0.0230
vn 0.9997 0.0091 0.0234
vn 0.9997 0.0078 0.0238
vn 0.9997 0.0065 0.0241
vn 0.9997 0.0052 0.0244
vn 0.9997 0.0039 0.0246
vn 0.9997 0.0026 0.0248
vn 0.9997 0.0013 0.0249
vn 0.9997 -0.0000 0.0249
vn 0.9997 -0.0013 0.0249
vn 0.9997 -0.0026 0.0248
vn 0.9997 -0.0039 0.0246
vn 0.9997 -0.0052 0.0244
vn 0.9997 -0.0065 0.0241
vn 0.9997 -0.0078 0.0238
vn 0.9997 -0.0091 0.0234
vn 0.9997 -0.0103 0.0230
vn 0.9997 -0.0115 0.0225
vn 0.9997 -0.0127 0.0219
vn 0.9997 -0.0138 0.0213
vn 0.9997 -0.0149 0.0207
vn 0.9997 -0.0160 0.0200
vn 0.9997 -0.0171 0.0192
vn 0.9997 -0.0181 0.0184
vn 0.9997 -0.0190 0.0176
vn 0.9997 -0.0199 0.0167
vn 0.9997 -0.0208 0.0158
vn 0.9997 -0.0216 0.0148
vn 0.9997 -0.0224 0.0138
vn 0.9997 -0.0231 0.0128
vn 0.9996 -0.0237 0.0117
vn 0.9996 -0.0243 0.0106
vn 0.9996 -0.0249 0.0095
vn 0.9996 -0.0253 0.0084
vn 0.9996 -0.0257 0.0072
vn 0.9996 -0.0261 0.0060
vn 0.9996 -0.0264 0.0049
vn 0.9996 -0.0266 0.0037
vn 0.9996 -0.0268 0.0024
vn 0.9996 -0.0269 0.0012
vn 0.9996 -0.0269 -0.0000
vn 0.9996 -0.0269 -0.0012
vn 0.9996 -0.0268 -0.0024
vn 0.9996 -0.0266 -0.0037
vn 0.9996 -0.0264 -0.0049
vn 0.9996 -0.0261 -0.0060
vn 0.9996 -0.0257 -0.0072
vn 0.9996 -0.0253 -0.0084
vn 0.9996 -0.0249 -0.0095
vn 0.9996 -0.0243 -0.0106
vn 0.9996 -0.0237 -0.0117
vn 0.9997 -0.0231 -0.0128
vn 0.9997 -0.0224 -0.0138
vn 0.9997 -0.0216 -0.0148
vn 0.9997 -0.0208 -0.0158
vn 0.9997 -0.0199 -0.0167
vn 0.9997 -0.0190 -0.0176
vn 0.9997 -0.0181 -0.0184
vn 0.9997 -0.0171 -0.0192
vn 0.9997 -0.0160 -0.0200
vn 0.9997 -0.0150 -0.0207
vn 0.9997 -0.0138 -0.0213
vn 0.9997 -0.0127 -0.0219
vn 0.9997 -0.0115 -0.0225
vn 0.9997 -0.0103 -0.0230
vn 0.9997 -0.0091 -0.0234
vn 0.9997 -0.0078 -0.0238
vn 0.9997 -0.0065 -0.0241
vn 0.9997 -0.0052 -0.0244
vn 0.9997 -0.0039 -0.0246
vn 0.9997 -0.0026 -0.0248
vn 0.9997 -0.0013 -0.0249
vn 0.9997 -0.0000 -0.0249
vn 0.9997 0.0013 -0.0249
vn 0.9997 0.0026 -0.0248
vn 0.9997 0.0039 -0.0246
vn 0.9997 0.0052 -0.0244
vn 0.9997 0.0065 -0.0241
vn 0.9997 0.0078 -0.0238
vn 0.9997 0.0091 -0.0234
vn 0.9997 0.0103 -0.0230
vn 0.9997 0.0115 -0.0225
vn 0.9997 0.0127 -0.0219
vn 0.9997 0.0138 -0.0213
vn 0.9997 0.0150 -0.0207
vn 0.9997 0.0160 -0.0200
vn 0.9997 0.0171 -0.0192
vn 0.9997 0.0181 -0.0184
vn 0.9997 0.0190 -0.0176
vn 0.9997 0.0199 -0.0167
vn 0.9997 0.0208 -0.0158
vn 0.9997 0.0216 -0.0148
vn 0.9997 0.0224 -0.0138
vn 0.9997 0.0231 -0.0128
vn 0.9996 0.0237 -0.0117
vn 0.9996 0.0243 -0.0106
vn 0.9996 0.0249 -0.0095
vn 0.9996 0.0253 -0.0084
vn 0.9996 0.0257 -0.0072
vn 0.9996 0.0261 -0.0060
vn 0.9996 0.0264 -0.0049
vn 0.9996 0.0266 -0.0037
vn 0.9996 0.0268 -0.0024
vn 0.9996 0.0269 -0.0012
vn 0.9995 0.0307 -0.0000
vn 0.9995 0.0307 0.0014
vn 0.9995 0.0306 0.0028
vn 0.9995 0.0304 0.0042
vn 0.9995 0.0301 0.0055
vn 0.9995 0.0298 0.0069
vn 0.9995 0.0294 0.0083
vn 0.9995 0.0289 0.0096
vn 0.9995 0.0284 0.0109
vn 0.9995 0.0278 0.0122
vn 0.9995 0.0271 0.0134
vn 0.9995 0.0264 0.0146
vn 0.9995 0.0256 0.0158
vn 0.9996 0.0247 0.0169
vn 0.9996 0.0238 0.0180
vn 0.9996 0.0228 0.0191
vn 0.9996 0.0217 0.0201
vn 0.9996 0.0206 0.0211
vn 0.9996 0.0195 0.0220
vn 0.9996 0.0183 0.0228
vn 0.9996 0.0171 0.0236
vn 0.9996 0.0158 0.0244
vn 0.9996 0.0145 0.0251
vn 0.9996 0.0131 0.0257
vn 0.9996 0.0118 0.0263
vn 0.9996 0.0104 0.0268
vn 0.9996 0.0089 0.0272
vn 0.9996 0.0075 0.0276
vn 0.9996 0.0060 0.0279
vn 0.9996 0.0045 0.0281
vn 0.9996 0.0030 0.0283
vn 0.9996 0.0015 0.0284
vn 0.9996 -0.0000 0.0284
vn 0.9996 -0.0015 0.0284
vn 0.9996 -0.0030 0.0283
vn 0.9996 -0.0045 0.0281
vn 0.9996 -0.0060 0.0279
vn 0.9996 -0.0075 0.0276
vn 0.9996 -0.0089 0.0272
vn 0.9996 -0.0104 0.0268
vn 0.9996 -0.0118 0.0263
vn 0.9996 -0.0131 0.0257
vn 0.9996 -0.0145 0.0251
vn 0.9996 -0.0158 0.0244
vn 0.9996 -0.0171 0.0236
vn 0.9996 -0.0183 0.0228
vn 0.9996 -0.0195 0.0220
vn 0.9996 -0.0206 0.0211
vn 0.9996 -0.0217 0.0201
vn 0.9996 -0.0228 0.0191
vn 0.9996 -0.0238 0.0180
vn 0.9996 -0.0247 0.0169
vn 0.9995 -0.0256 0.0158
vn 0.9995 -0.0264 0.0146
vn 0.9995 -0.0271 0.0134
vn 0.9995 -0.0278 0.0122
vn 0.9995 -0.0284 0.0109
vn 0.9995 -0.0289 0.0096
vn 0.9995 -0.0294 0.0083
vn 0.9995 -0.0298 0.0069
vn 0.9995 -0.0301 0.0055
vn 0.9995 -0.0304 0.0042
vn 0.9995 -0.0306 0.0028
vn 0.9995 -0.0307 0.0014
vn 0.9995 -0.0307 -0.0000
vn 0.9995 -0.0307 -0.0014
vn 0.9995 -0.0306 -0.0028
vn 0.9995 -0.0304 -0.0042
vn 0.9995 -0.0301 -0.0055
vn 0.9995 -0.0298 -0.0069
vn 0.9995 -0.0294 -0.0083
vn 0.9995 -0.0289 -0.0096
vn 0.9995 -0.0284 -0.0109
vn 0.9995 -0.0278 -0.0122
vn 0.9995 -0.0271 -0.0134
vn 0.9995 -0.0264 -0.0146
vn 0.9995 -0.0256 -0.0158
vn 0.9996 -0.0247 -0.0169
vn 0.9996 -0.0238 -0.0180
vn 0.9996 -0.0228 -0.0191
vn 0.9996 -0.0217 -0.0201
vn 0.9996 -0.0206 -0.0211
vn 0.9996 -0.0195 -0.0220
vn 0.9996 -0.0183 -0.0228
vn 0.9996 -0.0171 -0.0236
vn 0.9996 -0.0158 -0.0244
vn 0.9996 -0.0145 -0.0251
vn 0.9996 -0.0131 -0.0257
vn 0.9996 -0.0118 -0.0263
vn 0.9996 -0.0104 -0.0268
vn 0.9996 -0.0089 -0.0272
vn 0.9996 -0.0075 -0.0276
vn 0.9996 -0.0060 -0.0279
vn 0.9996 -0.0045 -0.0281
vn 0.9996 -0.0030 -0.0283
vn 0.9996 -0.0015 -0.0284
vn 0.9996 -0.0000 -0.0284
vn 0.9996 0.0015 -0.0284
vn 0.9996 0.0030 -0.0283
vn 0.9996 0.0045 -0.0281
vn 0.9996 0.0060 -0.0279
vn 0.9996 0.0075 -0.0276
vn 0.9996 0.0089 -0.0272
vn 0.9996 0.0104 -0.0268
vn 0.9996 0.0118 -0.0263
vn 0.9996 0.0131 -0.0257
vn 0.9996 0.0145 -0.0251
vn 0.9996 0.0158 -0.0244
vn 0.9996 0.0171 -0.0236
vn 0.9996 0.0183 -0.0228
vn 0.9996 0.0195 -0.0220
vn 0.9996 0.0206 -0.0211
vn 0.9996 0.0217 -0.0201
vn 0.9996 0.0228 -0.0191
vn 0.9996 0.0238 -0.0180
vn 0.9996 0.0247 -0.0169
vn 0.9995 0.0256 -0.0158
vn 0.9995 0.0264 -0.0146
vn 0.9995 0.0271 -0.0134
vn 0.9995 0.0278 -0.0122
vn 0.9995 0.0284 -0.0109
vn 0.9995 0.0289 -0.0096
vn 0.9995 0.0294 -0.0083
vn 0.9995 0.0298 -0.0069
vn 0.9995 0.0301 -0.0055
vn 0.9995 0.0304 -0.0042
vn 0.9995 0.0306 -0.0028
vn 0.9995 0.0307 -0.0014
vn 0.9994 0.0346 -0.0000
vn 0.9994 0.0345 0.0016
vn 0.9994 0.0344 0.0031
vn 0.9994 0.0342 0.0047
vn 0.9994 0.0339 0.0062
vn 0.9994 0.0335 0.0078
vn 0.9994 0.0331 0.0093
vn 0.9994 0.0326 0.0108
vn 0.9994 0.0319 0.0122
vn 0.9994 0.0313 0.0137
vn 0.9994 0.0305 0.0151
vn 0.9994 0.0297 0.0164
vn 0.9994 0.0287 0.0178
vn 0.9994 0.0278 0.0190
vn 0.9994 0.0267 0.0203
vn 0.9994 0.0256 0.0215
vn 0.9994 0.0245 0.0226
vn 0.9994 0.0232 0.0237
vn 0.9995 0.0219 0.0247
vn 0.9995 0.0206 0.0257
vn 0.9995 0.0192 0.0266
vn 0.9995 0.0178 0.0274
vn 0.9995 0.0163 0.0282
vn 0.9995 0.0148 0.0289
vn 0.9995 0.0132 0.0295
vn 0.9995 0.0116 0.0301
vn 0.9995 0.0100 0.0306
vn 0.9995 0.0084 0.0310
vn 0.9995 0.0067 0.0314
vn 0.9995 0.0051 0.0316
vn 0.9995 0.0034 0.0318
vn 0.9995 0.0017 0.0319
vn 0.9995 -0.0000 0.0320
vn 0.9995 -0.0017 0.0319
vn 0.9995 -0.0034 0.0318
vn 0.9995 -0.0051 0.0316
vn 0.9995 -0.0067 0.0314
vn 0.9995 -0.0084 0.0310
vn 0.9995 -0.0100 0.0306
vn 0.9995 -0.0117 0.0301
vn 0.9995 -0.0132 0.0295
vn 0.9995 -0.0148 0.0289
vn 0.9995 -0.0163 0.0282
vn 0.9995 -0.0178 0.0274
vn 0.9995 -0.0192 0.0266
vn 0.9995 -0.0206 0.0257
vn 0.9995 -0.0219 0.0247
vn 0.9994 -0.0232 0.0237
vn 0.9994 -0.0245 0.0226
vn 0.9994 -0.0256 0.0215
vn 0.9994 -0.0267 0.0203
vn 0.9994 -0.0278 0.0190
vn 0.9994 -0.0287 0.0178
vn 0.9994 -0.0297 0.0164
vn 0.9994 -0.0305 0.0151
vn 0.9994 -0.0313 0.0137
vn 0.9994 -0.0319 0.0122
vn 0.9994 -0.0326 0.0108
vn 0.9994 -0.0331 0.0093
vn 0.9994 -0.0335 0.0078
vn 0.9994 -0.0339 0.0062
vn 0.9994 -0.0342 0.0047
vn 0.9994 -0.0344 0.0031
vn 0.9994 -0.0345 0.0016
vn 0.9994 -0.0346 -0.0000
vn 0.9994 -0.0345 -0.0016
vn 0.9994 -0.0344 -0.0031
vn 0.9994 -0.0342 -0.0047
vn 0.9994 -0.0339 -0.0062
vn 0.9994 -0.0335 -0.0078
vn 0.9994 -0.0331 -0.0093
vn 0.9994 -0.0326 -0.0108
vn 0.9994 -0.0319 -0.0122
vn 0.9994 -0.0313 -0.0137
vn 0.9994 -0.0305 -0.0151
vn 0.9994 -0.0297 -0.0164
vn 0.9994 -0.0288 -0.0178
vn 0.9994 -0.0278 -0.0190
vn 0.9994 -0.0267 -0.0203
vn 0.9994 -0.0256 -0.0215
vn 0.9994 -0.0245 -0.0226
vn 0.9994 -0.0232 -0.0237
vn 0.9995 -0.0219 -0.0247
vn 0.9995 -0.0206 -0.0257
vn 0.9995 -0.0192 -0.0266
vn 0.9995 -0.0178 -0.0274
vn 0.9995 -0.0163 -0.0282
vn 0.9995 -0.0148 -0.0289
vn 0.9995 -0.0132 -0.0295
vn 0.9995 -0.0117 -0.0301
vn 0.9995 -0.0100 -0.0306
vn 0.9995 -0.0084 -0.0310
vn 0.9995 -0.0067 -0.0314
vn 0.9995 -0.0051 -0.0316
vn 0.9995 -0.0034 -0.0318
vn 0.9995 -0.0017 -0.0319
vn 0.9995 -0.0000 -0.0320
vn 0.9995 0.0017 -0.0319
vn 0.9995 0.0034 -0.0318
vn 0.9995 0.0051 -0.0316
vn 0.9995 0.0067 -0.0314
vn 0.9995 0.0084 -0.0310
vn 0.9995 0.0100 -0.0306
vn 0.9995 0.0117 -0.0301
vn 0.9995 0.0132 -0.0295
vn 0.9995 0.0148 -0.0289
vn 0.9995 0.0163 -0.0282
vn 0.9995 0.0178 -0.0274
vn 0.9995 0.0192 -0.0266
vn 0.9995 0.0206 -0.0257
vn 0.9995 0.0219 -0.0247
vn 0.9994 0.0232 -0.0237
vn 0.9994 0.0245 -0.0226
vn 0.9994 0.0256 -0.0215
vn 0.9994 0.0267 -0.0203
vn 0.9994 0.0278 -0.0190
vn 0.9994 0.0287 -0.0178
vn 0.9994 0.0297 -0.0164
vn 0.9994 0.0305 -0.0151
vn 0.9994 0.0313 -0.0137
vn 0.9994 0.0319 -0.0122
vn 0.9994 0.0326 -0.0108
vn 0.9994 0.0331 -0.0093
vn 0.9994 0.0335 -0.0078
vn 0.9994 0.0339 -0.0062
vn 0.9994 0.0342 -0.0047
vn 0.9994 0.0344 -0.0031
vn 0.9994 0.0345 -0.0016
vn 0.9993 0.0384 -0.0000
vn 0.9993 0.0384 0.0017
vn 0.9993 0.0382 0.0035
vn 0.9993 0.0380 0.0052
vn 0.9993 0.0377 0.0069
vn 0.9993 0.0373 0.0086
vn 0.9993 0.0368 0.0103
vn 0.9993 0.0362 0.0120
vn 0.9993 0.0355 0.0136
vn 0.9993 0.0347 0.0152
vn 0.9993 0.0339 0.0167
vn 0.9993 0.0329 0.0183
vn 0.9993 0.0319 0.0197
vn 0.9993 0.0308 0.0212
vn 0.9993 0.0297 0.0225
vn 0.9993 0.0285 0.0239
vn 0.9993 0.0272 0.0251
vn 0.9993 0.0258 0.0263
vn 0.9993 0.0244 0.0275
vn 0.9993 0.0229 0.0285
vn 0.9993 0.0213 0.0295
vn 0.9993 0.0197 0.0305
vn 0.9993 0.0181 0.0313
vn 0.9993 0.0164 0.0321
vn 0.9994 0.0147 0.0328
vn 0.9994 0.0129 0.0335
vn 0.9994 0.0112 0.0340
vn 0.9994 0.0093 0.0345
vn 0.9994 0.0075 0.0348
vn 0.9994 0.0056 0.0351
vn 0.9994 0.0038 0.0354
vn 0.9994 0.0019 0.0355
vn 0.9994 -0.0000 0.0355
vn 0.9994 -0.0019 0.0355
vn 0.9994 -0.0038 0.0354
vn 0.9994 -0.0056 0.0351
vn 0.9994 -0.0075 0.0348
vn 0.9994 -0.0093 0.0345
vn 0.9994 -0.0112 0.0340
vn 0.9994 -0.0129 0.0335
vn 0.9994 -0.0147 0.0328
vn 0.9993 -0.0164 0.0321
vn 0.9993 -0.0181 0.0313
vn 0.9993 -0.0197 0.0305
vn 0.9993 -0.0213 0.0295
vn 0.9993 -0.0229 0.0285
vn 0.9993 -0.0244 0.0275
vn 0.9993 -0.0258 0.0263
vn 0.9993 -0.0272 0.0251
vn 0.9993 -0.0285 0.0239
vn 0.9993 -0.0297 0.0225
vn 0.9993 -0.0308 0.0212
vn 0.9993 -0.0319 0.0197
vn 0.9993 -0.0329 0.0183
vn 0.9993 -0.0339 0.0167
vn 0.9993 -0.0347 0.0152
vn 0.9993 -0.0355 0.0136
vn 0.9993 -0.0362 0.0120
vn 0.9993 -0.0368 0.0103
vn 0.9993 -0.0373 0.0086
vn 0.9993 -0.0377 0.0069
vn 0.9993 -0.0380 0.0052
vn 0.9993 -0.0382 0.0035
vn 0.9993 -0.0384 0.0017
vn 0.9993 -0.0384 -0.0000
vn 0.9993 -0.0384 -0.0017
vn 0.9993 -0.0382 -0.0035
vn 0.9993 -0.0380 -0.0052
vn 0.9993 -0.0377 -0.0069
vn 0.9993 -0.0373 -0.0086
vn 0.9993 -0.0367 -0.0103
vn 0.9993 -0.0362 -0.0120
vn 0.9993 -0.0355 -0.0136
vn 0.9993 -0.0347 -0.0152
vn 0.9993 -0.0339 -0.0167
vn 0.9993 -0.0329 -0.0183
vn 0.9993 -0.0319 -0.0197
vn 0.9993 -0.0308 -0.0212
vn 0.9993 -0.0297 -0.0225
vn 0.9993 -0.0285 -0.0239
vn 0.9993 -0.0272 -0.0251
vn 0.9993 -0.0258 -0.0263
vn 0.9993 -0.0244 -0.0275
vn 0.9993 -0.0229 -0.0285
vn 0.9993 -0.0213 -0.0295
vn 0.9993 -0.0197 -0.0305
vn 0.9993 -0.0181 -0.0313
vn 0.9993 -0.0164 -0.0321
vn 0.9994 -0.0147 -0.0328
vn 0.9994 -0.0129 -0.0335
vn 0.9994 -0.0112 -0.0340
vn 0.9994 -0.0093 -0.0345
vn 0.9994 -0.0075 -0.0348
vn 0.9994 -0.0056 -0.0351
vn 0.9994 -0.0038 -0.0354
vn 0.9994 -0.0019 -0.0355
vn 0.9994 -0.0000 -0.0355
vn 0.9994 0.0019 -0.0355
vn 0.9994 0.0038 -0.0354
vn 0.9994 0.0056 -0.0351
vn 0.9994 0.0075 -0.0348
vn 0.9994 0.0093 -0.0345
vn 0.9994 0.0112 -0.0340
vn 0.9994 0.0129 -0.0335
vn 0.9994 0.0147 -0.0328
vn 0.9993 0.0164 -0.0321
vn 0.9993 0.0181 -0.0313
vn 0.9993 0.0197 -0.0305
vn 0.9993 0.0213 -0.0295
vn 0.9993 0.0229 -0.0285
vn 0.9993 0.0244 -0.0275
vn 0.9993 0.0258 -0.0263
vn 0.9993 0.0272 -0.0251
vn 0.9993 0.0285 -0.0239
vn 0.9993 0.0297 -0.0225
vn 0.9993 0.0308 -0.0212
vn 0.9993 0.0319 -0.0197
vn 0.9993 0.0329 -0.0183
vn 0.9993 0.0339 -0.0167
vn 0.9993 0.0347 -0.0152
vn 0.9993 0.0355 -0.0136
vn 0.9993 0.0362 -0.0120
vn 0.9993 0.0367 -0.0103
vn 0.9993 0.0373 -0.0086
vn 0.9993 0.0377 -0.0069
vn 0.9993 0.0380 -0.0052
vn 0.9993 0.0382 -0.0035
vn 0.9993 0.0384 -0.0017
vn 0.9991 0.0422 -0.0000
vn 0.9991 0.0422 0.0019
vn 0.9991 0.0420 0.0038
vn 0.9991 0.0418 0.0057
vn 0.9991 0.0414 0.0076
vn 0.9991 0.0410 0.0095
vn 0.9991 0.0404 0.0113
vn 0.9991 0.0398 0.0132
vn 0.9991 0.0390 0.0149
vn 0.9991 0.0382 0.0167
vn 0.9991 0.0373 0.0184
vn 0.9991 0.0362 0.0201
vn 0.9991 0.0351 0.0217
vn 0.9992 0.0339 0.0233
vn 0.9992 0.0327 0.0248
vn 0.9992 0.0313 0.0262
vn 0.9992 0.0299 0.0276
vn 0.9992 0.0284 0.0290
vn 0.9992 0.0268 0.0302
vn 0.9992 0.0252 0.0314
vn 0.9992 0.0235 0.0325
vn 0.9992 0.0217 0.0335
vn 0.9992 0.0199 0.0345
vn 0.9992 0.0181 0.0353
vn 0.9992 0.0162 0.0361
vn 0.9992 0.0142 0.0368
vn 0.9992 0.0123 0.0374
vn 0.9992 0.0103 0.0379
vn 0.9992 0.0082 0.0383
vn 0.9992 0.0062 0.0387
vn 0.9992 0.0041 0.0389
vn 0.9992 0.0021 0.0390
vn 0.9992 -0.0000 0.0391
vn 0.9992 -0.0021 0.0390
vn 0.9992 -0.0041 0.0389
vn 0.9992 -0.0062 0.0387
vn 0.9992 -0.0082 0.0383
vn 0.9992 -0.0103 0.0379
vn 0.9992 -0.0123 0.0374
vn 0.9992 -0.0142 0.0368
vn 0.9992 -0.0162 0.0361
vn 0.9992 -0.0181 0.0353
vn 0.9992 -0.0199 0.0345
vn 0.9992 -0.0217 0.0335
vn 0.9992 -0.0235 0.0325
vn 0.9992 -0.0252 0.0314
vn 0.9992 -0.0268 0.0302
vn 0.9992 -0.0284 0.0289
vn 0.9992 -0.0299 0.0276
vn 0.9992 -0.0313 0.0262
vn 0.9992 -0.0327 0.0248
vn 0.9992 -0.0339 0.0233
vn 0.9991 -0.0351 0.0217
vn 0.9991 -0.0362 0.0201
vn 0.9991 -0.0373 0.0184
vn 0.9991 -0.0382 0.0167
vn 0.9991 -0.0390 0.0149
vn 0.9991 -0.0398 0.0132
vn 0.9991 -0.0404 0.0113
vn 0.9991 -0.0410 0.0095
vn 0.9991 -0.0414 0.0076
vn 0.9991 -0.0418 0.0057
vn 0.9991 -0.0420 0.0038
vn 0.9991 -0.0422 0.0019
vn 0.9991 -0.0422 -0.0000
vn 0.9991 -0.0422 -0.0019
vn 0.9991 -0.0420 -0.0038
vn 0.9991 -0.0418 -0.0057
vn 0.9991 -0.0414 -0.0076
vn 0.9991 -0.0410 -0.0095
vn 0.9991 -0.0404 -0.0113
vn 0.9991 -0.0398 -0.0132
vn 0.9991 -0.0390 -0.0149
vn 0.9991 -0.0382 -0.0167
vn 0.9991 -0.0373 -0.0184
vn 0.9991 -0.0362 -0.0201
vn 0.9991 -0.0351 -0.0217
vn 0.9992 -0.0339 -0.0233
vn 0.9992 -0.0327 -0.0248
vn 0.9992 -0.0313 -0.0262
vn 0.9992 -0.0299 -0.0276
vn 0.9992 -0.0284 -0.0290
vn 0.9992 -0.0268 -0.0302
vn 0.9992 -0.0252 -0.0314
vn 0.9992 -0.0235 -0.0325
vn 0.9992 -0.0217 -0.0335
vn 0.9992 -0.0199 -0.0345
vn 0.9992 -0.0181 -0.0353
vn 0.9992 -0.0162 -0.0361
vn 0.9992 -0.0142 -0.0368
vn 0.9992 -0.0123 -0.0374
vn 0.9992 -0.0103 -0.0379
vn 0.9992 -0.0082 -0.0383
vn 0.9992 -0.0062 -0.0387
vn 0.9992 -0.0041 -0.0389
vn 0.9992 -0.0021 -0.0390
vn 0.9992 -0.0000 -0.0391
vn 0.9992 0.0021 -0.0390
vn 0.9992 0.0041 -0.0389
vn 0.9992 0.0062 -0.0387
vn 0.9992 0.0082 -0.0383
vn 0.9992 0.0103 -0.0379
vn 0.9992 0.0123 -0.0374
vn 0.9992 0.0142 -0.0368
vn 0.9992 0.0162 -0.0361
vn 0.9992 0.0181 -0.0353
vn 0.9992 0.0199 -0.0345
vn 0.9992 0.0217 -0.0335
vn 0.9992 0.0235 -0.0325
vn 0.9992 0.0252 -0.0314
vn 0.9992 0.0268 -0.0302
vn 0.9992 0.0284 -0.0289
vn 0.9992 0.0299 -0.0276
vn 0.9992 0.0313 -0.0262
vn 0.9992 0.0327 -0.0248
vn 0.9992 0.0339 -0.0233
vn 0.9991 0.0351 -0.0217
vn 0.9991 0.0362 -0.0201
vn 0.9991 0.0373 -0.0184
vn 0.9991 0.0382 -0.0167
vn 0.9991 0.0390 -0.0149
vn 0.9991 0.0398 -0.0132
vn 0.9991 0.0404 -0.0113
vn 0.9991 0.0410 -0.0095
vn 0.9991 0.0414 -0.0076
vn 0.9991 0.0418 -0.0057
vn 0.9991 0.0420 -0.0038
vn 0.9991 0.0422 -0.0019
vn 0.9989 0.0461 -0.0000
vn 0.9989 0.0460 0.0021
vn 0.9989 0.0458 0.0042
vn 0.9989 0.0456 0.0063
vn 0.9989 0.0452 0.0083
vn 0.9989 0.0447 0.0104
vn 0.9990 0.0441 0.0124
vn 0.9990 0.0434 0.0144
vn 0.9990 0.0426 0.0163
vn 0.9990 0.0416 0.0182
vn 0.9990 0.0406 0.0201
vn 0.9990 0.0395 0.0219
vn 0.9990 0.0383 0.0237
vn 0.9990 0.0370 0.0254
vn 0.9990 0.0356 0.0270
vn 0.9990 0.0341 0.0286
vn 0.9990 0.0326 0.0301
vn 0.9990 0.0309 0.0316
vn 0.9990 0.0292 0.0329
vn 0.9990 0.0274 0.0342
vn 0.9990 0.0256 0.0354
vn 0.9991 0.0237 0.0366
vn 0.9991 0.0217 0.0376
vn 0.9991 0.0197 0.0385
vn 0.9991 0.0176 0.0394
vn 0.9991 0.0155 0.0401
vn 0.9991 0.0134 0.0408
vn 0.9991 0.0112 0.0413
vn 0.9991 0.0090 0.0418
vn 0.9991 0.0068 0.0422
vn 0.9991 0.0045 0.0424
vn 0.9991 0.0023 0.0426
vn 0.9991 -0.0000 0.0426
vn 0.9991 -0.0023 0.0426
vn 0.9991 -0.0045 0.0424
vn 0.9991 -0.0068 0.0422
vn 0.9991 -0.0090 0.0418
vn 0.9991 -0.0112 0.0413
vn 0.9991 -0.0134 0.0408
vn 0.9991 -0.0155 0.0401
vn 0.9991 -0.0176 0.0394
vn 0.9991 -0.0197 0.0385
vn 0.9991 -0.0217 0.0376
vn 0.9991 -0.0237 0.0366
vn 0.9990 -0.0256 0.0354
vn 0.9990 -0.0274 0.0342
vn 0.9990 -0.0292 0.0329
vn 0.9990 -0.0309 0.0316
vn 0.9990 -0.0326 0.0301
vn 0.9990 -0.0341 0.0286
vn 0.9990 -0.0356 0.0270
vn 0.9990 -0.0370 0.0254
vn 0.9990 -0.0383 0.0237
vn 0.9990 -0.0395 0.0219
vn 0.9990 -0.0406 0.0201
vn 0.9990 -0.0416 0.0182
vn 0.9990 -0.0426 0.0163
vn 0.9990 -0.0434 0.0144
vn 0.9990 -0.0441 0.0124
vn 0.9989 -0.0447 0.0104
vn 0.9989 -0.0452 0.0083
vn 0.9989 -0.0456 0.0063
vn 0.9989 -0.0458 0.0042
vn 0.9989 -0.0460 0.0021
vn 0.9989 -0.0461 -0.0000
vn 0.9989 -0.0460 -0.0021
vn 0.9989 -0.0458 -0.0042
vn 0.9989 -0.0456 -0.0063
vn 0.9989 -0.0452 -0.0083
vn 0.9989 -0.0447 -0.0104
vn 0.9990 -0.0441 -0.0124
vn 0.9990 -0.0434 -0.0144
vn 0.9990 -0.0426 -0.0163
vn 0.9990 -0.0416 -0.0182
vn 0.9990 -0.0406 -0.0201
vn 0.9990 -0.0395 -0.0219
vn 0.9990 -0.0383 -0.0237
vn 0.9990 -0.0370 -0.0254
vn 0.9990 -0.0356 -0.0270
vn 0.9990 -0.0341 -0.0286
vn 0.9990 -0.0326 -0.0301
vn 0.9990 -0.0309 -0.0316
vn 0.9990 -0.0292 -0.0329
vn 0.9990 -0.0274 -0.0342
vn 0.9990 -0.0256 -0.0354
vn 0.9991 -0.0237 -0.0366
vn 0.9991 -0.0217 -0.0376
vn 0.9991 -0.0197 -0.0385
vn 0.9991 -0.0176 -0.0394
vn 0.9991 -0.0155 -0.0401
vn 0.9991 -0.0134 -0.0408
vn 0.9991 -0.0112 -0.0413
vn 0.9991 -0.0090 -0.0418
vn 0.9991 -0.0068 -0.0422
vn 0.9991 -0.0045 -0.0424
vn 0.9991 -0.0023 -0.0426
vn 0.9991 -0.0000 -0.0426
vn 0.9991 0.0023 -0.0426
vn 0.9991 0.0045 -0.0424
vn 0.9991 0.0068 -0.0422
vn 0.9991 0.0090 -0.0418
vn 0.9991 0.0112 -0.0413
vn 0.9991 0.0134 -0.0408
vn 0.9991 0.0155 -0.0401
vn 0.9991 0.0176 -0.0394
vn 0.9991 0.0197 -0.0385
vn 0.9991 0.0217 -0.0376
vn 0.9991 0.0237 -0.0366
vn 0.9990 0.0256 -0.0354
vn 0.9990 0.0274 -0.0342
vn 0.9990 0.0292 -0.0329
vn 0.9990 0.0309 -0.0316
vn 0.9990 0.0326 -0.0301
vn 0.9990 0.0341 -0.0286
vn 0.9990 0.0356 -0.0270
vn 0.9990 0.0370 -0.0254
vn 0.9990 0.0383 -0.0237
vn 0.9990 0.0395 -0.0219
vn 0.9990 0.0406 -0.0201
vn 0.9990 0.0416 -0.0182
vn 0.9990 0.0426 -0.0163
vn 0.9990 0.0434 -0.0144
vn 0.9990 0.0441 -0.0124
vn 0.9989 0.0447 -0.0104
vn 0.9989 0.0452 -0.0083
vn 0.9989 0.0456 -0.0063
vn 0.9989 0.0458 -0.0042
vn 0.9989 0.0460 -0.0021
vn 0.9988 0.0499 -0.0000
vn 0.9988 0.0498 0.0023
vn 0.9988 0.0497 0.0045
vn 0.9988 0.0494 0.0068
vn 0.9988 0.0489 0.0090
vn 0.9988 0.0484 0.0112
vn 0.9988 0.0477 0.0134
vn 0.9988 0.0470 0.0155
vn 0.9988 0.0461 0.0177
vn 0.9988 0.0451 0.0197
vn 0.9988 0.0440 0.0218
vn 0.9988 0.0428 0.0237
vn 0.9988 0.0415 0.0256
vn 0.9988 0.0401 0.0275
vn 0.9988 0.0386 0.0293
vn 0.9988 0.0370 0.0310
vn 0.9988 0.0353 0.0326
vn 0.9989 0.0335 0.0342
vn 0.9989 0.0317 0.0357
vn 0.9989 0.0297 0.0371
vn 0.9989 0.0277 0.0384
vn 0.9989 0.0257 0.0396
vn 0.9989 0.0235 0.0407
vn 0.9989 0.0213 0.0417
vn 0.9989 0.0191 0.0426
vn 0.9989 0.0168 0.0435
vn 0.9989 0.0145 0.0442
vn 0.9989 0.0121 0.0448
vn 0.9989 0.0097 0.0453
vn 0.9989 0.0073 0.0457
vn 0.9989 0.0049 0.0459
vn 0.9989 0.0024 0.0461
vn 0.9989 -0.0000 0.0462
vn 0.9989 -0.0024 0.0461
vn 0.9989 -0.0049 0.0459
vn 0.9989 -0.0073 0.0457
vn 0.9989 -0.0097 0.0453
vn 0.9989 -0.0121 0.0448
vn 0.9989 -0.0145 0.0442
vn 0.9989 -0.0168 0.0435
vn 0.9989 -0.0191 0.0426
vn 0.9989 -0.0213 0.0417
vn 0.9989 -0.0235 0.0407
vn 0.9989 -0.0257 0.0396
vn 0.9989 -0.0277 0.0384
vn 0.9989 -0.0297 0.0371
vn 0.9989 -0.0317 0.0357
vn 0.9989 -0.0335 0.0342
vn 0.9988 -0.0353 0.0326
vn 0.9988 -0.0370 0.0310
vn 0.9988 -0.0386 0.0293
vn 0.9988 -0.0401 0.0275
vn 0.9988 -0.0415 0.0256
vn 0.9988 -0.0428 0.0237
vn 0.9988 -0.0440 0.0218
vn 0.9988 -0.0451 0.0197
vn 0.9988 -0.0461 0.0177
vn 0.9988 -0.0470 0.0155
vn 0.9988 -0.0477 0.0134
vn 0.9988 -0.0484 0.0112
vn 0.9988 -0.0489 0.0090
vn 0.9988 -0.0494 0.0068
vn 0.9988 -0.0497 0.0045
vn 0.9988 -0.0498 0.0023
vn 0.9988 -0.0499 -0.0000
vn 0.9988 -0.0498 -0.0023
vn 0.9988 -0.0497 -0.0045
vn 0.9988 -0.0494 -0.0068
vn 0.9988 -0.0489 -0.0090
vn 0.9988 -0.0484 -0.0112
vn 0.9988 -0.0477 -0.0134
vn 0.9988 -0.0470 -0.0155
vn 0.9988 -0.0461 -0.0177
vn 0.9988 -0.0451 -0.0197
vn 0.9988 -0.0440 -0.0218
vn 0.9988 -0.0428 -0.0237
vn 0.9988 -0.0415 -0.0256
vn 0.9988 -0.0401 -0.0275
vn 0.9988 -0.0386 -0.0293
vn 0.9988 -0.0370 -0.0310
vn 0.9988 -0.0353 -0.0326
vn 0.9989 -0.0335 -0.0342
vn 0.9989 -0.0317 -0.0357
vn 0.9989 -0.0297 -0.0371
vn 0.9989 -0.0277 -0.0384
vn 0.9989 -0.0257 -0.0396
vn 0.9989 -0.0235 -0.0407
vn 0.9989 -0.0213 -0.0417
vn 0.9989 -0.0191 -0.0426
vn 0.9989 -0.0168 -0.0435
vn 0.9989 -0.0145 -0.0442
vn 0.9989 -0.0121 -0.0448
vn 0.9989 -0.0097 -0.0453
vn 0.9989 -0.0073 -0.0457
vn 0.9989 -0.0049 -0.0459
vn 0.9989 -0.0024 -0.0461
vn 0.9989 -0.0000 -0.0462
vn 0.9989 0.0024 -0.0461
vn 0.9989 0.0049 -0.0459
vn 0.9989 0.0073 -0.0457
vn 0.9989 0.0097 -0.0453
vn 0.9989 0.0121 -0.0448
vn 0.9989 0.0145 -0.0442
vn 0.9989 0.0168 -0.0435
vn 0.9989 0.0191 -0.0426
vn 0.9989 0.0213 -0.0417
vn 0.9989 0.0235 -0.0407
vn 0.9989 0.0257 -0.0396
vn 0.9989 0.0277 -0.0384
vn 0.9989 0.0297 -0.0371
vn 0.9989 0.0317 -0.0357
vn 0.9989 0.0335 -0.0342
vn 0.9988 0.0353 -0.0326
vn 0.9988 0.0370 -0.0310
vn 0.9988 0.0386 -0.0293
vn 0.9988 0.0401 -0.0275
vn 0.9988 0.0415 -0.0256
vn 0.9988 0.0428 -0.0237
vn 0.9988 0.0440 -0.0218
vn 0.9988 0.0451 -0.0197
vn 0.9988 0.0461 -0.0177
vn 0.9988 0.0470 -0.0155
vn 0.9988 0.0477 -0.0134
vn 0.9988 0.0484 -0.0112
vn 0.9988 0.0489 -0.0090
vn 0.9988 0.0494 -0.0068
vn 0.9988 0.0497 -0.0045
vn 0.9988 0.0498 -0.0023
vn 0.9986 0.0537 -0.0000
vn 0.9986 0.0537 0.0024
vn 0.9986 0.0535 0.0049
vn 0.9986 0.0531 0.0073
vn 0.9986 0.0527 0.0097
vn 0.9986 0.0521 0.0121
vn 0.9986 0.0514 0.0144
vn 0.9986 0.0506 0.0167
vn 0.9986 0.0496 0.0190
vn 0.9986 0.0486 0.0212
vn 0.9986 0.0474 0.0234
vn 0.9986 0.0461 0.0255
vn 0.9986 0.0447 0.0276
vn 0.9986 0.0432 0.0296
vn 0.9986 0.0415 0.0315
vn 0.9986 0.0398 0.0334
vn 0.9987 0.0380 0.0351
vn 0.9987 0.0361 0.0368
vn 0.9987 0.0341 0.0384
vn 0.9987 0.0320 0.0399
vn 0.9987 0.0299 0.0413
vn 0.9987 0.0276 0.0426
vn 0.9987 0.0253 0.0438
vn 0.9987 0.0230 0.0449
vn 0.9987 0.0206 0.0459
vn 0.9987 0.0181 0.0468
vn 0.9987 0.0156 0.0476
vn 0.9988 0.0131 0.0482
vn 0.9988 0.0105 0.0487
vn 0.9988 0.0079 0.0492
vn 0.9988 0.0053 0.0495
vn 0.9988 0.0026 0.0496
vn 0.9988 -0.0000 0.0497
vn 0.9988 -0.0026 0.0496
vn 0.9988 -0.0053 0.0495
vn 0.9988 -0.0079 0.0492
vn 0.9988 -0.0105 0.0487
vn 0.9988 -0.0131 0.0482
vn 0.9987 -0.0156 0.0476
vn 0.9987 -0.0181 0.0468
vn 0.9987 -0.0206 0.0459
vn 0.9987 -0.0230 0.0449
vn 0.9987 -0.0253 0.0438
vn 0.9987 -0.0276 0.0426
vn 0.9987 -0.0299 0.0413
vn 0.9987 -0.0320 0.0399
vn 0.9987 -0.0341 0.0384
vn 0.9987 -0.0361 0.0368
vn 0.9987 -0.0380 0.0351
vn 0.9986 -0.0398 0.0334
vn 0.9986 -0.0415 0.0315
vn 0.9986 -0.0432 0.0296
vn 0.9986 -0.0447 0.0276
vn 0.9986 -0.0461 0.0255
vn 0.9986 -0.0474 0.0234
vn 0.9986 -0.0486 0.0212
vn 0.9986 -0.0496 0.0190
vn 0.9986 -0.0506 0.0167
vn 0.9986 -0.0514 0.0144
vn 0.9986 -0.0521 0.0121
vn 0.9986 -0.0527 0.0097
vn 0.9986 -0.0531 0.0073
vn 0.9986 -0.0535 0.0049
vn 0.9986 -0.0537 0.0024
vn 0.9986 -0.0537 -0.0000
vn 0.9986 -0.0537 -0.0024
vn 0.9986 -0.0535 -0.0049
vn 0.9986 -0.0531 -0.0073
vn 0.9986 -0.0527 -0.0097
vn 0.9986 -0.0521 -0.0121
vn 0.9986 -0.0514 -0.0144
vn 0.9986 -0.0506 -0.0167
vn 0.9986 -0.0496 -0.0190
vn 0.9986 -0.0486 -0.0212
vn 0.9986 -0.0474 -0.0234
vn 0.9986 -0.0461 -0.0255
vn 0.9986 -0.0447 -0.0276
vn 0.9986 -0.0431 -0.0296
vn 0.9986 -0.0415 -0.0315
vn 0.9986 -0.0398 -0.0334
vn 0.9987 -0.0380 -0.0351
vn 0.9987 -0.0361 -0.0368
vn 0.9987 -0.0341 -0.0384
vn 0.9987 -0.0320 -0.0399
vn 0.9987 -0.0299 -0.0413
vn 0.9987 -0.0276 -0.0426
vn 0.9987 -0.0253 -0.0438
vn 0.9987 -0.0230 -0.0449
vn 0.9987 -0.0206 -0.0459
vn 0.9987 -0.0181 -0.0468
vn 0.9987 -0.0156 -0.0476
vn 0.9988 -0.0131 -0.0482
vn 0.9988 -0.0105 -0.0487
vn 0.9988 -0.0079 -0.0492
vn 0.9988 -0.0053 -0.0495
vn 0.9988 -0.0026 -0.0496
vn 0.9988 -0.0000 -0.0497
vn 0.9988 0.0026 -0.0496
vn 0.9988 0.0053 -0.0495
vn 0.9988 0.0079 -0.0492
vn 0.9988 0.0105 -0.0487
vn 0.9988 0.0131 -0.0482
vn 0.9987 0.0156 -0.0476
vn 0.9987 0.0181 -0.0468
vn 0.9987 0.0206 -0.0459
vn 0.9987 0.0230 -0.0449
vn 0.9987 0.0253 -0.0438
vn 0.9987 0.0276 -0.0426
vn 0.9987 0.0299 -0.0413
vn 0.9987 0.0320 -0.0399
vn 0.9987 0.0341 -0.0384
vn 0.9987 0.0361 -0.0368
vn 0.9987 0.0380 -0.0351
vn 0.9986 0.0398 -0.0334
vn 0.9986 0.0415 -0.0315
vn 0.9986 0.0431 -0.0296
vn 0.9986 0.0447 -0.0276
vn 0.9986 0.0461 -0.0255
vn 0.9986 0.0474 -0.0234
vn 0.9986 0.0486 -0.0212
vn 0.9986 0.0496 -0.0190
vn 0.9986 0.0506 -0.0167
vn 0.9986 0.0514 -0.0144
vn 0.9986 0.0521 -0.0121
vn 0.9986 0.0527 -0.0097
vn 0.9986 0.0531 -0.0073
vn 0.9986 0.0535 -0.0049
vn 0.9986 0.0537 -0.0024
vn 0.9983 0.0575 -0.0000
vn 0.9983 0.0575 0.0026
vn 0.9983 0.0573 0.0052
vn 0.9983 0.0569 0.0078
vn 0.9984 0.0564 0.0104
vn 0.9984 0.0558 0.0129
vn 0.9984 0.0551 0.0154
vn 0.9984 0.0542 0.0179
vn 0.9984 0.0532 0.0204
vn 0.9984 0.0520 0.0228
vn 0.9984 0.0507 0.0251
vn 0.9984 0.0494 0.0274
vn 0.9984 0.0478 0.0296
vn 0.9984 0.0462 0.0317
vn 0.9984 0.0445 0.0338
vn 0.9985 0.0426 0.0357
vn 0.9985 0.0407 0.0376
vn 0.9985 0.0386 0.0394
vn 0.9985 0.0365 0.0411
vn 0.9985 0.0343 0.0428
vn 0.9985 0.0320 0.0443
vn 0.9985 0.0296 0.0457
vn 0.9985 0.0271 0.0469
vn 0.9985 0.0246 0.0481
vn 0.9985 0.0220 0.0492
vn 0.9986 0.0194 0.0501
vn 0.9986 0.0167 0.0509
vn 0.9986 0.0140 0.0516
vn 0.9986 0.0112 0.0522
vn 0.9986 0.0084 0.0527
vn 0.9986 0.0056 0.0530
vn 0.9986 0.0028 0.0532
vn 0.9986 -0.0000 0.0532
vn 0.9986 -0.0028 0.0532
vn 0.9986 -0.0056 0.0530
vn 0.9986 -0.0084 0.0527
vn 0.9986 -0.0112 0.0522
vn 0.9986 -0.0140 0.0516
vn 0.9986 -0.0167 0.0509
vn 0.9986 -0.0194 0.0501
vn 0.9985 -0.0220 0.0492
vn 0.9985 -0.0246 0.0481
vn 0.9985 -0.0271 0.0469
vn 0.9985 -0.0296 0.0457
vn 0.9985 -0.0320 0.0443
vn 0.9985 -0.0343 0.0428
vn 0.9985 -0.0365 0.0411
vn 0.9985 -0.0386 0.0394
vn 0.9985 -0.0407 0.0376
vn 0.9985 -0.0426 0.0357
vn 0.9984 -0.0445 0.0338
vn 0.9984 -0.0462 0.0317
vn 0.9984 -0.0478 0.0296
vn 0.9984 -0.0494 0.0274
vn 0.9984 -0.0507 0.0251
vn 0.9984 -0.0520 0.0228
vn 0.9984 -0.0532 0.0204
vn 0.9984 -0.0542 0.0179
vn 0.9984 -0.0551 0.0154
vn 0.9984 -0.0558 0.0129
vn 0.9984 -0.0564 0.0104
vn 0.9983 -0.0569 0.0078
vn 0.9983 -0.0573 0.0052
vn 0.9983 -0.0575 0.0026
vn 0.9983 -0.0575 -0.0000
vn 0.9983 -0.0575 -0.0026
vn 0.9983 -0.0573 -0.0052
vn 0.9983 -0.0569 -0.0078
vn 0.9984 -0.0564 -0.0104
vn 0.9984 -0.0558 -0.0129
vn 0.9984 -0.0551 -0.0154
vn 0.9984 -0.0542 -0.0179
vn 0.9984 -0.0532 -0.0204
vn 0.9984 -0.0520 -0.0228
vn 0.9984 -0.0508 -0.0251
vn 0.9984 -0.0494 -0.0274
vn 0.9984 -0.0478 -0.0296
vn 0.9984 -0.0462 -0.0317
vn 0.9984 -0.0445 -0.0338
vn 0.9985 -0.0426 -0.0357
vn 0.9985 -0.0407 -0.0376
vn 0.9985 -0.0386 -0.0394
vn 0.9985 -0.0365 -0.0411
vn 0.9985 -0.0343 -0.0428
vn 0.9985 -0.0320 -0.0443
vn 0.9985 -0.0296 -0.0457
vn 0.9985 -0.0271 -0.0469
vn 0.9985 -0.0246 -0.0481
vn 0.9985 -0.0220 -0.0492
vn 0.9986 -0.0194 -0.0501
vn 0.9986 -0.0167 -0.0509
vn 0.9986 -0.0140 -0.0516
vn 0.9986 -0.0112 -0.0522
vn 0.9986 -0.0084 -0.0527
vn 0.9986 -0.0056 -0.0530
vn 0.9986 -0.0028 -0.0532
vn 0.9986 -0.0000 -0.0532
vn 0.9986 0.0028 -0.0532
vn 0.9986 0.0056 -0.0530
vn 0.9986 0.0084 -0.0527
vn 0.9986 0.0112 -0.0522
vn 0.9986 0.0140 -0.0516
vn 0.9986 0.0167 -0.0509
vn 0.9986 0.0194 -0.0501
vn 0.9985 0.0220 -0.0492
vn 0.9985 0.0246 -0.0481
vn 0.9985 0.0271 -0.0470
vn 0.9985 0.0296 -0.0457
vn 0.9985 0.0320 -0.0443
vn 0.9985 0.0343 -0.0428
vn 0.9985 0.0365 -0.0411
vn 0.9985 0.0386 -0.0394
vn 0.9985 0.0407 -0.0376
vn 0.9985 0.0426 -0.0357
vn 0.9984 0.0445 -0.0338
vn 0.9984 0.0462 -0.0317
vn 0.9984 0.0478 -0.0296
vn 0.9984 0.0494 -0.0274
vn 0.9984 0.0507 -0.0251
vn 0.9984 0.0520 -0.0228
vn 0.9984 0.0532 -0.0204
vn 0.9984 0.0542 -0.0179
vn 0.9984 0.0551 -0.0154
vn 0.9984 0.0558 -0.0129
vn 0.9984 0.0564 -0.0104
vn 0.9983 0.0569 -0.0078
vn 0.9983 0.0573 -0.0052
vn 0.9983 0.0575 -0.0026
vn 0.6809 0.7324 -0.0000
vn 0.6809 0.7316 0.0333
vn 0.6809 0.7294 0.0665
vn 0.6809 0.7256 0.0996
vn 0.6809 0.7203 0.1326
vn 0.6809 0.7134 0.1653
vn 0.6810 0.7051 0.1979
vn 0.6810 0.6952 0.2301
vn 0.6810 0.6838 0.2620
vn 0.6810 0.6708 0.2935
vn 0.6811 0.6563 0.3246
vn 0.6811 0.6403 0.3551
vn 0.6811 0.6228 0.3850
vn 0.6812 0.6037 0.4142
vn 0.6812 0.5831 0.4427
vn 0.6813 0.5609 0.4704
vn 0.6813 0.5373 0.4971
vn 0.6813 0.5122 0.5229
vn 0.6814 0.4857 0.5476
vn 0.6814 0.4578 0.5711
vn 0.6814 0.4285 0.5933
vn 0.6815 0.3979 0.6142
vn 0.6815 0.3661 0.6337
vn 0.6815 0.3331 0.6516
vn 0.6816 0.2990 0.6679
vn 0.6816 0.2639 0.6825
vn 0.6816 0.2280 0.6953
vn 0.6816 0.1912 0.7063
vn 0.6816 0.1538 0.7153
vn 0.6816 0.1158 0.7225
vn 0.6817 0.0775 0.7276
vn 0.6817 0.0388 0.7306
vn 0.6817 -0.0000 0.7317
vn 0.6817 -0.0388 0.7306
vn 0.6817 -0.0775 0.7276
vn 0.6816 -0.1158 0.7225
vn 0.6816 -0.1538 0.7153
vn 0.6816 -0.1912 0.7063
vn 0.6816 -0.2280 0.6953
vn 0.6816 -0.2639 0.6825
vn 0.6816 -0.2990 0.6679
vn 0.6815 -0.3331 0.6516
vn 0.6815 -0.3661 0.6337
vn 0.6815 -0.3979 0.6142
vn 0.6814 -0.4285 0.5933
vn 0.6814 -0.4578 0.5711
vn 0.6814 -0.4857 0.5476
vn 0.6813 -0.5122 0.5229
vn 0.6813 -0.5373 0.4971
vn 0.6813 -0.5609 0.4704
vn 0.6812 -0.5831 0.4427
vn 0.6812 -0.6037 0.4142
vn 0.6811 -0.6228 0.3850
vn 0.6811 -0.6403 0.3551
vn 0.6811 -0.6563 0.3246
vn 0.6810 -0.6708 0.2935
vn 0.6810 -0.6838 0.2620
vn 0.6810 -0.6952 0.2301
vn 0.6810 -0.7051 0.1979
vn 0.6809 -0.7134 0.1653
vn 0.6809 -0.7203 0.1326
vn 0.6809 -0.7256 0.0996
vn 0.6809 -0.7294 0.0665
vn 0.6809 -0.7316 0.0333
vn 0.6809 -0.7324 -0.0000
vn 0.6809 -0.7316 -0.0333
vn 0.6809 -0.7294 -0.0665
vn 0.6809 -0.7256 -0.0996
vn 0.6809 -0.7203 -0.1326
vn 0.6809 -0.7134 -0.1653
vn 0.6810 -0.7051 -0.1979
vn 0.6810 -0.6952 -0.2301
vn 0.6810 -0.6838 -0.2620
vn 0.6810 -0.6708 -0.2935
vn 0.6811 -0.6563 -0.3246
vn 0.6811 -0.6403 -0.3551
vn 0.6811 -0.6228 -0.3850
vn 0.6812 -0.6037 -0.4142
vn 0.6812 -0.5831 -0.4427
vn 0.6813 -0.5609 -0.4704
vn 0.6813 -0.5373 -0.4971
vn 0.6813 -0.5122 -0.5229
vn 0.6814 -0.4857 -0.5476
vn 0.6814 -0.4578 -0.5711
vn 0.6814 -0.4285 -0.5933
vn 0.6815 -0.3979 -0.6142
vn 0.6815 -0.3661 -0.6337
vn 0.6815 -0.3331 -0.6516
vn 0.6816 -0.2990 -0.6679
vn 0.6816 -0.2639 -0.6825
vn 0.6816 -0.2280 -0.6953
vn 0.6816 -0.1912 -0.7063
vn 0.6816 -0.1538 -0.7153
vn 0.6816 -0.1158 -0.7225
vn 0.6817 -0.0775 -0.7276
vn 0.6817 -0.0388 -0.7306
vn 0.6817 -0.0000 -0.7317
vn 0.6817 0.0388 -0.7306
vn 0.6817 0.0775 -0.7276
vn 0.6816 0.1158 -0.7225
vn 0.6816 0.1538 -0.7153
vn 0.6816 0.1912 -0.7063
vn 0.6816 0.2280 -0.6953
vn 0.6816 0.2639 -0.6825
vn 0.6816 0.2990 -0.6679
vn 0.6815 0.3331 -0.6516
vn 0.6815 0.3661 -0.6337
vn 0.6815 0.3979 -0.6142
vn 0.6814 0.4285 -0.5933
vn 0.6814 0.4578 -0.5711
vn 0.6814 0.4857 -0.5476
vn 0.6813 0.5122 -0.5229
vn 0.6813 0.5373 -0.4971
vn 0.6813 0.5609 -0.4704
vn 0.6812 0.5831 -0.4427
vn 0.6812 0.6037 -0.4142
vn 0.6811 0.6228 -0.3850
vn 0.6811 0.6403 -0.3551
vn 0.6811 0.6563 -0.3246
vn 0.6810 0.6708 -0.2935
vn 0.6810 0.6838 -0.2620
vn 0.6810 0.6952 -0.2301
vn 0.6810 0.7051 -0.1979
vn 0.6809 0.7134 -0.1653
vn 0.6809 0.7203 -0.1326
vn 0.6809 0.7256 -0.0996
vn 0.6809 0.7294 -0.0665
vn 0.6809 0.7316 -0.0333
vn -1.0000 -0.0000 -0.0000
vn -1.0000 -0.0039 -0.0000
vn -1.0000 -0.0039 -0.0002
vn -1.0000 -0.0039 -0.0004
vn -1.0000 -0.0038 -0.0005
vn -1.0000 -0.0038 -0.0007
vn -1.0000 -0.0038 -0.0009
vn -1.0000 -0.0037 -0.0010
vn -1.0000 -0.0036 -0.0012
vn -1.0000 -0.0036 -0.0014
vn -1.0000 -0.0035 -0.0015
vn -1.0000 -0.0034 -0.0017
vn -1.0000 -0.0033 -0.0018
vn -1.0000 -0.0032 -0.0020
vn -1.0000 -0.0031 -0.0021
vn -1.0000 -0.0030 -0.0023
vn -1.0000 -0.0029 -0.0024
vn -1.0000 -0.0027 -0.0025
vn -1.0000 -0.0026 -0.0027
vn -1.0000 -0.0025 -0.0028
vn -1.0000 -0.0023 -0.0029
vn -1.0000 -0.0022 -0.0030
vn -1.0000 -0.0020 -0.0031
vn -1.0000 -0.0018 -0.0032
vn -1.0000 -0.0017 -0.0032
vn -1.0000 -0.0015 -0.0033
vn -1.0000 -0.0013 -0.0034
vn -1.0000 -0.0011 -0.0034
vn -1.0000 -0.0009 -0.0035
vn -1.0000 -0.0007 -0.0035
vn -1.0000 -0.0006 -0.0035
vn -1.0000 -0.0004 -0.0036
vn -1.0000 -0.0002 -0.0036
vn -1.0000 -0.0000 -0.0036
vn -1.0000 0.0002 -0.0036
vn -1.0000 0.0004 -0.0036
vn -1.0000 0.0006 -0.0035
vn -1.0000 0.0007 -0.0035
vn -1.0000 0.0009 -0.0035
vn -1.0000 0.0011 -0.0034
vn -1.0000 0.0013 -0.0034
vn -1.0000 0.0015 -0.0033
vn -1.0000 0.0017 -0.0032
vn -1.0000 0.0018 -0.0032
vn -1.0000 0.0020 -0.0031
vn -1.0000 0.0022 -0.0030
vn -1.0000 0.0023 -0.0029
vn -1.0000 0.0024 -0.0028
vn -1.0000 0.0026 -0.0027
vn -1.0000 0.0027 -0.0025
vn -1.0000 0.0029 -0.0024
vn -1.0000 0.0030 -0.0023
vn -1.0000 0.0031 -0.0021
vn -1.0000 0.0032 -0.0020
vn -1.0000 0.0033 -0.0018
vn -1.0000 0.0034 -0.0017
vn -1.0000 0.0035 -0.0015
vn -1.0000 0.0036 -0.0014
vn -1.0000 0.0036 -0.0012
vn -1.0000 0.0037 -0.0010
vn -1.0000 0.0038 -0.0009
vn -1.0000 0.0038 -0.0007
vn -1.0000 0.0038 -0.0005
vn -1.0000 0.0039 -0.0004
vn -1.0000 0.0039 -0.0002
vn -1.0000 0.0039 -0.0000
vn -1.0000 0.0039 0.0002
vn -1.0000 0.0039 0.0004
vn -1.0000 0.0038 0.0005
vn -1.0000 0.0038 0.0007
vn -1.0000 0.0037 0.0009
vn -1.0000 0.0037 0.0010
vn -1.0000 0.0037 0.0012
vn -1.0000 0.0036 0.0014
vn -1.0000 0.0035 0.0015
vn -1.0000 0.0034 0.0017
vn -1.0000 0.0033 0.0018
vn -1.0000 0.0032 0.0020
vn -1.0000 0.0031 0.0021
vn -1.0000 0.0030 0.0023
vn -1.0000 0.0029 0.0024
vn -1.0000 0.0028 0.0025
vn -1.0000 0.0026 0.0027
vn -1.0000 0.0025 0.0028
vn -1.0000 0.0023 0.0029
vn -1.0000 0.0022 0.0030
vn -1.0000 0.0020 0.0031
vn -1.0000 0.0018 0.0032
vn -1.0000 0.0016 0.0032
vn -1.0000 0.0015 0.0033
vn -1.0000 0.0013 0.0034
vn -1.0000 0.0011 0.0034
vn -1.0000 0.0009 0.0035
vn -1.0000 0.0008 0.0035
vn -1.0000 0.0006 0.0035
vn -1.0000 0.0004 0.0036
vn -1.0000 0.0001 0.0036
vn -1.0000 -0.0000 0.0036
vn -1.0000 -0.0002 0.0036
vn -1.0000 -0.0004 0.0036
vn -1.0000 -0.0006 0.0035
vn -1.0000 -0.0008 0.0035
vn -1.0000 -0.0009 0.0035
vn -1.0000 -0.0011 0.0034
vn -1.0000 -0.0013 0.0034
vn -1.0000 -0.0015 0.0033
vn -1.0000 -0.0017 0.0032
vn -1.0000 -0.0018 0.0032
vn -1.0000 -0.0020 0.0031
vn -1.0000 -0.0022 0.0030
vn -1.0000 -0.0023 0.0029
vn -1.0000 -0.0025 0.0028
vn -1.0000 -0.0026 0.0027
vn -1.0000 -0.0028 0.0025
vn -1.0000 -0.0029 0.0024
vn -1.0000 -0.0030 0.0023
vn -1.0000 -0.0031 0.0021
vn -1.0000 -0.0032 0.0020
vn -1.0000 -0.0033 0.0018
vn -1.0000 -0.0034 0.0017
vn -1.0000 -0.0035 0.0015
vn -1.0000 -0.0036 0.0014
vn -1.0000 -0.0036 0.0012
vn -1.0000 -0.0037 0.0010
vn -1.0000 -0.0037 0.0009
vn -1.0000 -0.0038 0.0007
vn -1.0000 -0.0038 0.0005
vn -1.0000 -0.0039 0.0004
vn -1.0000 -0.0039 0.0002
vn -1.0000 -0.0077 -0.0000
vn -1.0000 -0.0077 -0.0003
vn -1.0000 -0.0077 -0.0007
vn -1.0000 -0.0076 -0.0010
vn -1.0000 -0.0076 -0.0014
vn -1.0000 -0.0075 -0.0017
vn -1.0000 -0.0074 -0.0021
vn -1.0000 -0.0073 -0.0024
vn -1.0000 -0.0071 -0.0027
vn -1.0000 -0.0070 -0.0030
vn -1.0000 -0.0068 -0.0034
vn -1.0000 -0.0066 -0.0037
vn -1.0000 -0.0064 -0.0040
vn -1.0000 -0.0062 -0.0042
vn -1.0000 -0.0060 -0.0045
vn -1.0000 -0.0057 -0.0048
vn -1.0000 -0.0055 -0.0050
vn -1.0000 -0.0052 -0.0053
vn -1.0000 -0.0049 -0.0055
vn -1.0000 -0.0046 -0.0057
vn -1.0000 -0.0043 -0.0059
vn -1.0000 -0.0040 -0.0061
vn -1.0000 -0.0036 -0.0063
vn -1.0000 -0.0033 -0.0064
vn -1.0000 -0.0030 -0.0066
vn -1.0000 -0.0026 -0.0067
vn -1.0000 -0.0022 -0.0068
vn -1.0000 -0.0019 -0.0069
vn -1.0000 -0.0015 -0.0070
vn -1.0000 -0.0011 -0.0071
vn -1.0000 -0.0008 -0.0071
vn -1.0000 -0.0004 -0.0071
vn -1.0000 -0.0000 -0.0071
vn -1.0000 0.0004 -0.0071
vn -1.0000 0.0008 -0.0071
vn -1.0000 0.0011 -0.0071
vn -1.0000 0.0015 -0.0070
vn -1.0000 0.0019 -0.0069
vn -1.0000 0.0022 -0.0068
vn -1.0000 0.0026 -0.0067
vn -1.0000 0.0029 -0.0066
vn -1.0000 0.0033 -0.0064
vn -1.0000 0.0036 -0.0063
vn -1.0000 0.0040 -0.0061
vn -1.0000 0.0043 -0.0059
vn -1.0000 0.0046 -0.0057
vn -1.0000 0.0049 -0.0055
vn -1.0000 0.0052 -0.0053
vn -1.0000 0.0055 -0.0050
vn -1.0000 0.0057 -0.0048
vn -1.0000 0.0060 -0.0045
vn -1.0000 0.0062 -0.0042
vn -1.0000 0.0064 -0.0040
vn -1.0000 0.0066 -0.0037
vn -1.0000 0.0068 -0.0034
vn -1.0000 0.0070 -0.0030
vn -1.0000 0.0071 -0.0027
vn -1.0000 0.0073 -0.0024
vn -1.0000 0.0074 -0.0021
vn -1.0000 0.0075 -0.0017
vn -1.0000 0.0076 -0.0014
vn -1.0000 0.0076 -0.0010
vn -1.0000 0.0077 -0.0007
vn -1.0000 0.0077 -0.0003
vn -1.0000 0.0077 -0.0000
vn -1.0000 0.0077 0.0003
vn -1.0000 0.0077 0.0007
vn -1.0000 0.0076 0.0010
vn -1.0000 0.0076 0.0014
vn -1.0000 0.0075 0.0017
vn -1.0000 0.0074 0.0021
vn -1.0000 0.0073 0.0024
vn -1.0000 0.0071 0.0027
vn -1.0000 0.0070 0.0030
vn -1.0000 0.0068 0.0034
vn -1.0000 0.0066 0.0037
vn -1.0000 0.0064 0.0040
vn -1.0000 0.0062 0.0042
vn -1.0000 0.0060 0.0045
vn -1.0000 0.0057 0.0048
vn -1.0000 0.0054 0.0050
vn -1.0000 0.0052 0.0053
vn -1.0000 0.0049 0.0055
vn -1.0000 0.0046 0.0057
vn -1.0000 0.0043 0.0059
vn -1.0000 0.0040 0.0061
vn -1.0000 0.0036 0.0063
vn -1.0000 0.0033 0.0064
vn -1.0000 0.0030 0.0066
vn -1.0000 0.0026 0.0067
vn -1.0000 0.0022 0.0068
vn -1.0000 0.0019 0.0069
vn -1.0000 0.0015 0.0070
vn -1.0000 0.0011 0.0071
vn -1.0000 0.0008 0.0071
vn -1.0000 0.0004 0.0071
vn -1.0000 -0.0000 0.0071
vn -1.0000 -0.0004 0.0071
vn -1.0000 -0.0008 0.0071
vn -1.0000 -0.0011 0.0071
vn -1.0000 -0.0015 0.0070
vn -1.0000 -0.0019 0.0069
vn -1.0000 -0.0022 0.0068
vn -1.0000 -0.0026 0.0067
vn -1.0000 -0.0030 0.0066
vn -1.0000 -0.0033 0.0064
vn -1.0000 -0.0036 0.0063
vn -1.0000 -0.0040 0.0061
vn -1.0000 -0.0043 0.0059
vn -1.0000 -0.0046 0.0057
vn -1.0000 -0.0049 0.0055
vn -1.0000 -0.0052 0.0053
vn -1.0000 -0.0055 0.0050
vn -1.0000 -0.0057 0.0048
vn -1.0000 -0.0060 0.0045
vn -1.0000 -0.0062 0.0042
vn -1.0000 -0.0064 0.0040
vn -1.0000 -0.0066 0.0037
vn -1.0000 -0.0068 0.0034
vn -1.0000 -0.0070 0.0030
vn -1.0000 -0.0071 0.0027
vn -1.0000 -0.0073 0.0024
vn -1.0000 -0.0074 0.0021
vn -1.0000 -0.0075 0.0017
vn -1.0000 -0.0076 0.0014
vn -1.0000 -0.0076 0.0010
vn -1.0000 -0.0077 0.0007
vn -1.0000 -0.0077 0.0003
vn -0.9999 -0.0115 -0.0000
vn -0.9999 -0.0115 -0.0005
vn -0.9999 -0.0115 -0.0010
vn -0.9999 -0.0114 -0.0016
vn -0.9999 -0.0113 -0.0021
vn -0.9999 -0.0112 -0.0026
vn -0.9999 -0.0111 -0.0031
vn -0.9999 -0.0109 -0.0036
vn -0.9999 -0.0107 -0.0041
vn -0.9999 -0.0104 -0.0046
vn -0.9999 -0.0102 -0.0050
vn -0.9999 -0.0099 -0.0055
vn -0.9999 -0.0096 -0.0059
vn -0.9999 -0.0093 -0.0064
vn -0.9999 -0.0089 -0.0068
vn -0.9999 -0.0086 -0.0072
vn -0.9999 -0.0082 -0.0076
vn -0.9999 -0.0078 -0.0079
vn -0.9999 -0.0073 -0.0083
vn -0.9999 -0.0069 -0.0086
vn -0.9999 -0.0064 -0.0089
vn -0.9999 -0.0059 -0.0092
vn -0.9999 -0.0054 -0.0094
vn -0.9999 -0.0049 -0.0097
vn -0.9999 -0.0044 -0.0099
vn -0.9999 -0.0039 -0.0101
vn -0.9999 -0.0034 -0.0102
vn -0.9999 -0.0028 -0.0104
vn -0.9999 -0.0023 -0.0105
vn -0.9999 -0.0017 -0.0106
vn -0.9999 -0.0011 -0.0106
vn -0.9999 -0.0006 -0.0107
vn -0.9999 -0.0000 -0.0107
vn -0.9999 0.0006 -0.0107
vn -0.9999 0.0011 -0.0106
vn -0.9999 0.0017 -0.0106
vn -0.9999 0.0023 -0.0105
vn -0.9999 0.0028 -0.0104
vn -0.9999 0.0034 -0.0102
vn -0.9999 0.0039 -0.0101
vn -0.9999 0.0044 -0.0099
vn -0.9999 0.0049 -0.0097
vn -0.9999 0.0054 -0.0094
vn -0.9999 0.0059 -0.0092
vn -0.9999 0.0064 -0.0089
vn -0.9999 0.0069 -0.0086
vn -0.9999 0.0073 -0.0083
vn -0.9999 0.0078 -0.0079
vn -0.9999 0.0082 -0.0076
vn -0.9999 0.0086 -0.0072
vn -0.9999 0.0089 -0.0068
vn -0.9999 0.0093 -0.0064
vn -0.9999 0.0096 -0.0059
vn -0.9999 0.0099 -0.0055
vn -0.9999 0.0102 -0.0050
vn -0.9999 0.0104 -0.0046
vn -0.9999 0.0107 -0.0041
vn -0.9999 0.0109 -0.0036
vn -0.9999 0.0110 -0.0031
vn -0.9999 0.0112 -0.0026
vn -0.9999 0.0113 -0.0021
vn -0.9999 0.0114 -0.0016
vn -0.9999 0.0115 -0.0010
vn -0.9999 0.0115 -0.0005
vn -0.9999 0.0115 -0.0000
vn -0.9999 0.0115 0.0005
vn -0.9999 0.0115 0.0010
vn -0.9999 0.0114 0.0016
vn -0.9999 0.0113 0.0021
vn -0.9999 0.0112 0.0026
vn -0.9999 0.0110 0.0031
vn -0.9999 0.0109 0.0036
vn -0.9999 0.0107 0.0041
vn -0.9999 0.0104 0.0046
vn -0.9999 0.0102 0.0050
vn -0.9999 0.0099 0.0055
vn -0.9999 0.0096 0.0059
vn -0.9999 0.0093 0.0064
vn -0.9999 0.0089 0.0068
vn -0.9999 0.0086 0.0072
vn -0.9999 0.0082 0.0076
vn -0.9999 0.0078 0.0079
vn -0.9999 0.0073 0.0083
vn -0.9999 0.0069 0.0086
vn -0.9999 0.0064 0.0089
vn -0.9999 0.0059 0.0092
vn -0.9999 0.0054 0.0094
vn -0.9999 0.0049 0.0097
vn -0.9999 0.0044 0.0099
vn -0.9999 0.0039 0.0101
vn -0.9999 0.0034 0.0102
vn -0.9999 0.0028 0.0104
vn -0.9999 0.0023 0.0105
vn -0.9999 0.0017 0.0106
vn -0.9999 0.0011 0.0106
vn -0.9999 0.0006 0.0107
vn -0.9999 -0.0000 0.0107
vn -0.9999 -0.0006 0.0107
vn -0.9999 -0.0011 0.0106
vn -0.9999 -0.0017 0.0106
vn -0.9999 -0.0023 0.0105
vn -0.9999 -0.0028 0.0104
vn -0.9999 -0.0034 0.0102
vn -0.9999 -0.0039 0.0101
vn -0.9999 -0.0044 0.0099
vn -0.9999 -0.0049 0.0097
vn -0.9999 -0.0054 0.0094
vn -0.9999 -0.0059 0.0092
vn -0.9999 -0.0064 0.0089
vn -0.9999 -0.0069 0.0086
vn -0.9999 -0.0073 0.0083
vn -0.9999 -0.0078 0.0079
vn -0.9999 -0.0082 0.0076
vn -0.9999 -0.0086 0.0072
vn -0.9999 -0.0089 0.0068
vn -0.9999 -0.0093 0.0064
vn -0.9999 -0.0096 0.0059
vn -0.9999 -0.0099 0.0055
vn -0.9999 -0.0102 0.0050
vn -0.9999 -0.0104 0.0046
vn -0.9999 -0.0107 0.0041
vn -0.9999 -0.0109 0.0036
vn -0.9999 -0.0110 0.0031
vn -0.9999 -0.0112 0.0026
vn -0.9999 -0.0113 0.0021
vn -0.9999 -0.0114 0.0016
vn -0.9999 -0.0115 0.0010
vn -0.9999 -0.0115 0.0005
vn -0.9999 -0.0154 -0.0000
vn -0.9999 -0.0154 -0.0007
vn -0.9999 -0.0153 -0.0014
vn -0.9999 -0.0152 -0.0021
vn -0.9999 -0.0151 -0.0028
vn -0.9999 -0.0149 -0.0035
vn -0.9999 -0.0147 -0.0041
vn -0.9999 -0.0145 -0.0048
vn -0.9999 -0.0142 -0.0054
vn -0.9999 -0.0139 -0.0061
vn -0.9999 -0.0136 -0.0067
vn -0.9999 -0.0132 -0.0073
vn -0.9999 -0.0128 -0.0079
vn -0.9999 -0.0124 -0.0085
vn -0.9999 -0.0119 -0.0090
vn -0.9999 -0.0114 -0.0096
vn -0.9999 -0.0109 -0.0101
vn -0.9999 -0.0103 -0.0105
vn -0.9999 -0.0098 -0.0110
vn -0.9999 -0.0092 -0.0114
vn -0.9999 -0.0086 -0.0118
vn -0.9999 -0.0079 -0.0122
vn -0.9999 -0.0073 -0.0126
vn -0.9999 -0.0066 -0.0129
vn -0.9999 -0.0059 -0.0132
vn -0.9999 -0.0052 -0.0134
vn -0.9999 -0.0045 -0.0136
vn -0.9999 -0.0037 -0.0138
vn -0.9999 -0.0030 -0.0140
vn -0.9999 -0.0023 -0.0141
vn -0.9999 -0.0015 -0.0142
vn -0.9999 -0.0008 -0.0142
vn -0.9999 -0.0000 -0.0142
vn -0.9999 0.0008 -0.0142
vn -0.9999 0.0015 -0.0142
vn -0.9999 0.0023 -0.0141
vn -0.9999 0.0030 -0.0140
vn -0.9999 0.0037 -0.0138
vn -0.9999 0.0045 -0.0136
vn -0.9999 0.0052 -0.0134
vn -0.9999 0.0059 -0.0132
vn -0.9999 0.0066 -0.0129
vn -0.9999 0.0073 -0.0126
vn -0.9999 0.0079 -0.0122
vn -0.9999 0.0086 -0.0118
vn -0.9999 0.0092 -0.0114
vn -0.9999 0.0098 -0.0110
vn -0.9999 0.0103 -0.0105
vn -0.9999 0.0109 -0.0101
vn -0.9999 0.0114 -0.0096
vn -0.9999 0.0119 -0.0090
vn -0.9999 0.0124 -0.0085
vn -0.9999 0.0128 -0.0079
vn -0.9999 0.0132 -0.0073
vn -0.9999 0.0136 -0.0067
vn -0.9999 0.0139 -0.0061
vn -0.9999 0.0142 -0.0054
vn -0.9999 0.0145 -0.0048
vn -0.9999 0.0147 -0.0041
vn -0.9999 0.0149 -0.0035
vn -0.9999 0.0151 -0.0028
vn -0.9999 0.0152 -0.0021
vn -0.9999 0.0153 -0.0014
vn -0.9999 0.0154 -0.0007
vn -0.9999 0.0154 -0.0000
vn -0.9999 0.0154 0.0007
vn -0.9999 0.0153 0.0014
vn -0.9999 0.0152 0.0021
vn -0.9999 0.0151 0.0028
vn -0.9999 0.0149 0.0035
vn -0.9999 0.0147 0.0041
vn -0.9999 0.0145 0.0048
vn -0.9999 0.0142 0.0054
vn -0.9999 0.0139 0.0061
vn -0.9999 0.0136 0.0067
vn -0.9999 0.0132 0.0073
vn -0.9999 0.0128 0.0079
vn -0.9999 0.0124 0.0085
vn -0.9999 0.0119 0.0090
vn -0.9999 0.0114 0.0096
vn -0.9999 0.0109 0.0101
vn -0.9999 0.0103 0.0105
vn -0.9999 0.0098 0.0110
vn -0.9999 0.0092 0.0114
vn -0.9999 0.0086 0.0118
vn -0.9999 0.0079 0.0122
vn -0.9999 0.0073 0.0126
vn -0.9999 0.0066 0.0129
vn -0.9999 0.0059 0.0132
vn -0.9999 0.0052 0.0134
vn -0.9999 0.0045 0.0136
vn -0.9999 0.0037 0.0138
vn -0.9999 0.0030 0.0140
vn -0.9999 0.0023 0.0141
vn -0.9999 0.0015 0.0142
vn -0.9999 0.0008 0.0142
vn -0.9999 -0.0000 0.0142
vn -0.9999 -0.0008 0.0142
vn -0.9999 -0.0015 0.0142
vn -0.9999 -0.0023 0.0141
vn -0.9999 -0.0030 0.0140
vn -0.9999 -0.0037 0.0138
vn -0.9999 -0.0045 0.0136
vn -0.9999 -0.0052 0.0134
vn -0.9999 -0.0059 0.0132
vn -0.9999 -0.0066 0.0129
vn -0.9999 -0.0073 0.0126
vn -0.9999 -0.0079 0.0122
vn -0.9999 -0.0086 0.0118
vn -0.9999 -0.0092 0.0114
vn -0.9999 -0.0098 0.0110
vn -0.9999 -0.0103 0.0105
vn -0.9999 -0.0109 0.0101
vn -0.9999 -0.0114 0.0096
vn -0.9999 -0.0119 0.0090
vn -0.9999 -0.0124 0.0085
vn -0.9999 -0.0128 0.0079
vn -0.9999 -0.0132 0.0073
vn -0.9999 -0.0136 0.0067
vn -0.9999 -0.0139 0.0061
vn -0.9999 -0.0142 0.0054
vn -0.9999 -0.0145 0.0048
vn -0.9999 -0.0147 0.0041
vn -0.9999 -0.0149 0.0035
vn -0.9999 -0.0151 0.0028
vn -0.9999 -0.0152 0.0021
vn -0.9999 -0.0153 0.0014
vn -0.9999 -0.0154 0.0007
vn -0.9998 -0.0192 -0.0000
vn -0.9998 -0.0192 -0.0009
vn -0.9998 -0.0191 -0.0017
vn -0.9998 -0.0190 -0.0026
vn -0.9998 -0.0189 -0.0035
vn -0.9998 -0.0187 -0.0043
vn -0.9998 -0.0184 -0.0052
vn -0.9998 -0.0181 -0.0060
vn -0.9998 -0.0178 -0.0068
vn -0.9998 -0.0174 -0.0076
vn -0.9998 -0.0170 -0.0084
vn -0.9998 -0.0165 -0.0091
vn -0.9998 -0.0160 -0.0099
vn -0.9998 -0.0154 -0.0106
vn -0.9998 -0.0149 -0.0113
vn -0.9998 -0.0143 -0.0119
vn -0.9998 -0.0136 -0.0126
vn -0.9998 -0.0129 -0.0132
vn -0.9998 -0.0122 -0.0137
vn -0.9998 -0.0115 -0.0143
vn -0.9998 -0.0107 -0.0148
vn -0.9998 -0.0099 -0.0153
vn -0.9998 -0.0091 -0.0157
vn -0.9998 -0.0082 -0.0161
vn -0.9998 -0.0074 -0.0164
vn -0.9998 -0.0065 -0.0167
vn -0.9998 -0.0056 -0.0170
vn -0.9998 -0.0047 -0.0173
vn -0.9998 -0.0038 -0.0174
vn -0.9998 -0.0028 -0.0176
vn -0.9998 -0.0019 -0.0177
vn -0.9998 -0.0009 -0.0178
vn -0.9998 -0.0000 -0.0178
vn -0.9998 0.0009 -0.0178
vn -0.9998 0.0019 -0.0177
vn -0.9998 0.0028 -0.0176
vn -0.9998 0.0037 -0.0174
vn -0.9998 0.0047 -0.0173
vn -0.9998 0.0056 -0.0170
vn -0.9998 0.0065 -0.0167
vn -0.9998 0.0074 -0.0164
vn -0.9998 0.0082 -0.0161
vn -0.9998 0.0091 -0.0157
vn -0.9998 0.0099 -0.0153
vn -0.9998 0.0107 -0.0148
vn -0.9998 0.0115 -0.0143
vn -0.9998 0.0122 -0.0137
vn -0.9998 0.0129 -0.0132
vn -0.9998 0.0136 -0.0126
vn -0.9998 0.0143 -0.0119
vn -0.9998 0.0149 -0.0113
vn -0.9998 0.0154 -0.0106
vn -0.9998 0.0160 -0.0099
vn -0.9998 0.0165 -0.0091
vn -0.9998 0.0170 -0.0084
vn -0.9998 0.0174 -0.0076
vn -0.9998 0.0178 -0.0068
vn -0.9998 0.0181 -0.0060
vn -0.9998 0.0184 -0.0052
vn -0.9998 0.0187 -0.0043
vn -0.9998 0.0189 -0.0035
vn -0.9998 0.0190 -0.0026
vn -0.9998 0.0191 -0.0017
vn -0.9998 0.0192 -0.0009
vn -0.9998 0.0192 -0.0000
vn -0.9998 0.0192 0.0009
vn -0.9998 0.0191 0.0017
vn -0.9998 0.0190 0.0026
vn -0.9998 0.0189 0.0035
vn -0.9998 0.0187 0.0043
vn -0.9998 0.0184 0.0052
vn -0.9998 0.0181 0.0060
vn -0.9998 0.0178 0.0068
vn -0.9998 0.0174 0.0076
vn -0.9998 0.0170 0.0084
vn -0.9998 0.0165 0.0091
vn -0.9998 0.0160 0.0099
vn -0.9998 0.0155 0.0106
vn -0.9998 0.0149 0.0113
vn -0.9998 0.0143 0.0119
vn -0.9998 0.0136 0.0126
vn -0.9998 0.0129 0.0132
vn -0.9998 0.0122 0.0137
vn -0.9998 0.0115 0.0143
vn -0.9998 0.0107 0.0148
vn -0.9998 0.0099 0.0153
vn -0.9998 0.0091 0.0157
vn -0.9998 0.0082 0.0161
vn -0.9998 0.0074 0.0164
vn -0.9998 0.0065 0.0167
vn -0.9998 0.0056 0.0170
vn -0.9998 0.0047 0.0173
vn -0.9998 0.0037 0.0174
vn -0.9998 0.0028 0.0176
vn -0.9998 0.0019 0.0177
vn -0.9998 0.0009 0.0178
vn -0.9998 -0.0000 0.0178
vn -0.9998 -0.0009 0.0178
vn -0.9998 -0.0019 0.0177
vn -0.9998 -0.0028 0.0176
vn -0.9998 -0.0037 0.0174
vn -0.9998 -0.0047 0.0173
vn -0.9998 -0.0056 0.0170
vn -0.9998 -0.0065 0.0167
vn -0.9998 -0.0074 0.0164
vn -0.9998 -0.0082 0.0161
vn -0.9998 -0.0091 0.0157
vn -0.9998 -0.0099 0.0153
vn -0.9998 -0.0107 0.0148
vn -0.9998 -0.0115 0.0143
vn -0.9998 -0.0122 0.0137
vn -0.9998 -0.0129 0.0132
vn -0.9998 -0.0136 0.0126
vn -0.9998 -0.0143 0.0119
vn -0.9998 -0.0149 0.0113
vn -0.9998 -0.0155 0.0106
vn -0.9998 -0.0160 0.0099
vn -0.9998 -0.0165 0.0091
vn -0.9998 -0.0170 0.0084
vn -0.9998 -0.0174 0.0076
vn -0.9998 -0.0178 0.0068
vn -0.9998 -0.0181 0.0060
vn -0.9998 -0.0184 0.0052
vn -0.9998 -0.0187 0.0043
vn -0.9998 -0.0189 0.0035
vn -0.9998 -0.0190 0.0026
vn -0.9998 -0.0191 0.0017
vn -0.9998 -0.0192 0.0009
vn -0.9997 -0.0231 -0.0000
vn -0.9997 -0.0230 -0.0010
vn -0.9997 -0.0230 -0.0021
vn -0.9997 -0.0228 -0.0031
vn -0.9997 -0.0226 -0.0042
vn -0.9997 -0.0224 -0.0052
vn -0.9997 -0.0221 -0.0062
vn -0.9997 -0.0217 -0.0072
vn -0.9997 -0.0213 -0.0082
vn -0.9997 -0.0209 -0.0091
vn -0.9997 -0.0203 -0.0101
vn -0.9997 -0.0198 -0.0110
vn -0.9997 -0.0192 -0.0119
vn -0.9997 -0.0185 -0.0127
vn -0.9997 -0.0178 -0.0135
vn -0.9998 -0.0171 -0.0143
vn -0.9998 -0.0163 -0.0151
vn -0.9998 -0.0155 -0.0158
vn -0.9998 -0.0146 -0.0165
vn -0.9998 -0.0137 -0.0171
vn -0.9998 -0.0128 -0.0177
vn -0.9998 -0.0119 -0.0183
vn -0.9998 -0.0109 -0.0188
vn -0.9998 -0.0099 -0.0193
vn -0.9998 -0.0088 -0.0197
vn -0.9998 -0.0078 -0.0201
vn -0.9998 -0.0067 -0.0204
vn -0.9998 -0.0056 -0.0207
vn -0.9998 -0.0045 -0.0209
vn -0.9998 -0.0034 -0.0211
vn -0.9998 -0.0023 -0.0212
vn -0.9998 -0.0011 -0.0213
vn -0.9998 -0.0000 -0.0213
vn -0.9998 0.0011 -0.0213
vn -0.9998 0.0023 -0.0212
vn -0.9998 0.0034 -0.0211
vn -0.9998 0.0045 -0.0209
vn -0.9998 0.0056 -0.0207
vn -0.9998 0.0067 -0.0204
vn -0.9998 0.0078 -0.0201
vn -0.9998 0.0088 -0.0197
vn -0.9998 0.0099 -0.0193
vn -0.9998 0.0109 -0.0188
vn -0.9998 0.0119 -0.0183
vn -0.9998 0.0128 -0.0177
vn -0.9998 0.0137 -0.0171
vn -0.9998 0.0146 -0.0165
vn -0.9998 0.0155 -0.0158
vn -0.9998 0.0163 -0.0151
vn -0.9998 0.0171 -0.0143
vn -0.9997 0.0178 -0.0135
vn -0.9997 0.0185 -0.0127
vn -0.9997 0.0192 -0.0119
vn -0.9997 0.0198 -0.0110
vn -0.9997 0.0203 -0.0101
vn -0.9997 0.0209 -0.0091
vn -0.9997 0.0213 -0.0082
vn -0.9997 0.0217 -0.0072
vn -0.9997 0.0221 -0.0062
vn -0.9997 0.0224 -0.0052
vn -0.9997 0.0226 -0.0042
vn -0.9997 0.0228 -0.0031
vn -0.9997 0.0230 -0.0021
vn -0.9997 0.0230 -0.0010
vn -0.9997 0.0231 -0.0000
vn -0.9997 0.0230 0.0010
vn -0.9997 0.0230 0.0021
vn -0.9997 0.0228 0.0031
vn -0.9997 0.0226 0.0042
vn -0.9997 0.0224 0.0052
vn -0.9997 0.0221 0.0062
vn -0.9997 0.0217 0.0072
vn -0.9997 0.0213 0.0082
vn -0.9997 0.0209 0.0091
vn -0.9997 0.0203 0.0101
vn -0.9997 0.0198 0.0110
vn -0.9997 0.0192 0.0119
vn -0.9997 0.0185 0.0127
vn -0.9997 0.0178 0.0135
vn -0.9998 0.0171 0.0143
vn -0.9998 0.0163 0.0151
vn -0.9998 0.0155 0.0158
vn -0.9998 0.0146 0.0165
vn -0.9998 0.0137 0.0171
vn -0.9998 0.0128 0.0177
vn -0.9998 0.0119 0.0183
vn -0.9998 0.0109 0.0188
vn -0.9998 0.0099 0.0193
vn -0.9998 0.0088 0.0197
vn -0.9998 0.0078 0.0201
vn -0.9998 0.0067 0.0204
vn -0.9998 0.0056 0.0207
vn -0.9998 0.0045 0.0209
vn -0.9998 0.0034 0.0211
vn -0.9998 0.0023 0.0212
vn -0.9998 0.0011 0.0213
vn -0.9998 -0.0000 0.0213
vn -0.9998 -0.0011 0.0213
vn -0.9998 -0.0023 0.0212
vn -0.9998 -0.0034 0.0211
vn -0.9998 -0.0045 0.0209
vn -0.9998 -0.0056 0.0207
vn -0.9998 -0.0067 0.0204
vn -0.9998 -0.0078 0.0201
vn -0.9998 -0.0088 0.0197
vn -0.9998 -0.0099 0.0193
vn -0.9998 -0.0109 0.0188
vn -0.9998 -0.0119 0.0183
vn -0.9998 -0.0128 0.0177
vn -0.9998 -0.0137 0.0171
vn -0.9998 -0.0146 0.0165
vn -0.9998 -0.0155 0.0158
vn -0.9998 -0.0163 0.0151
vn -0.9998 -0.0171 0.0143
vn -0.9997 -0.0178 0.0135
vn -0.9997 -0.0185 0.0127
vn -0.9997 -0.0192 0.0119
vn -0.9997 -0.0198 0.0110
vn -0.9997 -0.0203 0.0101
vn -0.9997 -0.0209 0.0091
vn -0.9997 -0.0213 0.0082
vn -0.9997 -0.0217 0.0072
vn -0.9997 -0.0221 0.0062
vn -0.9997 -0.0224 0.0052
vn -0.9997 -0.0226 0.0042
vn -0.9997 -0.0228 0.0031
vn -0.9997 -0.0230 0.0021
vn -0.9997 -0.0230 0.0010
vn -0.9996 -0.0269 -0.0000
vn -0.9996 -0.0269 -0.0012
vn -0.9996 -0.0268 -0.0024
vn -0.9996 -0.0266 -0.0037
vn -0.9996 -0.0264 -0.0049
vn -0.9996 -0.0261 -0.0060
vn -0.9996 -0.0257 -0.0072
vn -0.9996 -0.0253 -0.0084
vn -0.9996 -0.0249 -0.0095
vn -0.9996 -0.0243 -0.0106
vn -0.9996 -0.0237 -0.0117
vn -0.9997 -0.0231 -0.0128
vn -0.9997 -0.0224 -0.0138
vn -0.9997 -0.0216 -0.0148
vn -0.9997 -0.0208 -0.0158
vn -0.9997 -0.0199 -0.0167
vn -0.9997 -0.0190 -0.0176
vn -0.9997 -0.0181 -0.0184
vn -0.9997 -0.0171 -0.0192
vn -0.9997 -0.0160 -0.0200
vn -0.9997 -0.0150 -0.0207
vn -0.9997 -0.0138 -0.0213
vn -0.9997 -0.0127 -0.0219
vn -0.9997 -0.0115 -0.0225
vn -0.9997 -0.0103 -0.0230
vn -0.9997 -0.0091 -0.0234
vn -0.9997 -0.0078 -0.0238
vn -0.9997 -0.0065 -0.0241
vn -0.9997 -0.0053 -0.0244
vn -0.9997 -0.0039 -0.0246
vn -0.9997 -0.0026 -0.0248
vn -0.9997 -0.0013 -0.0249
vn -0.9997 -0.0000 -0.0249
vn -0.9997 0.0013 -0.0249
vn -0.9997 0.0026 -0.0248
vn -0.9997 0.0039 -0.0246
vn -0.9997 0.0053 -0.0244
vn -0.9997 0.0065 -0.0241
vn -0.9997 0.0078 -0.0238
vn -0.9997 0.0091 -0.0234
vn -0.9997 0.0103 -0.0230
vn -0.9997 0.0115 -0.0225
vn -0.9997 0.0127 -0.0219
vn -0.9997 0.0138 -0.0213
vn -0.9997 0.0149 -0.0207
vn -0.9997 0.0160 -0.0200
vn -0.9997 0.0171 -0.0192
vn -0.9997 0.0181 -0.0184
vn -0.9997 0.0190 -0.0176
vn -0.9997 0.0199 -0.0167
vn -0.9997 0.0208 -0.0158
vn -0.9997 0.0216 -0.0148
vn -0.9997 0.0224 -0.0138
vn -0.9997 0.0231 -0.0128
vn -0.9996 0.0237 -0.0117
vn -0.9996 0.0243 -0.0106
vn -0.9996 0.0249 -0.0095
vn -0.9996 0.0253 -0.0084
vn -0.9996 0.0257 -0.0072
vn -0.9996 0.0261 -0.0060
vn -0.9996 0.0264 -0.0049
vn -0.9996 0.0266 -0.0037
vn -0.9996 0.0268 -0.0024
vn -0.9996 0.0269 -0.0012
vn -0.9996 0.0269 -0.0000
vn -0.9996 0.0269 0.0012
vn -0.9996 0.0268 0.0024
vn -0.9996 0.0266 0.0037
vn -0.9996 0.0264 0.0049
vn -0.9996 0.0261 0.0060
vn -0.9996 0.0257 0.0072
vn -0.9996 0.0253 0.0084
vn -0.9996 0.0249 0.0095
vn -0.9996 0.0243 0.0106
vn -0.9996 0.0237 0.0117
vn -0.9997 0.0231 0.0128
vn -0.9997 0.0224 0.0138
vn -0.9997 0.0216 0.0148
vn -0.9997 0.0208 0.0158
vn -0.9997 0.0199 0.0167
vn -0.9997 0.0190 0.0176
vn -0.9997 0.0181 0.0184
vn -0.9997 0.0171 0.0192
vn -0.9997 0.0160 0.0200
vn -0.9997 0.0150 0.0207
vn -0.9997 0.0138 0.0213
vn -0.9997 0.0127 0.0219
vn -0.9997 0.0115 0.0225
vn -0.9997 0.0103 0.0230
vn -0.9997 0.0091 0.0234
vn -0.9997 0.0078 0.0238
vn -0.9997 0.0065 0.0241
vn -0.9997 0.0053 0.0244
vn -0.9997 0.0039 0.0246
vn -0.9997 0.0026 0.0248
vn -0.9997 0.0013 0.0249
vn -0.9997 -0.0000 0.0249
vn -0.9997 -0.0013 0.0249
vn -0.9997 -0.0026 0.0248
vn -0.9997 -0.0040 0.0246
vn -0.9997 -0.0053 0.0244
vn -0.9997 -0.0065 0.0241
vn -0.9997 -0.0078 0.0238
vn -0.9997 -0.0091 0.0234
vn -0.9997 -0.0103 0.0230
vn -0.9997 -0.0115 0.0225
vn -0.9997 -0.0127 0.0219
vn -0.9997 -0.0138 0.0213
vn -0.9997 -0.0150 0.0207
vn -0.9997 -0.0160 0.0200
vn -0.9997 -0.0171 0.0192
vn -0.9997 -0.0181 0.0184
vn -0.9997 -0.0190 0.0176
vn -0.9997 -0.0199 0.0167
vn -0.9997 -0.0208 0.0158
vn -0.9997 -0.0216 0.0148
vn -0.9997 -0.0224 0.0138
vn -0.9997 -0.0231 0.0128
vn -0.9996 -0.0237 0.0117
vn -0.9996 -0.0243 0.0106
vn -0.9996 -0.0249 0.0095
vn -0.9996 -0.0253 0.0084
vn -0.9996 -0.0257 0.0072
vn -0.9996 -0.0261 0.0060
vn -0.9996 -0.0264 0.0049
vn -0.9996 -0.0266 0.0037
vn -0.9996 -0.0268 0.0024
vn -0.9996 -0.0269 0.0012
vn -0.9995 -0.0307 -0.0000
vn -0.9995 -0.0307 -0.0014
vn -0.9995 -0.0306 -0.0028
vn -0.9995 -0.0304 -0.0042
vn -0.9995 -0.0301 -0.0055
vn -0.9995 -0.0298 -0.0069
vn -0.9995 -0.0294 -0.0083
vn -0.9995 -0.0289 -0.0096
vn -0.9995 -0.0284 -0.0109
vn -0.9995 -0.0278 -0.0122
vn -0.9995 -0.0271 -0.0134
vn -0.9995 -0.0264 -0.0146
vn -0.9995 -0.0256 -0.0158
vn -0.9996 -0.0247 -0.0169
vn -0.9996 -0.0238 -0.0180
vn -0.9996 -0.0228 -0.0191
vn -0.9996 -0.0217 -0.0201
vn -0.9996 -0.0206 -0.0211
vn -0.9996 -0.0195 -0.0220
vn -0.9996 -0.0183 -0.0228
vn -0.9996 -0.0171 -0.0236
vn -0.9996 -0.0158 -0.0244
vn -0.9996 -0.0145 -0.0251
vn -0.9996 -0.0131 -0.0257
vn -0.9996 -0.0118 -0.0263
vn -0.9996 -0.0104 -0.0268
vn -0.9996 -0.0089 -0.0272
vn -0.9996 -0.0075 -0.0276
vn -0.9996 -0.0060 -0.0279
vn -0.9996 -0.0045 -0.0281
vn -0.9996 -0.0030 -0.0283
vn -0.9996 -0.0015 -0.0284
vn -0.9996 -0.0000 -0.0284
vn -0.9996 0.0015 -0.0284
vn -0.9996 0.0030 -0.0283
vn -0.9996 0.0045 -0.0281
vn -0.9996 0.0060 -0.0279
vn -0.9996 0.0075 -0.0276
vn -0.9996 0.0089 -0.0272
vn -0.9996 0.0104 -0.0268
vn -0.9996 0.0118 -0.0263
vn -0.9996 0.0131 -0.0257
vn -0.9996 0.0145 -0.0251
vn -0.9996 0.0158 -0.0244
vn -0.9996 0.0171 -0.0236
vn -0.9996 0.0183 -0.0228
vn -0.9996 0.0195 -0.0220
vn -0.9996 0.0206 -0.0211
vn -0.9996 0.0217 -0.0201
vn -0.9996 0.0228 -0.0191
vn -0.9996 0.0238 -0.0180
vn -0.9996 0.0247 -0.0169
vn -0.9995 0.0256 -0.0158
vn -0.9995 0.0264 -0.0146
vn -0.9995 0.0271 -0.0134
vn -0.9995 0.0278 -0.0122
vn -0.9995 0.0284 -0.0109
vn -0.9995 0.0289 -0.0096
vn -0.9995 0.0294 -0.0083
vn -0.9995 0.0298 -0.0069
vn -0.9995 0.0301 -0.0055
vn -0.9995 0.0304 -0.0042
vn -0.9995 0.0306 -0.0028
vn -0.9995 0.0307 -0.0014
vn -0.9995 0.0307 -0.0000
vn -0.9995 0.0307 0.0014
vn -0.9995 0.0306 0.0028
vn -0.9995 0.0304 0.0042
vn -0.9995 0.0301 0.0055
vn -0.9995 0.0298 0.0069
vn -0.9995 0.0294 0.0083
vn -0.9995 0.0289 0.0096
vn -0.9995 0.0284 0.0109
vn -0.9995 0.0278 0.0122
vn -0.9995 0.0271 0.0134
vn -0.9995 0.0264 0.0146
vn -0.9995 0.0256 0.0158
vn -0.9996 0.0247 0.0169
vn -0.9996 0.0238 0.0180
vn -0.9996 0.0228 0.0191
vn -0.9996 0.0217 0.0201
vn -0.9996 0.0206 0.0211
vn -0.9996 0.0195 0.0220
vn -0.9996 0.0183 0.0228
vn -0.9996 0.0171 0.0236
vn -0.9996 0.0158 0.0244
vn -0.9996 0.0145 0.0251
vn -0.9996 0.0131 0.0257
vn -0.9996 0.0118 0.0263
vn -0.9996 0.0104 0.0268
vn -0.9996 0.0089 0.0272
vn -0.9996 0.0075 0.0276
vn -0.9996 0.0060 0.0279
vn -0.9996 0.0045 0.0281
vn -0.9996 0.0030 0.0283
vn -0.9996 0.0015 0.0284
vn -0.9996 -0.0000 0.0284
vn -0.9996 -0.0015 0.0284
vn -0.9996 -0.0030 0.0283
vn -0.9996 -0.0045 0.0281
vn -0.9996 -0.0060 0.0279
vn -0.9996 -0.0075 0.0276
vn -0.9996 -0.0089 0.0272
vn -0.9996 -0.0104 0.0268
vn -0.9996 -0.0118 0.0263
vn -0.9996 -0.0131 0.0257
vn -0.9996 -0.0145 0.0251
vn -0.9996 -0.0158 0.0244
vn -0.9996 -0.0171 0.0236
vn -0.9996 -0.0183 0.0228
vn -0.9996 -0.0195 0.0220
vn -0.9996 -0.0206 0.0211
vn -0.9996 -0.0217 0.0201
vn -0.9996 -0.0228 0.0191
vn -0.9996 -0.0238 0.0180
vn -0.9996 -0.0247 0.0169
vn -0.9995 -0.0256 0.0158
vn -0.9995 -0.0264 0.0146
vn -0.9995 -0.0271 0.0134
vn -0.9995 -0.0278 0.0122
vn -0.9995 -0.0284 0.0109
vn -0.9995 -0.0289 0.0096
vn -0.9995 -0.0294 0.0083
vn -0.9995 -0.0298 0.0069
vn -0.9995 -0.0301 0.0055
vn -0.9995 -0.0304 0.0042
vn -0.9995 -0.0306 0.0028
vn -0.9995 -0.0307 0.0014
vn -0.9994 -0.0346 -0.0000
vn -0.9994 -0.0345 -0.0016
vn -0.9994 -0.0344 -0.0031
vn -0.9994 -0.0342 -0.0047
vn -0.9994 -0.0339 -0.0062
vn -0.9994 -0.0335 -0.0078
vn -0.9994 -0.0331 -0.0093
vn -0.9994 -0.0326 -0.0108
vn -0.9994 -0.0319 -0.0122
vn -0.9994 -0.0313 -0.0137
vn -0.9994 -0.0305 -0.0151
vn -0.9994 -0.0297 -0.0164
vn -0.9994 -0.0287 -0.0178
vn -0.9994 -0.0278 -0.0190
vn -0.9994 -0.0267 -0.0203
vn -0.9994 -0.0256 -0.0215
vn -0.9994 -0.0244 -0.0226
vn -0.9994 -0.0232 -0.0237
vn -0.9995 -0.0219 -0.0247
vn -0.9995 -0.0206 -0.0257
vn -0.9995 -0.0192 -0.0266
vn -0.9995 -0.0178 -0.0274
vn -0.9995 -0.0163 -0.0282
vn -0.9995 -0.0148 -0.0289
vn -0.9995 -0.0132 -0.0295
vn -0.9995 -0.0116 -0.0301
vn -0.9995 -0.0100 -0.0306
vn -0.9995 -0.0084 -0.0310
vn -0.9995 -0.0067 -0.0314
vn -0.9995 -0.0051 -0.0316
vn -0.9995 -0.0034 -0.0318
vn -0.9995 -0.0017 -0.0319
vn -0.9995 -0.0000 -0.0320
vn -0.9995 0.0017 -0.0319
vn -0.9995 0.0034 -0.0318
vn -0.9995 0.0051 -0.0316
vn -0.9995 0.0067 -0.0314
vn -0.9995 0.0084 -0.0310
vn -0.9995 0.0100 -0.0306
vn -0.9995 0.0116 -0.0301
vn -0.9995 0.0132 -0.0295
vn -0.9995 0.0148 -0.0289
vn -0.9995 0.0163 -0.0282
vn -0.9995 0.0178 -0.0274
vn -0.9995 0.0192 -0.0266
vn -0.9995 0.0206 -0.0257
vn -0.9995 0.0219 -0.0247
vn -0.9994 0.0232 -0.0237
vn -0.9994 0.0244 -0.0226
vn -0.9994 0.0256 -0.0215
vn -0.9994 0.0267 -0.0203
vn -0.9994 0.0278 -0.0190
vn -0.9994 0.0287 -0.0178
vn -0.9994 0.0297 -0.0164
vn -0.9994 0.0305 -0.0151
vn -0.9994 0.0313 -0.0137
vn -0.9994 0.0319 -0.0122
vn -0.9994 0.0326 -0.0108
vn -0.9994 0.0331 -0.0093
vn -0.9994 0.0335 -0.0078
vn -0.9994 0.0339 -0.0062
vn -0.9994 0.0342 -0.0047
vn -0.9994 0.0344 -0.0031
vn -0.9994 0.0345 -0.0016
vn -0.9994 0.0346 -0.0000
vn -0.9994 0.0345 0.0016
vn -0.9994 0.0344 0.0031
vn -0.9994 0.0342 0.0047
vn -0.9994 0.0339 0.0062
vn -0.9994 0.0335 0.0078
vn -0.9994 0.0331 0.0093
vn -0.9994 0.0326 0.0108
vn -0.9994 0.0319 0.0122
vn -0.9994 0.0313 0.0137
vn -0.9994 0.0305 0.0151
vn -0.9994 0.0297 0.0164
vn -0.9994 0.0287 0.0178
vn -0.9994 0.0278 0.0190
vn -0.9994 0.0267 0.0203
vn -0.9994 0.0256 0.0215
vn -0.9994 0.0244 0.0226
vn -0.9994 0.0232 0.0237
vn -0.9995 0.0219 0.0247
vn -0.9995 0.0206 0.0257
vn -0.9995 0.0192 0.0266
vn -0.9995 0.0178 0.0274
vn -0.9995 0.0163 0.0282
vn -0.9995 0.0148 0.0289
vn -0.9995 0.0132 0.0295
vn -0.9995 0.0116 0.0301
vn -0.9995 0.0100 0.0306
vn -0.9995 0.0084 0.0310
vn -0.9995 0.0067 0.0314
vn -0.9995 0.0051 0.0316
vn -0.9995 0.0034 0.0318
vn -0.9995 0.0017 0.0319
vn -0.9995 -0.0000 0.0320
vn -0.9995 -0.0017 0.0319
vn -0.9995 -0.0034 0.0318
vn -0.9995 -0.0051 0.0316
vn -0.9995 -0.0067 0.0314
vn -0.9995 -0.0084 0.0310
vn -0.9995 -0.0100 0.0306
vn -0.9995 -0.0116 0.0301
vn -0.9995 -0.0132 0.0295
vn -0.9995 -0.0148 0.0289
vn -0.9995 -0.0163 0.0282
vn -0.9995 -0.0178 0.0274
vn -0.9995 -0.0192 0.0266
vn -0.9995 -0.0206 0.0257
vn -0.9995 -0.0219 0.0247
vn -0.9994 -0.0232 0.0237
vn -0.9994 -0.0244 0.0226
vn -0.9994 -0.0256 0.0215
vn -0.9994 -0.0267 0.0203
vn -0.9994 -0.0278 0.0190
vn -0.9994 -0.0287 0.0178
vn -0.9994 -0.0297 0.0164
vn -0.9994 -0.0305 0.0151
vn -0.9994 -0.0313 0.0137
vn -0.9994 -0.0319 0.0122
vn -0.9994 -0.0326 0.0108
vn -0.9994 -0.0331 0.0093
vn -0.9994 -0.0335 0.0078
vn -0.9994 -0.0339 0.0062
vn -0.9994 -0.0342 0.0047
vn -0.9994 -0.0344 0.0031
vn -0.9994 -0.0345 0.0016
vn -0.9993 -0.0384 -0.0000
vn -0.9993 -0.0384 -0.0017
vn -0.9993 -0.0382 -0.0035
vn -0.9993 -0.0380 -0.0052
vn -0.9993 -0.0377 -0.0069
vn -0.9993 -0.0373 -0.0086
vn -0.9993 -0.0368 -0.0103
vn -0.9993 -0.0362 -0.0120
vn -0.9993 -0.0355 -0.0136
vn -0.9993 -0.0347 -0.0152
vn -0.9993 -0.0339 -0.0167
vn -0.9993 -0.0329 -0.0183
vn -0.9993 -0.0319 -0.0197
vn -0.9993 -0.0309 -0.0212
vn -0.9993 -0.0297 -0.0225
vn -0.9993 -0.0285 -0.0239
vn -0.9993 -0.0272 -0.0251
vn -0.9993 -0.0258 -0.0263
vn -0.9993 -0.0244 -0.0275
vn -0.9993 -0.0229 -0.0285
vn -0.9993 -0.0213 -0.0295
vn -0.9993 -0.0197 -0.0305
vn -0.9993 -0.0181 -0.0313
vn -0.9993 -0.0164 -0.0321
vn -0.9994 -0.0147 -0.0328
vn -0.9994 -0.0129 -0.0335
vn -0.9994 -0.0112 -0.0340
vn -0.9994 -0.0093 -0.0345
vn -0.9994 -0.0075 -0.0348
vn -0.9994 -0.0056 -0.0351
vn -0.9994 -0.0038 -0.0354
vn -0.9994 -0.0019 -0.0355
vn -0.9994 -0.0000 -0.0355
vn -0.9994 0.0019 -0.0355
vn -0.9994 0.0038 -0.0354
vn -0.9994 0.0056 -0.0351
vn -0.9994 0.0075 -0.0348
vn -0.9994 0.0093 -0.0345
vn -0.9994 0.0112 -0.0340
vn -0.9994 0.0129 -0.0335
vn -0.9994 0.0147 -0.0328
vn -0.9993 0.0164 -0.0321
vn -0.9993 0.0181 -0.0313
vn -0.9993 0.0197 -0.0305
vn -0.9993 0.0213 -0.0295
vn -0.9993 0.0229 -0.0285
vn -0.9993 0.0244 -0.0275
vn -0.9993 0.0258 -0.0263
vn -0.9993 0.0272 -0.0251
vn -0.9993 0.0285 -0.0239
vn -0.9993 0.0297 -0.0225
vn -0.9993 0.0309 -0.0212
vn -0.9993 0.0319 -0.0197
vn -0.9993 0.0329 -0.0183
vn -0.9993 0.0339 -0.0167
vn -0.9993 0.0347 -0.0152
vn -0.9993 0.0355 -0.0136
vn -0.9993 0.0362 -0.0120
vn -0.9993 0.0368 -0.0103
vn -0.9993 0.0373 -0.0086
vn -0.9993 0.0377 -0.0069
vn -0.9993 0.0380 -0.0052
vn -0.9993 0.0382 -0.0035
vn -0.9993 0.0384 -0.0017
vn -0.9993 0.0384 -0.0000
vn -0.9993 0.0384 0.0017
vn -0.9993 0.0382 0.0035
vn -0.9993 0.0380 0.0052
vn -0.9993 0.0377 0.0069
vn -0.9993 0.0373 0.0086
vn -0.9993 0.0368 0.0103
vn -0.9993 0.0362 0.0120
vn -0.9993 0.0355 0.0136
vn -0.9993 0.0347 0.0152
vn -0.9993 0.0339 0.0167
vn -0.9993 0.0329 0.0183
vn -0.9993 0.0319 0.0197
vn -0.9993 0.0309 0.0212
vn -0.9993 0.0297 0.0225
vn -0.9993 0.0285 0.0239
vn -0.9993 0.0272 0.0251
vn -0.9993 0.0258 0.0263
vn -0.9993 0.0244 0.0275
vn -0.9993 0.0229 0.0285
vn -0.9993 0.0213 0.0295
vn -0.9993 0.0197 0.0305
vn -0.9993 0.0181 0.0313
vn -0.9993 0.0164 0.0321
vn -0.9994 0.0147 0.0328
vn -0.9994 0.0129 0.0335
vn -0.9994 0.0112 0.0340
vn -0.9994 0.0093 0.0345
vn -0.9994 0.0075 0.0348
vn -0.9994 0.0056 0.0351
vn -0.9994 0.0038 0.0354
vn -0.9994 0.0019 0.0355
vn -0.9994 -0.0000 0.0355
vn -0.9994 -0.0019 0.0355
vn -0.9994 -0.0038 0.0354
vn -0.9994 -0.0056 0.0351
vn -0.9994 -0.0075 0.0348
vn -0.9994 -0.0093 0.0345
vn -0.9994 -0.0112 0.0340
vn -0.9994 -0.0129 0.0335
vn -0.9994 -0.0147 0.0328
vn -0.9993 -0.0164 0.0321
vn -0.9993 -0.0181 0.0313
vn -0.9993 -0.0197 0.0305
vn -0.9993 -0.0213 0.0295
vn -0.9993 -0.0229 0.0285
vn -0.9993 -0.0244 0.0275
vn -0.9993 -0.0258 0.0263
vn -0.9993 -0.0272 0.0251
vn -0.9993 -0.0285 0.0239
vn -0.9993 -0.0297 0.0225
vn -0.9993 -0.0309 0.0212
vn -0.9993 -0.0319 0.0197
vn -0.9993 -0.0329 0.0183
vn -0.9993 -0.0339 0.0167
vn -0.9993 -0.0347 0.0152
vn -0.9993 -0.0355 0.0136
vn -0.9993 -0.0362 0.0120
vn -0.9993 -0.0368 0.0103
vn -0.9993 -0.0373 0.0086
vn -0.9993 -0.0377 0.0069
vn -0.9993 -0.0380 0.0052
vn -0.9993 -0.0382 0.0035
vn -0.9993 -0.0384 0.0017
vn -0.9991 -0.0422 -0.0000
vn -0.9991 -0.0422 -0.0019
vn -0.9991 -0.0420 -0.0038
vn -0.9991 -0.0418 -0.0057
vn -0.9991 -0.0414 -0.0076
vn -0.9991 -0.0410 -0.0095
vn -0.9991 -0.0404 -0.0113
vn -0.9991 -0.0398 -0.0132
vn -0.9991 -0.0390 -0.0149
vn -0.9991 -0.0382 -0.0167
vn -0.9991 -0.0372 -0.0184
vn -0.9991 -0.0362 -0.0201
vn -0.9991 -0.0351 -0.0217
vn -0.9992 -0.0339 -0.0233
vn -0.9992 -0.0327 -0.0248
vn -0.9992 -0.0313 -0.0262
vn -0.9992 -0.0299 -0.0276
vn -0.9992 -0.0284 -0.0289
vn -0.9992 -0.0268 -0.0302
vn -0.9992 -0.0252 -0.0314
vn -0.9992 -0.0235 -0.0325
vn -0.9992 -0.0217 -0.0335
vn -0.9992 -0.0199 -0.0345
vn -0.9992 -0.0181 -0.0353
vn -0.9992 -0.0162 -0.0361
vn -0.9992 -0.0142 -0.0368
vn -0.9992 -0.0123 -0.0374
vn -0.9992 -0.0103 -0.0379
vn -0.9992 -0.0082 -0.0383
vn -0.9992 -0.0062 -0.0387
vn -0.9992 -0.0041 -0.0389
vn -0.9992 -0.0021 -0.0390
vn -0.9992 -0.0000 -0.0391
vn -0.9992 0.0021 -0.0390
vn -0.9992 0.0041 -0.0389
vn -0.9992 0.0062 -0.0387
vn -0.9992 0.0082 -0.0383
vn -0.9992 0.0103 -0.0379
vn -0.9992 0.0123 -0.0374
vn -0.9992 0.0142 -0.0368
vn -0.9992 0.0162 -0.0361
vn -0.9992 0.0181 -0.0353
vn -0.9992 0.0199 -0.0345
vn -0.9992 0.0217 -0.0335
vn -0.9992 0.0235 -0.0325
vn -0.9992 0.0252 -0.0314
vn -0.9992 0.0268 -0.0302
vn -0.9992 0.0284 -0.0290
vn -0.9992 0.0299 -0.0276
vn -0.9992 0.0313 -0.0262
vn -0.9992 0.0327 -0.0248
vn -0.9992 0.0339 -0.0233
vn -0.9991 0.0351 -0.0217
vn -0.9991 0.0362 -0.0201
vn -0.9991 0.0372 -0.0184
vn -0.9991 0.0382 -0.0167
vn -0.9991 0.0390 -0.0149
vn -0.9991 0.0398 -0.0132
vn -0.9991 0.0404 -0.0113
vn -0.9991 0.0410 -0.0095
vn -0.9991 0.0414 -0.0076
vn -0.9991 0.0418 -0.0057
vn -0.9991 0.0420 -0.0038
vn -0.9991 0.0422 -0.0019
vn -0.9991 0.0422 -0.0000
vn -0.9991 0.0422 0.0019
vn -0.9991 0.0420 0.0038
vn -0.9991 0.0418 0.0057
vn -0.9991 0.0414 0.0076
vn -0.9991 0.0410 0.0095
vn -0.9991 0.0404 0.0113
vn -0.9991 0.0398 0.0132
vn -0.9991 0.0390 0.0149
vn -0.9991 0.0382 0.0167
vn -0.9991 0.0373 0.0184
vn -0.9991 0.0362 0.0201
vn -0.9991 0.0351 0.0217
vn -0.9992 0.0339 0.0233
vn -0.9992 0.0327 0.0248
vn -0.9992 0.0313 0.0262
vn -0.9992 0.0299 0.0276
vn -0.9992 0.0284 0.0289
vn -0.9992 0.0268 0.0302
vn -0.9992 0.0252 0.0314
vn -0.9992 0.0235 0.0325
vn -0.9992 0.0217 0.0335
vn -0.9992 0.0199 0.0345
vn -0.9992 0.0181 0.0353
vn -0.9992 0.0162 0.0361
vn -0.9992 0.0142 0.0368
vn -0.9992 0.0123 0.0374
vn -0.9992 0.0103 0.0379
vn -0.9992 0.0082 0.0383
vn -0.9992 0.0062 0.0387
vn -0.9992 0.0041 0.0389
vn -0.9992 0.0021 0.0390
vn -0.9992 -0.0000 0.0391
vn -0.9992 -0.0021 0.0390
vn -0.9992 -0.0041 0.0389
vn -0.9992 -0.0062 0.0387
vn -0.9992 -0.0082 0.0383
vn -0.9992 -0.0103 0.0379
vn -0.9992 -0.0123 0.0374
vn -0.9992 -0.0142 0.0368
vn -0.9992 -0.0162 0.0361
vn -0.9992 -0.0181 0.0353
vn -0.9992 -0.0199 0.0345
vn -0.9992 -0.0217 0.0335
vn -0.9992 -0.0235 0.0325
vn -0.9992 -0.0252 0.0314
vn -0.9992 -0.0268 0.0302
vn -0.9992 -0.0284 0.0290
vn -0.9992 -0.0299 0.0276
vn -0.9992 -0.0313 0.0262
vn -0.9992 -0.0327 0.0248
vn -0.9992 -0.0339 0.0233
vn -0.9991 -0.0351 0.0217
vn -0.9991 -0.0362 0.0201
vn -0.9991 -0.0373 0.0184
vn -0.9991 -0.0382 0.0167
vn -0.9991 -0.0390 0.0149
vn -0.9991 -0.0398 0.0132
vn -0.9991 -0.0404 0.0113
vn -0.9991 -0.0410 0.0095
vn -0.9991 -0.0414 0.0076
vn -0.9991 -0.0418 0.0057
vn -0.9991 -0.0420 0.0038
vn -0.9991 -0.0422 0.0019
vn -0.9989 -0.0461 -0.0000
vn -0.9989 -0.0460 -0.0021
vn -0.9989 -0.0458 -0.0042
vn -0.9989 -0.0456 -0.0063
vn -0.9989 -0.0452 -0.0083
vn -0.9989 -0.0447 -0.0104
vn -0.9990 -0.0441 -0.0124
vn -0.9990 -0.0434 -0.0144
vn -0.9990 -0.0426 -0.0163
vn -0.9990 -0.0416 -0.0182
vn -0.9990 -0.0406 -0.0201
vn -0.9990 -0.0395 -0.0219
vn -0.9990 -0.0383 -0.0237
vn -0.9990 -0.0370 -0.0254
vn -0.9990 -0.0356 -0.0270
vn -0.9990 -0.0341 -0.0286
vn -0.9990 -0.0326 -0.0301
vn -0.9990 -0.0309 -0.0316
vn -0.9990 -0.0292 -0.0329
vn -0.9990 -0.0274 -0.0342
vn -0.9990 -0.0256 -0.0354
vn -0.9991 -0.0237 -0.0366
vn -0.9991 -0.0217 -0.0376
vn -0.9991 -0.0197 -0.0385
vn -0.9991 -0.0176 -0.0394
vn -0.9991 -0.0155 -0.0401
vn -0.9991 -0.0134 -0.0408
vn -0.9991 -0.0112 -0.0413
vn -0.9991 -0.0090 -0.0418
vn -0.9991 -0.0068 -0.0422
vn -0.9991 -0.0045 -0.0424
vn -0.9991 -0.0023 -0.0426
vn -0.9991 -0.0000 -0.0426
vn -0.9991 0.0023 -0.0426
vn -0.9991 0.0045 -0.0424
vn -0.9991 0.0068 -0.0422
vn -0.9991 0.0090 -0.0418
vn -0.9991 0.0112 -0.0413
vn -0.9991 0.0134 -0.0408
vn -0.9991 0.0155 -0.0401
vn -0.9991 0.0176 -0.0394
vn -0.9991 0.0197 -0.0385
vn -0.9991 0.0217 -0.0376
vn -0.9991 0.0237 -0.0366
vn -0.9990 0.0256 -0.0354
vn -0.9990 0.0274 -0.0342
vn -0.9990 0.0292 -0.0329
vn -0.9990 0.0309 -0.0316
vn -0.9990 0.0326 -0.0301
vn -0.9990 0.0341 -0.0286
vn -0.9990 0.0356 -0.0270
vn -0.9990 0.0370 -0.0254
vn -0.9990 0.0383 -0.0237
vn -0.9990 0.0395 -0.0219
vn -0.9990 0.0406 -0.0201
vn -0.9990 0.0416 -0.0182
vn -0.9990 0.0426 -0.0163
vn -0.9990 0.0434 -0.0144
vn -0.9990 0.0441 -0.0124
vn -0.9989 0.0447 -0.0104
vn -0.9989 0.0452 -0.0083
vn -0.9989 0.0456 -0.0063
vn -0.9989 0.0458 -0.0042
vn -0.9989 0.0460 -0.0021
vn -0.9989 0.0461 -0.0000
vn -0.9989 0.0460 0.0021
vn -0.9989 0.0458 0.0042
vn -0.9989 0.0456 0.0063
vn -0.9989 0.0452 0.0083
vn -0.9989 0.0447 0.0104
vn -0.9990 0.0441 0.0124
vn -0.9990 0.0434 0.0144
vn -0.9990 0.0426 0.0163
vn -0.9990 0.0416 0.0182
vn -0.9990 0.0406 0.0201
vn -0.9990 0.0395 0.0219
vn -0.9990 0.0383 0.0237
vn -0.9990 0.0370 0.0254
vn -0.9990 0.0356 0.0270
vn -0.9990 0.0341 0.0286
vn -0.9990 0.0326 0.0301
vn -0.9990 0.0309 0.0316
vn -0.9990 0.0292 0.0329
vn -0.9990 0.0274 0.0342
vn -0.9990 0.0256 0.0354
vn -0.9991 0.0237 0.0366
vn -0.9991 0.0217 0.0376
vn -0.9991 0.0197 0.0385
vn -0.9991 0.0176 0.0394
vn -0.9991 0.0155 0.0401
vn -0.9991 0.0134 0.0408
vn -0.9991 0.0112 0.0413
vn -0.9991 0.0090 0.0418
vn -0.9991 0.0068 0.0422
vn -0.9991 0.0045 0.0424
vn -0.9991 0.0023 0.0426
vn -0.9991 -0.0000 0.0426
vn -0.9991 -0.0023 0.0426
vn -0.9991 -0.0045 0.0424
vn -0.9991 -0.0068 0.0422
vn -0.9991 -0.0090 0.0418
vn -0.9991 -0.0112 0.0413
vn -0.9991 -0.0134 0.0408
vn -0.9991 -0.0155 0.0401
vn -0.9991 -0.0176 0.0394
vn -0.9991 -0.0197 0.0385
vn -0.9991 -0.0217 0.0376
vn -0.9991 -0.0237 0.0366
vn -0.9990 -0.0256 0.0354
vn -0.9990 -0.0274 0.0342
vn -0.9990 -0.0292 0.0329
vn -0.9990 -0.0309 0.0316
vn -0.9990 -0.0326 0.0301
vn -0.9990 -0.0341 0.0286
vn -0.9990 -0.0356 0.0270
vn -0.9990 -0.0370 0.0254
vn -0.9990 -0.0383 0.0237
vn -0.9990 -0.0395 0.0219
vn -0.9990 -0.0406 0.0201
vn -0.9990 -0.0416 0.0182
vn -0.9990 -0.0426 0.0163
vn -0.9990 -0.0434 0.0144
vn -0.9990 -0.0441 0.0124
vn -0.9989 -0.0447 0.0104
vn -0.9989 -0.0452 0.0083
vn -0.9989 -0.0456 0.0063
vn -0.9989 -0.0458 0.0042
vn -0.9989 -0.0460 0.0021
vn -0.9988 -0.0499 -0.0000
vn -0.9988 -0.0498 -0.0023
vn -0.9988 -0.0497 -0.0045
vn -0.9988 -0.0494 -0.0068
vn -0.9988 -0.0489 -0.0090
vn -0.9988 -0.0484 -0.0112
vn -0.9988 -0.0477 -0.0134
vn -0.9988 -0.0470 -0.0155
vn -0.9988 -0.0461 -0.0177
vn -0.9988 -0.0451 -0.0197
vn -0.9988 -0.0440 -0.0218
vn -0.9988 -0.0428 -0.0237
vn -0.9988 -0.0415 -0.0256
vn -0.9988 -0.0401 -0.0275
vn -0.9988 -0.0386 -0.0293
vn -0.9988 -0.0370 -0.0310
vn -0.9988 -0.0353 -0.0326
vn -0.9989 -0.0335 -0.0342
vn -0.9989 -0.0317 -0.0357
vn -0.9989 -0.0297 -0.0371
vn -0.9989 -0.0277 -0.0384
vn -0.9989 -0.0257 -0.0396
vn -0.9989 -0.0235 -0.0407
vn -0.9989 -0.0213 -0.0417
vn -0.9989 -0.0191 -0.0426
vn -0.9989 -0.0168 -0.0435
vn -0.9989 -0.0145 -0.0442
vn -0.9989 -0.0121 -0.0448
vn -0.9989 -0.0097 -0.0453
vn -0.9989 -0.0073 -0.0457
vn -0.9989 -0.0049 -0.0459
vn -0.9989 -0.0025 -0.0461
vn -0.9989 -0.0000 -0.0462
vn -0.9989 0.0025 -0.0461
vn -0.9989 0.0049 -0.0459
vn -0.9989 0.0073 -0.0457
vn -0.9989 0.0097 -0.0453
vn -0.9989 0.0121 -0.0448
vn -0.9989 0.0145 -0.0442
vn -0.9989 0.0168 -0.0435
vn -0.9989 0.0191 -0.0426
vn -0.9989 0.0213 -0.0417
vn -0.9989 0.0235 -0.0407
vn -0.9989 0.0257 -0.0396
vn -0.9989 0.0277 -0.0384
vn -0.9989 0.0297 -0.0371
vn -0.9989 0.0317 -0.0357
vn -0.9989 0.0335 -0.0342
vn -0.9988 0.0353 -0.0326
vn -0.9988 0.0370 -0.0310
vn -0.9988 0.0386 -0.0293
vn -0.9988 0.0401 -0.0275
vn -0.9988 0.0415 -0.0256
vn -0.9988 0.0428 -0.0237
vn -0.9988 0.0440 -0.0218
vn -0.9988 0.0451 -0.0197
vn -0.9988 0.0461 -0.0177
vn -0.9988 0.0470 -0.0155
vn -0.9988 0.0477 -0.0134
vn -0.9988 0.0484 -0.0112
vn -0.9988 0.0489 -0.0090
vn -0.9988 0.0494 -0.0068
vn -0.9988 0.0497 -0.0045
vn -0.9988 0.0498 -0.0023
vn -0.9988 0.0499 -0.0000
vn -0.9988 0.0498 0.0023
vn -0.9988 0.0497 0.0045
vn -0.9988 0.0494 0.0068
vn -0.9988 0.0489 0.0090
vn -0.9988 0.0484 0.0112
vn -0.9988 0.0477 0.0134
vn -0.9988 0.0470 0.0155
vn -0.9988 0.0461 0.0177
vn -0.9988 0.0451 0.0197
vn -0.9988 0.0440 0.0218
vn -0.9988 0.0428 0.0237
vn -0.9988 0.0415 0.0256
vn -0.9988 0.0401 0.0275
vn -0.9988 0.0386 0.0293
vn -0.9988 0.0370 0.0310
vn -0.9988 0.0353 0.0326
vn -0.9989 0.0335 0.0342
vn -0.9989 0.0317 0.0357
vn -0.9989 0.0297 0.0371
vn -0.9989 0.0277 0.0384
vn -0.9989 0.0257 0.0396
vn -0.9989 0.0235 0.0407
vn -0.9989 0.0213 0.0417
vn -0.9989 0.0191 0.0426
vn -0.9989 0.0168 0.0435
vn -0.9989 0.0145 0.0442
vn -0.9989 0.0121 0.0448
vn -0.9989 0.0097 0.0453
vn -0.9989 0.0073 0.0457
vn -0.9989 0.0049 0.0459
vn -0.9989 0.0025 0.0461
vn -0.9989 -0.0000 0.0462
vn -0.9989 -0.0025 0.0461
vn -0.9989 -0.0049 0.0459
vn -0.9989 -0.0073 0.0457
vn -0.9989 -0.0097 0.0453
vn -0.9989 -0.0121 0.0448
vn -0.9989 -0.0145 0.0442
vn -0.9989 -0.0168 0.0435
vn -0.9989 -0.0191 0.0426
vn -0.9989 -0.0213 0.0417
vn -0.9989 -0.0235 0.0407
vn -0.9989 -0.0257 0.0396
vn -0.9989 -0.0277 0.0384
vn -0.9989 -0.0297 0.0371
vn -0.9989 -0.0317 0.0357
vn -0.9989 -0.0335 0.0342
vn -0.9988 -0.0353 0.0326
vn -0.9988 -0.0370 0.0310
vn -0.9988 -0.0386 0.0293
vn -0.9988 -0.0401 0.0275
vn -0.9988 -0.0415 0.0256
vn -0.9988 -0.0428 0.0237
vn -0.9988 -0.0440 0.0218
vn -0.9988 -0.0451 0.0197
vn -0.9988 -0.0461 0.0177
vn -0.9988 -0.0470 0.0155
vn -0.9988 -0.0477 0.0134
vn -0.9988 -0.0484 0.0112
vn -0.9988 -0.0489 0.0090
vn -0.9988 -0.0494 0.0068
vn -0.9988 -0.0497 0.0045
vn -0.9988 -0.0498 0.0023
vn -0.9986 -0.0537 -0.0000
vn -0.9986 -0.0537 -0.0024
vn -0.9986 -0.0535 -0.0049
vn -0.9986 -0.0531 -0.0073
vn -0.9986 -0.0527 -0.0097
vn -0.9986 -0.0521 -0.0121
vn -0.9986 -0.0514 -0.0144
vn -0.9986 -0.0506 -0.0167
vn -0.9986 -0.0496 -0.0190
vn -0.9986 -0.0486 -0.0212
vn -0.9986 -0.0474 -0.0234
vn -0.9986 -0.0461 -0.0255
vn -0.9986 -0.0447 -0.0276
vn -0.9986 -0.0432 -0.0296
vn -0.9986 -0.0415 -0.0315
vn -0.9987 -0.0398 -0.0334
vn -0.9987 -0.0380 -0.0351
vn -0.9987 -0.0361 -0.0368
vn -0.9987 -0.0341 -0.0384
vn -0.9987 -0.0320 -0.0399
vn -0.9987 -0.0299 -0.0413
vn -0.9987 -0.0276 -0.0426
vn -0.9987 -0.0253 -0.0438
vn -0.9987 -0.0230 -0.0449
vn -0.9987 -0.0206 -0.0459
vn -0.9987 -0.0181 -0.0468
vn -0.9987 -0.0156 -0.0476
vn -0.9988 -0.0131 -0.0482
vn -0.9988 -0.0105 -0.0487
vn -0.9988 -0.0079 -0.0492
vn -0.9988 -0.0053 -0.0495
vn -0.9988 -0.0026 -0.0496
vn -0.9988 -0.0000 -0.0497
vn -0.9988 0.0026 -0.0496
vn -0.9988 0.0053 -0.0495
vn -0.9988 0.0079 -0.0492
vn -0.9988 0.0105 -0.0487
vn -0.9988 0.0131 -0.0482
vn -0.9987 0.0156 -0.0476
vn -0.9987 0.0181 -0.0468
vn -0.9987 0.0206 -0.0459
vn -0.9987 0.0230 -0.0449
vn -0.9987 0.0253 -0.0438
vn -0.9987 0.0276 -0.0426
vn -0.9987 0.0299 -0.0413
vn -0.9987 0.0320 -0.0399
vn -0.9987 0.0341 -0.0384
vn -0.9987 0.0361 -0.0368
vn -0.9987 0.0380 -0.0351
vn -0.9987 0.0398 -0.0334
vn -0.9986 0.0415 -0.0315
vn -0.9986 0.0432 -0.0296
vn -0.9986 0.0447 -0.0276
vn -0.9986 0.0461 -0.0255
vn -0.9986 0.0474 -0.0234
vn -0.9986 0.0486 -0.0212
vn -0.9986 0.0496 -0.0190
vn -0.9986 0.0506 -0.0167
vn -0.9986 0.0514 -0.0144
vn -0.9986 0.0521 -0.0121
vn -0.9986 0.0527 -0.0097
vn -0.9986 0.0531 -0.0073
vn -0.9986 0.0535 -0.0049
vn -0.9986 0.0537 -0.0024
vn -0.9986 0.0537 -0.0000
vn -0.9986 0.0537 0.0024
vn -0.9986 0.0535 0.0049
vn -0.9986 0.0531 0.0073
vn -0.9986 0.0527 0.0097
vn -0.9986 0.0521 0.0121
vn -0.9986 0.0514 0.0144
vn -0.9986 0.0506 0.0167
vn -0.9986 0.0496 0.0190
vn -0.9986 0.0486 0.0212
vn -0.9986 0.0474 0.0234
vn -0.9986 0.0461 0.0255
vn -0.9986 0.0447 0.0276
vn -0.9986 0.0432 0.0296
vn -0.9986 0.0415 0.0315
vn -0.9987 0.0398 0.0334
vn -0.9987 0.0380 0.0351
vn -0.9987 0.0361 0.0368
vn -0.9987 0.0341 0.0384
vn -0.9987 0.0320 0.0399
vn -0.9987 0.0299 0.0413
vn -0.9987 0.0276 0.0426
vn -0.9987 0.0253 0.0438
vn -0.9987 0.0230 0.0449
vn -0.9987 0.0206 0.0459
vn -0.9987 0.0181 0.0468
vn -0.9987 0.0156 0.0476
vn -0.9988 0.0131 0.0482
vn -0.9988 0.0105 0.0487
vn -0.9988 0.0079 0.0492
vn -0.9988 0.0053 0.0495
vn -0.9988 0.0026 0.0496
vn -0.9988 -0.0000 0.0497
vn -0.9988 -0.0026 0.0496
vn -0.9988 -0.0053 0.0495
vn -0.9988 -0.0079 0.0492
vn -0.9988 -0.0105 0.0487
vn -0.9988 -0.0131 0.0482
vn -0.9987 -0.0156 0.0476
vn -0.9987 -0.0181 0.0468
vn -0.9987 -0.0206 0.0459
vn -0.9987 -0.0230 0.0449
vn -0.9987 -0.0253 0.0438
vn -0.9987 -0.0276 0.0426
vn -0.9987 -0.0299 0.0413
vn -0.9987 -0.0320 0.0399
vn -0.9987 -0.0341 0.0384
vn -0.9987 -0.0361 0.0368
vn -0.9987 -0.0380 0.0351
vn -0.9986 -0.0398 0.0334
vn -0.9986 -0.0415 0.0315
vn -0.9986 -0.0432 0.0296
vn -0.9986 -0.0447 0.0276
vn -0.9986 -0.0461 0.0255
vn -0.9986 -0.0474 0.0234
vn -0.9986 -0.0486 0.0212
vn -0.9986 -0.0496 0.0190
vn -0.9986 -0.0506 0.0167
vn -0.9986 -0.0514 0.0144
vn -0.9986 -0.0521 0.0121
vn -0.9986 -0.0527 0.0097
vn -0.9986 -0.0531 0.0073
vn -0.9986 -0.0535 0.0049
vn -0.9986 -0.0537 0.0024
vn -0.9983 -0.0575 -0.0000
vn -0.9983 -0.0575 -0.0026
vn -0.9983 -0.0573 -0.0052
vn -0.9983 -0.0569 -0.0078
vn -0.9984 -0.0564 -0.0104
vn -0.9984 -0.0558 -0.0129
vn -0.9984 -0.0551 -0.0154
vn -0.9984 -0.0542 -0.0179
vn -0.9984 -0.0532 -0.0204
vn -0.9984 -0.0520 -0.0228
vn -0.9984 -0.0507 -0.0251
vn -0.9984 -0.0494 -0.0274
vn -0.9984 -0.0478 -0.0296
vn -0.9984 -0.0462 -0.0317
vn -0.9984 -0.0445 -0.0338
vn -0.9985 -0.0426 -0.0357
vn -0.9985 -0.0407 -0.0376
vn -0.9985 -0.0386 -0.0394
vn -0.9985 -0.0365 -0.0411
vn -0.9985 -0.0343 -0.0428
vn -0.9985 -0.0320 -0.0443
vn -0.9985 -0.0296 -0.0457
vn -0.9985 -0.0271 -0.0469
vn -0.9985 -0.0246 -0.0481
vn -0.9985 -0.0220 -0.0492
vn -0.9986 -0.0194 -0.0501
vn -0.9986 -0.0167 -0.0509
vn -0.9986 -0.0140 -0.0516
vn -0.9986 -0.0112 -0.0522
vn -0.9986 -0.0084 -0.0527
vn -0.9986 -0.0056 -0.0530
vn -0.9986 -0.0028 -0.0532
vn -0.9986 -0.0000 -0.0532
vn -0.9986 0.0028 -0.0532
vn -0.9986 0.0056 -0.0530
vn -0.9986 0.0084 -0.0527
vn -0.9986 0.0112 -0.0522
vn -0.9986 0.0140 -0.0516
vn -0.9986 0.0167 -0.0509
vn -0.9986 0.0194 -0.0501
vn -0.9985 0.0220 -0.0492
vn -0.9985 0.0246 -0.0481
vn -0.9985 0.0271 -0.0469
vn -0.9985 0.0296 -0.0457
vn -0.9985 0.0320 -0.0443
vn -0.9985 0.0343 -0.0428
vn -0.9985 0.0365 -0.0411
vn -0.9985 0.0386 -0.0394
vn -0.9985 0.0407 -0.0376
vn -0.9985 0.0426 -0.0357
vn -0.9984 0.0445 -0.0338
vn -0.9984 0.0462 -0.0317
vn -0.9984 0.0478 -0.0296
vn -0.9984 0.0494 -0.0274
vn -0.9984 0.0507 -0.0251
vn -0.9984 0.0520 -0.0228
vn -0.9984 0.0532 -0.0204
vn -0.9984 0.0542 -0.0179
vn -0.9984 0.0551 -0.0154
vn -0.9984 0.0558 -0.0129
vn -0.9984 0.0564 -0.0104
vn -0.9983 0.0569 -0.0078
vn -0.9983 0.0573 -0.0052
vn -0.9983 0.0575 -0.0026
vn -0.9983 0.0575 -0.0000
vn -0.9983 0.0575 0.0026
vn -0.9983 0.0573 0.0052
vn -0.9983 0.0569 0.0078
vn -0.9984 0.0564 0.0104
vn -0.9984 0.0558 0.0129
vn -0.9984 0.0551 0.0154
vn -0.9984 0.0542 0.0179
vn -0.9984 0.0532 0.0204
vn -0.9984 0.0520 0.0228
vn -0.9984 0.0507 0.0251
vn -0.9984 0.0494 0.0274
vn -0.9984 0.0478 0.0296
vn -0.9984 0.0462 0.0317
vn -0.9984 0.0445 0.0338
vn -0.9985 0.0426 0.0357
vn -0.9985 0.0407 0.0376
vn -0.9985 0.0386 0.0394
vn -0.9985 0.0365 0.0411
vn -0.9985 0.0343 0.0428
vn -0.9985 0.0320 0.0443
vn -0.9985 0.0296 0.0457
vn -0.9985 0.0271 0.0470
vn -0.9985 0.0246 0.0481
vn -0.9985 0.0220 0.0492
vn -0.9986 0.0194 0.0501
vn -0.9986 0.0167 0.0509
vn -0.9986 0.0140 0.0516
vn -0.9986 0.0112 0.0522
vn -0.9986 0.0084 0.0527
vn -0.9986 0.0056 0.0530
vn -0.9986 0.0028 0.0532
vn -0.9986 -0.0000 0.0532
vn -0.9986 -0.0028 0.0532
vn -0.9986 -0.0056 0.0530
vn -0.9986 -0.0084 0.0527
vn -0.9986 -0.0112 0.0522
vn -0.9986 -0.0140 0.0516
vn -0.9986 -0.0167 0.0509
vn -0.9986 -0.0194 0.0501
vn -0.9985 -0.0220 0.0492
vn -0.9985 -0.0246 0.0481
vn -0.9985 -0.0271 0.0469
vn -0.9985 -0.0296 0.0457
vn -0.9985 -0.0320 0.0443
vn -0.9985 -0.0343 0.0428
vn -0.9985 -0.0365 0.0411
vn -0.9985 -0.0386 0.0394
vn -0.9985 -0.0407 0.0376
vn -0.9985 -0.0426 0.0357
vn -0.9984 -0.0445 0.0338
vn -0.9984 -0.0462 0.0317
vn -0.9984 -0.0478 0.0296
vn -0.9984 -0.0494 0.0274
vn -0.9984 -0.0507 0.0251
vn -0.9984 -0.0520 0.0228
vn -0.9984 -0.0532 0.0204
vn -0.9984 -0.0542 0.0179
vn -0.9984 -0.0551 0.0154
vn -0.9984 -0.0558 0.0129
vn -0.9984 -0.0564 0.0104
vn -0.9983 -0.0569 0.0078
vn -0.9983 -0.0573 0.0052
vn -0.9983 -0.0575 0.0026
vn -0.7226 0.6912 -0.0000
vn -0.7226 0.6905 0.0314
vn -0.7226 0.6884 0.0627
vn -0.7226 0.6849 0.0940
vn -0.7225 0.6799 0.1251
vn -0.7225 0.6735 0.1561
vn -0.7224 0.6657 0.1868
vn -0.7224 0.6565 0.2173
vn -0.7223 0.6458 0.2474
vn -0.7222 0.6337 0.2772
vn -0.7221 0.6201 0.3066
vn -0.7220 0.6051 0.3355
vn -0.7219 0.5886 0.3638
vn -0.7218 0.5707 0.3915
vn -0.7217 0.5514 0.4185
vn -0.7216 0.5306 0.4448
vn -0.7215 0.5083 0.4702
vn -0.7214 0.4847 0.4947
vn -0.7212 0.4597 0.5181
vn -0.7211 0.4334 0.5405
vn -0.7210 0.4058 0.5617
vn -0.7209 0.3769 0.5816
vn -0.7208 0.3468 0.6001
vn -0.7207 0.3156 0.6172
vn -0.7206 0.2834 0.6328
vn -0.7205 0.2502 0.6467
vn -0.7204 0.2161 0.6590
vn -0.7204 0.1813 0.6695
vn -0.7203 0.1458 0.6781
vn -0.7203 0.1098 0.6849
vn -0.7203 0.0735 0.6898
vn -0.7202 0.0368 0.6928
vn -0.7202 -0.0000 0.6937
vn -0.7202 -0.0368 0.6928
vn -0.7203 -0.0735 0.6898
vn -0.7203 -0.1098 0.6849
vn -0.7203 -0.1458 0.6781
vn -0.7204 -0.1813 0.6695
vn -0.7204 -0.2161 0.6590
vn -0.7205 -0.2502 0.6467
vn -0.7206 -0.2834 0.6328
vn -0.7207 -0.3156 0.6172
vn -0.7208 -0.3468 0.6001
vn -0.7209 -0.3769 0.5816
vn -0.7210 -0.4058 0.5617
vn -0.7211 -0.4334 0.5405
vn -0.7212 -0.4597 0.5181
vn -0.7214 -0.4847 0.4947
vn -0.7215 -0.5083 0.4702
vn -0.7216 -0.5306 0.4448
vn -0.7217 -0.5514 0.4185
vn -0.7218 -0.5707 0.3915
vn -0.7219 -0.5886 0.3638
vn -0.7220 -0.6051 0.3355
vn -0.7221 -0.6201 0.3066
vn -0.7222 -0.6337 0.2772
vn -0.7223 -0.6458 0.2474
vn -0.7224 -0.6565 0.2173
vn -0.7224 -0.6657 0.1868
vn -0.7225 -0.6735 0.1561
vn -0.7225 -0.6799 0.1251
vn -0.7226 -0.6849 0.0940
vn -0.7226 -0.6884 0.0627
vn -0.7226 -0.6905 0.0314
vn -0.7226 -0.6912 -0.0000
vn -0.7226 -0.6905 -0.0314
vn -0.7226 -0.6884 -0.0627
vn -0.7226 -0.6849 -0.0940
vn -0.7225 -0.6799 -0.1251
vn -0.7225 -0.6735 -0.1561
vn -0.7224 -0.6657 -0.1868
vn -0.7224 -0.6565 -0.2173
vn -0.7223 -0.6458 -0.2474
vn -0.7222 -0.6337 -0.2772
vn -0.7221 -0.6201 -0.3066
vn -0.7220 -0.6051 -0.3355
vn -0.7219 -0.5886 -0.3638
vn -0.7218 -0.5707 -0.3915
vn -0.7217 -0.5514 -0.4185
vn -0.7216 -0.5306 -0.4448
vn -0.7215 -0.5083 -0.4702
vn -0.7214 -0.4847 -0.4947
vn -0.7212 -0.4597 -0.5181
vn -0.7211 -0.4334 -0.5405
vn -0.7210 -0.4058 -0.5617
vn -0.7209 -0.3769 -0.5816
vn -0.7208 -0.3468 -0.6002
vn -0.7207 -0.3156 -0.6172
vn -0.7206 -0.2834 -0.6328
vn -0.7205 -0.2502 -0.6467
vn -0.7204 -0.2161 -0.6590
vn -0.7204 -0.1813 -0.6695
vn -0.7203 -0.1458 -0.6781
vn -0.7203 -0.1098 -0.6849
vn -0.7202 -0.0735 -0.6898
vn -0.7202 -0.0368 -0.6928
vn -0.7202 -0.0000 -0.6937
vn -0.7202 0.0368 -0.6928
vn -0.7202 0.0735 -0.6898
vn -0.7203 0.1098 -0.6849
vn -0.7203 0.1458 -0.6781
vn -0.7204 0.1813 -0.6695
vn -0.7204 0.2161 -0.6590
vn -0.7205 0.2502 -0.6467
vn -0.7206 0.2834 -0.6328
vn -0.7207 0.3156 -0.6172
vn -0.7208 0.3468 -0.6002
vn -0.7209 0.3769 -0.5816
vn -0.7210 0.4058 -0.5617
vn -0.7211 0.4334 -0.5405
vn -0.7212 0.4597 -0.5181
vn -0.7214 0.4847 -0.4947
vn -0.7215 0.5083 -0.4702
vn -0.7216 0.5306 -0.4448
vn -0.7217 0.5514 -0.4185
vn -0.7218 0.5707 -0.3915
vn -0.7219 0.5886 -0.3638
vn -0.7220 0.6051 -0.3355
vn -0.7221 0.6201 -0.3066
vn -0.7222 0.6337 -0.2772
vn -0.7223 0.6458 -0.2474
vn -0.7224 0.6565 -0.2173
vn -0.7224 0.6657 -0.1868
vn -0.7225 0.6735 -0.1561
vn -0.7225 0.6799 -0.1251
vn -0.7226 0.6849 -0.0940
vn -0.7226 0.6884 -0.0627
vn -0.7226 0.6905 -0.0314
s 1
usemtl dryer_window_smoke
f 2017//2279 2018//2280 2019//2281
f 2017//2279 2019//2281 2020//2282
f 2017//2279 2020//2282 2021//2283
f 2017//2279 2021//2283 2022//2284
f 2017//2279 2022//2284 2023//2285
f 2017//2279 2023//2285 2024//2286
f 2017//2279 2024//2286 2025//2287
f 2017//2279 2025//2287 2026//2288
f 2017//2279 2026//2288 2027//2289
f 2017//2279 2027//2289 2028//2290
f 2017//2279 2028//2290 2029//2291
f 2017//2279 2029//2291 2030//2292
f 2017//2279 2030//2292 2031//2293
f 2017//2279 2031//2293 2032//2294
f 2017//2279 2032//2294 2033//2295
f 2017//2279 2033//2295 2034//2296
f 2017//2279 2034//2296 2035//2297
f 2017//2279 2035//2297 2036//2298
f 2017//2279 2036//2298 2037//2299
f 2017//2279 2037//2299 2038//2300
f 2017//2279 2038//2300 2039//2301
f 2017//2279 2039//2301 2040//2302
f 2017//2279 2040//2302 2041//2303
f 2017//2279 2041//2303 2042//2304
f 2017//2279 2042//2304 2043//2305
f 2017//2279 2043//2305 2044//2306
f 2017//2279 2044//2306 2045//2307
f 2017//2279 2045//2307 2046//2308
f 2017//2279 2046//2308 2047//2309
f 2017//2279 2047//2309 2048//2310
f 2017//2279 2048//2310 2049//2311
f 2017//2279 2049//2311 2050//2312
f 2017//2279 2050//2312 2051//2313
f 2017//2279 2051//2313 2052//2314
f 2017//2279 2052//2314 2053//2315
f 2017//2279 2053//2315 2054//2316
f 2017//2279 2054//2316 2055//2317
f 2017//2279 2055//2317 2056//2318
f 2017//2279 2056//2318 2057//2319
f 2017//2279 2057//2319 2058//2320
f 2017//2279 2058//2320 2059//2321
f 2017//2279 2059//2321 2060//2322
f 2017//2279 2060//2322 2061//2323
f 2017//2279 2061//2323 2062//2324
f 2017//2279 2062//2324 2063//2325
f 2017//2279 2063//2325 2064//2326
f 2017//2279 2064//2326 2065//2327
f 2017//2279 2065//2327 2066//2328
f 2017//2279 2066//2328 2067//2329
f 2017//2279 2067//2329 2068//2330
f 2017//2279 2068//2330 2069//2331
f 2017//2279 2069//2331 2070//2332
f 2017//2279 2070//2332 2071//2333
f 2017//2279 2071//2333 2072//2334
f 2017//2279 2072//2334 2073//2335
f 2017//2279 2073//2335 2074//2336
f 2017//2279 2074//2336 2075//2337
f 2017//2279 2075//2337 2076//2338
f 2017//2279 2076//2338 2077//2339
f 2017//2279 2077//2339 2078//2340
f 2017//2279 2078//2340 2079//2341
f 2017//2279 2079//2341 2080//2342
f 2017//2279 2080//2342 2081//2343
f 2017//2279 2081//2343 2082//2344
f 2017//2279 2082//2344 2083//2345
f 2017//2279 2083//2345 2084//2346
f 2017//2279 2084//2346 2085//2347
f 2017//2279 2085//2347 2086//2348
f 2017//2279 2086//2348 2087//2349
f 2017//2279 2087//2349 2088//2350
f 2017//2279 2088//2350 2089//2351
f 2017//2279 2089//2351 2090//2352
f 2017//2279 2090//2352 2091//2353
f 2017//2279 2091//2353 2092//2354
f 2017//2279 2092//2354 2093//2355
f 2017//2279 2093//2355 2094//2356
f 2017//2279 2094//2356 2095//2357
f 2017//2279 2095//2357 2096//2358
f 2017//2279 2096//2358 2097//2359
f 2017//2279 2097//2359 2098//2360
f 2017//2279 2098//2360 2099//2361
f 2017//2279 2099//2361 2100//2362
f 2017//2279 2100//2362 2101//2363
f 2017//2279 2101//2363 2102//2364
f 2017//2279 2102//2364 2103//2365
f 2017//2279 2103//2365 2104//2366
f 2017//2279 2104//2366 2105//2367
f 2017//2279 2105//2367 2106//2368
f 2017//2279 2106//2368 2107//2369
f 2017//2279 2107//2369 2108//2370
f 2017//2279 2108//2370 2109//2371
f 2017//2279 2109//2371 2110//2372
f 2017//2279 2110//2372 2111//2373
f 2017//2279 2111//2373 2112//2374
f 2017//2279 2112//2374 2113//2375
f 2017//2279 2113//2375 2114//2376
f 2017//2279 2114//2376 2115//2377
f 2017//2279 2115//2377 2116//2378
f 2017//2279 2116//2378 2117//2379
f 2017//2279 2117//2379 2118//2380
f 2017//2279 2118//2380 2119//2381
f 2017//2279 2119//2381 2120//2382
f 2017//2279 2120//2382 2121//2383
f 2017//2279 2121//2383 2122//2384
f 2017//2279 2122//2384 2123//2385
f 2017//2279 2123//2385 2124//2386
f 2017//2279 2124//2386 2125//2387
f 2017//2279 2125//2387 2126//2388
f 2017//2279 2126//2388 2127//2389
f 2017//2279 2127//2389 2128//2390
f 2017//2279 2128//2390 2129//2391
f 2017//2279 2129//2391 2130//2392
f 2017//2279 2130//2392 2131//2393
f 2017//2279 2131//2393 2132//2394
f 2017//2279 2132//2394 2133//2395
f 2017//2279 2133//2395 2134//2396
f 2017//2279 2134//2396 2135//2397
f 2017//2279 2135//2397 2136//2398
f 2017//2279 2136//2398 2137//2399
f 2017//2279 2137//2399 2138//2400
f 2017//2279 2138//2400 2139//2401
f 2017//2279 2139//2401 2140//2402
f 2017//2279 2140//2402 2141//2403
f 2017//2279 2141//2403 2142//2404
f 2017//2279 2142//2404 2143//2405
f 2017//2279 2143//2405 2144//2406
f 2017//2279 2144//2406 2145//2407
f 2017//2279 2145//2407 2018//2280
f 2146//2408 2019//2281 2018//2280
f 2147//2409 2020//2282 2019//2281
f 2148//2410 2021//2283 2020//2282
f 2149//2411 2022//2284 2021//2283
f 2150//2412 2023//2285 2022//2284
f 2151//2413 2024//2286 2023//2285
f 2152//2414 2025//2287 2024//2286
f 2153//2415 2026//2288 2025//2287
f 2154//2416 2027//2289 2026//2288
f 2155//2417 2028//2290 2027//2289
f 2156//2418 2029//2291 2028//2290
f 2157//2419 2030//2292 2029//2291
f 2158//2420 2031//2293 2030//2292
f 2159//2421 2032//2294 2031//2293
f 2160//2422 2033//2295 2032//2294
f 2161//2423 2034//2296 2033//2295
f 2162//2424 2035//2297 2034//2296
f 2163//2425 2036//2298 2035//2297
f 2164//2426 2037//2299 2036//2298
f 2165//2427 2038//2300 2037//2299
f 2166//2428 2039//2301 2038//2300
f 2167//2429 2040//2302 2039//2301
f 2168//2430 2041//2303 2040//2302
f 2169//2431 2042//2304 2041//2303
f 2170//2432 2043//2305 2042//2304
f 2171//2433 2044//2306 2043//2305
f 2172//2434 2045//2307 2044//2306
f 2173//2435 2046//2308 2045//2307
f 2174//2436 2047//2309 2046//2308
f 2175//2437 2048//2310 2047//2309
f 2176//2438 2049//2311 2048//2310
f 2177//2439 2050//2312 2049//2311
f 2050//2312 2179//2441 2051//2313
f 2051//2313 2180//2442 2052//2314
f 2052//2314 2181//2443 2053//2315
f 2053//2315 2182//2444 2054//2316
f 2054//2316 2183//2445 2055//2317
f 2055//2317 2184//2446 2056//2318
f 2056//2318 2185//2447 2057//2319
f 2057//2319 2186//2448 2058//2320
f 2058//2320 2187//2449 2059//2321
f 2059//2321 2188//2450 2060//2322
f 2060//2322 2189//2451 2061//2323
f 2061//2323 2190//2452 2062//2324
f 2062//2324 2191//2453 2063//2325
f 2063//2325 2192//2454 2064//2326
f 2064//2326 2193//2455 2065//2327
f 2065//2327 2194//2456 2066//2328
f 2066//2328 2195//2457 2067//2329
f 2067//2329 2196//2458 2068//2330
f 2068//2330 2197//2459 2069//2331
f 2069//2331 2198//2460 2070//2332
f 2070//2332 2199//2461 2071//2333
f 2071//2333 2200//2462 2072//2334
f 2072//2334 2201//2463 2073//2335
f 2073//2335 2202//2464 2074//2336
f 2074//2336 2203//2465 2075//2337
f 2075//2337 2204//2466 2076//2338
f 2076//2338 2205//2467 2077//2339
f 2077//2339 2206//2468 2078//2340
f 2078//2340 2207//2469 2079//2341
f 2079//2341 2208//2470 2080//2342
f 2080//2342 2209//2471 2081//2343
f 2081//2343 2210//2472 2082//2344
f 2210//2472 2083//2345 2082//2344
f 2211//2473 2084//2346 2083//2345
f 2212//2474 2085//2347 2084//2346
f 2213//2475 2086//2348 2085//2347
f 2214//2476 2087//2349 2086//2348
f 2215//2477 2088//2350 2087//2349
f 2216//2478 2089//2351 2088//2350
f 2217//2479 2090//2352 2089//2351
f 2218//2480 2091//2353 2090//2352
f 2219//2481 2092//2354 2091//2353
f 2220//2482 2093//2355 2092//2354
f 2221//2483 2094//2356 2093//2355
f 2222//2484 2095//2357 2094//2356
f 2223//2485 2096//2358 2095//2357
f 2224//2486 2097//2359 2096//2358
f 2225//2487 2098//2360 2097//2359
f 2226//2488 2099//2361 2098//2360
f 2227//2489 2100//2362 2099//2361
f 2228//2490 2101//2363 2100//2362
f 2229//2491 2102//2364 2101//2363
f 2230//2492 2103//2365 2102//2364
f 2231//2493 2104//2366 2103//2365
f 2232//2494 2105//2367 2104//2366
f 2233//2495 2106//2368 2105//2367
f 2234//2496 2107//2369 2106//2368
f 2235//2497 2108//2370 2107//2369
f 2236//2498 2109//2371 2108//2370
f 2237//2499 2110//2372 2109//2371
f 2238//2500 2111//2373 2110//2372
f 2239//2501 2112//2374 2111//2373
f 2240//2502 2113//2375 2112//2374
f 2241//2503 2114//2376 2113//2375
f 2114//2376 2243//2505 2115//2377
f 2115//2377 2244//2506 2116//2378
f 2116//2378 2245//2507 2117//2379
f 2117//2379 2246//2508 2118//2380
f 2118//2380 2247//2509 2119//2381
f 2119//2381 2248//2510 2120//2382
f 2120//2382 2249//2511 2121//2383
f 2121//2383 2250//2512 2122//2384
f 2122//2384 2251//2513 2123//2385
f 2123//2385 2252//2514 2124//2386
f 2124//2386 2253//2515 2125//2387
f 2125//2387 2254//2516 2126//2388
f 2126//2388 2255//2517 2127//2389
f 2127//2389 2256//2518 2128//2390
f 2128//2390 2257//2519 2129//2391
f 2129//2391 2258//2520 2130//2392
f 2130//2392 2259//2521 2131//2393
f 2131//2393 2260//2522 2132//2394
f 2132//2394 2261//2523 2133//2395
f 2133//2395 2262//2524 2134//2396
f 2134//2396 2263//2525 2135//2397
f 2135//2397 2264//2526 2136//2398
f 2136//2398 2265//2527 2137//2399
f 2137//2399 2266//2528 2138//2400
f 2138//2400 2267//2529 2139//2401
f 2139//2401 2268//2530 2140//2402
f 2140//2402 2269//2531 2141//2403
f 2141//2403 2270//2532 2142//2404
f 2142//2404 2271//2533 2143//2405
f 2143//2405 2272//2534 2144//2406
f 2144//2406 2273//2535 2145//2407
f 2145//2407 2146//2408 2018//2280
f 2274//2536 2147//2409 2146//2408
f 2275//2537 2148//2410 2147//2409
f 2276//2538 2149//2411 2148//2410
f 2277//2539 2150//2412 2149//2411
f 2278//2540 2151//2413 2150//2412
f 2279//2541 2152//2414 2151//2413
f 2280//2542 2153//2415 2152//2414
f 2281//2543 2154//2416 2153//2415
f 2282//2544 2155//2417 2154//2416
f 2283//2545 2156//2418 2155//2417
f 2284//2546 2157//2419 2156//2418
f 2285//2547 2158//2420 2157//2419
f 2286//2548 2159//2421 2158//2420
f 2287//2549 2160//2422 2159//2421
f 2288//2550 2161//2423 2160//2422
f 2289//2551 2162//2424 2161//2423
f 2290//2552 2163//2425 2162//2424
f 2291//2553 2164//2426 2163//2425
f 2292//2554 2165//2427 2164//2426
f 2293//2555 2166//2428 2165//2427
f 2294//2556 2167//2429 2166//2428
f 2295//2557 2168//2430 2167//2429
f 2296//2558 2169//2431 2168//2430
f 2297//2559 2170//2432 2169//2431
f 2298//2560 2171//2433 2170//2432
f 2299//2561 2172//2434 2171//2433
f 2300//2562 2173//2435 2172//2434
f 2301//2563 2174//2436 2173//2435
f 2302//2564 2175//2437 2174//2436
f 2303//2565 2176//2438 2175//2437
f 2304//2566 2177//2439 2176//2438
f 2305//2567 2178//2440 2177//2439
f 2178//2440 2307//2569 2179//2441
f 2179//2441 2308//2570 2180//2442
f 2180//2442 2309//2571 2181//2443
f 2181//2443 2310//2572 2182//2444
f 2182//2444 2311//2573 2183//2445
f 2183//2445 2312//2574 2184//2446
f 2184//2446 2313//2575 2185//2447
f 2185//2447 2314//2576 2186//2448
f 2186//2448 2315//2577 2187//2449
f 2187//2449 2316//2578 2188//2450
f 2188//2450 2317//2579 2189//2451
f 2189//2451 2318//2580 2190//2452
f 2190//2452 2319//2581 2191//2453
f 2191//2453 2320//2582 2192//2454
f 2192//2454 2321//2583 2193//2455
f 2193//2455 2322//2584 2194//2456
f 2194//2456 2323//2585 2195//2457
f 2195//2457 2324//2586 2196//2458
f 2196//2458 2325//2587 2197//2459
f 2197//2459 2326//2588 2198//2460
f 2198//2460 2327//2589 2199//2461
f 2199//2461 2328//2590 2200//2462
f 2200//2462 2329//2591 2201//2463
f 2201//2463 2330//2592 2202//2464
f 2202//2464 2331//2593 2203//2465
f 2203//2465 2332//2594 2204//2466
f 2204//2466 2333//2595 2205//2467
f 2205//2467 2334//2596 2206//2468
f 2206//2468 2335//2597 2207//2469
f 2207//2469 2336//2598 2208//2470
f 2208//2470 2337//2599 2209//2471
f 2209//2471 2338//2600 2210//2472
f 2338//2600 2211//2473 2210//2472
f 2339//2601 2212//2474 2211//2473
f 2340//2602 2213//2475 2212//2474
f 2341//2603 2214//2476 2213//2475
f 2342//2604 2215//2477 2214//2476
f 2343//2605 2216//2478 2215//2477
f 2344//2606 2217//2479 2216//2478
f 2345//2607 2218//2480 2217//2479
f 2346//2608 2219//2481 2218//2480
f 2347//2609 2220//2482 2219//2481
f 2348//2610 2221//2483 2220//2482
f 2349//2611 2222//2484 2221//2483
f 2350//2612 2223//2485 2222//2484
f 2351//2613 2224//2486 2223//2485
f 2352//2614 2225//2487 2224//2486
f 2353//2615 2226//2488 2225//2487
f 2354//2616 2227//2489 2226//2488
f 2355//2617 2228//2490 2227//2489
f 2356//2618 2229//2491 2228//2490
f 2357//2619 2230//2492 2229//2491
f 2358//2620 2231//2493 2230//2492
f 2359//2621 2232//2494 2231//2493
f 2360//2622 2233//2495 2232//2494
f 2361//2623 2234//2496 2233//2495
f 2362//2624 2235//2497 2234//2496
f 2363//2625 2236//2498 2235//2497
f 2364//2626 2237//2499 2236//2498
f 2365//2627 2238//2500 2237//2499
f 2366//2628 2239//2501 2238//2500
f 2367//2629 2240//2502 2239//2501
f 2368//2630 2241//2503 2240//2502
f 2369//2631 2242//2504 2241//2503
f 2242//2504 2371//2633 2243//2505
f 2243//2505 2372//2634 2244//2506
f 2244//2506 2373//2635 2245//2507
f 2245//2507 2374//2636 2246//2508
f 2246//2508 2375//2637 2247//2509
f 2247//2509 2376//2638 2248//2510
f 2248//2510 2377//2639 2249//2511
f 2249//2511 2378//2640 2250//2512
f 2250//2512 2379//2641 2251//2513
f 2251//2513 2380//2642 2252//2514
f 2252//2514 2381//2643 2253//2515
f 2253//2515 2382//2644 2254//2516
f 2254//2516 2383//2645 2255//2517
f 2255//2517 2384//2646 2256//2518
f 2256//2518 2385//2647 2257//2519
f 2257//2519 2386//2648 2258//2520
f 2258//2520 2387//2649 2259//2521
f 2259//2521 2388//2650 2260//2522
f 2260//2522 2389//2651 2261//2523
f 2261//2523 2390//2652 2262//2524
f 2262//2524 2391//2653 2263//2525
f 2263//2525 2392//2654 2264//2526
f 2264//2526 2393//2655 2265//2527
f 2265//2527 2394//2656 2266//2528
f 2266//2528 2395//2657 2267//2529
f 2267//2529 2396//2658 2268//2530
f 2268//2530 2397//2659 2269//2531
f 2269//2531 2398//2660 2270//2532
f 2270//2532 2399//2661 2271//2533
f 2271//2533 2400//2662 2272//2534
f 2272//2534 2401//2663 2273//2535
f 2273//2535 2274//2536 2146//2408
f 2402//2664 2275//2537 2274//2536
f 2403//2665 2276//2538 2275//2537
f 2404//2666 2277//2539 2276//2538
f 2405//2667 2278//2540 2277//2539
f 2406//2668 2279//2541 2278//2540
f 2407//2669 2280//2542 2279//2541
f 2408//2670 2281//2543 2280//2542
f 2409//2671 2282//2544 2281//2543
f 2410//2672 2283//2545 2282//2544
f 2411//2673 2284//2546 2283//2545
f 2412//2674 2285//2547 2284//2546
f 2413//2675 2286//2548 2285//2547
f 2414//2676 2287//2549 2286//2548
f 2415//2677 2288//2550 2287//2549
f 2416//2678 2289//2551 2288//2550
f 2417//2679 2290//2552 2289//2551
f 2418//2680 2291//2553 2290//2552
f 2419//2681 2292//2554 2291//2553
f 2420//2682 2293//2555 2292//2554
f 2421//2683 2294//2556 2293//2555
f 2422//2684 2295//2557 2294//2556
f 2423//2685 2296//2558 2295//2557
f 2424//2686 2297//2559 2296//2558
f 2425//2687 2298//2560 2297//2559
f 2426//2688 2299//2561 2298//2560
f 2427//2689 2300//2562 2299//2561
f 2428//2690 2301//2563 2300//2562
f 2429//2691 2302//2564 2301//2563
f 2430//2692 2303//2565 2302//2564
f 2431//2693 2304//2566 2303//2565
f 2432//2694 2305//2567 2304//2566
f 2433//2695 2306//2568 2305//2567
f 2306//2568 2435//2697 2307//2569
f 2307//2569 2436//2698 2308//2570
f 2308//2570 2437//2699 2309//2571
f 2309//2571 2438//2700 2310//2572
f 2310//2572 2439//2701 2311//2573
f 2311//2573 2440//2702 2312//2574
f 2312//2574 2441//2703 2313//2575
f 2313//2575 2442//2704 2314//2576
f 2314//2576 2443//2705 2315//2577
f 2315//2577 2444//2706 2316//2578
f 2316//2578 2445//2707 2317//2579
f 2317//2579 2446//2708 2318//2580
f 2318//2580 2447//2709 2319//2581
f 2319//2581 2448//2710 2320//2582
f 2320//2582 2449//2711 2321//2583
f 2321//2583 2450//2712 2322//2584
f 2322//2584 2451//2713 2323//2585
f 2323//2585 2452//2714 2324//2586
f 2324//2586 2453//2715 2325//2587
f 2325//2587 2454//2716 2326//2588
f 2326//2588 2455//2717 2327//2589
f 2327//2589 2456//2718 2328//2590
f 2328//2590 2457//2719 2329//2591
f 2329//2591 2458//2720 2330//2592
f 2330//2592 2459//2721 2331//2593
f 2331//2593 2460//2722 2332//2594
f 2332//2594 2461//2723 2333//2595
f 2333//2595 2462//2724 2334//2596
f 2334//2596 2463//2725 2335//2597
f 2335//2597 2464//2726 2336//2598
f 2336//2598 2465//2727 2337//2599
f 2337//2599 2466//2728 2338//2600
f 2466//2728 2339//2601 2338//2600
f 2467//2729 2340//2602 2339//2601
f 2468//2730 2341//2603 2340//2602
f 2469//2731 2342//2604 2341//2603
f 2470//2732 2343//2605 2342//2604
f 2471//2733 2344//2606 2343//2605
f 2472//2734 2345//2607 2344//2606
f 2473//2735 2346//2608 2345//2607
f 2474//2736 2347//2609 2346//2608
f 2475//2737 2348//2610 2347//2609
f 2476//2738 2349//2611 2348//2610
f 2477//2739 2350//2612 2349//2611
f 2478//2740 2351//2613 2350//2612
f 2479//2741 2352//2614 2351//2613
f 2480//2742 2353//2615 2352//2614
f 2481//2743 2354//2616 2353//2615
f 2482//2744 2355//2617 2354//2616
f 2483//2745 2356//2618 2355//2617
f 2484//2746 2357//2619 2356//2618
f 2485//2747 2358//2620 2357//2619
f 2486//2748 2359//2621 2358//2620
f 2487//2749 2360//2622 2359//2621
f 2488//2750 2361//2623 2360//2622
f 2489//2751 2362//2624 2361//2623
f 2490//2752 2363//2625 2362//2624
f 2491//2753 2364//2626 2363//2625
f 2492//2754 2365//2627 2364//2626
f 2493//2755 2366//2628 2365//2627
f 2494//2756 2367//2629 2366//2628
f 2495//2757 2368//2630 2367//2629
f 2496//2758 2369//2631 2368//2630
f 2497//2759 2370//2632 2369//2631
f 2370//2632 2499//2761 2371//2633
f 2371//2633 2500//2762 2372//2634
f 2372//2634 2501//2763 2373//2635
f 2373//2635 2502//2764 2374//2636
f 2374//2636 2503//2765 2375//2637
f 2375//2637 2504//2766 2376//2638
f 2376//2638 2505//2767 2377//2639
f 2377//2639 2506//2768 2378//2640
f 2378//2640 2507//2769 2379//2641
f 2379//2641 2508//2770 2380//2642
f 2380//2642 2509//2771 2381//2643
f 2381//2643 2510//2772 2382//2644
f 2382//2644 2511//2773 2383//2645
f 2383//2645 2512//2774 2384//2646
f 2384//2646 2513//2775 2385//2647
f 2385//2647 2514//2776 2386//2648
f 2386//2648 2515//2777 2387//2649
f 2387//2649 2516//2778 2388//2650
f 2388//2650 2517//2779 2389//2651
f 2389//2651 2518//2780 2390//2652
f 2390//2652 2519//2781 2391//2653
f 2391//2653 2520//2782 2392//2654
f 2392//2654 2521//2783 2393//2655
f 2393//2655 2522//2784 2394//2656
f 2394//2656 2523//2785 2395//2657
f 2395//2657 2524//2786 2396//2658
f 2396//2658 2525//2787 2397//2659
f 2397//2659 2526//2788 2398//2660
f 2398//2660 2527//2789 2399//2661
f 2399//2661 2528//2790 2400//2662
f 2400//2662 2529//2791 2401//2663
f 2401//2663 2402//2664 2274//2536
f 2530//2792 2403//2665 2402//2664
f 2531//2793 2404//2666 2403//2665
f 2532//2794 2405//2667 2404//2666
f 2533//2795 2406//2668 2405//2667
f 2534//2796 2407//2669 2406//2668
f 2535//2797 2408//2670 2407//2669
f 2536//2798 2409//2671 2408//2670
f 2537//2799 2410//2672 2409//2671
f 2538//2800 2411//2673 2410//2672
f 2539//2801 2412//2674 2411//2673
f 2540//2802 2413//2675 2412//2674
f 2541//2803 2414//2676 2413//2675
f 2542//2804 2415//2677 2414//2676
f 2543//2805 2416//2678 2415//2677
f 2544//2806 2417//2679 2416//2678
f 2545//2807 2418//2680 2417//2679
f 2546//2808 2419//2681 2418//2680
f 2547//2809 2420//2682 2419//2681
f 2548//2810 2421//2683 2420//2682
f 2549//2811 2422//2684 2421//2683
f 2550//2812 2423//2685 2422//2684
f 2551//2813 2424//2686 2423//2685
f 2552//2814 2425//2687 2424//2686
f 2553//2815 2426//2688 2425//2687
f 2554//2816 2427//2689 2426//2688
f 2555//2817 2428//2690 2427//2689
f 2556//2818 2429//2691 2428//2690
f 2557//2819 2430//2692 2429//2691
f 2558//2820 2431//2693 2430//2692
f 2559//2821 2432//2694 2431//2693
f 2560//2822 2433//2695 2432//2694
f 2561//2823 2434//2696 2433//2695
f 2434//2696 2563//2825 2435//2697
f 2435//2697 2564//2826 2436//2698
f 2436//2698 2565//2827 2437//2699
f 2437//2699 2566//2828 2438//2700
f 2438//2700 2567//2829 2439//2701
f 2439//2701 2568//2830 2440//2702
f 2440//2702 2569//2831 2441//2703
f 2441//2703 2570//2832 2442//2704
f 2442//2704 2571//2833 2443//2705
f 2443//2705 2572//2834 2444//2706
f 2444//2706 2573//2835 2445//2707
f 2445//2707 2574//2836 2446//2708
f 2446//2708 2575//2837 2447//2709
f 2447//2709 2576//2838 2448//2710
f 2448//2710 2577//2839 2449//2711
f 2449//2711 2578//2840 2450//2712
f 2450//2712 2579//2841 2451//2713
f 2451//2713 2580//2842 2452//2714
f 2452//2714 2581//2843 2453//2715
f 2453//2715 2582//2844 2454//2716
f 2454//2716 2583//2845 2455//2717
f 2455//2717 2584//2846 2456//2718
f 2456//2718 2585//2847 2457//2719
f 2457//2719 2586//2848 2458//2720
f 2458//2720 2587//2849 2459//2721
f 2459//2721 2588//2850 2460//2722
f 2460//2722 2589//2851 2461//2723
f 2461//2723 2590//2852 2462//2724
f 2462//2724 2591//2853 2463//2725
f 2463//2725 2592//2854 2464//2726
f 2464//2726 2593//2855 2465//2727
f 2465//2727 2594//2856 2466//2728
f 2594//2856 2467//2729 2466//2728
f 2595//2857 2468//2730 2467//2729
f 2596//2858 2469//2731 2468//2730
f 2597//2859 2470//2732 2469//2731
f 2598//2860 2471//2733 2470//2732
f 2599//2861 2472//2734 2471//2733
f 2600//2862 2473//2735 2472//2734
f 2601//2863 2474//2736 2473//2735
f 2602//2864 2475//2737 2474//2736
f 2603//2865 2476//2738 2475//2737
f 2604//2866 2477//2739 2476//2738
f 2605//2867 2478//2740 2477//2739
f 2606//2868 2479//2741 2478//2740
f 2607//2869 2480//2742 2479//2741
f 2608//2870 2481//2743 2480//2742
f 2609//2871 2482//2744 2481//2743
f 2610//2872 2483//2745 2482//2744
f 2611//2873 2484//2746 2483//2745
f 2612//2874 2485//2747 2484//2746
f 2613//2875 2486//2748 2485//2747
f 2614//2876 2487//2749 2486//2748
f 2615//2877 2488//2750 2487//2749
f 2616//2878 2489//2751 2488//2750
f 2617//2879 2490//2752 2489//2751
f 2618//2880 2491//2753 2490//2752
f 2619//2881 2492//2754 2491//2753
f 2620//2882 2493//2755 2492//2754
f 2621//2883 2494//2756 2493//2755
f 2622//2884 2495//2757 2494//2756
f 2623//2885 2496//2758 2495//2757
f 2624//2886 2497//2759 2496//2758
f 2625//2887 2498//2760 2497//2759
f 2498//2760 2627//2889 2499//2761
f 2499//2761 2628//2890 2500//2762
f 2500//2762 2629//2891 2501//2763
f 2501//2763 2630//2892 2502//2764
f 2502//2764 2631//2893 2503//2765
f 2503//2765 2632//2894 2504//2766
f 2504//2766 2633//2895 2505//2767
f 2505//2767 2634//2896 2506//2768
f 2506//2768 2635//2897 2507//2769
f 2507//2769 2636//2898 2508//2770
f 2508//2770 2637//2899 2509//2771
f 2509//2771 2638//2900 2510//2772
f 2510//2772 2639//2901 2511//2773
f 2511//2773 2640//2902 2512//2774
f 2512//2774 2641//2903 2513//2775
f 2513//2775 2642//2904 2514//2776
f 2514//2776 2643//2905 2515//2777
f 2515//2777 2644//2906 2516//2778
f 2516//2778 2645//2907 2517//2779
f 2517//2779 2646//2908 2518//2780
f 2518//2780 2647//2909 2519//2781
f 2519//2781 2648//2910 2520//2782
f 2520//2782 2649//2911 2521//2783
f 2521//2783 2650//2912 2522//2784
f 2522//2784 2651//2913 2523//2785
f 2523//2785 2652//2914 2524//2786
f 2524//2786 2653//2915 2525//2787
f 2525//2787 2654//2916 2526//2788
f 2526//2788 2655//2917 2527//2789
f 2527//2789 2656//2918 2528//2790
f 2528//2790 2657//2919 2529//2791
f 2529//2791 2530//2792 2402//2664
f 2658//2920 2531//2793 2530//2792
f 2659//2921 2532//2794 2531//2793
f 2660//2922 2533//2795 2532//2794
f 2661//2923 2534//2796 2533//2795
f 2662//2924 2535//2797 2534//2796
f 2663//2925 2536//2798 2535//2797
f 2664//2926 2537//2799 2536//2798
f 2665//2927 2538//2800 2537//2799
f 2666//2928 2539//2801 2538//2800
f 2667//2929 2540//2802 2539//2801
f 2668//2930 2541//2803 2540//2802
f 2669//2931 2542//2804 2541//2803
f 2670//2932 2543//2805 2542//2804
f 2671//2933 2544//2806 2543//2805
f 2672//2934 2545//2807 2544//2806
f 2673//2935 2546//2808 2545//2807
f 2674//2936 2547//2809 2546//2808
f 2675//2937 2548//2810 2547//2809
f 2676//2938 2549//2811 2548//2810
f 2677//2939 2550//2812 2549//2811
f 2678//2940 2551//2813 2550//2812
f 2679//2941 2552//2814 2551//2813
f 2680//2942 2553//2815 2552//2814
f 2681//2943 2554//2816 2553//2815
f 2682//2944 2555//2817 2554//2816
f 2683//2945 2556//2818 2555//2817
f 2684//2946 2557//2819 2556//2818
f 2685//2947 2558//2820 2557//2819
f 2686//2948 2559//2821 2558//2820
f 2687//2949 2560//2822 2559//2821
f 2688//2950 2561//2823 2560//2822
f 2689//2951 2562//2824 2561//2823
f 2562//2824 2691//2953 2563//2825
f 2563//2825 2692//2954 2564//2826
f 2564//2826 2693//2955 2565//2827
f 2565//2827 2694//2956 2566//2828
f 2566//2828 2695//2957 2567//2829
f 2567//2829 2696//2958 2568//2830
f 2568//2830 2697//2959 2569//2831
f 2569//2831 2698//2960 2570//2832
f 2570//2832 2699//2961 2571//2833
f 2571//2833 2700//2962 2572//2834
f 2572//2834 2701//2963 2573//2835
f 2573//2835 2702//2964 2574//2836
f 2574//2836 2703//2965 2575//2837
f 2575//2837 2704//2966 2576//2838
f 2576//2838 2705//2967 2577//2839
f 2577//2839 2706//2968 2578//2840
f 2578//2840 2707//2969 2579//2841
f 2579//2841 2708//2970 2580//2842
f 2580//2842 2709//2971 2581//2843
f 2581//2843 2710//2972 2582//2844
f 2582//2844 2711//2973 2583//2845
f 2583//2845 2712//2974 2584//2846
f 2584//2846 2713//2975 2585//2847
f 2585//2847 2714//2976 2586//2848
f 2586//2848 2715//2977 2587//2849
f 2587//2849 2716//2978 2588//2850
f 2588//2850 2717//2979 2589//2851
f 2589//2851 2718//2980 2590//2852
f 2590//2852 2719//2981 2591//2853
f 2591//2853 2720//2982 2592//2854
f 2592//2854 2721//2983 2593//2855
f 2593//2855 2722//2984 2594//2856
f 2722//2984 2595//2857 2594//2856
f 2723//2985 2596//2858 2595//2857
f 2724//2986 2597//2859 2596//2858
f 2725//2987 2598//2860 2597//2859
f 2726//2988 2599//2861 2598//2860
f 2727//2989 2600//2862 2599//2861
f 2728//2990 2601//2863 2600//2862
f 2729//2991 2602//2864 2601//2863
f 2730//2992 2603//2865 2602//2864
f 2731//2993 2604//2866 2603//2865
f 2732//2994 2605//2867 2604//2866
f 2733//2995 2606//2868 2605//2867
f 2734//2996 2607//2869 2606//2868
f 2735//2997 2608//2870 2607//2869
f 2736//2998 2609//2871 2608//2870
f 2737//2999 2610//2872 2609//2871
f 2738//3000 2611//2873 2610//2872
f 2739//3001 2612//2874 2611//2873
f 2740//3002 2613//2875 2612//2874
f 2741//3003 2614//2876 2613//2875
f 2742//3004 2615//2877 2614//2876
f 2743//3005 2616//2878 2615//2877
f 2744//3006 2617//2879 2616//2878
f 2745//3007 2618//2880 2617//2879
f 2746//3008 2619//2881 2618//2880
f 2747//3009 2620//2882 2619//2881
f 2748//3010 2621//2883 2620//2882
f 2749//3011 2622//2884 2621//2883
f 2750//3012 2623//2885 2622//2884
f 2751//3013 2624//2886 2623//2885
f 2752//3014 2625//2887 2624//2886
f 2753//3015 2626//2888 2625//2887
f 2626//2888 2755//3017 2627//2889
f 2627//2889 2756//3018 2628//2890
f 2628//2890 2757//3019 2629//2891
f 2629//2891 2758//3020 2630//2892
f 2630//2892 2759//3021 2631//2893
f 2631//2893 2760//3022 2632//2894
f 2632//2894 2761//3023 2633//2895
f 2633//2895 2762//3024 2634//2896
f 2634//2896 2763//3025 2635//2897
f 2635//2897 2764//3026 2636//2898
f 2636//2898 2765//3027 2637//2899
f 2637//2899 2766//3028 2638//2900
f 2638//2900 2767//3029 2639//2901
f 2639//2901 2768//3030 2640//2902
f 2640//2902 2769//3031 2641//2903
f 2641//2903 2770//3032 2642//2904
f 2642//2904 2771//3033 2643//2905
f 2643//2905 2772//3034 2644//2906
f 2644//2906 2773//3035 2645//2907
f 2645//2907 2774//3036 2646//2908
f 2646//2908 2775//3037 2647//2909
f 2647//2909 2776//3038 2648//2910
f 2648//2910 2777//3039 2649//2911
f 2649//2911 2778//3040 2650//2912
f 2650//2912 2779//3041 2651//2913
f 2651//2913 2780//3042 2652//2914
f 2652//2914 2781//3043 2653//2915
f 2653//2915 2782//3044 2654//2916
f 2654//2916 2783//3045 2655//2917
f 2655//2917 2784//3046 2656//2918
f 2656//2918 2785//3047 2657//2919
f 2657//2919 2658//2920 2530//2792
f 2786//3048 2659//2921 2658//2920
f 2787//3049 2660//2922 2659//2921
f 2788//3050 2661//2923 2660//2922
f 2789//3051 2662//2924 2661//2923
f 2790//3052 2663//2925 2662//2924
f 2791//3053 2664//2926 2663//2925
f 2792//3054 2665//2927 2664//2926
f 2793//3055 2666//2928 2665//2927
f 2794//3056 2667//2929 2666//2928
f 2795//3057 2668//2930 2667//2929
f 2796//3058 2669//2931 2668//2930
f 2797//3059 2670//2932 2669//2931
f 2798//3060 2671//2933 2670//2932
f 2799//3061 2672//2934 2671//2933
f 2800//3062 2673//2935 2672//2934
f 2801//3063 2674//2936 2673//2935
f 2802//3064 2675//2937 2674//2936
f 2803//3065 2676//2938 2675//2937
f 2804//3066 2677//2939 2676//2938
f 2805//3067 2678//2940 2677//2939
f 2806//3068 2679//2941 2678//2940
f 2807//3069 2680//2942 2679//2941
f 2808//3070 2681//2943 2680//2942
f 2809//3071 2682//2944 2681//2943
f 2810//3072 2683//2945 2682//2944
f 2811//3073 2684//2946 2683//2945
f 2812//3074 2685//2947 2684//2946
f 2813//3075 2686//2948 2685//2947
f 2814//3076 2687//2949 2686//2948
f 2815//3077 2688//2950 2687//2949
f 2816//3078 2689//2951 2688//2950
f 2817//3079 2690//2952 2689//2951
f 2690//2952 2819//3081 2691//2953
f 2691//2953 2820//3082 2692//2954
f 2692//2954 2821//3083 2693//2955
f 2693//2955 2822//3084 2694//2956
f 2694//2956 2823//3085 2695//2957
f 2695//2957 2824//3086 2696//2958
f 2696//2958 2825//3087 2697//2959
f 2697//2959 2826//3088 2698//2960
f 2698//2960 2827//3089 2699//2961
f 2699//2961 2828//3090 2700//2962
f 2700//2962 2829//3091 2701//2963
f 2701//2963 2830//3092 2702//2964
f 2702//2964 2831//3093 2703//2965
f 2703//2965 2832//3094 2704//2966
f 2704//2966 2833//3095 2705//2967
f 2705//2967 2834//3096 2706//2968
f 2706//2968 2835//3097 2707//2969
f 2707//2969 2836//3098 2708//2970
f 2708//2970 2837//3099 2709//2971
f 2709//2971 2838//3100 2710//2972
f 2710//2972 2839//3101 2711//2973
f 2711//2973 2840//3102 2712//2974
f 2712//2974 2841//3103 2713//2975
f 2713//2975 2842//3104 2714//2976
f 2714//2976 2843//3105 2715//2977
f 2715//2977 2844//3106 2716//2978
f 2716//2978 2845//3107 2717//2979
f 2717//2979 2846//3108 2718//2980
f 2718//2980 2847//3109 2719//2981
f 2719//2981 2848//3110 2720//2982
f 2720//2982 2849//3111 2721//2983
f 2721//2983 2850//3112 2722//2984
f 2850//3112 2723//2985 2722//2984
f 2851//3113 2724//2986 2723//2985
f 2852//3114 2725//2987 2724//2986
f 2853//3115 2726//2988 2725//2987
f 2854//3116 2727//2989 2726//2988
f 2855//3117 2728//2990 2727//2989
f 2856//3118 2729//2991 2728//2990
f 2857//3119 2730//2992 2729//2991
f 2858//3120 2731//2993 2730//2992
f 2859//3121 2732//2994 2731//2993
f 2860//3122 2733//2995 2732//2994
f 2861//3123 2734//2996 2733//2995
f 2862//3124 2735//2997 2734//2996
f 2863//3125 2736//2998 2735//2997
f 2864//3126 2737//2999 2736//2998
f 2865//3127 2738//3000 2737//2999
f 2866//3128 2739//3001 2738//3000
f 2867//3129 2740//3002 2739//3001
f 2868//3130 2741//3003 2740//3002
f 2869//3131 2742//3004 2741//3003
f 2870//3132 2743//3005 2742//3004
f 2871//3133 2744//3006 2743//3005
f 2872//3134 2745//3007 2744//3006
f 2873//3135 2746//3008 2745//3007
f 2874//3136 2747//3009 2746//3008
f 2875//3137 2748//3010 2747//3009
f 2876//3138 2749//3011 2748//3010
f 2877//3139 2750//3012 2749//3011
f 2878//3140 2751//3013 2750//3012
f 2879//3141 2752//3014 2751//3013
f 2880//3142 2753//3015 2752//3014
f 2881//3143 2754//3016 2753//3015
f 2754//3016 2883//3145 2755//3017
f 2755//3017 2884//3146 2756//3018
f 2756//3018 2885//3147 2757//3019
f 2757//3019 2886//3148 2758//3020
f 2758//3020 2887//3149 2759//3021
f 2759//3021 2888//3150 2760//3022
f 2760//3022 2889//3151 2761//3023
f 2761//3023 2890//3152 2762//3024
f 2762//3024 2891//3153 2763//3025
f 2763//3025 2892//3154 2764//3026
f 2764//3026 2893//3155 2765//3027
f 2765//3027 2894//3156 2766//3028
f 2766//3028 2895//3157 2767//3029
f 2767//3029 2896//3158 2768//3030
f 2768//3030 2897//3159 2769//3031
f 2769//3031 2898//3160 2770//3032
f 2770//3032 2899//3161 2771//3033
f 2771//3033 2900//3162 2772//3034
f 2772//3034 2901//3163 2773//3035
f 2773//3035 2902//3164 2774//3036
f 2774//3036 2903//3165 2775//3037
f 2775//3037 2904//3166 2776//3038
f 2776//3038 2905//3167 2777//3039
f 2777//3039 2906//3168 2778//3040
f 2778//3040 2907//3169 2779//3041
f 2779//3041 2908//3170 2780//3042
f 2780//3042 2909//3171 2781//3043
f 2781//3043 2910//3172 2782//3044
f 2782//3044 2911//3173 2783//3045
f 2783//3045 2912//3174 2784//3046
f 2784//3046 2913//3175 2785//3047
f 2785//3047 2786//3048 2658//2920
f 2914//3176 2787//3049 2786//3048
f 2915//3177 2788//3050 2787//3049
f 2916//3178 2789//3051 2788//3050
f 2917//3179 2790//3052 2789//3051
f 2918//3180 2791//3053 2790//3052
f 2919//3181 2792//3054 2791//3053
f 2920//3182 2793//3055 2792//3054
f 2921//3183 2794//3056 2793//3055
f 2922//3184 2795//3057 2794//3056
f 2923//3185 2796//3058 2795//3057
f 2924//3186 2797//3059 2796//3058
f 2925//3187 2798//3060 2797//3059
f 2926//3188 2799//3061 2798//3060
f 2927//3189 2800//3062 2799//3061
f 2928//3190 2801//3063 2800//3062
f 2929//3191 2802//3064 2801//3063
f 2930//3192 2803//3065 2802//3064
f 2931//3193 2804//3066 2803//3065
f 2932//3194 2805//3067 2804//3066
f 2933//3195 2806//3068 2805//3067
f 2934//3196 2807//3069 2806//3068
f 2935//3197 2808//3070 2807//3069
f 2936//3198 2809//3071 2808//3070
f 2937//3199 2810//3072 2809//3071
f 2938//3200 2811//3073 2810//3072
f 2939//3201 2812//3074 2811//3073
f 2940//3202 2813//3075 2812//3074
f 2941//3203 2814//3076 2813//3075
f 2942//3204 2815//3077 2814//3076
f 2943//3205 2816//3078 2815//3077
f 2944//3206 2817//3079 2816//3078
f 2945//3207 2818//3080 2817//3079
f 2818//3080 2947//3209 2819//3081
f 2819//3081 2948//3210 2820//3082
f 2820//3082 2949//3211 2821//3083
f 2821//3083 2950//3212 2822//3084
f 2822//3084 2951//3213 2823//3085
f 2823//3085 2952//3214 2824//3086
f 2824//3086 2953//3215 2825//3087
f 2825//3087 2954//3216 2826//3088
f 2826//3088 2955//3217 2827//3089
f 2827//3089 2956//3218 2828//3090
f 2828//3090 2957//3219 2829//3091
f 2829//3091 2958//3220 2830//3092
f 2830//3092 2959//3221 2831//3093
f 2831//3093 2960//3222 2832//3094
f 2832//3094 2961//3223 2833//3095
f 2833//3095 2962//3224 2834//3096
f 2834//3096 2963//3225 2835//3097
f 2835//3097 2964//3226 2836//3098
f 2836//3098 2965//3227 2837//3099
f 2837//3099 2966//3228 2838//3100
f 2838//3100 2967//3229 2839//3101
f 2839//3101 2968//3230 2840//3102
f 2840//3102 2969//3231 2841//3103
f 2841//3103 2970//3232 2842//3104
f 2842//3104 2971//3233 2843//3105
f 2843//3105 2972//3234 2844//3106
f 2844//3106 2973//3235 2845//3107
f 2845//3107 2974//3236 2846//3108
f 2846//3108 2975//3237 2847//3109
f 2847//3109 2976//3238 2848//3110
f 2848//3110 2977//3239 2849//3111
f 2849//3111 2978//3240 2850//3112
f 2978//3240 2851//3113 2850//3112
f 2979//3241 2852//3114 2851//3113
f 2980//3242 2853//3115 2852//3114
f 2981//3243 2854//3116 2853//3115
f 2982//3244 2855//3117 2854//3116
f 2983//3245 2856//3118 2855//3117
f 2984//3246 2857//3119 2856//3118
f 2985//3247 2858//3120 2857//3119
f 2986//3248 2859//3121 2858//3120
f 2987//3249 2860//3122 2859//3121
f 2988//3250 2861//3123 2860//3122
f 2989//3251 2862//3124 2861//3123
f 2990//3252 2863//3125 2862//3124
f 2991//3253 2864//3126 2863//3125
f 2992//3254 2865//3127 2864//3126
f 2993//3255 2866//3128 2865//3127
f 2994//3256 2867//3129 2866//3128
f 2995//3257 2868//3130 2867//3129
f 2996//3258 2869//3131 2868//3130
f 2997//3259 2870//3132 2869//3131
f 2998//3260 2871//3133 2870//3132
f 2999//3261 2872//3134 2871//3133
f 3000//3262 2873//3135 2872//3134
f 3001//3263 2874//3136 2873//3135
f 3002//3264 2875//3137 2874//3136
f 3003//3265 2876//3138 2875//3137
f 3004//3266 2877//3139 2876//3138
f 3005//3267 2878//3140 2877//3139
f 3006//3268 2879//3141 2878//3140
f 3007//3269 2880//3142 2879//3141
f 3008//3270 2881//3143 2880//3142
f 3009//3271 2882//3144 2881//3143
f 2882//3144 3011//3273 2883//3145
f 2883//3145 3012//3274 2884//3146
f 2884//3146 3013//3275 2885//3147
f 2885//3147 3014//3276 2886//3148
f 2886//3148 3015//3277 2887//3149
f 2887//3149 3016//3278 2888//3150
f 2888//3150 3017//3279 2889//3151
f 2889//3151 3018//3280 2890//3152
f 2890//3152 3019//3281 2891//3153
f 2891//3153 3020//3282 2892//3154
f 2892//3154 3021//3283 2893//3155
f 2893//3155 3022//3284 2894//3156
f 2894//3156 3023//3285 2895//3157
f 2895//3157 3024//3286 2896//3158
f 2896//3158 3025//3287 2897//3159
f 2897//3159 3026//3288 2898//3160
f 2898//3160 3027//3289 2899//3161
f 2899//3161 3028//3290 2900//3162
f 2900//3162 3029//3291 2901//3163
f 2901//3163 3030//3292 2902//3164
f 2902//3164 3031//3293 2903//3165
f 2903//3165 3032//3294 2904//3166
f 2904//3166 3033//3295 2905//3167
f 2905//3167 3034//3296 2906//3168
f 2906//3168 3035//3297 2907//3169
f 2907//3169 3036//3298 2908//3170
f 2908//3170 3037//3299 2909//3171
f 2909//3171 3038//3300 2910//3172
f 2910//3172 3039//3301 2911//3173
f 2911//3173 3040//3302 2912//3174
f 2912//3174 3041//3303 2913//3175
f 2913//3175 2914//3176 2786//3048
f 3042//3304 2915//3177 2914//3176
f 3043//3305 2916//3178 2915//3177
f 3044//3306 2917//3179 2916//3178
f 3045//3307 2918//3180 2917//3179
f 3046//3308 2919//3181 2918//3180
f 3047//3309 2920//3182 2919//3181
f 3048//3310 2921//3183 2920//3182
f 3049//3311 2922//3184 2921//3183
f 3050//3312 2923//3185 2922//3184
f 3051//3313 2924//3186 2923//3185
f 3052//3314 2925//3187 2924//3186
f 3053//3315 2926//3188 2925//3187
f 3054//3316 2927//3189 2926//3188
f 3055//3317 2928//3190 2927//3189
f 3056//3318 2929//3191 2928//3190
f 3057//3319 2930//3192 2929//3191
f 3058//3320 2931//3193 2930//3192
f 3059//3321 2932//3194 2931//3193
f 3060//3322 2933//3195 2932//3194
f 3061//3323 2934//3196 2933//3195
f 3062//3324 2935//3197 2934//3196
f 3063//3325 2936//3198 2935//3197
f 3064//3326 2937//3199 2936//3198
f 3065//3327 2938//3200 2937//3199
f 3066//3328 2939//3201 2938//3200
f 3067//3329 2940//3202 2939//3201
f 3068//3330 2941//3203 2940//3202
f 3069//3331 2942//3204 2941//3203
f 3070//3332 2943//3205 2942//3204
f 3071//3333 2944//3206 2943//3205
f 3072//3334 2945//3207 2944//3206
f 3073//3335 2946//3208 2945//3207
f 2946//3208 3075//3337 2947//3209
f 2947//3209 3076//3338 2948//3210
f 2948//3210 3077//3339 2949//3211
f 2949//3211 3078//3340 2950//3212
f 2950//3212 3079//3341 2951//3213
f 2951//3213 3080//3342 2952//3214
f 2952//3214 3081//3343 2953//3215
f 2953//3215 3082//3344 2954//3216
f 2954//3216 3083//3345 2955//3217
f 2955//3217 3084//3346 2956//3218
f 2956//3218 3085//3347 2957//3219
f 2957//3219 3086//3348 2958//3220
f 2958//3220 3087//3349 2959//3221
f 2959//3221 3088//3350 2960//3222
f 2960//3222 3089//3351 2961//3223
f 2961//3223 3090//3352 2962//3224
f 2962//3224 3091//3353 2963//3225
f 2963//3225 3092//3354 2964//3226
f 2964//3226 3093//3355 2965//3227
f 2965//3227 3094//3356 2966//3228
f 2966//3228 3095//3357 2967//3229
f 2967//3229 3096//3358 2968//3230
f 2968//3230 3097//3359 2969//3231
f 2969//3231 3098//3360 2970//3232
f 2970//3232 3099//3361 2971//3233
f 2971//3233 3100//3362 2972//3234
f 2972//3234 3101//3363 2973//3235
f 2973//3235 3102//3364 2974//3236
f 2974//3236 3103//3365 2975//3237
f 2975//3237 3104//3366 2976//3238
f 2976//3238 3105//3367 2977//3239
f 2977//3239 3106//3368 2978//3240
f 3106//3368 2979//3241 2978//3240
f 3107//3369 2980//3242 2979//3241
f 3108//3370 2981//3243 2980//3242
f 3109//3371 2982//3244 2981//3243
f 3110//3372 2983//3245 2982//3244
f 3111//3373 2984//3246 2983//3245
f 3112//3374 2985//3247 2984//3246
f 3113//3375 2986//3248 2985//3247
f 3114//3376 2987//3249 2986//3248
f 3115//3377 2988//3250 2987//3249
f 3116//3378 2989//3251 2988//3250
f 3117//3379 2990//3252 2989//3251
f 3118//3380 2991//3253 2990//3252
f 3119//3381 2992//3254 2991//3253
f 3120//3382 2993//3255 2992//3254
f 3121//3383 2994//3256 2993//3255
f 3122//3384 2995//3257 2994//3256
f 3123//3385 2996//3258 2995//3257
f 3124//3386 2997//3259 2996//3258
f 3125//3387 2998//3260 2997//3259
f 3126//3388 2999//3261 2998//3260
f 3127//3389 3000//3262 2999//3261
f 3128//3390 3001//3263 3000//3262
f 3129//3391 3002//3264 3001//3263
f 3130//3392 3003//3265 3002//3264
f 3131//3393 3004//3266 3003//3265
f 3132//3394 3005//3267 3004//3266
f 3133//3395 3006//3268 3005//3267
f 3134//3396 3007//3269 3006//3268
f 3135//3397 3008//3270 3007//3269
f 3136//3398 3009//3271 3008//3270
f 3137//3399 3010//3272 3009//3271
f 3010//3272 3139//3401 3011//3273
f 3011//3273 3140//3402 3012//3274
f 3012//3274 3141//3403 3013//3275
f 3013//3275 3142//3404 3014//3276
f 3014//3276 3143//3405 3015//3277
f 3015//3277 3144//3406 3016//3278
f 3016//3278 3145//3407 3017//3279
f 3017//3279 3146//3408 3018//3280
f 3018//3280 3147//3409 3019//3281
f 3019//3281 3148//3410 3020//3282
f 3020//3282 3149//3411 3021//3283
f 3021//3283 3150//3412 3022//3284
f 3022//3284 3151//3413 3023//3285
f 3023//3285 3152//3414 3024//3286
f 3024//3286 3153//3415 3025//3287
f 3025//3287 3154//3416 3026//3288
f 3026//3288 3155//3417 3027//3289
f 3027//3289 3156//3418 3028//3290
f 3028//3290 3157//3419 3029//3291
f 3029//3291 3158//3420 3030//3292
f 3030//3292 3159//3421 3031//3293
f 3031//3293 3160//3422 3032//3294
f 3032//3294 3161//3423 3033//3295
f 3033//3295 3162//3424 3034//3296
f 3034//3296 3163//3425 3035//3297
f 3035//3297 3164//3426 3036//3298
f 3036//3298 3165//3427 3037//3299
f 3037//3299 3166//3428 3038//3300
f 3038//3300 3167//3429 3039//3301
f 3039//3301 3168//3430 3040//3302
f 3040//3302 3169//3431 3041//3303
f 3041//3303 3042//3304 2914//3176
f 3170//3432 3043//3305 3042//3304
f 3171//3433 3044//3306 3043//3305
f 3172//3434 3045//3307 3044//3306
f 3173//3435 3046//3308 3045//3307
f 3174//3436 3047//3309 3046//3308
f 3175//3437 3048//3310 3047//3309
f 3176//3438 3049//3311 3048//3310
f 3177//3439 3050//3312 3049//3311
f 3178//3440 3051//3313 3050//3312
f 3179//3441 3052//3314 3051//3313
f 3180//3442 3053//3315 3052//3314
f 3181//3443 3054//3316 3053//3315
f 3182//3444 3055//3317 3054//3316
f 3183//3445 3056//3318 3055//3317
f 3184//3446 3057//3319 3056//3318
f 3185//3447 3058//3320 3057//3319
f 3186//3448 3059//3321 3058//3320
f 3187//3449 3060//3322 3059//3321
f 3188//3450 3061//3323 3060//3322
f 3189//3451 3062//3324 3061//3323
f 3190//3452 3063//3325 3062//3324
f 3191//3453 3064//3326 3063//3325
f 3192//3454 3065//3327 3064//3326
f 3193//3455 3066//3328 3065//3327
f 3194//3456 3067//3329 3066//3328
f 3195//3457 3068//3330 3067//3329
f 3196//3458 3069//3331 3068//3330
f 3197//3459 3070//3332 3069//3331
f 3198//3460 3071//3333 3070//3332
f 3199//3461 3072//3334 3071//3333
f 3200//3462 3073//3335 3072//3334
f 3201//3463 3074//3336 3073//3335
f 3074//3336 3203//3465 3075//3337
f 3075//3337 3204//3466 3076//3338
f 3076//3338 3205//3467 3077//3339
f 3077//3339 3206//3468 3078//3340
f 3078//3340 3207//3469 3079//3341
f 3079//3341 3208//3470 3080//3342
f 3080//3342 3209//3471 3081//3343
f 3081//3343 3210//3472 3082//3344
f 3082//3344 3211//3473 3083//3345
f 3083//3345 3212//3474 3084//3346
f 3084//3346 3213//3475 3085//3347
f 3085//3347 3214//3476 3086//3348
f 3086//3348 3215//3477 3087//3349
f 3087//3349 3216//3478 3088//3350
f 3088//3350 3217//3479 3089//3351
f 3089//3351 3218//3480 3090//3352
f 3090//3352 3219//3481 3091//3353
f 3091//3353 3220//3482 3092//3354
f 3092//3354 3221//3483 3093//3355
f 3093//3355 3222//3484 3094//3356
f 3094//3356 3223//3485 3095//3357
f 3095//3357 3224//3486 3096//3358
f 3096//3358 3225//3487 3097//3359
f 3097//3359 3226//3488 3098//3360
f 3098//3360 3227//3489 3099//3361
f 3099//3361 3228//3490 3100//3362
f 3100//3362 3229//3491 3101//3363
f 3101//3363 3230//3492 3102//3364
f 3102//3364 3231//3493 3103//3365
f 3103//3365 3232//3494 3104//3366
f 3104//3366 3233//3495 3105//3367
f 3105//3367 3234//3496 3106//3368
f 3234//3496 3107//3369 3106//3368
f 3235//3497 3108//3370 3107//3369
f 3236//3498 3109//3371 3108//3370
f 3237//3499 3110//3372 3109//3371
f 3238//3500 3111//3373 3110//3372
f 3239//3501 3112//3374 3111//3373
f 3240//3502 3113//3375 3112//3374
f 3241//3503 3114//3376 3113//3375
f 3242//3504 3115//3377 3114//3376
f 3243//3505 3116//3378 3115//3377
f 3244//3506 3117//3379 3116//3378
f 3245//3507 3118//3380 3117//3379
f 3246//3508 3119//3381 3118//3380
f 3247//3509 3120//3382 3119//3381
f 3248//3510 3121//3383 3120//3382
f 3249//3511 3122//3384 3121//3383
f 3250//3512 3123//3385 3122//3384
f 3251//3513 3124//3386 3123//3385
f 3252//3514 3125//3387 3124//3386
f 3253//3515 3126//3388 3125//3387
f 3254//3516 3127//3389 3126//3388
f 3255//3517 3128//3390 3127//3389
f 3256//3518 3129//3391 3128//3390
f 3257//3519 3130//3392 3129//3391
f 3258//3520 3131//3393 3130//3392
f 3259//3521 3132//3394 3131//3393
f 3260//3522 3133//3395 3132//3394
f 3261//3523 3134//3396 3133//3395
f 3262//3524 3135//3397 3134//3396
f 3263//3525 3136//3398 3135//3397
f 3264//3526 3137//3399 3136//3398
f 3265//3527 3138//3400 3137//3399
f 3138//3400 3267//3529 3139//3401
f 3139//3401 3268//3530 3140//3402
f 3140//3402 3269//3531 3141//3403
f 3141//3403 3270//3532 3142//3404
f 3142//3404 3271//3533 3143//3405
f 3143//3405 3272//3534 3144//3406
f 3144//3406 3273//3535 3145//3407
f 3145//3407 3274//3536 3146//3408
f 3146//3408 3275//3537 3147//3409
f 3147//3409 3276//3538 3148//3410
f 3148//3410 3277//3539 3149//3411
f 3149//3411 3278//3540 3150//3412
f 3150//3412 3279//3541 3151//3413
f 3151//3413 3280//3542 3152//3414
f 3152//3414 3281//3543 3153//3415
f 3153//3415 3282//3544 3154//3416
f 3154//3416 3283//3545 3155//3417
f 3155//3417 3284//3546 3156//3418
f 3156//3418 3285//3547 3157//3419
f 3157//3419 3286//3548 3158//3420
f 3158//3420 3287//3549 3159//3421
f 3159//3421 3288//3550 3160//3422
f 3160//3422 3289//3551 3161//3423
f 3161//3423 3290//3552 3162//3424
f 3162//3424 3291//3553 3163//3425
f 3163//3425 3292//3554 3164//3426
f 3164//3426 3293//3555 3165//3427
f 3165//3427 3294//3556 3166//3428
f 3166//3428 3295//3557 3167//3429
f 3167//3429 3296//3558 3168//3430
f 3168//3430 3297//3559 3169//3431
f 3169//3431 3170//3432 3042//3304
f 3298//3560 3171//3433 3170//3432
f 3299//3561 3172//3434 3171//3433
f 3300//3562 3173//3435 3172//3434
f 3301//3563 3174//3436 3173//3435
f 3302//3564 3175//3437 3174//3436
f 3303//3565 3176//3438 3175//3437
f 3304//3566 3177//3439 3176//3438
f 3305//3567 3178//3440 3177//3439
f 3306//3568 3179//3441 3178//3440
f 3307//3569 3180//3442 3179//3441
f 3308//3570 3181//3443 3180//3442
f 3309//3571 3182//3444 3181//3443
f 3310//3572 3183//3445 3182//3444
f 3311//3573 3184//3446 3183//3445
f 3312//3574 3185//3447 3184//3446
f 3313//3575 3186//3448 3185//3447
f 3314//3576 3187//3449 3186//3448
f 3315//3577 3188//3450 3187//3449
f 3316//3578 3189//3451 3188//3450
f 3317//3579 3190//3452 3189//3451
f 3318//3580 3191//3453 3190//3452
f 3319//3581 3192//3454 3191//3453
f 3320//3582 3193//3455 3192//3454
f 3321//3583 3194//3456 3193//3455
f 3322//3584 3195//3457 3194//3456
f 3323//3585 3196//3458 3195//3457
f 3324//3586 3197//3459 3196//3458
f 3325//3587 3198//3460 3197//3459
f 3326//3588 3199//3461 3198//3460
f 3327//3589 3200//3462 3199//3461
f 3328//3590 3201//3463 3200//3462
f 3329//3591 3202//3464 3201//3463
f 3202//3464 3331//3593 3203//3465
f 3203//3465 3332//3594 3204//3466
f 3204//3466 3333//3595 3205//3467
f 3205//3467 3334//3596 3206//3468
f 3206//3468 3335//3597 3207//3469
f 3207//3469 3336//3598 3208//3470
f 3208//3470 3337//3599 3209//3471
f 3209//3471 3338//3600 3210//3472
f 3210//3472 3339//3601 3211//3473
f 3211//3473 3340//3602 3212//3474
f 3212//3474 3341//3603 3213//3475
f 3213//3475 3342//3604 3214//3476
f 3214//3476 3343//3605 3215//3477
f 3215//3477 3344//3606 3216//3478
f 3216//3478 3345//3607 3217//3479
f 3217//3479 3346//3608 3218//3480
f 3218//3480 3347//3609 3219//3481
f 3219//3481 3348//3610 3220//3482
f 3220//3482 3349//3611 3221//3483
f 3221//3483 3350//3612 3222//3484
f 3222//3484 3351//3613 3223//3485
f 3223//3485 3352//3614 3224//3486
f 3224//3486 3353//3615 3225//3487
f 3225//3487 3354//3616 3226//3488
f 3226//3488 3355//3617 3227//3489
f 3227//3489 3356//3618 3228//3490
f 3228//3490 3357//3619 3229//3491
f 3229//3491 3358//3620 3230//3492
f 3230//3492 3359//3621 3231//3493
f 3231//3493 3360//3622 3232//3494
f 3232//3494 3361//3623 3233//3495
f 3233//3495 3362//3624 3234//3496
f 3362//3624 3235//3497 3234//3496
f 3363//3625 3236//3498 3235//3497
f 3364//3626 3237//3499 3236//3498
f 3365//3627 3238//3500 3237//3499
f 3366//3628 3239//3501 3238//3500
f 3367//3629 3240//3502 3239//3501
f 3368//3630 3241//3503 3240//3502
f 3369//3631 3242//3504 3241//3503
f 3370//3632 3243//3505 3242//3504
f 3371//3633 3244//3506 3243//3505
f 3372//3634 3245//3507 3244//3506
f 3373//3635 3246//3508 3245//3507
f 3374//3636 3247//3509 3246//3508
f 3375//3637 3248//3510 3247//3509
f 3376//3638 3249//3511 3248//3510
f 3377//3639 3250//3512 3249//3511
f 3378//3640 3251//3513 3250//3512
f 3379//3641 3252//3514 3251//3513
f 3380//3642 3253//3515 3252//3514
f 3381//3643 3254//3516 3253//3515
f 3382//3644 3255//3517 3254//3516
f 3383//3645 3256//3518 3255//3517
f 3384//3646 3257//3519 3256//3518
f 3385//3647 3258//3520 3257//3519
f 3386//3648 3259//3521 3258//3520
f 3387//3649 3260//3522 3259//3521
f 3388//3650 3261//3523 3260//3522
f 3389//3651 3262//3524 3261//3523
f 3390//3652 3263//3525 3262//3524
f 3391//3653 3264//3526 3263//3525
f 3392//3654 3265//3527 3264//3526
f 3393//3655 3266//3528 3265//3527
f 3266//3528 3395//3657 3267//3529
f 3267//3529 3396//3658 3268//3530
f 3268//3530 3397//3659 3269//3531
f 3269//3531 3398//3660 3270//3532
f 3270//3532 3399//3661 3271//3533
f 3271//3533 3400//3662 3272//3534
f 3272//3534 3401//3663 3273//3535
f 3273//3535 3402//3664 3274//3536
f 3274//3536 3403//3665 3275//3537
f 3275//3537 3404//3666 3276//3538
f 3276//3538 3405//3667 3277//3539
f 3277//3539 3406//3668 3278//3540
f 3278//3540 3407//3669 3279//3541
f 3279//3541 3408//3670 3280//3542
f 3280//3542 3409//3671 3281//3543
f 3281//3543 3410//3672 3282//3544
f 3282//3544 3411//3673 3283//3545
f 3283//3545 3412//3674 3284//3546
f 3284//3546 3413//3675 3285//3547
f 3285//3547 3414//3676 3286//3548
f 3286//3548 3415//3677 3287//3549
f 3287//3549 3416//3678 3288//3550
f 3288//3550 3417//3679 3289//3551
f 3289//3551 3418//3680 3290//3552
f 3290//3552 3419//3681 3291//3553
f 3291//3553 3420//3682 3292//3554
f 3292//3554 3421//3683 3293//3555
f 3293//3555 3422//3684 3294//3556
f 3294//3556 3423//3685 3295//3557
f 3295//3557 3424//3686 3296//3558
f 3296//3558 3425//3687 3297//3559
f 3297//3559 3298//3560 3170//3432
f 3426//3688 3299//3561 3298//3560
f 3427//3689 3300//3562 3299//3561
f 3428//3690 3301//3563 3300//3562
f 3429//3691 3302//3564 3301//3563
f 3430//3692 3303//3565 3302//3564
f 3431//3693 3304//3566 3303//3565
f 3432//3694 3305//3567 3304//3566
f 3433//3695 3306//3568 3305//3567
f 3434//3696 3307//3569 3306//3568
f 3435//3697 3308//3570 3307//3569
f 3436//3698 3309//3571 3308//3570
f 3437//3699 3310//3572 3309//3571
f 3438//3700 3311//3573 3310//3572
f 3439//3701 3312//3574 3311//3573
f 3440//3702 3313//3575 3312//3574
f 3441//3703 3314//3576 3313//3575
f 3442//3704 3315//3577 3314//3576
f 3443//3705 3316//3578 3315//3577
f 3444//3706 3317//3579 3316//3578
f 3445//3707 3318//3580 3317//3579
f 3446//3708 3319//3581 3318//3580
f 3447//3709 3320//3582 3319//3581
f 3448//3710 3321//3583 3320//3582
f 3449//3711 3322//3584 3321//3583
f 3450//3712 3323//3585 3322//3584
f 3451//3713 3324//3586 3323//3585
f 3452//3714 3325//3587 3324//3586
f 3453//3715 3326//3588 3325//3587
f 3454//3716 3327//3589 3326//3588
f 3455//3717 3328//3590 3327//3589
f 3456//3718 3329//3591 3328//3590
f 3457//3719 3330//3592 3329//3591
f 3330//3592 3459//3721 3331//3593
f 3331//3593 3460//3722 3332//3594
f 3332//3594 3461//3723 3333//3595
f 3333//3595 3462//3724 3334//3596
f 3334//3596 3463//3725 3335//3597
f 3335//3597 3464//3726 3336//3598
f 3336//3598 3465//3727 3337//3599
f 3337//3599 3466//3728 3338//3600
f 3338//3600 3467//3729 3339//3601
f 3339//3601 3468//3730 3340//3602
f 3340//3602 3469//3731 3341//3603
f 3341//3603 3470//3732 3342//3604
f 3342//3604 3471//3733 3343//3605
f 3343//3605 3472//3734 3344//3606
f 3344//3606 3473//3735 3345//3607
f 3345//3607 3474//3736 3346//3608
f 3346//3608 3475//3737 3347//3609
f 3347//3609 3476//3738 3348//3610
f 3348//3610 3477//3739 3349//3611
f 3349//3611 3478//3740 3350//3612
f 3350//3612 3479//3741 3351//3613
f 3351//3613 3480//3742 3352//3614
f 3352//3614 3481//3743 3353//3615
f 3353//3615 3482//3744 3354//3616
f 3354//3616 3483//3745 3355//3617
f 3355//3617 3484//3746 3356//3618
f 3356//3618 3485//3747 3357//3619
f 3357//3619 3486//3748 3358//3620
f 3358//3620 3487//3749 3359//3621
f 3359//3621 3488//3750 3360//3622
f 3360//3622 3489//3751 3361//3623
f 3361//3623 3490//3752 3362//3624
f 3490//3752 3363//3625 3362//3624
f 3491//3753 3364//3626 3363//3625
f 3492//3754 3365//3627 3364//3626
f 3493//3755 3366//3628 3365//3627
f 3494//3756 3367//3629 3366//3628
f 3495//3757 3368//3630 3367//3629
f 3496//3758 3369//3631 3368//3630
f 3497//3759 3370//3632 3369//3631
f 3498//3760 3371//3633 3370//3632
f 3499//3761 3372//3634 3371//3633
f 3500//3762 3373//3635 3372//3634
f 3501//3763 3374//3636 3373//3635
f 3502//3764 3375//3637 3374//3636
f 3503//3765 3376//3638 3375//3637
f 3504//3766 3377//3639 3376//3638
f 3505//3767 3378//3640 3377//3639
f 3506//3768 3379//3641 3378//3640
f 3507//3769 3380//3642 3379//3641
f 3508//3770 3381//3643 3380//3642
f 3509//3771 3382//3644 3381//3643
f 3510//3772 3383//3645 3382//3644
f 3511//3773 3384//3646 3383//3645
f 3512//3774 3385//3647 3384//3646
f 3513//3775 3386//3648 3385//3647
f 3514//3776 3387//3649 3386//3648
f 3515//3777 3388//3650 3387//3649
f 3516//3778 3389//3651 3388//3650
f 3517//3779 3390//3652 3389//3651
f 3518//3780 3391//3653 3390//3652
f 3519//3781 3392//3654 3391//3653
f 3520//3782 3393//3655 3392//3654
f 3521//3783 3394//3656 3393//3655
f 3394//3656 3523//3785 3395//3657
f 3395//3657 3524//3786 3396//3658
f 3396//3658 3525//3787 3397//3659
f 3397//3659 3526//3788 3398//3660
f 3398//3660 3527//3789 3399//3661
f 3399//3661 3528//3790 3400//3662
f 3400//3662 3529//3791 3401//3663
f 3401//3663 3530//3792 3402//3664
f 3402//3664 3531//3793 3403//3665
f 3403//3665 3532//3794 3404//3666
f 3404//3666 3533//3795 3405//3667
f 3405//3667 3534//3796 3406//3668
f 3406//3668 3535//3797 3407//3669
f 3407//3669 3536//3798 3408//3670
f 3408//3670 3537//3799 3409//3671
f 3409//3671 3538//3800 3410//3672
f 3410//3672 3539//3801 3411//3673
f 3411//3673 3540//3802 3412//3674
f 3412//3674 3541//3803 3413//3675
f 3413//3675 3542//3804 3414//3676
f 3414//3676 3543//3805 3415//3677
f 3415//3677 3544//3806 3416//3678
f 3416//3678 3545//3807 3417//3679
f 3417//3679 3546//3808 3418//3680
f 3418//3680 3547//3809 3419//3681
f 3419//3681 3548//3810 3420//3682
f 3420//3682 3549//3811 3421//3683
f 3421//3683 3550//3812 3422//3684
f 3422//3684 3551//3813 3423//3685
f 3423//3685 3552//3814 3424//3686
f 3424//3686 3553//3815 3425//3687
f 3425//3687 3426//3688 3298//3560
f 3554//3816 3427//3689 3426//3688
f 3555//3817 3428//3690 3427//3689
f 3556//3818 3429//3691 3428//3690
f 3557//3819 3430//3692 3429//3691
f 3558//3820 3431//3693 3430//3692
f 3559//3821 3432//3694 3431//3693
f 3560//3822 3433//3695 3432//3694
f 3561//3823 3434//3696 3433//3695
f 3562//3824 3435//3697 3434//3696
f 3563//3825 3436//3698 3435//3697
f 3564//3826 3437//3699 3436//3698
f 3565//3827 3438//3700 3437//3699
f 3566//3828 3439//3701 3438//3700
f 3567//3829 3440//3702 3439//3701
f 3568//3830 3441//3703 3440//3702
f 3569//3831 3442//3704 3441//3703
f 3570//3832 3443//3705 3442//3704
f 3571//3833 3444//3706 3443//3705
f 3572//3834 3445//3707 3444//3706
f 3573//3835 3446//3708 3445//3707
f 3574//3836 3447//3709 3446//3708
f 3575//3837 3448//3710 3447//3709
f 3576//3838 3449//3711 3448//3710
f 3577//3839 3450//3712 3449//3711
f 3578//3840 3451//3713 3450//3712
f 3579//3841 3452//3714 3451//3713
f 3580//3842 3453//3715 3452//3714
f 3581//3843 3454//3716 3453//3715
f 3582//3844 3455//3717 3454//3716
f 3583//3845 3456//3718 3455//3717
f 3584//3846 3457//3719 3456//3718
f 3585//3847 3458//3720 3457//3719
f 3458//3720 3587//3849 3459//3721
f 3459//3721 3588//3850 3460//3722
f 3460//3722 3589//3851 3461//3723
f 3461//3723 3590//3852 3462//3724
f 3462//3724 3591//3853 3463//3725
f 3463//3725 3592//3854 3464//3726
f 3464//3726 3593//3855 3465//3727
f 3465//3727 3594//3856 3466//3728
f 3466//3728 3595//3857 3467//3729
f 3467//3729 3596//3858 3468//3730
f 3468//3730 3597//3859 3469//3731
f 3469//3731 3598//3860 3470//3732
f 3470//3732 3599//3861 3471//3733
f 3471//3733 3600//3862 3472//3734
f 3472//3734 3601//3863 3473//3735
f 3473//3735 3602//3864 3474//3736
f 3474//3736 3603//3865 3475//3737
f 3475//3737 3604//3866 3476//3738
f 3476//3738 3605//3867 3477//3739
f 3477//3739 3606//3868 3478//3740
f 3478//3740 3607//3869 3479//3741
f 3479//3741 3608//3870 3480//3742
f 3480//3742 3609//3871 3481//3743
f 3481//3743 3610//3872 3482//3744
f 3482//3744 3611//3873 3483//3745
f 3483//3745 3612//3874 3484//3746
f 3484//3746 3613//3875 3485//3747
f 3485//3747 3614//3876 3486//3748
f 3486//3748 3615//3877 3487//3749
f 3487//3749 3616//3878 3488//3750
f 3488//3750 3617//3879 3489//3751
f 3489//3751 3618//3880 3490//3752
f 3618//3880 3491//3753 3490//3752
f 3619//3881 3492//3754 3491//3753
f 3620//3882 3493//3755 3492//3754
f 3621//3883 3494//3756 3493//3755
f 3622//3884 3495//3757 3494//3756
f 3623//3885 3496//3758 3495//3757
f 3624//3886 3497//3759 3496//3758
f 3625//3887 3498//3760 3497//3759
f 3626//3888 3499//3761 3498//3760
f 3627//3889 3500//3762 3499//3761
f 3628//3890 3501//3763 3500//3762
f 3629//3891 3502//3764 3501//3763
f 3630//3892 3503//3765 3502//3764
f 3631//3893 3504//3766 3503//3765
f 3632//3894 3505//3767 3504//3766
f 3633//3895 3506//3768 3505//3767
f 3634//3896 3507//3769 3506//3768
f 3635//3897 3508//3770 3507//3769
f 3636//3898 3509//3771 3508//3770
f 3637//3899 3510//3772 3509//3771
f 3638//3900 3511//3773 3510//3772
f 3639//3901 3512//3774 3511//3773
f 3640//3902 3513//3775 3512//3774
f 3641//3903 3514//3776 3513//3775
f 3642//3904 3515//3777 3514//3776
f 3643//3905 3516//3778 3515//3777
f 3644//3906 3517//3779 3516//3778
f 3645//3907 3518//3780 3517//3779
f 3646//3908 3519//3781 3518//3780
f 3647//3909 3520//3782 3519//3781
f 3648//3910 3521//3783 3520//3782
f 3649//3911 3522//3784 3521//3783
f 3522//3784 3651//3913 3523//3785
f 3523//3785 3652//3914 3524//3786
f 3524//3786 3653//3915 3525//3787
f 3525//3787 3654//3916 3526//3788
f 3526//3788 3655//3917 3527//3789
f 3527//3789 3656//3918 3528//3790
f 3528//3790 3657//3919 3529//3791
f 3529//3791 3658//3920 3530//3792
f 3530//3792 3659//3921 3531//3793
f 3531//3793 3660//3922 3532//3794
f 3532//3794 3661//3923 3533//3795
f 3533//3795 3662//3924 3534//3796
f 3534//3796 3663//3925 3535//3797
f 3535//3797 3664//3926 3536//3798
f 3536//3798 3665//3927 3537//3799
f 3537//3799 3666//3928 3538//3800
f 3538//3800 3667//3929 3539//3801
f 3539//3801 3668//3930 3540//3802
f 3540//3802 3669//3931 3541//3803
f 3541//3803 3670//3932 3542//3804
f 3542//3804 3671//3933 3543//3805
f 3543//3805 3672//3934 3544//3806
f 3544//3806 3673//3935 3545//3807
f 3545//3807 3674//3936 3546//3808
f 3546//3808 3675//3937 3547//3809
f 3547//3809 3676//3938 3548//3810
f 3548//3810 3677//3939 3549//3811
f 3549//3811 3678//3940 3550//3812
f 3550//3812 3679//3941 3551//3813
f 3551//3813 3680//3942 3552//3814
f 3552//3814 3681//3943 3553//3815
f 3553//3815 3554//3816 3426//3688
f 3682//3944 3555//3817 3554//3816
f 3683//3945 3556//3818 3555//3817
f 3684//3946 3557//3819 3556//3818
f 3685//3947 3558//3820 3557//3819
f 3686//3948 3559//3821 3558//3820
f 3687//3949 3560//3822 3559//3821
f 3688//3950 3561//3823 3560//3822
f 3689//3951 3562//3824 3561//3823
f 3690//3952 3563//3825 3562//3824
f 3691//3953 3564//3826 3563//3825
f 3692//3954 3565//3827 3564//3826
f 3693//3955 3566//3828 3565//3827
f 3694//3956 3567//3829 3566//3828
f 3695//3957 3568//3830 3567//3829
f 3696//3958 3569//3831 3568//3830
f 3697//3959 3570//3832 3569//3831
f 3698//3960 3571//3833 3570//3832
f 3699//3961 3572//3834 3571//3833
f 3700//3962 3573//3835 3572//3834
f 3701//3963 3574//3836 3573//3835
f 3702//3964 3575//3837 3574//3836
f 3703//3965 3576//3838 3575//3837
f 3704//3966 3577//3839 3576//3838
f 3705//3967 3578//3840 3577//3839
f 3706//3968 3579//3841 3578//3840
f 3707//3969 3580//3842 3579//3841
f 3708//3970 3581//3843 3580//3842
f 3709//3971 3582//3844 3581//3843
f 3710//3972 3583//3845 3582//3844
f 3711//3973 3584//3846 3583//3845
f 3712//3974 3585//3847 3584//3846
f 3713//3975 3586//3848 3585//3847
f 3586//3848 3715//3977 3587//3849
f 3587//3849 3716//3978 3588//3850
f 3588//3850 3717//3979 3589//3851
f 3589//3851 3718//3980 3590//3852
f 3590//3852 3719//3981 3591//3853
f 3591//3853 3720//3982 3592//3854
f 3592//3854 3721//3983 3593//3855
f 3593//3855 3722//3984 3594//3856
f 3594//3856 3723//3985 3595//3857
f 3595//3857 3724//3986 3596//3858
f 3596//3858 3725//3987 3597//3859
f 3597//3859 3726//3988 3598//3860
f 3598//3860 3727//3989 3599//3861
f 3599//3861 3728//3990 3600//3862
f 3600//3862 3729//3991 3601//3863
f 3601//3863 3730//3992 3602//3864
f 3602//3864 3731//3993 3603//3865
f 3603//3865 3732//3994 3604//3866
f 3604//3866 3733//3995 3605//3867
f 3605//3867 3734//3996 3606//3868
f 3606//3868 3735//3997 3607//3869
f 3607//3869 3736//3998 3608//3870
f 3608//3870 3737//3999 3609//3871
f 3609//3871 3738//4000 3610//3872
f 3610//3872 3739//4001 3611//3873
f 3611//3873 3740//4002 3612//3874
f 3612//3874 3741//4003 3613//3875
f 3613//3875 3742//4004 3614//3876
f 3614//3876 3743//4005 3615//3877
f 3615//3877 3744//4006 3616//3878
f 3616//3878 3745//4007 3617//3879
f 3617//3879 3746//4008 3618//3880
f 3746//4008 3619//3881 3618//3880
f 3747//4009 3620//3882 3619//3881
f 3748//4010 3621//3883 3620//3882
f 3749//4011 3622//3884 3621//3883
f 3750//4012 3623//3885 3622//3884
f 3751//4013 3624//3886 3623//3885
f 3752//4014 3625//3887 3624//3886
f 3753//4015 3626//3888 3625//3887
f 3754//4016 3627//3889 3626//3888
f 3755//4017 3628//3890 3627//3889
f 3756//4018 3629//3891 3628//3890
f 3757//4019 3630//3892 3629//3891
f 3758//4020 3631//3893 3630//3892
f 3759//4021 3632//3894 3631//3893
f 3760//4022 3633//3895 3632//3894
f 3761//4023 3634//3896 3633//3895
f 3762//4024 3635//3897 3634//3896
f 3763//4025 3636//3898 3635//3897
f 3764//4026 3637//3899 3636//3898
f 3765//4027 3638//3900 3637//3899
f 3766//4028 3639//3901 3638//3900
f 3767//4029 3640//3902 3639//3901
f 3768//4030 3641//3903 3640//3902
f 3769//4031 3642//3904 3641//3903
f 3770//4032 3643//3905 3642//3904
f 3771//4033 3644//3906 3643//3905
f 3772//4034 3645//3907 3644//3906
f 3773//4035 3646//3908 3645//3907
f 3774//4036 3647//3909 3646//3908
f 3775//4037 3648//3910 3647//3909
f 3776//4038 3649//3911 3648//3910
f 3777//4039 3650//3912 3649//3911
f 3650//3912 3779//4041 3651//3913
f 3651//3913 3780//4042 3652//3914
f 3652//3914 3781//4043 3653//3915
f 3653//3915 3782//4044 3654//3916
f 3654//3916 3783//4045 3655//3917
f 3655//3917 3784//4046 3656//3918
f 3656//3918 3785//4047 3657//3919
f 3657//3919 3786//4048 3658//3920
f 3658//3920 3787//4049 3659//3921
f 3659//3921 3788//4050 3660//3922
f 3660//3922 3789//4051 3661//3923
f 3661//3923 3790//4052 3662//3924
f 3662//3924 3791//4053 3663//3925
f 3663//3925 3792//4054 3664//3926
f 3664//3926 3793//4055 3665//3927
f 3665//3927 3794//4056 3666//3928
f 3666//3928 3795//4057 3667//3929
f 3667//3929 3796//4058 3668//3930
f 3668//3930 3797//4059 3669//3931
f 3669//3931 3798//4060 3670//3932
f 3670//3932 3799//4061 3671//3933
f 3671//3933 3800//4062 3672//3934
f 3672//3934 3801//4063 3673//3935
f 3673//3935 3802//4064 3674//3936
f 3674//3936 3803//4065 3675//3937
f 3675//3937 3804//4066 3676//3938
f 3676//3938 3805//4067 3677//3939
f 3677//3939 3806//4068 3678//3940
f 3678//3940 3807//4069 3679//3941
f 3679//3941 3808//4070 3680//3942
f 3680//3942 3809//4071 3681//3943
f 3681//3943 3682//3944 3554//3816
f 3810//4072 3683//3945 3682//3944
f 3811//4073 3684//3946 3683//3945
f 3812//4074 3685//3947 3684//3946
f 3813//4075 3686//3948 3685//3947
f 3814//4076 3687//3949 3686//3948
f 3815//4077 3688//3950 3687//3949
f 3816//4078 3689//3951 3688//3950
f 3817//4079 3690//3952 3689//3951
f 3818//4080 3691//3953 3690//3952
f 3819//4081 3692//3954 3691//3953
f 3820//4082 3693//3955 3692//3954
f 3821//4083 3694//3956 3693//3955
f 3822//4084 3695//3957 3694//3956
f 3823//4085 3696//3958 3695//3957
f 3824//4086 3697//3959 3696//3958
f 3825//4087 3698//3960 3697//3959
f 3826//4088 3699//3961 3698//3960
f 3827//4089 3700//3962 3699//3961
f 3828//4090 3701//3963 3700//3962
f 3829//4091 3702//3964 3701//3963
f 3830//4092 3703//3965 3702//3964
f 3831//4093 3704//3966 3703//3965
f 3832//4094 3705//3967 3704//3966
f 3833//4095 3706//3968 3705//3967
f 3834//4096 3707//3969 3706//3968
f 3835//4097 3708//3970 3707//3969
f 3836//4098 3709//3971 3708//3970
f 3837//4099 3710//3972 3709//3971
f 3838//4100 3711//3973 3710//3972
f 3839//4101 3712//3974 3711//3973
f 3840//4102 3713//3975 3712//3974
f 3841//4103 3714//3976 3713//3975
f 3714//3976 3843//4105 3715//3977
f 3715//3977 3844//4106 3716//3978
f 3716//3978 3845//4107 3717//3979
f 3717//3979 3846//4108 3718//3980
f 3718//3980 3847//4109 3719//3981
f 3719//3981 3848//4110 3720//3982
f 3720//3982 3849//4111 3721//3983
f 3721//3983 3850//4112 3722//3984
f 3722//3984 3851//4113 3723//3985
f 3723//3985 3852//4114 3724//3986
f 3724//3986 3853//4115 3725//3987
f 3725//3987 3854//4116 3726//3988
f 3726//3988 3855//4117 3727//3989
f 3727//3989 3856//4118 3728//3990
f 3728//3990 3857//4119 3729//3991
f 3729//3991 3858//4120 3730//3992
f 3730//3992 3859//4121 3731//3993
f 3731//3993 3860//4122 3732//3994
f 3732//3994 3861//4123 3733//3995
f 3733//3995 3862//4124 3734//3996
f 3734//3996 3863//4125 3735//3997
f 3735//3997 3864//4126 3736//3998
f 3736//3998 3865//4127 3737//3999
f 3737//3999 3866//4128 3738//4000
f 3738//4000 3867//4129 3739//4001
f 3739//4001 3868//4130 3740//4002
f 3740//4002 3869//4131 3741//4003
f 3741//4003 3870//4132 3742//4004
f 3742//4004 3871//4133 3743//4005
f 3743//4005 3872//4134 3744//4006
f 3744//4006 3873//4135 3745//4007
f 3745//4007 3874//4136 3746//4008
f 3874//4136 3747//4009 3746//4008
f 3875//4137 3748//4010 3747//4009
f 3876//4138 3749//4011 3748//4010
f 3877//4139 3750//4012 3749//4011
f 3878//4140 3751//4013 3750//4012
f 3879//4141 3752//4014 3751//4013
f 3880//4142 3753//4015 3752//4014
f 3881//4143 3754//4016 3753//4015
f 3882//4144 3755//4017 3754//4016
f 3883//4145 3756//4018 3755//4017
f 3884//4146 3757//4019 3756//4018
f 3885//4147 3758//4020 3757//4019
f 3886//4148 3759//4021 3758//4020
f 3887//4149 3760//4022 3759//4021
f 3888//4150 3761//4023 3760//4022
f 3889//4151 3762//4024 3761//4023
f 3890//4152 3763//4025 3762//4024
f 3891//4153 3764//4026 3763//4025
f 3892//4154 3765//4027 3764//4026
f 3893//4155 3766//4028 3765//4027
f 3894//4156 3767//4029 3766//4028
f 3895//4157 3768//4030 3767//4029
f 3896//4158 3769//4031 3768//4030
f 3897//4159 3770//4032 3769//4031
f 3898//4160 3771//4033 3770//4032
f 3899//4161 3772//4034 3771//4033
f 3900//4162 3773//4035 3772//4034
f 3901//4163 3774//4036 3773//4035
f 3902//4164 3775//4037 3774//4036
f 3903//4165 3776//4038 3775//4037
f 3904//4166 3777//4039 3776//4038
f 3905//4167 3778//4040 3777//4039
f 3778//4040 3907//4169 3779//4041
f 3779//4041 3908//4170 3780//4042
f 3780//4042 3909//4171 3781//4043
f 3781//4043 3910//4172 3782//4044
f 3782//4044 3911//4173 3783//4045
f 3783//4045 3912//4174 3784//4046
f 3784//4046 3913//4175 3785//4047
f 3785//4047 3914//4176 3786//4048
f 3786//4048 3915//4177 3787//4049
f 3787//4049 3916//4178 3788//4050
f 3788//4050 3917//4179 3789//4051
f 3789//4051 3918//4180 3790//4052
f 3790//4052 3919//4181 3791//4053
f 3791//4053 3920//4182 3792//4054
f 3792//4054 3921//4183 3793//4055
f 3793//4055 3922//4184 3794//4056
f 3794//4056 3923//4185 3795//4057
f 3795//4057 3924//4186 3796//4058
f 3796//4058 3925//4187 3797//4059
f 3797//4059 3926//4188 3798//4060
f 3798//4060 3927//4189 3799//4061
f 3799//4061 3928//4190 3800//4062
f 3800//4062 3929//4191 3801//4063
f 3801//4063 3930//4192 3802//4064
f 3802//4064 3931//4193 3803//4065
f 3803//4065 3932//4194 3804//4066
f 3804//4066 3933//4195 3805//4067
f 3805//4067 3934//4196 3806//4068
f 3806//4068 3935//4197 3807//4069
f 3807//4069 3936//4198 3808//4070
f 3808//4070 3937//4199 3809//4071
f 3809//4071 3810//4072 3682//3944
f 3938//4200 3811//4073 3810//4072
f 3939//4201 3812//4074 3811//4073
f 3940//4202 3813//4075 3812//4074
f 3941//4203 3814//4076 3813//4075
f 3942//4204 3815//4077 3814//4076
f 3943//4205 3816//4078 3815//4077
f 3944//4206 3817//4079 3816//4078
f 3945//4207 3818//4080 3817//4079
f 3946//4208 3819//4081 3818//4080
f 3947//4209 3820//4082 3819//4081
f 3948//4210 3821//4083 3820//4082
f 3949//4211 3822//4084 3821//4083
f 3950//4212 3823//4085 3822//4084
f 3951//4213 3824//4086 3823//4085
f 3952//4214 3825//4087 3824//4086
f 3953//4215 3826//4088 3825//4087
f 3954//4216 3827//4089 3826//4088
f 3955//4217 3828//4090 3827//4089
f 3956//4218 3829//4091 3828//4090
f 3957//4219 3830//4092 3829//4091
f 3958//4220 3831//4093 3830//4092
f 3959//4221 3832//4094 3831//4093
f 3960//4222 3833//4095 3832//4094
f 3961//4223 3834//4096 3833//4095
f 3962//4224 3835//4097 3834//4096
f 3963//4225 3836//4098 3835//4097
f 3964//4226 3837//4099 3836//4098
f 3965//4227 3838//4100 3837//4099
f 3966//4228 3839//4101 3838//4100
f 3967//4229 3840//4102 3839//4101
f 3968//4230 3841//4103 3840//4102
f 3969//4231 3842//4104 3841//4103
f 3842//4104 3971//4233 3843//4105
f 3843//4105 3972//4234 3844//4106
f 3844//4106 3973//4235 3845//4107
f 3845//4107 3974//4236 3846//4108
f 3846//4108 3975//4237 3847//4109
f 3847//4109 3976//4238 3848//4110
f 3848//4110 3977//4239 3849//4111
f 3849//4111 3978//4240 3850//4112
f 3850//4112 3979//4241 3851//4113
f 3851//4113 3980//4242 3852//4114
f 3852//4114 3981//4243 3853//4115
f 3853//4115 3982//4244 3854//4116
f 3854//4116 3983//4245 3855//4117
f 3855//4117 3984//4246 3856//4118
f 3856//4118 3985//4247 3857//4119
f 3857//4119 3986//4248 3858//4120
f 3858//4120 3987//4249 3859//4121
f 3859//4121 3988//4250 3860//4122
f 3860//4122 3989//4251 3861//4123
f 3861//4123 3990//4252 3862//4124
f 3862//4124 3991//4253 3863//4125
f 3863//4125 3992//4254 3864//4126
f 3864//4126 3993//4255 3865//4127
f 3865//4127 3994//4256 3866//4128
f 3866//4128 3995//4257 3867//4129
f 3867//4129 3996//4258 3868//4130
f 3868//4130 3997//4259 3869//4131
f 3869//4131 3998//4260 3870//4132
f 3870//4132 3999//4261 3871//4133
f 3871//4133 4000//4262 3872//4134
f 3872//4134 4001//4263 3873//4135
f 3873//4135 4002//4264 3874//4136
f 4002//4264 3875//4137 3874//4136
f 4003//4265 3876//4138 3875//4137
f 4004//4266 3877//4139 3876//4138
f 4005//4267 3878//4140 3877//4139
f 4006//4268 3879//4141 3878//4140
f 4007//4269 3880//4142 3879//4141
f 4008//4270 3881//4143 3880//4142
f 4009//4271 3882//4144 3881//4143
f 4010//4272 3883//4145 3882//4144
f 4011//4273 3884//4146 3883//4145
f 4012//4274 3885//4147 3884//4146
f 4013//4275 3886//4148 3885//4147
f 4014//4276 3887//4149 3886//4148
f 4015//4277 3888//4150 3887//4149
f 4016//4278 3889//4151 3888//4150
f 4017//4279 3890//4152 3889//4151
f 4018//4280 3891//4153 3890//4152
f 4019//4281 3892//4154 3891//4153
f 4020//4282 3893//4155 3892//4154
f 4021//4283 3894//4156 3893//4155
f 4022//4284 3895//4157 3894//4156
f 4023//4285 3896//4158 3895//4157
f 4024//4286 3897//4159 3896//4158
f 4025//4287 3898//4160 3897//4159
f 4026//4288 3899//4161 3898//4160
f 4027//4289 3900//4162 3899//4161
f 4028//4290 3901//4163 3900//4162
f 4029//4291 3902//4164 3901//4163
f 4030//4292 3903//4165 3902//4164
f 4031//4293 3904//4166 3903//4165
f 4032//4294 3905//4167 3904//4166
f 4033//4295 3906//4168 3905//4167
f 3906//4168 4035//4297 3907//4169
f 3907//4169 4036//4298 3908//4170
f 3908//4170 4037//4299 3909//4171
f 3909//4171 4038//4300 3910//4172
f 3910//4172 4039//4301 3911//4173
f 3911//4173 4040//4302 3912//4174
f 3912//4174 4041//4303 3913//4175
f 3913//4175 4042//4304 3914//4176
f 3914//4176 4043//4305 3915//4177
f 3915//4177 4044//4306 3916//4178
f 3916//4178 4045//4307 3917//4179
f 3917//4179 4046//4308 3918//4180
f 3918//4180 4047//4309 3919//4181
f 3919//4181 4048//4310 3920//4182
f 3920//4182 4049//4311 3921//4183
f 3921//4183 4050//4312 3922//4184
f 3922//4184 4051//4313 3923//4185
f 3923//4185 4052//4314 3924//4186
f 3924//4186 4053//4315 3925//4187
f 3925//4187 4054//4316 3926//4188
f 3926//4188 4055//4317 3927//4189
f 3927//4189 4056//4318 3928//4190
f 3928//4190 4057//4319 3929//4191
f 3929//4191 4058//4320 3930//4192
f 3930//4192 4059//4321 3931//4193
f 3931//4193 4060//4322 3932//4194
f 3932//4194 4061//4323 3933//4195
f 3933//4195 4062//4324 3934//4196
f 3934//4196 4063//4325 3935//4197
f 3935//4197 4064//4326 3936//4198
f 3936//4198 4065//4327 3937//4199
f 3937//4199 3938//4200 3810//4072
f 4068//4330 4067//4329 4066//4328
f 4069//4331 4068//4330 4066//4328
f 4070//4332 4069//4331 4066//4328
f 4071//4333 4070//4332 4066//4328
f 4072//4334 4071//4333 4066//4328
f 4073//4335 4072//4334 4066//4328
f 4074//4336 4073//4335 4066//4328
f 4075//4337 4074//4336 4066//4328
f 4076//4338 4075//4337 4066//4328
f 4077//4339 4076//4338 4066//4328
f 4078//4340 4077//4339 4066//4328
f 4079//4341 4078//4340 4066//4328
f 4080//4342 4079//4341 4066//4328
f 4081//4343 4080//4342 4066//4328
f 4082//4344 4081//4343 4066//4328
f 4083//4345 4082//4344 4066//4328
f 4084//4346 4083//4345 4066//4328
f 4085//4347 4084//4346 4066//4328
f 4086//4348 4085//4347 4066//4328
f 4087//4349 4086//4348 4066//4328
f 4088//4350 4087//4349 4066//4328
f 4089//4351 4088//4350 4066//4328
f 4090//4352 4089//4351 4066//4328
f 4091//4353 4090//4352 4066//4328
f 4092//4354 4091//4353 4066//4328
f 4093//4355 4092//4354 4066//4328
f 4094//4356 4093//4355 4066//4328
f 4095//4357 4094//4356 4066//4328
f 4096//4358 4095//4357 4066//4328
f 4097//4359 4096//4358 4066//4328
f 4098//4360 4097//4359 4066//4328
f 4099//4361 4098//4360 4066//4328
f 4100//4362 4099//4361 4066//4328
f 4101//4363 4100//4362 4066//4328
f 4102//4364 4101//4363 4066//4328
f 4103//4365 4102//4364 4066//4328
f 4104//4366 4103//4365 4066//4328
f 4105//4367 4104//4366 4066//4328
f 4106//4368 4105//4367 4066//4328
f 4107//4369 4106//4368 4066//4328
f 4108//4370 4107//4369 4066//4328
f 4109//4371 4108//4370 4066//4328
f 4110//4372 4109//4371 4066//4328
f 4111//4373 4110//4372 4066//4328
f 4112//4374 4111//4373 4066//4328
f 4113//4375 4112//4374 4066//4328
f 4114//4376 4113//4375 4066//4328
f 4115//4377 4114//4376 4066//4328
f 4116//4378 4115//4377 4066//4328
f 4117//4379 4116//4378 4066//4328
f 4118//4380 4117//4379 4066//4328
f 4119//4381 4118//4380 4066//4328
f 4120//4382 4119//4381 4066//4328
f 4121//4383 4120//4382 4066//4328
f 4122//4384 4121//4383 4066//4328
f 4123//4385 4122//4384 4066//4328
f 4124//4386 4123//4385 4066//4328
f 4125//4387 4124//4386 4066//4328
f 4126//4388 4125//4387 4066//4328
f 4127//4389 4126//4388 4066//4328
f 4128//4390 4127//4389 4066//4328
f 4129//4391 4128//4390 4066//4328
f 4130//4392 4129//4391 4066//4328
f 4131//4393 4130//4392 4066//4328
f 4132//4394 4131//4393 4066//4328
f 4133//4395 4132//4394 4066//4328
f 4134//4396 4133//4395 4066//4328
f 4135//4397 4134//4396 4066//4328
f 4136//4398 4135//4397 4066//4328
f 4137//4399 4136//4398 4066//4328
f 4138//4400 4137//4399 4066//4328
f 4139//4401 4138//4400 4066//4328
f 4140//4402 4139//4401 4066//4328
f 4141//4403 4140//4402 4066//4328
f 4142//4404 4141//4403 4066//4328
f 4143//4405 4142//4404 4066//4328
f 4144//4406 4143//4405 4066//4328
f 4145//4407 4144//4406 4066//4328
f 4146//4408 4145//4407 4066//4328
f 4147//4409 4146//4408 4066//4328
f 4148//4410 4147//4409 4066//4328
f 4149//4411 4148//4410 4066//4328
f 4150//4412 4149//4411 4066//4328
f 4151//4413 4150//4412 4066//4328
f 4152//4414 4151//4413 4066//4328
f 4153//4415 4152//4414 4066//4328
f 4154//4416 4153//4415 4066//4328
f 4155//4417 4154//4416 4066//4328
f 4156//4418 4155//4417 4066//4328
f 4157//4419 4156//4418 4066//4328
f 4158//4420 4157//4419 4066//4328
f 4159//4421 4158//4420 4066//4328
f 4160//4422 4159//4421 4066//4328
f 4161//4423 4160//4422 4066//4328
f 4162//4424 4161//4423 4066//4328
f 4163//4425 4162//4424 4066//4328
f 4164//4426 4163//4425 4066//4328
f 4165//4427 4164//4426 4066//4328
f 4166//4428 4165//4427 4066//4328
f 4167//4429 4166//4428 4066//4328
f 4168//4430 4167//4429 4066//4328
f 4169//4431 4168//4430 4066//4328
f 4170//4432 4169//4431 4066//4328
f 4171//4433 4170//4432 4066//4328
f 4172//4434 4171//4433 4066//4328
f 4173//4435 4172//4434 4066//4328
f 4174//4436 4173//4435 4066//4328
f 4175//4437 4174//4436 4066//4328
f 4176//4438 4175//4437 4066//4328
f 4177//4439 4176//4438 4066//4328
f 4178//4440 4177//4439 4066//4328
f 4179//4441 4178//4440 4066//4328
f 4180//4442 4179//4441 4066//4328
f 4181//4443 4180//4442 4066//4328
f 4182//4444 4181//4443 4066//4328
f 4183//4445 4182//4444 4066//4328
f 4184//4446 4183//4445 4066//4328
f 4185//4447 4184//4446 4066//4328
f 4186//4448 4185//4447 4066//4328
f 4187//4449 4186//4448 4066//4328
f 4188//4450 4187//4449 4066//4328
f 4189//4451 4188//4450 4066//4328
f 4190//4452 4189//4451 4066//4328
f 4191//4453 4190//4452 4066//4328
f 4192//4454 4191//4453 4066//4328
f 4193//4455 4192//4454 4066//4328
f 4194//4456 4193//4455 4066//4328
f 4067//4329 4194//4456 4066//4328
f 4068//4330 4195//4457 4067//4329
f 4069//4331 4196//4458 4068//4330
f 4070//4332 4197//4459 4069//4331
f 4071//4333 4198//4460 4070//4332
f 4072//4334 4199//4461 4071//4333
f 4073//4335 4200//4462 4072//4334
f 4074//4336 4201//4463 4073//4335
f 4075//4337 4202//4464 4074//4336
f 4076//4338 4203//4465 4075//4337
f 4077//4339 4204//4466 4076//4338
f 4078//4340 4205//4467 4077//4339
f 4079//4341 4206//4468 4078//4340
f 4080//4342 4207//4469 4079//4341
f 4081//4343 4208//4470 4080//4342
f 4082//4344 4209//4471 4081//4343
f 4083//4345 4210//4472 4082//4344
f 4084//4346 4211//4473 4083//4345
f 4085//4347 4212//4474 4084//4346
f 4086//4348 4213//4475 4085//4347
f 4087//4349 4214//4476 4086//4348
f 4088//4350 4215//4477 4087//4349
f 4089//4351 4216//4478 4088//4350
f 4090//4352 4217//4479 4089//4351
f 4091//4353 4218//4480 4090//4352
f 4092//4354 4219//4481 4091//4353
f 4093//4355 4220//4482 4092//4354
f 4094//4356 4221//4483 4093//4355
f 4095//4357 4222//4484 4094//4356
f 4096//4358 4223//4485 4095//4357
f 4097//4359 4224//4486 4096//4358
f 4098//4360 4225//4487 4097//4359
f 4099//4361 4226//4488 4098//4360
f 4228//4490 4099//4361 4100//4362
f 4229//4491 4100//4362 4101//4363
f 4230//4492 4101//4363 4102//4364
f 4231//4493 4102//4364 4103//4365
f 4232//4494 4103//4365 4104//4366
f 4233//4495 4104//4366 4105//4367
f 4234//4496 4105//4367 4106//4368
f 4235//4497 4106//4368 4107//4369
f 4236//4498 4107//4369 4108//4370
f 4237//4499 4108//4370 4109//4371
f 4238//4500 4109//4371 4110//4372
f 4239//4501 4110//4372 4111//4373
f 4240//4502 4111//4373 4112//4374
f 4241//4503 4112//4374 4113//4375
f 4242//4504 4113//4375 4114//4376
f 4243//4505 4114//4376 4115//4377
f 4244//4506 4115//4377 4116//4378
f 4245//4507 4116//4378 4117//4379
f 4246//4508 4117//4379 4118//4380
f 4247//4509 4118//4380 4119//4381
f 4248//4510 4119//4381 4120//4382
f 4249//4511 4120//4382 4121//4383
f 4250//4512 4121//4383 4122//4384
f 4251//4513 4122//4384 4123//4385
f 4252//4514 4123//4385 4124//4386
f 4253//4515 4124//4386 4125//4387
f 4254//4516 4125//4387 4126//4388
f 4255//4517 4126//4388 4127//4389
f 4256//4518 4127//4389 4128//4390
f 4257//4519 4128//4390 4129//4391
f 4258//4520 4129//4391 4130//4392
f 4259//4521 4130//4392 4131//4393
f 4132//4394 4259//4521 4131//4393
f 4133//4395 4260//4522 4132//4394
f 4134//4396 4261//4523 4133//4395
f 4135//4397 4262//4524 4134//4396
f 4136//4398 4263//4525 4135//4397
f 4137//4399 4264//4526 4136//4398
f 4138//4400 4265//4527 4137//4399
f 4139//4401 4266//4528 4138//4400
f 4140//4402 4267//4529 4139//4401
f 4141//4403 4268//4530 4140//4402
f 4142//4404 4269//4531 4141//4403
f 4143//4405 4270//4532 4142//4404
f 4144//4406 4271//4533 4143//4405
f 4145//4407 4272//4534 4144//4406
f 4146//4408 4273//4535 4145//4407
f 4147//4409 4274//4536 4146//4408
f 4148//4410 4275//4537 4147//4409
f 4149//4411 4276//4538 4148//4410
f 4150//4412 4277//4539 4149//4411
f 4151//4413 4278//4540 4150//4412
f 4152//4414 4279//4541 4151//4413
f 4153//4415 4280//4542 4152//4414
f 4154//4416 4281//4543 4153//4415
f 4155//4417 4282//4544 4154//4416
f 4156//4418 4283//4545 4155//4417
f 4157//4419 4284//4546 4156//4418
f 4158//4420 4285//4547 4157//4419
f 4159//4421 4286//4548 4158//4420
f 4160//4422 4287//4549 4159//4421
f 4161//4423 4288//4550 4160//4422
f 4162//4424 4289//4551 4161//4423
f 4163//4425 4290//4552 4162//4424
f 4292//4554 4163//4425 4164//4426
f 4293//4555 4164//4426 4165//4427
f 4294//4556 4165//4427 4166//4428
f 4295//4557 4166//4428 4167//4429
f 4296//4558 4167//4429 4168//4430
f 4297//4559 4168//4430 4169//4431
f 4298//4560 4169//4431 4170//4432
f 4299//4561 4170//4432 4171//4433
f 4300//4562 4171//4433 4172//4434
f 4301//4563 4172//4434 4173//4435
f 4302//4564 4173//4435 4174//4436
f 4303//4565 4174//4436 4175//4437
f 4304//4566 4175//4437 4176//4438
f 4305//4567 4176//4438 4177//4439
f 4306//4568 4177//4439 4178//4440
f 4307//4569 4178//4440 4179//4441
f 4308//4570 4179//4441 4180//4442
f 4309//4571 4180//4442 4181//4443
f 4310//4572 4181//4443 4182//4444
f 4311//4573 4182//4444 4183//4445
f 4312//4574 4183//4445 4184//4446
f 4313//4575 4184//4446 4185//4447
f 4314//4576 4185//4447 4186//4448
f 4315//4577 4186//4448 4187//4449
f 4316//4578 4187//4449 4188//4450
f 4317//4579 4188//4450 4189//4451
f 4318//4580 4189//4451 4190//4452
f 4319//4581 4190//4452 4191//4453
f 4320//4582 4191//4453 4192//4454
f 4321//4583 4192//4454 4193//4455
f 4322//4584 4193//4455 4194//4456
f 4195//4457 4194//4456 4067//4329
f 4196//4458 4323//4585 4195//4457
f 4197//4459 4324//4586 4196//4458
f 4198//4460 4325//4587 4197//4459
f 4199//4461 4326//4588 4198//4460
f 4200//4462 4327//4589 4199//4461
f 4201//4463 4328//4590 4200//4462
f 4202//4464 4329//4591 4201//4463
f 4203//4465 4330//4592 4202//4464
f 4204//4466 4331//4593 4203//4465
f 4205//4467 4332//4594 4204//4466
f 4206//4468 4333//4595 4205//4467
f 4207//4469 4334//4596 4206//4468
f 4208//4470 4335//4597 4207//4469
f 4209//4471 4336//4598 4208//4470
f 4210//4472 4337//4599 4209//4471
f 4211//4473 4338//4600 4210//4472
f 4212//4474 4339//4601 4211//4473
f 4213//4475 4340//4602 4212//4474
f 4214//4476 4341//4603 4213//4475
f 4215//4477 4342//4604 4214//4476
f 4216//4478 4343//4605 4215//4477
f 4217//4479 4344//4606 4216//4478
f 4218//4480 4345//4607 4217//4479
f 4219//4481 4346//4608 4218//4480
f 4220//4482 4347//4609 4219//4481
f 4221//4483 4348//4610 4220//4482
f 4222//4484 4349//4611 4221//4483
f 4223//4485 4350//4612 4222//4484
f 4224//4486 4351//4613 4223//4485
f 4225//4487 4352//4614 4224//4486
f 4226//4488 4353//4615 4225//4487
f 4227//4489 4354//4616 4226//4488
f 4356//4618 4227//4489 4228//4490
f 4357//4619 4228//4490 4229//4491
f 4358//4620 4229//4491 4230//4492
f 4359//4621 4230//4492 4231//4493
f 4360//4622 4231//4493 4232//4494
f 4361//4623 4232//4494 4233//4495
f 4362//4624 4233//4495 4234//4496
f 4363//4625 4234//4496 4235//4497
f 4364//4626 4235//4497 4236//4498
f 4365//4627 4236//4498 4237//4499
f 4366//4628 4237//4499 4238//4500
f 4367//4629 4238//4500 4239//4501
f 4368//4630 4239//4501 4240//4502
f 4369//4631 4240//4502 4241//4503
f 4370//4632 4241//4503 4242//4504
f 4371//4633 4242//4504 4243//4505
f 4372//4634 4243//4505 4244//4506
f 4373//4635 4244//4506 4245//4507
f 4374//4636 4245//4507 4246//4508
f 4375//4637 4246//4508 4247//4509
f 4376//4638 4247//4509 4248//4510
f 4377//4639 4248//4510 4249//4511
f 4378//4640 4249//4511 4250//4512
f 4379//4641 4250//4512 4251//4513
f 4380//4642 4251//4513 4252//4514
f 4381//4643 4252//4514 4253//4515
f 4382//4644 4253//4515 4254//4516
f 4383//4645 4254//4516 4255//4517
f 4384//4646 4255//4517 4256//4518
f 4385//4647 4256//4518 4257//4519
f 4386//4648 4257//4519 4258//4520
f 4387//4649 4258//4520 4259//4521
f 4260//4522 4387//4649 4259//4521
f 4261//4523 4388//4650 4260//4522
f 4262//4524 4389//4651 4261//4523
f 4263//4525 4390//4652 4262//4524
f 4264//4526 4391//4653 4263//4525
f 4265//4527 4392//4654 4264//4526
f 4266//4528 4393//4655 4265//4527
f 4267//4529 4394//4656 4266//4528
f 4268//4530 4395//4657 4267//4529
f 4269//4531 4396//4658 4268//4530
f 4270//4532 4397//4659 4269//4531
f 4271//4533 4398//4660 4270//4532
f 4272//4534 4399//4661 4271//4533
f 4273//4535 4400//4662 4272//4534
f 4274//4536 4401//4663 4273//4535
f 4275//4537 4402//4664 4274//4536
f 4276//4538 4403//4665 4275//4537
f 4277//4539 4404//4666 4276//4538
f 4278//4540 4405//4667 4277//4539
f 4279//4541 4406//4668 4278//4540
f 4280//4542 4407//4669 4279//4541
f 4281//4543 4408//4670 4280//4542
f 4282//4544 4409//4671 4281//4543
f 4283//4545 4410//4672 4282//4544
f 4284//4546 4411//4673 4283//4545
f 4285//4547 4412//4674 4284//4546
f 4286//4548 4413//4675 4285//4547
f 4287//4549 4414//4676 4286//4548
f 4288//4550 4415//4677 4287//4549
f 4289//4551 4416//4678 4288//4550
f 4290//4552 4417//4679 4289//4551
f 4291//4553 4418//4680 4290//4552
f 4420//4682 4291//4553 4292//4554
f 4421//4683 4292//4554 4293//4555
f 4422//4684 4293//4555 4294//4556
f 4423//4685 4294//4556 4295//4557
f 4424//4686 4295//4557 4296//4558
f 4425//4687 4296//4558 4297//4559
f 4426//4688 4297//4559 4298//4560
f 4427//4689 4298//4560 4299//4561
f 4428//4690 4299//4561 4300//4562
f 4429//4691 4300//4562 4301//4563
f 4430//4692 4301//4563 4302//4564
f 4431//4693 4302//4564 4303//4565
f 4432//4694 4303//4565 4304//4566
f 4433//4695 4304//4566 4305//4567
f 4434//4696 4305//4567 4306//4568
f 4435//4697 4306//4568 4307//4569
f 4436//4698 4307//4569 4308//4570
f 4437//4699 4308//4570 4309//4571
f 4438//4700 4309//4571 4310//4572
f 4439//4701 4310//4572 4311//4573
f 4440//4702 4311//4573 4312//4574
f 4441//4703 4312//4574 4313//4575
f 4442//4704 4313//4575 4314//4576
f 4443//4705 4314//4576 4315//4577
f 4444//4706 4315//4577 4316//4578
f 4445//4707 4316//4578 4317//4579
f 4446//4708 4317//4579 4318//4580
f 4447//4709 4318//4580 4319//4581
f 4448//4710 4319//4581 4320//4582
f 4449//4711 4320//4582 4321//4583
f 4450//4712 4321//4583 4322//4584
f 4323//4585 4322//4584 4195//4457
f 4324//4586 4451//4713 4323//4585
f 4325//4587 4452//4714 4324//4586
f 4326//4588 4453//4715 4325//4587
f 4327//4589 4454//4716 4326//4588
f 4328//4590 4455//4717 4327//4589
f 4329//4591 4456//4718 4328//4590
f 4330//4592 4457//4719 4329//4591
f 4331//4593 4458//4720 4330//4592
f 4332//4594 4459//4721 4331//4593
f 4333//4595 4460//4722 4332//4594
f 4334//4596 4461//4723 4333//4595
f 4335//4597 4462//4724 4334//4596
f 4336//4598 4463//4725 4335//4597
f 4337//4599 4464//4726 4336//4598
f 4338//4600 4465//4727 4337//4599
f 4339//4601 4466//4728 4338//4600
f 4340//4602 4467//4729 4339//4601
f 4341//4603 4468//4730 4340//4602
f 4342//4604 4469//4731 4341//4603
f 4343//4605 4470//4732 4342//4604
f 4344//4606 4471//4733 4343//4605
f 4345//4607 4472//4734 4344//4606
f 4346//4608 4473//4735 4345//4607
f 4347//4609 4474//4736 4346//4608
f 4348//4610 4475//4737 4347//4609
f 4349//4611 4476//4738 4348//4610
f 4350//4612 4477//4739 4349//4611
f 4351//4613 4478//4740 4350//4612
f 4352//4614 4479//4741 4351//4613
f 4353//4615 4480//4742 4352//4614
f 4354//4616 4481//4743 4353//4615
f 4355//4617 4482//4744 4354//4616
f 4484//4746 4355//4617 4356//4618
f 4485//4747 4356//4618 4357//4619
f 4486//4748 4357//4619 4358//4620
f 4487//4749 4358//4620 4359//4621
f 4488//4750 4359//4621 4360//4622
f 4489//4751 4360//4622 4361//4623
f 4490//4752 4361//4623 4362//4624
f 4491//4753 4362//4624 4363//4625
f 4492//4754 4363//4625 4364//4626
f 4493//4755 4364//4626 4365//4627
f 4494//4756 4365//4627 4366//4628
f 4495//4757 4366//4628 4367//4629
f 4496//4758 4367//4629 4368//4630
f 4497//4759 4368//4630 4369//4631
f 4498//4760 4369//4631 4370//4632
f 4499//4761 4370//4632 4371//4633
f 4500//4762 4371//4633 4372//4634
f 4501//4763 4372//4634 4373//4635
f 4502//4764 4373//4635 4374//4636
f 4503//4765 4374//4636 4375//4637
f 4504//4766 4375//4637 4376//4638
f 4505//4767 4376//4638 4377//4639
f 4506//4768 4377//4639 4378//4640
f 4507//4769 4378//4640 4379//4641
f 4508//4770 4379//4641 4380//4642
f 4509//4771 4380//4642 4381//4643
f 4510//4772 4381//4643 4382//4644
f 4511//4773 4382//4644 4383//4645
f 4512//4774 4383//4645 4384//4646
f 4513//4775 4384//4646 4385//4647
f 4514//4776 4385//4647 4386//4648
f 4515//4777 4386//4648 4387//4649
f 4388//4650 4515//4777 4387//4649
f 4389//4651 4516//4778 4388//4650
f 4390//4652 4517//4779 4389//4651
f 4391//4653 4518//4780 4390//4652
f 4392//4654 4519//4781 4391//4653
f 4393//4655 4520//4782 4392//4654
f 4394//4656 4521//4783 4393//4655
f 4395//4657 4522//4784 4394//4656
f 4396//4658 4523//4785 4395//4657
f 4397//4659 4524//4786 4396//4658
f 4398//4660 4525//4787 4397//4659
f 4399//4661 4526//4788 4398//4660
f 4400//4662 4527//4789 4399//4661
f 4401//4663 4528//4790 4400//4662
f 4402//4664 4529//4791 4401//4663
f 4403//4665 4530//4792 4402//4664
f 4404//4666 4531//4793 4403//4665
f 4405//4667 4532//4794 4404//4666
f 4406//4668 4533//4795 4405//4667
f 4407//4669 4534//4796 4406//4668
f 4408//4670 4535//4797 4407//4669
f 4409//4671 4536//4798 4408//4670
f 4410//4672 4537//4799 4409//4671
f 4411//4673 4538//4800 4410//4672
f 4412//4674 4539//4801 4411//4673
f 4413//4675 4540//4802 4412//4674
f 4414//4676 4541//4803 4413//4675
f 4415//4677 4542//4804 4414//4676
f 4416//4678 4543//4805 4415//4677
f 4417//4679 4544//4806 4416//4678
f 4418//4680 4545//4807 4417//4679
f 4419//4681 4546//4808 4418//4680
f 4548//4810 4419//4681 4420//4682
f 4549//4811 4420//4682 4421//4683
f 4550//4812 4421//4683 4422//4684
f 4551//4813 4422//4684 4423//4685
f 4552//4814 4423//4685 4424//4686
f 4553//4815 4424//4686 4425//4687
f 4554//4816 4425//4687 4426//4688
f 4555//4817 4426//4688 4427//4689
f 4556//4818 4427//4689 4428//4690
f 4557//4819 4428//4690 4429//4691
f 4558//4820 4429//4691 4430//4692
f 4559//4821 4430//4692 4431//4693
f 4560//4822 4431//4693 4432//4694
f 4561//4823 4432//4694 4433//4695
f 4562//4824 4433//4695 4434//4696
f 4563//4825 4434//4696 4435//4697
f 4564//4826 4435//4697 4436//4698
f 4565//4827 4436//4698 4437//4699
f 4566//4828 4437//4699 4438//4700
f 4567//4829 4438//4700 4439//4701
f 4568//4830 4439//4701 4440//4702
f 4569//4831 4440//4702 4441//4703
f 4570//4832 4441//4703 4442//4704
f 4571//4833 4442//4704 4443//4705
f 4572//4834 4443//4705 4444//4706
f 4573//4835 4444//4706 4445//4707
f 4574//4836 4445//4707 4446//4708
f 4575//4837 4446//4708 4447//4709
f 4576//4838 4447//4709 4448//4710
f 4577//4839 4448//4710 4449//4711
f 4578//4840 4449//4711 4450//4712
f 4451//4713 4450//4712 4323//4585
f 4452//4714 4579//4841 4451//4713
f 4453//4715 4580//4842 4452//4714
f 4454//4716 4581//4843 4453//4715
f 4455//4717 4582//4844 4454//4716
f 4456//4718 4583//4845 4455//4717
f 4457//4719 4584//4846 4456//4718
f 4458//4720 4585//4847 4457//4719
f 4459//4721 4586//4848 4458//4720
f 4460//4722 4587//4849 4459//4721
f 4461//4723 4588//4850 4460//4722
f 4462//4724 4589//4851 4461//4723
f 4463//4725 4590//4852 4462//4724
f 4464//4726 4591//4853 4463//4725
f 4465//4727 4592//4854 4464//4726
f 4466//4728 4593//4855 4465//4727
f 4467//4729 4594//4856 4466//4728
f 4468//4730 4595//4857 4467//4729
f 4469//4731 4596//4858 4468//4730
f 4470//4732 4597//4859 4469//4731
f 4471//4733 4598//4860 4470//4732
f 4472//4734 4599//4861 4471//4733
f 4473//4735 4600//4862 4472//4734
f 4474//4736 4601//4863 4473//4735
f 4475//4737 4602//4864 4474//4736
f 4476//4738 4603//4865 4475//4737
f 4477//4739 4604//4866 4476//4738
f 4478//4740 4605//4867 4477//4739
f 4479//4741 4606//4868 4478//4740
f 4480//4742 4607//4869 4479//4741
f 4481//4743 4608//4870 4480//4742
f 4482//4744 4609//4871 4481//4743
f 4483//4745 4610//4872 4482//4744
f 4612//4874 4483//4745 4484//4746
f 4613//4875 4484//4746 4485//4747
f 4614//4876 4485//4747 4486//4748
f 4615//4877 4486//4748 4487//4749
f 4616//4878 4487//4749 4488//4750
f 4617//4879 4488//4750 4489//4751
f 4618//4880 4489//4751 4490//4752
f 4619//4881 4490//4752 4491//4753
f 4620//4882 4491//4753 4492//4754
f 4621//4883 4492//4754 4493//4755
f 4622//4884 4493//4755 4494//4756
f 4623//4885 4494//4756 4495//4757
f 4624//4886 4495//4757 4496//4758
f 4625//4887 4496//4758 4497//4759
f 4626//4888 4497//4759 4498//4760
f 4627//4889 4498//4760 4499//4761
f 4628//4890 4499//4761 4500//4762
f 4629//4891 4500//4762 4501//4763
f 4630//4892 4501//4763 4502//4764
f 4631//4893 4502//4764 4503//4765
f 4632//4894 4503//4765 4504//4766
f 4633//4895 4504//4766 4505//4767
f 4634//4896 4505//4767 4506//4768
f 4635//4897 4506//4768 4507//4769
f 4636//4898 4507//4769 4508//4770
f 4637//4899 4508//4770 4509//4771
f 4638//4900 4509//4771 4510//4772
f 4639//4901 4510//4772 4511//4773
f 4640//4902 4511//4773 4512//4774
f 4641//4903 4512//4774 4513//4775
f 4642//4904 4513//4775 4514//4776
f 4643//4905 4514//4776 4515//4777
f 4516//4778 4643//4905 4515//4777
f 4517//4779 4644//4906 4516//4778
f 4518//4780 4645//4907 4517//4779
f 4519//4781 4646//4908 4518//4780
f 4520//4782 4647//4909 4519//4781
f 4521//4783 4648//4910 4520//4782
f 4522//4784 4649//4911 4521//4783
f 4523//4785 4650//4912 4522//4784
f 4524//4786 4651//4913 4523//4785
f 4525//4787 4652//4914 4524//4786
f 4526//4788 4653//4915 4525//4787
f 4527//4789 4654//4916 4526//4788
f 4528//4790 4655//4917 4527//4789
f 4529//4791 4656//4918 4528//4790
f 4530//4792 4657//4919 4529//4791
f 4531//4793 4658//4920 4530//4792
f 4532//4794 4659//4921 4531//4793
f 4533//4795 4660//4922 4532//4794
f 4534//4796 4661//4923 4533//4795
f 4535//4797 4662//4924 4534//4796
f 4536//4798 4663//4925 4535//4797
f 4537//4799 4664//4926 4536//4798
f 4538//4800 4665//4927 4537//4799
f 4539//4801 4666//4928 4538//4800
f 4540//4802 4667//4929 4539//4801
f 4541//4803 4668//4930 4540//4802
f 4542//4804 4669//4931 4541//4803
f 4543//4805 4670//4932 4542//4804
f 4544//4806 4671//4933 4543//4805
f 4545//4807 4672//4934 4544//4806
f 4546//4808 4673//4935 4545//4807
f 4547//4809 4674//4936 4546//4808
f 4676//4938 4547//4809 4548//4810
f 4677//4939 4548//4810 4549//4811
f 4678//4940 4549//4811 4550//4812
f 4679//4941 4550//4812 4551//4813
f 4680//4942 4551//4813 4552//4814
f 4681//4943 4552//4814 4553//4815
f 4682//4944 4553//4815 4554//4816
f 4683//4945 4554//4816 4555//4817
f 4684//4946 4555//4817 4556//4818
f 4685//4947 4556//4818 4557//4819
f 4686//4948 4557//4819 4558//4820
f 4687//4949 4558//4820 4559//4821
f 4688//4950 4559//4821 4560//4822
f 4689//4951 4560//4822 4561//4823
f 4690//4952 4561//4823 4562//4824
f 4691//4953 4562//4824 4563//4825
f 4692//4954 4563//4825 4564//4826
f 4693//4955 4564//4826 4565//4827
f 4694//4956 4565//4827 4566//4828
f 4695//4957 4566//4828 4567//4829
f 4696//4958 4567//4829 4568//4830
f 4697//4959 4568//4830 4569//4831
f 4698//4960 4569//4831 4570//4832
f 4699//4961 4570//4832 4571//4833
f 4700//4962 4571//4833 4572//4834
f 4701//4963 4572//4834 4573//4835
f 4702//4964 4573//4835 4574//4836
f 4703//4965 4574//4836 4575//4837
f 4704//4966 4575//4837 4576//4838
f 4705//4967 4576//4838 4577//4839
f 4706//4968 4577//4839 4578//4840
f 4579//4841 4578//4840 4451//4713
f 4580//4842 4707//4969 4579//4841
f 4581//4843 4708//4970 4580//4842
f 4582//4844 4709//4971 4581//4843
f 4583//4845 4710//4972 4582//4844
f 4584//4846 4711//4973 4583//4845
f 4585//4847 4712//4974 4584//4846
f 4586//4848 4713//4975 4585//4847
f 4587//4849 4714//4976 4586//4848
f 4588//4850 4715//4977 4587//4849
f 4589//4851 4716//4978 4588//4850
f 4590//4852 4717//4979 4589//4851
f 4591//4853 4718//4980 4590//4852
f 4592//4854 4719//4981 4591//4853
f 4593//4855 4720//4982 4592//4854
f 4594//4856 4721//4983 4593//4855
f 4595//4857 4722//4984 4594//4856
f 4596//4858 4723//4985 4595//4857
f 4597//4859 4724//4986 4596//4858
f 4598//4860 4725//4987 4597//4859
f 4599//4861 4726//4988 4598//4860
f 4600//4862 4727//4989 4599//4861
f 4601//4863 4728//4990 4600//4862
f 4602//4864 4729//4991 4601//4863
f 4603//4865 4730//4992 4602//4864
f 4604//4866 4731//4993 4603//4865
f 4605//4867 4732//4994 4604//4866
f 4606//4868 4733//4995 4605//4867
f 4607//4869 4734//4996 4606//4868
f 4608//4870 4735//4997 4607//4869
f 4609//4871 4736//4998 4608//4870
f 4610//4872 4737//4999 4609//4871
f 4611//4873 4738//5000 4610//4872
f 4740//5002 4611//4873 4612//4874
f 4741//5003 4612//4874 4613//4875
f 4742//5004 4613//4875 4614//4876
f 4743//5005 4614//4876 4615//4877
f 4744//5006 4615//4877 4616//4878
f 4745//5007 4616//4878 4617//4879
f 4746//5008 4617//4879 4618//4880
f 4747//5009 4618//4880 4619//4881
f 4748//5010 4619//4881 4620//4882
f 4749//5011 4620//4882 4621//4883
f 4750//5012 4621//4883 4622//4884
f 4751//5013 4622//4884 4623//4885
f 4752//5014 4623//4885 4624//4886
f 4753//5015 4624//4886 4625//4887
f 4754//5016 4625//4887 4626//4888
f 4755//5017 4626//4888 4627//4889
f 4756//5018 4627//4889 4628//4890
f 4757//5019 4628//4890 4629//4891
f 4758//5020 4629//4891 4630//4892
f 4759//5021 4630//4892 4631//4893
f 4760//5022 4631//4893 4632//4894
f 4761//5023 4632//4894 4633//4895
f 4762//5024 4633//4895 4634//4896
f 4763//5025 4634//4896 4635//4897
f 4764//5026 4635//4897 4636//4898
f 4765//5027 4636//4898 4637//4899
f 4766//5028 4637//4899 4638//4900
f 4767//5029 4638//4900 4639//4901
f 4768//5030 4639//4901 4640//4902
f 4769//5031 4640//4902 4641//4903
f 4770//5032 4641//4903 4642//4904
f 4771//5033 4642//4904 4643//4905
f 4644//4906 4771//5033 4643//4905
f 4645//4907 4772//5034 4644//4906
f 4646//4908 4773//5035 4645//4907
f 4647//4909 4774//5036 4646//4908
f 4648//4910 4775//5037 4647//4909
f 4649//4911 4776//5038 4648//4910
f 4650//4912 4777//5039 4649//4911
f 4651//4913 4778//5040 4650//4912
f 4652//4914 4779//5041 4651//4913
f 4653//4915 4780//5042 4652//4914
f 4654//4916 4781//5043 4653//4915
f 4655//4917 4782//5044 4654//4916
f 4656//4918 4783//5045 4655//4917
f 4657//4919 4784//5046 4656//4918
f 4658//4920 4785//5047 4657//4919
f 4659//4921 4786//5048 4658//4920
f 4660//4922 4787//5049 4659//4921
f 4661//4923 4788//5050 4660//4922
f 4662//4924 4789//5051 4661//4923
f 4663//4925 4790//5052 4662//4924
f 4664//4926 4791//5053 4663//4925
f 4665//4927 4792//5054 4664//4926
f 4666//4928 4793//5055 4665//4927
f 4667//4929 4794//5056 4666//4928
f 4668//4930 4795//5057 4667//4929
f 4669//4931 4796//5058 4668//4930
f 4670//4932 4797//5059 4669//4931
f 4671//4933 4798//5060 4670//4932
f 4672//4934 4799//5061 4671//4933
f 4673//4935 4800//5062 4672//4934
f 4674//4936 4801//5063 4673//4935
f 4675//4937 4802//5064 4674//4936
f 4804//5066 4675//4937 4676//4938
f 4805//5067 4676//4938 4677//4939
f 4806//5068 4677//4939 4678//4940
f 4807//5069 4678//4940 4679//4941
f 4808//5070 4679//4941 4680//4942
f 4809//5071 4680//4942 4681//4943
f 4810//5072 4681//4943 4682//4944
f 4811//5073 4682//4944 4683//4945
f 4812//5074 4683//4945 4684//4946
f 4813//5075 4684//4946 4685//4947
f 4814//5076 4685//4947 4686//4948
f 4815//5077 4686//4948 4687//4949
f 4816//5078 4687//4949 4688//4950
f 4817//5079 4688//4950 4689//4951
f 4818//5080 4689//4951 4690//4952
f 4819//5081 4690//4952 4691//4953
f 4820//5082 4691//4953 4692//4954
f 4821//5083 4692//4954 4693//4955
f 4822//5084 4693//4955 4694//4956
f 4823//5085 4694//4956 4695//4957
f 4824//5086 4695//4957 4696//4958
f 4825//5087 4696//4958 4697//4959
f 4826//5088 4697//4959 4698//4960
f 4827//5089 4698//4960 4699//4961
f 4828//5090 4699//4961 4700//4962
f 4829//5091 4700//4962 4701//4963
f 4830//5092 4701//4963 4702//4964
f 4831//5093 4702//4964 4703//4965
f 4832//5094 4703//4965 4704//4966
f 4833//5095 4704//4966 4705//4967
f 4834//5096 4705//4967 4706//4968
f 4707//4969 4706//4968 4579//4841
f 4708//4970 4835//5097 4707//4969
f 4709//4971 4836//5098 4708//4970
f 4710//4972 4837//5099 4709//4971
f 4711//4973 4838//5100 4710//4972
f 4712//4974 4839//5101 4711//4973
f 4713//4975 4840//5102 4712//4974
f 4714//4976 4841//5103 4713//4975
f 4715//4977 4842//5104 4714//4976
f 4716//4978 4843//5105 4715//4977
f 4717//4979 4844//5106 4716//4978
f 4718//4980 4845//5107 4717//4979
f 4719//4981 4846//5108 4718//4980
f 4720//4982 4847//5109 4719//4981
f 4721//4983 4848//5110 4720//4982
f 4722//4984 4849//5111 4721//4983
f 4723//4985 4850//5112 4722//4984
f 4724//4986 4851//5113 4723//4985
f 4725//4987 4852//5114 4724//4986
f 4726//4988 4853//5115 4725//4987
f 4727//4989 4854//5116 4726//4988
f 4728//4990 4855//5117 4727//4989
f 4729//4991 4856//5118 4728//4990
f 4730//4992 4857//5119 4729//4991
f 4731//4993 4858//5120 4730//4992
f 4732//4994 4859//5121 4731//4993
f 4733//4995 4860//5122 4732//4994
f 4734//4996 4861//5123 4733//4995
f 4735//4997 4862//5124 4734//4996
f 4736//4998 4863//5125 4735//4997
f 4737//4999 4864//5126 4736//4998
f 4738//5000 4865//5127 4737//4999
f 4739//5001 4866//5128 4738//5000
f 4868//5130 4739//5001 4740//5002
f 4869//5131 4740//5002 4741//5003
f 4870//5132 4741//5003 4742//5004
f 4871//5133 4742//5004 4743//5005
f 4872//5134 4743//5005 4744//5006
f 4873//5135 4744//5006 4745//5007
f 4874//5136 4745//5007 4746//5008
f 4875//5137 4746//5008 4747//5009
f 4876//5138 4747//5009 4748//5010
f 4877//5139 4748//5010 4749//5011
f 4878//5140 4749//5011 4750//5012
f 4879//5141 4750//5012 4751//5013
f 4880//5142 4751//5013 4752//5014
f 4881//5143 4752//5014 4753//5015
f 4882//5144 4753//5015 4754//5016
f 4883//5145 4754//5016 4755//5017
f 4884//5146 4755//5017 4756//5018
f 4885//5147 4756//5018 4757//5019
f 4886//5148 4757//5019 4758//5020
f 4887//5149 4758//5020 4759//5021
f 4888//5150 4759//5021 4760//5022
f 4889//5151 4760//5022 4761//5023
f 4890//5152 4761//5023 4762//5024
f 4891//5153 4762//5024 4763//5025
f 4892//5154 4763//5025 4764//5026
f 4893//5155 4764//5026 4765//5027
f 4894//5156 4765//5027 4766//5028
f 4895//5157 4766//5028 4767//5029
f 4896//5158 4767//5029 4768//5030
f 4897//5159 4768//5030 4769//5031
f 4898//5160 4769//5031 4770//5032
f 4899//5161 4770//5032 4771//5033
f 4772//5034 4899//5161 4771//5033
f 4773//5035 4900//5162 4772//5034
f 4774//5036 4901//5163 4773//5035
f 4775//5037 4902//5164 4774//5036
f 4776//5038 4903//5165 4775//5037
f 4777//5039 4904//5166 4776//5038
f 4778//5040 4905//5167 4777//5039
f 4779//5041 4906//5168 4778//5040
f 4780//5042 4907//5169 4779//5041
f 4781//5043 4908//5170 4780//5042
f 4782//5044 4909//5171 4781//5043
f 4783//5045 4910//5172 4782//5044
f 4784//5046 4911//5173 4783//5045
f 4785//5047 4912//5174 4784//5046
f 4786//5048 4913//5175 4785//5047
f 4787//5049 4914//5176 4786//5048
f 4788//5050 4915//5177 4787//5049
f 4789//5051 4916//5178 4788//5050
f 4790//5052 4917//5179 4789//5051
f 4791//5053 4918//5180 4790//5052
f 4792//5054 4919//5181 4791//5053
f 4793//5055 4920//5182 4792//5054
f 4794//5056 4921//5183 4793//5055
f 4795//5057 4922//5184 4794//5056
f 4796//5058 4923//5185 4795//5057
f 4797//5059 4924//5186 4796//5058
f 4798//5060 4925//5187 4797//5059
f 4799//5061 4926//5188 4798//5060
f 4800//5062 4927//5189 4799//5061
f 4801//5063 4928//5190 4800//5062
f 4802//5064 4929//5191 4801//5063
f 4803//5065 4930//5192 4802//5064
f 4932//5194 4803//5065 4804//5066
f 4933//5195 4804//5066 4805//5067
f 4934//5196 4805//5067 4806//5068
f 4935//5197 4806//5068 4807//5069
f 4936//5198 4807//5069 4808//5070
f 4937//5199 4808//5070 4809//5071
f 4938//5200 4809//5071 4810//5072
f 4939//5201 4810//5072 4811//5073
f 4940//5202 4811//5073 4812//5074
f 4941//5203 4812//5074 4813//5075
f 4942//5204 4813//5075 4814//5076
f 4943//5205 4814//5076 4815//5077
f 4944//5206 4815//5077 4816//5078
f 4945//5207 4816//5078 4817//5079
f 4946//5208 4817//5079 4818//5080
f 4947//5209 4818//5080 4819//5081
f 4948//5210 4819//5081 4820//5082
f 4949//5211 4820//5082 4821//5083
f 4950//5212 4821//5083 4822//5084
f 4951//5213 4822//5084 4823//5085
f 4952//5214 4823//5085 4824//5086
f 4953//5215 4824//5086 4825//5087
f 4954//5216 4825//5087 4826//5088
f 4955//5217 4826//5088 4827//5089
f 4956//5218 4827//5089 4828//5090
f 4957//5219 4828//5090 4829//5091
f 4958//5220 4829//5091 4830//5092
f 4959//5221 4830//5092 4831//5093
f 4960//5222 4831//5093 4832//5094
f 4961//5223 4832//5094 4833//5095
f 4962//5224 4833//5095 4834//5096
f 4835//5097 4834//5096 4707//4969
f 4836//5098 4963//5225 4835//5097
f 4837//5099 4964//5226 4836//5098
f 4838//5100 4965//5227 4837//5099
f 4839//5101 4966//5228 4838//5100
f 4840//5102 4967//5229 4839//5101
f 4841//5103 4968//5230 4840//5102
f 4842//5104 4969//5231 4841//5103
f 4843//5105 4970//5232 4842//5104
f 4844//5106 4971//5233 4843//5105
f 4845//5107 4972//5234 4844//5106
f 4846//5108 4973//5235 4845//5107
f 4847//5109 4974//5236 4846//5108
f 4848//5110 4975//5237 4847//5109
f 4849//5111 4976//5238 4848//5110
f 4850//5112 4977//5239 4849//5111
f 4851//5113 4978//5240 4850//5112
f 4852//5114 4979//5241 4851//5113
f 4853//5115 4980//5242 4852//5114
f 4854//5116 4981//5243 4853//5115
f 4855//5117 4982//5244 4854//5116
f 4856//5118 4983//5245 4855//5117
f 4857//5119 4984//5246 4856//5118
f 4858//5120 4985//5247 4857//5119
f 4859//5121 4986//5248 4858//5120
f 4860//5122 4987//5249 4859//5121
f 4861//5123 4988//5250 4860//5122
f 4862//5124 4989//5251 4861//5123
f 4863//5125 4990//5252 4862//5124
f 4864//5126 4991//5253 4863//5125
f 4865//5127 4992//5254 4864//5126
f 4866//5128 4993//5255 4865//5127
f 4867//5129 4994//5256 4866//5128
f 4996//5258 4867//5129 4868//5130
f 4997//5259 4868//5130 4869//5131
f 4998//5260 4869//5131 4870//5132
f 4999//5261 4870//5132 4871//5133
f 5000//5262 4871//5133 4872//5134
f 5001//5263 4872//5134 4873//5135
f 5002//5264 4873//5135 4874//5136
f 5003//5265 4874//5136 4875//5137
f 5004//5266 4875//5137 4876//5138
f 5005//5267 4876//5138 4877//5139
f 5006//5268 4877//5139 4878//5140
f 5007//5269 4878//5140 4879//5141
f 5008//5270 4879//5141 4880//5142
f 5009//5271 4880//5142 4881//5143
f 5010//5272 4881//5143 4882//5144
f 5011//5273 4882//5144 4883//5145
f 5012//5274 4883//5145 4884//5146
f 5013//5275 4884//5146 4885//5147
f 5014//5276 4885//5147 4886//5148
f 5015//5277 4886//5148 4887//5149
f 5016//5278 4887//5149 4888//5150
f 5017//5279 4888//5150 4889//5151
f 5018//5280 4889//5151 4890//5152
f 5019//5281 4890//5152 4891//5153
f 5020//5282 4891//5153 4892//5154
f 5021//5283 4892//5154 4893//5155
f 5022//5284 4893//5155 4894//5156
f 5023//5285 4894//5156 4895//5157
f 5024//5286 4895//5157 4896//5158
f 5025//5287 4896//5158 4897//5159
f 5026//5288 4897//5159 4898//5160
f 5027//5289 4898//5160 4899//5161
f 4900//5162 5027//5289 4899//5161
f 4901//5163 5028//5290 4900//5162
f 4902//5164 5029//5291 4901//5163
f 4903//5165 5030//5292 4902//5164
f 4904//5166 5031//5293 4903//5165
f 4905//5167 5032//5294 4904//5166
f 4906//5168 5033//5295 4905//5167
f 4907//5169 5034//5296 4906//5168
f 4908//5170 5035//5297 4907//5169
f 4909//5171 5036//5298 4908//5170
f 4910//5172 5037//5299 4909//5171
f 4911//5173 5038//5300 4910//5172
f 4912//5174 5039//5301 4911//5173
f 4913//5175 5040//5302 4912//5174
f 4914//5176 5041//5303 4913//5175
f 4915//5177 5042//5304 4914//5176
f 4916//5178 5043//5305 4915//5177
f 4917//5179 5044//5306 4916//5178
f 4918//5180 5045//5307 4917//5179
f 4919//5181 5046//5308 4918//5180
f 4920//5182 5047//5309 4919//5181
f 4921//5183 5048//5310 4920//5182
f 4922//5184 5049//5311 4921//5183
f 4923//5185 5050//5312 4922//5184
f 4924//5186 5051//5313 4923//5185
f 4925//5187 5052//5314 4924//5186
f 4926//5188 5053//5315 4925//5187
f 4927//5189 5054//5316 4926//5188
f 4928//5190 5055//5317 4927//5189
f 4929//5191 5056//5318 4928//5190
f 4930//5192 5057//5319 4929//5191
f 4931//5193 5058//5320 4930//5192
f 5060//5322 4931//5193 4932//5194
f 5061//5323 4932//5194 4933//5195
f 5062//5324 4933//5195 4934//5196
f 5063//5325 4934//5196 4935//5197
f 5064//5326 4935//5197 4936//5198
f 5065//5327 4936//5198 4937//5199
f 5066//5328 4937//5199 4938//5200
f 5067//5329 4938//5200 4939//5201
f 5068//5330 4939//5201 4940//5202
f 5069//5331 4940//5202 4941//5203
f 5070//5332 4941//5203 4942//5204
f 5071//5333 4942//5204 4943//5205
f 5072//5334 4943//5205 4944//5206
f 5073//5335 4944//5206 4945//5207
f 5074//5336 4945//5207 4946//5208
f 5075//5337 4946//5208 4947//5209
f 5076//5338 4947//5209 4948//5210
f 5077//5339 4948//5210 4949//5211
f 5078//5340 4949//5211 4950//5212
f 5079//5341 4950//5212 4951//5213
f 5080//5342 4951//5213 4952//5214
f 5081//5343 4952//5214 4953//5215
f 5082//5344 4953//5215 4954//5216
f 5083//5345 4954//5216 4955//5217
f 5084//5346 4955//5217 4956//5218
f 5085//5347 4956//5218 4957//5219
f 5086//5348 4957//5219 4958//5220
f 5087//5349 4958//5220 4959//5221
f 5088//5350 4959//5221 4960//5222
f 5089//5351 4960//5222 4961//5223
f 5090//5352 4961//5223 4962//5224
f 4963//5225 4962//5224 4835//5097
f 4964//5226 5091//5353 4963//5225
f 4965//5227 5092//5354 4964//5226
f 4966//5228 5093//5355 4965//5227
f 4967//5229 5094//5356 4966//5228
f 4968//5230 5095//5357 4967//5229
f 4969//5231 5096//5358 4968//5230
f 4970//5232 5097//5359 4969//5231
f 4971//5233 5098//5360 4970//5232
f 4972//5234 5099//5361 4971//5233
f 4973//5235 5100//5362 4972//5234
f 4974//5236 5101//5363 4973//5235
f 4975//5237 5102//5364 4974//5236
f 4976//5238 5103//5365 4975//5237
f 4977//5239 5104//5366 4976//5238
f 4978//5240 5105//5367 4977//5239
f 4979//5241 5106//5368 4978//5240
f 4980//5242 5107//5369 4979//5241
f 4981//5243 5108//5370 4980//5242
f 4982//5244 5109//5371 4981//5243
f 4983//5245 5110//5372 4982//5244
f 4984//5246 5111//5373 4983//5245
f 4985//5247 5112//5374 4984//5246
f 4986//5248 5113//5375 4985//5247
f 4987//5249 5114//5376 4986//5248
f 4988//5250 5115//5377 4987//5249
f 4989//5251 5116//5378 4988//5250
f 4990//5252 5117//5379 4989//5251
f 4991//5253 5118//5380 4990//5252
f 4992//5254 5119//5381 4991//5253
f 4993//5255 5120//5382 4992//5254
f 4994//5256 5121//5383 4993//5255
f 4995//5257 5122//5384 4994//5256
f 5124//5386 4995//5257 4996//5258
f 5125//5387 4996//5258 4997//5259
f 5126//5388 4997//5259 4998//5260
f 5127//5389 4998//5260 4999//5261
f 5128//5390 4999//5261 5000//5262
f 5129//5391 5000//5262 5001//5263
f 5130//5392 5001//5263 5002//5264
f 5131//5393 5002//5264 5003//5265
f 5132//5394 5003//5265 5004//5266
f 5133//5395 5004//5266 5005//5267
f 5134//5396 5005//5267 5006//5268
f 5135//5397 5006//5268 5007//5269
f 5136//5398 5007//5269 5008//5270
f 5137//5399 5008//5270 5009//5271
f 5138//5400 5009//5271 5010//5272
f 5139//5401 5010//5272 5011//5273
f 5140//5402 5011//5273 5012//5274
f 5141//5403 5012//5274 5013//5275
f 5142//5404 5013//5275 5014//5276
f 5143//5405 5014//5276 5015//5277
f 5144//5406 5015//5277 5016//5278
f 5145//5407 5016//5278 5017//5279
f 5146//5408 5017//5279 5018//5280
f 5147//5409 5018//5280 5019//5281
f 5148//5410 5019//5281 5020//5282
f 5149//5411 5020//5282 5021//5283
f 5150//5412 5021//5283 5022//5284
f 5151//5413 5022//5284 5023//5285
f 5152//5414 5023//5285 5024//5286
f 5153//5415 5024//5286 5025//5287
f 5154//5416 5025//5287 5026//5288
f 5155//5417 5026//5288 5027//5289
f 5028//5290 5155//5417 5027//5289
f 5029//5291 5156//5418 5028//5290
f 5030//5292 5157//5419 5029//5291
f 5031//5293 5158//5420 5030//5292
f 5032//5294 5159//5421 5031//5293
f 5033//5295 5160//5422 5032//5294
f 5034//5296 5161//5423 5033//5295
f 5035//5297 5162//5424 5034//5296
f 5036//5298 5163//5425 5035//5297
f 5037//5299 5164//5426 5036//5298
f 5038//5300 5165//5427 5037//5299
f 5039//5301 5166//5428 5038//5300
f 5040//5302 5167//5429 5039//5301
f 5041//5303 5168//5430 5040//5302
f 5042//5304 5169//5431 5041//5303
f 5043//5305 5170//5432 5042//5304
f 5044//5306 5171//5433 5043//5305
f 5045//5307 5172//5434 5044//5306
f 5046//5308 5173//5435 5045//5307
f 5047//5309 5174//5436 5046//5308
f 5048//5310 5175//5437 5047//5309
f 5049//5311 5176//5438 5048//5310
f 5050//5312 5177//5439 5049//5311
f 5051//5313 5178//5440 5050//5312
f 5052//5314 5179//5441 5051//5313
f 5053//5315 5180//5442 5052//5314
f 5054//5316 5181//5443 5053//5315
f 5055//5317 5182//5444 5054//5316
f 5056//5318 5183//5445 5055//5317
f 5057//5319 5184//5446 5056//5318
f 5058//5320 5185//5447 5057//5319
f 5059//5321 5186//5448 5058//5320
f 5188//5450 5059//5321 5060//5322
f 5189//5451 5060//5322 5061//5323
f 5190//5452 5061//5323 5062//5324
f 5191//5453 5062//5324 5063//5325
f 5192//5454 5063//5325 5064//5326
f 5193//5455 5064//5326 5065//5327
f 5194//5456 5065//5327 5066//5328
f 5195//5457 5066//5328 5067//5329
f 5196//5458 5067//5329 5068//5330
f 5197//5459 5068//5330 5069//5331
f 5198//5460 5069//5331 5070//5332
f 5199//5461 5070//5332 5071//5333
f 5200//5462 5071//5333 5072//5334
f 5201//5463 5072//5334 5073//5335
f 5202//5464 5073//5335 5074//5336
f 5203//5465 5074//5336 5075//5337
f 5204//5466 5075//5337 5076//5338
f 5205//5467 5076//5338 5077//5339
f 5206//5468 5077//5339 5078//5340
f 5207//5469 5078//5340 5079//5341
f 5208//5470 5079//5341 5080//5342
f 5209//5471 5080//5342 5081//5343
f 5210//5472 5081//5343 5082//5344
f 5211//5473 5082//5344 5083//5345
f 5212//5474 5083//5345 5084//5346
f 5213//5475 5084//5346 5085//5347
f 5214//5476 5085//5347 5086//5348
f 5215//5477 5086//5348 5087//5349
f 5216//5478 5087//5349 5088//5350
f 5217//5479 5088//5350 5089//5351
f 5218//5480 5089//5351 5090//5352
f 5091//5353 5090//5352 4963//5225
f 5092//5354 5219//5481 5091//5353
f 5093//5355 5220//5482 5092//5354
f 5094//5356 5221//5483 5093//5355
f 5095//5357 5222//5484 5094//5356
f 5096//5358 5223//5485 5095//5357
f 5097//5359 5224//5486 5096//5358
f 5098//5360 5225//5487 5097//5359
f 5099//5361 5226//5488 5098//5360
f 5100//5362 5227//5489 5099//5361
f 5101//5363 5228//5490 5100//5362
f 5102//5364 5229//5491 5101//5363
f 5103//5365 5230//5492 5102//5364
f 5104//5366 5231//5493 5103//5365
f 5105//5367 5232//5494 5104//5366
f 5106//5368 5233//5495 5105//5367
f 5107//5369 5234//5496 5106//5368
f 5108//5370 5235//5497 5107//5369
f 5109//5371 5236//5498 5108//5370
f 5110//5372 5237//5499 5109//5371
f 5111//5373 5238//5500 5110//5372
f 5112//5374 5239//5501 5111//5373
f 5113//5375 5240//5502 5112//5374
f 5114//5376 5241//5503 5113//5375
f 5115//5377 5242//5504 5114//5376
f 5116//5378 5243//5505 5115//5377
f 5117//5379 5244//5506 5116//5378
f 5118//5380 5245//5507 5117//5379
f 5119//5381 5246//5508 5118//5380
f 5120//5382 5247//5509 5119//5381
f 5121//5383 5248//5510 5120//5382
f 5122//5384 5249//5511 5121//5383
f 5123//5385 5250//5512 5122//5384
f 5252//5514 5123//5385 5124//5386
f 5253//5515 5124//5386 5125//5387
f 5254//5516 5125//5387 5126//5388
f 5255//5517 5126//5388 5127//5389
f 5256//5518 5127//5389 5128//5390
f 5257//5519 5128//5390 5129//5391
f 5258//5520 5129//5391 5130//5392
f 5259//5521 5130//5392 5131//5393
f 5260//5522 5131//5393 5132//5394
f 5261//5523 5132//5394 5133//5395
f 5262//5524 5133//5395 5134//5396
f 5263//5525 5134//5396 5135//5397
f 5264//5526 5135//5397 5136//5398
f 5265//5527 5136//5398 5137//5399
f 5266//5528 5137//5399 5138//5400
f 5267//5529 5138//5400 5139//5401
f 5268//5530 5139//5401 5140//5402
f 5269//5531 5140//5402 5141//5403
f 5270//5532 5141//5403 5142//5404
f 5271//5533 5142//5404 5143//5405
f 5272//5534 5143//5405 5144//5406
f 5273//5535 5144//5406 5145//5407
f 5274//5536 5145//5407 5146//5408
f 5275//5537 5146//5408 5147//5409
f 5276//5538 5147//5409 5148//5410
f 5277//5539 5148//5410 5149//5411
f 5278//5540 5149//5411 5150//5412
f 5279//5541 5150//5412 5151//5413
f 5280//5542 5151//5413 5152//5414
f 5281//5543 5152//5414 5153//5415
f 5282//5544 5153//5415 5154//5416
f 5283//5545 5154//5416 5155//5417
f 5156//5418 5283//5545 5155//5417
f 5157//5419 5284//5546 5156//5418
f 5158//5420 5285//5547 5157//5419
f 5159//5421 5286//5548 5158//5420
f 5160//5422 5287//5549 5159//5421
f 5161//5423 5288//5550 5160//5422
f 5162//5424 5289//5551 5161//5423
f 5163//5425 5290//5552 5162//5424
f 5164//5426 5291//5553 5163//5425
f 5165//5427 5292//5554 5164//5426
f 5166//5428 5293//5555 5165//5427
f 5167//5429 5294//5556 5166//5428
f 5168//5430 5295//5557 5167//5429
f 5169//5431 5296//5558 5168//5430
f 5170//5432 5297//5559 5169//5431
f 5171//5433 5298//5560 5170//5432
f 5172//5434 5299//5561 5171//5433
f 5173//5435 5300//5562 5172//5434
f 5174//5436 5301//5563 5173//5435
f 5175//5437 5302//5564 5174//5436
f 5176//5438 5303//5565 5175//5437
f 5177//5439 5304//5566 5176//5438
f 5178//5440 5305//5567 5177//5439
f 5179//5441 5306//5568 5178//5440
f 5180//5442 5307//5569 5179//5441
f 5181//5443 5308//5570 5180//5442
f 5182//5444 5309//5571 5181//5443
f 5183//5445 5310//5572 5182//5444
f 5184//5446 5311//5573 5183//5445
f 5185//5447 5312//5574 5184//5446
f 5186//5448 5313//5575 5185//5447
f 5187//5449 5314//5576 5186//5448
f 5316//5578 5187//5449 5188//5450
f 5317//5579 5188//5450 5189//5451
f 5318//5580 5189//5451 5190//5452
f 5319//5581 5190//5452 5191//5453
f 5320//5582 5191//5453 5192//5454
f 5321//5583 5192//5454 5193//5455
f 5322//5584 5193//5455 5194//5456
f 5323//5585 5194//5456 5195//5457
f 5324//5586 5195//5457 5196//5458
f 5325//5587 5196//5458 5197//5459
f 5326//5588 5197//5459 5198//5460
f 5327//5589 5198//5460 5199//5461
f 5328//5590 5199//5461 5200//5462
f 5329//5591 5200//5462 5201//5463
f 5330//5592 5201//5463 5202//5464
f 5331//5593 5202//5464 5203//5465
f 5332//5594 5203//5465 5204//5466
f 5333//5595 5204//5466 5205//5467
f 5334//5596 5205//5467 5206//5468
f 5335//5597 5206//5468 5207//5469
f 5336//5598 5207//5469 5208//5470
f 5337//5599 5208//5470 5209//5471
f 5338//5600 5209//5471 5210//5472
f 5339//5601 5210//5472 5211//5473
f 5340//5602 5211//5473 5212//5474
f 5341//5603 5212//5474 5213//5475
f 5342//5604 5213//5475 5214//5476
f 5343//5605 5214//5476 5215//5477
f 5344//5606 5215//5477 5216//5478
f 5345//5607 5216//5478 5217//5479
f 5346//5608 5217//5479 5218//5480
f 5219//5481 5218//5480 5091//5353
f 5220//5482 5347//5609 5219//5481
f 5221//5483 5348//5610 5220//5482
f 5222//5484 5349//5611 5221//5483
f 5223//5485 5350//5612 5222//5484
f 5224//5486 5351//5613 5223//5485
f 5225//5487 5352//5614 5224//5486
f 5226//5488 5353//5615 5225//5487
f 5227//5489 5354//5616 5226//5488
f 5228//5490 5355//5617 5227//5489
f 5229//5491 5356//5618 5228//5490
f 5230//5492 5357//5619 5229//5491
f 5231//5493 5358//5620 5230//5492
f 5232//5494 5359//5621 5231//5493
f 5233//5495 5360//5622 5232//5494
f 5234//5496 5361//5623 5233//5495
f 5235//5497 5362//5624 5234//5496
f 5236//5498 5363//5625 5235//5497
f 5237//5499 5364//5626 5236//5498
f 5238//5500 5365//5627 5237//5499
f 5239//5501 5366//5628 5238//5500
f 5240//5502 5367//5629 5239//5501
f 5241//5503 5368//5630 5240//5502
f 5242//5504 5369//5631 5241//5503
f 5243//5505 5370//5632 5242//5504
f 5244//5506 5371//5633 5243//5505
f 5245//5507 5372//5634 5244//5506
f 5246//5508 5373//5635 5245//5507
f 5247//5509 5374//5636 5246//5508
f 5248//5510 5375//5637 5247//5509
f 5249//5511 5376//5638 5248//5510
f 5250//5512 5377//5639 5249//5511
f 5251//5513 5378//5640 5250//5512
f 5380//5642 5251//5513 5252//5514
f 5381//5643 5252//5514 5253//5515
f 5382//5644 5253//5515 5254//5516
f 5383//5645 5254//5516 5255//5517
f 5384//5646 5255//5517 5256//5518
f 5385//5647 5256//5518 5257//5519
f 5386//5648 5257//5519 5258//5520
f 5387//5649 5258//5520 5259//5521
f 5388//5650 5259//5521 5260//5522
f 5389//5651 5260//5522 5261//5523
f 5390//5652 5261//5523 5262//5524
f 5391//5653 5262//5524 5263//5525
f 5392//5654 5263//5525 5264//5526
f 5393//5655 5264//5526 5265//5527
f 5394//5656 5265//5527 5266//5528
f 5395//5657 5266//5528 5267//5529
f 5396//5658 5267//5529 5268//5530
f 5397//5659 5268//5530 5269//5531
f 5398//5660 5269//5531 5270//5532
f 5399//5661 5270//5532 5271//5533
f 5400//5662 5271//5533 5272//5534
f 5401//5663 5272//5534 5273//5535
f 5402//5664 5273//5535 5274//5536
f 5403//5665 5274//5536 5275//5537
f 5404//5666 5275//5537 5276//5538
f 5405//5667 5276//5538 5277//5539
f 5406//5668 5277//5539 5278//5540
f 5407//5669 5278//5540 5279//5541
f 5408//5670 5279//5541 5280//5542
f 5409//5671 5280//5542 5281//5543
f 5410//5672 5281//5543 5282//5544
f 5411//5673 5282//5544 5283//5545
f 5284//5546 5411//5673 5283//5545
f 5285//5547 5412//5674 5284//5546
f 5286//5548 5413//5675 5285//5547
f 5287//5549 5414//5676 5286//5548
f 5288//5550 5415//5677 5287//5549
f 5289//5551 5416//5678 5288//5550
f 5290//5552 5417//5679 5289//5551
f 5291//5553 5418//5680 5290//5552
f 5292//5554 5419//5681 5291//5553
f 5293//5555 5420//5682 5292//5554
f 5294//5556 5421//5683 5293//5555
f 5295//5557 5422//5684 5294//5556
f 5296//5558 5423//5685 5295//5557
f 5297//5559 5424//5686 5296//5558
f 5298//5560 5425//5687 5297//5559
f 5299//5561 5426//5688 5298//5560
f 5300//5562 5427//5689 5299//5561
f 5301//5563 5428//5690 5300//5562
f 5302//5564 5429//5691 5301//5563
f 5303//5565 5430//5692 5302//5564
f 5304//5566 5431//5693 5303//5565
f 5305//5567 5432//5694 5304//5566
f 5306//5568 5433//5695 5305//5567
f 5307//5569 5434//5696 5306//5568
f 5308//5570 5435//5697 5307//5569
f 5309//5571 5436//5698 5308//5570
f 5310//5572 5437//5699 5309//5571
f 5311//5573 5438//5700 5310//5572
f 5312//5574 5439//5701 5311//5573
f 5313//5575 5440//5702 5312//5574
f 5314//5576 5441//5703 5313//5575
f 5315//5577 5442//5704 5314//5576
f 5444//5706 5315//5577 5316//5578
f 5445//5707 5316//5578 5317//5579
f 5446//5708 5317//5579 5318//5580
f 5447//5709 5318//5580 5319//5581
f 5448//5710 5319//5581 5320//5582
f 5449//5711 5320//5582 5321//5583
f 5450//5712 5321//5583 5322//5584
f 5451//5713 5322//5584 5323//5585
f 5452//5714 5323//5585 5324//5586
f 5453//5715 5324//5586 5325//5587
f 5454//5716 5325//5587 5326//5588
f 5455//5717 5326//5588 5327//5589
f 5456//5718 5327//5589 5328//5590
f 5457//5719 5328//5590 5329//5591
f 5458//5720 5329//5591 5330//5592
f 5459//5721 5330//5592 5331//5593
f 5460//5722 5331//5593 5332//5594
f 5461//5723 5332//5594 5333//5595
f 5462//5724 5333//5595 5334//5596
f 5463//5725 5334//5596 5335//5597
f 5464//5726 5335//5597 5336//5598
f 5465//5727 5336//5598 5337//5599
f 5466//5728 5337//5599 5338//5600
f 5467//5729 5338//5600 5339//5601
f 5468//5730 5339//5601 5340//5602
f 5469//5731 5340//5602 5341//5603
f 5470//5732 5341//5603 5342//5604
f 5471//5733 5342//5604 5343//5605
f 5472//5734 5343//5605 5344//5606
f 5473//5735 5344//5606 5345//5607
f 5474//5736 5345//5607 5346//5608
f 5347//5609 5346//5608 5219//5481
f 5348//5610 5475//5737 5347//5609
f 5349//5611 5476//5738 5348//5610
f 5350//5612 5477//5739 5349//5611
f 5351//5613 5478//5740 5350//5612
f 5352//5614 5479//5741 5351//5613
f 5353//5615 5480//5742 5352//5614
f 5354//5616 5481//5743 5353//5615
f 5355//5617 5482//5744 5354//5616
f 5356//5618 5483//5745 5355//5617
f 5357//5619 5484//5746 5356//5618
f 5358//5620 5485//5747 5357//5619
f 5359//5621 5486//5748 5358//5620
f 5360//5622 5487//5749 5359//5621
f 5361//5623 5488//5750 5360//5622
f 5362//5624 5489//5751 5361//5623
f 5363//5625 5490//5752 5362//5624
f 5364//5626 5491//5753 5363//5625
f 5365//5627 5492//5754 5364//5626
f 5366//5628 5493//5755 5365//5627
f 5367//5629 5494//5756 5366//5628
f 5368//5630 5495//5757 5367//5629
f 5369//5631 5496//5758 5368//5630
f 5370//5632 5497//5759 5369//5631
f 5371//5633 5498//5760 5370//5632
f 5372//5634 5499//5761 5371//5633
f 5373//5635 5500//5762 5372//5634
f 5374//5636 5501//5763 5373//5635
f 5375//5637 5502//5764 5374//5636
f 5376//5638 5503//5765 5375//5637
f 5377//5639 5504//5766 5376//5638
f 5378//5640 5505//5767 5377//5639
f 5379//5641 5506//5768 5378//5640
f 5508//5770 5379//5641 5380//5642
f 5509//5771 5380//5642 5381//5643
f 5510//5772 5381//5643 5382//5644
f 5511//5773 5382//5644 5383//5645
f 5512//5774 5383//5645 5384//5646
f 5513//5775 5384//5646 5385//5647
f 5514//5776 5385//5647 5386//5648
f 5515//5777 5386//5648 5387//5649
f 5516//5778 5387//5649 5388//5650
f 5517//5779 5388//5650 5389//5651
f 5518//5780 5389//5651 5390//5652
f 5519//5781 5390//5652 5391//5653
f 5520//5782 5391//5653 5392//5654
f 5521//5783 5392//5654 5393//5655
f 5522//5784 5393//5655 5394//5656
f 5523//5785 5394//5656 5395//5657
f 5524//5786 5395//5657 5396//5658
f 5525//5787 5396//5658 5397//5659
f 5526//5788 5397//5659 5398//5660
f 5527//5789 5398//5660 5399//5661
f 5528//5790 5399//5661 5400//5662
f 5529//5791 5400//5662 5401//5663
f 5530//5792 5401//5663 5402//5664
f 5531//5793 5402//5664 5403//5665
f 5532//5794 5403//5665 5404//5666
f 5533//5795 5404//5666 5405//5667
f 5534//5796 5405//5667 5406//5668
f 5535//5797 5406//5668 5407//5669
f 5536//5798 5407//5669 5408//5670
f 5537//5799 5408//5670 5409//5671
f 5538//5800 5409//5671 5410//5672
f 5539//5801 5410//5672 5411//5673
f 5412//5674 5539//5801 5411//5673
f 5413//5675 5540//5802 5412//5674
f 5414//5676 5541//5803 5413//5675
f 5415//5677 5542//5804 5414//5676
f 5416//5678 5543//5805 5415//5677
f 5417//5679 5544//5806 5416//5678
f 5418//5680 5545//5807 5417//5679
f 5419//5681 5546//5808 5418//5680
f 5420//5682 5547//5809 5419//5681
f 5421//5683 5548//5810 5420//5682
f 5422//5684 5549//5811 5421//5683
f 5423//5685 5550//5812 5422//5684
f 5424//5686 5551//5813 5423//5685
f 5425//5687 5552//5814 5424//5686
f 5426//5688 5553//5815 5425//5687
f 5427//5689 5554//5816 5426//5688
f 5428//5690 5555//5817 5427//5689
f 5429//5691 5556//5818 5428//5690
f 5430//5692 5557//5819 5429//5691
f 5431//5693 5558//5820 5430//5692
f 5432//5694 5559//5821 5431//5693
f 5433//5695 5560//5822 5432//5694
f 5434//5696 5561//5823 5433//5695
f 5435//5697 5562//5824 5434//5696
f 5436//5698 5563//5825 5435//5697
f 5437//5699 5564//5826 5436//5698
f 5438//5700 5565//5827 5437//5699
f 5439//5701 5566//5828 5438//5700
f 5440//5702 5567//5829 5439//5701
f 5441//5703 5568//5830 5440//5702
f 5442//5704 5569//5831 5441//5703
f 5443//5705 5570//5832 5442//5704
f 5572//5834 5443//5705 5444//5706
f 5573//5835 5444//5706 5445//5707
f 5574//5836 5445//5707 5446//5708
f 5575//5837 5446//5708 5447//5709
f 5576//5838 5447//5709 5448//5710
f 5577//5839 5448//5710 5449//5711
f 5578//5840 5449//5711 5450//5712
f 5579//5841 5450//5712 5451//5713
f 5580//5842 5451//5713 5452//5714
f 5581//5843 5452//5714 5453//5715
f 5582//5844 5453//5715 5454//5716
f 5583//5845 5454//5716 5455//5717
f 5584//5846 5455//5717 5456//5718
f 5585//5847 5456//5718 5457//5719
f 5586//5848 5457//5719 5458//5720
f 5587//5849 5458//5720 5459//5721
f 5588//5850 5459//5721 5460//5722
f 5589//5851 5460//5722 5461//5723
f 5590//5852 5461//5723 5462//5724
f 5591//5853 5462//5724 5463//5725
f 5592//5854 5463//5725 5464//5726
f 5593//5855 5464//5726 5465//5727
f 5594//5856 5465//5727 5466//5728
f 5595//5857 5466//5728 5467//5729
f 5596//5858 5467//5729 5468//5730
f 5597//5859 5468//5730 5469//5731
f 5598//5860 5469//5731 5470//5732
f 5599//5861 5470//5732 5471//5733
f 5600//5862 5471//5733 5472//5734
f 5601//5863 5472//5734 5473//5735
f 5602//5864 5473//5735 5474//5736
f 5475//5737 5474//5736 5347//5609
f 5476//5738 5603//5865 5475//5737
f 5477//5739 5604//5866 5476//5738
f 5478//5740 5605//5867 5477//5739
f 5479//5741 5606//5868 5478//5740
f 5480//5742 5607//5869 5479//5741
f 5481//5743 5608//5870 5480//5742
f 5482//5744 5609//5871 5481//5743
f 5483//5745 5610//5872 5482//5744
f 5484//5746 5611//5873 5483//5745
f 5485//5747 5612//5874 5484//5746
f 5486//5748 5613//5875 5485//5747
f 5487//5749 5614//5876 5486//5748
f 5488//5750 5615//5877 5487//5749
f 5489//5751 5616//5878 5488//5750
f 5490//5752 5617//5879 5489//5751
f 5491//5753 5618//5880 5490//5752
f 5492//5754 5619//5881 5491//5753
f 5493//5755 5620//5882 5492//5754
f 5494//5756 5621//5883 5493//5755
f 5495//5757 5622//5884 5494//5756
f 5496//5758 5623//5885 5495//5757
f 5497//5759 5624//5886 5496//5758
f 5498//5760 5625//5887 5497//5759
f 5499//5761 5626//5888 5498//5760
f 5500//5762 5627//5889 5499//5761
f 5501//5763 5628//5890 5500//5762
f 5502//5764 5629//5891 5501//5763
f 5503//5765 5630//5892 5502//5764
f 5504//5766 5631//5893 5503//5765
f 5505//5767 5632//5894 5504//5766
f 5506//5768 5633//5895 5505//5767
f 5507//5769 5634//5896 5506//5768
f 5636//5898 5507//5769 5508//5770
f 5637//5899 5508//5770 5509//5771
f 5638//5900 5509//5771 5510//5772
f 5639//5901 5510//5772 5511//5773
f 5640//5902 5511//5773 5512//5774
f 5641//5903 5512//5774 5513//5775
f 5642//5904 5513//5775 5514//5776
f 5643//5905 5514//5776 5515//5777
f 5644//5906 5515//5777 5516//5778
f 5645//5907 5516//5778 5517//5779
f 5646//5908 5517//5779 5518//5780
f 5647//5909 5518//5780 5519//5781
f 5648//5910 5519//5781 5520//5782
f 5649//5911 5520//5782 5521//5783
f 5650//5912 5521//5783 5522//5784
f 5651//5913 5522//5784 5523//5785
f 5652//5914 5523//5785 5524//5786
f 5653//5915 5524//5786 5525//5787
f 5654//5916 5525//5787 5526//5788
f 5655//5917 5526//5788 5527//5789
f 5656//5918 5527//5789 5528//5790
f 5657//5919 5528//5790 5529//5791
f 5658//5920 5529//5791 5530//5792
f 5659//5921 5530//5792 5531//5793
f 5660//5922 5531//5793 5532//5794
f 5661//5923 5532//5794 5533//5795
f 5662//5924 5533//5795 5534//5796
f 5663//5925 5534//5796 5535//5797
f 5664//5926 5535//5797 5536//5798
f 5665//5927 5536//5798 5537//5799
f 5666//5928 5537//5799 5538//5800
f 5667//5929 5538//5800 5539//5801
f 5540//5802 5667//5929 5539//5801
f 5541//5803 5668//5930 5540//5802
f 5542//5804 5669//5931 5541//5803
f 5543//5805 5670//5932 5542//5804
f 5544//5806 5671//5933 5543//5805
f 5545//5807 5672//5934 5544//5806
f 5546//5808 5673//5935 5545//5807
f 5547//5809 5674//5936 5546//5808
f 5548//5810 5675//5937 5547//5809
f 5549//5811 5676//5938 5548//5810
f 5550//5812 5677//5939 5549//5811
f 5551//5813 5678//5940 5550//5812
f 5552//5814 5679//5941 5551//5813
f 5553//5815 5680//5942 5552//5814
f 5554//5816 5681//5943 5553//5815
f 5555//5817 5682//5944 5554//5816
f 5556//5818 5683//5945 5555//5817
f 5557//5819 5684//5946 5556//5818
f 5558//5820 5685//5947 5557//5819
f 5559//5821 5686//5948 5558//5820
f 5560//5822 5687//5949 5559//5821
f 5561//5823 5688//5950 5560//5822
f 5562//5824 5689//5951 5561//5823
f 5563//5825 5690//5952 5562//5824
f 5564//5826 5691//5953 5563//5825
f 5565//5827 5692//5954 5564//5826
f 5566//5828 5693//5955 5565//5827
f 5567//5829 5694//5956 5566//5828
f 5568//5830 5695//5957 5567//5829
f 5569//5831 5696//5958 5568//5830
f 5570//5832 5697//5959 5569//5831
f 5571//5833 5698//5960 5570//5832
f 5700//5962 5571//5833 5572//5834
f 5701//5963 5572//5834 5573//5835
f 5702//5964 5573//5835 5574//5836
f 5703//5965 5574//5836 5575//5837
f 5704//5966 5575//5837 5576//5838
f 5705//5967 5576//5838 5577//5839
f 5706//5968 5577//5839 5578//5840
f 5707//5969 5578//5840 5579//5841
f 5708//5970 5579//5841 5580//5842
f 5709//5971 5580//5842 5581//5843
f 5710//5972 5581//5843 5582//5844
f 5711//5973 5582//5844 5583//5845
f 5712//5974 5583//5845 5584//5846
f 5713//5975 5584//5846 5585//5847
f 5714//5976 5585//5847 5586//5848
f 5715//5977 5586//5848 5587//5849
f 5716//5978 5587//5849 5588//5850
f 5717//5979 5588//5850 5589//5851
f 5718//5980 5589//5851 5590//5852
f 5719//5981 5590//5852 5591//5853
f 5720//5982 5591//5853 5592//5854
f 5721//5983 5592//5854 5593//5855
f 5722//5984 5593//5855 5594//5856
f 5723//5985 5594//5856 5595//5857
f 5724//5986 5595//5857 5596//5858
f 5725//5987 5596//5858 5597//5859
f 5726//5988 5597//5859 5598//5860
f 5727//5989 5598//5860 5599//5861
f 5728//5990 5599//5861 5600//5862
f 5729//5991 5600//5862 5601//5863
f 5730//5992 5601//5863 5602//5864
f 5603//5865 5602//5864 5475//5737
f 5604//5866 5731//5993 5603//5865
f 5605//5867 5732//5994 5604//5866
f 5606//5868 5733//5995 5605//5867
f 5607//5869 5734//5996 5606//5868
f 5608//5870 5735//5997 5607//5869
f 5609//5871 5736//5998 5608//5870
f 5610//5872 5737//5999 5609//5871
f 5611//5873 5738//6000 5610//5872
f 5612//5874 5739//6001 5611//5873
f 5613//5875 5740//6002 5612//5874
f 5614//5876 5741//6003 5613//5875
f 5615//5877 5742//6004 5614//5876
f 5616//5878 5743//6005 5615//5877
f 5617//5879 5744//6006 5616//5878
f 5618//5880 5745//6007 5617//5879
f 5619//5881 5746//6008 5618//5880
f 5620//5882 5747//6009 5619//5881
f 5621//5883 5748//6010 5620//5882
f 5622//5884 5749//6011 5621//5883
f 5623//5885 5750//6012 5622//5884
f 5624//5886 5751//6013 5623//5885
f 5625//5887 5752//6014 5624//5886
f 5626//5888 5753//6015 5625//5887
f 5627//5889 5754//6016 5626//5888
f 5628//5890 5755//6017 5627//5889
f 5629//5891 5756//6018 5628//5890
f 5630//5892 5757//6019 5629//5891
f 5631//5893 5758//6020 5630//5892
f 5632//5894 5759//6021 5631//5893
f 5633//5895 5760//6022 5632//5894
f 5634//5896 5761//6023 5633//5895
f 5635//5897 5762//6024 5634//5896
f 5764//6026 5635//5897 5636//5898
f 5765//6027 5636//5898 5637//5899
f 5766//6028 5637//5899 5638//5900
f 5767//6029 5638//5900 5639//5901
f 5768//6030 5639//5901 5640//5902
f 5769//6031 5640//5902 5641//5903
f 5770//6032 5641//5903 5642//5904
f 5771//6033 5642//5904 5643//5905
f 5772//6034 5643//5905 5644//5906
f 5773//6035 5644//5906 5645//5907
f 5774//6036 5645//5907 5646//5908
f 5775//6037 5646//5908 5647//5909
f 5776//6038 5647//5909 5648//5910
f 5777//6039 5648//5910 5649//5911
f 5778//6040 5649//5911 5650//5912
f 5779//6041 5650//5912 5651//5913
f 5780//6042 5651//5913 5652//5914
f 5781//6043 5652//5914 5653//5915
f 5782//6044 5653//5915 5654//5916
f 5783//6045 5654//5916 5655//5917
f 5784//6046 5655//5917 5656//5918
f 5785//6047 5656//5918 5657//5919
f 5786//6048 5657//5919 5658//5920
f 5787//6049 5658//5920 5659//5921
f 5788//6050 5659//5921 5660//5922
f 5789//6051 5660//5922 5661//5923
f 5790//6052 5661//5923 5662//5924
f 5791//6053 5662//5924 5663//5925
f 5792//6054 5663//5925 5664//5926
f 5793//6055 5664//5926 5665//5927
f 5794//6056 5665//5927 5666//5928
f 5795//6057 5666//5928 5667//5929
f 5668//5930 5795//6057 5667//5929
f 5669//5931 5796//6058 5668//5930
f 5670//5932 5797//6059 5669//5931
f 5671//5933 5798//6060 5670//5932
f 5672//5934 5799//6061 5671//5933
f 5673//5935 5800//6062 5672//5934
f 5674//5936 5801//6063 5673//5935
f 5675//5937 5802//6064 5674//5936
f 5676//5938 5803//6065 5675//5937
f 5677//5939 5804//6066 5676//5938
f 5678//5940 5805//6067 5677//5939
f 5679//5941 5806//6068 5678//5940
f 5680//5942 5807//6069 5679//5941
f 5681//5943 5808//6070 5680//5942
f 5682//5944 5809//6071 5681//5943
f 5683//5945 5810//6072 5682//5944
f 5684//5946 5811//6073 5683//5945
f 5685//5947 5812//6074 5684//5946
f 5686//5948 5813//6075 5685//5947
f 5687//5949 5814//6076 5686//5948
f 5688//5950 5815//6077 5687//5949
f 5689//5951 5816//6078 5688//5950
f 5690//5952 5817//6079 5689//5951
f 5691//5953 5818//6080 5690//5952
f 5692//5954 5819//6081 5691//5953
f 5693//5955 5820//6082 5692//5954
f 5694//5956 5821//6083 5693//5955
f 5695//5957 5822//6084 5694//5956
f 5696//5958 5823//6085 5695//5957
f 5697//5959 5824//6086 5696//5958
f 5698//5960 5825//6087 5697//5959
f 5699//5961 5826//6088 5698//5960
f 5828//6090 5699//5961 5700//5962
f 5829//6091 5700//5962 5701//5963
f 5830//6092 5701//5963 5702//5964
f 5831//6093 5702//5964 5703//5965
f 5832//6094 5703//5965 5704//5966
f 5833//6095 5704//5966 5705//5967
f 5834//6096 5705//5967 5706//5968
f 5835//6097 5706//5968 5707//5969
f 5836//6098 5707//5969 5708//5970
f 5837//6099 5708//5970 5709//5971
f 5838//6100 5709//5971 5710//5972
f 5839//6101 5710//5972 5711//5973
f 5840//6102 5711//5973 5712//5974
f 5841//6103 5712//5974 5713//5975
f 5842//6104 5713//5975 5714//5976
f 5843//6105 5714//5976 5715//5977
f 5844//6106 5715//5977 5716//5978
f 5845//6107 5716//5978 5717//5979
f 5846//6108 5717//5979 5718//5980
f 5847//6109 5718//5980 5719//5981
f 5848//6110 5719//5981 5720//5982
f 5849//6111 5720//5982 5721//5983
f 5850//6112 5721//5983 5722//5984
f 5851//6113 5722//5984 5723//5985
f 5852//6114 5723//5985 5724//5986
f 5853//6115 5724//5986 5725//5987
f 5854//6116 5725//5987 5726//5988
f 5855//6117 5726//5988 5727//5989
f 5856//6118 5727//5989 5728//5990
f 5857//6119 5728//5990 5729//5991
f 5858//6120 5729//5991 5730//5992
f 5731//5993 5730//5992 5603//5865
f 5732//5994 5859//6121 5731//5993
f 5733//5995 5860//6122 5732//5994
f 5734//5996 5861//6123 5733//5995
f 5735//5997 5862//6124 5734//5996
f 5736//5998 5863//6125 5735//5997
f 5737//5999 5864//6126 5736//5998
f 5738//6000 5865//6127 5737//5999
f 5739//6001 5866//6128 5738//6000
f 5740//6002 5867//6129 5739//6001
f 5741//6003 5868//6130 5740//6002
f 5742//6004 5869//6131 5741//6003
f 5743//6005 5870//6132 5742//6004
f 5744//6006 5871//6133 5743//6005
f 5745//6007 5872//6134 5744//6006
f 5746//6008 5873//6135 5745//6007
f 5747//6009 5874//6136 5746//6008
f 5748//6010 5875//6137 5747//6009
f 5749//6011 5876//6138 5748//6010
f 5750//6012 5877//6139 5749//6011
f 5751//6013 5878//6140 5750//6012
f 5752//6014 5879//6141 5751//6013
f 5753//6015 5880//6142 5752//6014
f 5754//6016 5881//6143 5753//6015
f 5755//6017 5882//6144 5754//6016
f 5756//6018 5883//6145 5755//6017
f 5757//6019 5884//6146 5756//6018
f 5758//6020 5885//6147 5757//6019
f 5759//6021 5886//6148 5758//6020
f 5760//6022 5887//6149 5759//6021
f 5761//6023 5888//6150 5760//6022
f 5762//6024 5889//6151 5761//6023
f 5763//6025 5890//6152 5762//6024
f 5892//6154 5763//6025 5764//6026
f 5893//6155 5764//6026 5765//6027
f 5894//6156 5765//6027 5766//6028
f 5895//6157 5766//6028 5767//6029
f 5896//6158 5767//6029 5768//6030
f 5897//6159 5768//6030 5769//6031
f 5898//6160 5769//6031 5770//6032
f 5899//6161 5770//6032 5771//6033
f 5900//6162 5771//6033 5772//6034
f 5901//6163 5772//6034 5773//6035
f 5902//6164 5773//6035 5774//6036
f 5903//6165 5774//6036 5775//6037
f 5904//6166 5775//6037 5776//6038
f 5905//6167 5776//6038 5777//6039
f 5906//6168 5777//6039 5778//6040
f 5907//6169 5778//6040 5779//6041
f 5908//6170 5779//6041 5780//6042
f 5909//6171 5780//6042 5781//6043
f 5910//6172 5781//6043 5782//6044
f 5911//6173 5782//6044 5783//6045
f 5912//6174 5783//6045 5784//6046
f 5913//6175 5784//6046 5785//6047
f 5914//6176 5785//6047 5786//6048
f 5915//6177 5786//6048 5787//6049
f 5916//6178 5787//6049 5788//6050
f 5917//6179 5788//6050 5789//6051
f 5918//6180 5789//6051 5790//6052
f 5919//6181 5790//6052 5791//6053
f 5920//6182 5791//6053 5792//6054
f 5921//6183 5792//6054 5793//6055
f 5922//6184 5793//6055 5794//6056
f 5923//6185 5794//6056 5795//6057
f 5796//6058 5923//6185 5795//6057
f 5797//6059 5924//6186 5796//6058
f 5798//6060 5925//6187 5797//6059
f 5799//6061 5926//6188 5798//6060
f 5800//6062 5927//6189 5799//6061
f 5801//6063 5928//6190 5800//6062
f 5802//6064 5929//6191 5801//6063
f 5803//6065 5930//6192 5802//6064
f 5804//6066 5931//6193 5803//6065
f 5805//6067 5932//6194 5804//6066
f 5806//6068 5933//6195 5805//6067
f 5807//6069 5934//6196 5806//6068
f 5808//6070 5935//6197 5807//6069
f 5809//6071 5936//6198 5808//6070
f 5810//6072 5937//6199 5809//6071
f 5811//6073 5938//6200 5810//6072
f 5812//6074 5939//6201 5811//6073
f 5813//6075 5940//6202 5812//6074
f 5814//6076 5941//6203 5813//6075
f 5815//6077 5942//6204 5814//6076
f 5816//6078 5943//6205 5815//6077
f 5817//6079 5944//6206 5816//6078
f 5818//6080 5945//6207 5817//6079
f 5819//6081 5946//6208 5818//6080
f 5820//6082 5947//6209 5819//6081
f 5821//6083 5948//6210 5820//6082
f 5822//6084 5949//6211 5821//6083
f 5823//6085 5950//6212 5822//6084
f 5824//6086 5951//6213 5823//6085
f 5825//6087 5952//6214 5824//6086
f 5826//6088 5953//6215 5825//6087
f 5827//6089 5954//6216 5826//6088
f 5956//6218 5827//6089 5828//6090
f 5957//6219 5828//6090 5829//6091
f 5958//6220 5829//6091 5830//6092
f 5959//6221 5830//6092 5831//6093
f 5960//6222 5831//6093 5832//6094
f 5961//6223 5832//6094 5833//6095
f 5962//6224 5833//6095 5834//6096
f 5963//6225 5834//6096 5835//6097
f 5964//6226 5835//6097 5836//6098
f 5965//6227 5836//6098 5837//6099
f 5966//6228 5837//6099 5838//6100
f 5967//6229 5838//6100 5839//6101
f 5968//6230 5839//6101 5840//6102
f 5969//6231 5840//6102 5841//6103
f 5970//6232 5841//6103 5842//6104
f 5971//6233 5842//6104 5843//6105
f 5972//6234 5843//6105 5844//6106
f 5973//6235 5844//6106 5845//6107
f 5974//6236 5845//6107 5846//6108
f 5975//6237 5846//6108 5847//6109
f 5976//6238 5847//6109 5848//6110
f 5977//6239 5848//6110 5849//6111
f 5978//6240 5849//6111 5850//6112
f 5979//6241 5850//6112 5851//6113
f 5980//6242 5851//6113 5852//6114
f 5981//6243 5852//6114 5853//6115
f 5982//6244 5853//6115 5854//6116
f 5983//6245 5854//6116 5855//6117
f 5984//6246 5855//6117 5856//6118
f 5985//6247 5856//6118 5857//6119
f 5986//6248 5857//6119 5858//6120
f 5859//6121 5858//6120 5731//5993
f 5860//6122 5987//6249 5859//6121
f 5861//6123 5988//6250 5860//6122
f 5862//6124 5989//6251 5861//6123
f 5863//6125 5990//6252 5862//6124
f 5864//6126 5991//6253 5863//6125
f 5865//6127 5992//6254 5864//6126
f 5866//6128 5993//6255 5865//6127
f 5867//6129 5994//6256 5866//6128
f 5868//6130 5995//6257 5867//6129
f 5869//6131 5996//6258 5868//6130
f 5870//6132 5997//6259 5869//6131
f 5871//6133 5998//6260 5870//6132
f 5872//6134 5999//6261 5871//6133
f 5873//6135 6000//6262 5872//6134
f 5874//6136 6001//6263 5873//6135
f 5875//6137 6002//6264 5874//6136
f 5876//6138 6003//6265 5875//6137
f 5877//6139 6004//6266 5876//6138
f 5878//6140 6005//6267 5877//6139
f 5879//6141 6006//6268 5878//6140
f 5880//6142 6007//6269 5879//6141
f 5881//6143 6008//6270 5880//6142
f 5882//6144 6009//6271 5881//6143
f 5883//6145 6010//6272 5882//6144
f 5884//6146 6011//6273 5883//6145
f 5885//6147 6012//6274 5884//6146
f 5886//6148 6013//6275 5885//6147
f 5887//6149 6014//6276 5886//6148
f 5888//6150 6015//6277 5887//6149
f 5889//6151 6016//6278 5888//6150
f 5890//6152 6017//6279 5889//6151
f 5891//6153 6018//6280 5890//6152
f 6020//6282 5891//6153 5892//6154
f 6021//6283 5892//6154 5893//6155
f 6022//6284 5893//6155 5894//6156
f 6023//6285 5894//6156 5895//6157
f 6024//6286 5895//6157 5896//6158
f 6025//6287 5896//6158 5897//6159
f 6026//6288 5897//6159 5898//6160
f 6027//6289 5898//6160 5899//6161
f 6028//6290 5899//6161 5900//6162
f 6029//6291 5900//6162 5901//6163
f 6030//6292 5901//6163 5902//6164
f 6031//6293 5902//6164 5903//6165
f 6032//6294 5903//6165 5904//6166
f 6033//6295 5904//6166 5905//6167
f 6034//6296 5905//6167 5906//6168
f 6035//6297 5906//6168 5907//6169
f 6036//6298 5907//6169 5908//6170
f 6037//6299 5908//6170 5909//6171
f 6038//6300 5909//6171 5910//6172
f 6039//6301 5910//6172 5911//6173
f 6040//6302 5911//6173 5912//6174
f 6041//6303 5912//6174 5913//6175
f 6042//6304 5913//6175 5914//6176
f 6043//6305 5914//6176 5915//6177
f 6044//6306 5915//6177 5916//6178
f 6045//6307 5916//6178 5917//6179
f 6046//6308 5917//6179 5918//6180
f 6047//6309 5918//6180 5919//6181
f 6048//6310 5919//6181 5920//6182
f 6049//6311 5920//6182 5921//6183
f 6050//6312 5921//6183 5922//6184
f 6051//6313 5922//6184 5923//6185
f 5924//6186 6051//6313 5923//6185
f 5925//6187 6052//6314 5924//6186
f 5926//6188 6053//6315 5925//6187
f 5927//6189 6054//6316 5926//6188
f 5928//6190 6055//6317 5927//6189
f 5929//6191 6056//6318 5928//6190
f 5930//6192 6057//6319 5929//6191
f 5931//6193 6058//6320 5930//6192
f 5932//6194 6059//6321 5931//6193
f 5933//6195 6060//6322 5932//6194
f 5934//6196 6061//6323 5933//6195
f 5935//6197 6062//6324 5934//6196
f 5936//6198 6063//6325 5935//6197
f 5937//6199 6064//6326 5936//6198
f 5938//6200 6065//6327 5937//6199
f 5939//6201 6066//6328 5938//6200
f 5940//6202 6067//6329 5939//6201
f 5941//6203 6068//6330 5940//6202
f 5942//6204 6069//6331 5941//6203
f 5943//6205 6070//6332 5942//6204
f 5944//6206 6071//6333 5943//6205
f 5945//6207 6072//6334 5944//6206
f 5946//6208 6073//6335 5945//6207
f 5947//6209 6074//6336 5946//6208
f 5948//6210 6075//6337 5947//6209
f 5949//6211 6076//6338 5948//6210
f 5950//6212 6077//6339 5949//6211
f 5951//6213 6078//6340 5950//6212
f 5952//6214 6079//6341 5951//6213
f 5953//6215 6080//6342 5952//6214
f 5954//6216 6081//6343 5953//6215
f 5955//6217 6082//6344 5954//6216
f 6084//6346 5955//6217 5956//6218
f 6085//6347 5956//6218 5957//6219
f 6086//6348 5957//6219 5958//6220
f 6087//6349 5958//6220 5959//6221
f 6088//6350 5959//6221 5960//6222
f 6089//6351 5960//6222 5961//6223
f 6090//6352 5961//6223 5962//6224
f 6091//6353 5962//6224 5963//6225
f 6092//6354 5963//6225 5964//6226
f 6093//6355 5964//6226 5965//6227
f 6094//6356 5965//6227 5966//6228
f 6095//6357 5966//6228 5967//6229
f 6096//6358 5967//6229 5968//6230
f 6097//6359 5968//6230 5969//6231
f 6098//6360 5969//6231 5970//6232
f 6099//6361 5970//6232 5971//6233
f 6100//6362 5971//6233 5972//6234
f 6101//6363 5972//6234 5973//6235
f 6102//6364 5973//6235 5974//6236
f 6103//6365 5974//6236 5975//6237
f 6104//6366 5975//6237 5976//6238
f 6105//6367 5976//6238 5977//6239
f 6106//6368 5977//6239 5978//6240
f 6107//6369 5978//6240 5979//6241
f 6108//6370 5979//6241 5980//6242
f 6109//6371 5980//6242 5981//6243
f 6110//6372 5981//6243 5982//6244
f 6111//6373 5982//6244 5983//6245
f 6112//6374 5983//6245 5984//6246
f 6113//6375 5984//6246 5985//6247
f 6114//6376 5985//6247 5986//6248
f 5987//6249 5986//6248 5859//6121
f 5987//6249 3939//4201 3938//4200
f 5988//6250 3940//4202 3939//4201
f 5989//6251 3941//4203 3940//4202
f 5990//6252 3942//4204 3941//4203
f 5991//6253 3943//4205 3942//4204
f 5992//6254 3944//4206 3943//4205
f 5993//6255 3945//4207 3944//4206
f 5994//6256 3946//4208 3945//4207
f 5995//6257 3947//4209 3946//4208
f 5996//6258 3948//4210 3947//4209
f 5997//6259 3949//4211 3948//4210
f 5998//6260 3950//4212 3949//4211
f 5999//6261 3951//4213 3950//4212
f 6000//6262 3952//4214 3951//4213
f 6001//6263 3953//4215 3952//4214
f 6002//6264 3954//4216 3953//4215
f 6003//6265 3955//4217 3954//4216
f 6004//6266 3956//4218 3955//4217
f 6005//6267 3957//4219 3956//4218
f 6006//6268 3958//4220 3957//4219
f 6007//6269 3959//4221 3958//4220
f 6008//6270 3960//4222 3959//4221
f 6009//6271 3961//4223 3960//4222
f 6010//6272 3962//4224 3961//4223
f 6011//6273 3963//4225 3962//4224
f 6012//6274 3964//4226 3963//4225
f 6013//6275 3965//4227 3964//4226
f 6014//6276 3966//4228 3965//4227
f 6015//6277 3967//4229 3966//4228
f 6016//6278 3968//4230 3967//4229
f 6017//6279 3969//4231 3968//4230
f 6018//6280 3970//4232 3969//4231
f 6019//6281 3971//4233 3970//4232
f 6020//6282 3972//4234 3971//4233
f 6021//6283 3973//4235 3972//4234
f 6022//6284 3974//4236 3973//4235
f 6023//6285 3975//4237 3974//4236
f 6024//6286 3976//4238 3975//4237
f 6025//6287 3977//4239 3976//4238
f 6026//6288 3978//4240 3977//4239
f 6027//6289 3979//4241 3978//4240
f 6028//6290 3980//4242 3979//4241
f 6029//6291 3981//4243 3980//4242
f 6030//6292 3982//4244 3981//4243
f 6031//6293 3983//4245 3982//4244
f 6032//6294 3984//4246 3983//4245
f 6033//6295 3985//4247 3984//4246
f 6034//6296 3986//4248 3985//4247
f 6035//6297 3987//4249 3986//4248
f 6036//6298 3988//4250 3987//4249
f 6037//6299 3989//4251 3988//4250
f 6038//6300 3990//4252 3989//4251
f 6039//6301 3991//4253 3990//4252
f 6040//6302 3992//4254 3991//4253
f 6041//6303 3993//4255 3992//4254
f 6042//6304 3994//4256 3993//4255
f 6043//6305 3995//4257 3994//4256
f 6044//6306 3996//4258 3995//4257
f 6045//6307 3997//4259 3996//4258
f 6046//6308 3998//4260 3997//4259
f 6047//6309 3999//4261 3998//4260
f 6048//6310 4000//4262 3999//4261
f 6049//6311 4001//4263 4000//4262
f 6050//6312 4002//4264 4001//4263
f 6051//6313 4003//4265 4002//4264
f 6052//6314 4004//4266 4003//4265
f 6053//6315 4005//4267 4004//4266
f 6054//6316 4006//4268 4005//4267
f 6055//6317 4007//4269 4006//4268
f 6056//6318 4008//4270 4007//4269
f 6057//6319 4009//4271 4008//4270
f 6058//6320 4010//4272 4009//4271
f 6059//6321 4011//4273 4010//4272
f 6060//6322 4012//4274 4011//4273
f 6061//6323 4013//4275 4012//4274
f 6062//6324 4014//4276 4013//4275
f 6063//6325 4015//4277 4014//4276
f 6064//6326 4016//4278 4015//4277
f 6065//6327 4017//4279 4016//4278
f 6066//6328 4018//4280 4017//4279
f 6067//6329 4019//4281 4018//4280
f 6068//6330 4020//4282 4019//4281
f 6069//6331 4021//4283 4020//4282
f 6070//6332 4022//4284 4021//4283
f 6071//6333 4023//4285 4022//4284
f 6072//6334 4024//4286 4023//4285
f 6073//6335 4025//4287 4024//4286
f 6074//6336 4026//4288 4025//4287
f 6075//6337 4027//4289 4026//4288
f 6076//6338 4028//4290 4027//4289
f 6077//6339 4029//4291 4028//4290
f 6078//6340 4030//4292 4029//4291
f 6079//6341 4031//4293 4030//4292
f 6080//6342 4032//4294 4031//4293
f 6081//6343 4033//4295 4032//4294
f 6082//6344 4034//4296 4033//4295
f 6083//6345 4035//4297 4034//4296
f 6084//6346 4036//4298 4035//4297
f 6085//6347 4037//4299 4036//4298
f 6086//6348 4038//4300 4037//4299
f 6087//6349 4039//4301 4038//4300
f 6088//6350 4040//4302 4039//4301
f 6089//6351 4041//4303 4040//4302
f 6090//6352 4042//4304 4041//4303
f 6091//6353 4043//4305 4042//4304
f 6092//6354 4044//4306 4043//4305
f 6093//6355 4045//4307 4044//4306
f 6094//6356 4046//4308 4045//4307
f 6095//6357 4047//4309 4046//4308
f 6096//6358 4048//4310 4047//4309
f 6097//6359 4049//4311 4048//4310
f 6098//6360 4050//4312 4049//4311
f 6099//6361 4051//4313 4050//4312
f 6100//6362 4052//4314 4051//4313
f 6101//6363 4053//4315 4052//4314
f 6102//6364 4054//4316 4053//4315
f 6103//6365 4055//4317 4054//4316
f 6104//6366 4056//4318 4055//4317
f 6105//6367 4057//4319 4056//4318
f 6106//6368 4058//4320 4057//4319
f 6107//6369 4059//4321 4058//4320
f 6108//6370 4060//4322 4059//4321
f 6109//6371 4061//4323 4060//4322
f 6110//6372 4062//4324 4061//4323
f 6111//6373 4063//4325 4062//4324
f 6112//6374 4064//4326 4063//4325
f 6113//6375 4065//4327 4064//4326
f 6114//6376 3938//4200 4065//4327
f 2146//2408 2147//2409 2019//2281
f 2147//2409 2148//2410 2020//2282
f 2148//2410 2149//2411 2021//2283
f 2149//2411 2150//2412 2022//2284
f 2150//2412 2151//2413 2023//2285
f 2151//2413 2152//2414 2024//2286
f 2152//2414 2153//2415 2025//2287
f 2153//2415 2154//2416 2026//2288
f 2154//2416 2155//2417 2027//2289
f 2155//2417 2156//2418 2028//2290
f 2156//2418 2157//2419 2029//2291
f 2157//2419 2158//2420 2030//2292
f 2158//2420 2159//2421 2031//2293
f 2159//2421 2160//2422 2032//2294
f 2160//2422 2161//2423 2033//2295
f 2161//2423 2162//2424 2034//2296
f 2162//2424 2163//2425 2035//2297
f 2163//2425 2164//2426 2036//2298
f 2164//2426 2165//2427 2037//2299
f 2165//2427 2166//2428 2038//2300
f 2166//2428 2167//2429 2039//2301
f 2167//2429 2168//2430 2040//2302
f 2168//2430 2169//2431 2041//2303
f 2169//2431 2170//2432 2042//2304
f 2170//2432 2171//2433 2043//2305
f 2171//2433 2172//2434 2044//2306
f 2172//2434 2173//2435 2045//2307
f 2173//2435 2174//2436 2046//2308
f 2174//2436 2175//2437 2047//2309
f 2175//2437 2176//2438 2048//2310
f 2176//2438 2177//2439 2049//2311
f 2177//2439 2178//2440 2050//2312
f 2050//2312 2178//2440 2179//2441
f 2051//2313 2179//2441 2180//2442
f 2052//2314 2180//2442 2181//2443
f 2053//2315 2181//2443 2182//2444
f 2054//2316 2182//2444 2183//2445
f 2055//2317 2183//2445 2184//2446
f 2056//2318 2184//2446 2185//2447
f 2057//2319 2185//2447 2186//2448
f 2058//2320 2186//2448 2187//2449
f 2059//2321 2187//2449 2188//2450
f 2060//2322 2188//2450 2189//2451
f 2061//2323 2189//2451 2190//2452
f 2062//2324 2190//2452 2191//2453
f 2063//2325 2191//2453 2192//2454
f 2064//2326 2192//2454 2193//2455
f 2065//2327 2193//2455 2194//2456
f 2066//2328 2194//2456 2195//2457
f 2067//2329 2195//2457 2196//2458
f 2068//2330 2196//2458 2197//2459
f 2069//2331 2197//2459 2198//2460
f 2070//2332 2198//2460 2199//2461
f 2071//2333 2199//2461 2200//2462
f 2072//2334 2200//2462 2201//2463
f 2073//2335 2201//2463 2202//2464
f 2074//2336 2202//2464 2203//2465
f 2075//2337 2203//2465 2204//2466
f 2076//2338 2204//2466 2205//2467
f 2077//2339 2205//2467 2206//2468
f 2078//2340 2206//2468 2207//2469
f 2079//2341 2207//2469 2208//2470
f 2080//2342 2208//2470 2209//2471
f 2081//2343 2209//2471 2210//2472
f 2210//2472 2211//2473 2083//2345
f 2211//2473 2212//2474 2084//2346
f 2212//2474 2213//2475 2085//2347
f 2213//2475 2214//2476 2086//2348
f 2214//2476 2215//2477 2087//2349
f 2215//2477 2216//2478 2088//2350
f 2216//2478 2217//2479 2089//2351
f 2217//2479 2218//2480 2090//2352
f 2218//2480 2219//2481 2091//2353
f 2219//2481 2220//2482 2092//2354
f 2220//2482 2221//2483 2093//2355
f 2221//2483 2222//2484 2094//2356
f 2222//2484 2223//2485 2095//2357
f 2223//2485 2224//2486 2096//2358
f 2224//2486 2225//2487 2097//2359
f 2225//2487 2226//2488 2098//2360
f 2226//2488 2227//2489 2099//2361
f 2227//2489 2228//2490 2100//2362
f 2228//2490 2229//2491 2101//2363
f 2229//2491 2230//2492 2102//2364
f 2230//2492 2231//2493 2103//2365
f 2231//2493 2232//2494 2104//2366
f 2232//2494 2233//2495 2105//2367
f 2233//2495 2234//2496 2106//2368
f 2234//2496 2235//2497 2107//2369
f 2235//2497 2236//2498 2108//2370
f 2236//2498 2237//2499 2109//2371
f 2237//2499 2238//2500 2110//2372
f 2238//2500 2239//2501 2111//2373
f 2239//2501 2240//2502 2112//2374
f 2240//2502 2241//2503 2113//2375
f 2241//2503 2242//2504 2114//2376
f 2114//2376 2242//2504 2243//2505
f 2115//2377 2243//2505 2244//2506
f 2116//2378 2244//2506 2245//2507
f 2117//2379 2245//2507 2246//2508
f 2118//2380 2246//2508 2247//2509
f 2119//2381 2247//2509 2248//2510
f 2120//2382 2248//2510 2249//2511
f 2121//2383 2249//2511 2250//2512
f 2122//2384 2250//2512 2251//2513
f 2123//2385 2251//2513 2252//2514
f 2124//2386 2252//2514 2253//2515
f 2125//2387 2253//2515 2254//2516
f 2126//2388 2254//2516 2255//2517
f 2127//2389 2255//2517 2256//2518
f 2128//2390 2256//2518 2257//2519
f 2129//2391 2257//2519 2258//2520
f 2130//2392 2258//2520 2259//2521
f 2131//2393 2259//2521 2260//2522
f 2132//2394 2260//2522 2261//2523
f 2133//2395 2261//2523 2262//2524
f 2134//2396 2262//2524 2263//2525
f 2135//2397 2263//2525 2264//2526
f 2136//2398 2264//2526 2265//2527
f 2137//2399 2265//2527 2266//2528
f 2138//2400 2266//2528 2267//2529
f 2139//2401 2267//2529 2268//2530
f 2140//2402 2268//2530 2269//2531
f 2141//2403 2269//2531 2270//2532
f 2142//2404 2270//2532 2271//2533
f 2143//2405 2271//2533 2272//2534
f 2144//2406 2272//2534 2273//2535
f 2145//2407 2273//2535 2146//2408
f 2274//2536 2275//2537 2147//2409
f 2275//2537 2276//2538 2148//2410
f 2276//2538 2277//2539 2149//2411
f 2277//2539 2278//2540 2150//2412
f 2278//2540 2279//2541 2151//2413
f 2279//2541 2280//2542 2152//2414
f 2280//2542 2281//2543 2153//2415
f 2281//2543 2282//2544 2154//2416
f 2282//2544 2283//2545 2155//2417
f 2283//2545 2284//2546 2156//2418
f 2284//2546 2285//2547 2157//2419
f 2285//2547 2286//2548 2158//2420
f 2286//2548 2287//2549 2159//2421
f 2287//2549 2288//2550 2160//2422
f 2288//2550 2289//2551 2161//2423
f 2289//2551 2290//2552 2162//2424
f 2290//2552 2291//2553 2163//2425
f 2291//2553 2292//2554 2164//2426
f 2292//2554 2293//2555 2165//2427
f 2293//2555 2294//2556 2166//2428
f 2294//2556 2295//2557 2167//2429
f 2295//2557 2296//2558 2168//2430
f 2296//2558 2297//2559 2169//2431
f 2297//2559 2298//2560 2170//2432
f 2298//2560 2299//2561 2171//2433
f 2299//2561 2300//2562 2172//2434
f 2300//2562 2301//2563 2173//2435
f 2301//2563 2302//2564 2174//2436
f 2302//2564 2303//2565 2175//2437
f 2303//2565 2304//2566 2176//2438
f 2304//2566 2305//2567 2177//2439
f 2305//2567 2306//2568 2178//2440
f 2178//2440 2306//2568 2307//2569
f 2179//2441 2307//2569 2308//2570
f 2180//2442 2308//2570 2309//2571
f 2181//2443 2309//2571 2310//2572
f 2182//2444 2310//2572 2311//2573
f 2183//2445 2311//2573 2312//2574
f 2184//2446 2312//2574 2313//2575
f 2185//2447 2313//2575 2314//2576
f 2186//2448 2314//2576 2315//2577
f 2187//2449 2315//2577 2316//2578
f 2188//2450 2316//2578 2317//2579
f 2189//2451 2317//2579 2318//2580
f 2190//2452 2318//2580 2319//2581
f 2191//2453 2319//2581 2320//2582
f 2192//2454 2320//2582 2321//2583
f 2193//2455 2321//2583 2322//2584
f 2194//2456 2322//2584 2323//2585
f 2195//2457 2323//2585 2324//2586
f 2196//2458 2324//2586 2325//2587
f 2197//2459 2325//2587 2326//2588
f 2198//2460 2326//2588 2327//2589
f 2199//2461 2327//2589 2328//2590
f 2200//2462 2328//2590 2329//2591
f 2201//2463 2329//2591 2330//2592
f 2202//2464 2330//2592 2331//2593
f 2203//2465 2331//2593 2332//2594
f 2204//2466 2332//2594 2333//2595
f 2205//2467 2333//2595 2334//2596
f 2206//2468 2334//2596 2335//2597
f 2207//2469 2335//2597 2336//2598
f 2208//2470 2336//2598 2337//2599
f 2209//2471 2337//2599 2338//2600
f 2338//2600 2339//2601 2211//2473
f 2339//2601 2340//2602 2212//2474
f 2340//2602 2341//2603 2213//2475
f 2341//2603 2342//2604 2214//2476
f 2342//2604 2343//2605 2215//2477
f 2343//2605 2344//2606 2216//2478
f 2344//2606 2345//2607 2217//2479
f 2345//2607 2346//2608 2218//2480
f 2346//2608 2347//2609 2219//2481
f 2347//2609 2348//2610 2220//2482
f 2348//2610 2349//2611 2221//2483
f 2349//2611 2350//2612 2222//2484
f 2350//2612 2351//2613 2223//2485
f 2351//2613 2352//2614 2224//2486
f 2352//2614 2353//2615 2225//2487
f 2353//2615 2354//2616 2226//2488
f 2354//2616 2355//2617 2227//2489
f 2355//2617 2356//2618 2228//2490
f 2356//2618 2357//2619 2229//2491
f 2357//2619 2358//2620 2230//2492
f 2358//2620 2359//2621 2231//2493
f 2359//2621 2360//2622 2232//2494
f 2360//2622 2361//2623 2233//2495
f 2361//2623 2362//2624 2234//2496
f 2362//2624 2363//2625 2235//2497
f 2363//2625 2364//2626 2236//2498
f 2364//2626 2365//2627 2237//2499
f 2365//2627 2366//2628 2238//2500
f 2366//2628 2367//2629 2239//2501
f 2367//2629 2368//2630 2240//2502
f 2368//2630 2369//2631 2241//2503
f 2369//2631 2370//2632 2242//2504
f 2242//2504 2370//2632 2371//2633
f 2243//2505 2371//2633 2372//2634
f 2244//2506 2372//2634 2373//2635
f 2245//2507 2373//2635 2374//2636
f 2246//2508 2374//2636 2375//2637
f 2247//2509 2375//2637 2376//2638
f 2248//2510 2376//2638 2377//2639
f 2249//2511 2377//2639 2378//2640
f 2250//2512 2378//2640 2379//2641
f 2251//2513 2379//2641 2380//2642
f 2252//2514 2380//2642 2381//2643
f 2253//2515 2381//2643 2382//2644
f 2254//2516 2382//2644 2383//2645
f 2255//2517 2383//2645 2384//2646
f 2256//2518 2384//2646 2385//2647
f 2257//2519 2385//2647 2386//2648
f 2258//2520 2386//2648 2387//2649
f 2259//2521 2387//2649 2388//2650
f 2260//2522 2388//2650 2389//2651
f 2261//2523 2389//2651 2390//2652
f 2262//2524 2390//2652 2391//2653
f 2263//2525 2391//2653 2392//2654
f 2264//2526 2392//2654 2393//2655
f 2265//2527 2393//2655 2394//2656
f 2266//2528 2394//2656 2395//2657
f 2267//2529 2395//2657 2396//2658
f 2268//2530 2396//2658 2397//2659
f 2269//2531 2397//2659 2398//2660
f 2270//2532 2398//2660 2399//2661
f 2271//2533 2399//2661 2400//2662
f 2272//2534 2400//2662 2401//2663
f 2273//2535 2401//2663 2274//2536
f 2402//2664 2403//2665 2275//2537
f 2403//2665 2404//2666 2276//2538
f 2404//2666 2405//2667 2277//2539
f 2405//2667 2406//2668 2278//2540
f 2406//2668 2407//2669 2279//2541
f 2407//2669 2408//2670 2280//2542
f 2408//2670 2409//2671 2281//2543
f 2409//2671 2410//2672 2282//2544
f 2410//2672 2411//2673 2283//2545
f 2411//2673 2412//2674 2284//2546
f 2412//2674 2413//2675 2285//2547
f 2413//2675 2414//2676 2286//2548
f 2414//2676 2415//2677 2287//2549
f 2415//2677 2416//2678 2288//2550
f 2416//2678 2417//2679 2289//2551
f 2417//2679 2418//2680 2290//2552
f 2418//2680 2419//2681 2291//2553
f 2419//2681 2420//2682 2292//2554
f 2420//2682 2421//2683 2293//2555
f 2421//2683 2422//2684 2294//2556
f 2422//2684 2423//2685 2295//2557
f 2423//2685 2424//2686 2296//2558
f 2424//2686 2425//2687 2297//2559
f 2425//2687 2426//2688 2298//2560
f 2426//2688 2427//2689 2299//2561
f 2427//2689 2428//2690 2300//2562
f 2428//2690 2429//2691 2301//2563
f 2429//2691 2430//2692 2302//2564
f 2430//2692 2431//2693 2303//2565
f 2431//2693 2432//2694 2304//2566
f 2432//2694 2433//2695 2305//2567
f 2433//2695 2434//2696 2306//2568
f 2306//2568 2434//2696 2435//2697
f 2307//2569 2435//2697 2436//2698
f 2308//2570 2436//2698 2437//2699
f 2309//2571 2437//2699 2438//2700
f 2310//2572 2438//2700 2439//2701
f 2311//2573 2439//2701 2440//2702
f 2312//2574 2440//2702 2441//2703
f 2313//2575 2441//2703 2442//2704
f 2314//2576 2442//2704 2443//2705
f 2315//2577 2443//2705 2444//2706
f 2316//2578 2444//2706 2445//2707
f 2317//2579 2445//2707 2446//2708
f 2318//2580 2446//2708 2447//2709
f 2319//2581 2447//2709 2448//2710
f 2320//2582 2448//2710 2449//2711
f 2321//2583 2449//2711 2450//2712
f 2322//2584 2450//2712 2451//2713
f 2323//2585 2451//2713 2452//2714
f 2324//2586 2452//2714 2453//2715
f 2325//2587 2453//2715 2454//2716
f 2326//2588 2454//2716 2455//2717
f 2327//2589 2455//2717 2456//2718
f 2328//2590 2456//2718 2457//2719
f 2329//2591 2457//2719 2458//2720
f 2330//2592 2458//2720 2459//2721
f 2331//2593 2459//2721 2460//2722
f 2332//2594 2460//2722 2461//2723
f 2333//2595 2461//2723 2462//2724
f 2334//2596 2462//2724 2463//2725
f 2335//2597 2463//2725 2464//2726
f 2336//2598 2464//2726 2465//2727
f 2337//2599 2465//2727 2466//2728
f 2466//2728 2467//2729 2339//2601
f 2467//2729 2468//2730 2340//2602
f 2468//2730 2469//2731 2341//2603
f 2469//2731 2470//2732 2342//2604
f 2470//2732 2471//2733 2343//2605
f 2471//2733 2472//2734 2344//2606
f 2472//2734 2473//2735 2345//2607
f 2473//2735 2474//2736 2346//2608
f 2474//2736 2475//2737 2347//2609
f 2475//2737 2476//2738 2348//2610
f 2476//2738 2477//2739 2349//2611
f 2477//2739 2478//2740 2350//2612
f 2478//2740 2479//2741 2351//2613
f 2479//2741 2480//2742 2352//2614
f 2480//2742 2481//2743 2353//2615
f 2481//2743 2482//2744 2354//2616
f 2482//2744 2483//2745 2355//2617
f 2483//2745 2484//2746 2356//2618
f 2484//2746 2485//2747 2357//2619
f 2485//2747 2486//2748 2358//2620
f 2486//2748 2487//2749 2359//2621
f 2487//2749 2488//2750 2360//2622
f 2488//2750 2489//2751 2361//2623
f 2489//2751 2490//2752 2362//2624
f 2490//2752 2491//2753 2363//2625
f 2491//2753 2492//2754 2364//2626
f 2492//2754 2493//2755 2365//2627
f 2493//2755 2494//2756 2366//2628
f 2494//2756 2495//2757 2367//2629
f 2495//2757 2496//2758 2368//2630
f 2496//2758 2497//2759 2369//2631
f 2497//2759 2498//2760 2370//2632
f 2370//2632 2498//2760 2499//2761
f 2371//2633 2499//2761 2500//2762
f 2372//2634 2500//2762 2501//2763
f 2373//2635 2501//2763 2502//2764
f 2374//2636 2502//2764 2503//2765
f 2375//2637 2503//2765 2504//2766
f 2376//2638 2504//2766 2505//2767
f 2377//2639 2505//2767 2506//2768
f 2378//2640 2506//2768 2507//2769
f 2379//2641 2507//2769 2508//2770
f 2380//2642 2508//2770 2509//2771
f 2381//2643 2509//2771 2510//2772
f 2382//2644 2510//2772 2511//2773
f 2383//2645 2511//2773 2512//2774
f 2384//2646 2512//2774 2513//2775
f 2385//2647 2513//2775 2514//2776
f 2386//2648 2514//2776 2515//2777
f 2387//2649 2515//2777 2516//2778
f 2388//2650 2516//2778 2517//2779
f 2389//2651 2517//2779 2518//2780
f 2390//2652 2518//2780 2519//2781
f 2391//2653 2519//2781 2520//2782
f 2392//2654 2520//2782 2521//2783
f 2393//2655 2521//2783 2522//2784
f 2394//2656 2522//2784 2523//2785
f 2395//2657 2523//2785 2524//2786
f 2396//2658 2524//2786 2525//2787
f 2397//2659 2525//2787 2526//2788
f 2398//2660 2526//2788 2527//2789
f 2399//2661 2527//2789 2528//2790
f 2400//2662 2528//2790 2529//2791
f 2401//2663 2529//2791 2402//2664
f 2530//2792 2531//2793 2403//2665
f 2531//2793 2532//2794 2404//2666
f 2532//2794 2533//2795 2405//2667
f 2533//2795 2534//2796 2406//2668
f 2534//2796 2535//2797 2407//2669
f 2535//2797 2536//2798 2408//2670
f 2536//2798 2537//2799 2409//2671
f 2537//2799 2538//2800 2410//2672
f 2538//2800 2539//2801 2411//2673
f 2539//2801 2540//2802 2412//2674
f 2540//2802 2541//2803 2413//2675
f 2541//2803 2542//2804 2414//2676
f 2542//2804 2543//2805 2415//2677
f 2543//2805 2544//2806 2416//2678
f 2544//2806 2545//2807 2417//2679
f 2545//2807 2546//2808 2418//2680
f 2546//2808 2547//2809 2419//2681
f 2547//2809 2548//2810 2420//2682
f 2548//2810 2549//2811 2421//2683
f 2549//2811 2550//2812 2422//2684
f 2550//2812 2551//2813 2423//2685
f 2551//2813 2552//2814 2424//2686
f 2552//2814 2553//2815 2425//2687
f 2553//2815 2554//2816 2426//2688
f 2554//2816 2555//2817 2427//2689
f 2555//2817 2556//2818 2428//2690
f 2556//2818 2557//2819 2429//2691
f 2557//2819 2558//2820 2430//2692
f 2558//2820 2559//2821 2431//2693
f 2559//2821 2560//2822 2432//2694
f 2560//2822 2561//2823 2433//2695
f 2561//2823 2562//2824 2434//2696
f 2434//2696 2562//2824 2563//2825
f 2435//2697 2563//2825 2564//2826
f 2436//2698 2564//2826 2565//2827
f 2437//2699 2565//2827 2566//2828
f 2438//2700 2566//2828 2567//2829
f 2439//2701 2567//2829 2568//2830
f 2440//2702 2568//2830 2569//2831
f 2441//2703 2569//2831 2570//2832
f 2442//2704 2570//2832 2571//2833
f 2443//2705 2571//2833 2572//2834
f 2444//2706 2572//2834 2573//2835
f 2445//2707 2573//2835 2574//2836
f 2446//2708 2574//2836 2575//2837
f 2447//2709 2575//2837 2576//2838
f 2448//2710 2576//2838 2577//2839
f 2449//2711 2577//2839 2578//2840
f 2450//2712 2578//2840 2579//2841
f 2451//2713 2579//2841 2580//2842
f 2452//2714 2580//2842 2581//2843
f 2453//2715 2581//2843 2582//2844
f 2454//2716 2582//2844 2583//2845
f 2455//2717 2583//2845 2584//2846
f 2456//2718 2584//2846 2585//2847
f 2457//2719 2585//2847 2586//2848
f 2458//2720 2586//2848 2587//2849
f 2459//2721 2587//2849 2588//2850
f 2460//2722 2588//2850 2589//2851
f 2461//2723 2589//2851 2590//2852
f 2462//2724 2590//2852 2591//2853
f 2463//2725 2591//2853 2592//2854
f 2464//2726 2592//2854 2593//2855
f 2465//2727 2593//2855 2594//2856
f 2594//2856 2595//2857 2467//2729
f 2595//2857 2596//2858 2468//2730
f 2596//2858 2597//2859 2469//2731
f 2597//2859 2598//2860 2470//2732
f 2598//2860 2599//2861 2471//2733
f 2599//2861 2600//2862 2472//2734
f 2600//2862 2601//2863 2473//2735
f 2601//2863 2602//2864 2474//2736
f 2602//2864 2603//2865 2475//2737
f 2603//2865 2604//2866 2476//2738
f 2604//2866 2605//2867 2477//2739
f 2605//2867 2606//2868 2478//2740
f 2606//2868 2607//2869 2479//2741
f 2607//2869 2608//2870 2480//2742
f 2608//2870 2609//2871 2481//2743
f 2609//2871 2610//2872 2482//2744
f 2610//2872 2611//2873 2483//2745
f 2611//2873 2612//2874 2484//2746
f 2612//2874 2613//2875 2485//2747
f 2613//2875 2614//2876 2486//2748
f 2614//2876 2615//2877 2487//2749
f 2615//2877 2616//2878 2488//2750
f 2616//2878 2617//2879 2489//2751
f 2617//2879 2618//2880 2490//2752
f 2618//2880 2619//2881 2491//2753
f 2619//2881 2620//2882 2492//2754
f 2620//2882 2621//2883 2493//2755
f 2621//2883 2622//2884 2494//2756
f 2622//2884 2623//2885 2495//2757
f 2623//2885 2624//2886 2496//2758
f 2624//2886 2625//2887 2497//2759
f 2625//2887 2626//2888 2498//2760
f 2498//2760 2626//2888 2627//2889
f 2499//2761 2627//2889 2628//2890
f 2500//2762 2628//2890 2629//2891
f 2501//2763 2629//2891 2630//2892
f 2502//2764 2630//2892 2631//2893
f 2503//2765 2631//2893 2632//2894
f 2504//2766 2632//2894 2633//2895
f 2505//2767 2633//2895 2634//2896
f 2506//2768 2634//2896 2635//2897
f 2507//2769 2635//2897 2636//2898
f 2508//2770 2636//2898 2637//2899
f 2509//2771 2637//2899 2638//2900
f 2510//2772 2638//2900 2639//2901
f 2511//2773 2639//2901 2640//2902
f 2512//2774 2640//2902 2641//2903
f 2513//2775 2641//2903 2642//2904
f 2514//2776 2642//2904 2643//2905
f 2515//2777 2643//2905 2644//2906
f 2516//2778 2644//2906 2645//2907
f 2517//2779 2645//2907 2646//2908
f 2518//2780 2646//2908 2647//2909
f 2519//2781 2647//2909 2648//2910
f 2520//2782 2648//2910 2649//2911
f 2521//2783 2649//2911 2650//2912
f 2522//2784 2650//2912 2651//2913
f 2523//2785 2651//2913 2652//2914
f 2524//2786 2652//2914 2653//2915
f 2525//2787 2653//2915 2654//2916
f 2526//2788 2654//2916 2655//2917
f 2527//2789 2655//2917 2656//2918
f 2528//2790 2656//2918 2657//2919
f 2529//2791 2657//2919 2530//2792
f 2658//2920 2659//2921 2531//2793
f 2659//2921 2660//2922 2532//2794
f 2660//2922 2661//2923 2533//2795
f 2661//2923 2662//2924 2534//2796
f 2662//2924 2663//2925 2535//2797
f 2663//2925 2664//2926 2536//2798
f 2664//2926 2665//2927 2537//2799
f 2665//2927 2666//2928 2538//2800
f 2666//2928 2667//2929 2539//2801
f 2667//2929 2668//2930 2540//2802
f 2668//2930 2669//2931 2541//2803
f 2669//2931 2670//2932 2542//2804
f 2670//2932 2671//2933 2543//2805
f 2671//2933 2672//2934 2544//2806
f 2672//2934 2673//2935 2545//2807
f 2673//2935 2674//2936 2546//2808
f 2674//2936 2675//2937 2547//2809
f 2675//2937 2676//2938 2548//2810
f 2676//2938 2677//2939 2549//2811
f 2677//2939 2678//2940 2550//2812
f 2678//2940 2679//2941 2551//2813
f 2679//2941 2680//2942 2552//2814
f 2680//2942 2681//2943 2553//2815
f 2681//2943 2682//2944 2554//2816
f 2682//2944 2683//2945 2555//2817
f 2683//2945 2684//2946 2556//2818
f 2684//2946 2685//2947 2557//2819
f 2685//2947 2686//2948 2558//2820
f 2686//2948 2687//2949 2559//2821
f 2687//2949 2688//2950 2560//2822
f 2688//2950 2689//2951 2561//2823
f 2689//2951 2690//2952 2562//2824
f 2562//2824 2690//2952 2691//2953
f 2563//2825 2691//2953 2692//2954
f 2564//2826 2692//2954 2693//2955
f 2565//2827 2693//2955 2694//2956
f 2566//2828 2694//2956 2695//2957
f 2567//2829 2695//2957 2696//2958
f 2568//2830 2696//2958 2697//2959
f 2569//2831 2697//2959 2698//2960
f 2570//2832 2698//2960 2699//2961
f 2571//2833 2699//2961 2700//2962
f 2572//2834 2700//2962 2701//2963
f 2573//2835 2701//2963 2702//2964
f 2574//2836 2702//2964 2703//2965
f 2575//2837 2703//2965 2704//2966
f 2576//2838 2704//2966 2705//2967
f 2577//2839 2705//2967 2706//2968
f 2578//2840 2706//2968 2707//2969
f 2579//2841 2707//2969 2708//2970
f 2580//2842 2708//2970 2709//2971
f 2581//2843 2709//2971 2710//2972
f 2582//2844 2710//2972 2711//2973
f 2583//2845 2711//2973 2712//2974
f 2584//2846 2712//2974 2713//2975
f 2585//2847 2713//2975 2714//2976
f 2586//2848 2714//2976 2715//2977
f 2587//2849 2715//2977 2716//2978
f 2588//2850 2716//2978 2717//2979
f 2589//2851 2717//2979 2718//2980
f 2590//2852 2718//2980 2719//2981
f 2591//2853 2719//2981 2720//2982
f 2592//2854 2720//2982 2721//2983
f 2593//2855 2721//2983 2722//2984
f 2722//2984 2723//2985 2595//2857
f 2723//2985 2724//2986 2596//2858
f 2724//2986 2725//2987 2597//2859
f 2725//2987 2726//2988 2598//2860
f 2726//2988 2727//2989 2599//2861
f 2727//2989 2728//2990 2600//2862
f 2728//2990 2729//2991 2601//2863
f 2729//2991 2730//2992 2602//2864
f 2730//2992 2731//2993 2603//2865
f 2731//2993 2732//2994 2604//2866
f 2732//2994 2733//2995 2605//2867
f 2733//2995 2734//2996 2606//2868
f 2734//2996 2735//2997 2607//2869
f 2735//2997 2736//2998 2608//2870
f 2736//2998 2737//2999 2609//2871
f 2737//2999 2738//3000 2610//2872
f 2738//3000 2739//3001 2611//2873
f 2739//3001 2740//3002 2612//2874
f 2740//3002 2741//3003 2613//2875
f 2741//3003 2742//3004 2614//2876
f 2742//3004 2743//3005 2615//2877
f 2743//3005 2744//3006 2616//2878
f 2744//3006 2745//3007 2617//2879
f 2745//3007 2746//3008 2618//2880
f 2746//3008 2747//3009 2619//2881
f 2747//3009 2748//3010 2620//2882
f 2748//3010 2749//3011 2621//2883
f 2749//3011 2750//3012 2622//2884
f 2750//3012 2751//3013 2623//2885
f 2751//3013 2752//3014 2624//2886
f 2752//3014 2753//3015 2625//2887
f 2753//3015 2754//3016 2626//2888
f 2626//2888 2754//3016 2755//3017
f 2627//2889 2755//3017 2756//3018
f 2628//2890 2756//3018 2757//3019
f 2629//2891 2757//3019 2758//3020
f 2630//2892 2758//3020 2759//3021
f 2631//2893 2759//3021 2760//3022
f 2632//2894 2760//3022 2761//3023
f 2633//2895 2761//3023 2762//3024
f 2634//2896 2762//3024 2763//3025
f 2635//2897 2763//3025 2764//3026
f 2636//2898 2764//3026 2765//3027
f 2637//2899 2765//3027 2766//3028
f 2638//2900 2766//3028 2767//3029
f 2639//2901 2767//3029 2768//3030
f 2640//2902 2768//3030 2769//3031
f 2641//2903 2769//3031 2770//3032
f 2642//2904 2770//3032 2771//3033
f 2643//2905 2771//3033 2772//3034
f 2644//2906 2772//3034 2773//3035
f 2645//2907 2773//3035 2774//3036
f 2646//2908 2774//3036 2775//3037
f 2647//2909 2775//3037 2776//3038
f 2648//2910 2776//3038 2777//3039
f 2649//2911 2777//3039 2778//3040
f 2650//2912 2778//3040 2779//3041
f 2651//2913 2779//3041 2780//3042
f 2652//2914 2780//3042 2781//3043
f 2653//2915 2781//3043 2782//3044
f 2654//2916 2782//3044 2783//3045
f 2655//2917 2783//3045 2784//3046
f 2656//2918 2784//3046 2785//3047
f 2657//2919 2785//3047 2658//2920
f 2786//3048 2787//3049 2659//2921
f 2787//3049 2788//3050 2660//2922
f 2788//3050 2789//3051 2661//2923
f 2789//3051 2790//3052 2662//2924
f 2790//3052 2791//3053 2663//2925
f 2791//3053 2792//3054 2664//2926
f 2792//3054 2793//3055 2665//2927
f 2793//3055 2794//3056 2666//2928
f 2794//3056 2795//3057 2667//2929
f 2795//3057 2796//3058 2668//2930
f 2796//3058 2797//3059 2669//2931
f 2797//3059 2798//3060 2670//2932
f 2798//3060 2799//3061 2671//2933
f 2799//3061 2800//3062 2672//2934
f 2800//3062 2801//3063 2673//2935
f 2801//3063 2802//3064 2674//2936
f 2802//3064 2803//3065 2675//2937
f 2803//3065 2804//3066 2676//2938
f 2804//3066 2805//3067 2677//2939
f 2805//3067 2806//3068 2678//2940
f 2806//3068 2807//3069 2679//2941
f 2807//3069 2808//3070 2680//2942
f 2808//3070 2809//3071 2681//2943
f 2809//3071 2810//3072 2682//2944
f 2810//3072 2811//3073 2683//2945
f 2811//3073 2812//3074 2684//2946
f 2812//3074 2813//3075 2685//2947
f 2813//3075 2814//3076 2686//2948
f 2814//3076 2815//3077 2687//2949
f 2815//3077 2816//3078 2688//2950
f 2816//3078 2817//3079 2689//2951
f 2817//3079 2818//3080 2690//2952
f 2690//2952 2818//3080 2819//3081
f 2691//2953 2819//3081 2820//3082
f 2692//2954 2820//3082 2821//3083
f 2693//2955 2821//3083 2822//3084
f 2694//2956 2822//3084 2823//3085
f 2695//2957 2823//3085 2824//3086
f 2696//2958 2824//3086 2825//3087
f 2697//2959 2825//3087 2826//3088
f 2698//2960 2826//3088 2827//3089
f 2699//2961 2827//3089 2828//3090
f 2700//2962 2828//3090 2829//3091
f 2701//2963 2829//3091 2830//3092
f 2702//2964 2830//3092 2831//3093
f 2703//2965 2831//3093 2832//3094
f 2704//2966 2832//3094 2833//3095
f 2705//2967 2833//3095 2834//3096
f 2706//2968 2834//3096 2835//3097
f 2707//2969 2835//3097 2836//3098
f 2708//2970 2836//3098 2837//3099
f 2709//2971 2837//3099 2838//3100
f 2710//2972 2838//3100 2839//3101
f 2711//2973 2839//3101 2840//3102
f 2712//2974 2840//3102 2841//3103
f 2713//2975 2841//3103 2842//3104
f 2714//2976 2842//3104 2843//3105
f 2715//2977 2843//3105 2844//3106
f 2716//2978 2844//3106 2845//3107
f 2717//2979 2845//3107 2846//3108
f 2718//2980 2846//3108 2847//3109
f 2719//2981 2847//3109 2848//3110
f 2720//2982 2848//3110 2849//3111
f 2721//2983 2849//3111 2850//3112
f 2850//3112 2851//3113 2723//2985
f 2851//3113 2852//3114 2724//2986
f 2852//3114 2853//3115 2725//2987
f 2853//3115 2854//3116 2726//2988
f 2854//3116 2855//3117 2727//2989
f 2855//3117 2856//3118 2728//2990
f 2856//3118 2857//3119 2729//2991
f 2857//3119 2858//3120 2730//2992
f 2858//3120 2859//3121 2731//2993
f 2859//3121 2860//3122 2732//2994
f 2860//3122 2861//3123 2733//2995
f 2861//3123 2862//3124 2734//2996
f 2862//3124 2863//3125 2735//2997
f 2863//3125 2864//3126 2736//2998
f 2864//3126 2865//3127 2737//2999
f 2865//3127 2866//3128 2738//3000
f 2866//3128 2867//3129 2739//3001
f 2867//3129 2868//3130 2740//3002
f 2868//3130 2869//3131 2741//3003
f 2869//3131 2870//3132 2742//3004
f 2870//3132 2871//3133 2743//3005
f 2871//3133 2872//3134 2744//3006
f 2872//3134 2873//3135 2745//3007
f 2873//3135 2874//3136 2746//3008
f 2874//3136 2875//3137 2747//3009
f 2875//3137 2876//3138 2748//3010
f 2876//3138 2877//3139 2749//3011
f 2877//3139 2878//3140 2750//3012
f 2878//3140 2879//3141 2751//3013
f 2879//3141 2880//3142 2752//3014
f 2880//3142 2881//3143 2753//3015
f 2881//3143 2882//3144 2754//3016
f 2754//3016 2882//3144 2883//3145
f 2755//3017 2883//3145 2884//3146
f 2756//3018 2884//3146 2885//3147
f 2757//3019 2885//3147 2886//3148
f 2758//3020 2886//3148 2887//3149
f 2759//3021 2887//3149 2888//3150
f 2760//3022 2888//3150 2889//3151
f 2761//3023 2889//3151 2890//3152
f 2762//3024 2890//3152 2891//3153
f 2763//3025 2891//3153 2892//3154
f 2764//3026 2892//3154 2893//3155
f 2765//3027 2893//3155 2894//3156
f 2766//3028 2894//3156 2895//3157
f 2767//3029 2895//3157 2896//3158
f 2768//3030 2896//3158 2897//3159
f 2769//3031 2897//3159 2898//3160
f 2770//3032 2898//3160 2899//3161
f 2771//3033 2899//3161 2900//3162
f 2772//3034 2900//3162 2901//3163
f 2773//3035 2901//3163 2902//3164
f 2774//3036 2902//3164 2903//3165
f 2775//3037 2903//3165 2904//3166
f 2776//3038 2904//3166 2905//3167
f 2777//3039 2905//3167 2906//3168
f 2778//3040 2906//3168 2907//3169
f 2779//3041 2907//3169 2908//3170
f 2780//3042 2908//3170 2909//3171
f 2781//3043 2909//3171 2910//3172
f 2782//3044 2910//3172 2911//3173
f 2783//3045 2911//3173 2912//3174
f 2784//3046 2912//3174 2913//3175
f 2785//3047 2913//3175 2786//3048
f 2914//3176 2915//3177 2787//3049
f 2915//3177 2916//3178 2788//3050
f 2916//3178 2917//3179 2789//3051
f 2917//3179 2918//3180 2790//3052
f 2918//3180 2919//3181 2791//3053
f 2919//3181 2920//3182 2792//3054
f 2920//3182 2921//3183 2793//3055
f 2921//3183 2922//3184 2794//3056
f 2922//3184 2923//3185 2795//3057
f 2923//3185 2924//3186 2796//3058
f 2924//3186 2925//3187 2797//3059
f 2925//3187 2926//3188 2798//3060
f 2926//3188 2927//3189 2799//3061
f 2927//3189 2928//3190 2800//3062
f 2928//3190 2929//3191 2801//3063
f 2929//3191 2930//3192 2802//3064
f 2930//3192 2931//3193 2803//3065
f 2931//3193 2932//3194 2804//3066
f 2932//3194 2933//3195 2805//3067
f 2933//3195 2934//3196 2806//3068
f 2934//3196 2935//3197 2807//3069
f 2935//3197 2936//3198 2808//3070
f 2936//3198 2937//3199 2809//3071
f 2937//3199 2938//3200 2810//3072
f 2938//3200 2939//3201 2811//3073
f 2939//3201 2940//3202 2812//3074
f 2940//3202 2941//3203 2813//3075
f 2941//3203 2942//3204 2814//3076
f 2942//3204 2943//3205 2815//3077
f 2943//3205 2944//3206 2816//3078
f 2944//3206 2945//3207 2817//3079
f 2945//3207 2946//3208 2818//3080
f 2818//3080 2946//3208 2947//3209
f 2819//3081 2947//3209 2948//3210
f 2820//3082 2948//3210 2949//3211
f 2821//3083 2949//3211 2950//3212
f 2822//3084 2950//3212 2951//3213
f 2823//3085 2951//3213 2952//3214
f 2824//3086 2952//3214 2953//3215
f 2825//3087 2953//3215 2954//3216
f 2826//3088 2954//3216 2955//3217
f 2827//3089 2955//3217 2956//3218
f 2828//3090 2956//3218 2957//3219
f 2829//3091 2957//3219 2958//3220
f 2830//3092 2958//3220 2959//3221
f 2831//3093 2959//3221 2960//3222
f 2832//3094 2960//3222 2961//3223
f 2833//3095 2961//3223 2962//3224
f 2834//3096 2962//3224 2963//3225
f 2835//3097 2963//3225 2964//3226
f 2836//3098 2964//3226 2965//3227
f 2837//3099 2965//3227 2966//3228
f 2838//3100 2966//3228 2967//3229
f 2839//3101 2967//3229 2968//3230
f 2840//3102 2968//3230 2969//3231
f 2841//3103 2969//3231 2970//3232
f 2842//3104 2970//3232 2971//3233
f 2843//3105 2971//3233 2972//3234
f 2844//3106 2972//3234 2973//3235
f 2845//3107 2973//3235 2974//3236
f 2846//3108 2974//3236 2975//3237
f 2847//3109 2975//3237 2976//3238
f 2848//3110 2976//3238 2977//3239
f 2849//3111 2977//3239 2978//3240
f 2978//3240 2979//3241 2851//3113
f 2979//3241 2980//3242 2852//3114
f 2980//3242 2981//3243 2853//3115
f 2981//3243 2982//3244 2854//3116
f 2982//3244 2983//3245 2855//3117
f 2983//3245 2984//3246 2856//3118
f 2984//3246 2985//3247 2857//3119
f 2985//3247 2986//3248 2858//3120
f 2986//3248 2987//3249 2859//3121
f 2987//3249 2988//3250 2860//3122
f 2988//3250 2989//3251 2861//3123
f 2989//3251 2990//3252 2862//3124
f 2990//3252 2991//3253 2863//3125
f 2991//3253 2992//3254 2864//3126
f 2992//3254 2993//3255 2865//3127
f 2993//3255 2994//3256 2866//3128
f 2994//3256 2995//3257 2867//3129
f 2995//3257 2996//3258 2868//3130
f 2996//3258 2997//3259 2869//3131
f 2997//3259 2998//3260 2870//3132
f 2998//3260 2999//3261 2871//3133
f 2999//3261 3000//3262 2872//3134
f 3000//3262 3001//3263 2873//3135
f 3001//3263 3002//3264 2874//3136
f 3002//3264 3003//3265 2875//3137
f 3003//3265 3004//3266 2876//3138
f 3004//3266 3005//3267 2877//3139
f 3005//3267 3006//3268 2878//3140
f 3006//3268 3007//3269 2879//3141
f 3007//3269 3008//3270 2880//3142
f 3008//3270 3009//3271 2881//3143
f 3009//3271 3010//3272 2882//3144
f 2882//3144 3010//3272 3011//3273
f 2883//3145 3011//3273 3012//3274
f 2884//3146 3012//3274 3013//3275
f 2885//3147 3013//3275 3014//3276
f 2886//3148 3014//3276 3015//3277
f 2887//3149 3015//3277 3016//3278
f 2888//3150 3016//3278 3017//3279
f 2889//3151 3017//3279 3018//3280
f 2890//3152 3018//3280 3019//3281
f 2891//3153 3019//3281 3020//3282
f 2892//3154 3020//3282 3021//3283
f 2893//3155 3021//3283 3022//3284
f 2894//3156 3022//3284 3023//3285
f 2895//3157 3023//3285 3024//3286
f 2896//3158 3024//3286 3025//3287
f 2897//3159 3025//3287 3026//3288
f 2898//3160 3026//3288 3027//3289
f 2899//3161 3027//3289 3028//3290
f 2900//3162 3028//3290 3029//3291
f 2901//3163 3029//3291 3030//3292
f 2902//3164 3030//3292 3031//3293
f 2903//3165 3031//3293 3032//3294
f 2904//3166 3032//3294 3033//3295
f 2905//3167 3033//3295 3034//3296
f 2906//3168 3034//3296 3035//3297
f 2907//3169 3035//3297 3036//3298
f 2908//3170 3036//3298 3037//3299
f 2909//3171 3037//3299 3038//3300
f 2910//3172 3038//3300 3039//3301
f 2911//3173 3039//3301 3040//3302
f 2912//3174 3040//3302 3041//3303
f 2913//3175 3041//3303 2914//3176
f 3042//3304 3043//3305 2915//3177
f 3043//3305 3044//3306 2916//3178
f 3044//3306 3045//3307 2917//3179
f 3045//3307 3046//3308 2918//3180
f 3046//3308 3047//3309 2919//3181
f 3047//3309 3048//3310 2920//3182
f 3048//3310 3049//3311 2921//3183
f 3049//3311 3050//3312 2922//3184
f 3050//3312 3051//3313 2923//3185
f 3051//3313 3052//3314 2924//3186
f 3052//3314 3053//3315 2925//3187
f 3053//3315 3054//3316 2926//3188
f 3054//3316 3055//3317 2927//3189
f 3055//3317 3056//3318 2928//3190
f 3056//3318 3057//3319 2929//3191
f 3057//3319 3058//3320 2930//3192
f 3058//3320 3059//3321 2931//3193
f 3059//3321 3060//3322 2932//3194
f 3060//3322 3061//3323 2933//3195
f 3061//3323 3062//3324 2934//3196
f 3062//3324 3063//3325 2935//3197
f 3063//3325 3064//3326 2936//3198
f 3064//3326 3065//3327 2937//3199
f 3065//3327 3066//3328 2938//3200
f 3066//3328 3067//3329 2939//3201
f 3067//3329 3068//3330 2940//3202
f 3068//3330 3069//3331 2941//3203
f 3069//3331 3070//3332 2942//3204
f 3070//3332 3071//3333 2943//3205
f 3071//3333 3072//3334 2944//3206
f 3072//3334 3073//3335 2945//3207
f 3073//3335 3074//3336 2946//3208
f 2946//3208 3074//3336 3075//3337
f 2947//3209 3075//3337 3076//3338
f 2948//3210 3076//3338 3077//3339
f 2949//3211 3077//3339 3078//3340
f 2950//3212 3078//3340 3079//3341
f 2951//3213 3079//3341 3080//3342
f 2952//3214 3080//3342 3081//3343
f 2953//3215 3081//3343 3082//3344
f 2954//3216 3082//3344 3083//3345
f 2955//3217 3083//3345 3084//3346
f 2956//3218 3084//3346 3085//3347
f 2957//3219 3085//3347 3086//3348
f 2958//3220 3086//3348 3087//3349
f 2959//3221 3087//3349 3088//3350
f 2960//3222 3088//3350 3089//3351
f 2961//3223 3089//3351 3090//3352
f 2962//3224 3090//3352 3091//3353
f 2963//3225 3091//3353 3092//3354
f 2964//3226 3092//3354 3093//3355
f 2965//3227 3093//3355 3094//3356
f 2966//3228 3094//3356 3095//3357
f 2967//3229 3095//3357 3096//3358
f 2968//3230 3096//3358 3097//3359
f 2969//3231 3097//3359 3098//3360
f 2970//3232 3098//3360 3099//3361
f 2971//3233 3099//3361 3100//3362
f 2972//3234 3100//3362 3101//3363
f 2973//3235 3101//3363 3102//3364
f 2974//3236 3102//3364 3103//3365
f 2975//3237 3103//3365 3104//3366
f 2976//3238 3104//3366 3105//3367
f 2977//3239 3105//3367 3106//3368
f 3106//3368 3107//3369 2979//3241
f 3107//3369 3108//3370 2980//3242
f 3108//3370 3109//3371 2981//3243
f 3109//3371 3110//3372 2982//3244
f 3110//3372 3111//3373 2983//3245
f 3111//3373 3112//3374 2984//3246
f 3112//3374 3113//3375 2985//3247
f 3113//3375 3114//3376 2986//3248
f 3114//3376 3115//3377 2987//3249
f 3115//3377 3116//3378 2988//3250
f 3116//3378 3117//3379 2989//3251
f 3117//3379 3118//3380 2990//3252
f 3118//3380 3119//3381 2991//3253
f 3119//3381 3120//3382 2992//3254
f 3120//3382 3121//3383 2993//3255
f 3121//3383 3122//3384 2994//3256
f 3122//3384 3123//3385 2995//3257
f 3123//3385 3124//3386 2996//3258
f 3124//3386 3125//3387 2997//3259
f 3125//3387 3126//3388 2998//3260
f 3126//3388 3127//3389 2999//3261
f 3127//3389 3128//3390 3000//3262
f 3128//3390 3129//3391 3001//3263
f 3129//3391 3130//3392 3002//3264
f 3130//3392 3131//3393 3003//3265
f 3131//3393 3132//3394 3004//3266
f 3132//3394 3133//3395 3005//3267
f 3133//3395 3134//3396 3006//3268
f 3134//3396 3135//3397 3007//3269
f 3135//3397 3136//3398 3008//3270
f 3136//3398 3137//3399 3009//3271
f 3137//3399 3138//3400 3010//3272
f 3010//3272 3138//3400 3139//3401
f 3011//3273 3139//3401 3140//3402
f 3012//3274 3140//3402 3141//3403
f 3013//3275 3141//3403 3142//3404
f 3014//3276 3142//3404 3143//3405
f 3015//3277 3143//3405 3144//3406
f 3016//3278 3144//3406 3145//3407
f 3017//3279 3145//3407 3146//3408
f 3018//3280 3146//3408 3147//3409
f 3019//3281 3147//3409 3148//3410
f 3020//3282 3148//3410 3149//3411
f 3021//3283 3149//3411 3150//3412
f 3022//3284 3150//3412 3151//3413
f 3023//3285 3151//3413 3152//3414
f 3024//3286 3152//3414 3153//3415
f 3025//3287 3153//3415 3154//3416
f 3026//3288 3154//3416 3155//3417
f 3027//3289 3155//3417 3156//3418
f 3028//3290 3156//3418 3157//3419
f 3029//3291 3157//3419 3158//3420
f 3030//3292 3158//3420 3159//3421
f 3031//3293 3159//3421 3160//3422
f 3032//3294 3160//3422 3161//3423
f 3033//3295 3161//3423 3162//3424
f 3034//3296 3162//3424 3163//3425
f 3035//3297 3163//3425 3164//3426
f 3036//3298 3164//3426 3165//3427
f 3037//3299 3165//3427 3166//3428
f 3038//3300 3166//3428 3167//3429
f 3039//3301 3167//3429 3168//3430
f 3040//3302 3168//3430 3169//3431
f 3041//3303 3169//3431 3042//3304
f 3170//3432 3171//3433 3043//3305
f 3171//3433 3172//3434 3044//3306
f 3172//3434 3173//3435 3045//3307
f 3173//3435 3174//3436 3046//3308
f 3174//3436 3175//3437 3047//3309
f 3175//3437 3176//3438 3048//3310
f 3176//3438 3177//3439 3049//3311
f 3177//3439 3178//3440 3050//3312
f 3178//3440 3179//3441 3051//3313
f 3179//3441 3180//3442 3052//3314
f 3180//3442 3181//3443 3053//3315
f 3181//3443 3182//3444 3054//3316
f 3182//3444 3183//3445 3055//3317
f 3183//3445 3184//3446 3056//3318
f 3184//3446 3185//3447 3057//3319
f 3185//3447 3186//3448 3058//3320
f 3186//3448 3187//3449 3059//3321
f 3187//3449 3188//3450 3060//3322
f 3188//3450 3189//3451 3061//3323
f 3189//3451 3190//3452 3062//3324
f 3190//3452 3191//3453 3063//3325
f 3191//3453 3192//3454 3064//3326
f 3192//3454 3193//3455 3065//3327
f 3193//3455 3194//3456 3066//3328
f 3194//3456 3195//3457 3067//3329
f 3195//3457 3196//3458 3068//3330
f 3196//3458 3197//3459 3069//3331
f 3197//3459 3198//3460 3070//3332
f 3198//3460 3199//3461 3071//3333
f 3199//3461 3200//3462 3072//3334
f 3200//3462 3201//3463 3073//3335
f 3201//3463 3202//3464 3074//3336
f 3074//3336 3202//3464 3203//3465
f 3075//3337 3203//3465 3204//3466
f 3076//3338 3204//3466 3205//3467
f 3077//3339 3205//3467 3206//3468
f 3078//3340 3206//3468 3207//3469
f 3079//3341 3207//3469 3208//3470
f 3080//3342 3208//3470 3209//3471
f 3081//3343 3209//3471 3210//3472
f 3082//3344 3210//3472 3211//3473
f 3083//3345 3211//3473 3212//3474
f 3084//3346 3212//3474 3213//3475
f 3085//3347 3213//3475 3214//3476
f 3086//3348 3214//3476 3215//3477
f 3087//3349 3215//3477 3216//3478
f 3088//3350 3216//3478 3217//3479
f 3089//3351 3217//3479 3218//3480
f 3090//3352 3218//3480 3219//3481
f 3091//3353 3219//3481 3220//3482
f 3092//3354 3220//3482 3221//3483
f 3093//3355 3221//3483 3222//3484
f 3094//3356 3222//3484 3223//3485
f 3095//3357 3223//3485 3224//3486
f 3096//3358 3224//3486 3225//3487
f 3097//3359 3225//3487 3226//3488
f 3098//3360 3226//3488 3227//3489
f 3099//3361 3227//3489 3228//3490
f 3100//3362 3228//3490 3229//3491
f 3101//3363 3229//3491 3230//3492
f 3102//3364 3230//3492 3231//3493
f 3103//3365 3231//3493 3232//3494
f 3104//3366 3232//3494 3233//3495
f 3105//3367 3233//3495 3234//3496
f 3234//3496 3235//3497 3107//3369
f 3235//3497 3236//3498 3108//3370
f 3236//3498 3237//3499 3109//3371
f 3237//3499 3238//3500 3110//3372
f 3238//3500 3239//3501 3111//3373
f 3239//3501 3240//3502 3112//3374
f 3240//3502 3241//3503 3113//3375
f 3241//3503 3242//3504 3114//3376
f 3242//3504 3243//3505 3115//3377
f 3243//3505 3244//3506 3116//3378
f 3244//3506 3245//3507 3117//3379
f 3245//3507 3246//3508 3118//3380
f 3246//3508 3247//3509 3119//3381
f 3247//3509 3248//3510 3120//3382
f 3248//3510 3249//3511 3121//3383
f 3249//3511 3250//3512 3122//3384
f 3250//3512 3251//3513 3123//3385
f 3251//3513 3252//3514 3124//3386
f 3252//3514 3253//3515 3125//3387
f 3253//3515 3254//3516 3126//3388
f 3254//3516 3255//3517 3127//3389
f 3255//3517 3256//3518 3128//3390
f 3256//3518 3257//3519 3129//3391
f 3257//3519 3258//3520 3130//3392
f 3258//3520 3259//3521 3131//3393
f 3259//3521 3260//3522 3132//3394
f 3260//3522 3261//3523 3133//3395
f 3261//3523 3262//3524 3134//3396
f 3262//3524 3263//3525 3135//3397
f 3263//3525 3264//3526 3136//3398
f 3264//3526 3265//3527 3137//3399
f 3265//3527 3266//3528 3138//3400
f 3138//3400 3266//3528 3267//3529
f 3139//3401 3267//3529 3268//3530
f 3140//3402 3268//3530 3269//3531
f 3141//3403 3269//3531 3270//3532
f 3142//3404 3270//3532 3271//3533
f 3143//3405 3271//3533 3272//3534
f 3144//3406 3272//3534 3273//3535
f 3145//3407 3273//3535 3274//3536
f 3146//3408 3274//3536 3275//3537
f 3147//3409 3275//3537 3276//3538
f 3148//3410 3276//3538 3277//3539
f 3149//3411 3277//3539 3278//3540
f 3150//3412 3278//3540 3279//3541
f 3151//3413 3279//3541 3280//3542
f 3152//3414 3280//3542 3281//3543
f 3153//3415 3281//3543 3282//3544
f 3154//3416 3282//3544 3283//3545
f 3155//3417 3283//3545 3284//3546
f 3156//3418 3284//3546 3285//3547
f 3157//3419 3285//3547 3286//3548
f 3158//3420 3286//3548 3287//3549
f 3159//3421 3287//3549 3288//3550
f 3160//3422 3288//3550 3289//3551
f 3161//3423 3289//3551 3290//3552
f 3162//3424 3290//3552 3291//3553
f 3163//3425 3291//3553 3292//3554
f 3164//3426 3292//3554 3293//3555
f 3165//3427 3293//3555 3294//3556
f 3166//3428 3294//3556 3295//3557
f 3167//3429 3295//3557 3296//3558
f 3168//3430 3296//3558 3297//3559
f 3169//3431 3297//3559 3170//3432
f 3298//3560 3299//3561 3171//3433
f 3299//3561 3300//3562 3172//3434
f 3300//3562 3301//3563 3173//3435
f 3301//3563 3302//3564 3174//3436
f 3302//3564 3303//3565 3175//3437
f 3303//3565 3304//3566 3176//3438
f 3304//3566 3305//3567 3177//3439
f 3305//3567 3306//3568 3178//3440
f 3306//3568 3307//3569 3179//3441
f 3307//3569 3308//3570 3180//3442
f 3308//3570 3309//3571 3181//3443
f 3309//3571 3310//3572 3182//3444
f 3310//3572 3311//3573 3183//3445
f 3311//3573 3312//3574 3184//3446
f 3312//3574 3313//3575 3185//3447
f 3313//3575 3314//3576 3186//3448
f 3314//3576 3315//3577 3187//3449
f 3315//3577 3316//3578 3188//3450
f 3316//3578 3317//3579 3189//3451
f 3317//3579 3318//3580 3190//3452
f 3318//3580 3319//3581 3191//3453
f 3319//3581 3320//3582 3192//3454
f 3320//3582 3321//3583 3193//3455
f 3321//3583 3322//3584 3194//3456
f 3322//3584 3323//3585 3195//3457
f 3323//3585 3324//3586 3196//3458
f 3324//3586 3325//3587 3197//3459
f 3325//3587 3326//3588 3198//3460
f 3326//3588 3327//3589 3199//3461
f 3327//3589 3328//3590 3200//3462
f 3328//3590 3329//3591 3201//3463
f 3329//3591 3330//3592 3202//3464
f 3202//3464 3330//3592 3331//3593
f 3203//3465 3331//3593 3332//3594
f 3204//3466 3332//3594 3333//3595
f 3205//3467 3333//3595 3334//3596
f 3206//3468 3334//3596 3335//3597
f 3207//3469 3335//3597 3336//3598
f 3208//3470 3336//3598 3337//3599
f 3209//3471 3337//3599 3338//3600
f 3210//3472 3338//3600 3339//3601
f 3211//3473 3339//3601 3340//3602
f 3212//3474 3340//3602 3341//3603
f 3213//3475 3341//3603 3342//3604
f 3214//3476 3342//3604 3343//3605
f 3215//3477 3343//3605 3344//3606
f 3216//3478 3344//3606 3345//3607
f 3217//3479 3345//3607 3346//3608
f 3218//3480 3346//3608 3347//3609
f 3219//3481 3347//3609 3348//3610
f 3220//3482 3348//3610 3349//3611
f 3221//3483 3349//3611 3350//3612
f 3222//3484 3350//3612 3351//3613
f 3223//3485 3351//3613 3352//3614
f 3224//3486 3352//3614 3353//3615
f 3225//3487 3353//3615 3354//3616
f 3226//3488 3354//3616 3355//3617
f 3227//3489 3355//3617 3356//3618
f 3228//3490 3356//3618 3357//3619
f 3229//3491 3357//3619 3358//3620
f 3230//3492 3358//3620 3359//3621
f 3231//3493 3359//3621 3360//3622
f 3232//3494 3360//3622 3361//3623
f 3233//3495 3361//3623 3362//3624
f 3362//3624 3363//3625 3235//3497
f 3363//3625 3364//3626 3236//3498
f 3364//3626 3365//3627 3237//3499
f 3365//3627 3366//3628 3238//3500
f 3366//3628 3367//3629 3239//3501
f 3367//3629 3368//3630 3240//3502
f 3368//3630 3369//3631 3241//3503
f 3369//3631 3370//3632 3242//3504
f 3370//3632 3371//3633 3243//3505
f 3371//3633 3372//3634 3244//3506
f 3372//3634 3373//3635 3245//3507
f 3373//3635 3374//3636 3246//3508
f 3374//3636 3375//3637 3247//3509
f 3375//3637 3376//3638 3248//3510
f 3376//3638 3377//3639 3249//3511
f 3377//3639 3378//3640 3250//3512
f 3378//3640 3379//3641 3251//3513
f 3379//3641 3380//3642 3252//3514
f 3380//3642 3381//3643 3253//3515
f 3381//3643 3382//3644 3254//3516
f 3382//3644 3383//3645 3255//3517
f 3383//3645 3384//3646 3256//3518
f 3384//3646 3385//3647 3257//3519
f 3385//3647 3386//3648 3258//3520
f 3386//3648 3387//3649 3259//3521
f 3387//3649 3388//3650 3260//3522
f 3388//3650 3389//3651 3261//3523
f 3389//3651 3390//3652 3262//3524
f 3390//3652 3391//3653 3263//3525
f 3391//3653 3392//3654 3264//3526
f 3392//3654 3393//3655 3265//3527
f 3393//3655 3394//3656 3266//3528
f 3266//3528 3394//3656 3395//3657
f 3267//3529 3395//3657 3396//3658
f 3268//3530 3396//3658 3397//3659
f 3269//3531 3397//3659 3398//3660
f 3270//3532 3398//3660 3399//3661
f 3271//3533 3399//3661 3400//3662
f 3272//3534 3400//3662 3401//3663
f 3273//3535 3401//3663 3402//3664
f 3274//3536 3402//3664 3403//3665
f 3275//3537 3403//3665 3404//3666
f 3276//3538 3404//3666 3405//3667
f 3277//3539 3405//3667 3406//3668
f 3278//3540 3406//3668 3407//3669
f 3279//3541 3407//3669 3408//3670
f 3280//3542 3408//3670 3409//3671
f 3281//3543 3409//3671 3410//3672
f 3282//3544 3410//3672 3411//3673
f 3283//3545 3411//3673 3412//3674
f 3284//3546 3412//3674 3413//3675
f 3285//3547 3413//3675 3414//3676
f 3286//3548 3414//3676 3415//3677
f 3287//3549 3415//3677 3416//3678
f 3288//3550 3416//3678 3417//3679
f 3289//3551 3417//3679 3418//3680
f 3290//3552 3418//3680 3419//3681
f 3291//3553 3419//3681 3420//3682
f 3292//3554 3420//3682 3421//3683
f 3293//3555 3421//3683 3422//3684
f 3294//3556 3422//3684 3423//3685
f 3295//3557 3423//3685 3424//3686
f 3296//3558 3424//3686 3425//3687
f 3297//3559 3425//3687 3298//3560
f 3426//3688 3427//3689 3299//3561
f 3427//3689 3428//3690 3300//3562
f 3428//3690 3429//3691 3301//3563
f 3429//3691 3430//3692 3302//3564
f 3430//3692 3431//3693 3303//3565
f 3431//3693 3432//3694 3304//3566
f 3432//3694 3433//3695 3305//3567
f 3433//3695 3434//3696 3306//3568
f 3434//3696 3435//3697 3307//3569
f 3435//3697 3436//3698 3308//3570
f 3436//3698 3437//3699 3309//3571
f 3437//3699 3438//3700 3310//3572
f 3438//3700 3439//3701 3311//3573
f 3439//3701 3440//3702 3312//3574
f 3440//3702 3441//3703 3313//3575
f 3441//3703 3442//3704 3314//3576
f 3442//3704 3443//3705 3315//3577
f 3443//3705 3444//3706 3316//3578
f 3444//3706 3445//3707 3317//3579
f 3445//3707 3446//3708 3318//3580
f 3446//3708 3447//3709 3319//3581
f 3447//3709 3448//3710 3320//3582
f 3448//3710 3449//3711 3321//3583
f 3449//3711 3450//3712 3322//3584
f 3450//3712 3451//3713 3323//3585
f 3451//3713 3452//3714 3324//3586
f 3452//3714 3453//3715 3325//3587
f 3453//3715 3454//3716 3326//3588
f 3454//3716 3455//3717 3327//3589
f 3455//3717 3456//3718 3328//3590
f 3456//3718 3457//3719 3329//3591
f 3457//3719 3458//3720 3330//3592
f 3330//3592 3458//3720 3459//3721
f 3331//3593 3459//3721 3460//3722
f 3332//3594 3460//3722 3461//3723
f 3333//3595 3461//3723 3462//3724
f 3334//3596 3462//3724 3463//3725
f 3335//3597 3463//3725 3464//3726
f 3336//3598 3464//3726 3465//3727
f 3337//3599 3465//3727 3466//3728
f 3338//3600 3466//3728 3467//3729
f 3339//3601 3467//3729 3468//3730
f 3340//3602 3468//3730 3469//3731
f 3341//3603 3469//3731 3470//3732
f 3342//3604 3470//3732 3471//3733
f 3343//3605 3471//3733 3472//3734
f 3344//3606 3472//3734 3473//3735
f 3345//3607 3473//3735 3474//3736
f 3346//3608 3474//3736 3475//3737
f 3347//3609 3475//3737 3476//3738
f 3348//3610 3476//3738 3477//3739
f 3349//3611 3477//3739 3478//3740
f 3350//3612 3478//3740 3479//3741
f 3351//3613 3479//3741 3480//3742
f 3352//3614 3480//3742 3481//3743
f 3353//3615 3481//3743 3482//3744
f 3354//3616 3482//3744 3483//3745
f 3355//3617 3483//3745 3484//3746
f 3356//3618 3484//3746 3485//3747
f 3357//3619 3485//3747 3486//3748
f 3358//3620 3486//3748 3487//3749
f 3359//3621 3487//3749 3488//3750
f 3360//3622 3488//3750 3489//3751
f 3361//3623 3489//3751 3490//3752
f 3490//3752 3491//3753 3363//3625
f 3491//3753 3492//3754 3364//3626
f 3492//3754 3493//3755 3365//3627
f 3493//3755 3494//3756 3366//3628
f 3494//3756 3495//3757 3367//3629
f 3495//3757 3496//3758 3368//3630
f 3496//3758 3497//3759 3369//3631
f 3497//3759 3498//3760 3370//3632
f 3498//3760 3499//3761 3371//3633
f 3499//3761 3500//3762 3372//3634
f 3500//3762 3501//3763 3373//3635
f 3501//3763 3502//3764 3374//3636
f 3502//3764 3503//3765 3375//3637
f 3503//3765 3504//3766 3376//3638
f 3504//3766 3505//3767 3377//3639
f 3505//3767 3506//3768 3378//3640
f 3506//3768 3507//3769 3379//3641
f 3507//3769 3508//3770 3380//3642
f 3508//3770 3509//3771 3381//3643
f 3509//3771 3510//3772 3382//3644
f 3510//3772 3511//3773 3383//3645
f 3511//3773 3512//3774 3384//3646
f 3512//3774 3513//3775 3385//3647
f 3513//3775 3514//3776 3386//3648
f 3514//3776 3515//3777 3387//3649
f 3515//3777 3516//3778 3388//3650
f 3516//3778 3517//3779 3389//3651
f 3517//3779 3518//3780 3390//3652
f 3518//3780 3519//3781 3391//3653
f 3519//3781 3520//3782 3392//3654
f 3520//3782 3521//3783 3393//3655
f 3521//3783 3522//3784 3394//3656
f 3394//3656 3522//3784 3523//3785
f 3395//3657 3523//3785 3524//3786
f 3396//3658 3524//3786 3525//3787
f 3397//3659 3525//3787 3526//3788
f 3398//3660 3526//3788 3527//3789
f 3399//3661 3527//3789 3528//3790
f 3400//3662 3528//3790 3529//3791
f 3401//3663 3529//3791 3530//3792
f 3402//3664 3530//3792 3531//3793
f 3403//3665 3531//3793 3532//3794
f 3404//3666 3532//3794 3533//3795
f 3405//3667 3533//3795 3534//3796
f 3406//3668 3534//3796 3535//3797
f 3407//3669 3535//3797 3536//3798
f 3408//3670 3536//3798 3537//3799
f 3409//3671 3537//3799 3538//3800
f 3410//3672 3538//3800 3539//3801
f 3411//3673 3539//3801 3540//3802
f 3412//3674 3540//3802 3541//3803
f 3413//3675 3541//3803 3542//3804
f 3414//3676 3542//3804 3543//3805
f 3415//3677 3543//3805 3544//3806
f 3416//3678 3544//3806 3545//3807
f 3417//3679 3545//3807 3546//3808
f 3418//3680 3546//3808 3547//3809
f 3419//3681 3547//3809 3548//3810
f 3420//3682 3548//3810 3549//3811
f 3421//3683 3549//3811 3550//3812
f 3422//3684 3550//3812 3551//3813
f 3423//3685 3551//3813 3552//3814
f 3424//3686 3552//3814 3553//3815
f 3425//3687 3553//3815 3426//3688
f 3554//3816 3555//3817 3427//3689
f 3555//3817 3556//3818 3428//3690
f 3556//3818 3557//3819 3429//3691
f 3557//3819 3558//3820 3430//3692
f 3558//3820 3559//3821 3431//3693
f 3559//3821 3560//3822 3432//3694
f 3560//3822 3561//3823 3433//3695
f 3561//3823 3562//3824 3434//3696
f 3562//3824 3563//3825 3435//3697
f 3563//3825 3564//3826 3436//3698
f 3564//3826 3565//3827 3437//3699
f 3565//3827 3566//3828 3438//3700
f 3566//3828 3567//3829 3439//3701
f 3567//3829 3568//3830 3440//3702
f 3568//3830 3569//3831 3441//3703
f 3569//3831 3570//3832 3442//3704
f 3570//3832 3571//3833 3443//3705
f 3571//3833 3572//3834 3444//3706
f 3572//3834 3573//3835 3445//3707
f 3573//3835 3574//3836 3446//3708
f 3574//3836 3575//3837 3447//3709
f 3575//3837 3576//3838 3448//3710
f 3576//3838 3577//3839 3449//3711
f 3577//3839 3578//3840 3450//3712
f 3578//3840 3579//3841 3451//3713
f 3579//3841 3580//3842 3452//3714
f 3580//3842 3581//3843 3453//3715
f 3581//3843 3582//3844 3454//3716
f 3582//3844 3583//3845 3455//3717
f 3583//3845 3584//3846 3456//3718
f 3584//3846 3585//3847 3457//3719
f 3585//3847 3586//3848 3458//3720
f 3458//3720 3586//3848 3587//3849
f 3459//3721 3587//3849 3588//3850
f 3460//3722 3588//3850 3589//3851
f 3461//3723 3589//3851 3590//3852
f 3462//3724 3590//3852 3591//3853
f 3463//3725 3591//3853 3592//3854
f 3464//3726 3592//3854 3593//3855
f 3465//3727 3593//3855 3594//3856
f 3466//3728 3594//3856 3595//3857
f 3467//3729 3595//3857 3596//3858
f 3468//3730 3596//3858 3597//3859
f 3469//3731 3597//3859 3598//3860
f 3470//3732 3598//3860 3599//3861
f 3471//3733 3599//3861 3600//3862
f 3472//3734 3600//3862 3601//3863
f 3473//3735 3601//3863 3602//3864
f 3474//3736 3602//3864 3603//3865
f 3475//3737 3603//3865 3604//3866
f 3476//3738 3604//3866 3605//3867
f 3477//3739 3605//3867 3606//3868
f 3478//3740 3606//3868 3607//3869
f 3479//3741 3607//3869 3608//3870
f 3480//3742 3608//3870 3609//3871
f 3481//3743 3609//3871 3610//3872
f 3482//3744 3610//3872 3611//3873
f 3483//3745 3611//3873 3612//3874
f 3484//3746 3612//3874 3613//3875
f 3485//3747 3613//3875 3614//3876
f 3486//3748 3614//3876 3615//3877
f 3487//3749 3615//3877 3616//3878
f 3488//3750 3616//3878 3617//3879
f 3489//3751 3617//3879 3618//3880
f 3618//3880 3619//3881 3491//3753
f 3619//3881 3620//3882 3492//3754
f 3620//3882 3621//3883 3493//3755
f 3621//3883 3622//3884 3494//3756
f 3622//3884 3623//3885 3495//3757
f 3623//3885 3624//3886 3496//3758
f 3624//3886 3625//3887 3497//3759
f 3625//3887 3626//3888 3498//3760
f 3626//3888 3627//3889 3499//3761
f 3627//3889 3628//3890 3500//3762
f 3628//3890 3629//3891 3501//3763
f 3629//3891 3630//3892 3502//3764
f 3630//3892 3631//3893 3503//3765
f 3631//3893 3632//3894 3504//3766
f 3632//3894 3633//3895 3505//3767
f 3633//3895 3634//3896 3506//3768
f 3634//3896 3635//3897 3507//3769
f 3635//3897 3636//3898 3508//3770
f 3636//3898 3637//3899 3509//3771
f 3637//3899 3638//3900 3510//3772
f 3638//3900 3639//3901 3511//3773
f 3639//3901 3640//3902 3512//3774
f 3640//3902 3641//3903 3513//3775
f 3641//3903 3642//3904 3514//3776
f 3642//3904 3643//3905 3515//3777
f 3643//3905 3644//3906 3516//3778
f 3644//3906 3645//3907 3517//3779
f 3645//3907 3646//3908 3518//3780
f 3646//3908 3647//3909 3519//3781
f 3647//3909 3648//3910 3520//3782
f 3648//3910 3649//3911 3521//3783
f 3649//3911 3650//3912 3522//3784
f 3522//3784 3650//3912 3651//3913
f 3523//3785 3651//3913 3652//3914
f 3524//3786 3652//3914 3653//3915
f 3525//3787 3653//3915 3654//3916
f 3526//3788 3654//3916 3655//3917
f 3527//3789 3655//3917 3656//3918
f 3528//3790 3656//3918 3657//3919
f 3529//3791 3657//3919 3658//3920
f 3530//3792 3658//3920 3659//3921
f 3531//3793 3659//3921 3660//3922
f 3532//3794 3660//3922 3661//3923
f 3533//3795 3661//3923 3662//3924
f 3534//3796 3662//3924 3663//3925
f 3535//3797 3663//3925 3664//3926
f 3536//3798 3664//3926 3665//3927
f 3537//3799 3665//3927 3666//3928
f 3538//3800 3666//3928 3667//3929
f 3539//3801 3667//3929 3668//3930
f 3540//3802 3668//3930 3669//3931
f 3541//3803 3669//3931 3670//3932
f 3542//3804 3670//3932 3671//3933
f 3543//3805 3671//3933 3672//3934
f 3544//3806 3672//3934 3673//3935
f 3545//3807 3673//3935 3674//3936
f 3546//3808 3674//3936 3675//3937
f 3547//3809 3675//3937 3676//3938
f 3548//3810 3676//3938 3677//3939
f 3549//3811 3677//3939 3678//3940
f 3550//3812 3678//3940 3679//3941
f 3551//3813 3679//3941 3680//3942
f 3552//3814 3680//3942 3681//3943
f 3553//3815 3681//3943 3554//3816
f 3682//3944 3683//3945 3555//3817
f 3683//3945 3684//3946 3556//3818
f 3684//3946 3685//3947 3557//3819
f 3685//3947 3686//3948 3558//3820
f 3686//3948 3687//3949 3559//3821
f 3687//3949 3688//3950 3560//3822
f 3688//3950 3689//3951 3561//3823
f 3689//3951 3690//3952 3562//3824
f 3690//3952 3691//3953 3563//3825
f 3691//3953 3692//3954 3564//3826
f 3692//3954 3693//3955 3565//3827
f 3693//3955 3694//3956 3566//3828
f 3694//3956 3695//3957 3567//3829
f 3695//3957 3696//3958 3568//3830
f 3696//3958 3697//3959 3569//3831
f 3697//3959 3698//3960 3570//3832
f 3698//3960 3699//3961 3571//3833
f 3699//3961 3700//3962 3572//3834
f 3700//3962 3701//3963 3573//3835
f 3701//3963 3702//3964 3574//3836
f 3702//3964 3703//3965 3575//3837
f 3703//3965 3704//3966 3576//3838
f 3704//3966 3705//3967 3577//3839
f 3705//3967 3706//3968 3578//3840
f 3706//3968 3707//3969 3579//3841
f 3707//3969 3708//3970 3580//3842
f 3708//3970 3709//3971 3581//3843
f 3709//3971 3710//3972 3582//3844
f 3710//3972 3711//3973 3583//3845
f 3711//3973 3712//3974 3584//3846
f 3712//3974 3713//3975 3585//3847
f 3713//3975 3714//3976 3586//3848
f 3586//3848 3714//3976 3715//3977
f 3587//3849 3715//3977 3716//3978
f 3588//3850 3716//3978 3717//3979
f 3589//3851 3717//3979 3718//3980
f 3590//3852 3718//3980 3719//3981
f 3591//3853 3719//3981 3720//3982
f 3592//3854 3720//3982 3721//3983
f 3593//3855 3721//3983 3722//3984
f 3594//3856 3722//3984 3723//3985
f 3595//3857 3723//3985 3724//3986
f 3596//3858 3724//3986 3725//3987
f 3597//3859 3725//3987 3726//3988
f 3598//3860 3726//3988 3727//3989
f 3599//3861 3727//3989 3728//3990
f 3600//3862 3728//3990 3729//3991
f 3601//3863 3729//3991 3730//3992
f 3602//3864 3730//3992 3731//3993
f 3603//3865 3731//3993 3732//3994
f 3604//3866 3732//3994 3733//3995
f 3605//3867 3733//3995 3734//3996
f 3606//3868 3734//3996 3735//3997
f 3607//3869 3735//3997 3736//3998
f 3608//3870 3736//3998 3737//3999
f 3609//3871 3737//3999 3738//4000
f 3610//3872 3738//4000 3739//4001
f 3611//3873 3739//4001 3740//4002
f 3612//3874 3740//4002 3741//4003
f 3613//3875 3741//4003 3742//4004
f 3614//3876 3742//4004 3743//4005
f 3615//3877 3743//4005 3744//4006
f 3616//3878 3744//4006 3745//4007
f 3617//3879 3745//4007 3746//4008
f 3746//4008 3747//4009 3619//3881
f 3747//4009 3748//4010 3620//3882
f 3748//4010 3749//4011 3621//3883
f 3749//4011 3750//4012 3622//3884
f 3750//4012 3751//4013 3623//3885
f 3751//4013 3752//4014 3624//3886
f 3752//4014 3753//4015 3625//3887
f 3753//4015 3754//4016 3626//3888
f 3754//4016 3755//4017 3627//3889
f 3755//4017 3756//4018 3628//3890
f 3756//4018 3757//4019 3629//3891
f 3757//4019 3758//4020 3630//3892
f 3758//4020 3759//4021 3631//3893
f 3759//4021 3760//4022 3632//3894
f 3760//4022 3761//4023 3633//3895
f 3761//4023 3762//4024 3634//3896
f 3762//4024 3763//4025 3635//3897
f 3763//4025 3764//4026 3636//3898
f 3764//4026 3765//4027 3637//3899
f 3765//4027 3766//4028 3638//3900
f 3766//4028 3767//4029 3639//3901
f 3767//4029 3768//4030 3640//3902
f 3768//4030 3769//4031 3641//3903
f 3769//4031 3770//4032 3642//3904
f 3770//4032 3771//4033 3643//3905
f 3771//4033 3772//4034 3644//3906
f 3772//4034 3773//4035 3645//3907
f 3773//4035 3774//4036 3646//3908
f 3774//4036 3775//4037 3647//3909
f 3775//4037 3776//4038 3648//3910
f 3776//4038 3777//4039 3649//3911
f 3777//4039 3778//4040 3650//3912
f 3650//3912 3778//4040 3779//4041
f 3651//3913 3779//4041 3780//4042
f 3652//3914 3780//4042 3781//4043
f 3653//3915 3781//4043 3782//4044
f 3654//3916 3782//4044 3783//4045
f 3655//3917 3783//4045 3784//4046
f 3656//3918 3784//4046 3785//4047
f 3657//3919 3785//4047 3786//4048
f 3658//3920 3786//4048 3787//4049
f 3659//3921 3787//4049 3788//4050
f 3660//3922 3788//4050 3789//4051
f 3661//3923 3789//4051 3790//4052
f 3662//3924 3790//4052 3791//4053
f 3663//3925 3791//4053 3792//4054
f 3664//3926 3792//4054 3793//4055
f 3665//3927 3793//4055 3794//4056
f 3666//3928 3794//4056 3795//4057
f 3667//3929 3795//4057 3796//4058
f 3668//3930 3796//4058 3797//4059
f 3669//3931 3797//4059 3798//4060
f 3670//3932 3798//4060 3799//4061
f 3671//3933 3799//4061 3800//4062
f 3672//3934 3800//4062 3801//4063
f 3673//3935 3801//4063 3802//4064
f 3674//3936 3802//4064 3803//4065
f 3675//3937 3803//4065 3804//4066
f 3676//3938 3804//4066 3805//4067
f 3677//3939 3805//4067 3806//4068
f 3678//3940 3806//4068 3807//4069
f 3679//3941 3807//4069 3808//4070
f 3680//3942 3808//4070 3809//4071
f 3681//3943 3809//4071 3682//3944
f 3810//4072 3811//4073 3683//3945
f 3811//4073 3812//4074 3684//3946
f 3812//4074 3813//4075 3685//3947
f 3813//4075 3814//4076 3686//3948
f 3814//4076 3815//4077 3687//3949
f 3815//4077 3816//4078 3688//3950
f 3816//4078 3817//4079 3689//3951
f 3817//4079 3818//4080 3690//3952
f 3818//4080 3819//4081 3691//3953
f 3819//4081 3820//4082 3692//3954
f 3820//4082 3821//4083 3693//3955
f 3821//4083 3822//4084 3694//3956
f 3822//4084 3823//4085 3695//3957
f 3823//4085 3824//4086 3696//3958
f 3824//4086 3825//4087 3697//3959
f 3825//4087 3826//4088 3698//3960
f 3826//4088 3827//4089 3699//3961
f 3827//4089 3828//4090 3700//3962
f 3828//4090 3829//4091 3701//3963
f 3829//4091 3830//4092 3702//3964
f 3830//4092 3831//4093 3703//3965
f 3831//4093 3832//4094 3704//3966
f 3832//4094 3833//4095 3705//3967
f 3833//4095 3834//4096 3706//3968
f 3834//4096 3835//4097 3707//3969
f 3835//4097 3836//4098 3708//3970
f 3836//4098 3837//4099 3709//3971
f 3837//4099 3838//4100 3710//3972
f 3838//4100 3839//4101 3711//3973
f 3839//4101 3840//4102 3712//3974
f 3840//4102 3841//4103 3713//3975
f 3841//4103 3842//4104 3714//3976
f 3714//3976 3842//4104 3843//4105
f 3715//3977 3843//4105 3844//4106
f 3716//3978 3844//4106 3845//4107
f 3717//3979 3845//4107 3846//4108
f 3718//3980 3846//4108 3847//4109
f 3719//3981 3847//4109 3848//4110
f 3720//3982 3848//4110 3849//4111
f 3721//3983 3849//4111 3850//4112
f 3722//3984 3850//4112 3851//4113
f 3723//3985 3851//4113 3852//4114
f 3724//3986 3852//4114 3853//4115
f 3725//3987 3853//4115 3854//4116
f 3726//3988 3854//4116 3855//4117
f 3727//3989 3855//4117 3856//4118
f 3728//3990 3856//4118 3857//4119
f 3729//3991 3857//4119 3858//4120
f 3730//3992 3858//4120 3859//4121
f 3731//3993 3859//4121 3860//4122
f 3732//3994 3860//4122 3861//4123
f 3733//3995 3861//4123 3862//4124
f 3734//3996 3862//4124 3863//4125
f 3735//3997 3863//4125 3864//4126
f 3736//3998 3864//4126 3865//4127
f 3737//3999 3865//4127 3866//4128
f 3738//4000 3866//4128 3867//4129
f 3739//4001 3867//4129 3868//4130
f 3740//4002 3868//4130 3869//4131
f 3741//4003 3869//4131 3870//4132
f 3742//4004 3870//4132 3871//4133
f 3743//4005 3871//4133 3872//4134
f 3744//4006 3872//4134 3873//4135
f 3745//4007 3873//4135 3874//4136
f 3874//4136 3875//4137 3747//4009
f 3875//4137 3876//4138 3748//4010
f 3876//4138 3877//4139 3749//4011
f 3877//4139 3878//4140 3750//4012
f 3878//4140 3879//4141 3751//4013
f 3879//4141 3880//4142 3752//4014
f 3880//4142 3881//4143 3753//4015
f 3881//4143 3882//4144 3754//4016
f 3882//4144 3883//4145 3755//4017
f 3883//4145 3884//4146 3756//4018
f 3884//4146 3885//4147 3757//4019
f 3885//4147 3886//4148 3758//4020
f 3886//4148 3887//4149 3759//4021
f 3887//4149 3888//4150 3760//4022
f 3888//4150 3889//4151 3761//4023
f 3889//4151 3890//4152 3762//4024
f 3890//4152 3891//4153 3763//4025
f 3891//4153 3892//4154 3764//4026
f 3892//4154 3893//4155 3765//4027
f 3893//4155 3894//4156 3766//4028
f 3894//4156 3895//4157 3767//4029
f 3895//4157 3896//4158 3768//4030
f 3896//4158 3897//4159 3769//4031
f 3897//4159 3898//4160 3770//4032
f 3898//4160 3899//4161 3771//4033
f 3899//4161 3900//4162 3772//4034
f 3900//4162 3901//4163 3773//4035
f 3901//4163 3902//4164 3774//4036
f 3902//4164 3903//4165 3775//4037
f 3903//4165 3904//4166 3776//4038
f 3904//4166 3905//4167 3777//4039
f 3905//4167 3906//4168 3778//4040
f 3778//4040 3906//4168 3907//4169
f 3779//4041 3907//4169 3908//4170
f 3780//4042 3908//4170 3909//4171
f 3781//4043 3909//4171 3910//4172
f 3782//4044 3910//4172 3911//4173
f 3783//4045 3911//4173 3912//4174
f 3784//4046 3912//4174 3913//4175
f 3785//4047 3913//4175 3914//4176
f 3786//4048 3914//4176 3915//4177
f 3787//4049 3915//4177 3916//4178
f 3788//4050 3916//4178 3917//4179
f 3789//4051 3917//4179 3918//4180
f 3790//4052 3918//4180 3919//4181
f 3791//4053 3919//4181 3920//4182
f 3792//4054 3920//4182 3921//4183
f 3793//4055 3921//4183 3922//4184
f 3794//4056 3922//4184 3923//4185
f 3795//4057 3923//4185 3924//4186
f 3796//4058 3924//4186 3925//4187
f 3797//4059 3925//4187 3926//4188
f 3798//4060 3926//4188 3927//4189
f 3799//4061 3927//4189 3928//4190
f 3800//4062 3928//4190 3929//4191
f 3801//4063 3929//4191 3930//4192
f 3802//4064 3930//4192 3931//4193
f 3803//4065 3931//4193 3932//4194
f 3804//4066 3932//4194 3933//4195
f 3805//4067 3933//4195 3934//4196
f 3806//4068 3934//4196 3935//4197
f 3807//4069 3935//4197 3936//4198
f 3808//4070 3936//4198 3937//4199
f 3809//4071 3937//4199 3810//4072
f 3938//4200 3939//4201 3811//4073
f 3939//4201 3940//4202 3812//4074
f 3940//4202 3941//4203 3813//4075
f 3941//4203 3942//4204 3814//4076
f 3942//4204 3943//4205 3815//4077
f 3943//4205 3944//4206 3816//4078
f 3944//4206 3945//4207 3817//4079
f 3945//4207 3946//4208 3818//4080
f 3946//4208 3947//4209 3819//4081
f 3947//4209 3948//4210 3820//4082
f 3948//4210 3949//4211 3821//4083
f 3949//4211 3950//4212 3822//4084
f 3950//4212 3951//4213 3823//4085
f 3951//4213 3952//4214 3824//4086
f 3952//4214 3953//4215 3825//4087
f 3953//4215 3954//4216 3826//4088
f 3954//4216 3955//4217 3827//4089
f 3955//4217 3956//4218 3828//4090
f 3956//4218 3957//4219 3829//4091
f 3957//4219 3958//4220 3830//4092
f 3958//4220 3959//4221 3831//4093
f 3959//4221 3960//4222 3832//4094
f 3960//4222 3961//4223 3833//4095
f 3961//4223 3962//4224 3834//4096
f 3962//4224 3963//4225 3835//4097
f 3963//4225 3964//4226 3836//4098
f 3964//4226 3965//4227 3837//4099
f 3965//4227 3966//4228 3838//4100
f 3966//4228 3967//4229 3839//4101
f 3967//4229 3968//4230 3840//4102
f 3968//4230 3969//4231 3841//4103
f 3969//4231 3970//4232 3842//4104
f 3842//4104 3970//4232 3971//4233
f 3843//4105 3971//4233 3972//4234
f 3844//4106 3972//4234 3973//4235
f 3845//4107 3973//4235 3974//4236
f 3846//4108 3974//4236 3975//4237
f 3847//4109 3975//4237 3976//4238
f 3848//4110 3976//4238 3977//4239
f 3849//4111 3977//4239 3978//4240
f 3850//4112 3978//4240 3979//4241
f 3851//4113 3979//4241 3980//4242
f 3852//4114 3980//4242 3981//4243
f 3853//4115 3981//4243 3982//4244
f 3854//4116 3982//4244 3983//4245
f 3855//4117 3983//4245 3984//4246
f 3856//4118 3984//4246 3985//4247
f 3857//4119 3985//4247 3986//4248
f 3858//4120 3986//4248 3987//4249
f 3859//4121 3987//4249 3988//4250
f 3860//4122 3988//4250 3989//4251
f 3861//4123 3989//4251 3990//4252
f 3862//4124 3990//4252 3991//4253
f 3863//4125 3991//4253 3992//4254
f 3864//4126 3992//4254 3993//4255
f 3865//4127 3993//4255 3994//4256
f 3866//4128 3994//4256 3995//4257
f 3867//4129 3995//4257 3996//4258
f 3868//4130 3996//4258 3997//4259
f 3869//4131 3997//4259 3998//4260
f 3870//4132 3998//4260 3999//4261
f 3871//4133 3999//4261 4000//4262
f 3872//4134 4000//4262 4001//4263
f 3873//4135 4001//4263 4002//4264
f 4002//4264 4003//4265 3875//4137
f 4003//4265 4004//4266 3876//4138
f 4004//4266 4005//4267 3877//4139
f 4005//4267 4006//4268 3878//4140
f 4006//4268 4007//4269 3879//4141
f 4007//4269 4008//4270 3880//4142
f 4008//4270 4009//4271 3881//4143
f 4009//4271 4010//4272 3882//4144
f 4010//4272 4011//4273 3883//4145
f 4011//4273 4012//4274 3884//4146
f 4012//4274 4013//4275 3885//4147
f 4013//4275 4014//4276 3886//4148
f 4014//4276 4015//4277 3887//4149
f 4015//4277 4016//4278 3888//4150
f 4016//4278 4017//4279 3889//4151
f 4017//4279 4018//4280 3890//4152
f 4018//4280 4019//4281 3891//4153
f 4019//4281 4020//4282 3892//4154
f 4020//4282 4021//4283 3893//4155
f 4021//4283 4022//4284 3894//4156
f 4022//4284 4023//4285 3895//4157
f 4023//4285 4024//4286 3896//4158
f 4024//4286 4025//4287 3897//4159
f 4025//4287 4026//4288 3898//4160
f 4026//4288 4027//4289 3899//4161
f 4027//4289 4028//4290 3900//4162
f 4028//4290 4029//4291 3901//4163
f 4029//4291 4030//4292 3902//4164
f 4030//4292 4031//4293 3903//4165
f 4031//4293 4032//4294 3904//4166
f 4032//4294 4033//4295 3905//4167
f 4033//4295 4034//4296 3906//4168
f 3906//4168 4034//4296 4035//4297
f 3907//4169 4035//4297 4036//4298
f 3908//4170 4036//4298 4037//4299
f 3909//4171 4037//4299 4038//4300
f 3910//4172 4038//4300 4039//4301
f 3911//4173 4039//4301 4040//4302
f 3912//4174 4040//4302 4041//4303
f 3913//4175 4041//4303 4042//4304
f 3914//4176 4042//4304 4043//4305
f 3915//4177 4043//4305 4044//4306
f 3916//4178 4044//4306 4045//4307
f 3917//4179 4045//4307 4046//4308
f 3918//4180 4046//4308 4047//4309
f 3919//4181 4047//4309 4048//4310
f 3920//4182 4048//4310 4049//4311
f 3921//4183 4049//4311 4050//4312
f 3922//4184 4050//4312 4051//4313
f 3923//4185 4051//4313 4052//4314
f 3924//4186 4052//4314 4053//4315
f 3925//4187 4053//4315 4054//4316
f 3926//4188 4054//4316 4055//4317
f 3927//4189 4055//4317 4056//4318
f 3928//4190 4056//4318 4057//4319
f 3929//4191 4057//4319 4058//4320
f 3930//4192 4058//4320 4059//4321
f 3931//4193 4059//4321 4060//4322
f 3932//4194 4060//4322 4061//4323
f 3933//4195 4061//4323 4062//4324
f 3934//4196 4062//4324 4063//4325
f 3935//4197 4063//4325 4064//4326
f 3936//4198 4064//4326 4065//4327
f 3937//4199 4065//4327 3938//4200
f 4068//4330 4196//4458 4195//4457
f 4069//4331 4197//4459 4196//4458
f 4070//4332 4198//4460 4197//4459
f 4071//4333 4199//4461 4198//4460
f 4072//4334 4200//4462 4199//4461
f 4073//4335 4201//4463 4200//4462
f 4074//4336 4202//4464 4201//4463
f 4075//4337 4203//4465 4202//4464
f 4076//4338 4204//4466 4203//4465
f 4077//4339 4205//4467 4204//4466
f 4078//4340 4206//4468 4205//4467
f 4079//4341 4207//4469 4206//4468
f 4080//4342 4208//4470 4207//4469
f 4081//4343 4209//4471 4208//4470
f 4082//4344 4210//4472 4209//4471
f 4083//4345 4211//4473 4210//4472
f 4084//4346 4212//4474 4211//4473
f 4085//4347 4213//4475 4212//4474
f 4086//4348 4214//4476 4213//4475
f 4087//4349 4215//4477 4214//4476
f 4088//4350 4216//4478 4215//4477
f 4089//4351 4217//4479 4216//4478
f 4090//4352 4218//4480 4217//4479
f 4091//4353 4219//4481 4218//4480
f 4092//4354 4220//4482 4219//4481
f 4093//4355 4221//4483 4220//4482
f 4094//4356 4222//4484 4221//4483
f 4095//4357 4223//4485 4222//4484
f 4096//4358 4224//4486 4223//4485
f 4097//4359 4225//4487 4224//4486
f 4098//4360 4226//4488 4225//4487
f 4099//4361 4227//4489 4226//4488
f 4228//4490 4227//4489 4099//4361
f 4229//4491 4228//4490 4100//4362
f 4230//4492 4229//4491 4101//4363
f 4231//4493 4230//4492 4102//4364
f 4232//4494 4231//4493 4103//4365
f 4233//4495 4232//4494 4104//4366
f 4234//4496 4233//4495 4105//4367
f 4235//4497 4234//4496 4106//4368
f 4236//4498 4235//4497 4107//4369
f 4237//4499 4236//4498 4108//4370
f 4238//4500 4237//4499 4109//4371
f 4239//4501 4238//4500 4110//4372
f 4240//4502 4239//4501 4111//4373
f 4241//4503 4240//4502 4112//4374
f 4242//4504 4241//4503 4113//4375
f 4243//4505 4242//4504 4114//4376
f 4244//4506 4243//4505 4115//4377
f 4245//4507 4244//4506 4116//4378
f 4246//4508 4245//4507 4117//4379
f 4247//4509 4246//4508 4118//4380
f 4248//4510 4247//4509 4119//4381
f 4249//4511 4248//4510 4120//4382
f 4250//4512 4249//4511 4121//4383
f 4251//4513 4250//4512 4122//4384
f 4252//4514 4251//4513 4123//4385
f 4253//4515 4252//4514 4124//4386
f 4254//4516 4253//4515 4125//4387
f 4255//4517 4254//4516 4126//4388
f 4256//4518 4255//4517 4127//4389
f 4257//4519 4256//4518 4128//4390
f 4258//4520 4257//4519 4129//4391
f 4259//4521 4258//4520 4130//4392
f 4132//4394 4260//4522 4259//4521
f 4133//4395 4261//4523 4260//4522
f 4134//4396 4262//4524 4261//4523
f 4135//4397 4263//4525 4262//4524
f 4136//4398 4264//4526 4263//4525
f 4137//4399 4265//4527 4264//4526
f 4138//4400 4266//4528 4265//4527
f 4139//4401 4267//4529 4266//4528
f 4140//4402 4268//4530 4267//4529
f 4141//4403 4269//4531 4268//4530
f 4142//4404 4270//4532 4269//4531
f 4143//4405 4271//4533 4270//4532
f 4144//4406 4272//4534 4271//4533
f 4145//4407 4273//4535 4272//4534
f 4146//4408 4274//4536 4273//4535
f 4147//4409 4275//4537 4274//4536
f 4148//4410 4276//4538 4275//4537
f 4149//4411 4277//4539 4276//4538
f 4150//4412 4278//4540 4277//4539
f 4151//4413 4279//4541 4278//4540
f 4152//4414 4280//4542 4279//4541
f 4153//4415 4281//4543 4280//4542
f 4154//4416 4282//4544 4281//4543
f 4155//4417 4283//4545 4282//4544
f 4156//4418 4284//4546 4283//4545
f 4157//4419 4285//4547 4284//4546
f 4158//4420 4286//4548 4285//4547
f 4159//4421 4287//4549 4286//4548
f 4160//4422 4288//4550 4287//4549
f 4161//4423 4289//4551 4288//4550
f 4162//4424 4290//4552 4289//4551
f 4163//4425 4291//4553 4290//4552
f 4292//4554 4291//4553 4163//4425
f 4293//4555 4292//4554 4164//4426
f 4294//4556 4293//4555 4165//4427
f 4295//4557 4294//4556 4166//4428
f 4296//4558 4295//4557 4167//4429
f 4297//4559 4296//4558 4168//4430
f 4298//4560 4297//4559 4169//4431
f 4299//4561 4298//4560 4170//4432
f 4300//4562 4299//4561 4171//4433
f 4301//4563 4300//4562 4172//4434
f 4302//4564 4301//4563 4173//4435
f 4303//4565 4302//4564 4174//4436
f 4304//4566 4303//4565 4175//4437
f 4305//4567 4304//4566 4176//4438
f 4306//4568 4305//4567 4177//4439
f 4307//4569 4306//4568 4178//4440
f 4308//4570 4307//4569 4179//4441
f 4309//4571 4308//4570 4180//4442
f 4310//4572 4309//4571 4181//4443
f 4311//4573 4310//4572 4182//4444
f 4312//4574 4311//4573 4183//4445
f 4313//4575 4312//4574 4184//4446
f 4314//4576 4313//4575 4185//4447
f 4315//4577 4314//4576 4186//4448
f 4316//4578 4315//4577 4187//4449
f 4317//4579 4316//4578 4188//4450
f 4318//4580 4317//4579 4189//4451
f 4319//4581 4318//4580 4190//4452
f 4320//4582 4319//4581 4191//4453
f 4321//4583 4320//4582 4192//4454
f 4322//4584 4321//4583 4193//4455
f 4195//4457 4322//4584 4194//4456
f 4196//4458 4324//4586 4323//4585
f 4197//4459 4325//4587 4324//4586
f 4198//4460 4326//4588 4325//4587
f 4199//4461 4327//4589 4326//4588
f 4200//4462 4328//4590 4327//4589
f 4201//4463 4329//4591 4328//4590
f 4202//4464 4330//4592 4329//4591
f 4203//4465 4331//4593 4330//4592
f 4204//4466 4332//4594 4331//4593
f 4205//4467 4333//4595 4332//4594
f 4206//4468 4334//4596 4333//4595
f 4207//4469 4335//4597 4334//4596
f 4208//4470 4336//4598 4335//4597
f 4209//4471 4337//4599 4336//4598
f 4210//4472 4338//4600 4337//4599
f 4211//4473 4339//4601 4338//4600
f 4212//4474 4340//4602 4339//4601
f 4213//4475 4341//4603 4340//4602
f 4214//4476 4342//4604 4341//4603
f 4215//4477 4343//4605 4342//4604
f 4216//4478 4344//4606 4343//4605
f 4217//4479 4345//4607 4344//4606
f 4218//4480 4346//4608 4345//4607
f 4219//4481 4347//4609 4346//4608
f 4220//4482 4348//4610 4347//4609
f 4221//4483 4349//4611 4348//4610
f 4222//4484 4350//4612 4349//4611
f 4223//4485 4351//4613 4350//4612
f 4224//4486 4352//4614 4351//4613
f 4225//4487 4353//4615 4352//4614
f 4226//4488 4354//4616 4353//4615
f 4227//4489 4355//4617 4354//4616
f 4356//4618 4355//4617 4227//4489
f 4357//4619 4356//4618 4228//4490
f 4358//4620 4357//4619 4229//4491
f 4359//4621 4358//4620 4230//4492
f 4360//4622 4359//4621 4231//4493
f 4361//4623 4360//4622 4232//4494
f 4362//4624 4361//4623 4233//4495
f 4363//4625 4362//4624 4234//4496
f 4364//4626 4363//4625 4235//4497
f 4365//4627 4364//4626 4236//4498
f 4366//4628 4365//4627 4237//4499
f 4367//4629 4366//4628 4238//4500
f 4368//4630 4367//4629 4239//4501
f 4369//4631 4368//4630 4240//4502
f 4370//4632 4369//4631 4241//4503
f 4371//4633 4370//4632 4242//4504
f 4372//4634 4371//4633 4243//4505
f 4373//4635 4372//4634 4244//4506
f 4374//4636 4373//4635 4245//4507
f 4375//4637 4374//4636 4246//4508
f 4376//4638 4375//4637 4247//4509
f 4377//4639 4376//4638 4248//4510
f 4378//4640 4377//4639 4249//4511
f 4379//4641 4378//4640 4250//4512
f 4380//4642 4379//4641 4251//4513
f 4381//4643 4380//4642 4252//4514
f 4382//4644 4381//4643 4253//4515
f 4383//4645 4382//4644 4254//4516
f 4384//4646 4383//4645 4255//4517
f 4385//4647 4384//4646 4256//4518
f 4386//4648 4385//4647 4257//4519
f 4387//4649 4386//4648 4258//4520
f 4260//4522 4388//4650 4387//4649
f 4261//4523 4389//4651 4388//4650
f 4262//4524 4390//4652 4389//4651
f 4263//4525 4391//4653 4390//4652
f 4264//4526 4392//4654 4391//4653
f 4265//4527 4393//4655 4392//4654
f 4266//4528 4394//4656 4393//4655
f 4267//4529 4395//4657 4394//4656
f 4268//4530 4396//4658 4395//4657
f 4269//4531 4397//4659 4396//4658
f 4270//4532 4398//4660 4397//4659
f 4271//4533 4399//4661 4398//4660
f 4272//4534 4400//4662 4399//4661
f 4273//4535 4401//4663 4400//4662
f 4274//4536 4402//4664 4401//4663
f 4275//4537 4403//4665 4402//4664
f 4276//4538 4404//4666 4403//4665
f 4277//4539 4405//4667 4404//4666
f 4278//4540 4406//4668 4405//4667
f 4279//4541 4407//4669 4406//4668
f 4280//4542 4408//4670 4407//4669
f 4281//4543 4409//4671 4408//4670
f 4282//4544 4410//4672 4409//4671
f 4283//4545 4411//4673 4410//4672
f 4284//4546 4412//4674 4411//4673
f 4285//4547 4413//4675 4412//4674
f 4286//4548 4414//4676 4413//4675
f 4287//4549 4415//4677 4414//4676
f 4288//4550 4416//4678 4415//4677
f 4289//4551 4417//4679 4416//4678
f 4290//4552 4418//4680 4417//4679
f 4291//4553 4419//4681 4418//4680
f 4420//4682 4419//4681 4291//4553
f 4421//4683 4420//4682 4292//4554
f 4422//4684 4421//4683 4293//4555
f 4423//4685 4422//4684 4294//4556
f 4424//4686 4423//4685 4295//4557
f 4425//4687 4424//4686 4296//4558
f 4426//4688 4425//4687 4297//4559
f 4427//4689 4426//4688 4298//4560
f 4428//4690 4427//4689 4299//4561
f 4429//4691 4428//4690 4300//4562
f 4430//4692 4429//4691 4301//4563
f 4431//4693 4430//4692 4302//4564
f 4432//4694 4431//4693 4303//4565
f 4433//4695 4432//4694 4304//4566
f 4434//4696 4433//4695 4305//4567
f 4435//4697 4434//4696 4306//4568
f 4436//4698 4435//4697 4307//4569
f 4437//4699 4436//4698 4308//4570
f 4438//4700 4437//4699 4309//4571
f 4439//4701 4438//4700 4310//4572
f 4440//4702 4439//4701 4311//4573
f 4441//4703 4440//4702 4312//4574
f 4442//4704 4441//4703 4313//4575
f 4443//4705 4442//4704 4314//4576
f 4444//4706 4443//4705 4315//4577
f 4445//4707 4444//4706 4316//4578
f 4446//4708 4445//4707 4317//4579
f 4447//4709 4446//4708 4318//4580
f 4448//4710 4447//4709 4319//4581
f 4449//4711 4448//4710 4320//4582
f 4450//4712 4449//4711 4321//4583
f 4323//4585 4450//4712 4322//4584
f 4324//4586 4452//4714 4451//4713
f 4325//4587 4453//4715 4452//4714
f 4326//4588 4454//4716 4453//4715
f 4327//4589 4455//4717 4454//4716
f 4328//4590 4456//4718 4455//4717
f 4329//4591 4457//4719 4456//4718
f 4330//4592 4458//4720 4457//4719
f 4331//4593 4459//4721 4458//4720
f 4332//4594 4460//4722 4459//4721
f 4333//4595 4461//4723 4460//4722
f 4334//4596 4462//4724 4461//4723
f 4335//4597 4463//4725 4462//4724
f 4336//4598 4464//4726 4463//4725
f 4337//4599 4465//4727 4464//4726
f 4338//4600 4466//4728 4465//4727
f 4339//4601 4467//4729 4466//4728
f 4340//4602 4468//4730 4467//4729
f 4341//4603 4469//4731 4468//4730
f 4342//4604 4470//4732 4469//4731
f 4343//4605 4471//4733 4470//4732
f 4344//4606 4472//4734 4471//4733
f 4345//4607 4473//4735 4472//4734
f 4346//4608 4474//4736 4473//4735
f 4347//4609 4475//4737 4474//4736
f 4348//4610 4476//4738 4475//4737
f 4349//4611 4477//4739 4476//4738
f 4350//4612 4478//4740 4477//4739
f 4351//4613 4479//4741 4478//4740
f 4352//4614 4480//4742 4479//4741
f 4353//4615 4481//4743 4480//4742
f 4354//4616 4482//4744 4481//4743
f 4355//4617 4483//4745 4482//4744
f 4484//4746 4483//4745 4355//4617
f 4485//4747 4484//4746 4356//4618
f 4486//4748 4485//4747 4357//4619
f 4487//4749 4486//4748 4358//4620
f 4488//4750 4487//4749 4359//4621
f 4489//4751 4488//4750 4360//4622
f 4490//4752 4489//4751 4361//4623
f 4491//4753 4490//4752 4362//4624
f 4492//4754 4491//4753 4363//4625
f 4493//4755 4492//4754 4364//4626
f 4494//4756 4493//4755 4365//4627
f 4495//4757 4494//4756 4366//4628
f 4496//4758 4495//4757 4367//4629
f 4497//4759 4496//4758 4368//4630
f 4498//4760 4497//4759 4369//4631
f 4499//4761 4498//4760 4370//4632
f 4500//4762 4499//4761 4371//4633
f 4501//4763 4500//4762 4372//4634
f 4502//4764 4501//4763 4373//4635
f 4503//4765 4502//4764 4374//4636
f 4504//4766 4503//4765 4375//4637
f 4505//4767 4504//4766 4376//4638
f 4506//4768 4505//4767 4377//4639
f 4507//4769 4506//4768 4378//4640
f 4508//4770 4507//4769 4379//4641
f 4509//4771 4508//4770 4380//4642
f 4510//4772 4509//4771 4381//4643
f 4511//4773 4510//4772 4382//4644
f 4512//4774 4511//4773 4383//4645
f 4513//4775 4512//4774 4384//4646
f 4514//4776 4513//4775 4385//4647
f 4515//4777 4514//4776 4386//4648
f 4388//4650 4516//4778 4515//4777
f 4389//4651 4517//4779 4516//4778
f 4390//4652 4518//4780 4517//4779
f 4391//4653 4519//4781 4518//4780
f 4392//4654 4520//4782 4519//4781
f 4393//4655 4521//4783 4520//4782
f 4394//4656 4522//4784 4521//4783
f 4395//4657 4523//4785 4522//4784
f 4396//4658 4524//4786 4523//4785
f 4397//4659 4525//4787 4524//4786
f 4398//4660 4526//4788 4525//4787
f 4399//4661 4527//4789 4526//4788
f 4400//4662 4528//4790 4527//4789
f 4401//4663 4529//4791 4528//4790
f 4402//4664 4530//4792 4529//4791
f 4403//4665 4531//4793 4530//4792
f 4404//4666 4532//4794 4531//4793
f 4405//4667 4533//4795 4532//4794
f 4406//4668 4534//4796 4533//4795
f 4407//4669 4535//4797 4534//4796
f 4408//4670 4536//4798 4535//4797
f 4409//4671 4537//4799 4536//4798
f 4410//4672 4538//4800 4537//4799
f 4411//4673 4539//4801 4538//4800
f 4412//4674 4540//4802 4539//4801
f 4413//4675 4541//4803 4540//4802
f 4414//4676 4542//4804 4541//4803
f 4415//4677 4543//4805 4542//4804
f 4416//4678 4544//4806 4543//4805
f 4417//4679 4545//4807 4544//4806
f 4418//4680 4546//4808 4545//4807
f 4419//4681 4547//4809 4546//4808
f 4548//4810 4547//4809 4419//4681
f 4549//4811 4548//4810 4420//4682
f 4550//4812 4549//4811 4421//4683
f 4551//4813 4550//4812 4422//4684
f 4552//4814 4551//4813 4423//4685
f 4553//4815 4552//4814 4424//4686
f 4554//4816 4553//4815 4425//4687
f 4555//4817 4554//4816 4426//4688
f 4556//4818 4555//4817 4427//4689
f 4557//4819 4556//4818 4428//4690
f 4558//4820 4557//4819 4429//4691
f 4559//4821 4558//4820 4430//4692
f 4560//4822 4559//4821 4431//4693
f 4561//4823 4560//4822 4432//4694
f 4562//4824 4561//4823 4433//4695
f 4563//4825 4562//4824 4434//4696
f 4564//4826 4563//4825 4435//4697
f 4565//4827 4564//4826 4436//4698
f 4566//4828 4565//4827 4437//4699
f 4567//4829 4566//4828 4438//4700
f 4568//4830 4567//4829 4439//4701
f 4569//4831 4568//4830 4440//4702
f 4570//4832 4569//4831 4441//4703
f 4571//4833 4570//4832 4442//4704
f 4572//4834 4571//4833 4443//4705
f 4573//4835 4572//4834 4444//4706
f 4574//4836 4573//4835 4445//4707
f 4575//4837 4574//4836 4446//4708
f 4576//4838 4575//4837 4447//4709
f 4577//4839 4576//4838 4448//4710
f 4578//4840 4577//4839 4449//4711
f 4451//4713 4578//4840 4450//4712
f 4452//4714 4580//4842 4579//4841
f 4453//4715 4581//4843 4580//4842
f 4454//4716 4582//4844 4581//4843
f 4455//4717 4583//4845 4582//4844
f 4456//4718 4584//4846 4583//4845
f 4457//4719 4585//4847 4584//4846
f 4458//4720 4586//4848 4585//4847
f 4459//4721 4587//4849 4586//4848
f 4460//4722 4588//4850 4587//4849
f 4461//4723 4589//4851 4588//4850
f 4462//4724 4590//4852 4589//4851
f 4463//4725 4591//4853 4590//4852
f 4464//4726 4592//4854 4591//4853
f 4465//4727 4593//4855 4592//4854
f 4466//4728 4594//4856 4593//4855
f 4467//4729 4595//4857 4594//4856
f 4468//4730 4596//4858 4595//4857
f 4469//4731 4597//4859 4596//4858
f 4470//4732 4598//4860 4597//4859
f 4471//4733 4599//4861 4598//4860
f 4472//4734 4600//4862 4599//4861
f 4473//4735 4601//4863 4600//4862
f 4474//4736 4602//4864 4601//4863
f 4475//4737 4603//4865 4602//4864
f 4476//4738 4604//4866 4603//4865
f 4477//4739 4605//4867 4604//4866
f 4478//4740 4606//4868 4605//4867
f 4479//4741 4607//4869 4606//4868
f 4480//4742 4608//4870 4607//4869
f 4481//4743 4609//4871 4608//4870
f 4482//4744 4610//4872 4609//4871
f 4483//4745 4611//4873 4610//4872
f 4612//4874 4611//4873 4483//4745
f 4613//4875 4612//4874 4484//4746
f 4614//4876 4613//4875 4485//4747
f 4615//4877 4614//4876 4486//4748
f 4616//4878 4615//4877 4487//4749
f 4617//4879 4616//4878 4488//4750
f 4618//4880 4617//4879 4489//4751
f 4619//4881 4618//4880 4490//4752
f 4620//4882 4619//4881 4491//4753
f 4621//4883 4620//4882 4492//4754
f 4622//4884 4621//4883 4493//4755
f 4623//4885 4622//4884 4494//4756
f 4624//4886 4623//4885 4495//4757
f 4625//4887 4624//4886 4496//4758
f 4626//4888 4625//4887 4497//4759
f 4627//4889 4626//4888 4498//4760
f 4628//4890 4627//4889 4499//4761
f 4629//4891 4628//4890 4500//4762
f 4630//4892 4629//4891 4501//4763
f 4631//4893 4630//4892 4502//4764
f 4632//4894 4631//4893 4503//4765
f 4633//4895 4632//4894 4504//4766
f 4634//4896 4633//4895 4505//4767
f 4635//4897 4634//4896 4506//4768
f 4636//4898 4635//4897 4507//4769
f 4637//4899 4636//4898 4508//4770
f 4638//4900 4637//4899 4509//4771
f 4639//4901 4638//4900 4510//4772
f 4640//4902 4639//4901 4511//4773
f 4641//4903 4640//4902 4512//4774
f 4642//4904 4641//4903 4513//4775
f 4643//4905 4642//4904 4514//4776
f 4516//4778 4644//4906 4643//4905
f 4517//4779 4645//4907 4644//4906
f 4518//4780 4646//4908 4645//4907
f 4519//4781 4647//4909 4646//4908
f 4520//4782 4648//4910 4647//4909
f 4521//4783 4649//4911 4648//4910
f 4522//4784 4650//4912 4649//4911
f 4523//4785 4651//4913 4650//4912
f 4524//4786 4652//4914 4651//4913
f 4525//4787 4653//4915 4652//4914
f 4526//4788 4654//4916 4653//4915
f 4527//4789 4655//4917 4654//4916
f 4528//4790 4656//4918 4655//4917
f 4529//4791 4657//4919 4656//4918
f 4530//4792 4658//4920 4657//4919
f 4531//4793 4659//4921 4658//4920
f 4532//4794 4660//4922 4659//4921
f 4533//4795 4661//4923 4660//4922
f 4534//4796 4662//4924 4661//4923
f 4535//4797 4663//4925 4662//4924
f 4536//4798 4664//4926 4663//4925
f 4537//4799 4665//4927 4664//4926
f 4538//4800 4666//4928 4665//4927
f 4539//4801 4667//4929 4666//4928
f 4540//4802 4668//4930 4667//4929
f 4541//4803 4669//4931 4668//4930
f 4542//4804 4670//4932 4669//4931
f 4543//4805 4671//4933 4670//4932
f 4544//4806 4672//4934 4671//4933
f 4545//4807 4673//4935 4672//4934
f 4546//4808 4674//4936 4673//4935
f 4547//4809 4675//4937 4674//4936
f 4676//4938 4675//4937 4547//4809
f 4677//4939 4676//4938 4548//4810
f 4678//4940 4677//4939 4549//4811
f 4679//4941 4678//4940 4550//4812
f 4680//4942 4679//4941 4551//4813
f 4681//4943 4680//4942 4552//4814
f 4682//4944 4681//4943 4553//4815
f 4683//4945 4682//4944 4554//4816
f 4684//4946 4683//4945 4555//4817
f 4685//4947 4684//4946 4556//4818
f 4686//4948 4685//4947 4557//4819
f 4687//4949 4686//4948 4558//4820
f 4688//4950 4687//4949 4559//4821
f 4689//4951 4688//4950 4560//4822
f 4690//4952 4689//4951 4561//4823
f 4691//4953 4690//4952 4562//4824
f 4692//4954 4691//4953 4563//4825
f 4693//4955 4692//4954 4564//4826
f 4694//4956 4693//4955 4565//4827
f 4695//4957 4694//4956 4566//4828
f 4696//4958 4695//4957 4567//4829
f 4697//4959 4696//4958 4568//4830
f 4698//4960 4697//4959 4569//4831
f 4699//4961 4698//4960 4570//4832
f 4700//4962 4699//4961 4571//4833
f 4701//4963 4700//4962 4572//4834
f 4702//4964 4701//4963 4573//4835
f 4703//4965 4702//4964 4574//4836
f 4704//4966 4703//4965 4575//4837
f 4705//4967 4704//4966 4576//4838
f 4706//4968 4705//4967 4577//4839
f 4579//4841 4706//4968 4578//4840
f 4580//4842 4708//4970 4707//4969
f 4581//4843 4709//4971 4708//4970
f 4582//4844 4710//4972 4709//4971
f 4583//4845 4711//4973 4710//4972
f 4584//4846 4712//4974 4711//4973
f 4585//4847 4713//4975 4712//4974
f 4586//4848 4714//4976 4713//4975
f 4587//4849 4715//4977 4714//4976
f 4588//4850 4716//4978 4715//4977
f 4589//4851 4717//4979 4716//4978
f 4590//4852 4718//4980 4717//4979
f 4591//4853 4719//4981 4718//4980
f 4592//4854 4720//4982 4719//4981
f 4593//4855 4721//4983 4720//4982
f 4594//4856 4722//4984 4721//4983
f 4595//4857 4723//4985 4722//4984
f 4596//4858 4724//4986 4723//4985
f 4597//4859 4725//4987 4724//4986
f 4598//4860 4726//4988 4725//4987
f 4599//4861 4727//4989 4726//4988
f 4600//4862 4728//4990 4727//4989
f 4601//4863 4729//4991 4728//4990
f 4602//4864 4730//4992 4729//4991
f 4603//4865 4731//4993 4730//4992
f 4604//4866 4732//4994 4731//4993
f 4605//4867 4733//4995 4732//4994
f 4606//4868 4734//4996 4733//4995
f 4607//4869 4735//4997 4734//4996
f 4608//4870 4736//4998 4735//4997
f 4609//4871 4737//4999 4736//4998
f 4610//4872 4738//5000 4737//4999
f 4611//4873 4739//5001 4738//5000
f 4740//5002 4739//5001 4611//4873
f 4741//5003 4740//5002 4612//4874
f 4742//5004 4741//5003 4613//4875
f 4743//5005 4742//5004 4614//4876
f 4744//5006 4743//5005 4615//4877
f 4745//5007 4744//5006 4616//4878
f 4746//5008 4745//5007 4617//4879
f 4747//5009 4746//5008 4618//4880
f 4748//5010 4747//5009 4619//4881
f 4749//5011 4748//5010 4620//4882
f 4750//5012 4749//5011 4621//4883
f 4751//5013 4750//5012 4622//4884
f 4752//5014 4751//5013 4623//4885
f 4753//5015 4752//5014 4624//4886
f 4754//5016 4753//5015 4625//4887
f 4755//5017 4754//5016 4626//4888
f 4756//5018 4755//5017 4627//4889
f 4757//5019 4756//5018 4628//4890
f 4758//5020 4757//5019 4629//4891
f 4759//5021 4758//5020 4630//4892
f 4760//5022 4759//5021 4631//4893
f 4761//5023 4760//5022 4632//4894
f 4762//5024 4761//5023 4633//4895
f 4763//5025 4762//5024 4634//4896
f 4764//5026 4763//5025 4635//4897
f 4765//5027 4764//5026 4636//4898
f 4766//5028 4765//5027 4637//4899
f 4767//5029 4766//5028 4638//4900
f 4768//5030 4767//5029 4639//4901
f 4769//5031 4768//5030 4640//4902
f 4770//5032 4769//5031 4641//4903
f 4771//5033 4770//5032 4642//4904
f 4644//4906 4772//5034 4771//5033
f 4645//4907 4773//5035 4772//5034
f 4646//4908 4774//5036 4773//5035
f 4647//4909 4775//5037 4774//5036
f 4648//4910 4776//5038 4775//5037
f 4649//4911 4777//5039 4776//5038
f 4650//4912 4778//5040 4777//5039
f 4651//4913 4779//5041 4778//5040
f 4652//4914 4780//5042 4779//5041
f 4653//4915 4781//5043 4780//5042
f 4654//4916 4782//5044 4781//5043
f 4655//4917 4783//5045 4782//5044
f 4656//4918 4784//5046 4783//5045
f 4657//4919 4785//5047 4784//5046
f 4658//4920 4786//5048 4785//5047
f 4659//4921 4787//5049 4786//5048
f 4660//4922 4788//5050 4787//5049
f 4661//4923 4789//5051 4788//5050
f 4662//4924 4790//5052 4789//5051
f 4663//4925 4791//5053 4790//5052
f 4664//4926 4792//5054 4791//5053
f 4665//4927 4793//5055 4792//5054
f 4666//4928 4794//5056 4793//5055
f 4667//4929 4795//5057 4794//5056
f 4668//4930 4796//5058 4795//5057
f 4669//4931 4797//5059 4796//5058
f 4670//4932 4798//5060 4797//5059
f 4671//4933 4799//5061 4798//5060
f 4672//4934 4800//5062 4799//5061
f 4673//4935 4801//5063 4800//5062
f 4674//4936 4802//5064 4801//5063
f 4675//4937 4803//5065 4802//5064
f 4804//5066 4803//5065 4675//4937
f 4805//5067 4804//5066 4676//4938
f 4806//5068 4805//5067 4677//4939
f 4807//5069 4806//5068 4678//4940
f 4808//5070 4807//5069 4679//4941
f 4809//5071 4808//5070 4680//4942
f 4810//5072 4809//5071 4681//4943
f 4811//5073 4810//5072 4682//4944
f 4812//5074 4811//5073 4683//4945
f 4813//5075 4812//5074 4684//4946
f 4814//5076 4813//5075 4685//4947
f 4815//5077 4814//5076 4686//4948
f 4816//5078 4815//5077 4687//4949
f 4817//5079 4816//5078 4688//4950
f 4818//5080 4817//5079 4689//4951
f 4819//5081 4818//5080 4690//4952
f 4820//5082 4819//5081 4691//4953
f 4821//5083 4820//5082 4692//4954
f 4822//5084 4821//5083 4693//4955
f 4823//5085 4822//5084 4694//4956
f 4824//5086 4823//5085 4695//4957
f 4825//5087 4824//5086 4696//4958
f 4826//5088 4825//5087 4697//4959
f 4827//5089 4826//5088 4698//4960
f 4828//5090 4827//5089 4699//4961
f 4829//5091 4828//5090 4700//4962
f 4830//5092 4829//5091 4701//4963
f 4831//5093 4830//5092 4702//4964
f 4832//5094 4831//5093 4703//4965
f 4833//5095 4832//5094 4704//4966
f 4834//5096 4833//5095 4705//4967
f 4707//4969 4834//5096 4706//4968
f 4708//4970 4836//5098 4835//5097
f 4709//4971 4837//5099 4836//5098
f 4710//4972 4838//5100 4837//5099
f 4711//4973 4839//5101 4838//5100
f 4712//4974 4840//5102 4839//5101
f 4713//4975 4841//5103 4840//5102
f 4714//4976 4842//5104 4841//5103
f 4715//4977 4843//5105 4842//5104
f 4716//4978 4844//5106 4843//5105
f 4717//4979 4845//5107 4844//5106
f 4718//4980 4846//5108 4845//5107
f 4719//4981 4847//5109 4846//5108
f 4720//4982 4848//5110 4847//5109
f 4721//4983 4849//5111 4848//5110
f 4722//4984 4850//5112 4849//5111
f 4723//4985 4851//5113 4850//5112
f 4724//4986 4852//5114 4851//5113
f 4725//4987 4853//5115 4852//5114
f 4726//4988 4854//5116 4853//5115
f 4727//4989 4855//5117 4854//5116
f 4728//4990 4856//5118 4855//5117
f 4729//4991 4857//5119 4856//5118
f 4730//4992 4858//5120 4857//5119
f 4731//4993 4859//5121 4858//5120
f 4732//4994 4860//5122 4859//5121
f 4733//4995 4861//5123 4860//5122
f 4734//4996 4862//5124 4861//5123
f 4735//4997 4863//5125 4862//5124
f 4736//4998 4864//5126 4863//5125
f 4737//4999 4865//5127 4864//5126
f 4738//5000 4866//5128 4865//5127
f 4739//5001 4867//5129 4866//5128
f 4868//5130 4867//5129 4739//5001
f 4869//5131 4868//5130 4740//5002
f 4870//5132 4869//5131 4741//5003
f 4871//5133 4870//5132 4742//5004
f 4872//5134 4871//5133 4743//5005
f 4873//5135 4872//5134 4744//5006
f 4874//5136 4873//5135 4745//5007
f 4875//5137 4874//5136 4746//5008
f 4876//5138 4875//5137 4747//5009
f 4877//5139 4876//5138 4748//5010
f 4878//5140 4877//5139 4749//5011
f 4879//5141 4878//5140 4750//5012
f 4880//5142 4879//5141 4751//5013
f 4881//5143 4880//5142 4752//5014
f 4882//5144 4881//5143 4753//5015
f 4883//5145 4882//5144 4754//5016
f 4884//5146 4883//5145 4755//5017
f 4885//5147 4884//5146 4756//5018
f 4886//5148 4885//5147 4757//5019
f 4887//5149 4886//5148 4758//5020
f 4888//5150 4887//5149 4759//5021
f 4889//5151 4888//5150 4760//5022
f 4890//5152 4889//5151 4761//5023
f 4891//5153 4890//5152 4762//5024
f 4892//5154 4891//5153 4763//5025
f 4893//5155 4892//5154 4764//5026
f 4894//5156 4893//5155 4765//5027
f 4895//5157 4894//5156 4766//5028
f 4896//5158 4895//5157 4767//5029
f 4897//5159 4896//5158 4768//5030
f 4898//5160 4897//5159 4769//5031
f 4899//5161 4898//5160 4770//5032
f 4772//5034 4900//5162 4899//5161
f 4773//5035 4901//5163 4900//5162
f 4774//5036 4902//5164 4901//5163
f 4775//5037 4903//5165 4902//5164
f 4776//5038 4904//5166 4903//5165
f 4777//5039 4905//5167 4904//5166
f 4778//5040 4906//5168 4905//5167
f 4779//5041 4907//5169 4906//5168
f 4780//5042 4908//5170 4907//5169
f 4781//5043 4909//5171 4908//5170
f 4782//5044 4910//5172 4909//5171
f 4783//5045 4911//5173 4910//5172
f 4784//5046 4912//5174 4911//5173
f 4785//5047 4913//5175 4912//5174
f 4786//5048 4914//5176 4913//5175
f 4787//5049 4915//5177 4914//5176
f 4788//5050 4916//5178 4915//5177
f 4789//5051 4917//5179 4916//5178
f 4790//5052 4918//5180 4917//5179
f 4791//5053 4919//5181 4918//5180
f 4792//5054 4920//5182 4919//5181
f 4793//5055 4921//5183 4920//5182
f 4794//5056 4922//5184 4921//5183
f 4795//5057 4923//5185 4922//5184
f 4796//5058 4924//5186 4923//5185
f 4797//5059 4925//5187 4924//5186
f 4798//5060 4926//5188 4925//5187
f 4799//5061 4927//5189 4926//5188
f 4800//5062 4928//5190 4927//5189
f 4801//5063 4929//5191 4928//5190
f 4802//5064 4930//5192 4929//5191
f 4803//5065 4931//5193 4930//5192
f 4932//5194 4931//5193 4803//5065
f 4933//5195 4932//5194 4804//5066
f 4934//5196 4933//5195 4805//5067
f 4935//5197 4934//5196 4806//5068
f 4936//5198 4935//5197 4807//5069
f 4937//5199 4936//5198 4808//5070
f 4938//5200 4937//5199 4809//5071
f 4939//5201 4938//5200 4810//5072
f 4940//5202 4939//5201 4811//5073
f 4941//5203 4940//5202 4812//5074
f 4942//5204 4941//5203 4813//5075
f 4943//5205 4942//5204 4814//5076
f 4944//5206 4943//5205 4815//5077
f 4945//5207 4944//5206 4816//5078
f 4946//5208 4945//5207 4817//5079
f 4947//5209 4946//5208 4818//5080
f 4948//5210 4947//5209 4819//5081
f 4949//5211 4948//5210 4820//5082
f 4950//5212 4949//5211 4821//5083
f 4951//5213 4950//5212 4822//5084
f 4952//5214 4951//5213 4823//5085
f 4953//5215 4952//5214 4824//5086
f 4954//5216 4953//5215 4825//5087
f 4955//5217 4954//5216 4826//5088
f 4956//5218 4955//5217 4827//5089
f 4957//5219 4956//5218 4828//5090
f 4958//5220 4957//5219 4829//5091
f 4959//5221 4958//5220 4830//5092
f 4960//5222 4959//5221 4831//5093
f 4961//5223 4960//5222 4832//5094
f 4962//5224 4961//5223 4833//5095
f 4835//5097 4962//5224 4834//5096
f 4836//5098 4964//5226 4963//5225
f 4837//5099 4965//5227 4964//5226
f 4838//5100 4966//5228 4965//5227
f 4839//5101 4967//5229 4966//5228
f 4840//5102 4968//5230 4967//5229
f 4841//5103 4969//5231 4968//5230
f 4842//5104 4970//5232 4969//5231
f 4843//5105 4971//5233 4970//5232
f 4844//5106 4972//5234 4971//5233
f 4845//5107 4973//5235 4972//5234
f 4846//5108 4974//5236 4973//5235
f 4847//5109 4975//5237 4974//5236
f 4848//5110 4976//5238 4975//5237
f 4849//5111 4977//5239 4976//5238
f 4850//5112 4978//5240 4977//5239
f 4851//5113 4979//5241 4978//5240
f 4852//5114 4980//5242 4979//5241
f 4853//5115 4981//5243 4980//5242
f 4854//5116 4982//5244 4981//5243
f 4855//5117 4983//5245 4982//5244
f 4856//5118 4984//5246 4983//5245
f 4857//5119 4985//5247 4984//5246
f 4858//5120 4986//5248 4985//5247
f 4859//5121 4987//5249 4986//5248
f 4860//5122 4988//5250 4987//5249
f 4861//5123 4989//5251 4988//5250
f 4862//5124 4990//5252 4989//5251
f 4863//5125 4991//5253 4990//5252
f 4864//5126 4992//5254 4991//5253
f 4865//5127 4993//5255 4992//5254
f 4866//5128 4994//5256 4993//5255
f 4867//5129 4995//5257 4994//5256
f 4996//5258 4995//5257 4867//5129
f 4997//5259 4996//5258 4868//5130
f 4998//5260 4997//5259 4869//5131
f 4999//5261 4998//5260 4870//5132
f 5000//5262 4999//5261 4871//5133
f 5001//5263 5000//5262 4872//5134
f 5002//5264 5001//5263 4873//5135
f 5003//5265 5002//5264 4874//5136
f 5004//5266 5003//5265 4875//5137
f 5005//5267 5004//5266 4876//5138
f 5006//5268 5005//5267 4877//5139
f 5007//5269 5006//5268 4878//5140
f 5008//5270 5007//5269 4879//5141
f 5009//5271 5008//5270 4880//5142
f 5010//5272 5009//5271 4881//5143
f 5011//5273 5010//5272 4882//5144
f 5012//5274 5011//5273 4883//5145
f 5013//5275 5012//5274 4884//5146
f 5014//5276 5013//5275 4885//5147
f 5015//5277 5014//5276 4886//5148
f 5016//5278 5015//5277 4887//5149
f 5017//5279 5016//5278 4888//5150
f 5018//5280 5017//5279 4889//5151
f 5019//5281 5018//5280 4890//5152
f 5020//5282 5019//5281 4891//5153
f 5021//5283 5020//5282 4892//5154
f 5022//5284 5021//5283 4893//5155
f 5023//5285 5022//5284 4894//5156
f 5024//5286 5023//5285 4895//5157
f 5025//5287 5024//5286 4896//5158
f 5026//5288 5025//5287 4897//5159
f 5027//5289 5026//5288 4898//5160
f 4900//5162 5028//5290 5027//5289
f 4901//5163 5029//5291 5028//5290
f 4902//5164 5030//5292 5029//5291
f 4903//5165 5031//5293 5030//5292
f 4904//5166 5032//5294 5031//5293
f 4905//5167 5033//5295 5032//5294
f 4906//5168 5034//5296 5033//5295
f 4907//5169 5035//5297 5034//5296
f 4908//5170 5036//5298 5035//5297
f 4909//5171 5037//5299 5036//5298
f 4910//5172 5038//5300 5037//5299
f 4911//5173 5039//5301 5038//5300
f 4912//5174 5040//5302 5039//5301
f 4913//5175 5041//5303 5040//5302
f 4914//5176 5042//5304 5041//5303
f 4915//5177 5043//5305 5042//5304
f 4916//5178 5044//5306 5043//5305
f 4917//5179 5045//5307 5044//5306
f 4918//5180 5046//5308 5045//5307
f 4919//5181 5047//5309 5046//5308
f 4920//5182 5048//5310 5047//5309
f 4921//5183 5049//5311 5048//5310
f 4922//5184 5050//5312 5049//5311
f 4923//5185 5051//5313 5050//5312
f 4924//5186 5052//5314 5051//5313
f 4925//5187 5053//5315 5052//5314
f 4926//5188 5054//5316 5053//5315
f 4927//5189 5055//5317 5054//5316
f 4928//5190 5056//5318 5055//5317
f 4929//5191 5057//5319 5056//5318
f 4930//5192 5058//5320 5057//5319
f 4931//5193 5059//5321 5058//5320
f 5060//5322 5059//5321 4931//5193
f 5061//5323 5060//5322 4932//5194
f 5062//5324 5061//5323 4933//5195
f 5063//5325 5062//5324 4934//5196
f 5064//5326 5063//5325 4935//5197
f 5065//5327 5064//5326 4936//5198
f 5066//5328 5065//5327 4937//5199
f 5067//5329 5066//5328 4938//5200
f 5068//5330 5067//5329 4939//5201
f 5069//5331 5068//5330 4940//5202
f 5070//5332 5069//5331 4941//5203
f 5071//5333 5070//5332 4942//5204
f 5072//5334 5071//5333 4943//5205
f 5073//5335 5072//5334 4944//5206
f 5074//5336 5073//5335 4945//5207
f 5075//5337 5074//5336 4946//5208
f 5076//5338 5075//5337 4947//5209
f 5077//5339 5076//5338 4948//5210
f 5078//5340 5077//5339 4949//5211
f 5079//5341 5078//5340 4950//5212
f 5080//5342 5079//5341 4951//5213
f 5081//5343 5080//5342 4952//5214
f 5082//5344 5081//5343 4953//5215
f 5083//5345 5082//5344 4954//5216
f 5084//5346 5083//5345 4955//5217
f 5085//5347 5084//5346 4956//5218
f 5086//5348 5085//5347 4957//5219
f 5087//5349 5086//5348 4958//5220
f 5088//5350 5087//5349 4959//5221
f 5089//5351 5088//5350 4960//5222
f 5090//5352 5089//5351 4961//5223
f 4963//5225 5090//5352 4962//5224
f 4964//5226 5092//5354 5091//5353
f 4965//5227 5093//5355 5092//5354
f 4966//5228 5094//5356 5093//5355
f 4967//5229 5095//5357 5094//5356
f 4968//5230 5096//5358 5095//5357
f 4969//5231 5097//5359 5096//5358
f 4970//5232 5098//5360 5097//5359
f 4971//5233 5099//5361 5098//5360
f 4972//5234 5100//5362 5099//5361
f 4973//5235 5101//5363 5100//5362
f 4974//5236 5102//5364 5101//5363
f 4975//5237 5103//5365 5102//5364
f 4976//5238 5104//5366 5103//5365
f 4977//5239 5105//5367 5104//5366
f 4978//5240 5106//5368 5105//5367
f 4979//5241 5107//5369 5106//5368
f 4980//5242 5108//5370 5107//5369
f 4981//5243 5109//5371 5108//5370
f 4982//5244 5110//5372 5109//5371
f 4983//5245 5111//5373 5110//5372
f 4984//5246 5112//5374 5111//5373
f 4985//5247 5113//5375 5112//5374
f 4986//5248 5114//5376 5113//5375
f 4987//5249 5115//5377 5114//5376
f 4988//5250 5116//5378 5115//5377
f 4989//5251 5117//5379 5116//5378
f 4990//5252 5118//5380 5117//5379
f 4991//5253 5119//5381 5118//5380
f 4992//5254 5120//5382 5119//5381
f 4993//5255 5121//5383 5120//5382
f 4994//5256 5122//5384 5121//5383
f 4995//5257 5123//5385 5122//5384
f 5124//5386 5123//5385 4995//5257
f 5125//5387 5124//5386 4996//5258
f 5126//5388 5125//5387 4997//5259
f 5127//5389 5126//5388 4998//5260
f 5128//5390 5127//5389 4999//5261
f 5129//5391 5128//5390 5000//5262
f 5130//5392 5129//5391 5001//5263
f 5131//5393 5130//5392 5002//5264
f 5132//5394 5131//5393 5003//5265
f 5133//5395 5132//5394 5004//5266
f 5134//5396 5133//5395 5005//5267
f 5135//5397 5134//5396 5006//5268
f 5136//5398 5135//5397 5007//5269
f 5137//5399 5136//5398 5008//5270
f 5138//5400 5137//5399 5009//5271
f 5139//5401 5138//5400 5010//5272
f 5140//5402 5139//5401 5011//5273
f 5141//5403 5140//5402 5012//5274
f 5142//5404 5141//5403 5013//5275
f 5143//5405 5142//5404 5014//5276
f 5144//5406 5143//5405 5015//5277
f 5145//5407 5144//5406 5016//5278
f 5146//5408 5145//5407 5017//5279
f 5147//5409 5146//5408 5018//5280
f 5148//5410 5147//5409 5019//5281
f 5149//5411 5148//5410 5020//5282
f 5150//5412 5149//5411 5021//5283
f 5151//5413 5150//5412 5022//5284
f 5152//5414 5151//5413 5023//5285
f 5153//5415 5152//5414 5024//5286
f 5154//5416 5153//5415 5025//5287
f 5155//5417 5154//5416 5026//5288
f 5028//5290 5156//5418 5155//5417
f 5029//5291 5157//5419 5156//5418
f 5030//5292 5158//5420 5157//5419
f 5031//5293 5159//5421 5158//5420
f 5032//5294 5160//5422 5159//5421
f 5033//5295 5161//5423 5160//5422
f 5034//5296 5162//5424 5161//5423
f 5035//5297 5163//5425 5162//5424
f 5036//5298 5164//5426 5163//5425
f 5037//5299 5165//5427 5164//5426
f 5038//5300 5166//5428 5165//5427
f 5039//5301 5167//5429 5166//5428
f 5040//5302 5168//5430 5167//5429
f 5041//5303 5169//5431 5168//5430
f 5042//5304 5170//5432 5169//5431
f 5043//5305 5171//5433 5170//5432
f 5044//5306 5172//5434 5171//5433
f 5045//5307 5173//5435 5172//5434
f 5046//5308 5174//5436 5173//5435
f 5047//5309 5175//5437 5174//5436
f 5048//5310 5176//5438 5175//5437
f 5049//5311 5177//5439 5176//5438
f 5050//5312 5178//5440 5177//5439
f 5051//5313 5179//5441 5178//5440
f 5052//5314 5180//5442 5179//5441
f 5053//5315 5181//5443 5180//5442
f 5054//5316 5182//5444 5181//5443
f 5055//5317 5183//5445 5182//5444
f 5056//5318 5184//5446 5183//5445
f 5057//5319 5185//5447 5184//5446
f 5058//5320 5186//5448 5185//5447
f 5059//5321 5187//5449 5186//5448
f 5188//5450 5187//5449 5059//5321
f 5189//5451 5188//5450 5060//5322
f 5190//5452 5189//5451 5061//5323
f 5191//5453 5190//5452 5062//5324
f 5192//5454 5191//5453 5063//5325
f 5193//5455 5192//5454 5064//5326
f 5194//5456 5193//5455 5065//5327
f 5195//5457 5194//5456 5066//5328
f 5196//5458 5195//5457 5067//5329
f 5197//5459 5196//5458 5068//5330
f 5198//5460 5197//5459 5069//5331
f 5199//5461 5198//5460 5070//5332
f 5200//5462 5199//5461 5071//5333
f 5201//5463 5200//5462 5072//5334
f 5202//5464 5201//5463 5073//5335
f 5203//5465 5202//5464 5074//5336
f 5204//5466 5203//5465 5075//5337
f 5205//5467 5204//5466 5076//5338
f 5206//5468 5205//5467 5077//5339
f 5207//5469 5206//5468 5078//5340
f 5208//5470 5207//5469 5079//5341
f 5209//5471 5208//5470 5080//5342
f 5210//5472 5209//5471 5081//5343
f 5211//5473 5210//5472 5082//5344
f 5212//5474 5211//5473 5083//5345
f 5213//5475 5212//5474 5084//5346
f 5214//5476 5213//5475 5085//5347
f 5215//5477 5214//5476 5086//5348
f 5216//5478 5215//5477 5087//5349
f 5217//5479 5216//5478 5088//5350
f 5218//5480 5217//5479 5089//5351
f 5091//5353 5218//5480 5090//5352
f 5092//5354 5220//5482 5219//5481
f 5093//5355 5221//5483 5220//5482
f 5094//5356 5222//5484 5221//5483
f 5095//5357 5223//5485 5222//5484
f 5096//5358 5224//5486 5223//5485
f 5097//5359 5225//5487 5224//5486
f 5098//5360 5226//5488 5225//5487
f 5099//5361 5227//5489 5226//5488
f 5100//5362 5228//5490 5227//5489
f 5101//5363 5229//5491 5228//5490
f 5102//5364 5230//5492 5229//5491
f 5103//5365 5231//5493 5230//5492
f 5104//5366 5232//5494 5231//5493
f 5105//5367 5233//5495 5232//5494
f 5106//5368 5234//5496 5233//5495
f 5107//5369 5235//5497 5234//5496
f 5108//5370 5236//5498 5235//5497
f 5109//5371 5237//5499 5236//5498
f 5110//5372 5238//5500 5237//5499
f 5111//5373 5239//5501 5238//5500
f 5112//5374 5240//5502 5239//5501
f 5113//5375 5241//5503 5240//5502
f 5114//5376 5242//5504 5241//5503
f 5115//5377 5243//5505 5242//5504
f 5116//5378 5244//5506 5243//5505
f 5117//5379 5245//5507 5244//5506
f 5118//5380 5246//5508 5245//5507
f 5119//5381 5247//5509 5246//5508
f 5120//5382 5248//5510 5247//5509
f 5121//5383 5249//5511 5248//5510
f 5122//5384 5250//5512 5249//5511
f 5123//5385 5251//5513 5250//5512
f 5252//5514 5251//5513 5123//5385
f 5253//5515 5252//5514 5124//5386
f 5254//5516 5253//5515 5125//5387
f 5255//5517 5254//5516 5126//5388
f 5256//5518 5255//5517 5127//5389
f 5257//5519 5256//5518 5128//5390
f 5258//5520 5257//5519 5129//5391
f 5259//5521 5258//5520 5130//5392
f 5260//5522 5259//5521 5131//5393
f 5261//5523 5260//5522 5132//5394
f 5262//5524 5261//5523 5133//5395
f 5263//5525 5262//5524 5134//5396
f 5264//5526 5263//5525 5135//5397
f 5265//5527 5264//5526 5136//5398
f 5266//5528 5265//5527 5137//5399
f 5267//5529 5266//5528 5138//5400
f 5268//5530 5267//5529 5139//5401
f 5269//5531 5268//5530 5140//5402
f 5270//5532 5269//5531 5141//5403
f 5271//5533 5270//5532 5142//5404
f 5272//5534 5271//5533 5143//5405
f 5273//5535 5272//5534 5144//5406
f 5274//5536 5273//5535 5145//5407
f 5275//5537 5274//5536 5146//5408
f 5276//5538 5275//5537 5147//5409
f 5277//5539 5276//5538 5148//5410
f 5278//5540 5277//5539 5149//5411
f 5279//5541 5278//5540 5150//5412
f 5280//5542 5279//5541 5151//5413
f 5281//5543 5280//5542 5152//5414
f 5282//5544 5281//5543 5153//5415
f 5283//5545 5282//5544 5154//5416
f 5156//5418 5284//5546 5283//5545
f 5157//5419 5285//5547 5284//5546
f 5158//5420 5286//5548 5285//5547
f 5159//5421 5287//5549 5286//5548
f 5160//5422 5288//5550 5287//5549
f 5161//5423 5289//5551 5288//5550
f 5162//5424 5290//5552 5289//5551
f 5163//5425 5291//5553 5290//5552
f 5164//5426 5292//5554 5291//5553
f 5165//5427 5293//5555 5292//5554
f 5166//5428 5294//5556 5293//5555
f 5167//5429 5295//5557 5294//5556
f 5168//5430 5296//5558 5295//5557
f 5169//5431 5297//5559 5296//5558
f 5170//5432 5298//5560 5297//5559
f 5171//5433 5299//5561 5298//5560
f 5172//5434 5300//5562 5299//5561
f 5173//5435 5301//5563 5300//5562
f 5174//5436 5302//5564 5301//5563
f 5175//5437 5303//5565 5302//5564
f 5176//5438 5304//5566 5303//5565
f 5177//5439 5305//5567 5304//5566
f 5178//5440 5306//5568 5305//5567
f 5179//5441 5307//5569 5306//5568
f 5180//5442 5308//5570 5307//5569
f 5181//5443 5309//5571 5308//5570
f 5182//5444 5310//5572 5309//5571
f 5183//5445 5311//5573 5310//5572
f 5184//5446 5312//5574 5311//5573
f 5185//5447 5313//5575 5312//5574
f 5186//5448 5314//5576 5313//5575
f 5187//5449 5315//5577 5314//5576
f 5316//5578 5315//5577 5187//5449
f 5317//5579 5316//5578 5188//5450
f 5318//5580 5317//5579 5189//5451
f 5319//5581 5318//5580 5190//5452
f 5320//5582 5319//5581 5191//5453
f 5321//5583 5320//5582 5192//5454
f 5322//5584 5321//5583 5193//5455
f 5323//5585 5322//5584 5194//5456
f 5324//5586 5323//5585 5195//5457
f 5325//5587 5324//5586 5196//5458
f 5326//5588 5325//5587 5197//5459
f 5327//5589 5326//5588 5198//5460
f 5328//5590 5327//5589 5199//5461
f 5329//5591 5328//5590 5200//5462
f 5330//5592 5329//5591 5201//5463
f 5331//5593 5330//5592 5202//5464
f 5332//5594 5331//5593 5203//5465
f 5333//5595 5332//5594 5204//5466
f 5334//5596 5333//5595 5205//5467
f 5335//5597 5334//5596 5206//5468
f 5336//5598 5335//5597 5207//5469
f 5337//5599 5336//5598 5208//5470
f 5338//5600 5337//5599 5209//5471
f 5339//5601 5338//5600 5210//5472
f 5340//5602 5339//5601 5211//5473
f 5341//5603 5340//5602 5212//5474
f 5342//5604 5341//5603 5213//5475
f 5343//5605 5342//5604 5214//5476
f 5344//5606 5343//5605 5215//5477
f 5345//5607 5344//5606 5216//5478
f 5346//5608 5345//5607 5217//5479
f 5219//5481 5346//5608 5218//5480
f 5220//5482 5348//5610 5347//5609
f 5221//5483 5349//5611 5348//5610
f 5222//5484 5350//5612 5349//5611
f 5223//5485 5351//5613 5350//5612
f 5224//5486 5352//5614 5351//5613
f 5225//5487 5353//5615 5352//5614
f 5226//5488 5354//5616 5353//5615
f 5227//5489 5355//5617 5354//5616
f 5228//5490 5356//5618 5355//5617
f 5229//5491 5357//5619 5356//5618
f 5230//5492 5358//5620 5357//5619
f 5231//5493 5359//5621 5358//5620
f 5232//5494 5360//5622 5359//5621
f 5233//5495 5361//5623 5360//5622
f 5234//5496 5362//5624 5361//5623
f 5235//5497 5363//5625 5362//5624
f 5236//5498 5364//5626 5363//5625
f 5237//5499 5365//5627 5364//5626
f 5238//5500 5366//5628 5365//5627
f 5239//5501 5367//5629 5366//5628
f 5240//5502 5368//5630 5367//5629
f 5241//5503 5369//5631 5368//5630
f 5242//5504 5370//5632 5369//5631
f 5243//5505 5371//5633 5370//5632
f 5244//5506 5372//5634 5371//5633
f 5245//5507 5373//5635 5372//5634
f 5246//5508 5374//5636 5373//5635
f 5247//5509 5375//5637 5374//5636
f 5248//5510 5376//5638 5375//5637
f 5249//5511 5377//5639 5376//5638
f 5250//5512 5378//5640 5377//5639
f 5251//5513 5379//5641 5378//5640
f 5380//5642 5379//5641 5251//5513
f 5381//5643 5380//5642 5252//5514
f 5382//5644 5381//5643 5253//5515
f 5383//5645 5382//5644 5254//5516
f 5384//5646 5383//5645 5255//5517
f 5385//5647 5384//5646 5256//5518
f 5386//5648 5385//5647 5257//5519
f 5387//5649 5386//5648 5258//5520
f 5388//5650 5387//5649 5259//5521
f 5389//5651 5388//5650 5260//5522
f 5390//5652 5389//5651 5261//5523
f 5391//5653 5390//5652 5262//5524
f 5392//5654 5391//5653 5263//5525
f 5393//5655 5392//5654 5264//5526
f 5394//5656 5393//5655 5265//5527
f 5395//5657 5394//5656 5266//5528
f 5396//5658 5395//5657 5267//5529
f 5397//5659 5396//5658 5268//5530
f 5398//5660 5397//5659 5269//5531
f 5399//5661 5398//5660 5270//5532
f 5400//5662 5399//5661 5271//5533
f 5401//5663 5400//5662 5272//5534
f 5402//5664 5401//5663 5273//5535
f 5403//5665 5402//5664 5274//5536
f 5404//5666 5403//5665 5275//5537
f 5405//5667 5404//5666 5276//5538
f 5406//5668 5405//5667 5277//5539
f 5407//5669 5406//5668 5278//5540
f 5408//5670 5407//5669 5279//5541
f 5409//5671 5408//5670 5280//5542
f 5410//5672 5409//5671 5281//5543
f 5411//5673 5410//5672 5282//5544
f 5284//5546 5412//5674 5411//5673
f 5285//5547 5413//5675 5412//5674
f 5286//5548 5414//5676 5413//5675
f 5287//5549 5415//5677 5414//5676
f 5288//5550 5416//5678 5415//5677
f 5289//5551 5417//5679 5416//5678
f 5290//5552 5418//5680 5417//5679
f 5291//5553 5419//5681 5418//5680
f 5292//5554 5420//5682 5419//5681
f 5293//5555 5421//5683 5420//5682
f 5294//5556 5422//5684 5421//5683
f 5295//5557 5423//5685 5422//5684
f 5296//5558 5424//5686 5423//5685
f 5297//5559 5425//5687 5424//5686
f 5298//5560 5426//5688 5425//5687
f 5299//5561 5427//5689 5426//5688
f 5300//5562 5428//5690 5427//5689
f 5301//5563 5429//5691 5428//5690
f 5302//5564 5430//5692 5429//5691
f 5303//5565 5431//5693 5430//5692
f 5304//5566 5432//5694 5431//5693
f 5305//5567 5433//5695 5432//5694
f 5306//5568 5434//5696 5433//5695
f 5307//5569 5435//5697 5434//5696
f 5308//5570 5436//5698 5435//5697
f 5309//5571 5437//5699 5436//5698
f 5310//5572 5438//5700 5437//5699
f 5311//5573 5439//5701 5438//5700
f 5312//5574 5440//5702 5439//5701
f 5313//5575 5441//5703 5440//5702
f 5314//5576 5442//5704 5441//5703
f 5315//5577 5443//5705 5442//5704
f 5444//5706 5443//5705 5315//5577
f 5445//5707 5444//5706 5316//5578
f 5446//5708 5445//5707 5317//5579
f 5447//5709 5446//5708 5318//5580
f 5448//5710 5447//5709 5319//5581
f 5449//5711 5448//5710 5320//5582
f 5450//5712 5449//5711 5321//5583
f 5451//5713 5450//5712 5322//5584
f 5452//5714 5451//5713 5323//5585
f 5453//5715 5452//5714 5324//5586
f 5454//5716 5453//5715 5325//5587
f 5455//5717 5454//5716 5326//5588
f 5456//5718 5455//5717 5327//5589
f 5457//5719 5456//5718 5328//5590
f 5458//5720 5457//5719 5329//5591
f 5459//5721 5458//5720 5330//5592
f 5460//5722 5459//5721 5331//5593
f 5461//5723 5460//5722 5332//5594
f 5462//5724 5461//5723 5333//5595
f 5463//5725 5462//5724 5334//5596
f 5464//5726 5463//5725 5335//5597
f 5465//5727 5464//5726 5336//5598
f 5466//5728 5465//5727 5337//5599
f 5467//5729 5466//5728 5338//5600
f 5468//5730 5467//5729 5339//5601
f 5469//5731 5468//5730 5340//5602
f 5470//5732 5469//5731 5341//5603
f 5471//5733 5470//5732 5342//5604
f 5472//5734 5471//5733 5343//5605
f 5473//5735 5472//5734 5344//5606
f 5474//5736 5473//5735 5345//5607
f 5347//5609 5474//5736 5346//5608
f 5348//5610 5476//5738 5475//5737
f 5349//5611 5477//5739 5476//5738
f 5350//5612 5478//5740 5477//5739
f 5351//5613 5479//5741 5478//5740
f 5352//5614 5480//5742 5479//5741
f 5353//5615 5481//5743 5480//5742
f 5354//5616 5482//5744 5481//5743
f 5355//5617 5483//5745 5482//5744
f 5356//5618 5484//5746 5483//5745
f 5357//5619 5485//5747 5484//5746
f 5358//5620 5486//5748 5485//5747
f 5359//5621 5487//5749 5486//5748
f 5360//5622 5488//5750 5487//5749
f 5361//5623 5489//5751 5488//5750
f 5362//5624 5490//5752 5489//5751
f 5363//5625 5491//5753 5490//5752
f 5364//5626 5492//5754 5491//5753
f 5365//5627 5493//5755 5492//5754
f 5366//5628 5494//5756 5493//5755
f 5367//5629 5495//5757 5494//5756
f 5368//5630 5496//5758 5495//5757
f 5369//5631 5497//5759 5496//5758
f 5370//5632 5498//5760 5497//5759
f 5371//5633 5499//5761 5498//5760
f 5372//5634 5500//5762 5499//5761
f 5373//5635 5501//5763 5500//5762
f 5374//5636 5502//5764 5501//5763
f 5375//5637 5503//5765 5502//5764
f 5376//5638 5504//5766 5503//5765
f 5377//5639 5505//5767 5504//5766
f 5378//5640 5506//5768 5505//5767
f 5379//5641 5507//5769 5506//5768
f 5508//5770 5507//5769 5379//5641
f 5509//5771 5508//5770 5380//5642
f 5510//5772 5509//5771 5381//5643
f 5511//5773 5510//5772 5382//5644
f 5512//5774 5511//5773 5383//5645
f 5513//5775 5512//5774 5384//5646
f 5514//5776 5513//5775 5385//5647
f 5515//5777 5514//5776 5386//5648
f 5516//5778 5515//5777 5387//5649
f 5517//5779 5516//5778 5388//5650
f 5518//5780 5517//5779 5389//5651
f 5519//5781 5518//5780 5390//5652
f 5520//5782 5519//5781 5391//5653
f 5521//5783 5520//5782 5392//5654
f 5522//5784 5521//5783 5393//5655
f 5523//5785 5522//5784 5394//5656
f 5524//5786 5523//5785 5395//5657
f 5525//5787 5524//5786 5396//5658
f 5526//5788 5525//5787 5397//5659
f 5527//5789 5526//5788 5398//5660
f 5528//5790 5527//5789 5399//5661
f 5529//5791 5528//5790 5400//5662
f 5530//5792 5529//5791 5401//5663
f 5531//5793 5530//5792 5402//5664
f 5532//5794 5531//5793 5403//5665
f 5533//5795 5532//5794 5404//5666
f 5534//5796 5533//5795 5405//5667
f 5535//5797 5534//5796 5406//5668
f 5536//5798 5535//5797 5407//5669
f 5537//5799 5536//5798 5408//5670
f 5538//5800 5537//5799 5409//5671
f 5539//5801 5538//5800 5410//5672
f 5412//5674 5540//5802 5539//5801
f 5413//5675 5541//5803 5540//5802
f 5414//5676 5542//5804 5541//5803
f 5415//5677 5543//5805 5542//5804
f 5416//5678 5544//5806 5543//5805
f 5417//5679 5545//5807 5544//5806
f 5418//5680 5546//5808 5545//5807
f 5419//5681 5547//5809 5546//5808
f 5420//5682 5548//5810 5547//5809
f 5421//5683 5549//5811 5548//5810
f 5422//5684 5550//5812 5549//5811
f 5423//5685 5551//5813 5550//5812
f 5424//5686 5552//5814 5551//5813
f 5425//5687 5553//5815 5552//5814
f 5426//5688 5554//5816 5553//5815
f 5427//5689 5555//5817 5554//5816
f 5428//5690 5556//5818 5555//5817
f 5429//5691 5557//5819 5556//5818
f 5430//5692 5558//5820 5557//5819
f 5431//5693 5559//5821 5558//5820
f 5432//5694 5560//5822 5559//5821
f 5433//5695 5561//5823 5560//5822
f 5434//5696 5562//5824 5561//5823
f 5435//5697 5563//5825 5562//5824
f 5436//5698 5564//5826 5563//5825
f 5437//5699 5565//5827 5564//5826
f 5438//5700 5566//5828 5565//5827
f 5439//5701 5567//5829 5566//5828
f 5440//5702 5568//5830 5567//5829
f 5441//5703 5569//5831 5568//5830
f 5442//5704 5570//5832 5569//5831
f 5443//5705 5571//5833 5570//5832
f 5572//5834 5571//5833 5443//5705
f 5573//5835 5572//5834 5444//5706
f 5574//5836 5573//5835 5445//5707
f 5575//5837 5574//5836 5446//5708
f 5576//5838 5575//5837 5447//5709
f 5577//5839 5576//5838 5448//5710
f 5578//5840 5577//5839 5449//5711
f 5579//5841 5578//5840 5450//5712
f 5580//5842 5579//5841 5451//5713
f 5581//5843 5580//5842 5452//5714
f 5582//5844 5581//5843 5453//5715
f 5583//5845 5582//5844 5454//5716
f 5584//5846 5583//5845 5455//5717
f 5585//5847 5584//5846 5456//5718
f 5586//5848 5585//5847 5457//5719
f 5587//5849 5586//5848 5458//5720
f 5588//5850 5587//5849 5459//5721
f 5589//5851 5588//5850 5460//5722
f 5590//5852 5589//5851 5461//5723
f 5591//5853 5590//5852 5462//5724
f 5592//5854 5591//5853 5463//5725
f 5593//5855 5592//5854 5464//5726
f 5594//5856 5593//5855 5465//5727
f 5595//5857 5594//5856 5466//5728
f 5596//5858 5595//5857 5467//5729
f 5597//5859 5596//5858 5468//5730
f 5598//5860 5597//5859 5469//5731
f 5599//5861 5598//5860 5470//5732
f 5600//5862 5599//5861 5471//5733
f 5601//5863 5600//5862 5472//5734
f 5602//5864 5601//5863 5473//5735
f 5475//5737 5602//5864 5474//5736
f 5476//5738 5604//5866 5603//5865
f 5477//5739 5605//5867 5604//5866
f 5478//5740 5606//5868 5605//5867
f 5479//5741 5607//5869 5606//5868
f 5480//5742 5608//5870 5607//5869
f 5481//5743 5609//5871 5608//5870
f 5482//5744 5610//5872 5609//5871
f 5483//5745 5611//5873 5610//5872
f 5484//5746 5612//5874 5611//5873
f 5485//5747 5613//5875 5612//5874
f 5486//5748 5614//5876 5613//5875
f 5487//5749 5615//5877 5614//5876
f 5488//5750 5616//5878 5615//5877
f 5489//5751 5617//5879 5616//5878
f 5490//5752 5618//5880 5617//5879
f 5491//5753 5619//5881 5618//5880
f 5492//5754 5620//5882 5619//5881
f 5493//5755 5621//5883 5620//5882
f 5494//5756 5622//5884 5621//5883
f 5495//5757 5623//5885 5622//5884
f 5496//5758 5624//5886 5623//5885
f 5497//5759 5625//5887 5624//5886
f 5498//5760 5626//5888 5625//5887
f 5499//5761 5627//5889 5626//5888
f 5500//5762 5628//5890 5627//5889
f 5501//5763 5629//5891 5628//5890
f 5502//5764 5630//5892 5629//5891
f 5503//5765 5631//5893 5630//5892
f 5504//5766 5632//5894 5631//5893
f 5505//5767 5633//5895 5632//5894
f 5506//5768 5634//5896 5633//5895
f 5507//5769 5635//5897 5634//5896
f 5636//5898 5635//5897 5507//5769
f 5637//5899 5636//5898 5508//5770
f 5638//5900 5637//5899 5509//5771
f 5639//5901 5638//5900 5510//5772
f 5640//5902 5639//5901 5511//5773
f 5641//5903 5640//5902 5512//5774
f 5642//5904 5641//5903 5513//5775
f 5643//5905 5642//5904 5514//5776
f 5644//5906 5643//5905 5515//5777
f 5645//5907 5644//5906 5516//5778
f 5646//5908 5645//5907 5517//5779
f 5647//5909 5646//5908 5518//5780
f 5648//5910 5647//5909 5519//5781
f 5649//5911 5648//5910 5520//5782
f 5650//5912 5649//5911 5521//5783
f 5651//5913 5650//5912 5522//5784
f 5652//5914 5651//5913 5523//5785
f 5653//5915 5652//5914 5524//5786
f 5654//5916 5653//5915 5525//5787
f 5655//5917 5654//5916 5526//5788
f 5656//5918 5655//5917 5527//5789
f 5657//5919 5656//5918 5528//5790
f 5658//5920 5657//5919 5529//5791
f 5659//5921 5658//5920 5530//5792
f 5660//5922 5659//5921 5531//5793
f 5661//5923 5660//5922 5532//5794
f 5662//5924 5661//5923 5533//5795
f 5663//5925 5662//5924 5534//5796
f 5664//5926 5663//5925 5535//5797
f 5665//5927 5664//5926 5536//5798
f 5666//5928 5665//5927 5537//5799
f 5667//5929 5666//5928 5538//5800
f 5540//5802 5668//5930 5667//5929
f 5541//5803 5669//5931 5668//5930
f 5542//5804 5670//5932 5669//5931
f 5543//5805 5671//5933 5670//5932
f 5544//5806 5672//5934 5671//5933
f 5545//5807 5673//5935 5672//5934
f 5546//5808 5674//5936 5673//5935
f 5547//5809 5675//5937 5674//5936
f 5548//5810 5676//5938 5675//5937
f 5549//5811 5677//5939 5676//5938
f 5550//5812 5678//5940 5677//5939
f 5551//5813 5679//5941 5678//5940
f 5552//5814 5680//5942 5679//5941
f 5553//5815 5681//5943 5680//5942
f 5554//5816 5682//5944 5681//5943
f 5555//5817 5683//5945 5682//5944
f 5556//5818 5684//5946 5683//5945
f 5557//5819 5685//5947 5684//5946
f 5558//5820 5686//5948 5685//5947
f 5559//5821 5687//5949 5686//5948
f 5560//5822 5688//5950 5687//5949
f 5561//5823 5689//5951 5688//5950
f 5562//5824 5690//5952 5689//5951
f 5563//5825 5691//5953 5690//5952
f 5564//5826 5692//5954 5691//5953
f 5565//5827 5693//5955 5692//5954
f 5566//5828 5694//5956 5693//5955
f 5567//5829 5695//5957 5694//5956
f 5568//5830 5696//5958 5695//5957
f 5569//5831 5697//5959 5696//5958
f 5570//5832 5698//5960 5697//5959
f 5571//5833 5699//5961 5698//5960
f 5700//5962 5699//5961 5571//5833
f 5701//5963 5700//5962 5572//5834
f 5702//5964 5701//5963 5573//5835
f 5703//5965 5702//5964 5574//5836
f 5704//5966 5703//5965 5575//5837
f 5705//5967 5704//5966 5576//5838
f 5706//5968 5705//5967 5577//5839
f 5707//5969 5706//5968 5578//5840
f 5708//5970 5707//5969 5579//5841
f 5709//5971 5708//5970 5580//5842
f 5710//5972 5709//5971 5581//5843
f 5711//5973 5710//5972 5582//5844
f 5712//5974 5711//5973 5583//5845
f 5713//5975 5712//5974 5584//5846
f 5714//5976 5713//5975 5585//5847
f 5715//5977 5714//5976 5586//5848
f 5716//5978 5715//5977 5587//5849
f 5717//5979 5716//5978 5588//5850
f 5718//5980 5717//5979 5589//5851
f 5719//5981 5718//5980 5590//5852
f 5720//5982 5719//5981 5591//5853
f 5721//5983 5720//5982 5592//5854
f 5722//5984 5721//5983 5593//5855
f 5723//5985 5722//5984 5594//5856
f 5724//5986 5723//5985 5595//5857
f 5725//5987 5724//5986 5596//5858
f 5726//5988 5725//5987 5597//5859
f 5727//5989 5726//5988 5598//5860
f 5728//5990 5727//5989 5599//5861
f 5729//5991 5728//5990 5600//5862
f 5730//5992 5729//5991 5601//5863
f 5603//5865 5730//5992 5602//5864
f 5604//5866 5732//5994 5731//5993
f 5605//5867 5733//5995 5732//5994
f 5606//5868 5734//5996 5733//5995
f 5607//5869 5735//5997 5734//5996
f 5608//5870 5736//5998 5735//5997
f 5609//5871 5737//5999 5736//5998
f 5610//5872 5738//6000 5737//5999
f 5611//5873 5739//6001 5738//6000
f 5612//5874 5740//6002 5739//6001
f 5613//5875 5741//6003 5740//6002
f 5614//5876 5742//6004 5741//6003
f 5615//5877 5743//6005 5742//6004
f 5616//5878 5744//6006 5743//6005
f 5617//5879 5745//6007 5744//6006
f 5618//5880 5746//6008 5745//6007
f 5619//5881 5747//6009 5746//6008
f 5620//5882 5748//6010 5747//6009
f 5621//5883 5749//6011 5748//6010
f 5622//5884 5750//6012 5749//6011
f 5623//5885 5751//6013 5750//6012
f 5624//5886 5752//6014 5751//6013
f 5625//5887 5753//6015 5752//6014
f 5626//5888 5754//6016 5753//6015
f 5627//5889 5755//6017 5754//6016
f 5628//5890 5756//6018 5755//6017
f 5629//5891 5757//6019 5756//6018
f 5630//5892 5758//6020 5757//6019
f 5631//5893 5759//6021 5758//6020
f 5632//5894 5760//6022 5759//6021
f 5633//5895 5761//6023 5760//6022
f 5634//5896 5762//6024 5761//6023
f 5635//5897 5763//6025 5762//6024
f 5764//6026 5763//6025 5635//5897
f 5765//6027 5764//6026 5636//5898
f 5766//6028 5765//6027 5637//5899
f 5767//6029 5766//6028 5638//5900
f 5768//6030 5767//6029 5639//5901
f 5769//6031 5768//6030 5640//5902
f 5770//6032 5769//6031 5641//5903
f 5771//6033 5770//6032 5642//5904
f 5772//6034 5771//6033 5643//5905
f 5773//6035 5772//6034 5644//5906
f 5774//6036 5773//6035 5645//5907
f 5775//6037 5774//6036 5646//5908
f 5776//6038 5775//6037 5647//5909
f 5777//6039 5776//6038 5648//5910
f 5778//6040 5777//6039 5649//5911
f 5779//6041 5778//6040 5650//5912
f 5780//6042 5779//6041 5651//5913
f 5781//6043 5780//6042 5652//5914
f 5782//6044 5781//6043 5653//5915
f 5783//6045 5782//6044 5654//5916
f 5784//6046 5783//6045 5655//5917
f 5785//6047 5784//6046 5656//5918
f 5786//6048 5785//6047 5657//5919
f 5787//6049 5786//6048 5658//5920
f 5788//6050 5787//6049 5659//5921
f 5789//6051 5788//6050 5660//5922
f 5790//6052 5789//6051 5661//5923
f 5791//6053 5790//6052 5662//5924
f 5792//6054 5791//6053 5663//5925
f 5793//6055 5792//6054 5664//5926
f 5794//6056 5793//6055 5665//5927
f 5795//6057 5794//6056 5666//5928
f 5668//5930 5796//6058 5795//6057
f 5669//5931 5797//6059 5796//6058
f 5670//5932 5798//6060 5797//6059
f 5671//5933 5799//6061 5798//6060
f 5672//5934 5800//6062 5799//6061
f 5673//5935 5801//6063 5800//6062
f 5674//5936 5802//6064 5801//6063
f 5675//5937 5803//6065 5802//6064
f 5676//5938 5804//6066 5803//6065
f 5677//5939 5805//6067 5804//6066
f 5678//5940 5806//6068 5805//6067
f 5679//5941 5807//6069 5806//6068
f 5680//5942 5808//6070 5807//6069
f 5681//5943 5809//6071 5808//6070
f 5682//5944 5810//6072 5809//6071
f 5683//5945 5811//6073 5810//6072
f 5684//5946 5812//6074 5811//6073
f 5685//5947 5813//6075 5812//6074
f 5686//5948 5814//6076 5813//6075
f 5687//5949 5815//6077 5814//6076
f 5688//5950 5816//6078 5815//6077
f 5689//5951 5817//6079 5816//6078
f 5690//5952 5818//6080 5817//6079
f 5691//5953 5819//6081 5818//6080
f 5692//5954 5820//6082 5819//6081
f 5693//5955 5821//6083 5820//6082
f 5694//5956 5822//6084 5821//6083
f 5695//5957 5823//6085 5822//6084
f 5696//5958 5824//6086 5823//6085
f 5697//5959 5825//6087 5824//6086
f 5698//5960 5826//6088 5825//6087
f 5699//5961 5827//6089 5826//6088
f 5828//6090 5827//6089 5699//5961
f 5829//6091 5828//6090 5700//5962
f 5830//6092 5829//6091 5701//5963
f 5831//6093 5830//6092 5702//5964
f 5832//6094 5831//6093 5703//5965
f 5833//6095 5832//6094 5704//5966
f 5834//6096 5833//6095 5705//5967
f 5835//6097 5834//6096 5706//5968
f 5836//6098 5835//6097 5707//5969
f 5837//6099 5836//6098 5708//5970
f 5838//6100 5837//6099 5709//5971
f 5839//6101 5838//6100 5710//5972
f 5840//6102 5839//6101 5711//5973
f 5841//6103 5840//6102 5712//5974
f 5842//6104 5841//6103 5713//5975
f 5843//6105 5842//6104 5714//5976
f 5844//6106 5843//6105 5715//5977
f 5845//6107 5844//6106 5716//5978
f 5846//6108 5845//6107 5717//5979
f 5847//6109 5846//6108 5718//5980
f 5848//6110 5847//6109 5719//5981
f 5849//6111 5848//6110 5720//5982
f 5850//6112 5849//6111 5721//5983
f 5851//6113 5850//6112 5722//5984
f 5852//6114 5851//6113 5723//5985
f 5853//6115 5852//6114 5724//5986
f 5854//6116 5853//6115 5725//5987
f 5855//6117 5854//6116 5726//5988
f 5856//6118 5855//6117 5727//5989
f 5857//6119 5856//6118 5728//5990
f 5858//6120 5857//6119 5729//5991
f 5731//5993 5858//6120 5730//5992
f 5732//5994 5860//6122 5859//6121
f 5733//5995 5861//6123 5860//6122
f 5734//5996 5862//6124 5861//6123
f 5735//5997 5863//6125 5862//6124
f 5736//5998 5864//6126 5863//6125
f 5737//5999 5865//6127 5864//6126
f 5738//6000 5866//6128 5865//6127
f 5739//6001 5867//6129 5866//6128
f 5740//6002 5868//6130 5867//6129
f 5741//6003 5869//6131 5868//6130
f 5742//6004 5870//6132 5869//6131
f 5743//6005 5871//6133 5870//6132
f 5744//6006 5872//6134 5871//6133
f 5745//6007 5873//6135 5872//6134
f 5746//6008 5874//6136 5873//6135
f 5747//6009 5875//6137 5874//6136
f 5748//6010 5876//6138 5875//6137
f 5749//6011 5877//6139 5876//6138
f 5750//6012 5878//6140 5877//6139
f 5751//6013 5879//6141 5878//6140
f 5752//6014 5880//6142 5879//6141
f 5753//6015 5881//6143 5880//6142
f 5754//6016 5882//6144 5881//6143
f 5755//6017 5883//6145 5882//6144
f 5756//6018 5884//6146 5883//6145
f 5757//6019 5885//6147 5884//6146
f 5758//6020 5886//6148 5885//6147
f 5759//6021 5887//6149 5886//6148
f 5760//6022 5888//6150 5887//6149
f 5761//6023 5889//6151 5888//6150
f 5762//6024 5890//6152 5889//6151
f 5763//6025 5891//6153 5890//6152
f 5892//6154 5891//6153 5763//6025
f 5893//6155 5892//6154 5764//6026
f 5894//6156 5893//6155 5765//6027
f 5895//6157 5894//6156 5766//6028
f 5896//6158 5895//6157 5767//6029
f 5897//6159 5896//6158 5768//6030
f 5898//6160 5897//6159 5769//6031
f 5899//6161 5898//6160 5770//6032
f 5900//6162 5899//6161 5771//6033
f 5901//6163 5900//6162 5772//6034
f 5902//6164 5901//6163 5773//6035
f 5903//6165 5902//6164 5774//6036
f 5904//6166 5903//6165 5775//6037
f 5905//6167 5904//6166 5776//6038
f 5906//6168 5905//6167 5777//6039
f 5907//6169 5906//6168 5778//6040
f 5908//6170 5907//6169 5779//6041
f 5909//6171 5908//6170 5780//6042
f 5910//6172 5909//6171 5781//6043
f 5911//6173 5910//6172 5782//6044
f 5912//6174 5911//6173 5783//6045
f 5913//6175 5912//6174 5784//6046
f 5914//6176 5913//6175 5785//6047
f 5915//6177 5914//6176 5786//6048
f 5916//6178 5915//6177 5787//6049
f 5917//6179 5916//6178 5788//6050
f 5918//6180 5917//6179 5789//6051
f 5919//6181 5918//6180 5790//6052
f 5920//6182 5919//6181 5791//6053
f 5921//6183 5920//6182 5792//6054
f 5922//6184 5921//6183 5793//6055
f 5923//6185 5922//6184 5794//6056
f 5796//6058 5924//6186 5923//6185
f 5797//6059 5925//6187 5924//6186
f 5798//6060 5926//6188 5925//6187
f 5799//6061 5927//6189 5926//6188
f 5800//6062 5928//6190 5927//6189
f 5801//6063 5929//6191 5928//6190
f 5802//6064 5930//6192 5929//6191
f 5803//6065 5931//6193 5930//6192
f 5804//6066 5932//6194 5931//6193
f 5805//6067 5933//6195 5932//6194
f 5806//6068 5934//6196 5933//6195
f 5807//6069 5935//6197 5934//6196
f 5808//6070 5936//6198 5935//6197
f 5809//6071 5937//6199 5936//6198
f 5810//6072 5938//6200 5937//6199
f 5811//6073 5939//6201 5938//6200
f 5812//6074 5940//6202 5939//6201
f 5813//6075 5941//6203 5940//6202
f 5814//6076 5942//6204 5941//6203
f 5815//6077 5943//6205 5942//6204
f 5816//6078 5944//6206 5943//6205
f 5817//6079 5945//6207 5944//6206
f 5818//6080 5946//6208 5945//6207
f 5819//6081 5947//6209 5946//6208
f 5820//6082 5948//6210 5947//6209
f 5821//6083 5949//6211 5948//6210
f 5822//6084 5950//6212 5949//6211
f 5823//6085 5951//6213 5950//6212
f 5824//6086 5952//6214 5951//6213
f 5825//6087 5953//6215 5952//6214
f 5826//6088 5954//6216 5953//6215
f 5827//6089 5955//6217 5954//6216
f 5956//6218 5955//6217 5827//6089
f 5957//6219 5956//6218 5828//6090
f 5958//6220 5957//6219 5829//6091
f 5959//6221 5958//6220 5830//6092
f 5960//6222 5959//6221 5831//6093
f 5961//6223 5960//6222 5832//6094
f 5962//6224 5961//6223 5833//6095
f 5963//6225 5962//6224 5834//6096
f 5964//6226 5963//6225 5835//6097
f 5965//6227 5964//6226 5836//6098
f 5966//6228 5965//6227 5837//6099
f 5967//6229 5966//6228 5838//6100
f 5968//6230 5967//6229 5839//6101
f 5969//6231 5968//6230 5840//6102
f 5970//6232 5969//6231 5841//6103
f 5971//6233 5970//6232 5842//6104
f 5972//6234 5971//6233 5843//6105
f 5973//6235 5972//6234 5844//6106
f 5974//6236 5973//6235 5845//6107
f 5975//6237 5974//6236 5846//6108
f 5976//6238 5975//6237 5847//6109
f 5977//6239 5976//6238 5848//6110
f 5978//6240 5977//6239 5849//6111
f 5979//6241 5978//6240 5850//6112
f 5980//6242 5979//6241 5851//6113
f 5981//6243 5980//6242 5852//6114
f 5982//6244 5981//6243 5853//6115
f 5983//6245 5982//6244 5854//6116
f 5984//6246 5983//6245 5855//6117
f 5985//6247 5984//6246 5856//6118
f 5986//6248 5985//6247 5857//6119
f 5859//6121 5986//6248 5858//6120
f 5860//6122 5988//6250 5987//6249
f 5861//6123 5989//6251 5988//6250
f 5862//6124 5990//6252 5989//6251
f 5863//6125 5991//6253 5990//6252
f 5864//6126 5992//6254 5991//6253
f 5865//6127 5993//6255 5992//6254
f 5866//6128 5994//6256 5993//6255
f 5867//6129 5995//6257 5994//6256
f 5868//6130 5996//6258 5995//6257
f 5869//6131 5997//6259 5996//6258
f 5870//6132 5998//6260 5997//6259
f 5871//6133 5999//6261 5998//6260
f 5872//6134 6000//6262 5999//6261
f 5873//6135 6001//6263 6000//6262
f 5874//6136 6002//6264 6001//6263
f 5875//6137 6003//6265 6002//6264
f 5876//6138 6004//6266 6003//6265
f 5877//6139 6005//6267 6004//6266
f 5878//6140 6006//6268 6005//6267
f 5879//6141 6007//6269 6006//6268
f 5880//6142 6008//6270 6007//6269
f 5881//6143 6009//6271 6008//6270
f 5882//6144 6010//6272 6009//6271
f 5883//6145 6011//6273 6010//6272
f 5884//6146 6012//6274 6011//6273
f 5885//6147 6013//6275 6012//6274
f 5886//6148 6014//6276 6013//6275
f 5887//6149 6015//6277 6014//6276
f 5888//6150 6016//6278 6015//6277
f 5889//6151 6017//6279 6016//6278
f 5890//6152 6018//6280 6017//6279
f 5891//6153 6019//6281 6018//6280
f 6020//6282 6019//6281 5891//6153
f 6021//6283 6020//6282 5892//6154
f 6022//6284 6021//6283 5893//6155
f 6023//6285 6022//6284 5894//6156
f 6024//6286 6023//6285 5895//6157
f 6025//6287 6024//6286 5896//6158
f 6026//6288 6025//6287 5897//6159
f 6027//6289 6026//6288 5898//6160
f 6028//6290 6027//6289 5899//6161
f 6029//6291 6028//6290 5900//6162
f 6030//6292 6029//6291 5901//6163
f 6031//6293 6030//6292 5902//6164
f 6032//6294 6031//6293 5903//6165
f 6033//6295 6032//6294 5904//6166
f 6034//6296 6033//6295 5905//6167
f 6035//6297 6034//6296 5906//6168
f 6036//6298 6035//6297 5907//6169
f 6037//6299 6036//6298 5908//6170
f 6038//6300 6037//6299 5909//6171
f 6039//6301 6038//6300 5910//6172
f 6040//6302 6039//6301 5911//6173
f 6041//6303 6040//6302 5912//6174
f 6042//6304 6041//6303 5913//6175
f 6043//6305 6042//6304 5914//6176
f 6044//6306 6043//6305 5915//6177
f 6045//6307 6044//6306 5916//6178
f 6046//6308 6045//6307 5917//6179
f 6047//6309 6046//6308 5918//6180
f 6048//6310 6047//6309 5919//6181
f 6049//6311 6048//6310 5920//6182
f 6050//6312 6049//6311 5921//6183
f 6051//6313 6050//6312 5922//6184
f 5924//6186 6052//6314 6051//6313
f 5925//6187 6053//6315 6052//6314
f 5926//6188 6054//6316 6053//6315
f 5927//6189 6055//6317 6054//6316
f 5928//6190 6056//6318 6055//6317
f 5929//6191 6057//6319 6056//6318
f 5930//6192 6058//6320 6057//6319
f 5931//6193 6059//6321 6058//6320
f 5932//6194 6060//6322 6059//6321
f 5933//6195 6061//6323 6060//6322
f 5934//6196 6062//6324 6061//6323
f 5935//6197 6063//6325 6062//6324
f 5936//6198 6064//6326 6063//6325
f 5937//6199 6065//6327 6064//6326
f 5938//6200 6066//6328 6065//6327
f 5939//6201 6067//6329 6066//6328
f 5940//6202 6068//6330 6067//6329
f 5941//6203 6069//6331 6068//6330
f 5942//6204 6070//6332 6069//6331
f 5943//6205 6071//6333 6070//6332
f 5944//6206 6072//6334 6071//6333
f 5945//6207 6073//6335 6072//6334
f 5946//6208 6074//6336 6073//6335
f 5947//6209 6075//6337 6074//6336
f 5948//6210 6076//6338 6075//6337
f 5949//6211 6077//6339 6076//6338
f 5950//6212 6078//6340 6077//6339
f 5951//6213 6079//6341 6078//6340
f 5952//6214 6080//6342 6079//6341
f 5953//6215 6081//6343 6080//6342
f 5954//6216 6082//6344 6081//6343
f 5955//6217 6083//6345 6082//6344
f 6084//6346 6083//6345 5955//6217
f 6085//6347 6084//6346 5956//6218
f 6086//6348 6085//6347 5957//6219
f 6087//6349 6086//6348 5958//6220
f 6088//6350 6087//6349 5959//6221
f 6089//6351 6088//6350 5960//6222
f 6090//6352 6089//6351 5961//6223
f 6091//6353 6090//6352 5962//6224
f 6092//6354 6091//6353 5963//6225
f 6093//6355 6092//6354 5964//6226
f 6094//6356 6093//6355 5965//6227
f 6095//6357 6094//6356 5966//6228
f 6096//6358 6095//6357 5967//6229
f 6097//6359 6096//6358 5968//6230
f 6098//6360 6097//6359 5969//6231
f 6099//6361 6098//6360 5970//6232
f 6100//6362 6099//6361 5971//6233
f 6101//6363 6100//6362 5972//6234
f 6102//6364 6101//6363 5973//6235
f 6103//6365 6102//6364 5974//6236
f 6104//6366 6103//6365 5975//6237
f 6105//6367 6104//6366 5976//6238
f 6106//6368 6105//6367 5977//6239
f 6107//6369 6106//6368 5978//6240
f 6108//6370 6107//6369 5979//6241
f 6109//6371 6108//6370 5980//6242
f 6110//6372 6109//6371 5981//6243
f 6111//6373 6110//6372 5982//6244
f 6112//6374 6111//6373 5983//6245
f 6113//6375 6112//6374 5984//6246
f 6114//6376 6113//6375 5985//6247
f 5987//6249 6114//6376 5986//6248
f 5987//6249 5988//6250 3939//4201
f 5988//6250 5989//6251 3940//4202
f 5989//6251 5990//6252 3941//4203
f 5990//6252 5991//6253 3942//4204
f 5991//6253 5992//6254 3943//4205
f 5992//6254 5993//6255 3944//4206
f 5993//6255 5994//6256 3945//4207
f 5994//6256 5995//6257 3946//4208
f 5995//6257 5996//6258 3947//4209
f 5996//6258 5997//6259 3948//4210
f 5997//6259 5998//6260 3949//4211
f 5998//6260 5999//6261 3950//4212
f 5999//6261 6000//6262 3951//4213
f 6000//6262 6001//6263 3952//4214
f 6001//6263 6002//6264 3953//4215
f 6002//6264 6003//6265 3954//4216
f 6003//6265 6004//6266 3955//4217
f 6004//6266 6005//6267 3956//4218
f 6005//6267 6006//6268 3957//4219
f 6006//6268 6007//6269 3958//4220
f 6007//6269 6008//6270 3959//4221
f 6008//6270 6009//6271 3960//4222
f 6009//6271 6010//6272 3961//4223
f 6010//6272 6011//6273 3962//4224
f 6011//6273 6012//6274 3963//4225
f 6012//6274 6013//6275 3964//4226
f 6013//6275 6014//6276 3965//4227
f 6014//6276 6015//6277 3966//4228
f 6015//6277 6016//6278 3967//4229
f 6016//6278 6017//6279 3968//4230
f 6017//6279 6018//6280 3969//4231
f 6018//6280 6019//6281 3970//4232
f 6019//6281 6020//6282 3971//4233
f 6020//6282 6021//6283 3972//4234
f 6021//6283 6022//6284 3973//4235
f 6022//6284 6023//6285 3974//4236
f 6023//6285 6024//6286 3975//4237
f 6024//6286 6025//6287 3976//4238
f 6025//6287 6026//6288 3977//4239
f 6026//6288 6027//6289 3978//4240
f 6027//6289 6028//6290 3979//4241
f 6028//6290 6029//6291 3980//4242
f 6029//6291 6030//6292 3981//4243
f 6030//6292 6031//6293 3982//4244
f 6031//6293 6032//6294 3983//4245
f 6032//6294 6033//6295 3984//4246
f 6033//6295 6034//6296 3985//4247
f 6034//6296 6035//6297 3986//4248
f 6035//6297 6036//6298 3987//4249
f 6036//6298 6037//6299 3988//4250
f 6037//6299 6038//6300 3989//4251
f 6038//6300 6039//6301 3990//4252
f 6039//6301 6040//6302 3991//4253
f 6040//6302 6041//6303 3992//4254
f 6041//6303 6042//6304 3993//4255
f 6042//6304 6043//6305 3994//4256
f 6043//6305 6044//6306 3995//4257
f 6044//6306 6045//6307 3996//4258
f 6045//6307 6046//6308 3997//4259
f 6046//6308 6047//6309 3998//4260
f 6047//6309 6048//6310 3999//4261
f 6048//6310 6049//6311 4000//4262
f 6049//6311 6050//6312 4001//4263
f 6050//6312 6051//6313 4002//4264
f 6051//6313 6052//6314 4003//4265
f 6052//6314 6053//6315 4004//4266
f 6053//6315 6054//6316 4005//4267
f 6054//6316 6055//6317 4006//4268
f 6055//6317 6056//6318 4007//4269
f 6056//6318 6057//6319 4008//4270
f 6057//6319 6058//6320 4009//4271
f 6058//6320 6059//6321 4010//4272
f 6059//6321 6060//6322 4011//4273
f 6060//6322 6061//6323 4012//4274
f 6061//6323 6062//6324 4013//4275
f 6062//6324 6063//6325 4014//4276
f 6063//6325 6064//6326 4015//4277
f 6064//6326 6065//6327 4016//4278
f 6065//6327 6066//6328 4017//4279
f 6066//6328 6067//6329 4018//4280
f 6067//6329 6068//6330 4019//4281
f 6068//6330 6069//6331 4020//4282
f 6069//6331 6070//6332 4021//4283
f 6070//6332 6071//6333 4022//4284
f 6071//6333 6072//6334 4023//4285
f 6072//6334 6073//6335 4024//4286
f 6073//6335 6074//6336 4025//4287
f 6074//6336 6075//6337 4026//4288
f 6075//6337 6076//6338 4027//4289
f 6076//6338 6077//6339 4028//4290
f 6077//6339 6078//6340 4029//4291
f 6078//6340 6079//6341 4030//4292
f 6079//6341 6080//6342 4031//4293
f 6080//6342 6081//6343 4032//4294
f 6081//6343 6082//6344 4033//4295
f 6082//6344 6083//6345 4034//4296
f 6083//6345 6084//6346 4035//4297
f 6084//6346 6085//6347 4036//4298
f 6085//6347 6086//6348 4037//4299
f 6086//6348 6087//6349 4038//4300
f 6087//6349 6088//6350 4039//4301
f 6088//6350 6089//6351 4040//4302
f 6089//6351 6090//6352 4041//4303
f 6090//6352 6091//6353 4042//4304
f 6091//6353 6092//6354 4043//4305
f 6092//6354 6093//6355 4044//4306
f 6093//6355 6094//6356 4045//4307
f 6094//6356 6095//6357 4046//4308
f 6095//6357 6096//6358 4047//4309
f 6096//6358 6097//6359 4048//4310
f 6097//6359 6098//6360 4049//4311
f 6098//6360 6099//6361 4050//4312
f 6099//6361 6100//6362 4051//4313
f 6100//6362 6101//6363 4052//4314
f 6101//6363 6102//6364 4053//4315
f 6102//6364 6103//6365 4054//4316
f 6103//6365 6104//6366 4055//4317
f 6104//6366 6105//6367 4056//4318
f 6105//6367 6106//6368 4057//4319
f 6106//6368 6107//6369 4058//4320
f 6107//6369 6108//6370 4059//4321
f 6108//6370 6109//6371 4060//4322
f 6109//6371 6110//6372 4061//4323
f 6110//6372 6111//6373 4062//4324
f 6111//6373 6112//6374 4063//4325
f 6112//6374 6113//6375 4064//4326
f 6113//6375 6114//6376 4065//4327
f 6114//6376 5987//6249 3938//4200
