# https://github.com/mikedh/trimesh
mtllib material.mtl

o geometry_0
usemtl material_0
v -0.20379804 0.20629907 -0.47159415
v -0.20274559 0.20635413 -0.47380793
v -0.20467404 0.20656718 -0.47868457
v -0.20411250 0.20622966 -0.46726537
v -0.20037399 0.20659001 -0.47120318
v -0.21226804 0.21069194 -0.48333478
v -0.20243102 0.20614527 -0.47642428
v -0.20089555 0.20612399 -0.47477174
v -0.20920344 0.20866428 -0.48297834
v -0.20114614 0.20576614 -0.47841144
v -0.20307328 0.20598152 -0.47965825
v -0.20313209 0.20603901 -0.48265737
v -0.20084850 0.20556752 -0.48269844
v -0.20055142 0.20584151 -0.48729545
v -0.19773166 0.20571038 -0.48278964
v -0.19656189 0.20613553 -0.48727685
v -0.19676340 0.20673178 -0.49202037
v -0.20026307 0.20660610 -0.49196318
v -0.19689088 0.20810762 -0.49591303
v -0.20028834 0.20807259 -0.49600998
v -0.19953394 0.20871317 -0.49760452
v -0.19815834 0.20872296 -0.49758971
v -0.20123513 0.20890152 -0.49735287
v -0.20235756 0.20824312 -0.49505082
v -0.20292707 0.20742133 -0.49193063
v -0.20301563 0.20651948 -0.48719832
v -0.20373780 0.20914143 -0.49601302
v -0.20518461 0.20825933 -0.49188352
v -0.19210248 0.20705239 -0.48872820
v -0.19241141 0.20759511 -0.49204552
v -0.18970285 0.20761234 -0.48938537
v -0.19032843 0.20864707 -0.49413422
v -0.20541345 0.20743960 -0.48712105
v -0.19795945 0.20571320 -0.47859389
v -0.18989530 0.20819360 -0.49202606
v -0.19200248 0.20679639 -0.48615873
v -0.19567488 0.20607620 -0.48310122
v -0.19197026 0.20651017 -0.48301962
v -0.19533361 0.20612092 -0.47861597
v -0.19577116 0.20898150 -0.49716803
v -0.20817699 0.21122515 -0.49587339
v -0.20826267 0.20978962 -0.49176282
v -0.19817525 0.20613316 -0.47446555
v -0.20887195 0.20921420 -0.48709950
v -0.20719890 0.21175294 -0.49779519
v -0.20402284 0.21076119 -0.49825957
v -0.19199267 0.20667809 -0.47875974
v -0.18802334 0.20765631 -0.48329914
v -0.18833204 0.20794469 -0.48767543
v -0.21163595 0.21111755 -0.48713905
v -0.19304013 0.20930968 -0.49645227
v -0.21031451 0.21214779 -0.49486312
v -0.20960250 0.21274190 -0.49707377
v -0.19570868 0.20666832 -0.47436431
v -0.21100111 0.21159892 -0.49166271
v -0.19838919 0.20653854 -0.47234890
v -0.18816267 0.20911650 -0.49195677
v -0.18526061 0.20971036 -0.48773998
v -0.19209386 0.20765670 -0.47426540
v -0.18547621 0.20907335 -0.48355719
v -0.20063689 0.20989075 -0.49834767
v -0.19316413 0.21087272 -0.49809846
v -0.18793721 0.20828529 -0.47921059
v -0.18943153 0.20882834 -0.47419858
v -0.18987408 0.21178445 -0.49762079
v -0.18889210 0.21063274 -0.49554828
v -0.18642981 0.21184628 -0.49473861
v -0.18565388 0.21088864 -0.49187732
v -0.19715978 0.20996574 -0.49827990
v -0.18584348 0.20912215 -0.48116639
v -0.18739788 0.21280892 -0.49694896
v -0.19903585 0.20735502 -0.47006324
v -0.20165820 0.20726633 -0.46728504
v -0.19658579 0.20765910 -0.47093061
v -0.19230258 0.20918992 -0.47054085
v -0.20420913 0.20725770 -0.46321744
v -0.20235820 0.20799518 -0.46433380
v -0.19029763 0.20945881 -0.47150189
v -0.20866166 0.21368800 -0.49825984
v -0.19962178 0.20832185 -0.46716529
v -0.19623503 0.20982075 -0.46680683
v -0.19374429 0.21011820 -0.46789390
v -0.19748844 0.21071947 -0.46424761
v -0.20058097 0.20964366 -0.46309903
v -0.20295618 0.20858668 -0.46189061
v -0.19506054 0.21120769 -0.46538398
v -0.06995162 0.22541125 -0.49481553
v -0.05935886 0.22529876 -0.49507689
v -0.06356002 0.22195002 -0.49538061
v -0.07086625 0.22199099 -0.49516535
v -0.07923982 0.22198069 -0.49500248
v -0.08288433 0.22544879 -0.49462056
v -0.09512958 0.22193097 -0.49466288
v -0.09202877 0.22545013 -0.49444613
v -0.05463612 0.22188410 -0.49566466
v -0.09583855 0.22578114 -0.49429369
v -0.10181773 0.22514193 -0.49434870
v -0.10185919 0.22199364 -0.49453640
v -0.10864273 0.22204162 -0.49436688
v -0.11223025 0.22468050 -0.49418977
v -0.11530011 0.22183365 -0.49415559
v -0.12030379 0.22255926 -0.49410808
v -0.12063387 0.22427051 -0.49406838
v -0.12926216 0.22368583 -0.49391770
v -0.04854815 0.22511333 -0.49531728
v 0.12212896 0.22518148 -0.49417800
v 0.12048110 0.22187085 -0.49472031
v 0.11001098 0.22171609 -0.49496615
v 0.11147520 0.22486839 -0.49444297
v 0.09828382 0.22169358 -0.49518692
v 0.09156366 0.22468565 -0.49481192
v 0.08385719 0.22160149 -0.49545521
v 0.07387356 0.22473677 -0.49507490
v 0.06920126 0.22161032 -0.49567598
v 0.06199812 0.22483084 -0.49528909
v 0.05659723 0.22164355 -0.49592513
v 0.05402656 0.22477192 -0.49544114
v 0.04111698 0.22163543 -0.49607903
v 0.04430618 0.22473401 -0.49552488
v 0.02257331 0.22160433 -0.49614292
v 0.01943225 0.22476156 -0.49559540
v 0.00741623 0.22167590 -0.49606636
v -0.01214803 0.22492267 -0.49545804
v -0.01125121 0.22165127 -0.49597612
v -0.02844783 0.22495924 -0.49550590
v -0.02901394 0.22172382 -0.49601766
v -0.03868271 0.22175552 -0.49594268
v -0.04751310 0.22181265 -0.49582323
v 0.12672965 0.22567677 -0.49392208
v 0.12654920 0.22192737 -0.49452034
v 0.13172233 0.22516939 -0.49393389
v -0.12163880 0.22609361 -0.49368247
v -0.11365866 0.22649677 -0.49376345
v -0.12721843 0.22567710 -0.49361512
v -0.13079740 0.22519112 -0.49360853
v -0.10383315 0.22703497 -0.49386445
v -0.09572519 0.22740294 -0.49390012
v -0.08326175 0.22773182 -0.49398920
v 0.13293947 0.22194004 -0.49430934
v 0.13941729 0.22496286 -0.49380463
v 0.14141665 0.22678694 -0.49327201
v 0.12686670 0.22735927 -0.49344018
v 0.11004056 0.22741878 -0.49364996
v 0.09442201 0.22780804 -0.49374777
v 0.08454084 0.22794542 -0.49382174
v 0.07388731 0.22822605 -0.49391833
v 0.06584013 0.22841053 -0.49402764
v 0.05798072 0.22835849 -0.49413580
v 0.14819732 0.22472118 -0.49378976
v -0.06665231 0.22796033 -0.49407601
v 0.14774095 0.22641627 -0.49329132
v 0.16155946 0.22592023 -0.49334466
v 0.16565865 0.22424228 -0.49382967
v 0.16912796 0.22618464 -0.49333060
v 0.17141517 0.22448879 -0.49378917
v 0.17451233 0.22692412 -0.49333778
v -0.05499347 0.22821513 -0.49414626
v 0.04544096 0.22834998 -0.49419406
v 0.01957472 0.22852969 -0.49419752
v 0.00343217 0.22849385 -0.49418953
v -0.01187986 0.22834690 -0.49422589
v -0.02625448 0.22840886 -0.49424365
v -0.04133850 0.22836553 -0.49419361
v 0.14070249 0.22196388 -0.49409580
v 0.15031777 0.22207384 -0.49397376
v 0.17872062 0.22190109 -0.49416244
v 0.16981822 0.22195753 -0.49392003
v 0.15416035 0.22927505 -0.49212444
v 0.14638443 0.22936930 -0.49212849
v 0.15828800 0.22927031 -0.49207917
v 0.16353647 0.22932744 -0.49204403
v 0.17033198 0.22962095 -0.49207243
v 0.17451325 0.22983296 -0.49216753
v -0.12977198 0.22951837 -0.49201649
v -0.12215761 0.22954413 -0.49216682
v -0.13514145 0.22954462 -0.49185655
v -0.13500117 0.22560517 -0.49343330
v -0.14383754 0.22554393 -0.49328557
v -0.14512843 0.22951601 -0.49163547
v -0.15333764 0.22938475 -0.49164432
v -0.17030481 0.22927549 -0.49159679
v -0.17046937 0.22529688 -0.49320903
v -0.17470562 0.22490491 -0.49341232
v -0.16529907 0.22930957 -0.49154204
v -0.16507763 0.22526883 -0.49319932
v -0.15812375 0.22532429 -0.49325284
v -0.17577142 0.22933480 -0.49178571
v -0.18163879 0.22549672 -0.49350432
v -0.18166240 0.22967610 -0.49186531
v 0.14238098 0.22942619 -0.49214464
v 0.13142507 0.22954723 -0.49233794
v 0.13845594 0.22948177 -0.49219760
v 0.09372435 0.23033556 -0.49264944
v 0.08113721 0.23056018 -0.49273026
v 0.12256157 0.22973967 -0.49238679
v 0.12690760 0.22917652 -0.49257937
v 0.11469331 0.22982927 -0.49246150
v 0.10517438 0.23000620 -0.49257573
v 0.09968527 0.23014936 -0.49262530
v -0.10722029 0.22943085 -0.49257168
v 0.07326916 0.23070034 -0.49278766
v 0.06673432 0.23082076 -0.49283996
v 0.06004513 0.23085283 -0.49286526
v 0.04519325 0.23087235 -0.49291307
v 0.02343633 0.23095308 -0.49296439
v 0.01005700 0.23100060 -0.49290922
v 0.00071970 0.23085336 -0.49292177
v -0.01191065 0.23066871 -0.49297920
v -0.02650936 0.23070952 -0.49299940
v -0.17788546 0.22316639 -0.49383181
v -0.17638658 0.22333759 -0.49379101
v -0.18168730 0.22327119 -0.49400625
v -0.09975572 0.22946832 -0.49267119
v -0.04590173 0.23058449 -0.49291080
v -0.13768516 0.22209007 -0.49359673
v -0.14825112 0.22211762 -0.49347013
v -0.15741047 0.22211049 -0.49341649
v -0.16516565 0.22210254 -0.49331236
v -0.17055386 0.22206569 -0.49330544
v -0.17479040 0.22217192 -0.49350613
v -0.13078658 0.22241458 -0.49377674
v -0.09561872 0.22909182 -0.49294201
v -0.07562017 0.22987325 -0.49280968
v -0.06815392 0.22998941 -0.49284548
v -0.05895080 0.23027265 -0.49289873
v -0.08255633 0.22979940 -0.49276680
v -0.09065697 0.22966506 -0.49269536
v -0.18165730 0.22140938 -0.49400076
v -0.17019756 0.23181933 -0.49013141
v -0.16455886 0.23181529 -0.49011680
v -0.15334356 0.23189765 -0.49016824
v -0.17844459 0.23219281 -0.49025214
v -0.17417410 0.23193678 -0.49018472
v -0.18158887 0.23241319 -0.49029911
v 0.16443393 0.23255038 -0.49012482
v -0.14209363 0.23193069 -0.49017763
v 0.15438540 0.23254986 -0.49002966
v 0.17041256 0.23260795 -0.49021882
v -0.12799937 0.23205116 -0.49036464
v -0.11772581 0.23215671 -0.49041370
v 0.15044229 0.23254205 -0.48997343
v 0.14648682 0.23252331 -0.48992848
v 0.14249490 0.23250131 -0.48990676
v -0.10371117 0.23219661 -0.49061483
v -0.09561067 0.23225446 -0.49061900
v -0.08988144 0.23228191 -0.49063301
v 0.13604528 0.23249349 -0.48992035
v 0.12762041 0.23252010 -0.49003619
v 0.12313923 0.23256047 -0.49005839
v -0.18273455 0.22628425 -0.49364626
v -0.08261406 0.23229879 -0.49065283
v 0.11180763 0.23256554 -0.49015006
v -0.07214715 0.23234685 -0.49066219
v -0.06436005 0.23242445 -0.49065328
v 0.10524859 0.23256105 -0.49022382
v 0.09843470 0.23257494 -0.49024609
v -0.05690305 0.23249820 -0.49064204
v -0.05116293 0.23255986 -0.49061158
v 0.08636042 0.23261476 -0.49030131
v -0.12726174 0.22180466 -0.49382564
v -0.12339117 0.22131716 -0.49389055
v -0.11611350 0.22059242 -0.49397784
v -0.18057281 0.22086725 -0.49377123
v -0.03587331 0.23261626 -0.49065101
v -0.02184074 0.23264824 -0.49072766
v -0.18223830 0.22006795 -0.49391928
v -0.01186913 0.23265113 -0.49069002
v -0.00358993 0.23269336 -0.49068090
v 0.07448628 0.23264727 -0.49034947
v 0.16892728 0.22047415 -0.49366391
v 0.14930961 0.22017129 -0.49364886
v 0.16025275 0.22046256 -0.49367332
v -0.10508893 0.22019327 -0.49411264
v 0.13616838 0.21965027 -0.49375454
v 0.17859291 0.22014445 -0.49382320
v 0.12824430 0.21945199 -0.49392360
v -0.09436083 0.21986642 -0.49421394
v -0.08107612 0.21948190 -0.49436381
v -0.13136320 0.21818487 -0.49280688
v -0.14277883 0.21822113 -0.49260277
v -0.15309834 0.21820742 -0.49246496
v 0.12108481 0.21938086 -0.49409294
v 0.11301149 0.21923693 -0.49420151
v -0.06799956 0.21922790 -0.49449807
v -0.12723041 0.21813658 -0.49287498
v -0.15860185 0.21818033 -0.49236017
v -0.16557725 0.21813013 -0.49218512
v -0.05941616 0.21900444 -0.49462265
v -0.11945438 0.21804859 -0.49298850
v -0.17062300 0.21809849 -0.49210817
v -0.17457846 0.21807736 -0.49222839
v -0.17863798 0.21799961 -0.49246708
v 0.10082189 0.21908498 -0.49432465
v 0.09075440 0.21885401 -0.49441037
v -0.05164962 0.21883880 -0.49472085
v -0.04371961 0.21871151 -0.49477950
v 0.07093745 0.21848901 -0.49456602
v 0.05892602 0.21842617 -0.49475035
v 0.05024396 0.21838652 -0.49481320
v -0.03119820 0.21867251 -0.49485615
v -0.01359888 0.21873364 -0.49485111
v 0.00124363 0.21855785 -0.49485919
v 0.01872157 0.21837728 -0.49487880
v 0.03668619 0.21840161 -0.49487478
v 0.13837191 0.21742500 -0.49289989
v 0.14379303 0.21760921 -0.49285716
v 0.15372975 0.21795063 -0.49279746
v 0.12928475 0.21711813 -0.49302518
v 0.11877406 0.21688123 -0.49314079
v 0.06553621 0.21595503 -0.49356458
v 0.07801364 0.21622218 -0.49348241
v 0.08994100 0.21640003 -0.49337336
v 0.09753127 0.21655799 -0.49330324
v 0.10534007 0.21669060 -0.49326134
v 0.16447797 0.21816559 -0.49273780
v -0.11530060 0.21852383 -0.49323830
v -0.10996643 0.21781190 -0.49307972
v -0.10112154 0.21760225 -0.49319905
v -0.09031136 0.21728426 -0.49328521
v -0.07911046 0.21699539 -0.49338838
v -0.06889157 0.21680319 -0.49344847
v -0.06310979 0.21663108 -0.49347705
v -0.18165106 0.21822934 -0.49287120
v 0.17030880 0.21798863 -0.49260584
v -0.05505711 0.21642314 -0.49350739
v -0.04506749 0.21625851 -0.49356398
v -0.03061759 0.21621500 -0.49362206
v -0.01026757 0.21622060 -0.49358493
v 0.05403493 0.21581754 -0.49360976
v 0.00424929 0.21594086 -0.49359971
v 0.01728928 0.21580030 -0.49363407
v 0.03741553 0.21583036 -0.49363950
v -0.15808587 0.21510613 -0.49079981
v -0.14255108 0.21497764 -0.49093214
v -0.13006230 0.21475784 -0.49103150
v -0.12031352 0.21446534 -0.49106559
v -0.17072095 0.21513695 -0.49059442
v -0.11179551 0.21435694 -0.49112493
v -0.17464061 0.21503304 -0.49060002
v -0.17867881 0.21485502 -0.49067402
v -0.10649778 0.21431863 -0.49117368
v -0.09802688 0.21423627 -0.49124935
v 0.15948983 0.21485327 -0.49093542
v 0.16952462 0.21493343 -0.49081036
v 0.15142617 0.21468276 -0.49095261
v 0.17470765 0.21496789 -0.49082687
v -0.18170118 0.21461056 -0.49074754
v -0.08854577 0.21409926 -0.49132174
v 0.14328861 0.21456835 -0.49098212
v 0.13324626 0.21446694 -0.49105540
v 0.12441650 0.21433365 -0.49112397
v -0.07943279 0.21403050 -0.49139693
v -0.07013910 0.21404168 -0.49146342
v 0.00382727 0.23274697 -0.49057382
v 0.05151111 0.23281837 -0.49046269
v 0.06115986 0.23280407 -0.49038106
v 0.02113565 0.23281440 -0.49057287
v 0.03294143 0.23280092 -0.49057201
v -0.07868421 0.21725723 -0.47454503
v -0.08681644 0.21713027 -0.47453400
v -0.08572135 0.21426751 -0.47641274
v -0.11448406 0.21688333 -0.47439748
v -0.11740043 0.21388741 -0.47638395
v -0.10539633 0.21410304 -0.47642297
v -0.09342440 0.21706182 -0.47452238
v -0.09560807 0.21418741 -0.47644544
v -0.07397921 0.21439923 -0.47632843
v -0.06646185 0.21760140 -0.47443837
v -0.12533449 0.21382418 -0.47617906
v -0.12476459 0.21672647 -0.47429109
v -0.13079306 0.21380499 -0.47600782
v -0.13318799 0.21662535 -0.47417274
v -0.15700558 0.21624236 -0.47366533
v -0.16161115 0.21311253 -0.47552329
v -0.15351430 0.21331878 -0.47568095
v -0.15038410 0.21631183 -0.47389129
v -0.14331572 0.21356089 -0.47586742
v -0.14630769 0.21577594 -0.47437701
v -0.14223495 0.21645717 -0.47407284
v -0.13659994 0.21371955 -0.47591642
v -0.16255543 0.21614313 -0.47347116
v -0.16668844 0.21615838 -0.47326145
v -0.17088291 0.21671793 -0.47271252
v -0.17085056 0.21299969 -0.47522509
v -0.17497101 0.21580784 -0.47289717
v -0.17498559 0.21286570 -0.47513261
v -0.06715678 0.21448827 -0.47628123
v -0.06103837 0.21460886 -0.47623262
v -0.05002701 0.21805152 -0.47436136
v -0.05557430 0.21472998 -0.47622269
v -0.04408740 0.21495049 -0.47621724
v -0.03870411 0.21823250 -0.47431126
v -0.03112690 0.21511763 -0.47611284
v -0.01764259 0.21838538 -0.47423911
v -0.01159044 0.21516915 -0.47612983
v -0.00104398 0.21836540 -0.47441798
v 0.00205821 0.21516885 -0.47625256
v 0.01156512 0.21827027 -0.47455004
v -0.17335455 0.21891893 -0.47126269
v -0.16945320 0.21929090 -0.47139764
v -0.17901906 0.21826607 -0.47096607
v -0.18238156 0.21452284 -0.47276038
v -0.17908145 0.21516079 -0.47279784
v 0.02794740 0.21519566 -0.47623938
v 0.03092717 0.21829382 -0.47455740
v 0.04322400 0.21516858 -0.47619662
v 0.04712560 0.21823195 -0.47453031
v 0.05242598 0.21506976 -0.47620416
v 0.05650678 0.21813540 -0.47453108
v 0.06251255 0.21482994 -0.47636092
v 0.07002223 0.21780887 -0.47478783
v 0.07133806 0.21463944 -0.47654232
v 0.08167589 0.21774033 -0.47481939
v 0.08445960 0.21455078 -0.47657824
v 0.09481990 0.21448749 -0.47650468
v 0.09854966 0.21765295 -0.47469682
v 0.10540479 0.21433204 -0.47641575
v 0.11434267 0.21414582 -0.47636038
v 0.11802036 0.21735351 -0.47450587
v 0.12023298 0.21404205 -0.47626710
v 0.12252327 0.21662220 -0.47481135
v 0.12840414 0.21403876 -0.47612745
v 0.12760612 0.21734083 -0.47431386
v 0.13541862 0.21743768 -0.47405633
v 0.13788275 0.21394475 -0.47597635
v 0.14822830 0.21735394 -0.47366327
v 0.14983088 0.21372150 -0.47571805
v 0.15418360 0.21791969 -0.47313070
v 0.15398149 0.21358746 -0.47564107
v 0.15789793 0.21343574 -0.47556415
v 0.12524348 0.22158790 -0.47240871
v 0.06414830 0.22140278 -0.47305542
v 0.07745060 0.22156622 -0.47301388
v 0.09695864 0.22151828 -0.47288290
v 0.11289796 0.22151020 -0.47265324
v 0.05469654 0.22136758 -0.47309586
v -0.00235908 0.22151062 -0.47303662
v 0.01446467 0.22143267 -0.47319588
v 0.03353518 0.22136934 -0.47325012
v 0.04375686 0.22143525 -0.47320884
v -0.05942478 0.22145258 -0.47286561
v -0.04637481 0.22150202 -0.47290543
v -0.03148758 0.22148992 -0.47295180
v -0.01519048 0.22143179 -0.47295147
v 0.13213030 0.22162740 -0.47227603
v 0.14046279 0.22167216 -0.47207415
v 0.15290958 0.22164930 -0.47171137
v -0.14608364 0.22118551 -0.47201025
v -0.12923589 0.22122149 -0.47238484
v -0.12179496 0.22112228 -0.47253597
v -0.11150464 0.22107850 -0.47271055
v -0.09703622 0.22107664 -0.47286281
v -0.08335723 0.22120172 -0.47298717
v -0.07505602 0.22133228 -0.47297344
v -0.06793712 0.22138037 -0.47292227
v -0.15034808 0.22117917 -0.47189379
v -0.15724216 0.22107986 -0.47167554
v -0.16245252 0.22115979 -0.47145310
v -0.16662779 0.21991108 -0.47144094
v -0.17493455 0.22064444 -0.47050381
v -0.17889827 0.22055331 -0.46998626
v -0.18230194 0.21784109 -0.47065443
v 0.16165499 0.21660553 -0.47337037
v 0.15559275 0.22029585 -0.47189161
v 0.16189796 0.21975566 -0.47174659
v 0.16610664 0.21616201 -0.47320771
v 0.16602202 0.21918172 -0.47165263
v 0.16603196 0.22147536 -0.47077227
v 0.17024012 0.21553998 -0.47298759
v 0.17022139 0.21851146 -0.47146964
v 0.17027430 0.22145709 -0.47025874
v 0.16202602 0.21331872 -0.47544432
v 0.16192684 0.22152638 -0.47113657
v 0.17503123 0.22166407 -0.46945354
v 0.17457218 0.21488017 -0.47257152
v 0.16616480 0.21323620 -0.47525218
v -0.17074367 0.22065648 -0.47098431
v -0.18213531 0.22055840 -0.46937460
v 0.15785117 0.22157997 -0.47141999
v 0.17025490 0.21314539 -0.47494921
v -0.18409963 0.22069634 -0.46872044
v -0.16388938 0.22294961 -0.47111297
v -0.17912367 0.21262789 -0.47512668
v -0.18240978 0.21248367 -0.47517270
v 0.15493713 0.22308631 -0.47138986
v -0.18524675 0.21666622 -0.47009736
v -0.18426408 0.21388616 -0.47233579
v 0.16204144 0.22408164 -0.47112721
v -0.18652844 0.21951666 -0.46825719
v 0.01100353 0.21272038 -0.47871980
v -0.00337421 0.21275146 -0.47870439
v -0.01991388 0.21271124 -0.47866380
v -0.03896524 0.21261275 -0.47877854
v -0.05064582 0.21256003 -0.47878850
v 0.04308172 0.21273325 -0.47866493
v 0.05340181 0.21272287 -0.47864029
v 0.02692707 0.21274461 -0.47872013
v 0.06131569 0.21271305 -0.47872546
v -0.05787997 0.21252692 -0.47879341
v 0.07009660 0.21270888 -0.47885180
v 0.07932093 0.21272945 -0.47889036
v 0.09041053 0.21272761 -0.47885606
v -0.18607077 0.22083230 -0.46773076
v -0.06669734 0.21246770 -0.47888154
v 0.10133862 0.21268608 -0.47883379
v -0.07455615 0.21241844 -0.47897181
v -0.08452534 0.21236031 -0.47904164
v -0.09367198 0.21234807 -0.47910824
v 0.11244281 0.21258329 -0.47880840
v -0.10019262 0.21232711 -0.47914535
v -0.11012366 0.21226273 -0.47919661
v 0.11841914 0.21254288 -0.47877684
v 0.12252659 0.21283609 -0.47823608
v -0.11783614 0.21221586 -0.47915119
v -0.18503109 0.21219459 -0.47395459
v 0.12634137 0.21253286 -0.47874886
v 0.13431400 0.21241538 -0.47884640
v 0.13871317 0.21232969 -0.47889450
v 0.14613144 0.21219242 -0.47892222
v 0.13030407 0.21248896 -0.47879660
v -0.12489328 0.21228138 -0.47899061
v -0.13247524 0.21237272 -0.47879094
v 0.15002994 0.21211585 -0.47894412
v -0.14192864 0.21233657 -0.47867605
v -0.14633994 0.21249674 -0.47813791
v 0.15391557 0.21200611 -0.47899520
v 0.15786780 0.21186987 -0.47905916
v 0.03956736 0.21098338 -0.48277995
v 0.01621686 0.21099809 -0.48280582
v 0.00383601 0.21105964 -0.48276773
v -0.00765185 0.21110642 -0.48279953
v -0.03560777 0.21100336 -0.48280057
v -0.04730210 0.21097475 -0.48280409
v -0.05338465 0.21095631 -0.48284498
v 0.08642039 0.21110485 -0.48286626
v 0.09747712 0.21113004 -0.48291218
v 0.07272920 0.21104294 -0.48286751
v 0.06439753 0.21100201 -0.48281205
v 0.05535062 0.21100976 -0.48274419
v 0.10668973 0.21112691 -0.48295066
v 0.16203508 0.21175934 -0.47907919
v 0.17467754 0.21120374 -0.47908249
v 0.17029583 0.21145280 -0.47904480
v 0.16619514 0.21164680 -0.47905940
v -0.15041578 0.21215348 -0.47874314
v -0.15438102 0.21205641 -0.47878066
v -0.15845749 0.21196632 -0.47881508
v -0.06197354 0.21095438 -0.48301893
v 0.11315243 0.21110152 -0.48300377
v 0.12136924 0.21106230 -0.48309252
v -0.16261864 0.21188185 -0.47883567
v -0.17088580 0.21172117 -0.47886512
v 0.12641722 0.21111681 -0.48319018
v -0.07093503 0.21096443 -0.48323777
v -0.17503001 0.21152024 -0.47897768
v -0.08314145 0.21099141 -0.48332801
v -0.17912792 0.21123035 -0.47912645
v -0.18229388 0.21110593 -0.47918370
v 0.13038720 0.21117228 -0.48326117
v -0.09465653 0.21105710 -0.48340407
v -0.10248122 0.21108675 -0.48347464
v 0.13436708 0.21119937 -0.48333552
v -0.10954032 0.21109007 -0.48353586
v 0.13827556 0.21121760 -0.48340273
v -0.11688320 0.21108778 -0.48359278
v -0.12327950 0.21113022 -0.48364657
v -0.13051435 0.21122760 -0.48369169
v -0.13717803 0.21124339 -0.48373875
v -0.14266619 0.21123378 -0.48379248
v -0.14658803 0.21121956 -0.48383144
v 0.14218925 0.21123832 -0.48345912
v -0.18483180 0.21021724 -0.47930804
v 0.14612347 0.21125348 -0.48350367
v 0.15001751 0.21125792 -0.48355246
v -0.15048607 0.21121740 -0.48387152
v -0.15444139 0.21121188 -0.48391786
v 0.15393366 0.21124552 -0.48363900
v -0.16021329 0.21119399 -0.48399132
v 0.15794617 0.21123029 -0.48373538
v -0.16685283 0.21120283 -0.48401538
v 0.16213892 0.21121363 -0.48377380
v -0.17098908 0.21119089 -0.48402241
v 0.16629541 0.21116872 -0.48374802
v -0.17498672 0.21107455 -0.48403579
v 0.17041320 0.21107282 -0.48370284
v -0.17901559 0.21085422 -0.48405379
v -0.18204646 0.21070446 -0.48400158
v -0.18387346 0.21010785 -0.48380572
v 0.02641465 0.21130189 -0.48738149
v 0.03894583 0.21128991 -0.48732769
v 0.04905624 0.21133859 -0.48731953
v 0.06396596 0.21141562 -0.48724195
v -0.04126744 0.21146750 -0.48742720
v -0.03144553 0.21142484 -0.48750088
v -0.01552465 0.21146052 -0.48752367
v -0.00615152 0.21146524 -0.48748749
v 0.00730975 0.21135810 -0.48735738
v 0.07723025 0.21154357 -0.48721686
v 0.09196167 0.21166180 -0.48720628
v 0.10250710 0.21176369 -0.48726937
v 0.10951688 0.21179588 -0.48728478
v 0.11687163 0.21182935 -0.48731703
v -0.04687944 0.21150869 -0.48741144
v -0.05453406 0.21155812 -0.48746112
v -0.08989964 0.21175265 -0.48782414
v -0.08229239 0.21164873 -0.48780382
v -0.07167551 0.21158040 -0.48774102
v -0.06320457 0.21156166 -0.48759314
v -0.09791783 0.21189228 -0.48785174
v 0.12410026 0.21190591 -0.48737207
v 0.13298896 0.21206710 -0.48746485
v -0.10606124 0.21201482 -0.48789388
v -0.11202224 0.21208198 -0.48792666
v 0.14061035 0.21219525 -0.48756742
v -0.12052654 0.21220380 -0.48797646
v 0.15005854 0.21235548 -0.48765260
v -0.12720637 0.21238969 -0.48802668
v -0.13251837 0.21251638 -0.48805493
v -0.18281685 0.21699722 -0.49308431
v -0.18569264 0.21404696 -0.49571252
v -0.18364403 0.21844520 -0.49528238
v -0.18653014 0.21503423 -0.49749362
v -0.18571375 0.21796359 -0.49797484
v -0.18223830 0.22006795 -0.49391928
v -0.18354593 0.21372062 -0.49183211
v -0.18739788 0.21280892 -0.49694896
v -0.18642981 0.21184628 -0.49473861
v -0.18515521 0.22126359 -0.49833977
v -0.18335104 0.22134003 -0.49582386
v -0.18165730 0.22140938 -0.49400076
v -0.18170118 0.21461056 -0.49074754
v -0.18165106 0.21822934 -0.49287120
v -0.18565388 0.21088864 -0.49187732
v -0.18345550 0.21144576 -0.48792046
v -0.18168730 0.22327119 -0.49400625
v -0.18330035 0.22467412 -0.49539086
v -0.18513869 0.22477175 -0.49833250
v -0.18545735 0.22940370 -0.49805784
v -0.18391925 0.22946122 -0.49552509
v -0.18273455 0.22628425 -0.49364626
v -0.18289335 0.22968367 -0.49286157
v -0.18611518 0.23262359 -0.49763671
v -0.18457830 0.23269314 -0.49533802
v -0.18323158 0.23313439 -0.49161339
v -0.18166240 0.22967610 -0.49186531
v -0.18158887 0.23241319 -0.49029911
v -0.18862787 0.21369889 -0.49806991
v -0.18843128 0.21722546 -0.49913117
v -0.18843620 0.23300213 -0.49880725
v -0.18813308 0.22092910 -0.49953818
v -0.18806127 0.22969997 -0.49923599
v -0.18800876 0.22501087 -0.49951258
v -0.18987408 0.21178445 -0.49762079
v -0.18694486 0.23399636 -0.49718574
v -0.19298698 0.21308225 -0.49923167
v -0.19277446 0.21642098 -0.49972507
v -0.19316413 0.21087272 -0.49809846
v -0.18906708 0.23524129 -0.49756613
v -0.19744621 0.21260017 -0.49954236
v -0.19279832 0.23346335 -0.49926460
v -0.19270818 0.22065318 -0.49988073
v -0.19715978 0.20996574 -0.49827990
v -0.19271794 0.22522335 -0.49979860
v -0.19271368 0.22997206 -0.49957141
v -0.19757871 0.21612453 -0.49982536
v -0.20135102 0.21258593 -0.49960965
v -0.19778877 0.22063185 -0.49991173
v -0.20190524 0.21621916 -0.49981824
v -0.20220168 0.22551069 -0.49985558
v -0.20224160 0.22083671 -0.49988711
v -0.20243582 0.23006684 -0.49964315
v -0.19811153 0.23364379 -0.49932623
v -0.20254159 0.23358406 -0.49934036
v -0.20649903 0.22557345 -0.49973273
v -0.20632961 0.22117183 -0.49975389
v -0.20587821 0.21667510 -0.49965471
v -0.20645761 0.22990027 -0.49949473
v -0.20994632 0.22158004 -0.49944952
v -0.21003509 0.22547957 -0.49939388
v -0.20499060 0.21309349 -0.49933326
v -0.20606837 0.23329693 -0.49907333
v -0.20935445 0.21747811 -0.49921688
v -0.20970091 0.22951888 -0.49899423
v -0.19807108 0.23592536 -0.49843964
v -0.20214120 0.23590934 -0.49843329
v -0.19303167 0.23568960 -0.49826866
v -0.19030641 0.23683405 -0.49689755
v -0.20063689 0.20989075 -0.49834767
v -0.20903026 0.23276244 -0.49831504
v -0.20402284 0.21076119 -0.49825957
v -0.21255364 0.22200723 -0.49839795
v -0.20866166 0.21368800 -0.49825984
v -0.21260388 0.22524627 -0.49829856
v -0.20523079 0.23578885 -0.49777669
v -0.20719890 0.21175294 -0.49779519
v -0.21217252 0.21854457 -0.49790850
v -0.21073507 0.21506433 -0.49769631
v -0.19313842 0.23717676 -0.49710119
v -0.19796447 0.23740706 -0.49725938
v -0.20171438 0.23738410 -0.49725664
v -0.21235214 0.22861420 -0.49760795
v -0.21095695 0.23226652 -0.49728477
v -0.20827851 0.23453596 -0.49736792
v -0.20380560 0.23705895 -0.49706635
v -0.21358958 0.22032593 -0.49722040
v -0.20960250 0.21274190 -0.49707377
v -0.21391562 0.22513947 -0.49718305
v -0.21366978 0.22669645 -0.49695718
v -0.21386498 0.22222996 -0.49730483
v -0.21015099 0.23361482 -0.49696222
v -0.19310069 0.23853697 -0.49540916
v -0.18818799 0.23610409 -0.49582976
v -0.19792433 0.23876140 -0.49546245
v -0.20584574 0.23658821 -0.49646407
v -0.18648520 0.23508187 -0.49503997
v -0.18738730 0.23668833 -0.49391210
v 0.17058688 0.23295210 -0.47574911
v 0.17465591 0.23478064 -0.47957531
v 0.17445910 0.23537311 -0.48354188
v 0.17061791 0.23454595 -0.47955832
v 0.16658381 0.23280407 -0.47594991
v 0.16663784 0.23523894 -0.48348048
v 0.16324939 0.23422290 -0.47947162
v 0.15893145 0.23515598 -0.48347405
v 0.15470324 0.23389949 -0.47939357
v 0.15161411 0.23503169 -0.48344466
v 0.15061964 0.23370340 -0.47927150
v 0.14552477 0.23491280 -0.48346716
v 0.14670424 0.23330921 -0.47865340
v 0.14274655 0.23352197 -0.47925624
v 0.13709876 0.23485152 -0.48343462
v 0.13617791 0.23348184 -0.47936666
v 0.13047589 0.23482934 -0.48342705
v 0.12663911 0.23342435 -0.47951788
v 0.12164205 0.23479015 -0.48340371
v 0.11176573 0.23332292 -0.47956157
v 0.11364217 0.23474354 -0.48333892
v 0.10167556 0.23467329 -0.48336288
v 0.10130010 0.23326232 -0.47963512
v 0.09002601 0.23324002 -0.47961977
v 0.08651241 0.23466228 -0.48333722
v 0.07808857 0.23319444 -0.47966781
v 0.07059025 0.23462322 -0.48341334
v 0.07134891 0.23317231 -0.47966576
v 0.06234730 0.23320748 -0.47961009
v 0.06084313 0.23461579 -0.48335204
v 0.05688077 0.23320818 -0.47954106
v 0.05413479 0.23459361 -0.48331612
v 0.05080421 0.23318039 -0.47949374
v 0.03970760 0.23457547 -0.48343492
v 0.03701465 0.23315652 -0.47959751
v 0.02443833 0.23454723 -0.48344418
v 0.01209471 0.23316292 -0.47965291
v 0.00733927 0.23455328 -0.48342067
v 0.00064808 0.23318511 -0.47978050
v -0.00601722 0.23457661 -0.48352504
v -0.01935810 0.23313980 -0.47975358
v -0.02584514 0.23451196 -0.48355404
v -0.03738814 0.23314065 -0.47981972
v -0.04368663 0.23455431 -0.48359415
v -0.04697451 0.23316903 -0.47980177
v -0.05453363 0.23458098 -0.48360592
v -0.05560979 0.23320825 -0.47975692
v -0.06048152 0.23459361 -0.48370293
v -0.06413309 0.23325217 -0.47985774
v -0.07095357 0.23324907 -0.47992215
v -0.07091341 0.23453960 -0.48383611
v -0.07785825 0.23452692 -0.48386425
v -0.07722285 0.23327342 -0.47995284
v -0.08962027 0.23333620 -0.47992855
v -0.08532406 0.23455362 -0.48388320
v -0.09717206 0.23454797 -0.48393312
v -0.10637731 0.23332454 -0.47986153
v -0.10912681 0.23451440 -0.48395652
v -0.11949316 0.23335525 -0.47977453
v -0.12167839 0.23453885 -0.48405111
v -0.12938672 0.23346362 -0.47967112
v -0.13052405 0.23464032 -0.48413825
v -0.13622116 0.23466112 -0.48417783
v -0.13737777 0.23353201 -0.47954428
v -0.14348251 0.23469104 -0.48419991
v -0.14605887 0.23359366 -0.47935444
v -0.15018588 0.23473725 -0.48420617
v -0.14954363 0.23339896 -0.47874522
v -0.15386330 0.23381238 -0.47940442
v -0.15809874 0.23479697 -0.48421028
v -0.15906802 0.23400933 -0.47952378
v -0.16217594 0.23482767 -0.48421755
v -0.16775462 0.23488560 -0.48419788
v -0.16760944 0.23424879 -0.47964683
v -0.17406204 0.23496613 -0.48413783
v -0.17796046 0.23446411 -0.47961965
v -0.17822649 0.23505254 -0.48410118
v -0.18135743 0.23445028 -0.47953686
v -0.18137971 0.23509291 -0.48403904
v -0.17826934 0.23283444 -0.47570050
v -0.18146254 0.23284008 -0.47557923
v -0.16860160 0.23276950 -0.47611785
v -0.15773375 0.23256704 -0.47625980
v -0.14735888 0.23229823 -0.47639194
v 0.15703958 0.23252089 -0.47625908
v 0.14994738 0.23228019 -0.47632378
v -0.13779677 0.23214909 -0.47657397
v 0.13755156 0.23201282 -0.47646534
v -0.12801483 0.23197313 -0.47673568
v 0.12612849 0.23185240 -0.47664067
v -0.12029687 0.23183501 -0.47681892
v -0.10792705 0.23169687 -0.47686416
v -0.09698999 0.23162849 -0.47692269
v -0.08509772 0.23153475 -0.47692081
v 0.11210369 0.23164059 -0.47657138
v 0.09917593 0.23147124 -0.47659644
v 0.08755200 0.23139654 -0.47659671
v -0.07515687 0.23140144 -0.47694573
v -0.06713785 0.23129633 -0.47686318
v -0.06008399 0.23121725 -0.47677925
v -0.05499036 0.23113437 -0.47674358
v 0.07407247 0.23123384 -0.47661588
v 0.06659917 0.23115918 -0.47657713
v 0.03016317 0.23436423 -0.48714814
v 0.01354156 0.23432973 -0.48706037
v 0.00111658 0.23429303 -0.48717576
v -0.01068062 0.23426829 -0.48728815
v -0.02361040 0.23425710 -0.48735330
v -0.03808511 0.23421866 -0.48734164
v 0.05714594 0.23433496 -0.48690906
v 0.05064431 0.23436394 -0.48700634
v 0.04395948 0.23438379 -0.48706362
v -0.05136295 0.23416936 -0.48732907
v -0.05774834 0.23413354 -0.48740527
v -0.06427070 0.23405120 -0.48756105
v -0.18300761 0.23557232 -0.48389906
v 0.06091151 0.23104727 -0.47654241
v 0.06571515 0.23426141 -0.48674560
v -0.04613742 0.23100658 -0.47679403
v 0.01466810 0.23078619 -0.47660622
v 0.04100667 0.23078489 -0.47659090
v 0.00272073 0.23084998 -0.47675356
v -0.00796901 0.23088317 -0.47673190
v -0.02136199 0.23087482 -0.47673717
v -0.03893076 0.23093137 -0.47679788
v -0.18400110 0.23532036 -0.47917181
v -0.18444540 0.23317759 -0.47431731
v 0.05564782 0.23093762 -0.47650531
v 0.07437155 0.23417844 -0.48668161
v -0.07458974 0.23392355 -0.48768383
v -0.08528014 0.23384714 -0.48772594
v -0.09531558 0.23379463 -0.48776960
v 0.08454909 0.23415737 -0.48665616
v 0.10049812 0.23411259 -0.48667490
v 0.10991989 0.23408650 -0.48670426
v 0.12804933 0.23405567 -0.48678291
v 0.11737680 0.23406491 -0.48675743
v 0.17451039 0.23112720 -0.47305390
v -0.11331081 0.23365144 -0.48783007
v 0.14014450 0.23403373 -0.48677453
v 0.15002854 0.23408128 -0.48684853
v 0.15574950 0.23409909 -0.48693457
v -0.11968002 0.23358381 -0.48791468
v -0.12688531 0.23353116 -0.48796999
v -0.17840697 0.23020366 -0.47301167
v -0.18158981 0.23067620 -0.47294247
v -0.18360074 0.23128037 -0.47252023
v 0.17047824 0.23040701 -0.47321895
v -0.17392823 0.22924089 -0.47279128
v -0.10881675 0.22938336 -0.47463644
v -0.12434661 0.22960399 -0.47456607
v -0.13219592 0.22980434 -0.47457379
v -0.14548247 0.23004755 -0.47444165
v -0.14952171 0.23052326 -0.47475007
v -0.15382093 0.23005027 -0.47416228
v -0.15803052 0.23002215 -0.47397691
v -0.16600879 0.22989900 -0.47359806
v -0.17009430 0.22972319 -0.47334233
v -0.08677679 0.22925885 -0.47476649
v -0.07259943 0.22894743 -0.47476593
v -0.13237488 0.23345912 -0.48801947
v 0.16609557 0.23406725 -0.48708454
v 0.17457674 0.23419857 -0.48724967
v -0.14070083 0.23333128 -0.48806992
v -0.18151638 0.23377118 -0.48795724
v -0.14817147 0.23329520 -0.48808083
v -0.17836799 0.23366685 -0.48793730
v -0.06620239 0.22873357 -0.47471055
v -0.15609734 0.23327829 -0.48806947
v 0.16666199 0.22940335 -0.47303426
v 0.16242804 0.22976843 -0.47365779
v -0.05572109 0.22851995 -0.47465536
v -0.01739660 0.22818640 -0.47465828
v -0.02725135 0.22823653 -0.47464699
v -0.04319512 0.22828475 -0.47467992
v 0.15832438 0.22973368 -0.47392926
v 0.15439390 0.22973478 -0.47417367
v -0.17415328 0.23346798 -0.48794040
v -0.16929427 0.23329055 -0.48800635
v -0.16228601 0.23323229 -0.48806894
v 0.07448628 0.23264727 -0.49034947
v 0.06115986 0.23280407 -0.49038106
v 0.12313923 0.23256047 -0.49005839
v 0.11180763 0.23256554 -0.49015006
v 0.10524859 0.23256105 -0.49022382
v 0.09843470 0.23257494 -0.49024609
v 0.08636042 0.23261476 -0.49030131
v 0.15053837 0.22975104 -0.47437644
v 0.14274380 0.22965600 -0.47455251
v 0.14668182 0.23022906 -0.47487429
v 0.13304521 0.22943774 -0.47465184
v 0.12638205 0.22933055 -0.47470921
v 0.11654408 0.22916302 -0.47468755
v 0.10973489 0.22899845 -0.47467121
v 0.09529008 0.22884454 -0.47474632
v 0.07731694 0.22861485 -0.47477829
v 0.07042860 0.22855693 -0.47476882
v 0.06262159 0.22845487 -0.47472042
v 0.05529727 0.22829974 -0.47468334
v 0.04238790 0.22815257 -0.47473660
v 0.02870344 0.22817995 -0.47477201
v 0.01421704 0.22819570 -0.47476333
v 0.00782337 0.22817418 -0.47476238
v 0.00183406 0.22818838 -0.47476527
v 0.02113565 0.23281440 -0.49057287
v 0.00382727 0.23274697 -0.49057382
v -0.00358993 0.23269336 -0.49068090
v -0.01186913 0.23265113 -0.49069002
v -0.02184074 0.23264824 -0.49072766
v -0.03587331 0.23261626 -0.49065101
v -0.05116293 0.23255986 -0.49061158
v -0.05690305 0.23249820 -0.49064204
v -0.06436005 0.23242445 -0.49065328
v 0.05151111 0.23281837 -0.49046269
v 0.03294143 0.23280092 -0.49057201
v -0.18584611 0.23588094 -0.47729975
v -0.18508655 0.23664980 -0.48063430
v -0.18761858 0.23781967 -0.47905585
v -0.18680581 0.23849635 -0.48348218
v -0.18864357 0.23664026 -0.47491437
v -0.18651392 0.23484462 -0.47456765
v -0.19120735 0.23895542 -0.47761992
v -0.19318786 0.23816301 -0.47540215
v -0.19529514 0.23895620 -0.47694865
v -0.19318928 0.23949130 -0.47917596
v -0.18938150 0.23953366 -0.48062205
v -0.19303264 0.24024138 -0.48326105
v -0.19851992 0.24028148 -0.48320219
v -0.19871832 0.23883222 -0.47563687
v -0.19711682 0.23819149 -0.47435746
v -0.19857836 0.23977283 -0.47936577
v -0.20229004 0.23889260 -0.47561431
v -0.20234245 0.23830159 -0.47346455
v -0.20043342 0.23823720 -0.47339138
v -0.20380569 0.23833558 -0.47371027
v -0.20217286 0.23971167 -0.47945470
v -0.20209432 0.24024630 -0.48336297
v -0.20447184 0.23903103 -0.47944194
v -0.18886858 0.23971263 -0.48340708
v -0.20222890 0.23732163 -0.47157654
v -0.19836141 0.23694494 -0.47173843
v -0.19829863 0.24022441 -0.48747101
v -0.19292313 0.24014992 -0.48741040
v -0.20202941 0.24022737 -0.48764101
v -0.19278431 0.23528092 -0.47077346
v -0.20506562 0.23581342 -0.46829122
v -0.20184842 0.23512979 -0.46799010
v -0.19783288 0.23396750 -0.46748129
v -0.18977959 0.23517630 -0.47161594
v -0.20153113 0.23335759 -0.46533498
v -0.20510021 0.23280168 -0.46272871
v -0.19804499 0.23977415 -0.49202624
v -0.19297925 0.23966077 -0.49197260
v -0.20713879 0.23844096 -0.48243093
v -0.20551780 0.23909163 -0.48367220
v -0.20503941 0.23920341 -0.48775506
v -0.20183590 0.23971272 -0.49206364
v -0.19406964 0.23380537 -0.46839476
v -0.19927286 0.23293474 -0.46562544
v -0.18860896 0.23925814 -0.48741031
v -0.20476672 0.23869981 -0.49207669
v -0.20716555 0.23840417 -0.48520297
v -0.20104289 0.23157077 -0.46306783
v -0.20209816 0.23051824 -0.46104243
v -0.19106695 0.23336640 -0.46910453
v -0.19727598 0.23153637 -0.46480954
v -0.19792433 0.23876140 -0.49546245
v -0.20164582 0.23865844 -0.49546987
v -0.20713849 0.23818652 -0.48777908
v -0.19310069 0.23853697 -0.49540916
v -0.18851948 0.23810397 -0.49216300
v -0.18915747 0.23731832 -0.49507824
v -0.20895906 0.23737404 -0.48359543
v -0.19297275 0.23199059 -0.46703911
v -0.19468990 0.23069796 -0.46505061
v -0.20686765 0.23759805 -0.49207413
v -0.19933516 0.22945487 -0.46181178
v -0.18664184 0.23803233 -0.48741904
v -0.20922735 0.23693652 -0.48773706
v -0.18475419 0.23699334 -0.48367882
v -0.21237928 0.23503555 -0.48322713
v -0.20470683 0.23755947 -0.49551296
v -0.20887452 0.23636033 -0.49205384
v -0.18303022 0.23464592 -0.48784807
v -0.21201421 0.23495530 -0.48765013
v -0.21132581 0.23463024 -0.49202424
v -0.20641935 0.23696831 -0.49499536
v 0.12762041 0.23252010 -0.49003619
v 0.13604528 0.23249349 -0.48992035
v 0.17041256 0.23260795 -0.49021882
v 0.16443393 0.23255038 -0.49012482
v 0.15438540 0.23254986 -0.49002966
v 0.15044229 0.23254205 -0.48997343
v 0.14648682 0.23252331 -0.48992848
v 0.14249490 0.23250131 -0.48990676
v -0.18687156 0.23732972 -0.49093032
v 0.16797745 0.22752513 -0.47161609
v 0.17036615 0.22788937 -0.47155276
v -0.17850493 0.22730051 -0.47108701
v -0.17357112 0.22709835 -0.47138929
v -0.17027423 0.22673516 -0.47146323
v -0.07214715 0.23234685 -0.49066219
v -0.08261406 0.23229879 -0.49065283
v -0.08988144 0.23228191 -0.49063301
v -0.09561067 0.23225446 -0.49061900
v -0.10371117 0.23219661 -0.49061483
v -0.11772581 0.23215671 -0.49041370
v -0.12799937 0.23205116 -0.49036464
v -0.18487829 0.23662747 -0.48760131
v 0.16323476 0.22648720 -0.47170120
v -0.19030641 0.23683405 -0.49689755
v -0.20584574 0.23658821 -0.49646407
v -0.20380560 0.23705895 -0.49706635
v -0.21061210 0.23401757 -0.49542406
v 0.15807813 0.22567549 -0.47182032
v -0.18738730 0.23668833 -0.49391210
v -0.15007704 0.22553799 -0.47202140
v -0.15407325 0.22551359 -0.47188419
v -0.14209363 0.23193069 -0.49017763
v -0.15334356 0.23189765 -0.49016824
v -0.16455886 0.23181529 -0.49011680
v -0.17019756 0.23181933 -0.49013141
v -0.17844459 0.23219281 -0.49025214
v -0.18158887 0.23241319 -0.49029911
v -0.16624254 0.22604991 -0.47151613
v -0.16220158 0.22501095 -0.47151861
v 0.14641036 0.22509877 -0.47220117
v 0.13908774 0.22505201 -0.47240868
v 0.13216770 0.22497767 -0.47256607
v 0.12480011 0.22487748 -0.47266021
v 0.15028268 0.22510244 -0.47206604
v -0.13488895 0.22548257 -0.47240093
v -0.21015099 0.23361482 -0.49696222
v -0.15805998 0.22543062 -0.47173285
v 0.15390109 0.22477508 -0.47183540
v -0.17417410 0.23193678 -0.49018472
v -0.20827851 0.23453596 -0.49736792
v -0.12502566 0.22540368 -0.47256476
v -0.11745283 0.22535215 -0.47266629
v -0.20171438 0.23738410 -0.49725664
v -0.18573400 0.23591748 -0.49210978
v -0.18323158 0.23313439 -0.49161339
v -0.10959398 0.22529508 -0.47278404
v 0.00441858 0.22468804 -0.47344488
v 0.01467877 0.22471866 -0.47353867
v -0.00521437 0.22467910 -0.47333956
v -0.02288033 0.22468165 -0.47325322
v -0.04168532 0.22471456 -0.47321522
v -0.05843897 0.22482318 -0.47311699
v -0.06949154 0.22505820 -0.47314745
v -0.07824077 0.22533347 -0.47312620
v -0.09549634 0.22527158 -0.47295150
v 0.05747316 0.22458483 -0.47336400
v 0.06674252 0.22459468 -0.47327399
v 0.04191015 0.22467346 -0.47352839
v 0.03175808 0.22467262 -0.47356889
v 0.11741697 0.22480683 -0.47273383
v 0.10964069 0.22471656 -0.47285756
v 0.07457048 0.22463119 -0.47318634
v 0.09840233 0.22469682 -0.47301838
v 0.17496917 0.22422896 -0.46965030
v -0.18818799 0.23610409 -0.49582976
v 0.17033517 0.22500476 -0.47050616
v 0.16639718 0.22529706 -0.47106832
v -0.18648520 0.23508187 -0.49503997
v 0.16204144 0.22408164 -0.47112721
v 0.15493713 0.22308631 -0.47138986
v -0.17425413 0.22488852 -0.47075829
v -0.00235908 0.22151062 -0.47303662
v 0.01446467 0.22143267 -0.47319588
v 0.03353518 0.22136934 -0.47325012
v 0.04375686 0.22143525 -0.47320884
v 0.05469654 0.22136758 -0.47309586
v 0.06414830 0.22140278 -0.47305542
v -0.06793712 0.22138037 -0.47292227
v -0.05942478 0.22145258 -0.47286561
v -0.04637481 0.22150202 -0.47290543
v -0.03148758 0.22148992 -0.47295180
v -0.01519048 0.22143179 -0.47295147
v -0.07505602 0.22133228 -0.47297344
v 0.15290958 0.22164930 -0.47171137
v 0.14046279 0.22167216 -0.47207415
v 0.13213030 0.22162740 -0.47227603
v 0.12524348 0.22158790 -0.47240871
v 0.16603196 0.22147536 -0.47077227
v 0.07745060 0.22156622 -0.47301388
v 0.09695864 0.22151828 -0.47288290
v 0.11289796 0.22151020 -0.47265324
v 0.17027430 0.22145709 -0.47025874
v 0.17503123 0.22166407 -0.46945354
v 0.17479898 0.21096106 -0.48368132
v 0.17470765 0.21496789 -0.49082687
v 0.16965009 0.21271463 -0.48774484
v 0.14061035 0.21219525 -0.48756742
v 0.13298896 0.21206710 -0.48746485
v 0.14328861 0.21456835 -0.49098212
v 0.15005854 0.21235548 -0.48765260
v 0.15142617 0.21468276 -0.49095261
v 0.15406199 0.21245719 -0.48772198
v 0.15948983 0.21485327 -0.49093542
v 0.15811908 0.21257354 -0.48778802
v 0.16226262 0.21265805 -0.48780420
v 0.16952462 0.21493343 -0.49081036
v 0.13324626 0.21446694 -0.49105540
v 0.12410026 0.21190591 -0.48737207
v 0.15393366 0.21124552 -0.48363900
v 0.15794617 0.21123029 -0.48373538
v 0.16213892 0.21121363 -0.48377380
v 0.16629541 0.21116872 -0.48374802
v 0.17041320 0.21107282 -0.48370284
v 0.12441650 0.21433365 -0.49112397
v 0.11596819 0.21421468 -0.49117073
v 0.11687163 0.21182935 -0.48731703
v 0.00730975 0.21135810 -0.48735738
v -0.00615152 0.21146524 -0.48748749
v 0.00338414 0.21377389 -0.49154630
v 0.01584440 0.21372801 -0.49161229
v 0.02641465 0.21130189 -0.48738149
v 0.04605829 0.21371289 -0.49154454
v 0.03894583 0.21128991 -0.48732769
v 0.04905624 0.21133859 -0.48731953
v 0.05757915 0.21375413 -0.49153662
v 0.06396596 0.21141562 -0.48724195
v 0.07098933 0.21394014 -0.49147728
v 0.07723025 0.21154357 -0.48721686
v 0.07735784 0.21402037 -0.49145326
v 0.08588390 0.21405907 -0.49138063
v 0.09196167 0.21166180 -0.48720628
v 0.09387719 0.21409693 -0.49130473
v 0.10055373 0.21414900 -0.49127963
v 0.10250710 0.21176369 -0.48726937
v 0.10951688 0.21179588 -0.48728478
v 0.10966300 0.21417704 -0.49121848
v -0.00240473 0.21384864 -0.49157435
v -0.01136941 0.21393026 -0.49158561
v -0.01552465 0.21146052 -0.48752367
v -0.05453406 0.21155812 -0.48746112
v -0.06320457 0.21156166 -0.48759314
v -0.05645440 0.21400127 -0.49151507
v -0.04687944 0.21150869 -0.48741144
v -0.04532879 0.21399674 -0.49159563
v -0.04126744 0.21146750 -0.48742720
v -0.03144553 0.21142484 -0.48750088
v -0.02863809 0.21394551 -0.49163899
v -0.06208815 0.21403298 -0.49150646
v -0.07013910 0.21404168 -0.49146342
v -0.07167551 0.21158040 -0.48774102
v -0.11202224 0.21208198 -0.48792666
v -0.12052654 0.21220380 -0.48797646
v -0.11179551 0.21435694 -0.49112493
v -0.10606124 0.21201482 -0.48789388
v -0.10649778 0.21431863 -0.49117368
v -0.09791783 0.21189228 -0.48785174
v -0.09802688 0.21423627 -0.49124935
v -0.08989964 0.21175265 -0.48782414
v -0.08854577 0.21409926 -0.49132174
v -0.08229239 0.21164873 -0.48780382
v -0.07943279 0.21403050 -0.49139693
v -0.12031352 0.21446534 -0.49106559
v -0.12720637 0.21238969 -0.48802668
v -0.13006230 0.21475784 -0.49103150
v -0.13251837 0.21251638 -0.48805493
v -0.14255108 0.21497764 -0.49093214
v -0.14080314 0.21264344 -0.48805335
v -0.16267428 0.21295877 -0.48813123
v -0.17073828 0.21300396 -0.48806787
v -0.17072095 0.21513695 -0.49059442
v -0.15808587 0.21510613 -0.49079981
v -0.15853804 0.21288949 -0.48812979
v -0.15283513 0.21279490 -0.48809707
v -0.13717803 0.21124339 -0.48373875
v -0.14266619 0.21123378 -0.48379248
v -0.14658803 0.21121956 -0.48383144
v -0.15048607 0.21121740 -0.48387152
v -0.15444139 0.21121188 -0.48391786
v -0.16021329 0.21119399 -0.48399132
v -0.16685283 0.21120283 -0.48401538
v -0.17098908 0.21119089 -0.48402241
v -0.17498672 0.21107455 -0.48403579
v -0.17585796 0.21281858 -0.48801506
v -0.17464061 0.21503304 -0.49060002
v -0.17901559 0.21085422 -0.48405379
v -0.18181694 0.21243988 -0.48801005
v -0.17867881 0.21485502 -0.49067402
v -0.18204646 0.21070446 -0.48400158
v -0.18387346 0.21010785 -0.48380572
v -0.18345550 0.21144576 -0.48792046
v -0.18547621 0.20907335 -0.48355719
v -0.18170118 0.21461056 -0.49074754
v 0.05403493 0.21581754 -0.49360976
v 0.06553621 0.21595503 -0.49356458
v 0.00424929 0.21594086 -0.49359971
v 0.01728928 0.21580030 -0.49363407
v 0.03741553 0.21583036 -0.49363950
v 0.07801364 0.21622218 -0.49348241
v -0.01026757 0.21622060 -0.49358493
v -0.03061759 0.21621500 -0.49362206
v -0.04506749 0.21625851 -0.49356398
v 0.08994100 0.21640003 -0.49337336
v 0.09753127 0.21655799 -0.49330324
v 0.10534007 0.21669060 -0.49326134
v -0.05505711 0.21642314 -0.49350739
v 0.11877406 0.21688123 -0.49314079
v -0.06310979 0.21663108 -0.49347705
v -0.18584348 0.20912215 -0.48116639
v -0.18483180 0.21021724 -0.47930804
v -0.18793721 0.20828529 -0.47921059
v -0.18943153 0.20882834 -0.47419858
v -0.18526061 0.20971036 -0.48773998
v -0.18565388 0.21088864 -0.49187732
v -0.18739833 0.21041907 -0.47404861
v -0.18503109 0.21219459 -0.47395459
v -0.19300552 0.21217477 -0.46677780
v -0.19374429 0.21011820 -0.46789390
v -0.19136795 0.21046869 -0.46946961
v -0.19045892 0.21321319 -0.46819961
v -0.18889616 0.21177742 -0.47041172
v -0.18752138 0.21503396 -0.46943003
v -0.19029763 0.20945881 -0.47150189
v -0.19506054 0.21120769 -0.46538398
v -0.19450712 0.21362188 -0.46464986
v -0.19228844 0.21586616 -0.46556252
v -0.19671433 0.21270770 -0.46327320
v -0.18947420 0.21767908 -0.46695954
v -0.18652844 0.21951666 -0.46825719
v -0.18897244 0.22089942 -0.46588466
v -0.19124201 0.22007687 -0.46469525
v -0.19318065 0.22088669 -0.46273017
v -0.19507371 0.22081326 -0.46127358
v -0.19834074 0.21414056 -0.46119410
v -0.19878203 0.21183883 -0.46191689
v -0.19758923 0.21767797 -0.46040639
v -0.19918987 0.22081181 -0.45788372
v -0.19957775 0.21769612 -0.45849270
v -0.20009135 0.21306284 -0.45983958
v -0.20189372 0.21063885 -0.45972618
v -0.20235990 0.21313824 -0.45726940
v -0.20275125 0.21122310 -0.45774400
v -0.20155804 0.21763727 -0.45641550
v -0.20335752 0.21753201 -0.45440039
v -0.20308766 0.22073022 -0.45421368
v -0.18524675 0.21666622 -0.47009736
v -0.18614216 0.21304370 -0.47127640
v -0.18426408 0.21388616 -0.47233579
v -0.18607077 0.22083230 -0.46773076
v -0.20395432 0.21300632 -0.45520410
v -0.19748844 0.21071947 -0.46424761
v -0.19091913 0.22209476 -0.46442476
v -0.18934466 0.22341850 -0.46583834
v -0.19263424 0.22340317 -0.46355799
v -0.18631472 0.22337224 -0.46769422
v -0.18739833 0.21041907 -0.47404861
v -0.19539049 0.22321539 -0.46157286
v -0.19741689 0.22324586 -0.46011800
v -0.18409963 0.22069634 -0.46872044
v -0.18434954 0.22343658 -0.46856642
v -0.20346306 0.20928432 -0.45972258
v -0.18503109 0.21219459 -0.47395459
v -0.19970290 0.22331433 -0.45833537
v -0.20177878 0.22342932 -0.45656466
v -0.20382516 0.22351304 -0.45464981
v -0.18903196 0.22783259 -0.46738088
v -0.18678199 0.22558512 -0.46798807
v -0.19815724 0.22622655 -0.46082306
v -0.19394048 0.22798316 -0.46436611
v -0.19208680 0.22810613 -0.46558991
v -0.18190864 0.22361235 -0.46940234
v -0.18213531 0.22055840 -0.46937460
v -0.19678922 0.22791038 -0.46254107
v -0.20250137 0.22610913 -0.45731708
v -0.18755077 0.22967903 -0.46912581
v -0.20089461 0.22768299 -0.45965505
v -0.19036852 0.23179975 -0.46817854
v -0.19468990 0.23069796 -0.46505061
v -0.18516436 0.22842610 -0.46997395
v -0.19297275 0.23199059 -0.46703911
v -0.19933516 0.22945487 -0.46181178
v -0.18860154 0.23292460 -0.47031894
v -0.18586569 0.23215218 -0.47152460
v -0.18360074 0.23128037 -0.47252023
v -0.20359266 0.22889683 -0.45844606
v -0.19727598 0.23153637 -0.46480954
v -0.18173106 0.22757140 -0.47073543
v -0.20209816 0.23051824 -0.46104243
v -0.17866822 0.22389252 -0.47005400
v -0.17889827 0.22055331 -0.46998626
v -0.17425413 0.22488852 -0.47075829
v -0.19106695 0.23336640 -0.46910453
v -0.17493455 0.22064444 -0.47050381
v -0.18977959 0.23517630 -0.47161594
v -0.18651392 0.23484462 -0.47456765
v -0.18444540 0.23317759 -0.47431731
v -0.18158981 0.23067620 -0.47294247
v -0.17850493 0.22730051 -0.47108701
v -0.17074367 0.22065648 -0.47098431
v -0.20058097 0.20964366 -0.46309903
v -0.20295618 0.20858668 -0.46189061
v -0.19230258 0.20918992 -0.47054085
v -0.18943153 0.20882834 -0.47419858
v -0.16824652 0.22397067 -0.47101495
v -0.17027423 0.22673516 -0.47146323
v -0.16388938 0.22294961 -0.47111297
v -0.16624254 0.22604991 -0.47151613
v -0.16220158 0.22501095 -0.47151861
v -0.16245252 0.22115979 -0.47145310
v -0.15805998 0.22543062 -0.47173285
v -0.15007704 0.22553799 -0.47202140
v -0.15407325 0.22551359 -0.47188419
v -0.15724216 0.22107986 -0.47167554
v -0.15034808 0.22117917 -0.47189379
v -0.14608364 0.22118551 -0.47201025
v -0.13488895 0.22548257 -0.47240093
v -0.12923589 0.22122149 -0.47238484
v -0.12502566 0.22540368 -0.47256476
v -0.12179496 0.22112228 -0.47253597
v -0.11745283 0.22535215 -0.47266629
v -0.11150464 0.22107850 -0.47271055
v -0.10959398 0.22529508 -0.47278404
v -0.09549634 0.22527158 -0.47295150
v -0.09703622 0.22107664 -0.47286281
v -0.08335723 0.22120172 -0.47298717
v -0.07824077 0.22533347 -0.47312620
v -0.07824077 0.22533347 -0.47312620
v -0.08335723 0.22120172 -0.47298717
v -0.07505602 0.22133228 -0.47297344
v -0.06949154 0.22505820 -0.47314745
v -0.21444540 0.23252842 -0.48352507
v -0.21520554 0.23119695 -0.48507017
v -0.21201421 0.23495530 -0.48765013
v -0.21384275 0.23267005 -0.48752314
v -0.21608832 0.22917333 -0.48353845
v -0.21661527 0.21759140 -0.48377314
v -0.21518171 0.21566963 -0.48503461
v -0.21569726 0.21835811 -0.48736385
v -0.21484827 0.21601310 -0.48735875
v -0.21414129 0.21658182 -0.49175006
v -0.21487893 0.21876672 -0.49177307
v -0.21576342 0.22193450 -0.49178571
v -0.21467818 0.22217505 -0.49550512
v -0.21402749 0.21964285 -0.49556711
v -0.21468572 0.22513670 -0.49544176
v -0.21391562 0.22513947 -0.49718305
v -0.21570672 0.22496174 -0.49183506
v -0.21672787 0.22157446 -0.48731413
v -0.21347558 0.21365151 -0.48724979
v -0.21278884 0.21408705 -0.49169248
v -0.21163595 0.21111755 -0.48713905
v -0.21100111 0.21159892 -0.49166271
v -0.21386498 0.22222996 -0.49730483
v -0.21366978 0.22669645 -0.49695718
v -0.21126135 0.21410695 -0.49581495
v -0.21031451 0.21214779 -0.49486312
v -0.21340168 0.22955520 -0.49543646
v -0.21235214 0.22861420 -0.49760795
v -0.21095695 0.23226652 -0.49728477
v -0.21210660 0.23224394 -0.49541652
v -0.21433017 0.21325836 -0.48374996
v -0.21015099 0.23361482 -0.49696222
v -0.21061210 0.23401757 -0.49542406
v -0.21330021 0.21753956 -0.49558502
v -0.21421751 0.23016024 -0.49178594
v -0.21132581 0.23463024 -0.49202424
v -0.21073507 0.21506433 -0.49769631
v -0.21217252 0.21854457 -0.49790850
v -0.21796022 0.22132933 -0.48343024
v -0.20960250 0.21274190 -0.49707377
v -0.21358958 0.22032593 -0.49722040
v -0.21301799 0.23253196 -0.49200058
v -0.21660326 0.22452085 -0.48728231
v -0.21660326 0.22452085 -0.48728231
v -0.21520554 0.23119695 -0.48507017
v -0.21421751 0.23016024 -0.49178594
v -0.21384275 0.23267005 -0.48752314
v -0.21301799 0.23253196 -0.49200058
v -0.21421751 0.23016024 -0.49178594
v -0.21301799 0.23253196 -0.49200058
v -0.21132581 0.23463024 -0.49202424
v -0.21210660 0.23224394 -0.49541652
vt 0.44517544 0.36469847
vt 0.44382143 0.36479342
vt 0.44199619 0.36680835
vt 0.44734758 0.36372650
vt 0.44439760 0.36309975
vt 0.44157416 0.37168074
vt 0.44247970 0.36528897
vt 0.44284829 0.36423445
vt 0.44104400 0.36993766
vt 0.44120380 0.36519778
vt 0.44110826 0.36629891
vt 0.43972924 0.36698592
vt 0.43916151 0.36602646
vt 0.43702516 0.36688757
vt 0.43836209 0.36477304
vt 0.43607649 0.36528212
vt 0.43402162 0.36639035
vt 0.43486872 0.36776388
vt 0.43221244 0.36730170
vt 0.43297604 0.36869574
vt 0.43203226 0.36875916
vt 0.43171740 0.36819559
vt 0.43250656 0.36943263
vt 0.43386021 0.36937487
vt 0.43544021 0.36891276
vt 0.43762362 0.36792374
vt 0.43367541 0.37024748
vt 0.43593964 0.36992222
vt 0.43430668 0.36381060
vt 0.43289807 0.36466223
vt 0.43339241 0.36299634
vt 0.43139827 0.36428213
vt 0.43819886 0.36899590
vt 0.44030899 0.36391783
vt 0.43223953 0.36364990
vt 0.43541959 0.36319798
vt 0.43770510 0.36399937
vt 0.43680641 0.36248302
vt 0.43962505 0.36283457
vt 0.43126100 0.36714596
vt 0.43465468 0.37238061
vt 0.43664491 0.37139434
vt 0.44225022 0.36301696
vt 0.43898609 0.37068558
vt 0.43349022 0.37245917
vt 0.43255198 0.37108946
vt 0.43869093 0.36149502
vt 0.43562445 0.36090386
vt 0.43375748 0.36203378
vt 0.43958375 0.37219036
vt 0.43086541 0.36587262
vt 0.43558663 0.37324685
vt 0.43434939 0.37349331
vt 0.44164360 0.36193991
vt 0.43727806 0.37284040
vt 0.44329196 0.36256266
vt 0.43169585 0.36289281
vt 0.43272558 0.36066020
vt 0.44071978 0.36036384
vt 0.43472928 0.35979176
vt 0.43170902 0.36955905
vt 0.42977533 0.36629570
vt 0.43739092 0.35980082
vt 0.44003826 0.35912460
vt 0.42904988 0.36477673
vt 0.43001822 0.36393821
vt 0.42950255 0.36266577
vt 0.43077573 0.36171615
vt 0.43082261 0.36803949
vt 0.43590707 0.35933280
vt 0.42852256 0.36353946
vt 0.44457477 0.36214781
vt 0.44662875 0.36254984
vt 0.44347885 0.36133158
vt 0.44249749 0.35931540
vt 0.44926554 0.36256063
vt 0.44820893 0.36196136
vt 0.44150794 0.35872215
vt 0.43341967 0.37364340
vt 0.44611886 0.36150366
vt 0.44534597 0.35982126
vt 0.44414672 0.35907370
vt 0.44690147 0.35950530
vt 0.44827905 0.36063290
vt 0.44949698 0.36147189
vt 0.44571540 0.35875642
vt 0.81685585 0.92018622
vt 0.82315052 0.92033195
vt 0.82063180 0.92212451
vt 0.81628293 0.92203891
vt 0.81130493 0.92196035
vt 0.80917931 0.92004400
vt 0.80187654 0.92180145
vt 0.80375987 0.91993695
vt 0.82593942 0.92222250
vt 0.80150652 0.91970843
vt 0.79795951 0.91998166
vt 0.79788971 0.92167729
vt 0.79387462 0.92155290
vt 0.79179329 0.92007852
vt 0.78992838 0.92156374
vt 0.78698099 0.92109323
vt 0.78681624 0.92016822
vt 0.78170377 0.92033571
vt 0.82956713 0.92049485
vt 0.93089694 0.91941470
vt 0.92997599 0.92123520
vt 0.92379522 0.92147636
vt 0.92461610 0.91974127
vt 0.91684991 0.92165488
vt 0.91282928 0.92010671
vt 0.90829271 0.92188358
vt 0.90233129 0.92028213
vt 0.89958805 0.92204559
vt 0.89527947 0.92035228
vt 0.89209616 0.92214447
vt 0.89054608 0.92045146
vt 0.88289243 0.92225528
vt 0.88477015 0.92053598
vt 0.87186235 0.92236441
vt 0.86997956 0.92064625
vt 0.86284089 0.92237431
vt 0.85118628 0.92063940
vt 0.85172492 0.92243117
vt 0.84149611 0.92063141
vt 0.84115762 0.92239875
vt 0.83541471 0.92235976
vt 0.83016980 0.92229933
vt 0.93360132 0.91906738
vt 0.93355381 0.92110264
vt 0.93654662 0.91926384
vt 0.78625089 0.91915345
vt 0.79097480 0.91905636
vt 0.78294545 0.91928506
vt 0.78081685 0.91948771
vt 0.79679227 0.91890860
vt 0.80159223 0.91881073
vt 0.80897635 0.91876560
vt 0.93731833 0.92098475
vt 0.94107378 0.91924429
vt 0.94221497 0.91819930
vt 0.93365932 0.91813010
vt 0.92373592 0.91832185
vt 0.91448760 0.91830212
vt 0.90862960 0.91833305
vt 0.90230787 0.91829807
vt 0.89753300 0.91828132
vt 0.89287233 0.91837120
vt 0.94622922 0.91921932
vt 0.81883085 0.91876966
vt 0.94592834 0.91828811
vt 0.95400387 0.91828513
vt 0.95643359 0.91912645
vt 0.95840925 0.91798878
vt 0.95978850 0.91886878
vt 0.96153748 0.91748017
vt 0.82575130 0.91869384
vt 0.88542449 0.91844785
vt 0.87004673 0.91847247
vt 0.86044598 0.91854262
vt 0.85133898 0.91866893
vt 0.84279966 0.91864991
vt 0.83385050 0.91864932
vt 0.94188499 0.92083246
vt 0.94752502 0.92059016
vt 0.96411669 0.92010194
vt 0.95891482 0.92025083
vt 0.94961536 0.91653621
vt 0.94507903 0.91662169
vt 0.95201951 0.91645193
vt 0.95507330 0.91631472
vt 0.95901102 0.91602623
vt 0.96142918 0.91582263
vt 0.78148961 0.91701847
vt 0.78598922 0.91712308
vt 0.77831304 0.91690034
vt 0.77832955 0.91918808
vt 0.77308983 0.91905630
vt 0.77240121 0.91671872
vt 0.76754296 0.91664618
vt 0.75750071 0.91636109
vt 0.75729030 0.91867554
vt 0.75475264 0.91879839
vt 0.76046556 0.91644233
vt 0.76049989 0.91880196
vt 0.76462430 0.91890943
vt 0.75426489 0.91622692
vt 0.75066262 0.91831023
vt 0.75079674 0.91590232
vt 0.94273615 0.91665483
vt 0.93630844 0.91677260
vt 0.94043446 0.91668987
vt 0.91404748 0.91682446
vt 0.90658718 0.91683239
vt 0.93109173 0.91678280
vt 0.93365860 0.91705132
vt 0.92645258 0.91683275
vt 0.92082775 0.91686392
vt 0.91757756 0.91685605
vt 0.79481518 0.91741741
vt 0.90192068 0.91683465
vt 0.89804709 0.91682959
vt 0.89408314 0.91685122
vt 0.88526344 0.91691995
vt 0.87233031 0.91698658
vt 0.86437577 0.91700131
vt 0.85882425 0.91710228
vt 0.85131538 0.91724324
vt 0.84264821 0.91723937
vt 0.75281245 0.91967124
vt 0.75370109 0.91961533
vt 0.75057304 0.91952765
vt 0.79922825 0.91748673
vt 0.83114630 0.91726422
vt 0.77666879 0.92103809
vt 0.77040493 0.92082399
vt 0.76498055 0.92065394
vt 0.76037973 0.92051351
vt 0.75716585 0.92042983
vt 0.75463486 0.92028248
vt 0.78077054 0.92099106
vt 0.80167133 0.91776550
vt 0.81352162 0.91749007
vt 0.81794965 0.91748166
vt 0.82340866 0.91739058
vt 0.80941027 0.91747594
vt 0.80461329 0.91746724
vt 0.75054055 0.92051804
vt 0.75764549 0.91478759
vt 0.76096660 0.91490871
vt 0.76759392 0.91508037
vt 0.75279754 0.91440588
vt 0.75530714 0.91463673
vt 0.75094992 0.91421622
vt 0.95550495 0.91431952
vt 0.77424121 0.91524667
vt 0.94967419 0.91447741
vt 0.95894945 0.91418350
vt 0.78257084 0.91541290
vt 0.78863633 0.91547030
vt 0.94738096 0.91452646
vt 0.94507974 0.91457987
vt 0.94275421 0.91463149
vt 0.79691648 0.91562295
vt 0.80170381 0.91565502
vt 0.80509156 0.91567880
vt 0.93898195 0.91470087
vt 0.93403935 0.91479856
vt 0.93140316 0.91482097
vt 0.75000000 0.91790229
vt 0.80939257 0.91571307
vt 0.92472255 0.91493016
vt 0.81559193 0.91573906
vt 0.82020193 0.91571891
vt 0.92084950 0.91499686
vt 0.91681886 0.91503400
vt 0.82461905 0.91568047
vt 0.82802206 0.91563737
vt 0.90966862 0.91509688
vt 0.78284812 0.92138433
vt 0.78512937 0.92171293
vt 0.78942269 0.92222518
vt 0.75116760 0.92084813
vt 0.83709091 0.91561550
vt 0.84541750 0.91562688
vt 0.75015056 0.92120707
vt 0.85133308 0.91560727
vt 0.85624790 0.91555500
vt 0.90263242 0.91514915
vt 0.95842636 0.92106795
vt 0.94697857 0.92163759
vt 0.95336312 0.92125231
vt 0.79594338 0.92261821
vt 0.93927377 0.92217666
vt 0.96403921 0.92103714
vt 0.93461120 0.92242956
vt 0.80229688 0.92295194
vt 0.81017566 0.92332691
vt 0.78032714 0.92331910
vt 0.77355814 0.92308599
vt 0.76744550 0.92290115
vt 0.93038929 0.92259997
vt 0.92562163 0.92281568
vt 0.81794798 0.92361486
vt 0.78277612 0.92342484
vt 0.76418614 0.92282045
vt 0.76004857 0.92273730
vt 0.82305706 0.92382103
vt 0.78738022 0.92362106
vt 0.75704867 0.92267466
vt 0.75469810 0.92260599
vt 0.75228930 0.92255485
vt 0.91840535 0.92309237
vt 0.91243595 0.92336315
vt 0.82767969 0.92397588
vt 0.83239931 0.92409497
vt 0.90066934 0.92381352
vt 0.89352304 0.92396820
vt 0.88835484 0.92406505
vt 0.83985204 0.92415953
vt 0.85033029 0.92412710
vt 0.85917085 0.92419541
vt 0.86958247 0.92425227
vt 0.88028115 0.92415303
vt 0.94062960 0.92340040
vt 0.94381011 0.92318988
vt 0.94962001 0.92280424
vt 0.93528801 0.92374372
vt 0.92908949 0.92408788
vt 0.89749837 0.92536390
vt 0.90491575 0.92506343
vt 0.91200066 0.92481446
vt 0.91650635 0.92462045
vt 0.92113596 0.92442167
vt 0.95588493 0.92247719
vt 0.78985351 0.92342436
vt 0.79299873 0.92392004
vt 0.79823989 0.92417014
vt 0.80465001 0.92449868
vt 0.81129932 0.92479891
vt 0.81737494 0.92503208
vt 0.82081604 0.92519581
vt 0.75050682 0.92233270
vt 0.95928395 0.92247403
vt 0.82561529 0.92540139
vt 0.83157456 0.92556900
vt 0.84019041 0.92565012
vt 0.85231680 0.92564923
vt 0.89064443 0.92556638
vt 0.86096609 0.92576504
vt 0.86873901 0.92580712
vt 0.88073611 0.92569417
vt 0.76440996 0.92468554
vt 0.77360201 0.92505622
vt 0.78099751 0.92542982
vt 0.78676802 0.92579204
vt 0.75693220 0.92446339
vt 0.79181850 0.92602026
vt 0.75462300 0.92446148
vt 0.75224268 0.92449677
vt 0.79496306 0.92613971
vt 0.79999220 0.92632967
vt 0.95307249 0.92458475
vt 0.95890403 0.92435986
vt 0.94837421 0.92485368
vt 0.96190143 0.92424655
vt 0.75045967 0.92457813
vt 0.80562341 0.92655152
vt 0.94361603 0.92510664
vt 0.93771899 0.92540222
vt 0.93251616 0.92568028
vt 0.81104052 0.92672360
vt 0.81657046 0.92685187
vt 0.86065632 0.91545528
vt 0.88900435 0.91520697
vt 0.89473313 0.91514325
vt 0.87094980 0.91535628
vt 0.87796992 0.91532153
vt 0.45748389 0.17175382
vt 0.46235722 0.17196345
vt 0.46162960 0.17383009
vt 0.47896212 0.17254883
vt 0.48064241 0.17458463
vt 0.47343707 0.17428190
vt 0.46632034 0.17211729
vt 0.46755961 0.17406738
vt 0.45459637 0.17352211
vt 0.45016864 0.17133576
vt 0.48540491 0.17469102
vt 0.48512948 0.17277205
vt 0.48868099 0.17474401
vt 0.49018028 0.17293036
vt 0.50445646 0.17335224
vt 0.50714797 0.17542553
vt 0.50230545 0.17524874
vt 0.50049096 0.17328012
vt 0.49619189 0.17502952
vt 0.49803394 0.17360413
vt 0.49560326 0.17313254
vt 0.49216354 0.17485690
vt 0.50777841 0.17342889
vt 0.51025534 0.17342722
vt 0.51277828 0.17306852
vt 0.51268649 0.17554235
vt 0.51522541 0.17359346
vt 0.51517582 0.17563742
vt 0.45051333 0.17333984
vt 0.44685546 0.17315876
vt 0.44033968 0.17081296
vt 0.44358829 0.17300373
vt 0.43671614 0.17269951
vt 0.43356836 0.17051530
vt 0.42896834 0.17235863
vt 0.42098290 0.17004973
vt 0.41729671 0.17199129
vt 0.41106936 0.16981769
vt 0.40914696 0.17178547
vt 0.40354905 0.16967344
vt 0.51428562 0.17165023
vt 0.51196086 0.17146754
vt 0.51767629 0.17190993
vt 0.51971179 0.17418355
vt 0.51770735 0.17389661
vt 0.39371783 0.17129737
vt 0.39201379 0.16931272
vt 0.38462967 0.17101753
vt 0.38238037 0.16904151
vt 0.37916687 0.17089874
vt 0.37681401 0.16892588
vt 0.37319028 0.17088091
vt 0.36880955 0.16892594
vt 0.36796594 0.17087340
vt 0.36192548 0.16877019
vt 0.36021346 0.17069805
vt 0.35410494 0.17051846
vt 0.35198337 0.16847646
vt 0.34788191 0.17036211
vt 0.34264180 0.17025858
vt 0.34056953 0.16819477
vt 0.33920056 0.17016357
vt 0.33792508 0.16853374
vt 0.33443972 0.16998047
vt 0.33497897 0.16797715
vt 0.33043772 0.16772389
vt 0.32892424 0.16980541
vt 0.32302010 0.16741252
vt 0.32200119 0.16959596
vt 0.31960067 0.16689324
vt 0.31960338 0.16954708
vt 0.31734717 0.16950822
vt 0.33644789 0.16552621
vt 0.37235361 0.16685128
vt 0.36449662 0.16654766
vt 0.35300535 0.16619873
vt 0.34366170 0.16584551
vt 0.37795135 0.16702849
vt 0.41191816 0.16795546
vt 0.40188742 0.16773665
vt 0.39052755 0.16743612
vt 0.38444972 0.16720849
vt 0.44603297 0.16892648
vt 0.43822360 0.16869032
vt 0.42932147 0.16844761
vt 0.41957995 0.16819096
vt 0.33244240 0.16535586
vt 0.32761544 0.16513240
vt 0.32043093 0.16481215
vt 0.49799219 0.17034769
vt 0.48789370 0.17015147
vt 0.48343101 0.17011482
vt 0.47725710 0.17000306
vt 0.46857166 0.16978413
vt 0.46036798 0.16949999
vt 0.45539474 0.16928154
vt 0.45112929 0.16911936
vt 0.50054461 0.17038518
vt 0.50466871 0.17047977
vt 0.50778389 0.17045754
vt 0.51027602 0.17113638
vt 0.51522648 0.17062402
vt 0.51758665 0.17055559
vt 0.51965499 0.17201519
vt 0.31527478 0.16739774
vt 0.31885207 0.16545022
vt 0.31523046 0.16552770
vt 0.31270424 0.16745073
vt 0.31286046 0.16567093
vt 0.31294212 0.16439474
vt 0.31029755 0.16755402
vt 0.31044421 0.16580260
vt 0.31056252 0.16415250
vt 0.31497207 0.16944134
vt 0.31527230 0.16454452
vt 0.30791718 0.16366744
vt 0.30775091 0.16758263
vt 0.31258658 0.16933763
vt 0.51273179 0.17069286
vt 0.51951289 0.17038536
vt 0.31760302 0.16467106
vt 0.31022021 0.16919631
vt 0.52068961 0.17013180
vt 0.50864321 0.16946191
vt 0.51766968 0.17580706
vt 0.51966721 0.17595804
vt 0.31932029 0.16398084
vt 0.52150691 0.17238629
vt 0.52090490 0.17429549
vt 0.31531757 0.16320723
vt 0.52222985 0.17054844
vt 0.40374351 0.17352474
vt 0.41231921 0.17377877
vt 0.42219871 0.17408031
vt 0.43358153 0.17451328
vt 0.44056854 0.17475665
vt 0.38464689 0.17291445
vt 0.37852544 0.17272443
vt 0.39425722 0.17322594
vt 0.37383947 0.17262703
vt 0.44489560 0.17491108
vt 0.36864433 0.17253107
vt 0.36319378 0.17238361
vt 0.35665062 0.17218161
vt 0.52193159 0.16979426
vt 0.45016855 0.17514300
vt 0.35021871 0.17200655
vt 0.45487213 0.17535287
vt 0.46084306 0.17559612
vt 0.46632630 0.17581463
vt 0.34370512 0.17184907
vt 0.47023973 0.17597073
vt 0.47619921 0.17621946
vt 0.34021428 0.17175454
vt 0.33782816 0.17136848
vt 0.48082495 0.17637658
vt 0.52134269 0.17553627
vt 0.33559510 0.17162943
vt 0.33095196 0.17159295
vt 0.32839456 0.17157626
vt 0.32409608 0.17152709
vt 0.33328655 0.17160767
vt 0.48505783 0.17644763
vt 0.48960865 0.17650980
vt 0.32184154 0.17150766
vt 0.49527755 0.17668408
vt 0.49793649 0.17648894
vt 0.31959987 0.17151129
vt 0.31732774 0.17153019
vt 0.38664794 0.17542017
vt 0.40054718 0.17585588
vt 0.40792656 0.17605764
vt 0.41478249 0.17628485
vt 0.43148473 0.17683160
vt 0.43847615 0.17706573
vt 0.44211251 0.17721015
vt 0.35892454 0.17459273
vt 0.35241407 0.17442745
vt 0.36700380 0.17484641
vt 0.37192792 0.17497921
vt 0.37728372 0.17511237
vt 0.34700370 0.17430115
vt 0.31493795 0.17152917
vt 0.30768636 0.17163008
vt 0.31019992 0.17154437
vt 0.31255269 0.17152059
vt 0.50035936 0.17696881
vt 0.50272781 0.17711079
vt 0.50516135 0.17725456
vt 0.44724628 0.17747295
vt 0.34321728 0.17423129
vt 0.33842203 0.17415363
vt 0.50764602 0.17739362
vt 0.51258767 0.17767036
vt 0.33548298 0.17412424
vt 0.45260659 0.17776388
vt 0.51506752 0.17788893
vt 0.45991644 0.17804736
vt 0.51751924 0.17814970
vt 0.51942086 0.17832321
vt 0.33317184 0.17409861
vt 0.46681783 0.17830890
vt 0.47151026 0.17850423
vt 0.33085650 0.17407799
vt 0.47574258 0.17868614
vt 0.32858837 0.17405891
vt 0.48014012 0.17887843
vt 0.48396721 0.17905027
vt 0.48830178 0.17923856
vt 0.49229363 0.17941850
vt 0.49557507 0.17958343
vt 0.49791729 0.17970645
vt 0.32632142 0.17403722
vt 0.52099448 0.17861325
vt 0.32404613 0.17401332
vt 0.32179764 0.17399353
vt 0.50024402 0.17983460
vt 0.50260317 0.17997050
vt 0.31954500 0.17399502
vt 0.50604397 0.18017727
vt 0.31725135 0.17401218
vt 0.51000273 0.18038630
vt 0.31486389 0.17400897
vt 0.51246202 0.18051815
vt 0.31250596 0.17399019
vt 0.51483440 0.18066972
vt 0.31017810 0.17398840
vt 0.51722234 0.18084788
vt 0.51901335 0.18095899
vt 0.52015179 0.18098307
vt 0.39438498 0.17818284
vt 0.38692674 0.17792308
vt 0.38092282 0.17773098
vt 0.37208873 0.17740709
vt 0.43476656 0.17950058
vt 0.42889568 0.17934191
vt 0.41938463 0.17904061
vt 0.41379046 0.17883790
vt 0.40576488 0.17851663
vt 0.36425430 0.17713565
vt 0.35557589 0.17686212
vt 0.34938094 0.17672229
vt 0.34527278 0.17662030
vt 0.34097108 0.17652565
vt 0.43812183 0.17960799
vt 0.44269925 0.17979348
vt 0.46387386 0.18068576
vt 0.45931503 0.18052375
vt 0.45295566 0.18028140
vt 0.44788587 0.18003643
vt 0.46867773 0.18086666
vt 0.33675271 0.17644250
vt 0.33158228 0.17635143
vt 0.47355500 0.18106729
vt 0.47712398 0.18122017
vt 0.32716969 0.17630100
vt 0.48221540 0.18144739
vt 0.32171887 0.17624110
vt 0.48621449 0.18164140
vt 0.48939356 0.18179011
vt 0.01380198 0.72218531
vt 0.01225477 0.71987754
vt 0.01495762 0.72106284
vt 0.01308738 0.71895540
vt 0.01489456 0.71925920
vt 0.01586259 0.72221011
vt 0.01152204 0.72224051
vt 0.01160615 0.71865851
vt 0.01067327 0.71985286
vt 0.01685171 0.71945626
vt 0.01680024 0.72107244
vt 0.01677213 0.72244102
vt 0.01209998 0.72342145
vt 0.01463539 0.72278857
vt 0.00956912 0.72126949
vt 0.00923393 0.72376543
vt 0.01797134 0.72245920
vt 0.01889500 0.72130316
vt 0.01889470 0.71947962
vt 0.02159693 0.71935809
vt 0.02182209 0.72086370
vt 0.02000915 0.72224116
vt 0.02223714 0.72237843
vt 0.02347438 0.71912330
vt 0.02377241 0.72050035
vt 0.02458999 0.72255450
vt 0.02227629 0.72326225
vt 0.02422630 0.72376543
vt 0.01227426 0.71779591
vt 0.01449239 0.71773833
vt 0.02365925 0.71784210
vt 0.01667096 0.71783429
vt 0.02174840 0.71793574
vt 0.01903569 0.71790969
vt 0.01097898 0.71721274
vt 0.02440191 0.71887749
vt 0.01194816 0.71539003
vt 0.01398519 0.71547061
vt 0.01041494 0.71538872
vt 0.02521948 0.71776879
vt 0.01166667 0.71302307
vt 0.02407165 0.71562386
vt 0.01650180 0.71549243
vt 0.00987106 0.71320498
vt 0.01919928 0.71551460
vt 0.02199873 0.71558309
vt 0.01380718 0.71295589
vt 0.01168092 0.71095973
vt 0.01651564 0.71285933
vt 0.01388412 0.71068347
vt 0.01948269 0.71059817
vt 0.01667139 0.71053392
vt 0.02222899 0.71053225
vt 0.02431557 0.71285617
vt 0.02436045 0.71052402
vt 0.01957328 0.70834059
vt 0.01691042 0.70838636
vt 0.01418246 0.70859021
vt 0.02219287 0.70841247
vt 0.01719393 0.70647258
vt 0.01956423 0.70646280
vt 0.01199032 0.70903206
vt 0.02425656 0.70865697
vt 0.01468557 0.70673662
vt 0.02203708 0.70666856
vt 0.02580700 0.71293330
vt 0.02588065 0.71075517
vt 0.02554670 0.71561801
vt 0.02642764 0.71723592
vt 0.00984484 0.71131027
vt 0.02406964 0.70701754
vt 0.01037692 0.70946485
vt 0.01747178 0.70497221
vt 0.01225547 0.70697170
vt 0.01948556 0.70496172
vt 0.02599760 0.70905566
vt 0.01094929 0.70770127
vt 0.01528186 0.70504767
vt 0.01307459 0.70577353
vt 0.02671414 0.71566212
vt 0.02697325 0.71304458
vt 0.02706064 0.71099144
vt 0.02164792 0.70500976
vt 0.02395142 0.70580065
vt 0.02536779 0.70732474
vt 0.02695278 0.70980555
vt 0.01638333 0.70415682
vt 0.01149972 0.70625150
vt 0.01947457 0.70401233
vt 0.02050380 0.70411009
vt 0.01760828 0.70403916
vt 0.02487488 0.70621663
vt 0.02807925 0.71580684
vt 0.02613624 0.71865708
vt 0.02838577 0.71314591
vt 0.02689017 0.70858794
vt 0.02552373 0.71979105
vt 0.02697354 0.71969157
vt 0.11196557 0.28038883
vt 0.10953605 0.27827084
vt 0.10723911 0.27841794
vt 0.10959751 0.28036398
vt 0.11187224 0.28245670
vt 0.10735189 0.28242207
vt 0.10969786 0.28414875
vt 0.10737112 0.28634286
vt 0.10975917 0.28850770
vt 0.10737370 0.29005551
vt 0.10983345 0.29058737
vt 0.10733166 0.29314816
vt 0.11020501 0.29258633
vt 0.10980967 0.29459482
vt 0.10728757 0.29743123
vt 0.10969922 0.29793453
vt 0.10723320 0.30079567
vt 0.10953605 0.30278516
vt 0.10715667 0.30528456
vt 0.10935917 0.31034958
vt 0.10710539 0.30935168
vt 0.10696034 0.31544244
vt 0.10920887 0.31567752
vt 0.10908159 0.32142103
vt 0.10679030 0.32316685
vt 0.10891971 0.32750440
vt 0.10655756 0.33128238
vt 0.10884117 0.33094132
vt 0.10874870 0.33553004
vt 0.10647132 0.33625132
vt 0.10871629 0.33831388
vt 0.10641208 0.33966744
vt 0.10867339 0.34140801
vt 0.10617829 0.34701502
vt 0.10845830 0.34843338
vt 0.10598287 0.35479558
vt 0.10810518 0.36113119
vt 0.10577770 0.36350805
vt 0.10789253 0.36695844
vt 0.10555376 0.37030458
vt 0.10765956 0.37713492
vt 0.10530142 0.38038743
vt 0.10740583 0.38629556
vt 0.10505825 0.38944912
vt 0.10728893 0.39116156
vt 0.10491510 0.39494359
vt 0.10719217 0.39553201
vt 0.10479388 0.39794624
vt 0.10702925 0.39983118
vt 0.10691784 0.40326977
vt 0.10461316 0.40320730
vt 0.10452554 0.40670669
vt 0.10682512 0.40642744
vt 0.10669154 0.41264999
vt 0.10443567 0.41045773
vt 0.10429361 0.41639173
vt 0.10655896 0.42103207
vt 0.10417008 0.42236650
vt 0.10647175 0.42757308
vt 0.10400195 0.42862421
vt 0.10641631 0.43248451
vt 0.10387212 0.43300992
vt 0.10379867 0.43582124
vt 0.10639662 0.43643028
vt 0.10372277 0.43939793
vt 0.10640854 0.44070238
vt 0.10366204 0.44268918
vt 0.10672492 0.44241732
vt 0.10628223 0.44452703
vt 0.10358905 0.44655573
vt 0.10614571 0.44706583
vt 0.10355063 0.44853950
vt 0.10351213 0.45124829
vt 0.10598526 0.45121264
vt 0.10348015 0.45431179
vt 0.10590647 0.45625067
vt 0.10343868 0.45634788
vt 0.10595071 0.45793480
vt 0.10340519 0.45792615
vt 0.10819808 0.45639598
vt 0.10827981 0.45794439
vt 0.10803714 0.45171249
vt 0.10807940 0.44643748
vt 0.10815714 0.44136655
vt 0.11170969 0.28734112
vt 0.11167488 0.29095745
vt 0.10818325 0.43666106
vt 0.11154760 0.29726583
vt 0.10823486 0.43183142
vt 0.11138078 0.30307913
vt 0.10829978 0.42799938
vt 0.10843248 0.42183673
vt 0.10853605 0.41636801
vt 0.10868546 0.41041601
vt 0.11129816 0.31021577
vt 0.11117708 0.31679922
vt 0.11104976 0.32272196
vt 0.10882700 0.40542448
vt 0.10899334 0.40138543
vt 0.10914201 0.39782906
vt 0.10924830 0.39525974
vt 0.11092120 0.32959336
vt 0.11086694 0.33340371
vt 0.10395876 0.35183674
vt 0.10379559 0.36030662
vt 0.10357423 0.36663401
vt 0.10336824 0.37263620
vt 0.10318111 0.37921029
vt 0.10300943 0.38656330
vt 0.10441285 0.33809626
vt 0.10428318 0.34140640
vt 0.10417514 0.34481013
vt 0.10285008 0.39329863
vt 0.10273376 0.39652967
vt 0.10257536 0.39982307
vt 0.10345766 0.45879507
vt 0.11085107 0.33630139
vt 0.10460178 0.33373177
vt 0.10938352 0.39077866
vt 0.11032086 0.35986578
vt 0.11067699 0.34644365
vt 0.11007988 0.36594868
vt 0.10993405 0.37138736
vt 0.10976014 0.37819648
vt 0.10949699 0.38712066
vt 0.10605084 0.45931208
vt 0.10882954 0.45939803
vt 0.11084187 0.33898222
vt 0.10473618 0.32931864
vt 0.10239799 0.40502572
vt 0.10226190 0.41040123
vt 0.10214078 0.41543096
vt 0.10487034 0.32413101
vt 0.10504854 0.31600755
vt 0.10513256 0.31121254
vt 0.10527176 0.30199963
vt 0.10517915 0.30742079
vt 0.11389243 0.27840173
vt 0.10193489 0.42442179
vt 0.10537379 0.29586244
vt 0.10538658 0.29085422
vt 0.10534543 0.28796136
vt 0.10182398 0.42759538
vt 0.10172030 0.43117291
vt 0.11020440 0.45643187
vt 0.11008084 0.45794141
vt 0.11011346 0.45891237
vt 0.11401558 0.28051353
vt 0.11064629 0.45427495
vt 0.11020196 0.42230648
vt 0.11001996 0.43003076
vt 0.10989182 0.43391258
vt 0.10978313 0.44045031
vt 0.10947077 0.44243145
vt 0.10985536 0.44453627
vt 0.10992119 0.44658649
vt 0.11009084 0.45045596
vt 0.11025049 0.45243096
vt 0.11041018 0.41128552
vt 0.11068827 0.40417123
vt 0.10163101 0.43388784
vt 0.10522145 0.28272676
vt 0.10503872 0.27843559
vt 0.10150883 0.43799573
vt 0.10111985 0.45783281
vt 0.10143300 0.44166666
vt 0.10123761 0.45631552
vt 0.11087635 0.40094995
vt 0.10136575 0.44554383
vt 0.11442128 0.28250664
vt 0.11394320 0.28465408
vt 0.11111404 0.39566350
vt 0.11172702 0.37622106
vt 0.11158209 0.38122648
vt 0.11135736 0.38932240
vt 0.11378337 0.28674269
vt 0.11362927 0.28874236
vt 0.10128782 0.45429289
vt 0.10127850 0.45195174
vt 0.10130311 0.44855630
vt 0.10249031 0.32921326
vt 0.10232435 0.33600461
vt 0.10319486 0.30446005
vt 0.10302894 0.31021571
vt 0.10291645 0.31354988
vt 0.10282778 0.31701601
vt 0.10265652 0.32316399
vt 0.11348663 0.29070318
vt 0.11334015 0.29466987
vt 0.11304093 0.29265690
vt 0.11325115 0.29960293
vt 0.11317834 0.30299306
vt 0.11311611 0.30799806
vt 0.11309988 0.31146324
vt 0.11293894 0.31881976
vt 0.11277817 0.32798052
vt 0.11271045 0.33149219
vt 0.11266410 0.33547032
vt 0.11264678 0.33920097
vt 0.11251785 0.34577942
vt 0.11230888 0.35275316
vt 0.11210986 0.36013395
vt 0.11203390 0.36339003
vt 0.11194541 0.36644042
vt 0.10172563 0.35639560
vt 0.10149883 0.36521268
vt 0.10134179 0.36898768
vt 0.10122880 0.37320077
vt 0.10109372 0.37827170
vt 0.10096397 0.38540220
vt 0.10079643 0.39316118
vt 0.10070693 0.39607012
vt 0.10061751 0.39984167
vt 0.10215485 0.34092057
vt 0.10186509 0.35038018
vt 0.10691190 0.46031463
vt 0.10515516 0.46002281
vt 0.10583101 0.46133226
vt 0.10363636 0.46104962
vt 0.10794062 0.46171367
vt 0.10840547 0.46054643
vt 0.10639243 0.46299589
vt 0.10755874 0.46378052
vt 0.10677934 0.46472257
vt 0.10566524 0.46386158
vt 0.10494068 0.46228600
vt 0.10372983 0.46384168
vt 0.10380224 0.46614814
vt 0.10743336 0.46617794
vt 0.10809515 0.46547091
vt 0.10561353 0.46614790
vt 0.10745729 0.46771252
vt 0.10852116 0.46772802
vt 0.10855116 0.46690351
vt 0.10840282 0.46834910
vt 0.10559666 0.46767133
vt 0.10375615 0.46764743
vt 0.10565719 0.46869290
vt 0.10365184 0.46208054
vt 0.10955399 0.46767986
vt 0.10951775 0.46596205
vt 0.10180414 0.46608913
vt 0.10179256 0.46381390
vt 0.10176972 0.46766043
vt 0.11018158 0.46343279
vt 0.11137684 0.46895564
vt 0.11163878 0.46745992
vt 0.11206034 0.46559894
vt 0.10974366 0.46210325
vt 0.11323919 0.46724212
vt 0.11461520 0.46886671
vt 0.09963942 0.46602678
vt 0.09962670 0.46385509
vt 0.10427914 0.46990651
vt 0.10366368 0.46917725
vt 0.10173129 0.46900368
vt 0.09968626 0.46764302
vt 0.11160325 0.46391565
vt 0.11316255 0.46619236
vt 0.10175755 0.46193731
vt 0.09966130 0.46896577
vt 0.10295714 0.46995634
vt 0.11467763 0.46691442
vt 0.11585745 0.46733832
vt 0.11133090 0.46254557
vt 0.11382520 0.46519750
vt 0.09790349 0.46601641
vt 0.09798614 0.46765578
vt 0.10172180 0.47000211
vt 0.09788157 0.46388090
vt 0.09941491 0.46182323
vt 0.09793124 0.46204901
vt 0.10375415 0.47083926
vt 0.11264384 0.46329510
vt 0.11388691 0.46397638
vt 0.09962867 0.46999204
vt 0.11575012 0.46595788
vt 0.10169834 0.46092999
vt 0.10173699 0.47106308
vt 0.10356005 0.45989585
vt 0.10398683 0.47267878
vt 0.09790993 0.46908545
vt 0.09960281 0.47102982
vt 0.10123889 0.45867872
vt 0.10176768 0.47258508
vt 0.09956142 0.47237206
vt 0.09814931 0.46989834
vt 0.10324278 0.30218661
vt 0.10337174 0.29791647
vt 0.10323644 0.28058678
vt 0.10333120 0.28358907
vt 0.10340924 0.28865457
vt 0.10343444 0.29064035
vt 0.10343907 0.29263628
vt 0.10342789 0.29465294
vt 0.09993838 0.46097922
vt 0.11578908 0.28190017
vt 0.11572254 0.28067279
vt 0.11203932 0.45643914
vt 0.11200360 0.45408845
vt 0.11213247 0.45250916
vt 0.10053425 0.40377033
vt 0.10043994 0.40903646
vt 0.10038576 0.41268408
vt 0.10034034 0.41555548
vt 0.10026751 0.41960502
vt 0.10025053 0.42660284
vt 0.10016432 0.43170583
vt 0.10152791 0.45992512
vt 0.11611043 0.28433937
vt 0.09697275 0.46250749
vt 0.09736071 0.46971929
vt 0.09704974 0.46875644
vt 0.09780049 0.47218931
vt 0.11634676 0.28696549
vt 0.09841497 0.46116149
vt 0.11255664 0.44270921
vt 0.11259775 0.44465679
vt 0.10011641 0.43866551
vt 0.10002781 0.44418252
vt 0.09994382 0.44964057
vt 0.09988961 0.45235848
vt 0.09980495 0.45626450
vt 0.09971792 0.45770478
vt 0.11243548 0.45056266
vt 0.11293077 0.44859689
vt 0.11629691 0.29289573
vt 0.11613245 0.29661047
vt 0.11601151 0.30012500
vt 0.11591743 0.30386871
vt 0.11640399 0.29093087
vt 0.11252799 0.43525344
vt 0.09697744 0.47207898
vt 0.11267328 0.44659334
vt 0.11670221 0.28910488
vt 0.09985318 0.45425439
vt 0.09678522 0.47113335
vt 0.11257278 0.43038678
vt 0.11262359 0.42663002
vt 0.09691941 0.46779001
vt 0.09922405 0.46026272
vt 0.09915029 0.45855403
vt 0.11267941 0.42272288
vt 0.11409341 0.36516905
vt 0.11419813 0.35994339
vt 0.11399206 0.37007058
vt 0.11378630 0.37904930
vt 0.11354723 0.38859642
vt 0.11332693 0.39707619
vt 0.11307216 0.40264636
vt 0.11284737 0.40703857
vt 0.11277026 0.41568089
vt 0.11490529 0.33814555
vt 0.11505158 0.33342469
vt 0.11459336 0.34607077
vt 0.11444595 0.35124242
vt 0.11582077 0.30762088
vt 0.11572289 0.31157577
vt 0.11516210 0.32943708
vt 0.11552561 0.31729686
vt 0.11826200 0.27854890
vt 0.09738596 0.46145773
vt 0.11743838 0.28083163
vt 0.11699508 0.28279948
vt 0.09766390 0.46044862
vt 0.11743089 0.28502774
vt 0.11770103 0.28862184
vt 0.11322827 0.45437717
vt 0.11582067 0.36865270
vt 0.11606126 0.36009061
vt 0.11634512 0.35037869
vt 0.11646026 0.34517574
vt 0.11668365 0.33960646
vt 0.11681741 0.33479249
vt 0.11515121 0.40190017
vt 0.11521019 0.39760578
vt 0.11531223 0.39100337
vt 0.11548839 0.38345480
vt 0.11571752 0.37517685
vt 0.11509556 0.40549099
vt 0.11842012 0.28969127
vt 0.11807352 0.29598713
vt 0.11790269 0.30020785
vt 0.11778394 0.30370009
vt 0.11908638 0.28318322
vt 0.11694372 0.32801580
vt 0.11729735 0.31808156
vt 0.11759495 0.30997181
vt 0.11938617 0.28108668
vt 0.11966743 0.27871209
vt 0.78365022 0.57310623
vt 0.78186870 0.57576150
vt 0.78453255 0.57559037
vt 0.79592532 0.58230627
vt 0.79917246 0.58434558
vt 0.79359311 0.58312184
vt 0.79202390 0.57991737
vt 0.79037011 0.58101130
vt 0.79041505 0.57900852
vt 0.78731620 0.57909518
vt 0.78882468 0.57810372
vt 0.78724957 0.57719129
vt 0.78368539 0.57684362
vt 0.79770768 0.58591384
vt 0.80306560 0.58685535
vt 0.79154915 0.57753265
vt 0.78995264 0.57665998
vt 0.78832901 0.57575750
vt 0.78676856 0.57486683
vt 0.78524643 0.57399148
vt 0.80144632 0.58851004
vt 0.80514729 0.59111416
vt 0.80630136 0.58901554
vt 0.85822922 0.62711823
vt 0.86475629 0.63220423
vt 0.85815632 0.63070405
vt 0.85210723 0.62610883
vt 0.84897667 0.62011266
vt 0.83756131 0.61504751
vt 0.84294742 0.61551654
vt 0.83805597 0.61185855
vt 0.83204335 0.61090380
vt 0.83092260 0.60652727
vt 0.82566971 0.60617018
vt 0.82460302 0.60190785
vt 0.82266748 0.60394734
vt 0.81872511 0.60100245
vt 0.81770527 0.59693068
vt 0.81506038 0.59827739
vt 0.81202114 0.59606951
vt 0.81281519 0.59351546
vt 0.80962384 0.59129208
vt 0.80794233 0.59311479
vt 0.86095643 0.63289768
vt 0.86532772 0.63629740
vt 0.86937606 0.63575494
vt 0.88881266 0.65078145
vt 0.89313412 0.65424961
vt 0.88771725 0.65368348
vt 0.88500124 0.64776248
vt 0.88212818 0.64935559
vt 0.88219595 0.64558613
vt 0.87728792 0.64181781
vt 0.87383491 0.64291173
vt 0.89053953 0.65591574
vt 0.89460623 0.65911216
vt 0.89736784 0.65768737
vt 0.91794151 0.67457443
vt 0.92232972 0.67828143
vt 0.91596627 0.67632133
vt 0.91486776 0.67201227
vt 0.91321856 0.67407191
vt 0.91069782 0.66854626
vt 0.90884578 0.67051375
vt 0.90661001 0.66517562
vt 0.90399313 0.66656780
vt 0.90274042 0.66202372
vt 0.89934015 0.66284436
vt 0.92038727 0.67999464
vt 0.92575920 0.68125325
vt 0.92540759 0.68430907
vt 0.92850137 0.68362111
vt 0.93192416 0.68982726
vt 0.93281507 0.68730122
vt 0.94416225 0.69709194
vt 0.94840300 0.70066386
vt 0.94676405 0.70221728
vt 0.94007760 0.69668084
vt 0.94201392 0.69523805
vt 0.93906415 0.69267535
vt 0.93313986 0.68355495
vt 0.93598789 0.68600494
vt 0.93802553 0.68775737
vt 0.94004875 0.68950158
vt 0.94209969 0.69127601
vt 0.94509041 0.69386959
vt 0.94855243 0.69683599
vt 0.95071632 0.69867593
vt 0.95282978 0.70043433
vt 0.95115298 0.70288277
vt 0.94883269 0.70393461
vt 0.95498377 0.70218688
vt 0.95437860 0.70546466
vt 0.95095229 0.70571697
vt 0.95662844 0.70346791
vt 0.95782429 0.70408320
vt 0.95560831 0.70603102
vt 0.95907068 0.70459527
vt 0.95255190 0.70702887
vt 0.83256197 0.61343408
vt 0.82709682 0.60933828
vt 0.85650635 0.63169241
vt 0.85023195 0.62684196
vt 0.84052008 0.61949390
vt 0.82120526 0.60497493
vt 0.86351001 0.63722891
vt 0.87353384 0.64502007
vt 0.88070774 0.65060377
vt 0.81569654 0.60088778
vt 0.81222880 0.59835070
vt 0.80871141 0.59580630
vt 0.88565385 0.65455276
vt 0.80276424 0.59154326
vt 0.88962263 0.65780210
vt 0.96014678 0.70338404
vt 0.95998818 0.70185763
vt 0.96223861 0.70304662
vt 0.96477431 0.70055503
vt 0.95721275 0.70673501
vt 0.95536691 0.70895064
vt 0.96329689 0.69955969
vt 0.96156681 0.69846845
vt 0.62722188 0.09784639
vt 0.62720770 0.09911758
vt 0.62558550 0.09896678
vt 0.62553883 0.09732533
vt 0.62409544 0.09824383
vt 0.62372184 0.09636188
vt 0.62443298 0.09972787
vt 0.62866086 0.09828615
vt 0.62861925 0.09694952
vt 0.62722796 0.09577584
vt 0.63012773 0.09741044
vt 0.62539887 0.09484887
vt 0.62354326 0.09390765
vt 0.62543422 0.09304082
vt 0.62693721 0.09345835
vt 0.62851351 0.09291792
vt 0.62992108 0.09290111
vt 0.63159615 0.09655488
vt 0.63156307 0.09785223
vt 0.63147366 0.09459037
vt 0.63307643 0.09277254
vt 0.63309807 0.09449708
vt 0.63291198 0.09708023
vt 0.63375705 0.09847486
vt 0.63490611 0.09691185
vt 0.63492566 0.09797108
vt 0.63479328 0.09443450
vt 0.63639116 0.09440416
vt 0.63626218 0.09267366
vt 0.62240201 0.09547228
vt 0.62251073 0.09748119
vt 0.62127435 0.09708863
vt 0.62345642 0.09315658
vt 0.63642728 0.09687424
vt 0.63014817 0.09862232
vt 0.62682462 0.09234822
vt 0.62555474 0.09168851
vt 0.62789685 0.09159058
vt 0.62347656 0.09182161
vt 0.62218499 0.09952736
vt 0.62989044 0.09159338
vt 0.63135499 0.09149885
vt 0.62222821 0.09334499
vt 0.62221211 0.09189492
vt 0.63440353 0.09937930
vt 0.62109816 0.09835672
vt 0.63305563 0.09137297
vt 0.63465548 0.09123254
vt 0.63629520 0.09110743
vt 0.62477338 0.08930159
vt 0.62353957 0.09060717
vt 0.63134539 0.08982658
vt 0.62810338 0.08904260
vt 0.62681508 0.08904445
vt 0.62068677 0.09197491
vt 0.62107188 0.09356105
vt 0.63005900 0.08895087
vt 0.63458514 0.08971494
vt 0.62345070 0.08830976
vt 0.63295370 0.08888227
vt 0.62506920 0.08708662
vt 0.62814826 0.08753687
vt 0.62202686 0.08908504
vt 0.62666976 0.08683479
vt 0.63143611 0.08796746
vt 0.62352371 0.08640635
vt 0.62183845 0.08692080
vt 0.62044001 0.08743387
vt 0.63452858 0.08805549
vt 0.62945247 0.08677983
vt 0.62004292 0.08980525
vt 0.63289624 0.08713537
vt 0.61873615 0.09211034
vt 0.61919016 0.09384197
vt 0.61605215 0.09198624
vt 0.62508464 0.08607697
vt 0.61687905 0.09416014
vt 0.62364650 0.08491796
vt 0.62111247 0.08487654
vt 0.62022841 0.08601356
vt 0.61931962 0.08789062
vt 0.61820769 0.09027797
vt 0.61442488 0.09454322
vt 0.63189030 0.09941679
vt 0.63333255 0.10006261
vt 0.62567586 0.09994990
vt 0.62308121 0.10058486
vt 0.61263013 0.09300971
vt 0.61352420 0.09133023
vt 0.61016536 0.09396172
vt 0.61122936 0.09205794
vt 0.60893148 0.09298295
vt 0.60944867 0.09508497
vt 0.60636020 0.09309685
vt 0.60143298 0.09371686
vt 0.60390228 0.09338778
vt 0.60627526 0.09558749
vt 0.60202116 0.09614027
vt 0.59937859 0.09651780
vt 0.59200430 0.09507358
vt 0.58889860 0.09798223
vt 0.58586365 0.09598154
vt 0.58426017 0.09870064
vt 0.58112574 0.09667641
vt 0.57780874 0.09964246
vt 0.57619423 0.09740305
vt 0.56731808 0.09867013
vt 0.56870043 0.10093486
vt 0.56006330 0.10208595
vt 0.55642956 0.10017449
vt 0.63372093 0.43145967
vt 0.63645691 0.42870367
vt 0.63645691 0.43312031
vt 0.63399851 0.43611109
vt 0.74404961 0.08905703
vt 0.74522471 0.08950716
vt 0.74560595 0.08658665
vt 0.74614555 0.08805323
vt 0.74493623 0.09088671
vt 0.74910784 0.09557623
vt 0.75068951 0.09571606
vt 0.75024563 0.09385520
vt 0.75141811 0.09464526
vt 0.75284547 0.09265059
vt 0.75177121 0.09190834
vt 0.75024462 0.09084320
vt 0.75165838 0.08923161
vt 0.75289512 0.09005743
vt 0.75034124 0.08820838
vt 0.75108576 0.08745682
vt 0.74894810 0.08974701
vt 0.74862665 0.09278506
vt 0.75270152 0.09551340
vt 0.75419140 0.09353560
vt 0.75419664 0.09647846
vt 0.75567853 0.09444690
vt 0.75240803 0.08843362
vt 0.75035000 0.08693725
vt 0.75599140 0.09186822
vt 0.75673008 0.09295380
vt 0.74854231 0.08639163
vt 0.74987382 0.08573216
vt 0.74827462 0.08423811
vt 0.74746823 0.08514351
vt 0.75146216 0.09705365
vt 0.74760467 0.08364201
vt 0.74676955 0.08408958
vt 0.75396609 0.09076387
vt 0.74730670 0.08778870
vt 0.74649346 0.08535886
vt 0.75641727 0.09077168
vt 0.75472957 0.08945394
vt 0.74713826 0.09444362
vt 0.75746751 0.09184325
vt 0.75329798 0.08912176
vt 0.74685508 0.08648431
vt 0.74766594 0.09183371
vt 0.91073871 0.67685187
vt 0.90595073 0.67685187
vt 0.90785003 0.67314816
vt 0.44151846 0.02623457
vt 0.43878248 0.02623457
vt 0.43899649 0.02438271
vt 0.70280439 0.07438272
vt 0.70075238 0.07438272
vt 0.70251667 0.07191360
f 717/717 864/864 854/854
f 1014/1014 1079/1079 1077/1077
f 1079/1079 1105/1105 1106/1106
f 474/474 471/471 470/470
f 470/470 469/469 475/475
f 324/324 270/270 275/275
f 475/475 469/469 480/480
f 480/480 543/543 542/542
f 542/542 543/543 585/585
f 1107/1107 1126/1126 1109/1109
f 1109/1109 1119/1119 1108/1108
f 721/721 886/886 864/864
f 717/717 721/721 864/864
f 1013/1013 1080/1080 1079/1079
f 1014/1014 1013/1013 1079/1079
f 1079/1079 1080/1080 1101/1101
f 1079/1079 1101/1101 1105/1105
f 471/471 468/468 467/467
f 471/471 467/467 470/470
f 467/467 466/466 469/469
f 470/470 467/467 469/469
f 324/324 315/315 270/270
f 469/469 466/466 476/476
f 469/469 476/476 480/480
f 476/476 544/544 543/543
f 480/480 476/476 543/543
f 543/543 544/544 583/583
f 543/543 583/583 585/585
f 1126/1126 1125/1125 1109/1109
f 721/721 887/887 886/886
f 886/886 887/887 1026/1026
f 488/488 473/473 468/468
f 1080/1080 1082/1082 1101/1101
f 468/468 473/473 465/465
f 468/468 465/465 467/467
f 465/465 463/463 466/466
f 467/467 465/465 466/466
f 315/315 272/272 270/270
f 466/466 463/463 472/472
f 466/466 472/472 476/476
f 472/472 541/541 544/544
f 476/476 472/472 544/544
f 544/544 541/541 581/581
f 544/544 581/581 583/583
f 1125/1125 1124/1124 1118/1118
f 1125/1125 1118/1118 1109/1109
f 1118/1118 1116/1116 1119/1119
f 1109/1109 1118/1118 1119/1119
f 801/801 892/892 887/887
f 721/721 801/801 887/887
f 887/887 892/892 1031/1031
f 887/887 1031/1031 1026/1026
f 488/488 485/485 479/479
f 488/488 479/479 473/473
f 473/473 479/479 464/464
f 473/473 464/464 465/465
f 465/465 464/464 463/463
f 315/315 307/307 272/272
f 463/463 430/430 472/472
f 472/472 430/430 527/527
f 472/472 527/527 541/541
f 541/541 527/527 579/579
f 541/541 579/579 581/581
f 1124/1124 1123/1123 1117/1117
f 1124/1124 1117/1117 1118/1118
f 1118/1118 1117/1117 1116/1116
f 801/801 893/893 892/892
f 893/893 1051/1051 1031/1031
f 892/892 893/893 1031/1031
f 485/485 447/447 479/479
f 479/479 447/447 464/464
f 464/464 428/428 463/463
f 307/307 271/271 272/272
f 428/428 429/429 430/430
f 463/463 428/428 430/430
f 429/429 526/526 527/527
f 430/430 429/429 527/527
f 527/527 526/526 577/577
f 527/527 577/577 579/579
f 1123/1123 1122/1122 1115/1115
f 1123/1123 1115/1115 1117/1117
f 1115/1115 1114/1114 1116/1116
f 1117/1117 1115/1115 1116/1116
f 802/802 904/904 893/893
f 801/801 802/802 893/893
f 904/904 1047/1047 1051/1051
f 893/893 904/904 1051/1051
f 1051/1051 1047/1047 1097/1097
f 447/447 426/426 428/428
f 428/428 426/426 427/427
f 428/428 427/427 429/429
f 429/429 427/427 523/523
f 429/429 523/523 526/526
f 526/526 523/523 574/574
f 526/526 574/574 577/577
f 577/577 574/574 616/616
f 1122/1122 1113/1113 1115/1115
f 1115/1115 1113/1113 1114/1114
f 802/802 906/906 904/904
f 906/906 1043/1043 1047/1047
f 904/904 906/906 1047/1047
f 1047/1047 1043/1043 1097/1097
f 307/307 306/306 271/271
f 427/427 519/519 523/523
f 523/523 519/519 573/573
f 523/523 573/573 574/574
f 574/574 573/573 616/616
f 1113/1113 1112/1112 1114/1114
f 729/729 730/730 802/802
f 905/905 1044/1044 1043/1043
f 906/906 905/905 1043/1043
f 1044/1044 1098/1098 1097/1097
f 1043/1043 1044/1044 1097/1097
f 447/447 446/446 426/426
f 426/426 425/425 427/427
f 425/425 518/518 519/519
f 427/427 425/425 519/519
f 519/519 518/518 571/571
f 519/519 571/571 573/573
f 573/573 571/571 614/614
f 573/573 614/614 616/616
f 1113/1113 1110/1110 1112/1112
f 730/730 732/732 804/804
f 730/730 804/804 802/802
f 905/905 907/907 1044/1044
f 446/446 424/424 426/426
f 305/305 274/274 271/271
f 306/306 305/305 271/271
f 426/426 424/424 425/425
f 518/518 564/564 571/571
f 571/571 564/564 614/614
f 907/907 1045/1045 1044/1044
f 1045/1045 1099/1099 1098/1098
f 1044/1044 1045/1045 1098/1098
f 446/446 445/445 424/424
f 305/305 308/308 274/274
f 425/425 517/517 518/518
f 517/517 562/562 564/564
f 518/518 517/517 564/564
f 564/564 562/562 611/611
f 564/564 611/611 614/614
f 1111/1111 1120/1120 1112/1112
f 1110/1110 1111/1111 1112/1112
f 734/734 806/806 804/804
f 732/732 734/734 804/804
f 445/445 423/423 424/424
f 308/308 276/276 274/274
f 424/424 423/423 422/422
f 424/424 422/422 425/425
f 422/422 520/520 517/517
f 425/425 422/422 517/517
f 520/520 559/559 562/562
f 517/517 520/520 562/562
f 562/562 559/559 611/611
f 907/907 908/908 1046/1046
f 907/907 1046/1046 1045/1045
f 1046/1046 1100/1100 1099/1099
f 1045/1045 1046/1046 1099/1099
f 445/445 431/431 423/423
f 422/422 516/516 520/520
f 516/516 553/553 559/559
f 520/520 516/516 559/559
f 559/559 553/553 610/610
f 559/559 610/610 611/611
f 1121/1121 1127/1127 1120/1120
f 1111/1111 1121/1121 1120/1120
f 431/431 421/421 423/423
f 309/309 282/282 276/276
f 308/308 309/309 276/276
f 423/423 421/421 422/422
f 422/422 513/513 516/516
f 513/513 550/550 553/553
f 516/516 513/513 553/553
f 553/553 550/550 610/610
f 909/909 1073/1073 1046/1046
f 908/908 909/909 1046/1046
f 1046/1046 1073/1073 1100/1100
f 431/431 419/419 421/421
f 421/421 419/419 420/420
f 420/420 512/512 513/513
f 513/513 512/512 550/550
f 550/550 602/602 610/610
f 1121/1121 1129/1129 1128/1128
f 1121/1121 1128/1128 1127/1127
f 736/736 811/811 806/806
f 734/734 736/736 806/806
f 1073/1073 1104/1104 1100/1100
f 431/431 435/435 419/419
f 419/419 418/418 420/420
f 309/309 283/283 282/282
f 420/420 418/418 509/509
f 420/420 509/509 512/512
f 509/509 549/549 550/550
f 512/512 509/509 550/550
f 550/550 549/549 602/602
f 910/910 1074/1074 1073/1073
f 909/909 910/910 1073/1073
f 1073/1073 1074/1074 1104/1104
f 435/435 416/416 419/419
f 419/419 416/416 418/418
f 549/549 601/601 602/602
f 1148/1148 1149/1149 1128/1128
f 1129/1129 1148/1148 1128/1128
f 416/416 417/417 418/418
f 309/309 314/314 283/283
f 417/417 505/505 509/509
f 418/418 417/417 509/509
f 509/509 505/505 540/540
f 509/509 540/540 549/549
f 549/549 540/540 601/601
f 739/739 812/812 811/811
f 736/736 739/739 811/811
f 910/910 1076/1076 1074/1074
f 1076/1076 1103/1103 1104/1104
f 1074/1074 1076/1076 1104/1104
f 435/435 434/434 416/416
f 314/314 293/293 283/283
f 540/540 600/600 601/601
f 1148/1148 1147/1147 1146/1146
f 1148/1148 1146/1146 1149/1149
f 910/910 911/911 1076/1076
f 416/416 415/415 417/417
f 314/314 313/313 293/293
f 417/417 415/415 505/505
f 505/505 536/536 540/540
f 540/540 536/536 600/600
f 313/313 294/294 293/293
f 415/415 502/502 505/505
f 505/505 502/502 536/536
f 536/536 599/599 600/600
f 1144/1144 1145/1145 1146/1146
f 1147/1147 1144/1144 1146/1146
f 740/740 813/813 812/812
f 739/739 740/740 812/812
f 313/313 312/312 294/294
f 502/502 535/535 536/536
f 536/536 535/535 599/599
f 434/434 413/413 416/416
f 413/413 414/414 415/415
f 416/416 413/413 415/415
f 415/415 414/414 502/502
f 1144/1144 1143/1143 1145/1145
f 740/740 742/742 813/813
f 911/911 1075/1075 1076/1076
f 1075/1075 1102/1102 1103/1103
f 1076/1076 1075/1075 1103/1103
f 434/434 433/433 413/413
f 312/312 311/311 294/294
f 535/535 598/598 599/599
f 1144/1144 1141/1141 1143/1143
f 911/911 912/912 1075/1075
f 311/311 297/297 294/294
f 414/414 501/501 502/502
f 502/502 501/501 535/535
f 1141/1141 1142/1142 1143/1143
f 742/742 818/818 813/813
f 413/413 412/412 414/414
f 414/414 412/412 501/501
f 501/501 537/537 535/535
f 535/535 537/537 598/598
f 742/742 744/744 818/818
f 912/912 913/913 1075/1075
f 433/433 411/411 413/413
f 413/413 411/411 412/412
f 412/412 500/500 501/501
f 501/501 500/500 537/537
f 1141/1141 1140/1140 1142/1142
f 744/744 819/819 818/818
f 913/913 1070/1070 1075/1075
f 1075/1075 1070/1070 1090/1090
f 1075/1075 1090/1090 1102/1102
f 433/433 432/432 411/411
f 311/311 310/310 297/297
f 537/537 592/592 598/598
f 1141/1141 1139/1139 1140/1140
f 744/744 745/745 819/819
f 913/913 914/914 1070/1070
f 432/432 409/409 411/411
f 411/411 409/409 410/410
f 411/411 410/410 412/412
f 412/412 410/410 498/498
f 412/412 498/498 500/500
f 500/500 498/498 538/538
f 500/500 538/538 537/537
f 537/537 538/538 592/592
f 1139/1139 1138/1138 1140/1140
f 745/745 833/833 819/819
f 914/914 1069/1069 1070/1070
f 1070/1070 1069/1069 1090/1090
f 310/310 329/329 298/298
f 310/310 298/298 297/297
f 498/498 539/539 538/538
f 538/538 539/539 592/592
f 747/747 844/844 833/833
f 745/745 747/747 833/833
f 914/914 915/915 1069/1069
f 1069/1069 1089/1089 1090/1090
f 432/432 436/436 409/409
f 409/409 408/408 410/410
f 410/410 408/408 496/496
f 410/410 496/496 498/498
f 498/498 496/496 539/539
f 747/747 749/749 844/844
f 329/329 299/299 298/298
f 539/539 591/591 592/592
f 1139/1139 1137/1137 1138/1138
f 1069/1069 1088/1088 1089/1089
f 436/436 440/440 407/407
f 436/436 407/407 409/409
f 407/407 406/406 408/408
f 409/409 407/407 408/408
f 408/408 406/406 496/496
f 496/496 528/528 539/539
f 539/539 528/528 591/591
f 1137/1137 1135/1135 1138/1138
f 749/749 837/837 844/844
f 916/916 1071/1071 1069/1069
f 915/915 916/916 1069/1069
f 1069/1069 1071/1071 1088/1088
f 332/332 304/304 299/299
f 329/329 332/332 299/299
f 406/406 495/495 496/496
f 496/496 495/495 528/528
f 749/749 751/751 837/837
f 440/440 405/405 407/407
f 407/407 405/405 406/406
f 528/528 590/590 591/591
f 1137/1137 1136/1136 1135/1135
f 916/916 1072/1072 1071/1071
f 1071/1071 1072/1072 1087/1087
f 1071/1071 1087/1087 1088/1088
f 440/440 439/439 405/405
f 916/916 917/917 1072/1072
f 405/405 404/404 406/406
f 406/406 404/404 497/497
f 406/406 497/497 495/495
f 495/495 497/497 528/528
f 528/528 589/589 590/590
f 1136/1136 1134/1134 1135/1135
f 1134/1134 1133/1133 1135/1135
f 751/751 836/836 837/837
f 497/497 529/529 528/528
f 528/528 529/529 589/589
f 917/917 1061/1061 1072/1072
f 1061/1061 1086/1086 1087/1087
f 1072/1072 1061/1061 1087/1087
f 439/439 438/438 405/405
f 332/332 331/331 303/303
f 332/332 303/303 304/304
f 751/751 753/753 836/836
f 917/917 918/918 1061/1061
f 438/438 398/398 405/405
f 405/405 398/398 404/404
f 404/404 490/490 497/497
f 497/497 490/490 529/529
f 529/529 597/597 589/589
f 1134/1134 1130/1130 1133/1133
f 398/398 397/397 404/404
f 404/404 397/397 490/490
f 918/918 919/919 1061/1061
f 331/331 330/330 302/302
f 331/331 302/302 303/303
f 755/755 838/838 836/836
f 753/753 755/755 836/836
f 919/919 1060/1060 1061/1061
f 1060/1060 1085/1085 1086/1086
f 1061/1061 1060/1060 1086/1086
f 438/438 437/437 398/398
f 397/397 491/491 490/490
f 490/490 491/491 530/530
f 490/490 530/530 529/529
f 529/529 530/530 597/597
f 1130/1130 1132/1132 1133/1133
f 919/919 920/920 1060/1060
f 437/437 396/396 398/398
f 398/398 396/396 397/397
f 920/920 1062/1062 1060/1060
f 1060/1060 1062/1062 1085/1085
f 330/330 328/328 302/302
f 491/491 531/531 530/530
f 530/530 531/531 596/596
f 530/530 596/596 597/597
f 1131/1131 1150/1150 1132/1132
f 1130/1130 1131/1131 1132/1132
f 755/755 839/839 838/838
f 920/920 889/889 1062/1062
f 396/396 395/395 397/397
f 397/397 395/395 491/491
f 1131/1131 1151/1151 1150/1150
f 1062/1062 1095/1095 1085/1085
f 444/444 394/394 396/396
f 437/437 444/444 396/396
f 396/396 394/394 395/395
f 328/328 301/301 302/302
f 757/757 840/840 839/839
f 755/755 757/757 839/839
f 889/889 1063/1063 1062/1062
f 1062/1062 1063/1063 1095/1095
f 395/395 492/492 491/491
f 491/491 492/492 531/531
f 531/531 595/595 596/596
f 1131/1131 1152/1152 1151/1151
f 394/394 393/393 395/395
f 328/328 327/327 301/301
f 395/395 393/393 492/492
f 1152/1152 1160/1160 1151/1151
f 889/889 890/890 1063/1063
f 1063/1063 1094/1094 1095/1095
f 444/444 443/443 394/394
f 327/327 300/300 301/301
f 492/492 532/532 531/531
f 532/532 594/594 595/595
f 531/531 532/532 595/595
f 1152/1152 1159/1159 1160/1160
f 757/757 759/759 840/840
f 890/890 1064/1064 1063/1063
f 1063/1063 1064/1064 1094/1094
f 393/393 493/493 492/492
f 492/492 493/493 532/532
f 759/759 841/841 840/840
f 443/443 392/392 394/394
f 394/394 392/392 393/393
f 890/890 891/891 1064/1064
f 392/392 391/391 393/393
f 327/327 326/326 300/300
f 393/393 391/391 493/493
f 1159/1159 1157/1157 1160/1160
f 1064/1064 1093/1093 1094/1094
f 443/443 442/442 392/392
f 326/326 296/296 300/300
f 532/532 593/593 594/594
f 1159/1159 1158/1158 1157/1157
f 759/759 761/761 835/835
f 759/759 835/835 841/841
f 442/442 389/389 392/392
f 392/392 389/389 391/391
f 391/391 494/494 493/493
f 493/493 494/494 533/533
f 493/493 533/533 532/532
f 533/533 603/603 593/593
f 532/532 533/533 593/593
f 1158/1158 1156/1156 1157/1157
f 326/326 295/295 296/296
f 761/761 763/763 817/817
f 761/761 817/817 835/835
f 888/888 1065/1065 1064/1064
f 891/891 888/888 1064/1064
f 1064/1064 1065/1065 1093/1093
f 389/389 390/390 391/391
f 326/326 325/325 295/295
f 391/391 390/390 494/494
f 494/494 534/534 533/533
f 534/534 604/604 603/603
f 533/533 534/534 603/603
f 1156/1156 1153/1153 1155/1155
f 1156/1156 1155/1155 1157/1157
f 1065/1065 1092/1092 1093/1093
f 442/442 441/441 389/389
f 325/325 288/288 295/295
f 390/390 499/499 494/494
f 494/494 499/499 534/534
f 763/763 816/816 817/817
f 888/888 884/884 1065/1065
f 441/441 368/368 389/389
f 389/389 368/368 388/388
f 389/389 388/388 390/390
f 325/325 322/322 288/288
f 390/390 388/388 499/499
f 499/499 548/548 534/534
f 548/548 608/608 604/604
f 534/534 548/548 604/604
f 1154/1154 1161/1161 1155/1155
f 1153/1153 1154/1154 1155/1155
f 765/765 815/815 816/816
f 763/763 765/765 816/816
f 1065/1065 1091/1091 1092/1092
f 441/441 455/455 368/368
f 368/368 387/387 388/388
f 322/322 284/284 288/288
f 387/387 504/504 499/499
f 388/388 387/387 499/499
f 499/499 504/504 548/548
f 765/765 766/766 815/815
f 884/884 1066/1066 1065/1065
f 1065/1065 1066/1066 1091/1091
f 322/322 321/321 284/284
f 504/504 554/554 548/548
f 554/554 607/607 608/608
f 548/548 554/554 608/608
f 1154/1154 1163/1163 1162/1162
f 1154/1154 1162/1162 1161/1161
f 766/766 814/814 815/815
f 884/884 876/876 1066/1066
f 1066/1066 1096/1096 1091/1091
f 455/455 454/454 368/368
f 368/368 367/367 387/387
f 367/367 506/506 504/504
f 387/387 367/367 504/504
f 504/504 506/506 554/554
f 766/766 769/769 814/814
f 876/876 1067/1067 1066/1066
f 1342/1342 1339/1339 1341/1341
f 454/454 359/359 368/368
f 368/368 359/359 367/367
f 321/321 320/320 278/278
f 321/321 278/278 284/284
f 506/506 556/556 554/554
f 554/554 556/556 607/607
f 1163/1163 1174/1174 1162/1162
f 769/769 810/810 814/814
f 876/876 875/875 1067/1067
f 1339/1339 1340/1340 1341/1341
f 454/454 453/453 359/359
f 359/359 361/361 367/367
f 367/367 361/361 507/507
f 367/367 507/507 506/506
f 506/506 507/507 556/556
f 556/556 606/606 607/607
f 1163/1163 1173/1173 1174/1174
f 769/769 770/770 810/810
f 453/453 360/360 359/359
f 359/359 360/360 361/361
f 1173/1173 1172/1172 1174/1174
f 875/875 1068/1068 1067/1067
f 1338/1338 1335/1335 1337/1337
f 320/320 319/319 278/278
f 556/556 605/605 606/606
f 1173/1173 1171/1171 1172/1172
f 1335/1335 1336/1336 1337/1337
f 453/453 452/452 365/365
f 453/453 365/365 360/360
f 365/365 366/366 361/361
f 360/360 365/365 361/361
f 319/319 277/277 278/278
f 361/361 366/366 508/508
f 361/361 508/508 507/507
f 508/508 560/560 556/556
f 507/507 508/508 556/556
f 556/556 560/560 605/605
f 770/770 809/809 810/810
f 319/319 318/318 277/277
f 560/560 609/609 605/605
f 1171/1171 1169/1169 1170/1170
f 1171/1171 1170/1170 1172/1172
f 875/875 866/866 1068/1068
f 365/365 364/364 366/366
f 318/318 273/273 277/277
f 364/364 510/510 508/508
f 366/366 364/364 508/508
f 510/510 561/561 560/560
f 508/508 510/510 560/560
f 560/560 561/561 609/609
f 773/773 808/808 809/809
f 770/770 773/773 809/809
f 1335/1335 1333/1333 1336/1336
f 452/452 451/451 365/365
f 561/561 612/612 609/609
f 1169/1169 1167/1167 1168/1168
f 1169/1169 1168/1168 1170/1170
f 866/866 1059/1059 1068/1068
f 1335/1335 1334/1334 1333/1333
f 451/451 362/362 365/365
f 365/365 362/362 364/364
f 318/318 317/317 273/273
f 364/364 511/511 510/510
f 511/511 563/563 561/561
f 510/510 511/511 561/561
f 561/561 563/563 612/612
f 317/317 262/262 273/273
f 563/563 613/613 612/612
f 1167/1167 1164/1164 1166/1166
f 1167/1167 1166/1166 1168/1168
f 775/775 807/807 808/808
f 773/773 775/775 808/808
f 866/866 1055/1055 1059/1059
f 1334/1334 1332/1332 1333/1333
f 362/362 363/363 364/364
f 317/317 316/316 262/262
f 363/363 514/514 511/511
f 364/364 363/363 511/511
f 514/514 565/565 563/563
f 511/511 514/514 563/563
f 563/563 565/565 613/613
f 866/866 867/867 1055/1055
f 1332/1332 1331/1331 1333/1333
f 262/262 102/102 101/101
f 451/451 450/450 362/362
f 565/565 615/615 613/613
f 1165/1165 1175/1175 1166/1166
f 1164/1164 1165/1165 1166/1166
f 867/867 1054/1054 1055/1055
f 1332/1332 1330/1330 1331/1331
f 262/262 261/261 102/102
f 450/450 370/370 362/362
f 362/362 370/370 369/369
f 362/362 369/369 363/363
f 369/369 521/521 514/514
f 363/363 369/369 514/514
f 514/514 521/521 566/566
f 514/514 566/566 565/565
f 565/565 566/566 615/615
f 775/775 777/777 805/805
f 775/775 805/805 807/807
f 1330/1330 1329/1329 1331/1331
f 261/261 260/260 104/104
f 261/261 104/104 102/102
f 450/450 449/449 370/370
f 521/521 567/567 566/566
f 566/566 567/567 617/617
f 566/566 617/617 615/615
f 1176/1176 1177/1177 1175/1175
f 1165/1165 1176/1176 1175/1175
f 867/867 868/868 1048/1048
f 867/867 1048/1048 1054/1054
f 1330/1330 1328/1328 1329/1329
f 260/260 221/221 104/104
f 449/449 372/372 370/370
f 370/370 372/372 371/371
f 370/370 371/371 369/369
f 371/371 522/522 521/521
f 369/369 371/371 521/521
f 521/521 522/522 567/567
f 567/567 618/618 617/617
f 1176/1176 1178/1178 1177/1177
f 777/777 780/780 803/803
f 777/777 803/803 805/805
f 372/372 380/380 371/371
f 371/371 380/380 522/522
f 522/522 568/568 567/567
f 567/567 568/568 618/618
f 1178/1178 1179/1179 1177/1177
f 868/868 869/869 1048/1048
f 1328/1328 1327/1327 1329/1329
f 448/448 379/379 372/372
f 449/449 448/448 372/372
f 372/372 379/379 380/380
f 380/380 524/524 522/522
f 522/522 524/524 568/568
f 1187/1187 1180/1180 1178/1178
f 1178/1178 1180/1180 1179/1179
f 379/379 377/377 380/380
f 380/380 377/377 524/524
f 524/524 569/569 568/568
f 1187/1187 1188/1188 1180/1180
f 780/780 782/782 800/800
f 780/780 800/800 803/803
f 869/869 1033/1033 1048/1048
f 1328/1328 1323/1323 1327/1327
f 448/448 378/378 379/379
f 379/379 378/378 377/377
f 377/377 525/525 524/524
f 525/525 570/570 569/569
f 524/524 525/525 569/569
f 1189/1189 1186/1186 1180/1180
f 1188/1188 1189/1189 1180/1180
f 1180/1180 1186/1186 1179/1179
f 782/782 784/784 800/800
f 869/869 870/870 1033/1033
f 1323/1323 1326/1326 1327/1327
f 456/456 376/376 378/378
f 448/448 456/456 378/378
f 376/376 375/375 377/377
f 378/378 376/376 377/377
f 375/375 545/545 525/525
f 377/377 375/375 525/525
f 545/545 575/575 570/570
f 525/525 545/545 570/570
f 1189/1189 1190/1190 1186/1186
f 800/800 871/871 870/870
f 870/870 871/871 1034/1034
f 870/870 1034/1034 1033/1033
f 1323/1323 1324/1324 1325/1325
f 1323/1323 1325/1325 1326/1326
f 457/457 373/373 376/376
f 456/456 457/457 376/376
f 376/376 373/373 375/375
f 375/375 546/546 545/545
f 546/546 576/576 575/575
f 545/545 546/546 575/575
f 1190/1190 1191/1191 1186/1186
f 1186/1186 1184/1184 1179/1179
f 799/799 872/872 871/871
f 800/800 799/799 871/871
f 871/871 872/872 1050/1050
f 871/871 1050/1050 1034/1034
f 1324/1324 1322/1322 1325/1325
f 373/373 374/374 375/375
f 375/375 374/374 547/547
f 375/375 547/547 546/546
f 547/547 578/578 576/576
f 546/546 547/547 576/576
f 1191/1191 1192/1192 1185/1185
f 1191/1191 1185/1185 1186/1186
f 1186/1186 1185/1185 1184/1184
f 799/799 798/798 872/872
f 872/872 1042/1042 1050/1050
f 1322/1322 1320/1320 1321/1321
f 1322/1322 1321/1321 1325/1325
f 458/458 381/381 373/373
f 457/457 458/458 373/373
f 373/373 381/381 374/374
f 374/374 551/551 547/547
f 547/547 551/551 578/578
f 1192/1192 1181/1181 1185/1185
f 1185/1185 1181/1181 1184/1184
f 798/798 873/873 872/872
f 873/873 1041/1041 1042/1042
f 872/872 873/873 1042/1042
f 1318/1318 1321/1321 1320/1320
f 1318/1318 1316/1316 1311/1311
f 482/482 477/477 459/459
f 482/482 459/459 458/458
f 459/459 382/382 381/381
f 458/458 459/459 381/381
f 382/382 384/384 374/374
f 381/381 382/382 374/374
f 374/374 384/384 552/552
f 374/374 552/552 551/551
f 551/551 552/552 580/580
f 551/551 580/580 578/578
f 1193/1193 1182/1182 1181/1181
f 1192/1192 1193/1193 1181/1181
f 1181/1181 1182/1182 1183/1183
f 1181/1181 1183/1183 1184/1184
f 798/798 874/874 873/873
f 873/873 874/874 1017/1017
f 873/873 1017/1017 1041/1041
f 477/477 400/400 459/459
f 400/400 383/383 382/382
f 459/459 400/400 382/382
f 382/382 383/383 384/384
f 552/552 582/582 580/580
f 1193/1193 1194/1194 1182/1182
f 798/798 865/865 874/874
f 865/865 1016/1016 1017/1017
f 874/874 865/865 1017/1017
f 1303/1303 1305/1305 1311/1311
f 1316/1316 1303/1303 1311/1311
f 399/399 383/383 400/400
f 477/477 399/399 400/400
f 477/477 460/460 399/399
f 399/399 385/385 383/383
f 385/385 386/386 384/384
f 383/383 385/385 384/384
f 384/384 386/386 555/555
f 384/384 555/555 552/552
f 552/552 555/555 584/584
f 552/552 584/584 582/582
f 1195/1195 1196/1196 1182/1182
f 1194/1194 1195/1195 1182/1182
f 1182/1182 1196/1196 1197/1197
f 1182/1182 1197/1197 1183/1183
f 796/796 861/861 865/865
f 798/798 796/796 865/865
f 1310/1310 1301/1301 1303/1303
f 1016/1016 1015/1015 1084/1084
f 1303/1303 1301/1301 1302/1302
f 1303/1303 1302/1302 1305/1305
f 183/183 220/220 211/211
f 220/220 263/263 210/210
f 220/220 210/210 211/211
f 460/460 461/461 401/401
f 460/460 401/401 399/399
f 401/401 403/403 385/385
f 399/399 401/401 385/385
f 403/403 483/483 386/386
f 385/385 403/403 386/386
f 386/386 483/483 557/557
f 386/386 557/557 555/555
f 557/557 586/586 584/584
f 555/555 557/557 584/584
f 1195/1195 1198/1198 1196/1196
f 1196/1196 1200/1200 1197/1197
f 797/797 862/862 861/861
f 796/796 797/797 861/861
f 1310/1310 1299/1299 1283/1283
f 1310/1310 1283/1283 1301/1301
f 1301/1301 1283/1283 1284/1284
f 1301/1301 1284/1284 1302/1302
f 263/263 228/228 210/210
f 461/461 478/478 462/462
f 461/461 462/462 401/401
f 401/401 462/462 402/402
f 401/401 402/402 403/403
f 403/403 402/402 484/484
f 403/403 484/484 483/483
f 483/483 484/484 558/558
f 483/483 558/558 557/557
f 558/558 587/587 586/586
f 557/557 558/558 586/586
f 1198/1198 1201/1201 1199/1199
f 1198/1198 1199/1199 1196/1196
f 1199/1199 1205/1205 1200/1200
f 1196/1196 1199/1199 1200/1200
f 797/797 843/843 863/863
f 797/797 863/863 862/862
f 1299/1299 1291/1291 1272/1272
f 1299/1299 1272/1272 1283/1283
f 1283/1283 1272/1272 1271/1271
f 1283/1283 1271/1271 1284/1284
f 481/481 486/486 462/462
f 478/478 481/481 462/462
f 462/462 486/486 487/487
f 462/462 487/487 402/402
f 263/263 323/323 266/266
f 263/263 266/266 228/228
f 619/619 621/621 624/624
f 632/632 619/619 624/624
f 487/487 515/515 484/484
f 402/402 487/487 484/484
f 484/484 515/515 572/572
f 484/484 572/572 558/558
f 572/572 588/588 587/587
f 558/558 572/572 587/587
f 1202/1202 1203/1203 1199/1199
f 1201/1201 1202/1202 1199/1199
f 634/634 625/625 631/631
f 1199/1199 1203/1203 1205/1205
f 1057/1057 1081/1081 1032/1032
f 1032/1032 987/987 1012/1012
f 1032/1032 1012/1012 1057/1057
f 933/933 842/842 832/832
f 933/933 832/832 996/996
f 933/933 934/934 932/932
f 933/933 932/932 842/842
f 996/996 832/832 1000/1000
f 996/996 1000/1000 1025/1025
f 1000/1000 1058/1058 1057/1057
f 1025/1025 1000/1000 1057/1057
f 644/644 643/643 715/715
f 1057/1057 1058/1058 1081/1081
f 643/643 642/642 654/654
f 715/715 643/643 654/654
f 1295/1295 1291/1291 1296/1296
f 1295/1295 1296/1296 1308/1308
f 1295/1295 1294/1294 1287/1287
f 1295/1295 1287/1287 1291/1291
f 641/641 639/639 643/643
f 644/644 641/641 643/643
f 639/639 638/638 642/642
f 643/643 639/639 642/642
f 1279/1279 1267/1267 1272/1272
f 1279/1279 1272/1272 1291/1291
f 1279/1279 1278/1278 1265/1265
f 1279/1279 1265/1265 1267/1267
f 640/640 636/636 639/639
f 641/641 640/640 639/639
f 636/636 637/637 638/638
f 639/639 636/636 638/638
f 1267/1267 1261/1261 1271/1271
f 1267/1267 1271/1271 1272/1272
f 1267/1267 1265/1265 1242/1242
f 1267/1267 1242/1242 1261/1261
f 636/636 629/629 628/628
f 636/636 628/628 637/637
f 489/489 486/486 481/481
f 503/503 489/489 481/481
f 1242/1242 1240/1240 1241/1241
f 1261/1261 1242/1242 1241/1241
f 1241/1241 1240/1240 1234/1234
f 1241/1241 1234/1234 1258/1258
f 621/621 623/623 628/628
f 629/629 621/621 628/628
f 1259/1259 1274/1274 1260/1260
f 1258/1258 1259/1259 1260/1260
f 1234/1234 1233/1233 1259/1259
f 1258/1258 1234/1234 1259/1259
f 1259/1259 1233/1233 1268/1268
f 1259/1259 1268/1268 1274/1274
f 1228/1228 1227/1227 1222/1222
f 619/619 625/625 620/620
f 619/619 620/620 621/621
f 621/621 620/620 622/622
f 621/621 622/622 623/623
f 626/626 647/647 622/622
f 620/620 626/626 622/622
f 1221/1221 1204/1204 1202/1202
f 1222/1222 1221/1221 1202/1202
f 1222/1222 1223/1223 1221/1221
f 70/70 63/63 48/48
f 70/70 48/48 60/60
f 1204/1204 1225/1225 1203/1203
f 1202/1202 1204/1204 1203/1203
f 60/60 48/48 49/49
f 60/60 49/49 58/58
f 1203/1203 1225/1225 1226/1226
f 634/634 633/633 625/625
f 58/58 49/49 57/57
f 58/58 57/57 68/68
f 625/625 633/633 627/627
f 625/625 627/627 620/620
f 57/57 66/66 67/67
f 68/68 57/57 67/67
f 942/942 934/934 935/935
f 942/942 935/935 955/955
f 942/942 941/941 938/938
f 942/942 938/938 934/934
f 955/955 935/935 994/994
f 955/955 994/994 976/976
f 976/976 994/994 1012/1012
f 976/976 1012/1012 987/987
f 712/712 658/658 687/687
f 988/988 1078/1078 1027/1027
f 1306/1306 1294/1294 1307/1307
f 965/965 937/937 936/936
f 965/965 961/961 981/981
f 1306/1306 1304/1304 1294/1294
f 936/936 937/937 932/932
f 936/936 932/932 934/934
f 1289/1289 1278/1278 1287/1287
f 1289/1289 1287/1287 1294/1294
f 1289/1289 1292/1292 1282/1282
f 1289/1289 1282/1282 1278/1278
f 1278/1278 1282/1282 1266/1266
f 1278/1278 1266/1266 1265/1265
f 1264/1264 1242/1242 1265/1265
f 1264/1264 1266/1266 1244/1244
f 1264/1264 1244/1244 1242/1242
f 1243/1243 1240/1240 1242/1242
f 1244/1244 1238/1238 1243/1243
f 1242/1242 1244/1244 1243/1243
f 1243/1243 1238/1238 1240/1240
f 1232/1232 1233/1233 1234/1234
f 1240/1240 1232/1232 1234/1234
f 1238/1238 1229/1229 1232/1232
f 1240/1240 1238/1238 1232/1232
f 1232/1232 1229/1229 1231/1231
f 1232/1232 1231/1231 1233/1233
f 1235/1235 1315/1315 1268/1268
f 1233/1233 1235/1235 1268/1268
f 1231/1231 1314/1314 1235/1235
f 1233/1233 1231/1231 1235/1235
f 78/78 75/75 59/59
f 78/78 59/59 64/64
f 1224/1224 1223/1223 1222/1222
f 1227/1227 1224/1224 1222/1222
f 64/64 59/59 47/47
f 64/64 47/47 63/63
f 47/47 38/38 48/48
f 63/63 47/47 48/48
f 48/48 38/38 36/36
f 48/48 36/36 49/49
f 71/71 66/66 65/65
f 626/626 653/653 647/647
f 51/51 62/62 65/65
f 66/66 51/51 65/65
f 31/31 35/35 57/57
f 49/49 31/31 57/57
f 36/36 29/29 31/31
f 49/49 36/36 31/31
f 31/31 29/29 30/30
f 31/31 30/30 35/35
f 57/57 35/35 32/32
f 57/57 32/32 66/66
f 35/35 30/30 32/32
f 940/940 939/939 938/938
f 940/940 938/938 941/941
f 940/940 945/945 946/946
f 940/940 946/946 939/939
f 974/974 990/990 981/981
f 974/974 981/981 961/961
f 974/974 964/964 982/982
f 974/974 982/982 990/990
f 1290/1290 1281/1281 1282/1282
f 1290/1290 1282/1282 1292/1292
f 1290/1290 1298/1298 1285/1285
f 1290/1290 1285/1285 1281/1281
f 1281/1281 1266/1266 1282/1282
f 1281/1281 1285/1285 1269/1269
f 1281/1281 1269/1269 1266/1266
f 1266/1266 1269/1269 1245/1245
f 1266/1266 1245/1245 1244/1244
f 1244/1244 1245/1245 1238/1238
f 1237/1237 1229/1229 1238/1238
f 1245/1245 1239/1239 1237/1237
f 1238/1238 1245/1245 1237/1237
f 1237/1237 1239/1239 1236/1236
f 1237/1237 1236/1236 1229/1229
f 1230/1230 1314/1314 1231/1231
f 1229/1229 1230/1230 1231/1231
f 86/86 81/81 82/82
f 1229/1229 1236/1236 1230/1230
f 82/82 81/81 74/74
f 82/82 74/74 75/75
f 75/75 74/74 54/54
f 75/75 54/54 59/59
f 54/54 39/39 47/47
f 59/59 54/54 47/47
f 39/39 37/37 38/38
f 47/47 39/39 38/38
f 38/38 37/37 36/36
f 40/40 69/69 62/62
f 51/51 40/40 62/62
f 37/37 16/16 29/29
f 36/36 37/37 29/29
f 29/29 16/16 17/17
f 29/29 17/17 30/30
f 30/30 17/17 19/19
f 30/30 19/19 32/32
f 950/950 957/957 946/946
f 950/950 946/946 945/945
f 949/949 956/956 957/957
f 950/950 949/949 957/957
f 975/975 982/982 964/964
f 975/975 966/966 979/979
f 975/975 979/979 982/982
f 982/982 979/979 993/993
f 1298/1298 1293/1293 1285/1285
f 1280/1280 1270/1270 1269/1269
f 1280/1280 1269/1269 1285/1285
f 1280/1280 1288/1288 1275/1275
f 1280/1280 1275/1275 1270/1270
f 1270/1270 1245/1245 1269/1269
f 1270/1270 1275/1275 1249/1249
f 1270/1270 1249/1249 1245/1245
f 1249/1249 1250/1250 1248/1248
f 1245/1245 1249/1249 1248/1248
f 1246/1246 1239/1239 1245/1245
f 1248/1248 1246/1246 1245/1245
f 1250/1250 1251/1251 1246/1246
f 1248/1248 1250/1250 1246/1246
f 1246/1246 1251/1251 1247/1247
f 1246/1246 1247/1247 1239/1239
f 83/83 81/81 86/86
f 1239/1239 1263/1263 1236/1236
f 1247/1247 1312/1312 1263/1263
f 1239/1239 1247/1247 1263/1263
f 83/83 84/84 80/80
f 83/83 80/80 81/81
f 81/81 80/80 72/72
f 81/81 72/72 74/74
f 56/56 43/43 54/54
f 74/74 56/56 54/54
f 72/72 5/5 56/56
f 74/74 72/72 56/56
f 5/5 8/8 43/43
f 56/56 5/5 43/43
f 43/43 34/34 39/39
f 54/54 43/43 39/39
f 43/43 8/8 10/10
f 43/43 10/10 34/34
f 34/34 15/15 37/37
f 39/39 34/34 37/37
f 34/34 10/10 13/13
f 34/34 13/13 15/15
f 15/15 16/16 37/37
f 15/15 13/13 14/14
f 15/15 14/14 16/16
f 14/14 18/18 17/17
f 16/16 14/14 17/17
f 18/18 20/20 19/19
f 17/17 18/18 19/19
f 40/40 19/19 22/22
f 40/40 22/22 69/69
f 19/19 20/20 21/21
f 19/19 21/21 22/22
f 949/949 951/951 956/956
f 966/966 967/967 979/979
f 1300/1300 1288/1288 1293/1293
f 980/980 993/993 979/979
f 1300/1300 1297/1297 1288/1288
f 1286/1286 1276/1276 1275/1275
f 1286/1286 1275/1275 1288/1288
f 1286/1286 1277/1277 1276/1276
f 1276/1276 1257/1257 1249/1249
f 1276/1276 1249/1249 1275/1275
f 1276/1276 1277/1277 1257/1257
f 1255/1255 1250/1250 1249/1249
f 1257/1257 1255/1255 1249/1249
f 1257/1257 1256/1256 1255/1255
f 1253/1253 1251/1251 1250/1250
f 1255/1255 1253/1253 1250/1250
f 1255/1255 1256/1256 1253/1253
f 1254/1254 1252/1252 1251/1251
f 1253/1253 1254/1254 1251/1251
f 1253/1253 1262/1262 1254/1254
f 1254/1254 1273/1273 1252/1252
f 1252/1252 1312/1312 1247/1247
f 1251/1251 1252/1252 1247/1247
f 1252/1252 1273/1273 1313/1313
f 1252/1252 1313/1313 1312/1312
f 7/7 2/2 3/3
f 23/23 27/27 46/46
f 23/23 46/46 61/61
f 77/77 73/73 80/80
f 84/84 77/77 80/80
f 85/85 76/76 77/77
f 84/84 85/85 77/77
f 77/77 4/4 73/73
f 73/73 5/5 72/72
f 80/80 73/73 72/72
f 73/73 4/4 5/5
f 5/5 1/1 2/2
f 5/5 2/2 8/8
f 7/7 3/3 11/11
f 7/7 11/11 10/10
f 11/11 12/12 13/13
f 10/10 11/11 13/13
f 12/12 26/26 14/14
f 13/13 12/12 14/14
f 14/14 26/26 25/25
f 14/14 25/25 18/18
f 25/25 24/24 20/20
f 18/18 25/25 20/20
f 971/971 978/978 970/970
f 9/9 44/44 33/33
f 44/44 42/42 28/28
f 33/33 44/44 28/28
f 28/28 42/42 41/41
f 28/28 41/41 27/27
f 27/27 41/41 45/45
f 27/27 45/45 46/46
f 1382/1382 1367/1367 1379/1379
f 706/706 697/697 692/692
f 6/6 50/50 44/44
f 50/50 55/55 42/42
f 44/44 50/50 42/42
f 42/42 55/55 52/52
f 42/42 52/52 41/41
f 1349/1349 1348/1348 1350/1350
f 1349/1349 1350/1350 1351/1351
f 1350/1350 1353/1353 1352/1352
f 1351/1351 1350/1350 1352/1352
f 1352/1352 1353/1353 1356/1356
f 1352/1352 1356/1356 1376/1376
f 1376/1376 1356/1356 1383/1383
f 1376/1376 1383/1383 1380/1380
f 717/717 718/718 720/720
f 878/878 879/879 1006/1006
f 1014/1014 854/854 864/864
f 238/238 173/173 172/172
f 172/172 173/173 154/154
f 154/154 156/156 155/155
f 155/155 166/166 167/167
f 167/167 166/166 270/270
f 324/324 346/346 344/344
f 721/721 717/717 720/720
f 721/721 720/720 723/723
f 720/720 719/719 722/722
f 723/723 720/720 722/722
f 722/722 719/719 878/878
f 878/878 1006/1006 1007/1007
f 1013/1013 1014/1014 864/864
f 1013/1013 864/864 886/886
f 235/235 238/238 172/172
f 235/235 172/172 171/171
f 171/171 172/172 154/154
f 154/154 155/155 153/153
f 153/153 155/155 167/167
f 315/315 324/324 344/344
f 723/723 722/722 724/724
f 724/724 722/722 878/878
f 1013/1013 886/886 1026/1026
f 1080/1080 1013/1013 1026/1026
f 1082/1082 1080/1080 1026/1026
f 171/171 154/154 152/152
f 152/152 154/154 153/153
f 167/167 270/270 272/272
f 315/315 344/344 343/343
f 801/801 721/721 723/723
f 801/801 723/723 725/725
f 725/725 723/723 724/724
f 724/724 878/878 858/858
f 858/858 878/878 1007/1007
f 235/235 171/171 170/170
f 1083/1083 1082/1082 1026/1026
f 1083/1083 1026/1026 1031/1031
f 170/170 171/171 152/152
f 307/307 315/315 343/343
f 725/725 724/724 726/726
f 726/726 724/724 858/858
f 858/858 1007/1007 1008/1008
f 237/237 235/235 170/170
f 237/237 170/170 168/168
f 1083/1083 1031/1031 1051/1051
f 168/168 170/170 152/152
f 168/168 152/152 151/151
f 151/151 152/152 153/153
f 151/151 153/153 149/149
f 153/153 167/167 165/165
f 149/149 153/153 165/165
f 167/167 272/272 271/271
f 165/165 167/167 271/271
f 307/307 343/343 345/345
f 802/802 801/801 725/725
f 802/802 725/725 727/727
f 727/727 725/725 726/726
f 726/726 858/858 857/857
f 857/857 858/858 1008/1008
f 857/857 1008/1008 1009/1009
f 241/241 237/237 168/168
f 1083/1083 1051/1051 1097/1097
f 464/464 447/447 428/428
f 802/802 727/727 729/729
f 727/727 726/726 728/728
f 729/729 727/727 728/728
f 728/728 726/726 857/857
f 857/857 1009/1009 1010/1010
f 241/241 168/168 169/169
f 242/242 241/241 169/169
f 169/169 168/168 151/151
f 306/306 307/307 345/345
f 306/306 345/345 349/349
f 730/730 729/729 728/728
f 728/728 857/857 856/856
f 856/856 857/857 1010/1010
f 856/856 1010/1010 1011/1011
f 905/905 906/906 802/802
f 242/242 169/169 190/190
f 243/243 242/242 190/190
f 169/169 151/151 141/141
f 190/190 169/169 141/141
f 141/141 151/151 149/149
f 141/141 149/149 140/140
f 149/149 165/165 164/164
f 140/140 149/149 164/164
f 164/164 165/165 271/271
f 730/730 728/728 731/731
f 732/732 730/730 731/731
f 731/731 728/728 856/856
f 856/856 1011/1011 1005/1005
f 907/907 905/905 802/802
f 907/907 802/802 804/804
f 243/243 190/190 192/192
f 247/247 243/243 192/192
f 192/192 190/190 141/141
f 164/164 271/271 274/274
f 305/305 306/306 349/349
f 247/247 192/192 191/191
f 191/191 192/192 141/141
f 141/141 140/140 131/131
f 140/140 164/164 139/139
f 131/131 140/140 139/139
f 139/139 164/164 274/274
f 305/305 349/349 350/350
f 308/308 305/305 350/350
f 732/732 731/731 733/733
f 734/734 732/732 733/733
f 731/731 856/856 852/852
f 733/733 731/731 852/852
f 852/852 856/856 1005/1005
f 852/852 1005/1005 1004/1004
f 907/907 804/804 806/806
f 248/248 247/247 191/191
f 191/191 141/141 142/142
f 142/142 141/141 131/131
f 139/139 274/274 276/276
f 908/908 907/907 806/806
f 248/248 191/191 196/196
f 196/196 191/191 142/142
f 142/142 131/131 129/129
f 131/131 139/139 130/130
f 129/129 131/131 130/130
f 130/130 139/139 276/276
f 308/308 350/350 351/351
f 734/734 733/733 735/735
f 735/735 733/733 852/852
f 852/852 1004/1004 899/899
f 249/249 248/248 196/196
f 249/249 196/196 195/195
f 195/195 196/196 142/142
f 142/142 129/129 106/106
f 129/129 130/130 107/107
f 106/106 129/129 107/107
f 107/107 130/130 276/276
f 107/107 276/276 282/282
f 309/309 308/308 351/351
f 735/735 852/852 853/853
f 853/853 852/852 899/899
f 909/909 908/908 806/806
f 195/195 142/142 143/143
f 143/143 142/142 106/106
f 422/422 421/421 420/420
f 422/422 420/420 513/513
f 1219/1219 1127/1127 1128/1128
f 736/736 734/734 735/735
f 736/736 735/735 737/737
f 737/737 735/735 853/853
f 853/853 899/899 900/900
f 909/909 806/806 811/811
f 249/249 195/195 197/197
f 252/252 249/249 197/197
f 197/197 195/195 143/143
f 143/143 106/106 109/109
f 106/106 107/107 108/108
f 109/109 106/106 108/108
f 107/107 282/282 283/283
f 108/108 107/107 283/283
f 737/737 853/853 851/851
f 851/851 853/853 900/900
f 910/910 909/909 811/811
f 1219/1219 1128/1128 1149/1149
f 736/736 737/737 738/738
f 738/738 737/737 851/851
f 851/851 900/900 901/901
f 252/252 197/197 198/198
f 255/255 252/252 198/198
f 198/198 197/197 143/143
f 1217/1217 1219/1219 1149/1149
f 739/739 736/736 738/738
f 738/738 851/851 850/850
f 850/850 851/851 901/901
f 910/910 811/811 812/812
f 109/109 108/108 110/110
f 110/110 108/108 283/283
f 110/110 283/283 293/293
f 1217/1217 1149/1149 1146/1146
f 850/850 901/901 902/902
f 911/911 910/910 812/812
f 255/255 198/198 199/199
f 256/256 255/255 199/199
f 199/199 198/198 143/143
f 199/199 143/143 144/144
f 143/143 109/109 111/111
f 144/144 143/143 111/111
f 111/111 109/109 110/110
f 1216/1216 1217/1217 1146/1146
f 256/256 199/199 193/193
f 193/193 199/199 144/144
f 110/110 293/293 294/294
f 1216/1216 1146/1146 1145/1145
f 740/740 739/739 738/738
f 740/740 738/738 741/741
f 741/741 738/738 850/850
f 911/911 812/812 813/813
f 1215/1215 1216/1216 1145/1145
f 741/741 850/850 849/849
f 849/849 850/850 902/902
f 849/849 902/902 903/903
f 259/259 256/256 193/193
f 193/193 144/144 145/145
f 145/145 144/144 111/111
f 111/111 110/110 112/112
f 112/112 110/110 294/294
f 1215/1215 1145/1145 1143/1143
f 742/742 740/740 741/741
f 259/259 193/193 194/194
f 194/194 193/193 145/145
f 1211/1211 1215/1215 1143/1143
f 849/849 903/903 897/897
f 912/912 911/911 813/813
f 269/269 259/259 194/194
f 145/145 111/111 113/113
f 113/113 111/111 112/112
f 112/112 294/294 297/297
f 1211/1211 1143/1143 1142/1142
f 742/742 741/741 743/743
f 741/741 849/849 845/845
f 743/743 741/741 845/845
f 845/845 849/849 897/897
f 912/912 813/813 818/818
f 269/269 194/194 201/201
f 194/194 145/145 146/146
f 201/201 194/194 146/146
f 146/146 145/145 113/113
f 744/744 742/742 743/743
f 913/913 912/912 818/818
f 113/113 112/112 114/114
f 114/114 112/112 297/297
f 1211/1211 1142/1142 1140/1140
f 743/743 845/845 834/834
f 834/834 845/845 897/897
f 834/834 897/897 898/898
f 913/913 818/818 819/819
f 269/269 201/201 202/202
f 356/356 269/269 202/202
f 202/202 201/201 146/146
f 202/202 146/146 147/147
f 146/146 113/113 115/115
f 147/147 146/146 115/115
f 115/115 113/113 114/114
f 1207/1207 1211/1211 1140/1140
f 745/745 744/744 743/743
f 914/914 913/913 819/819
f 1207/1207 1140/1140 1138/1138
f 745/745 743/743 746/746
f 746/746 743/743 834/834
f 746/746 834/834 826/826
f 826/826 834/834 898/898
f 914/914 819/819 833/833
f 356/356 202/202 203/203
f 203/203 202/202 147/147
f 203/203 147/147 148/148
f 148/148 147/147 115/115
f 115/115 114/114 116/116
f 114/114 297/297 298/298
f 116/116 114/114 298/298
f 1206/1206 1207/1207 1138/1138
f 747/747 745/745 746/746
f 747/747 746/746 748/748
f 748/748 746/746 826/826
f 915/915 914/914 833/833
f 915/915 833/833 844/844
f 148/148 115/115 117/117
f 117/117 115/115 116/116
f 749/749 747/747 748/748
f 748/748 826/826 827/827
f 827/827 826/826 898/898
f 827/827 898/898 930/930
f 355/355 356/356 203/203
f 355/355 203/203 204/204
f 204/204 203/203 148/148
f 116/116 298/298 299/299
f 204/204 148/148 158/158
f 158/158 148/148 117/117
f 158/158 117/117 119/119
f 117/117 116/116 118/118
f 119/119 117/117 118/118
f 118/118 116/116 299/299
f 1206/1206 1138/1138 1135/1135
f 749/749 748/748 750/750
f 748/748 827/827 828/828
f 750/750 748/748 828/828
f 828/828 827/827 930/930
f 828/828 930/930 931/931
f 916/916 915/915 844/844
f 916/916 844/844 837/837
f 358/358 355/355 204/204
f 118/118 299/299 304/304
f 1210/1210 1206/1206 1135/1135
f 751/751 749/749 750/750
f 204/204 158/158 159/159
f 159/159 158/158 119/119
f 750/750 828/828 820/820
f 820/820 828/828 931/931
f 917/917 916/916 837/837
f 358/358 204/204 205/205
f 205/205 204/204 159/159
f 751/751 750/750 752/752
f 752/752 750/750 820/820
f 119/119 118/118 120/120
f 120/120 118/118 304/304
f 1210/1210 1135/1135 1133/1133
f 820/820 931/931 921/921
f 917/917 837/837 836/836
f 357/357 358/358 205/205
f 159/159 119/119 121/121
f 121/121 119/119 120/120
f 120/120 304/304 303/303
f 1209/1209 1210/1210 1133/1133
f 753/753 751/751 752/752
f 752/752 820/820 821/821
f 821/821 820/820 921/921
f 918/918 917/917 836/836
f 357/357 205/205 206/206
f 206/206 205/205 159/159
f 753/753 752/752 754/754
f 754/754 752/752 821/821
f 821/821 921/921 922/922
f 354/354 357/357 206/206
f 121/121 120/120 122/122
f 122/122 120/120 303/303
f 919/919 918/918 836/836
f 206/206 159/159 160/160
f 160/160 159/159 121/121
f 122/122 303/303 302/302
f 1208/1208 1209/1209 1133/1133
f 755/755 753/753 754/754
f 754/754 821/821 822/822
f 822/822 821/821 922/922
f 919/919 836/836 838/838
f 1208/1208 1133/1133 1132/1132
f 920/920 919/919 838/838
f 354/354 206/206 207/207
f 207/207 206/206 160/160
f 160/160 121/121 123/123
f 123/123 121/121 122/122
f 755/755 754/754 756/756
f 756/756 754/754 822/822
f 822/822 922/922 923/923
f 268/268 354/354 207/207
f 1208/1208 1132/1132 1150/1150
f 1212/1212 1208/1208 1150/1150
f 756/756 822/822 823/823
f 823/823 822/822 923/923
f 920/920 838/838 839/839
f 889/889 920/920 839/839
f 207/207 160/160 161/161
f 161/161 160/160 123/123
f 123/123 122/122 124/124
f 124/124 122/122 302/302
f 1212/1212 1150/1150 1151/1151
f 823/823 923/923 924/924
f 268/268 207/207 208/208
f 267/267 268/268 208/208
f 208/208 207/207 161/161
f 124/124 302/302 301/301
f 757/757 755/755 756/756
f 757/757 756/756 758/758
f 758/758 756/756 823/823
f 889/889 839/839 840/840
f 758/758 823/823 824/824
f 824/824 823/823 924/924
f 824/824 924/924 925/925
f 265/265 267/267 208/208
f 265/265 208/208 209/209
f 209/209 208/208 161/161
f 209/209 161/161 162/162
f 162/162 161/161 123/123
f 162/162 123/123 125/125
f 125/125 123/123 124/124
f 1213/1213 1212/1212 1151/1151
f 1213/1213 1151/1151 1160/1160
f 890/890 889/889 840/840
f 125/125 124/124 126/126
f 126/126 124/124 301/301
f 126/126 301/301 300/300
f 759/759 757/757 758/758
f 758/758 824/824 825/825
f 824/824 925/925 926/926
f 825/825 824/824 926/926
f 890/890 840/840 841/841
f 264/264 265/265 209/209
f 209/209 162/162 163/163
f 163/163 162/162 125/125
f 759/759 758/758 760/760
f 760/760 758/758 825/825
f 891/891 890/890 841/841
f 264/264 209/209 214/214
f 214/214 209/209 163/163
f 125/125 126/126 127/127
f 127/127 126/126 300/300
f 1213/1213 1160/1160 1157/1157
f 1214/1214 1213/1213 1157/1157
f 825/825 926/926 927/927
f 258/258 264/264 214/214
f 163/163 125/125 105/105
f 105/105 125/125 127/127
f 127/127 300/300 296/296
f 761/761 759/759 760/760
f 891/891 841/841 835/835
f 105/105 127/127 128/128
f 128/128 127/127 296/296
f 760/760 825/825 829/829
f 829/829 825/825 927/927
f 214/214 163/163 157/157
f 157/157 163/163 105/105
f 128/128 296/296 295/295
f 761/761 760/760 762/762
f 763/763 761/761 762/762
f 762/762 760/760 829/829
f 891/891 835/835 817/817
f 888/888 891/891 817/817
f 105/105 128/128 95/95
f 95/95 128/128 295/295
f 1214/1214 1157/1157 1155/1155
f 1218/1218 1214/1214 1155/1155
f 762/762 829/829 830/830
f 829/829 927/927 928/928
f 830/830 829/829 928/928
f 258/258 214/214 225/225
f 257/257 258/258 225/225
f 225/225 214/214 157/157
f 157/157 105/105 88/88
f 88/88 105/105 95/95
f 95/95 295/295 288/288
f 763/763 762/762 764/764
f 764/764 762/762 830/830
f 888/888 817/817 816/816
f 884/884 888/888 816/816
f 225/225 157/157 150/150
f 150/150 157/157 88/88
f 88/88 95/95 89/89
f 89/89 95/95 288/288
f 1218/1218 1155/1155 1161/1161
f 1220/1220 1218/1218 1161/1161
f 765/765 763/763 764/764
f 764/764 830/830 831/831
f 830/830 928/928 929/929
f 831/831 830/830 929/929
f 884/884 816/816 815/815
f 254/254 257/257 225/225
f 254/254 225/225 224/224
f 224/224 225/225 150/150
f 150/150 88/88 87/87
f 87/87 88/88 89/89
f 89/89 288/288 284/284
f 766/766 765/765 764/764
f 766/766 764/764 767/767
f 767/767 764/764 831/831
f 767/767 831/831 846/846
f 831/831 929/929 1018/1018
f 846/846 831/831 1018/1018
f 253/253 254/254 224/224
f 87/87 89/89 90/90
f 90/90 89/89 284/284
f 1220/1220 1161/1161 1162/1162
f 321/321 322/322 353/353
f 876/876 884/884 815/815
f 876/876 815/815 814/814
f 253/253 224/224 223/223
f 223/223 224/224 150/150
f 766/766 767/767 768/768
f 769/769 766/766 768/768
f 768/768 767/767 846/846
f 223/223 150/150 138/138
f 138/138 150/150 87/87
f 87/87 90/90 91/91
f 90/90 284/284 278/278
f 91/91 90/90 278/278
f 320/320 321/321 353/353
f 320/320 353/353 352/352
f 768/768 846/846 847/847
f 846/846 1018/1018 1019/1019
f 847/847 846/846 1019/1019
f 876/876 814/814 810/810
f 875/875 876/876 810/810
f 251/251 253/253 223/223
f 251/251 223/223 226/226
f 226/226 223/223 138/138
f 138/138 87/87 92/92
f 92/92 87/87 91/91
f 770/770 769/769 768/768
f 770/770 768/768 771/771
f 771/771 768/768 847/847
f 320/320 352/352 348/348
f 847/847 1019/1019 1020/1020
f 246/246 251/251 226/226
f 246/246 226/226 227/227
f 227/227 226/226 138/138
f 138/138 92/92 94/94
f 92/92 91/91 93/93
f 94/94 92/92 93/93
f 93/93 91/91 278/278
f 319/319 320/320 348/348
f 770/770 771/771 772/772
f 771/771 847/847 848/848
f 772/772 771/771 848/848
f 848/848 847/847 1020/1020
f 227/227 138/138 137/137
f 137/137 138/138 94/94
f 93/93 278/278 277/277
f 848/848 1020/1020 1021/1021
f 875/875 810/810 809/809
f 245/245 246/246 227/227
f 245/245 227/227 222/222
f 222/222 227/227 137/137
f 137/137 94/94 96/96
f 96/96 94/94 93/93
f 319/319 348/348 342/342
f 318/318 319/319 342/342
f 848/848 1021/1021 1022/1022
f 866/866 875/875 809/809
f 244/244 245/245 222/222
f 244/244 222/222 213/213
f 213/213 222/222 137/137
f 137/137 96/96 97/97
f 97/97 96/96 93/93
f 97/97 93/93 98/98
f 93/93 277/277 273/273
f 98/98 93/93 273/273
f 773/773 770/770 772/772
f 773/773 772/772 774/774
f 774/774 772/772 848/848
f 866/866 809/809 808/808
f 244/244 213/213 200/200
f 213/213 137/137 136/136
f 200/200 213/213 136/136
f 136/136 137/137 97/97
f 318/318 342/342 341/341
f 774/774 848/848 855/855
f 855/855 848/848 1022/1022
f 200/200 136/136 133/133
f 133/133 136/136 97/97
f 97/97 98/98 99/99
f 99/99 98/98 273/273
f 317/317 318/318 341/341
f 133/133 97/97 100/100
f 100/100 97/97 99/99
f 99/99 273/273 262/262
f 317/317 341/341 338/338
f 775/775 773/773 774/774
f 855/855 1022/1022 1023/1023
f 866/866 808/808 807/807
f 240/240 244/244 200/200
f 240/240 200/200 175/175
f 175/175 200/200 133/133
f 100/100 99/99 101/101
f 101/101 99/99 262/262
f 316/316 317/317 338/338
f 775/775 774/774 776/776
f 776/776 774/774 855/855
f 776/776 855/855 859/859
f 859/859 855/855 1023/1023
f 867/867 866/866 807/807
f 175/175 133/133 132/132
f 133/133 100/100 103/103
f 132/132 133/133 103/103
f 100/100 101/101 102/102
f 103/103 100/100 102/102
f 262/262 316/316 289/289
f 316/316 338/338 336/336
f 289/289 316/316 336/336
f 859/859 1023/1023 1024/1024
f 239/239 240/240 175/175
f 261/261 262/262 289/289
f 777/777 775/775 776/776
f 777/777 776/776 778/778
f 776/776 859/859 860/860
f 778/778 776/776 860/860
f 860/860 859/859 1024/1024
f 867/867 807/807 805/805
f 239/239 175/175 174/174
f 174/174 175/175 132/132
f 174/174 132/132 134/134
f 132/132 103/103 104/104
f 134/134 132/132 104/104
f 104/104 103/103 102/102
f 261/261 289/289 285/285
f 260/260 261/261 285/285
f 285/285 289/289 336/336
f 285/285 336/336 335/335
f 778/778 860/860 877/877
f 877/877 860/860 1024/1024
f 868/868 867/867 805/805
f 174/174 134/134 135/135
f 135/135 134/134 104/104
f 260/260 285/285 279/279
f 221/221 260/260 279/279
f 279/279 285/285 335/335
f 777/777 778/778 779/779
f 780/780 777/777 779/779
f 779/779 778/778 877/877
f 877/877 1024/1024 1035/1035
f 868/868 805/805 803/803
f 239/239 174/174 176/176
f 236/236 239/239 176/176
f 176/176 174/174 135/135
f 176/176 135/135 177/177
f 221/221 135/135 104/104
f 177/177 135/135 221/221
f 177/177 221/221 215/215
f 215/215 221/221 279/279
f 279/279 335/335 334/334
f 779/779 877/877 880/880
f 880/880 877/877 1035/1035
f 869/869 868/868 803/803
f 176/176 177/177 178/178
f 178/178 177/177 215/215
f 780/780 779/779 781/781
f 781/781 779/779 880/880
f 236/236 176/176 179/179
f 179/179 176/176 178/178
f 215/215 279/279 280/280
f 280/280 279/279 334/334
f 782/782 780/780 781/781
f 781/781 880/880 882/882
f 882/882 880/880 1035/1035
f 869/869 803/803 800/800
f 178/178 215/215 216/216
f 216/216 215/215 280/280
f 216/216 280/280 281/281
f 281/281 280/280 334/334
f 782/782 781/781 783/783
f 784/784 782/782 783/783
f 783/783 781/781 882/882
f 882/882 1035/1035 1036/1036
f 870/870 869/869 800/800
f 231/231 236/236 179/179
f 231/231 179/179 180/180
f 180/180 179/179 178/178
f 800/800 784/784 785/785
f 785/785 784/784 783/783
f 783/783 882/882 885/885
f 885/885 882/882 1036/1036
f 180/180 178/178 186/186
f 186/186 178/178 216/216
f 186/186 216/216 217/217
f 217/217 216/216 281/281
f 281/281 334/334 333/333
f 800/800 785/785 787/787
f 799/799 800/800 787/787
f 785/785 783/783 786/786
f 787/787 785/785 786/786
f 786/786 783/783 885/885
f 231/231 180/180 184/184
f 184/184 180/180 186/186
f 217/217 281/281 286/286
f 286/286 281/281 333/333
f 798/798 799/799 787/787
f 787/787 786/786 788/788
f 788/788 786/786 885/885
f 788/788 885/885 896/896
f 896/896 885/885 1036/1036
f 896/896 1036/1036 1037/1037
f 230/230 231/231 184/184
f 184/184 186/186 185/185
f 186/186 217/217 218/218
f 185/185 186/186 218/218
f 217/217 286/286 287/287
f 218/218 217/217 287/287
f 287/287 286/286 333/333
f 798/798 787/787 790/790
f 787/787 788/788 789/789
f 790/790 787/787 789/789
f 789/789 788/788 896/896
f 789/789 896/896 895/895
f 895/895 896/896 1037/1037
f 1318/1318 1320/1320 1319/1319
f 1316/1316 1318/1318 1319/1319
f 287/287 333/333 337/337
f 895/895 1037/1037 1038/1038
f 229/229 230/230 184/184
f 229/229 184/184 181/181
f 1316/1316 1319/1319 1317/1317
f 184/184 185/185 182/182
f 181/181 184/184 182/182
f 182/182 185/185 218/218
f 182/182 218/218 219/219
f 219/219 218/218 287/287
f 219/219 287/287 290/290
f 290/290 287/287 337/337
f 798/798 790/790 792/792
f 790/790 789/789 791/791
f 792/792 790/790 791/791
f 791/791 789/789 895/895
f 791/791 895/895 894/894
f 894/894 895/895 1038/1038
f 894/894 1038/1038 1052/1052
f 229/229 181/181 187/187
f 233/233 229/229 187/187
f 1303/1303 1316/1316 1317/1317
f 1084/1084 1017/1017 1016/1016
f 181/181 182/182 183/183
f 187/187 181/181 183/183
f 182/182 219/219 220/220
f 183/183 182/182 220/220
f 220/220 219/219 290/290
f 220/220 290/290 291/291
f 291/291 290/290 337/337
f 291/291 337/337 339/339
f 796/796 798/798 792/792
f 792/792 791/791 793/793
f 791/791 894/894 883/883
f 793/793 791/791 883/883
f 894/894 1052/1052 1039/1039
f 883/883 894/894 1039/1039
f 1015/1015 1016/1016 865/865
f 1015/1015 865/865 861/861
f 232/232 233/233 187/187
f 187/187 183/183 188/188
f 183/183 211/211 210/210
f 188/188 183/183 210/210
f 220/220 291/291 292/292
f 263/263 220/220 292/292
f 291/291 339/339 340/340
f 292/292 291/291 340/340
f 796/796 792/792 794/794
f 797/797 796/796 794/794
f 794/794 792/792 793/793
f 794/794 793/793 795/795
f 793/793 883/883 881/881
f 795/795 793/793 881/881
f 881/881 883/883 1039/1039
f 881/881 1039/1039 1040/1040
f 1015/1015 861/861 862/862
f 1299/1299 1310/1310 1309/1309
f 232/232 187/187 189/189
f 234/234 232/232 189/189
f 189/189 187/187 188/188
f 188/188 210/210 212/212
f 212/212 210/210 228/228
f 263/263 292/292 323/323
f 323/323 292/292 340/340
f 323/323 340/340 347/347
f 797/797 794/794 842/842
f 843/843 797/797 842/842
f 794/794 795/795 832/832
f 842/842 794/794 832/832
f 832/832 795/795 881/881
f 832/832 881/881 1000/1000
f 1000/1000 881/881 1040/1040
f 1000/1000 1040/1040 1058/1058
f 1299/1299 1309/1309 1296/1296
f 1291/1291 1299/1299 1296/1296
f 646/646 645/645 641/641
f 644/644 646/646 641/641
f 189/189 188/188 250/250
f 641/641 645/645 640/640
f 250/250 188/188 212/212
f 640/640 635/635 636/636
f 635/635 630/630 629/629
f 636/636 635/635 629/629
f 629/629 630/630 624/624
f 629/629 624/624 621/621
f 619/619 632/632 631/631
f 619/619 631/631 625/625
f 987/987 1032/1032 988/988
f 933/933 996/996 935/935
f 934/934 933/933 935/935
f 996/996 1025/1025 994/994
f 935/935 996/996 994/994
f 1025/1025 1057/1057 1012/1012
f 994/994 1025/1025 1012/1012
f 716/716 715/715 712/712
f 988/988 1032/1032 1078/1078
f 712/712 715/715 654/654
f 712/712 654/654 658/658
f 1295/1295 1308/1308 1307/1307
f 1294/1294 1295/1295 1307/1307
f 843/843 842/842 932/932
f 937/937 843/843 932/932
f 654/654 642/642 649/649
f 658/658 654/654 649/649
f 1279/1279 1291/1291 1287/1287
f 1278/1278 1279/1279 1287/1287
f 649/649 642/642 638/638
f 649/649 638/638 651/651
f 638/638 637/637 652/652
f 651/651 638/638 652/652
f 637/637 628/628 650/650
f 652/652 637/637 650/650
f 628/628 623/623 648/648
f 650/650 628/628 648/648
f 648/648 623/623 622/622
f 648/648 622/622 647/647
f 626/626 620/620 627/627
f 71/71 67/67 66/66
f 942/942 955/955 943/943
f 941/941 942/942 943/943
f 955/955 976/976 959/959
f 943/943 955/955 959/959
f 976/976 987/987 969/969
f 959/959 976/976 969/969
f 969/969 987/987 988/988
f 969/969 988/988 986/986
f 986/986 988/988 1027/1027
f 711/711 687/687 698/698
f 965/965 936/936 939/939
f 961/961 965/965 939/939
f 936/936 934/934 938/938
f 939/939 936/936 938/938
f 687/687 658/658 686/686
f 698/698 687/687 686/686
f 1289/1289 1294/1294 1304/1304
f 1292/1292 1289/1289 1304/1304
f 686/686 658/658 649/649
f 686/686 649/649 660/660
f 660/660 649/649 651/651
f 660/660 651/651 664/664
f 1264/1264 1265/1265 1266/1266
f 651/651 652/652 663/663
f 664/664 651/651 663/663
f 652/652 650/650 661/661
f 663/663 652/652 661/661
f 650/650 648/648 656/656
f 661/661 650/650 656/656
f 656/656 648/648 647/647
f 656/656 647/647 655/655
f 655/655 647/647 653/653
f 655/655 653/653 657/657
f 51/51 66/66 32/32
f 945/945 940/940 941/941
f 945/945 941/941 947/947
f 941/941 943/943 944/944
f 947/947 941/941 944/944
f 943/943 959/959 958/958
f 944/944 943/943 958/958
f 958/958 959/959 969/969
f 958/958 969/969 968/968
f 969/969 986/986 983/983
f 968/968 969/969 983/983
f 713/713 711/711 698/698
f 713/713 698/698 699/699
f 974/974 961/961 957/957
f 964/964 974/974 957/957
f 961/961 939/939 946/946
f 957/957 961/961 946/946
f 699/699 698/698 686/686
f 699/699 686/686 684/684
f 991/991 990/990 982/982
f 684/684 686/686 660/660
f 684/684 660/660 672/672
f 660/660 664/664 671/671
f 672/672 660/660 671/671
f 671/671 664/664 663/663
f 671/671 663/663 669/669
f 669/669 663/663 661/661
f 669/669 661/661 667/667
f 667/667 661/661 656/656
f 667/667 656/656 665/665
f 656/656 655/655 659/659
f 665/665 656/656 659/659
f 655/655 657/657 662/662
f 659/659 655/655 662/662
f 40/40 51/51 32/32
f 40/40 32/32 19/19
f 949/949 950/950 945/945
f 949/949 945/945 948/948
f 948/948 945/945 947/947
f 948/948 947/947 952/952
f 947/947 944/944 953/953
f 952/952 947/947 953/953
f 953/953 944/944 958/958
f 953/953 958/958 960/960
f 960/960 958/958 968/968
f 960/960 968/968 973/973
f 973/973 968/968 983/983
f 973/973 983/983 984/984
f 713/713 699/699 700/700
f 984/984 983/983 1056/1056
f 975/975 964/964 963/963
f 966/966 975/975 963/963
f 964/964 957/957 956/956
f 963/963 964/964 956/956
f 700/700 699/699 684/684
f 700/700 684/684 685/685
f 684/684 672/672 673/673
f 685/685 684/684 673/673
f 1280/1280 1285/1285 1293/1293
f 1288/1288 1280/1280 1293/1293
f 673/673 672/672 671/671
f 669/669 667/667 670/670
f 667/667 665/665 668/668
f 670/670 667/667 668/668
f 665/665 659/659 666/666
f 668/668 665/665 666/666
f 659/659 662/662 688/688
f 666/666 659/659 688/688
f 61/61 69/69 22/22
f 61/61 22/22 21/21
f 951/951 949/949 948/948
f 948/948 952/952 954/954
f 954/954 952/952 953/953
f 954/954 953/953 971/971
f 953/953 960/960 972/972
f 971/971 953/953 972/972
f 960/960 973/973 977/977
f 972/972 960/960 977/977
f 977/977 973/973 984/984
f 977/977 984/984 998/998
f 984/984 1056/1056 1029/1029
f 998/998 984/984 1029/1029
f 966/966 963/963 962/962
f 962/962 963/963 956/956
f 704/704 700/700 685/685
f 704/704 685/685 694/694
f 980/980 979/979 967/967
f 685/685 673/673 681/681
f 694/694 685/685 681/681
f 1286/1286 1288/1288 1297/1297
f 673/673 671/671 677/677
f 681/681 673/673 677/677
f 677/677 671/671 669/669
f 677/677 669/669 674/674
f 674/674 669/669 670/670
f 674/674 670/670 675/675
f 670/670 668/668 676/676
f 675/675 670/670 676/676
f 676/676 668/668 666/666
f 676/676 666/666 680/680
f 680/680 666/666 688/688
f 680/680 688/688 690/690
f 8/8 7/7 10/10
f 7/7 8/8 2/2
f 23/23 61/61 21/21
f 20/20 23/23 21/21
f 23/23 20/20 24/24
f 27/27 23/23 24/24
f 978/978 971/971 972/972
f 978/978 972/972 985/985
f 972/972 977/977 992/992
f 985/985 972/972 992/992
f 977/977 998/998 1003/1003
f 992/992 977/977 1003/1003
f 1028/1028 998/998 1029/1029
f 714/714 704/704 694/694
f 1003/1003 998/998 1028/1028
f 714/714 694/694 703/703
f 1003/1003 1028/1028 1053/1053
f 703/703 694/694 681/681
f 703/703 681/681 689/689
f 681/681 677/677 683/683
f 689/689 681/681 683/683
f 677/677 674/674 679/679
f 683/683 677/677 679/679
f 679/679 674/674 675/675
f 679/679 675/675 678/678
f 678/678 675/675 676/676
f 678/678 676/676 682/682
f 682/682 676/676 680/680
f 682/682 680/680 692/692
f 680/680 690/690 695/695
f 692/692 680/680 695/695
f 12/12 33/33 26/26
f 26/26 33/33 28/28
f 26/26 28/28 25/25
f 28/28 27/27 24/24
f 25/25 28/28 24/24
f 978/978 985/985 995/995
f 989/989 978/978 995/995
f 997/997 995/995 1001/1001
f 995/995 985/985 992/992
f 995/995 992/992 999/999
f 995/995 999/999 1002/1002
f 1001/1001 995/995 1002/1002
f 999/999 992/992 1003/1003
f 999/999 1003/1003 1030/1030
f 1002/1002 999/999 1030/1030
f 1003/1003 1053/1053 1049/1049
f 1030/1030 1003/1003 1049/1049
f 710/710 703/703 689/689
f 710/710 689/689 702/702
f 702/702 689/689 683/683
f 702/702 683/683 701/701
f 683/683 679/679 693/693
f 701/701 683/683 693/693
f 679/679 678/678 691/691
f 693/693 679/679 691/691
f 691/691 678/678 682/682
f 691/691 682/682 696/696
f 682/682 692/692 697/697
f 696/696 682/682 697/697
f 53/53 79/79 45/45
f 41/41 53/53 45/45
f 53/53 41/41 52/52
f 1367/1367 1382/1382 1368/1368
f 1343/1343 1345/1345 1346/1346
f 1346/1346 1345/1345 1378/1378
f 1346/1346 1378/1378 1384/1384
f 1378/1378 1375/1375 1372/1372
f 1392/1392 1393/1393 1394/1394
f 1372/1372 1375/1375 1374/1374
f 1372/1372 1374/1374 1371/1371
f 1344/1344 1343/1343 1346/1346
f 1389/1389 1390/1390 1391/1391
f 1344/1344 1346/1346 1377/1377
f 1377/1377 1384/1384 1372/1372
f 1377/1377 1372/1372 1369/1369
f 1369/1369 1372/1372 1371/1371
f 1369/1369 1371/1371 1370/1370
f 1369/1369 1370/1370 1366/1366
f 708/708 701/701 693/693
f 708/708 693/693 707/707
f 707/707 693/693 691/691
f 707/707 691/691 709/709
f 691/691 696/696 705/705
f 709/709 691/691 705/705
f 1373/1373 1349/1349 1351/1351
f 1373/1373 1351/1351 1361/1361
f 1361/1361 1351/1351 1352/1352
f 1361/1361 1352/1352 1362/1362
f 1352/1352 1376/1376 1367/1367
f 1362/1362 1352/1352 1367/1367
f 1376/1376 1380/1380 1379/1379
f 1367/1367 1376/1376 1379/1379
f 1373/1373 1361/1361 1363/1363
f 1363/1363 1361/1361 1362/1362
f 1363/1363 1362/1362 1364/1364
f 1362/1362 1367/1367 1368/1368
f 1364/1364 1362/1362 1368/1368
f 1347/1347 1344/1344 1385/1385
f 1386/1386 1387/1387 1388/1388
f 1385/1385 1377/1377 1359/1359
f 1377/1377 1369/1369 1357/1357
f 1359/1359 1377/1377 1357/1357
f 1357/1357 1369/1369 1366/1366
f 1357/1357 1366/1366 1358/1358
f 1381/1381 1385/1385 1360/1360
f 1360/1360 1385/1385 1359/1359
f 1360/1360 1359/1359 1354/1354
f 1354/1354 1359/1359 1357/1357
f 1354/1354 1357/1357 1355/1355
f 1355/1355 1357/1357 1358/1358
f 1355/1355 1358/1358 1365/1365
f 1381/1381 1360/1360 1350/1350
f 1350/1350 1360/1360 1354/1354
f 1350/1350 1354/1354 1353/1353
f 1353/1353 1354/1354 1355/1355
f 1353/1353 1355/1355 1356/1356
f 1355/1355 1365/1365 1383/1383
f 1356/1356 1355/1355 1383/1383

