# SSTK version 0.8.0
# 16
mtllib original-16.mtl
o #ID83
v 0.479300 0.704624 0.434387
v 0.483826 0.709583 0.426301
v 0.479300 0.709861 0.426406
v 0.483826 0.704396 0.434207
v 0.483826 0.704396 0.434207
v 0.479300 0.704624 0.434387
v 0.483826 0.709583 0.426301
v 0.479300 0.709861 0.426406
v 0.479300 0.711659 0.417778
v 0.483826 0.711360 0.417778
v 0.483826 0.711360 0.417778
v 0.479300 0.711659 0.417778
v -0.235276 0.704624 0.434387
v 0.479300 0.709861 0.426406
v -0.238949 0.709861 0.426406
v 0.479300 0.704624 0.434387
v 0.479300 0.704624 0.434387
v -0.235276 0.704624 0.434387
v 0.479300 0.709861 0.426406
v -0.238949 0.709861 0.426406
v 0.479300 0.696185 0.441744
v 0.483826 0.696006 0.441521
v 0.479300 0.696185 0.441744
v 0.483826 0.696006 0.441521
v 0.488275 0.708755 0.425990
v 0.488275 0.703716 0.433670
v 0.488275 0.703716 0.433670
v 0.488275 0.708755 0.425990
v 0.479300 0.711659 0.417778
v -0.240211 0.711659 0.417778
v 0.479300 0.711659 0.417778
v -0.240211 0.711659 0.417778
v 0.488275 0.710467 0.417778
v 0.488275 0.710467 0.417778
v -0.514973 0.690053 0.417778
v 0.512794 0.685718 0.417778
v -0.516431 0.685718 0.417778
v 0.512621 0.686231 0.417778
v 0.512392 0.686913 0.417778
v 0.511336 0.690053 0.417778
v -0.512967 0.694159 0.417778
v 0.509330 0.694159 0.417778
v -0.510446 0.697965 0.417778
v 0.506810 0.697965 0.417778
v -0.507456 0.701408 0.417778
v 0.503819 0.701408 0.417778
v -0.504046 0.704426 0.417778
v 0.500409 0.704426 0.417778
v -0.500275 0.706970 0.417778
v 0.496638 0.706970 0.417778
v -0.496206 0.708995 0.417778
v 0.492570 0.708995 0.417778
v -0.491911 0.710467 0.417778
v 0.488275 0.710467 0.417778
v -0.487463 0.711360 0.417778
v 0.483826 0.711360 0.417778
v -0.482937 0.711659 0.417778
v -0.240211 0.711659 0.417778
v 0.479300 0.711659 0.417778
v -0.240211 0.711659 0.417778
v 0.483826 0.711360 0.417778
v 0.479300 0.711659 0.417778
v -0.482937 0.711659 0.417778
v -0.487463 0.711360 0.417778
v 0.488275 0.710467 0.417778
v -0.491911 0.710467 0.417778
v 0.492570 0.708995 0.417778
v -0.496206 0.708995 0.417778
v 0.496638 0.706970 0.417778
v -0.500275 0.706970 0.417778
v 0.500409 0.704426 0.417778
v -0.504046 0.704426 0.417778
v 0.503819 0.701408 0.417778
v -0.507456 0.701408 0.417778
v 0.506810 0.697965 0.417778
v -0.510446 0.697965 0.417778
v 0.509330 0.694159 0.417778
v -0.512967 0.694159 0.417778
v 0.511336 0.690053 0.417778
v -0.514973 0.690053 0.417778
v 0.512392 0.686913 0.417778
v 0.512621 0.686231 0.417778
v 0.512794 0.685718 0.417778
v -0.516431 0.685718 0.417778
v -0.235276 0.704624 0.434387
v -0.482937 0.709861 0.426406
v -0.482937 0.704624 0.434387
v -0.238949 0.709861 0.426406
v -0.238949 0.709861 0.426406
v -0.235276 0.704624 0.434387
v -0.482937 0.709861 0.426406
v -0.482937 0.704624 0.434387
v 0.479300 0.696185 0.441744
v -0.229356 0.696185 0.441744
v 0.479300 0.696185 0.441744
v -0.229356 0.696185 0.441744
v 0.479300 0.684779 0.448498
v 0.483826 0.684639 0.448252
v 0.479300 0.684779 0.448498
v 0.483826 0.684639 0.448252
v 0.488275 0.695474 0.440855
v 0.488275 0.695474 0.440855
v 0.492570 0.707390 0.425477
v 0.492570 0.702595 0.432785
v 0.492570 0.702595 0.432785
v 0.492570 0.707390 0.425477
v -0.240211 0.711659 0.417778
v -0.482937 0.711659 0.417778
v -0.240211 0.711659 0.417778
v -0.482937 0.711659 0.417778
v 0.492570 0.708995 0.417778
v 0.492570 0.708995 0.417778
v -0.514973 0.690053 0.417778
v -0.516431 0.685718 0.417778
v -0.514973 0.689825 0.418872
v -0.514973 0.689825 0.418872
v -0.516431 0.685718 0.417778
v -0.514973 0.690053 0.417778
v -0.512967 0.694159 0.417778
v -0.512967 0.693632 0.420304
v -0.512967 0.694159 0.417778
v -0.512967 0.693632 0.420304
v -0.510446 0.697965 0.417778
v -0.510446 0.697163 0.421631
v -0.510446 0.697965 0.417778
v -0.510446 0.697163 0.421631
v -0.507456 0.701408 0.417778
v -0.507456 0.700355 0.422831
v -0.507456 0.701408 0.417778
v -0.507456 0.700355 0.422831
v -0.504046 0.703154 0.423884
v -0.504046 0.704426 0.417778
v -0.504046 0.704426 0.417778
v -0.504046 0.703154 0.423884
v -0.500275 0.705513 0.424771
v -0.500275 0.706970 0.417778
v -0.500275 0.706970 0.417778
v -0.500275 0.705513 0.424771
v -0.496206 0.707390 0.425477
v -0.496206 0.708995 0.417778
v -0.496206 0.708995 0.417778
v -0.496206 0.707390 0.425477
v -0.491911 0.708755 0.425990
v -0.491911 0.710467 0.417778
v -0.491911 0.710467 0.417778
v -0.491911 0.708755 0.425990
v -0.487463 0.709583 0.426301
v -0.487463 0.711360 0.417778
v -0.487463 0.711360 0.417778
v -0.487463 0.709583 0.426301
v -0.482937 0.711659 0.417778
v -0.482937 0.709861 0.426406
v -0.482937 0.709861 0.426406
v -0.482937 0.711659 0.417778
v 0.496638 0.705513 0.424771
v 0.496638 0.706970 0.417778
v 0.496638 0.706970 0.417778
v 0.496638 0.705513 0.424771
v 0.500409 0.703154 0.423884
v 0.500409 0.704426 0.417778
v 0.500409 0.704426 0.417778
v 0.500409 0.703154 0.423884
v 0.503819 0.700355 0.422831
v 0.503819 0.701408 0.417778
v 0.503819 0.701408 0.417778
v 0.503819 0.700355 0.422831
v 0.506810 0.697163 0.421631
v 0.506810 0.697965 0.417778
v 0.506810 0.697965 0.417778
v 0.506810 0.697163 0.421631
v 0.509330 0.693632 0.420304
v 0.509330 0.694159 0.417778
v 0.509330 0.694159 0.417778
v 0.509330 0.693632 0.420304
v 0.511336 0.689825 0.418872
v 0.511336 0.690053 0.417778
v 0.511336 0.690053 0.417778
v 0.511336 0.689825 0.418872
v 0.512794 0.685718 0.417778
v 0.512621 0.686231 0.417778
v 0.512392 0.686913 0.417778
v 0.512392 0.686913 0.417778
v 0.512621 0.686231 0.417778
v 0.512794 0.685718 0.417778
v 0.512811 0.685537 0.417775
v -0.516448 0.685537 0.417775
v 0.512811 0.685537 0.417775
v -0.516448 0.685537 0.417775
v -0.482937 0.696185 0.441744
v -0.229356 0.696185 0.441744
v -0.482937 0.696185 0.441744
v -0.229356 0.696185 0.441744
v -0.482937 0.704624 0.434387
v -0.487463 0.704396 0.434207
v -0.482937 0.704624 0.434387
v -0.487463 0.704396 0.434207
v 0.479300 0.684779 0.448498
v 0.354726 0.685009 0.448362
v 0.355189 0.684779 0.448498
v 0.354082 0.685230 0.448231
v 0.353415 0.685364 0.448152
v 0.352736 0.685409 0.448125
v 0.222447 0.685009 0.448362
v -0.221355 0.684779 0.448498
v 0.221984 0.684779 0.448498
v 0.223091 0.685230 0.448231
v 0.223758 0.685364 0.448152
v 0.224437 0.685409 0.448125
v 0.352736 0.685409 0.448125
v 0.224437 0.685409 0.448125
v 0.223758 0.685364 0.448152
v 0.223091 0.685230 0.448231
v 0.222447 0.685009 0.448362
v -0.221355 0.684779 0.448498
v 0.221984 0.684779 0.448498
v 0.353415 0.685364 0.448152
v 0.354082 0.685230 0.448231
v 0.354726 0.685009 0.448362
v 0.479300 0.684779 0.448498
v 0.355189 0.684779 0.448498
v 0.479300 0.670643 0.454672
v 0.483826 0.670532 0.454413
v 0.479300 0.670643 0.454672
v 0.483826 0.670532 0.454413
v 0.488275 0.684223 0.447517
v 0.488275 0.684223 0.447517
v 0.492570 0.694597 0.439757
v 0.492570 0.694597 0.439757
v 0.496638 0.701053 0.431567
v 0.496638 0.701053 0.431567
v -0.516448 0.685537 0.417775
v -0.514973 0.689825 0.418872
v -0.516431 0.685718 0.417778
v -0.516431 0.685718 0.417778
v -0.514973 0.689825 0.418872
v -0.516448 0.685537 0.417775
v -0.516448 0.685537 0.417775
v -0.514973 0.689825 0.418872
v -0.516431 0.685718 0.417778
v -0.516431 0.685718 0.417778
v -0.514973 0.689825 0.418872
v -0.516448 0.685537 0.417775
v -0.514973 0.688170 0.421394
v -0.512967 0.691297 0.423863
v -0.514973 0.688170 0.421394
v -0.512967 0.691297 0.423863
v -0.510446 0.694196 0.426152
v -0.510446 0.694196 0.426152
v -0.507456 0.696817 0.428222
v -0.507456 0.696817 0.428222
v -0.504046 0.699116 0.430038
v -0.504046 0.699116 0.430038
v -0.500275 0.701053 0.431567
v -0.500275 0.701053 0.431567
v -0.496206 0.702595 0.432785
v -0.496206 0.702595 0.432785
v -0.491911 0.703716 0.433670
v -0.491911 0.703716 0.433670
v 0.500409 0.699116 0.430038
v 0.500409 0.699116 0.430038
v 0.503819 0.696817 0.428222
v 0.503819 0.696817 0.428222
v 0.506810 0.694196 0.426152
v 0.506810 0.694196 0.426152
v 0.509330 0.691297 0.423863
v 0.509330 0.691297 0.423863
v 0.511336 0.688170 0.421394
v 0.511336 0.688170 0.421394
v 0.512811 0.685537 0.417775
v 0.512794 0.685718 0.417778
v 0.511336 0.689825 0.418872
v 0.511336 0.689825 0.418872
v 0.512794 0.685718 0.417778
v 0.512811 0.685537 0.417775
v 0.512811 0.685537 0.417775
v 0.512794 0.685718 0.417778
v 0.511336 0.689825 0.418872
v 0.511336 0.689825 0.418872
v 0.512794 0.685718 0.417778
v 0.512811 0.685537 0.417775
v -0.517612 -0.684948 0.417778
v -0.109430 -0.244928 0.417777
v -0.001818 -0.259228 0.417777
v -0.209708 -0.203002 0.417777
v -0.295819 -0.136307 0.417777
v -0.361894 -0.049389 0.417777
v -0.403430 0.051829 0.417777
v -0.517612 0.536658 0.417778
v -0.357770 -0.054814 0.417777
v -0.417598 0.160450 0.417777
v -0.403430 0.269070 0.417777
v -0.361894 0.370288 0.417777
v -0.295819 0.457207 0.417777
v -0.209708 0.523901 0.417777
v -0.109430 0.565827 0.417777
v -0.517612 0.671722 0.417778
v -0.001818 0.580127 0.417777
v -0.482937 -0.740853 0.417778
v 0.483826 -0.740532 0.417778
v 0.479300 -0.740853 0.417778
v -0.487463 -0.740532 0.417778
v 0.488275 -0.739574 0.417778
v -0.491911 -0.739574 0.417778
v 0.492570 -0.737996 0.417778
v -0.496206 -0.737996 0.417778
v 0.496638 -0.735824 0.417778
v -0.500275 -0.735824 0.417778
v 0.500409 -0.733096 0.417778
v -0.504046 -0.733096 0.417778
v 0.503819 -0.729858 0.417778
v -0.507456 -0.729858 0.417778
v 0.506810 -0.726166 0.417778
v -0.510446 -0.726166 0.417778
v 0.509330 -0.722083 0.417778
v -0.512967 -0.722083 0.417778
v 0.509737 -0.721190 0.417778
v -0.513374 -0.721190 0.417778
v 0.510144 -0.720296 0.417778
v -0.513781 -0.720296 0.417778
v 0.511336 -0.716109 0.417778
v -0.514973 -0.716109 0.417778
v 0.512794 -0.708671 0.417778
v -0.516431 -0.708671 0.417778
v 0.512888 -0.707852 0.417778
v -0.516524 -0.707852 0.417778
v 0.512982 -0.707033 0.417778
v -0.516619 -0.707033 0.417778
v 0.513679 -0.697398 0.417778
v -0.517315 -0.697398 0.417778
v 0.513975 -0.684948 0.417778
v 0.206071 -0.203002 0.417777
v 0.292182 -0.136307 0.417777
v 0.358257 -0.049389 0.417777
v 0.399794 0.051829 0.417777
v 0.513975 0.536658 0.417778
v 0.105793 -0.244928 0.417777
v 0.413961 0.160450 0.417777
v 0.399794 0.269070 0.417777
v 0.358257 0.370288 0.417777
v 0.292182 0.457207 0.417777
v 0.206071 0.523901 0.417777
v 0.105793 0.565827 0.417777
v 0.513975 0.671722 0.417778
v -0.517612 0.676659 0.417778
v 0.513975 0.676659 0.417778
v -0.517315 0.681227 0.417778
v 0.513679 0.681227 0.417778
v 0.513679 0.681227 0.417778
v -0.517315 0.681227 0.417778
v 0.513975 0.676659 0.417778
v -0.517612 0.676659 0.417778
v 0.513975 0.671722 0.417778
v -0.517612 0.671722 0.417778
v -0.001818 0.580127 0.417777
v 0.105793 0.565827 0.417777
v 0.513975 0.536658 0.417778
v 0.206071 0.523901 0.417777
v 0.292182 0.457207 0.417777
v 0.358257 0.370288 0.417777
v 0.399794 0.269070 0.417777
v 0.413961 0.160450 0.417777
v 0.399794 0.051829 0.417777
v -0.001818 -0.259228 0.417777
v -0.517612 -0.684948 0.417778
v 0.105793 -0.244928 0.417777
v 0.206071 -0.203002 0.417777
v 0.513975 -0.684948 0.417778
v 0.358257 -0.049389 0.417777
v 0.292182 -0.136307 0.417777
v -0.517315 -0.697398 0.417778
v 0.513679 -0.697398 0.417778
v -0.516619 -0.707033 0.417778
v 0.512982 -0.707033 0.417778
v -0.516524 -0.707852 0.417778
v 0.512888 -0.707852 0.417778
v -0.516431 -0.708671 0.417778
v 0.512794 -0.708671 0.417778
v -0.514973 -0.716109 0.417778
v 0.511336 -0.716109 0.417778
v -0.513781 -0.720296 0.417778
v 0.510144 -0.720296 0.417778
v -0.513374 -0.721190 0.417778
v 0.509737 -0.721190 0.417778
v -0.512967 -0.722083 0.417778
v 0.509330 -0.722083 0.417778
v -0.510446 -0.726166 0.417778
v 0.506810 -0.726166 0.417778
v -0.507456 -0.729858 0.417778
v 0.503819 -0.729858 0.417778
v -0.504046 -0.733096 0.417778
v 0.500409 -0.733096 0.417778
v -0.500275 -0.735824 0.417778
v 0.496638 -0.735824 0.417778
v -0.496206 -0.737996 0.417778
v 0.492570 -0.737996 0.417778
v -0.491911 -0.739574 0.417778
v 0.488275 -0.739574 0.417778
v -0.487463 -0.740532 0.417778
v 0.483826 -0.740532 0.417778
v -0.482937 -0.740853 0.417778
v 0.479300 -0.740853 0.417778
v -0.109430 0.565827 0.417777
v -0.517612 0.536658 0.417778
v -0.209708 0.523901 0.417777
v -0.295819 0.457207 0.417777
v -0.361894 0.370288 0.417777
v -0.403430 0.269070 0.417777
v -0.417598 0.160450 0.417777
v -0.403430 0.051829 0.417777
v -0.357770 -0.054814 0.417777
v -0.361894 -0.049389 0.417777
v -0.295819 -0.136307 0.417777
v -0.209708 -0.203002 0.417777
v -0.109430 -0.244928 0.417777
v -0.482937 0.684779 0.448498
v -0.221355 0.684779 0.448498
v -0.482937 0.684779 0.448498
v -0.221355 0.684779 0.448498
v -0.482937 0.696185 0.441744
v -0.487463 0.696006 0.441521
v -0.482937 0.696185 0.441744
v -0.487463 0.696006 0.441521
v 0.219236 0.680159 0.450516
v 0.207544 0.670643 0.454672
v 0.219236 0.670643 0.454672
v 0.207473 0.670860 0.454577
v 0.205003 0.674144 0.453143
v 0.201551 0.676565 0.452086
v 0.197455 0.677885 0.451509
v 0.193117 0.677976 0.451470
v 0.017686 0.678170 0.451384
v 0.008278 0.681778 0.449809
v 0.219281 0.680844 0.450217
v 0.219413 0.681517 0.449923
v 0.219632 0.682168 0.449639
v -0.001818 0.683008 0.449271
v 0.219933 0.682784 0.449370
v 0.220311 0.683355 0.449120
v -0.029402 0.672431 0.453891
v -0.211439 0.670643 0.454672
v -0.030885 0.670643 0.454672
v -0.021323 0.678170 0.451384
v -0.011915 0.681778 0.449809
v 0.220759 0.683871 0.448895
v 0.221271 0.684324 0.448697
v 0.221837 0.684705 0.448530
v 0.182484 0.670643 0.454672
v 0.025765 0.672431 0.453891
v 0.027248 0.670643 0.454672
v 0.182763 0.671377 0.454352
v 0.185393 0.674554 0.452964
v 0.188960 0.676828 0.451971
v 0.193117 0.677976 0.451470
v 0.188960 0.676828 0.451971
v 0.017686 0.678170 0.451384
v 0.185393 0.674554 0.452964
v 0.025765 0.672431 0.453891
v 0.182763 0.671377 0.454352
v 0.182484 0.670643 0.454672
v 0.027248 0.670643 0.454672
v 0.221837 0.684705 0.448530
v 0.221271 0.684324 0.448697
v 0.220759 0.683871 0.448895
v 0.220311 0.683355 0.449120
v -0.001818 0.683008 0.449271
v -0.011915 0.681778 0.449809
v -0.021323 0.678170 0.451384
v -0.029402 0.672431 0.453891
v -0.211439 0.670643 0.454672
v -0.030885 0.670643 0.454672
v 0.219933 0.682784 0.449370
v 0.219632 0.682168 0.449639
v 0.008278 0.681778 0.449809
v 0.219413 0.681517 0.449923
v 0.219281 0.680844 0.450217
v 0.219236 0.680159 0.450516
v 0.197455 0.677885 0.451509
v 0.201551 0.676565 0.452086
v 0.205003 0.674144 0.453143
v 0.207473 0.670860 0.454577
v 0.207544 0.670643 0.454672
v 0.219236 0.670643 0.454672
v 0.398258 0.670643 0.454672
v 0.479300 0.670643 0.454672
v 0.398187 0.670860 0.454577
v 0.395717 0.674144 0.453143
v 0.392264 0.676565 0.452086
v 0.388169 0.677885 0.451509
v 0.383831 0.677976 0.451470
v 0.357937 0.680159 0.450516
v 0.357892 0.680844 0.450217
v 0.357760 0.681517 0.449923
v 0.357541 0.682168 0.449639
v 0.357240 0.682784 0.449370
v 0.356862 0.683355 0.449120
v 0.356414 0.683871 0.448895
v 0.355902 0.684324 0.448697
v 0.355336 0.684705 0.448530
v 0.373477 0.671377 0.454352
v 0.357937 0.670643 0.454672
v 0.373198 0.670643 0.454672
v 0.376106 0.674554 0.452964
v 0.379674 0.676828 0.451971
v 0.383831 0.677976 0.451470
v 0.379674 0.676828 0.451971
v 0.357937 0.680159 0.450516
v 0.376106 0.674554 0.452964
v 0.373477 0.671377 0.454352
v 0.357937 0.670643 0.454672
v 0.373198 0.670643 0.454672
v 0.355336 0.684705 0.448530
v 0.355902 0.684324 0.448697
v 0.356414 0.683871 0.448895
v 0.356862 0.683355 0.449120
v 0.357240 0.682784 0.449370
v 0.357541 0.682168 0.449639
v 0.357760 0.681517 0.449923
v 0.357892 0.680844 0.450217
v 0.388169 0.677885 0.451509
v 0.392264 0.676565 0.452086
v 0.395717 0.674144 0.453143
v 0.398187 0.670860 0.454577
v 0.398258 0.670643 0.454672
v 0.479300 0.670643 0.454672
v 0.479300 0.654013 0.460287
v 0.483826 0.653924 0.460021
v 0.479300 0.654013 0.460287
v 0.483826 0.653924 0.460021
v 0.488275 0.670202 0.453641
v 0.488275 0.670202 0.453641
v 0.492570 0.683537 0.446306
v 0.492570 0.683537 0.446306
v 0.496638 0.693390 0.438247
v 0.496638 0.693390 0.438247
v -0.516431 0.684869 0.418787
v -0.516448 0.685537 0.417775
v -0.516448 0.685537 0.417775
v -0.516431 0.684869 0.418787
v -0.514973 0.683309 0.425631
v -0.512967 0.685756 0.428693
v -0.514973 0.683309 0.425631
v -0.512967 0.685756 0.428693
v -0.510446 0.688025 0.431532
v -0.510446 0.688025 0.431532
v -0.507456 0.690076 0.434099
v -0.507456 0.690076 0.434099
v -0.504046 0.691874 0.436350
v -0.504046 0.691874 0.436350
v -0.500275 0.693390 0.438247
v -0.500275 0.693390 0.438247
v -0.496206 0.694597 0.439757
v -0.496206 0.694597 0.439757
v -0.491911 0.695474 0.440855
v -0.491911 0.695474 0.440855
v 0.500409 0.691874 0.436350
v 0.500409 0.691874 0.436350
v 0.503819 0.690076 0.434099
v 0.503819 0.690076 0.434099
v 0.506810 0.688025 0.431532
v 0.506810 0.688025 0.431532
v 0.509330 0.685756 0.428693
v 0.509330 0.685756 0.428693
v 0.511336 0.683309 0.425631
v 0.511336 0.683309 0.425631
v 0.512794 0.684869 0.418787
v 0.512794 0.684869 0.418787
v 0.512811 0.685537 0.417775
v 0.512811 0.685537 0.417775
v -0.517612 -0.683768 0.418210
v -0.517315 -0.697398 0.417778
v -0.517315 -0.685129 0.422278
v -0.517612 -0.684948 0.417778
v -0.517612 -0.684948 0.417778
v -0.517612 -0.683768 0.418210
v -0.517315 -0.697398 0.417778
v -0.517315 -0.685129 0.422278
v -0.517612 0.194646 0.460152
v -0.517612 0.076817 0.460202
v -0.517612 0.137878 0.460227
v -0.517612 0.012377 0.460002
v -0.517612 0.246210 0.460052
v -0.517612 0.291557 0.460002
v -0.517612 -0.054523 0.459554
v -0.517612 0.318072 0.459886
v -0.517612 0.345292 0.459524
v -0.517612 -0.122961 0.458783
v -0.517612 0.373069 0.458894
v -0.517612 0.401160 0.457976
v -0.517612 -0.192012 0.457614
v -0.517612 0.429319 0.456748
v -0.517612 -0.260750 0.455973
v -0.517612 0.457301 0.455190
v -0.517612 -0.328242 0.453789
v -0.517612 0.484857 0.453282
v -0.517612 -0.393549 0.450987
v -0.517612 0.511735 0.451007
v -0.517612 0.536658 0.448454
v -0.517612 -0.455725 0.447499
v -0.517612 0.536658 0.417778
v -0.517612 -0.513801 0.443258
v -0.517612 -0.566783 0.438207
v -0.517612 -0.613614 0.432309
v -0.517612 -0.653107 0.425581
v -0.517612 -0.683768 0.418210
v -0.517612 -0.684948 0.417778
v -0.517612 -0.684948 0.417778
v -0.517612 0.536658 0.417778
v -0.517612 -0.683768 0.418210
v -0.517612 -0.653107 0.425581
v -0.517612 -0.613614 0.432309
v -0.517612 -0.566783 0.438207
v -0.517612 -0.513801 0.443258
v -0.517612 -0.455725 0.447499
v -0.517612 0.536658 0.448454
v -0.517612 -0.393549 0.450987
v -0.517612 0.511735 0.451007
v -0.517612 0.484857 0.453282
v -0.517612 -0.328242 0.453789
v -0.517612 0.457301 0.455190
v -0.517612 -0.260750 0.455973
v -0.517612 0.429319 0.456748
v -0.517612 -0.192012 0.457614
v -0.517612 0.401160 0.457976
v -0.517612 -0.122961 0.458783
v -0.517612 0.373069 0.458894
v -0.517612 0.345292 0.459524
v -0.517612 -0.054523 0.459554
v -0.517612 0.318072 0.459886
v -0.517612 0.291557 0.460002
v -0.517612 0.012377 0.460002
v -0.517612 0.246210 0.460052
v -0.517612 0.194646 0.460152
v -0.517612 0.076817 0.460202
v -0.517612 0.137878 0.460227
v -0.517612 0.537677 0.448349
v -0.517612 0.536658 0.417778
v -0.517612 0.536658 0.448454
v -0.517612 0.562420 0.445295
v -0.517612 0.585687 0.441837
v -0.517612 0.607188 0.437978
v -0.517612 0.626606 0.433739
v -0.517612 0.643584 0.429173
v -0.517612 0.650408 0.426869
v -0.517612 0.657705 0.424405
v -0.517612 0.668470 0.419703
v -0.517612 0.671722 0.417778
v -0.517612 0.671722 0.417778
v -0.517612 0.668470 0.419703
v -0.517612 0.536658 0.417778
v -0.517612 0.657705 0.424405
v -0.517612 0.650408 0.426869
v -0.517612 0.643584 0.429173
v -0.517612 0.626606 0.433739
v -0.517612 0.607188 0.437978
v -0.517612 0.585687 0.441837
v -0.517612 0.562420 0.445295
v -0.517612 0.537677 0.448349
v -0.517612 0.536658 0.448454
v -0.517612 0.671722 0.417778
v -0.517315 0.678050 0.419049
v -0.517612 0.676659 0.417778
v -0.517612 0.676659 0.417778
v -0.517315 0.678050 0.419049
v -0.517612 0.671722 0.417778
v -0.517612 0.676659 0.417778
v -0.517315 0.678050 0.419049
v -0.517315 0.681227 0.417778
v -0.517315 0.681227 0.417778
v -0.517315 0.678050 0.419049
v -0.517612 0.676659 0.417778
v 0.513679 0.681227 0.417778
v 0.513679 0.681227 0.417778
v 0.513679 0.681227 0.417778
v 0.513679 0.678050 0.419049
v 0.513975 0.676659 0.417778
v 0.513975 0.676659 0.417778
v 0.513679 0.678050 0.419049
v 0.513679 0.681227 0.417778
v 0.513975 0.676659 0.417778
v 0.513679 0.678050 0.419049
v 0.513975 0.671722 0.417778
v 0.513975 0.671722 0.417778
v 0.513679 0.678050 0.419049
v 0.513975 0.676659 0.417778
v 0.513975 0.536658 0.417778
v 0.513975 0.537677 0.448349
v 0.513975 0.536658 0.448454
v 0.513975 0.562420 0.445295
v 0.513975 0.585687 0.441837
v 0.513975 0.607188 0.437978
v 0.513975 0.626606 0.433739
v 0.513975 0.643584 0.429173
v 0.513975 0.650408 0.426869
v 0.513975 0.657705 0.424405
v 0.513975 0.668470 0.419703
v 0.513975 0.671722 0.417778
v 0.513975 0.671722 0.417778
v 0.513975 0.536658 0.417778
v 0.513975 0.668470 0.419703
v 0.513975 0.657705 0.424405
v 0.513975 0.650408 0.426869
v 0.513975 0.643584 0.429173
v 0.513975 0.626606 0.433739
v 0.513975 0.607188 0.437978
v 0.513975 0.585687 0.441837
v 0.513975 0.562420 0.445295
v 0.513975 0.537677 0.448349
v 0.513975 0.536658 0.448454
v 0.513975 0.076817 0.460202
v 0.513975 0.194646 0.460152
v 0.513975 0.137878 0.460227
v 0.513975 0.012377 0.460002
v 0.513975 0.246210 0.460052
v 0.513975 0.291557 0.460002
v 0.513975 -0.054523 0.459554
v 0.513975 0.318072 0.459886
v 0.513975 0.345292 0.459524
v 0.513975 -0.122961 0.458783
v 0.513975 0.373069 0.458894
v 0.513975 0.401160 0.457976
v 0.513975 -0.192012 0.457614
v 0.513975 0.429319 0.456748
v 0.513975 -0.260750 0.455973
v 0.513975 0.457301 0.455190
v 0.513975 -0.328242 0.453789
v 0.513975 0.484857 0.453282
v 0.513975 -0.393549 0.450987
v 0.513975 0.511735 0.451007
v 0.513975 0.536658 0.448454
v 0.513975 -0.455725 0.447499
v 0.513975 0.536658 0.417778
v 0.513975 -0.513801 0.443258
v 0.513975 -0.566783 0.438207
v 0.513975 -0.613614 0.432309
v 0.513975 -0.653107 0.425581
v 0.513975 -0.683768 0.418210
v 0.513975 -0.684948 0.417778
v 0.513975 -0.684948 0.417778
v 0.513975 -0.683768 0.418210
v 0.513975 0.536658 0.417778
v 0.513975 -0.653107 0.425581
v 0.513975 -0.613614 0.432309
v 0.513975 -0.566783 0.438207
v 0.513975 -0.513801 0.443258
v 0.513975 -0.455725 0.447499
v 0.513975 0.536658 0.448454
v 0.513975 -0.393549 0.450987
v 0.513975 0.511735 0.451007
v 0.513975 0.484857 0.453282
v 0.513975 -0.328242 0.453789
v 0.513975 0.457301 0.455190
v 0.513975 -0.260750 0.455973
v 0.513975 0.429319 0.456748
v 0.513975 -0.192012 0.457614
v 0.513975 0.401160 0.457976
v 0.513975 -0.122961 0.458783
v 0.513975 0.373069 0.458894
v 0.513975 0.345292 0.459524
v 0.513975 -0.054523 0.459554
v 0.513975 0.318072 0.459886
v 0.513975 0.291557 0.460002
v 0.513975 0.012377 0.460002
v 0.513975 0.246210 0.460052
v 0.513975 0.194646 0.460152
v 0.513975 0.076817 0.460202
v 0.513975 0.137878 0.460227
v 0.513679 -0.697398 0.417778
v 0.513975 -0.683768 0.418210
v 0.513679 -0.685129 0.422278
v 0.513975 -0.684948 0.417778
v 0.513975 -0.684948 0.417778
v 0.513679 -0.697398 0.417778
v 0.513975 -0.683768 0.418210
v 0.513679 -0.685129 0.422278
v 0.512794 -0.707476 0.418569
v 0.512794 -0.686466 0.426275
v 0.512982 -0.707033 0.417778
v 0.512982 -0.707033 0.417778
v 0.512794 -0.707476 0.418569
v 0.512794 -0.686466 0.426275
v 0.512888 -0.707852 0.417778
v 0.512888 -0.707852 0.417778
v 0.512888 -0.707852 0.417778
v 0.512794 -0.708671 0.417778
v 0.512794 -0.708671 0.417778
v 0.512888 -0.707852 0.417778
v 0.511336 -0.716109 0.417778
v 0.511336 -0.709486 0.422165
v 0.511336 -0.716109 0.417778
v 0.511336 -0.709486 0.422165
v 0.509330 -0.721606 0.418803
v 0.509330 -0.711390 0.425571
v 0.510144 -0.720296 0.417778
v 0.510144 -0.720296 0.417778
v 0.509330 -0.721606 0.418803
v 0.509330 -0.711390 0.425571
v 0.509737 -0.721190 0.417778
v 0.509737 -0.721190 0.417778
v 0.509737 -0.721190 0.417778
v 0.509330 -0.722083 0.417778
v 0.509330 -0.722083 0.417778
v 0.509737 -0.721190 0.417778
v 0.506810 -0.726166 0.417778
v 0.506810 -0.724598 0.421148
v 0.506810 -0.726166 0.417778
v 0.506810 -0.724598 0.421148
v 0.503819 -0.729858 0.417778
v 0.503819 -0.727304 0.423268
v 0.503819 -0.729858 0.417778
v 0.503819 -0.727304 0.423268
v 0.500409 -0.729677 0.425127
v 0.500409 -0.733096 0.417778
v 0.500409 -0.729677 0.425127
v 0.500409 -0.733096 0.417778
v 0.496638 -0.731676 0.426693
v 0.496638 -0.735824 0.417778
v 0.496638 -0.731676 0.426693
v 0.496638 -0.735824 0.417778
v 0.492570 -0.733268 0.427940
v 0.492570 -0.737996 0.417778
v 0.492570 -0.733268 0.427940
v 0.492570 -0.737996 0.417778
v 0.488275 -0.739574 0.417778
v 0.488275 -0.734425 0.428846
v 0.488275 -0.739574 0.417778
v 0.488275 -0.734425 0.428846
v 0.483826 -0.740532 0.417778
v 0.483826 -0.735127 0.429396
v 0.483826 -0.740532 0.417778
v 0.483826 -0.735127 0.429396
v 0.479300 -0.735363 0.429581
v 0.479300 -0.740853 0.417778
v 0.479300 -0.735363 0.429581
v 0.479300 -0.740853 0.417778
v 0.479300 -0.740853 0.417778
v -0.482937 -0.735363 0.429581
v -0.482937 -0.740853 0.417778
v 0.479300 -0.735363 0.429581
v 0.479300 -0.735363 0.429581
v 0.479300 -0.740853 0.417778
v -0.482937 -0.735363 0.429581
v -0.482937 -0.740853 0.417778
v -0.482937 -0.740853 0.417778
v -0.487463 -0.735127 0.429396
v -0.487463 -0.740532 0.417778
v -0.482937 -0.735363 0.429581
v -0.482937 -0.735363 0.429581
v -0.482937 -0.740853 0.417778
v -0.487463 -0.735127 0.429396
v -0.487463 -0.740532 0.417778
v -0.491911 -0.734425 0.428846
v -0.491911 -0.739574 0.417778
v -0.491911 -0.734425 0.428846
v -0.491911 -0.739574 0.417778
v -0.496206 -0.733268 0.427940
v -0.496206 -0.737996 0.417778
v -0.496206 -0.733268 0.427940
v -0.496206 -0.737996 0.417778
v -0.500275 -0.731676 0.426693
v -0.500275 -0.735824 0.417778
v -0.500275 -0.731676 0.426693
v -0.500275 -0.735824 0.417778
v -0.504046 -0.729677 0.425127
v -0.504046 -0.733096 0.417778
v -0.504046 -0.729677 0.425127
v -0.504046 -0.733096 0.417778
v -0.507456 -0.727304 0.423268
v -0.507456 -0.729858 0.417778
v -0.507456 -0.727304 0.423268
v -0.507456 -0.729858 0.417778
v -0.510446 -0.724598 0.421148
v -0.510446 -0.726166 0.417778
v -0.510446 -0.726166 0.417778
v -0.510446 -0.724598 0.421148
v -0.512967 -0.721606 0.418803
v -0.512967 -0.722083 0.417778
v -0.512967 -0.722083 0.417778
v -0.512967 -0.721606 0.418803
v -0.513374 -0.721190 0.417778
v -0.513374 -0.721190 0.417778
v -0.513781 -0.720296 0.417778
v -0.513374 -0.721190 0.417778
v -0.513374 -0.721190 0.417778
v -0.513781 -0.720296 0.417778
v -0.514973 -0.709486 0.422165
v -0.512967 -0.711390 0.425571
v -0.514973 -0.716109 0.417778
v -0.514973 -0.716109 0.417778
v -0.514973 -0.709486 0.422165
v -0.512967 -0.711390 0.425571
v -0.516431 -0.707476 0.418569
v -0.516431 -0.708671 0.417778
v -0.516431 -0.708671 0.417778
v -0.516431 -0.707476 0.418569
v -0.516524 -0.707852 0.417778
v -0.516524 -0.707852 0.417778
v -0.516619 -0.707033 0.417778
v -0.516524 -0.707852 0.417778
v -0.516524 -0.707852 0.417778
v -0.516619 -0.707033 0.417778
v -0.516431 -0.686466 0.426275
v -0.516431 -0.686466 0.426275
v -0.482937 0.670643 0.454672
v -0.211439 0.670643 0.454672
v -0.482937 0.670643 0.454672
v -0.211439 0.670643 0.454672
v -0.482937 0.684779 0.448498
v -0.487463 0.684639 0.448252
v -0.482937 0.684779 0.448498
v -0.487463 0.684639 0.448252
v 0.184948 0.656032 0.459606
v 0.036113 0.654013 0.460287
v 0.187734 0.654013 0.460287
v 0.035862 0.655831 0.459673
v 0.031965 0.664790 0.456648
v 0.182477 0.659426 0.458460
v 0.181231 0.663379 0.457125
v 0.181329 0.667506 0.455731
v 0.181329 0.667506 0.455731
v 0.031965 0.664790 0.456648
v 0.181231 0.663379 0.457125
v 0.182477 0.659426 0.458460
v 0.184948 0.656032 0.459606
v 0.035862 0.655831 0.459673
v 0.036113 0.654013 0.460287
v 0.187734 0.654013 0.460287
v 0.207473 0.670860 0.454577
v 0.182484 0.670643 0.454672
v 0.207544 0.670643 0.454672
v 0.182763 0.671377 0.454352
v 0.205003 0.674144 0.453143
v 0.185393 0.674554 0.452964
v 0.201551 0.676565 0.452086
v 0.188960 0.676828 0.451971
v 0.197455 0.677885 0.451509
v 0.193117 0.677976 0.451470
v 0.193117 0.677976 0.451470
v 0.197455 0.677885 0.451509
v 0.188960 0.676828 0.451971
v 0.201551 0.676565 0.452086
v 0.185393 0.674554 0.452964
v 0.205003 0.674144 0.453143
v 0.182763 0.671377 0.454352
v 0.207473 0.670860 0.454577
v 0.182484 0.670643 0.454672
v 0.207544 0.670643 0.454672
v 0.219236 0.654013 0.460287
v 0.204558 0.655609 0.459749
v 0.202136 0.654013 0.460287
v 0.207188 0.658892 0.458640
v 0.208622 0.662788 0.457324
v 0.208721 0.666915 0.455931
v 0.208721 0.666915 0.455931
v 0.208622 0.662788 0.457324
v 0.207188 0.658892 0.458640
v 0.204558 0.655609 0.459749
v 0.219236 0.654013 0.460287
v 0.202136 0.654013 0.460287
v -0.039499 0.655831 0.459673
v -0.199774 0.654013 0.460287
v -0.039750 0.654013 0.460287
v -0.035602 0.664790 0.456648
v -0.035602 0.664790 0.456648
v -0.039499 0.655831 0.459673
v -0.199774 0.654013 0.460287
v -0.039750 0.654013 0.460287
v 0.025765 0.672431 0.453891
v -0.030885 0.670643 0.454672
v 0.027248 0.670643 0.454672
v -0.029402 0.672431 0.453891
v 0.017686 0.678170 0.451384
v -0.021323 0.678170 0.451384
v -0.011915 0.681778 0.449809
v 0.008278 0.681778 0.449809
v -0.001818 0.683008 0.449271
v -0.001818 0.683008 0.449271
v 0.008278 0.681778 0.449809
v -0.011915 0.681778 0.449809
v 0.017686 0.678170 0.451384
v -0.021323 0.678170 0.451384
v -0.029402 0.672431 0.453891
v 0.025765 0.672431 0.453891
v -0.030885 0.670643 0.454672
v 0.027248 0.670643 0.454672
v 0.375661 0.656032 0.459606
v 0.357937 0.654013 0.460287
v 0.378447 0.654013 0.460287
v 0.373191 0.659426 0.458460
v 0.371944 0.663379 0.457125
v 0.372042 0.667506 0.455731
v 0.372042 0.667506 0.455731
v 0.371944 0.663379 0.457125
v 0.373191 0.659426 0.458460
v 0.375661 0.656032 0.459606
v 0.357937 0.654013 0.460287
v 0.378447 0.654013 0.460287
v 0.398187 0.670860 0.454577
v 0.373198 0.670643 0.454672
v 0.398258 0.670643 0.454672
v 0.373477 0.671377 0.454352
v 0.395717 0.674144 0.453143
v 0.376106 0.674554 0.452964
v 0.392264 0.676565 0.452086
v 0.379674 0.676828 0.451971
v 0.388169 0.677885 0.451509
v 0.383831 0.677976 0.451470
v 0.383831 0.677976 0.451470
v 0.388169 0.677885 0.451509
v 0.379674 0.676828 0.451971
v 0.392264 0.676565 0.452086
v 0.376106 0.674554 0.452964
v 0.395717 0.674144 0.453143
v 0.373477 0.671377 0.454352
v 0.398187 0.670860 0.454577
v 0.373198 0.670643 0.454672
v 0.398258 0.670643 0.454672
v 0.392850 0.654013 0.460287
v 0.479300 0.654013 0.460287
v 0.395272 0.655609 0.459749
v 0.397901 0.658892 0.458640
v 0.399336 0.662788 0.457324
v 0.399434 0.666915 0.455931
v 0.399434 0.666915 0.455931
v 0.399336 0.662788 0.457324
v 0.397901 0.658892 0.458640
v 0.395272 0.655609 0.459749
v 0.392850 0.654013 0.460287
v 0.479300 0.654013 0.460287
v 0.483826 0.643762 0.462754
v 0.479300 0.642764 0.463312
v 0.483826 0.643762 0.462754
v 0.479300 0.642764 0.463312
v 0.488275 0.653658 0.459227
v 0.488275 0.653658 0.459227
v 0.492570 0.669658 0.452368
v 0.492570 0.669658 0.452368
v 0.496638 0.682594 0.444640
v 0.496638 0.682594 0.444640
v -0.516431 0.680726 0.422398
v -0.516431 0.680726 0.422398
v -0.514973 0.674712 0.430723
v -0.512967 0.676625 0.434101
v -0.514973 0.674712 0.430723
v -0.512967 0.676625 0.434101
v -0.510446 0.678398 0.437232
v -0.510446 0.678398 0.437232
v -0.507456 0.680002 0.440064
v -0.507456 0.680002 0.440064
v -0.504046 0.681409 0.442548
v -0.504046 0.681409 0.442548
v -0.500275 0.682594 0.444640
v -0.500275 0.682594 0.444640
v -0.496206 0.683537 0.446306
v -0.496206 0.683537 0.446306
v -0.491911 0.684223 0.447517
v -0.491911 0.684223 0.447517
v 0.500409 0.681409 0.442548
v 0.500409 0.681409 0.442548
v 0.503819 0.680002 0.440064
v 0.503819 0.680002 0.440064
v 0.506810 0.678398 0.437232
v 0.506810 0.678398 0.437232
v 0.509330 0.676625 0.434101
v 0.509330 0.676625 0.434101
v 0.511336 0.674712 0.430723
v 0.511336 0.674712 0.430723
v 0.512794 0.680726 0.422398
v 0.512794 0.680726 0.422398
v -0.517612 -0.653107 0.425581
v -0.517315 -0.654053 0.429748
v -0.517612 -0.653107 0.425581
v -0.517315 -0.654053 0.429748
v -0.517315 0.536620 0.452742
v -0.517612 0.511735 0.451007
v -0.517315 0.512174 0.455247
v -0.517612 0.536658 0.448454
v -0.517612 0.536658 0.448454
v -0.517315 0.536620 0.452742
v -0.517612 0.511735 0.451007
v -0.517315 0.512174 0.455247
v -0.517612 -0.613614 0.432309
v -0.517315 -0.614303 0.436520
v -0.517612 -0.613614 0.432309
v -0.517315 -0.614303 0.436520
v -0.517612 -0.566783 0.438207
v -0.517315 -0.567301 0.442439
v -0.517612 -0.566783 0.438207
v -0.517315 -0.567301 0.442439
v -0.517612 -0.513801 0.443258
v -0.517315 -0.514197 0.447502
v -0.517612 -0.513801 0.443258
v -0.517315 -0.514197 0.447502
v -0.517612 -0.455725 0.447499
v -0.517315 -0.456028 0.451749
v -0.517612 -0.455725 0.447499
v -0.517315 -0.456028 0.451749
v -0.517612 -0.393549 0.450987
v -0.517315 -0.393782 0.455242
v -0.517612 -0.393549 0.450987
v -0.517315 -0.393782 0.455242
v -0.517612 -0.328242 0.453789
v -0.517315 -0.328419 0.458045
v -0.517612 -0.328242 0.453789
v -0.517315 -0.328419 0.458045
v -0.517612 -0.260750 0.455973
v -0.517315 -0.260882 0.460232
v -0.517612 -0.260750 0.455973
v -0.517315 -0.260882 0.460232
v -0.517612 -0.192012 0.457614
v -0.517315 -0.192108 0.461873
v -0.517612 -0.192012 0.457614
v -0.517315 -0.192108 0.461873
v -0.517612 -0.122961 0.458783
v -0.517315 -0.123027 0.463042
v -0.517612 -0.122961 0.458783
v -0.517315 -0.123027 0.463042
v -0.517612 -0.054523 0.459554
v -0.517315 -0.054565 0.463814
v -0.517612 -0.054523 0.459554
v -0.517315 -0.054565 0.463814
v -0.517612 0.012377 0.460002
v -0.517315 0.012354 0.464263
v -0.517612 0.012377 0.460002
v -0.517315 0.012354 0.464263
v -0.517612 0.076817 0.460202
v -0.517315 0.076809 0.464462
v -0.517612 0.076817 0.460202
v -0.517315 0.076809 0.464462
v -0.517612 0.137878 0.460227
v -0.517315 0.137880 0.464487
v -0.517612 0.137878 0.460227
v -0.517315 0.137880 0.464487
v -0.517315 0.194653 0.464412
v -0.517612 0.194646 0.460152
v -0.517612 0.194646 0.460152
v -0.517315 0.194653 0.464412
v -0.517315 0.246217 0.464312
v -0.517612 0.246210 0.460052
v -0.517612 0.246210 0.460052
v -0.517315 0.246217 0.464312
v -0.517315 0.291569 0.464262
v -0.517612 0.291557 0.460002
v -0.517612 0.291557 0.460002
v -0.517315 0.291569 0.464262
v -0.517315 0.318114 0.464146
v -0.517612 0.318072 0.459886
v -0.517612 0.318072 0.459886
v -0.517315 0.318114 0.464146
v -0.517315 0.345377 0.463783
v -0.517612 0.345292 0.459524
v -0.517612 0.345292 0.459524
v -0.517315 0.345377 0.463783
v -0.517315 0.373199 0.463153
v -0.517612 0.373069 0.458894
v -0.517612 0.373069 0.458894
v -0.517315 0.373199 0.463153
v -0.517315 0.401339 0.462233
v -0.517612 0.401160 0.457976
v -0.517612 0.401160 0.457976
v -0.517315 0.401339 0.462233
v -0.517315 0.429553 0.461002
v -0.517612 0.429319 0.456748
v -0.517612 0.429319 0.456748
v -0.517315 0.429553 0.461002
v -0.517315 0.457595 0.459441
v -0.517612 0.457301 0.455190
v -0.517612 0.457301 0.455190
v -0.517315 0.457595 0.459441
v -0.517315 0.485219 0.457528
v -0.517612 0.484857 0.453282
v -0.517612 0.484857 0.453282
v -0.517315 0.485219 0.457528
v -0.517315 0.538206 0.452580
v -0.517612 0.536658 0.448454
v -0.517315 0.536620 0.452742
v -0.517612 0.537677 0.448349
v -0.517612 0.537677 0.448349
v -0.517315 0.538206 0.452580
v -0.517612 0.536658 0.448454
v -0.517315 0.536620 0.452742
v -0.517315 0.563055 0.449512
v -0.517612 0.562420 0.445295
v -0.517612 0.562420 0.445295
v -0.517315 0.563055 0.449512
v -0.517315 0.586450 0.446035
v -0.517612 0.585687 0.441837
v -0.517612 0.585687 0.441837
v -0.517315 0.586450 0.446035
v -0.517315 0.608106 0.442149
v -0.517612 0.607188 0.437978
v -0.517612 0.607188 0.437978
v -0.517315 0.608106 0.442149
v -0.517315 0.627718 0.437867
v -0.517612 0.626606 0.433739
v -0.517612 0.626606 0.433739
v -0.517315 0.627718 0.437867
v -0.517315 0.644945 0.433235
v -0.517612 0.643584 0.429173
v -0.517612 0.643584 0.429173
v -0.517315 0.644945 0.433235
v -0.517315 0.650343 0.431412
v -0.517612 0.650408 0.426869
v -0.517612 0.650408 0.426869
v -0.517315 0.650343 0.431412
v -0.517315 0.659394 0.428356
v -0.517612 0.650408 0.426869
v -0.517315 0.650343 0.431412
v -0.517612 0.657705 0.424405
v -0.517612 0.657705 0.424405
v -0.517315 0.659394 0.428356
v -0.517612 0.650408 0.426869
v -0.517315 0.650343 0.431412
v -0.517315 0.670599 0.423462
v -0.517612 0.668470 0.419703
v -0.517612 0.668470 0.419703
v -0.517315 0.670599 0.423462
v -0.517612 0.671722 0.417778
v -0.517612 0.671722 0.417778
v -0.517612 0.671722 0.417778
v -0.517612 0.671722 0.417778
v 0.513679 0.678050 0.419049
v 0.513679 0.678050 0.419049
v 0.513975 0.671722 0.417778
v 0.513679 0.670599 0.423462
v 0.513679 0.670599 0.423462
v 0.513975 0.671722 0.417778
v 0.513975 0.536658 0.448454
v 0.513679 0.538206 0.452580
v 0.513679 0.536620 0.452742
v 0.513975 0.537677 0.448349
v 0.513975 0.537677 0.448349
v 0.513975 0.536658 0.448454
v 0.513679 0.538206 0.452580
v 0.513679 0.536620 0.452742
v 0.513975 0.671722 0.417778
v 0.513975 0.668470 0.419703
v 0.513975 0.668470 0.419703
v 0.513975 0.671722 0.417778
v 0.513975 0.657705 0.424405
v 0.513679 0.659394 0.428356
v 0.513975 0.657705 0.424405
v 0.513679 0.659394 0.428356
v 0.513975 0.650408 0.426869
v 0.513679 0.650343 0.431412
v 0.513975 0.650408 0.426869
v 0.513679 0.650343 0.431412
v 0.513975 0.643584 0.429173
v 0.513679 0.650343 0.431412
v 0.513679 0.644945 0.433235
v 0.513975 0.650408 0.426869
v 0.513975 0.650408 0.426869
v 0.513975 0.643584 0.429173
v 0.513679 0.650343 0.431412
v 0.513679 0.644945 0.433235
v 0.513975 0.626606 0.433739
v 0.513679 0.627718 0.437867
v 0.513975 0.626606 0.433739
v 0.513679 0.627718 0.437867
v 0.513975 0.607188 0.437978
v 0.513679 0.608106 0.442149
v 0.513975 0.607188 0.437978
v 0.513679 0.608106 0.442149
v 0.513975 0.585687 0.441837
v 0.513679 0.586450 0.446035
v 0.513975 0.585687 0.441837
v 0.513679 0.586450 0.446035
v 0.513975 0.562420 0.445295
v 0.513679 0.563055 0.449512
v 0.513975 0.562420 0.445295
v 0.513679 0.563055 0.449512
v 0.513975 0.511735 0.451007
v 0.513679 0.536620 0.452742
v 0.513679 0.512174 0.455247
v 0.513975 0.536658 0.448454
v 0.513975 0.536658 0.448454
v 0.513975 0.511735 0.451007
v 0.513679 0.536620 0.452742
v 0.513679 0.512174 0.455247
v 0.513975 0.484857 0.453282
v 0.513679 0.485219 0.457528
v 0.513975 0.484857 0.453282
v 0.513679 0.485219 0.457528
v 0.513975 0.457301 0.455190
v 0.513679 0.457595 0.459441
v 0.513975 0.457301 0.455190
v 0.513679 0.457595 0.459441
v 0.513975 0.429319 0.456748
v 0.513679 0.429553 0.461002
v 0.513975 0.429319 0.456748
v 0.513679 0.429553 0.461002
v 0.513975 0.401160 0.457976
v 0.513679 0.401339 0.462233
v 0.513975 0.401160 0.457976
v 0.513679 0.401339 0.462233
v 0.513975 0.373069 0.458894
v 0.513679 0.373199 0.463153
v 0.513975 0.373069 0.458894
v 0.513679 0.373199 0.463153
v 0.513975 0.345292 0.459524
v 0.513679 0.345377 0.463783
v 0.513975 0.345292 0.459524
v 0.513679 0.345377 0.463783
v 0.513975 0.318072 0.459886
v 0.513679 0.318114 0.464146
v 0.513975 0.318072 0.459886
v 0.513679 0.318114 0.464146
v 0.513975 0.291557 0.460002
v 0.513679 0.291569 0.464262
v 0.513975 0.291557 0.460002
v 0.513679 0.291569 0.464262
v 0.513975 0.246210 0.460052
v 0.513679 0.246217 0.464312
v 0.513975 0.246210 0.460052
v 0.513679 0.246217 0.464312
v 0.513975 0.194646 0.460152
v 0.513679 0.194653 0.464412
v 0.513975 0.194646 0.460152
v 0.513679 0.194653 0.464412
v 0.513975 0.137878 0.460227
v 0.513679 0.137880 0.464487
v 0.513975 0.137878 0.460227
v 0.513679 0.137880 0.464487
v 0.513679 0.076809 0.464462
v 0.513975 0.076817 0.460202
v 0.513975 0.076817 0.460202
v 0.513679 0.076809 0.464462
v 0.513679 0.012354 0.464263
v 0.513975 0.012377 0.460002
v 0.513975 0.012377 0.460002
v 0.513679 0.012354 0.464263
v 0.513679 -0.054565 0.463814
v 0.513975 -0.054523 0.459554
v 0.513975 -0.054523 0.459554
v 0.513679 -0.054565 0.463814
v 0.513679 -0.123027 0.463042
v 0.513975 -0.122961 0.458783
v 0.513975 -0.122961 0.458783
v 0.513679 -0.123027 0.463042
v 0.513679 -0.192108 0.461873
v 0.513975 -0.192012 0.457614
v 0.513975 -0.192012 0.457614
v 0.513679 -0.192108 0.461873
v 0.513679 -0.260882 0.460232
v 0.513975 -0.260750 0.455973
v 0.513975 -0.260750 0.455973
v 0.513679 -0.260882 0.460232
v 0.513679 -0.328419 0.458045
v 0.513975 -0.328242 0.453789
v 0.513975 -0.328242 0.453789
v 0.513679 -0.328419 0.458045
v 0.513679 -0.393782 0.455242
v 0.513975 -0.393549 0.450987
v 0.513975 -0.393549 0.450987
v 0.513679 -0.393782 0.455242
v 0.513679 -0.456028 0.451749
v 0.513975 -0.455725 0.447499
v 0.513975 -0.455725 0.447499
v 0.513679 -0.456028 0.451749
v 0.513679 -0.514197 0.447502
v 0.513975 -0.513801 0.443258
v 0.513975 -0.513801 0.443258
v 0.513679 -0.514197 0.447502
v 0.513679 -0.567301 0.442439
v 0.513975 -0.566783 0.438207
v 0.513975 -0.566783 0.438207
v 0.513679 -0.567301 0.442439
v 0.513679 -0.614303 0.436520
v 0.513975 -0.613614 0.432309
v 0.513975 -0.613614 0.432309
v 0.513679 -0.614303 0.436520
v 0.513679 -0.654053 0.429748
v 0.513975 -0.653107 0.425581
v 0.513975 -0.653107 0.425581
v 0.513679 -0.654053 0.429748
v 0.512794 -0.654982 0.433843
v 0.512794 -0.654982 0.433843
v 0.511336 -0.687757 0.430135
v 0.511336 -0.687757 0.430135
v 0.509330 -0.688981 0.433790
v 0.509330 -0.688981 0.433790
v 0.506810 -0.713154 0.428728
v 0.506810 -0.713154 0.428728
v 0.503819 -0.714750 0.431584
v 0.503819 -0.714750 0.431584
v 0.500409 -0.716150 0.434087
v 0.500409 -0.716150 0.434087
v 0.496638 -0.717329 0.436197
v 0.496638 -0.717329 0.436197
v 0.492570 -0.718268 0.437877
v 0.492570 -0.718268 0.437877
v 0.488275 -0.718950 0.439097
v 0.488275 -0.718950 0.439097
v 0.483826 -0.719364 0.439838
v 0.483826 -0.719364 0.439838
v 0.479300 -0.719503 0.440087
v 0.479300 -0.719503 0.440087
v 0.479300 -0.719503 0.440087
v -0.482937 -0.719503 0.440087
v -0.482937 -0.719503 0.440087
v 0.479300 -0.719503 0.440087
v -0.482937 -0.719503 0.440087
v -0.487463 -0.719364 0.439838
v -0.487463 -0.719364 0.439838
v -0.482937 -0.719503 0.440087
v -0.491911 -0.718950 0.439097
v -0.491911 -0.718950 0.439097
v -0.496206 -0.718268 0.437877
v -0.496206 -0.718268 0.437877
v -0.500275 -0.717329 0.436197
v -0.500275 -0.717329 0.436197
v -0.504046 -0.716150 0.434087
v -0.504046 -0.716150 0.434087
v -0.507456 -0.714750 0.431584
v -0.507456 -0.714750 0.431584
v -0.510446 -0.713154 0.428728
v -0.510446 -0.713154 0.428728
v -0.514973 -0.687757 0.430135
v -0.512967 -0.688981 0.433790
v -0.514973 -0.687757 0.430135
v -0.512967 -0.688981 0.433790
v -0.516431 -0.654982 0.433843
v -0.516431 -0.654982 0.433843
v -0.482937 0.654013 0.460287
v -0.199774 0.654013 0.460287
v -0.482937 0.654013 0.460287
v -0.199774 0.654013 0.460287
v -0.482937 0.670643 0.454672
v -0.487463 0.670532 0.454413
v -0.482937 0.670643 0.454672
v -0.487463 0.670532 0.454413
v 0.219236 0.635126 0.465366
v 0.035862 0.636252 0.465064
v 0.035382 0.635126 0.465366
v 0.196834 0.652027 0.460822
v 0.037191 0.646060 0.462426
v 0.200990 0.653241 0.460495
v 0.192495 0.652123 0.460796
v 0.188400 0.653520 0.460420
v 0.188400 0.653520 0.460420
v 0.192495 0.652123 0.460796
v 0.196834 0.652027 0.460822
v 0.037191 0.646060 0.462426
v 0.200990 0.653241 0.460495
v 0.035862 0.636252 0.465064
v 0.219236 0.635126 0.465366
v 0.035382 0.635126 0.465366
v 0.202136 0.654013 0.460287
v 0.184948 0.656032 0.459606
v 0.187734 0.654013 0.460287
v 0.204558 0.655609 0.459749
v 0.207188 0.658892 0.458640
v 0.182477 0.659426 0.458460
v 0.208622 0.662788 0.457324
v 0.181231 0.663379 0.457125
v 0.208721 0.666915 0.455931
v 0.181329 0.667506 0.455731
v 0.181329 0.667506 0.455731
v 0.208721 0.666915 0.455931
v 0.181231 0.663379 0.457125
v 0.208622 0.662788 0.457324
v 0.182477 0.659426 0.458460
v 0.207188 0.658892 0.458640
v 0.184948 0.656032 0.459606
v 0.204558 0.655609 0.459749
v 0.202136 0.654013 0.460287
v 0.187734 0.654013 0.460287
v 0.035862 0.655831 0.459673
v -0.039750 0.654013 0.460287
v 0.036113 0.654013 0.460287
v -0.039499 0.655831 0.459673
v 0.031965 0.664790 0.456648
v -0.035602 0.664790 0.456648
v -0.035602 0.664790 0.456648
v 0.031965 0.664790 0.456648
v -0.039499 0.655831 0.459673
v 0.035862 0.655831 0.459673
v -0.039750 0.654013 0.460287
v 0.036113 0.654013 0.460287
v -0.039499 0.636252 0.465064
v -0.186526 0.635126 0.465366
v -0.039019 0.635126 0.465366
v -0.040828 0.646060 0.462426
v -0.040828 0.646060 0.462426
v -0.039499 0.636252 0.465064
v -0.186526 0.635126 0.465366
v -0.039019 0.635126 0.465366
v 0.387548 0.652027 0.460822
v 0.479300 0.642764 0.463312
v 0.391704 0.653241 0.460495
v 0.357034 0.635126 0.465366
v 0.444659 0.635126 0.465366
v 0.357250 0.635470 0.465274
v 0.357547 0.636107 0.465103
v 0.357762 0.636776 0.464923
v 0.357937 0.638169 0.464548
v 0.383209 0.652123 0.460796
v 0.379114 0.653520 0.460420
v 0.379114 0.653520 0.460420
v 0.383209 0.652123 0.460796
v 0.387548 0.652027 0.460822
v 0.479300 0.642764 0.463312
v 0.357937 0.638169 0.464548
v 0.357762 0.636776 0.464923
v 0.357547 0.636107 0.465103
v 0.357250 0.635470 0.465274
v 0.357034 0.635126 0.465366
v 0.444659 0.635126 0.465366
v 0.391704 0.653241 0.460495
v 0.395272 0.655609 0.459749
v 0.378447 0.654013 0.460287
v 0.392850 0.654013 0.460287
v 0.375661 0.656032 0.459606
v 0.397901 0.658892 0.458640
v 0.373191 0.659426 0.458460
v 0.399336 0.662788 0.457324
v 0.371944 0.663379 0.457125
v 0.399434 0.666915 0.455931
v 0.372042 0.667506 0.455731
v 0.372042 0.667506 0.455731
v 0.399434 0.666915 0.455931
v 0.371944 0.663379 0.457125
v 0.399336 0.662788 0.457324
v 0.373191 0.659426 0.458460
v 0.397901 0.658892 0.458640
v 0.375661 0.656032 0.459606
v 0.395272 0.655609 0.459749
v 0.378447 0.654013 0.460287
v 0.392850 0.654013 0.460287
v 0.483826 0.643762 0.462754
v 0.479300 0.635126 0.465366
v 0.483826 0.635053 0.465096
v 0.479300 0.642764 0.463312
v 0.479300 0.642764 0.463312
v 0.483826 0.643762 0.462754
v 0.479300 0.635126 0.465366
v 0.483826 0.635053 0.465096
v 0.488275 0.644742 0.461625
v 0.488275 0.644742 0.461625
v 0.492570 0.653219 0.457919
v 0.492570 0.653219 0.457919
v 0.496638 0.668910 0.450617
v 0.496638 0.668910 0.450617
v -0.516431 0.672691 0.427156
v -0.516431 0.672691 0.427156
v -0.514973 0.662656 0.435988
v -0.512967 0.664174 0.439539
v -0.514973 0.662656 0.435988
v -0.512967 0.664174 0.439539
v -0.510446 0.665581 0.442830
v -0.510446 0.665581 0.442830
v -0.507456 0.666854 0.445807
v -0.507456 0.666854 0.445807
v -0.504046 0.667969 0.448417
v -0.504046 0.667969 0.448417
v -0.500275 0.668910 0.450617
v -0.500275 0.668910 0.450617
v -0.496206 0.669658 0.452368
v -0.496206 0.669658 0.452368
v -0.491911 0.670202 0.453641
v -0.491911 0.670202 0.453641
v 0.500409 0.667969 0.448417
v 0.500409 0.667969 0.448417
v 0.503819 0.666854 0.445807
v 0.503819 0.666854 0.445807
v 0.506810 0.665581 0.442830
v 0.506810 0.665581 0.442830
v 0.509330 0.664174 0.439539
v 0.509330 0.664174 0.439539
v 0.511336 0.662656 0.435988
v 0.511336 0.662656 0.435988
v 0.512794 0.672691 0.427156
v 0.512794 0.672691 0.427156
v -0.516431 0.536510 0.456965
v -0.516431 0.512605 0.459414
v -0.516431 0.536510 0.456965
v -0.516431 0.512605 0.459414
v -0.516431 -0.614982 0.440658
v -0.516431 -0.614982 0.440658
v -0.516431 -0.567810 0.446599
v -0.516431 -0.567810 0.446599
v -0.516431 -0.514585 0.451673
v -0.516431 -0.514585 0.451673
v -0.516431 -0.456327 0.455927
v -0.516431 -0.456327 0.455927
v -0.516431 -0.394011 0.459423
v -0.516431 -0.394011 0.459423
v -0.516431 -0.328593 0.462229
v -0.516431 -0.328593 0.462229
v -0.516431 -0.261012 0.464417
v -0.516431 -0.261012 0.464417
v -0.516431 -0.192203 0.466059
v -0.516431 -0.192203 0.466059
v -0.516431 -0.123093 0.467229
v -0.516431 -0.123093 0.467229
v -0.516431 -0.054607 0.468001
v -0.516431 -0.054607 0.468001
v -0.516431 0.012331 0.468450
v -0.516431 0.012331 0.468450
v -0.516431 0.076800 0.468649
v -0.516431 0.076800 0.468649
v -0.516431 0.137883 0.468674
v -0.516431 0.137883 0.468674
v -0.516431 0.194661 0.468599
v -0.516431 0.194661 0.468599
v -0.516431 0.246224 0.468499
v -0.516431 0.246224 0.468499
v -0.516431 0.291582 0.468449
v -0.516431 0.291582 0.468449
v -0.516431 0.318155 0.468333
v -0.516431 0.318155 0.468333
v -0.516431 0.345460 0.467970
v -0.516431 0.345460 0.467970
v -0.516431 0.373327 0.467338
v -0.516431 0.373327 0.467338
v -0.516431 0.401516 0.466417
v -0.516431 0.401516 0.466417
v -0.516431 0.429783 0.465184
v -0.516431 0.429783 0.465184
v -0.516431 0.457884 0.463619
v -0.516431 0.457884 0.463619
v -0.516431 0.485574 0.461702
v -0.516431 0.485574 0.461702
v -0.516431 0.538726 0.456738
v -0.516431 0.536510 0.456965
v -0.516431 0.538726 0.456738
v -0.516431 0.536510 0.456965
v -0.516431 0.563679 0.453657
v -0.516431 0.563679 0.453657
v -0.516431 0.587198 0.450162
v -0.516431 0.587198 0.450162
v -0.516431 0.609008 0.446248
v -0.516431 0.609008 0.446248
v -0.516431 0.628811 0.441925
v -0.516431 0.628811 0.441925
v -0.516431 0.646283 0.437226
v -0.516431 0.646283 0.437226
v -0.516431 0.650148 0.435921
v -0.516431 0.650148 0.435921
v -0.516431 0.661053 0.432239
v -0.516431 0.650148 0.435921
v -0.516431 0.661053 0.432239
v -0.516431 0.650148 0.435921
v 0.512794 0.538726 0.456738
v 0.512794 0.536510 0.456965
v 0.512794 0.538726 0.456738
v 0.512794 0.536510 0.456965
v 0.512794 0.661053 0.432239
v 0.512794 0.661053 0.432239
v 0.512794 0.650148 0.435921
v 0.512794 0.650148 0.435921
v 0.512794 0.650148 0.435921
v 0.512794 0.646283 0.437226
v 0.512794 0.650148 0.435921
v 0.512794 0.646283 0.437226
v 0.512794 0.628811 0.441925
v 0.512794 0.628811 0.441925
v 0.512794 0.609008 0.446248
v 0.512794 0.609008 0.446248
v 0.512794 0.587198 0.450162
v 0.512794 0.587198 0.450162
v 0.512794 0.563679 0.453657
v 0.512794 0.563679 0.453657
v 0.512794 0.536510 0.456965
v 0.512794 0.512605 0.459414
v 0.512794 0.536510 0.456965
v 0.512794 0.512605 0.459414
v 0.512794 0.485574 0.461702
v 0.512794 0.485574 0.461702
v 0.512794 0.457884 0.463619
v 0.512794 0.457884 0.463619
v 0.512794 0.429783 0.465184
v 0.512794 0.429783 0.465184
v 0.512794 0.401516 0.466417
v 0.512794 0.401516 0.466417
v 0.512794 0.373327 0.467338
v 0.512794 0.373327 0.467338
v 0.512794 0.345460 0.467970
v 0.512794 0.345460 0.467970
v 0.512794 0.318155 0.468333
v 0.512794 0.318155 0.468333
v 0.512794 0.291582 0.468449
v 0.512794 0.291582 0.468449
v 0.512794 0.246224 0.468499
v 0.512794 0.246224 0.468499
v 0.512794 0.194661 0.468599
v 0.512794 0.194661 0.468599
v 0.512794 0.137883 0.468674
v 0.512794 0.137883 0.468674
v 0.512794 0.076800 0.468649
v 0.512794 0.076800 0.468649
v 0.512794 0.012331 0.468450
v 0.512794 0.012331 0.468450
v 0.512794 -0.054607 0.468001
v 0.512794 -0.054607 0.468001
v 0.512794 -0.123093 0.467229
v 0.512794 -0.123093 0.467229
v 0.512794 -0.192203 0.466059
v 0.512794 -0.192203 0.466059
v 0.512794 -0.261012 0.464417
v 0.512794 -0.261012 0.464417
v 0.512794 -0.328593 0.462229
v 0.512794 -0.328593 0.462229
v 0.512794 -0.394011 0.459423
v 0.512794 -0.394011 0.459423
v 0.512794 -0.456327 0.455927
v 0.512794 -0.456327 0.455927
v 0.512794 -0.514585 0.451673
v 0.512794 -0.514585 0.451673
v 0.512794 -0.567810 0.446599
v 0.512794 -0.567810 0.446599
v 0.512794 -0.614982 0.440658
v 0.512794 -0.614982 0.440658
v 0.511336 -0.655880 0.437798
v 0.511336 -0.655880 0.437798
v 0.509330 -0.656730 0.441543
v 0.509330 -0.656730 0.441543
v 0.506810 -0.690115 0.437179
v 0.506810 -0.690115 0.437179
v 0.503819 -0.691140 0.440243
v 0.503819 -0.691140 0.440243
v 0.500409 -0.692039 0.442931
v 0.500409 -0.692039 0.442931
v 0.496638 -0.692797 0.445195
v 0.496638 -0.692797 0.445195
v 0.492570 -0.693400 0.446998
v 0.492570 -0.693400 0.446998
v 0.488275 -0.693838 0.448308
v 0.488275 -0.693838 0.448308
v 0.483826 -0.694104 0.449103
v 0.483826 -0.694104 0.449103
v 0.479300 -0.694193 0.449369
v 0.479300 -0.694193 0.449369
v 0.479300 -0.694193 0.449369
v -0.482937 -0.694193 0.449369
v -0.482937 -0.694193 0.449369
v 0.479300 -0.694193 0.449369
v -0.482937 -0.694193 0.449369
v -0.487463 -0.694104 0.449103
v -0.487463 -0.694104 0.449103
v -0.482937 -0.694193 0.449369
v -0.491911 -0.693838 0.448308
v -0.491911 -0.693838 0.448308
v -0.496206 -0.693400 0.446998
v -0.496206 -0.693400 0.446998
v -0.500275 -0.692797 0.445195
v -0.500275 -0.692797 0.445195
v -0.504046 -0.692039 0.442931
v -0.504046 -0.692039 0.442931
v -0.507456 -0.691140 0.440243
v -0.507456 -0.691140 0.440243
v -0.510446 -0.690115 0.437179
v -0.510446 -0.690115 0.437179
v -0.514973 -0.655880 0.437798
v -0.512967 -0.656730 0.441543
v -0.514973 -0.655880 0.437798
v -0.512967 -0.656730 0.441543
v -0.448295 0.635126 0.465366
v -0.186526 0.635126 0.465366
v -0.482937 0.642764 0.463312
v -0.482937 0.642764 0.463312
v -0.448295 0.635126 0.465366
v -0.186526 0.635126 0.465366
v -0.482937 0.654013 0.460287
v -0.487463 0.653924 0.460021
v -0.482937 0.654013 0.460287
v -0.487463 0.653924 0.460021
v 0.200990 0.653241 0.460495
v 0.192495 0.652123 0.460796
v 0.196834 0.652027 0.460822
v 0.188400 0.653520 0.460420
v 0.188400 0.653520 0.460420
v 0.200990 0.653241 0.460495
v 0.192495 0.652123 0.460796
v 0.196834 0.652027 0.460822
v 0.035862 0.636252 0.465064
v -0.039019 0.635126 0.465366
v 0.035382 0.635126 0.465366
v -0.039499 0.636252 0.465064
v -0.040828 0.646060 0.462426
v 0.037191 0.646060 0.462426
v -0.040828 0.646060 0.462426
v 0.037191 0.646060 0.462426
v 0.035862 0.636252 0.465064
v -0.039499 0.636252 0.465064
v -0.039019 0.635126 0.465366
v 0.035382 0.635126 0.465366
v 0.344061 0.616460 0.469442
v 0.019414 0.614218 0.469931
v 0.327910 0.614218 0.469931
v 0.025765 0.619024 0.468882
v 0.224437 0.624486 0.467689
v 0.429395 0.631761 0.466101
v 0.352736 0.632580 0.465922
v 0.354102 0.632843 0.465865
v 0.354750 0.633102 0.465808
v 0.355361 0.633440 0.465734
v 0.355924 0.633853 0.465644
v 0.356432 0.634335 0.465539
v 0.356877 0.634877 0.465421
v 0.220780 0.625817 0.467399
v 0.199588 0.625751 0.467413
v 0.221295 0.625391 0.467492
v 0.200481 0.625906 0.467379
v 0.220327 0.626309 0.467291
v 0.201302 0.626290 0.467295
v 0.201997 0.626875 0.467168
v 0.219944 0.626859 0.467171
v 0.219638 0.627456 0.467041
v 0.202519 0.627622 0.467005
v 0.219416 0.628090 0.466902
v 0.202831 0.628479 0.466817
v 0.219281 0.628748 0.466759
v 0.202913 0.629389 0.466619
v 0.219236 0.629419 0.466612
v 0.202759 0.630290 0.466422
v 0.202379 0.631119 0.466241
v 0.201800 0.631821 0.466088
v 0.201060 0.632347 0.465973
v 0.200210 0.632663 0.465904
v 0.199308 0.632745 0.465886
v 0.223772 0.624490 0.467688
v 0.031965 0.626991 0.467142
v 0.223112 0.624585 0.467668
v 0.222472 0.624769 0.467627
v 0.221863 0.625040 0.467568
v 0.198687 0.625833 0.467395
v 0.197838 0.626149 0.467326
v 0.197098 0.626675 0.467211
v 0.196518 0.627377 0.467058
v 0.196138 0.628206 0.466877
v 0.195984 0.629106 0.466681
v 0.196065 0.630016 0.466482
v 0.196378 0.630874 0.466295
v 0.196900 0.631621 0.466132
v 0.197595 0.632206 0.466004
v 0.198417 0.632589 0.465920
v 0.199308 0.632745 0.465886
v 0.198417 0.632589 0.465920
v 0.197595 0.632206 0.466004
v 0.196900 0.631621 0.466132
v 0.196378 0.630874 0.466295
v 0.196065 0.630016 0.466482
v 0.195984 0.629106 0.466681
v 0.196138 0.628206 0.466877
v 0.196518 0.627377 0.467058
v 0.031965 0.626991 0.467142
v 0.197098 0.626675 0.467211
v 0.197838 0.626149 0.467326
v 0.198687 0.625833 0.467395
v 0.199588 0.625751 0.467413
v 0.221295 0.625391 0.467492
v 0.221863 0.625040 0.467568
v 0.222472 0.624769 0.467627
v 0.223112 0.624585 0.467668
v 0.223772 0.624490 0.467688
v 0.224437 0.624486 0.467689
v 0.025765 0.619024 0.468882
v 0.200210 0.632663 0.465904
v 0.201060 0.632347 0.465973
v 0.201800 0.631821 0.466088
v 0.202379 0.631119 0.466241
v 0.202759 0.630290 0.466422
v 0.219236 0.629419 0.466612
v 0.202913 0.629389 0.466619
v 0.219281 0.628748 0.466759
v 0.202831 0.628479 0.466817
v 0.219416 0.628090 0.466902
v 0.202519 0.627622 0.467005
v 0.219638 0.627456 0.467041
v 0.201997 0.626875 0.467168
v 0.219944 0.626859 0.467171
v 0.220327 0.626309 0.467291
v 0.201302 0.626290 0.467295
v 0.200481 0.625906 0.467379
v 0.220780 0.625817 0.467399
v 0.356877 0.634877 0.465421
v 0.356432 0.634335 0.465539
v 0.355924 0.633853 0.465644
v 0.355361 0.633440 0.465734
v 0.354750 0.633102 0.465808
v 0.354102 0.632843 0.465865
v 0.352736 0.632580 0.465922
v 0.429395 0.631761 0.466101
v 0.344061 0.616460 0.469442
v 0.019414 0.614218 0.469931
v 0.327910 0.614218 0.469931
v -0.029402 0.619024 0.468882
v -0.171859 0.614218 0.469931
v -0.023051 0.614218 0.469931
v -0.035602 0.626991 0.467142
v -0.035602 0.626991 0.467142
v -0.029402 0.619024 0.468882
v -0.171859 0.614218 0.469931
v -0.023051 0.614218 0.469931
v 0.391704 0.653241 0.460495
v 0.383209 0.652123 0.460796
v 0.387548 0.652027 0.460822
v 0.379114 0.653520 0.460420
v 0.379114 0.653520 0.460420
v 0.391704 0.653241 0.460495
v 0.383209 0.652123 0.460796
v 0.387548 0.652027 0.460822
v 0.479300 0.642764 0.463312
v 0.444659 0.635126 0.465366
v 0.479300 0.635126 0.465366
v 0.479300 0.635126 0.465366
v 0.444659 0.635126 0.465366
v 0.479300 0.642764 0.463312
v 0.488275 0.644742 0.461625
v 0.488275 0.634836 0.464289
v 0.488275 0.644742 0.461625
v 0.488275 0.634836 0.464289
v 0.479300 0.614218 0.469931
v 0.483826 0.614158 0.469658
v 0.479300 0.614218 0.469931
v 0.483826 0.614158 0.469658
v 0.492570 0.645689 0.459944
v 0.492570 0.645689 0.459944
v 0.496638 0.652616 0.456119
v 0.496638 0.652616 0.456119
v -0.514973 0.649827 0.440320
v -0.512967 0.649384 0.444533
v -0.514973 0.649827 0.440320
v -0.512967 0.649384 0.444533
v -0.512093 0.649192 0.445903
v -0.510446 0.649933 0.448114
v -0.512093 0.649192 0.445903
v -0.510446 0.649933 0.448114
v -0.507456 0.650959 0.451174
v -0.507456 0.650959 0.451174
v -0.504046 0.651858 0.453858
v -0.504046 0.651858 0.453858
v -0.500275 0.652616 0.456119
v -0.500275 0.652616 0.456119
v -0.496206 0.653219 0.457919
v -0.496206 0.653219 0.457919
v -0.491911 0.653658 0.459227
v -0.491911 0.653658 0.459227
v 0.500409 0.651858 0.453858
v 0.500409 0.651858 0.453858
v 0.503819 0.650959 0.451174
v 0.503819 0.650959 0.451174
v 0.506810 0.649933 0.448114
v 0.506810 0.649933 0.448114
v 0.508456 0.649192 0.445903
v 0.509330 0.649384 0.444533
v 0.509330 0.649384 0.444533
v 0.508456 0.649192 0.445903
v 0.511336 0.649827 0.440320
v 0.511336 0.649827 0.440320
v -0.514973 0.536328 0.461050
v -0.514973 0.513022 0.463438
v -0.514973 0.536328 0.461050
v -0.514973 0.513022 0.463438
v -0.514973 -0.615636 0.444654
v -0.514973 -0.615636 0.444654
v -0.514973 -0.568302 0.450615
v -0.514973 -0.568302 0.450615
v -0.514973 -0.514960 0.455700
v -0.514973 -0.514960 0.455700
v -0.514973 -0.456615 0.459961
v -0.514973 -0.456615 0.459961
v -0.514973 -0.394233 0.463460
v -0.514973 -0.394233 0.463460
v -0.514973 -0.328761 0.466269
v -0.514973 -0.328761 0.466269
v -0.514973 -0.261138 0.468458
v -0.514973 -0.261138 0.468458
v -0.514973 -0.192294 0.470101
v -0.514973 -0.192294 0.470101
v -0.514973 -0.123156 0.471271
v -0.514973 -0.123156 0.471271
v -0.514973 -0.054647 0.472044
v -0.514973 -0.054647 0.472044
v -0.514973 0.012309 0.472492
v -0.514973 0.012309 0.472492
v -0.514973 0.076793 0.472692
v -0.514973 0.076793 0.472692
v -0.514973 0.137884 0.472717
v -0.514973 0.137884 0.472717
v -0.514973 0.194669 0.472642
v -0.514973 0.194669 0.472642
v -0.514973 0.246231 0.472542
v -0.514973 0.246231 0.472542
v -0.514973 0.291594 0.472492
v -0.514973 0.291594 0.472492
v -0.514973 0.318194 0.472376
v -0.514973 0.318194 0.472376
v -0.514973 0.345540 0.472012
v -0.514973 0.345540 0.472012
v -0.514973 0.373451 0.471379
v -0.514973 0.373451 0.471379
v -0.514973 0.401686 0.470456
v -0.514973 0.401686 0.470456
v -0.514973 0.430004 0.469221
v -0.514973 0.430004 0.469221
v -0.514973 0.458163 0.467653
v -0.514973 0.458163 0.467653
v -0.514973 0.485917 0.465732
v -0.514973 0.485917 0.465732
v -0.514973 0.539228 0.460753
v -0.514973 0.536328 0.461050
v -0.514973 0.539228 0.460753
v -0.514973 0.536328 0.461050
v -0.514973 0.564281 0.457660
v -0.514973 0.564281 0.457660
v -0.514973 0.587921 0.454147
v -0.514973 0.587921 0.454147
v -0.514973 0.609879 0.450206
v -0.514973 0.609879 0.450206
v -0.514973 0.629867 0.445842
v -0.514973 0.629867 0.445842
v -0.514973 0.647575 0.441080
v -0.514973 0.647575 0.441080
v -0.514973 0.649827 0.440320
v -0.514973 0.649827 0.440320
v 0.511336 0.539228 0.460753
v 0.511336 0.536328 0.461050
v 0.511336 0.539228 0.460753
v 0.511336 0.536328 0.461050
v 0.511336 0.649827 0.440320
v 0.511336 0.647575 0.441080
v 0.511336 0.649827 0.440320
v 0.511336 0.647575 0.441080
v 0.511336 0.629867 0.445842
v 0.511336 0.629867 0.445842
v 0.511336 0.609879 0.450206
v 0.511336 0.609879 0.450206
v 0.511336 0.587921 0.454147
v 0.511336 0.587921 0.454147
v 0.511336 0.564281 0.457660
v 0.511336 0.564281 0.457660
v 0.511336 0.536328 0.461050
v 0.511336 0.513022 0.463438
v 0.511336 0.536328 0.461050
v 0.511336 0.513022 0.463438
v 0.511336 0.485917 0.465732
v 0.511336 0.485917 0.465732
v 0.511336 0.458163 0.467653
v 0.511336 0.458163 0.467653
v 0.511336 0.430004 0.469221
v 0.511336 0.430004 0.469221
v 0.511336 0.401686 0.470456
v 0.511336 0.401686 0.470456
v 0.511336 0.373451 0.471379
v 0.511336 0.373451 0.471379
v 0.511336 0.345540 0.472012
v 0.511336 0.345540 0.472012
v 0.511336 0.318194 0.472376
v 0.511336 0.318194 0.472376
v 0.511336 0.291594 0.472492
v 0.511336 0.291594 0.472492
v 0.511336 0.246231 0.472542
v 0.511336 0.246231 0.472542
v 0.511336 0.194669 0.472642
v 0.511336 0.194669 0.472642
v 0.511336 0.137884 0.472717
v 0.511336 0.137884 0.472717
v 0.511336 0.076793 0.472692
v 0.511336 0.076793 0.472692
v 0.511336 0.012309 0.472492
v 0.511336 0.012309 0.472492
v 0.511336 -0.054647 0.472044
v 0.511336 -0.054647 0.472044
v 0.511336 -0.123156 0.471271
v 0.511336 -0.123156 0.471271
v 0.511336 -0.192294 0.470101
v 0.511336 -0.192294 0.470101
v 0.511336 -0.261138 0.468458
v 0.511336 -0.261138 0.468458
v 0.511336 -0.328761 0.466269
v 0.511336 -0.328761 0.466269
v 0.511336 -0.394233 0.463460
v 0.511336 -0.394233 0.463460
v 0.511336 -0.456615 0.459961
v 0.511336 -0.456615 0.459961
v 0.511336 -0.514960 0.455700
v 0.511336 -0.514960 0.455700
v 0.511336 -0.568302 0.450615
v 0.511336 -0.568302 0.450615
v 0.511336 -0.615636 0.444654
v 0.511336 -0.615636 0.444654
v 0.509330 -0.616256 0.448438
v 0.509330 -0.616256 0.448438
v 0.506810 -0.657518 0.445015
v 0.506810 -0.657518 0.445015
v 0.503819 -0.658230 0.448154
v 0.503819 -0.658230 0.448154
v 0.500409 -0.658855 0.450908
v 0.500409 -0.658855 0.450908
v 0.496638 -0.659382 0.453228
v 0.496638 -0.659382 0.453228
v 0.492570 -0.659801 0.455075
v 0.492570 -0.659801 0.455075
v 0.488275 -0.660106 0.456417
v 0.488275 -0.660106 0.456417
v 0.483826 -0.660291 0.457231
v 0.483826 -0.660291 0.457231
v 0.479300 -0.660352 0.457505
v 0.479300 -0.660352 0.457505
v 0.479300 -0.660352 0.457505
v -0.482937 -0.660352 0.457505
v -0.482937 -0.660352 0.457505
v 0.479300 -0.660352 0.457505
v -0.482937 -0.660352 0.457505
v -0.487463 -0.660291 0.457231
v -0.487463 -0.660291 0.457231
v -0.482937 -0.660352 0.457505
v -0.491911 -0.660106 0.456417
v -0.491911 -0.660106 0.456417
v -0.496206 -0.659801 0.455075
v -0.496206 -0.659801 0.455075
v -0.500275 -0.659382 0.453228
v -0.500275 -0.659382 0.453228
v -0.504046 -0.658855 0.450908
v -0.504046 -0.658855 0.450908
v -0.507456 -0.658230 0.448154
v -0.507456 -0.658230 0.448154
v -0.510446 -0.657518 0.445015
v -0.510446 -0.657518 0.445015
v -0.512967 -0.616256 0.448438
v -0.512967 -0.616256 0.448438
v -0.331548 0.614218 0.469931
v -0.171859 0.614218 0.469931
v -0.347697 0.616460 0.469442
v -0.433032 0.631761 0.466101
v -0.433032 0.631761 0.466101
v -0.347697 0.616460 0.469442
v -0.331548 0.614218 0.469931
v -0.171859 0.614218 0.469931
v -0.487463 0.643762 0.462754
v -0.482937 0.642764 0.463312
v -0.487463 0.643762 0.462754
v -0.482937 0.642764 0.463312
v -0.482937 0.642764 0.463312
v -0.482937 0.635126 0.465366
v -0.448295 0.635126 0.465366
v -0.448295 0.635126 0.465366
v -0.482937 0.635126 0.465366
v -0.482937 0.642764 0.463312
v 0.019414 0.614218 0.469931
v -0.029402 0.619024 0.468882
v -0.023051 0.614218 0.469931
v 0.025765 0.619024 0.468882
v -0.035602 0.626991 0.467142
v 0.031965 0.626991 0.467142
v -0.035602 0.626991 0.467142
v 0.031965 0.626991 0.467142
v 0.025765 0.619024 0.468882
v -0.029402 0.619024 0.468882
v 0.019414 0.614218 0.469931
v -0.023051 0.614218 0.469931
v -0.001818 0.607681 0.471104
v 0.258122 0.604531 0.471670
v 0.008278 0.609007 0.470866
v 0.017686 0.612895 0.470168
v 0.171728 0.595995 0.473201
v -0.099773 0.591525 0.474004
v 0.096136 0.591525 0.474004
v -0.158372 0.594990 0.473382
v -0.011915 0.609007 0.470866
v -0.021323 0.612895 0.470168
v -0.021323 0.612895 0.470168
v -0.011915 0.609007 0.470866
v -0.001818 0.607681 0.471104
v 0.258122 0.604531 0.471670
v 0.171728 0.595995 0.473201
v -0.158372 0.594990 0.473382
v -0.099773 0.591525 0.474004
v 0.096136 0.591525 0.474004
v 0.017686 0.612895 0.470168
v 0.008278 0.609007 0.470866
v 0.327910 0.614218 0.469931
v 0.479300 0.614218 0.469931
v 0.344061 0.616460 0.469442
v 0.429395 0.631761 0.466101
v 0.429395 0.631761 0.466101
v 0.344061 0.616460 0.469442
v 0.327910 0.614218 0.469931
v 0.479300 0.614218 0.469931
v 0.492570 0.645689 0.459944
v 0.492570 0.634478 0.462959
v 0.492570 0.645689 0.459944
v 0.492570 0.634478 0.462959
v 0.488275 0.613979 0.468842
v 0.488275 0.613979 0.468842
v 0.479300 0.591525 0.474004
v 0.483826 0.591475 0.473728
v 0.479300 0.591525 0.474004
v 0.483826 0.591475 0.473728
v 0.496638 0.646586 0.457740
v 0.496638 0.646586 0.457740
v -0.512967 0.649384 0.444533
v -0.512967 0.648798 0.444730
v -0.512967 0.649384 0.444533
v -0.512967 0.648798 0.444730
v -0.512093 0.649192 0.445903
v -0.512093 0.649192 0.445903
v -0.510446 0.648829 0.448411
v -0.510446 0.648829 0.448411
v -0.507456 0.648169 0.451924
v -0.507456 0.648169 0.451924
v -0.504046 0.647418 0.455052
v -0.504046 0.647418 0.455052
v -0.500275 0.646586 0.457740
v -0.500275 0.646586 0.457740
v -0.496206 0.645689 0.459944
v -0.496206 0.645689 0.459944
v -0.491911 0.644742 0.461625
v -0.491911 0.644742 0.461625
v 0.500409 0.647418 0.455052
v 0.500409 0.647418 0.455052
v 0.503819 0.648169 0.451924
v 0.503819 0.648169 0.451924
v 0.506810 0.648829 0.448411
v 0.506810 0.648829 0.448411
v 0.509330 0.649384 0.444533
v 0.508456 0.649192 0.445903
v 0.509330 0.648798 0.444730
v 0.509330 0.648798 0.444730
v 0.508456 0.649192 0.445903
v 0.509330 0.649384 0.444533
v -0.512967 0.536078 0.464926
v -0.512967 0.513416 0.467248
v -0.512967 0.536078 0.464926
v -0.512967 0.513416 0.467248
v -0.512967 -0.568767 0.454419
v -0.512967 -0.568767 0.454419
v -0.512967 -0.515315 0.459515
v -0.512967 -0.515315 0.459515
v -0.512967 -0.456888 0.463781
v -0.512967 -0.456888 0.463781
v -0.512967 -0.394442 0.467284
v -0.512967 -0.394442 0.467284
v -0.512967 -0.328921 0.470095
v -0.512967 -0.328921 0.470095
v -0.512967 -0.261257 0.472285
v -0.512967 -0.261257 0.472285
v -0.512967 -0.192380 0.473929
v -0.512967 -0.192380 0.473929
v -0.512967 -0.123215 0.475100
v -0.512967 -0.123215 0.475100
v -0.512967 -0.054685 0.475873
v -0.512967 -0.054685 0.475873
v -0.512967 0.012289 0.476321
v -0.512967 0.012289 0.476321
v -0.512967 0.076785 0.476521
v -0.512967 0.076785 0.476521
v -0.512967 0.137887 0.476546
v -0.512967 0.137887 0.476546
v -0.512967 0.194675 0.476471
v -0.512967 0.194675 0.476471
v -0.512967 0.246237 0.476371
v -0.512967 0.246237 0.476371
v -0.512967 0.291606 0.476321
v -0.512967 0.291606 0.476321
v -0.512967 0.318232 0.476204
v -0.512967 0.318232 0.476204
v -0.512967 0.345616 0.475840
v -0.512967 0.345616 0.475840
v -0.512967 0.373568 0.475207
v -0.512967 0.373568 0.475207
v -0.512967 0.401848 0.474282
v -0.512967 0.401848 0.474282
v -0.512967 0.430215 0.473045
v -0.512967 0.430215 0.473045
v -0.512967 0.458427 0.471474
v -0.512967 0.458427 0.471474
v -0.512967 0.486242 0.469548
v -0.512967 0.486242 0.469548
v -0.512967 0.539703 0.464555
v -0.512967 0.536078 0.464926
v -0.512967 0.539703 0.464555
v -0.512967 0.536078 0.464926
v -0.512967 0.564851 0.461450
v -0.512967 0.564851 0.461450
v -0.512967 0.588606 0.457920
v -0.512967 0.588606 0.457920
v -0.512967 0.610704 0.453955
v -0.512967 0.610704 0.453955
v -0.512967 0.630866 0.449553
v -0.512967 0.630866 0.449553
v 0.509330 0.539703 0.464555
v 0.509330 0.536078 0.464926
v 0.509330 0.539703 0.464555
v 0.509330 0.536078 0.464926
v 0.509330 0.630866 0.449553
v 0.509330 0.630866 0.449553
v 0.509330 0.610704 0.453955
v 0.509330 0.610704 0.453955
v 0.509330 0.588606 0.457920
v 0.509330 0.588606 0.457920
v 0.509330 0.564851 0.461450
v 0.509330 0.564851 0.461450
v 0.509330 0.536078 0.464926
v 0.509330 0.513416 0.467248
v 0.509330 0.536078 0.464926
v 0.509330 0.513416 0.467248
v 0.509330 0.486242 0.469548
v 0.509330 0.486242 0.469548
v 0.509330 0.458427 0.471474
v 0.509330 0.458427 0.471474
v 0.509330 0.430215 0.473045
v 0.509330 0.430215 0.473045
v 0.509330 0.401848 0.474282
v 0.509330 0.401848 0.474282
v 0.509330 0.373568 0.475207
v 0.509330 0.373568 0.475207
v 0.509330 0.345616 0.475840
v 0.509330 0.345616 0.475840
v 0.509330 0.318232 0.476204
v 0.509330 0.318232 0.476204
v 0.509330 0.291606 0.476321
v 0.509330 0.291606 0.476321
v 0.509330 0.246237 0.476371
v 0.509330 0.246237 0.476371
v 0.509330 0.194675 0.476471
v 0.509330 0.194675 0.476471
v 0.509330 0.137887 0.476546
v 0.509330 0.137887 0.476546
v 0.509330 0.076785 0.476521
v 0.509330 0.076785 0.476521
v 0.509330 0.012289 0.476321
v 0.509330 0.012289 0.476321
v 0.509330 -0.054685 0.475873
v 0.509330 -0.054685 0.475873
v 0.509330 -0.123215 0.475100
v 0.509330 -0.123215 0.475100
v 0.509330 -0.192380 0.473929
v 0.509330 -0.192380 0.473929
v 0.509330 -0.261257 0.472285
v 0.509330 -0.261257 0.472285
v 0.509330 -0.328921 0.470095
v 0.509330 -0.328921 0.470095
v 0.509330 -0.394442 0.467284
v 0.509330 -0.394442 0.467284
v 0.509330 -0.456888 0.463781
v 0.509330 -0.456888 0.463781
v 0.509330 -0.515315 0.459515
v 0.509330 -0.515315 0.459515
v 0.509330 -0.568767 0.454419
v 0.509330 -0.568767 0.454419
v 0.506810 -0.616831 0.451946
v 0.506810 -0.616831 0.451946
v 0.503819 -0.617351 0.455119
v 0.503819 -0.617351 0.455119
v 0.500409 -0.617807 0.457901
v 0.500409 -0.617807 0.457901
v 0.496638 -0.618191 0.460245
v 0.496638 -0.618191 0.460245
v 0.492570 -0.618497 0.462111
v 0.492570 -0.618497 0.462111
v 0.488275 -0.618719 0.463467
v 0.488275 -0.618719 0.463467
v 0.483826 -0.618854 0.464291
v 0.483826 -0.618854 0.464291
v 0.479300 -0.618899 0.464567
v 0.479300 -0.618899 0.464567
v 0.479300 -0.618899 0.464567
v -0.482937 -0.618899 0.464567
v -0.482937 -0.618899 0.464567
v 0.479300 -0.618899 0.464567
v -0.482937 -0.618899 0.464567
v -0.487463 -0.618854 0.464291
v -0.487463 -0.618854 0.464291
v -0.482937 -0.618899 0.464567
v -0.491911 -0.618719 0.463467
v -0.491911 -0.618719 0.463467
v -0.496206 -0.618497 0.462111
v -0.496206 -0.618497 0.462111
v -0.500275 -0.618191 0.460245
v -0.500275 -0.618191 0.460245
v -0.504046 -0.617807 0.457901
v -0.504046 -0.617807 0.457901
v -0.507456 -0.617351 0.455119
v -0.507456 -0.617351 0.455119
v -0.510446 -0.616831 0.451946
v -0.510446 -0.616831 0.451946
v -0.175365 0.595995 0.473201
v -0.158372 0.594990 0.473382
v -0.261759 0.604531 0.471670
v -0.261759 0.604531 0.471670
v -0.175365 0.595995 0.473201
v -0.158372 0.594990 0.473382
v -0.347697 0.616460 0.469442
v -0.482937 0.614218 0.469931
v -0.331548 0.614218 0.469931
v -0.433032 0.631761 0.466101
v -0.433032 0.631761 0.466101
v -0.347697 0.616460 0.469442
v -0.482937 0.614218 0.469931
v -0.331548 0.614218 0.469931
v -0.482937 0.635126 0.465366
v -0.487463 0.643762 0.462754
v -0.487463 0.635053 0.465096
v -0.482937 0.642764 0.463312
v -0.482937 0.642764 0.463312
v -0.482937 0.635126 0.465366
v -0.487463 0.643762 0.462754
v -0.487463 0.635053 0.465096
v 0.008278 0.609007 0.470866
v -0.011915 0.609007 0.470866
v -0.001818 0.607681 0.471104
v -0.021323 0.612895 0.470168
v 0.017686 0.612895 0.470168
v -0.021323 0.612895 0.470168
v 0.017686 0.612895 0.470168
v 0.008278 0.609007 0.470866
v -0.011915 0.609007 0.470866
v -0.001818 0.607681 0.471104
v -0.158372 0.594990 0.473382
v -0.155941 0.591525 0.474004
v -0.099773 0.591525 0.474004
v -0.099773 0.591525 0.474004
v -0.155941 0.591525 0.474004
v -0.158372 0.594990 0.473382
v 0.085031 0.590868 0.474101
v -0.088667 0.590868 0.474101
v -0.001818 0.589158 0.474355
v -0.088667 0.590868 0.474101
v 0.085031 0.590868 0.474101
v -0.001818 0.589158 0.474355
v 0.377471 0.605893 0.471425
v 0.336729 0.606201 0.471370
v 0.337308 0.605499 0.471496
v 0.376569 0.605975 0.471410
v 0.375720 0.606291 0.471354
v 0.335989 0.606727 0.471275
v 0.374980 0.606817 0.471259
v 0.335139 0.607043 0.471219
v 0.374401 0.607519 0.471133
v 0.334238 0.607125 0.471204
v 0.479300 0.591525 0.474004
v 0.389518 0.593202 0.473703
v 0.390025 0.591525 0.474004
v 0.387048 0.596742 0.473067
v 0.383596 0.599351 0.472599
v 0.379500 0.600774 0.472344
v 0.375162 0.600872 0.472326
v 0.336927 0.601255 0.472257
v 0.337448 0.602002 0.472123
v 0.337761 0.602859 0.471970
v 0.337842 0.603769 0.471806
v 0.337688 0.604670 0.471645
v 0.378363 0.606049 0.471397
v 0.379185 0.606432 0.471328
v 0.379880 0.607017 0.471223
v 0.380402 0.607764 0.471089
v 0.380714 0.608622 0.470935
v 0.380796 0.609531 0.470772
v 0.380641 0.610432 0.470611
v 0.380262 0.611261 0.470462
v 0.379682 0.611963 0.470336
v 0.378942 0.612490 0.470241
v 0.378092 0.612805 0.470185
v 0.377191 0.612887 0.470170
v 0.245007 0.591962 0.473925
v 0.096136 0.591525 0.474004
v 0.245082 0.591525 0.474004
v 0.171728 0.595995 0.473201
v 0.245088 0.592872 0.473762
v 0.245401 0.593730 0.473608
v 0.245923 0.594477 0.473474
v 0.246618 0.595061 0.473369
v 0.247440 0.595445 0.473300
v 0.248331 0.595601 0.473272
v 0.288494 0.595995 0.473201
v 0.288114 0.596824 0.473053
v 0.258122 0.604531 0.471670
v 0.287960 0.597725 0.472891
v 0.288042 0.598634 0.472728
v 0.288354 0.599492 0.472574
v 0.288876 0.600239 0.472440
v 0.289571 0.600824 0.472335
v 0.290392 0.601207 0.472266
v 0.291285 0.601363 0.472238
v 0.331447 0.601757 0.472167
v 0.331067 0.602586 0.472019
v 0.330913 0.603487 0.471857
v 0.330995 0.604397 0.471694
v 0.331307 0.605254 0.471540
v 0.331829 0.606001 0.471406
v 0.332524 0.606586 0.471301
v 0.333346 0.606969 0.471232
v 0.374021 0.608349 0.470984
v 0.373866 0.609249 0.470823
v 0.373948 0.610159 0.470660
v 0.374261 0.611016 0.470506
v 0.374782 0.611763 0.470372
v 0.375477 0.612348 0.470267
v 0.376299 0.612731 0.470198
v 0.334518 0.600131 0.472459
v 0.293775 0.600439 0.472404
v 0.294355 0.599737 0.472530
v 0.333617 0.600213 0.472444
v 0.332767 0.600528 0.472388
v 0.293036 0.600965 0.472309
v 0.332027 0.601055 0.472293
v 0.292186 0.601281 0.472253
v 0.364020 0.591525 0.474004
v 0.340643 0.593589 0.473633
v 0.343373 0.591525 0.474004
v 0.364808 0.593758 0.473603
v 0.336547 0.595012 0.473378
v 0.367437 0.597183 0.472988
v 0.332209 0.595109 0.473360
v 0.293974 0.595493 0.473292
v 0.294495 0.596240 0.473158
v 0.294808 0.597097 0.473004
v 0.294889 0.598007 0.472840
v 0.371005 0.599635 0.472548
v 0.294735 0.598907 0.472679
v 0.335410 0.600287 0.472431
v 0.336232 0.600670 0.472362
v 0.291565 0.594369 0.473493
v 0.250822 0.594677 0.473438
v 0.251402 0.593975 0.473564
v 0.290663 0.594451 0.473478
v 0.289814 0.594766 0.473422
v 0.250082 0.595203 0.473344
v 0.289074 0.595293 0.473327
v 0.249233 0.595518 0.473287
v 0.324636 0.591525 0.474004
v 0.251936 0.592245 0.473874
v 0.251872 0.591525 0.474004
v 0.328052 0.593872 0.473582
v 0.251782 0.593145 0.473713
v 0.292457 0.594525 0.473465
v 0.293278 0.594908 0.473397
v 0.293974 0.595493 0.473292
v 0.332209 0.595109 0.473360
v 0.293278 0.594908 0.473397
v 0.292457 0.594525 0.473465
v 0.291565 0.594369 0.473493
v 0.328052 0.593872 0.473582
v 0.251402 0.593975 0.473564
v 0.251782 0.593145 0.473713
v 0.251936 0.592245 0.473874
v 0.324636 0.591525 0.474004
v 0.251872 0.591525 0.474004
v 0.248331 0.595601 0.473272
v 0.288494 0.595995 0.473201
v 0.249233 0.595518 0.473287
v 0.289074 0.595293 0.473327
v 0.250082 0.595203 0.473344
v 0.289814 0.594766 0.473422
v 0.250822 0.594677 0.473438
v 0.290663 0.594451 0.473478
v 0.336927 0.601255 0.472257
v 0.375162 0.600872 0.472326
v 0.336232 0.600670 0.472362
v 0.335410 0.600287 0.472431
v 0.334518 0.600131 0.472459
v 0.371005 0.599635 0.472548
v 0.294355 0.599737 0.472530
v 0.294735 0.598907 0.472679
v 0.294889 0.598007 0.472840
v 0.367437 0.597183 0.472988
v 0.294808 0.597097 0.473004
v 0.294495 0.596240 0.473158
v 0.336547 0.595012 0.473378
v 0.364808 0.593758 0.473603
v 0.340643 0.593589 0.473633
v 0.364020 0.591525 0.474004
v 0.343373 0.591525 0.474004
v 0.291285 0.601363 0.472238
v 0.331447 0.601757 0.472167
v 0.292186 0.601281 0.472253
v 0.332027 0.601055 0.472293
v 0.293036 0.600965 0.472309
v 0.332767 0.600528 0.472388
v 0.293775 0.600439 0.472404
v 0.333617 0.600213 0.472444
v 0.377191 0.612887 0.470170
v 0.376299 0.612731 0.470198
v 0.375477 0.612348 0.470267
v 0.374782 0.611763 0.470372
v 0.374261 0.611016 0.470506
v 0.373948 0.610159 0.470660
v 0.373866 0.609249 0.470823
v 0.374021 0.608349 0.470984
v 0.374401 0.607519 0.471133
v 0.334238 0.607125 0.471204
v 0.333346 0.606969 0.471232
v 0.332524 0.606586 0.471301
v 0.331829 0.606001 0.471406
v 0.331307 0.605254 0.471540
v 0.258122 0.604531 0.471670
v 0.330995 0.604397 0.471694
v 0.330913 0.603487 0.471857
v 0.331067 0.602586 0.472019
v 0.290392 0.601207 0.472266
v 0.289571 0.600824 0.472335
v 0.288876 0.600239 0.472440
v 0.288354 0.599492 0.472574
v 0.288042 0.598634 0.472728
v 0.287960 0.597725 0.472891
v 0.288114 0.596824 0.473053
v 0.171728 0.595995 0.473201
v 0.247440 0.595445 0.473300
v 0.246618 0.595061 0.473369
v 0.245923 0.594477 0.473474
v 0.245401 0.593730 0.473608
v 0.245088 0.592872 0.473762
v 0.245007 0.591962 0.473925
v 0.096136 0.591525 0.474004
v 0.245082 0.591525 0.474004
v 0.378092 0.612805 0.470185
v 0.378942 0.612490 0.470241
v 0.379682 0.611963 0.470336
v 0.380262 0.611261 0.470462
v 0.380641 0.610432 0.470611
v 0.380796 0.609531 0.470772
v 0.380714 0.608622 0.470935
v 0.380402 0.607764 0.471089
v 0.379880 0.607017 0.471223
v 0.379185 0.606432 0.471328
v 0.378363 0.606049 0.471397
v 0.377471 0.605893 0.471425
v 0.337308 0.605499 0.471496
v 0.337688 0.604670 0.471645
v 0.337842 0.603769 0.471806
v 0.337761 0.602859 0.471970
v 0.337448 0.602002 0.472123
v 0.379500 0.600774 0.472344
v 0.383596 0.599351 0.472599
v 0.387048 0.596742 0.473067
v 0.389518 0.593202 0.473703
v 0.479300 0.591525 0.474004
v 0.390025 0.591525 0.474004
v 0.335139 0.607043 0.471219
v 0.374980 0.606817 0.471259
v 0.335989 0.606727 0.471275
v 0.375720 0.606291 0.471354
v 0.336729 0.606201 0.471370
v 0.376569 0.605975 0.471410
v 0.496638 0.646586 0.457740
v 0.496638 0.633985 0.461129
v 0.496638 0.646586 0.457740
v 0.496638 0.633985 0.461129
v 0.492570 0.613683 0.467499
v 0.492570 0.613683 0.467499
v 0.488275 0.591326 0.472908
v 0.488275 0.591326 0.472908
v 0.479300 0.567283 0.477606
v 0.483826 0.567241 0.477330
v 0.479300 0.567283 0.477606
v 0.483826 0.567241 0.477330
v -0.510446 0.648829 0.448411
v -0.510446 0.631793 0.452992
v -0.510446 0.648829 0.448411
v -0.510446 0.631793 0.452992
v -0.507456 0.648169 0.451924
v -0.507456 0.632631 0.456103
v -0.507456 0.648169 0.451924
v -0.507456 0.632631 0.456103
v -0.504046 0.633366 0.458831
v -0.504046 0.647418 0.455052
v -0.504046 0.647418 0.455052
v -0.504046 0.633366 0.458831
v -0.500275 0.633985 0.461129
v -0.500275 0.646586 0.457740
v -0.500275 0.646586 0.457740
v -0.500275 0.633985 0.461129
v -0.496206 0.634478 0.462959
v -0.496206 0.645689 0.459944
v -0.496206 0.645689 0.459944
v -0.496206 0.634478 0.462959
v -0.491911 0.634836 0.464289
v -0.491911 0.644742 0.461625
v -0.491911 0.644742 0.461625
v -0.491911 0.634836 0.464289
v 0.500409 0.647418 0.455052
v 0.500409 0.633366 0.458831
v 0.500409 0.647418 0.455052
v 0.500409 0.633366 0.458831
v 0.503819 0.648169 0.451924
v 0.503819 0.632631 0.456103
v 0.503819 0.648169 0.451924
v 0.503819 0.632631 0.456103
v 0.506810 0.631793 0.452992
v 0.506810 0.648829 0.448411
v 0.506810 0.648829 0.448411
v 0.506810 0.631793 0.452992
v -0.510446 0.535763 0.468529
v -0.510446 0.513782 0.470781
v -0.510446 0.535763 0.468529
v -0.510446 0.513782 0.470781
v -0.510446 -0.569199 0.457945
v -0.510446 -0.569199 0.457945
v -0.510446 -0.515645 0.463051
v -0.510446 -0.515645 0.463051
v -0.510446 -0.457141 0.467323
v -0.510446 -0.457141 0.467323
v -0.510446 -0.394636 0.470829
v -0.510446 -0.394636 0.470829
v -0.510446 -0.329068 0.473642
v -0.510446 -0.329068 0.473642
v -0.510446 -0.261367 0.475834
v -0.510446 -0.261367 0.475834
v -0.510446 -0.192460 0.477478
v -0.510446 -0.192460 0.477478
v -0.510446 -0.123271 0.478649
v -0.510446 -0.123271 0.478649
v -0.510446 -0.054720 0.479422
v -0.510446 -0.054720 0.479422
v -0.510446 0.012269 0.479871
v -0.510446 0.012269 0.479871
v -0.510446 0.076779 0.480070
v -0.510446 0.076779 0.480070
v -0.510446 0.137888 0.480095
v -0.510446 0.137888 0.480095
v -0.510446 0.194682 0.480021
v -0.510446 0.194682 0.480021
v -0.510446 0.246243 0.479921
v -0.510446 0.246243 0.479921
v -0.510446 0.291617 0.479871
v -0.510446 0.291617 0.479871
v -0.510446 0.318266 0.479754
v -0.510446 0.318266 0.479754
v -0.510446 0.345687 0.479389
v -0.510446 0.345687 0.479389
v -0.510446 0.373677 0.478755
v -0.510446 0.373677 0.478755
v -0.510446 0.401998 0.477829
v -0.510446 0.401998 0.477829
v -0.510446 0.430409 0.476590
v -0.510446 0.430409 0.476590
v -0.510446 0.458671 0.475016
v -0.510446 0.458671 0.475016
v -0.510446 0.486543 0.473087
v -0.510446 0.486543 0.473087
v -0.510446 0.540143 0.468080
v -0.510446 0.535763 0.468529
v -0.510446 0.540143 0.468080
v -0.510446 0.535763 0.468529
v -0.510446 0.565380 0.464965
v -0.510446 0.565380 0.464965
v -0.510446 0.589241 0.461419
v -0.510446 0.589241 0.461419
v -0.510446 0.611468 0.457430
v -0.510446 0.611468 0.457430
v 0.506810 0.540143 0.468080
v 0.506810 0.535763 0.468529
v 0.506810 0.540143 0.468080
v 0.506810 0.535763 0.468529
v 0.506810 0.611468 0.457430
v 0.506810 0.611468 0.457430
v 0.506810 0.589241 0.461419
v 0.506810 0.589241 0.461419
v 0.506810 0.565380 0.464965
v 0.506810 0.565380 0.464965
v 0.506810 0.535763 0.468529
v 0.506810 0.513782 0.470781
v 0.506810 0.535763 0.468529
v 0.506810 0.513782 0.470781
v 0.506810 0.486543 0.473087
v 0.506810 0.486543 0.473087
v 0.506810 0.458671 0.475016
v 0.506810 0.458671 0.475016
v 0.506810 0.430409 0.476590
v 0.506810 0.430409 0.476590
v 0.506810 0.401998 0.477829
v 0.506810 0.401998 0.477829
v 0.506810 0.373677 0.478755
v 0.506810 0.373677 0.478755
v 0.506810 0.345687 0.479389
v 0.506810 0.345687 0.479389
v 0.506810 0.318266 0.479754
v 0.506810 0.318266 0.479754
v 0.506810 0.291617 0.479871
v 0.506810 0.291617 0.479871
v 0.506810 0.246243 0.479921
v 0.506810 0.246243 0.479921
v 0.506810 0.194682 0.480021
v 0.506810 0.194682 0.480021
v 0.506810 0.137888 0.480095
v 0.506810 0.137888 0.480095
v 0.506810 0.076779 0.480070
v 0.506810 0.076779 0.480070
v 0.506810 0.012269 0.479871
v 0.506810 0.012269 0.479871
v 0.506810 -0.054720 0.479422
v 0.506810 -0.054720 0.479422
v 0.506810 -0.123271 0.478649
v 0.506810 -0.123271 0.478649
v 0.506810 -0.192460 0.477478
v 0.506810 -0.192460 0.477478
v 0.506810 -0.261367 0.475834
v 0.506810 -0.261367 0.475834
v 0.506810 -0.329068 0.473642
v 0.506810 -0.329068 0.473642
v 0.506810 -0.394636 0.470829
v 0.506810 -0.394636 0.470829
v 0.506810 -0.457141 0.467323
v 0.506810 -0.457141 0.467323
v 0.506810 -0.515645 0.463051
v 0.506810 -0.515645 0.463051
v 0.506810 -0.569199 0.457945
v 0.506810 -0.569199 0.457945
v 0.503819 -0.569589 0.461134
v 0.503819 -0.569589 0.461134
v 0.500409 -0.569932 0.463930
v 0.500409 -0.569932 0.463930
v 0.496638 -0.570220 0.466287
v 0.496638 -0.570220 0.466287
v 0.492570 -0.570450 0.468162
v 0.492570 -0.570450 0.468162
v 0.488275 -0.570617 0.469526
v 0.488275 -0.570617 0.469526
v 0.483826 -0.570718 0.470353
v 0.483826 -0.570718 0.470353
v 0.479300 -0.570752 0.470630
v 0.479300 -0.570752 0.470630
v 0.479300 -0.570752 0.470630
v -0.482937 -0.570752 0.470630
v -0.482937 -0.570752 0.470630
v 0.479300 -0.570752 0.470630
v -0.482937 -0.570752 0.470630
v -0.487463 -0.570718 0.470353
v -0.487463 -0.570718 0.470353
v -0.482937 -0.570752 0.470630
v -0.491911 -0.570617 0.469526
v -0.491911 -0.570617 0.469526
v -0.496206 -0.570450 0.468162
v -0.496206 -0.570450 0.468162
v -0.500275 -0.570220 0.466287
v -0.500275 -0.570220 0.466287
v -0.504046 -0.569932 0.463930
v -0.504046 -0.569932 0.463930
v -0.507456 -0.569589 0.461134
v -0.507456 -0.569589 0.461134
v -0.158372 0.594990 0.473382
v -0.482937 0.591525 0.474004
v -0.155941 0.591525 0.474004
v -0.175365 0.595995 0.473201
v -0.261759 0.604531 0.471670
v -0.261759 0.604531 0.471670
v -0.175365 0.595995 0.473201
v -0.482937 0.591525 0.474004
v -0.158372 0.594990 0.473382
v -0.155941 0.591525 0.474004
v -0.482937 0.614218 0.469931
v -0.487463 0.614158 0.469658
v -0.482937 0.614218 0.469931
v -0.487463 0.614158 0.469658
v 0.234416 0.567984 0.477502
v 0.218536 0.567283 0.477606
v 0.234626 0.567283 0.477606
v 0.217705 0.570043 0.477196
v 0.234514 0.572310 0.476859
v 0.215235 0.573602 0.476667
v 0.235948 0.576395 0.476252
v 0.211783 0.576224 0.476277
v 0.207687 0.577655 0.476065
v 0.238578 0.579837 0.475741
v 0.203349 0.577753 0.476050
v 0.191829 0.567283 0.477606
v -0.001818 0.580408 0.475656
v 0.096951 0.567283 0.477606
v 0.192995 0.570603 0.477113
v 0.195625 0.574045 0.476601
v 0.199193 0.576509 0.476235
v 0.242146 0.582301 0.475374
v 0.280245 0.567283 0.477606
v 0.261807 0.567364 0.477594
v 0.261779 0.567283 0.477606
v 0.278616 0.569630 0.477257
v 0.261905 0.571690 0.476951
v 0.277369 0.573775 0.476641
v 0.260659 0.575835 0.476335
v 0.277467 0.578102 0.475998
v 0.258188 0.579393 0.475806
v 0.278902 0.582186 0.475391
v 0.254736 0.582016 0.475417
v 0.250641 0.583446 0.475204
v 0.281531 0.585629 0.474880
v 0.246302 0.583544 0.475190
v 0.301960 0.567283 0.477606
v 0.331587 0.567811 0.477528
v 0.303326 0.569071 0.477341
v 0.335926 0.567713 0.477542
v 0.479300 0.567283 0.477606
v 0.327491 0.569241 0.477315
v 0.304761 0.573155 0.476734
v 0.324039 0.571864 0.476925
v 0.321569 0.575422 0.476397
v 0.304859 0.577482 0.476091
v 0.320322 0.579567 0.475781
v 0.303612 0.581627 0.475475
v 0.320420 0.583893 0.475138
v 0.301142 0.585185 0.474946
v 0.321855 0.587978 0.474531
v 0.297689 0.587808 0.474556
v 0.293594 0.589238 0.474344
v 0.324485 0.591421 0.474019
v 0.289255 0.589336 0.474329
v 0.251020 0.589731 0.474270
v 0.251542 0.590478 0.474159
v 0.251854 0.591335 0.474032
v 0.248611 0.588606 0.474437
v 0.285099 0.588093 0.474514
v 0.249504 0.588762 0.474414
v 0.250325 0.589146 0.474357
v 0.246121 0.589531 0.474300
v -0.001818 0.589158 0.474355
v 0.246861 0.589004 0.474378
v 0.085031 0.590868 0.474101
v 0.245541 0.590233 0.474196
v 0.245161 0.591062 0.474072
v -0.138936 0.567283 0.477606
v -0.100588 0.567283 0.477606
v 0.247710 0.588689 0.474425
v -0.088667 0.590868 0.474101
v 0.378879 0.573504 0.476682
v 0.340082 0.568956 0.477358
v 0.343650 0.571420 0.476991
v 0.383035 0.574748 0.476497
v 0.386603 0.577212 0.476131
v 0.389232 0.580654 0.475619
v 0.390667 0.584739 0.475012
v 0.390765 0.589065 0.474369
v 0.374540 0.573603 0.476667
v 0.346279 0.574862 0.476480
v 0.370445 0.575033 0.476455
v 0.347713 0.578947 0.475873
v 0.366993 0.577656 0.476065
v 0.364522 0.581213 0.475536
v 0.347812 0.583274 0.475230
v 0.363275 0.585358 0.474920
v 0.346565 0.587419 0.474614
v 0.363374 0.589685 0.474277
v 0.344094 0.590977 0.474085
v 0.344094 0.590977 0.474085
v 0.363374 0.589685 0.474277
v 0.346565 0.587419 0.474614
v 0.363275 0.585358 0.474920
v 0.347812 0.583274 0.475230
v 0.364522 0.581213 0.475536
v 0.347713 0.578947 0.475873
v 0.366993 0.577656 0.476065
v 0.370445 0.575033 0.476455
v 0.346279 0.574862 0.476480
v 0.374540 0.573603 0.476667
v 0.378879 0.573504 0.476682
v 0.343650 0.571420 0.476991
v 0.390765 0.589065 0.474369
v 0.390667 0.584739 0.475012
v 0.389232 0.580654 0.475619
v 0.386603 0.577212 0.476131
v 0.383035 0.574748 0.476497
v 0.340082 0.568956 0.477358
v 0.335926 0.567713 0.477542
v 0.479300 0.567283 0.477606
v -0.088667 0.590868 0.474101
v -0.001818 0.589158 0.474355
v 0.246861 0.589004 0.474378
v 0.247710 0.588689 0.474425
v 0.248611 0.588606 0.474437
v 0.285099 0.588093 0.474514
v 0.281531 0.585629 0.474880
v 0.246302 0.583544 0.475190
v 0.242146 0.582301 0.475374
v -0.001818 0.580408 0.475656
v -0.138936 0.567283 0.477606
v -0.100588 0.567283 0.477606
v 0.245161 0.591062 0.474072
v 0.085031 0.590868 0.474101
v 0.245541 0.590233 0.474196
v 0.246121 0.589531 0.474300
v 0.251020 0.589731 0.474270
v 0.289255 0.589336 0.474329
v 0.250325 0.589146 0.474357
v 0.249504 0.588762 0.474414
v 0.324485 0.591421 0.474019
v 0.251854 0.591335 0.474032
v 0.251542 0.590478 0.474159
v 0.293594 0.589238 0.474344
v 0.321855 0.587978 0.474531
v 0.297689 0.587808 0.474556
v 0.301142 0.585185 0.474946
v 0.320420 0.583893 0.475138
v 0.303612 0.581627 0.475475
v 0.320322 0.579567 0.475781
v 0.304859 0.577482 0.476091
v 0.321569 0.575422 0.476397
v 0.304761 0.573155 0.476734
v 0.324039 0.571864 0.476925
v 0.327491 0.569241 0.477315
v 0.303326 0.569071 0.477341
v 0.331587 0.567811 0.477528
v 0.301960 0.567283 0.477606
v 0.250641 0.583446 0.475204
v 0.278902 0.582186 0.475391
v 0.254736 0.582016 0.475417
v 0.258188 0.579393 0.475806
v 0.277467 0.578102 0.475998
v 0.260659 0.575835 0.476335
v 0.277369 0.573775 0.476641
v 0.261905 0.571690 0.476951
v 0.278616 0.569630 0.477257
v 0.261807 0.567364 0.477594
v 0.280245 0.567283 0.477606
v 0.261779 0.567283 0.477606
v 0.238578 0.579837 0.475741
v 0.203349 0.577753 0.476050
v 0.199193 0.576509 0.476235
v 0.195625 0.574045 0.476601
v 0.192995 0.570603 0.477113
v 0.191829 0.567283 0.477606
v 0.096951 0.567283 0.477606
v 0.207687 0.577655 0.476065
v 0.235948 0.576395 0.476252
v 0.211783 0.576224 0.476277
v 0.215235 0.573602 0.476667
v 0.234514 0.572310 0.476859
v 0.217705 0.570043 0.477196
v 0.234416 0.567984 0.477502
v 0.218536 0.567283 0.477606
v 0.234626 0.567283 0.477606
v 0.340643 0.593589 0.473633
v 0.324636 0.591525 0.474004
v 0.343373 0.591525 0.474004
v 0.328052 0.593872 0.473582
v 0.336547 0.595012 0.473378
v 0.332209 0.595109 0.473360
v 0.332209 0.595109 0.473360
v 0.336547 0.595012 0.473378
v 0.328052 0.593872 0.473582
v 0.340643 0.593589 0.473633
v 0.324636 0.591525 0.474004
v 0.343373 0.591525 0.474004
v 0.389518 0.593202 0.473703
v 0.364020 0.591525 0.474004
v 0.390025 0.591525 0.474004
v 0.364808 0.593758 0.473603
v 0.387048 0.596742 0.473067
v 0.367437 0.597183 0.472988
v 0.383596 0.599351 0.472599
v 0.371005 0.599635 0.472548
v 0.379500 0.600774 0.472344
v 0.375162 0.600872 0.472326
v 0.375162 0.600872 0.472326
v 0.379500 0.600774 0.472344
v 0.371005 0.599635 0.472548
v 0.383596 0.599351 0.472599
v 0.367437 0.597183 0.472988
v 0.387048 0.596742 0.473067
v 0.364808 0.593758 0.473603
v 0.389518 0.593202 0.473703
v 0.364020 0.591525 0.474004
v 0.390025 0.591525 0.474004
v 0.496638 0.613276 0.465650
v 0.496638 0.613276 0.465650
v 0.492570 0.591081 0.471555
v 0.492570 0.591081 0.471555
v 0.488275 0.567117 0.476505
v 0.488275 0.567117 0.476505
v 0.479300 0.541728 0.480761
v 0.483826 0.541693 0.480484
v 0.479300 0.541728 0.480761
v 0.483826 0.541693 0.480484
v -0.507456 0.612159 0.460572
v -0.507456 0.612159 0.460572
v -0.504046 0.612766 0.463328
v -0.504046 0.612766 0.463328
v -0.500275 0.613276 0.465650
v -0.500275 0.613276 0.465650
v -0.496206 0.613683 0.467499
v -0.496206 0.613683 0.467499
v -0.491911 0.613979 0.468842
v -0.491911 0.613979 0.468842
v 0.500409 0.612766 0.463328
v 0.500409 0.612766 0.463328
v 0.503819 0.612159 0.460572
v 0.503819 0.612159 0.460572
v -0.507456 0.535390 0.471796
v -0.507456 0.514112 0.473976
v -0.507456 0.535390 0.471796
v -0.507456 0.514112 0.473976
v -0.507456 -0.515943 0.466248
v -0.507456 -0.515943 0.466248
v -0.507456 -0.457369 0.470525
v -0.507456 -0.457369 0.470525
v -0.507456 -0.394812 0.474035
v -0.507456 -0.394812 0.474035
v -0.507456 -0.329202 0.476849
v -0.507456 -0.329202 0.476849
v -0.507456 -0.261467 0.479042
v -0.507456 -0.261467 0.479042
v -0.507456 -0.192533 0.480687
v -0.507456 -0.192533 0.480687
v -0.507456 -0.123321 0.481859
v -0.507456 -0.123321 0.481859
v -0.507456 -0.054752 0.482632
v -0.507456 -0.054752 0.482632
v -0.507456 0.012252 0.483081
v -0.507456 0.012252 0.483081
v -0.507456 0.076772 0.483280
v -0.507456 0.076772 0.483280
v -0.507456 0.137890 0.483305
v -0.507456 0.137890 0.483305
v -0.507456 0.194688 0.483230
v -0.507456 0.194688 0.483230
v -0.507456 0.246248 0.483130
v -0.507456 0.246248 0.483130
v -0.507456 0.291626 0.483081
v -0.507456 0.291626 0.483081
v -0.507456 0.318298 0.482964
v -0.507456 0.318298 0.482964
v -0.507456 0.345751 0.482599
v -0.507456 0.345751 0.482599
v -0.507456 0.373776 0.481963
v -0.507456 0.373776 0.481963
v -0.507456 0.402133 0.481036
v -0.507456 0.402133 0.481036
v -0.507456 0.430585 0.479795
v -0.507456 0.430585 0.479795
v -0.507456 0.458893 0.478219
v -0.507456 0.458893 0.478219
v -0.507456 0.486815 0.476286
v -0.507456 0.486815 0.476286
v -0.507456 0.540542 0.471268
v -0.507456 0.535390 0.471796
v -0.507456 0.540542 0.471268
v -0.507456 0.535390 0.471796
v -0.507456 0.565858 0.468142
v -0.507456 0.565858 0.468142
v -0.507456 0.589815 0.464582
v -0.507456 0.589815 0.464582
v 0.503819 0.540542 0.471268
v 0.503819 0.535390 0.471796
v 0.503819 0.540542 0.471268
v 0.503819 0.535390 0.471796
v 0.503819 0.589815 0.464582
v 0.503819 0.589815 0.464582
v 0.503819 0.565858 0.468142
v 0.503819 0.565858 0.468142
v 0.503819 0.535390 0.471796
v 0.503819 0.514112 0.473976
v 0.503819 0.535390 0.471796
v 0.503819 0.514112 0.473976
v 0.503819 0.486815 0.476286
v 0.503819 0.486815 0.476286
v 0.503819 0.458893 0.478219
v 0.503819 0.458893 0.478219
v 0.503819 0.430585 0.479795
v 0.503819 0.430585 0.479795
v 0.503819 0.402133 0.481036
v 0.503819 0.402133 0.481036
v 0.503819 0.373776 0.481963
v 0.503819 0.373776 0.481963
v 0.503819 0.345751 0.482599
v 0.503819 0.345751 0.482599
v 0.503819 0.318298 0.482964
v 0.503819 0.318298 0.482964
v 0.503819 0.291626 0.483081
v 0.503819 0.291626 0.483081
v 0.503819 0.246248 0.483130
v 0.503819 0.246248 0.483130
v 0.503819 0.194688 0.483230
v 0.503819 0.194688 0.483230
v 0.503819 0.137890 0.483305
v 0.503819 0.137890 0.483305
v 0.503819 0.076772 0.483280
v 0.503819 0.076772 0.483280
v 0.503819 0.012252 0.483081
v 0.503819 0.012252 0.483081
v 0.503819 -0.054752 0.482632
v 0.503819 -0.054752 0.482632
v 0.503819 -0.123321 0.481859
v 0.503819 -0.123321 0.481859
v 0.503819 -0.192533 0.480687
v 0.503819 -0.192533 0.480687
v 0.503819 -0.261467 0.479042
v 0.503819 -0.261467 0.479042
v 0.503819 -0.329202 0.476849
v 0.503819 -0.329202 0.476849
v 0.503819 -0.394812 0.474035
v 0.503819 -0.394812 0.474035
v 0.503819 -0.457369 0.470525
v 0.503819 -0.457369 0.470525
v 0.503819 -0.515943 0.466248
v 0.503819 -0.515943 0.466248
v 0.500409 -0.516204 0.469052
v 0.500409 -0.516204 0.469052
v 0.496638 -0.516424 0.471415
v 0.496638 -0.516424 0.471415
v 0.492570 -0.516599 0.473296
v 0.492570 -0.516599 0.473296
v 0.488275 -0.516726 0.474663
v 0.488275 -0.516726 0.474663
v 0.483826 -0.516804 0.475493
v 0.483826 -0.516804 0.475493
v 0.479300 -0.516829 0.475771
v 0.479300 -0.516829 0.475771
v 0.479300 -0.516829 0.475771
v -0.482937 -0.516829 0.475771
v -0.482937 -0.516829 0.475771
v 0.479300 -0.516829 0.475771
v -0.482937 -0.516829 0.475771
v -0.487463 -0.516804 0.475493
v -0.487463 -0.516804 0.475493
v -0.482937 -0.516829 0.475771
v -0.491911 -0.516726 0.474663
v -0.491911 -0.516726 0.474663
v -0.496206 -0.516599 0.473296
v -0.496206 -0.516599 0.473296
v -0.500275 -0.516424 0.471415
v -0.500275 -0.516424 0.471415
v -0.504046 -0.516204 0.469052
v -0.504046 -0.516204 0.469052
v -0.138936 0.567283 0.477606
v -0.148778 0.573553 0.476674
v -0.163773 0.567283 0.477606
v -0.441350 0.573553 0.476674
v -0.458930 0.568798 0.477381
v -0.482937 0.567283 0.477606
v -0.461176 0.567283 0.477606
v -0.454805 0.570851 0.477076
v -0.450450 0.572343 0.476854
v -0.445939 0.573249 0.476720
v -0.441350 0.573553 0.476674
v -0.445939 0.573249 0.476720
v -0.450450 0.572343 0.476854
v -0.454805 0.570851 0.477076
v -0.458930 0.568798 0.477381
v -0.482937 0.567283 0.477606
v -0.461176 0.567283 0.477606
v -0.148778 0.573553 0.476674
v -0.138936 0.567283 0.477606
v -0.163773 0.567283 0.477606
v -0.482937 0.591525 0.474004
v -0.487463 0.591475 0.473728
v -0.482937 0.591525 0.474004
v -0.487463 0.591475 0.473728
v 0.164161 0.541728 0.480761
v 0.202727 0.550365 0.479695
v 0.105877 0.566097 0.477753
v 0.479300 0.541728 0.480761
v 0.207066 0.550267 0.479707
v 0.198632 0.551801 0.479517
v 0.195180 0.554435 0.479192
v 0.192709 0.558008 0.478751
v 0.191463 0.562170 0.478237
v 0.191561 0.566515 0.477701
v 0.211222 0.551515 0.479553
v 0.214790 0.553989 0.479247
v 0.250019 0.556083 0.478989
v 0.254176 0.557331 0.478835
v 0.257743 0.559805 0.478529
v 0.292972 0.561898 0.478271
v 0.297129 0.563147 0.478117
v 0.300696 0.565621 0.477811
v 0.288634 0.561997 0.478259
v 0.260373 0.563262 0.478103
v 0.284538 0.563433 0.478081
v 0.281086 0.566067 0.477756
v 0.245681 0.556181 0.478977
v 0.217420 0.557446 0.478821
v 0.241585 0.557617 0.478799
v 0.218854 0.561548 0.478314
v 0.238133 0.560251 0.478474
v 0.235663 0.563824 0.478033
v 0.218953 0.565893 0.477778
v 0.218953 0.565893 0.477778
v 0.235663 0.563824 0.478033
v 0.218854 0.561548 0.478314
v 0.238133 0.560251 0.478474
v 0.241585 0.557617 0.478799
v 0.217420 0.557446 0.478821
v 0.245681 0.556181 0.478977
v 0.250019 0.556083 0.478989
v 0.214790 0.553989 0.479247
v 0.281086 0.566067 0.477756
v 0.284538 0.563433 0.478081
v 0.260373 0.563262 0.478103
v 0.288634 0.561997 0.478259
v 0.292972 0.561898 0.478271
v 0.257743 0.559805 0.478529
v 0.300696 0.565621 0.477811
v 0.297129 0.563147 0.478117
v 0.254176 0.557331 0.478835
v 0.211222 0.551515 0.479553
v 0.207066 0.550267 0.479707
v 0.479300 0.541728 0.480761
v 0.191561 0.566515 0.477701
v 0.105877 0.566097 0.477753
v 0.191463 0.562170 0.478237
v 0.192709 0.558008 0.478751
v 0.195180 0.554435 0.479192
v 0.198632 0.551801 0.479517
v 0.202727 0.550365 0.479695
v 0.164161 0.541728 0.480761
v 0.261807 0.567364 0.477594
v 0.234626 0.567283 0.477606
v 0.261779 0.567283 0.477606
v 0.234416 0.567984 0.477502
v 0.261905 0.571690 0.476951
v 0.234514 0.572310 0.476859
v 0.260659 0.575835 0.476335
v 0.235948 0.576395 0.476252
v 0.258188 0.579393 0.475806
v 0.238578 0.579837 0.475741
v 0.254736 0.582016 0.475417
v 0.242146 0.582301 0.475374
v 0.250641 0.583446 0.475204
v 0.246302 0.583544 0.475190
v 0.246302 0.583544 0.475190
v 0.250641 0.583446 0.475204
v 0.242146 0.582301 0.475374
v 0.254736 0.582016 0.475417
v 0.238578 0.579837 0.475741
v 0.258188 0.579393 0.475806
v 0.235948 0.576395 0.476252
v 0.260659 0.575835 0.476335
v 0.234514 0.572310 0.476859
v 0.261905 0.571690 0.476951
v 0.234416 0.567984 0.477502
v 0.261807 0.567364 0.477594
v 0.234626 0.567283 0.477606
v 0.261779 0.567283 0.477606
v 0.303326 0.569071 0.477341
v 0.280245 0.567283 0.477606
v 0.301960 0.567283 0.477606
v 0.278616 0.569630 0.477257
v 0.304761 0.573155 0.476734
v 0.277369 0.573775 0.476641
v 0.304859 0.577482 0.476091
v 0.277467 0.578102 0.475998
v 0.303612 0.581627 0.475475
v 0.278902 0.582186 0.475391
v 0.301142 0.585185 0.474946
v 0.281531 0.585629 0.474880
v 0.297689 0.587808 0.474556
v 0.285099 0.588093 0.474514
v 0.293594 0.589238 0.474344
v 0.289255 0.589336 0.474329
v 0.289255 0.589336 0.474329
v 0.293594 0.589238 0.474344
v 0.285099 0.588093 0.474514
v 0.297689 0.587808 0.474556
v 0.281531 0.585629 0.474880
v 0.301142 0.585185 0.474946
v 0.278902 0.582186 0.475391
v 0.303612 0.581627 0.475475
v 0.277467 0.578102 0.475998
v 0.304859 0.577482 0.476091
v 0.277369 0.573775 0.476641
v 0.304761 0.573155 0.476734
v 0.278616 0.569630 0.477257
v 0.303326 0.569071 0.477341
v 0.280245 0.567283 0.477606
v 0.301960 0.567283 0.477606
v 0.383035 0.574748 0.476497
v 0.374540 0.573603 0.476667
v 0.378879 0.573504 0.476682
v 0.370445 0.575033 0.476455
v 0.386603 0.577212 0.476131
v 0.366993 0.577656 0.476065
v 0.389232 0.580654 0.475619
v 0.364522 0.581213 0.475536
v 0.390667 0.584739 0.475012
v 0.363275 0.585358 0.474920
v 0.390765 0.589065 0.474369
v 0.363374 0.589685 0.474277
v 0.363374 0.589685 0.474277
v 0.390765 0.589065 0.474369
v 0.363275 0.585358 0.474920
v 0.390667 0.584739 0.475012
v 0.364522 0.581213 0.475536
v 0.389232 0.580654 0.475619
v 0.366993 0.577656 0.476065
v 0.386603 0.577212 0.476131
v 0.370445 0.575033 0.476455
v 0.383035 0.574748 0.476497
v 0.374540 0.573603 0.476667
v 0.378879 0.573504 0.476682
v 0.340082 0.568956 0.477358
v 0.331587 0.567811 0.477528
v 0.335926 0.567713 0.477542
v 0.327491 0.569241 0.477315
v 0.343650 0.571420 0.476991
v 0.324039 0.571864 0.476925
v 0.346279 0.574862 0.476480
v 0.321569 0.575422 0.476397
v 0.347713 0.578947 0.475873
v 0.320322 0.579567 0.475781
v 0.347812 0.583274 0.475230
v 0.320420 0.583893 0.475138
v 0.346565 0.587419 0.474614
v 0.321855 0.587978 0.474531
v 0.344094 0.590977 0.474085
v 0.324485 0.591421 0.474019
v 0.324485 0.591421 0.474019
v 0.344094 0.590977 0.474085
v 0.321855 0.587978 0.474531
v 0.346565 0.587419 0.474614
v 0.320420 0.583893 0.475138
v 0.347812 0.583274 0.475230
v 0.320322 0.579567 0.475781
v 0.347713 0.578947 0.475873
v 0.321569 0.575422 0.476397
v 0.346279 0.574862 0.476480
v 0.324039 0.571864 0.476925
v 0.343650 0.571420 0.476991
v 0.327491 0.569241 0.477315
v 0.340082 0.568956 0.477358
v 0.331587 0.567811 0.477528
v 0.335926 0.567713 0.477542
v -0.109514 0.566097 0.477753
v -0.131620 0.556854 0.478894
v -0.109514 0.566097 0.477753
v -0.131620 0.556854 0.478894
v -0.001818 0.580408 0.475656
v 0.094634 0.567283 0.477606
v 0.096951 0.567283 0.477606
v -0.001818 0.580101 0.475701
v -0.100588 0.567283 0.477606
v -0.098271 0.567283 0.477606
v -0.001818 0.580408 0.475656
v -0.001818 0.580101 0.475701
v -0.100588 0.567283 0.477606
v -0.098271 0.567283 0.477606
v 0.094634 0.567283 0.477606
v 0.096951 0.567283 0.477606
v 0.217705 0.570043 0.477196
v 0.191829 0.567283 0.477606
v 0.218536 0.567283 0.477606
v 0.192995 0.570603 0.477113
v 0.215235 0.573602 0.476667
v 0.195625 0.574045 0.476601
v 0.211783 0.576224 0.476277
v 0.199193 0.576509 0.476235
v 0.207687 0.577655 0.476065
v 0.203349 0.577753 0.476050
v 0.203349 0.577753 0.476050
v 0.207687 0.577655 0.476065
v 0.199193 0.576509 0.476235
v 0.211783 0.576224 0.476277
v 0.195625 0.574045 0.476601
v 0.215235 0.573602 0.476667
v 0.192995 0.570603 0.477113
v 0.217705 0.570043 0.477196
v 0.191829 0.567283 0.477606
v 0.218536 0.567283 0.477606
v 0.496638 0.590743 0.469694
v 0.496638 0.590743 0.469694
v 0.492570 0.566913 0.475147
v 0.492570 0.566913 0.475147
v 0.488275 0.541590 0.479656
v 0.488275 0.541590 0.479656
v 0.483826 0.532894 0.481385
v 0.479300 0.532328 0.481724
v 0.483826 0.532894 0.481385
v 0.479300 0.532328 0.481724
v -0.504046 0.590319 0.467356
v -0.504046 0.590319 0.467356
v -0.500275 0.590743 0.469694
v -0.500275 0.590743 0.469694
v -0.496206 0.591081 0.471555
v -0.496206 0.591081 0.471555
v -0.491911 0.591326 0.472908
v -0.491911 0.591326 0.472908
v 0.500409 0.590319 0.467356
v 0.500409 0.590319 0.467356
v -0.504046 0.514403 0.476777
v -0.504046 0.534964 0.474670
v -0.504046 0.534964 0.474670
v -0.504046 0.514403 0.476777
v -0.504046 -0.457570 0.473334
v -0.504046 -0.457570 0.473334
v -0.504046 -0.394966 0.476846
v -0.504046 -0.394966 0.476846
v -0.504046 -0.329319 0.479662
v -0.504046 -0.329319 0.479662
v -0.504046 -0.261555 0.481856
v -0.504046 -0.261555 0.481856
v -0.504046 -0.192596 0.483501
v -0.504046 -0.192596 0.483501
v -0.504046 -0.123365 0.484673
v -0.504046 -0.123365 0.484673
v -0.504046 -0.054780 0.485447
v -0.504046 -0.054780 0.485447
v -0.504046 0.012237 0.485896
v -0.504046 0.012237 0.485896
v -0.504046 0.076767 0.486095
v -0.504046 0.076767 0.486095
v -0.504046 0.137892 0.486120
v -0.504046 0.137892 0.486120
v -0.504046 0.194693 0.486045
v -0.504046 0.194693 0.486045
v -0.504046 0.246253 0.485945
v -0.504046 0.246253 0.485945
v -0.504046 0.291635 0.485895
v -0.504046 0.291635 0.485895
v -0.504046 0.318325 0.485778
v -0.504046 0.318325 0.485778
v -0.504046 0.345807 0.485413
v -0.504046 0.345807 0.485413
v -0.504046 0.373862 0.484777
v -0.504046 0.373862 0.484777
v -0.504046 0.402252 0.483849
v -0.504046 0.402252 0.483849
v -0.504046 0.430740 0.482606
v -0.504046 0.430740 0.482606
v -0.504046 0.459087 0.481028
v -0.504046 0.459087 0.481028
v -0.504046 0.487054 0.479092
v -0.504046 0.487054 0.479092
v -0.504046 0.540891 0.474063
v -0.504046 0.534964 0.474670
v -0.504046 0.540891 0.474063
v -0.504046 0.534964 0.474670
v -0.504046 0.566278 0.470929
v -0.504046 0.566278 0.470929
v 0.500409 0.540891 0.474063
v 0.500409 0.534964 0.474670
v 0.500409 0.540891 0.474063
v 0.500409 0.534964 0.474670
v 0.500409 0.566278 0.470929
v 0.500409 0.566278 0.470929
v 0.500409 0.514403 0.476777
v 0.500409 0.534964 0.474670
v 0.500409 0.534964 0.474670
v 0.500409 0.514403 0.476777
v 0.500409 0.487054 0.479092
v 0.500409 0.487054 0.479092
v 0.500409 0.459087 0.481028
v 0.500409 0.459087 0.481028
v 0.500409 0.430740 0.482606
v 0.500409 0.430740 0.482606
v 0.500409 0.402252 0.483849
v 0.500409 0.402252 0.483849
v 0.500409 0.373862 0.484777
v 0.500409 0.373862 0.484777
v 0.500409 0.345807 0.485413
v 0.500409 0.345807 0.485413
v 0.500409 0.318325 0.485778
v 0.500409 0.318325 0.485778
v 0.500409 0.291635 0.485895
v 0.500409 0.291635 0.485895
v 0.500409 0.246253 0.485945
v 0.500409 0.246253 0.485945
v 0.500409 0.194693 0.486045
v 0.500409 0.194693 0.486045
v 0.500409 0.137892 0.486120
v 0.500409 0.137892 0.486120
v 0.500409 0.076767 0.486095
v 0.500409 0.076767 0.486095
v 0.500409 0.012237 0.485896
v 0.500409 0.012237 0.485896
v 0.500409 -0.054780 0.485447
v 0.500409 -0.054780 0.485447
v 0.500409 -0.123365 0.484673
v 0.500409 -0.123365 0.484673
v 0.500409 -0.192596 0.483501
v 0.500409 -0.192596 0.483501
v 0.500409 -0.261555 0.481856
v 0.500409 -0.261555 0.481856
v 0.500409 -0.329319 0.479662
v 0.500409 -0.329319 0.479662
v 0.500409 -0.394966 0.476846
v 0.500409 -0.394966 0.476846
v 0.500409 -0.457570 0.473334
v 0.500409 -0.457570 0.473334
v 0.496638 -0.457739 0.475700
v 0.496638 -0.457739 0.475700
v 0.492570 -0.457874 0.477584
v 0.492570 -0.457874 0.477584
v 0.488275 -0.457972 0.478953
v 0.488275 -0.457972 0.478953
v 0.483826 -0.458031 0.479784
v 0.483826 -0.458031 0.479784
v 0.479300 -0.458051 0.480063
v 0.479300 -0.458051 0.480063
v 0.479300 -0.458051 0.480063
v -0.482937 -0.458051 0.480063
v -0.482937 -0.458051 0.480063
v 0.479300 -0.458051 0.480063
v -0.482937 -0.458051 0.480063
v -0.487463 -0.458031 0.479784
v -0.487463 -0.458031 0.479784
v -0.482937 -0.458051 0.480063
v -0.491911 -0.457972 0.478953
v -0.491911 -0.457972 0.478953
v -0.496206 -0.457874 0.477584
v -0.496206 -0.457874 0.477584
v -0.500275 -0.457739 0.475700
v -0.500275 -0.457739 0.475700
v -0.475312 0.547248 0.480079
v -0.482937 0.541728 0.480761
v -0.476272 0.541728 0.480761
v -0.482937 0.567283 0.477606
v -0.473834 0.551644 0.479537
v -0.471800 0.555807 0.479023
v -0.469245 0.559667 0.478546
v -0.466212 0.563158 0.478115
v -0.462754 0.566219 0.477738
v -0.461176 0.567283 0.477606
v -0.461176 0.567283 0.477606
v -0.462754 0.566219 0.477738
v -0.482937 0.567283 0.477606
v -0.466212 0.563158 0.478115
v -0.469245 0.559667 0.478546
v -0.471800 0.555807 0.479023
v -0.473834 0.551644 0.479537
v -0.475312 0.547248 0.480079
v -0.482937 0.541728 0.480761
v -0.476272 0.541728 0.480761
v -0.475312 0.547248 0.480079
v -0.482937 0.541728 0.480761
v -0.476272 0.541728 0.480761
v -0.482937 0.567283 0.477606
v -0.473834 0.551644 0.479537
v -0.471800 0.555807 0.479023
v -0.469245 0.559667 0.478546
v -0.466212 0.563158 0.478115
v -0.462754 0.566219 0.477738
v -0.461176 0.567283 0.477606
v -0.461176 0.567283 0.477606
v -0.462754 0.566219 0.477738
v -0.482937 0.567283 0.477606
v -0.466212 0.563158 0.478115
v -0.469245 0.559667 0.478546
v -0.471800 0.555807 0.479023
v -0.473834 0.551644 0.479537
v -0.475312 0.547248 0.480079
v -0.482937 0.541728 0.480761
v -0.476272 0.541728 0.480761
v -0.461476 0.567081 0.463679
v -0.462754 0.566219 0.477738
v -0.462754 0.566219 0.465186
v -0.461176 0.567283 0.477606
v -0.458998 0.568752 0.459656
v -0.458930 0.568798 0.477381
v -0.458930 0.568798 0.459490
v -0.458930 0.568798 0.459490
v -0.458998 0.568752 0.459656
v -0.458930 0.568798 0.477381
v -0.461176 0.567283 0.477606
v -0.461476 0.567081 0.463679
v -0.462754 0.566219 0.477738
v -0.462754 0.566219 0.465186
v -0.456774 0.569871 0.455420
v -0.454805 0.570851 0.477076
v -0.455505 0.570503 0.451036
v -0.455348 0.570581 0.448452
v -0.454805 0.570851 0.448452
v -0.454805 0.570851 0.448452
v -0.455348 0.570581 0.448452
v -0.454805 0.570851 0.477076
v -0.455505 0.570503 0.451036
v -0.456774 0.569871 0.455420
v -0.450450 0.572343 0.448452
v -0.450450 0.572343 0.476854
v -0.450450 0.572343 0.476854
v -0.450450 0.572343 0.448452
v -0.445939 0.573249 0.448452
v -0.445939 0.573249 0.476720
v -0.445939 0.573249 0.476720
v -0.445939 0.573249 0.448452
v -0.441350 0.573553 0.448452
v -0.441350 0.573553 0.476674
v -0.441350 0.573553 0.476674
v -0.441350 0.573553 0.448452
v -0.148778 0.573553 0.448452
v -0.148778 0.573553 0.476674
v -0.148778 0.573553 0.476674
v -0.148778 0.573553 0.448452
v -0.163773 0.567283 0.477606
v -0.173932 0.563035 0.448452
v -0.173932 0.563035 0.478131
v -0.148778 0.573553 0.448452
v -0.148778 0.573553 0.476674
v -0.148778 0.573553 0.476674
v -0.163773 0.567283 0.477606
v -0.148778 0.573553 0.448452
v -0.173932 0.563035 0.448452
v -0.173932 0.563035 0.478131
v -0.131440 0.556597 0.478925
v -0.224891 0.541728 0.480761
v -0.167001 0.541728 0.480761
v -0.205313 0.549914 0.479750
v -0.173932 0.563035 0.478131
v -0.131620 0.556854 0.478894
v -0.173932 0.563035 0.478131
v -0.131620 0.556854 0.478894
v -0.131440 0.556597 0.478925
v -0.205313 0.549914 0.479750
v -0.224891 0.541728 0.480761
v -0.167001 0.541728 0.480761
v -0.482937 0.567283 0.477606
v -0.487463 0.567241 0.477330
v -0.482937 0.567283 0.477606
v -0.487463 0.567241 0.477330
v 0.297129 0.563147 0.478117
v 0.288634 0.561997 0.478259
v 0.292972 0.561898 0.478271
v 0.284538 0.563433 0.478081
v 0.300696 0.565621 0.477811
v 0.281086 0.566067 0.477756
v 0.281086 0.566067 0.477756
v 0.300696 0.565621 0.477811
v 0.284538 0.563433 0.478081
v 0.297129 0.563147 0.478117
v 0.288634 0.561997 0.478259
v 0.292972 0.561898 0.478271
v 0.254176 0.557331 0.478835
v 0.245681 0.556181 0.478977
v 0.250019 0.556083 0.478989
v 0.241585 0.557617 0.478799
v 0.257743 0.559805 0.478529
v 0.238133 0.560251 0.478474
v 0.260373 0.563262 0.478103
v 0.235663 0.563824 0.478033
v 0.235663 0.563824 0.478033
v 0.260373 0.563262 0.478103
v 0.238133 0.560251 0.478474
v 0.257743 0.559805 0.478529
v 0.241585 0.557617 0.478799
v 0.254176 0.557331 0.478835
v 0.245681 0.556181 0.478977
v 0.250019 0.556083 0.478989
v 0.211222 0.551515 0.479553
v 0.202727 0.550365 0.479695
v 0.207066 0.550267 0.479707
v 0.198632 0.551801 0.479517
v 0.214790 0.553989 0.479247
v 0.195180 0.554435 0.479192
v 0.217420 0.557446 0.478821
v 0.192709 0.558008 0.478751
v 0.218854 0.561548 0.478314
v 0.191463 0.562170 0.478237
v 0.218953 0.565893 0.477778
v 0.191561 0.566515 0.477701
v 0.191561 0.566515 0.477701
v 0.218953 0.565893 0.477778
v 0.191463 0.562170 0.478237
v 0.218854 0.561548 0.478314
v 0.192709 0.558008 0.478751
v 0.217420 0.557446 0.478821
v 0.195180 0.554435 0.479192
v 0.214790 0.553989 0.479247
v 0.198632 0.551801 0.479517
v 0.211222 0.551515 0.479553
v 0.202727 0.550365 0.479695
v 0.207066 0.550267 0.479707
v 0.105877 0.566097 0.477753
v 0.163365 0.541728 0.480761
v 0.164161 0.541728 0.480761
v 0.105793 0.565800 0.477789
v 0.105877 0.566097 0.477753
v 0.105793 0.565800 0.477789
v 0.163365 0.541728 0.480761
v 0.164161 0.541728 0.480761
v 0.342619 0.517226 0.483272
v 0.217905 0.515097 0.483490
v 0.315746 0.515097 0.483490
v 0.206233 0.524138 0.482563
v 0.428405 0.525974 0.482375
v 0.479300 0.532328 0.481724
v 0.479300 0.532328 0.481724
v 0.428405 0.525974 0.482375
v 0.206233 0.524138 0.482563
v 0.342619 0.517226 0.483272
v 0.217905 0.515097 0.483490
v 0.315746 0.515097 0.483490
v -0.109430 0.565800 0.477789
v -0.131620 0.556854 0.478894
v -0.131440 0.556597 0.478925
v -0.109514 0.566097 0.477753
v -0.109514 0.566097 0.477753
v -0.109430 0.565800 0.477789
v -0.131620 0.556854 0.478894
v -0.131440 0.556597 0.478925
v -0.001818 0.580127 0.417777
v -0.109430 0.565800 0.477789
v -0.109430 0.565827 0.417777
v -0.098271 0.567283 0.477606
v -0.001818 0.580101 0.475701
v -0.001818 0.580101 0.475701
v -0.001818 0.580127 0.417777
v -0.098271 0.567283 0.477606
v -0.109430 0.565800 0.477789
v -0.109430 0.565827 0.417777
v 0.105793 0.565827 0.417777
v 0.094634 0.567283 0.477606
v 0.105793 0.565800 0.477789
v 0.105793 0.565800 0.477789
v 0.105793 0.565827 0.417777
v 0.094634 0.567283 0.477606
v 0.496638 0.566631 0.473277
v 0.496638 0.566631 0.473277
v 0.492570 0.541420 0.478294
v 0.492570 0.541420 0.478294
v 0.488275 0.533449 0.480491
v 0.488275 0.533449 0.480491
v 0.483826 0.532894 0.481385
v 0.479300 0.515097 0.483490
v 0.483826 0.515069 0.483212
v 0.479300 0.532328 0.481724
v 0.479300 0.532328 0.481724
v 0.483826 0.532894 0.481385
v 0.479300 0.515097 0.483490
v 0.483826 0.515069 0.483212
v -0.500275 0.566631 0.473277
v -0.500275 0.566631 0.473277
v -0.496206 0.566913 0.475147
v -0.496206 0.566913 0.475147
v -0.491911 0.567117 0.476505
v -0.491911 0.567117 0.476505
v -0.500275 0.514647 0.479138
v -0.500275 0.534493 0.477104
v -0.500275 0.534493 0.477104
v -0.500275 0.514647 0.479138
v -0.500275 -0.395095 0.479215
v -0.500275 -0.395095 0.479215
v -0.500275 -0.329418 0.482032
v -0.500275 -0.329418 0.482032
v -0.500275 -0.261629 0.484227
v -0.500275 -0.261629 0.484227
v -0.500275 -0.192650 0.485873
v -0.500275 -0.192650 0.485873
v -0.500275 -0.123401 0.487045
v -0.500275 -0.123401 0.487045
v -0.500275 -0.054804 0.487818
v -0.500275 -0.054804 0.487818
v -0.500275 0.012224 0.488267
v -0.500275 0.012224 0.488267
v -0.500275 0.076762 0.488467
v -0.500275 0.076762 0.488467
v -0.500275 0.137892 0.488492
v -0.500275 0.137892 0.488492
v -0.500275 0.194697 0.488417
v -0.500275 0.194697 0.488417
v -0.500275 0.246257 0.488317
v -0.500275 0.246257 0.488317
v -0.500275 0.291642 0.488267
v -0.500275 0.291642 0.488267
v -0.500275 0.318349 0.488150
v -0.500275 0.318349 0.488150
v -0.500275 0.345854 0.487785
v -0.500275 0.345854 0.487785
v -0.500275 0.373934 0.487148
v -0.500275 0.373934 0.487148
v -0.500275 0.402352 0.486219
v -0.500275 0.402352 0.486219
v -0.500275 0.430870 0.484975
v -0.500275 0.430870 0.484975
v -0.500275 0.459250 0.483395
v -0.500275 0.459250 0.483395
v -0.500275 0.487256 0.481456
v -0.500275 0.487256 0.481456
v -0.500275 0.541185 0.476419
v -0.500275 0.534493 0.477104
v -0.500275 0.541185 0.476419
v -0.500275 0.534493 0.477104
v 0.496638 0.541185 0.476419
v 0.496638 0.534493 0.477104
v 0.496638 0.541185 0.476419
v 0.496638 0.534493 0.477104
v 0.496638 0.514647 0.479138
v 0.496638 0.534493 0.477104
v 0.496638 0.534493 0.477104
v 0.496638 0.514647 0.479138
v 0.496638 0.487256 0.481456
v 0.496638 0.487256 0.481456
v 0.496638 0.459250 0.483395
v 0.496638 0.459250 0.483395
v 0.496638 0.430870 0.484975
v 0.496638 0.430870 0.484975
v 0.496638 0.402352 0.486219
v 0.496638 0.402352 0.486219
v 0.496638 0.373934 0.487148
v 0.496638 0.373934 0.487148
v 0.496638 0.345854 0.487785
v 0.496638 0.345854 0.487785
v 0.496638 0.318349 0.488150
v 0.496638 0.318349 0.488150
v 0.496638 0.291642 0.488267
v 0.496638 0.291642 0.488267
v 0.496638 0.246257 0.488317
v 0.496638 0.246257 0.488317
v 0.496638 0.194697 0.488417
v 0.496638 0.194697 0.488417
v 0.496638 0.137892 0.488492
v 0.496638 0.137892 0.488492
v 0.496638 0.076762 0.488467
v 0.496638 0.076762 0.488467
v 0.496638 0.012224 0.488267
v 0.496638 0.012224 0.488267
v 0.496638 -0.054804 0.487818
v 0.496638 -0.054804 0.487818
v 0.496638 -0.123401 0.487045
v 0.496638 -0.123401 0.487045
v 0.496638 -0.192650 0.485873
v 0.496638 -0.192650 0.485873
v 0.496638 -0.261629 0.484227
v 0.496638 -0.261629 0.484227
v 0.496638 -0.329418 0.482032
v 0.496638 -0.329418 0.482032
v 0.496638 -0.395095 0.479215
v 0.496638 -0.395095 0.479215
v 0.492570 -0.395199 0.481101
v 0.492570 -0.395199 0.481101
v 0.488275 -0.395274 0.482471
v 0.488275 -0.395274 0.482471
v 0.483826 -0.395319 0.483303
v 0.483826 -0.395319 0.483303
v 0.479300 -0.395335 0.483582
v 0.479300 -0.395335 0.483582
v 0.479300 -0.395335 0.483582
v -0.482937 -0.395335 0.483582
v -0.482937 -0.395335 0.483582
v 0.479300 -0.395335 0.483582
v -0.482937 -0.395335 0.483582
v -0.487463 -0.395319 0.483303
v -0.487463 -0.395319 0.483303
v -0.482937 -0.395335 0.483582
v -0.491911 -0.395274 0.482471
v -0.491911 -0.395274 0.482471
v -0.496206 -0.395199 0.481101
v -0.496206 -0.395199 0.481101
v -0.221036 0.515097 0.483490
v -0.267211 0.517472 0.483246
v -0.319383 0.515097 0.483490
v -0.209708 0.523872 0.482591
v -0.346256 0.517226 0.483272
v -0.260898 0.522362 0.482745
v -0.248802 0.531731 0.481785
v -0.432042 0.525974 0.482375
v -0.306446 0.520580 0.482928
v -0.345681 0.523687 0.482609
v -0.388503 0.528054 0.482162
v -0.482937 0.532328 0.481724
v -0.431324 0.532421 0.481715
v -0.453917 0.535242 0.481426
v -0.476510 0.538062 0.481137
v -0.482937 0.541728 0.480761
v -0.476272 0.541728 0.480761
v -0.476272 0.541728 0.480761
v -0.476510 0.538062 0.481137
v -0.482937 0.541728 0.480761
v -0.482937 0.532328 0.481724
v -0.453917 0.535242 0.481426
v -0.431324 0.532421 0.481715
v -0.388503 0.528054 0.482162
v -0.432042 0.525974 0.482375
v -0.345681 0.523687 0.482609
v -0.306446 0.520580 0.482928
v -0.267211 0.517472 0.483246
v -0.346256 0.517226 0.483272
v -0.248802 0.531731 0.481785
v -0.209708 0.523872 0.482591
v -0.260898 0.522362 0.482745
v -0.319383 0.515097 0.483490
v -0.221036 0.515097 0.483490
v -0.475312 0.547248 0.480079
v -0.476272 0.541728 0.480761
v -0.453554 0.539907 0.481067
v -0.453554 0.539907 0.481067
v -0.476272 0.541728 0.480761
v -0.475312 0.547248 0.480079
v -0.475312 0.547248 0.448452
v -0.473834 0.551644 0.479537
v -0.475312 0.547248 0.480079
v -0.473834 0.551644 0.478280
v -0.473834 0.551644 0.448452
v -0.473834 0.551644 0.448452
v -0.475312 0.547248 0.448452
v -0.473834 0.551644 0.478280
v -0.473834 0.551644 0.479537
v -0.475312 0.547248 0.480079
v -0.471800 0.555807 0.479023
v -0.471965 0.555469 0.476318
v -0.471800 0.555807 0.476083
v -0.471800 0.555807 0.476083
v -0.471965 0.555469 0.476318
v -0.471800 0.555807 0.479023
v -0.469245 0.559667 0.478546
v -0.469650 0.559055 0.473789
v -0.469245 0.559667 0.473220
v -0.469245 0.559667 0.473220
v -0.469650 0.559055 0.473789
v -0.469245 0.559667 0.478546
v -0.466212 0.563158 0.478115
v -0.467033 0.562213 0.470805
v -0.466212 0.563158 0.469632
v -0.466212 0.563158 0.469632
v -0.467033 0.562213 0.470805
v -0.466212 0.563158 0.478115
v -0.464247 0.564898 0.467416
v -0.464247 0.564898 0.467416
v -0.482937 0.541728 0.480761
v -0.487463 0.541693 0.480484
v -0.482937 0.541728 0.480761
v -0.487463 0.541693 0.480484
v -0.451733 0.563335 0.467576
v -0.462754 0.566219 0.465186
v -0.464247 0.564898 0.467416
v -0.461476 0.567081 0.463679
v -0.451538 0.565840 0.463806
v -0.451538 0.565840 0.463806
v -0.451733 0.563335 0.467576
v -0.461476 0.567081 0.463679
v -0.462754 0.566219 0.465186
v -0.464247 0.564898 0.467416
v -0.462754 0.566219 0.448452
v -0.461476 0.567081 0.463679
v -0.462754 0.566219 0.465186
v -0.458930 0.568798 0.448452
v -0.458998 0.568752 0.459656
v -0.458930 0.568798 0.459490
v -0.458930 0.568798 0.459490
v -0.458930 0.568798 0.448452
v -0.458998 0.568752 0.459656
v -0.461476 0.567081 0.463679
v -0.462754 0.566219 0.448452
v -0.462754 0.566219 0.465186
v -0.458998 0.568752 0.459656
v -0.451386 0.567801 0.459754
v -0.451386 0.567801 0.459754
v -0.458998 0.568752 0.459656
v -0.458930 0.568798 0.459490
v -0.456774 0.569871 0.455420
v -0.451279 0.569185 0.455491
v -0.451279 0.569185 0.455491
v -0.456774 0.569871 0.455420
v -0.458930 0.568798 0.459490
v -0.205313 0.549914 0.448452
v -0.303733 0.555473 0.448452
v -0.209812 0.548033 0.448452
v -0.173932 0.563035 0.448452
v -0.388503 0.563861 0.448452
v -0.148778 0.573553 0.448452
v -0.451210 0.570067 0.448452
v -0.455348 0.570581 0.448452
v -0.454805 0.570851 0.448452
v -0.450450 0.572343 0.448452
v -0.445939 0.573249 0.448452
v -0.441350 0.573553 0.448452
v -0.441350 0.573553 0.448452
v -0.148778 0.573553 0.448452
v -0.445939 0.573249 0.448452
v -0.450450 0.572343 0.448452
v -0.454805 0.570851 0.448452
v -0.455348 0.570581 0.448452
v -0.451210 0.570067 0.448452
v -0.388503 0.563861 0.448452
v -0.173932 0.563035 0.448452
v -0.303733 0.555473 0.448452
v -0.205313 0.549914 0.448452
v -0.209812 0.548033 0.448452
v -0.455505 0.570503 0.451036
v -0.451217 0.569967 0.451091
v -0.451217 0.569967 0.451091
v -0.455505 0.570503 0.451036
v -0.455348 0.570581 0.448452
v -0.451210 0.570067 0.448452
v -0.451210 0.570067 0.448452
v -0.455348 0.570581 0.448452
v -0.173932 0.563035 0.478131
v -0.205313 0.549914 0.448452
v -0.205313 0.549914 0.479750
v -0.173932 0.563035 0.448452
v -0.173932 0.563035 0.448452
v -0.173932 0.563035 0.478131
v -0.205313 0.549914 0.448452
v -0.205313 0.549914 0.479750
v -0.224891 0.541728 0.480761
v -0.248802 0.531731 0.479462
v -0.248802 0.531731 0.481785
v -0.244391 0.533575 0.478387
v -0.236627 0.536821 0.475833
v -0.229646 0.539740 0.472819
v -0.223568 0.542282 0.469396
v -0.205313 0.549914 0.479750
v -0.218501 0.544400 0.465627
v -0.214533 0.546059 0.461575
v -0.211733 0.547230 0.457312
v -0.210150 0.547892 0.452912
v -0.209812 0.548033 0.448452
v -0.205313 0.549914 0.448452
v -0.205313 0.549914 0.448452
v -0.205313 0.549914 0.479750
v -0.209812 0.548033 0.448452
v -0.210150 0.547892 0.452912
v -0.211733 0.547230 0.457312
v -0.214533 0.546059 0.461575
v -0.218501 0.544400 0.465627
v -0.223568 0.542282 0.469396
v -0.224891 0.541728 0.480761
v -0.229646 0.539740 0.472819
v -0.236627 0.536821 0.475833
v -0.244391 0.533575 0.478387
v -0.248802 0.531731 0.479462
v -0.248802 0.531731 0.481785
v -0.209708 0.523872 0.482591
v -0.209708 0.523901 0.417777
v -0.167001 0.541728 0.480761
v -0.131440 0.556597 0.478925
v -0.131440 0.556597 0.478925
v -0.167001 0.541728 0.480761
v -0.209708 0.523872 0.482591
v -0.209708 0.523901 0.417777
v 0.217905 0.515097 0.483490
v 0.206071 0.523872 0.482591
v 0.217399 0.515097 0.483490
v 0.206233 0.524138 0.482563
v 0.206233 0.524138 0.482563
v 0.206071 0.523872 0.482591
v 0.217905 0.515097 0.483490
v 0.217399 0.515097 0.483490
v 0.206071 0.523901 0.417777
v 0.163365 0.541728 0.480761
v 0.206071 0.523872 0.482591
v 0.206071 0.523872 0.482591
v 0.206071 0.523901 0.417777
v 0.163365 0.541728 0.480761
v 0.256661 0.510417 0.483886
v 0.226173 0.508694 0.484032
v 0.256661 0.510417 0.483886
v 0.226173 0.508694 0.484032
v 0.479300 0.515097 0.483490
v 0.342619 0.517226 0.483272
v 0.315746 0.515097 0.483490
v 0.428405 0.525974 0.482375
v 0.479300 0.532328 0.481724
v 0.479300 0.532328 0.481724
v 0.479300 0.515097 0.483490
v 0.428405 0.525974 0.482375
v 0.342619 0.517226 0.483272
v 0.315746 0.515097 0.483490
v 0.492570 0.533985 0.479055
v 0.492570 0.533985 0.479055
v 0.488275 0.533449 0.480491
v 0.488275 0.514983 0.482383
v 0.488275 0.533449 0.480491
v 0.488275 0.514983 0.482383
v 0.479300 0.487627 0.485815
v 0.483826 0.487603 0.485536
v 0.479300 0.487627 0.485815
v 0.483826 0.487603 0.485536
v -0.496206 0.541420 0.478294
v -0.496206 0.541420 0.478294
v -0.491911 0.541590 0.479656
v -0.491911 0.541590 0.479656
v -0.496206 0.514841 0.481017
v -0.496206 0.533985 0.479055
v -0.496206 0.533985 0.479055
v -0.496206 0.514841 0.481017
v -0.496206 -0.329496 0.483919
v -0.496206 -0.329496 0.483919
v -0.496206 -0.261687 0.486114
v -0.496206 -0.261687 0.486114
v -0.496206 -0.192692 0.487761
v -0.496206 -0.192692 0.487761
v -0.496206 -0.123431 0.488933
v -0.496206 -0.123431 0.488933
v -0.496206 -0.054823 0.489706
v -0.496206 -0.054823 0.489706
v -0.496206 0.012214 0.490156
v -0.496206 0.012214 0.490156
v -0.496206 0.076759 0.490355
v -0.496206 0.076759 0.490355
v -0.496206 0.137893 0.490380
v -0.496206 0.137893 0.490380
v -0.496206 0.194700 0.490305
v -0.496206 0.194700 0.490305
v -0.496206 0.246260 0.490205
v -0.496206 0.246260 0.490205
v -0.496206 0.291648 0.490156
v -0.496206 0.291648 0.490156
v -0.496206 0.318367 0.490038
v -0.496206 0.318367 0.490038
v -0.496206 0.345891 0.489672
v -0.496206 0.345891 0.489672
v -0.496206 0.373992 0.489036
v -0.496206 0.373992 0.489036
v -0.496206 0.402432 0.488106
v -0.496206 0.402432 0.488106
v -0.496206 0.430973 0.486861
v -0.496206 0.430973 0.486861
v -0.496206 0.459381 0.485279
v -0.496206 0.459381 0.485279
v -0.496206 0.487416 0.483338
v -0.496206 0.487416 0.483338
v -0.496206 0.533985 0.479055
v -0.496206 0.533985 0.479055
v 0.492570 0.514841 0.481017
v 0.492570 0.533985 0.479055
v 0.492570 0.533985 0.479055
v 0.492570 0.514841 0.481017
v 0.492570 0.487416 0.483338
v 0.492570 0.487416 0.483338
v 0.492570 0.459381 0.485279
v 0.492570 0.459381 0.485279
v 0.492570 0.430973 0.486861
v 0.492570 0.430973 0.486861
v 0.492570 0.402432 0.488106
v 0.492570 0.402432 0.488106
v 0.492570 0.373992 0.489036
v 0.492570 0.373992 0.489036
v 0.492570 0.345891 0.489672
v 0.492570 0.345891 0.489672
v 0.492570 0.318367 0.490038
v 0.492570 0.318367 0.490038
v 0.492570 0.291648 0.490156
v 0.492570 0.291648 0.490156
v 0.492570 0.246260 0.490205
v 0.492570 0.246260 0.490205
v 0.492570 0.194700 0.490305
v 0.492570 0.194700 0.490305
v 0.492570 0.137893 0.490380
v 0.492570 0.137893 0.490380
v 0.492570 0.076759 0.490355
v 0.492570 0.076759 0.490355
v 0.492570 0.012214 0.490156
v 0.492570 0.012214 0.490156
v 0.492570 -0.054823 0.489706
v 0.492570 -0.054823 0.489706
v 0.492570 -0.123431 0.488933
v 0.492570 -0.123431 0.488933
v 0.492570 -0.192692 0.487761
v 0.492570 -0.192692 0.487761
v 0.492570 -0.261687 0.486114
v 0.492570 -0.261687 0.486114
v 0.492570 -0.329496 0.483919
v 0.492570 -0.329496 0.483919
v 0.488275 -0.329553 0.485290
v 0.488275 -0.329553 0.485290
v 0.483826 -0.329588 0.486122
v 0.483826 -0.329588 0.486122
v 0.479300 -0.329600 0.486401
v 0.479300 -0.329600 0.486401
v 0.479300 -0.329600 0.486401
v -0.482937 -0.329600 0.486401
v -0.482937 -0.329600 0.486401
v 0.479300 -0.329600 0.486401
v -0.482937 -0.329600 0.486401
v -0.487463 -0.329588 0.486122
v -0.487463 -0.329588 0.486122
v -0.482937 -0.329600 0.486401
v -0.491911 -0.329553 0.485290
v -0.491911 -0.329553 0.485290
v -0.306084 0.525244 0.482888
v -0.267211 0.517472 0.483246
v -0.260898 0.522362 0.482745
v -0.260898 0.522362 0.482745
v -0.267211 0.517472 0.483246
v -0.306084 0.525244 0.482888
v -0.306446 0.520580 0.482928
v -0.306446 0.520580 0.482928
v -0.388503 0.528054 0.482162
v -0.345681 0.523687 0.482609
v -0.345681 0.523687 0.482609
v -0.388503 0.528054 0.482162
v -0.388140 0.532719 0.481803
v -0.431324 0.532421 0.481715
v -0.453917 0.535242 0.481426
v -0.388140 0.532719 0.481803
v -0.453917 0.535242 0.481426
v -0.431324 0.532421 0.481715
v -0.476510 0.538062 0.481137
v -0.476510 0.538062 0.481137
v -0.487463 0.532894 0.481385
v -0.482937 0.532328 0.481724
v -0.487463 0.532894 0.481385
v -0.482937 0.532328 0.481724
v -0.346256 0.517226 0.483272
v -0.482937 0.515097 0.483490
v -0.319383 0.515097 0.483490
v -0.432042 0.525974 0.482375
v -0.482937 0.532328 0.481724
v -0.482937 0.532328 0.481724
v -0.432042 0.525974 0.482375
v -0.482937 0.515097 0.483490
v -0.346256 0.517226 0.483272
v -0.319383 0.515097 0.483490
v -0.260298 0.510417 0.483886
v -0.229338 0.508667 0.484034
v -0.260298 0.510417 0.483886
v -0.229338 0.508667 0.484034
v -0.295819 0.457175 0.487890
v -0.295819 0.457207 0.417777
v -0.292750 0.459552 0.487758
v -0.256503 0.487627 0.485815
v -0.229338 0.508667 0.484034
v -0.221036 0.515097 0.483490
v -0.221036 0.515097 0.483490
v -0.229338 0.508667 0.484034
v -0.256503 0.487627 0.485815
v -0.292750 0.459552 0.487758
v -0.295819 0.457175 0.487890
v -0.295819 0.457207 0.417777
v -0.453199 0.544481 0.480125
v -0.453199 0.544481 0.480125
v -0.303733 0.555473 0.448452
v -0.345681 0.523687 0.448452
v -0.306446 0.520580 0.448452
v -0.388503 0.528054 0.448452
v -0.431324 0.532421 0.448452
v -0.476510 0.538062 0.448452
v -0.476209 0.542695 0.448452
v -0.475312 0.547248 0.448452
v -0.473834 0.551644 0.448452
v -0.471800 0.555807 0.448452
v -0.388503 0.563861 0.448452
v -0.469245 0.559667 0.448452
v -0.466212 0.563158 0.448452
v -0.462754 0.566219 0.448452
v -0.451210 0.570067 0.448452
v -0.458930 0.568798 0.448452
v -0.455348 0.570581 0.448452
v -0.455348 0.570581 0.448452
v -0.451210 0.570067 0.448452
v -0.458930 0.568798 0.448452
v -0.462754 0.566219 0.448452
v -0.388503 0.563861 0.448452
v -0.466212 0.563158 0.448452
v -0.469245 0.559667 0.448452
v -0.471800 0.555807 0.448452
v -0.303733 0.555473 0.448452
v -0.473834 0.551644 0.448452
v -0.475312 0.547248 0.448452
v -0.476209 0.542695 0.448452
v -0.476510 0.538062 0.448452
v -0.431324 0.532421 0.448452
v -0.388503 0.528054 0.448452
v -0.345681 0.523687 0.448452
v -0.306446 0.520580 0.448452
v -0.452533 0.553043 0.476567
v -0.473879 0.551510 0.478347
v -0.452856 0.548886 0.478616
v -0.473834 0.551644 0.478280
v -0.471965 0.555469 0.476318
v -0.471965 0.555469 0.476318
v -0.452533 0.553043 0.476567
v -0.473834 0.551644 0.478280
v -0.473879 0.551510 0.478347
v -0.452856 0.548886 0.478616
v -0.452235 0.556880 0.474012
v -0.471800 0.555807 0.476083
v -0.469650 0.559055 0.473789
v -0.469650 0.559055 0.473789
v -0.452235 0.556880 0.474012
v -0.471800 0.555807 0.476083
v -0.451967 0.560332 0.470998
v -0.469245 0.559667 0.473220
v -0.467033 0.562213 0.470805
v -0.467033 0.562213 0.470805
v -0.451967 0.560332 0.470998
v -0.469245 0.559667 0.473220
v -0.466212 0.563158 0.469632
v -0.466212 0.563158 0.469632
v -0.466212 0.563158 0.469632
v -0.466212 0.563158 0.448452
v -0.464247 0.564898 0.467416
v -0.464247 0.564898 0.467416
v -0.466212 0.563158 0.469632
v -0.466212 0.563158 0.448452
v -0.386318 0.556148 0.468312
v -0.451538 0.565840 0.463806
v -0.451733 0.563335 0.467576
v -0.386124 0.558652 0.464542
v -0.386124 0.558652 0.464542
v -0.386318 0.556148 0.468312
v -0.451538 0.565840 0.463806
v -0.451733 0.563335 0.467576
v -0.451386 0.567801 0.459754
v -0.385971 0.560614 0.460490
v -0.385971 0.560614 0.460490
v -0.451386 0.567801 0.459754
v -0.456774 0.569871 0.455420
v -0.455348 0.570581 0.448452
v -0.455505 0.570503 0.451036
v -0.455505 0.570503 0.451036
v -0.456774 0.569871 0.455420
v -0.455348 0.570581 0.448452
v -0.451279 0.569185 0.455491
v -0.385864 0.561998 0.456227
v -0.385864 0.561998 0.456227
v -0.451279 0.569185 0.455491
v -0.248802 0.531731 0.448452
v -0.306446 0.520580 0.448452
v -0.267211 0.517472 0.448452
v -0.303733 0.555473 0.448452
v -0.209812 0.548033 0.448452
v -0.209812 0.548033 0.448452
v -0.248802 0.531731 0.448452
v -0.303733 0.555473 0.448452
v -0.306446 0.520580 0.448452
v -0.267211 0.517472 0.448452
v -0.210150 0.547892 0.452912
v -0.303733 0.555473 0.448452
v -0.303747 0.555306 0.452912
v -0.209812 0.548033 0.448452
v -0.209812 0.548033 0.448452
v -0.210150 0.547892 0.452912
v -0.303733 0.555473 0.448452
v -0.303747 0.555306 0.452912
v -0.385803 0.562780 0.451827
v -0.388503 0.563861 0.448452
v -0.451210 0.570067 0.448452
v -0.451210 0.570067 0.448452
v -0.388503 0.563861 0.448452
v -0.385803 0.562780 0.451827
v -0.303733 0.555473 0.448452
v -0.388503 0.563861 0.448452
v -0.388503 0.563861 0.448452
v -0.303733 0.555473 0.448452
v -0.451217 0.569967 0.451091
v -0.451217 0.569967 0.451091
v -0.211733 0.547230 0.457312
v -0.303807 0.554523 0.457312
v -0.211733 0.547230 0.457312
v -0.303807 0.554523 0.457312
v -0.214533 0.546059 0.461575
v -0.303915 0.553139 0.461575
v -0.214533 0.546059 0.461575
v -0.303915 0.553139 0.461575
v -0.218501 0.544400 0.465627
v -0.304067 0.551178 0.465627
v -0.218501 0.544400 0.465627
v -0.304067 0.551178 0.465627
v -0.223568 0.542282 0.469396
v -0.304262 0.548673 0.469396
v -0.223568 0.542282 0.469396
v -0.304262 0.548673 0.469396
v -0.229646 0.539740 0.472819
v -0.304496 0.545669 0.472819
v -0.229646 0.539740 0.472819
v -0.304496 0.545669 0.472819
v -0.304764 0.542218 0.475833
v -0.236627 0.536821 0.475833
v -0.304764 0.542218 0.475833
v -0.236627 0.536821 0.475833
v -0.305063 0.538381 0.478387
v -0.244391 0.533575 0.478387
v -0.305063 0.538381 0.478387
v -0.244391 0.533575 0.478387
v -0.248802 0.531731 0.479462
v -0.305386 0.534224 0.480437
v -0.251132 0.529926 0.480437
v -0.305386 0.534224 0.480437
v -0.248802 0.531731 0.479462
v -0.251132 0.529926 0.480437
v 0.226173 0.508694 0.484032
v 0.225701 0.508667 0.484034
v 0.226173 0.508694 0.484032
v 0.225701 0.508667 0.484034
v 0.292182 0.457207 0.417777
v 0.217399 0.515097 0.483490
v 0.225701 0.508667 0.484034
v 0.252866 0.487627 0.485815
v 0.289113 0.459552 0.487758
v 0.292182 0.457175 0.487890
v 0.292182 0.457175 0.487890
v 0.292182 0.457207 0.417777
v 0.289113 0.459552 0.487758
v 0.252866 0.487627 0.485815
v 0.225701 0.508667 0.484034
v 0.217399 0.515097 0.483490
v 0.479300 0.487627 0.485815
v 0.225701 0.508667 0.484034
v 0.252866 0.487627 0.485815
v 0.226173 0.508694 0.484032
v 0.256661 0.510417 0.483886
v 0.256661 0.510417 0.483886
v 0.226173 0.508694 0.484032
v 0.225701 0.508667 0.484034
v 0.479300 0.487627 0.485815
v 0.252866 0.487627 0.485815
v 0.488275 0.487532 0.484706
v 0.488275 0.487532 0.484706
v 0.479300 0.459552 0.487758
v 0.483826 0.459533 0.487479
v 0.479300 0.459552 0.487758
v 0.483826 0.459533 0.487479
v -0.491911 0.533449 0.480491
v -0.491911 0.533449 0.480491
v -0.491911 0.514983 0.482383
v -0.491911 0.533449 0.480491
v -0.491911 0.533449 0.480491
v -0.491911 0.514983 0.482383
v -0.491911 -0.261730 0.487486
v -0.491911 -0.261730 0.487486
v -0.491911 -0.192724 0.489133
v -0.491911 -0.192724 0.489133
v -0.491911 -0.123453 0.490305
v -0.491911 -0.123453 0.490305
v -0.491911 -0.054836 0.491079
v -0.491911 -0.054836 0.491079
v -0.491911 0.012206 0.491528
v -0.491911 0.012206 0.491528
v -0.491911 0.076756 0.491728
v -0.491911 0.076756 0.491728
v -0.491911 0.137894 0.491752
v -0.491911 0.137894 0.491752
v -0.491911 0.194703 0.491678
v -0.491911 0.194703 0.491678
v -0.491911 0.246263 0.491578
v -0.491911 0.246263 0.491578
v -0.491911 0.291652 0.491528
v -0.491911 0.291652 0.491528
v -0.491911 0.318381 0.491411
v -0.491911 0.318381 0.491411
v -0.491911 0.345919 0.491045
v -0.491911 0.345919 0.491045
v -0.491911 0.374034 0.490407
v -0.491911 0.374034 0.490407
v -0.491911 0.402490 0.489477
v -0.491911 0.402490 0.489477
v -0.491911 0.431049 0.488231
v -0.491911 0.431049 0.488231
v -0.491911 0.459475 0.486648
v -0.491911 0.459475 0.486648
v -0.491911 0.487532 0.484706
v -0.491911 0.487532 0.484706
v 0.488275 0.459475 0.486648
v 0.488275 0.459475 0.486648
v 0.488275 0.431049 0.488231
v 0.488275 0.431049 0.488231
v 0.488275 0.402490 0.489477
v 0.488275 0.402490 0.489477
v 0.488275 0.374034 0.490407
v 0.488275 0.374034 0.490407
v 0.488275 0.345919 0.491045
v 0.488275 0.345919 0.491045
v 0.488275 0.318381 0.491411
v 0.488275 0.318381 0.491411
v 0.488275 0.291652 0.491528
v 0.488275 0.291652 0.491528
v 0.488275 0.246263 0.491578
v 0.488275 0.246263 0.491578
v 0.488275 0.194703 0.491678
v 0.488275 0.194703 0.491678
v 0.488275 0.137894 0.491752
v 0.488275 0.137894 0.491752
v 0.488275 0.076756 0.491728
v 0.488275 0.076756 0.491728
v 0.488275 0.012206 0.491528
v 0.488275 0.012206 0.491528
v 0.488275 -0.054836 0.491079
v 0.488275 -0.054836 0.491079
v 0.488275 -0.123453 0.490305
v 0.488275 -0.123453 0.490305
v 0.488275 -0.192724 0.489133
v 0.488275 -0.192724 0.489133
v 0.488275 -0.261730 0.487486
v 0.488275 -0.261730 0.487486
v 0.483826 -0.261756 0.488318
v 0.483826 -0.261756 0.488318
v 0.479300 -0.261765 0.488597
v 0.479300 -0.261765 0.488597
v 0.479300 -0.261765 0.488597
v -0.482937 -0.261765 0.488597
v -0.482937 -0.261765 0.488597
v 0.479300 -0.261765 0.488597
v -0.482937 -0.261765 0.488597
v -0.487463 -0.261756 0.488318
v -0.487463 -0.261756 0.488318
v -0.482937 -0.261765 0.488597
v -0.248802 0.531731 0.448452
v -0.267211 0.517472 0.483246
v -0.267211 0.517472 0.448452
v -0.260898 0.522362 0.482745
v -0.256323 0.525906 0.481946
v -0.251132 0.529926 0.480437
v -0.248802 0.531731 0.479462
v -0.248802 0.531731 0.479462
v -0.248802 0.531731 0.448452
v -0.251132 0.529926 0.480437
v -0.256323 0.525906 0.481946
v -0.260898 0.522362 0.482745
v -0.267211 0.517472 0.483246
v -0.267211 0.517472 0.448452
v -0.256323 0.525906 0.481946
v -0.305728 0.529819 0.481946
v -0.305728 0.529819 0.481946
v -0.256323 0.525906 0.481946
v -0.306446 0.520580 0.448452
v -0.345681 0.523687 0.482609
v -0.345681 0.523687 0.448452
v -0.306446 0.520580 0.482928
v -0.267211 0.517472 0.448452
v -0.267211 0.517472 0.483246
v -0.267211 0.517472 0.483246
v -0.267211 0.517472 0.448452
v -0.306446 0.520580 0.482928
v -0.306446 0.520580 0.448452
v -0.345681 0.523687 0.482609
v -0.345681 0.523687 0.448452
v -0.388503 0.528054 0.482162
v -0.388503 0.528054 0.448452
v -0.388503 0.528054 0.482162
v -0.388503 0.528054 0.448452
v -0.388503 0.528054 0.448452
v -0.431324 0.532421 0.481715
v -0.431324 0.532421 0.448452
v -0.388503 0.528054 0.482162
v -0.388503 0.528054 0.482162
v -0.388503 0.528054 0.448452
v -0.431324 0.532421 0.481715
v -0.431324 0.532421 0.448452
v -0.387784 0.537294 0.480862
v -0.387784 0.537294 0.480862
v -0.476510 0.538062 0.481137
v -0.476510 0.538062 0.448452
v -0.453917 0.535242 0.481426
v -0.453917 0.535242 0.481426
v -0.476510 0.538062 0.481137
v -0.476510 0.538062 0.448452
v -0.482937 0.515097 0.483490
v -0.487463 0.532894 0.481385
v -0.487463 0.515069 0.483212
v -0.482937 0.532328 0.481724
v -0.482937 0.532328 0.481724
v -0.482937 0.515097 0.483490
v -0.487463 0.532894 0.481385
v -0.487463 0.515069 0.483212
v -0.229338 0.508667 0.484034
v -0.482937 0.487627 0.485815
v -0.256503 0.487627 0.485815
v -0.260298 0.510417 0.483886
v -0.260298 0.510417 0.483886
v -0.229338 0.508667 0.484034
v -0.482937 0.487627 0.485815
v -0.256503 0.487627 0.485815
v -0.482937 0.459552 0.487758
v -0.292750 0.459552 0.487758
v -0.482937 0.459552 0.487758
v -0.292750 0.459552 0.487758
v -0.295819 0.457175 0.487890
v -0.482937 0.431110 0.489342
v -0.315633 0.431110 0.489342
v -0.295819 0.457175 0.487890
v -0.482937 0.431110 0.489342
v -0.315633 0.431110 0.489342
v -0.361894 0.370288 0.417777
v -0.358995 0.374068 0.491519
v -0.361894 0.370255 0.491605
v -0.337354 0.402536 0.490588
v -0.315633 0.431110 0.489342
v -0.361894 0.370288 0.417777
v -0.315633 0.431110 0.489342
v -0.337354 0.402536 0.490588
v -0.358995 0.374068 0.491519
v -0.361894 0.370255 0.491605
v -0.471965 0.555469 0.476318
v -0.471800 0.555807 0.476083
v -0.471800 0.555807 0.448452
v -0.471800 0.555807 0.448452
v -0.471800 0.555807 0.476083
v -0.471965 0.555469 0.476318
v -0.387119 0.545855 0.477303
v -0.387442 0.541698 0.479353
v -0.452533 0.553043 0.476567
v -0.452533 0.553043 0.476567
v -0.387119 0.545855 0.477303
v -0.387442 0.541698 0.479353
v -0.469650 0.559055 0.473789
v -0.469245 0.559667 0.473220
v -0.469245 0.559667 0.448452
v -0.469245 0.559667 0.448452
v -0.469245 0.559667 0.473220
v -0.469650 0.559055 0.473789
v -0.386820 0.549693 0.474749
v -0.452235 0.556880 0.474012
v -0.452235 0.556880 0.474012
v -0.386820 0.549693 0.474749
v -0.467033 0.562213 0.470805
v -0.467033 0.562213 0.470805
v -0.386552 0.553144 0.471734
v -0.451967 0.560332 0.470998
v -0.451967 0.560332 0.470998
v -0.386552 0.553144 0.471734
v -0.304262 0.548673 0.469396
v -0.386124 0.558652 0.464542
v -0.386318 0.556148 0.468312
v -0.304067 0.551178 0.465627
v -0.304067 0.551178 0.465627
v -0.304262 0.548673 0.469396
v -0.386124 0.558652 0.464542
v -0.386318 0.556148 0.468312
v -0.385971 0.560614 0.460490
v -0.303915 0.553139 0.461575
v -0.303915 0.553139 0.461575
v -0.385971 0.560614 0.460490
v -0.385864 0.561998 0.456227
v -0.303807 0.554523 0.457312
v -0.303807 0.554523 0.457312
v -0.385864 0.561998 0.456227
v -0.209812 0.548033 0.448452
v -0.244391 0.533575 0.478387
v -0.236627 0.536821 0.475833
v -0.229646 0.539740 0.472819
v -0.223568 0.542282 0.469396
v -0.218501 0.544400 0.465627
v -0.214533 0.546059 0.461575
v -0.211733 0.547230 0.457312
v -0.210150 0.547892 0.452912
v -0.210150 0.547892 0.452912
v -0.209812 0.548033 0.448452
v -0.211733 0.547230 0.457312
v -0.214533 0.546059 0.461575
v -0.218501 0.544400 0.465627
v -0.223568 0.542282 0.469396
v -0.229646 0.539740 0.472819
v -0.236627 0.536821 0.475833
v -0.244391 0.533575 0.478387
v -0.303747 0.555306 0.452912
v -0.303747 0.555306 0.452912
v -0.304496 0.545669 0.472819
v -0.386552 0.553144 0.471734
v -0.304496 0.545669 0.472819
v -0.386552 0.553144 0.471734
v -0.386820 0.549693 0.474749
v -0.304764 0.542218 0.475833
v -0.386820 0.549693 0.474749
v -0.304764 0.542218 0.475833
v -0.387119 0.545855 0.477303
v -0.305063 0.538381 0.478387
v -0.387119 0.545855 0.477303
v -0.305063 0.538381 0.478387
v -0.387442 0.541698 0.479353
v -0.305386 0.534224 0.480437
v -0.387442 0.541698 0.479353
v -0.305386 0.534224 0.480437
v 0.355358 0.374068 0.491519
v 0.358257 0.370288 0.417777
v 0.358257 0.370255 0.491605
v 0.333717 0.402536 0.490588
v 0.311996 0.431110 0.489342
v 0.358257 0.370288 0.417777
v 0.311996 0.431110 0.489342
v 0.333717 0.402536 0.490588
v 0.355358 0.374068 0.491519
v 0.358257 0.370255 0.491605
v 0.479300 0.459552 0.487758
v 0.311996 0.431110 0.489342
v 0.479300 0.431110 0.489342
v 0.292182 0.457175 0.487890
v 0.289113 0.459552 0.487758
v 0.289113 0.459552 0.487758
v 0.479300 0.459552 0.487758
v 0.292182 0.457175 0.487890
v 0.311996 0.431110 0.489342
v 0.479300 0.431110 0.489342
v 0.479300 0.431110 0.489342
v 0.483826 0.431094 0.489063
v 0.479300 0.431110 0.489342
v 0.483826 0.431094 0.489063
v -0.487463 -0.192742 0.489965
v -0.487463 -0.192742 0.489965
v -0.487463 -0.123465 0.491138
v -0.487463 -0.123465 0.491138
v -0.487463 -0.054845 0.491912
v -0.487463 -0.054845 0.491912
v -0.487463 0.012202 0.492361
v -0.487463 0.012202 0.492361
v -0.487463 0.076754 0.492560
v -0.487463 0.076754 0.492560
v -0.487463 0.137895 0.492585
v -0.487463 0.137895 0.492585
v -0.487463 0.194704 0.492510
v -0.487463 0.194704 0.492510
v -0.487463 0.246264 0.492411
v -0.487463 0.246264 0.492411
v -0.487463 0.291655 0.492361
v -0.487463 0.291655 0.492361
v -0.487463 0.318389 0.492244
v -0.487463 0.318389 0.492244
v -0.487463 0.345935 0.491877
v -0.487463 0.345935 0.491877
v -0.487463 0.374060 0.491240
v -0.487463 0.374060 0.491240
v -0.487463 0.402525 0.490309
v -0.487463 0.402525 0.490309
v -0.487463 0.431094 0.489063
v -0.487463 0.431094 0.489063
v -0.487463 0.459533 0.487479
v -0.487463 0.459533 0.487479
v -0.487463 0.487603 0.485536
v -0.487463 0.487603 0.485536
v 0.483826 0.402525 0.490309
v 0.483826 0.402525 0.490309
v 0.483826 0.374060 0.491240
v 0.483826 0.374060 0.491240
v 0.483826 0.345935 0.491877
v 0.483826 0.345935 0.491877
v 0.483826 0.318389 0.492244
v 0.483826 0.318389 0.492244
v 0.483826 0.291655 0.492361
v 0.483826 0.291655 0.492361
v 0.483826 0.246264 0.492411
v 0.483826 0.246264 0.492411
v 0.483826 0.194704 0.492510
v 0.483826 0.194704 0.492510
v 0.483826 0.137895 0.492585
v 0.483826 0.137895 0.492585
v 0.483826 0.076754 0.492560
v 0.483826 0.076754 0.492560
v 0.483826 0.012202 0.492361
v 0.483826 0.012202 0.492361
v 0.483826 -0.054845 0.491912
v 0.483826 -0.054845 0.491912
v 0.483826 -0.123465 0.491138
v 0.483826 -0.123465 0.491138
v 0.483826 -0.192742 0.489965
v 0.483826 -0.192742 0.489965
v 0.479300 -0.192749 0.490244
v 0.479300 -0.192749 0.490244
v -0.001818 -0.259260 0.488657
v 0.105793 -0.244960 0.488998
v 0.479300 -0.192749 0.490244
v 0.206071 -0.203034 0.489999
v 0.219352 -0.192749 0.490244
v -0.109430 -0.244960 0.488998
v -0.482937 -0.192749 0.490244
v -0.209708 -0.203034 0.489999
v -0.222989 -0.192749 0.490244
v -0.222989 -0.192749 0.490244
v -0.209708 -0.203034 0.489999
v -0.482937 -0.192749 0.490244
v -0.109430 -0.244960 0.488998
v -0.001818 -0.259260 0.488657
v 0.219352 -0.192749 0.490244
v 0.479300 -0.192749 0.490244
v 0.206071 -0.203034 0.489999
v 0.105793 -0.244960 0.488998
v -0.482937 -0.192749 0.490244
v -0.482937 -0.192749 0.490244
v -0.256323 0.525906 0.481946
v -0.260898 0.522362 0.482745
v -0.251132 0.529926 0.480437
v -0.251132 0.529926 0.480437
v -0.256323 0.525906 0.481946
v -0.260898 0.522362 0.482745
v -0.305728 0.529819 0.481946
v -0.387784 0.537294 0.480862
v -0.387784 0.537294 0.480862
v -0.305728 0.529819 0.481946
v -0.482937 0.487627 0.485815
v -0.482937 0.487627 0.485815
v -0.482937 0.459552 0.487758
v -0.482937 0.459552 0.487758
v -0.337354 0.402536 0.490588
v -0.482937 0.402536 0.490588
v -0.337354 0.402536 0.490588
v -0.482937 0.402536 0.490588
v -0.482937 0.431110 0.489342
v -0.482937 0.431110 0.489342
v -0.482937 0.374068 0.491519
v -0.358995 0.374068 0.491519
v -0.482937 0.374068 0.491519
v -0.358995 0.374068 0.491519
v -0.361894 0.370255 0.491605
v -0.482937 0.345941 0.492156
v -0.371872 0.345941 0.492156
v -0.361894 0.370255 0.491605
v -0.482937 0.345941 0.492156
v -0.371872 0.345941 0.492156
v -0.403430 0.269070 0.417777
v -0.394149 0.291656 0.492640
v -0.403430 0.269036 0.492666
v -0.383177 0.318391 0.492523
v -0.371872 0.345941 0.492156
v -0.403430 0.269070 0.417777
v -0.371872 0.345941 0.492156
v -0.383177 0.318391 0.492523
v -0.394149 0.291656 0.492640
v -0.403430 0.269036 0.492666
v 0.390512 0.291656 0.492640
v 0.399794 0.269070 0.417777
v 0.399794 0.269036 0.492666
v 0.379540 0.318391 0.492523
v 0.368235 0.345941 0.492156
v 0.399794 0.269070 0.417777
v 0.368235 0.345941 0.492156
v 0.379540 0.318391 0.492523
v 0.390512 0.291656 0.492640
v 0.399794 0.269036 0.492666
v 0.479300 0.374068 0.491519
v 0.368235 0.345941 0.492156
v 0.479300 0.345941 0.492156
v 0.358257 0.370255 0.491605
v 0.355358 0.374068 0.491519
v 0.355358 0.374068 0.491519
v 0.479300 0.374068 0.491519
v 0.358257 0.370255 0.491605
v 0.368235 0.345941 0.492156
v 0.479300 0.345941 0.492156
v 0.479300 0.402536 0.490588
v 0.333717 0.402536 0.490588
v 0.333717 0.402536 0.490588
v 0.479300 0.402536 0.490588
v 0.479300 0.402536 0.490588
v 0.479300 0.402536 0.490588
v -0.482937 -0.123470 0.491417
v -0.482937 -0.123470 0.491417
v -0.482937 -0.054847 0.492191
v -0.482937 -0.054847 0.492191
v -0.482937 0.012200 0.492640
v -0.482937 0.012200 0.492640
v -0.482937 0.076754 0.492840
v -0.482937 0.076754 0.492840
v -0.482937 0.137895 0.492865
v -0.482937 0.137895 0.492865
v -0.482937 0.194705 0.492790
v -0.482937 0.194705 0.492790
v -0.482937 0.246265 0.492690
v -0.482937 0.246265 0.492690
v -0.482937 0.291656 0.492640
v -0.482937 0.291656 0.492640
v -0.482937 0.318391 0.492523
v -0.482937 0.318391 0.492523
v -0.482937 0.345941 0.492156
v -0.482937 0.345941 0.492156
v -0.482937 0.374068 0.491519
v -0.482937 0.374068 0.491519
v -0.482937 0.402536 0.490588
v -0.482937 0.402536 0.490588
v 0.479300 0.374068 0.491519
v 0.479300 0.374068 0.491519
v 0.479300 0.345941 0.492156
v 0.479300 0.345941 0.492156
v 0.479300 0.318391 0.492523
v 0.479300 0.318391 0.492523
v 0.479300 0.291656 0.492640
v 0.479300 0.291656 0.492640
v 0.479300 0.246265 0.492690
v 0.479300 0.246265 0.492690
v 0.479300 0.194705 0.492790
v 0.479300 0.194705 0.492790
v 0.479300 0.137895 0.492865
v 0.479300 0.137895 0.492865
v 0.479300 0.076754 0.492840
v 0.479300 0.076754 0.492840
v 0.479300 0.012200 0.492640
v 0.479300 0.012200 0.492640
v 0.479300 -0.054847 0.492191
v 0.479300 -0.054847 0.492191
v 0.479300 -0.123470 0.491417
v 0.479300 -0.123470 0.491417
v 0.479300 -0.123470 0.491417
v 0.292182 -0.136341 0.491199
v 0.301966 -0.123470 0.491417
v 0.301966 -0.123470 0.491417
v 0.479300 -0.123470 0.491417
v 0.292182 -0.136341 0.491199
v 0.219352 -0.192749 0.490244
v 0.206071 -0.203002 0.417777
v 0.206071 -0.203034 0.489999
v 0.292182 -0.136307 0.417777
v 0.292182 -0.136341 0.491199
v 0.292182 -0.136341 0.491199
v 0.219352 -0.192749 0.490244
v 0.292182 -0.136307 0.417777
v 0.206071 -0.203002 0.417777
v 0.206071 -0.203034 0.489999
v 0.105793 -0.244928 0.417777
v 0.105793 -0.244960 0.488998
v 0.105793 -0.244928 0.417777
v 0.105793 -0.244960 0.488998
v -0.001818 -0.259260 0.488657
v -0.001818 -0.259228 0.417777
v -0.001818 -0.259260 0.488657
v -0.001818 -0.259228 0.417777
v -0.109430 -0.244928 0.417777
v -0.109430 -0.244960 0.488998
v -0.109430 -0.244928 0.417777
v -0.109430 -0.244960 0.488998
v -0.209708 -0.203002 0.417777
v -0.209708 -0.203034 0.489999
v -0.209708 -0.203002 0.417777
v -0.209708 -0.203034 0.489999
v -0.295819 -0.136341 0.491199
v -0.295819 -0.136307 0.417777
v -0.222989 -0.192749 0.490244
v -0.222989 -0.192749 0.490244
v -0.295819 -0.136341 0.491199
v -0.295819 -0.136307 0.417777
v -0.295819 -0.136341 0.491199
v -0.482937 -0.123470 0.491417
v -0.305603 -0.123470 0.491417
v -0.305603 -0.123470 0.491417
v -0.295819 -0.136341 0.491199
v -0.482937 -0.123470 0.491417
v -0.383177 0.318391 0.492523
v -0.482937 0.318391 0.492523
v -0.383177 0.318391 0.492523
v -0.482937 0.318391 0.492523
v -0.394149 0.291656 0.492640
v -0.482937 0.291656 0.492640
v -0.394149 0.291656 0.492640
v -0.482937 0.291656 0.492640
v -0.406401 0.246265 0.492693
v -0.482937 0.291656 0.492640
v -0.482937 0.246265 0.492690
v -0.403430 0.269036 0.492666
v -0.394149 0.291656 0.492640
v -0.394149 0.291656 0.492640
v -0.403430 0.269036 0.492666
v -0.482937 0.291656 0.492640
v -0.406401 0.246265 0.492693
v -0.482937 0.246265 0.492690
v -0.417598 0.160450 0.417777
v -0.413126 0.194705 0.492788
v -0.417598 0.160416 0.492834
v -0.406401 0.246265 0.492693
v -0.417598 0.160450 0.417777
v -0.406401 0.246265 0.492693
v -0.413126 0.194705 0.492788
v -0.417598 0.160416 0.492834
v 0.409489 0.194705 0.492788
v 0.413961 0.160450 0.417777
v 0.413961 0.160416 0.492834
v 0.402764 0.246265 0.492693
v 0.413961 0.160450 0.417777
v 0.402764 0.246265 0.492693
v 0.409489 0.194705 0.492788
v 0.413961 0.160416 0.492834
v 0.479300 0.291656 0.492640
v 0.402764 0.246265 0.492693
v 0.479300 0.246265 0.492690
v 0.399794 0.269036 0.492666
v 0.390512 0.291656 0.492640
v 0.390512 0.291656 0.492640
v 0.479300 0.291656 0.492640
v 0.399794 0.269036 0.492666
v 0.402764 0.246265 0.492693
v 0.479300 0.246265 0.492690
v 0.479300 0.318391 0.492523
v 0.390512 0.291656 0.492640
v 0.479300 0.291656 0.492640
v 0.379540 0.318391 0.492523
v 0.379540 0.318391 0.492523
v 0.479300 0.318391 0.492523
v 0.390512 0.291656 0.492640
v 0.479300 0.291656 0.492640
v -0.357770 -0.054847 0.492191
v -0.482937 -0.054847 0.492191
v -0.482937 -0.054847 0.492191
v -0.357770 -0.054847 0.492191
v -0.482937 0.012200 0.492640
v -0.361894 -0.049423 0.492227
v -0.387182 0.012200 0.492640
v -0.387182 0.012200 0.492640
v -0.361894 -0.049423 0.492227
v -0.482937 0.012200 0.492640
v -0.403430 0.051795 0.492762
v -0.482937 0.076754 0.492840
v -0.406686 0.076754 0.492840
v -0.406686 0.076754 0.492840
v -0.403430 0.051795 0.492762
v -0.482937 0.076754 0.492840
v -0.414660 0.137895 0.492865
v -0.482937 0.137895 0.492865
v -0.482937 0.137895 0.492865
v -0.414660 0.137895 0.492865
v -0.417598 0.160416 0.492834
v -0.482937 0.194705 0.492790
v -0.413126 0.194705 0.492788
v -0.413126 0.194705 0.492788
v -0.417598 0.160416 0.492834
v -0.482937 0.194705 0.492790
v 0.479300 0.194705 0.492790
v 0.409489 0.194705 0.492788
v 0.479300 0.194705 0.492790
v 0.409489 0.194705 0.492788
v 0.411024 0.137895 0.492865
v 0.479300 0.137895 0.492865
v 0.413961 0.160416 0.492834
v 0.413961 0.160416 0.492834
v 0.411024 0.137895 0.492865
v 0.479300 0.137895 0.492865
v 0.479300 0.076754 0.492840
v 0.403049 0.076754 0.492840
v 0.479300 0.076754 0.492840
v 0.403049 0.076754 0.492840
v 0.479300 0.012200 0.492640
v 0.399794 0.051795 0.492762
v 0.383545 0.012200 0.492640
v 0.399794 0.051795 0.492762
v 0.479300 0.012200 0.492640
v 0.383545 0.012200 0.492640
v 0.354133 -0.054847 0.492191
v 0.479300 -0.054847 0.492191
v 0.358257 -0.049423 0.492227
v 0.358257 -0.049423 0.492227
v 0.354133 -0.054847 0.492191
v 0.479300 -0.054847 0.492191
v 0.358257 -0.049389 0.417777
v 0.354133 -0.054847 0.492191
v 0.358257 -0.049423 0.492227
v 0.301966 -0.123470 0.491417
v 0.358257 -0.049389 0.417777
v 0.301966 -0.123470 0.491417
v 0.354133 -0.054847 0.492191
v 0.358257 -0.049423 0.492227
v -0.305603 -0.123470 0.491417
v -0.357770 -0.054814 0.417777
v -0.357770 -0.054847 0.492191
v -0.357770 -0.054814 0.417777
v -0.305603 -0.123470 0.491417
v -0.357770 -0.054847 0.492191
v -0.406686 0.076754 0.492840
v -0.414660 0.137895 0.492865
v -0.403430 0.051795 0.492762
v -0.403430 0.051829 0.417777
v -0.403430 0.051829 0.417777
v -0.403430 0.051795 0.492762
v -0.406686 0.076754 0.492840
v -0.414660 0.137895 0.492865
v 0.403049 0.076754 0.492840
v 0.411024 0.137895 0.492865
v 0.399794 0.051795 0.492762
v 0.399794 0.051829 0.417777
v 0.399794 0.051829 0.417777
v 0.399794 0.051795 0.492762
v 0.403049 0.076754 0.492840
v 0.411024 0.137895 0.492865
v -0.357770 -0.054847 0.492191
v -0.361894 -0.049389 0.417777
v -0.361894 -0.049423 0.492227
v -0.357770 -0.054814 0.417777
v -0.357770 -0.054814 0.417777
v -0.357770 -0.054847 0.492191
v -0.361894 -0.049389 0.417777
v -0.361894 -0.049423 0.492227
v -0.387182 0.012200 0.492640
v -0.387182 0.012200 0.492640
v 0.383545 0.012200 0.492640
v 0.383545 0.012200 0.492640
vn 0.0639853788382401 0.7514642678713406 0.6566637841449131
vn 0.12949631348672702 0.9155017813250016 0.38090312834642925
vn 0.0653645137998238 0.9213014016257776 0.3833160676231695
vn 0.1270423368475212 0.7469059254538942 0.6526804602331701
vn 0.06463103572205695 0.9769202618874253 0.20359182482432422
vn 0.12798127295365072 0.9709165997608319 0.2023406782681816
vn 0 0.7776297952041745 0.6287224360643682
vn 0 0.9232758563347604 0.3841375965839777
vn 0 0.9351729109914898 0.35419151111750713
vn 0 0.753007345574857 0.6580121104586965
vn 0.06295360233389374 0.5842624884662374 0.8091193907727251
vn 0.12524203311516635 0.5808141441509354 0.8043440576615183
vn 0.25683132924629937 0.8923057151024845 0.3712521772502121
vn 0.2522130353732404 0.7286638802677432 0.6367397697497562
vn 0 0.9789670629376901 0.2040183562406889
vn 0.253970672487905 0.9468686166382844 0.1973289647810044
vn 0 0 -1
vn 0 0.006589438177260429 -0.9999782894165793
vn 0 0.7293366982611208 0.6841549390083849
vn 0 0.9121928944948706 0.40976105626702736
vn 0 0.5854236621649092 0.8107275348583063
vn 0 0.6097611388850696 0.7925852342212684
vn 0.06237428950193706 0.454718381716899 0.8884484460777075
vn 0.12425270744578966 0.45207489018093844 0.8832833964024702
vn 0.24881902375899273 0.5670121127793388 0.7852301302020527
vn 0.37987679338934044 0.8540644351985981 0.35534147291462004
vn 0.3736329037712254 0.6984720159866247 0.6103566957960425
vn 0.3759861762695962 0.907135612743031 0.189048605780349
vn -0.9193081364663489 0.3852612287487476 0.08028907677744089
vn -0.945751484987315 0.3180575380780865 0.06628371682393054
vn -0.9209555815076809 0.3603494028021503 0.14828730488475103
vn -0.8598514265432481 0.49980608982095126 0.10416043802438713
vn -0.8626421296842113 0.46700654763533317 0.19430244609786984
vn -0.7858764919989427 0.6053770541523088 0.12616164880544456
vn -0.7895648410739148 0.5665840580556413 0.23573261738063653
vn -0.6988187554949035 0.7002539476736223 0.14593408010489622
vn -0.7031699968885672 0.6564692518204444 0.27313014643213257
vn -0.604946257975817 0.7351734415334986 0.3058758503459332
vn -0.6002970133052076 0.7829554798581085 0.1631692752236359
vn -0.4965699811115885 0.8014003947673405 0.33343014429650397
vn -0.4920680957957413 0.8522463509284661 0.17760953360973306
vn -0.37987679338934044 0.8540644351985981 0.35534147291462004
vn -0.3759861762695962 0.907135612743031 0.189048605780349
vn -0.25683132924629937 0.8923057151024845 0.3712521772502121
vn -0.253970672487905 0.9468686166382844 0.1973289647810044
vn -0.12949631348672702 0.9155017813250016 0.38090312834642925
vn -0.12798127295365072 0.9709165997608319 0.2023406782681816
vn -0.06463103572205695 0.9769202618874253 0.20359182482432422
vn -0.0653645137998238 0.9213014016257776 0.3833160676231695
vn 0.4965699811115885 0.8014003947673405 0.33343014429650397
vn 0.4920680957957413 0.8522463509284661 0.17760953360973306
vn 0.604946257975817 0.7351734415334986 0.3058758503459332
vn 0.6002970133052076 0.7829554798581085 0.1631692752236359
vn 0.7031699968885672 0.6564692518204444 0.27313014643213257
vn 0.6988187554949035 0.7002539476736223 0.14593408010489622
vn 0.7895648410739148 0.5665840580556413 0.23573261738063653
vn 0.7858764919989427 0.6053770541523088 0.12616164880544456
vn 0.8626421296842113 0.46700654763533317 0.19430244609786984
vn 0.8598514265432481 0.49980608982095126 0.10416043802438713
vn 0.9210162767154833 0.3601763222314852 0.14833082932738378
vn 0.9193081364663489 0.3852612287487476 0.08028907677744089
vn 0.945751484987315 0.3180575380780865 0.06628371682393054
vn 0 0.00522332957039883 -0.9999863583210518
vn 0 0.561560667731533 0.8274355663475643
vn -0.0639853788382401 0.7514642678713406 0.6566637841449131
vn -0.1270423368475212 0.7469059254538942 0.6526804602331701
vn 0 0.4556055350701076 0.8901817771744606
vn 0 0.5095376030356603 0.8604483895578362
vn 0 0.4925011394599561 0.8703117990873414
vn 0 0.475095949794115 0.8799339966663566
vn 0.06206007099869109 0.3596591871038044 0.9310176242797276
vn 0.12372799419210695 0.3575849058179889 0.9256481073195892
vn 0.24695246524320374 0.4414943110865877 0.8626107193795378
vn 0.36903229229412443 0.5441024579911455 0.7535036048036781
vn 0.48941260842933904 0.6566618049530368 0.5738210283931832
vn -0.7013009581502093 0.059589221144625656 0.7103703898819089
vn -0.9185709473246377 0.2973682137095392 0.26038348681572604
vn -0.858712661503085 0.38588416161053635 0.33720317138547384
vn -0.7840884295766236 0.46735331930138163 0.40839467374348215
vn -0.6964937532332607 0.540330104667187 0.4721650449762166
vn -0.597658954758818 0.6037239666514044 0.5275615091032427
vn -0.48941260842933904 0.6566618049530368 0.5738210283931832
vn -0.3736329037712254 0.6984720159866247 0.6103566957960425
vn -0.2522130353732404 0.7286638802677432 0.6367397697497562
vn 0.597658954758818 0.6037239666514044 0.5275615091032427
vn 0.6964937532332607 0.540330104667187 0.4721650449762166
vn 0.7840884295766236 0.46735331930138163 0.40839467374348215
vn 0.858712661503085 0.38588416161053635 0.33720317138547384
vn 0.9187968170639838 0.2972351950512117 0.25973765182576186
vn 0.7013009581502093 0.059589221144625656 0.7103703898819089
vn 0 -2.9505278326909106e-7 -1
vn 0 0.436311874262169 0.8997955036439297
vn -0.06295360233389374 0.5842624884662374 0.8091193907727251
vn -0.12524203311516635 0.5808141441509354 0.8043440576615183
vn 0 0.4002376041073496 0.9164114033873697
vn 0 0.36779254048164395 0.9299078702570798
vn 0 0.3603538604741058 0.9328156812797526
vn 0 0.3752359625622731 0.9269293243823741
vn 0 0.3770090757181199 0.9262095642057305
vn 0 0.36894957624359015 0.9294494123886868
vn 0.06188271602822844 0.28936630019606924 0.9552160351291261
vn 0.12343819806731951 0.2877046346761618 0.9497310432136825
vn 0.2459622725012076 0.34928352669349516 0.9041590449067003
vn 0.3664991721567194 0.42390377036293 0.828241480656778
vn 0.48412262983304216 0.5122458005551535 0.7093867204121802
vn -0.9571604099699856 0.21347272781733148 0.19563574331986633
vn -0.9539783726592005 0.24705117676370034 0.1699734701598297
vn -0.9171108675549111 0.23336873160414107 0.32318213397734846
vn -0.8558157822157566 0.30282840786467446 0.4193737024427961
vn -0.7800253062866408 0.36632762852923234 0.5073111373985207
vn -0.6915361283194528 0.4228760232448812 0.585622448505465
vn -0.5922571215920215 0.4717045763874698 0.6532429062291079
vn -0.48412262983304216 0.5122458005551535 0.7093867204121802
vn -0.36903229229412443 0.5441024579911455 0.7535036048036781
vn -0.24881902375899273 0.5670121127793388 0.7852301302020527
vn 0.5922571215920215 0.4717045763874698 0.6532429062291079
vn 0.6915361283194528 0.4228760232448812 0.585622448505465
vn 0.7800253062866408 0.36632762852923234 0.5073111373985207
vn 0.8558157822157566 0.30282840786467446 0.4193737024427961
vn 0.9171108675549111 0.23336873160414107 0.32318213397734846
vn 0.9568251125814003 0.21309289901057724 0.19767933712165886
vn 0.9526325162247483 0.2459059883033023 0.17894561729162528
vn -0.9976142311020861 -0.01998075014424949 0.06608037171707189
vn -0.9818485596810057 -0.06531070315091936 0.17806717245541687
vn -0.9901164943398667 -0.040591649367061326 0.1342447229420745
vn -0.9976143142285302 -0.02377147758769897 0.06481201200114681
vn -1 0 0
vn -0.9738593871066746 0 0.2271516985281248
vn -0.9850776726232789 0.06396570768180539 0.15978224913885053
vn -0.9829076092827311 0.08798910058996456 0.16171131621341478
vn -0.946163350241091 0.13082578586454494 0.2960735185954306
vn 0.9383783432898167 0.14051212107169753 0.31575691390148736
vn 0.9850776726232789 0.06396570768180539 0.15978224913885053
vn 0.9738593871066746 0 0.2271516985281248
vn 1 0 0
vn 0.9818485596810057 -0.06531070315091936 0.17806717245541687
vn 0.9976142311020861 -0.01998075014424949 0.06608037171707189
vn 0.9901164943398667 -0.040591649367061326 0.1342447229420745
vn 0.9976143142285302 -0.02377147758769897 0.06481201200114681
vn 0.9617109426672924 -0.12356565242206816 0.2446295000516011
vn 0.9615544756552268 -0.07948129922575359 0.2628606349775256
vn 0.9790386665779632 -0.08502435892078644 0.18507876089749742
vn 0.9790501994782616 -0.1124482589749152 0.1697530440230365
vn 0.9510358657106638 -0.17068919925248235 0.2576741729209869
vn 0.9010492205523281 -0.23951935564361804 0.36158094586704653
vn 0.9160469033419969 -0.18082750346895146 0.35799369389239877
vn 0.8625478559378033 -0.3823099875212338 0.33143667518639597
vn 0.8543060551479087 -0.23434433820817263 0.46394384928285465
vn 0.8941154274524776 -0.2852035735212959 0.3452774595048978
vn 0.893573919603486 -0.4070316939966973 0.18934320765911258
vn 0.8540757516045824 -0.471618161632487 0.2193876025199715
vn 0.7791017358543499 -0.5684072336594349 0.2644119927544275
vn 0.7898260287919593 -0.46342670609744646 0.40175929649280534
vn 0.6914911476062341 -0.6549855687573602 0.30468655615535545
vn 0.7037791094808357 -0.5367853499625422 0.4653562647305318
vn 0.6058189428733457 -0.6011492425176417 0.5211554438709123
vn 0.5929531881049394 -0.7301073691344617 0.3396317803912687
vn 0.49756571881278266 -0.6554185748934964 0.5682031741788296
vn 0.4852833955585662 -0.7927783833684895 0.3687851147467756
vn 0.3808277182866575 -0.6986532707250852 0.60568461784143
vn 0.3703166610303264 -0.8422376073401665 0.39179252589254654
vn 0.24989518170938102 -0.8779318955144159 0.4083968474375144
vn 0.2575743988701109 -0.7300951792188398 0.6329426975075316
vn 0.12585091198166629 -0.899489791981349 0.41842521682462236
vn 0.12990310910744346 -0.7491876024779177 0.6494945100134483
vn 0.06584063339867732 -0.7539504523164516 0.6536235357187491
vn 0.06420555795124931 -0.9048280337202071 0.4209083935040889
vn 0 -0.9066988326682035 0.42177864673086213
vn 0 -0.7555899274507374 0.6550449309283979
vn -0.06420555795124931 -0.9048280337202071 0.4209083935040889
vn -0.12990310910744346 -0.7491876024779177 0.6494945100134483
vn -0.12585091198166629 -0.899489791981349 0.41842521682462236
vn -0.06584063339867732 -0.7539504523164516 0.6536235357187491
vn -0.2575743988701109 -0.7300951792188398 0.6329426975075316
vn -0.24989518170938102 -0.8779318955144159 0.4083968474375144
vn -0.3808277182866575 -0.6986532707250852 0.60568461784143
vn -0.3703166610303264 -0.8422376073401665 0.39179252589254654
vn -0.49756571881278266 -0.6554185748934964 0.5682031741788296
vn -0.4852833955585662 -0.7927783833684895 0.3687851147467756
vn -0.6058189428733457 -0.6011492425176417 0.5211554438709123
vn -0.5929531881049394 -0.7301073691344617 0.3396317803912687
vn -0.7037791094808357 -0.5367853499625422 0.4653562647305318
vn -0.6914911476062341 -0.6549855687573602 0.30468655615535545
vn -0.7898260287919593 -0.46342670609744646 0.40175929649280534
vn -0.7791017358543499 -0.5684072336594349 0.2644119927544275
vn -0.8625478559378033 -0.3823099875212338 0.33143667518639597
vn -0.8540757516045824 -0.471618161632487 0.2193876025199715
vn -0.893573919603486 -0.4070316939966973 0.18934320765911258
vn -0.8941154274524776 -0.2852035735212959 0.3452774595048978
vn -0.9160469033419969 -0.18082750346895146 0.35799369389239877
vn -0.8543060551479087 -0.23434433820817263 0.46394384928285465
vn -0.9010492205523281 -0.23951935564361804 0.36158094586704653
vn -0.9617109426672924 -0.12356565242206816 0.2446295000516011
vn -0.9510358657106638 -0.17068919925248235 0.2576741729209869
vn -0.9790501994782616 -0.1124482589749152 0.1697530440230365
vn -0.9790386665779632 -0.08502435892078644 0.18507876089749742
vn -0.9615544756552268 -0.07948129922575359 0.2628606349775256
vn 0 0.34555447691469166 0.9383986911138643
vn -0.06237428950193706 0.454718381716899 0.8884484460777075
vn -0.12425270744578966 0.45207489018093844 0.8832833964024702
vn 0 0.3199239208723213 0.9474432356894427
vn 0 0.2924307365650168 0.9562867061253346
vn 0 0.27224576276337353 0.962227750928744
vn 0 0.35173898096007583 0.9360981194688768
vn 0 0.35290081512197496 0.9356607369587792
vn 0 0.2899218904191157 0.9570503108279137
vn 0 0.27137123433817106 0.9624747545643871
vn 0 0.30131958090009925 0.953523209033838
vn 0 0.3436462023308566 0.9390991894488994
vn 0.1133334512785128 0.25801509128801703 0.959470552695046
vn 0.06179542748936033 0.2591919125298805 0.9638469160714839
vn 0.24541567296524427 0.28105546404414006 0.9277817489010814
vn 0.3651553598000874 0.335470129677008 0.8684016094548422
vn 0.48120655343877866 0.39938709455936905 0.7803397988229214
vn -0.9623319098481365 0.15916342455428176 0.2204184646806877
vn -0.9162160008928927 0.18255418410898092 0.3566822249175577
vn -0.8542407128497005 0.23685912873780274 0.46278564978141273
vn -0.7777943284251784 0.28635669758958265 0.5594960450398323
vn -0.6888037951661922 0.33029020654356095 0.6453353478820621
vn -0.5892775524701317 0.36809768680815086 0.7192051578800722
vn -0.48120655343877866 0.39938709455936905 0.7803397988229214
vn -0.3664991721567194 0.42390377036293 0.828241480656778
vn -0.24695246524320374 0.4414943110865877 0.8626107193795378
vn 0.5892775524701317 0.36809768680815086 0.7192051578800722
vn 0.6888037951661922 0.33029020654356095 0.6453353478820621
vn 0.7777943284251784 0.28635669758958265 0.5594960450398323
vn 0.8542407128497005 0.23685912873780274 0.46278564978141273
vn 0.9162160008928927 0.18255418410898092 0.3566822249175577
vn 0.9623319098481365 0.15916342455428176 0.2204184646806877
vn -0.9975975525569957 -0.013919343140603026 0.06786291342719201
vn -0.9902017249277715 -0.028058293221215103 0.13679647704373818
vn -0.9911113868288615 0.013560656453169142 0.13234170731379338
vn -0.9975867061346848 0.006466637219152014 0.06912992366859556
vn -0.9903158120858506 0.012930437895783081 0.1382295052026357
vn -0.9975869383273784 0.0070770648755901725 0.06906674765293375
vn -0.9975910152047838 -0.010161013343463827 0.0686215723407953
vn -0.9902508266743978 -0.020403485382528213 0.1377933164377614
vn -0.9975879786538228 -0.0076312766223827384 0.068992669628684
vn -0.9902808063277498 -0.015290654874001894 0.13823935941831456
vn -0.9975864046071247 -0.00582353882452369 0.06919141376348187
vn -0.9903003135399068 -0.011653055931413083 0.13845394645954215
vn -0.9975855279882615 -0.004474083393629137 0.06930437883834063
vn -0.9903137551140618 -0.008944968047112967 0.13855920748373984
vn -0.9975850175513107 -0.0034336784185910853 0.06937105022751835
vn -0.9903234516834799 -0.00686075782294805 0.13860876973630976
vn -0.9975847116808825 -0.0026121767975745957 0.06941123506284018
vn -0.9903307423921143 -0.005217047112400725 0.13862829109713126
vn -0.997584526079221 -0.0019523426969714865 0.06943559379230303
vn -0.990336407299371 -0.0038979367011332117 0.13863118865121352
vn -0.9975844144557942 -0.0014165203641064575 0.06945019441980028
vn -0.9903409757269408 -0.0028274139991317448 0.13862451993167857
vn -0.9975843476972134 -0.0009794399967633953 0.0694586922337143
vn -0.9903447862089911 -0.00195457909983001 0.13861235171949896
vn -0.9975843105485513 -0.0006242050775536042 0.06946332640604501
vn -0.9903480869127917 -0.0012454472627603955 0.13859695382398912
vn -0.9975842905157064 -0.0003400978128618516 0.06946558608226432
vn -0.990351082010019 -0.0006784735990074201 0.1385794863432543
vn -0.9975842809037754 -0.00012158879034266797 0.06946645024660138
vn -0.9903539907747441 -0.00024252514666158134 0.1385601462834516
vn -0.9975842776709473 0.00003159449130224476 0.06946659589703982
vn -0.9903570294702613 0.00006300952651063094 0.13853862352658133
vn -0.9903605555130662 0.00022534087731827606 0.13851324595626285
vn -0.9975842768529193 0.00011301195642007247 0.06946652290229897
vn -0.9903651977013962 0.00021017518974274647 0.1384800744087904
vn -0.9975842769568211 0.0001054312912660156 0.06946653332921666
vn -0.9903521008855807 0.0003799096003521893 0.138573344984568
vn -0.9975842846279842 0.00019044702819420983 0.06946624211228349
vn -0.9903343991323409 0.0012260872922087661 0.13869489754542905
vn -0.9975843485817931 0.0006140637372416426 0.06946287058829433
vn -0.9903332100433764 0.0024937839554124894 0.1386863876765323
vn -0.9975844164318287 0.0012488734558991081 0.0694533829806647
vn -0.9903316028277429 0.0038385317633615594 0.13866716307235638
vn -0.9975845383170039 0.0019221080107161333 0.0694362615039541
vn -0.9903295425767241 0.005289707444945087 0.1386341086995661
vn -0.9975847270546907 0.002648387377409535 0.06940964192039437
vn -0.990327012619187 0.006880317253412332 0.13858235569959498
vn -0.9975850026774107 0.003444109564141208 0.06937074702221989
vn -0.9903239595519714 0.008649486798815146 0.1385050234302816
vn -0.997585392658784 0.0043286799100641414 0.06931556018713321
vn -0.9903202642531104 0.010645578714316168 0.138392362012819
vn -0.9975859394180652 0.0053260199343054685 0.06923819023512842
vn -0.9903104330160775 0.01558552894827367 0.13799397648778705
vn -0.9896125455249278 0.014653958391352128 0.14301143745567071
vn -0.9975877865380588 0.007790579713048183 0.06897764143424552
vn -0.9903038987923559 0.018721147937807044 0.13765066892881547
vn -0.9975893291692053 0.009351822995858183 0.06876098991717013
vn -0.9902958824522171 0.022490716482589594 0.1371431109107708
vn -0.9975915708572545 0.011225011779123217 0.06844747522819512
vn -0.9902859996199681 0.027113503586927563 0.1363763061529461
vn -0.9975949087304481 0.013516007917494877 0.06798320090333564
vn -0.9902738217715558 0.032911355479313224 0.13518358108317474
vn -0.9976000352665905 0.016378531656700845 0.06727490867231194
vn -0.9902590691009231 0.04036788388833473 0.13325693232905744
vn -0.9976082150376723 0.020039976303687052 0.06615322092761043
vn -0.9925626398664553 0.03894594775693821 0.11533698060313127
vn -0.9976102484920599 0.022104387353360375 0.06546134862147997
vn -0.9902423962046504 0.050217335576177656 0.12999313815160232
vn -0.9881426456749423 0.049120677886474194 0.14546914037863426
vn -0.9976218699824732 0.024837251567137144 0.06429397691280316
vn -0.9902279342790992 0.06353798865878511 0.12414331303193214
vn -0.9976457766231493 0.03124438751220225 0.06104664310984352
vn -0.9976490890400609 0.034918367276275834 0.058966115390924924
vn 0.9815337532098822 0.10061697447324067 0.1626890154791451
vn 0.9976490890400609 0.034918367276275834 0.058966115390924924
vn 0.9902279342790992 0.06353798865878511 0.12414331303193214
vn 0.9975869383273784 0.0070770648755901725 0.06906674765293375
vn 0.9903104330160775 0.01558552894827367 0.13799397648778705
vn 0.9896125455249278 0.014653958391352128 0.14301143745567071
vn 0.9975877865380588 0.007790579713048183 0.06897764143424552
vn 0.9976457766231493 0.03124438751220225 0.06104664310984352
vn 0.9976218699824732 0.024837251567137144 0.06429397691280316
vn 0.9902423962046504 0.050217335576177656 0.12999313815160232
vn 0.9976102484920599 0.022104387353360375 0.06546134862147997
vn 0.9881426456749423 0.049120677886474194 0.14546914037863426
vn 0.9976082150376723 0.020039976303687052 0.06615322092761043
vn 0.9925626398664553 0.03894594775693821 0.11533698060313127
vn 0.9902590691009231 0.04036788388833473 0.13325693232905744
vn 0.9976000352665905 0.016378531656700845 0.06727490867231194
vn 0.9902738217715558 0.032911355479313224 0.13518358108317474
vn 0.9975949087304481 0.013516007917494877 0.06798320090333564
vn 0.9902859996199681 0.027113503586927563 0.1363763061529461
vn 0.9975915708572545 0.011225011779123217 0.06844747522819512
vn 0.9902958824522171 0.022490716482589594 0.1371431109107708
vn 0.9975893291692053 0.009351822995858183 0.06876098991717013
vn 0.9903038987923559 0.018721147937807044 0.13765066892881547
vn 0.9975867061346848 0.006466637219152014 0.06912992366859556
vn 0.9911113868288615 0.013560656453169142 0.13234170731379338
vn 0.9903158120858506 0.012930437895783081 0.1382295052026357
vn 0.9975859394180652 0.0053260199343054685 0.06923819023512842
vn 0.9903202642531104 0.010645578714316168 0.138392362012819
vn 0.997585392658784 0.0043286799100641414 0.06931556018713321
vn 0.9903239595519714 0.008649486798815146 0.1385050234302816
vn 0.9975850026774107 0.003444109564141208 0.06937074702221989
vn 0.990327012619187 0.006880317253412332 0.13858235569959498
vn 0.9975847270546907 0.002648387377409535 0.06940964192039437
vn 0.9903295425767241 0.005289707444945087 0.1386341086995661
vn 0.9975845383170039 0.0019221080107161333 0.0694362615039541
vn 0.9903316028277429 0.0038385317633615594 0.13866716307235638
vn 0.9975844164318287 0.0012488734558991081 0.0694533829806647
vn 0.9903332100433764 0.0024937839554124894 0.1386863876765323
vn 0.9975843485817931 0.0006140637372416426 0.06946287058829433
vn 0.9903343991323409 0.0012260872922087661 0.13869489754542905
vn 0.9975842846279842 0.00019044702819420983 0.06946624211228349
vn 0.9903521008855807 0.0003799096003521893 0.138573344984568
vn 0.9975842769568211 0.0001054312912660156 0.06946653332921666
vn 0.9903651977013962 0.00021017518974274647 0.1384800744087904
vn 0.9975842768529193 0.00011301195642007247 0.06946652290229897
vn 0.9903605555130662 0.00022534087731827606 0.13851324595626285
vn 0.9975842776709473 0.00003159449130224476 0.06946659589703982
vn 0.9903570294702613 0.00006300952651063094 0.13853862352658133
vn 0.9903539907747441 -0.00024252514666158134 0.1385601462834516
vn 0.9975842809037754 -0.00012158879034266797 0.06946645024660138
vn 0.990351082010019 -0.0006784735990074201 0.1385794863432543
vn 0.9975842905157064 -0.0003400978128618516 0.06946558608226432
vn 0.9903480869127917 -0.0012454472627603955 0.13859695382398912
vn 0.9975843105485513 -0.0006242050775536042 0.06946332640604501
vn 0.9903447862089911 -0.00195457909983001 0.13861235171949896
vn 0.9975843476972134 -0.0009794399967633953 0.0694586922337143
vn 0.9903409757269408 -0.0028274139991317448 0.13862451993167857
vn 0.9975844144557942 -0.0014165203641064575 0.06945019441980028
vn 0.990336407299371 -0.0038979367011332117 0.13863118865121352
vn 0.997584526079221 -0.0019523426969714865 0.06943559379230303
vn 0.9903307423921143 -0.005217047112400725 0.13862829109713126
vn 0.9975847116808825 -0.0026121767975745957 0.06941123506284018
vn 0.9903234516834799 -0.00686075782294805 0.13860876973630976
vn 0.9975850175513107 -0.0034336784185910853 0.06937105022751835
vn 0.9903137551140618 -0.008944968047112967 0.13855920748373984
vn 0.9975855279882615 -0.004474083393629137 0.06930437883834063
vn 0.9903003135399068 -0.011653055931413083 0.13845394645954215
vn 0.9975864046071247 -0.00582353882452369 0.06919141376348187
vn 0.9902808063277498 -0.015290654874001894 0.13823935941831456
vn 0.9975879786538228 -0.0076312766223827384 0.068992669628684
vn 0.9902508266743978 -0.020403485382528213 0.1377933164377614
vn 0.9975910152047838 -0.010161013343463827 0.0686215723407953
vn 0.9902017249277715 -0.028058293221215103 0.13679647704373818
vn 0.9975975525569957 -0.013919343140603026 0.06786291342719201
vn 0.9615917692009553 -0.05515112940451093 0.26888589090985
vn 0.9152760340070079 -0.11658985936339127 0.385586029656194
vn 0.8527494854399902 -0.1511745033751928 0.499964583356757
vn 0.7781389156530004 -0.28318254681957844 0.5606313165736911
vn 0.6894045512061131 -0.32659336541726286 0.6465741554081202
vn 0.5900559423704296 -0.36400847143119713 0.7206468050298063
vn 0.48204773410935225 -0.39501988588674514 0.782041732770101
vn 0.36727570773563506 -0.4193515920640474 0.8302125009542058
vn 0.2475462366091795 -0.43682878840276956 0.8648129684291284
vn 0.12457377459937956 -0.4473492919973487 0.8856410026819749
vn 0.06268666551067123 -0.4499745716895391 0.890838518924709
vn 0 -0.4508613239123131 0.8925940099507931
vn -0.06268666551067123 -0.4499745716895391 0.890838518924709
vn -0.12457377459937956 -0.4473492919973487 0.8856410026819749
vn -0.2475462366091795 -0.43682878840276956 0.8648129684291284
vn -0.36727570773563506 -0.4193515920640474 0.8302125009542058
vn -0.48204773410935225 -0.39501988588674514 0.782041732770101
vn -0.5900559423704296 -0.36400847143119713 0.7206468050298063
vn -0.6894045512061131 -0.32659336541726286 0.6465741554081202
vn -0.7781389156530004 -0.28318254681957844 0.5606313165736911
vn -0.9152760340070079 -0.11658985936339127 0.385586029656194
vn -0.8527494854399902 -0.1511745033751928 0.499964583356757
vn -0.9615917692009553 -0.05515112940451093 0.26888589090985
vn 0 0.2785613869493555 0.9604184263647023
vn -0.06206007099869109 0.3596591871038044 0.9310176242797276
vn -0.12372799419210695 0.3575849058179889 0.9256481073195892
vn 0 0.23654747556723874 0.9716199317648679
vn 0 0.259688272908938 0.9656924981139562
vn 0 0.2307491729846514 0.9730132677239809
vn 0 0.3083711905277925 0.9512661083274606
vn 0 0.30750494453612315 0.9515464828823842
vn 0 0.28741166612724367 0.95780714873818
vn 0 0.24543387318546506 0.969413334905798
vn 0 0.22841401036306985 0.9735640913005469
vn 0 0.2564455859301187 0.9665586694334485
vn 0.13332515158117741 0.2573698495755637 0.9570711386753379
vn 0.06177719782969064 0.23609567195366604 0.9697641009611864
vn 0.12326961981998924 0.23474335919380246 0.9642096017691614
vn 0.2344160651680263 0.2524523905418751 0.9387847990358772
vn 0.36441406621677797 0.2699859995174196 0.891240679282501
vn 0.4796601002717506 0.3161940312515497 0.8185032210127143
vn -0.9620021672736042 0.12439934997337515 0.24305684908492187
vn -0.9157646294891261 0.14475962663974304 0.374726291940886
vn -0.853423573814078 0.18782289492394896 0.48620033299124177
vn -0.7766228566120749 0.22701056197216066 0.5876420197201564
vn -0.6873605980373483 0.2617308321426424 0.677519283689888
vn -0.5876994519891398 0.29155486007714415 0.7547218810244353
vn -0.4796601002717506 0.3161940312515497 0.8185032210127143
vn -0.3651553598000874 0.335470129677008 0.8684016094548422
vn -0.2459622725012076 0.34928352669349516 0.9041590449067003
vn 0.5876994519891398 0.29155486007714415 0.7547218810244353
vn 0.6873605980373483 0.2617308321426424 0.677519283689888
vn 0.7766228566120749 0.22701056197216066 0.5876420197201564
vn 0.853423573814078 0.18782289492394896 0.48620033299124177
vn 0.9157646294891261 0.14475962663974304 0.374726291940886
vn 0.9620021672736042 0.12439934997337515 0.24305684908492187
vn -0.9634586944426264 0.027303548181758428 0.2664617427691943
vn -0.9617283867540266 0.02551987556168032 0.2728135738243498
vn -0.961636534276831 -0.04018231663682476 0.27136793726183456
vn -0.9616710498410883 -0.030146037535239253 0.27254358975852483
vn -0.9616965555601382 -0.022989878718264883 0.27315050887795445
vn -0.9617156868789258 -0.017655040076936218 0.2734798661160963
vn -0.9617304077848522 -0.013545547154179202 0.2736624579555549
vn -0.9617420407828524 -0.010302605866100881 0.273762859612479
vn -0.961751503135495 -0.0076989490933951354 0.2738152157924635
vn -0.9617593898246904 -0.005585271071103112 0.273838786206595
vn -0.9617661568396003 -0.003861496059130815 0.27384475238019546
vn -0.9617722125594919 -0.002460753110077968 0.27383965352474265
vn -0.9617777835761984 -0.0013406387529279118 0.2738278614512946
vn -0.9617832695971671 -0.0004792587395754646 0.2738114545340339
vn -0.9617890571972061 0.00012452466262219942 0.2737915154808814
vn -0.9617957877340265 0.0004453799513102614 0.27376753703421836
vn -0.9618046475871102 0.0004154575216601197 0.2737364558747754
vn -0.961779688124527 0.0007507081227250028 0.27382342476202093
vn -0.9617463340536218 0.0024215965144946264 0.2739308759609627
vn -0.9617445833668624 0.004925184897628041 0.27390344816782536
vn -0.9617424126737102 0.007580624213127957 0.2738504442229192
vn -0.9617399007865035 0.010445753345093706 0.27376495296553205
vn -0.9617371052916425 0.013585489896901257 0.27363693970206826
vn -0.9617341604982976 0.017076755950388517 0.27345162083419006
vn -0.9617311632652519 0.021014467474001704 0.27318777747412015
vn -0.9617261517874154 0.03075241365892315 0.2722812847448748
vn -0.9601988085571637 0.028471754653359563 0.2778625689659589
vn -0.9617251518714107 0.036927507698053315 0.27151628207737744
vn -0.9617265457228401 0.04434397980892345 0.27039908044725325
vn -0.9617325678376563 0.05342734268538126 0.26873032395687485
vn -0.9617475486112749 0.06479918602685127 0.2661629542788792
vn -0.9617804444531255 0.07938695109163073 0.2620612307532787
vn -0.9666379355235403 0.08194743033509566 0.24268440466635363
vn -0.9618506889506718 0.09858377833310727 0.2551950054657945
vn -0.9575153364151144 0.09226041604165217 0.2732259068274305
vn 0.9617261517874154 0.03075241365892315 0.2722812847448748
vn 0.9601988085571637 0.028471754653359563 0.2778625689659589
vn 0.9618506889506718 0.09858377833310727 0.2551950054657945
vn 0.9575153364151144 0.09226041604165217 0.2732259068274305
vn 0.9666379355235403 0.08194743033509566 0.24268440466635363
vn 0.9617804444531255 0.07938695109163073 0.2620612307532787
vn 0.9617475486112749 0.06479918602685127 0.2661629542788792
vn 0.9617325678376563 0.05342734268538126 0.26873032395687485
vn 0.9617265457228401 0.04434397980892345 0.27039908044725325
vn 0.9617251518714107 0.036927507698053315 0.27151628207737744
vn 0.9634586944426264 0.027303548181758428 0.2664617427691943
vn 0.9617283867540266 0.02551987556168032 0.2728135738243498
vn 0.9617311632652519 0.021014467474001704 0.27318777747412015
vn 0.9617341604982976 0.017076755950388517 0.27345162083419006
vn 0.9617371052916425 0.013585489896901257 0.27363693970206826
vn 0.9617399007865035 0.010445753345093706 0.27376495296553205
vn 0.9617424126737102 0.007580624213127957 0.2738504442229192
vn 0.9617445833668624 0.004925184897628041 0.27390344816782536
vn 0.9617463340536218 0.0024215965144946264 0.2739308759609627
vn 0.961779688124527 0.0007507081227250028 0.27382342476202093
vn 0.9618046475871102 0.0004154575216601197 0.2737364558747754
vn 0.9617957877340265 0.0004453799513102614 0.27376753703421836
vn 0.9617890571972061 0.00012452466262219942 0.2737915154808814
vn 0.9617832695971671 -0.0004792587395754646 0.2738114545340339
vn 0.9617777835761984 -0.0013406387529279118 0.2738278614512946
vn 0.9617722125594919 -0.002460753110077968 0.27383965352474265
vn 0.9617661568396003 -0.003861496059130815 0.27384475238019546
vn 0.9617593898246904 -0.005585271071103112 0.273838786206595
vn 0.961751503135495 -0.0076989490933951354 0.2738152157924635
vn 0.9617420407828524 -0.010302605866100881 0.273762859612479
vn 0.9617304077848522 -0.013545547154179202 0.2736624579555549
vn 0.9617156868789258 -0.017655040076936218 0.2734798661160963
vn 0.9616965555601382 -0.022989878718264883 0.27315050887795445
vn 0.9616710498410883 -0.030146037535239253 0.27254358975852483
vn 0.961636534276831 -0.04018231663682476 0.27136793726183456
vn 0.9151604238790199 -0.08099154023389926 0.39486930619651045
vn 0.8524200804396561 -0.10505610987242675 0.5121945140683594
vn 0.7757987207967195 -0.18262397450020348 0.6039741954321579
vn 0.6864453894287593 -0.21046731070090674 0.6960576401838622
vn 0.5867674744914118 -0.23436659529287943 0.7750975615300272
vn 0.478791331781674 -0.25409794803927127 0.8403529576392069
vn 0.3644260490847038 -0.2695255004942882 0.8913751507260099
vn 0.24543694112882491 -0.2805759519324769 0.9279212483430426
vn 0.12345326364004754 -0.28721487099676046 0.9498773129067434
vn 0.06196068004044629 -0.2888727183168593 0.9553603648577609
vn 0 -0.28942889030828123 0.9571995181021127
vn -0.06196068004044629 -0.2888727183168593 0.9553603648577609
vn -0.12345326364004754 -0.28721487099676046 0.9498773129067434
vn -0.24543694112882491 -0.2805759519324769 0.9279212483430426
vn -0.3644260490847038 -0.2695255004942882 0.8913751507260099
vn -0.478791331781674 -0.25409794803927127 0.8403529576392069
vn -0.5867674744914118 -0.23436659529287943 0.7750975615300272
vn -0.6864453894287593 -0.21046731070090674 0.6960576401838622
vn -0.7757987207967195 -0.18262397450020348 0.6039741954321579
vn -0.9151604238790199 -0.08099154023389926 0.39486930619651045
vn -0.8524200804396561 -0.10505610987242675 0.5121945140683594
vn 0 0.22767900760055024 0.9737362422638014
vn -0.06188271602822844 0.28936630019606924 0.9552160351291261
vn -0.12343819806731951 0.2877046346761618 0.9497310432136825
vn 0 0.24233612541899008 0.9701923532562559
vn 0 0.21329884175822658 0.9769870030377061
vn 0 0.1843130355186049 0.9828675927803895
vn 0 0.2116809645695471 0.9773388200818107
vn 0 0.20207348308382722 0.9793703627506655
vn 0 0.21660457367619998 0.9762594218047533
vn 0.2562001000225511 0.2510208407097318 0.9334613255394217
vn 0.2450977212104182 0.22933235112131325 0.9419839594104726
vn 0.061711337420242394 0.1946258370937081 0.9789343667322027
vn 0.12316668239456098 0.19351272509088474 0.9733359099385047
vn 0.3529105794171107 0.24297910678970777 0.9035570134746091
vn 0.4788080869664321 0.25452809621267514 0.8402132253743075
vn -0.9091491634185811 0.13323890385538759 0.39458230213063156
vn -0.8446787292221034 0.17124685010512122 0.5071413616821312
vn -0.8169010377005861 0.18041914311164395 0.5478335763738525
vn -0.7759856636259144 0.18286839609150662 0.6036600032783102
vn -0.6865701534267244 0.21079166881338451 0.6958364008748553
vn -0.5868317621274 0.2347523799632142 0.7749321280344861
vn -0.4788080869664321 0.25452809621267514 0.8402132253743075
vn -0.36441406621677797 0.2699859995174196 0.891240679282501
vn -0.24541567296524427 0.28105546404414006 0.9277817489010814
vn 0.5868317621274 0.2347523799632142 0.7749321280344861
vn 0.6865701534267244 0.21079166881338451 0.6958364008748553
vn 0.7759856636259144 0.18286839609150662 0.6036600032783102
vn 0.8169010377005861 0.18041914311164395 0.5478335763738525
vn 0.8446787292221034 0.17124685010512122 0.5071413616821312
vn 0.9091491634185811 0.13323890385538759 0.39458230213063156
vn -0.9179494989078804 0.0404366544145365 0.3946309598023584
vn -0.9152416150572357 0.037525260557177996 0.4011541360718331
vn -0.9151571034634679 -0.05904412170449642 0.3987496303101737
vn -0.9151746464019139 -0.04431193392017041 0.4006143021603024
vn -0.9151943757297156 -0.03380031797525868 0.40159282007708663
vn -0.9152121910159535 -0.02596064235355936 0.4021351644215763
vn -0.9152275249515376 -0.019919918315110197 0.4024447470466
vn -0.9152406656329978 -0.015152037420343802 0.40262257727762807
vn -0.9152519520964044 -0.01132348073369377 0.40272278675013495
vn -0.9152617945246896 -0.0082150980283987 0.40277581810211577
vn -0.9152705792743918 -0.005679894482730435 0.40279958479792943
vn -0.9152785638262391 -0.0036196517136230545 0.40280522429786
vn -0.9152861650174625 -0.0019720724510155926 0.4027993881051389
vn -0.9152936879017579 -0.0007050069159010498 0.40278650405946764
vn -0.9153016907303677 0.0001831855872856151 0.40276889327401
vn -0.9153110422709707 0.0006552111219772752 0.4027471497046437
vn -0.9153233573524512 0.0006112183205350179 0.40271922960941564
vn -0.9152887059287285 0.0011042987867801674 0.4027969281455649
vn -0.9152429794443394 0.003561586260375264 0.40288658910561714
vn -0.9152412357796011 0.007243673452542761 0.4028411715844611
vn -0.9152394497654684 0.011148937366685468 0.4027560685931328
vn -0.9152378170387624 0.015362370583488853 0.4026210822003445
vn -0.9152366975508088 0.01997933875028076 0.40242094065715683
vn -0.9152365024859238 0.02511280584948579 0.40213367367045966
vn -0.9152378283620554 0.030902128335598557 0.4017272407983294
vn -0.9152493874836104 0.04521609670136728 0.40034243256238594
vn -0.9128265024889258 0.04162421985612943 0.406220630538632
vn -0.9152634017897274 0.05429050713112977 0.3991809692103832
vn -0.9152878371296742 0.06518632801080292 0.39749077705394775
vn -0.9153296515290483 0.07852653202256377 0.39497495211749845
vn -0.9154018743036718 0.09522009151400553 0.39111704474925285
vn -0.9155297411642657 0.11662114312238851 0.3849737679641563
vn -0.9228625111652551 0.1232121481272527 0.3648884103936812
vn 0.9152493874836104 0.04521609670136728 0.40034243256238594
vn 0.9128265024889258 0.04162421985612943 0.406220630538632
vn 0.9228625111652551 0.1232121481272527 0.3648884103936812
vn 0.9155297411642657 0.11662114312238851 0.3849737679641563
vn 0.9154018743036718 0.09522009151400553 0.39111704474925285
vn 0.9153296515290483 0.07852653202256377 0.39497495211749845
vn 0.9152878371296742 0.06518632801080292 0.39749077705394775
vn 0.9152634017897274 0.05429050713112977 0.3991809692103832
vn 0.9179494989078804 0.0404366544145365 0.3946309598023584
vn 0.9152416150572357 0.037525260557177996 0.4011541360718331
vn 0.9152378283620554 0.030902128335598557 0.4017272407983294
vn 0.9152365024859238 0.02511280584948579 0.40213367367045966
vn 0.9152366975508088 0.01997933875028076 0.40242094065715683
vn 0.9152378170387624 0.015362370583488853 0.4026210822003445
vn 0.9152394497654684 0.011148937366685468 0.4027560685931328
vn 0.9152412357796011 0.007243673452542761 0.4028411715844611
vn 0.9152429794443394 0.003561586260375264 0.40288658910561714
vn 0.9152887059287285 0.0011042987867801674 0.4027969281455649
vn 0.9153233573524512 0.0006112183205350179 0.40271922960941564
vn 0.9153110422709707 0.0006552111219772752 0.4027471497046437
vn 0.9153016907303677 0.0001831855872856151 0.40276889327401
vn 0.9152936879017579 -0.0007050069159010498 0.40278650405946764
vn 0.9152861650174625 -0.0019720724510155926 0.4027993881051389
vn 0.9152785638262391 -0.0036196517136230545 0.40280522429786
vn 0.9152705792743918 -0.005679894482730435 0.40279958479792943
vn 0.9152617945246896 -0.0082150980283987 0.40277581810211577
vn 0.9152519520964044 -0.01132348073369377 0.40272278675013495
vn 0.9152406656329978 -0.015152037420343802 0.40262257727762807
vn 0.9152275249515376 -0.019919918315110197 0.4024447470466
vn 0.9152121910159535 -0.02596064235355936 0.4021351644215763
vn 0.9151943757297156 -0.03380031797525868 0.40159282007708663
vn 0.9151746464019139 -0.04431193392017041 0.4006143021603024
vn 0.9151571034634679 -0.05904412170449642 0.3987496303101737
vn 0.8523413382475724 -0.07660493228518948 0.5173450758090953
vn 0.7752462421953592 -0.1269172506450875 0.6187772421887104
vn 0.6857095341711165 -0.14624962072905334 0.7130311936959269
vn 0.5859256664179084 -0.1628240075336357 0.7938384319264321
vn 0.47794315647632585 -0.1764922073462979 0.8604771001737802
vn 0.3636759117906975 -0.18716840300161244 0.9125282571520901
vn 0.24487821725612652 -0.19480931334294793 0.9497810222089671
vn 0.12315529484426437 -0.19939722343353714 0.9721489189619142
vn 0.061745273575203624 -0.2005433928553087 0.9777371163933609
vn 0 -0.20092676657634576 0.9796062650234402
vn -0.061745273575203624 -0.2005433928553087 0.9777371163933609
vn -0.12315529484426437 -0.19939722343353714 0.9721489189619142
vn -0.24487821725612652 -0.19480931334294793 0.9497810222089671
vn -0.3636759117906975 -0.18716840300161244 0.9125282571520901
vn -0.47794315647632585 -0.1764922073462979 0.8604771001737802
vn -0.5859256664179084 -0.1628240075336357 0.7938384319264321
vn -0.6857095341711165 -0.14624962072905334 0.7130311936959269
vn -0.7752462421953592 -0.1269172506450875 0.6187772421887104
vn -0.8523413382475724 -0.07660493228518948 0.5173450758090953
vn 0 0.18793061475629502 0.9821823069254104
vn -0.1133334512785128 0.25801509128801703 0.959470552695046
vn -0.06179542748936033 0.2591919125298805 0.9638469160714839
vn 0 0.20565209692574474 0.9786251657453144
vn 0 0.17664192088322073 0.9842751809258863
vn 0 0.17608407963884973 0.9843751301702717
vn 0 0.1782810272799149 0.983979611227803
vn 0 0.19499743888391488 0.9808037514348698
vn 0.375745378394729 0.24065901889581312 0.8949294090815803
vn 0.36398322499251756 0.22032157357941512 0.9049721631848888
vn 0.24490376605286027 0.18905931627545827 0.9509357077650318
vn 0.06166857303616141 0.16152482396583268 0.984939956719439
vn 0.12310144551185838 0.16060191425422543 0.9793125442118922
vn 0.4672337788461958 0.22959919044493537 0.8538013865367837
vn -0.8625225438310501 0.16188743282589563 0.47942394649856135
vn -0.8529850522248269 0.15132052866653206 0.4995183663140832
vn -0.8165188736898076 0.15408768619770996 0.5563756948956023
vn -0.7669050533275845 0.16665766652018746 0.6197433834827613
vn -0.6762234199527781 0.1913114281512659 0.711422394760027
vn -0.5756431292090083 0.2123473042153784 0.7896477760286055
vn -0.4672337788461958 0.22959919044493537 0.8538013865367837
vn -0.3529105794171107 0.24297910678970777 0.9035570134746091
vn -0.2344160651680263 0.2524523905418751 0.9387847990358772
vn 0.5756431292090083 0.2123473042153784 0.7896477760286055
vn 0.6762234199527781 0.1913114281512659 0.711422394760027
vn 0.7669050533275845 0.16665766652018746 0.6197433834827613
vn 0.8625225438310501 0.16188743282589563 0.47942394649856135
vn 0.8165188736898076 0.15408768619770996 0.5563756948956023
vn 0.8529850522248269 0.15132052866653206 0.4995183663140832
vn -0.8560382127169079 0.05269060211978964 0.5142200684694207
vn -0.852393399625683 0.0487012530958642 0.5206281592667295
vn -0.8523276513430067 -0.05749924616974779 0.5198378703461538
vn -0.8523333059961351 -0.043863446196968456 0.5211563427393208
vn -0.8523446882082554 -0.03369192520588663 0.5218940377692516
vn -0.8523572559974584 -0.025853451201268664 0.5223205023828446
vn -0.8523694646117997 -0.01966606355568038 0.522570130931359
vn -0.8523808693613517 -0.014697341486994314 0.5227148761035992
vn -0.8523913923842056 -0.010663045732271071 0.5227955753877671
vn -0.8524011340387542 -0.007372538881238134 0.5228364489588407
vn -0.8524103452889514 -0.004698407700511751 0.5228523005681913
vn -0.8524191919983332 -0.002559844282798421 0.5228527214332508
vn -0.8524281151547446 -0.0009151457822075455 0.5228436391522103
vn -0.8524376618665979 0.00023779075848598554 0.5228288210178959
vn -0.8524488614094355 0.0008505358394329532 0.5228099226970955
vn -0.8524636197814698 0.000793447053964418 0.5227859479661311
vn -0.8524221959694901 0.0014334393270944976 0.5228521254334229
vn -0.8523680726661793 0.00462271905100828 0.5229218862965275
vn -0.852366791855413 0.00940178550818048 0.5228598842628579
vn -0.8523660134368684 0.014470440879491859 0.5227454308537701
vn -0.8523662537474868 0.01993894121589203 0.5225650276239925
vn -0.852368051498334 0.025931038326493953 0.5222990389003638
vn -0.8523722581088795 0.03259324623081797 0.52191878094825
vn -0.8523801041990201 0.04010637516836033 0.5213824283925593
vn -0.8524150474720477 0.05868122753399455 0.5195624123994442
vn -0.8491088506547476 0.05384300208180094 0.5254665459062001
vn -0.8524495260512607 0.07045595311302995 0.5180403113715338
vn -0.8525044353084905 0.08459325609079828 0.5158295927952451
vn -0.8525927495158891 0.10190103175530009 0.5125444207092119
vn -0.8527380737786433 0.12355790591776382 0.5075147499467441
vn 0.8524150474720477 0.05868122753399455 0.5195624123994442
vn 0.8491088506547476 0.05384300208180094 0.5254665459062001
vn 0.8527380737786433 0.12355790591776382 0.5075147499467441
vn 0.8525927495158891 0.10190103175530009 0.5125444207092119
vn 0.8525044353084905 0.08459325609079828 0.5158295927952451
vn 0.8524495260512607 0.07045595311302995 0.5180403113715338
vn 0.8560382127169079 0.05269060211978964 0.5142200684694207
vn 0.852393399625683 0.0487012530958642 0.5206281592667295
vn 0.8523801041990201 0.04010637516836033 0.5213824283925593
vn 0.8523722581088795 0.03259324623081797 0.52191878094825
vn 0.852368051498334 0.025931038326493953 0.5222990389003638
vn 0.8523662537474868 0.01993894121589203 0.5225650276239925
vn 0.8523660134368684 0.014470440879491859 0.5227454308537701
vn 0.852366791855413 0.00940178550818048 0.5228598842628579
vn 0.8523680726661793 0.00462271905100828 0.5229218862965275
vn 0.8524221959694901 0.0014334393270944976 0.5228521254334229
vn 0.8524636197814698 0.000793447053964418 0.5227859479661311
vn 0.8524488614094355 0.0008505358394329532 0.5228099226970955
vn 0.8524376618665979 0.00023779075848598554 0.5228288210178959
vn 0.8524281151547446 -0.0009151457822075455 0.5228436391522103
vn 0.8524191919983332 -0.002559844282798421 0.5228527214332508
vn 0.8524103452889514 -0.004698407700511751 0.5228523005681913
vn 0.8524011340387542 -0.007372538881238134 0.5228364489588407
vn 0.8523913923842056 -0.010663045732271071 0.5227955753877671
vn 0.8523808693613517 -0.014697341486994314 0.5227148761035992
vn 0.8523694646117997 -0.01966606355568038 0.522570130931359
vn 0.8523572559974584 -0.025853451201268664 0.5223205023828446
vn 0.8523446882082554 -0.03369192520588663 0.5218940377692516
vn 0.8523333059961351 -0.043863446196968456 0.5211563427393208
vn 0.8523276513430067 -0.05749924616974779 0.5198378703461538
vn 0.7750847057046035 -0.092552007867327 0.6250422584294075
vn 0.6854768625628664 -0.10664845518051137 0.720241333095081
vn 0.5856486158239922 -0.11872841166336462 0.8018224635462247
vn 0.47765741125100813 -0.12868599672533537 0.8690703721355321
vn 0.36341949593215156 -0.13646091641095615 0.9215772828519064
vn 0.24468546031428928 -0.14202358802747508 0.9591445803186225
vn 0.12305208279052414 -0.14536295831200508 0.981696386502312
vn 0.06166145778393098 -0.14619741278907525 0.9873318495408427
vn 0 -0.1464760542529786 0.9892142161991397
vn -0.06166145778393098 -0.14619741278907525 0.9873318495408427
vn -0.12305208279052414 -0.14536295831200508 0.981696386502312
vn -0.24468546031428928 -0.14202358802747508 0.9591445803186225
vn -0.36341949593215156 -0.13646091641095615 0.9215772828519064
vn -0.47765741125100813 -0.12868599672533537 0.8690703721355321
vn -0.5856486158239922 -0.11872841166336462 0.8018224635462247
vn -0.6854768625628664 -0.10664845518051137 0.720241333095081
vn -0.7750847057046035 -0.092552007867327 0.6250422584294075
vn -0.06177719782969064 0.23609567195366604 0.9697641009611864
vn -0.13332515158117741 0.2573698495755637 0.9570711386753379
vn -0.12326961981998924 0.23474335919380246 0.9642096017691614
vn 0 0.1675843901991997 0.9858577342403734
vn 0 0.14755769775485855 0.9890534494319739
vn 0 0.14699469818591845 0.9891372800098228
vn 0 0.1618327763309741 0.9868181962778195
vn 0 0.16458282297728813 0.9863632669462233
vn 0 0.16023959414041847 0.9870781491197715
vn 0 0.16501093401157987 0.9862917375992897
vn 0 0.17050813617730465 0.985356268309763
vn 0 0.17093591776315353 0.985282148431843
vn 0 0.16099130096330427 0.9869558252597441
vn 0.49029905399648704 0.22633234539457872 0.8416534364442049
vn 0.4783137167863613 0.20773337009122333 0.8532659815582474
vn 0.3637208090512458 0.18164173846247242 0.9136265385328065
vn 0.24478092047059843 0.1569096507433888 0.9567976078968604
vn 0.061639899940652665 0.13450779912298452 0.9889935160102906
vn 0.12305876256738454 0.13373977504765963 0.9833464361686504
vn -0.7854139371335256 0.16073948150344794 0.5977355321899619
vn -0.7756213792998284 0.14930834390414632 0.6132850025996336
vn -0.6971155411767161 0.1861857937548755 0.6923617352610997
vn -0.6861147907841525 0.1720867350057657 0.7068469774302456
vn -0.5863296913047356 0.19162056225545263 0.7870826215940723
vn -0.5980661161461035 0.2081262597855654 0.773951148784978
vn -0.4783137167863613 0.20773337009122333 0.8532659815582474
vn -0.49029905399648704 0.22633234539457872 0.8416534364442049
vn -0.36398322499251756 0.22032157357941512 0.9049721631848888
vn -0.375745378394729 0.24065901889581312 0.8949294090815803
vn -0.2450977212104182 0.22933235112131325 0.9419839594104726
vn -0.2562001000225511 0.2510208407097318 0.9334613255394217
vn 0.5980661161461035 0.2081262597855654 0.773951148784978
vn 0.5863296913047356 0.19162056225545263 0.7870826215940723
vn 0.6971155411767161 0.1861857937548755 0.6923617352610997
vn 0.6861147907841525 0.1720867350057657 0.7068469774302456
vn 0.7756213792998284 0.14930834390414632 0.6132850025996336
vn 0.7854139371335256 0.16073948150344794 0.5977355321899619
vn -0.7795608894305875 0.06384352273997988 0.6230640611320324
vn -0.7750913851748761 0.058848311145006584 0.6291027109328591
vn -0.7750345816661365 -0.06947281783112667 0.6280883097178294
vn -0.7750224994373243 -0.052999698787585654 0.6297071996526225
vn -0.7750246709945703 -0.04071082708969818 0.6306182584634151
vn -0.7750324418965486 -0.031240156076078055 0.6311487674520287
vn -0.7750421494768273 -0.023764046707641345 0.631462537779096
vn -0.7750524517770354 -0.017760229366461364 0.6316472680596797
vn -0.7750626256701927 -0.012885368655157596 0.6317530320970742
vn -0.7750724016916155 -0.00890917432093516 0.6318096222351397
vn -0.775081972215761 -0.005677739686383562 0.6318351839033499
vn -0.7750913707222236 -0.003093444580811525 0.6318415921990022
vn -0.7751009884305845 -0.0011059185655378047 0.6318363986650795
vn -0.7751113246138672 0.0002873637446077299 0.6318246211389793
vn -0.7751235288492823 0.0010278611786517934 0.6318088781630357
vn -0.7751396037636572 0.0009588844031774553 0.6317892648801667
vn -0.775094599218693 0.0017322457581445611 0.6318428298134332
vn -0.7750364456942661 0.005586031933278591 0.6318918452495166
vn -0.7750358247016744 0.01136096445191267 0.631815161986255
vn -0.775036409415933 0.01748577267621511 0.63167460914111
vn -0.7750388594199196 0.024093694548225096 0.6314540840568593
vn -0.7750440151374807 0.0313342593078039 0.6311298905876698
vn -0.7750530763629983 0.03938448308717484 0.6306675759163526
vn -0.7750680045783178 0.04846286107165932 0.6300166183329877
vn -0.7751274468336181 0.07090746247811995 0.627813326499295
vn -0.7710199296179826 0.06491225879367589 0.6334940148021796
vn -0.775182876441589 0.08513544719431598 0.6259740120027095
vn -0.7752686977688895 0.10221873883563587 0.6233055235521197
vn -0.775403610168862 0.12313424529623404 0.61934416843337
vn 0.7751274468336181 0.07090746247811995 0.627813326499295
vn 0.7710199296179826 0.06491225879367589 0.6334940148021796
vn 0.775403610168862 0.12313424529623404 0.61934416843337
vn 0.7752686977688895 0.10221873883563587 0.6233055235521197
vn 0.775182876441589 0.08513544719431598 0.6259740120027095
vn 0.7795608894305875 0.06384352273997988 0.6230640611320324
vn 0.7750913851748761 0.058848311145006584 0.6291027109328591
vn 0.7750680045783178 0.04846286107165932 0.6300166183329877
vn 0.7750530763629983 0.03938448308717484 0.6306675759163526
vn 0.7750440151374807 0.0313342593078039 0.6311298905876698
vn 0.7750388594199196 0.024093694548225096 0.6314540840568593
vn 0.775036409415933 0.01748577267621511 0.63167460914111
vn 0.7750358247016744 0.01136096445191267 0.631815161986255
vn 0.7750364456942661 0.005586031933278591 0.6318918452495166
vn 0.775094599218693 0.0017322457581445611 0.6318428298134332
vn 0.7751396037636572 0.0009588844031774553 0.6317892648801667
vn 0.7751235288492823 0.0010278611786517934 0.6318088781630357
vn 0.7751113246138672 0.0002873637446077299 0.6318246211389793
vn 0.7751009884305845 -0.0011059185655378047 0.6318363986650795
vn 0.7750913707222236 -0.003093444580811525 0.6318415921990022
vn 0.775081972215761 -0.005677739686383562 0.6318351839033499
vn 0.7750724016916155 -0.00890917432093516 0.6318096222351397
vn 0.7750626256701927 -0.012885368655157596 0.6317530320970742
vn 0.7750524517770354 -0.017760229366461364 0.6316472680596797
vn 0.7750421494768273 -0.023764046707641345 0.631462537779096
vn 0.7750324418965486 -0.031240156076078055 0.6311487674520287
vn 0.7750246709945703 -0.04071082708969818 0.6306182584634151
vn 0.7750224994373243 -0.052999698787585654 0.6297071996526225
vn 0.7750345816661365 -0.06947281783112667 0.6280883097178294
vn 0.6853939197432495 -0.08005489291628957 0.7237585155969809
vn 0.5855436542964646 -0.08912143575306072 0.8057270000455833
vn 0.47754545582058744 -0.09659359796424478 0.873281177203213
vn 0.3633170881890077 -0.10242680483288562 0.9260180576433631
vn 0.24460759945216207 -0.10659978587782677 0.9637445760890446
vn 0.12301017587419817 -0.10910450356221424 0.9863897322731221
vn 0.06162263840924402 -0.10973051175639183 0.9920493260040872
vn 0 -0.10993945900336562 0.9939382854855965
vn -0.06162263840924402 -0.10973051175639183 0.9920493260040872
vn -0.12301017587419817 -0.10910450356221424 0.9863897322731221
vn -0.24460759945216207 -0.10659978587782677 0.9637445760890446
vn -0.3633170881890077 -0.10242680483288562 0.9260180576433631
vn -0.47754545582058744 -0.09659359796424478 0.873281177203213
vn -0.5855436542964646 -0.08912143575306072 0.8057270000455833
vn -0.6853939197432495 -0.08005489291628957 0.7237585155969809
vn 0 0.1560863007536489 0.9877434215002606
vn -0.061711337420242394 0.1946258370937081 0.9789343667322027
vn -0.12316668239456098 0.19351272509088474 0.9733359099385047
vn 0 0.137034307753808 0.9905663019194801
vn 0 0.13249313997514056 0.9911839223169069
vn 0 0.13738767035010035 0.9905173537277236
vn 0 0.1459676340598567 0.9892893660638266
vn 0 0.13004443015688869 0.9915081674828352
vn 0 0.13213946971809507 0.991231133763776
vn 0 0.1296907050876567 0.9915544972485709
vn 0 0.13476408335853615 0.9908777128569063
vn 0 0.13952865500076284 0.9902180337853266
vn 0 0.15271960555313713 0.9882695594217673
vn 0 0.15314842151739239 0.9882031982273338
vn 0 0.15865361109051432 0.9873343059409715
vn 0 0.15908197969450733 0.987265376551045
vn 0.47801317507486807 0.1712765655519383 0.8614915800793272
vn 0.363554744641172 0.15075902474962502 0.9192930240709075
vn 0.24470072463840173 0.1306671287341464 0.9607536920719145
vn 0.0616201895690395 0.11201668034601445 0.9917939380545409
vn 0.12303028345732489 0.1113773570175297 0.9861331723941752
vn -0.6858401933464444 0.14190985788945762 0.7137820545686938
vn -0.586025356676931 0.15800498580568667 0.7947381366162193
vn -0.47801317507486807 0.1712765655519383 0.8614915800793272
vn -0.3637208090512458 0.18164173846247242 0.9136265385328065
vn -0.24490376605286027 0.18905931627545827 0.9509357077650318
vn 0.586025356676931 0.15800498580568667 0.7947381366162193
vn 0.6858401933464444 0.14190985788945762 0.7137820545686938
vn -0.6905663537098636 0.07372519598083807 0.7195017071567312
vn -0.6854376703353308 0.06781571028771236 0.724966364408341
vn -0.6853649717160324 -0.061073448604064086 0.7256341291727457
vn -0.6853578658985883 -0.046913173874330964 0.7266937111107883
vn -0.6853602380090247 -0.036000056022329995 0.7273137838117755
vn -0.6853668025201235 -0.027385138954369892 0.7276828980866543
vn -0.6853751778075008 -0.020466666961930172 0.7279024530723922
vn -0.6853842358877688 -0.014849052170422154 0.728030188142071
vn -0.6853934687424049 -0.010266977658891323 0.7281005302669445
vn -0.6854026633800016 -0.006543098692925814 0.7281348617468436
vn -0.6854119607421171 -0.0035649463487924787 0.7281467813766511
vn -0.6854215578233522 -0.0012744899142433756 0.7281453589404162
vn -0.6854319527006029 0.00033116791401841526 0.7281366139295916
vn -0.685444252619941 0.0011845520735749779 0.7281241469603076
vn -0.6854604562222903 0.0011050715026826603 0.7281090177799634
vn -0.68541508577694 0.001996278875714356 0.7281498300899619
vn -0.6853571814896638 0.006437224042779628 0.7281786154008969
vn -0.6853572921567622 0.01309211510013372 0.7280892655504234
vn -0.6853591228465314 0.02015017910472482 0.7279263994478293
vn -0.6853636036473822 0.027764956390126026 0.7276715179200904
vn -0.6853717537116217 0.03610877265040365 0.7272975427924513
vn -0.6853850776227489 0.045385671091630435 0.7267650488511542
vn -0.6854059600526734 0.05584747277796106 0.7260163425905699
vn -0.6854856156984188 0.08171311042378827 0.7234863082708817
vn -0.6807131536839911 0.07467124176488567 0.7287343878635653
vn -0.6855579815803358 0.09811072247800835 0.7213768363527756
vn -0.685668472332188 0.11780037229552216 0.7183187442470645
vn 0.6854856156984188 0.08171311042378827 0.7234863082708817
vn 0.6807131536839911 0.07467124176488567 0.7287343878635653
vn 0.685668472332188 0.11780037229552216 0.7183187442470645
vn 0.6855579815803358 0.09811072247800835 0.7213768363527756
vn 0.6905663537098636 0.07372519598083807 0.7195017071567312
vn 0.6854376703353308 0.06781571028771236 0.724966364408341
vn 0.6854059600526734 0.05584747277796106 0.7260163425905699
vn 0.6853850776227489 0.045385671091630435 0.7267650488511542
vn 0.6853717537116217 0.03610877265040365 0.7272975427924513
vn 0.6853636036473822 0.027764956390126026 0.7276715179200904
vn 0.6853591228465314 0.02015017910472482 0.7279263994478293
vn 0.6853572921567622 0.01309211510013372 0.7280892655504234
vn 0.6853571814896638 0.006437224042779628 0.7281786154008969
vn 0.68541508577694 0.001996278875714356 0.7281498300899619
vn 0.6854604562222903 0.0011050715026826603 0.7281090177799634
vn 0.685444252619941 0.0011845520735749779 0.7281241469603076
vn 0.6854319527006029 0.00033116791401841526 0.7281366139295916
vn 0.6854215578233522 -0.0012744899142433756 0.7281453589404162
vn 0.6854119607421171 -0.0035649463487924787 0.7281467813766511
vn 0.6854026633800016 -0.006543098692925814 0.7281348617468436
vn 0.6853934687424049 -0.010266977658891323 0.7281005302669445
vn 0.6853842358877688 -0.014849052170422154 0.728030188142071
vn 0.6853751778075008 -0.020466666961930172 0.7279024530723922
vn 0.6853668025201235 -0.027385138954369892 0.7276828980866543
vn 0.6853602380090247 -0.036000056022329995 0.7273137838117755
vn 0.6853578658985883 -0.046913173874330964 0.7266937111107883
vn 0.6853649717160324 -0.061073448604064086 0.7256341291727457
vn 0.5855023962924659 -0.067990210444684 0.8078145054525006
vn 0.4774990232237119 -0.0736900858417308 0.8755366663190295
vn 0.36327327318119434 -0.07813936969060117 0.9284001119649743
vn 0.2445737095541707 -0.08132203983282038 0.9662144826239881
vn 0.12299172919482458 -0.08323233298249333 0.9889112261957382
vn 0.06160254711307336 -0.08370980046092746 0.9945842324790664
vn 0 -0.08386908805406734 0.9964767815001908
vn -0.06160254711307336 -0.08370980046092746 0.9945842324790664
vn -0.12299172919482458 -0.08323233298249333 0.9889112261957382
vn -0.2445737095541707 -0.08132203983282038 0.9662144826239881
vn -0.36327327318119434 -0.07813936969060117 0.9284001119649743
vn -0.4774990232237119 -0.0736900858417308 0.8755366663190295
vn -0.5855023962924659 -0.067990210444684 0.8078145054525006
vn 0 0.13000240496407636 0.9915136785256955
vn 0 0.12561237802709643 0.9920793972693808
vn -0.06166857303616141 0.16152482396583268 0.984939956719439
vn -0.12310144551185838 0.16060191425422543 0.9793125442118922
vn 0 0.11993231755474885 0.9927820703487483
vn 0 0.12251723603706269 0.9924663857651997
vn 0 0.11223002932941141 0.9936822532966559
vn 0 0.13948069719071815 0.9902247901922022
vn 0 0.13983399334228225 0.9901749614618371
vn 0 0.12355030686521361 0.9923383100906221
vn 0.47782342437996345 0.14216296944451606 0.8668762686984358
vn 0.3634465898895533 0.1255482755594321 0.923116572704503
vn 0.24464721264523334 0.10881957514839864 0.963486399182386
vn 0.117726317313086 0.10122445336041344 0.9878735365692229
vn 0.06160934684725706 0.10173966364178783 0.9929014700478139
vn -0.5858339296689363 0.1311543084718213 0.7997481817534378
vn -0.47782342437996345 0.14216296944451606 0.8668762686984358
vn -0.363554744641172 0.15075902474962502 0.9192930240709075
vn -0.24478092047059843 0.1569096507433888 0.9567976078968604
vn 0.5858339296689363 0.1311543084718213 0.7997481817534378
vn -0.5855735325147456 0.0754983709450179 0.8070958022458367
vn -0.5911626581901107 0.08221454324964522 0.8023512201273545
vn -0.5854879385845041 -0.052226435550646204 0.8089970786113767
vn -0.5854856439133916 -0.04007753333719362 0.8096915166240336
vn -0.5854890924658411 -0.030487022894002805 0.8101068226095781
vn -0.5854953370383085 -0.02278502254473492 0.8103555102879436
vn -0.5855028945649728 -0.016531157408086746 0.8105017466303125
vn -0.5855109467117569 -0.011430076987724053 0.8105839158413872
vn -0.5855192685090098 -0.007284371276749443 0.8106257608414481
vn -0.5855278252152185 -0.003968839651994706 0.8106425933853669
vn -0.5855368019642267 -0.001418891005368853 0.8106445832137662
vn -0.5855466076064059 0.0003686911563980847 0.8106386583351802
vn -0.5855581674626137 0.0013187761795703905 0.8106293193237054
vn -0.5855734003663716 0.0012302991072563707 0.8106184547291481
vn -0.5855307903242685 0.002222450995522934 0.8106471206966755
vn -0.5854768100568079 0.007166351497903537 0.8106574790205251
vn -0.5854775173802823 0.014575013534342792 0.8105576140057502
vn -0.5854803897008689 0.02243252899295013 0.8103761440952585
vn -0.5854862652225731 0.030909814601900232 0.8100928444301916
vn -0.5854963294876543 0.04019877814724134 0.8096777793616132
vn -0.5855123659048452 0.05052661041318627 0.8090873444892491
vn -0.5855368644679808 0.06217376161035883 0.808258005661697
vn -0.5856282248434386 0.09097136993953654 0.805458746378762
vn -0.5803641741158985 0.08301011439461387 0.810115267299021
vn -0.5857100084399307 0.10922910440206762 0.8031268821081875
vn 0.5856282248434386 0.09097136993953654 0.805458746378762
vn 0.5803641741158985 0.08301011439461387 0.810115267299021
vn 0.5857100084399307 0.10922910440206762 0.8031268821081875
vn 0.5855735325147456 0.0754983709450179 0.8070958022458367
vn 0.5911626581901107 0.08221454324964522 0.8023512201273545
vn 0.5855368644679808 0.06217376161035883 0.808258005661697
vn 0.5855123659048452 0.05052661041318627 0.8090873444892491
vn 0.5854963294876543 0.04019877814724134 0.8096777793616132
vn 0.5854862652225731 0.030909814601900232 0.8100928444301916
vn 0.5854803897008689 0.02243252899295013 0.8103761440952585
vn 0.5854775173802823 0.014575013534342792 0.8105576140057502
vn 0.5854768100568079 0.007166351497903537 0.8106574790205251
vn 0.5855307903242685 0.002222450995522934 0.8106471206966755
vn 0.5855734003663716 0.0012302991072563707 0.8106184547291481
vn 0.5855581674626137 0.0013187761795703905 0.8106293193237054
vn 0.5855466076064059 0.0003686911563980847 0.8106386583351802
vn 0.5855368019642267 -0.001418891005368853 0.8106445832137662
vn 0.5855278252152185 -0.003968839651994706 0.8106425933853669
vn 0.5855192685090098 -0.007284371276749443 0.8106257608414481
vn 0.5855109467117569 -0.011430076987724053 0.8105839158413872
vn 0.5855028945649728 -0.016531157408086746 0.8105017466303125
vn 0.5854953370383085 -0.02278502254473492 0.8103555102879436
vn 0.5854890924658411 -0.030487022894002805 0.8101068226095781
vn 0.5854856439133916 -0.04007753333719362 0.8096915166240336
vn 0.5854879385845041 -0.052226435550646204 0.8089970786113767
vn 0.47748058802810495 -0.056604692447928665 0.8768170828908447
vn 0.363254816217542 -0.06002216703435392 0.929754418090745
vn 0.24455899872229617 -0.06246666233732013 0.9676201797401619
vn 0.12298351620554226 -0.06393385284760178 0.9903471700377512
vn 0.06159136575844909 -0.06430059502127813 0.9960280804997008
vn 0 -0.06442290880840222 0.9979226867952568
vn -0.06159136575844909 -0.06430059502127813 0.9960280804997008
vn -0.12298351620554226 -0.06393385284760178 0.9903471700377512
vn -0.24455899872229617 -0.06246666233732013 0.9676201797401619
vn -0.363254816217542 -0.06002216703435392 0.929754418090745
vn -0.47748058802810495 -0.056604692447928665 0.8768170828908447
vn 0.5591555301164827 -0.829062779975169 0
vn 0.6149234630392604 -0.7885867958594054 0
vn 0.5839073249971677 -0.81182032237106 0
vn 0.5063039321537098 -0.8623551056761314 0
vn 0.4625437057754769 -0.886596481071005 0
vn 0.4456149464542419 -0.8952247312806899 0
vn 0.3880347557511146 -0.9216447408460445 0
vn 0.38573943303319164 -0.9226077659564934 0
vn 0.2610808139933653 -0.9653169472067512 0
vn 0.262708541341209 -0.9648752366530992 0
vn 0.1317287691629147 -0.9912857970206288 0
vn 0.13257290265487537 -0.9911732570452357 0
vn 0.033025495150234556 -0.9994545095551282 0
vn 0.03313262763556794 -0.9994509637725919 0
vn 0 -1 0
vn -0.38575621384580805 0.9226007497717238 0
vn 0 0.10452701782999234 0.9945220472888313
vn 0 0.11993222378770063 0.992782081676204
vn -0.061639899940652665 0.13450779912298452 0.9889935160102906
vn -0.12305876256738454 0.13373977504765963 0.9833464361686504
vn 0 0.10452691334980663 0.9945220582699823
vn 0 0.10193328673256351 0.9947912369215448
vn 0 0.09825713164219779 0.9951610603723641
vn 0 0.10149318159410002 0.9948362348094822
vn 0 -0.9999998980119345 -0.0004516371559811767
vn 0.26377683674834507 -0.964583635881931 -0.00043564186133279254
vn 0.26107184405281825 -0.965319274732162 -0.00043597412085309424
vn 0.13172876901727323 -0.9912856959406947 -0.00044770142530109285
vn -0.26107184405281825 -0.965319274732162 -0.00043597412085309424
vn -0.13172876901727323 -0.9912856959406947 -0.00044770142530109285
vn -0.26377683674834507 -0.964583635881931 -0.00043564186133279254
vn 0.4777001537287947 0.11839334812690443 0.8705088042327817
vn 0.3633745491495719 0.10455829998715419 0.9257572570248325
vn 0.23907383192857118 0.09897739103038967 0.965943672763483
vn 0.12835854372405575 0.10109005532176478 0.9865621546400825
vn 0.061606390714844 0.09295973806090282 0.9937621142520671
vn 0.12301105717109874 0.0924293061244427 0.9880916471577941
vn -0.4777001537287947 0.11839334812690443 0.8705088042327817
vn -0.3634465898895533 0.1255482755594321 0.923116572704503
vn -0.24470072463840173 0.1306671287341464 0.9607536920719145
vn -0.47756327448163843 0.08182961946075984 0.8747783903625435
vn -0.48339948061112153 0.08923240402157427 0.8708401232243659
vn -0.4774752147332316 -0.04343737729891962 0.877570859571377
vn -0.4774762456294729 -0.03304294273773845 0.878023119738207
vn -0.47748049590266195 -0.024695305709969785 0.8782952339096686
vn -0.4774863735211381 -0.017917177996024675 0.8784564518712871
vn -0.4774929649731275 -0.012388448537683209 0.8785482313134554
vn -0.47750005643636473 -0.007895162082539087 0.8785962454500696
vn -0.4775074216644912 -0.00430163702808131 0.8786171852258574
vn -0.47751519550930205 -0.0015378733632994863 0.8786221446123651
vn -0.47752375463074254 0.00039960960418463027 0.87861874785115
vn -0.4775337827007636 0.001429374440302602 0.8786122257675507
vn -0.47754719572512194 0.0013334834586767592 0.8786050863026786
vn -0.47750995442864985 0.0024088128574834616 0.8786230369402833
vn -0.47746314518593613 0.007767129328292764 0.8786174461568308
vn -0.4774641831028416 0.015796880501873594 0.878509198825115
vn -0.47746746318511846 0.024313124911073916 0.8783129815485061
vn -0.47747385495719225 0.033501146475383804 0.8780070563595447
vn -0.47748449498523643 0.04356895003459866 0.8775592878213848
vn -0.477501044135646 0.05476286268972897 0.8769229052313514
vn -0.47752612923455706 0.06738695622929693 0.8760295623027865
vn -0.47761834895474814 0.09860165840363636 0.8730168530456861
vn -0.4720552464544964 0.08986124023044893 0.8769770816840256
vn 0.47761834895474814 0.09860165840363636 0.8730168530456861
vn 0.4720552464544964 0.08986124023044893 0.8769770816840256
vn 0.47756327448163843 0.08182961946075984 0.8747783903625435
vn 0.48339948061112153 0.08923240402157427 0.8708401232243659
vn 0.47752612923455706 0.06738695622929693 0.8760295623027865
vn 0.477501044135646 0.05476286268972897 0.8769229052313514
vn 0.47748449498523643 0.04356895003459866 0.8775592878213848
vn 0.47747385495719225 0.033501146475383804 0.8780070563595447
vn 0.47746746318511846 0.024313124911073916 0.8783129815485061
vn 0.4774641831028416 0.015796880501873594 0.878509198825115
vn 0.47746314518593613 0.007767129328292764 0.8786174461568308
vn 0.47750995442864985 0.0024088128574834616 0.8786230369402833
vn 0.47754719572512194 0.0013334834586767592 0.8786050863026786
vn 0.4775337827007636 0.001429374440302602 0.8786122257675507
vn 0.47752375463074254 0.00039960960418463027 0.87861874785115
vn 0.47751519550930205 -0.0015378733632994863 0.8786221446123651
vn 0.4775074216644912 -0.00430163702808131 0.8786171852258574
vn 0.47750005643636473 -0.007895162082539087 0.8785962454500696
vn 0.4774929649731275 -0.012388448537683209 0.8785482313134554
vn 0.4774863735211381 -0.017917177996024675 0.8784564518712871
vn 0.47748049590266195 -0.024695305709969785 0.8782952339096686
vn 0.4774762456294729 -0.03304294273773845 0.878023119738207
vn 0.4774752147332316 -0.04343737729891962 0.877570859571377
vn 0.36324832548140396 -0.04605985506520005 0.9305531386150545
vn 0.24455339428705658 -0.04793566344657118 0.9684502101360795
vn 0.12298039276295329 -0.04906149611768735 0.9911956379012994
vn 0.06158486138891489 -0.049342931261048446 0.9968814272431178
vn 0 -0.04943676419134286 0.998777255621237
vn -0.06158486138891489 -0.049342931261048446 0.9968814272431178
vn -0.12298039276295329 -0.04906149611768735 0.9911956379012994
vn -0.24455339428705658 -0.04793566344657118 0.9684502101360795
vn -0.36324832548140396 -0.04605985506520005 0.9305531386150545
vn 0 0.09825703744893839 0.995161069672522
vn 0.020045819430987478 0.2404491207923202 0.9704547312644419
vn -0.0021857081615480715 0.11062468369882456 0.9938598502990086
vn 0.005045810003073581 0.13664134987438725 0.9906077333162294
vn 0.9478530537892816 -0.31870768485342 -0.000006140558373867564
vn 0.9270036133629735 -0.3750523974073859 -0.0000033109615427760658
vn 0.9185082820050932 -0.3954017398582154 -0.000002268971965910829
vn 0.9370076036753257 -0.3493089615703232 -0.000004613716940330813
vn 0.8703227394518959 -0.49248180595119173 0
vn 0.8984991388856269 -0.4389752811056527 0
vn 0.8560077076951063 -0.5169630589960656 0
vn 0.7986503039010214 -0.6017953905430036 0
vn 0.8338524662520229 -0.5519873771431908 0
vn 0.7788639215572639 -0.6271929461469095 0
vn 0.7130659807002512 -0.7010969313639797 0
vn 0.7548799055828423 -0.6558630406931303 0
vn 0.6876528155578657 -0.7260396719569392 0
vn 0.6628187071530214 -0.7487799152274298 0
vn -0.0616201895690395 0.11201668034601445 0.9917939380545409
vn -0.12303028345732489 0.1113773570175297 0.9861331723941752
vn 0.09045759709571825 0.7870630172614466 0.6102042526785408
vn 0.09613342897324083 0.8267897991493913 0.5542355021616316
vn 0.08888693559714718 0.7759477634316896 0.6245031473943965
vn 0.09974675861263343 0.8516608418231458 0.5145137458332516
vn 0.10116426110122262 0.8613129488171893 0.49790139232149294
vn 0.5860401266823511 -0.8102820310966631 0
vn 0.5920372638177632 -0.8059105894894147 0
vn 0.5316538593508514 -0.8469617310347293 0
vn 0.545409265539298 -0.8381698712456107 0
vn 0.10924595093778554 0.9148568132983314 0.3887188358766798
vn 0.11011580308436125 0.920427035297958 0.3750847672242876
vn 0.11391209240560483 0.9440992633335107 0.3093551618720779
vn 0.116525522764738 0.9595820490651055 0.2561720001413467
vn 0.11706590901592523 0.9626693577187457 0.24405589658037877
vn 0 0 1
vn 0.12168280695024172 0.9861710424337394 0.11251653015384866
vn 0.12181377451041596 0.9867097423673971 0.10754203204696541
vn 0.12332721011915493 0.9916567753738195 0.037513185674158706
vn -0.38575467807483693 0.9226013919040978 0
vn -0.5565484299487116 0.8308151690488227 0
vn -0.5599194082802458 0.8285470754465912 0
vn 0.5073666760186919 -0.8617301808555863 -0.0003891893399936938
vn 0.5034878495297654 -0.8640022182307946 -0.0003902155285061087
vn 0.3857394350857125 -0.9226076710033435 -0.000416683982946531
vn 0 0.08801708797327339 0.9961189648956117
vn -0.5034878495297654 -0.8640022182307946 -0.0003902155285061087
vn -0.3857394350857125 -0.9226076710033435 -0.000416683982946531
vn -0.5073666760186919 -0.8617301808555863 -0.0003891893399936938
vn 0 0.08433425148443459 0.9964375213863437
vn 0 0.09313665620685364 0.9956533348864987
vn 0 0.08477572186337042 0.9964000587025997
vn 0.35771029523015074 0.09518865291692148 0.9289684951828132
vn 0.2503119556295985 0.0986882528302089 0.9631222942192788
vn 0.24461111758167262 0.09030728052542396 0.9654066481227211
vn 0.06159661560181133 0.07655093496078501 0.9951611986522749
vn 0.12299795970371796 0.07611421771561981 0.9894837683207653
vn -0.3633745491495719 0.10455829998715419 0.9257572570248325
vn -0.24464721264523334 0.10881957514839864 0.963486399182386
vn -0.36332600597461384 0.08677187799117932 0.9276124484785758
vn -0.36919579410761405 0.09473188549716602 0.9245108628260676
vn -0.3632478988220593 -0.03503789481296601 0.9310334633773559
vn -0.3632504862543431 -0.02618631781463974 0.9313234459602604
vn -0.36325474979616207 -0.018998984756624523 0.9314961220148721
vn -0.363259804205289 -0.013136461464638644 0.9315952705058798
vn -0.36326524759526846 -0.0083718924230764 0.9316481478040972
vn -0.3632710270926731 -0.004561390779848259 0.9316723429345684
vn -0.3632772123979678 -0.001630741677626442 0.9316796700765466
vn -0.3632840864907373 0.0004237418711525085 0.9316783205299011
vn -0.36329213606199484 0.0015156986379978531 0.9316740452181503
vn -0.3633028335700345 0.0014140221804153949 0.9316700336821278
vn -0.36327307875554166 0.0025542701726635423 0.9316792076435726
vn -0.3632358154784407 0.008236041469214838 0.9316608341959157
vn -0.36323699898631 0.01675056117920001 0.9315461884778455
vn -0.36324015367759543 0.025780967255277315 0.9313387850206064
vn -0.3632460256893433 0.03552373795259884 0.9310157833585703
vn -0.36325570543860136 0.04619950052472286 0.9305433351636936
vn -0.3632706577158915 0.058069488528340804 0.9298722297954276
vn -0.36329300097126366 0.07145627730442787 0.9289306733438649
vn -0.35771029523015074 0.09518865291692148 0.9289684951828132
vn 0.36332600597461384 0.08677187799117932 0.9276124484785758
vn 0.36919579410761405 0.09473188549716602 0.9245108628260676
vn 0.36329300097126366 0.07145627730442787 0.9289306733438649
vn 0.3632706577158915 0.058069488528340804 0.9298722297954276
vn 0.36325570543860136 0.04619950052472286 0.9305433351636936
vn 0.3632460256893433 0.03552373795259884 0.9310157833585703
vn 0.36324015367759543 0.025780967255277315 0.9313387850206064
vn 0.36323699898631 0.01675056117920001 0.9315461884778455
vn 0.3632358154784407 0.008236041469214838 0.9316608341959157
vn 0.36327307875554166 0.0025542701726635423 0.9316792076435726
vn 0.3633028335700345 0.0014140221804153949 0.9316700336821278
vn 0.36329213606199484 0.0015156986379978531 0.9316740452181503
vn 0.3632840864907373 0.0004237418711525085 0.9316783205299011
vn 0.3632772123979678 -0.001630741677626442 0.9316796700765466
vn 0.3632710270926731 -0.004561390779848259 0.9316723429345684
vn 0.36326524759526846 -0.0083718924230764 0.9316481478040972
vn 0.363259804205289 -0.013136461464638644 0.9315952705058798
vn 0.36325474979616207 -0.018998984756624523 0.9314961220148721
vn 0.3632504862543431 -0.02618631781463974 0.9313234459602604
vn 0.3632478988220593 -0.03503789481296601 0.9310334633773559
vn 0.2445523694041398 -0.036464832552472515 0.9689501816944673
vn 0.12297960454790714 -0.03732125760124476 0.9917071849070682
vn 0.06158095633858195 -0.03753534890781638 0.9973960514253073
vn 0 -0.03760672525637831 0.9992926169123293
vn -0.06158095633858195 -0.03753534890781638 0.9973960514253073
vn -0.12297960454790714 -0.03732125760124476 0.9917071849070682
vn -0.2445523694041398 -0.036464832552472515 0.9689501816944673
vn 0.0006289493987975579 0.10635717330627828 0.9943277910774453
vn 0.008122576409751014 0.08657821950413369 0.9962119431426034
vn 0.014292903510830695 0.17536894985988866 0.9843990269876691
vn -0.009640323759091437 0.010918025765036211 0.999893924809634
vn -0.002492269865131666 0.07723768305648408 0.9970095931870394
vn 0.0027139667941931084 0.1383799405133535 0.9903754977016347
vn -0.00269706207783749 0.07749754558163312 0.9969888947651179
vn -0.004540760941206759 0.07859365173596482 0.9968963935118235
vn -0.117726317313086 0.10122445336041344 0.9878735365692229
vn -0.06160934684725706 0.10173966364178783 0.9929014700478139
vn 0.7128240015545844 -0.7013428850965416 -0.00031675253598998553
vn 0.7103804225662748 -0.7038178416274069 -0.00031787025521080604
vn 0.612334931741805 -0.7905983834250733 -0.0003570636077473591
vn 0.02233096751473476 0.26292505549450806 0.9645577966524689
vn 0.05054651132440465 0.49381326101452316 0.8680976404985409
vn 0.042455643198609457 0.39449221422811726 0.9179179763323025
vn 0.03360134541993953 0.3810797312219695 0.9239313762600344
vn 0.04333391677215701 0.4390470236560342 0.8974184546107582
vn 0.04944042011121769 0.4854427239482734 0.8728694098345448
vn 0.06487281608455231 0.6012205456065008 0.7964454615815708
vn 0.05801146836324821 0.550022427612552 0.8331326416973078
vn 0.0634571703205198 0.5906961746259599 0.8043949383338821
vn 0.07826739451548731 0.6996665314224992 0.7101696697008157
vn 0.07188212081162919 0.6530067373908148 0.7539331280888417
vn 0.07669562965039241 0.6882306475920973 0.7214266117267176
vn 0.08468129495132005 0.7459591542176423 0.6605861174171521
vn -0.7317047399011419 0.6816217232499284 0
vn -0.5860401266823511 0.8102820310966631 0
vn -0.7103982244361964 0.7037999450965448 0
vn -0.6628187071530214 0.7487799152274298 0
vn -0.5920372638177632 0.8059105894894147 0
vn 0.07975427619423604 0.7883581076889119 0.6100252039628292
vn 0.08932501493351541 0.8637688594646866 0.495907651812514
vn 0.07992909132300727 0.7897605700069307 0.6081854835678066
vn 0.08918892657498935 0.8627195981751317 0.49775519113409594
vn 0.0971751501065037 0.9226417061839343 0.37321478026972266
vn 0.09707832443755325 0.9219402342179674 0.37496933668570315
vn -0.4456149464542419 0.8952247312806899 0
vn -0.5316538593508514 0.8469617310347293 0
vn -0.545409265539298 0.8381698712456107 0
vn 0.10326535680628637 0.9646647842682089 0.2424007427307937
vn 0.10320510424341744 0.9642768848580664 0.24396474291694004
vn 0.07858533210998453 0.9921170338735608 0.09761217483025006
vn 0.07890671998105654 0.9961744311218536 0.037553060073480735
vn 0.07851018879406324 0.991168426716585 0.10687048299549451
vn 0.09617110702491694 0.9747520748817274 0.20151801578858664
vn 0.09575891601106215 0.9676723674727453 0.23332470772311825
vn 0.10834346297933091 0.993121168926215 0.04440763290555221
vn 0.09036378570739262 0.9949785131039559 0.04303655067578541
vn 0.10742104658930902 0.9885276697553712 0.10617798678480131
vn 0.07695754654639124 0.9715667473010772 0.22390978444088794
vn 0.07659011683879559 0.9669280379424685 0.24327787290123157
vn 0.07402480692163789 0.9345417637900733 0.34806898697291794
vn 0.07322529649465559 0.9244481027245908 0.37421085142226207
vn 0.06980811375476367 0.881307187684338 0.4673590356352651
vn 0.06852188347194417 0.8650689077077579 0.49695124147421516
vn 0.06438627101869833 0.8128579682084798 0.5788923316336887
vn 0.06261802359427608 0.7905343643658547 0.6092080119941139
vn 0.05788186569940785 0.7307417694055195 0.6801956748386792
vn 0.05567162076583226 0.702838054526911 0.709168061710433
vn 0.04784881315024804 0.6040773588052817 0.7954879230126298
vn 0.0504419963858699 0.6368155556316909 0.7693643825302213
vn 0.03931468629701701 0.49633655521516534 0.8672395167417767
vn 0.04222297193107167 0.5330528347229821 0.8450277486775809
vn 0.03483063209862253 0.43972656897254453 0.8974560555298763
vn 0.03022721461606628 0.3816097945456054 0.9238291401571045
vn 0.032589860678816154 0.4114375015752575 0.910855138470682
vn -0.7103804225662748 -0.7038178416274069 -0.00031787025521080604
vn -0.612334931741805 -0.7905983834250733 -0.0003570636077473591
vn -0.7128240015545844 -0.7013428850965416 -0.00031675253598998553
vn 0 0.07669657371808189 0.9970544797451676
vn 0 0.081145476255986 0.9967022683244927
vn 0.24458651008292825 0.07436710975680369 0.9667714166605635
vn 0.0615896340247715 0.06220914592934842 0.9961610006135735
vn 0.12298901169353027 0.06185428094624497 0.9904785464265603
vn -0.23907383192857118 0.09897739103038967 0.965943672763483
vn -0.24461111758167262 0.09030728052542396 0.9654066481227211
vn -0.2503119556295985 0.0986882528302089 0.9631222942192788
vn -0.24455381836074574 -0.027252783581475627 0.9692526583467495
vn -0.24455648002566482 -0.019772763175972794 0.9694334252097169
vn -0.2445599111793158 -0.013671491620696108 0.9695377971800946
vn -0.24456360937251612 -0.008712878475541879 0.9695941041071556
vn -0.24456765018475188 -0.004747183122936313 0.9696206107212791
vn -0.24457192721293694 -0.0016971657872994277 0.96962966747498
vn -0.24457663997871917 0.00044100283802117043 0.9696298637589588
vn -0.24458227106724875 0.001577443182489614 0.9696272605246786
vn -0.24458972660396075 0.0014716286919543287 0.9696255462542189
vn -0.24456899186143974 0.002658310264710009 0.9696282491792491
vn -0.24454325020497877 0.008571434733981649 0.9696004998378385
vn -0.2445442208772521 0.01743269721336064 0.9694814207107865
vn -0.24454664529586015 0.026830862060054493 0.9692662395418788
vn -0.24455111980932598 0.036970440346193 0.9689313372683399
vn -0.24455850943442276 0.04808107496291178 0.9684417100133722
vn -0.24456977347821324 0.06043469153784408 0.9677464926103019
vn -0.24458651008292825 0.07436710975680369 0.9667714166605635
vn 0.24456977347821324 0.06043469153784408 0.9677464926103019
vn 0.24455850943442276 0.04808107496291178 0.9684417100133722
vn 0.24455111980932598 0.036970440346193 0.9689313372683399
vn 0.24454664529586015 0.026830862060054493 0.9692662395418788
vn 0.2445442208772521 0.01743269721336064 0.9694814207107865
vn 0.24454325020497877 0.008571434733981649 0.9696004998378385
vn 0.24456899186143974 0.002658310264710009 0.9696282491792491
vn 0.24458972660396075 0.0014716286919543287 0.9696255462542189
vn 0.24458227106724875 0.001577443182489614 0.9696272605246786
vn 0.24457663997871917 0.00044100283802117043 0.9696298637589588
vn 0.24457192721293694 -0.0016971657872994277 0.96962966747498
vn 0.24456765018475188 -0.004747183122936313 0.9696206107212791
vn 0.24456360937251612 -0.008712878475541879 0.9695941041071556
vn 0.2445599111793158 -0.013671491620696108 0.9695377971800946
vn 0.24455648002566482 -0.019772763175972794 0.9694334252097169
vn 0.24455381836074574 -0.027252783581475627 0.9692526583467495
vn 0.12298029567980678 -0.02789285829323654 0.9920170539515643
vn 0.06157858688289221 -0.02805286652539243 0.9977079303670061
vn 0 -0.02810620713834597 0.9996049425249439
vn -0.06157858688289221 -0.02805286652539243 0.9977079303670061
vn -0.12298029567980678 -0.02789285829323654 0.9920170539515643
vn 0.5035194974932936 -0.8639838630692711 0
vn 0.6123514230565945 -0.7905856909156423 0
vn 0.5232250053378673 -0.8521945750761318 0
vn 0.023252382833659907 0.29355459036648107 0.9556594734356607
vn 0.020734248929442298 0.2617639160643058 0.9649091890784391
vn -0.07896241134155885 -0.9968775940882244 0
vn -0.09014390749324398 -0.9959287504344122 0
vn -0.09021292893200382 -0.9959225007265923 0
vn -0.10145152690164283 -0.9948404835396102 0
vn -0.11259068606525183 -0.9936414531466347 0
vn -0.11267664695044391 -0.993631709051198 0
vn 0.017781726988309158 0.2607388503925859 0.9652455967686493
vn -0.1238869564772802 -0.992296337801766 0
vn -0.061606390714844 0.09295973806090282 0.9937621142520671
vn -0.12835854372405575 0.10109005532176478 0.9865621546400825
vn -0.12301105717109874 0.0924293061244427 0.9880916471577941
vn 0 0.06232747103506811 0.9980557531292391
vn 0 0.06624838827469036 0.9978031624779538
vn 0 0.0555973601564354 0.9984532705858775
vn 0 0.049586792426780255 0.9987698183349473
vn 0 0.05208906653651022 0.9986424430933001
vn 0.8680187174893716 -0.4965314247851137 -0.00022425202706959196
vn 0.7960854757550078 -0.6051841377515506 -0.0002733236822338839
vn 0.8688948735098281 -0.4949966149477827 -0.00022355888821960285
vn -0.8984991388856269 0.4389752811056527 0
vn -0.9370076036753257 0.3493089615703232 0.000004613716940330813
vn -0.9185082820050932 0.3954017398582154 0.000002268971965910829
vn -0.8793784035334994 0.4761235379592926 0
vn -0.8680339717014589 0.4965048076022934 0
vn 0.044593818663751346 0.49478058588987056 0.8678730109661554
vn 0.03137996325915148 0.38030498069825075 0.9243286317982136
vn 0.044855751586506946 0.4970311960808136 0.8665725311086694
vn -0.8338524662520229 0.5519873771431908 0
vn -0.8122818143887529 0.5832651661237072 0
vn -0.7960855054911246 0.6051841603569451 0
vn 0.05721388486079352 0.6022949520373231 0.7962206742665596
vn 0.05745359831696359 0.6043175804970383 0.7946693311954593
vn -0.7548799055828423 0.6558630406931303 0
vn 0.06901398869257644 0.700850039498608 0.7099621761048547
vn 0.0692241049114551 0.7025843915283523 0.7082253850858095
vn 0.06390031721649572 0.7899640358345241 0.6098143746646696
vn 0.0722492076702535 0.8651483728302928 0.4962845403396294
vn 0.06400101720144671 0.7908930576637656 0.608598423540876
vn 0.07216319247554692 0.86439581888594 0.49760661364600295
vn 0.07925368466623738 0.9242329771720346 0.37351339651281906
vn 0.07918529670246474 0.9236817474472335 0.3748889411798752
vn 0.08482634481010447 0.9664152445612629 0.24258208158425817
vn 0.0847772105689717 0.966074654255168 0.24395201776968747
vn 0.38575467807483693 -0.9226013919040978 0
vn 0.08878065235146018 0.9902315121204465 0.10751533923911934
vn 0.05460243301492326 0.7023826169002606 0.7097022148656382
vn 0.05471391654233278 0.7034515526957893 0.7086341089352683
vn 0.04459629925036257 0.6049153226279478 0.7950400131710971
vn 0.04447847088736603 0.6037510688631437 0.7959310978182302
vn 0.033850175026505364 0.49736616688685076 0.8668800734167076
vn 0.03373060025015483 0.49615478165595006 0.867578630008082
vn 0.022665063987718434 0.38279776788735426 0.923554093583528
vn 0.022548213150844168 0.3815880504722371 0.9240574321006793
vn -0.7960854757550078 -0.6051841377515506 -0.0002733236822338839
vn -0.8680187174893716 -0.4965314247851137 -0.00022425202706959196
vn -0.8688948735098281 -0.4949966149477827 -0.00022355888821960285
vn 0.0615846607506757 0.04949267150283213 0.9968740166278469
vn 0.12298297706915497 0.04921037250566841 0.9911879370679716
vn -0.12298152805878315 -0.02023717039428003 0.9922026006268878
vn -0.12298320284699478 -0.013992608111300566 0.9923101021030364
vn -0.12298513560450006 -0.00891753119098969 0.992368446726215
vn -0.12298717653188723 -0.004858691230951508 0.9923963661401813
vn -0.12298934431363737 -0.00173703280618818 0.9924064711106693
vn -0.12299182943261282 0.0004513625009206951 0.9924075806666897
vn -0.12299463165155602 0.0016145001361504488 0.9924060227418052
vn -0.12299847163009206 0.0015062027528354848 0.9924057170985708
vn -0.12298783031921164 0.002720753111776672 0.9924044493531241
vn -0.12297473820025095 0.00877273103722551 0.9923710258541047
vn -0.12297525586073114 0.017842090055477294 0.9922493367437643
vn -0.12297658175459569 0.02746098673269352 0.9920295633435638
vn -0.12297899845654756 0.0378387289738889 0.9916876506885952
vn -0.12298297706915497 0.04921037250566841 0.9911879370679716
vn -0.12298901169353027 0.06185428094624497 0.9904785464265603
vn -0.12299795970371796 0.07611421771561981 0.9894837683207653
vn 0.12297899845654756 0.0378387289738889 0.9916876506885952
vn 0.12297658175459569 0.02746098673269352 0.9920295633435638
vn 0.12297525586073114 0.017842090055477294 0.9922493367437643
vn 0.12297473820025095 0.00877273103722551 0.9923710258541047
vn 0.12298783031921164 0.002720753111776672 0.9924044493531241
vn 0.12299847163009206 0.0015062027528354848 0.9924057170985708
vn 0.12299463165155602 0.0016145001361504488 0.9924060227418052
vn 0.12299182943261282 0.0004513625009206951 0.9924075806666897
vn 0.12298934431363737 -0.00173703280618818 0.9924064711106693
vn 0.12298717653188723 -0.004858691230951508 0.9923963661401813
vn 0.12298513560450006 -0.00891753119098969 0.992368446726215
vn 0.12298320284699478 -0.013992608111300566 0.9923101021030364
vn 0.12298152805878315 -0.02023717039428003 0.9922026006268878
vn 0.061577164156866426 -0.020353264426335057 0.9978947827710043
vn 0 -0.023856791006262007 0.9997153862589508
vn 0 -0.02039196322325735 0.9997920622989068
vn 0 -0.0224129435818265 0.9997487984288844
vn -0.061577164156866426 -0.020353264426335057 0.9978947827710043
vn 0.5599194082802458 -0.8285470754465912 0
vn 0.5565484299487116 -0.8308151690488227 0
vn 0.011105784820304698 0.26191646037668687 0.9650266469519237
vn 0.011215809643120956 0.26307828875578954 0.9647092927920694
vn -0.06159661560181133 0.07655093496078501 0.9951611986522749
vn -0.0615896340247715 0.06220914592934842 0.9961610006135735
vn 0 0.040396481421129685 0.9991837289952196
vn 0 0.03812814686458695 0.9992728578404763
vn -0.0615846607506757 0.04949267150283213 0.9968740166278469
vn 0 0.027671023864069576 0.9996170839067898
vn 0 0.029757837114410417 0.9995571375015397
vn 0 0.022660894614589824 0.9997432089568133
vn 0 0.01797856039402171 0.9998383726213745
vn 0 0.019148998780089774 0.9998166411126191
vn 0.9665158082904907 -0.25660705152687546 -0.00011589332646515443
vn 0.9251329119274958 -0.37964334034676733 -0.00017146107657988857
vn 0.966558250012566 -0.25644714059261003 -0.00011582106967342952
vn -0.9251329119274958 -0.37964334034676733 -0.00017146107657988857
vn -0.9665158082904907 -0.25660705152687546 -0.00011589332646515443
vn -0.966558250012566 -0.25644714059261003 -0.00011582106967342952
vn 0.061581151425357084 0.038055782105546235 0.9973763177644948
vn -0.06157632373883506 -0.014072882551449062 0.9980031614837216
vn -0.06157584146923916 -0.008968694585012189 0.9980621114263358
vn -0.06157558578509977 -0.004886568777040803 0.9980904611711351
vn -0.061575472298124614 -0.001747000224745817 0.9981009013128271
vn -0.06157542332601526 0.0004539525635878356 0.9981023300089487
vn -0.0615754092832286 0.001623765483296716 0.9981011132932666
vn -0.06157540751440666 0.0015148467688246923 0.9981012846543691
vn -0.06157551193983412 0.0027363640082360917 0.9980986768057364
vn -0.06157633234510865 0.008823052098013743 0.9980633792733808
vn -0.06157719837556378 0.01794444242259805 0.997941003079019
vn -0.061578746940857736 0.027618505092597348 0.9977200389396035
vn -0.061581151425357084 0.038055782105546235 0.9973763177644948
vn 0.061578746940857736 0.027618505092597348 0.9977200389396035
vn 0.06157719837556378 0.01794444242259805 0.997941003079019
vn 0.06157633234510865 0.008823052098013743 0.9980633792733808
vn 0.06157551193983412 0.0027363640082360917 0.9980986768057364
vn 0.06157540751440666 0.0015148467688246923 0.9981012846543691
vn 0.0615754092832286 0.001623765483296716 0.9981011132932666
vn 0.06157542332601526 0.0004539525635878356 0.9981023300089487
vn 0.061575472298124614 -0.001747000224745817 0.9981009013128271
vn 0.06157558578509977 -0.004886568777040803 0.9980904611711351
vn 0.06157584146923916 -0.008968694585012189 0.9980621114263358
vn 0.06157632373883506 -0.014072882551449062 0.9980031614837216
vn 0 -0.014099637102819149 0.9999005951761247
vn 0 -0.016926945767250717 0.9998567289902052
vn 0 -0.015277616915633906 0.999883290400124
vn -0.612334931741805 0.7905983834250733 0.0003570636077473591
vn -0.5035188779372859 0.863984136022785 0.00039020730126881767
vn -0.504391287343437 0.8634751167055225 0.0003899774542872589
vn -0.710415954069038 0.7037819770162905 0.00031785408607689904
vn -0.7111157077354683 0.7030749244451723 0.00031753472152173836
vn -0.2610898786574859 0.9653143970702717 0.0004359718767338097
vn -0.26159613184252567 0.9651773276385786 0.00043590994456789455
vn 0 0.9999998980119345 0.0004516371559811767
vn 0.2610898786574859 0.9653143970702717 0.0004359718767338097
vn 0.26159613184252567 0.9651773276385786 0.00043590994456789455
vn 0.5035188779372859 0.863984136022785 0.00039020730126881767
vn 0.504391287343437 0.8634751167055225 0.0003899774542872589
vn 0.7111157077354683 0.7030749244451723 0.00031753472152173836
vn 0.710415954069038 0.7037819770162905 0.00031785408607689904
vn 0.612334931741805 0.7905983834250733 0.0003570636077473591
vn 0 0.009953821308567342 0.9999504594935478
vn 0 0.008839826528453673 0.9999609279701617
vn 0 0.004383608737271116 0.999990391941062
vn -0.000013344696650800249 0.0014824797951733366 0.9999989010371841
vn -0.000015595754355821965 0.0011317138665522366 0.9999993594900431
vn -0.000013140056540844155 0.0015143676816736953 0.9999988532582743
vn 1 -0.00003535031301519556 -1.5965518863855806e-8
vn 0.9916010567265098 -0.12933422163871452 -0.000058412128986556986
vn 0.9999999885200971 0.00015152491879109393 6.843428312983857e-8
vn -0.9916010567265098 -0.12933422163871452 -0.000058412128986556986
vn -1 -0.00003535031301519556 -1.5965518863855806e-8
vn -0.9999999885200971 0.00015152491879109393 6.843428312983857e-8
vn 0.000015595754355821965 0.0011317138665522366 0.9999993594900431
vn 0.000013344696650800249 0.0014824797951733366 0.9999989010371841
vn 0.000013140056540844155 0.0015143676816736953 0.9999988532582743
vn 0 -0.009938440622877734 0.9999506124794292
vn 0 -0.008985746237044035 0.9999596273673069
vn 0 -0.0048958595415041 0.9999880152078572
vn 0 -0.006699204853746401 0.9999775600753886
vn 0 -0.005346692764922213 0.9999857063360843
vn 0 -0.0030924997519972052 0.9999952182112092
vn 0 -0.0017503217146235938 0.9999984681857743
vn 0 -0.0018621695527722588 0.9999982661607753
vn 0.000004461890587903182 0.0003883204375606637 0.9999999245936618
vn 0.0000048675171170518085 0.00046072581792947577 0.9999998938540083
vn 0.000009735027747333146 0.0013295915436255664 0.9999991160453875
vn -4.746587937709655e-7 0.0016133068790538459 0.9999986986194975
vn -0.0000013254644737788898 0.0016369500056195902 0.9999986601955635
vn 4.746587937709655e-7 0.0016133068790538459 0.9999986986194975
vn 0.0000013254644737788898 0.0016369500056195902 0.9999986601955635
vn -0.000004461890587903182 0.0003883204375606637 0.9999999245936618
vn -0.0000048675171170518085 0.00046072581792947577 0.9999998938540083
vn -0.000009735027747333146 0.0013295915436255664 0.9999991160453875
vn -0.8680492489432803 0.4964780469777705 0.00022422788790091324
vn -0.7960854757550078 0.6051841377515506 0.0002733236822338839
vn -0.8682691536023626 0.4960933649045809 0.0002240542063071841
vn 0.7960854757550078 0.6051841377515506 0.0002733236822338839
vn 0.9916010567265098 0.12933422163871452 0.000058412128986556986
vn 0.9665822366143187 0.25635671720592007 0.00011578024435681238
vn 0.9665333533468673 0.2565409586083981 0.0001158634701043952
vn -0.9916010567265098 0.12933422163871452 0.000058412128986556986
vn -0.9665822366143187 0.25635671720592007 0.00011578024435681238
vn -0.9665333533468673 0.2565409586083981 0.0001158634701043952
vn 0.8680492489432803 0.4964780469777705 0.00022422788790091324
vn 0.8682691536023626 0.4960933649045809 0.0002240542063071841
vn 0.9251329119274958 0.37964334034676733 0.00017146107657988857
vn -0.9251329119274958 0.37964334034676733 0.00017146107657988857
vn -0.1270423368475212 -0.7469059254538942 -0.6526804602331701
vn -0.0639853788382401 -0.7514642678713406 -0.6566637841449131
vn -0.12949631348672702 -0.9155017813250016 -0.38090312834642925
vn -0.0653645137998238 -0.9213014016257776 -0.3833160676231695
vn -0.12798127295365072 -0.9709165997608319 -0.2023406782681816
vn -0.06463103572205695 -0.9769202618874253 -0.20359182482432422
vn 0 -0.753007345574857 -0.6580121104586965
vn 0 -0.7776297952041745 -0.6287224360643682
vn 0 -0.9232758563347604 -0.3841375965839777
vn 0 -0.9351729109914898 -0.35419151111750713
vn -0.06295360233389374 -0.5842624884662374 -0.8091193907727251
vn -0.12524203311516635 -0.5808141441509354 -0.8043440576615183
vn -0.2522130353732404 -0.7286638802677432 -0.6367397697497562
vn -0.25683132924629937 -0.8923057151024845 -0.3712521772502121
vn 0 -0.9789670629376901 -0.2040183562406889
vn -0.253970672487905 -0.9468686166382844 -0.1973289647810044
vn 0 -0.006589438177260429 0.9999782894165793
vn 0 -0.9121928944948706 -0.40976105626702736
vn 0 -0.7293366982611208 -0.6841549390083849
vn 0 -0.5854236621649092 -0.8107275348583063
vn 0 -0.6097611388850696 -0.7925852342212684
vn -0.06237428950193706 -0.454718381716899 -0.8884484460777075
vn -0.12425270744578966 -0.45207489018093844 -0.8832833964024702
vn -0.24881902375899273 -0.5670121127793388 -0.7852301302020527
vn -0.3736329037712254 -0.6984720159866247 -0.6103566957960425
vn -0.37987679338934044 -0.8540644351985981 -0.35534147291462004
vn -0.3759861762695962 -0.907135612743031 -0.189048605780349
vn 0.9209555815076809 -0.3603494028021503 -0.14828730488475103
vn 0.945751484987315 -0.3180575380780865 -0.06628371682393054
vn 0.9193081364663489 -0.3852612287487476 -0.08028907677744089
vn 0.8598514265432481 -0.49980608982095126 -0.10416043802438713
vn 0.8626421296842113 -0.46700654763533317 -0.19430244609786984
vn 0.7858764919989427 -0.6053770541523088 -0.12616164880544456
vn 0.7895648410739148 -0.5665840580556413 -0.23573261738063653
vn 0.6988187554949035 -0.7002539476736223 -0.14593408010489622
vn 0.7031699968885672 -0.6564692518204444 -0.27313014643213257
vn 0.6002970133052076 -0.7829554798581085 -0.1631692752236359
vn 0.604946257975817 -0.7351734415334986 -0.3058758503459332
vn 0.4920680957957413 -0.8522463509284661 -0.17760953360973306
vn 0.4965699811115885 -0.8014003947673405 -0.33343014429650397
vn 0.3759861762695962 -0.907135612743031 -0.189048605780349
vn 0.37987679338934044 -0.8540644351985981 -0.35534147291462004
vn 0.253970672487905 -0.9468686166382844 -0.1973289647810044
vn 0.25683132924629937 -0.8923057151024845 -0.3712521772502121
vn 0.12798127295365072 -0.9709165997608319 -0.2023406782681816
vn 0.12949631348672702 -0.9155017813250016 -0.38090312834642925
vn 0.0653645137998238 -0.9213014016257776 -0.3833160676231695
vn 0.06463103572205695 -0.9769202618874253 -0.20359182482432422
vn -0.4920680957957413 -0.8522463509284661 -0.17760953360973306
vn -0.4965699811115885 -0.8014003947673405 -0.33343014429650397
vn -0.6002970133052076 -0.7829554798581085 -0.1631692752236359
vn -0.604946257975817 -0.7351734415334986 -0.3058758503459332
vn -0.6988187554949035 -0.7002539476736223 -0.14593408010489622
vn -0.7031699968885672 -0.6564692518204444 -0.27313014643213257
vn -0.7858764919989427 -0.6053770541523088 -0.12616164880544456
vn -0.7895648410739148 -0.5665840580556413 -0.23573261738063653
vn -0.8598514265432481 -0.49980608982095126 -0.10416043802438713
vn -0.8626421296842113 -0.46700654763533317 -0.19430244609786984
vn -0.9193081364663489 -0.3852612287487476 -0.08028907677744089
vn -0.9210162767154833 -0.3601763222314852 -0.14833082932738378
vn -0.945751484987315 -0.3180575380780865 -0.06628371682393054
vn 0 -0.00522332957039883 0.9999863583210518
vn 0 -0.561560667731533 -0.8274355663475643
vn 0.0639853788382401 -0.7514642678713406 -0.6566637841449131
vn 0.1270423368475212 -0.7469059254538942 -0.6526804602331701
vn 0 -0.5095376030356603 -0.8604483895578362
vn 0 -0.475095949794115 -0.8799339966663566
vn 0 -0.4925011394599561 -0.8703117990873414
vn 0 -0.4556055350701076 -0.8901817771744606
vn -0.06206007099869109 -0.3596591871038044 -0.9310176242797276
vn -0.12372799419210695 -0.3575849058179889 -0.9256481073195892
vn -0.24695246524320374 -0.4414943110865877 -0.8626107193795378
vn -0.36903229229412443 -0.5441024579911455 -0.7535036048036781
vn -0.48941260842933904 -0.6566618049530368 -0.5738210283931832
vn 0.7013009581502093 -0.059589221144625656 -0.7103703898819089
vn 0.9185709473246377 -0.2973682137095392 -0.26038348681572604
vn 0.858712661503085 -0.38588416161053635 -0.33720317138547384
vn 0.7840884295766236 -0.46735331930138163 -0.40839467374348215
vn 0.6964937532332607 -0.540330104667187 -0.4721650449762166
vn 0.597658954758818 -0.6037239666514044 -0.5275615091032427
vn 0.48941260842933904 -0.6566618049530368 -0.5738210283931832
vn 0.3736329037712254 -0.6984720159866247 -0.6103566957960425
vn 0.2522130353732404 -0.7286638802677432 -0.6367397697497562
vn -0.597658954758818 -0.6037239666514044 -0.5275615091032427
vn -0.6964937532332607 -0.540330104667187 -0.4721650449762166
vn -0.7840884295766236 -0.46735331930138163 -0.40839467374348215
vn -0.858712661503085 -0.38588416161053635 -0.33720317138547384
vn -0.9187968170639838 -0.2972351950512117 -0.25973765182576186
vn -0.7013009581502093 -0.059589221144625656 -0.7103703898819089
vn 0 2.9505278326909106e-7 1
vn 0 -0.436311874262169 -0.8997955036439297
vn 0.06295360233389374 -0.5842624884662374 -0.8091193907727251
vn 0.12524203311516635 -0.5808141441509354 -0.8043440576615183
vn 0 -0.4002376041073496 -0.9164114033873697
vn 0 -0.36894957624359015 -0.9294494123886868
vn 0 -0.3770090757181199 -0.9262095642057305
vn 0 -0.3752359625622731 -0.9269293243823741
vn 0 -0.36779254048164395 -0.9299078702570798
vn 0 -0.3603538604741058 -0.9328156812797526
vn -0.06188271602822844 -0.28936630019606924 -0.9552160351291261
vn -0.12343819806731951 -0.2877046346761618 -0.9497310432136825
vn -0.2459622725012076 -0.34928352669349516 -0.9041590449067003
vn -0.3664991721567194 -0.42390377036293 -0.828241480656778
vn -0.48412262983304216 -0.5122458005551535 -0.7093867204121802
vn 0.9539783726592005 -0.24705117676370034 -0.1699734701598297
vn 0.9571604099699856 -0.21347272781733148 -0.19563574331986633
vn 0.9171108675549111 -0.23336873160414107 -0.32318213397734846
vn 0.8558157822157566 -0.30282840786467446 -0.4193737024427961
vn 0.7800253062866408 -0.36632762852923234 -0.5073111373985207
vn 0.6915361283194528 -0.4228760232448812 -0.585622448505465
vn 0.5922571215920215 -0.4717045763874698 -0.6532429062291079
vn 0.48412262983304216 -0.5122458005551535 -0.7093867204121802
vn 0.36903229229412443 -0.5441024579911455 -0.7535036048036781
vn 0.24881902375899273 -0.5670121127793388 -0.7852301302020527
vn -0.5922571215920215 -0.4717045763874698 -0.6532429062291079
vn -0.6915361283194528 -0.4228760232448812 -0.585622448505465
vn -0.7800253062866408 -0.36632762852923234 -0.5073111373985207
vn -0.8558157822157566 -0.30282840786467446 -0.4193737024427961
vn -0.9171108675549111 -0.23336873160414107 -0.32318213397734846
vn -0.9568251125814003 -0.21309289901057724 -0.19767933712165886
vn -0.9526325162247483 -0.2459059883033023 -0.17894561729162528
vn 0.9976143142285302 0.02377147758769897 -0.06481201200114681
vn 0.9976142311020861 0.01998075014424949 -0.06608037171707189
vn 0.9818485596810057 0.06531070315091936 -0.17806717245541687
vn 0.9901164943398667 0.040591649367061326 -0.1342447229420745
vn 0.9738593871066746 0 -0.2271516985281248
vn 0.946163350241091 -0.13082578586454494 -0.2960735185954306
vn 0.9829076092827311 -0.08798910058996456 -0.16171131621341478
vn 0.9850776726232789 -0.06396570768180539 -0.15978224913885053
vn -0.9383783432898167 -0.14051212107169753 -0.31575691390148736
vn -0.9850776726232789 -0.06396570768180539 -0.15978224913885053
vn -0.9738593871066746 0 -0.2271516985281248
vn -0.9976143142285302 0.02377147758769897 -0.06481201200114681
vn -0.9818485596810057 0.06531070315091936 -0.17806717245541687
vn -0.9976142311020861 0.01998075014424949 -0.06608037171707189
vn -0.9901164943398667 0.040591649367061326 -0.1342447229420745
vn -0.9790386665779632 0.08502435892078644 -0.18507876089749742
vn -0.9617109426672924 0.12356565242206816 -0.2446295000516011
vn -0.9615544756552268 0.07948129922575359 -0.2628606349775256
vn -0.9790501994782616 0.1124482589749152 -0.1697530440230365
vn -0.9510358657106638 0.17068919925248235 -0.2576741729209869
vn -0.9010492205523281 0.23951935564361804 -0.36158094586704653
vn -0.9160469033419969 0.18082750346895146 -0.35799369389239877
vn -0.8941154274524776 0.2852035735212959 -0.3452774595048978
vn -0.8625478559378033 0.3823099875212338 -0.33143667518639597
vn -0.8543060551479087 0.23434433820817263 -0.46394384928285465
vn -0.893573919603486 0.4070316939966973 -0.18934320765911258
vn -0.8540757516045824 0.471618161632487 -0.2193876025199715
vn -0.7791017358543499 0.5684072336594349 -0.2644119927544275
vn -0.7898260287919593 0.46342670609744646 -0.40175929649280534
vn -0.6914911476062341 0.6549855687573602 -0.30468655615535545
vn -0.7037791094808357 0.5367853499625422 -0.4653562647305318
vn -0.6058189428733457 0.6011492425176417 -0.5211554438709123
vn -0.5929531881049394 0.7301073691344617 -0.3396317803912687
vn -0.49756571881278266 0.6554185748934964 -0.5682031741788296
vn -0.4852833955585662 0.7927783833684895 -0.3687851147467756
vn -0.3808277182866575 0.6986532707250852 -0.60568461784143
vn -0.3703166610303264 0.8422376073401665 -0.39179252589254654
vn -0.24989518170938102 0.8779318955144159 -0.4083968474375144
vn -0.2575743988701109 0.7300951792188398 -0.6329426975075316
vn -0.12585091198166629 0.899489791981349 -0.41842521682462236
vn -0.12990310910744346 0.7491876024779177 -0.6494945100134483
vn -0.06584063339867732 0.7539504523164516 -0.6536235357187491
vn -0.06420555795124931 0.9048280337202071 -0.4209083935040889
vn 0 0.7555899274507374 -0.6550449309283979
vn 0 0.9066988326682035 -0.42177864673086213
vn 0.06584063339867732 0.7539504523164516 -0.6536235357187491
vn 0.06420555795124931 0.9048280337202071 -0.4209083935040889
vn 0.12990310910744346 0.7491876024779177 -0.6494945100134483
vn 0.12585091198166629 0.899489791981349 -0.41842521682462236
vn 0.2575743988701109 0.7300951792188398 -0.6329426975075316
vn 0.24989518170938102 0.8779318955144159 -0.4083968474375144
vn 0.3808277182866575 0.6986532707250852 -0.60568461784143
vn 0.3703166610303264 0.8422376073401665 -0.39179252589254654
vn 0.49756571881278266 0.6554185748934964 -0.5682031741788296
vn 0.4852833955585662 0.7927783833684895 -0.3687851147467756
vn 0.6058189428733457 0.6011492425176417 -0.5211554438709123
vn 0.5929531881049394 0.7301073691344617 -0.3396317803912687
vn 0.7037791094808357 0.5367853499625422 -0.4653562647305318
vn 0.6914911476062341 0.6549855687573602 -0.30468655615535545
vn 0.7791017358543499 0.5684072336594349 -0.2644119927544275
vn 0.7898260287919593 0.46342670609744646 -0.40175929649280534
vn 0.8540757516045824 0.471618161632487 -0.2193876025199715
vn 0.8625478559378033 0.3823099875212338 -0.33143667518639597
vn 0.893573919603486 0.4070316939966973 -0.18934320765911258
vn 0.8941154274524776 0.2852035735212959 -0.3452774595048978
vn 0.9010492205523281 0.23951935564361804 -0.36158094586704653
vn 0.9160469033419969 0.18082750346895146 -0.35799369389239877
vn 0.8543060551479087 0.23434433820817263 -0.46394384928285465
vn 0.9510358657106638 0.17068919925248235 -0.2576741729209869
vn 0.9617109426672924 0.12356565242206816 -0.2446295000516011
vn 0.9790501994782616 0.1124482589749152 -0.1697530440230365
vn 0.9790386665779632 0.08502435892078644 -0.18507876089749742
vn 0.9615544756552268 0.07948129922575359 -0.2628606349775256
vn 0 -0.34555447691469166 -0.9383986911138643
vn 0.06237428950193706 -0.454718381716899 -0.8884484460777075
vn 0.12425270744578966 -0.45207489018093844 -0.8832833964024702
vn 0 -0.3199239208723213 -0.9474432356894427
vn 0 -0.2924307365650168 -0.9562867061253346
vn 0 -0.27224576276337353 -0.962227750928744
vn 0 -0.35173898096007583 -0.9360981194688768
vn 0 -0.35290081512197496 -0.9356607369587792
vn 0 -0.2899218904191157 -0.9570503108279137
vn 0 -0.27137123433817106 -0.9624747545643871
vn 0 -0.30131958090009925 -0.953523209033838
vn 0 -0.3436462023308566 -0.9390991894488994
vn -0.1133334512785128 -0.25801509128801703 -0.959470552695046
vn -0.06179542748936033 -0.2591919125298805 -0.9638469160714839
vn -0.24541567296524427 -0.28105546404414006 -0.9277817489010814
vn -0.3651553598000874 -0.335470129677008 -0.8684016094548422
vn -0.48120655343877866 -0.39938709455936905 -0.7803397988229214
vn 0.9623319098481365 -0.15916342455428176 -0.2204184646806877
vn 0.9162160008928927 -0.18255418410898092 -0.3566822249175577
vn 0.8542407128497005 -0.23685912873780274 -0.46278564978141273
vn 0.7777943284251784 -0.28635669758958265 -0.5594960450398323
vn 0.6888037951661922 -0.33029020654356095 -0.6453353478820621
vn 0.5892775524701317 -0.36809768680815086 -0.7192051578800722
vn 0.48120655343877866 -0.39938709455936905 -0.7803397988229214
vn 0.3664991721567194 -0.42390377036293 -0.828241480656778
vn 0.24695246524320374 -0.4414943110865877 -0.8626107193795378
vn -0.5892775524701317 -0.36809768680815086 -0.7192051578800722
vn -0.6888037951661922 -0.33029020654356095 -0.6453353478820621
vn -0.7777943284251784 -0.28635669758958265 -0.5594960450398323
vn -0.8542407128497005 -0.23685912873780274 -0.46278564978141273
vn -0.9162160008928927 -0.18255418410898092 -0.3566822249175577
vn -0.9623319098481365 -0.15916342455428176 -0.2204184646806877
vn 0.9975975525569957 0.013919343140603026 -0.06786291342719201
vn 0.9902017249277715 0.028058293221215103 -0.13679647704373818
vn 0.9975869383273784 -0.0070770648755901725 -0.06906674765293375
vn 0.9911113868288615 -0.013560656453169142 -0.13234170731379338
vn 0.9975867061346848 -0.006466637219152014 -0.06912992366859556
vn 0.9903158120858506 -0.012930437895783081 -0.1382295052026357
vn 0.9975910152047838 0.010161013343463827 -0.0686215723407953
vn 0.9902508266743978 0.020403485382528213 -0.1377933164377614
vn 0.9975879786538228 0.0076312766223827384 -0.068992669628684
vn 0.9902808063277498 0.015290654874001894 -0.13823935941831456
vn 0.9975864046071247 0.00582353882452369 -0.06919141376348187
vn 0.9903003135399068 0.011653055931413083 -0.13845394645954215
vn 0.9975855279882615 0.004474083393629137 -0.06930437883834063
vn 0.9903137551140618 0.008944968047112967 -0.13855920748373984
vn 0.9975850175513107 0.0034336784185910853 -0.06937105022751835
vn 0.9903234516834799 0.00686075782294805 -0.13860876973630976
vn 0.9975847116808825 0.0026121767975745957 -0.06941123506284018
vn 0.9903307423921143 0.005217047112400725 -0.13862829109713126
vn 0.997584526079221 0.0019523426969714865 -0.06943559379230303
vn 0.990336407299371 0.0038979367011332117 -0.13863118865121352
vn 0.9975844144557942 0.0014165203641064575 -0.06945019441980028
vn 0.9903409757269408 0.0028274139991317448 -0.13862451993167857
vn 0.9975843476972134 0.0009794399967633953 -0.0694586922337143
vn 0.9903447862089911 0.00195457909983001 -0.13861235171949896
vn 0.9975843105485513 0.0006242050775536042 -0.06946332640604501
vn 0.9903480869127917 0.0012454472627603955 -0.13859695382398912
vn 0.9975842905157064 0.0003400978128618516 -0.06946558608226432
vn 0.990351082010019 0.0006784735990074201 -0.1385794863432543
vn 0.9975842809037754 0.00012158879034266797 -0.06946645024660138
vn 0.9903539907747441 0.00024252514666158134 -0.1385601462834516
vn 0.9975842776709473 -0.00003159449130224476 -0.06946659589703982
vn 0.9903570294702613 -0.00006300952651063094 -0.13853862352658133
vn 0.9975842768529193 -0.00011301195642007247 -0.06946652290229897
vn 0.9903605555130662 -0.00022534087731827606 -0.13851324595626285
vn 0.9975842769568211 -0.0001054312912660156 -0.06946653332921666
vn 0.9903651977013962 -0.00021017518974274647 -0.1384800744087904
vn 0.9975842846279842 -0.00019044702819420983 -0.06946624211228349
vn 0.9903521008855807 -0.0003799096003521893 -0.138573344984568
vn 0.9975843485817931 -0.0006140637372416426 -0.06946287058829433
vn 0.9903343991323409 -0.0012260872922087661 -0.13869489754542905
vn 0.9975844164318287 -0.0012488734558991081 -0.0694533829806647
vn 0.9903332100433764 -0.0024937839554124894 -0.1386863876765323
vn 0.9975845383170039 -0.0019221080107161333 -0.0694362615039541
vn 0.9903316028277429 -0.0038385317633615594 -0.13866716307235638
vn 0.9975847270546907 -0.002648387377409535 -0.06940964192039437
vn 0.9903295425767241 -0.005289707444945087 -0.1386341086995661
vn 0.9975850026774107 -0.003444109564141208 -0.06937074702221989
vn 0.990327012619187 -0.006880317253412332 -0.13858235569959498
vn 0.997585392658784 -0.0043286799100641414 -0.06931556018713321
vn 0.9903239595519714 -0.008649486798815146 -0.1385050234302816
vn 0.9975859394180652 -0.0053260199343054685 -0.06923819023512842
vn 0.9903202642531104 -0.010645578714316168 -0.138392362012819
vn 0.9975877865380588 -0.007790579713048183 -0.06897764143424552
vn 0.9903104330160775 -0.01558552894827367 -0.13799397648778705
vn 0.9896125455249278 -0.014653958391352128 -0.14301143745567071
vn 0.9975893291692053 -0.009351822995858183 -0.06876098991717013
vn 0.9903038987923559 -0.018721147937807044 -0.13765066892881547
vn 0.9975915708572545 -0.011225011779123217 -0.06844747522819512
vn 0.9902958824522171 -0.022490716482589594 -0.1371431109107708
vn 0.9975949087304481 -0.013516007917494877 -0.06798320090333564
vn 0.9902859996199681 -0.027113503586927563 -0.1363763061529461
vn 0.9976000352665905 -0.016378531656700845 -0.06727490867231194
vn 0.9902738217715558 -0.032911355479313224 -0.13518358108317474
vn 0.9976082150376723 -0.020039976303687052 -0.06615322092761043
vn 0.9902590691009231 -0.04036788388833473 -0.13325693232905744
vn 0.9976102484920599 -0.022104387353360375 -0.06546134862147997
vn 0.9925626398664553 -0.03894594775693821 -0.11533698060313127
vn 0.9976218699824732 -0.024837251567137144 -0.06429397691280316
vn 0.9902423962046504 -0.050217335576177656 -0.12999313815160232
vn 0.9881426456749423 -0.049120677886474194 -0.14546914037863426
vn 0.9976457766231493 -0.03124438751220225 -0.06104664310984352
vn 0.9902279342790992 -0.06353798865878511 -0.12414331303193214
vn 0.9976490890400609 -0.034918367276275834 -0.058966115390924924
vn -0.9815337532098822 -0.10061697447324067 -0.1626890154791451
vn -0.9902279342790992 -0.06353798865878511 -0.12414331303193214
vn -0.9976490890400609 -0.034918367276275834 -0.058966115390924924
vn -0.9975877865380588 -0.007790579713048183 -0.06897764143424552
vn -0.9975869383273784 -0.0070770648755901725 -0.06906674765293375
vn -0.9903104330160775 -0.01558552894827367 -0.13799397648778705
vn -0.9896125455249278 -0.014653958391352128 -0.14301143745567071
vn -0.9976457766231493 -0.03124438751220225 -0.06104664310984352
vn -0.9976218699824732 -0.024837251567137144 -0.06429397691280316
vn -0.9902423962046504 -0.050217335576177656 -0.12999313815160232
vn -0.9976102484920599 -0.022104387353360375 -0.06546134862147997
vn -0.9881426456749423 -0.049120677886474194 -0.14546914037863426
vn -0.9976082150376723 -0.020039976303687052 -0.06615322092761043
vn -0.9925626398664553 -0.03894594775693821 -0.11533698060313127
vn -0.9902590691009231 -0.04036788388833473 -0.13325693232905744
vn -0.9976000352665905 -0.016378531656700845 -0.06727490867231194
vn -0.9902738217715558 -0.032911355479313224 -0.13518358108317474
vn -0.9975949087304481 -0.013516007917494877 -0.06798320090333564
vn -0.9902859996199681 -0.027113503586927563 -0.1363763061529461
vn -0.9975915708572545 -0.011225011779123217 -0.06844747522819512
vn -0.9902958824522171 -0.022490716482589594 -0.1371431109107708
vn -0.9975893291692053 -0.009351822995858183 -0.06876098991717013
vn -0.9903038987923559 -0.018721147937807044 -0.13765066892881547
vn -0.9975867061346848 -0.006466637219152014 -0.06912992366859556
vn -0.9911113868288615 -0.013560656453169142 -0.13234170731379338
vn -0.9903158120858506 -0.012930437895783081 -0.1382295052026357
vn -0.9975859394180652 -0.0053260199343054685 -0.06923819023512842
vn -0.9903202642531104 -0.010645578714316168 -0.138392362012819
vn -0.997585392658784 -0.0043286799100641414 -0.06931556018713321
vn -0.9903239595519714 -0.008649486798815146 -0.1385050234302816
vn -0.9975850026774107 -0.003444109564141208 -0.06937074702221989
vn -0.990327012619187 -0.006880317253412332 -0.13858235569959498
vn -0.9975847270546907 -0.002648387377409535 -0.06940964192039437
vn -0.9903295425767241 -0.005289707444945087 -0.1386341086995661
vn -0.9975845383170039 -0.0019221080107161333 -0.0694362615039541
vn -0.9903316028277429 -0.0038385317633615594 -0.13866716307235638
vn -0.9975844164318287 -0.0012488734558991081 -0.0694533829806647
vn -0.9903332100433764 -0.0024937839554124894 -0.1386863876765323
vn -0.9975843485817931 -0.0006140637372416426 -0.06946287058829433
vn -0.9903343991323409 -0.0012260872922087661 -0.13869489754542905
vn -0.9975842846279842 -0.00019044702819420983 -0.06946624211228349
vn -0.9903521008855807 -0.0003799096003521893 -0.138573344984568
vn -0.9975842769568211 -0.0001054312912660156 -0.06946653332921666
vn -0.9903651977013962 -0.00021017518974274647 -0.1384800744087904
vn -0.9975842768529193 -0.00011301195642007247 -0.06946652290229897
vn -0.9903605555130662 -0.00022534087731827606 -0.13851324595626285
vn -0.9975842776709473 -0.00003159449130224476 -0.06946659589703982
vn -0.9903570294702613 -0.00006300952651063094 -0.13853862352658133
vn -0.9975842809037754 0.00012158879034266797 -0.06946645024660138
vn -0.9903539907747441 0.00024252514666158134 -0.1385601462834516
vn -0.9975842905157064 0.0003400978128618516 -0.06946558608226432
vn -0.990351082010019 0.0006784735990074201 -0.1385794863432543
vn -0.9975843105485513 0.0006242050775536042 -0.06946332640604501
vn -0.9903480869127917 0.0012454472627603955 -0.13859695382398912
vn -0.9975843476972134 0.0009794399967633953 -0.0694586922337143
vn -0.9903447862089911 0.00195457909983001 -0.13861235171949896
vn -0.9975844144557942 0.0014165203641064575 -0.06945019441980028
vn -0.9903409757269408 0.0028274139991317448 -0.13862451993167857
vn -0.997584526079221 0.0019523426969714865 -0.06943559379230303
vn -0.990336407299371 0.0038979367011332117 -0.13863118865121352
vn -0.9975847116808825 0.0026121767975745957 -0.06941123506284018
vn -0.9903307423921143 0.005217047112400725 -0.13862829109713126
vn -0.9975850175513107 0.0034336784185910853 -0.06937105022751835
vn -0.9903234516834799 0.00686075782294805 -0.13860876973630976
vn -0.9975855279882615 0.004474083393629137 -0.06930437883834063
vn -0.9903137551140618 0.008944968047112967 -0.13855920748373984
vn -0.9975864046071247 0.00582353882452369 -0.06919141376348187
vn -0.9903003135399068 0.011653055931413083 -0.13845394645954215
vn -0.9975879786538228 0.0076312766223827384 -0.068992669628684
vn -0.9902808063277498 0.015290654874001894 -0.13823935941831456
vn -0.9975910152047838 0.010161013343463827 -0.0686215723407953
vn -0.9902508266743978 0.020403485382528213 -0.1377933164377614
vn -0.9975975525569957 0.013919343140603026 -0.06786291342719201
vn -0.9902017249277715 0.028058293221215103 -0.13679647704373818
vn -0.9615917692009553 0.05515112940451093 -0.26888589090985
vn -0.9152760340070079 0.11658985936339127 -0.385586029656194
vn -0.8527494854399902 0.1511745033751928 -0.499964583356757
vn -0.7781389156530004 0.28318254681957844 -0.5606313165736911
vn -0.6894045512061131 0.32659336541726286 -0.6465741554081202
vn -0.5900559423704296 0.36400847143119713 -0.7206468050298063
vn -0.48204773410935225 0.39501988588674514 -0.782041732770101
vn -0.36727570773563506 0.4193515920640474 -0.8302125009542058
vn -0.2475462366091795 0.43682878840276956 -0.8648129684291284
vn -0.12457377459937956 0.4473492919973487 -0.8856410026819749
vn -0.06268666551067123 0.4499745716895391 -0.890838518924709
vn 0 0.4508613239123131 -0.8925940099507931
vn 0.12457377459937956 0.4473492919973487 -0.8856410026819749
vn 0.06268666551067123 0.4499745716895391 -0.890838518924709
vn 0.2475462366091795 0.43682878840276956 -0.8648129684291284
vn 0.36727570773563506 0.4193515920640474 -0.8302125009542058
vn 0.48204773410935225 0.39501988588674514 -0.782041732770101
vn 0.5900559423704296 0.36400847143119713 -0.7206468050298063
vn 0.6894045512061131 0.32659336541726286 -0.6465741554081202
vn 0.7781389156530004 0.28318254681957844 -0.5606313165736911
vn 0.9152760340070079 0.11658985936339127 -0.385586029656194
vn 0.8527494854399902 0.1511745033751928 -0.499964583356757
vn 0.9615917692009553 0.05515112940451093 -0.26888589090985
vn 0 -0.2785613869493555 -0.9604184263647023
vn 0.06206007099869109 -0.3596591871038044 -0.9310176242797276
vn 0.12372799419210695 -0.3575849058179889 -0.9256481073195892
vn 0 -0.259688272908938 -0.9656924981139562
vn 0 -0.23654747556723874 -0.9716199317648679
vn 0 -0.2307491729846514 -0.9730132677239809
vn 0 -0.3083711905277925 -0.9512661083274606
vn 0 -0.30750494453612315 -0.9515464828823842
vn 0 -0.28741166612724367 -0.95780714873818
vn 0 -0.24543387318546506 -0.969413334905798
vn 0 -0.22841401036306985 -0.9735640913005469
vn 0 -0.2564455859301187 -0.9665586694334485
vn -0.13332515158117741 -0.2573698495755637 -0.9570711386753379
vn -0.06177719782969064 -0.23609567195366604 -0.9697641009611864
vn -0.12326961981998924 -0.23474335919380246 -0.9642096017691614
vn -0.2344160651680263 -0.2524523905418751 -0.9387847990358772
vn -0.36441406621677797 -0.2699859995174196 -0.891240679282501
vn -0.4796601002717506 -0.3161940312515497 -0.8185032210127143
vn 0.9620021672736042 -0.12439934997337515 -0.24305684908492187
vn 0.9157646294891261 -0.14475962663974304 -0.374726291940886
vn 0.853423573814078 -0.18782289492394896 -0.48620033299124177
vn 0.7766228566120749 -0.22701056197216066 -0.5876420197201564
vn 0.6873605980373483 -0.2617308321426424 -0.677519283689888
vn 0.5876994519891398 -0.29155486007714415 -0.7547218810244353
vn 0.4796601002717506 -0.3161940312515497 -0.8185032210127143
vn 0.3651553598000874 -0.335470129677008 -0.8684016094548422
vn 0.2459622725012076 -0.34928352669349516 -0.9041590449067003
vn -0.5876994519891398 -0.29155486007714415 -0.7547218810244353
vn -0.6873605980373483 -0.2617308321426424 -0.677519283689888
vn -0.7766228566120749 -0.22701056197216066 -0.5876420197201564
vn -0.853423573814078 -0.18782289492394896 -0.48620033299124177
vn -0.9157646294891261 -0.14475962663974304 -0.374726291940886
vn -0.9620021672736042 -0.12439934997337515 -0.24305684908492187
vn 0.9634586944426264 -0.027303548181758428 -0.2664617427691943
vn 0.9617283867540266 -0.02551987556168032 -0.2728135738243498
vn 0.961636534276831 0.04018231663682476 -0.27136793726183456
vn 0.9616710498410883 0.030146037535239253 -0.27254358975852483
vn 0.9616965555601382 0.022989878718264883 -0.27315050887795445
vn 0.9617156868789258 0.017655040076936218 -0.2734798661160963
vn 0.9617304077848522 0.013545547154179202 -0.2736624579555549
vn 0.9617420407828524 0.010302605866100881 -0.273762859612479
vn 0.961751503135495 0.0076989490933951354 -0.2738152157924635
vn 0.9617593898246904 0.005585271071103112 -0.273838786206595
vn 0.9617661568396003 0.003861496059130815 -0.27384475238019546
vn 0.9617722125594919 0.002460753110077968 -0.27383965352474265
vn 0.9617777835761984 0.0013406387529279118 -0.2738278614512946
vn 0.9617832695971671 0.0004792587395754646 -0.2738114545340339
vn 0.9617890571972061 -0.00012452466262219942 -0.2737915154808814
vn 0.9617957877340265 -0.0004453799513102614 -0.27376753703421836
vn 0.9618046475871102 -0.0004154575216601197 -0.2737364558747754
vn 0.961779688124527 -0.0007507081227250028 -0.27382342476202093
vn 0.9617463340536218 -0.0024215965144946264 -0.2739308759609627
vn 0.9617445833668624 -0.004925184897628041 -0.27390344816782536
vn 0.9617424126737102 -0.007580624213127957 -0.2738504442229192
vn 0.9617399007865035 -0.010445753345093706 -0.27376495296553205
vn 0.9617371052916425 -0.013585489896901257 -0.27363693970206826
vn 0.9617341604982976 -0.017076755950388517 -0.27345162083419006
vn 0.9617311632652519 -0.021014467474001704 -0.27318777747412015
vn 0.9617261517874154 -0.03075241365892315 -0.2722812847448748
vn 0.9601988085571637 -0.028471754653359563 -0.2778625689659589
vn 0.9617251518714107 -0.036927507698053315 -0.27151628207737744
vn 0.9617265457228401 -0.04434397980892345 -0.27039908044725325
vn 0.9617325678376563 -0.05342734268538126 -0.26873032395687485
vn 0.9617475486112749 -0.06479918602685127 -0.2661629542788792
vn 0.9617804444531255 -0.07938695109163073 -0.2620612307532787
vn 0.9666379355235403 -0.08194743033509566 -0.24268440466635363
vn 0.9618506889506718 -0.09858377833310727 -0.2551950054657945
vn 0.9575153364151144 -0.09226041604165217 -0.2732259068274305
vn -0.9617261517874154 -0.03075241365892315 -0.2722812847448748
vn -0.9601988085571637 -0.028471754653359563 -0.2778625689659589
vn -0.9618506889506718 -0.09858377833310727 -0.2551950054657945
vn -0.9575153364151144 -0.09226041604165217 -0.2732259068274305
vn -0.9666379355235403 -0.08194743033509566 -0.24268440466635363
vn -0.9617804444531255 -0.07938695109163073 -0.2620612307532787
vn -0.9617475486112749 -0.06479918602685127 -0.2661629542788792
vn -0.9617325678376563 -0.05342734268538126 -0.26873032395687485
vn -0.9617265457228401 -0.04434397980892345 -0.27039908044725325
vn -0.9617251518714107 -0.036927507698053315 -0.27151628207737744
vn -0.9634586944426264 -0.027303548181758428 -0.2664617427691943
vn -0.9617283867540266 -0.02551987556168032 -0.2728135738243498
vn -0.9617311632652519 -0.021014467474001704 -0.27318777747412015
vn -0.9617341604982976 -0.017076755950388517 -0.27345162083419006
vn -0.9617371052916425 -0.013585489896901257 -0.27363693970206826
vn -0.9617399007865035 -0.010445753345093706 -0.27376495296553205
vn -0.9617424126737102 -0.007580624213127957 -0.2738504442229192
vn -0.9617445833668624 -0.004925184897628041 -0.27390344816782536
vn -0.9617463340536218 -0.0024215965144946264 -0.2739308759609627
vn -0.961779688124527 -0.0007507081227250028 -0.27382342476202093
vn -0.9618046475871102 -0.0004154575216601197 -0.2737364558747754
vn -0.9617957877340265 -0.0004453799513102614 -0.27376753703421836
vn -0.9617890571972061 -0.00012452466262219942 -0.2737915154808814
vn -0.9617832695971671 0.0004792587395754646 -0.2738114545340339
vn -0.9617777835761984 0.0013406387529279118 -0.2738278614512946
vn -0.9617722125594919 0.002460753110077968 -0.27383965352474265
vn -0.9617661568396003 0.003861496059130815 -0.27384475238019546
vn -0.9617593898246904 0.005585271071103112 -0.273838786206595
vn -0.961751503135495 0.0076989490933951354 -0.2738152157924635
vn -0.9617420407828524 0.010302605866100881 -0.273762859612479
vn -0.9617304077848522 0.013545547154179202 -0.2736624579555549
vn -0.9617156868789258 0.017655040076936218 -0.2734798661160963
vn -0.9616965555601382 0.022989878718264883 -0.27315050887795445
vn -0.9616710498410883 0.030146037535239253 -0.27254358975852483
vn -0.961636534276831 0.04018231663682476 -0.27136793726183456
vn -0.9151604238790199 0.08099154023389926 -0.39486930619651045
vn -0.8524200804396561 0.10505610987242675 -0.5121945140683594
vn -0.7757987207967195 0.18262397450020348 -0.6039741954321579
vn -0.6864453894287593 0.21046731070090674 -0.6960576401838622
vn -0.5867674744914118 0.23436659529287943 -0.7750975615300272
vn -0.478791331781674 0.25409794803927127 -0.8403529576392069
vn -0.3644260490847038 0.2695255004942882 -0.8913751507260099
vn -0.24543694112882491 0.2805759519324769 -0.9279212483430426
vn -0.12345326364004754 0.28721487099676046 -0.9498773129067434
vn -0.06196068004044629 0.2888727183168593 -0.9553603648577609
vn 0 0.28942889030828123 -0.9571995181021127
vn 0.12345326364004754 0.28721487099676046 -0.9498773129067434
vn 0.06196068004044629 0.2888727183168593 -0.9553603648577609
vn 0.24543694112882491 0.2805759519324769 -0.9279212483430426
vn 0.3644260490847038 0.2695255004942882 -0.8913751507260099
vn 0.478791331781674 0.25409794803927127 -0.8403529576392069
vn 0.5867674744914118 0.23436659529287943 -0.7750975615300272
vn 0.6864453894287593 0.21046731070090674 -0.6960576401838622
vn 0.7757987207967195 0.18262397450020348 -0.6039741954321579
vn 0.9151604238790199 0.08099154023389926 -0.39486930619651045
vn 0.8524200804396561 0.10505610987242675 -0.5121945140683594
vn 0 -0.22767900760055024 -0.9737362422638014
vn 0.06188271602822844 -0.28936630019606924 -0.9552160351291261
vn 0.12343819806731951 -0.2877046346761618 -0.9497310432136825
vn 0 -0.24233612541899008 -0.9701923532562559
vn 0 -0.21329884175822658 -0.9769870030377061
vn 0 -0.1843130355186049 -0.9828675927803895
vn 0 -0.2116809645695471 -0.9773388200818107
vn 0 -0.20207348308382722 -0.9793703627506655
vn 0 -0.21660457367619998 -0.9762594218047533
vn -0.2562001000225511 -0.2510208407097318 -0.9334613255394217
vn -0.2450977212104182 -0.22933235112131325 -0.9419839594104726
vn -0.061711337420242394 -0.1946258370937081 -0.9789343667322027
vn -0.12316668239456098 -0.19351272509088474 -0.9733359099385047
vn -0.3529105794171107 -0.24297910678970777 -0.9035570134746091
vn -0.4788080869664321 -0.25452809621267514 -0.8402132253743075
vn 0.9091491634185811 -0.13323890385538759 -0.39458230213063156
vn 0.8446787292221034 -0.17124685010512122 -0.5071413616821312
vn 0.8169010377005861 -0.18041914311164395 -0.5478335763738525
vn 0.7759856636259144 -0.18286839609150662 -0.6036600032783102
vn 0.6865701534267244 -0.21079166881338451 -0.6958364008748553
vn 0.5868317621274 -0.2347523799632142 -0.7749321280344861
vn 0.4788080869664321 -0.25452809621267514 -0.8402132253743075
vn 0.36441406621677797 -0.2699859995174196 -0.891240679282501
vn 0.24541567296524427 -0.28105546404414006 -0.9277817489010814
vn -0.5868317621274 -0.2347523799632142 -0.7749321280344861
vn -0.6865701534267244 -0.21079166881338451 -0.6958364008748553
vn -0.7759856636259144 -0.18286839609150662 -0.6036600032783102
vn -0.8446787292221034 -0.17124685010512122 -0.5071413616821312
vn -0.8169010377005861 -0.18041914311164395 -0.5478335763738525
vn -0.9091491634185811 -0.13323890385538759 -0.39458230213063156
vn 0.9179494989078804 -0.0404366544145365 -0.3946309598023584
vn 0.9152416150572357 -0.037525260557177996 -0.4011541360718331
vn 0.9151571034634679 0.05904412170449642 -0.3987496303101737
vn 0.9151746464019139 0.04431193392017041 -0.4006143021603024
vn 0.9151943757297156 0.03380031797525868 -0.40159282007708663
vn 0.9152121910159535 0.02596064235355936 -0.4021351644215763
vn 0.9152275249515376 0.019919918315110197 -0.4024447470466
vn 0.9152406656329978 0.015152037420343802 -0.40262257727762807
vn 0.9152519520964044 0.01132348073369377 -0.40272278675013495
vn 0.9152617945246896 0.0082150980283987 -0.40277581810211577
vn 0.9152705792743918 0.005679894482730435 -0.40279958479792943
vn 0.9152785638262391 0.0036196517136230545 -0.40280522429786
vn 0.9152861650174625 0.0019720724510155926 -0.4027993881051389
vn 0.9152936879017579 0.0007050069159010498 -0.40278650405946764
vn 0.9153016907303677 -0.0001831855872856151 -0.40276889327401
vn 0.9153110422709707 -0.0006552111219772752 -0.4027471497046437
vn 0.9153233573524512 -0.0006112183205350179 -0.40271922960941564
vn 0.9152887059287285 -0.0011042987867801674 -0.4027969281455649
vn 0.9152429794443394 -0.003561586260375264 -0.40288658910561714
vn 0.9152412357796011 -0.007243673452542761 -0.4028411715844611
vn 0.9152394497654684 -0.011148937366685468 -0.4027560685931328
vn 0.9152378170387624 -0.015362370583488853 -0.4026210822003445
vn 0.9152366975508088 -0.01997933875028076 -0.40242094065715683
vn 0.9152365024859238 -0.02511280584948579 -0.40213367367045966
vn 0.9152378283620554 -0.030902128335598557 -0.4017272407983294
vn 0.9152493874836104 -0.04521609670136728 -0.40034243256238594
vn 0.9128265024889258 -0.04162421985612943 -0.406220630538632
vn 0.9152634017897274 -0.05429050713112977 -0.3991809692103832
vn 0.9152878371296742 -0.06518632801080292 -0.39749077705394775
vn 0.9153296515290483 -0.07852653202256377 -0.39497495211749845
vn 0.9154018743036718 -0.09522009151400553 -0.39111704474925285
vn 0.9155297411642657 -0.11662114312238851 -0.3849737679641563
vn 0.9228625111652551 -0.1232121481272527 -0.3648884103936812
vn -0.9152493874836104 -0.04521609670136728 -0.40034243256238594
vn -0.9128265024889258 -0.04162421985612943 -0.406220630538632
vn -0.9228625111652551 -0.1232121481272527 -0.3648884103936812
vn -0.9155297411642657 -0.11662114312238851 -0.3849737679641563
vn -0.9154018743036718 -0.09522009151400553 -0.39111704474925285
vn -0.9153296515290483 -0.07852653202256377 -0.39497495211749845
vn -0.9152878371296742 -0.06518632801080292 -0.39749077705394775
vn -0.9152634017897274 -0.05429050713112977 -0.3991809692103832
vn -0.9179494989078804 -0.0404366544145365 -0.3946309598023584
vn -0.9152416150572357 -0.037525260557177996 -0.4011541360718331
vn -0.9152378283620554 -0.030902128335598557 -0.4017272407983294
vn -0.9152365024859238 -0.02511280584948579 -0.40213367367045966
vn -0.9152366975508088 -0.01997933875028076 -0.40242094065715683
vn -0.9152378170387624 -0.015362370583488853 -0.4026210822003445
vn -0.9152394497654684 -0.011148937366685468 -0.4027560685931328
vn -0.9152412357796011 -0.007243673452542761 -0.4028411715844611
vn -0.9152429794443394 -0.003561586260375264 -0.40288658910561714
vn -0.9152887059287285 -0.0011042987867801674 -0.4027969281455649
vn -0.9153233573524512 -0.0006112183205350179 -0.40271922960941564
vn -0.9153110422709707 -0.0006552111219772752 -0.4027471497046437
vn -0.9153016907303677 -0.0001831855872856151 -0.40276889327401
vn -0.9152936879017579 0.0007050069159010498 -0.40278650405946764
vn -0.9152861650174625 0.0019720724510155926 -0.4027993881051389
vn -0.9152785638262391 0.0036196517136230545 -0.40280522429786
vn -0.9152705792743918 0.005679894482730435 -0.40279958479792943
vn -0.9152617945246896 0.0082150980283987 -0.40277581810211577
vn -0.9152519520964044 0.01132348073369377 -0.40272278675013495
vn -0.9152406656329978 0.015152037420343802 -0.40262257727762807
vn -0.9152275249515376 0.019919918315110197 -0.4024447470466
vn -0.9152121910159535 0.02596064235355936 -0.4021351644215763
vn -0.9151943757297156 0.03380031797525868 -0.40159282007708663
vn -0.9151746464019139 0.04431193392017041 -0.4006143021603024
vn -0.9151571034634679 0.05904412170449642 -0.3987496303101737
vn -0.8523413382475724 0.07660493228518948 -0.5173450758090953
vn -0.7752462421953592 0.1269172506450875 -0.6187772421887104
vn -0.6857095341711165 0.14624962072905334 -0.7130311936959269
vn -0.5859256664179084 0.1628240075336357 -0.7938384319264321
vn -0.47794315647632585 0.1764922073462979 -0.8604771001737802
vn -0.3636759117906975 0.18716840300161244 -0.9125282571520901
vn -0.24487821725612652 0.19480931334294793 -0.9497810222089671
vn -0.12315529484426437 0.19939722343353714 -0.9721489189619142
vn -0.061745273575203624 0.2005433928553087 -0.9777371163933609
vn 0 0.20092676657634576 -0.9796062650234402
vn 0.12315529484426437 0.19939722343353714 -0.9721489189619142
vn 0.061745273575203624 0.2005433928553087 -0.9777371163933609
vn 0.24487821725612652 0.19480931334294793 -0.9497810222089671
vn 0.3636759117906975 0.18716840300161244 -0.9125282571520901
vn 0.47794315647632585 0.1764922073462979 -0.8604771001737802
vn 0.5859256664179084 0.1628240075336357 -0.7938384319264321
vn 0.6857095341711165 0.14624962072905334 -0.7130311936959269
vn 0.7752462421953592 0.1269172506450875 -0.6187772421887104
vn 0.8523413382475724 0.07660493228518948 -0.5173450758090953
vn 0 -0.18793061475629502 -0.9821823069254104
vn 0.1133334512785128 -0.25801509128801703 -0.959470552695046
vn 0.06179542748936033 -0.2591919125298805 -0.9638469160714839
vn 0 -0.20565209692574474 -0.9786251657453144
vn 0 -0.17664192088322073 -0.9842751809258863
vn 0 -0.17608407963884973 -0.9843751301702717
vn 0 -0.1782810272799149 -0.983979611227803
vn 0 -0.19499743888391488 -0.9808037514348698
vn -0.375745378394729 -0.24065901889581312 -0.8949294090815803
vn -0.36398322499251756 -0.22032157357941512 -0.9049721631848888
vn -0.24490376605286027 -0.18905931627545827 -0.9509357077650318
vn -0.06166857303616141 -0.16152482396583268 -0.984939956719439
vn -0.12310144551185838 -0.16060191425422543 -0.9793125442118922
vn -0.4672337788461958 -0.22959919044493537 -0.8538013865367837
vn 0.8625225438310501 -0.16188743282589563 -0.47942394649856135
vn 0.8529850522248269 -0.15132052866653206 -0.4995183663140832
vn 0.8165188736898076 -0.15408768619770996 -0.5563756948956023
vn 0.7669050533275845 -0.16665766652018746 -0.6197433834827613
vn 0.6762234199527781 -0.1913114281512659 -0.711422394760027
vn 0.5756431292090083 -0.2123473042153784 -0.7896477760286055
vn 0.4672337788461958 -0.22959919044493537 -0.8538013865367837
vn 0.3529105794171107 -0.24297910678970777 -0.9035570134746091
vn 0.2344160651680263 -0.2524523905418751 -0.9387847990358772
vn -0.5756431292090083 -0.2123473042153784 -0.7896477760286055
vn -0.6762234199527781 -0.1913114281512659 -0.711422394760027
vn -0.7669050533275845 -0.16665766652018746 -0.6197433834827613
vn -0.8529850522248269 -0.15132052866653206 -0.4995183663140832
vn -0.8165188736898076 -0.15408768619770996 -0.5563756948956023
vn -0.8625225438310501 -0.16188743282589563 -0.47942394649856135
vn 0.8560382127169079 -0.05269060211978964 -0.5142200684694207
vn 0.852393399625683 -0.0487012530958642 -0.5206281592667295
vn 0.8523276513430067 0.05749924616974779 -0.5198378703461538
vn 0.8523333059961351 0.043863446196968456 -0.5211563427393208
vn 0.8523446882082554 0.03369192520588663 -0.5218940377692516
vn 0.8523572559974584 0.025853451201268664 -0.5223205023828446
vn 0.8523694646117997 0.01966606355568038 -0.522570130931359
vn 0.8523808693613517 0.014697341486994314 -0.5227148761035992
vn 0.8523913923842056 0.010663045732271071 -0.5227955753877671
vn 0.8524011340387542 0.007372538881238134 -0.5228364489588407
vn 0.8524103452889514 0.004698407700511751 -0.5228523005681913
vn 0.8524191919983332 0.002559844282798421 -0.5228527214332508
vn 0.8524281151547446 0.0009151457822075455 -0.5228436391522103
vn 0.8524376618665979 -0.00023779075848598554 -0.5228288210178959
vn 0.8524488614094355 -0.0008505358394329532 -0.5228099226970955
vn 0.8524636197814698 -0.000793447053964418 -0.5227859479661311
vn 0.8524221959694901 -0.0014334393270944976 -0.5228521254334229
vn 0.8523680726661793 -0.00462271905100828 -0.5229218862965275
vn 0.852366791855413 -0.00940178550818048 -0.5228598842628579
vn 0.8523660134368684 -0.014470440879491859 -0.5227454308537701
vn 0.8523662537474868 -0.01993894121589203 -0.5225650276239925
vn 0.852368051498334 -0.025931038326493953 -0.5222990389003638
vn 0.8523722581088795 -0.03259324623081797 -0.52191878094825
vn 0.8523801041990201 -0.04010637516836033 -0.5213824283925593
vn 0.8524150474720477 -0.05868122753399455 -0.5195624123994442
vn 0.8491088506547476 -0.05384300208180094 -0.5254665459062001
vn 0.8524495260512607 -0.07045595311302995 -0.5180403113715338
vn 0.8525044353084905 -0.08459325609079828 -0.5158295927952451
vn 0.8525927495158891 -0.10190103175530009 -0.5125444207092119
vn 0.8527380737786433 -0.12355790591776382 -0.5075147499467441
vn -0.8524150474720477 -0.05868122753399455 -0.5195624123994442
vn -0.8491088506547476 -0.05384300208180094 -0.5254665459062001
vn -0.8527380737786433 -0.12355790591776382 -0.5075147499467441
vn -0.8525927495158891 -0.10190103175530009 -0.5125444207092119
vn -0.8525044353084905 -0.08459325609079828 -0.5158295927952451
vn -0.8524495260512607 -0.07045595311302995 -0.5180403113715338
vn -0.8560382127169079 -0.05269060211978964 -0.5142200684694207
vn -0.852393399625683 -0.0487012530958642 -0.5206281592667295
vn -0.8523801041990201 -0.04010637516836033 -0.5213824283925593
vn -0.8523722581088795 -0.03259324623081797 -0.52191878094825
vn -0.852368051498334 -0.025931038326493953 -0.5222990389003638
vn -0.8523662537474868 -0.01993894121589203 -0.5225650276239925
vn -0.8523660134368684 -0.014470440879491859 -0.5227454308537701
vn -0.852366791855413 -0.00940178550818048 -0.5228598842628579
vn -0.8523680726661793 -0.00462271905100828 -0.5229218862965275
vn -0.8524221959694901 -0.0014334393270944976 -0.5228521254334229
vn -0.8524636197814698 -0.000793447053964418 -0.5227859479661311
vn -0.8524488614094355 -0.0008505358394329532 -0.5228099226970955
vn -0.8524376618665979 -0.00023779075848598554 -0.5228288210178959
vn -0.8524281151547446 0.0009151457822075455 -0.5228436391522103
vn -0.8524191919983332 0.002559844282798421 -0.5228527214332508
vn -0.8524103452889514 0.004698407700511751 -0.5228523005681913
vn -0.8524011340387542 0.007372538881238134 -0.5228364489588407
vn -0.8523913923842056 0.010663045732271071 -0.5227955753877671
vn -0.8523808693613517 0.014697341486994314 -0.5227148761035992
vn -0.8523694646117997 0.01966606355568038 -0.522570130931359
vn -0.8523572559974584 0.025853451201268664 -0.5223205023828446
vn -0.8523446882082554 0.03369192520588663 -0.5218940377692516
vn -0.8523333059961351 0.043863446196968456 -0.5211563427393208
vn -0.8523276513430067 0.05749924616974779 -0.5198378703461538
vn -0.7750847057046035 0.092552007867327 -0.6250422584294075
vn -0.6854768625628664 0.10664845518051137 -0.720241333095081
vn -0.5856486158239922 0.11872841166336462 -0.8018224635462247
vn -0.47765741125100813 0.12868599672533537 -0.8690703721355321
vn -0.36341949593215156 0.13646091641095615 -0.9215772828519064
vn -0.24468546031428928 0.14202358802747508 -0.9591445803186225
vn -0.12305208279052414 0.14536295831200508 -0.981696386502312
vn -0.06166145778393098 0.14619741278907525 -0.9873318495408427
vn 0 0.1464760542529786 -0.9892142161991397
vn 0.12305208279052414 0.14536295831200508 -0.981696386502312
vn 0.06166145778393098 0.14619741278907525 -0.9873318495408427
vn 0.24468546031428928 0.14202358802747508 -0.9591445803186225
vn 0.36341949593215156 0.13646091641095615 -0.9215772828519064
vn 0.47765741125100813 0.12868599672533537 -0.8690703721355321
vn 0.5856486158239922 0.11872841166336462 -0.8018224635462247
vn 0.6854768625628664 0.10664845518051137 -0.720241333095081
vn 0.7750847057046035 0.092552007867327 -0.6250422584294075
vn 0.06177719782969064 -0.23609567195366604 -0.9697641009611864
vn 0.13332515158117741 -0.2573698495755637 -0.9570711386753379
vn 0.12326961981998924 -0.23474335919380246 -0.9642096017691614
vn 0 -0.14755769775485855 -0.9890534494319739
vn 0 -0.1675843901991997 -0.9858577342403734
vn 0 -0.14699469818591845 -0.9891372800098228
vn 0 -0.17093591776315353 -0.985282148431843
vn 0 -0.16099130096330427 -0.9869558252597441
vn 0 -0.16501093401157987 -0.9862917375992897
vn 0 -0.17050813617730465 -0.985356268309763
vn 0 -0.16023959414041847 -0.9870781491197715
vn 0 -0.1618327763309741 -0.9868181962778195
vn 0 -0.16458282297728813 -0.9863632669462233
vn -0.49029905399648704 -0.22633234539457872 -0.8416534364442049
vn -0.4783137167863613 -0.20773337009122333 -0.8532659815582474
vn -0.3637208090512458 -0.18164173846247242 -0.9136265385328065
vn -0.24478092047059843 -0.1569096507433888 -0.9567976078968604
vn -0.061639899940652665 -0.13450779912298452 -0.9889935160102906
vn -0.12305876256738454 -0.13373977504765963 -0.9833464361686504
vn 0.7854139371335256 -0.16073948150344794 -0.5977355321899619
vn 0.7756213792998284 -0.14930834390414632 -0.6132850025996336
vn 0.6971155411767161 -0.1861857937548755 -0.6923617352610997
vn 0.6861147907841525 -0.1720867350057657 -0.7068469774302456
vn 0.5980661161461035 -0.2081262597855654 -0.773951148784978
vn 0.5863296913047356 -0.19162056225545263 -0.7870826215940723
vn 0.49029905399648704 -0.22633234539457872 -0.8416534364442049
vn 0.4783137167863613 -0.20773337009122333 -0.8532659815582474
vn 0.375745378394729 -0.24065901889581312 -0.8949294090815803
vn 0.36398322499251756 -0.22032157357941512 -0.9049721631848888
vn 0.2562001000225511 -0.2510208407097318 -0.9334613255394217
vn 0.2450977212104182 -0.22933235112131325 -0.9419839594104726
vn -0.5980661161461035 -0.2081262597855654 -0.773951148784978
vn -0.5863296913047356 -0.19162056225545263 -0.7870826215940723
vn -0.6971155411767161 -0.1861857937548755 -0.6923617352610997
vn -0.6861147907841525 -0.1720867350057657 -0.7068469774302456
vn -0.7854139371335256 -0.16073948150344794 -0.5977355321899619
vn -0.7756213792998284 -0.14930834390414632 -0.6132850025996336
vn 0.7795608894305875 -0.06384352273997988 -0.6230640611320324
vn 0.7750913851748761 -0.058848311145006584 -0.6291027109328591
vn 0.7750345816661365 0.06947281783112667 -0.6280883097178294
vn 0.7750224994373243 0.052999698787585654 -0.6297071996526225
vn 0.7750246709945703 0.04071082708969818 -0.6306182584634151
vn 0.7750324418965486 0.031240156076078055 -0.6311487674520287
vn 0.7750421494768273 0.023764046707641345 -0.631462537779096
vn 0.7750524517770354 0.017760229366461364 -0.6316472680596797
vn 0.7750626256701927 0.012885368655157596 -0.6317530320970742
vn 0.7750724016916155 0.00890917432093516 -0.6318096222351397
vn 0.775081972215761 0.005677739686383562 -0.6318351839033499
vn 0.7750913707222236 0.003093444580811525 -0.6318415921990022
vn 0.7751009884305845 0.0011059185655378047 -0.6318363986650795
vn 0.7751113246138672 -0.0002873637446077299 -0.6318246211389793
vn 0.7751235288492823 -0.0010278611786517934 -0.6318088781630357
vn 0.7751396037636572 -0.0009588844031774553 -0.6317892648801667
vn 0.775094599218693 -0.0017322457581445611 -0.6318428298134332
vn 0.7750364456942661 -0.005586031933278591 -0.6318918452495166
vn 0.7750358247016744 -0.01136096445191267 -0.631815161986255
vn 0.775036409415933 -0.01748577267621511 -0.63167460914111
vn 0.7750388594199196 -0.024093694548225096 -0.6314540840568593
vn 0.7750440151374807 -0.0313342593078039 -0.6311298905876698
vn 0.7750530763629983 -0.03938448308717484 -0.6306675759163526
vn 0.7750680045783178 -0.04846286107165932 -0.6300166183329877
vn 0.7751274468336181 -0.07090746247811995 -0.627813326499295
vn 0.7710199296179826 -0.06491225879367589 -0.6334940148021796
vn 0.775182876441589 -0.08513544719431598 -0.6259740120027095
vn 0.7752686977688895 -0.10221873883563587 -0.6233055235521197
vn 0.775403610168862 -0.12313424529623404 -0.61934416843337
vn -0.7751274468336181 -0.07090746247811995 -0.627813326499295
vn -0.7710199296179826 -0.06491225879367589 -0.6334940148021796
vn -0.775403610168862 -0.12313424529623404 -0.61934416843337
vn -0.7752686977688895 -0.10221873883563587 -0.6233055235521197
vn -0.775182876441589 -0.08513544719431598 -0.6259740120027095
vn -0.7795608894305875 -0.06384352273997988 -0.6230640611320324
vn -0.7750913851748761 -0.058848311145006584 -0.6291027109328591
vn -0.7750680045783178 -0.04846286107165932 -0.6300166183329877
vn -0.7750530763629983 -0.03938448308717484 -0.6306675759163526
vn -0.7750440151374807 -0.0313342593078039 -0.6311298905876698
vn -0.7750388594199196 -0.024093694548225096 -0.6314540840568593
vn -0.775036409415933 -0.01748577267621511 -0.63167460914111
vn -0.7750358247016744 -0.01136096445191267 -0.631815161986255
vn -0.7750364456942661 -0.005586031933278591 -0.6318918452495166
vn -0.775094599218693 -0.0017322457581445611 -0.6318428298134332
vn -0.7751396037636572 -0.0009588844031774553 -0.6317892648801667
vn -0.7751235288492823 -0.0010278611786517934 -0.6318088781630357
vn -0.7751113246138672 -0.0002873637446077299 -0.6318246211389793
vn -0.7751009884305845 0.0011059185655378047 -0.6318363986650795
vn -0.7750913707222236 0.003093444580811525 -0.6318415921990022
vn -0.775081972215761 0.005677739686383562 -0.6318351839033499
vn -0.7750724016916155 0.00890917432093516 -0.6318096222351397
vn -0.7750626256701927 0.012885368655157596 -0.6317530320970742
vn -0.7750524517770354 0.017760229366461364 -0.6316472680596797
vn -0.7750421494768273 0.023764046707641345 -0.631462537779096
vn -0.7750324418965486 0.031240156076078055 -0.6311487674520287
vn -0.7750246709945703 0.04071082708969818 -0.6306182584634151
vn -0.7750224994373243 0.052999698787585654 -0.6297071996526225
vn -0.7750345816661365 0.06947281783112667 -0.6280883097178294
vn -0.6853939197432495 0.08005489291628957 -0.7237585155969809
vn -0.5855436542964646 0.08912143575306072 -0.8057270000455833
vn -0.47754545582058744 0.09659359796424478 -0.873281177203213
vn -0.3633170881890077 0.10242680483288562 -0.9260180576433631
vn -0.24460759945216207 0.10659978587782677 -0.9637445760890446
vn -0.12301017587419817 0.10910450356221424 -0.9863897322731221
vn -0.06162263840924402 0.10973051175639183 -0.9920493260040872
vn 0 0.10993945900336562 -0.9939382854855965
vn 0.12301017587419817 0.10910450356221424 -0.9863897322731221
vn 0.06162263840924402 0.10973051175639183 -0.9920493260040872
vn 0.24460759945216207 0.10659978587782677 -0.9637445760890446
vn 0.3633170881890077 0.10242680483288562 -0.9260180576433631
vn 0.47754545582058744 0.09659359796424478 -0.873281177203213
vn 0.5855436542964646 0.08912143575306072 -0.8057270000455833
vn 0.6853939197432495 0.08005489291628957 -0.7237585155969809
vn 0 -0.1560863007536489 -0.9877434215002606
vn 0.061711337420242394 -0.1946258370937081 -0.9789343667322027
vn 0.12316668239456098 -0.19351272509088474 -0.9733359099385047
vn 0 -0.13476408335853615 -0.9908777128569063
vn 0 -0.13952865500076284 -0.9902180337853266
vn 0 -0.1459676340598567 -0.9892893660638266
vn 0 -0.1296907050876567 -0.9915544972485709
vn 0 -0.13004443015688869 -0.9915081674828352
vn 0 -0.13213946971809507 -0.991231133763776
vn 0 -0.13738767035010035 -0.9905173537277236
vn 0 -0.137034307753808 -0.9905663019194801
vn 0 -0.13249313997514056 -0.9911839223169069
vn 0 -0.15271960555313713 -0.9882695594217673
vn 0 -0.15314842151739239 -0.9882031982273338
vn 0 -0.15865361109051432 -0.9873343059409715
vn 0 -0.15908197969450733 -0.987265376551045
vn -0.47801317507486807 -0.1712765655519383 -0.8614915800793272
vn -0.363554744641172 -0.15075902474962502 -0.9192930240709075
vn -0.24470072463840173 -0.1306671287341464 -0.9607536920719145
vn -0.0616201895690395 -0.11201668034601445 -0.9917939380545409
vn -0.12303028345732489 -0.1113773570175297 -0.9861331723941752
vn 0.6858401933464444 -0.14190985788945762 -0.7137820545686938
vn 0.586025356676931 -0.15800498580568667 -0.7947381366162193
vn 0.47801317507486807 -0.1712765655519383 -0.8614915800793272
vn 0.3637208090512458 -0.18164173846247242 -0.9136265385328065
vn 0.24490376605286027 -0.18905931627545827 -0.9509357077650318
vn -0.586025356676931 -0.15800498580568667 -0.7947381366162193
vn -0.6858401933464444 -0.14190985788945762 -0.7137820545686938
vn 0.6905663537098636 -0.07372519598083807 -0.7195017071567312
vn 0.6854376703353308 -0.06781571028771236 -0.724966364408341
vn 0.6853649717160324 0.061073448604064086 -0.7256341291727457
vn 0.6853578658985883 0.046913173874330964 -0.7266937111107883
vn 0.6853602380090247 0.036000056022329995 -0.7273137838117755
vn 0.6853668025201235 0.027385138954369892 -0.7276828980866543
vn 0.6853751778075008 0.020466666961930172 -0.7279024530723922
vn 0.6853842358877688 0.014849052170422154 -0.728030188142071
vn 0.6853934687424049 0.010266977658891323 -0.7281005302669445
vn 0.6854026633800016 0.006543098692925814 -0.7281348617468436
vn 0.6854119607421171 0.0035649463487924787 -0.7281467813766511
vn 0.6854215578233522 0.0012744899142433756 -0.7281453589404162
vn 0.6854319527006029 -0.00033116791401841526 -0.7281366139295916
vn 0.685444252619941 -0.0011845520735749779 -0.7281241469603076
vn 0.6854604562222903 -0.0011050715026826603 -0.7281090177799634
vn 0.68541508577694 -0.001996278875714356 -0.7281498300899619
vn 0.6853571814896638 -0.006437224042779628 -0.7281786154008969
vn 0.6853572921567622 -0.01309211510013372 -0.7280892655504234
vn 0.6853591228465314 -0.02015017910472482 -0.7279263994478293
vn 0.6853636036473822 -0.027764956390126026 -0.7276715179200904
vn 0.6853717537116217 -0.03610877265040365 -0.7272975427924513
vn 0.6853850776227489 -0.045385671091630435 -0.7267650488511542
vn 0.6854059600526734 -0.05584747277796106 -0.7260163425905699
vn 0.6854856156984188 -0.08171311042378827 -0.7234863082708817
vn 0.6807131536839911 -0.07467124176488567 -0.7287343878635653
vn 0.6855579815803358 -0.09811072247800835 -0.7213768363527756
vn 0.685668472332188 -0.11780037229552216 -0.7183187442470645
vn -0.6854856156984188 -0.08171311042378827 -0.7234863082708817
vn -0.6807131536839911 -0.07467124176488567 -0.7287343878635653
vn -0.685668472332188 -0.11780037229552216 -0.7183187442470645
vn -0.6855579815803358 -0.09811072247800835 -0.7213768363527756
vn -0.6905663537098636 -0.07372519598083807 -0.7195017071567312
vn -0.6854376703353308 -0.06781571028771236 -0.724966364408341
vn -0.6854059600526734 -0.05584747277796106 -0.7260163425905699
vn -0.6853850776227489 -0.045385671091630435 -0.7267650488511542
vn -0.6853717537116217 -0.03610877265040365 -0.7272975427924513
vn -0.6853636036473822 -0.027764956390126026 -0.7276715179200904
vn -0.6853591228465314 -0.02015017910472482 -0.7279263994478293
vn -0.6853572921567622 -0.01309211510013372 -0.7280892655504234
vn -0.6853571814896638 -0.006437224042779628 -0.7281786154008969
vn -0.68541508577694 -0.001996278875714356 -0.7281498300899619
vn -0.6854604562222903 -0.0011050715026826603 -0.7281090177799634
vn -0.685444252619941 -0.0011845520735749779 -0.7281241469603076
vn -0.6854319527006029 -0.00033116791401841526 -0.7281366139295916
vn -0.6854215578233522 0.0012744899142433756 -0.7281453589404162
vn -0.6854119607421171 0.0035649463487924787 -0.7281467813766511
vn -0.6854026633800016 0.006543098692925814 -0.7281348617468436
vn -0.6853934687424049 0.010266977658891323 -0.7281005302669445
vn -0.6853842358877688 0.014849052170422154 -0.728030188142071
vn -0.6853751778075008 0.020466666961930172 -0.7279024530723922
vn -0.6853668025201235 0.027385138954369892 -0.7276828980866543
vn -0.6853602380090247 0.036000056022329995 -0.7273137838117755
vn -0.6853578658985883 0.046913173874330964 -0.7266937111107883
vn -0.6853649717160324 0.061073448604064086 -0.7256341291727457
vn -0.5855023962924659 0.067990210444684 -0.8078145054525006
vn -0.4774990232237119 0.0736900858417308 -0.8755366663190295
vn -0.36327327318119434 0.07813936969060117 -0.9284001119649743
vn -0.2445737095541707 0.08132203983282038 -0.9662144826239881
vn -0.12299172919482458 0.08323233298249333 -0.9889112261957382
vn -0.06160254711307336 0.08370980046092746 -0.9945842324790664
vn 0 0.08386908805406734 -0.9964767815001908
vn 0.12299172919482458 0.08323233298249333 -0.9889112261957382
vn 0.06160254711307336 0.08370980046092746 -0.9945842324790664
vn 0.2445737095541707 0.08132203983282038 -0.9662144826239881
vn 0.36327327318119434 0.07813936969060117 -0.9284001119649743
vn 0.4774990232237119 0.0736900858417308 -0.8755366663190295
vn 0.5855023962924659 0.067990210444684 -0.8078145054525006
vn 0 -0.13000240496407636 -0.9915136785256955
vn 0 -0.12561237802709643 -0.9920793972693808
vn 0.06166857303616141 -0.16152482396583268 -0.984939956719439
vn 0.12310144551185838 -0.16060191425422543 -0.9793125442118922
vn 0 -0.12251723603706269 -0.9924663857651997
vn 0 -0.11223002932941141 -0.9936822532966559
vn 0 -0.11993231755474885 -0.9927820703487483
vn 0 -0.13948069719071815 -0.9902247901922022
vn 0 -0.13983399334228225 -0.9901749614618371
vn 0 -0.12355030686521361 -0.9923383100906221
vn -0.47782342437996345 -0.14216296944451606 -0.8668762686984358
vn -0.3634465898895533 -0.1255482755594321 -0.923116572704503
vn -0.24464721264523334 -0.10881957514839864 -0.963486399182386
vn -0.117726317313086 -0.10122445336041344 -0.9878735365692229
vn -0.06160934684725706 -0.10173966364178783 -0.9929014700478139
vn 0.5858339296689363 -0.1311543084718213 -0.7997481817534378
vn 0.47782342437996345 -0.14216296944451606 -0.8668762686984358
vn 0.363554744641172 -0.15075902474962502 -0.9192930240709075
vn 0.24478092047059843 -0.1569096507433888 -0.9567976078968604
vn -0.5858339296689363 -0.1311543084718213 -0.7997481817534378
vn 0.5911626581901107 -0.08221454324964522 -0.8023512201273545
vn 0.5855735325147456 -0.0754983709450179 -0.8070958022458367
vn 0.5854879385845041 0.052226435550646204 -0.8089970786113767
vn 0.5854856439133916 0.04007753333719362 -0.8096915166240336
vn 0.5854890924658411 0.030487022894002805 -0.8101068226095781
vn 0.5854953370383085 0.02278502254473492 -0.8103555102879436
vn 0.5855028945649728 0.016531157408086746 -0.8105017466303125
vn 0.5855109467117569 0.011430076987724053 -0.8105839158413872
vn 0.5855192685090098 0.007284371276749443 -0.8106257608414481
vn 0.5855278252152185 0.003968839651994706 -0.8106425933853669
vn 0.5855368019642267 0.001418891005368853 -0.8106445832137662
vn 0.5855466076064059 -0.0003686911563980847 -0.8106386583351802
vn 0.5855581674626137 -0.0013187761795703905 -0.8106293193237054
vn 0.5855734003663716 -0.0012302991072563707 -0.8106184547291481
vn 0.5855307903242685 -0.002222450995522934 -0.8106471206966755
vn 0.5854768100568079 -0.007166351497903537 -0.8106574790205251
vn 0.5854775173802823 -0.014575013534342792 -0.8105576140057502
vn 0.5854803897008689 -0.02243252899295013 -0.8103761440952585
vn 0.5854862652225731 -0.030909814601900232 -0.8100928444301916
vn 0.5854963294876543 -0.04019877814724134 -0.8096777793616132
vn 0.5855123659048452 -0.05052661041318627 -0.8090873444892491
vn 0.5855368644679808 -0.06217376161035883 -0.808258005661697
vn 0.5856282248434386 -0.09097136993953654 -0.805458746378762
vn 0.5803641741158985 -0.08301011439461387 -0.810115267299021
vn 0.5857100084399307 -0.10922910440206762 -0.8031268821081875
vn -0.5856282248434386 -0.09097136993953654 -0.805458746378762
vn -0.5803641741158985 -0.08301011439461387 -0.810115267299021
vn -0.5857100084399307 -0.10922910440206762 -0.8031268821081875
vn -0.5911626581901107 -0.08221454324964522 -0.8023512201273545
vn -0.5855735325147456 -0.0754983709450179 -0.8070958022458367
vn -0.5855368644679808 -0.06217376161035883 -0.808258005661697
vn -0.5855123659048452 -0.05052661041318627 -0.8090873444892491
vn -0.5854963294876543 -0.04019877814724134 -0.8096777793616132
vn -0.5854862652225731 -0.030909814601900232 -0.8100928444301916
vn -0.5854803897008689 -0.02243252899295013 -0.8103761440952585
vn -0.5854775173802823 -0.014575013534342792 -0.8105576140057502
vn -0.5854768100568079 -0.007166351497903537 -0.8106574790205251
vn -0.5855307903242685 -0.002222450995522934 -0.8106471206966755
vn -0.5855734003663716 -0.0012302991072563707 -0.8106184547291481
vn -0.5855581674626137 -0.0013187761795703905 -0.8106293193237054
vn -0.5855466076064059 -0.0003686911563980847 -0.8106386583351802
vn -0.5855368019642267 0.001418891005368853 -0.8106445832137662
vn -0.5855278252152185 0.003968839651994706 -0.8106425933853669
vn -0.5855192685090098 0.007284371276749443 -0.8106257608414481
vn -0.5855109467117569 0.011430076987724053 -0.8105839158413872
vn -0.5855028945649728 0.016531157408086746 -0.8105017466303125
vn -0.5854953370383085 0.02278502254473492 -0.8103555102879436
vn -0.5854890924658411 0.030487022894002805 -0.8101068226095781
vn -0.5854856439133916 0.04007753333719362 -0.8096915166240336
vn -0.5854879385845041 0.052226435550646204 -0.8089970786113767
vn -0.47748058802810495 0.056604692447928665 -0.8768170828908447
vn -0.363254816217542 0.06002216703435392 -0.929754418090745
vn -0.24455899872229617 0.06246666233732013 -0.9676201797401619
vn -0.12298351620554226 0.06393385284760178 -0.9903471700377512
vn -0.06159136575844909 0.06430059502127813 -0.9960280804997008
vn 0 0.06442290880840222 -0.9979226867952568
vn 0.12298351620554226 0.06393385284760178 -0.9903471700377512
vn 0.06159136575844909 0.06430059502127813 -0.9960280804997008
vn 0.24455899872229617 0.06246666233732013 -0.9676201797401619
vn 0.363254816217542 0.06002216703435392 -0.929754418090745
vn 0.47748058802810495 0.056604692447928665 -0.8768170828908447
vn -0.4625437057754769 0.886596481071005 0
vn -0.5591555301164827 0.829062779975169 0
vn -0.5063039321537098 0.8623551056761314 0
vn -0.6149234630392604 0.7885867958594054 0
vn -0.5839073249971677 0.81182032237106 0
vn -0.38573943303319164 0.9226077659564934 0
vn -0.3880347557511146 0.9216447408460445 0
vn -0.262708541341209 0.9648752366530992 0
vn -0.2610808139933653 0.9653169472067512 0
vn -0.13257290265487537 0.9911732570452357 0
vn -0.1317287691629147 0.9912857970206288 0
vn -0.03313262763556794 0.9994509637725919 0
vn -0.033025495150234556 0.9994545095551282 0
vn 0 1 0
vn 0.38575621384580805 -0.9226007497717238 0
vn 0 -0.10452701782999234 -0.9945220472888313
vn 0 -0.11993222378770063 -0.992782081676204
vn 0.061639899940652665 -0.13450779912298452 -0.9889935160102906
vn 0.12305876256738454 -0.13373977504765963 -0.9833464361686504
vn 0 -0.10452691334980663 -0.9945220582699823
vn 0 -0.10193328673256351 -0.9947912369215448
vn 0 -0.09825713164219779 -0.9951610603723641
vn 0 -0.10149318159410002 -0.9948362348094822
vn -0.13172876901727323 0.9912856959406947 0.00044770142530109285
vn -0.26377683674834507 0.964583635881931 0.00043564186133279254
vn -0.26107184405281825 0.965319274732162 0.00043597412085309424
vn 0.26377683674834507 0.964583635881931 0.00043564186133279254
vn 0.26107184405281825 0.965319274732162 0.00043597412085309424
vn 0.13172876901727323 0.9912856959406947 0.00044770142530109285
vn -0.4777001537287947 -0.11839334812690443 -0.8705088042327817
vn -0.3633745491495719 -0.10455829998715419 -0.9257572570248325
vn -0.23907383192857118 -0.09897739103038967 -0.965943672763483
vn -0.12835854372405575 -0.10109005532176478 -0.9865621546400825
vn -0.061606390714844 -0.09295973806090282 -0.9937621142520671
vn -0.12301105717109874 -0.0924293061244427 -0.9880916471577941
vn 0.4777001537287947 -0.11839334812690443 -0.8705088042327817
vn 0.3634465898895533 -0.1255482755594321 -0.923116572704503
vn 0.24470072463840173 -0.1306671287341464 -0.9607536920719145
vn 0.48339948061112153 -0.08923240402157427 -0.8708401232243659
vn 0.47756327448163843 -0.08182961946075984 -0.8747783903625435
vn 0.4774752147332316 0.04343737729891962 -0.877570859571377
vn 0.4774762456294729 0.03304294273773845 -0.878023119738207
vn 0.47748049590266195 0.024695305709969785 -0.8782952339096686
vn 0.4774863735211381 0.017917177996024675 -0.8784564518712871
vn 0.4774929649731275 0.012388448537683209 -0.8785482313134554
vn 0.47750005643636473 0.007895162082539087 -0.8785962454500696
vn 0.4775074216644912 0.00430163702808131 -0.8786171852258574
vn 0.47751519550930205 0.0015378733632994863 -0.8786221446123651
vn 0.47752375463074254 -0.00039960960418463027 -0.87861874785115
vn 0.4775337827007636 -0.001429374440302602 -0.8786122257675507
vn 0.47754719572512194 -0.0013334834586767592 -0.8786050863026786
vn 0.47750995442864985 -0.0024088128574834616 -0.8786230369402833
vn 0.47746314518593613 -0.007767129328292764 -0.8786174461568308
vn 0.4774641831028416 -0.015796880501873594 -0.878509198825115
vn 0.47746746318511846 -0.024313124911073916 -0.8783129815485061
vn 0.47747385495719225 -0.033501146475383804 -0.8780070563595447
vn 0.47748449498523643 -0.04356895003459866 -0.8775592878213848
vn 0.477501044135646 -0.05476286268972897 -0.8769229052313514
vn 0.47752612923455706 -0.06738695622929693 -0.8760295623027865
vn 0.47761834895474814 -0.09860165840363636 -0.8730168530456861
vn 0.4720552464544964 -0.08986124023044893 -0.8769770816840256
vn -0.47761834895474814 -0.09860165840363636 -0.8730168530456861
vn -0.4720552464544964 -0.08986124023044893 -0.8769770816840256
vn -0.48339948061112153 -0.08923240402157427 -0.8708401232243659
vn -0.47756327448163843 -0.08182961946075984 -0.8747783903625435
vn -0.47752612923455706 -0.06738695622929693 -0.8760295623027865
vn -0.477501044135646 -0.05476286268972897 -0.8769229052313514
vn -0.47748449498523643 -0.04356895003459866 -0.8775592878213848
vn -0.47747385495719225 -0.033501146475383804 -0.8780070563595447
vn -0.47746746318511846 -0.024313124911073916 -0.8783129815485061
vn -0.4774641831028416 -0.015796880501873594 -0.878509198825115
vn -0.47746314518593613 -0.007767129328292764 -0.8786174461568308
vn -0.47750995442864985 -0.0024088128574834616 -0.8786230369402833
vn -0.47754719572512194 -0.0013334834586767592 -0.8786050863026786
vn -0.4775337827007636 -0.001429374440302602 -0.8786122257675507
vn -0.47752375463074254 -0.00039960960418463027 -0.87861874785115
vn -0.47751519550930205 0.0015378733632994863 -0.8786221446123651
vn -0.4775074216644912 0.00430163702808131 -0.8786171852258574
vn -0.47750005643636473 0.007895162082539087 -0.8785962454500696
vn -0.4774929649731275 0.012388448537683209 -0.8785482313134554
vn -0.4774863735211381 0.017917177996024675 -0.8784564518712871
vn -0.47748049590266195 0.024695305709969785 -0.8782952339096686
vn -0.4774762456294729 0.03304294273773845 -0.878023119738207
vn -0.4774752147332316 0.04343737729891962 -0.877570859571377
vn -0.36324832548140396 0.04605985506520005 -0.9305531386150545
vn -0.24455339428705658 0.04793566344657118 -0.9684502101360795
vn -0.12298039276295329 0.04906149611768735 -0.9911956379012994
vn -0.06158486138891489 0.049342931261048446 -0.9968814272431178
vn 0 0.04943676419134286 -0.998777255621237
vn 0.12298039276295329 0.04906149611768735 -0.9911956379012994
vn 0.06158486138891489 0.049342931261048446 -0.9968814272431178
vn 0.24455339428705658 0.04793566344657118 -0.9684502101360795
vn 0.36324832548140396 0.04605985506520005 -0.9305531386150545
vn 0 -0.09825703744893839 -0.995161069672522
vn -0.005045810003073581 -0.13664134987438725 -0.9906077333162294
vn 0.0021857081615480715 -0.11062468369882456 -0.9938598502990086
vn -0.020045819430987478 -0.2404491207923202 -0.9704547312644419
vn -0.9478530537892816 0.31870768485342 0.000006140558373867564
vn -0.9270036133629735 0.3750523974073859 0.0000033109615427760658
vn -0.8560077076951063 0.5169630589960656 0
vn -0.8703227394518959 0.49248180595119173 0
vn -0.7788639215572639 0.6271929461469095 0
vn -0.7986503039010214 0.6017953905430036 0
vn -0.6876528155578657 0.7260396719569392 0
vn -0.7130659807002512 0.7010969313639797 0
vn 0.0616201895690395 -0.11201668034601445 -0.9917939380545409
vn 0.12303028345732489 -0.1113773570175297 -0.9861331723941752
vn -0.10116426110122262 -0.8613129488171893 -0.49790139232149294
vn -0.09045759709571825 -0.7870630172614466 -0.6102042526785408
vn -0.09974675861263343 -0.8516608418231458 -0.5145137458332516
vn -0.09613342897324083 -0.8267897991493913 -0.5542355021616316
vn -0.08888693559714718 -0.7759477634316896 -0.6245031473943965
vn -0.11011580308436125 -0.920427035297958 -0.3750847672242876
vn -0.10924595093778554 -0.9148568132983314 -0.3887188358766798
vn -0.11706590901592523 -0.9626693577187457 -0.24405589658037877
vn -0.116525522764738 -0.9595820490651055 -0.2561720001413467
vn -0.11391209240560483 -0.9440992633335107 -0.3093551618720779
vn -0.12181377451041596 -0.9867097423673971 -0.10754203204696541
vn -0.12168280695024172 -0.9861710424337394 -0.11251653015384866
vn -0.12332721011915493 -0.9916567753738195 -0.037513185674158706
vn -0.3857394350857125 0.9226076710033435 0.000416683982946531
vn -0.5073666760186919 0.8617301808555863 0.0003891893399936938
vn -0.5034878495297654 0.8640022182307946 0.0003902155285061087
vn 0 -0.08801708797327339 -0.9961189648956117
vn 0.5073666760186919 0.8617301808555863 0.0003891893399936938
vn 0.5034878495297654 0.8640022182307946 0.0003902155285061087
vn 0.3857394350857125 0.9226076710033435 0.000416683982946531
vn 0 -0.08433425148443459 -0.9964375213863437
vn 0 -0.09313665620685364 -0.9956533348864987
vn 0 -0.08477572186337042 -0.9964000587025997
vn -0.35771029523015074 -0.09518865291692148 -0.9289684951828132
vn -0.2503119556295985 -0.0986882528302089 -0.9631222942192788
vn -0.24461111758167262 -0.09030728052542396 -0.9654066481227211
vn -0.06159661560181133 -0.07655093496078501 -0.9951611986522749
vn -0.12299795970371796 -0.07611421771561981 -0.9894837683207653
vn 0.3633745491495719 -0.10455829998715419 -0.9257572570248325
vn 0.24464721264523334 -0.10881957514839864 -0.963486399182386
vn 0.36919579410761405 -0.09473188549716602 -0.9245108628260676
vn 0.36332600597461384 -0.08677187799117932 -0.9276124484785758
vn 0.3632478988220593 0.03503789481296601 -0.9310334633773559
vn 0.3632504862543431 0.02618631781463974 -0.9313234459602604
vn 0.36325474979616207 0.018998984756624523 -0.9314961220148721
vn 0.363259804205289 0.013136461464638644 -0.9315952705058798
vn 0.36326524759526846 0.0083718924230764 -0.9316481478040972
vn 0.3632710270926731 0.004561390779848259 -0.9316723429345684
vn 0.3632772123979678 0.001630741677626442 -0.9316796700765466
vn 0.3632840864907373 -0.0004237418711525085 -0.9316783205299011
vn 0.36329213606199484 -0.0015156986379978531 -0.9316740452181503
vn 0.3633028335700345 -0.0014140221804153949 -0.9316700336821278
vn 0.36327307875554166 -0.0025542701726635423 -0.9316792076435726
vn 0.3632358154784407 -0.008236041469214838 -0.9316608341959157
vn 0.36323699898631 -0.01675056117920001 -0.9315461884778455
vn 0.36324015367759543 -0.025780967255277315 -0.9313387850206064
vn 0.3632460256893433 -0.03552373795259884 -0.9310157833585703
vn 0.36325570543860136 -0.04619950052472286 -0.9305433351636936
vn 0.3632706577158915 -0.058069488528340804 -0.9298722297954276
vn 0.36329300097126366 -0.07145627730442787 -0.9289306733438649
vn 0.35771029523015074 -0.09518865291692148 -0.9289684951828132
vn -0.36919579410761405 -0.09473188549716602 -0.9245108628260676
vn -0.36332600597461384 -0.08677187799117932 -0.9276124484785758
vn -0.36329300097126366 -0.07145627730442787 -0.9289306733438649
vn -0.3632706577158915 -0.058069488528340804 -0.9298722297954276
vn -0.36325570543860136 -0.04619950052472286 -0.9305433351636936
vn -0.3632460256893433 -0.03552373795259884 -0.9310157833585703
vn -0.36324015367759543 -0.025780967255277315 -0.9313387850206064
vn -0.36323699898631 -0.01675056117920001 -0.9315461884778455
vn -0.3632358154784407 -0.008236041469214838 -0.9316608341959157
vn -0.36327307875554166 -0.0025542701726635423 -0.9316792076435726
vn -0.3633028335700345 -0.0014140221804153949 -0.9316700336821278
vn -0.36329213606199484 -0.0015156986379978531 -0.9316740452181503
vn -0.3632840864907373 -0.0004237418711525085 -0.9316783205299011
vn -0.3632772123979678 0.001630741677626442 -0.9316796700765466
vn -0.3632710270926731 0.004561390779848259 -0.9316723429345684
vn -0.36326524759526846 0.0083718924230764 -0.9316481478040972
vn -0.363259804205289 0.013136461464638644 -0.9315952705058798
vn -0.36325474979616207 0.018998984756624523 -0.9314961220148721
vn -0.3632504862543431 0.02618631781463974 -0.9313234459602604
vn -0.3632478988220593 0.03503789481296601 -0.9310334633773559
vn -0.2445523694041398 0.036464832552472515 -0.9689501816944673
vn -0.12297960454790714 0.03732125760124476 -0.9917071849070682
vn -0.06158095633858195 0.03753534890781638 -0.9973960514253073
vn 0 0.03760672525637831 -0.9992926169123293
vn 0.12297960454790714 0.03732125760124476 -0.9917071849070682
vn 0.06158095633858195 0.03753534890781638 -0.9973960514253073
vn 0.2445523694041398 0.036464832552472515 -0.9689501816944673
vn -0.014292903510830695 -0.17536894985988866 -0.9843990269876691
vn -0.008122576409751014 -0.08657821950413369 -0.9962119431426034
vn -0.0006289493987975579 -0.10635717330627828 -0.9943277910774453
vn 0.009640323759091437 -0.010918025765036211 -0.999893924809634
vn 0.002492269865131666 -0.07723768305648408 -0.9970095931870394
vn -0.0027139667941931084 -0.1383799405133535 -0.9903754977016347
vn 0.004540760941206759 -0.07859365173596482 -0.9968963935118235
vn 0.00269706207783749 -0.07749754558163312 -0.9969888947651179
vn 0.117726317313086 -0.10122445336041344 -0.9878735365692229
vn 0.06160934684725706 -0.10173966364178783 -0.9929014700478139
vn -0.7128240015545844 0.7013428850965416 0.00031675253598998553
vn -0.7103804225662748 0.7038178416274069 0.00031787025521080604
vn -0.02233096751473476 -0.26292505549450806 -0.9645577966524689
vn -0.04944042011121769 -0.4854427239482734 -0.8728694098345448
vn -0.05054651132440465 -0.49381326101452316 -0.8680976404985409
vn -0.04333391677215701 -0.4390470236560342 -0.8974184546107582
vn -0.042455643198609457 -0.39449221422811726 -0.9179179763323025
vn -0.03360134541993953 -0.3810797312219695 -0.9239313762600344
vn -0.0634571703205198 -0.5906961746259599 -0.8043949383338821
vn -0.06487281608455231 -0.6012205456065008 -0.7964454615815708
vn -0.05801146836324821 -0.550022427612552 -0.8331326416973078
vn -0.07669562965039241 -0.6882306475920973 -0.7214266117267176
vn -0.07826739451548731 -0.6996665314224992 -0.7101696697008157
vn -0.07188212081162919 -0.6530067373908148 -0.7539331280888417
vn -0.08468129495132005 -0.7459591542176423 -0.6605861174171521
vn 0.7317047399011419 -0.6816217232499284 0
vn 0.7103982244361964 -0.7037999450965448 0
vn -0.08918892657498935 -0.8627195981751317 -0.49775519113409594
vn -0.07975427619423604 -0.7883581076889119 -0.6100252039628292
vn -0.08932501493351541 -0.8637688594646866 -0.495907651812514
vn -0.07992909132300727 -0.7897605700069307 -0.6081854835678066
vn -0.09707832443755325 -0.9219402342179674 -0.37496933668570315
vn -0.0971751501065037 -0.9226417061839343 -0.37321478026972266
vn -0.10320510424341744 -0.9642768848580664 -0.24396474291694004
vn -0.10326535680628637 -0.9646647842682089 -0.2424007427307937
vn -0.07890671998105654 -0.9961744311218536 -0.037553060073480735
vn -0.07858533210998453 -0.9921170338735608 -0.09761217483025006
vn -0.07851018879406324 -0.991168426716585 -0.10687048299549451
vn -0.10834346297933091 -0.993121168926215 -0.04440763290555221
vn -0.09575891601106215 -0.9676723674727453 -0.23332470772311825
vn -0.09617110702491694 -0.9747520748817274 -0.20151801578858664
vn -0.09036378570739262 -0.9949785131039559 -0.04303655067578541
vn -0.10742104658930902 -0.9885276697553712 -0.10617798678480131
vn -0.07695754654639124 -0.9715667473010772 -0.22390978444088794
vn -0.07659011683879559 -0.9669280379424685 -0.24327787290123157
vn -0.07402480692163789 -0.9345417637900733 -0.34806898697291794
vn -0.07322529649465559 -0.9244481027245908 -0.37421085142226207
vn -0.06980811375476367 -0.881307187684338 -0.4673590356352651
vn -0.06852188347194417 -0.8650689077077579 -0.49695124147421516
vn -0.06438627101869833 -0.8128579682084798 -0.5788923316336887
vn -0.06261802359427608 -0.7905343643658547 -0.6092080119941139
vn -0.05788186569940785 -0.7307417694055195 -0.6801956748386792
vn -0.05567162076583226 -0.702838054526911 -0.709168061710433
vn -0.04784881315024804 -0.6040773588052817 -0.7954879230126298
vn -0.0504419963858699 -0.6368155556316909 -0.7693643825302213
vn -0.03931468629701701 -0.49633655521516534 -0.8672395167417767
vn -0.04222297193107167 -0.5330528347229821 -0.8450277486775809
vn -0.03022721461606628 -0.3816097945456054 -0.9238291401571045
vn -0.03483063209862253 -0.43972656897254453 -0.8974560555298763
vn -0.032589860678816154 -0.4114375015752575 -0.910855138470682
vn 0.7128240015545844 0.7013428850965416 0.00031675253598998553
vn 0.7103804225662748 0.7038178416274069 0.00031787025521080604
vn 0 -0.07669657371808189 -0.9970544797451676
vn 0 -0.081145476255986 -0.9967022683244927
vn -0.24458651008292825 -0.07436710975680369 -0.9667714166605635
vn -0.0615896340247715 -0.06220914592934842 -0.9961610006135735
vn -0.12298901169353027 -0.06185428094624497 -0.9904785464265603
vn 0.23907383192857118 -0.09897739103038967 -0.965943672763483
vn 0.2503119556295985 -0.0986882528302089 -0.9631222942192788
vn 0.24461111758167262 -0.09030728052542396 -0.9654066481227211
vn 0.24455381836074574 0.027252783581475627 -0.9692526583467495
vn 0.24455648002566482 0.019772763175972794 -0.9694334252097169
vn 0.2445599111793158 0.013671491620696108 -0.9695377971800946
vn 0.24456360937251612 0.008712878475541879 -0.9695941041071556
vn 0.24456765018475188 0.004747183122936313 -0.9696206107212791
vn 0.24457192721293694 0.0016971657872994277 -0.96962966747498
vn 0.24457663997871917 -0.00044100283802117043 -0.9696298637589588
vn 0.24458227106724875 -0.001577443182489614 -0.9696272605246786
vn 0.24458972660396075 -0.0014716286919543287 -0.9696255462542189
vn 0.24456899186143974 -0.002658310264710009 -0.9696282491792491
vn 0.24454325020497877 -0.008571434733981649 -0.9696004998378385
vn 0.2445442208772521 -0.01743269721336064 -0.9694814207107865
vn 0.24454664529586015 -0.026830862060054493 -0.9692662395418788
vn 0.24455111980932598 -0.036970440346193 -0.9689313372683399
vn 0.24455850943442276 -0.04808107496291178 -0.9684417100133722
vn 0.24456977347821324 -0.06043469153784408 -0.9677464926103019
vn 0.24458651008292825 -0.07436710975680369 -0.9667714166605635
vn -0.24456977347821324 -0.06043469153784408 -0.9677464926103019
vn -0.24455850943442276 -0.04808107496291178 -0.9684417100133722
vn -0.24455111980932598 -0.036970440346193 -0.9689313372683399
vn -0.24454664529586015 -0.026830862060054493 -0.9692662395418788
vn -0.2445442208772521 -0.01743269721336064 -0.9694814207107865
vn -0.24454325020497877 -0.008571434733981649 -0.9696004998378385
vn -0.24456899186143974 -0.002658310264710009 -0.9696282491792491
vn -0.24458972660396075 -0.0014716286919543287 -0.9696255462542189
vn -0.24458227106724875 -0.001577443182489614 -0.9696272605246786
vn -0.24457663997871917 -0.00044100283802117043 -0.9696298637589588
vn -0.24457192721293694 0.0016971657872994277 -0.96962966747498
vn -0.24456765018475188 0.004747183122936313 -0.9696206107212791
vn -0.24456360937251612 0.008712878475541879 -0.9695941041071556
vn -0.2445599111793158 0.013671491620696108 -0.9695377971800946
vn -0.24455648002566482 0.019772763175972794 -0.9694334252097169
vn -0.24455381836074574 0.027252783581475627 -0.9692526583467495
vn -0.12298029567980678 0.02789285829323654 -0.9920170539515643
vn -0.06157858688289221 0.02805286652539243 -0.9977079303670061
vn 0 0.02810620713834597 -0.9996049425249439
vn 0.12298029567980678 0.02789285829323654 -0.9920170539515643
vn 0.06157858688289221 0.02805286652539243 -0.9977079303670061
vn -0.5232250053378673 0.8521945750761318 0
vn -0.5035194974932936 0.8639838630692711 0
vn -0.6123514230565945 0.7905856909156423 0
vn -0.020734248929442298 -0.2617639160643058 -0.9649091890784391
vn -0.023252382833659907 -0.29355459036648107 -0.9556594734356607
vn 0.07896241134155885 0.9968775940882244 0
vn 0.09014390749324398 0.9959287504344122 0
vn 0.09021292893200382 0.9959225007265923 0
vn 0.10145152690164283 0.9948404835396102 0
vn 0.11259068606525183 0.9936414531466347 0
vn 0.11267664695044391 0.993631709051198 0
vn -0.017781726988309158 -0.2607388503925859 -0.9652455967686493
vn 0.1238869564772802 0.992296337801766 0
vn 0.061606390714844 -0.09295973806090282 -0.9937621142520671
vn 0.12835854372405575 -0.10109005532176478 -0.9865621546400825
vn 0.12301105717109874 -0.0924293061244427 -0.9880916471577941
vn 0 -0.06232747103506811 -0.9980557531292391
vn 0 -0.06624838827469036 -0.9978031624779538
vn 0 -0.0555973601564354 -0.9984532705858775
vn 0 -0.049586792426780255 -0.9987698183349473
vn 0 -0.05208906653651022 -0.9986424430933001
vn -0.8680187174893716 0.4965314247851137 0.00022425202706959196
vn -0.8688948735098281 0.4949966149477827 0.00022355888821960285
vn 0.8680339717014589 -0.4965048076022934 0
vn 0.8793784035334994 -0.4761235379592926 0
vn -0.044855751586506946 -0.4970311960808136 -0.8665725311086694
vn -0.044593818663751346 -0.49478058588987056 -0.8678730109661554
vn -0.03137996325915148 -0.38030498069825075 -0.9243286317982136
vn 0.7960855054911246 -0.6051841603569451 0
vn 0.8122818143887529 -0.5832651661237072 0
vn -0.05745359831696359 -0.6043175804970383 -0.7946693311954593
vn -0.05721388486079352 -0.6022949520373231 -0.7962206742665596
vn -0.0692241049114551 -0.7025843915283523 -0.7082253850858095
vn -0.06901398869257644 -0.700850039498608 -0.7099621761048547
vn -0.07216319247554692 -0.86439581888594 -0.49760661364600295
vn -0.06390031721649572 -0.7899640358345241 -0.6098143746646696
vn -0.0722492076702535 -0.8651483728302928 -0.4962845403396294
vn -0.06400101720144671 -0.7908930576637656 -0.608598423540876
vn -0.07918529670246474 -0.9236817474472335 -0.3748889411798752
vn -0.07925368466623738 -0.9242329771720346 -0.37351339651281906
vn -0.0847772105689717 -0.966074654255168 -0.24395201776968747
vn -0.08482634481010447 -0.9664152445612629 -0.24258208158425817
vn -0.08878065235146018 -0.9902315121204465 -0.10751533923911934
vn -0.05460243301492326 -0.7023826169002606 -0.7097022148656382
vn -0.05471391654233278 -0.7034515526957893 -0.7086341089352683
vn -0.04459629925036257 -0.6049153226279478 -0.7950400131710971
vn -0.04447847088736603 -0.6037510688631437 -0.7959310978182302
vn -0.033850175026505364 -0.49736616688685076 -0.8668800734167076
vn -0.03373060025015483 -0.49615478165595006 -0.867578630008082
vn -0.022665063987718434 -0.38279776788735426 -0.923554093583528
vn -0.022548213150844168 -0.3815880504722371 -0.9240574321006793
vn 0.8680187174893716 0.4965314247851137 0.00022425202706959196
vn 0.8688948735098281 0.4949966149477827 0.00022355888821960285
vn -0.0615846607506757 -0.04949267150283213 -0.9968740166278469
vn -0.12298297706915497 -0.04921037250566841 -0.9911879370679716
vn 0.12298152805878315 0.02023717039428003 -0.9922026006268878
vn 0.12298320284699478 0.013992608111300566 -0.9923101021030364
vn 0.12298513560450006 0.00891753119098969 -0.992368446726215
vn 0.12298717653188723 0.004858691230951508 -0.9923963661401813
vn 0.12298934431363737 0.00173703280618818 -0.9924064711106693
vn 0.12299182943261282 -0.0004513625009206951 -0.9924075806666897
vn 0.12299463165155602 -0.0016145001361504488 -0.9924060227418052
vn 0.12299847163009206 -0.0015062027528354848 -0.9924057170985708
vn 0.12298783031921164 -0.002720753111776672 -0.9924044493531241
vn 0.12297473820025095 -0.00877273103722551 -0.9923710258541047
vn 0.12297525586073114 -0.017842090055477294 -0.9922493367437643
vn 0.12297658175459569 -0.02746098673269352 -0.9920295633435638
vn 0.12297899845654756 -0.0378387289738889 -0.9916876506885952
vn 0.12298297706915497 -0.04921037250566841 -0.9911879370679716
vn 0.12298901169353027 -0.06185428094624497 -0.9904785464265603
vn 0.12299795970371796 -0.07611421771561981 -0.9894837683207653
vn -0.12297899845654756 -0.0378387289738889 -0.9916876506885952
vn -0.12297658175459569 -0.02746098673269352 -0.9920295633435638
vn -0.12297525586073114 -0.017842090055477294 -0.9922493367437643
vn -0.12297473820025095 -0.00877273103722551 -0.9923710258541047
vn -0.12298783031921164 -0.002720753111776672 -0.9924044493531241
vn -0.12299847163009206 -0.0015062027528354848 -0.9924057170985708
vn -0.12299463165155602 -0.0016145001361504488 -0.9924060227418052
vn -0.12299182943261282 -0.0004513625009206951 -0.9924075806666897
vn -0.12298934431363737 0.00173703280618818 -0.9924064711106693
vn -0.12298717653188723 0.004858691230951508 -0.9923963661401813
vn -0.12298513560450006 0.00891753119098969 -0.992368446726215
vn -0.12298320284699478 0.013992608111300566 -0.9923101021030364
vn -0.12298152805878315 0.02023717039428003 -0.9922026006268878
vn -0.061577164156866426 0.020353264426335057 -0.9978947827710043
vn 0 0.0224129435818265 -0.9997487984288844
vn 0 0.023856791006262007 -0.9997153862589508
vn 0 0.02039196322325735 -0.9997920622989068
vn 0.061577164156866426 0.020353264426335057 -0.9978947827710043
vn -0.011215809643120956 -0.26307828875578954 -0.9647092927920694
vn -0.011105784820304698 -0.26191646037668687 -0.9650266469519237
vn 0.06159661560181133 -0.07655093496078501 -0.9951611986522749
vn 0.0615896340247715 -0.06220914592934842 -0.9961610006135735
vn 0 -0.040396481421129685 -0.9991837289952196
vn 0 -0.03812814686458695 -0.9992728578404763
vn 0.0615846607506757 -0.04949267150283213 -0.9968740166278469
vn 0 -0.027671023864069576 -0.9996170839067898
vn 0 -0.029757837114410417 -0.9995571375015397
vn 0 -0.022660894614589824 -0.9997432089568133
vn 0 -0.01797856039402171 -0.9998383726213745
vn 0 -0.019148998780089774 -0.9998166411126191
vn -0.9665158082904907 0.25660705152687546 0.00011589332646515443
vn -0.966558250012566 0.25644714059261003 0.00011582106967342952
vn 0.9665158082904907 0.25660705152687546 0.00011589332646515443
vn 0.966558250012566 0.25644714059261003 0.00011582106967342952
vn -0.061581151425357084 -0.038055782105546235 -0.9973763177644948
vn 0.06157632373883506 0.014072882551449062 -0.9980031614837216
vn 0.06157584146923916 0.008968694585012189 -0.9980621114263358
vn 0.06157558578509977 0.004886568777040803 -0.9980904611711351
vn 0.061575472298124614 0.001747000224745817 -0.9981009013128271
vn 0.06157542332601526 -0.0004539525635878356 -0.9981023300089487
vn 0.0615754092832286 -0.001623765483296716 -0.9981011132932666
vn 0.06157540751440666 -0.0015148467688246923 -0.9981012846543691
vn 0.06157551193983412 -0.0027363640082360917 -0.9980986768057364
vn 0.06157633234510865 -0.008823052098013743 -0.9980633792733808
vn 0.06157719837556378 -0.01794444242259805 -0.997941003079019
vn 0.061578746940857736 -0.027618505092597348 -0.9977200389396035
vn 0.061581151425357084 -0.038055782105546235 -0.9973763177644948
vn -0.061578746940857736 -0.027618505092597348 -0.9977200389396035
vn -0.06157719837556378 -0.01794444242259805 -0.997941003079019
vn -0.06157633234510865 -0.008823052098013743 -0.9980633792733808
vn -0.06157551193983412 -0.0027363640082360917 -0.9980986768057364
vn -0.06157540751440666 -0.0015148467688246923 -0.9981012846543691
vn -0.0615754092832286 -0.001623765483296716 -0.9981011132932666
vn -0.06157542332601526 -0.0004539525635878356 -0.9981023300089487
vn -0.061575472298124614 0.001747000224745817 -0.9981009013128271
vn -0.06157558578509977 0.004886568777040803 -0.9980904611711351
vn -0.06157584146923916 0.008968694585012189 -0.9980621114263358
vn -0.06157632373883506 0.014072882551449062 -0.9980031614837216
vn 0 0.015277616915633906 -0.999883290400124
vn 0 0.014099637102819149 -0.9999005951761247
vn 0 0.016926945767250717 -0.9998567289902052
vn 0.7111157077354683 -0.7030749244451723 -0.00031753472152173836
vn 0.710415954069038 -0.7037819770162905 -0.00031785408607689904
vn 0.5035188779372859 -0.863984136022785 -0.00039020730126881767
vn 0.504391287343437 -0.8634751167055225 -0.0003899774542872589
vn 0.2610898786574859 -0.9653143970702717 -0.0004359718767338097
vn 0.26159613184252567 -0.9651773276385786 -0.00043590994456789455
vn -0.2610898786574859 -0.9653143970702717 -0.0004359718767338097
vn -0.26159613184252567 -0.9651773276385786 -0.00043590994456789455
vn -0.5035188779372859 -0.863984136022785 -0.00039020730126881767
vn -0.504391287343437 -0.8634751167055225 -0.0003899774542872589
vn -0.7111157077354683 -0.7030749244451723 -0.00031753472152173836
vn -0.710415954069038 -0.7037819770162905 -0.00031785408607689904
vn 0 -0.009953821308567342 -0.9999504594935478
vn 0 -0.008839826528453673 -0.9999609279701617
vn 0 -0.004383608737271116 -0.999990391941062
vn 0.000015595754355821965 -0.0011317138665522366 -0.9999993594900431
vn 0.000013344696650800249 -0.0014824797951733366 -0.9999989010371841
vn 0.000013140056540844155 -0.0015143676816736953 -0.9999988532582743
vn -1 0.00003535031301519556 1.5965518863855806e-8
vn -0.9999999885200971 -0.00015152491879109393 -6.843428312983857e-8
vn 1 0.00003535031301519556 1.5965518863855806e-8
vn 0.9999999885200971 -0.00015152491879109393 -6.843428312983857e-8
vn -0.000015595754355821965 -0.0011317138665522366 -0.9999993594900431
vn -0.000013344696650800249 -0.0014824797951733366 -0.9999989010371841
vn -0.000013140056540844155 -0.0015143676816736953 -0.9999988532582743
vn 0 0.008985746237044035 -0.9999596273673069
vn 0 0.009938440622877734 -0.9999506124794292
vn 0 0.005346692764922213 -0.9999857063360843
vn 0 0.006699204853746401 -0.9999775600753886
vn 0 0.0048958595415041 -0.9999880152078572
vn 0 0.0018621695527722588 -0.9999982661607753
vn 0 0.0030924997519972052 -0.9999952182112092
vn 0 0.0017503217146235938 -0.9999984681857743
vn -0.0000048675171170518085 -0.00046072581792947577 -0.9999998938540083
vn -0.000004461890587903182 -0.0003883204375606637 -0.9999999245936618
vn 0.0000013254644737788898 -0.0016369500056195902 -0.9999986601955635
vn -0.000009735027747333146 -0.0013295915436255664 -0.9999991160453875
vn 4.746587937709655e-7 -0.0016133068790538459 -0.9999986986194975
vn -4.746587937709655e-7 -0.0016133068790538459 -0.9999986986194975
vn -0.0000013254644737788898 -0.0016369500056195902 -0.9999986601955635
vn 0.000009735027747333146 -0.0013295915436255664 -0.9999991160453875
vn 0.000004461890587903182 -0.0003883204375606637 -0.9999999245936618
vn 0.0000048675171170518085 -0.00046072581792947577 -0.9999998938540083
vn 0.8680492489432803 -0.4964780469777705 -0.00022422788790091324
vn 0.8682691536023626 -0.4960933649045809 -0.0002240542063071841
vn -0.9665333533468673 -0.2565409586083981 -0.0001158634701043952
vn -0.9665822366143187 -0.25635671720592007 -0.00011578024435681238
vn 0.9665333533468673 -0.2565409586083981 -0.0001158634701043952
vn 0.9665822366143187 -0.25635671720592007 -0.00011578024435681238
vn -0.8680492489432803 -0.4964780469777705 -0.00022422788790091324
vn -0.8682691536023626 -0.4960933649045809 -0.0002240542063071841
usemtl material_0_0
f 1//1 2//2 3//3
f 2//2 1//1 4//4
f 2//2 9//5 3//3
f 9//5 2//2 10//6
f 13//7 14//8 15//9
f 14//8 13//7 16//10
f 4//4 21//11 22//12
f 21//11 4//4 1//1
f 4//4 25//13 2//2
f 25//13 4//4 26//14
f 15//9 29//15 30//15
f 29//15 15//9 14//8
f 25//13 10//6 2//2
f 10//6 25//13 33//16
f 35//17 36//18 37//18
f 36//18 35//17 38//17
f 38//17 35//17 39//17
f 39//17 35//17 40//17
f 40//17 35//17 41//17
f 40//17 41//17 42//17
f 42//17 41//17 43//17
f 42//17 43//17 44//17
f 44//17 43//17 45//17
f 44//17 45//17 46//17
f 46//17 45//17 47//17
f 46//17 47//17 48//17
f 48//17 47//17 49//17
f 48//17 49//17 50//17
f 50//17 49//17 51//17
f 50//17 51//17 52//17
f 52//17 51//17 53//17
f 52//17 53//17 54//17
f 54//17 53//17 55//17
f 54//17 55//17 56//17
f 56//17 55//17 57//17
f 56//17 57//17 58//17
f 59//17 56//17 58//17
f 85//19 86//8 87//10
f 86//8 85//19 88//20
f 93//21 13//7 94//22
f 13//7 93//21 16//10
f 22//12 97//23 98//24
f 97//23 22//12 21//11
f 26//14 22//12 101//25
f 22//12 26//14 4//4
f 26//14 103//26 25//13
f 103//26 26//14 104//27
f 86//8 107//15 108//15
f 107//15 86//8 88//20
f 103//26 33//16 25//13
f 33//16 103//26 111//28
f 113//29 114//30 115//31
f 119//32 115//31 120//33
f 115//31 119//32 113//29
f 123//34 120//33 124//35
f 120//33 123//34 119//32
f 127//36 124//35 128//37
f 124//35 127//36 123//34
f 131//38 127//36 128//37
f 127//36 131//38 132//39
f 135//40 132//39 131//38
f 132//39 135//40 136//41
f 139//42 136//41 135//40
f 136//41 139//42 140//43
f 143//44 140//43 139//42
f 140//43 143//44 144//45
f 147//46 144//45 143//44
f 144//45 147//46 148//47
f 147//46 151//48 148//47
f 151//48 147//46 152//49
f 155//50 111//28 103//26
f 111//28 155//50 156//51
f 159//52 156//51 155//50
f 156//51 159//52 160//53
f 163//54 160//53 159//52
f 160//53 163//54 164//55
f 167//56 164//55 163//54
f 164//55 167//56 168//57
f 171//58 168//57 167//56
f 168//57 171//58 172//59
f 175//60 172//59 171//58
f 172//59 175//60 176//61
f 179//62 176//61 175//60
f 176//61 179//62 180//62
f 176//61 180//62 181//62
f 37//18 185//63 186//63
f 185//63 37//18 36//18
f 85//19 189//21 190//64
f 189//21 85//19 87//10
f 193//65 147//46 194//66
f 147//46 193//65 152//49
f 197//67 198//68 199//69
f 198//68 197//67 93//21
f 198//68 93//21 200//68
f 200//68 93//21 201//68
f 201//68 93//21 202//68
f 202//68 93//21 94//22
f 203//68 204//70 205//69
f 204//70 203//68 94//22
f 94//22 203//68 206//68
f 94//22 206//68 207//68
f 94//22 207//68 208//68
f 94//22 208//68 202//68
f 98//24 221//71 222//72
f 221//71 98//24 97//23
f 101//25 98//24 225//73
f 98//24 101//25 22//12
f 104//27 101//25 227//74
f 101//25 104//27 26//14
f 104//27 155//50 103//26
f 155//50 104//27 229//75
f 231//76 232//76 233//76
f 237//76 238//76 239//76
f 231//76 232//76 233//76
f 237//76 238//76 239//76
f 231//76 232//76 233//76
f 120//33 243//77 244//78
f 243//77 120//33 115//31
f 124//35 244//78 247//79
f 244//78 124//35 120//33
f 128//37 247//79 249//80
f 247//79 128//37 124//35
f 131//38 249//80 251//81
f 249//80 131//38 128//37
f 253//82 131//38 251//81
f 131//38 253//82 135//40
f 255//83 135//40 253//82
f 135//40 255//83 139//42
f 257//84 139//42 255//83
f 139//42 257//84 143//44
f 194//66 143//44 257//84
f 143//44 194//66 147//46
f 229//75 159//52 155//50
f 159//52 229//75 259//85
f 261//86 159//52 259//85
f 159//52 261//86 163//54
f 263//87 163//54 261//86
f 163//54 263//87 167//56
f 265//88 167//56 263//87
f 167//56 265//88 171//58
f 267//89 171//58 265//88
f 171//58 267//89 175//60
f 269//90 270//90 271//90
f 275//90 276//90 277//90
f 269//90 270//90 271//90
f 269//90 270//90 271//90
f 269//90 270//90 271//90
f 281//91 282//91 283//91
f 282//91 281//91 284//91
f 284//91 281//91 285//91
f 285//91 281//91 286//91
f 286//91 281//91 287//91
f 287//91 281//91 288//91
f 285//91 286//91 289//91
f 287//91 288//91 290//91
f 290//91 288//91 291//91
f 291//91 288//91 292//91
f 292//91 288//91 293//91
f 293//91 288//91 294//91
f 294//91 288//91 295//91
f 295//91 288//91 296//91
f 295//91 296//91 297//91
f 298//91 299//91 300//91
f 299//91 298//91 301//91
f 299//91 301//91 302//91
f 302//91 301//91 303//91
f 302//91 303//91 304//91
f 304//91 303//91 305//91
f 304//91 305//91 306//91
f 306//91 305//91 307//91
f 306//91 307//91 308//91
f 308//91 307//91 309//91
f 308//91 309//91 310//91
f 310//91 309//91 311//91
f 310//91 311//91 312//91
f 312//91 311//91 313//91
f 312//91 313//91 314//91
f 314//91 313//91 315//91
f 314//91 315//91 316//91
f 316//91 315//91 317//91
f 316//91 317//91 318//91
f 318//91 317//91 319//91
f 318//91 319//91 320//91
f 320//91 319//91 321//91
f 320//91 321//91 322//91
f 322//91 321//91 323//91
f 322//91 323//91 324//91
f 324//91 323//91 325//91
f 324//91 325//91 326//91
f 326//91 325//91 327//91
f 326//91 327//91 328//91
f 328//91 327//91 329//91
f 328//91 329//91 330//91
f 330//91 329//91 281//91
f 330//91 281//91 331//91
f 330//91 331//91 332//91
f 330//91 332//91 333//91
f 330//91 333//91 334//91
f 330//91 334//91 335//91
f 331//91 281//91 336//91
f 336//91 281//91 283//91
f 335//91 334//91 337//91
f 335//91 337//91 338//91
f 335//91 338//91 339//91
f 335//91 339//91 340//91
f 335//91 340//91 341//91
f 335//91 341//91 342//91
f 335//91 342//91 343//91
f 343//91 342//91 297//91
f 343//91 297//91 296//91
f 343//91 296//91 344//91
f 343//91 344//91 345//91
f 345//91 344//91 346//91
f 345//91 346//91 347//91
f 347//91 346//91 186//63
f 347//91 186//63 185//63
f 190//64 415//67 416//92
f 415//67 190//64 189//21
f 419//93 194//66 420//94
f 194//66 419//93 193//65
f 423//95 424//96 425//97
f 424//96 423//95 426//95
f 426//95 423//95 427//95
f 427//95 423//95 428//95
f 428//95 423//95 429//95
f 429//95 423//95 430//95
f 430//95 423//95 431//95
f 431//95 423//95 432//95
f 432//95 423//95 433//95
f 432//95 433//95 434//95
f 432//95 434//95 435//95
f 432//95 435//95 436//95
f 436//95 435//95 437//95
f 436//95 437//95 438//95
f 439//95 440//98 441//99
f 440//98 439//95 204//70
f 204//70 439//95 442//95
f 204//70 442//95 443//95
f 204//70 443//95 436//95
f 204//70 436//95 438//95
f 204//70 438//95 444//95
f 204//70 444//95 445//95
f 204//70 445//95 446//95
f 204//70 446//95 205//69
f 447//100 448//95 449//99
f 448//95 447//100 450//95
f 448//95 450//95 451//95
f 448//95 451//95 431//95
f 431//95 451//95 452//95
f 431//95 452//95 430//95
f 197//67 483//96 484//97
f 483//96 197//67 485//95
f 485//95 197//67 486//95
f 486//95 197//67 487//95
f 487//95 197//67 488//95
f 488//95 197//67 489//95
f 489//95 197//67 490//95
f 490//95 197//67 491//95
f 491//95 197//67 492//95
f 492//95 197//67 493//95
f 493//95 197//67 494//95
f 494//95 197//67 495//95
f 495//95 197//67 496//95
f 496//95 197//67 497//95
f 497//95 197//67 498//95
f 498//95 197//67 199//69
f 499//95 500//97 501//100
f 500//97 499//95 490//95
f 490//95 499//95 502//95
f 490//95 502//95 503//95
f 490//95 503//95 489//95
f 222//72 525//101 526//102
f 525//101 222//72 221//71
f 225//73 222//72 529//103
f 222//72 225//73 98//24
f 227//74 225//73 531//104
f 225//73 227//74 101//25
f 229//75 227//74 533//105
f 227//74 229//75 104//27
f 115//31 535//106 243//77
f 535//106 115//31 536//107
f 244//78 539//108 540//109
f 539//108 244//78 243//77
f 247//79 540//109 543//110
f 540//109 247//79 244//78
f 249//80 543//110 545//111
f 543//110 249//80 247//79
f 251//81 545//111 547//112
f 545//111 251//81 249//80
f 549//113 251//81 547//112
f 251//81 549//113 253//82
f 551//114 253//82 549//113
f 253//82 551//114 255//83
f 553//115 255//83 551//114
f 255//83 553//115 257//84
f 420//94 257//84 553//115
f 257//84 420//94 194//66
f 259//85 533//105 555//116
f 533//105 259//85 229//75
f 557//117 259//85 555//116
f 259//85 557//117 261//86
f 559//118 261//86 557//117
f 261//86 559//118 263//87
f 561//119 263//87 559//118
f 263//87 561//119 265//88
f 563//120 265//88 561//119
f 265//88 563//120 267//89
f 565//121 175//60 267//89
f 567//122 175//60 565//121
f 569//123 570//124 571//125
f 570//124 569//123 572//126
f 577//127 578//127 579//127
f 578//127 577//127 580//127
f 580//127 577//127 581//127
f 580//127 581//127 582//127
f 580//127 582//127 583//127
f 583//127 582//127 584//127
f 583//127 584//127 585//127
f 583//127 585//127 586//127
f 586//127 585//127 587//127
f 586//127 587//127 588//127
f 586//127 588//127 589//127
f 589//127 588//127 590//127
f 589//127 590//127 591//127
f 591//127 590//127 592//127
f 591//127 592//127 593//127
f 593//127 592//127 594//127
f 593//127 594//127 595//127
f 595//127 594//127 596//127
f 595//127 596//127 597//127
f 595//127 597//127 598//127
f 598//127 597//127 599//127
f 598//127 599//127 600//127
f 600//127 599//127 601//127
f 601//127 599//127 602//127
f 602//127 599//127 603//127
f 603//127 599//127 604//127
f 604//127 599//127 605//127
f 635//127 636//127 637//127
f 636//127 635//127 638//127
f 636//127 638//127 639//127
f 636//127 639//127 640//127
f 636//127 640//127 641//127
f 636//127 641//127 642//127
f 636//127 642//127 643//127
f 636//127 643//127 644//127
f 636//127 644//127 645//127
f 636//127 645//127 646//127
f 659//128 660//128 661//128
f 665//129 666//130 667//131
f 536//107 667//131 535//106
f 567//122 565//121 671//132
f 673//133 674//133 675//133
f 679//134 680//134 681//134
f 685//135 686//135 687//135
f 686//135 685//135 688//135
f 688//135 685//135 689//135
f 689//135 685//135 690//135
f 690//135 685//135 691//135
f 691//135 685//135 692//135
f 692//135 685//135 693//135
f 693//135 685//135 694//135
f 694//135 685//135 695//135
f 695//135 685//135 696//135
f 709//135 710//135 711//135
f 710//135 709//135 712//135
f 710//135 712//135 713//135
f 713//135 712//135 714//135
f 714//135 712//135 715//135
f 714//135 715//135 716//135
f 716//135 715//135 717//135
f 717//135 715//135 718//135
f 717//135 718//135 719//135
f 719//135 718//135 720//135
f 720//135 718//135 721//135
f 720//135 721//135 722//135
f 722//135 721//135 723//135
f 722//135 723//135 724//135
f 724//135 723//135 725//135
f 724//135 725//135 726//135
f 726//135 725//135 727//135
f 726//135 727//135 728//135
f 728//135 727//135 729//135
f 729//135 727//135 730//135
f 729//135 730//135 731//135
f 731//135 730//135 732//135
f 731//135 732//135 733//135
f 731//135 733//135 734//135
f 731//135 734//135 735//135
f 731//135 735//135 736//135
f 731//135 736//135 737//135
f 767//136 768//137 769//138
f 768//137 767//136 770//139
f 775//140 769//138 776//141
f 769//138 775//140 767//136
f 767//136 775//140 777//142
f 777//142 775//140 781//143
f 783//143 775//140 784//144
f 787//145 775//140 788//146
f 775//140 787//145 784//144
f 791//147 788//146 792//148
f 788//146 791//147 787//145
f 787//145 791//147 793//149
f 793//149 791//147 797//150
f 799//150 791//147 800//151
f 803//152 791//147 804//153
f 791//147 803//152 800//151
f 807//154 804//153 808//155
f 804//153 807//154 803//152
f 807//154 811//156 812//157
f 811//156 807//154 808//155
f 812//157 815//158 816//159
f 815//158 812//157 811//156
f 816//159 819//160 820//161
f 819//160 816//159 815//158
f 823//162 819//160 824//163
f 819//160 823//162 820//161
f 827//164 824//163 828//165
f 824//163 827//164 823//162
f 827//164 831//166 832//167
f 831//166 827//164 828//165
f 835//168 836//169 837//168
f 836//169 835//168 838//169
f 843//170 844//171 845//172
f 844//171 843//170 846//173
f 845//172 851//174 852//175
f 851//174 845//172 844//171
f 852//175 855//176 856//177
f 855//176 852//175 851//174
f 856//177 859//178 860//179
f 859//178 856//177 855//176
f 860//179 863//180 864//181
f 863//180 860//179 859//178
f 864//181 867//182 868//183
f 867//182 864//181 863//180
f 871//184 868//183 867//182
f 868//183 871//184 872//185
f 875//186 872//185 871//184
f 872//185 875//186 876//187
f 879//188 876//187 875//186
f 881//189 882//188 875//186
f 885//190 875//186 886//191
f 875//186 885//190 887//192
f 875//186 887//192 881//189
f 891//193 887//192 885//190
f 887//192 891//193 892//194
f 895//195 892//194 891//193
f 897//196 898//195 891//193
f 571//125 891//193 901//197
f 891//193 571//125 570//124
f 891//193 570//124 897//196
f 416//92 903//97 904//198
f 903//97 416//92 415//67
f 907//199 420//94 908//200
f 420//94 907//199 419//93
f 911//201 912//202 913//203
f 912//202 911//201 914//201
f 914//201 911//201 915//201
f 915//201 911//201 916//201
f 915//201 916//201 917//201
f 915//201 917//201 918//201
f 915//201 918//201 449//99
f 449//99 918//201 447//100
f 927//95 928//204 929//205
f 928//204 927//95 930//95
f 930//95 927//95 931//95
f 930//95 931//95 932//95
f 932//95 931//95 933//95
f 932//95 933//95 934//95
f 934//95 933//95 935//95
f 934//95 935//95 936//95
f 947//206 948//201 949//207
f 948//201 947//206 425//97
f 948//201 425//97 950//201
f 950//201 425//97 951//201
f 951//201 425//97 952//201
f 952//201 425//97 424//96
f 959//201 960//208 961//202
f 960//208 959//201 440//98
f 440//98 959//201 962//201
f 440//98 962//201 441//99
f 967//95 968//209 969//209
f 968//209 967//95 970//95
f 970//95 967//95 971//95
f 970//95 971//95 972//95
f 972//95 971//95 973//95
f 973//95 971//95 974//95
f 973//95 974//95 975//95
f 985//201 986//206 987//203
f 986//206 985//201 500//97
f 500//97 985//201 988//201
f 500//97 988//201 989//201
f 500//97 989//201 990//201
f 500//97 990//201 501//100
f 997//95 998//204 999//205
f 998//204 997//95 1000//95
f 1000//95 997//95 1001//95
f 1000//95 1001//95 1002//95
f 1002//95 1001//95 1003//95
f 1002//95 1003//95 1004//95
f 1004//95 1003//95 1005//95
f 1004//95 1005//95 1006//95
f 484//97 1017//207 1018//206
f 1017//207 484//97 1019//201
f 1019//201 484//97 1020//201
f 1020//201 484//97 1021//201
f 1021//201 484//97 1022//201
f 1022//201 484//97 483//96
f 1029//210 525//101 1030//211
f 525//101 1029//210 526//102
f 529//103 526//102 1033//212
f 526//102 529//103 222//72
f 531//104 529//103 1035//213
f 529//103 531//104 225//73
f 533//105 531//104 1037//214
f 531//104 533//105 227//74
f 243//77 1039//215 539//108
f 1039//215 243//77 535//106
f 540//109 1041//216 1042//217
f 1041//216 540//109 539//108
f 543//110 1042//217 1045//218
f 1042//217 543//110 540//109
f 545//111 1045//218 1047//219
f 1045//218 545//111 543//110
f 547//112 1047//219 1049//220
f 1047//219 547//112 545//111
f 1051//221 547//112 1049//220
f 547//112 1051//221 549//113
f 1053//222 549//113 1051//221
f 549//113 1053//222 551//114
f 1055//223 551//114 1053//222
f 551//114 1055//223 553//115
f 908//200 553//115 1055//223
f 553//115 908//200 420//94
f 555//116 1037//214 1057//224
f 1037//214 555//116 533//105
f 1059//225 555//116 1057//224
f 555//116 1059//225 557//117
f 1061//226 557//117 1059//225
f 557//117 1061//226 559//118
f 1063//227 559//118 1061//226
f 559//118 1063//227 561//119
f 1065//228 561//119 1063//227
f 561//119 1065//228 563//120
f 1067//229 267//89 563//120
f 267//89 1067//229 565//121
f 1069//230 571//125 1070//231
f 571//125 1069//230 569//123
f 1073//232 1074//233 1075//234
f 1074//233 1073//232 1076//235
f 1081//236 1070//231 1082//237
f 1070//231 1081//236 1069//230
f 1085//238 1082//237 1086//239
f 1082//237 1085//238 1081//236
f 1089//240 1086//239 1090//241
f 1086//239 1089//240 1085//238
f 1093//242 1090//241 1094//243
f 1090//241 1093//242 1089//240
f 1097//244 1094//243 1098//245
f 1094//243 1097//244 1093//242
f 1101//246 1098//245 1102//247
f 1098//245 1101//246 1097//244
f 1105//248 1102//247 1106//249
f 1102//247 1105//248 1101//246
f 1109//250 1106//249 1110//251
f 1106//249 1109//250 1105//248
f 1113//252 1110//251 1114//253
f 1110//251 1113//252 1109//250
f 1117//254 1114//253 1118//255
f 1114//253 1117//254 1113//252
f 1121//256 1118//255 1122//257
f 1118//255 1121//256 1117//254
f 1125//258 1122//257 1126//259
f 1122//257 1125//258 1121//256
f 1129//260 1126//259 1130//261
f 1126//259 1129//260 1125//258
f 1133//262 1129//260 1130//261
f 1129//260 1133//262 1134//263
f 1137//264 1134//263 1133//262
f 1134//263 1137//264 1138//265
f 1141//266 1138//265 1137//264
f 1138//265 1141//266 1142//267
f 1145//268 1142//267 1141//266
f 1142//267 1145//268 1146//269
f 1149//270 1146//269 1145//268
f 1146//269 1149//270 1150//271
f 1153//272 1150//271 1149//270
f 1150//271 1153//272 1154//273
f 1157//274 1154//273 1153//272
f 1154//273 1157//274 1158//275
f 1161//276 1158//275 1157//274
f 1158//275 1161//276 1162//277
f 1165//278 1162//277 1161//276
f 1162//277 1165//278 1166//279
f 1169//280 1166//279 1165//278
f 1166//279 1169//280 1170//281
f 1075//234 1170//281 1169//280
f 1170//281 1075//234 1074//233
f 1173//282 1174//235 1175//283
f 1174//235 1173//282 1176//284
f 1181//285 1176//284 1173//282
f 1176//284 1181//285 1182//286
f 1185//287 1182//286 1181//285
f 1182//286 1185//287 1186//288
f 1189//289 1186//288 1185//287
f 1186//288 1189//289 1190//290
f 1193//291 1190//290 1189//289
f 1190//290 1193//291 1194//292
f 1197//293 1194//292 1193//291
f 1194//292 1197//293 1198//294
f 1201//295 1198//294 1197//293
f 1198//294 1201//295 1202//296
f 1205//297 1206//296 1207//298
f 1206//296 1205//297 1208//299
f 1213//300 1208//299 1205//297
f 1208//299 1213//300 1214//301
f 1217//302 1214//301 1213//300
f 1219//302 1213//300 666//130
f 667//131 666//130 535//106
f 671//132 565//121 1221//303
f 1223//304 1221//303 1224//305
f 1227//306 1228//307 1229//308
f 1228//307 1227//306 1230//309
f 1235//304 1224//305 1236//310
f 1239//311 1224//305 1240//312
f 1224//305 1239//311 1236//310
f 1243//313 1240//312 1244//314
f 1240//312 1243//313 1239//311
f 1247//315 1248//316 1249//317
f 1248//316 1247//315 1250//313
f 1255//318 1249//317 1256//319
f 1249//317 1255//318 1247//315
f 1259//320 1256//319 1260//321
f 1256//319 1259//320 1255//318
f 1263//322 1260//321 1264//323
f 1260//321 1263//322 1259//320
f 1267//324 1264//323 1268//325
f 1264//323 1267//324 1263//322
f 1230//309 1268//325 1228//307
f 1268//325 1230//309 1267//324
f 1271//326 1272//327 1273//328
f 1272//327 1271//326 1274//306
f 1279//329 1273//328 1280//330
f 1273//328 1279//329 1271//326
f 1283//331 1280//330 1284//332
f 1280//330 1283//331 1279//329
f 1287//333 1284//332 1288//334
f 1284//332 1287//333 1283//331
f 1291//335 1288//334 1292//336
f 1288//334 1291//335 1287//333
f 1295//337 1292//336 1296//338
f 1292//336 1295//337 1291//335
f 1299//339 1296//338 1300//340
f 1296//338 1299//339 1295//337
f 1303//341 1300//340 1304//342
f 1300//340 1303//341 1299//339
f 1307//343 1304//342 1308//344
f 1304//342 1307//343 1303//341
f 1311//345 1308//344 1312//346
f 1308//344 1311//345 1307//343
f 1315//347 1312//346 1316//348
f 1312//346 1315//347 1311//345
f 1319//349 1316//348 1320//350
f 1316//348 1319//349 1315//347
f 1323//351 1319//349 1320//350
f 1319//349 1323//351 1324//352
f 1327//353 1324//352 1323//351
f 1324//352 1327//353 1328//354
f 1331//355 1328//354 1327//353
f 1328//354 1331//355 1332//356
f 1335//357 1332//356 1331//355
f 1332//356 1335//357 1336//358
f 1339//359 1336//358 1335//357
f 1336//358 1339//359 1340//360
f 1343//361 1340//360 1339//359
f 1340//360 1343//361 1344//362
f 1347//363 1344//362 1343//361
f 1344//362 1347//363 1348//364
f 1351//365 1348//364 1347//363
f 1348//364 1351//365 1352//366
f 1355//367 1352//366 1351//365
f 1352//366 1355//367 1356//368
f 1359//369 1356//368 1355//367
f 1356//368 1359//369 1360//370
f 1363//371 1360//370 1359//369
f 1360//370 1363//371 1364//372
f 1367//373 1364//372 1363//371
f 1364//372 1367//373 1368//374
f 1371//375 1368//374 1367//373
f 1368//374 1371//375 1372//376
f 769//138 1372//376 1371//375
f 1372//376 769//138 768//137
f 776//141 1371//375 1375//377
f 1371//375 776//141 769//138
f 788//146 776//141 1377//378
f 776//141 788//146 775//140
f 792//148 1377//378 1379//379
f 1377//378 792//148 788//146
f 804//153 792//148 1381//380
f 792//148 804//153 791//147
f 808//155 1381//380 1383//381
f 1381//380 808//155 804//153
f 811//156 1383//381 1385//382
f 1383//381 811//156 808//155
f 811//156 1387//383 815//158
f 1387//383 811//156 1385//382
f 815//158 1389//384 819//160
f 1389//384 815//158 1387//383
f 819//160 1391//385 824//163
f 1391//385 819//160 1389//384
f 824//163 1393//386 828//165
f 1393//386 824//163 1391//385
f 828//165 1395//387 831//166
f 1395//387 828//165 1393//386
f 1397//388 836//169 838//169
f 836//169 1397//388 1398//388
f 1401//389 844//171 846//173
f 844//171 1401//389 1402//390
f 1402//390 851//174 844//171
f 851//174 1402//390 1405//391
f 1405//391 855//176 851//174
f 855//176 1405//391 1407//392
f 1407//392 859//178 855//176
f 859//178 1407//392 1409//393
f 1409//393 863//180 859//178
f 863//180 1409//393 1411//394
f 1413//395 863//180 1411//394
f 863//180 1413//395 867//182
f 1415//396 867//182 1413//395
f 867//182 1415//396 871//184
f 886//191 871//184 1415//396
f 871//184 886//191 875//186
f 1417//397 886//191 1418//398
f 886//191 1417//397 885//190
f 901//197 885//190 1417//397
f 885//190 901//197 891//193
f 1070//231 901//197 1421//399
f 901//197 1070//231 571//125
f 904//198 1423//206 1424//400
f 1423//206 904//198 903//97
f 1427//401 908//200 1428//402
f 908//200 1427//401 907//199
f 1431//403 1432//404 1433//405
f 1432//404 1431//403 947//206
f 1432//404 947//206 1434//404
f 1432//404 1434//404 1435//404
f 1434//404 947//206 1436//404
f 1436//404 947//206 949//207
f 1434//404 912//202 1435//404
f 912//202 1434//404 1437//404
f 912//202 1437//404 1438//404
f 912//202 1438//404 913//203
f 1447//406 1448//201 1449//407
f 1448//201 1447//406 1450//201
f 1448//201 1450//201 1451//201
f 1448//201 1451//201 1452//201
f 1452//201 1451//201 1453//201
f 1452//201 1453//201 1454//201
f 1454//201 1453//201 1455//201
f 1454//201 1455//201 1456//201
f 1456//201 1455//201 929//205
f 1456//201 929//205 928//204
f 1467//201 1468//408 1469//408
f 1468//408 1467//201 1470//201
f 1470//201 1467//201 1471//201
f 1470//201 1471//201 1472//201
f 1472//201 1471//201 969//209
f 1472//201 969//209 968//209
f 1479//404 1480//409 1481//405
f 1480//409 1479//404 960//208
f 960//208 1479//404 1482//404
f 960//208 1482//404 961//202
f 1018//206 1487//404 1488//404
f 1487//404 1018//206 1489//404
f 1489//404 1018//206 1017//207
f 1488//404 1490//410 1491//411
f 1490//410 1488//404 1492//404
f 1492//404 1488//404 1493//404
f 1493//404 1488//404 1494//404
f 1494//404 1488//404 1495//404
f 1495//404 1488//404 986//206
f 986//206 1488//404 1496//404
f 1496//404 1488//404 1487//404
f 986//206 1496//404 1497//404
f 986//206 1497//404 987//203
f 1509//201 1510//407 1511//406
f 1510//407 1509//201 1512//201
f 1512//201 1509//201 1513//201
f 1512//201 1513//201 1514//201
f 1514//201 1513//201 1515//201
f 1514//201 1515//201 1516//201
f 1516//201 1515//201 1517//201
f 1516//201 1517//201 1518//201
f 1518//201 1517//201 999//205
f 1518//201 999//205 998//204
f 1529//412 1530//413 1531//414
f 1530//413 1529//412 1532//211
f 1537//415 526//102 1029//210
f 526//102 1537//415 1033//212
f 1035//213 1033//212 1539//416
f 1033//212 1035//213 529//103
f 1037//214 1035//213 1541//417
f 1035//213 1037//214 531//104
f 535//106 666//130 1039//215
f 539//108 1543//418 1041//216
f 1543//418 539//108 1039//215
f 1042//217 1545//419 1546//420
f 1545//419 1042//217 1041//216
f 1045//218 1546//420 1549//421
f 1546//420 1045//218 1042//217
f 1047//219 1549//421 1551//422
f 1549//421 1047//219 1045//218
f 1553//423 1047//219 1551//422
f 1047//219 1553//423 1049//220
f 1555//424 1049//220 1553//423
f 1049//220 1555//424 1051//221
f 1557//425 1051//221 1555//424
f 1051//221 1557//425 1053//222
f 1559//426 1053//222 1557//425
f 1053//222 1559//426 1055//223
f 1428//402 1055//223 1559//426
f 1055//223 1428//402 908//200
f 1057//224 1541//417 1561//427
f 1541//417 1057//224 1037//214
f 1059//225 1561//427 1563//428
f 1561//427 1059//225 1057//224
f 1565//429 1059//225 1563//428
f 1059//225 1565//429 1061//226
f 1567//430 1061//226 1565//429
f 1061//226 1567//430 1063//227
f 1569//431 1063//227 1567//430
f 1063//227 1569//431 1065//228
f 1571//432 563//120 1065//228
f 563//120 1571//432 1067//229
f 565//121 1067//229 1221//303
f 1573//433 1075//234 1574//434
f 1075//234 1573//433 1073//232
f 1082//237 1421//399 1577//435
f 1421//399 1082//237 1070//231
f 1086//239 1577//435 1579//436
f 1577//435 1086//239 1082//237
f 1090//241 1579//436 1581//437
f 1579//436 1090//241 1086//239
f 1094//243 1581//437 1583//438
f 1581//437 1094//243 1090//241
f 1098//245 1583//438 1585//439
f 1583//438 1098//245 1094//243
f 1102//247 1585//439 1587//440
f 1585//439 1102//247 1098//245
f 1106//249 1587//440 1589//441
f 1587//440 1106//249 1102//247
f 1110//251 1589//441 1591//442
f 1589//441 1110//251 1106//249
f 1114//253 1591//442 1593//443
f 1591//442 1114//253 1110//251
f 1118//255 1593//443 1595//444
f 1593//443 1118//255 1114//253
f 1122//257 1595//444 1597//445
f 1595//444 1122//257 1118//255
f 1126//259 1597//445 1599//446
f 1597//445 1126//259 1122//257
f 1130//261 1599//446 1601//447
f 1599//446 1130//261 1126//259
f 1603//448 1130//261 1601//447
f 1130//261 1603//448 1133//262
f 1605//449 1133//262 1603//448
f 1133//262 1605//449 1137//264
f 1607//450 1137//264 1605//449
f 1137//264 1607//450 1141//266
f 1609//451 1141//266 1607//450
f 1141//266 1609//451 1145//268
f 1611//452 1145//268 1609//451
f 1145//268 1611//452 1149//270
f 1613//453 1149//270 1611//452
f 1149//270 1613//453 1153//272
f 1615//454 1153//272 1613//453
f 1153//272 1615//454 1157//274
f 1617//455 1157//274 1615//454
f 1157//274 1617//455 1161//276
f 1619//456 1161//276 1617//455
f 1161//276 1619//456 1165//278
f 1621//457 1165//278 1619//456
f 1165//278 1621//457 1169//280
f 1574//434 1169//280 1621//457
f 1169//280 1574//434 1075//234
f 1623//458 1175//283 1624//459
f 1175//283 1623//458 1173//282
f 1627//460 1173//282 1623//458
f 1173//282 1627//460 1181//285
f 1629//461 1181//285 1627//460
f 1181//285 1629//461 1185//287
f 1631//462 1185//287 1629//461
f 1185//287 1631//462 1189//289
f 1633//463 1189//289 1631//462
f 1189//289 1633//463 1193//291
f 1635//464 1193//291 1633//463
f 1193//291 1635//464 1197//293
f 1637//465 1197//293 1635//464
f 1197//293 1637//465 1201//295
f 1639//466 1207//298 1640//467
f 1207//298 1639//466 1205//297
f 1543//418 1205//297 1639//466
f 1205//297 1543//418 1213//300
f 1039//215 1213//300 1543//418
f 1213//300 1039//215 666//130
f 1224//305 1067//229 1571//432
f 1067//229 1224//305 1221//303
f 1229//308 1643//468 1644//469
f 1643//468 1229//308 1228//307
f 1240//312 1571//432 1647//470
f 1571//432 1240//312 1224//305
f 1244//314 1647//470 1649//471
f 1647//470 1244//314 1240//312
f 1249//317 1651//472 1652//473
f 1651//472 1249//317 1248//316
f 1256//319 1652//473 1655//474
f 1652//473 1256//319 1249//317
f 1260//321 1655//474 1657//475
f 1655//474 1260//321 1256//319
f 1264//323 1657//475 1659//476
f 1657//475 1264//323 1260//321
f 1268//325 1659//476 1661//477
f 1659//476 1268//325 1264//323
f 1228//307 1661//477 1643//468
f 1661//477 1228//307 1268//325
f 1273//328 1663//478 1664//479
f 1663//478 1273//328 1272//327
f 1280//330 1664//479 1667//480
f 1664//479 1280//330 1273//328
f 1284//332 1667//480 1669//481
f 1667//480 1284//332 1280//330
f 1288//334 1669//481 1671//482
f 1669//481 1288//334 1284//332
f 1292//336 1671//482 1673//483
f 1671//482 1292//336 1288//334
f 1296//338 1673//483 1675//484
f 1673//483 1296//338 1292//336
f 1300//340 1675//484 1677//485
f 1675//484 1300//340 1296//338
f 1304//342 1677//485 1679//486
f 1677//485 1304//342 1300//340
f 1308//344 1679//486 1681//487
f 1679//486 1308//344 1304//342
f 1312//346 1681//487 1683//488
f 1681//487 1312//346 1308//344
f 1316//348 1683//488 1685//489
f 1683//488 1316//348 1312//346
f 1320//350 1685//489 1687//490
f 1685//489 1320//350 1316//348
f 1689//491 1320//350 1687//490
f 1320//350 1689//491 1323//351
f 1691//492 1323//351 1689//491
f 1323//351 1691//492 1327//353
f 1693//493 1327//353 1691//492
f 1327//353 1693//493 1331//355
f 1695//494 1331//355 1693//493
f 1331//355 1695//494 1335//357
f 1697//495 1335//357 1695//494
f 1335//357 1697//495 1339//359
f 1699//496 1339//359 1697//495
f 1339//359 1699//496 1343//361
f 1701//497 1343//361 1699//496
f 1343//361 1701//497 1347//363
f 1703//498 1347//363 1701//497
f 1347//363 1703//498 1351//365
f 1705//499 1351//365 1703//498
f 1351//365 1705//499 1355//367
f 1707//500 1355//367 1705//499
f 1355//367 1707//500 1359//369
f 1709//501 1359//369 1707//500
f 1359//369 1709//501 1363//371
f 1711//502 1363//371 1709//501
f 1363//371 1711//502 1367//373
f 1375//377 1367//373 1711//502
f 1367//373 1375//377 1371//375
f 1377//378 1375//377 1713//503
f 1375//377 1377//378 776//141
f 1379//379 1713//503 1715//504
f 1713//503 1379//379 1377//378
f 1381//380 1379//379 1717//505
f 1379//379 1381//380 792//148
f 1383//381 1717//505 1719//506
f 1717//505 1383//381 1381//380
f 1383//381 1721//507 1385//382
f 1721//507 1383//381 1719//506
f 1385//382 1723//508 1387//383
f 1723//508 1385//382 1721//507
f 1387//383 1725//509 1389//384
f 1725//509 1387//383 1723//508
f 1389//384 1727//510 1391//385
f 1727//510 1389//384 1725//509
f 1391//385 1729//511 1393//386
f 1729//511 1391//385 1727//510
f 1393//386 1731//512 1395//387
f 1731//512 1393//386 1729//511
f 1733//513 1398//388 1397//388
f 1398//388 1733//513 1734//513
f 1737//514 1402//390 1401//389
f 1402//390 1737//514 1738//515
f 1738//515 1405//391 1402//390
f 1405//391 1738//515 1741//516
f 1741//516 1407//392 1405//391
f 1407//392 1741//516 1743//517
f 1743//517 1409//393 1407//392
f 1409//393 1743//517 1745//518
f 1745//518 1411//394 1409//393
f 1411//394 1745//518 1747//519
f 1747//519 1413//395 1411//394
f 1413//395 1747//519 1749//520
f 1751//521 1413//395 1749//520
f 1413//395 1751//521 1415//396
f 1418//398 1415//396 1751//521
f 1415//396 1418//398 886//191
f 1753//522 1418//398 1754//523
f 1418//398 1753//522 1417//397
f 1421//399 1417//397 1753//522
f 1417//397 1421//399 901//197
f 1424//400 1757//411 1758//524
f 1757//411 1424//400 1759//404
f 1759//404 1424//400 1423//206
f 1763//525 1428//402 1764//526
f 1428//402 1763//525 1427//401
f 1767//404 1768//404 1769//404
f 1768//404 1767//404 1770//404
f 1770//404 1767//404 1447//406
f 1770//404 1447//406 1449//407
f 1775//404 1776//527 1777//527
f 1776//527 1775//404 1778//404
f 1778//404 1775//404 1779//404
f 1779//404 1775//404 1780//404
f 1779//404 1780//404 1469//408
f 1779//404 1469//408 1468//408
f 1787//528 1788//529 1789//530
f 1788//529 1787//528 1790//528
f 1790//528 1787//528 1791//528
f 1791//528 1787//528 1792//528
f 1791//528 1792//528 1793//528
f 1793//528 1792//528 1491//411
f 1793//528 1491//411 1794//528
f 1794//528 1491//411 1795//528
f 1795//528 1491//411 1796//528
f 1796//528 1491//411 1797//528
f 1797//528 1491//411 1798//528
f 1798//528 1491//411 1799//528
f 1799//528 1491//411 1490//410
f 1800//528 1801//528 1802//528
f 1801//528 1800//528 1803//528
f 1803//528 1800//528 1804//528
f 1803//528 1804//528 1805//528
f 1805//528 1804//528 1806//528
f 1806//528 1804//528 1807//528
f 1806//528 1807//528 1808//528
f 1806//528 1808//528 1809//528
f 1809//528 1808//528 1810//528
f 1809//528 1810//528 1811//528
f 1811//528 1810//528 1812//528
f 1811//528 1812//528 1813//528
f 1813//528 1812//528 1814//528
f 1813//528 1814//528 1815//528
f 1815//528 1814//528 1431//403
f 1815//528 1431//403 1816//528
f 1816//528 1431//403 1817//528
f 1817//528 1431//403 1818//528
f 1818//528 1431//403 1819//528
f 1819//528 1431//403 1820//528
f 1820//528 1431//403 1433//405
f 1790//528 1821//528 1822//528
f 1821//528 1790//528 1791//528
f 1822//528 1821//528 1823//528
f 1822//528 1823//528 1824//528
f 1822//528 1824//528 1825//528
f 1822//528 1825//528 1802//528
f 1822//528 1802//528 1801//528
f 1822//528 1801//528 1826//528
f 1822//528 1826//528 1827//528
f 1822//528 1827//528 1828//528
f 1822//528 1828//528 1829//528
f 1822//528 1829//528 1433//405
f 1433//405 1829//528 1830//528
f 1433//405 1830//528 1831//528
f 1433//405 1831//528 1832//528
f 1433//405 1832//528 1833//528
f 1433//405 1833//528 1834//528
f 1433//405 1834//528 1835//528
f 1433//405 1835//528 1836//528
f 1433//405 1836//528 1820//528
f 1887//528 1888//531 1889//529
f 1888//531 1887//528 1480//409
f 1480//409 1887//528 1890//528
f 1480//409 1890//528 1481//405
f 1895//404 1896//404 1897//404
f 1896//404 1895//404 1898//404
f 1898//404 1895//404 1511//406
f 1898//404 1511//406 1510//407
f 1903//404 1904//532 1905//403
f 1909//533 1531//414 1910//534
f 1531//414 1909//533 1529//412
f 1531//414 1913//535 1914//536
f 1913//535 1531//414 1530//413
f 1917//537 1033//212 1537//415
f 1033//212 1917//537 1539//416
f 1541//417 1539//416 1919//538
f 1539//416 1541//417 1035//213
f 1041//216 1639//466 1545//419
f 1639//466 1041//216 1543//418
f 1546//420 1921//539 1922//540
f 1921//539 1546//420 1545//419
f 1549//421 1925//541 1926//542
f 1925//541 1549//421 1922//540
f 1922//540 1549//421 1546//420
f 1551//422 1926//542 1929//543
f 1926//542 1551//422 1549//421
f 1931//544 1551//422 1929//543
f 1551//422 1931//544 1553//423
f 1933//545 1553//423 1931//544
f 1553//423 1933//545 1555//424
f 1935//546 1555//424 1933//545
f 1555//424 1935//546 1557//425
f 1937//547 1557//425 1935//546
f 1557//425 1937//547 1559//426
f 1764//526 1559//426 1937//547
f 1559//426 1764//526 1428//402
f 1561//427 1919//538 1939//548
f 1919//538 1561//427 1541//417
f 1563//428 1939//548 1941//549
f 1939//548 1563//428 1561//427
f 1943//550 1563//428 1941//549
f 1563//428 1943//550 1565//429
f 1945//551 1565//429 1943//550
f 1565//429 1945//551 1946//552
f 1565//429 1946//552 1567//430
f 1949//553 1567//430 1946//552
f 1567//430 1949//553 1569//431
f 1647//470 1065//228 1569//431
f 1065//228 1647//470 1571//432
f 1951//554 1574//434 1952//555
f 1574//434 1951//554 1573//433
f 1577//435 1753//522 1955//556
f 1753//522 1577//435 1421//399
f 1579//436 1955//556 1957//557
f 1955//556 1579//436 1577//435
f 1581//437 1957//557 1959//558
f 1957//557 1581//437 1579//436
f 1583//438 1959//558 1961//559
f 1959//558 1583//438 1581//437
f 1585//439 1961//559 1963//560
f 1961//559 1585//439 1583//438
f 1587//440 1963//560 1965//561
f 1963//560 1587//440 1585//439
f 1589//441 1965//561 1967//562
f 1965//561 1589//441 1587//440
f 1591//442 1967//562 1969//563
f 1967//562 1591//442 1589//441
f 1593//443 1969//563 1971//564
f 1969//563 1593//443 1591//442
f 1595//444 1971//564 1973//565
f 1971//564 1595//444 1593//443
f 1597//445 1973//565 1975//566
f 1973//565 1597//445 1595//444
f 1599//446 1975//566 1977//567
f 1975//566 1599//446 1597//445
f 1601//447 1977//567 1979//568
f 1977//567 1601//447 1599//446
f 1981//569 1601//447 1979//568
f 1601//447 1981//569 1603//448
f 1983//570 1603//448 1981//569
f 1603//448 1983//570 1605//449
f 1985//571 1605//449 1983//570
f 1605//449 1985//571 1607//450
f 1987//572 1607//450 1985//571
f 1607//450 1987//572 1609//451
f 1989//573 1609//451 1987//572
f 1609//451 1989//573 1611//452
f 1991//574 1611//452 1989//573
f 1611//452 1991//574 1613//453
f 1993//575 1613//453 1991//574
f 1613//453 1993//575 1615//454
f 1995//576 1615//454 1993//575
f 1615//454 1995//576 1617//455
f 1997//577 1617//455 1995//576
f 1617//455 1997//577 1619//456
f 1999//578 1619//456 1997//577
f 1619//456 1999//578 1621//457
f 1952//555 1621//457 1999//578
f 1621//457 1952//555 1574//434
f 2001//579 1624//459 2002//580
f 1624//459 2001//579 1623//458
f 2005//581 1623//458 2001//579
f 1623//458 2005//581 1627//460
f 2007//582 1627//460 2005//581
f 1627//460 2007//582 1629//461
f 2009//583 1629//461 2007//582
f 1629//461 2009//583 1631//462
f 2011//584 1631//462 2009//583
f 1631//462 2011//584 1633//463
f 2013//585 1633//463 2011//584
f 1633//463 2013//585 1635//464
f 2015//586 1635//464 2013//585
f 1635//464 2015//586 1637//465
f 1545//419 1640//467 1921//539
f 1640//467 1545//419 1639//466
f 1644//469 2017//587 2018//588
f 2017//587 1644//469 1643//468
f 1649//471 1569//431 1949//553
f 1569//431 1649//471 1647//470
f 1652//473 2021//589 2022//590
f 2021//589 1652//473 1651//472
f 1655//474 2022//590 2025//591
f 2022//590 1655//474 1652//473
f 1657//475 2025//591 2027//592
f 2025//591 1657//475 1655//474
f 1659//476 2027//592 2029//593
f 2027//592 1659//476 1657//475
f 1661//477 2029//593 2031//594
f 2029//593 1661//477 1659//476
f 1643//468 2031//594 2017//587
f 2031//594 1643//468 1661//477
f 1664//479 2033//595 2034//596
f 2033//595 1664//479 1663//478
f 1667//480 2034//596 2037//597
f 2034//596 1667//480 1664//479
f 1669//481 2037//597 2039//598
f 2037//597 1669//481 1667//480
f 1671//482 2039//598 2041//599
f 2039//598 1671//482 1669//481
f 1673//483 2041//599 2043//600
f 2041//599 1673//483 1671//482
f 1675//484 2043//600 2045//601
f 2043//600 1675//484 1673//483
f 1677//485 2045//601 2047//602
f 2045//601 1677//485 1675//484
f 1679//486 2047//602 2049//603
f 2047//602 1679//486 1677//485
f 1681//487 2049//603 2051//604
f 2049//603 1681//487 1679//486
f 1683//488 2051//604 2053//605
f 2051//604 1683//488 1681//487
f 1685//489 2053//605 2055//606
f 2053//605 1685//489 1683//488
f 1687//490 2055//606 2057//607
f 2055//606 1687//490 1685//489
f 2059//608 1687//490 2057//607
f 1687//490 2059//608 1689//491
f 2061//609 1689//491 2059//608
f 1689//491 2061//609 1691//492
f 2063//610 1691//492 2061//609
f 1691//492 2063//610 1693//493
f 2065//611 1693//493 2063//610
f 1693//493 2065//611 1695//494
f 2067//612 1695//494 2065//611
f 1695//494 2067//612 1697//495
f 2069//613 1697//495 2067//612
f 1697//495 2069//613 1699//496
f 2071//614 1699//496 2069//613
f 1699//496 2071//614 1701//497
f 2073//615 1701//497 2071//614
f 1701//497 2073//615 1703//498
f 2075//616 1703//498 2073//615
f 1703//498 2075//616 1705//499
f 2077//617 1705//499 2075//616
f 1705//499 2077//617 1707//500
f 2079//618 1707//500 2077//617
f 1707//500 2079//618 1709//501
f 2081//619 1709//501 2079//618
f 1709//501 2081//619 1711//502
f 1713//503 1711//502 2081//619
f 1711//502 1713//503 1375//377
f 1715//504 2081//619 2083//620
f 2081//619 1715//504 1713//503
f 1717//505 1715//504 2085//621
f 1715//504 1717//505 1379//379
f 1719//506 2085//621 2087//622
f 2085//621 1719//506 1717//505
f 1719//506 2089//623 1721//507
f 2089//623 1719//506 2087//622
f 1721//507 2091//624 1723//508
f 2091//624 1721//507 2089//623
f 1723//508 2093//625 1725//509
f 2093//625 1723//508 2091//624
f 1725//509 2095//626 1727//510
f 2095//626 1725//509 2093//625
f 1727//510 2097//627 1729//511
f 2097//627 1727//510 2095//626
f 1729//511 2099//628 1731//512
f 2099//628 1729//511 2097//627
f 2101//629 1734//513 1733//513
f 1734//513 2101//629 2102//629
f 2105//630 1738//515 1737//514
f 1738//515 2105//630 2106//631
f 2106//631 1741//516 1738//515
f 1741//516 2106//631 2109//632
f 2109//632 1743//517 1741//516
f 1743//517 2109//632 2111//633
f 2111//633 1745//518 1743//517
f 1745//518 2111//633 2113//634
f 2113//634 1747//519 1745//518
f 1747//519 2113//634 2115//635
f 2115//635 1749//520 1747//519
f 1749//520 2115//635 2117//636
f 2119//637 1749//520 2117//636
f 1749//520 2119//637 1751//521
f 1754//523 1751//521 2119//637
f 1751//521 1754//523 1418//398
f 1955//556 1754//523 2121//638
f 1754//523 1955//556 1753//522
f 1758//524 2123//530 2124//639
f 2123//530 1758//524 2125//528
f 2125//528 1758//524 2126//528
f 2126//528 1758//524 1757//411
f 1763//525 2131//640 2132//641
f 2131//640 1763//525 1764//526
f 2135//404 2136//403 2137//532
f 2141//642 2142//528 2143//642
f 2142//528 2141//642 2144//528
f 2142//528 2144//528 2145//528
f 2145//528 2144//528 2146//528
f 2145//528 2146//528 1777//527
f 2145//528 1777//527 1776//527
f 1789//530 2153//643 2154//643
f 2153//643 1789//530 2155//643
f 2155//643 1789//530 2156//643
f 2156//643 1789//530 1788//529
f 2157//643 2158//644 2159//644
f 2158//644 2157//643 2160//643
f 2160//643 2157//643 1888//531
f 1888//531 2157//643 2153//643
f 2153//643 2157//643 2154//643
f 1888//531 2153//643 2161//643
f 1888//531 2161//643 2162//643
f 1888//531 2162//643 1889//529
f 1905//403 2173//645 2174//646
f 2173//645 1905//403 2175//528
f 2175//528 1905//403 2176//528
f 2176//528 1905//403 1904//532
f 2181//647 1910//534 2182//648
f 1910//534 2181//647 1909//533
f 1910//534 1914//536 2185//649
f 1914//536 1910//534 1531//414
f 1914//536 2187//650 2188//651
f 2187//650 1914//536 1913//535
f 2191//652 1539//416 1917//537
f 1539//416 2191//652 1919//538
f 2193//653 2013//585 2194//654
f 2013//585 2193//653 2015//586
f 2193//653 2194//654 2197//655
f 1925//541 2199//656 1926//542
f 1929//543 2199//656 2201//657
f 2199//656 1929//543 1926//542
f 1931//544 2201//657 2203//658
f 2201//657 1931//544 1929//543
f 1933//545 2203//658 2205//659
f 2203//658 1933//545 1931//544
f 1935//546 2205//659 2207//660
f 2205//659 1935//546 1933//545
f 1937//547 2207//660 2209//661
f 2207//660 1937//547 1935//546
f 1764//526 2209//661 2131//640
f 2209//661 1764//526 1937//547
f 2211//662 1919//538 2191//652
f 1919//538 2211//662 1939//548
f 2213//663 1939//548 2211//662
f 1939//548 2213//663 1941//549
f 2215//664 1941//549 2213//663
f 1941//549 2215//664 1943//550
f 1945//551 1943//550 2215//664
f 2217//665 2218//666 2219//667
f 2022//590 2217//665 2219//667
f 2217//665 2022//590 2021//589
f 2223//668 1952//555 2224//669
f 1952//555 2223//668 1951//554
f 1957//557 2121//638 2227//670
f 2121//638 1957//557 1955//556
f 1959//558 2227//670 2229//671
f 2227//670 1959//558 1957//557
f 1961//559 2229//671 2231//672
f 2229//671 1961//559 1959//558
f 1963//560 2231//672 2233//673
f 2231//672 1963//560 1961//559
f 1965//561 2233//673 2235//674
f 2233//673 1965//561 1963//560
f 1967//562 2235//674 2237//675
f 2235//674 1967//562 1965//561
f 1969//563 2237//675 2239//676
f 2237//675 1969//563 1967//562
f 1971//564 2239//676 2241//677
f 2239//676 1971//564 1969//563
f 1973//565 2241//677 2243//678
f 2241//677 1973//565 1971//564
f 1975//566 2243//678 2245//679
f 2243//678 1975//566 1973//565
f 1977//567 2245//679 2247//680
f 2245//679 1977//567 1975//566
f 1979//568 2247//680 2249//681
f 2247//680 1979//568 1977//567
f 2251//682 1979//568 2249//681
f 1979//568 2251//682 1981//569
f 2253//683 1981//569 2251//682
f 1981//569 2253//683 1983//570
f 2255//684 1983//570 2253//683
f 1983//570 2255//684 1985//571
f 2257//685 1985//571 2255//684
f 1985//571 2257//685 1987//572
f 2259//686 1987//572 2257//685
f 1987//572 2259//686 1989//573
f 2261//687 1989//573 2259//686
f 1989//573 2261//687 1991//574
f 2263//688 1991//574 2261//687
f 1991//574 2263//688 1993//575
f 2265//689 1993//575 2263//688
f 1993//575 2265//689 1995//576
f 2267//690 1995//576 2265//689
f 1995//576 2267//690 1997//577
f 2269//691 1997//577 2267//690
f 1997//577 2269//691 1999//578
f 2224//669 1999//578 2269//691
f 1999//578 2224//669 1952//555
f 2271//692 2002//580 2272//693
f 2002//580 2271//692 2001//579
f 2275//694 2001//579 2271//692
f 2001//579 2275//694 2005//581
f 2277//695 2005//581 2275//694
f 2005//581 2277//695 2007//582
f 2279//696 2007//582 2277//695
f 2007//582 2279//696 2009//583
f 2281//697 2009//583 2279//696
f 2009//583 2281//697 2011//584
f 2194//654 2011//584 2281//697
f 2011//584 2194//654 2013//585
f 2018//588 2283//698 2284//699
f 2283//698 2018//588 2017//587
f 2025//591 2219//667 2287//700
f 2219//667 2025//591 2022//590
f 2027//592 2287//700 2289//701
f 2287//700 2027//592 2025//591
f 2029//593 2289//701 2291//702
f 2289//701 2029//593 2027//592
f 2031//594 2291//702 2293//703
f 2291//702 2031//594 2029//593
f 2017//587 2293//703 2283//698
f 2293//703 2017//587 2031//594
f 2034//596 2295//704 2296//705
f 2295//704 2034//596 2033//595
f 2037//597 2296//705 2299//706
f 2296//705 2037//597 2034//596
f 2039//598 2299//706 2301//707
f 2299//706 2039//598 2037//597
f 2041//599 2301//707 2303//708
f 2301//707 2041//599 2039//598
f 2043//600 2303//708 2305//709
f 2303//708 2043//600 2041//599
f 2045//601 2305//709 2307//710
f 2305//709 2045//601 2043//600
f 2047//602 2307//710 2309//711
f 2307//710 2047//602 2045//601
f 2049//603 2309//711 2311//712
f 2309//711 2049//603 2047//602
f 2051//604 2311//712 2313//713
f 2311//712 2051//604 2049//603
f 2053//605 2313//713 2315//714
f 2313//713 2053//605 2051//604
f 2055//606 2315//714 2317//715
f 2315//714 2055//606 2053//605
f 2057//607 2317//715 2319//716
f 2317//715 2057//607 2055//606
f 2321//717 2057//607 2319//716
f 2057//607 2321//717 2059//608
f 2323//718 2059//608 2321//717
f 2059//608 2323//718 2061//609
f 2325//719 2061//609 2323//718
f 2061//609 2325//719 2063//610
f 2327//720 2063//610 2325//719
f 2063//610 2327//720 2065//611
f 2329//721 2065//611 2327//720
f 2065//611 2329//721 2067//612
f 2331//722 2067//612 2329//721
f 2067//612 2331//722 2069//613
f 2333//723 2069//613 2331//722
f 2069//613 2333//723 2071//614
f 2335//724 2071//614 2333//723
f 2071//614 2335//724 2073//615
f 2337//725 2073//615 2335//724
f 2073//615 2337//725 2075//616
f 2339//726 2075//616 2337//725
f 2075//616 2339//726 2077//617
f 2341//727 2077//617 2339//726
f 2077//617 2341//727 2079//618
f 2083//620 2079//618 2341//727
f 2079//618 2083//620 2081//619
f 2085//621 2083//620 2343//728
f 2083//620 2085//621 1715//504
f 2087//622 2343//728 2345//729
f 2343//728 2087//622 2085//621
f 2087//622 2347//730 2089//623
f 2347//730 2087//622 2345//729
f 2089//623 2349//731 2091//624
f 2349//731 2089//623 2347//730
f 2091//624 2351//732 2093//625
f 2351//732 2091//624 2349//731
f 2093//625 2353//733 2095//626
f 2353//733 2093//625 2351//732
f 2095//626 2355//734 2097//627
f 2355//734 2095//626 2353//733
f 2097//627 2357//735 2099//628
f 2357//735 2097//627 2355//734
f 2359//736 2102//629 2101//629
f 2102//629 2359//736 2360//736
f 2363//737 2106//631 2105//630
f 2106//631 2363//737 2364//738
f 2364//738 2109//632 2106//631
f 2109//632 2364//738 2367//739
f 2367//739 2111//633 2109//632
f 2111//633 2367//739 2369//740
f 2369//740 2113//634 2111//633
f 2113//634 2369//740 2371//741
f 2371//741 2115//635 2113//634
f 2115//635 2371//741 2373//742
f 2373//742 2117//636 2115//635
f 2117//636 2373//742 2375//743
f 2377//744 2117//636 2375//743
f 2117//636 2377//744 2119//637
f 2121//638 2119//637 2377//744
f 2119//637 2121//638 1754//523
f 2124//639 2379//643 2380//643
f 2379//643 2124//639 2381//643
f 2381//643 2124//639 2123//530
f 2385//528 2386//646 2387//645
f 2386//646 2385//528 2136//403
f 2136//403 2385//528 2388//528
f 2136//403 2388//528 2137//532
f 2393//745 2394//746 2395//747
f 2394//746 2393//745 2396//641
f 2401//643 2402//643 2403//643
f 2402//643 2401//643 2404//643
f 2404//643 2401//643 2405//643
f 2404//643 2405//643 2141//642
f 2404//643 2141//642 2143//642
f 2411//643 2412//748 2413//749
f 2417//750 2418//750 2419//750
f 2418//750 2417//750 2159//644
f 2418//750 2159//644 2158//644
f 2423//643 2424//643 2425//643
f 2424//643 2423//643 2426//643
f 2424//643 2426//643 2427//643
f 2424//643 2427//643 2428//643
f 2428//643 2427//643 2429//643
f 2428//643 2429//643 2430//643
f 2430//643 2429//643 2431//643
f 2430//643 2431//643 2432//643
f 2433//751 2434//643 2435//752
f 2434//643 2433//751 2174//646
f 2434//643 2174//646 2436//643
f 2436//643 2174//646 2437//643
f 2437//643 2174//646 2438//643
f 2438//643 2174//646 2439//643
f 2439//643 2174//646 2440//643
f 2440//643 2174//646 2441//643
f 2441//643 2174//646 2423//643
f 2441//643 2423//643 2442//643
f 2442//643 2423//643 2443//643
f 2443//643 2423//643 2444//643
f 2444//643 2423//643 2425//643
f 2423//643 2174//646 2445//643
f 2445//643 2174//646 2446//643
f 2446//643 2174//646 2447//643
f 2447//643 2174//646 2448//643
f 2448//643 2174//646 2449//643
f 2449//643 2174//646 2450//643
f 2450//643 2174//646 2451//643
f 2451//643 2174//646 2452//643
f 2452//643 2174//646 2453//643
f 2453//643 2174//646 2454//643
f 2454//643 2174//646 2455//643
f 2455//643 2174//646 2456//643
f 2457//643 2458//749 2459//753
f 2458//749 2457//643 2460//643
f 2460//643 2457//643 2461//643
f 2460//643 2461//643 2462//643
f 2460//643 2462//643 2463//643
f 2460//643 2463//643 2464//643
f 2460//643 2464//643 2465//643
f 2460//643 2465//643 2466//643
f 2460//643 2466//643 2467//643
f 2460//643 2467//643 2468//643
f 2460//643 2468//643 2469//643
f 2469//643 2468//643 2470//643
f 2469//643 2470//643 2471//643
f 2469//643 2471//643 2472//643
f 2469//643 2472//643 2473//643
f 2469//643 2473//643 2474//643
f 2469//643 2474//643 2475//643
f 2469//643 2475//643 2476//643
f 2469//643 2476//643 2477//643
f 2469//643 2477//643 2478//643
f 2469//643 2478//643 2479//643
f 2469//643 2479//643 2480//643
f 2469//643 2480//643 2481//643
f 2469//643 2481//643 2173//645
f 2173//645 2481//643 2482//643
f 2173//645 2482//643 2483//643
f 2173//645 2483//643 2484//643
f 2173//645 2484//643 2432//643
f 2173//645 2432//643 2431//643
f 2173//645 2431//643 2485//643
f 2173//645 2485//643 2486//643
f 2173//645 2486//643 2487//643
f 2173//645 2487//643 2488//643
f 2173//645 2488//643 2489//643
f 2173//645 2489//643 2490//643
f 2173//645 2490//643 2491//643
f 2173//645 2491//643 2456//643
f 2173//645 2456//643 2174//646
f 2492//643 2493//643 2494//643
f 2493//643 2492//643 2495//643
f 2493//643 2495//643 2496//643
f 2493//643 2496//643 2497//643
f 2497//643 2496//643 2498//643
f 2497//643 2498//643 2499//643
f 2499//643 2498//643 2477//643
f 2499//643 2477//643 2476//643
f 2500//754 2501//643 2502//755
f 2501//643 2500//754 2503//643
f 2501//643 2503//643 2504//643
f 2504//643 2503//643 2505//643
f 2504//643 2505//643 2506//643
f 2506//643 2505//643 2507//643
f 2507//643 2505//643 2508//643
f 2508//643 2505//643 2509//643
f 2509//643 2505//643 2510//643
f 2510//643 2505//643 2511//643
f 2510//643 2511//643 2512//643
f 2512//643 2511//643 2494//643
f 2494//643 2511//643 2492//643
f 2492//643 2511//643 2439//643
f 2492//643 2439//643 2513//643
f 2513//643 2439//643 2514//643
f 2514//643 2439//643 2440//643
f 2515//643 2516//643 2517//643
f 2516//643 2515//643 2518//643
f 2516//643 2518//643 2519//643
f 2516//643 2519//643 2520//643
f 2520//643 2519//643 2521//643
f 2520//643 2521//643 2522//643
f 2522//643 2521//643 2467//643
f 2522//643 2467//643 2466//643
f 2523//756 2524//643 2525//757
f 2524//643 2523//756 2526//643
f 2524//643 2526//643 2527//643
f 2527//643 2526//643 2517//643
f 2517//643 2526//643 2515//643
f 2515//643 2526//643 2506//643
f 2515//643 2506//643 2528//643
f 2528//643 2506//643 2529//643
f 2529//643 2506//643 2507//643
f 2637//758 2182//648 2638//759
f 2182//648 2637//758 2181//647
f 2182//648 2185//649 2641//760
f 2185//649 2182//648 1910//534
f 2185//649 2188//651 2643//761
f 2188//651 2185//649 1914//536
f 2188//651 2645//762 2646//763
f 2645//762 2188//651 2187//650
f 2649//764 2281//697 2650//765
f 2281//697 2649//764 2194//654
f 2194//654 2649//764 2197//655
f 2653//766 2650//765 2654//767
f 2650//765 2653//766 2649//764
f 2657//768 2653//766 2654//767
f 2653//766 2657//768 2658//769
f 2661//770 2658//769 2657//768
f 2658//769 2661//770 2662//771
f 2665//772 2662//771 2661//770
f 2662//771 2665//772 2666//773
f 2669//774 2666//773 2665//772
f 2666//773 2669//774 2670//775
f 2395//747 2670//775 2669//774
f 2670//775 2395//747 2394//746
f 2673//776 2638//759 2674//777
f 2638//759 2673//776 2637//758
f 2677//778 2674//777 2678//779
f 2674//777 2677//778 2673//776
f 2681//780 2677//778 2678//779
f 2677//778 2681//780 2682//781
f 2287//700 2682//781 2681//780
f 2682//781 2287//700 2219//667
f 2682//781 2219//667 2218//666
f 2685//782 2224//669 2686//783
f 2224//669 2685//782 2223//668
f 2227//670 2377//744 2689//784
f 2377//744 2227//670 2121//638
f 2229//671 2689//784 2691//785
f 2689//784 2229//671 2227//670
f 2231//672 2691//785 2693//786
f 2691//785 2231//672 2229//671
f 2233//673 2693//786 2695//787
f 2693//786 2233//673 2231//672
f 2235//674 2695//787 2697//788
f 2695//787 2235//674 2233//673
f 2237//675 2697//788 2699//789
f 2697//788 2237//675 2235//674
f 2239//676 2699//789 2701//790
f 2699//789 2239//676 2237//675
f 2241//677 2701//790 2703//791
f 2701//790 2241//677 2239//676
f 2243//678 2703//791 2705//792
f 2703//791 2243//678 2241//677
f 2245//679 2705//792 2707//793
f 2705//792 2245//679 2243//678
f 2247//680 2707//793 2709//794
f 2707//793 2247//680 2245//679
f 2249//681 2709//794 2711//795
f 2709//794 2249//681 2247//680
f 2713//796 2249//681 2711//795
f 2249//681 2713//796 2251//682
f 2715//797 2251//682 2713//796
f 2251//682 2715//797 2253//683
f 2717//798 2253//683 2715//797
f 2253//683 2717//798 2255//684
f 2719//799 2255//684 2717//798
f 2255//684 2719//799 2257//685
f 2721//800 2257//685 2719//799
f 2257//685 2721//800 2259//686
f 2723//801 2259//686 2721//800
f 2259//686 2723//801 2261//687
f 2725//802 2261//687 2723//801
f 2261//687 2725//802 2263//688
f 2727//803 2263//688 2725//802
f 2263//688 2727//803 2265//689
f 2729//804 2265//689 2727//803
f 2265//689 2729//804 2267//690
f 2731//805 2267//690 2729//804
f 2267//690 2731//805 2269//691
f 2686//783 2269//691 2731//805
f 2269//691 2686//783 2224//669
f 2733//806 2272//693 2734//807
f 2272//693 2733//806 2271//692
f 2737//808 2271//692 2733//806
f 2271//692 2737//808 2275//694
f 2739//809 2275//694 2737//808
f 2275//694 2739//809 2277//695
f 2741//810 2277//695 2739//809
f 2277//695 2741//810 2279//696
f 2650//765 2279//696 2741//810
f 2279//696 2650//765 2281//697
f 2284//699 2743//811 2744//812
f 2743//811 2284//699 2283//698
f 2289//701 2681//780 2747//813
f 2681//780 2289//701 2287//700
f 2291//702 2747//813 2749//814
f 2747//813 2291//702 2289//701
f 2293//703 2749//814 2751//815
f 2749//814 2293//703 2291//702
f 2283//698 2751//815 2743//811
f 2751//815 2283//698 2293//703
f 2296//705 2753//816 2754//817
f 2753//816 2296//705 2295//704
f 2299//706 2754//817 2757//818
f 2754//817 2299//706 2296//705
f 2301//707 2757//818 2759//819
f 2757//818 2301//707 2299//706
f 2303//708 2759//819 2761//820
f 2759//819 2303//708 2301//707
f 2305//709 2761//820 2763//821
f 2761//820 2305//709 2303//708
f 2307//710 2763//821 2765//822
f 2763//821 2307//710 2305//709
f 2309//711 2765//822 2767//823
f 2765//822 2309//711 2307//710
f 2311//712 2767//823 2769//824
f 2767//823 2311//712 2309//711
f 2313//713 2769//824 2771//825
f 2769//824 2313//713 2311//712
f 2315//714 2771//825 2773//826
f 2771//825 2315//714 2313//713
f 2317//715 2773//826 2775//827
f 2773//826 2317//715 2315//714
f 2319//716 2775//827 2777//828
f 2775//827 2319//716 2317//715
f 2779//829 2319//716 2777//828
f 2319//716 2779//829 2321//717
f 2781//830 2321//717 2779//829
f 2321//717 2781//830 2323//718
f 2783//831 2323//718 2781//830
f 2323//718 2783//831 2325//719
f 2785//832 2325//719 2783//831
f 2325//719 2785//832 2327//720
f 2787//833 2327//720 2785//832
f 2327//720 2787//833 2329//721
f 2789//834 2329//721 2787//833
f 2329//721 2789//834 2331//722
f 2791//835 2331//722 2789//834
f 2331//722 2791//835 2333//723
f 2793//836 2333//723 2791//835
f 2333//723 2793//836 2335//724
f 2795//837 2335//724 2793//836
f 2335//724 2795//837 2337//725
f 2797//838 2337//725 2795//837
f 2337//725 2797//838 2339//726
f 2799//839 2339//726 2797//838
f 2339//726 2799//839 2341//727
f 2343//728 2341//727 2799//839
f 2341//727 2343//728 2083//620
f 2345//729 2799//839 2801//840
f 2799//839 2345//729 2343//728
f 2345//729 2803//841 2347//730
f 2803//841 2345//729 2801//840
f 2347//730 2805//842 2349//731
f 2805//842 2347//730 2803//841
f 2349//731 2807//843 2351//732
f 2807//843 2349//731 2805//842
f 2351//732 2809//844 2353//733
f 2809//844 2351//732 2807//843
f 2353//733 2811//845 2355//734
f 2811//845 2353//733 2809//844
f 2355//734 2813//846 2357//735
f 2813//846 2355//734 2811//845
f 2815//847 2360//736 2359//736
f 2360//736 2815//847 2816//847
f 2819//848 2364//738 2363//737
f 2364//738 2819//848 2820//849
f 2820//849 2367//739 2364//738
f 2367//739 2820//849 2823//850
f 2823//850 2369//740 2367//739
f 2369//740 2823//850 2825//851
f 2825//851 2371//741 2369//740
f 2371//741 2825//851 2827//852
f 2827//852 2373//742 2371//741
f 2373//742 2827//852 2829//853
f 2829//853 2375//743 2373//742
f 2375//743 2829//853 2831//854
f 2689//784 2375//743 2831//854
f 2375//743 2689//784 2377//744
f 2833//643 2834//751 2835//855
f 2834//751 2833//643 2836//643
f 2834//751 2836//643 2386//646
f 2386//646 2836//643 2837//643
f 2386//646 2837//643 2387//645
f 2843//856 2395//747 2844//857
f 2395//747 2843//856 2393//745
f 2847//750 2848//858 2849//859
f 2848//858 2847//750 2850//750
f 2850//750 2847//750 2851//750
f 2850//750 2851//750 2852//750
f 2852//750 2851//750 2853//750
f 2852//750 2853//750 2854//750
f 2854//750 2853//750 2855//750
f 2855//750 2853//750 2856//750
f 2855//750 2856//750 2857//750
f 2858//860 2859//750 2860//861
f 2859//750 2858//860 2861//750
f 2859//750 2861//750 2862//750
f 2859//750 2862//750 2863//750
f 2859//750 2863//750 2857//750
f 2859//750 2857//750 2856//750
f 2859//750 2856//750 2864//750
f 2865//862 2866//750 2867//863
f 2866//750 2865//862 2868//750
f 2866//750 2868//750 2869//750
f 2869//750 2868//750 2870//750
f 2869//750 2870//750 2871//750
f 2871//750 2870//750 2872//750
f 2871//750 2872//750 2873//750
f 2873//750 2872//750 2874//750
f 2873//750 2874//750 2875//750
f 2875//750 2874//750 2876//750
f 2876//750 2874//750 2877//750
f 2876//750 2877//750 2878//750
f 2879//864 2880//750 2881//750
f 2880//750 2879//864 2882//750
f 2882//750 2879//864 2883//865
f 2881//750 2880//750 2884//750
f 2881//750 2884//750 2885//750
f 2885//750 2884//750 2886//750
f 2885//750 2886//750 2887//750
f 2885//750 2887//750 2888//750
f 2888//750 2887//750 2889//750
f 2888//750 2889//750 2890//750
f 2890//750 2889//750 2891//750
f 2890//750 2891//750 2892//750
f 2892//750 2891//750 2893//750
f 2892//750 2893//750 2894//750
f 2894//750 2893//750 2895//750
f 2895//750 2893//750 2896//750
f 2895//750 2896//750 2897//750
f 2897//750 2896//750 2898//750
f 2898//750 2896//750 2899//750
f 2899//750 2896//750 2900//750
f 2900//750 2896//750 2525//757
f 2525//757 2896//750 2523//756
f 2897//750 2901//750 2902//750
f 2901//750 2897//750 2903//750
f 2903//750 2897//750 2904//750
f 2904//750 2897//750 2898//750
f 2905//750 2906//750 2907//750
f 2906//750 2905//750 2908//750
f 2908//750 2905//750 2909//750
f 2908//750 2909//750 2910//750
f 2908//750 2910//750 2458//749
f 2458//749 2910//750 2459//753
f 2859//750 2911//866 2912//861
f 2911//866 2859//750 2412//748
f 2412//748 2859//750 2864//750
f 2412//748 2864//750 2878//750
f 2412//748 2878//750 2906//750
f 2906//750 2878//750 2877//750
f 2906//750 2877//750 2902//750
f 2906//750 2902//750 2901//750
f 2906//750 2901//750 2913//750
f 2906//750 2913//750 2907//750
f 2412//748 2906//750 2914//750
f 2412//748 2914//750 2413//749
f 2883//865 2915//750 2882//750
f 2915//750 2883//865 2433//751
f 2882//750 2915//750 2916//750
f 2916//750 2915//750 2917//750
f 2915//750 2433//751 2918//750
f 2918//750 2433//751 2919//750
f 2919//750 2433//751 2920//750
f 2920//750 2433//751 2921//750
f 2921//750 2433//751 2922//750
f 2922//750 2433//751 2435//752
f 2917//750 2923//750 2924//750
f 2923//750 2917//750 2915//750
f 2924//750 2923//750 2925//750
f 2924//750 2925//750 2926//750
f 2926//750 2925//750 2927//750
f 2926//750 2927//750 2928//750
f 2926//750 2928//750 2929//750
f 2929//750 2928//750 2930//750
f 2929//750 2930//750 2931//750
f 2931//750 2930//750 2932//750
f 2931//750 2932//750 2933//750
f 2933//750 2932//750 2500//754
f 2933//750 2500//754 2502//755
f 3021//643 3022//867 3023//868
f 3022//867 3021//643 3024//643
f 3024//643 3021//643 3025//643
f 3024//643 3025//643 3026//643
f 3033//643 3034//869 3035//870
f 3034//869 3033//643 3036//643
f 3036//643 3033//643 3037//643
f 3036//643 3037//643 3038//643
f 3038//643 3037//643 3039//643
f 3038//643 3039//643 3040//643
f 3040//643 3039//643 3041//643
f 3040//643 3041//643 3042//643
f 2638//759 2641//760 3053//871
f 2641//760 2638//759 2182//648
f 2641//760 2643//761 3055//872
f 2643//761 2641//760 2185//649
f 2643//761 2646//763 3057//873
f 2646//763 2643//761 2188//651
f 2646//763 3059//874 3060//875
f 3059//874 2646//763 2645//762
f 2654//767 2741//810 3063//876
f 2741//810 2654//767 2650//765
f 3065//877 2654//767 3063//876
f 2654//767 3065//877 2657//768
f 3067//878 2657//768 3065//877
f 2657//768 3067//878 2661//770
f 3069//879 2661//770 3067//878
f 2661//770 3069//879 2665//772
f 3071//880 2665//772 3069//879
f 2665//772 3071//880 2669//774
f 2844//857 2669//774 3071//880
f 2669//774 2844//857 2395//747
f 2674//777 3053//871 3073//881
f 3053//871 2674//777 2638//759
f 2678//779 3073//881 3075//882
f 3073//881 2678//779 2674//777
f 2747//813 2678//779 3075//882
f 2678//779 2747//813 2681//780
f 3077//883 2686//783 3078//884
f 2686//783 3077//883 2685//782
f 2691//785 2831//854 3081//885
f 2831//854 2691//785 2689//784
f 2693//786 3081//885 3083//886
f 3081//885 2693//786 2691//785
f 2695//787 3083//886 3085//887
f 3083//886 2695//787 2693//786
f 2697//788 3085//887 3087//888
f 3085//887 2697//788 2695//787
f 2699//789 3087//888 3089//889
f 3087//888 2699//789 2697//788
f 2701//790 3089//889 3091//890
f 3089//889 2701//790 2699//789
f 2703//791 3091//890 3093//891
f 3091//890 2703//791 2701//790
f 2705//792 3093//891 3095//892
f 3093//891 2705//792 2703//791
f 2707//793 3095//892 3097//893
f 3095//892 2707//793 2705//792
f 2709//794 3097//893 3099//894
f 3097//893 2709//794 2707//793
f 2711//795 3099//894 3101//895
f 3099//894 2711//795 2709//794
f 3103//896 2711//795 3101//895
f 2711//795 3103//896 2713//796
f 3105//897 2713//796 3103//896
f 2713//796 3105//897 2715//797
f 3107//898 2715//797 3105//897
f 2715//797 3107//898 2717//798
f 3109//899 2717//798 3107//898
f 2717//798 3109//899 2719//799
f 3111//900 2719//799 3109//899
f 2719//799 3111//900 2721//800
f 3113//901 2721//800 3111//900
f 2721//800 3113//901 2723//801
f 3115//902 2723//801 3113//901
f 2723//801 3115//902 2725//802
f 3117//903 2725//802 3115//902
f 2725//802 3117//903 2727//803
f 3119//904 2727//803 3117//903
f 2727//803 3119//904 2729//804
f 3121//905 2729//804 3119//904
f 2729//804 3121//905 2731//805
f 3078//884 2731//805 3121//905
f 2731//805 3078//884 2686//783
f 3123//906 2734//807 3124//907
f 2734//807 3123//906 2733//806
f 3127//908 2733//806 3123//906
f 2733//806 3127//908 2737//808
f 3129//909 2737//808 3127//908
f 2737//808 3129//909 2739//809
f 3063//876 2739//809 3129//909
f 2739//809 3063//876 2741//810
f 2744//812 3131//910 3132//911
f 3131//910 2744//812 2743//811
f 2749//814 3075//882 3135//912
f 3075//882 2749//814 2747//813
f 2751//815 3135//912 3137//913
f 3135//912 2751//815 2749//814
f 2743//811 3137//913 3131//910
f 3137//913 2743//811 2751//815
f 2754//817 3139//914 3140//915
f 3139//914 2754//817 2753//816
f 2757//818 3140//915 3143//916
f 3140//915 2757//818 2754//817
f 2759//819 3143//916 3145//917
f 3143//916 2759//819 2757//818
f 2761//820 3145//917 3147//918
f 3145//917 2761//820 2759//819
f 2763//821 3147//918 3149//919
f 3147//918 2763//821 2761//820
f 2765//822 3149//919 3151//920
f 3149//919 2765//822 2763//821
f 2767//823 3151//920 3153//921
f 3151//920 2767//823 2765//822
f 2769//824 3153//921 3155//922
f 3153//921 2769//824 2767//823
f 2771//825 3155//922 3157//923
f 3155//922 2771//825 2769//824
f 2773//826 3157//923 3159//924
f 3157//923 2773//826 2771//825
f 2775//827 3159//924 3161//925
f 3159//924 2775//827 2773//826
f 2777//828 3161//925 3163//926
f 3161//925 2777//828 2775//827
f 3165//927 2777//828 3163//926
f 2777//828 3165//927 2779//829
f 3167//928 2779//829 3165//927
f 2779//829 3167//928 2781//830
f 3169//929 2781//830 3167//928
f 2781//830 3169//929 2783//831
f 3171//930 2783//831 3169//929
f 2783//831 3171//930 2785//832
f 3173//931 2785//832 3171//930
f 2785//832 3173//931 2787//833
f 3175//932 2787//833 3173//931
f 2787//833 3175//932 2789//834
f 3177//933 2789//834 3175//932
f 2789//834 3177//933 2791//835
f 3179//934 2791//835 3177//933
f 2791//835 3179//934 2793//836
f 3181//935 2793//836 3179//934
f 2793//836 3181//935 2795//837
f 3183//936 2795//837 3181//935
f 2795//837 3183//936 2797//838
f 2801//840 2797//838 3183//936
f 2797//838 2801//840 2799//839
f 2801//840 3185//937 2803//841
f 3185//937 2801//840 3183//936
f 2803//841 3187//938 2805//842
f 3187//938 2803//841 3185//937
f 2805//842 3189//939 2807//843
f 3189//939 2805//842 3187//938
f 2807//843 3191//940 2809//844
f 3191//940 2807//843 3189//939
f 2809//844 3193//941 2811//845
f 3193//941 2809//844 3191//940
f 2811//845 3195//942 2813//846
f 3195//942 2811//845 3193//941
f 3197//943 2816//847 2815//847
f 2816//847 3197//943 3198//943
f 3201//944 2820//849 2819//848
f 2820//849 3201//944 3202//945
f 3202//945 2823//850 2820//849
f 2823//850 3202//945 3205//946
f 3205//946 2825//851 2823//850
f 2825//851 3205//946 3207//947
f 3207//947 2827//852 2825//851
f 2827//852 3207//947 3209//948
f 3209//948 2829//853 2827//852
f 2829//853 3209//948 3211//949
f 3211//949 2831//854 2829//853
f 2831//854 3211//949 3081//885
f 3213//950 3214//750 3215//951
f 3214//750 3213//950 2835//855
f 3214//750 2835//855 3216//750
f 3217//750 3218//750 3219//750
f 3218//750 3217//750 2834//751
f 2834//751 3217//750 3220//750
f 2834//751 3220//750 3221//750
f 2834//751 3221//750 3222//750
f 2834//751 3222//750 3216//750
f 2834//751 3216//750 2835//855
f 3233//952 2844//857 3234//953
f 2844//857 3233//952 2843//856
f 3237//954 3238//955 3239//955
f 3238//955 3237//954 3240//956
f 3238//955 3240//956 3241//955
f 3239//955 3238//955 3242//955
f 3239//955 3242//955 3243//955
f 3239//955 3243//955 3244//955
f 3239//955 3244//955 3245//955
f 3239//955 3245//955 3246//955
f 3239//955 3246//955 2860//861
f 2860//861 3246//955 2858//860
f 2883//865 3241//955 3240//956
f 3241//955 2883//865 3247//955
f 3247//955 2883//865 3248//955
f 3248//955 2883//865 3249//955
f 3249//955 2883//865 3250//955
f 3250//955 2883//865 3251//955
f 3251//955 2883//865 3252//955
f 3252//955 2883//865 3253//955
f 3253//955 2883//865 3254//955
f 3254//955 2883//865 2879//864
f 3251//955 3255//955 3256//955
f 3255//955 3251//955 3252//955
f 3256//955 3255//955 3257//955
f 3256//955 3257//955 2867//863
f 2867//863 3257//955 3258//955
f 2867//863 3258//955 2865//862
f 3248//955 3259//955 3260//955
f 3259//955 3248//955 3249//955
f 3260//955 3259//955 3261//955
f 3260//955 3261//955 3262//955
f 3262//955 3261//955 3263//955
f 3262//955 3263//955 3264//955
f 3262//955 3264//955 3265//955
f 3265//955 3264//955 2849//859
f 3265//955 2849//859 2848//858
f 3295//750 3296//858 3297//860
f 3296//858 3295//750 3298//750
f 3298//750 3295//750 3299//750
f 3298//750 3299//750 3300//750
f 3300//750 3299//750 3301//750
f 3300//750 3301//750 3302//750
f 3302//750 3301//750 3303//750
f 3302//750 3303//750 3304//750
f 3304//750 3303//750 3305//750
f 3304//750 3305//750 3306//750
f 3306//750 3305//750 3307//750
f 3306//750 3307//750 3308//750
f 3323//750 3324//957 3325//958
f 3324//957 3323//750 3326//750
f 3326//750 3323//750 3327//750
f 3326//750 3327//750 3328//750
f 3328//750 3327//750 3329//750
f 3328//750 3329//750 3330//750
f 3330//750 3329//750 3331//750
f 3330//750 3331//750 3332//750
f 3332//750 3331//750 3333//750
f 3332//750 3333//750 3334//750
f 3334//750 3333//750 3335//750
f 3334//750 3335//750 3336//750
f 3336//750 3335//750 3337//750
f 3336//750 3337//750 3338//750
f 3355//750 3356//750 3357//750
f 3356//750 3355//750 3358//750
f 3358//750 3355//750 3359//750
f 3358//750 3359//750 3360//750
f 3360//750 3359//750 3361//750
f 3360//750 3361//750 3362//750
f 3362//750 3361//750 3363//750
f 3362//750 3363//750 3364//750
f 3364//750 3363//750 3365//750
f 3364//750 3365//750 3366//750
f 3366//750 3365//750 3035//870
f 3366//750 3035//870 3034//869
f 3379//750 3380//750 3381//750
f 3380//750 3379//750 3382//750
f 3382//750 3379//750 3383//750
f 3382//750 3383//750 3384//750
f 3384//750 3383//750 3385//750
f 3384//750 3385//750 3386//750
f 3386//750 3385//750 3387//750
f 3386//750 3387//750 3388//750
f 3388//750 3387//750 3389//750
f 3388//750 3389//750 3390//750
f 3390//750 3389//750 3391//750
f 3390//750 3391//750 3392//750
f 3392//750 3391//750 3393//750
f 3392//750 3393//750 3394//750
f 3394//750 3393//750 3023//868
f 3394//750 3023//868 3022//867
f 3411//955 2911//866 3412//955
f 2911//866 3411//955 2912//861
f 3415//750 3416//861 3417//959
f 3416//861 3415//750 3418//750
f 3418//750 3419//959 3420//861
f 3419//959 3418//750 3415//750
f 3427//750 3428//863 3429//859
f 3428//863 3427//750 3430//750
f 3430//750 3427//750 3431//750
f 3430//750 3431//750 3432//750
f 3432//750 3431//750 3433//750
f 3432//750 3433//750 3434//750
f 3434//750 3433//750 3435//750
f 3434//750 3435//750 3436//750
f 3053//871 3055//872 3447//960
f 3055//872 3053//871 2641//760
f 3055//872 3057//873 3449//961
f 3057//873 3055//872 2643//761
f 3057//873 3060//875 3451//962
f 3060//875 3057//873 2646//763
f 3453//963 3059//874 3454//964
f 3059//874 3453//963 3060//875
f 3457//965 3063//876 3129//909
f 3063//876 3457//965 3065//877
f 3459//966 3065//877 3457//965
f 3065//877 3459//966 3067//878
f 3461//967 3067//878 3459//966
f 3067//878 3461//967 3069//879
f 3463//968 3069//879 3461//967
f 3069//879 3463//968 3071//880
f 3234//953 3071//880 3463//968
f 3071//880 3234//953 2844//857
f 3073//881 3447//960 3465//969
f 3447//960 3073//881 3053//871
f 3075//882 3465//969 3135//912
f 3465//969 3075//882 3073//881
f 3467//970 3077//883 3078//884
f 3077//883 3467//970 3468//971
f 3471//972 3081//885 3211//949
f 3081//885 3471//972 3083//886
f 3473//973 3083//886 3471//972
f 3083//886 3473//973 3085//887
f 3475//974 3085//887 3473//973
f 3085//887 3475//974 3087//888
f 3477//975 3087//888 3475//974
f 3087//888 3477//975 3089//889
f 3479//976 3089//889 3477//975
f 3089//889 3479//976 3091//890
f 3481//977 3091//890 3479//976
f 3091//890 3481//977 3093//891
f 3483//978 3093//891 3481//977
f 3093//891 3483//978 3095//892
f 3485//979 3095//892 3483//978
f 3095//892 3485//979 3097//893
f 3487//980 3097//893 3485//979
f 3097//893 3487//980 3099//894
f 3489//981 3099//894 3487//980
f 3099//894 3489//981 3101//895
f 3489//981 3103//896 3101//895
f 3103//896 3489//981 3491//982
f 3491//982 3105//897 3103//896
f 3105//897 3491//982 3493//983
f 3493//983 3107//898 3105//897
f 3107//898 3493//983 3495//984
f 3495//984 3109//899 3107//898
f 3109//899 3495//984 3497//985
f 3497//985 3111//900 3109//899
f 3111//900 3497//985 3499//986
f 3499//986 3113//901 3111//900
f 3113//901 3499//986 3501//987
f 3501//987 3115//902 3113//901
f 3115//902 3501//987 3503//988
f 3503//988 3117//903 3115//902
f 3117//903 3503//988 3505//989
f 3505//989 3119//904 3117//903
f 3119//904 3505//989 3507//990
f 3507//990 3121//905 3119//904
f 3121//905 3507//990 3509//991
f 3509//991 3078//884 3121//905
f 3078//884 3509//991 3467//970
f 3511//992 3124//907 3512//993
f 3124//907 3511//992 3123//906
f 3511//992 3127//908 3123//906
f 3127//908 3511//992 3515//994
f 3515//994 3129//909 3127//908
f 3129//909 3515//994 3457//965
f 3132//911 3517//995 3518//996
f 3517//995 3132//911 3131//910
f 3135//912 3521//997 3137//913
f 3521//997 3135//912 3465//969
f 3137//913 3517//995 3131//910
f 3517//995 3137//913 3521//997
f 3139//914 3523//998 3140//915
f 3523//998 3139//914 3524//999
f 3140//915 3527//1000 3143//916
f 3527//1000 3140//915 3523//998
f 3143//916 3529//1001 3145//917
f 3529//1001 3143//916 3527//1000
f 3145//917 3531//1002 3147//918
f 3531//1002 3145//917 3529//1001
f 3147//918 3533//1003 3149//919
f 3533//1003 3147//918 3531//1002
f 3149//919 3535//1004 3151//920
f 3535//1004 3149//919 3533//1003
f 3151//920 3537//1005 3153//921
f 3537//1005 3151//920 3535//1004
f 3153//921 3539//1006 3155//922
f 3539//1006 3153//921 3537//1005
f 3155//922 3541//1007 3157//923
f 3541//1007 3155//922 3539//1006
f 3157//923 3543//1008 3159//924
f 3543//1008 3157//923 3541//1007
f 3159//924 3545//1009 3161//925
f 3545//1009 3159//924 3543//1008
f 3161//925 3547//1010 3163//926
f 3547//1010 3161//925 3545//1009
f 3165//927 3547//1010 3549//1011
f 3547//1010 3165//927 3163//926
f 3167//928 3549//1011 3551//1012
f 3549//1011 3167//928 3165//927
f 3169//929 3551//1012 3553//1013
f 3551//1012 3169//929 3167//928
f 3171//930 3553//1013 3555//1014
f 3553//1013 3171//930 3169//929
f 3173//931 3555//1014 3557//1015
f 3555//1014 3173//931 3171//930
f 3175//932 3557//1015 3559//1016
f 3557//1015 3175//932 3173//931
f 3177//933 3559//1016 3561//1017
f 3559//1016 3177//933 3175//932
f 3179//934 3561//1017 3563//1018
f 3561//1017 3179//934 3177//933
f 3181//935 3563//1018 3565//1019
f 3563//1018 3181//935 3179//934
f 3183//936 3565//1019 3185//937
f 3565//1019 3183//936 3181//935
f 3185//937 3567//1020 3187//938
f 3567//1020 3185//937 3565//1019
f 3187//938 3569//1021 3189//939
f 3569//1021 3187//938 3567//1020
f 3189//939 3571//1022 3191//940
f 3571//1022 3189//939 3569//1021
f 3191//940 3573//1023 3193//941
f 3573//1023 3191//940 3571//1022
f 3193//941 3575//1024 3195//942
f 3575//1024 3193//941 3573//1023
f 3577//1025 3198//943 3197//943
f 3198//943 3577//1025 3578//1025
f 3581//1026 3202//945 3201//944
f 3202//945 3581//1026 3582//1027
f 3582//1027 3205//946 3202//945
f 3205//946 3582//1027 3585//1028
f 3585//1028 3207//947 3205//946
f 3207//947 3585//1028 3587//1029
f 3587//1029 3209//948 3207//947
f 3209//948 3587//1029 3589//1030
f 3589//1030 3211//949 3209//948
f 3211//949 3589//1030 3471//972
f 3591//955 3592//955 3593//955
f 3592//955 3591//955 3594//955
f 3594//955 3591//955 3595//955
f 3594//955 3595//955 3596//955
f 3594//955 3596//955 3597//955
f 3594//955 3597//955 3598//955
f 3594//955 3598//955 3599//955
f 3594//955 3599//955 3600//955
f 3611//955 3612//955 3613//955
f 3612//955 3611//955 3614//955
f 3614//955 3611//955 3615//955
f 3614//955 3615//955 3616//955
f 3614//955 3616//955 3617//955
f 3614//955 3617//955 3618//955
f 3614//955 3618//955 3619//955
f 3614//955 3619//955 3620//955
f 3631//1031 3632//1032 3633//1033
f 3632//1032 3631//1031 3634//1031
f 3634//1031 3631//1031 3635//1031
f 3634//1031 3635//1031 3636//1034
f 3636//1034 3635//1031 3637//1035
f 3645//1036 3636//1034 3637//1035
f 3636//1034 3645//1036 3646//1037
f 3646//1037 3645//1036 3647//1036
f 3646//1037 3647//1036 3648//1036
f 3646//1037 3648//1036 3649//1038
f 3655//1039 3646//1037 3649//1038
f 3646//1037 3655//1039 3656//1040
f 3659//1041 3656//1040 3655//1039
f 3656//1040 3659//1041 3660//1042
f 3663//1043 3660//1042 3659//1041
f 3660//1042 3663//1043 3664//1044
f 3667//1045 3664//1044 3663//1043
f 3664//1044 3667//1045 3668//1045
f 3671//1046 3672//1046 3673//1046
f 3672//1046 3671//1046 3674//1046
f 3674//1046 3671//1046 3675//1046
f 3681//955 3682//1047 3683//1048
f 3682//1047 3681//955 3684//955
f 3684//955 3681//955 3685//955
f 3685//955 3681//955 3686//955
f 3685//955 3686//955 3213//950
f 3685//955 3213//950 3215//951
f 3693//1049 3234//953 3694//1050
f 3234//953 3693//1049 3233//952
f 3697//955 3698//955 3699//955
f 3698//955 3697//955 3700//955
f 3700//955 3697//955 3701//955
f 3700//955 3701//955 3702//955
f 3702//955 3701//955 3325//958
f 3702//955 3325//958 3324//957
f 3709//955 3710//955 3711//955
f 3710//955 3709//955 3712//955
f 3712//955 3709//955 3713//955
f 3712//955 3713//955 3714//955
f 3714//955 3713//955 3715//955
f 3714//955 3715//955 3716//955
f 3716//955 3715//955 3297//860
f 3716//955 3297//860 3296//858
f 3725//955 3726//955 3727//955
f 3726//955 3725//955 3728//955
f 3728//955 3725//955 3729//955
f 3728//955 3729//955 3730//955
f 3730//955 3729//955 3731//955
f 3730//955 3731//955 3732//955
f 3732//955 3731//955 3733//955
f 3732//955 3733//955 3734//955
f 3734//955 3733//955 3735//955
f 3734//955 3735//955 3736//955
f 3736//955 3735//955 3429//859
f 3736//955 3429//859 3428//863
f 3749//955 3750//1048 3751//1051
f 3750//1048 3749//955 3752//955
f 3752//955 3749//955 3416//861
f 3416//861 3749//955 3417//959
f 3757//1052 3758//1053 3759//1054
f 3758//1053 3757//1052 3760//1052
f 3760//1052 3757//1052 3761//1052
f 3760//1052 3761//1052 3237//954
f 3237//954 3761//1052 3762//1052
f 3237//954 3762//1052 3240//956
f 3769//955 3770//955 3771//955
f 3770//955 3769//955 3772//955
f 3772//955 3769//955 3420//861
f 3772//955 3420//861 3419//959
f 3777//1055 3778//1056 3779//1057
f 3778//1056 3777//1055 3780//1058
f 3780//1058 3777//1055 3781//1055
f 3787//1059 3781//1055 3777//1055
f 3781//1055 3787//1059 3788//1060
f 3788//1060 3787//1059 3789//1061
f 3447//960 3449//961 3793//1062
f 3449//961 3447//960 3055//872
f 3449//961 3451//962 3795//1063
f 3451//962 3449//961 3057//873
f 3797//1064 3060//875 3453//963
f 3060//875 3797//1064 3451//962
f 3799//1065 3800//1066 3801//1067
f 3800//1066 3799//1065 3802//964
f 3807//1068 3457//965 3515//994
f 3457//965 3807//1068 3459//966
f 3809//1069 3459//966 3807//1068
f 3459//966 3809//1069 3461//967
f 3811//1070 3461//967 3809//1069
f 3461//967 3811//1070 3463//968
f 3694//1050 3463//968 3811//1070
f 3463//968 3694//1050 3234//953
f 3465//969 3793//1062 3521//997
f 3793//1062 3465//969 3447//960
f 3813//1071 3468//971 3467//970
f 3468//971 3813//1071 3814//1072
f 3817//1073 3471//972 3589//1030
f 3471//972 3817//1073 3473//973
f 3819//1074 3473//973 3817//1073
f 3473//973 3819//1074 3475//974
f 3821//1075 3475//974 3819//1074
f 3475//974 3821//1075 3477//975
f 3823//1076 3477//975 3821//1075
f 3477//975 3823//1076 3479//976
f 3825//1077 3479//976 3823//1076
f 3479//976 3825//1077 3481//977
f 3827//1078 3481//977 3825//1077
f 3481//977 3827//1078 3483//978
f 3829//1079 3483//978 3827//1078
f 3483//978 3829//1079 3485//979
f 3831//1080 3485//979 3829//1079
f 3485//979 3831//1080 3487//980
f 3833//1081 3487//980 3831//1080
f 3487//980 3833//1081 3489//981
f 3833//1081 3491//982 3489//981
f 3491//982 3833//1081 3835//1082
f 3835//1082 3493//983 3491//982
f 3493//983 3835//1082 3837//1083
f 3837//1083 3495//984 3493//983
f 3495//984 3837//1083 3839//1084
f 3839//1084 3497//985 3495//984
f 3497//985 3839//1084 3841//1085
f 3841//1085 3499//986 3497//985
f 3499//986 3841//1085 3843//1086
f 3843//1086 3501//987 3499//986
f 3501//987 3843//1086 3845//1087
f 3845//1087 3503//988 3501//987
f 3503//988 3845//1087 3847//1088
f 3847//1088 3505//989 3503//988
f 3505//989 3847//1088 3849//1089
f 3849//1089 3507//990 3505//989
f 3507//990 3849//1089 3851//1090
f 3851//1090 3509//991 3507//990
f 3509//991 3851//1090 3853//1091
f 3853//1091 3467//970 3509//991
f 3467//970 3853//1091 3813//1071
f 3855//1092 3512//993 3856//1093
f 3512//993 3855//1092 3511//992
f 3855//1092 3515//994 3511//992
f 3515//994 3855//1092 3807//1068
f 3518//996 3859//1094 3860//1095
f 3859//1094 3518//996 3517//995
f 3521//997 3859//1094 3517//995
f 3859//1094 3521//997 3793//1062
f 3524//999 3863//1096 3523//998
f 3863//1096 3524//999 3864//1097
f 3523//998 3867//1098 3527//1000
f 3867//1098 3523//998 3863//1096
f 3527//1000 3869//1099 3529//1001
f 3869//1099 3527//1000 3867//1098
f 3529//1001 3871//1100 3531//1002
f 3871//1100 3529//1001 3869//1099
f 3531//1002 3873//1101 3533//1003
f 3873//1101 3531//1002 3871//1100
f 3533//1003 3875//1102 3535//1004
f 3875//1102 3533//1003 3873//1101
f 3535//1004 3877//1103 3537//1005
f 3877//1103 3535//1004 3875//1102
f 3537//1005 3879//1104 3539//1006
f 3879//1104 3537//1005 3877//1103
f 3539//1006 3881//1105 3541//1007
f 3881//1105 3539//1006 3879//1104
f 3541//1007 3883//1106 3543//1008
f 3883//1106 3541//1007 3881//1105
f 3543//1008 3885//1107 3545//1009
f 3885//1107 3543//1008 3883//1106
f 3545//1009 3887//1108 3547//1010
f 3887//1108 3545//1009 3885//1107
f 3549//1011 3887//1108 3889//1109
f 3887//1108 3549//1011 3547//1010
f 3551//1012 3889//1109 3891//1110
f 3889//1109 3551//1012 3549//1011
f 3553//1013 3891//1110 3893//1111
f 3891//1110 3553//1013 3551//1012
f 3555//1014 3893//1111 3895//1112
f 3893//1111 3555//1014 3553//1013
f 3557//1015 3895//1112 3897//1113
f 3895//1112 3557//1015 3555//1014
f 3559//1016 3897//1113 3899//1114
f 3897//1113 3559//1016 3557//1015
f 3561//1017 3899//1114 3901//1115
f 3899//1114 3561//1017 3559//1016
f 3563//1018 3901//1115 3903//1116
f 3901//1115 3563//1018 3561//1017
f 3565//1019 3903//1116 3567//1020
f 3903//1116 3565//1019 3563//1018
f 3567//1020 3905//1117 3569//1021
f 3905//1117 3567//1020 3903//1116
f 3569//1021 3907//1118 3571//1022
f 3907//1118 3569//1021 3905//1117
f 3571//1022 3909//1119 3573//1023
f 3909//1119 3571//1022 3907//1118
f 3573//1023 3911//1120 3575//1024
f 3911//1120 3573//1023 3909//1119
f 3913//1121 3578//1025 3577//1025
f 3578//1025 3913//1121 3914//1121
f 3917//1122 3582//1027 3581//1026
f 3582//1027 3917//1122 3918//1123
f 3918//1123 3585//1028 3582//1027
f 3585//1028 3918//1123 3921//1124
f 3921//1124 3587//1029 3585//1028
f 3587//1029 3921//1124 3923//1125
f 3923//1125 3589//1030 3587//1029
f 3589//1030 3923//1125 3817//1073
f 3925//1126 3926//1052 3927//1054
f 3926//1052 3925//1126 3928//1052
f 3927//1054 3926//1052 3929//1052
f 3926//1052 3928//1052 3930//1052
f 3930//1052 3928//1052 3931//1052
f 3931//1052 3928//1052 3683//1048
f 3931//1052 3683//1048 3682//1047
f 3926//1052 3932//1052 3929//1052
f 3932//1052 3926//1052 3933//1052
f 3932//1052 3933//1052 3934//1052
f 3932//1052 3934//1052 3935//1052
f 3932//1052 3935//1052 3936//1052
f 3936//1052 3935//1052 3937//1052
f 3936//1052 3937//1052 3938//1052
f 3936//1052 3938//1052 3939//1052
f 3936//1052 3939//1052 3940//1052
f 3940//1052 3939//1052 3941//1052
f 3959//1127 3960//1128 3961//1129
f 3965//1130 3966//1131 3967//1130
f 3966//1131 3965//1130 3968//1132
f 3968//1132 3965//1130 3969//1133
f 3968//1132 3975//1134 3966//1131
f 3975//1134 3968//1132 3976//1135
f 3975//1134 3976//1135 3977//1136
f 3977//1136 3981//1137 3975//1134
f 3981//1137 3977//1136 3982//1138
f 3981//1137 3982//1138 3983//1139
f 3983//1139 3987//1140 3981//1137
f 3987//1140 3983//1139 3988//1141
f 3987//1140 3988//1141 3989//1142
f 3989//1142 3632//1032 3987//1140
f 3632//1032 3989//1142 3993//1143
f 3632//1032 3993//1143 3633//1033
f 3995//1144 3694//1050 3996//1145
f 3694//1050 3995//1144 3693//1049
f 3999//1146 4000//1147 4001//1148
f 4000//1147 3999//1146 4002//1149
f 4002//1149 3999//1146 4003//1150
f 4009//1151 4010//1031 4011//1152
f 4010//1031 4009//1151 4012//1153
f 4010//1031 4012//1153 4013//1031
f 4013//1031 4012//1153 4014//1154
f 4003//1150 4021//1155 4002//1149
f 4021//1155 4003//1150 4022//1156
f 4022//1156 4025//1157 4021//1155
f 4025//1157 4022//1156 4026//1158
f 4026//1158 4022//1156 4027//1159
f 4031//1160 4032//1160 4033//1160
f 4032//1160 4031//1160 4034//1160
f 4032//1160 4034//1160 4035//1160
f 4035//1160 4034//1160 4036//1160
f 4035//1160 4036//1160 4037//1160
f 4037//1160 4036//1160 4038//1160
f 4038//1160 4036//1160 4039//1160
f 4039//1160 4036//1160 4040//1160
f 4040//1160 4036//1160 4041//1160
f 4041//1160 4036//1160 4042//1160
f 4027//1159 4055//1161 4026//1158
f 4055//1161 4027//1159 4056//1162
f 4056//1162 4059//1163 4055//1161
f 4059//1163 4056//1162 4060//1163
f 4063//1046 4064//1046 4065//1046
f 4064//1046 4063//1046 4066//1046
f 4071//1164 4072//1165 4073//1166
f 4072//1165 4071//1164 4074//1164
f 4074//1164 4071//1164 4075//1164
f 4075//1164 4071//1164 4076//1164
f 4076//1164 4071//1164 4077//1164
f 4077//1164 4071//1164 4078//1164
f 4077//1164 4078//1164 4079//1164
f 4079//1164 4078//1164 4080//1164
f 4080//1164 4078//1164 4081//1164
f 4081//1164 4078//1164 4082//1164
f 4082//1164 4078//1164 4083//1164
f 4083//1164 4078//1164 4084//1164
f 3779//1057 4099//1167 4100//1168
f 4099//1167 3779//1057 4101//1169
f 4101//1169 3779//1057 4102//1169
f 4102//1169 3779//1057 3778//1056
f 4107//1170 4108//1052 4109//1126
f 4108//1052 4107//1170 4110//1052
f 4108//1052 4110//1052 3750//1048
f 3750//1048 4110//1052 3751//1051
f 4115//1171 3789//1061 3787//1059
f 3789//1061 4115//1171 4116//1172
f 4116//1172 4115//1171 4117//1173
f 4121//1174 3758//1053 4122//1174
f 3758//1053 4121//1174 3759//1054
f 4125//1175 4126//1052 4127//1176
f 4126//1052 4125//1175 4128//1052
f 4128//1052 4125//1175 4129//1052
f 3793//1062 3795//1063 3859//1094
f 3795//1063 3793//1062 3449//961
f 4135//1177 3451//962 3797//1064
f 3451//962 4135//1177 3795//1063
f 4137//1178 3801//1067 4138//1179
f 3801//1067 4137//1178 3799//1065
f 3801//1067 4141//1180 4142//1181
f 4141//1180 3801//1067 3800//1066
f 4145//1182 3807//1068 3855//1092
f 3807//1068 4145//1182 3809//1069
f 4147//1183 3809//1069 4145//1182
f 3809//1069 4147//1183 3811//1070
f 3996//1145 3811//1070 4147//1183
f 3811//1070 3996//1145 3694//1050
f 4149//1184 3814//1072 3813//1071
f 3814//1072 4149//1184 4150//1185
f 4153//1186 3817//1073 3923//1125
f 3817//1073 4153//1186 3819//1074
f 4155//1187 3819//1074 4153//1186
f 3819//1074 4155//1187 3821//1075
f 4157//1188 3821//1075 4155//1187
f 3821//1075 4157//1188 3823//1076
f 4159//1189 3823//1076 4157//1188
f 3823//1076 4159//1189 3825//1077
f 4161//1190 3825//1077 4159//1189
f 3825//1077 4161//1190 3827//1078
f 4163//1191 3827//1078 4161//1190
f 3827//1078 4163//1191 3829//1079
f 4165//1192 3829//1079 4163//1191
f 3829//1079 4165//1192 3831//1080
f 4167//1193 3831//1080 4165//1192
f 3831//1080 4167//1193 3833//1081
f 4167//1193 3835//1082 3833//1081
f 3835//1082 4167//1193 4169//1194
f 4169//1194 3837//1083 3835//1082
f 3837//1083 4169//1194 4171//1195
f 4171//1195 3839//1084 3837//1083
f 3839//1084 4171//1195 4173//1196
f 4173//1196 3841//1085 3839//1084
f 3841//1085 4173//1196 4175//1197
f 4175//1197 3843//1086 3841//1085
f 3843//1086 4175//1197 4177//1198
f 4177//1198 3845//1087 3843//1086
f 3845//1087 4177//1198 4179//1199
f 4179//1199 3847//1088 3845//1087
f 3847//1088 4179//1199 4181//1200
f 4181//1200 3849//1089 3847//1088
f 3849//1089 4181//1200 4183//1201
f 4183//1201 3851//1090 3849//1089
f 3851//1090 4183//1201 4185//1202
f 4185//1202 3853//1091 3851//1090
f 3853//1091 4185//1202 4187//1203
f 4187//1203 3813//1071 3853//1091
f 3813//1071 4187//1203 4149//1184
f 4145//1182 3856//1093 4189//1204
f 3856//1093 4145//1182 3855//1092
f 3860//1095 3795//1063 4135//1177
f 3795//1063 3860//1095 3859//1094
f 3864//1097 4191//1205 3863//1096
f 4191//1205 3864//1097 4192//1206
f 3863//1096 4195//1207 3867//1098
f 4195//1207 3863//1096 4191//1205
f 3867//1098 4197//1208 3869//1099
f 4197//1208 3867//1098 4195//1207
f 3869//1099 4199//1209 3871//1100
f 4199//1209 3869//1099 4197//1208
f 3871//1100 4201//1210 3873//1101
f 4201//1210 3871//1100 4199//1209
f 3873//1101 4203//1211 3875//1102
f 4203//1211 3873//1101 4201//1210
f 3875//1102 4205//1212 3877//1103
f 4205//1212 3875//1102 4203//1211
f 3877//1103 4207//1213 3879//1104
f 4207//1213 3877//1103 4205//1212
f 3879//1104 4209//1214 3881//1105
f 4209//1214 3879//1104 4207//1213
f 3881//1105 4211//1215 3883//1106
f 4211//1215 3881//1105 4209//1214
f 3883//1106 4213//1216 3885//1107
f 4213//1216 3883//1106 4211//1215
f 3885//1107 4215//1217 3887//1108
f 4215//1217 3885//1107 4213//1216
f 3889//1109 4215//1217 4217//1218
f 4215//1217 3889//1109 3887//1108
f 3891//1110 4217//1218 4219//1219
f 4217//1218 3891//1110 3889//1109
f 3893//1111 4219//1219 4221//1220
f 4219//1219 3893//1111 3891//1110
f 3895//1112 4221//1220 4223//1221
f 4221//1220 3895//1112 3893//1111
f 3897//1113 4223//1221 4225//1222
f 4223//1221 3897//1113 3895//1112
f 3899//1114 4225//1222 4227//1223
f 4225//1222 3899//1114 3897//1113
f 3901//1115 4227//1223 4229//1224
f 4227//1223 3901//1115 3899//1114
f 3903//1116 4229//1224 3905//1117
f 4229//1224 3903//1116 3901//1115
f 3905//1117 4231//1225 3907//1118
f 4231//1225 3905//1117 4229//1224
f 3907//1118 4233//1226 3909//1119
f 4233//1226 3907//1118 4231//1225
f 3909//1119 4235//1227 3911//1120
f 4235//1227 3909//1119 4233//1226
f 4237//1228 3914//1121 3913//1121
f 3914//1121 4237//1228 4238//1228
f 4241//1229 3918//1123 3917//1122
f 3918//1123 4241//1229 4242//1230
f 4242//1230 3921//1124 3918//1123
f 3921//1124 4242//1230 4245//1231
f 4245//1231 3923//1125 3921//1124
f 3923//1125 4245//1231 4153//1186
f 4247//1232 4248//1233 4249//1234
f 4247//1232 4253//1235 4248//1233
f 4255//1236 4256//1052 4253//1235
f 4259//1237 4260//1238 4255//1236
f 4260//1238 4259//1237 4261//1239
f 4261//1239 4259//1237 3961//1129
f 3960//1128 4265//1052 4261//1239
f 3995//1144 4267//1240 4268//1241
f 4267//1240 3995//1144 3996//1145
f 4271//1052 4272//1175 4273//1176
f 4272//1175 4271//1052 4274//1052
f 4272//1175 4274//1052 4275//1052
f 3925//1126 4281//1174 4282//1174
f 4281//1174 3925//1126 3927//1054
f 4100//1168 4285//1242 4286//1243
f 4285//1242 4100//1168 4287//1244
f 4287//1244 4100//1168 4288//1244
f 4288//1244 4100//1168 4289//1244
f 4289//1244 4100//1168 4290//1244
f 4290//1244 4100//1168 4099//1167
f 3959//1127 3961//1129 4297//1245
f 3960//1128 4261//1239 3961//1129
f 4299//1160 4300//1160 4301//1160
f 4300//1160 4299//1160 4302//1160
f 4302//1160 4299//1160 4303//1160
f 4303//1160 4299//1160 4304//1160
f 4304//1160 4299//1160 4305//1160
f 4305//1160 4299//1160 4306//1160
f 4306//1160 4299//1160 4307//1160
f 4307//1160 4299//1160 4308//1160
f 4308//1160 4299//1160 4309//1160
f 4308//1160 4309//1160 4310//1160
f 4310//1160 4309//1160 4311//1160
f 4311//1160 4309//1160 4312//1160
f 4312//1160 4309//1160 4313//1160
f 4312//1160 4313//1160 4314//1160
f 4314//1160 4313//1160 4315//1160
f 4333//1246 4334//1247 4335//1248
f 4334//1247 4333//1246 4336//1249
f 4336//1249 4333//1246 4337//1250
f 4343//1251 4337//1250 4333//1246
f 4337//1250 4343//1251 4344//1252
f 4344//1252 4343//1251 4345//1253
f 4349//1254 4345//1253 4343//1251
f 4345//1253 4349//1254 4350//1255
f 4350//1255 4349//1254 4351//1256
f 4349//1254 4355//1257 4351//1256
f 4355//1257 4349//1254 4001//1148
f 4001//1148 4349//1254 3999//1146
f 4357//1258 4019//1259 4358//1260
f 4019//1259 4357//1258 4359//1261
f 4019//1259 4359//1261 4020//1262
f 4363//1263 4364//1264 4365//1265
f 4364//1264 4363//1263 4366//1266
f 4366//1266 4371//1267 4364//1264
f 4371//1267 4366//1266 4372//1268
f 4375//1269 4016//1270 4015//1271
f 4016//1270 4375//1269 4376//1269
f 4376//1269 4375//1269 4377//1269
f 4372//1268 4381//1272 4371//1267
f 4381//1272 4372//1268 4382//1273
f 4385//1160 4386//1160 4387//1160
f 4386//1160 4385//1160 4388//1160
f 4388//1160 4385//1160 4389//1160
f 4395//1274 4396//1275 4397//1276
f 4396//1275 4395//1274 4398//1275
f 4403//1277 4404//1278 4405//1279
f 4409//1280 4410//1278 4403//1277
f 4382//1273 4413//1281 4381//1272
f 4413//1281 4382//1273 4403//1277
f 4403//1277 4405//1279 4413//1281
f 4415//1282 4397//1276 4416//1283
f 4397//1276 4415//1282 4395//1274
f 4419//1284 4416//1283 4420//1285
f 4416//1283 4419//1284 4415//1282
f 4423//1286 4420//1285 4424//1287
f 4420//1285 4423//1286 4419//1284
f 4427//1288 4424//1287 4428//1289
f 4424//1287 4427//1288 4423//1286
f 4431//1290 4428//1289 4432//1291
f 4428//1289 4431//1290 4427//1288
f 4431//1290 4435//1292 4436//1293
f 4435//1292 4431//1290 4432//1291
f 4436//1293 4439//1294 4440//1295
f 4439//1294 4436//1293 4435//1292
f 4443//1296 4444//1297 4445//1298
f 4444//1297 4443//1296 4440//1295
f 4444//1297 4440//1295 4439//1294
f 4449//1174 4109//1126 4450//1174
f 4109//1126 4449//1174 4107//1170
f 4453//1299 4117//1173 4115//1171
f 4117//1173 4453//1299 4454//1300
f 4454//1300 4453//1299 4455//1300
f 4455//1300 4453//1299 4456//1300
f 4456//1300 4453//1299 4457//1300
f 4457//1300 4453//1299 4458//1301
f 4465//1302 4466//1174 4467//1303
f 4466//1174 4465//1302 4125//1175
f 4466//1174 4125//1175 4468//1174
f 4468//1174 4125//1175 4469//1174
f 4469//1174 4125//1175 4127//1176
f 4192//1206 4138//1179 4191//1205
f 4138//1179 4192//1206 4137//1178
f 4138//1179 4142//1181 4475//1304
f 4142//1181 4138//1179 3801//1067
f 4142//1181 4477//1305 4478//1306
f 4477//1305 4142//1181 4141//1180
f 4147//1183 4189//1204 4481//1307
f 4189//1204 4147//1183 4145//1182
f 3996//1145 4481//1307 4267//1240
f 4481//1307 3996//1145 4147//1183
f 4483//1308 4150//1185 4149//1184
f 4150//1185 4483//1308 4484//1309
f 4487//1310 4153//1186 4245//1231
f 4153//1186 4487//1310 4155//1187
f 4489//1311 4155//1187 4487//1310
f 4155//1187 4489//1311 4157//1188
f 4491//1312 4157//1188 4489//1311
f 4157//1188 4491//1312 4159//1189
f 4493//1313 4159//1189 4491//1312
f 4159//1189 4493//1313 4161//1190
f 4495//1314 4161//1190 4493//1313
f 4161//1190 4495//1314 4163//1191
f 4497//1315 4163//1191 4495//1314
f 4163//1191 4497//1315 4165//1192
f 4499//1316 4165//1192 4497//1315
f 4165//1192 4499//1316 4167//1193
f 4499//1316 4169//1194 4167//1193
f 4169//1194 4499//1316 4501//1317
f 4501//1317 4171//1195 4169//1194
f 4171//1195 4501//1317 4503//1318
f 4503//1318 4173//1196 4171//1195
f 4173//1196 4503//1318 4505//1319
f 4505//1319 4175//1197 4173//1196
f 4175//1197 4505//1319 4507//1320
f 4507//1320 4177//1198 4175//1197
f 4177//1198 4507//1320 4509//1321
f 4509//1321 4179//1199 4177//1198
f 4179//1199 4509//1321 4511//1322
f 4511//1322 4181//1200 4179//1199
f 4181//1200 4511//1322 4513//1323
f 4513//1323 4183//1201 4181//1200
f 4183//1201 4513//1323 4515//1324
f 4515//1324 4185//1202 4183//1201
f 4185//1202 4515//1324 4517//1325
f 4517//1325 4187//1203 4185//1202
f 4187//1203 4517//1325 4519//1326
f 4519//1326 4149//1184 4187//1203
f 4149//1184 4519//1326 4483//1308
f 4191//1205 4475//1304 4195//1207
f 4475//1304 4191//1205 4138//1179
f 4195//1207 4521//1327 4197//1208
f 4521//1327 4195//1207 4475//1304
f 4197//1208 4523//1328 4199//1209
f 4523//1328 4197//1208 4521//1327
f 4199//1209 4525//1329 4201//1210
f 4525//1329 4199//1209 4523//1328
f 4201//1210 4527//1330 4203//1211
f 4527//1330 4201//1210 4525//1329
f 4203//1211 4529//1331 4205//1212
f 4529//1331 4203//1211 4527//1330
f 4205//1212 4531//1332 4207//1213
f 4531//1332 4205//1212 4529//1331
f 4207//1213 4533//1333 4209//1214
f 4533//1333 4207//1213 4531//1332
f 4209//1214 4535//1334 4211//1215
f 4535//1334 4209//1214 4533//1333
f 4211//1215 4537//1335 4213//1216
f 4537//1335 4211//1215 4535//1334
f 4213//1216 4539//1336 4215//1217
f 4539//1336 4213//1216 4537//1335
f 4217//1218 4539//1336 4541//1337
f 4539//1336 4217//1218 4215//1217
f 4219//1219 4541//1337 4543//1338
f 4541//1337 4219//1219 4217//1218
f 4221//1220 4543//1338 4545//1339
f 4543//1338 4221//1220 4219//1219
f 4223//1221 4545//1339 4547//1340
f 4545//1339 4223//1221 4221//1220
f 4225//1222 4547//1340 4549//1341
f 4547//1340 4225//1222 4223//1221
f 4227//1223 4549//1341 4551//1342
f 4549//1341 4227//1223 4225//1222
f 4229//1224 4551//1342 4231//1225
f 4551//1342 4229//1224 4227//1223
f 4231//1225 4553//1343 4233//1226
f 4553//1343 4231//1225 4551//1342
f 4233//1226 4555//1344 4235//1227
f 4555//1344 4233//1226 4553//1343
f 4557//1345 4238//1228 4237//1228
f 4238//1228 4557//1345 4558//1345
f 4561//1346 4242//1230 4241//1229
f 4242//1230 4561//1346 4562//1347
f 4562//1347 4245//1231 4242//1230
f 4245//1231 4562//1347 4487//1310
f 4565//1348 4566//1349 4567//1349
f 4566//1349 4565//1348 4568//1349
f 4568//1349 4565//1348 4569//1349
f 4569//1349 4565//1348 4570//1349
f 4570//1349 4565//1348 4571//1350
f 4579//1351 4247//1232 4249//1234
f 4247//1232 4579//1351 4580//1352
f 4259//1237 4253//1235 4247//1232
f 4583//1353 4584//1354 4585//1355
f 4584//1354 4583//1353 4586//1353
f 4586//1353 4583//1353 4587//1353
f 4586//1353 4587//1353 4588//1353
f 4259//1237 4255//1236 4253//1235
f 4585//1355 4595//1356 4596//1356
f 4595//1356 4585//1355 4584//1354
f 4599//1356 4600//1357 4601//1358
f 4600//1357 4599//1356 4602//1356
f 4607//1359 3961//1129 4259//1237
f 3961//1129 4607//1359 4297//1245
f 4601//1358 4609//1360 4610//1360
f 4609//1360 4601//1358 4611//1360
f 4611//1360 4601//1358 4600//1357
f 4615//1361 4616//1362 4617//1363
f 4616//1362 4615//1361 4618//1241
f 4623//1174 4624//1302 4625//1303
f 4624//1302 4623//1174 4272//1175
f 4272//1175 4623//1174 4626//1174
f 4272//1175 4626//1174 4273//1176
f 4625//1303 4631//1364 4632//1365
f 4631//1364 4625//1303 4624//1302
f 4635//1366 4636//1367 4637//1368
f 4636//1367 4635//1366 4631//1364
f 4631//1364 4635//1366 4632//1365
f 4641//1369 4642//1370 4643//1371
f 4642//1370 4641//1369 4644//1370
f 4644//1370 4641//1369 4645//1370
f 4645//1370 4641//1369 4285//1242
f 4285//1242 4641//1369 4286//1243
f 4334//1247 3959//1127 4297//1245
f 4651//1372 3970//1373 3972//1374
f 3970//1373 4651//1372 4652//1375
f 3970//1373 4652//1375 4653//1376
f 4334//1247 4297//1245 4335//1248
f 4657//1377 4335//1248 4658//1378
f 4335//1248 4657//1377 4659//1379
f 4663//1380 4653//1376 4652//1375
f 4653//1376 4663//1380 4664//1381
f 4653//1376 4664//1381 4665//1382
f 4669//1383 4659//1379 4657//1377
f 4659//1379 4669//1383 4670//1384
f 4673//1385 4665//1382 4664//1381
f 4665//1382 4673//1385 4357//1258
f 4665//1382 4357//1258 4358//1260
f 4675//1386 4670//1384 4669//1383
f 4670//1384 4675//1386 4676//1387
f 4675//1386 4365//1265 4676//1387
f 4365//1265 4675//1386 4363//1263
f 4679//1388 4680//1389 4681//1390
f 4680//1389 4679//1388 4682//1391
f 4682//1391 4687//1392 4680//1389
f 4687//1392 4682//1391 4688//1393
f 4688//1393 4691//1394 4687//1392
f 4691//1394 4688//1393 4692//1395
f 4695//1396 4571//1350 4565//1348
f 4571//1350 4695//1396 4696//1396
f 4696//1396 4695//1396 4697//1396
f 4697//1396 4695//1396 4698//1396
f 4698//1396 4695//1396 4699//1396
f 4699//1396 4695//1396 4700//1396
f 4700//1396 4695//1396 4701//1396
f 4701//1396 4695//1396 4702//1396
f 4702//1396 4695//1396 4703//1396
f 4409//1280 4403//1277 4713//1397
f 4692//1395 4403//1277 4691//1394
f 4403//1277 4692//1395 4713//1397
f 4715//1398 4681//1390 4716//1399
f 4681//1390 4715//1398 4679//1388
f 4715//1398 4719//1400 4720//1401
f 4719//1400 4715//1398 4716//1399
f 4720//1401 4723//1402 4724//1403
f 4723//1402 4720//1401 4719//1400
f 4445//1298 4580//1352 4579//1351
f 4580//1352 4445//1298 4444//1297
f 4724//1403 4727//1404 4728//1405
f 4727//1404 4724//1403 4723//1402
f 4731//1406 4732//1407 4733//1408
f 4732//1407 4731//1406 4734//1406
f 4732//1407 4734//1406 4735//1406
f 4732//1407 4735//1406 4458//1301
f 4732//1407 4458//1301 4453//1299
f 4741//1364 4742//1368 4743//1367
f 4742//1368 4741//1364 4744//1366
f 4744//1366 4741//1364 4745//1365
f 4465//1302 4745//1365 4741//1364
f 4745//1365 4465//1302 4467//1303
f 4475//1304 4478//1306 4521//1327
f 4478//1306 4475//1304 4142//1181
f 4478//1306 4751//1409 4752//1410
f 4751//1409 4478//1306 4477//1305
f 4617//1363 4484//1309 4483//1308
f 4484//1309 4617//1363 4616//1362
f 4755//1411 4487//1310 4562//1347
f 4487//1310 4755//1411 4489//1311
f 4757//1412 4489//1311 4755//1411
f 4489//1311 4757//1412 4491//1312
f 4759//1413 4491//1312 4757//1412
f 4491//1312 4759//1413 4493//1313
f 4761//1414 4493//1313 4759//1413
f 4493//1313 4761//1414 4495//1314
f 4763//1415 4495//1314 4761//1414
f 4495//1314 4763//1415 4497//1315
f 4765//1416 4497//1315 4763//1415
f 4497//1315 4765//1416 4499//1316
f 4765//1416 4501//1317 4499//1316
f 4501//1317 4765//1416 4767//1417
f 4767//1417 4503//1318 4501//1317
f 4503//1318 4767//1417 4769//1418
f 4769//1418 4505//1319 4503//1318
f 4505//1319 4769//1418 4771//1419
f 4771//1419 4507//1320 4505//1319
f 4507//1320 4771//1419 4773//1420
f 4773//1420 4509//1321 4507//1320
f 4509//1321 4773//1420 4775//1421
f 4775//1421 4511//1322 4509//1321
f 4511//1322 4775//1421 4777//1422
f 4777//1422 4513//1323 4511//1322
f 4513//1323 4777//1422 4779//1423
f 4779//1423 4515//1324 4513//1323
f 4515//1324 4779//1423 4781//1424
f 4781//1424 4517//1325 4515//1324
f 4517//1325 4781//1424 4783//1425
f 4783//1425 4519//1326 4517//1325
f 4519//1326 4783//1425 4785//1426
f 4785//1426 4483//1308 4519//1326
f 4483//1308 4785//1426 4617//1363
f 4521//1327 4752//1410 4523//1328
f 4752//1410 4521//1327 4478//1306
f 4523//1328 4787//1427 4525//1329
f 4787//1427 4523//1328 4752//1410
f 4525//1329 4789//1428 4527//1330
f 4789//1428 4525//1329 4787//1427
f 4527//1330 4791//1429 4529//1331
f 4791//1429 4527//1330 4789//1428
f 4529//1331 4793//1430 4531//1332
f 4793//1430 4529//1331 4791//1429
f 4531//1332 4795//1431 4533//1333
f 4795//1431 4531//1332 4793//1430
f 4533//1333 4797//1432 4535//1334
f 4797//1432 4533//1333 4795//1431
f 4535//1334 4799//1433 4537//1335
f 4799//1433 4535//1334 4797//1432
f 4537//1335 4801//1434 4539//1336
f 4801//1434 4537//1335 4799//1433
f 4541//1337 4801//1434 4803//1435
f 4801//1434 4541//1337 4539//1336
f 4543//1338 4803//1435 4805//1436
f 4803//1435 4543//1338 4541//1337
f 4545//1339 4805//1436 4807//1437
f 4805//1436 4545//1339 4543//1338
f 4547//1340 4807//1437 4809//1438
f 4807//1437 4547//1340 4545//1339
f 4549//1341 4809//1438 4811//1439
f 4809//1438 4549//1341 4547//1340
f 4551//1342 4811//1439 4553//1343
f 4811//1439 4551//1342 4549//1341
f 4553//1343 4813//1440 4555//1344
f 4813//1440 4553//1343 4811//1439
f 4557//1345 4815//1441 4558//1345
f 4815//1441 4557//1345 4816//1441
f 4816//1441 4557//1345 4817//1442
f 4816//1441 4817//1442 4818//1441
f 4818//1441 4817//1442 4819//1443
f 4558//1345 4820//1441 4821//1442
f 4820//1441 4558//1345 4815//1441
f 4821//1442 4820//1441 4822//1441
f 4821//1442 4822//1441 4823//1443
f 4833//1444 4562//1347 4561//1346
f 4562//1347 4833//1444 4755//1411
f 4835//1349 4098//1445 4836//1349
f 4098//1445 4835//1349 4837//1349
f 4098//1445 4837//1349 4097//1446
f 4841//1447 4259//1237 4247//1232
f 4259//1237 4841//1447 4842//1448
f 4658//1378 4297//1245 4607//1359
f 4297//1245 4658//1378 4335//1248
f 4845//1449 4617//1363 4785//1426
f 4617//1363 4845//1449 4615//1361
f 4847//1450 4785//1426 4783//1425
f 4785//1426 4847//1450 4845//1449
f 4849//1451 4636//1367 4850//1452
f 4636//1367 4849//1451 4637//1368
f 4853//1453 4783//1425 4781//1424
f 4783//1425 4853//1453 4847//1450
f 4849//1451 4855//1454 4856//1455
f 4855//1454 4849//1451 4850//1452
f 4859//1456 4860//1457 4861//1458
f 4860//1457 4859//1456 4855//1454
f 4855//1454 4859//1456 4856//1455
f 4865//1459 4866//1460 4867//1461
f 4866//1460 4865//1459 4868//1460
f 4868//1460 4865//1459 4869//1460
f 4869//1460 4865//1459 4643//1371
f 4643//1371 4865//1459 4641//1369
f 4728//1405 4842//1448 4841//1447
f 4842//1448 4728//1405 4727//1404
f 4875//1462 4876//1463 4877//1464
f 4876//1463 4875//1462 4878//1462
f 4876//1463 4878//1462 4879//1462
f 4876//1463 4879//1462 4733//1408
f 4876//1463 4733//1408 4732//1407
f 4885//1454 4886//1458 4887//1457
f 4886//1458 4885//1454 4888//1456
f 4888//1456 4885//1454 4889//1455
f 4895//1452 4889//1455 4885//1454
f 4889//1455 4895//1452 4896//1451
f 4743//1367 4896//1451 4895//1452
f 4896//1451 4743//1367 4742//1368
f 4752//1410 4899//1465 4787//1427
f 4899//1465 4752//1410 4751//1409
f 4901//1466 4755//1411 4833//1444
f 4755//1411 4901//1466 4757//1412
f 4903//1467 4757//1412 4901//1466
f 4757//1412 4903//1467 4759//1413
f 4905//1468 4759//1413 4903//1467
f 4759//1413 4905//1468 4761//1414
f 4907//1469 4761//1414 4905//1468
f 4761//1414 4907//1469 4763//1415
f 4909//1470 4763//1415 4907//1469
f 4763//1415 4909//1470 4765//1416
f 4909//1470 4767//1417 4765//1416
f 4767//1417 4909//1470 4911//1471
f 4911//1471 4769//1418 4767//1417
f 4769//1418 4911//1471 4913//1472
f 4913//1472 4771//1419 4769//1418
f 4771//1419 4913//1472 4915//1473
f 4915//1473 4773//1420 4771//1419
f 4773//1420 4915//1473 4917//1474
f 4917//1474 4775//1421 4773//1420
f 4775//1421 4917//1474 4919//1475
f 4919//1475 4777//1422 4775//1421
f 4777//1422 4919//1475 4921//1476
f 4921//1476 4779//1423 4777//1422
f 4779//1423 4921//1476 4923//1477
f 4923//1477 4781//1424 4779//1423
f 4781//1424 4923//1477 4853//1453
f 4787//1427 4925//1478 4789//1428
f 4925//1478 4787//1427 4899//1465
f 4789//1428 4927//1479 4791//1429
f 4927//1479 4789//1428 4925//1478
f 4791//1429 4929//1480 4793//1430
f 4929//1480 4791//1429 4927//1479
f 4793//1430 4931//1481 4795//1431
f 4931//1481 4793//1430 4929//1480
f 4795//1431 4933//1482 4797//1432
f 4933//1482 4795//1431 4931//1481
f 4797//1432 4935//1483 4799//1433
f 4935//1483 4797//1432 4933//1482
f 4799//1433 4937//1484 4801//1434
f 4937//1484 4799//1433 4935//1483
f 4803//1435 4937//1484 4939//1485
f 4937//1484 4803//1435 4801//1434
f 4805//1436 4939//1485 4941//1486
f 4939//1485 4805//1436 4803//1435
f 4807//1437 4941//1486 4943//1487
f 4941//1486 4807//1437 4805//1436
f 4809//1438 4943//1487 4945//1488
f 4943//1487 4809//1438 4807//1437
f 4811//1439 4945//1488 4813//1440
f 4945//1488 4811//1439 4809//1438
f 4947//1489 4819//1443 4817//1442
f 4819//1443 4947//1489 4948//1490
f 4948//1490 4947//1489 4949//1491
f 4953//1492 4954//1493 4955//1494
f 4954//1493 4953//1492 4956//1495
f 4956//1495 4953//1492 4957//1496
f 4955//1494 4963//1497 4964//1498
f 4963//1497 4955//1494 4954//1493
f 4967//1499 4963//1497 4968//1499
f 4963//1497 4967//1499 4964//1498
f 4967//1499 4971//1500 4972//1501
f 4971//1500 4967//1499 4968//1499
f 4972//1501 4975//1502 4976//1503
f 4975//1502 4972//1501 4971//1500
f 4979//1504 4975//1502 4980//1505
f 4975//1502 4979//1504 4981//1506
f 4975//1502 4981//1506 4976//1503
f 4985//1490 4821//1442 4823//1443
f 4821//1442 4985//1490 4986//1489
f 4986//1489 4985//1490 4987//1491
f 4991//1507 4860//1457 4992//1508
f 4860//1457 4991//1507 4861//1458
f 4995//1509 4992//1508 4996//1509
f 4992//1508 4995//1509 4991//1507
f 4999//1510 5000//1511 5001//1512
f 5000//1511 4999//1510 5002//1511
f 5000//1511 5002//1511 5003//1511
f 5009//1513 5010//1514 5011//1515
f 5010//1514 5009//1513 5012//1514
f 5012//1514 5009//1513 4867//1461
f 4867//1461 5009//1513 4865//1459
f 5017//1516 5018//1517 5019//1518
f 5018//1517 5017//1516 5020//1516
f 5018//1517 5020//1516 4877//1464
f 5018//1517 4877//1464 4876//1463
f 5025//1519 5026//1520 5027//1521
f 5026//1520 5025//1519 5028//1519
f 5028//1519 5025//1519 5029//1519
f 5035//1508 5036//1509 5037//1509
f 5036//1509 5035//1508 5038//1507
f 4887//1457 5038//1507 5035//1508
f 5038//1507 4887//1457 4886//1458
f 5043//1522 4986//1489 4987//1491
f 4986//1489 5043//1522 5044//1523
f 5043//1522 5047//1524 5044//1523
f 5047//1524 5043//1522 5048//1525
f 5047//1524 5048//1525 5049//1526
f 5053//1527 5047//1524 5049//1526
f 5047//1524 5053//1527 5054//1528
f 5054//1528 5053//1527 5055//1529
f 5059//1530 5054//1528 5055//1529
f 5054//1528 5059//1530 5060//1531
f 5063//1532 5060//1531 5059//1530
f 5060//1531 5063//1532 5064//1533
f 5064//1533 5063//1532 5065//1534
f 4999//1510 5064//1533 5065//1534
f 5064//1533 4999//1510 5001//1512
f 5069//1535 5026//1520 5070//1536
f 5026//1520 5069//1535 5027//1521
f 5069//1535 5073//1537 5074//1538
f 5073//1537 5069//1535 5075//1539
f 5075//1539 5069//1535 5070//1536
f 5079//1528 5073//1537 5080//1529
f 5073//1537 5079//1528 5074//1538
f 5083//1524 5084//1527 5085//1526
f 5084//1527 5083//1524 5079//1528
f 5084//1527 5079//1528 5080//1529
f 5083//1524 5089//1522 5090//1523
f 5089//1522 5083//1524 5091//1525
f 5091//1525 5083//1524 5085//1526
f 5090//1523 4949//1491 4947//1489
f 4949//1491 5090//1523 5089//1522
f 5095//1540 5096//1541 5097//1542
f 5096//1541 5095//1540 5098//1541
f 5098//1541 5095//1540 4957//1496
f 4957//1496 5095//1540 4956//1495
f 5103//1543 5104//1543 5105//1543
f 5104//1543 5103//1543 4979//1504
f 5104//1543 4979//1504 4980//1505
f 5109//1544 5011//1515 5110//1544
f 5011//1515 5109//1544 5111//1545
f 5011//1515 5111//1545 5009//1513
f 5009//1513 5111//1545 5112//1546
f 5019//1518 5117//1547 5118//1547
f 5117//1547 5019//1518 5119//1548
f 5119//1548 5019//1518 5018//1517
f 5119//1548 5018//1517 5120//1549
f 5125//1543 5126//1550 5127//1551
f 5126//1550 5125//1543 5128//1543
f 5133//1552 5112//1546 5111//1545
f 5112//1546 5133//1552 5127//1551
f 5112//1546 5127//1551 5126//1550
f 5120//1549 5135//1553 5119//1548
f 5135//1553 5120//1549 5097//1542
f 5097//1542 5120//1549 5095//1540
usemtl material_1_0
f 5//1554 6//1555 7//1556
f 8//1557 7//1556 6//1555
f 11//1558 7//1556 12//1559
f 8//1557 12//1559 7//1556
f 17//1560 18//1561 19//1562
f 20//1563 19//1562 18//1561
f 6//1555 5//1554 23//1564
f 24//1565 23//1564 5//1554
f 27//1566 5//1554 28//1567
f 7//1556 28//1567 5//1554
f 19//1562 20//1563 31//1568
f 32//1568 31//1568 20//1563
f 34//1569 28//1567 11//1558
f 7//1556 11//1558 28//1567
f 60//1160 61//1160 62//1160
f 60//1160 63//1160 61//1160
f 63//1160 64//1160 61//1160
f 61//1160 64//1160 65//1160
f 64//1160 66//1160 65//1160
f 65//1160 66//1160 67//1160
f 66//1160 68//1160 67//1160
f 67//1160 68//1160 69//1160
f 68//1160 70//1160 69//1160
f 69//1160 70//1160 71//1160
f 70//1160 72//1160 71//1160
f 71//1160 72//1160 73//1160
f 72//1160 74//1160 73//1160
f 73//1160 74//1160 75//1160
f 74//1160 76//1160 75//1160
f 75//1160 76//1160 77//1160
f 76//1160 78//1160 77//1160
f 77//1160 78//1160 79//1160
f 78//1160 80//1160 79//1160
f 79//1160 80//1160 81//1160
f 81//1160 80//1160 82//1160
f 82//1160 80//1160 83//1570
f 84//1570 83//1570 80//1160
f 89//1571 90//1572 91//1562
f 92//1560 91//1562 90//1572
f 17//1560 95//1573 18//1561
f 96//1574 18//1561 95//1573
f 23//1564 24//1565 99//1575
f 100//1576 99//1575 24//1565
f 5//1554 27//1566 24//1565
f 102//1577 24//1565 27//1566
f 105//1578 27//1566 106//1579
f 28//1567 106//1579 27//1566
f 89//1571 91//1562 109//1568
f 110//1568 109//1568 91//1562
f 112//1580 106//1579 34//1569
f 28//1567 34//1569 106//1579
f 116//1581 117//1582 118//1583
f 118//1583 121//1584 116//1581
f 122//1585 116//1581 121//1584
f 121//1584 125//1586 122//1585
f 126//1587 122//1585 125//1586
f 125//1586 129//1588 126//1587
f 130//1589 126//1587 129//1588
f 133//1590 134//1591 129//1588
f 130//1589 129//1588 134//1591
f 137//1592 138//1593 133//1590
f 134//1591 133//1590 138//1593
f 141//1594 142//1595 137//1592
f 138//1593 137//1592 142//1595
f 145//1596 146//1597 141//1594
f 142//1595 141//1594 146//1597
f 149//1598 150//1599 145//1596
f 146//1597 145//1596 150//1599
f 153//1600 150//1599 154//1601
f 149//1598 154//1601 150//1599
f 157//1602 158//1603 112//1580
f 106//1579 112//1580 158//1603
f 161//1604 162//1605 157//1602
f 158//1603 157//1602 162//1605
f 165//1606 166//1607 161//1604
f 162//1605 161//1604 166//1607
f 169//1608 170//1609 165//1606
f 166//1607 165//1606 170//1609
f 173//1610 174//1611 169//1608
f 170//1609 169//1608 174//1611
f 177//1612 178//1613 173//1610
f 174//1611 173//1610 178//1613
f 182//1614 183//1614 177//1612
f 183//1614 184//1614 177//1612
f 178//1613 177//1612 184//1614
f 83//1570 84//1570 187//1615
f 188//1615 187//1615 84//1570
f 92//1560 90//1572 191//1573
f 192//1616 191//1573 90//1572
f 153//1600 195//1617 150//1599
f 196//1618 150//1599 195//1617
f 209//1619 210//1619 96//1574
f 210//1619 211//1619 96//1574
f 211//1619 212//1619 96//1574
f 212//1619 213//1619 96//1574
f 96//1574 213//1619 214//1620
f 215//1621 214//1620 213//1619
f 96//1574 95//1573 209//1619
f 209//1619 95//1573 216//1619
f 216//1619 95//1573 217//1619
f 217//1619 95//1573 218//1619
f 95//1573 219//1622 218//1619
f 220//1621 218//1619 219//1622
f 99//1575 100//1576 223//1623
f 224//1624 223//1623 100//1576
f 24//1565 102//1577 100//1576
f 226//1625 100//1576 102//1577
f 27//1566 105//1578 102//1577
f 228//1626 102//1577 105//1578
f 230//1627 105//1578 158//1603
f 106//1579 158//1603 105//1578
f 234//1628 235//1628 236//1628
f 240//1628 241//1628 242//1628
f 234//1628 235//1628 236//1628
f 240//1628 241//1628 242//1628
f 234//1628 235//1628 236//1628
f 116//1581 122//1585 245//1629
f 246//1630 245//1629 122//1585
f 122//1585 126//1587 246//1630
f 248//1631 246//1630 126//1587
f 126//1587 130//1589 248//1631
f 250//1632 248//1631 130//1589
f 130//1589 134//1591 250//1632
f 252//1633 250//1632 134//1591
f 138//1593 254//1634 134//1591
f 252//1633 134//1591 254//1634
f 142//1595 256//1635 138//1593
f 254//1634 138//1593 256//1635
f 146//1597 258//1636 142//1595
f 256//1635 142//1595 258//1636
f 150//1599 196//1618 146//1597
f 258//1636 146//1597 196//1618
f 260//1637 230//1627 162//1605
f 158//1603 162//1605 230//1627
f 166//1607 262//1638 162//1605
f 260//1637 162//1605 262//1638
f 170//1609 264//1639 166//1607
f 262//1638 166//1607 264//1639
f 174//1611 266//1640 170//1609
f 264//1639 170//1609 266//1640
f 178//1613 268//1641 174//1611
f 266//1640 174//1611 268//1641
f 272//1642 273//1642 274//1642
f 278//1642 279//1642 280//1642
f 272//1642 273//1642 274//1642
f 272//1642 273//1642 274//1642
f 272//1642 273//1642 274//1642
f 187//1615 188//1615 348//1643
f 188//1615 349//1643 348//1643
f 348//1643 349//1643 350//1643
f 349//1643 351//1643 350//1643
f 350//1643 351//1643 352//1643
f 351//1643 353//1643 352//1643
f 353//1643 354//1643 352//1643
f 354//1643 355//1643 352//1643
f 352//1643 355//1643 356//1643
f 355//1643 357//1643 356//1643
f 357//1643 358//1643 356//1643
f 358//1643 359//1643 356//1643
f 359//1643 360//1643 356//1643
f 360//1643 361//1643 356//1643
f 361//1643 362//1643 356//1643
f 363//1643 364//1643 365//1643
f 365//1643 364//1643 366//1643
f 356//1643 362//1643 367//1643
f 362//1643 368//1643 367//1643
f 368//1643 369//1643 367//1643
f 369//1643 366//1643 367//1643
f 366//1643 364//1643 367//1643
f 364//1643 370//1643 367//1643
f 367//1643 370//1643 371//1643
f 370//1643 372//1643 371//1643
f 371//1643 372//1643 373//1643
f 372//1643 374//1643 373//1643
f 373//1643 374//1643 375//1643
f 374//1643 376//1643 375//1643
f 375//1643 376//1643 377//1643
f 376//1643 378//1643 377//1643
f 377//1643 378//1643 379//1643
f 378//1643 380//1643 379//1643
f 379//1643 380//1643 381//1643
f 380//1643 382//1643 381//1643
f 381//1643 382//1643 383//1643
f 382//1643 384//1643 383//1643
f 383//1643 384//1643 385//1643
f 384//1643 386//1643 385//1643
f 385//1643 386//1643 387//1643
f 386//1643 388//1643 387//1643
f 387//1643 388//1643 389//1643
f 388//1643 390//1643 389//1643
f 389//1643 390//1643 391//1643
f 390//1643 392//1643 391//1643
f 391//1643 392//1643 393//1643
f 392//1643 394//1643 393//1643
f 393//1643 394//1643 395//1643
f 394//1643 396//1643 395//1643
f 395//1643 396//1643 397//1643
f 396//1643 398//1643 397//1643
f 397//1643 398//1643 399//1643
f 398//1643 400//1643 399//1643
f 401//1643 399//1643 400//1643
f 354//1643 353//1643 402//1643
f 353//1643 403//1643 402//1643
f 402//1643 403//1643 404//1643
f 404//1643 403//1643 405//1643
f 405//1643 403//1643 406//1643
f 406//1643 403//1643 407//1643
f 407//1643 403//1643 408//1643
f 408//1643 403//1643 409//1643
f 410//1643 411//1643 412//1643
f 403//1643 364//1643 409//1643
f 409//1643 364//1643 411//1643
f 411//1643 364//1643 412//1643
f 412//1643 364//1643 413//1643
f 413//1643 364//1643 414//1643
f 363//1643 414//1643 364//1643
f 191//1573 192//1616 417//1622
f 418//1644 417//1622 192//1616
f 195//1617 421//1645 196//1618
f 422//1646 196//1618 421//1645
f 453//1647 454//1647 455//1647
f 454//1647 456//1647 455//1647
f 455//1647 456//1647 457//1647
f 456//1647 458//1647 457//1647
f 458//1647 459//1648 457//1647
f 460//1649 457//1647 459//1648
f 215//1621 461//1647 214//1620
f 461//1647 462//1647 214//1620
f 462//1647 463//1647 214//1620
f 463//1647 464//1647 214//1620
f 464//1647 465//1647 214//1620
f 465//1647 466//1647 214//1620
f 466//1647 467//1647 214//1620
f 467//1647 468//1647 214//1620
f 214//1620 468//1647 469//1650
f 470//1649 469//1650 468//1647
f 464//1647 471//1647 465//1647
f 471//1647 472//1647 465//1647
f 465//1647 472//1647 473//1647
f 472//1647 474//1647 473//1647
f 474//1647 475//1647 473//1647
f 475//1647 476//1647 473//1647
f 473//1647 476//1647 455//1647
f 455//1647 476//1647 453//1647
f 453//1647 476//1647 477//1647
f 477//1647 476//1647 478//1647
f 478//1647 476//1647 479//1647
f 479//1647 476//1647 480//1647
f 480//1647 476//1647 481//1651
f 482//1652 481//1651 476//1647
f 504//1647 505//1647 506//1647
f 505//1647 507//1647 506//1647
f 507//1647 508//1647 506//1647
f 506//1647 508//1647 509//1652
f 510//1648 509//1652 508//1647
f 220//1621 219//1622 511//1647
f 511//1647 219//1622 512//1647
f 512//1647 219//1622 513//1647
f 513//1647 219//1622 514//1647
f 514//1647 219//1622 515//1647
f 515//1647 219//1622 516//1647
f 516//1647 219//1622 517//1647
f 517//1647 219//1622 518//1647
f 518//1647 219//1622 506//1647
f 506//1647 219//1622 504//1647
f 504//1647 219//1622 519//1647
f 519//1647 219//1622 520//1647
f 520//1647 219//1622 521//1647
f 521//1647 219//1622 522//1647
f 522//1647 219//1622 523//1651
f 524//1652 523//1651 219//1622
f 223//1623 224//1624 527//1653
f 528//1654 527//1653 224//1624
f 100//1576 226//1625 224//1624
f 530//1655 224//1624 226//1625
f 102//1577 228//1626 226//1625
f 532//1656 226//1625 228//1626
f 105//1578 230//1627 228//1626
f 534//1657 228//1626 230//1627
f 537//1658 116//1581 538//1659
f 245//1629 538//1659 116//1581
f 245//1629 246//1630 541//1660
f 542//1661 541//1660 246//1630
f 246//1630 248//1631 542//1661
f 544//1662 542//1661 248//1631
f 248//1631 250//1632 544//1662
f 546//1663 544//1662 250//1632
f 250//1632 252//1633 546//1663
f 548//1664 546//1663 252//1633
f 254//1634 550//1665 252//1633
f 548//1664 252//1633 550//1665
f 256//1635 552//1666 254//1634
f 550//1665 254//1634 552//1666
f 258//1636 554//1667 256//1635
f 552//1666 256//1635 554//1667
f 196//1618 422//1646 258//1636
f 554//1667 258//1636 422//1646
f 230//1627 260//1637 534//1657
f 556//1668 534//1657 260//1637
f 262//1638 558//1669 260//1637
f 556//1668 260//1637 558//1669
f 264//1639 560//1670 262//1638
f 558//1669 262//1638 560//1670
f 266//1640 562//1671 264//1639
f 560//1670 264//1639 562//1671
f 268//1641 564//1672 266//1640
f 562//1671 266//1640 564//1672
f 268//1641 178//1613 566//1673
f 566//1673 178//1613 568//1674
f 573//1675 574//1676 575//1677
f 576//1678 575//1677 574//1676
f 606//135 607//135 608//135
f 608//135 607//135 609//135
f 609//135 607//135 610//135
f 610//135 607//135 611//135
f 611//135 607//135 612//135
f 612//135 607//135 613//135
f 607//135 614//135 613//135
f 613//135 614//135 615//135
f 614//135 616//135 615//135
f 616//135 617//135 615//135
f 615//135 617//135 618//135
f 617//135 619//135 618//135
f 618//135 619//135 620//135
f 619//135 621//135 620//135
f 620//135 621//135 622//135
f 621//135 623//135 622//135
f 622//135 623//135 624//135
f 623//135 625//135 624//135
f 625//135 626//135 624//135
f 624//135 626//135 627//135
f 626//135 628//135 627//135
f 628//135 629//135 627//135
f 627//135 629//135 630//135
f 629//135 631//135 630//135
f 631//135 632//135 630//135
f 630//135 632//135 633//135
f 634//135 633//135 632//135
f 647//135 648//135 649//135
f 648//135 650//135 649//135
f 650//135 651//135 649//135
f 651//135 652//135 649//135
f 652//135 653//135 649//135
f 653//135 654//135 649//135
f 654//135 655//135 649//135
f 655//135 656//135 649//135
f 656//135 657//135 649//135
f 658//135 649//135 657//135
f 662//1679 663//1679 664//1679
f 668//1680 669//1681 670//1682
f 538//1659 668//1680 537//1658
f 672//1683 566//1673 568//1674
f 676//1684 677//1684 678//1684
f 682//1685 683//1685 684//1685
f 697//127 698//127 699//127
f 699//127 698//127 700//127
f 700//127 698//127 701//127
f 701//127 698//127 702//127
f 702//127 698//127 703//127
f 703//127 698//127 704//127
f 704//127 698//127 705//127
f 705//127 698//127 706//127
f 706//127 698//127 707//127
f 708//127 707//127 698//127
f 738//127 739//127 740//127
f 739//127 741//127 740//127
f 741//127 742//127 740//127
f 742//127 743//127 740//127
f 743//127 744//127 740//127
f 744//127 745//127 740//127
f 740//127 745//127 746//127
f 745//127 747//127 746//127
f 746//127 747//127 748//127
f 748//127 747//127 749//127
f 747//127 750//127 749//127
f 749//127 750//127 751//127
f 750//127 752//127 751//127
f 751//127 752//127 753//127
f 752//127 754//127 753//127
f 753//127 754//127 755//127
f 754//127 756//127 755//127
f 755//127 756//127 757//127
f 757//127 756//127 758//127
f 756//127 759//127 758//127
f 758//127 759//127 760//127
f 760//127 759//127 761//127
f 759//127 762//127 761//127
f 761//127 762//127 763//127
f 763//127 762//127 764//127
f 762//127 765//127 764//127
f 766//127 764//127 765//127
f 771//1686 772//1687 773//1688
f 774//1689 773//1688 772//1687
f 778//1690 779//1691 772//1687
f 772//1687 779//1691 774//1689
f 780//1692 774//1689 779//1691
f 782//1693 779//1691 778//1690
f 785//1694 779//1691 786//1693
f 785//1694 789//1695 779//1691
f 790//1696 779//1691 789//1695
f 794//1697 795//1698 789//1695
f 789//1695 795//1698 790//1696
f 796//1699 790//1696 795//1698
f 798//1700 795//1698 794//1697
f 801//1701 795//1698 802//1700
f 801//1701 805//1702 795//1698
f 806//1703 795//1698 805//1702
f 805//1702 809//1704 806//1703
f 810//1705 806//1703 809//1704
f 810//1705 809//1704 813//1706
f 814//1707 813//1706 809//1704
f 813//1706 814//1707 817//1708
f 818//1709 817//1708 814//1707
f 817//1708 818//1709 821//1710
f 822//1711 821//1710 818//1709
f 822//1711 825//1712 821//1710
f 826//1713 821//1710 825//1712
f 825//1712 829//1714 826//1713
f 830//1715 826//1713 829//1714
f 830//1715 829//1714 833//1716
f 834//1717 833//1716 829//1714
f 839//1718 840//1719 841//1718
f 842//1719 841//1718 840//1719
f 847//1720 848//1721 849//1722
f 850//1723 849//1722 848//1721
f 849//1722 850//1723 853//1724
f 854//1725 853//1724 850//1723
f 853//1724 854//1725 857//1726
f 858//1727 857//1726 854//1725
f 857//1726 858//1727 861//1728
f 862//1729 861//1728 858//1727
f 861//1728 862//1729 865//1730
f 866//1731 865//1730 862//1729
f 865//1730 866//1731 869//1732
f 870//1733 869//1732 866//1731
f 873//1734 874//1735 870//1733
f 869//1732 870//1733 874//1735
f 877//1736 878//1737 873//1734
f 874//1735 873//1734 878//1737
f 878//1737 877//1736 880//1738
f 878//1737 883//1738 884//1739
f 884//1739 888//1740 878//1737
f 888//1740 889//1741 878//1737
f 890//1742 878//1737 889//1741
f 893//1743 894//1744 888//1740
f 889//1741 888//1740 894//1744
f 894//1744 893//1743 896//1745
f 894//1744 899//1745 900//1746
f 900//1746 575//1677 894//1744
f 575//1677 576//1678 894//1744
f 902//1747 894//1744 576//1678
f 417//1622 418//1644 905//1652
f 906//1748 905//1652 418//1644
f 421//1645 909//1749 422//1646
f 910//1750 422//1646 909//1749
f 459//1648 919//1751 460//1649
f 460//1649 919//1751 920//1751
f 919//1751 921//1751 920//1751
f 921//1751 922//1751 920//1751
f 922//1751 923//1751 920//1751
f 920//1751 923//1751 924//1751
f 924//1751 923//1751 925//1752
f 926//1753 925//1752 923//1751
f 937//1647 938//1647 939//1647
f 938//1647 940//1647 939//1647
f 939//1647 940//1647 941//1647
f 940//1647 942//1647 941//1647
f 941//1647 942//1647 943//1647
f 942//1647 944//1647 943//1647
f 943//1647 944//1647 945//1754
f 946//1755 945//1754 944//1647
f 481//1651 482//1652 953//1751
f 953//1751 482//1652 954//1751
f 954//1751 482//1652 955//1751
f 955//1751 482//1652 956//1751
f 482//1652 957//1756 956//1751
f 958//1757 956//1751 957//1756
f 470//1649 963//1751 469//1650
f 963//1751 964//1751 469//1650
f 469//1650 964//1751 965//1758
f 966//1752 965//1758 964//1751
f 976//1647 977//1647 978//1647
f 977//1647 979//1647 978//1647
f 978//1647 979//1647 980//1647
f 980//1647 979//1647 981//1647
f 979//1647 982//1647 981//1647
f 981//1647 982//1647 983//1759
f 984//1759 983//1759 982//1647
f 510//1648 991//1751 509//1652
f 991//1751 992//1751 509//1652
f 992//1751 993//1751 509//1652
f 993//1751 994//1751 509//1652
f 509//1652 994//1751 995//1756
f 996//1753 995//1756 994//1751
f 1007//1647 1008//1647 1009//1647
f 1008//1647 1010//1647 1009//1647
f 1009//1647 1010//1647 1011//1647
f 1010//1647 1012//1647 1011//1647
f 1011//1647 1012//1647 1013//1647
f 1012//1647 1014//1647 1013//1647
f 1013//1647 1014//1647 1015//1754
f 1016//1755 1015//1754 1014//1647
f 523//1651 524//1652 1023//1751
f 1023//1751 524//1652 1024//1751
f 1024//1751 524//1652 1025//1751
f 1025//1751 524//1652 1026//1751
f 1026//1751 524//1652 1027//1757
f 1028//1756 1027//1757 524//1652
f 528//1654 1031//1760 527//1653
f 1032//1761 527//1653 1031//1760
f 224//1624 530//1655 528//1654
f 1034//1762 528//1654 530//1655
f 226//1625 532//1656 530//1655
f 1036//1763 530//1655 532//1656
f 228//1626 534//1657 532//1656
f 1038//1764 532//1656 534//1657
f 538//1659 245//1629 1040//1765
f 541//1660 1040//1765 245//1629
f 541//1660 542//1661 1043//1766
f 1044//1767 1043//1766 542//1661
f 542//1661 544//1662 1044//1767
f 1046//1768 1044//1767 544//1662
f 544//1662 546//1663 1046//1768
f 1048//1769 1046//1768 546//1663
f 546//1663 548//1664 1048//1769
f 1050//1770 1048//1769 548//1664
f 550//1665 1052//1771 548//1664
f 1050//1770 548//1664 1052//1771
f 552//1666 1054//1772 550//1665
f 1052//1771 550//1665 1054//1772
f 554//1667 1056//1773 552//1666
f 1054//1772 552//1666 1056//1773
f 422//1646 910//1750 554//1667
f 1056//1773 554//1667 910//1750
f 534//1657 556//1668 1038//1764
f 1058//1774 1038//1764 556//1668
f 558//1669 1060//1775 556//1668
f 1058//1774 556//1668 1060//1775
f 560//1670 1062//1776 558//1669
f 1060//1775 558//1669 1062//1776
f 562//1671 1064//1777 560//1670
f 1062//1776 560//1670 1064//1777
f 564//1672 1066//1778 562//1671
f 1064//1777 562//1671 1066//1778
f 566//1673 1068//1779 268//1641
f 564//1672 268//1641 1068//1779
f 574//1676 1071//1780 576//1678
f 1072//1781 576//1678 1071//1780
f 1077//1782 1078//1783 1079//1784
f 1080//1785 1079//1784 1078//1783
f 1071//1780 1083//1786 1072//1781
f 1084//1787 1072//1781 1083//1786
f 1083//1786 1087//1788 1084//1787
f 1088//1789 1084//1787 1087//1788
f 1087//1788 1091//1790 1088//1789
f 1092//1791 1088//1789 1091//1790
f 1091//1790 1095//1792 1092//1791
f 1096//1793 1092//1791 1095//1792
f 1095//1792 1099//1794 1096//1793
f 1100//1795 1096//1793 1099//1794
f 1099//1794 1103//1796 1100//1795
f 1104//1797 1100//1795 1103//1796
f 1103//1796 1107//1798 1104//1797
f 1108//1799 1104//1797 1107//1798
f 1107//1798 1111//1800 1108//1799
f 1112//1801 1108//1799 1111//1800
f 1111//1800 1115//1802 1112//1801
f 1116//1803 1112//1801 1115//1802
f 1115//1802 1119//1804 1116//1803
f 1120//1805 1116//1803 1119//1804
f 1119//1804 1123//1806 1120//1805
f 1124//1807 1120//1805 1123//1806
f 1123//1806 1127//1808 1124//1807
f 1128//1809 1124//1807 1127//1808
f 1127//1808 1131//1810 1128//1809
f 1132//1811 1128//1809 1131//1810
f 1135//1812 1136//1813 1131//1810
f 1132//1811 1131//1810 1136//1813
f 1139//1814 1140//1815 1135//1812
f 1136//1813 1135//1812 1140//1815
f 1143//1816 1144//1817 1139//1814
f 1140//1815 1139//1814 1144//1817
f 1147//1818 1148//1819 1143//1816
f 1144//1817 1143//1816 1148//1819
f 1151//1820 1152//1821 1147//1818
f 1148//1819 1147//1818 1152//1821
f 1155//1822 1156//1823 1151//1820
f 1152//1821 1151//1820 1156//1823
f 1159//1824 1160//1825 1155//1822
f 1156//1823 1155//1822 1160//1825
f 1163//1826 1164//1827 1159//1824
f 1160//1825 1159//1824 1164//1827
f 1167//1828 1168//1829 1163//1826
f 1164//1827 1163//1826 1168//1829
f 1171//1830 1172//1831 1167//1828
f 1168//1829 1167//1828 1172//1831
f 1079//1784 1080//1785 1171//1830
f 1172//1831 1171//1830 1080//1785
f 1177//1832 1178//1833 1179//1782
f 1180//1834 1179//1782 1178//1833
f 1183//1835 1184//1836 1177//1832
f 1178//1833 1177//1832 1184//1836
f 1187//1837 1188//1838 1183//1835
f 1184//1836 1183//1835 1188//1838
f 1191//1839 1192//1840 1187//1837
f 1188//1838 1187//1837 1192//1840
f 1195//1841 1196//1842 1191//1839
f 1192//1840 1191//1839 1196//1842
f 1199//1843 1200//1844 1195//1841
f 1196//1842 1195//1841 1200//1844
f 1203//1845 1204//1846 1199//1843
f 1200//1844 1199//1843 1204//1846
f 1209//1847 1210//1848 1211//1845
f 1212//1849 1211//1845 1210//1848
f 1215//1850 1216//1851 1209//1847
f 1210//1848 1209//1847 1216//1851
f 1216//1851 1215//1850 1218//1852
f 669//1681 1216//1851 1220//1852
f 538//1659 669//1681 668//1680
f 1222//1853 566//1673 672//1683
f 1225//1854 1222//1853 1226//1855
f 1231//1856 1232//1857 1233//1858
f 1234//1859 1233//1858 1232//1857
f 1237//1860 1225//1854 1238//1855
f 1237//1860 1241//1861 1225//1854
f 1242//1862 1225//1854 1241//1861
f 1241//1861 1245//1863 1242//1862
f 1246//1864 1242//1862 1245//1863
f 1251//1863 1252//1865 1253//1866
f 1254//1867 1253//1866 1252//1865
f 1252//1865 1257//1868 1254//1867
f 1258//1869 1254//1867 1257//1868
f 1257//1868 1261//1870 1258//1869
f 1262//1871 1258//1869 1261//1870
f 1261//1870 1265//1872 1262//1871
f 1266//1873 1262//1871 1265//1872
f 1265//1872 1269//1874 1266//1873
f 1270//1875 1266//1873 1269//1874
f 1269//1874 1231//1856 1270//1875
f 1233//1858 1270//1875 1231//1856
f 1275//1857 1276//1876 1277//1877
f 1278//1878 1277//1877 1276//1876
f 1276//1876 1281//1879 1278//1878
f 1282//1880 1278//1878 1281//1879
f 1281//1879 1285//1881 1282//1880
f 1286//1882 1282//1880 1285//1881
f 1285//1881 1289//1883 1286//1882
f 1290//1884 1286//1882 1289//1883
f 1289//1883 1293//1885 1290//1884
f 1294//1886 1290//1884 1293//1885
f 1293//1885 1297//1887 1294//1886
f 1298//1888 1294//1886 1297//1887
f 1297//1887 1301//1889 1298//1888
f 1302//1890 1298//1888 1301//1889
f 1301//1889 1305//1891 1302//1890
f 1306//1892 1302//1890 1305//1891
f 1305//1891 1309//1893 1306//1892
f 1310//1894 1306//1892 1309//1893
f 1309//1893 1313//1895 1310//1894
f 1314//1896 1310//1894 1313//1895
f 1313//1895 1317//1897 1314//1896
f 1318//1898 1314//1896 1317//1897
f 1317//1897 1321//1899 1318//1898
f 1322//1900 1318//1898 1321//1899
f 1325//1901 1326//1902 1321//1899
f 1322//1900 1321//1899 1326//1902
f 1329//1903 1330//1904 1325//1901
f 1326//1902 1325//1901 1330//1904
f 1333//1905 1334//1906 1329//1903
f 1330//1904 1329//1903 1334//1906
f 1337//1907 1338//1908 1333//1905
f 1334//1906 1333//1905 1338//1908
f 1341//1909 1342//1910 1337//1907
f 1338//1908 1337//1907 1342//1910
f 1345//1911 1346//1912 1341//1909
f 1342//1910 1341//1909 1346//1912
f 1349//1913 1350//1914 1345//1911
f 1346//1912 1345//1911 1350//1914
f 1353//1915 1354//1916 1349//1913
f 1350//1914 1349//1913 1354//1916
f 1357//1917 1358//1918 1353//1915
f 1354//1916 1353//1915 1358//1918
f 1361//1919 1362//1920 1357//1917
f 1358//1918 1357//1917 1362//1920
f 1365//1921 1366//1922 1361//1919
f 1362//1920 1361//1919 1366//1922
f 1369//1923 1370//1924 1365//1921
f 1366//1922 1365//1921 1370//1924
f 1373//1925 1374//1926 1369//1923
f 1370//1924 1369//1923 1374//1926
f 773//1688 774//1689 1373//1925
f 1374//1926 1373//1925 774//1689
f 774//1689 780//1692 1374//1926
f 1376//1927 1374//1926 780//1692
f 779//1691 790//1696 780//1692
f 1378//1928 780//1692 790//1696
f 790//1696 796//1699 1378//1928
f 1380//1929 1378//1928 796//1699
f 795//1698 806//1703 796//1699
f 1382//1930 796//1699 806//1703
f 806//1703 810//1705 1382//1930
f 1384//1931 1382//1930 810//1705
f 810//1705 813//1706 1384//1931
f 1386//1932 1384//1931 813//1706
f 1386//1932 813//1706 1388//1933
f 817//1708 1388//1933 813//1706
f 1388//1933 817//1708 1390//1934
f 821//1710 1390//1934 817//1708
f 1390//1934 821//1710 1392//1935
f 826//1713 1392//1935 821//1710
f 1392//1935 826//1713 1394//1936
f 830//1715 1394//1936 826//1713
f 1394//1936 830//1715 1396//1937
f 833//1716 1396//1937 830//1715
f 1399//1938 1400//1938 841//1718
f 839//1718 841//1718 1400//1938
f 1403//1939 1404//1940 849//1722
f 847//1720 849//1722 1404//1940
f 1406//1941 1403//1939 853//1724
f 849//1722 853//1724 1403//1939
f 1408//1942 1406//1941 857//1726
f 853//1724 857//1726 1406//1941
f 1410//1943 1408//1942 861//1728
f 857//1726 861//1728 1408//1942
f 1412//1944 1410//1943 865//1730
f 861//1728 865//1730 1410//1943
f 869//1732 1414//1945 865//1730
f 1412//1944 865//1730 1414//1945
f 874//1735 1416//1946 869//1732
f 1414//1945 869//1732 1416//1946
f 878//1737 890//1742 874//1735
f 1416//1946 874//1735 890//1742
f 889//1741 1419//1947 890//1742
f 1420//1948 890//1742 1419//1947
f 894//1744 902//1747 889//1741
f 1419//1947 889//1741 902//1747
f 576//1678 1072//1781 902//1747
f 1422//1949 902//1747 1072//1781
f 905//1652 906//1748 1425//1756
f 1426//1950 1425//1756 906//1748
f 909//1749 1429//1951 910//1750
f 1430//1952 910//1750 1429//1951
f 926//1753 1439//1953 925//1752
f 1439//1953 1440//1953 925//1752
f 1440//1953 1441//1953 925//1752
f 1442//1953 925//1752 1441//1953
f 958//1757 957//1756 1443//1953
f 1443//1953 957//1756 1441//1953
f 1442//1953 1441//1953 1444//1953
f 1441//1953 957//1756 1444//1953
f 957//1756 1445//1954 1444//1953
f 1446//1955 1444//1953 1445//1954
f 945//1754 946//1755 1457//1751
f 946//1755 1458//1751 1457//1751
f 1457//1751 1458//1751 1459//1751
f 1458//1751 1460//1751 1459//1751
f 1459//1751 1460//1751 1461//1751
f 1460//1751 1462//1751 1461//1751
f 1461//1751 1462//1751 1463//1751
f 1462//1751 1464//1751 1463//1751
f 1464//1751 1465//1956 1463//1751
f 1466//1957 1463//1751 1465//1956
f 983//1759 984//1759 1473//1751
f 984//1759 1474//1751 1473//1751
f 1473//1751 1474//1751 1475//1751
f 1474//1751 1476//1751 1475//1751
f 1475//1751 1476//1751 1477//1958
f 1478//1958 1477//1958 1476//1751
f 966//1752 1483//1953 965//1758
f 1483//1953 1484//1953 965//1758
f 965//1758 1484//1953 1485//1959
f 1486//1955 1485//1959 1484//1953
f 996//1753 1498//1953 995//1756
f 1498//1953 1499//1953 995//1756
f 1500//1953 1501//1953 1499//1953
f 1499//1953 1501//1953 995//1756
f 995//1756 1501//1953 1502//1953
f 1502//1953 1501//1953 1503//1953
f 1503//1953 1501//1953 1504//1953
f 1504//1953 1501//1953 1505//1953
f 1505//1953 1501//1953 1506//1960
f 1507//1961 1506//1960 1501//1953
f 1027//1757 1028//1756 1508//1953
f 1508//1953 1028//1756 1500//1953
f 1501//1953 1500//1953 1028//1756
f 1015//1754 1016//1755 1519//1751
f 1016//1755 1520//1751 1519//1751
f 1519//1751 1520//1751 1521//1751
f 1520//1751 1522//1751 1521//1751
f 1521//1751 1522//1751 1523//1751
f 1522//1751 1524//1751 1523//1751
f 1523//1751 1524//1751 1525//1751
f 1524//1751 1526//1751 1525//1751
f 1525//1751 1526//1751 1527//1957
f 1528//1956 1527//1957 1526//1751
f 1533//1761 1534//1962 1535//1963
f 1536//1964 1535//1963 1534//1962
f 1034//1762 1538//1965 528//1654
f 1031//1760 528//1654 1538//1965
f 530//1655 1036//1763 1034//1762
f 1540//1966 1034//1762 1036//1763
f 532//1656 1038//1764 1036//1763
f 1542//1967 1036//1763 1038//1764
f 1040//1765 669//1681 538//1659
f 1040//1765 541//1660 1544//1968
f 1043//1766 1544//1968 541//1660
f 1043//1766 1044//1767 1547//1969
f 1548//1970 1547//1969 1044//1767
f 1044//1767 1046//1768 1548//1970
f 1550//1971 1548//1970 1046//1768
f 1046//1768 1048//1769 1550//1971
f 1552//1972 1550//1971 1048//1769
f 1050//1770 1554//1973 1048//1769
f 1552//1972 1048//1769 1554//1973
f 1052//1771 1556//1974 1050//1770
f 1554//1973 1050//1770 1556//1974
f 1054//1772 1558//1975 1052//1771
f 1556//1974 1052//1771 1558//1975
f 1056//1773 1560//1976 1054//1772
f 1558//1975 1054//1772 1560//1976
f 910//1750 1430//1952 1056//1773
f 1560//1976 1056//1773 1430//1952
f 1038//1764 1058//1774 1542//1967
f 1562//1977 1542//1967 1058//1774
f 1058//1774 1060//1775 1562//1977
f 1564//1978 1562//1977 1060//1775
f 1062//1776 1566//1979 1060//1775
f 1564//1978 1060//1775 1566//1979
f 1064//1777 1568//1980 1062//1776
f 1566//1979 1062//1776 1568//1980
f 1066//1778 1570//1981 1064//1777
f 1568//1980 1064//1777 1570//1981
f 1068//1779 1572//1982 564//1672
f 1066//1778 564//1672 1572//1982
f 1222//1853 1068//1779 566//1673
f 1078//1783 1575//1983 1080//1785
f 1576//1984 1080//1785 1575//1983
f 1072//1781 1084//1787 1422//1949
f 1578//1985 1422//1949 1084//1787
f 1084//1787 1088//1789 1578//1985
f 1580//1986 1578//1985 1088//1789
f 1088//1789 1092//1791 1580//1986
f 1582//1987 1580//1986 1092//1791
f 1092//1791 1096//1793 1582//1987
f 1584//1988 1582//1987 1096//1793
f 1096//1793 1100//1795 1584//1988
f 1586//1989 1584//1988 1100//1795
f 1100//1795 1104//1797 1586//1989
f 1588//1990 1586//1989 1104//1797
f 1104//1797 1108//1799 1588//1990
f 1590//1991 1588//1990 1108//1799
f 1108//1799 1112//1801 1590//1991
f 1592//1992 1590//1991 1112//1801
f 1112//1801 1116//1803 1592//1992
f 1594//1993 1592//1992 1116//1803
f 1116//1803 1120//1805 1594//1993
f 1596//1994 1594//1993 1120//1805
f 1120//1805 1124//1807 1596//1994
f 1598//1995 1596//1994 1124//1807
f 1124//1807 1128//1809 1598//1995
f 1600//1996 1598//1995 1128//1809
f 1128//1809 1132//1811 1600//1996
f 1602//1997 1600//1996 1132//1811
f 1136//1813 1604//1998 1132//1811
f 1602//1997 1132//1811 1604//1998
f 1140//1815 1606//1999 1136//1813
f 1604//1998 1136//1813 1606//1999
f 1144//1817 1608//2000 1140//1815
f 1606//1999 1140//1815 1608//2000
f 1148//1819 1610//2001 1144//1817
f 1608//2000 1144//1817 1610//2001
f 1152//1821 1612//2002 1148//1819
f 1610//2001 1148//1819 1612//2002
f 1156//1823 1614//2003 1152//1821
f 1612//2002 1152//1821 1614//2003
f 1160//1825 1616//2004 1156//1823
f 1614//2003 1156//1823 1616//2004
f 1164//1827 1618//2005 1160//1825
f 1616//2004 1160//1825 1618//2005
f 1168//1829 1620//2006 1164//1827
f 1618//2005 1164//1827 1620//2006
f 1172//1831 1622//2007 1168//1829
f 1620//2006 1168//1829 1622//2007
f 1080//1785 1576//1984 1172//1831
f 1622//2007 1172//1831 1576//1984
f 1178//1833 1625//2008 1180//1834
f 1626//2009 1180//1834 1625//2008
f 1184//1836 1628//2010 1178//1833
f 1625//2008 1178//1833 1628//2010
f 1188//1838 1630//2011 1184//1836
f 1628//2010 1184//1836 1630//2011
f 1192//1840 1632//2012 1188//1838
f 1630//2011 1188//1838 1632//2012
f 1196//1842 1634//2013 1192//1840
f 1632//2012 1192//1840 1634//2013
f 1200//1844 1636//2014 1196//1842
f 1634//2013 1196//1842 1636//2014
f 1204//1846 1638//2015 1200//1844
f 1636//2014 1200//1844 1638//2015
f 1210//1848 1641//2016 1212//1849
f 1642//2017 1212//1849 1641//2016
f 1216//1851 1544//1968 1210//1848
f 1641//2016 1210//1848 1544//1968
f 669//1681 1040//1765 1216//1851
f 1544//1968 1216//1851 1040//1765
f 1222//1853 1225//1854 1068//1779
f 1572//1982 1068//1779 1225//1854
f 1233//1858 1234//1859 1645//2018
f 1646//2019 1645//2018 1234//1859
f 1225//1854 1242//1862 1572//1982
f 1648//2020 1572//1982 1242//1862
f 1242//1862 1246//1864 1648//2020
f 1650//2021 1648//2020 1246//1864
f 1253//1866 1254//1867 1653//2022
f 1654//2023 1653//2022 1254//1867
f 1254//1867 1258//1869 1654//2023
f 1656//2024 1654//2023 1258//1869
f 1258//1869 1262//1871 1656//2024
f 1658//2025 1656//2024 1262//1871
f 1262//1871 1266//1873 1658//2025
f 1660//2026 1658//2025 1266//1873
f 1266//1873 1270//1875 1660//2026
f 1662//2027 1660//2026 1270//1875
f 1270//1875 1233//1858 1662//2027
f 1645//2018 1662//2027 1233//1858
f 1277//1877 1278//1878 1665//2028
f 1666//2029 1665//2028 1278//1878
f 1278//1878 1282//1880 1666//2029
f 1668//2030 1666//2029 1282//1880
f 1282//1880 1286//1882 1668//2030
f 1670//2031 1668//2030 1286//1882
f 1286//1882 1290//1884 1670//2031
f 1672//2032 1670//2031 1290//1884
f 1290//1884 1294//1886 1672//2032
f 1674//2033 1672//2032 1294//1886
f 1294//1886 1298//1888 1674//2033
f 1676//2034 1674//2033 1298//1888
f 1298//1888 1302//1890 1676//2034
f 1678//2035 1676//2034 1302//1890
f 1302//1890 1306//1892 1678//2035
f 1680//2036 1678//2035 1306//1892
f 1306//1892 1310//1894 1680//2036
f 1682//2037 1680//2036 1310//1894
f 1310//1894 1314//1896 1682//2037
f 1684//2038 1682//2037 1314//1896
f 1314//1896 1318//1898 1684//2038
f 1686//2039 1684//2038 1318//1898
f 1318//1898 1322//1900 1686//2039
f 1688//2040 1686//2039 1322//1900
f 1326//1902 1690//2041 1322//1900
f 1688//2040 1322//1900 1690//2041
f 1330//1904 1692//2042 1326//1902
f 1690//2041 1326//1902 1692//2042
f 1334//1906 1694//2043 1330//1904
f 1692//2042 1330//1904 1694//2043
f 1338//1908 1696//2044 1334//1906
f 1694//2043 1334//1906 1696//2044
f 1342//1910 1698//2045 1338//1908
f 1696//2044 1338//1908 1698//2045
f 1346//1912 1700//2046 1342//1910
f 1698//2045 1342//1910 1700//2046
f 1350//1914 1702//2047 1346//1912
f 1700//2046 1346//1912 1702//2047
f 1354//1916 1704//2048 1350//1914
f 1702//2047 1350//1914 1704//2048
f 1358//1918 1706//2049 1354//1916
f 1704//2048 1354//1916 1706//2049
f 1362//1920 1708//2050 1358//1918
f 1706//2049 1358//1918 1708//2050
f 1366//1922 1710//2051 1362//1920
f 1708//2050 1362//1920 1710//2051
f 1370//1924 1712//2052 1366//1922
f 1710//2051 1366//1922 1712//2052
f 1374//1926 1376//1927 1370//1924
f 1712//2052 1370//1924 1376//1927
f 780//1692 1378//1928 1376//1927
f 1714//2053 1376//1927 1378//1928
f 1378//1928 1380//1929 1714//2053
f 1716//2054 1714//2053 1380//1929
f 796//1699 1382//1930 1380//1929
f 1718//2055 1380//1929 1382//1930
f 1382//1930 1384//1931 1718//2055
f 1720//2056 1718//2055 1384//1931
f 1720//2056 1384//1931 1722//2057
f 1386//1932 1722//2057 1384//1931
f 1722//2057 1386//1932 1724//2058
f 1388//1933 1724//2058 1386//1932
f 1724//2058 1388//1933 1726//2059
f 1390//1934 1726//2059 1388//1933
f 1726//2059 1390//1934 1728//2060
f 1392//1935 1728//2060 1390//1934
f 1728//2060 1392//1935 1730//2061
f 1394//1936 1730//2061 1392//1935
f 1730//2061 1394//1936 1732//2062
f 1396//1937 1732//2062 1394//1936
f 1735//2063 1736//2063 1399//1938
f 1400//1938 1399//1938 1736//2063
f 1739//2064 1740//2065 1403//1939
f 1404//1940 1403//1939 1740//2065
f 1742//2066 1739//2064 1406//1941
f 1403//1939 1406//1941 1739//2064
f 1744//2067 1742//2066 1408//1942
f 1406//1941 1408//1942 1742//2066
f 1746//2068 1744//2067 1410//1943
f 1408//1942 1410//1943 1744//2067
f 1748//2069 1746//2068 1412//1944
f 1410//1943 1412//1944 1746//2068
f 1750//2070 1748//2069 1414//1945
f 1412//1944 1414//1945 1748//2069
f 1416//1946 1752//2071 1414//1945
f 1750//2070 1414//1945 1752//2071
f 890//1742 1420//1948 1416//1946
f 1752//2071 1416//1946 1420//1948
f 1419//1947 1755//2072 1420//1948
f 1756//2073 1420//1948 1755//2072
f 902//1747 1422//1949 1419//1947
f 1755//2072 1419//1947 1422//1949
f 1425//1756 1426//1950 1760//1953
f 1760//1953 1426//1950 1761//1961
f 1762//2074 1761//1961 1426//1950
f 1429//1951 1765//2075 1430//1952
f 1766//2076 1430//1952 1765//2075
f 1466//1957 1465//1956 1771//1953
f 1465//1956 1772//1953 1771//1953
f 1771//1953 1772//1953 1773//1953
f 1774//1953 1773//1953 1772//1953
f 1477//1958 1478//1958 1781//1953
f 1478//1958 1782//1953 1781//1953
f 1782//1953 1783//1953 1781//1953
f 1781//1953 1783//1953 1784//1953
f 1784//1953 1783//1953 1785//2077
f 1786//2077 1785//2077 1783//1953
f 1837//2078 1838//2078 1446//1955
f 1838//2078 1839//2078 1446//1955
f 1839//2078 1840//2078 1446//1955
f 1840//2078 1841//2078 1446//1955
f 1841//2078 1842//2078 1446//1955
f 1842//2078 1843//2078 1446//1955
f 1843//2078 1844//2078 1446//1955
f 1844//2078 1845//2078 1446//1955
f 1446//1955 1845//2078 1846//2078
f 1845//2078 1847//2078 1846//2078
f 1847//2078 1848//2078 1846//2078
f 1848//2078 1849//2078 1846//2078
f 1849//2078 1850//2078 1846//2078
f 1850//2078 1851//2078 1846//2078
f 1851//2078 1852//2078 1846//2078
f 1852//2078 1853//2078 1846//2078
f 1853//2078 1854//2078 1846//2078
f 1854//2078 1855//2078 1846//2078
f 1856//2078 1857//2078 1855//2078
f 1846//2078 1855//2078 1857//2078
f 1446//1955 1445//1954 1837//2078
f 1837//2078 1445//1954 1858//2078
f 1858//2078 1445//1954 1859//2078
f 1859//2078 1445//1954 1860//2078
f 1860//2078 1445//1954 1861//2078
f 1861//2078 1445//1954 1862//2078
f 1445//1954 1863//2078 1862//2078
f 1862//2078 1863//2078 1864//2078
f 1863//2078 1865//2078 1864//2078
f 1864//2078 1865//2078 1866//2078
f 1865//2078 1867//2078 1866//2078
f 1866//2078 1867//2078 1868//2078
f 1867//2078 1869//2078 1868//2078
f 1868//2078 1869//2078 1870//2078
f 1869//2078 1871//2078 1870//2078
f 1871//2078 1872//2078 1870//2078
f 1870//2078 1872//2078 1873//2078
f 1873//2078 1872//2078 1874//2078
f 1872//2078 1875//2078 1874//2078
f 1874//2078 1875//2078 1850//2078
f 1851//2078 1850//2078 1875//2078
f 1506//1960 1507//1961 1876//2078
f 1876//2078 1507//1961 1877//2078
f 1877//2078 1507//1961 1878//2078
f 1878//2078 1507//1961 1879//2078
f 1879//2078 1507//1961 1880//2078
f 1880//2078 1507//1961 1881//2078
f 1881//2078 1507//1961 1882//2078
f 1507//1961 1883//2078 1882//2078
f 1882//2078 1883//2078 1856//2078
f 1883//2078 1884//2078 1856//2078
f 1856//2078 1884//2078 1857//2078
f 1857//2078 1884//2078 1885//2079
f 1886//2080 1885//2079 1884//2078
f 1486//1955 1891//2078 1485//1959
f 1891//2078 1892//2078 1485//1959
f 1485//1959 1892//2078 1893//2081
f 1894//2079 1893//2081 1892//2078
f 1527//1957 1528//1956 1899//1953
f 1528//1956 1900//1953 1899//1953
f 1899//1953 1900//1953 1901//1953
f 1902//1953 1901//1953 1900//1953
f 1906//1954 1907//2082 1908//1953
f 1534//1962 1911//2083 1536//1964
f 1912//2084 1536//1964 1911//2083
f 1535//1963 1536//1964 1915//2085
f 1916//2086 1915//2085 1536//1964
f 1540//1966 1918//2087 1034//1762
f 1538//1965 1034//1762 1918//2087
f 1036//1763 1542//1967 1540//1966
f 1920//2088 1540//1966 1542//1967
f 1544//1968 1043//1766 1641//2016
f 1547//1969 1641//2016 1043//1766
f 1547//1969 1548//1970 1923//2089
f 1924//2090 1923//2089 1548//1970
f 1548//1970 1550//1971 1924//2090
f 1924//2090 1550//1971 1927//2091
f 1928//2092 1927//2091 1550//1971
f 1550//1971 1552//1972 1928//2092
f 1930//2093 1928//2092 1552//1972
f 1554//1973 1932//2094 1552//1972
f 1930//2093 1552//1972 1932//2094
f 1556//1974 1934//2095 1554//1973
f 1932//2094 1554//1973 1934//2095
f 1558//1975 1936//2096 1556//1974
f 1934//2095 1556//1974 1936//2096
f 1560//1976 1938//2097 1558//1975
f 1936//2096 1558//1975 1938//2097
f 1430//1952 1766//2076 1560//1976
f 1938//2097 1560//1976 1766//2076
f 1542//1967 1562//1977 1920//2088
f 1940//2098 1920//2088 1562//1977
f 1562//1977 1564//1978 1940//2098
f 1942//2099 1940//2098 1564//1978
f 1566//1979 1944//2100 1564//1978
f 1942//2099 1564//1978 1944//2100
f 1568//1980 1947//2101 1566//1979
f 1947//2101 1948//2102 1566//1979
f 1944//2100 1566//1979 1948//2102
f 1570//1981 1950//2103 1568//1980
f 1947//2101 1568//1980 1950//2103
f 1572//1982 1648//2020 1066//1778
f 1570//1981 1066//1778 1648//2020
f 1575//1983 1953//2104 1576//1984
f 1954//2105 1576//1984 1953//2104
f 1422//1949 1578//1985 1755//2072
f 1956//2106 1755//2072 1578//1985
f 1578//1985 1580//1986 1956//2106
f 1958//2107 1956//2106 1580//1986
f 1580//1986 1582//1987 1958//2107
f 1960//2108 1958//2107 1582//1987
f 1582//1987 1584//1988 1960//2108
f 1962//2109 1960//2108 1584//1988
f 1584//1988 1586//1989 1962//2109
f 1964//2110 1962//2109 1586//1989
f 1586//1989 1588//1990 1964//2110
f 1966//2111 1964//2110 1588//1990
f 1588//1990 1590//1991 1966//2111
f 1968//2112 1966//2111 1590//1991
f 1590//1991 1592//1992 1968//2112
f 1970//2113 1968//2112 1592//1992
f 1592//1992 1594//1993 1970//2113
f 1972//2114 1970//2113 1594//1993
f 1594//1993 1596//1994 1972//2114
f 1974//2115 1972//2114 1596//1994
f 1596//1994 1598//1995 1974//2115
f 1976//2116 1974//2115 1598//1995
f 1598//1995 1600//1996 1976//2116
f 1978//2117 1976//2116 1600//1996
f 1600//1996 1602//1997 1978//2117
f 1980//2118 1978//2117 1602//1997
f 1604//1998 1982//2119 1602//1997
f 1980//2118 1602//1997 1982//2119
f 1606//1999 1984//2120 1604//1998
f 1982//2119 1604//1998 1984//2120
f 1608//2000 1986//2121 1606//1999
f 1984//2120 1606//1999 1986//2121
f 1610//2001 1988//2122 1608//2000
f 1986//2121 1608//2000 1988//2122
f 1612//2002 1990//2123 1610//2001
f 1988//2122 1610//2001 1990//2123
f 1614//2003 1992//2124 1612//2002
f 1990//2123 1612//2002 1992//2124
f 1616//2004 1994//2125 1614//2003
f 1992//2124 1614//2003 1994//2125
f 1618//2005 1996//2126 1616//2004
f 1994//2125 1616//2004 1996//2126
f 1620//2006 1998//2127 1618//2005
f 1996//2126 1618//2005 1998//2127
f 1622//2007 2000//2128 1620//2006
f 1998//2127 1620//2006 2000//2128
f 1576//1984 1954//2105 1622//2007
f 2000//2128 1622//2007 1954//2105
f 1625//2008 2003//2129 1626//2009
f 2004//2130 1626//2009 2003//2129
f 1628//2010 2006//2131 1625//2008
f 2003//2129 1625//2008 2006//2131
f 1630//2011 2008//2132 1628//2010
f 2006//2131 1628//2010 2008//2132
f 1632//2012 2010//2133 1630//2011
f 2008//2132 1630//2011 2010//2133
f 1634//2013 2012//2134 1632//2012
f 2010//2133 1632//2012 2012//2134
f 1636//2014 2014//2135 1634//2013
f 2012//2134 1634//2013 2014//2135
f 1638//2015 2016//2136 1636//2014
f 2014//2135 1636//2014 2016//2136
f 1641//2016 1547//1969 1642//2017
f 1923//2089 1642//2017 1547//1969
f 1645//2018 1646//2019 2019//2137
f 2020//2138 2019//2137 1646//2019
f 1648//2020 1650//2021 1570//1981
f 1950//2103 1570//1981 1650//2021
f 1653//2022 1654//2023 2023//2139
f 2024//2140 2023//2139 1654//2023
f 1654//2023 1656//2024 2024//2140
f 2026//2141 2024//2140 1656//2024
f 1656//2024 1658//2025 2026//2141
f 2028//2142 2026//2141 1658//2025
f 1658//2025 1660//2026 2028//2142
f 2030//2143 2028//2142 1660//2026
f 1660//2026 1662//2027 2030//2143
f 2032//2144 2030//2143 1662//2027
f 1662//2027 1645//2018 2032//2144
f 2019//2137 2032//2144 1645//2018
f 1665//2028 1666//2029 2035//2145
f 2036//2146 2035//2145 1666//2029
f 1666//2029 1668//2030 2036//2146
f 2038//2147 2036//2146 1668//2030
f 1668//2030 1670//2031 2038//2147
f 2040//2148 2038//2147 1670//2031
f 1670//2031 1672//2032 2040//2148
f 2042//2149 2040//2148 1672//2032
f 1672//2032 1674//2033 2042//2149
f 2044//2150 2042//2149 1674//2033
f 1674//2033 1676//2034 2044//2150
f 2046//2151 2044//2150 1676//2034
f 1676//2034 1678//2035 2046//2151
f 2048//2152 2046//2151 1678//2035
f 1678//2035 1680//2036 2048//2152
f 2050//2153 2048//2152 1680//2036
f 1680//2036 1682//2037 2050//2153
f 2052//2154 2050//2153 1682//2037
f 1682//2037 1684//2038 2052//2154
f 2054//2155 2052//2154 1684//2038
f 1684//2038 1686//2039 2054//2155
f 2056//2156 2054//2155 1686//2039
f 1686//2039 1688//2040 2056//2156
f 2058//2157 2056//2156 1688//2040
f 1690//2041 2060//2158 1688//2040
f 2058//2157 1688//2040 2060//2158
f 1692//2042 2062//2159 1690//2041
f 2060//2158 1690//2041 2062//2159
f 1694//2043 2064//2160 1692//2042
f 2062//2159 1692//2042 2064//2160
f 1696//2044 2066//2161 1694//2043
f 2064//2160 1694//2043 2066//2161
f 1698//2045 2068//2162 1696//2044
f 2066//2161 1696//2044 2068//2162
f 1700//2046 2070//2163 1698//2045
f 2068//2162 1698//2045 2070//2163
f 1702//2047 2072//2164 1700//2046
f 2070//2163 1700//2046 2072//2164
f 1704//2048 2074//2165 1702//2047
f 2072//2164 1702//2047 2074//2165
f 1706//2049 2076//2166 1704//2048
f 2074//2165 1704//2048 2076//2166
f 1708//2050 2078//2167 1706//2049
f 2076//2166 1706//2049 2078//2167
f 1710//2051 2080//2168 1708//2050
f 2078//2167 1708//2050 2080//2168
f 1712//2052 2082//2169 1710//2051
f 2080//2168 1710//2051 2082//2169
f 1376//1927 1714//2053 1712//2052
f 2082//2169 1712//2052 1714//2053
f 1714//2053 1716//2054 2082//2169
f 2084//2170 2082//2169 1716//2054
f 1380//1929 1718//2055 1716//2054
f 2086//2171 1716//2054 1718//2055
f 1718//2055 1720//2056 2086//2171
f 2088//2172 2086//2171 1720//2056
f 2088//2172 1720//2056 2090//2173
f 1722//2057 2090//2173 1720//2056
f 2090//2173 1722//2057 2092//2174
f 1724//2058 2092//2174 1722//2057
f 2092//2174 1724//2058 2094//2175
f 1726//2059 2094//2175 1724//2058
f 2094//2175 1726//2059 2096//2176
f 1728//2060 2096//2176 1726//2059
f 2096//2176 1728//2060 2098//2177
f 1730//2061 2098//2177 1728//2060
f 2098//2177 1730//2061 2100//2178
f 1732//2062 2100//2178 1730//2061
f 2103//2179 2104//2179 1735//2063
f 1736//2063 1735//2063 2104//2179
f 2107//2180 2108//2181 1739//2064
f 1740//2065 1739//2064 2108//2181
f 2110//2182 2107//2180 1742//2066
f 1739//2064 1742//2066 2107//2180
f 2112//2183 2110//2182 1744//2067
f 1742//2066 1744//2067 2110//2182
f 2114//2184 2112//2183 1746//2068
f 1744//2067 1746//2068 2112//2183
f 2116//2185 2114//2184 1748//2069
f 1746//2068 1748//2069 2114//2184
f 2118//2186 2116//2185 1750//2070
f 1748//2069 1750//2070 2116//2185
f 1752//2071 2120//2187 1750//2070
f 2118//2186 1750//2070 2120//2187
f 1420//1948 1756//2073 1752//2071
f 2120//2187 1752//2071 1756//2073
f 1755//2072 1956//2106 1756//2073
f 2122//2188 1756//2073 1956//2106
f 1761//1961 1762//2074 2127//2078
f 2127//2078 1762//2074 2128//2078
f 2128//2078 1762//2074 2129//2080
f 2130//2189 2129//2080 1762//2074
f 1766//2076 1765//2075 2133//2190
f 2134//2191 2133//2190 1765//2075
f 2138//2082 2139//1954 2140//1953
f 1785//2077 1786//2077 2147//2078
f 1786//2077 2148//2078 2147//2078
f 2148//2078 2149//2078 2147//2078
f 2147//2078 2149//2078 2150//2078
f 2149//2078 2151//2192 2150//2078
f 2152//2192 2150//2078 2151//2192
f 1894//2079 2163//2193 1893//2081
f 2163//2193 2164//2193 1893//2081
f 2164//2193 2165//2193 1893//2081
f 2166//2193 2167//2193 2165//2193
f 2165//2193 2167//2193 1893//2081
f 1893//2081 2167//2193 2168//2193
f 2168//2193 2167//2193 2169//2194
f 2170//2194 2169//2194 2167//2193
f 1885//2079 1886//2080 2171//2193
f 2171//2193 1886//2080 2172//2193
f 2172//2193 1886//2080 2165//2193
f 2166//2193 2165//2193 1886//2080
f 1907//2082 1906//1954 2177//2078
f 2177//2078 1906//1954 2178//2078
f 2178//2078 1906//1954 2179//2195
f 2180//2196 2179//2195 1906//1954
f 1911//2083 2183//2197 1912//2084
f 2184//2198 1912//2084 2183//2197
f 1536//1964 1912//2084 1916//2086
f 2186//2199 1916//2086 1912//2084
f 1915//2085 1916//2086 2189//2200
f 2190//2201 2189//2200 1916//2086
f 1920//2088 2192//2202 1540//1966
f 1918//2087 1540//1966 2192//2202
f 2016//2136 2195//2203 2014//2135
f 2196//2204 2014//2135 2195//2203
f 2198//2205 2196//2204 2195//2203
f 1928//2092 2200//2206 1927//2091
f 1928//2092 1930//2093 2200//2206
f 2202//2207 2200//2206 1930//2093
f 1930//2093 1932//2094 2202//2207
f 2204//2208 2202//2207 1932//2094
f 1932//2094 1934//2095 2204//2208
f 2206//2209 2204//2208 1934//2095
f 1934//2095 1936//2096 2206//2209
f 2208//2210 2206//2209 1936//2096
f 1936//2096 1938//2097 2208//2210
f 2210//2211 2208//2210 1938//2097
f 1938//2097 1766//2076 2210//2211
f 2133//2190 2210//2211 1766//2076
f 1940//2098 2212//2212 1920//2088
f 2192//2202 1920//2088 2212//2212
f 1942//2099 2214//2213 1940//2098
f 2212//2212 1940//2098 2214//2213
f 1944//2100 2216//2214 1942//2099
f 2214//2213 1942//2099 2216//2214
f 2216//2214 1944//2100 1948//2102
f 2220//2215 2221//2216 2222//2217
f 2023//2139 2024//2140 2222//2217
f 2220//2215 2222//2217 2024//2140
f 1953//2104 2225//2218 1954//2105
f 2226//2219 1954//2105 2225//2218
f 1956//2106 1958//2107 2122//2188
f 2228//2220 2122//2188 1958//2107
f 1958//2107 1960//2108 2228//2220
f 2230//2221 2228//2220 1960//2108
f 1960//2108 1962//2109 2230//2221
f 2232//2222 2230//2221 1962//2109
f 1962//2109 1964//2110 2232//2222
f 2234//2223 2232//2222 1964//2110
f 1964//2110 1966//2111 2234//2223
f 2236//2224 2234//2223 1966//2111
f 1966//2111 1968//2112 2236//2224
f 2238//2225 2236//2224 1968//2112
f 1968//2112 1970//2113 2238//2225
f 2240//2226 2238//2225 1970//2113
f 1970//2113 1972//2114 2240//2226
f 2242//2227 2240//2226 1972//2114
f 1972//2114 1974//2115 2242//2227
f 2244//2228 2242//2227 1974//2115
f 1974//2115 1976//2116 2244//2228
f 2246//2229 2244//2228 1976//2116
f 1976//2116 1978//2117 2246//2229
f 2248//2230 2246//2229 1978//2117
f 1978//2117 1980//2118 2248//2230
f 2250//2231 2248//2230 1980//2118
f 1982//2119 2252//2232 1980//2118
f 2250//2231 1980//2118 2252//2232
f 1984//2120 2254//2233 1982//2119
f 2252//2232 1982//2119 2254//2233
f 1986//2121 2256//2234 1984//2120
f 2254//2233 1984//2120 2256//2234
f 1988//2122 2258//2235 1986//2121
f 2256//2234 1986//2121 2258//2235
f 1990//2123 2260//2236 1988//2122
f 2258//2235 1988//2122 2260//2236
f 1992//2124 2262//2237 1990//2123
f 2260//2236 1990//2123 2262//2237
f 1994//2125 2264//2238 1992//2124
f 2262//2237 1992//2124 2264//2238
f 1996//2126 2266//2239 1994//2125
f 2264//2238 1994//2125 2266//2239
f 1998//2127 2268//2240 1996//2126
f 2266//2239 1996//2126 2268//2240
f 2000//2128 2270//2241 1998//2127
f 2268//2240 1998//2127 2270//2241
f 1954//2105 2226//2219 2000//2128
f 2270//2241 2000//2128 2226//2219
f 2003//2129 2273//2242 2004//2130
f 2274//2243 2004//2130 2273//2242
f 2006//2131 2276//2244 2003//2129
f 2273//2242 2003//2129 2276//2244
f 2008//2132 2278//2245 2006//2131
f 2276//2244 2006//2131 2278//2245
f 2010//2133 2280//2246 2008//2132
f 2278//2245 2008//2132 2280//2246
f 2012//2134 2282//2247 2010//2133
f 2280//2246 2010//2133 2282//2247
f 2014//2135 2196//2204 2012//2134
f 2282//2247 2012//2134 2196//2204
f 2019//2137 2020//2138 2285//2248
f 2286//2249 2285//2248 2020//2138
f 2024//2140 2026//2141 2220//2215
f 2288//2250 2220//2215 2026//2141
f 2026//2141 2028//2142 2288//2250
f 2290//2251 2288//2250 2028//2142
f 2028//2142 2030//2143 2290//2251
f 2292//2252 2290//2251 2030//2143
f 2030//2143 2032//2144 2292//2252
f 2294//2253 2292//2252 2032//2144
f 2032//2144 2019//2137 2294//2253
f 2285//2248 2294//2253 2019//2137
f 2035//2145 2036//2146 2297//2254
f 2298//2255 2297//2254 2036//2146
f 2036//2146 2038//2147 2298//2255
f 2300//2256 2298//2255 2038//2147
f 2038//2147 2040//2148 2300//2256
f 2302//2257 2300//2256 2040//2148
f 2040//2148 2042//2149 2302//2257
f 2304//2258 2302//2257 2042//2149
f 2042//2149 2044//2150 2304//2258
f 2306//2259 2304//2258 2044//2150
f 2044//2150 2046//2151 2306//2259
f 2308//2260 2306//2259 2046//2151
f 2046//2151 2048//2152 2308//2260
f 2310//2261 2308//2260 2048//2152
f 2048//2152 2050//2153 2310//2261
f 2312//2262 2310//2261 2050//2153
f 2050//2153 2052//2154 2312//2262
f 2314//2263 2312//2262 2052//2154
f 2052//2154 2054//2155 2314//2263
f 2316//2264 2314//2263 2054//2155
f 2054//2155 2056//2156 2316//2264
f 2318//2265 2316//2264 2056//2156
f 2056//2156 2058//2157 2318//2265
f 2320//2266 2318//2265 2058//2157
f 2060//2158 2322//2267 2058//2157
f 2320//2266 2058//2157 2322//2267
f 2062//2159 2324//2268 2060//2158
f 2322//2267 2060//2158 2324//2268
f 2064//2160 2326//2269 2062//2159
f 2324//2268 2062//2159 2326//2269
f 2066//2161 2328//2270 2064//2160
f 2326//2269 2064//2160 2328//2270
f 2068//2162 2330//2271 2066//2161
f 2328//2270 2066//2161 2330//2271
f 2070//2163 2332//2272 2068//2162
f 2330//2271 2068//2162 2332//2272
f 2072//2164 2334//2273 2070//2163
f 2332//2272 2070//2163 2334//2273
f 2074//2165 2336//2274 2072//2164
f 2334//2273 2072//2164 2336//2274
f 2076//2166 2338//2275 2074//2165
f 2336//2274 2074//2165 2338//2275
f 2078//2167 2340//2276 2076//2166
f 2338//2275 2076//2166 2340//2276
f 2080//2168 2342//2277 2078//2167
f 2340//2276 2078//2167 2342//2277
f 2082//2169 2084//2170 2080//2168
f 2342//2277 2080//2168 2084//2170
f 1716//2054 2086//2171 2084//2170
f 2344//2278 2084//2170 2086//2171
f 2086//2171 2088//2172 2344//2278
f 2346//2279 2344//2278 2088//2172
f 2346//2279 2088//2172 2348//2280
f 2090//2173 2348//2280 2088//2172
f 2348//2280 2090//2173 2350//2281
f 2092//2174 2350//2281 2090//2173
f 2350//2281 2092//2174 2352//2282
f 2094//2175 2352//2282 2092//2174
f 2352//2282 2094//2175 2354//2283
f 2096//2176 2354//2283 2094//2175
f 2354//2283 2096//2176 2356//2284
f 2098//2177 2356//2284 2096//2176
f 2356//2284 2098//2177 2358//2285
f 2100//2178 2358//2285 2098//2177
f 2361//2286 2362//2286 2103//2179
f 2104//2179 2103//2179 2362//2286
f 2365//2287 2366//2288 2107//2180
f 2108//2181 2107//2180 2366//2288
f 2368//2289 2365//2287 2110//2182
f 2107//2180 2110//2182 2365//2287
f 2370//2290 2368//2289 2112//2183
f 2110//2182 2112//2183 2368//2289
f 2372//2291 2370//2290 2114//2184
f 2112//2183 2114//2184 2370//2290
f 2374//2292 2372//2291 2116//2185
f 2114//2184 2116//2185 2372//2291
f 2376//2293 2374//2292 2118//2186
f 2116//2185 2118//2186 2374//2292
f 2120//2187 2378//2294 2118//2186
f 2376//2293 2118//2186 2378//2294
f 1756//2073 2122//2188 2120//2187
f 2378//2294 2120//2187 2122//2188
f 2129//2080 2130//2189 2382//2193
f 2382//2193 2130//2189 2383//2193
f 2384//2193 2383//2193 2130//2189
f 2138//2082 2389//2078 2139//1954
f 2389//2078 2390//2078 2139//1954
f 2139//1954 2390//2078 2391//2196
f 2392//2195 2391//2196 2390//2078
f 2397//2191 2398//2295 2399//2296
f 2400//2297 2399//2296 2398//2295
f 2152//2192 2151//2192 2406//2193
f 2151//2192 2407//2193 2406//2193
f 2407//2193 2408//2193 2406//2193
f 2406//2193 2408//2193 2409//2193
f 2410//2193 2409//2193 2408//2193
f 2414//2298 2415//2299 2416//2193
f 2169//2194 2170//2194 2420//2300
f 2170//2194 2421//2300 2420//2300
f 2422//2300 2420//2300 2421//2300
f 2530//2193 2531//2193 2532//2193
f 2532//2193 2531//2193 2533//2193
f 2533//2193 2531//2193 2534//2193
f 2531//2193 2535//2193 2534//2193
f 2534//2193 2535//2193 2536//2193
f 2536//2193 2535//2193 2537//2193
f 2537//2193 2535//2193 2538//2193
f 2535//2193 2539//2301 2538//2193
f 2540//2302 2538//2193 2539//2301
f 2541//2193 2542//2193 2543//2193
f 2542//2193 2544//2193 2543//2193
f 2543//2193 2544//2193 2545//2193
f 2544//2193 2546//2193 2545//2193
f 2545//2193 2546//2193 2547//2193
f 2546//2193 2548//2193 2547//2193
f 2548//2193 2534//2193 2547//2193
f 2536//2193 2547//2193 2534//2193
f 2549//2193 2550//2193 2551//2193
f 2551//2193 2550//2193 2552//2193
f 2552//2193 2550//2193 2553//2193
f 2550//2193 2554//2193 2553//2193
f 2553//2193 2554//2193 2555//2193
f 2555//2193 2554//2193 2556//2193
f 2556//2193 2554//2193 2557//2193
f 2554//2193 2558//2193 2557//2193
f 2557//2193 2558//2193 2559//2193
f 2559//2193 2558//2193 2560//2193
f 2560//2193 2558//2193 2530//2193
f 2530//2193 2558//2193 2531//2193
f 2531//2193 2558//2193 2561//2193
f 2558//2193 2562//2193 2561//2193
f 2561//2193 2562//2193 2563//2193
f 2562//2193 2564//2303 2563//2193
f 2565//2304 2563//2193 2564//2303
f 2566//2193 2567//2193 2568//2193
f 2567//2193 2569//2193 2568//2193
f 2568//2193 2569//2193 2570//2193
f 2569//2193 2571//2193 2570//2193
f 2570//2193 2571//2193 2572//2193
f 2571//2193 2573//2193 2572//2193
f 2573//2193 2553//2193 2572//2193
f 2555//2193 2572//2193 2553//2193
f 2180//2196 2574//2193 2179//2195
f 2574//2193 2575//2193 2179//2195
f 2575//2193 2576//2193 2179//2195
f 2576//2193 2577//2193 2179//2195
f 2577//2193 2578//2193 2179//2195
f 2578//2193 2579//2193 2179//2195
f 2579//2193 2580//2193 2179//2195
f 2580//2193 2581//2193 2179//2195
f 2581//2193 2582//2193 2179//2195
f 2582//2193 2583//2193 2179//2195
f 2583//2193 2584//2193 2179//2195
f 2584//2193 2585//2193 2179//2195
f 2585//2193 2586//2193 2179//2195
f 2586//2193 2587//2193 2179//2195
f 2179//2195 2587//2193 2588//2193
f 2587//2193 2589//2193 2588//2193
f 2589//2193 2590//2193 2588//2193
f 2590//2193 2591//2193 2588//2193
f 2591//2193 2567//2193 2588//2193
f 2567//2193 2566//2193 2588//2193
f 2566//2193 2592//2193 2588//2193
f 2592//2193 2593//2193 2588//2193
f 2593//2193 2594//2193 2588//2193
f 2594//2193 2595//2193 2588//2193
f 2595//2193 2596//2193 2588//2193
f 2596//2193 2597//2193 2588//2193
f 2597//2193 2598//2193 2588//2193
f 2588//2193 2598//2193 2599//2193
f 2598//2193 2542//2193 2599//2193
f 2542//2193 2541//2193 2599//2193
f 2541//2193 2600//2193 2599//2193
f 2600//2193 2601//2193 2599//2193
f 2601//2193 2602//2193 2599//2193
f 2602//2193 2603//2193 2599//2193
f 2603//2193 2604//2193 2599//2193
f 2604//2193 2605//2193 2599//2193
f 2599//2193 2605//2193 2606//2298
f 2607//2305 2606//2298 2605//2193
f 2574//2193 2180//2196 2608//2193
f 2608//2193 2180//2196 2609//2193
f 2609//2193 2180//2196 2610//2193
f 2610//2193 2180//2196 2611//2193
f 2611//2193 2180//2196 2612//2193
f 2612//2193 2180//2196 2613//2193
f 2613//2193 2180//2196 2614//2193
f 2614//2193 2180//2196 2615//2193
f 2615//2193 2180//2196 2616//2193
f 2616//2193 2180//2196 2617//2193
f 2617//2193 2180//2196 2618//2193
f 2618//2193 2180//2196 2619//2193
f 2620//2193 2619//2193 2621//2193
f 2621//2193 2619//2193 2622//2193
f 2622//2193 2619//2193 2623//2193
f 2623//2193 2619//2193 2624//2193
f 2619//2193 2180//2196 2624//2193
f 2624//2193 2180//2196 2549//2193
f 2549//2193 2180//2196 2550//2193
f 2550//2193 2180//2196 2625//2193
f 2625//2193 2180//2196 2626//2193
f 2626//2193 2180//2196 2627//2193
f 2627//2193 2180//2196 2628//2193
f 2180//2196 2629//2306 2628//2193
f 2630//2307 2628//2193 2629//2306
f 2583//2193 2582//2193 2631//2193
f 2582//2193 2632//2193 2631//2193
f 2631//2193 2632//2193 2633//2193
f 2632//2193 2634//2193 2633//2193
f 2633//2193 2634//2193 2635//2193
f 2634//2193 2636//2193 2635//2193
f 2636//2193 2619//2193 2635//2193
f 2620//2193 2635//2193 2619//2193
f 2183//2197 2639//2308 2184//2198
f 2640//2309 2184//2198 2639//2308
f 1912//2084 2184//2198 2186//2199
f 2642//2310 2186//2199 2184//2198
f 1916//2086 2186//2199 2190//2201
f 2644//2311 2190//2201 2186//2199
f 2189//2200 2190//2201 2647//2312
f 2648//2313 2647//2312 2190//2201
f 2198//2205 2651//2314 2196//2204
f 2196//2204 2651//2314 2282//2247
f 2652//2315 2282//2247 2651//2314
f 2651//2314 2655//2316 2652//2315
f 2656//2317 2652//2315 2655//2316
f 2659//2318 2660//2319 2655//2316
f 2656//2317 2655//2316 2660//2319
f 2663//2320 2664//2321 2659//2318
f 2660//2319 2659//2318 2664//2321
f 2667//2322 2668//2323 2663//2320
f 2664//2321 2663//2320 2668//2323
f 2671//2324 2672//2325 2667//2322
f 2668//2323 2667//2322 2672//2325
f 2399//2296 2400//2297 2671//2324
f 2672//2325 2671//2324 2400//2297
f 2639//2308 2675//2326 2640//2309
f 2676//2327 2640//2309 2675//2326
f 2675//2326 2679//2328 2676//2327
f 2680//2329 2676//2327 2679//2328
f 2683//2330 2684//2331 2679//2328
f 2680//2329 2679//2328 2684//2331
f 2221//2216 2220//2215 2683//2330
f 2220//2215 2288//2250 2683//2330
f 2684//2331 2683//2330 2288//2250
f 2225//2218 2687//2332 2226//2219
f 2688//2333 2226//2219 2687//2332
f 2122//2188 2228//2220 2378//2294
f 2690//2334 2378//2294 2228//2220
f 2228//2220 2230//2221 2690//2334
f 2692//2335 2690//2334 2230//2221
f 2230//2221 2232//2222 2692//2335
f 2694//2336 2692//2335 2232//2222
f 2232//2222 2234//2223 2694//2336
f 2696//2337 2694//2336 2234//2223
f 2234//2223 2236//2224 2696//2337
f 2698//2338 2696//2337 2236//2224
f 2236//2224 2238//2225 2698//2338
f 2700//2339 2698//2338 2238//2225
f 2238//2225 2240//2226 2700//2339
f 2702//2340 2700//2339 2240//2226
f 2240//2226 2242//2227 2702//2340
f 2704//2341 2702//2340 2242//2227
f 2242//2227 2244//2228 2704//2341
f 2706//2342 2704//2341 2244//2228
f 2244//2228 2246//2229 2706//2342
f 2708//2343 2706//2342 2246//2229
f 2246//2229 2248//2230 2708//2343
f 2710//2344 2708//2343 2248//2230
f 2248//2230 2250//2231 2710//2344
f 2712//2345 2710//2344 2250//2231
f 2252//2232 2714//2346 2250//2231
f 2712//2345 2250//2231 2714//2346
f 2254//2233 2716//2347 2252//2232
f 2714//2346 2252//2232 2716//2347
f 2256//2234 2718//2348 2254//2233
f 2716//2347 2254//2233 2718//2348
f 2258//2235 2720//2349 2256//2234
f 2718//2348 2256//2234 2720//2349
f 2260//2236 2722//2350 2258//2235
f 2720//2349 2258//2235 2722//2350
f 2262//2237 2724//2351 2260//2236
f 2722//2350 2260//2236 2724//2351
f 2264//2238 2726//2352 2262//2237
f 2724//2351 2262//2237 2726//2352
f 2266//2239 2728//2353 2264//2238
f 2726//2352 2264//2238 2728//2353
f 2268//2240 2730//2354 2266//2239
f 2728//2353 2266//2239 2730//2354
f 2270//2241 2732//2355 2268//2240
f 2730//2354 2268//2240 2732//2355
f 2226//2219 2688//2333 2270//2241
f 2732//2355 2270//2241 2688//2333
f 2273//2242 2735//2356 2274//2243
f 2736//2357 2274//2243 2735//2356
f 2276//2244 2738//2358 2273//2242
f 2735//2356 2273//2242 2738//2358
f 2278//2245 2740//2359 2276//2244
f 2738//2358 2276//2244 2740//2359
f 2280//2246 2742//2360 2278//2245
f 2740//2359 2278//2245 2742//2360
f 2282//2247 2652//2315 2280//2246
f 2742//2360 2280//2246 2652//2315
f 2285//2248 2286//2249 2745//2361
f 2746//2362 2745//2361 2286//2249
f 2288//2250 2290//2251 2684//2331
f 2748//2363 2684//2331 2290//2251
f 2290//2251 2292//2252 2748//2363
f 2750//2364 2748//2363 2292//2252
f 2292//2252 2294//2253 2750//2364
f 2752//2365 2750//2364 2294//2253
f 2294//2253 2285//2248 2752//2365
f 2745//2361 2752//2365 2285//2248
f 2297//2254 2298//2255 2755//2366
f 2756//2367 2755//2366 2298//2255
f 2298//2255 2300//2256 2756//2367
f 2758//2368 2756//2367 2300//2256
f 2300//2256 2302//2257 2758//2368
f 2760//2369 2758//2368 2302//2257
f 2302//2257 2304//2258 2760//2369
f 2762//2370 2760//2369 2304//2258
f 2304//2258 2306//2259 2762//2370
f 2764//2371 2762//2370 2306//2259
f 2306//2259 2308//2260 2764//2371
f 2766//2372 2764//2371 2308//2260
f 2308//2260 2310//2261 2766//2372
f 2768//2373 2766//2372 2310//2261
f 2310//2261 2312//2262 2768//2373
f 2770//2374 2768//2373 2312//2262
f 2312//2262 2314//2263 2770//2374
f 2772//2375 2770//2374 2314//2263
f 2314//2263 2316//2264 2772//2375
f 2774//2376 2772//2375 2316//2264
f 2316//2264 2318//2265 2774//2376
f 2776//2377 2774//2376 2318//2265
f 2318//2265 2320//2266 2776//2377
f 2778//2378 2776//2377 2320//2266
f 2322//2267 2780//2379 2320//2266
f 2778//2378 2320//2266 2780//2379
f 2324//2268 2782//2380 2322//2267
f 2780//2379 2322//2267 2782//2380
f 2326//2269 2784//2381 2324//2268
f 2782//2380 2324//2268 2784//2381
f 2328//2270 2786//2382 2326//2269
f 2784//2381 2326//2269 2786//2382
f 2330//2271 2788//2383 2328//2270
f 2786//2382 2328//2270 2788//2383
f 2332//2272 2790//2384 2330//2271
f 2788//2383 2330//2271 2790//2384
f 2334//2273 2792//2385 2332//2272
f 2790//2384 2332//2272 2792//2385
f 2336//2274 2794//2386 2334//2273
f 2792//2385 2334//2273 2794//2386
f 2338//2275 2796//2387 2336//2274
f 2794//2386 2336//2274 2796//2387
f 2340//2276 2798//2388 2338//2275
f 2796//2387 2338//2275 2798//2388
f 2342//2277 2800//2389 2340//2276
f 2798//2388 2340//2276 2800//2389
f 2084//2170 2344//2278 2342//2277
f 2800//2389 2342//2277 2344//2278
f 2344//2278 2346//2279 2800//2389
f 2802//2390 2800//2389 2346//2279
f 2802//2390 2346//2279 2804//2391
f 2348//2280 2804//2391 2346//2279
f 2804//2391 2348//2280 2806//2392
f 2350//2281 2806//2392 2348//2280
f 2806//2392 2350//2281 2808//2393
f 2352//2282 2808//2393 2350//2281
f 2808//2393 2352//2282 2810//2394
f 2354//2283 2810//2394 2352//2282
f 2810//2394 2354//2283 2812//2395
f 2356//2284 2812//2395 2354//2283
f 2812//2395 2356//2284 2814//2396
f 2358//2285 2814//2396 2356//2284
f 2817//2397 2818//2397 2361//2286
f 2362//2286 2361//2286 2818//2397
f 2821//2398 2822//2399 2365//2287
f 2366//2288 2365//2287 2822//2399
f 2824//2400 2821//2398 2368//2289
f 2365//2287 2368//2289 2821//2398
f 2826//2401 2824//2400 2370//2290
f 2368//2289 2370//2290 2824//2400
f 2828//2402 2826//2401 2372//2291
f 2370//2290 2372//2291 2826//2401
f 2830//2403 2828//2402 2374//2292
f 2372//2291 2374//2292 2828//2402
f 2832//2404 2830//2403 2376//2293
f 2374//2292 2376//2293 2830//2403
f 2378//2294 2690//2334 2376//2293
f 2832//2404 2376//2293 2690//2334
f 2392//2195 2838//2193 2391//2196
f 2838//2193 2839//2193 2391//2196
f 2391//2196 2839//2193 2840//2306
f 2839//2193 2841//2193 2840//2306
f 2842//2405 2840//2306 2841//2193
f 2398//2295 2845//2406 2400//2297
f 2846//2407 2400//2297 2845//2406
f 2565//2304 2564//2303 2934//2300
f 2564//2303 2935//2300 2934//2300
f 2934//2300 2935//2300 2936//2300
f 2935//2300 2937//2300 2936//2300
f 2936//2300 2937//2300 2938//2300
f 2937//2300 2939//2300 2938//2300
f 2938//2300 2939//2300 2940//2300
f 2939//2300 2941//2300 2940//2300
f 2941//2300 2942//2300 2940//2300
f 2940//2300 2942//2300 2943//2300
f 2942//2300 2944//2300 2943//2300
f 2945//2300 2946//2300 2944//2300
f 2943//2300 2944//2300 2946//2300
f 2630//2307 2629//2306 2947//2300
f 2947//2300 2629//2306 2948//2300
f 2948//2300 2629//2306 2949//2300
f 2949//2300 2629//2306 2950//2300
f 2950//2300 2629//2306 2951//2300
f 2951//2300 2629//2306 2945//2300
f 2946//2300 2945//2300 2952//2300
f 2952//2300 2945//2300 2953//2300
f 2629//2306 2954//2408 2945//2300
f 2953//2300 2945//2300 2954//2408
f 2414//2298 2955//2300 2415//2299
f 2955//2300 2956//2300 2415//2299
f 2957//2300 2958//2300 2956//2300
f 2958//2300 2959//2300 2956//2300
f 2959//2300 2960//2300 2956//2300
f 2960//2300 2961//2300 2956//2300
f 2961//2300 2962//2300 2956//2300
f 2956//2300 2962//2300 2415//2299
f 2962//2300 2963//2300 2415//2299
f 2963//2300 2964//2300 2415//2299
f 2415//2299 2964//2300 2965//2409
f 2966//2410 2965//2409 2964//2300
f 2607//2305 2967//2300 2606//2298
f 2606//2298 2967//2300 2968//2300
f 2967//2300 2969//2300 2968//2300
f 2969//2300 2970//2300 2968//2300
f 2968//2300 2970//2300 2956//2300
f 2957//2300 2956//2300 2970//2300
f 2971//2300 2972//2300 2973//2300
f 2973//2300 2972//2300 2974//2300
f 2974//2300 2972//2300 2959//2300
f 2960//2300 2959//2300 2972//2300
f 2539//2301 2975//2300 2540//2302
f 2540//2302 2975//2300 2976//2300
f 2976//2300 2975//2300 2977//2300
f 2977//2300 2975//2300 2971//2300
f 2971//2300 2975//2300 2972//2300
f 2972//2300 2975//2300 2978//2300
f 2975//2300 2979//2300 2978//2300
f 2978//2300 2979//2300 2980//2300
f 2980//2300 2979//2300 2981//2300
f 2979//2300 2982//2300 2981//2300
f 2981//2300 2982//2300 2983//2300
f 2982//2300 2984//2300 2983//2300
f 2983//2300 2984//2300 2985//2300
f 2984//2300 2986//2300 2985//2300
f 2985//2300 2986//2300 2987//2300
f 2986//2300 2988//2300 2987//2300
f 2988//2300 2989//2300 2987//2300
f 2987//2300 2989//2300 2990//2300
f 2989//2300 2991//2300 2990//2300
f 2954//2408 2992//2411 2953//2300
f 2953//2300 2992//2411 2991//2300
f 2990//2300 2991//2300 2992//2411
f 2962//2300 2961//2300 2993//2300
f 2961//2300 2994//2300 2993//2300
f 2993//2300 2994//2300 2995//2300
f 2995//2300 2994//2300 2996//2300
f 2994//2300 2997//2300 2996//2300
f 2996//2300 2997//2300 2998//2300
f 2997//2300 2999//2300 2998//2300
f 2998//2300 2999//2300 3000//2300
f 2999//2300 3001//2300 3000//2300
f 3000//2300 3001//2300 3002//2300
f 3001//2300 3003//2412 3002//2300
f 3004//2413 3002//2300 3003//2412
f 2963//2300 3005//2300 2964//2300
f 3005//2300 3006//2300 2964//2300
f 3006//2300 3007//2300 2964//2300
f 3007//2300 3008//2300 2964//2300
f 3008//2300 3009//2300 2964//2300
f 3009//2300 3010//2414 2964//2300
f 3011//2410 2964//2300 3010//2414
f 3006//2300 3005//2300 3012//2300
f 3005//2300 3013//2300 3012//2300
f 3012//2300 3013//2300 3014//2300
f 3014//2300 3013//2300 3015//2300
f 3013//2300 3016//2300 3015//2300
f 3015//2300 3016//2300 3017//2300
f 3016//2300 3018//2300 3017//2300
f 3017//2300 3018//2300 3019//2415
f 3020//2416 3019//2415 3018//2300
f 3027//2193 3028//2193 3029//2193
f 3028//2193 3030//2193 3029//2193
f 3029//2193 3030//2193 3031//2417
f 3032//2418 3031//2417 3030//2193
f 3043//2193 3044//2193 3045//2193
f 3044//2193 3046//2193 3045//2193
f 3045//2193 3046//2193 3047//2193
f 3046//2193 3048//2193 3047//2193
f 3047//2193 3048//2193 3049//2193
f 3048//2193 3050//2193 3049//2193
f 3049//2193 3050//2193 3051//2419
f 3052//2420 3051//2419 3050//2193
f 2184//2198 2640//2309 2642//2310
f 3054//2421 2642//2310 2640//2309
f 2186//2199 2642//2310 2644//2311
f 3056//2422 2644//2311 2642//2310
f 2190//2201 2644//2311 2648//2313
f 3058//2423 2648//2313 2644//2311
f 2647//2312 2648//2313 3061//2424
f 3062//2425 3061//2424 2648//2313
f 2652//2315 2656//2317 2742//2360
f 3064//2426 2742//2360 2656//2317
f 2660//2319 3066//2427 2656//2317
f 3064//2426 2656//2317 3066//2427
f 2664//2321 3068//2428 2660//2319
f 3066//2427 2660//2319 3068//2428
f 2668//2323 3070//2429 2664//2321
f 3068//2428 2664//2321 3070//2429
f 2672//2325 3072//2430 2668//2323
f 3070//2429 2668//2323 3072//2430
f 2400//2297 2846//2407 2672//2325
f 3072//2430 2672//2325 2846//2407
f 2640//2309 2676//2327 3054//2421
f 3074//2431 3054//2421 2676//2327
f 2676//2327 2680//2329 3074//2431
f 3076//2432 3074//2431 2680//2329
f 2684//2331 2748//2363 2680//2329
f 3076//2432 2680//2329 2748//2363
f 2687//2332 3079//2433 2688//2333
f 3080//2434 2688//2333 3079//2433
f 2690//2334 2692//2335 2832//2404
f 3082//2435 2832//2404 2692//2335
f 2692//2335 2694//2336 3082//2435
f 3084//2436 3082//2435 2694//2336
f 2694//2336 2696//2337 3084//2436
f 3086//2437 3084//2436 2696//2337
f 2696//2337 2698//2338 3086//2437
f 3088//2438 3086//2437 2698//2338
f 2698//2338 2700//2339 3088//2438
f 3090//2439 3088//2438 2700//2339
f 2700//2339 2702//2340 3090//2439
f 3092//2440 3090//2439 2702//2340
f 2702//2340 2704//2341 3092//2440
f 3094//2441 3092//2440 2704//2341
f 2704//2341 2706//2342 3094//2441
f 3096//2442 3094//2441 2706//2342
f 2706//2342 2708//2343 3096//2442
f 3098//2443 3096//2442 2708//2343
f 2708//2343 2710//2344 3098//2443
f 3100//2444 3098//2443 2710//2344
f 2710//2344 2712//2345 3100//2444
f 3102//2445 3100//2444 2712//2345
f 2714//2346 3104//2446 2712//2345
f 3102//2445 2712//2345 3104//2446
f 2716//2347 3106//2447 2714//2346
f 3104//2446 2714//2346 3106//2447
f 2718//2348 3108//2448 2716//2347
f 3106//2447 2716//2347 3108//2448
f 2720//2349 3110//2449 2718//2348
f 3108//2448 2718//2348 3110//2449
f 2722//2350 3112//2450 2720//2349
f 3110//2449 2720//2349 3112//2450
f 2724//2351 3114//2451 2722//2350
f 3112//2450 2722//2350 3114//2451
f 2726//2352 3116//2452 2724//2351
f 3114//2451 2724//2351 3116//2452
f 2728//2353 3118//2453 2726//2352
f 3116//2452 2726//2352 3118//2453
f 2730//2354 3120//2454 2728//2353
f 3118//2453 2728//2353 3120//2454
f 2732//2355 3122//2455 2730//2354
f 3120//2454 2730//2354 3122//2455
f 2688//2333 3080//2434 2732//2355
f 3122//2455 2732//2355 3080//2434
f 2735//2356 3125//2456 2736//2357
f 3126//2457 2736//2357 3125//2456
f 2738//2358 3128//2458 2735//2356
f 3125//2456 2735//2356 3128//2458
f 2740//2359 3130//2459 2738//2358
f 3128//2458 2738//2358 3130//2459
f 2742//2360 3064//2426 2740//2359
f 3130//2459 2740//2359 3064//2426
f 2745//2361 2746//2362 3133//2460
f 3134//2461 3133//2460 2746//2362
f 2748//2363 2750//2364 3076//2432
f 3136//2462 3076//2432 2750//2364
f 2750//2364 2752//2365 3136//2462
f 3138//2463 3136//2462 2752//2365
f 2752//2365 2745//2361 3138//2463
f 3133//2460 3138//2463 2745//2361
f 2755//2366 2756//2367 3141//2464
f 3142//2465 3141//2464 2756//2367
f 2756//2367 2758//2368 3142//2465
f 3144//2466 3142//2465 2758//2368
f 2758//2368 2760//2369 3144//2466
f 3146//2467 3144//2466 2760//2369
f 2760//2369 2762//2370 3146//2467
f 3148//2468 3146//2467 2762//2370
f 2762//2370 2764//2371 3148//2468
f 3150//2469 3148//2468 2764//2371
f 2764//2371 2766//2372 3150//2469
f 3152//2470 3150//2469 2766//2372
f 2766//2372 2768//2373 3152//2470
f 3154//2471 3152//2470 2768//2373
f 2768//2373 2770//2374 3154//2471
f 3156//2472 3154//2471 2770//2374
f 2770//2374 2772//2375 3156//2472
f 3158//2473 3156//2472 2772//2375
f 2772//2375 2774//2376 3158//2473
f 3160//2474 3158//2473 2774//2376
f 2774//2376 2776//2377 3160//2474
f 3162//2475 3160//2474 2776//2377
f 2776//2377 2778//2378 3162//2475
f 3164//2476 3162//2475 2778//2378
f 2780//2379 3166//2477 2778//2378
f 3164//2476 2778//2378 3166//2477
f 2782//2380 3168//2478 2780//2379
f 3166//2477 2780//2379 3168//2478
f 2784//2381 3170//2479 2782//2380
f 3168//2478 2782//2380 3170//2479
f 2786//2382 3172//2480 2784//2381
f 3170//2479 2784//2381 3172//2480
f 2788//2383 3174//2481 2786//2382
f 3172//2480 2786//2382 3174//2481
f 2790//2384 3176//2482 2788//2383
f 3174//2481 2788//2383 3176//2482
f 2792//2385 3178//2483 2790//2384
f 3176//2482 2790//2384 3178//2483
f 2794//2386 3180//2484 2792//2385
f 3178//2483 2792//2385 3180//2484
f 2796//2387 3182//2485 2794//2386
f 3180//2484 2794//2386 3182//2485
f 2798//2388 3184//2486 2796//2387
f 3182//2485 2796//2387 3184//2486
f 2800//2389 2802//2390 2798//2388
f 3184//2486 2798//2388 2802//2390
f 3184//2486 2802//2390 3186//2487
f 2804//2391 3186//2487 2802//2390
f 3186//2487 2804//2391 3188//2488
f 2806//2392 3188//2488 2804//2391
f 3188//2488 2806//2392 3190//2489
f 2808//2393 3190//2489 2806//2392
f 3190//2489 2808//2393 3192//2490
f 2810//2394 3192//2490 2808//2393
f 3192//2490 2810//2394 3194//2491
f 2812//2395 3194//2491 2810//2394
f 3194//2491 2812//2395 3196//2492
f 2814//2396 3196//2492 2812//2395
f 3199//2493 3200//2493 2817//2397
f 2818//2397 2817//2397 3200//2493
f 3203//2494 3204//2495 2821//2398
f 2822//2399 2821//2398 3204//2495
f 3206//2496 3203//2494 2824//2400
f 2821//2398 2824//2400 3203//2494
f 3208//2497 3206//2496 2826//2401
f 2824//2400 2826//2401 3206//2496
f 3210//2498 3208//2497 2828//2402
f 2826//2401 2828//2402 3208//2497
f 3212//2499 3210//2498 2830//2403
f 2828//2402 2830//2403 3210//2498
f 3082//2435 3212//2499 2832//2404
f 2830//2403 2832//2404 3212//2499
f 2842//2405 3223//2300 2840//2306
f 3223//2300 3224//2300 2840//2306
f 3224//2300 3225//2300 2840//2306
f 3225//2300 3226//2300 2840//2306
f 3226//2300 3227//2300 2840//2306
f 2840//2306 3227//2300 3228//2300
f 3229//2300 3228//2300 3227//2300
f 3223//2300 2842//2405 3230//2300
f 2842//2405 3231//2500 3230//2300
f 3232//2501 3230//2300 3231//2500
f 2845//2406 3235//2502 2846//2407
f 3236//2503 2846//2407 3235//2502
f 3019//2415 3020//2416 3266//2504
f 3020//2416 3267//2504 3266//2504
f 3266//2504 3267//2504 3268//2504
f 3267//2504 3269//2504 3268//2504
f 3269//2504 3270//2504 3268//2504
f 3268//2504 3270//2504 3271//2504
f 3270//2504 3272//2504 3271//2504
f 3273//2504 3274//2504 3272//2504
f 3271//2504 3272//2504 3274//2504
f 3003//2412 3275//2504 3004//2413
f 3275//2504 3276//2504 3004//2413
f 3004//2413 3276//2504 3277//2504
f 3276//2504 3278//2504 3277//2504
f 3279//2504 3280//2504 3278//2504
f 3277//2504 3278//2504 3280//2504
f 2992//2411 2954//2408 3281//2504
f 3281//2504 2954//2408 3282//2504
f 3282//2504 2954//2408 3279//2504
f 3279//2504 2954//2408 3280//2504
f 3280//2504 2954//2408 3283//2504
f 3283//2504 2954//2408 3273//2504
f 3273//2504 2954//2408 3274//2504
f 3274//2504 2954//2408 3284//2504
f 3284//2504 2954//2408 3285//2504
f 3286//2505 3285//2504 2954//2408
f 3010//2414 3287//2504 3011//2410
f 3011//2410 3287//2504 3288//2504
f 3287//2504 3289//2504 3288//2504
f 3289//2504 3290//2504 3288//2504
f 3290//2504 3291//2504 3288//2504
f 3291//2504 3292//2504 3288//2504
f 3292//2504 3293//2504 3288//2504
f 3285//2504 3286//2505 3293//2504
f 3286//2505 3294//2506 3293//2504
f 3288//2504 3293//2504 3294//2506
f 3309//2300 3310//2300 3311//2300
f 3310//2300 3312//2300 3311//2300
f 3311//2300 3312//2300 3313//2300
f 3312//2300 3314//2300 3313//2300
f 3313//2300 3314//2300 3315//2300
f 3314//2300 3316//2300 3315//2300
f 3315//2300 3316//2300 3317//2300
f 3316//2300 3318//2300 3317//2300
f 3317//2300 3318//2300 3319//2300
f 3318//2300 3320//2300 3319//2300
f 3319//2300 3320//2300 3321//2415
f 3322//2414 3321//2415 3320//2300
f 3339//2300 3340//2300 3341//2300
f 3340//2300 3342//2300 3341//2300
f 3341//2300 3342//2300 3343//2300
f 3342//2300 3344//2300 3343//2300
f 3343//2300 3344//2300 3345//2300
f 3344//2300 3346//2300 3345//2300
f 3345//2300 3346//2300 3347//2300
f 3346//2300 3348//2300 3347//2300
f 3347//2300 3348//2300 3349//2300
f 3348//2300 3350//2300 3349//2300
f 3349//2300 3350//2300 3351//2300
f 3350//2300 3352//2300 3351//2300
f 3351//2300 3352//2300 3353//2507
f 3354//2508 3353//2507 3352//2300
f 3051//2419 3052//2420 3367//2300
f 3052//2420 3368//2300 3367//2300
f 3367//2300 3368//2300 3369//2300
f 3368//2300 3370//2300 3369//2300
f 3369//2300 3370//2300 3371//2300
f 3370//2300 3372//2300 3371//2300
f 3371//2300 3372//2300 3373//2300
f 3372//2300 3374//2300 3373//2300
f 3373//2300 3374//2300 3375//2300
f 3374//2300 3376//2300 3375//2300
f 3375//2300 3376//2300 3377//2300
f 3378//2300 3377//2300 3376//2300
f 3031//2417 3032//2418 3395//2300
f 3032//2418 3396//2300 3395//2300
f 3395//2300 3396//2300 3397//2300
f 3396//2300 3398//2300 3397//2300
f 3397//2300 3398//2300 3399//2300
f 3398//2300 3400//2300 3399//2300
f 3399//2300 3400//2300 3401//2300
f 3400//2300 3402//2300 3401//2300
f 3401//2300 3402//2300 3403//2300
f 3402//2300 3404//2300 3403//2300
f 3403//2300 3404//2300 3405//2300
f 3404//2300 3406//2300 3405//2300
f 3405//2300 3406//2300 3407//2300
f 3406//2300 3408//2300 3407//2300
f 3407//2300 3408//2300 3409//2300
f 3410//2300 3409//2300 3408//2300
f 2966//2410 3413//2504 2965//2409
f 3414//2504 2965//2409 3413//2504
f 3421//2300 3422//2300 3423//2509
f 3424//2410 3423//2509 3422//2300
f 3422//2300 3421//2300 3425//2410
f 3426//2509 3425//2410 3421//2300
f 3437//2300 3438//2300 3439//2300
f 3438//2300 3440//2300 3439//2300
f 3439//2300 3440//2300 3441//2300
f 3440//2300 3442//2300 3441//2300
f 3441//2300 3442//2300 3443//2300
f 3442//2300 3444//2300 3443//2300
f 3443//2300 3444//2300 3445//2413
f 3446//2416 3445//2413 3444//2300
f 2642//2310 3054//2421 3056//2422
f 3448//2510 3056//2422 3054//2421
f 2644//2311 3056//2422 3058//2423
f 3450//2511 3058//2423 3056//2422
f 2648//2313 3058//2423 3062//2425
f 3452//2512 3062//2425 3058//2423
f 3062//2425 3455//2513 3061//2424
f 3456//2514 3061//2424 3455//2513
f 3066//2427 3458//2515 3064//2426
f 3130//2459 3064//2426 3458//2515
f 3068//2428 3460//2516 3066//2427
f 3458//2515 3066//2427 3460//2516
f 3070//2429 3462//2517 3068//2428
f 3460//2516 3068//2428 3462//2517
f 3072//2430 3464//2518 3070//2429
f 3462//2517 3070//2429 3464//2518
f 2846//2407 3236//2503 3072//2430
f 3464//2518 3072//2430 3236//2503
f 3054//2421 3074//2431 3448//2510
f 3466//2519 3448//2510 3074//2431
f 3074//2431 3076//2432 3466//2519
f 3136//2462 3466//2519 3076//2432
f 3469//2520 3470//2521 3079//2433
f 3080//2434 3079//2433 3470//2521
f 3084//2436 3472//2522 3082//2435
f 3212//2499 3082//2435 3472//2522
f 3086//2437 3474//2523 3084//2436
f 3472//2522 3084//2436 3474//2523
f 3088//2438 3476//2524 3086//2437
f 3474//2523 3086//2437 3476//2524
f 3090//2439 3478//2525 3088//2438
f 3476//2524 3088//2438 3478//2525
f 3092//2440 3480//2526 3090//2439
f 3478//2525 3090//2439 3480//2526
f 3094//2441 3482//2527 3092//2440
f 3480//2526 3092//2440 3482//2527
f 3096//2442 3484//2528 3094//2441
f 3482//2527 3094//2441 3484//2528
f 3098//2443 3486//2529 3096//2442
f 3484//2528 3096//2442 3486//2529
f 3100//2444 3488//2530 3098//2443
f 3486//2529 3098//2443 3488//2530
f 3102//2445 3490//2531 3100//2444
f 3488//2530 3100//2444 3490//2531
f 3492//2532 3490//2531 3104//2446
f 3102//2445 3104//2446 3490//2531
f 3494//2533 3492//2532 3106//2447
f 3104//2446 3106//2447 3492//2532
f 3496//2534 3494//2533 3108//2448
f 3106//2447 3108//2448 3494//2533
f 3498//2535 3496//2534 3110//2449
f 3108//2448 3110//2449 3496//2534
f 3500//2536 3498//2535 3112//2450
f 3110//2449 3112//2450 3498//2535
f 3502//2537 3500//2536 3114//2451
f 3112//2450 3114//2451 3500//2536
f 3504//2538 3502//2537 3116//2452
f 3114//2451 3116//2452 3502//2537
f 3506//2539 3504//2538 3118//2453
f 3116//2452 3118//2453 3504//2538
f 3508//2540 3506//2539 3120//2454
f 3118//2453 3120//2454 3506//2539
f 3510//2541 3508//2540 3122//2455
f 3120//2454 3122//2455 3508//2540
f 3470//2521 3510//2541 3080//2434
f 3122//2455 3080//2434 3510//2541
f 3125//2456 3513//2542 3126//2457
f 3514//2543 3126//2457 3513//2542
f 3516//2544 3513//2542 3128//2458
f 3125//2456 3128//2458 3513//2542
f 3458//2515 3516//2544 3130//2459
f 3128//2458 3130//2459 3516//2544
f 3133//2460 3134//2461 3519//2545
f 3520//2546 3519//2545 3134//2461
f 3466//2519 3136//2462 3522//2547
f 3138//2463 3522//2547 3136//2462
f 3522//2547 3138//2463 3519//2545
f 3133//2460 3519//2545 3138//2463
f 3525//2548 3141//2464 3526//2549
f 3142//2465 3526//2549 3141//2464
f 3526//2549 3142//2465 3528//2550
f 3144//2466 3528//2550 3142//2465
f 3528//2550 3144//2466 3530//2551
f 3146//2467 3530//2551 3144//2466
f 3530//2551 3146//2467 3532//2552
f 3148//2468 3532//2552 3146//2467
f 3532//2552 3148//2468 3534//2553
f 3150//2469 3534//2553 3148//2468
f 3534//2553 3150//2469 3536//2554
f 3152//2470 3536//2554 3150//2469
f 3536//2554 3152//2470 3538//2555
f 3154//2471 3538//2555 3152//2470
f 3538//2555 3154//2471 3540//2556
f 3156//2472 3540//2556 3154//2471
f 3540//2556 3156//2472 3542//2557
f 3158//2473 3542//2557 3156//2472
f 3542//2557 3158//2473 3544//2558
f 3160//2474 3544//2558 3158//2473
f 3544//2558 3160//2474 3546//2559
f 3162//2475 3546//2559 3160//2474
f 3546//2559 3162//2475 3548//2560
f 3164//2476 3548//2560 3162//2475
f 3164//2476 3166//2477 3548//2560
f 3550//2561 3548//2560 3166//2477
f 3166//2477 3168//2478 3550//2561
f 3552//2562 3550//2561 3168//2478
f 3168//2478 3170//2479 3552//2562
f 3554//2563 3552//2562 3170//2479
f 3170//2479 3172//2480 3554//2563
f 3556//2564 3554//2563 3172//2480
f 3172//2480 3174//2481 3556//2564
f 3558//2565 3556//2564 3174//2481
f 3174//2481 3176//2482 3558//2565
f 3560//2566 3558//2565 3176//2482
f 3176//2482 3178//2483 3560//2566
f 3562//2567 3560//2566 3178//2483
f 3178//2483 3180//2484 3562//2567
f 3564//2568 3562//2567 3180//2484
f 3180//2484 3182//2485 3564//2568
f 3566//2569 3564//2568 3182//2485
f 3182//2485 3184//2486 3566//2569
f 3186//2487 3566//2569 3184//2486
f 3566//2569 3186//2487 3568//2570
f 3188//2488 3568//2570 3186//2487
f 3568//2570 3188//2488 3570//2571
f 3190//2489 3570//2571 3188//2488
f 3570//2571 3190//2489 3572//2572
f 3192//2490 3572//2572 3190//2489
f 3572//2572 3192//2490 3574//2573
f 3194//2491 3574//2573 3192//2490
f 3574//2573 3194//2491 3576//2574
f 3196//2492 3576//2574 3194//2491
f 3579//2575 3580//2575 3199//2493
f 3200//2493 3199//2493 3580//2575
f 3583//2576 3584//2577 3203//2494
f 3204//2495 3203//2494 3584//2577
f 3586//2578 3583//2576 3206//2496
f 3203//2494 3206//2496 3583//2576
f 3588//2579 3586//2578 3208//2497
f 3206//2496 3208//2497 3586//2578
f 3590//2580 3588//2579 3210//2498
f 3208//2497 3210//2498 3588//2579
f 3472//2522 3590//2580 3212//2499
f 3210//2498 3212//2499 3590//2580
f 3601//2504 3602//2504 3603//2504
f 3602//2504 3604//2504 3603//2504
f 3604//2504 3605//2504 3603//2504
f 3605//2504 3606//2504 3603//2504
f 3606//2504 3607//2504 3603//2504
f 3607//2504 3608//2504 3603//2504
f 3603//2504 3608//2504 3609//2504
f 3610//2504 3609//2504 3608//2504
f 3621//2504 3622//2504 3623//2504
f 3622//2504 3624//2504 3623//2504
f 3624//2504 3625//2504 3623//2504
f 3625//2504 3626//2504 3623//2504
f 3626//2504 3627//2504 3623//2504
f 3627//2504 3628//2504 3623//2504
f 3623//2504 3628//2504 3629//2504
f 3630//2504 3629//2504 3628//2504
f 3638//2581 3639//2582 3640//2583
f 3640//2583 3639//2582 3641//2582
f 3639//2582 3642//2582 3641//2582
f 3641//2582 3642//2582 3643//2584
f 3644//2585 3643//2584 3642//2582
f 3650//2586 3651//1269 3652//2587
f 3651//1269 3653//1269 3652//2587
f 3653//1269 3654//1269 3652//2587
f 3652//2587 3654//1269 3640//2583
f 3638//2581 3640//2583 3654//1269
f 3657//2588 3658//2589 3652//2587
f 3650//2586 3652//2587 3658//2589
f 3661//2590 3662//2591 3657//2588
f 3658//2589 3657//2588 3662//2591
f 3665//2592 3666//2593 3661//2590
f 3662//2591 3661//2590 3666//2593
f 3669//2594 3670//2594 3665//2592
f 3666//2593 3665//2592 3670//2594
f 3676//2595 3677//2595 3678//2595
f 3678//2595 3677//2595 3679//2595
f 3680//2595 3679//2595 3677//2595
f 3232//2501 3231//2500 3687//2504
f 3231//2500 3688//2504 3687//2504
f 3688//2504 3689//2504 3687//2504
f 3687//2504 3689//2504 3690//2504
f 3690//2504 3689//2504 3691//2596
f 3692//2597 3691//2596 3689//2504
f 3235//2502 3695//2598 3236//2503
f 3696//2599 3236//2503 3695//2598
f 3353//2507 3354//2508 3703//2504
f 3354//2508 3704//2504 3703//2504
f 3703//2504 3704//2504 3705//2504
f 3704//2504 3706//2504 3705//2504
f 3705//2504 3706//2504 3707//2504
f 3708//2504 3707//2504 3706//2504
f 3321//2415 3322//2414 3717//2504
f 3322//2414 3718//2504 3717//2504
f 3717//2504 3718//2504 3719//2504
f 3718//2504 3720//2504 3719//2504
f 3719//2504 3720//2504 3721//2504
f 3720//2504 3722//2504 3721//2504
f 3721//2504 3722//2504 3723//2504
f 3724//2504 3723//2504 3722//2504
f 3445//2413 3446//2416 3737//2504
f 3446//2416 3738//2504 3737//2504
f 3737//2504 3738//2504 3739//2504
f 3738//2504 3740//2504 3739//2504
f 3739//2504 3740//2504 3741//2504
f 3740//2504 3742//2504 3741//2504
f 3741//2504 3742//2504 3743//2504
f 3742//2504 3744//2504 3743//2504
f 3743//2504 3744//2504 3745//2504
f 3744//2504 3746//2504 3745//2504
f 3745//2504 3746//2504 3747//2504
f 3748//2504 3747//2504 3746//2504
f 3426//2509 3753//2504 3425//2410
f 3425//2410 3753//2504 3754//2504
f 3754//2504 3753//2504 3755//2597
f 3756//2600 3755//2597 3753//2504
f 3286//2505 3763//2601 3294//2506
f 3763//2601 3764//2601 3294//2506
f 3294//2506 3764//2601 3765//2601
f 3764//2601 3766//2601 3765//2601
f 3765//2601 3766//2601 3767//2602
f 3768//2603 3767//2602 3766//2601
f 3423//2509 3424//2410 3773//2504
f 3424//2410 3774//2504 3773//2504
f 3773//2504 3774//2504 3775//2504
f 3776//2504 3775//2504 3774//2504
f 3782//1499 3783//1499 3784//2604
f 3784//2604 3783//1499 3785//2605
f 3786//2606 3785//2605 3783//1499
f 3790//2607 3791//2608 3792//2609
f 3792//2609 3791//2608 3782//1499
f 3783//1499 3782//1499 3791//2608
f 3056//2422 3448//2510 3450//2511
f 3794//2610 3450//2511 3448//2510
f 3058//2423 3450//2511 3452//2512
f 3796//2611 3452//2512 3450//2511
f 3452//2512 3798//2612 3062//2425
f 3455//2513 3062//2425 3798//2612
f 3803//2514 3804//2613 3805//2614
f 3806//2615 3805//2614 3804//2613
f 3460//2516 3808//2616 3458//2515
f 3516//2544 3458//2515 3808//2616
f 3462//2517 3810//2617 3460//2516
f 3808//2616 3460//2516 3810//2617
f 3464//2518 3812//2618 3462//2517
f 3810//2617 3462//2517 3812//2618
f 3236//2503 3696//2599 3464//2518
f 3812//2618 3464//2518 3696//2599
f 3448//2510 3466//2519 3794//2610
f 3522//2547 3794//2610 3466//2519
f 3815//2619 3816//2620 3469//2520
f 3470//2521 3469//2520 3816//2620
f 3474//2523 3818//2621 3472//2522
f 3590//2580 3472//2522 3818//2621
f 3476//2524 3820//2622 3474//2523
f 3818//2621 3474//2523 3820//2622
f 3478//2525 3822//2623 3476//2524
f 3820//2622 3476//2524 3822//2623
f 3480//2526 3824//2624 3478//2525
f 3822//2623 3478//2525 3824//2624
f 3482//2527 3826//2625 3480//2526
f 3824//2624 3480//2526 3826//2625
f 3484//2528 3828//2626 3482//2527
f 3826//2625 3482//2527 3828//2626
f 3486//2529 3830//2627 3484//2528
f 3828//2626 3484//2528 3830//2627
f 3488//2530 3832//2628 3486//2529
f 3830//2627 3486//2529 3832//2628
f 3490//2531 3834//2629 3488//2530
f 3832//2628 3488//2530 3834//2629
f 3836//2630 3834//2629 3492//2532
f 3490//2531 3492//2532 3834//2629
f 3838//2631 3836//2630 3494//2533
f 3492//2532 3494//2533 3836//2630
f 3840//2632 3838//2631 3496//2534
f 3494//2533 3496//2534 3838//2631
f 3842//2633 3840//2632 3498//2535
f 3496//2534 3498//2535 3840//2632
f 3844//2634 3842//2633 3500//2536
f 3498//2535 3500//2536 3842//2633
f 3846//2635 3844//2634 3502//2537
f 3500//2536 3502//2537 3844//2634
f 3848//2636 3846//2635 3504//2538
f 3502//2537 3504//2538 3846//2635
f 3850//2637 3848//2636 3506//2539
f 3504//2538 3506//2539 3848//2636
f 3852//2638 3850//2637 3508//2540
f 3506//2539 3508//2540 3850//2637
f 3854//2639 3852//2638 3510//2541
f 3508//2540 3510//2541 3852//2638
f 3816//2620 3854//2639 3470//2521
f 3510//2541 3470//2521 3854//2639
f 3513//2542 3857//2640 3514//2543
f 3858//2641 3514//2543 3857//2640
f 3808//2616 3857//2640 3516//2544
f 3513//2542 3516//2544 3857//2640
f 3519//2545 3520//2546 3861//2642
f 3862//2643 3861//2642 3520//2546
f 3794//2610 3522//2547 3861//2642
f 3519//2545 3861//2642 3522//2547
f 3865//2644 3525//2548 3866//2645
f 3526//2549 3866//2645 3525//2548
f 3866//2645 3526//2549 3868//2646
f 3528//2550 3868//2646 3526//2549
f 3868//2646 3528//2550 3870//2647
f 3530//2551 3870//2647 3528//2550
f 3870//2647 3530//2551 3872//2648
f 3532//2552 3872//2648 3530//2551
f 3872//2648 3532//2552 3874//2649
f 3534//2553 3874//2649 3532//2552
f 3874//2649 3534//2553 3876//2650
f 3536//2554 3876//2650 3534//2553
f 3876//2650 3536//2554 3878//2651
f 3538//2555 3878//2651 3536//2554
f 3878//2651 3538//2555 3880//2652
f 3540//2556 3880//2652 3538//2555
f 3880//2652 3540//2556 3882//2653
f 3542//2557 3882//2653 3540//2556
f 3882//2653 3542//2557 3884//2654
f 3544//2558 3884//2654 3542//2557
f 3884//2654 3544//2558 3886//2655
f 3546//2559 3886//2655 3544//2558
f 3886//2655 3546//2559 3888//2656
f 3548//2560 3888//2656 3546//2559
f 3548//2560 3550//2561 3888//2656
f 3890//2657 3888//2656 3550//2561
f 3550//2561 3552//2562 3890//2657
f 3892//2658 3890//2657 3552//2562
f 3552//2562 3554//2563 3892//2658
f 3894//2659 3892//2658 3554//2563
f 3554//2563 3556//2564 3894//2659
f 3896//2660 3894//2659 3556//2564
f 3556//2564 3558//2565 3896//2660
f 3898//2661 3896//2660 3558//2565
f 3558//2565 3560//2566 3898//2661
f 3900//2662 3898//2661 3560//2566
f 3560//2566 3562//2567 3900//2662
f 3902//2663 3900//2662 3562//2567
f 3562//2567 3564//2568 3902//2663
f 3904//2664 3902//2663 3564//2568
f 3564//2568 3566//2569 3904//2664
f 3568//2570 3904//2664 3566//2569
f 3904//2664 3568//2570 3906//2665
f 3570//2571 3906//2665 3568//2570
f 3906//2665 3570//2571 3908//2666
f 3572//2572 3908//2666 3570//2571
f 3908//2666 3572//2572 3910//2667
f 3574//2573 3910//2667 3572//2572
f 3910//2667 3574//2573 3912//2668
f 3576//2574 3912//2668 3574//2573
f 3915//2669 3916//2669 3579//2575
f 3580//2575 3579//2575 3916//2669
f 3919//2670 3920//2671 3583//2576
f 3584//2577 3583//2576 3920//2671
f 3922//2672 3919//2670 3586//2578
f 3583//2576 3586//2578 3919//2670
f 3924//2673 3922//2672 3588//2579
f 3586//2578 3588//2579 3922//2672
f 3818//2621 3924//2673 3590//2580
f 3588//2579 3590//2580 3924//2673
f 3942//2601 3943//2601 3944//2601
f 3944//2601 3943//2601 3945//2601
f 3943//2601 3946//2601 3945//2601
f 3946//2601 3947//2601 3945//2601
f 3947//2601 3948//2601 3945//2601
f 3945//2601 3948//2601 3949//2601
f 3948//2601 3950//2601 3949//2601
f 3950//2601 3951//2601 3949//2601
f 3951//2601 3952//2601 3949//2601
f 3953//2601 3949//2601 3952//2601
f 3691//2596 3692//2597 3954//2601
f 3692//2597 3955//2601 3954//2601
f 3954//2601 3955//2601 3956//2601
f 3956//2601 3955//2601 3952//2601
f 3953//2601 3952//2601 3957//2603
f 3955//2601 3958//2674 3952//2601
f 3957//2603 3952//2601 3958//2674
f 3962//2675 3963//2676 3964//2677
f 3970//1373 3971//2678 3972//1374
f 3972//1374 3971//2678 3973//2679
f 3974//2678 3973//2679 3971//2678
f 3978//2680 3979//1372 3980//2681
f 3979//1372 3972//1374 3980//2681
f 3973//2679 3980//2681 3972//1374
f 3984//2682 3985//1380 3986//2683
f 3985//1380 3978//2680 3986//2683
f 3980//2681 3986//2683 3978//2680
f 3990//2684 3991//1385 3992//2685
f 3991//1385 3984//2682 3992//2685
f 3986//2683 3992//2685 3984//2682
f 3644//2585 3994//1261 3643//2584
f 3994//1261 3990//2684 3643//2584
f 3992//2685 3643//2584 3990//2684
f 3695//2598 3997//2686 3696//2599
f 3998//2687 3696//2599 3997//2686
f 4004//2688 4005//2689 4006//2690
f 4006//2690 4005//2689 4007//2691
f 4008//2692 4007//2691 4005//2689
f 4015//1271 4016//1270 4017//2582
f 4017//2582 4016//1270 4018//2582
f 4016//1270 4019//1259 4018//2582
f 4020//1262 4018//2582 4019//1259
f 4023//2693 4004//2688 4024//2694
f 4006//2690 4024//2694 4004//2688
f 4028//2695 4023//2693 4029//2696
f 4029//2696 4023//2693 4030//2697
f 4024//2694 4030//2697 4023//2693
f 4043//17 4044//17 4045//17
f 4045//17 4044//17 4046//17
f 4046//17 4044//17 4047//17
f 4047//17 4044//17 4048//17
f 4048//17 4044//17 4049//17
f 4049//17 4044//17 4050//17
f 4044//17 4051//17 4050//17
f 4050//17 4051//17 4052//17
f 4051//17 4053//17 4052//17
f 4054//17 4052//17 4053//17
f 4057//2698 4028//2695 4058//2699
f 4029//2696 4058//2699 4028//2695
f 4061//2700 4057//2698 4062//2700
f 4058//2699 4062//2700 4057//2698
f 4067//2595 4068//2595 4069//2595
f 4070//2595 4069//2595 4068//2595
f 4085//1396 4086//1396 4087//1396
f 4087//1396 4086//1396 4088//1396
f 4088//1396 4086//1396 4089//1396
f 4089//1396 4086//1396 4090//1396
f 4090//1396 4086//1396 4091//1396
f 4091//1396 4086//1396 4092//1396
f 4086//1396 4093//1396 4092//1396
f 4092//1396 4093//1396 4094//1396
f 4094//1396 4093//1396 4095//1396
f 4095//1396 4093//1396 4096//1396
f 4096//1396 4093//1396 4097//1446
f 4098//1445 4097//1446 4093//1396
f 3785//2605 3786//2606 4103//2701
f 4103//2701 3786//2606 4104//2701
f 4104//2701 3786//2606 4105//2702
f 4106//2703 4105//2702 3786//2606
f 3756//2600 4111//2601 3755//2597
f 3755//2597 4111//2601 4112//2601
f 4111//2601 4113//2704 4112//2601
f 4114//2674 4112//2601 4113//2704
f 4118//2705 4119//2706 4120//2707
f 4120//2707 4119//2706 3790//2607
f 3791//2608 3790//2607 4119//2706
f 3768//2603 4123//2708 3767//2602
f 4124//2708 3767//2602 4123//2708
f 4130//2601 4131//2709 4132//2601
f 4132//2601 4131//2709 4133//2601
f 4134//2710 4133//2601 4131//2709
f 3450//2511 3794//2610 3796//2611
f 3861//2642 3796//2611 3794//2610
f 3796//2611 4136//2711 3452//2512
f 3798//2612 3452//2512 4136//2711
f 3804//2613 4139//2712 3806//2615
f 4140//2713 3806//2615 4139//2712
f 3805//2614 3806//2615 4143//2714
f 4144//2715 4143//2714 3806//2615
f 3810//2617 4146//2716 3808//2616
f 3857//2640 3808//2616 4146//2716
f 3812//2618 4148//2717 3810//2617
f 4146//2716 3810//2617 4148//2717
f 3696//2599 3998//2687 3812//2618
f 4148//2717 3812//2618 3998//2687
f 4151//2718 4152//2719 3815//2619
f 3816//2620 3815//2619 4152//2719
f 3820//2622 4154//2720 3818//2621
f 3924//2673 3818//2621 4154//2720
f 3822//2623 4156//2721 3820//2622
f 4154//2720 3820//2622 4156//2721
f 3824//2624 4158//2722 3822//2623
f 4156//2721 3822//2623 4158//2722
f 3826//2625 4160//2723 3824//2624
f 4158//2722 3824//2624 4160//2723
f 3828//2626 4162//2724 3826//2625
f 4160//2723 3826//2625 4162//2724
f 3830//2627 4164//2725 3828//2626
f 4162//2724 3828//2626 4164//2725
f 3832//2628 4166//2726 3830//2627
f 4164//2725 3830//2627 4166//2726
f 3834//2629 4168//2727 3832//2628
f 4166//2726 3832//2628 4168//2727
f 4170//2728 4168//2727 3836//2630
f 3834//2629 3836//2630 4168//2727
f 4172//2729 4170//2728 3838//2631
f 3836//2630 3838//2631 4170//2728
f 4174//2730 4172//2729 3840//2632
f 3838//2631 3840//2632 4172//2729
f 4176//2731 4174//2730 3842//2633
f 3840//2632 3842//2633 4174//2730
f 4178//2732 4176//2731 3844//2634
f 3842//2633 3844//2634 4176//2731
f 4180//2733 4178//2732 3846//2635
f 3844//2634 3846//2635 4178//2732
f 4182//2734 4180//2733 3848//2636
f 3846//2635 3848//2636 4180//2733
f 4184//2735 4182//2734 3850//2637
f 3848//2636 3850//2637 4182//2734
f 4186//2736 4184//2735 3852//2638
f 3850//2637 3852//2638 4184//2735
f 4188//2737 4186//2736 3854//2639
f 3852//2638 3854//2639 4186//2736
f 4152//2719 4188//2737 3816//2620
f 3854//2639 3816//2620 4188//2737
f 3857//2640 4146//2716 3858//2641
f 4190//2738 3858//2641 4146//2716
f 3861//2642 3862//2643 3796//2611
f 4136//2711 3796//2611 3862//2643
f 4193//2739 3865//2644 4194//2740
f 3866//2645 4194//2740 3865//2644
f 4194//2740 3866//2645 4196//2741
f 3868//2646 4196//2741 3866//2645
f 4196//2741 3868//2646 4198//2742
f 3870//2647 4198//2742 3868//2646
f 4198//2742 3870//2647 4200//2743
f 3872//2648 4200//2743 3870//2647
f 4200//2743 3872//2648 4202//2744
f 3874//2649 4202//2744 3872//2648
f 4202//2744 3874//2649 4204//2745
f 3876//2650 4204//2745 3874//2649
f 4204//2745 3876//2650 4206//2746
f 3878//2651 4206//2746 3876//2650
f 4206//2746 3878//2651 4208//2747
f 3880//2652 4208//2747 3878//2651
f 4208//2747 3880//2652 4210//2748
f 3882//2653 4210//2748 3880//2652
f 4210//2748 3882//2653 4212//2749
f 3884//2654 4212//2749 3882//2653
f 4212//2749 3884//2654 4214//2750
f 3886//2655 4214//2750 3884//2654
f 4214//2750 3886//2655 4216//2751
f 3888//2656 4216//2751 3886//2655
f 3888//2656 3890//2657 4216//2751
f 4218//2752 4216//2751 3890//2657
f 3890//2657 3892//2658 4218//2752
f 4220//2753 4218//2752 3892//2658
f 3892//2658 3894//2659 4220//2753
f 4222//2754 4220//2753 3894//2659
f 3894//2659 3896//2660 4222//2754
f 4224//2755 4222//2754 3896//2660
f 3896//2660 3898//2661 4224//2755
f 4226//2756 4224//2755 3898//2661
f 3898//2661 3900//2662 4226//2756
f 4228//2757 4226//2756 3900//2662
f 3900//2662 3902//2663 4228//2757
f 4230//2758 4228//2757 3902//2663
f 3902//2663 3904//2664 4230//2758
f 3906//2665 4230//2758 3904//2664
f 4230//2758 3906//2665 4232//2759
f 3908//2666 4232//2759 3906//2665
f 4232//2759 3908//2666 4234//2760
f 3910//2667 4234//2760 3908//2666
f 4234//2760 3910//2667 4236//2761
f 3912//2668 4236//2761 3910//2667
f 4239//2762 4240//2762 3915//2669
f 3916//2669 3915//2669 4240//2762
f 4243//2763 4244//2764 3919//2670
f 3920//2671 3919//2670 4244//2764
f 4246//2765 4243//2763 3922//2672
f 3919//2670 3922//2672 4243//2763
f 4154//2720 4246//2765 3924//2673
f 3922//2672 3924//2673 4246//2765
f 4250//2766 4251//2767 4252//2768
f 4251//2767 4254//2769 4252//2768
f 4254//2769 4257//2601 4258//2770
f 3962//2675 4262//2771 4263//2772
f 4263//2772 4262//2771 4264//2773
f 4258//2770 4264//2773 4262//2771
f 4263//2772 4266//2601 3963//2676
f 3998//2687 3997//2686 4269//2774
f 4270//2775 4269//2774 3997//2686
f 4276//2601 4277//2601 4278//2709
f 4277//2601 4279//2601 4278//2709
f 4280//2710 4278//2709 4279//2601
f 3957//2603 3958//2674 4283//2708
f 4284//2708 4283//2708 3958//2674
f 4105//2702 4106//2703 4291//1492
f 4291//1492 4106//2703 4292//1492
f 4292//1492 4106//2703 4293//1492
f 4293//1492 4106//2703 4294//1492
f 4294//1492 4106//2703 4295//2776
f 4296//2777 4295//2776 4106//2703
f 4298//2778 3962//2675 3964//2677
f 3962//2675 4263//2772 3963//2676
f 4316//17 4317//17 4318//17
f 4318//17 4317//17 4319//17
f 4317//17 4320//17 4319//17
f 4319//17 4320//17 4321//17
f 4321//17 4320//17 4322//17
f 4322//17 4320//17 4323//17
f 4320//17 4324//17 4323//17
f 4323//17 4324//17 4325//17
f 4325//17 4324//17 4326//17
f 4326//17 4324//17 4327//17
f 4327//17 4324//17 4328//17
f 4328//17 4324//17 4329//17
f 4329//17 4324//17 4330//17
f 4330//17 4324//17 4331//17
f 4332//17 4331//17 4324//17
f 4338//2779 4339//2780 4340//2781
f 4340//2781 4339//2780 4341//2782
f 4342//2783 4341//2782 4339//2780
f 4346//2784 4347//2785 4348//2786
f 4348//2786 4347//2785 4338//2779
f 4339//2780 4338//2779 4347//2785
f 4352//2787 4353//2788 4354//2789
f 4354//2789 4353//2788 4346//2784
f 4347//2785 4346//2784 4353//2788
f 4005//2689 4353//2788 4008//2692
f 4008//2692 4353//2788 4356//2790
f 4352//2787 4356//2790 4353//2788
f 4011//1152 4360//1143 4009//1151
f 4360//1143 4361//2791 4009//1151
f 4362//2792 4009//1151 4361//2791
f 4367//2793 4368//2794 4369//2795
f 4370//2796 4369//2795 4368//2794
f 4373//2797 4367//2793 4374//2798
f 4369//2795 4374//2798 4367//2793
f 4378//1036 4379//1036 4380//1036
f 4380//1036 4379//1036 4012//1153
f 4014//1154 4012//1153 4379//1036
f 4383//2799 4373//2797 4384//2800
f 4374//2798 4384//2800 4373//2797
f 4390//17 4391//17 4392//17
f 4392//17 4391//17 4393//17
f 4394//17 4393//17 4391//17
f 4399//2801 4400//2802 4401//2801
f 4402//2803 4401//2801 4400//2802
f 4406//2804 4407//2805 4408//2806
f 4408//2806 4411//2805 4412//2807
f 4408//2806 4383//2799 4414//2808
f 4384//2800 4414//2808 4383//2799
f 4414//2808 4406//2804 4408//2806
f 4400//2802 4417//2809 4402//2803
f 4418//2810 4402//2803 4417//2809
f 4417//2809 4421//2811 4418//2810
f 4422//2812 4418//2810 4421//2811
f 4421//2811 4425//2813 4422//2812
f 4426//2814 4422//2812 4425//2813
f 4425//2813 4429//2815 4426//2814
f 4430//2816 4426//2814 4429//2815
f 4429//2815 4433//2817 4430//2816
f 4434//2818 4430//2816 4433//2817
f 4434//2818 4433//2817 4437//2819
f 4438//2820 4437//2819 4433//2817
f 4437//2819 4438//2820 4441//2821
f 4442//2822 4441//2821 4438//2820
f 4441//2821 4442//2822 4446//2823
f 4442//2822 4447//2824 4446//2823
f 4448//2825 4446//2823 4447//2824
f 4113//2704 4451//2708 4114//2674
f 4452//2708 4114//2674 4451//2708
f 4459//2826 4460//2827 4461//1506
f 4461//1506 4460//2827 4462//1506
f 4462//1506 4460//2827 4463//1506
f 4463//1506 4460//2827 4464//1506
f 4464//1506 4460//2827 4118//2705
f 4119//2706 4118//2705 4460//2827
f 4134//2710 4131//2709 4470//2708
f 4470//2708 4131//2709 4471//2708
f 4471//2708 4131//2709 4472//2708
f 4131//2709 4473//2828 4472//2708
f 4474//2829 4472//2708 4473//2828
f 4139//2712 4193//2739 4140//2713
f 4194//2740 4140//2713 4193//2739
f 3806//2615 4140//2713 4144//2715
f 4476//2830 4144//2715 4140//2713
f 4143//2714 4144//2715 4479//2831
f 4480//2832 4479//2831 4144//2715
f 4146//2716 4148//2717 4190//2738
f 4482//2833 4190//2738 4148//2717
f 4148//2717 3998//2687 4482//2833
f 4269//2774 4482//2833 3998//2687
f 4485//2834 4486//2835 4151//2718
f 4152//2719 4151//2718 4486//2835
f 4156//2721 4488//2836 4154//2720
f 4246//2765 4154//2720 4488//2836
f 4158//2722 4490//2837 4156//2721
f 4488//2836 4156//2721 4490//2837
f 4160//2723 4492//2838 4158//2722
f 4490//2837 4158//2722 4492//2838
f 4162//2724 4494//2839 4160//2723
f 4492//2838 4160//2723 4494//2839
f 4164//2725 4496//2840 4162//2724
f 4494//2839 4162//2724 4496//2840
f 4166//2726 4498//2841 4164//2725
f 4496//2840 4164//2725 4498//2841
f 4168//2727 4500//2842 4166//2726
f 4498//2841 4166//2726 4500//2842
f 4502//2843 4500//2842 4170//2728
f 4168//2727 4170//2728 4500//2842
f 4504//2844 4502//2843 4172//2729
f 4170//2728 4172//2729 4502//2843
f 4506//2845 4504//2844 4174//2730
f 4172//2729 4174//2730 4504//2844
f 4508//2846 4506//2845 4176//2731
f 4174//2730 4176//2731 4506//2845
f 4510//2847 4508//2846 4178//2732
f 4176//2731 4178//2732 4508//2846
f 4512//2848 4510//2847 4180//2733
f 4178//2732 4180//2733 4510//2847
f 4514//2849 4512//2848 4182//2734
f 4180//2733 4182//2734 4512//2848
f 4516//2850 4514//2849 4184//2735
f 4182//2734 4184//2735 4514//2849
f 4518//2851 4516//2850 4186//2736
f 4184//2735 4186//2736 4516//2850
f 4520//2852 4518//2851 4188//2737
f 4186//2736 4188//2737 4518//2851
f 4486//2835 4520//2852 4152//2719
f 4188//2737 4152//2719 4520//2852
f 4140//2713 4194//2740 4476//2830
f 4196//2741 4476//2830 4194//2740
f 4476//2830 4196//2741 4522//2853
f 4198//2742 4522//2853 4196//2741
f 4522//2853 4198//2742 4524//2854
f 4200//2743 4524//2854 4198//2742
f 4524//2854 4200//2743 4526//2855
f 4202//2744 4526//2855 4200//2743
f 4526//2855 4202//2744 4528//2856
f 4204//2745 4528//2856 4202//2744
f 4528//2856 4204//2745 4530//2857
f 4206//2746 4530//2857 4204//2745
f 4530//2857 4206//2746 4532//2858
f 4208//2747 4532//2858 4206//2746
f 4532//2858 4208//2747 4534//2859
f 4210//2748 4534//2859 4208//2747
f 4534//2859 4210//2748 4536//2860
f 4212//2749 4536//2860 4210//2748
f 4536//2860 4212//2749 4538//2861
f 4214//2750 4538//2861 4212//2749
f 4538//2861 4214//2750 4540//2862
f 4216//2751 4540//2862 4214//2750
f 4216//2751 4218//2752 4540//2862
f 4542//2863 4540//2862 4218//2752
f 4218//2752 4220//2753 4542//2863
f 4544//2864 4542//2863 4220//2753
f 4220//2753 4222//2754 4544//2864
f 4546//2865 4544//2864 4222//2754
f 4222//2754 4224//2755 4546//2865
f 4548//2866 4546//2865 4224//2755
f 4224//2755 4226//2756 4548//2866
f 4550//2867 4548//2866 4226//2756
f 4226//2756 4228//2757 4550//2867
f 4552//2868 4550//2867 4228//2757
f 4228//2757 4230//2758 4552//2868
f 4232//2759 4552//2868 4230//2758
f 4552//2868 4232//2759 4554//2869
f 4234//2760 4554//2869 4232//2759
f 4554//2869 4234//2760 4556//2870
f 4236//2761 4556//2870 4234//2760
f 4559//2871 4560//2871 4239//2762
f 4240//2762 4239//2762 4560//2871
f 4563//2872 4564//2873 4243//2763
f 4244//2764 4243//2763 4564//2873
f 4488//2836 4563//2872 4246//2765
f 4243//2763 4246//2765 4563//2872
f 4572//2874 4573//2875 4574//2876
f 4574//2876 4573//2875 4575//2876
f 4575//2876 4573//2875 4576//2876
f 4576//2876 4573//2875 4577//2876
f 4578//2876 4577//2876 4573//2875
f 4581//2877 4582//2878 4252//2768
f 4250//2766 4252//2768 4582//2878
f 4252//2768 4254//2769 4262//2771
f 4589//2879 4590//2879 4591//2879
f 4590//2879 4592//2879 4591//2879
f 4591//2879 4592//2879 4593//2880
f 4594//2881 4593//2880 4592//2879
f 4254//2769 4258//2770 4262//2771
f 4593//2880 4594//2881 4597//2882
f 4598//2882 4597//2882 4594//2881
f 4603//2882 4604//2882 4605//2883
f 4606//2884 4605//2883 4604//2882
f 4298//2778 4608//2885 3962//2675
f 4262//2771 3962//2675 4608//2885
f 4605//2883 4606//2884 4612//2886
f 4612//2886 4606//2884 4613//2886
f 4614//2886 4613//2886 4606//2884
f 4619//2775 4620//2887 4621//2888
f 4622//2889 4621//2888 4620//2887
f 4280//2710 4627//2708 4278//2709
f 4627//2708 4628//2708 4278//2709
f 4278//2709 4628//2708 4629//2828
f 4630//2829 4629//2828 4628//2708
f 4629//2828 4630//2829 4633//2890
f 4634//2891 4633//2890 4630//2829
f 4634//2891 4638//2892 4633//2890
f 4633//2890 4638//2892 4639//2893
f 4640//2894 4639//2893 4638//2892
f 4296//2777 4646//2895 4295//2776
f 4295//2776 4646//2895 4647//1541
f 4647//1541 4646//2895 4648//1541
f 4648//1541 4646//2895 4649//1541
f 4650//2896 4649//1541 4646//2895
f 4298//2778 3964//2677 4341//2782
f 4654//2897 4655//2898 3969//1133
f 4655//2898 4656//1135 3969//1133
f 3968//1132 3969//1133 4656//1135
f 4342//2783 4298//2778 4341//2782
f 4660//2899 4661//2900 4342//2783
f 4662//2901 4342//2783 4661//2900
f 4666//2902 4667//2903 4654//2897
f 4667//2903 4668//1138 4654//2897
f 4655//2898 4654//2897 4668//1138
f 4671//2904 4672//2905 4660//2899
f 4661//2900 4660//2899 4672//2905
f 4362//2792 4361//2791 4666//2902
f 4361//2791 4674//1141 4666//2902
f 4667//2903 4666//2902 4674//1141
f 4677//2906 4678//2907 4671//2904
f 4672//2905 4671//2904 4678//2907
f 4368//2794 4678//2907 4370//2796
f 4677//2906 4370//2796 4678//2907
f 4683//2908 4684//2909 4685//2910
f 4686//2911 4685//2910 4684//2909
f 4689//2912 4683//2908 4690//2913
f 4685//2910 4690//2913 4683//2908
f 4693//2914 4689//2912 4694//2915
f 4690//2913 4694//2915 4689//2912
f 4704//1164 4705//1164 4706//1164
f 4706//1164 4705//1164 4707//1164
f 4707//1164 4705//1164 4708//1164
f 4708//1164 4705//1164 4709//1164
f 4709//1164 4705//1164 4710//1164
f 4710//1164 4705//1164 4711//1164
f 4711//1164 4705//1164 4712//1164
f 4712//1164 4705//1164 4572//2874
f 4573//2875 4572//2874 4705//1164
f 4714//2916 4408//2806 4412//2807
f 4714//2916 4693//2914 4408//2806
f 4694//2915 4408//2806 4693//2914
f 4684//2909 4717//2917 4686//2911
f 4718//2918 4686//2911 4717//2917
f 4718//2918 4717//2917 4721//2919
f 4722//2920 4721//2919 4717//2917
f 4721//2919 4722//2920 4725//2921
f 4726//2922 4725//2921 4722//2920
f 4446//2823 4448//2825 4581//2877
f 4582//2878 4581//2877 4448//2825
f 4725//2921 4726//2922 4729//2923
f 4730//2924 4729//2923 4726//2922
f 4460//2827 4459//2826 4736//2925
f 4459//2826 4737//1543 4736//2925
f 4737//1543 4738//1543 4736//2925
f 4738//1543 4739//1543 4736//2925
f 4740//2926 4736//2925 4739//1543
f 4746//2891 4747//2890 4748//2892
f 4748//2892 4747//2890 4749//2894
f 4750//2893 4749//2894 4747//2890
f 4474//2829 4473//2828 4746//2891
f 4747//2890 4746//2891 4473//2828
f 4144//2715 4476//2830 4480//2832
f 4522//2853 4480//2832 4476//2830
f 4479//2831 4480//2832 4753//2927
f 4754//2928 4753//2927 4480//2832
f 4621//2888 4622//2889 4485//2834
f 4486//2835 4485//2834 4622//2889
f 4490//2837 4756//2929 4488//2836
f 4563//2872 4488//2836 4756//2929
f 4492//2838 4758//2930 4490//2837
f 4756//2929 4490//2837 4758//2930
f 4494//2839 4760//2931 4492//2838
f 4758//2930 4492//2838 4760//2931
f 4496//2840 4762//2932 4494//2839
f 4760//2931 4494//2839 4762//2932
f 4498//2841 4764//2933 4496//2840
f 4762//2932 4496//2840 4764//2933
f 4500//2842 4766//2934 4498//2841
f 4764//2933 4498//2841 4766//2934
f 4768//2935 4766//2934 4502//2843
f 4500//2842 4502//2843 4766//2934
f 4770//2936 4768//2935 4504//2844
f 4502//2843 4504//2844 4768//2935
f 4772//2937 4770//2936 4506//2845
f 4504//2844 4506//2845 4770//2936
f 4774//2938 4772//2937 4508//2846
f 4506//2845 4508//2846 4772//2937
f 4776//2939 4774//2938 4510//2847
f 4508//2846 4510//2847 4774//2938
f 4778//2940 4776//2939 4512//2848
f 4510//2847 4512//2848 4776//2939
f 4780//2941 4778//2940 4514//2849
f 4512//2848 4514//2849 4778//2940
f 4782//2942 4780//2941 4516//2850
f 4514//2849 4516//2850 4780//2941
f 4784//2943 4782//2942 4518//2851
f 4516//2850 4518//2851 4782//2942
f 4786//2944 4784//2943 4520//2852
f 4518//2851 4520//2852 4784//2943
f 4622//2889 4786//2944 4486//2835
f 4520//2852 4486//2835 4786//2944
f 4480//2832 4522//2853 4754//2928
f 4524//2854 4754//2928 4522//2853
f 4754//2928 4524//2854 4788//2945
f 4526//2855 4788//2945 4524//2854
f 4788//2945 4526//2855 4790//2946
f 4528//2856 4790//2946 4526//2855
f 4790//2946 4528//2856 4792//2947
f 4530//2857 4792//2947 4528//2856
f 4792//2947 4530//2857 4794//2948
f 4532//2858 4794//2948 4530//2857
f 4794//2948 4532//2858 4796//2949
f 4534//2859 4796//2949 4532//2858
f 4796//2949 4534//2859 4798//2950
f 4536//2860 4798//2950 4534//2859
f 4798//2950 4536//2860 4800//2951
f 4538//2861 4800//2951 4536//2860
f 4800//2951 4538//2861 4802//2952
f 4540//2862 4802//2952 4538//2861
f 4540//2862 4542//2863 4802//2952
f 4804//2953 4802//2952 4542//2863
f 4542//2863 4544//2864 4804//2953
f 4806//2954 4804//2953 4544//2864
f 4544//2864 4546//2865 4806//2954
f 4808//2955 4806//2954 4546//2865
f 4546//2865 4548//2866 4808//2955
f 4810//2956 4808//2955 4548//2866
f 4548//2866 4550//2867 4810//2956
f 4812//2957 4810//2956 4550//2867
f 4550//2867 4552//2868 4812//2957
f 4554//2869 4812//2957 4552//2868
f 4812//2957 4554//2869 4814//2958
f 4556//2870 4814//2958 4554//2869
f 4824//2959 4825//2960 4826//2961
f 4825//2960 4827//2960 4826//2961
f 4828//2960 4559//2871 4827//2960
f 4826//2961 4827//2960 4559//2871
f 4829//2959 4830//2961 4831//2960
f 4831//2960 4830//2961 4832//2960
f 4830//2961 4560//2871 4832//2960
f 4832//2960 4560//2871 4828//2960
f 4559//2871 4828//2960 4560//2871
f 4756//2929 4834//2962 4563//2872
f 4564//2873 4563//2872 4834//2962
f 4072//1165 4838//2876 4073//1166
f 4838//2876 4839//2876 4073//1166
f 4840//2876 4073//1166 4839//2876
f 4843//2963 4844//2964 4262//2771
f 4252//2768 4262//2771 4844//2964
f 4342//2783 4662//2901 4298//2778
f 4608//2885 4298//2778 4662//2901
f 4620//2887 4846//2965 4622//2889
f 4786//2944 4622//2889 4846//2965
f 4846//2965 4848//2966 4786//2944
f 4784//2943 4786//2944 4848//2966
f 4640//2894 4851//2967 4639//2893
f 4852//2968 4639//2893 4851//2967
f 4848//2966 4854//2969 4784//2943
f 4782//2942 4784//2943 4854//2969
f 4852//2968 4851//2967 4857//2970
f 4858//2971 4857//2970 4851//2967
f 4858//2971 4862//2972 4857//2970
f 4857//2970 4862//2972 4863//2973
f 4864//2974 4863//2973 4862//2972
f 4646//2895 4870//2975 4650//2896
f 4650//2896 4870//2975 4871//1553
f 4871//1553 4870//2975 4872//1553
f 4872//1553 4870//2975 4873//1553
f 4874//2976 4873//1553 4870//2975
f 4729//2923 4730//2924 4843//2963
f 4844//2964 4843//2963 4730//2924
f 4736//2925 4740//2926 4880//2977
f 4740//2926 4881//1552 4880//2977
f 4881//1552 4882//1552 4880//2977
f 4882//1552 4883//1552 4880//2977
f 4884//2978 4880//2977 4883//1552
f 4890//2971 4891//2970 4892//2972
f 4892//2972 4891//2970 4893//2974
f 4894//2973 4893//2974 4891//2970
f 4897//2967 4898//2968 4890//2971
f 4891//2970 4890//2971 4898//2968
f 4749//2894 4750//2893 4897//2967
f 4898//2968 4897//2967 4750//2893
f 4753//2927 4754//2928 4900//2979
f 4788//2945 4900//2979 4754//2928
f 4758//2930 4902//2980 4756//2929
f 4834//2962 4756//2929 4902//2980
f 4760//2931 4904//2981 4758//2930
f 4902//2980 4758//2930 4904//2981
f 4762//2932 4906//2982 4760//2931
f 4904//2981 4760//2931 4906//2982
f 4764//2933 4908//2983 4762//2932
f 4906//2982 4762//2932 4908//2983
f 4766//2934 4910//2984 4764//2933
f 4908//2983 4764//2933 4910//2984
f 4912//2985 4910//2984 4768//2935
f 4766//2934 4768//2935 4910//2984
f 4914//2986 4912//2985 4770//2936
f 4768//2935 4770//2936 4912//2985
f 4916//2987 4914//2986 4772//2937
f 4770//2936 4772//2937 4914//2986
f 4918//2988 4916//2987 4774//2938
f 4772//2937 4774//2938 4916//2987
f 4920//2989 4918//2988 4776//2939
f 4774//2938 4776//2939 4918//2988
f 4922//2990 4920//2989 4778//2940
f 4776//2939 4778//2940 4920//2989
f 4924//2991 4922//2990 4780//2941
f 4778//2940 4780//2941 4922//2990
f 4854//2969 4924//2991 4782//2942
f 4780//2941 4782//2942 4924//2991
f 4900//2979 4788//2945 4926//2992
f 4790//2946 4926//2992 4788//2945
f 4926//2992 4790//2946 4928//2993
f 4792//2947 4928//2993 4790//2946
f 4928//2993 4792//2947 4930//2994
f 4794//2948 4930//2994 4792//2947
f 4930//2994 4794//2948 4932//2995
f 4796//2949 4932//2995 4794//2948
f 4932//2995 4796//2949 4934//2996
f 4798//2950 4934//2996 4796//2949
f 4934//2996 4798//2950 4936//2997
f 4800//2951 4936//2997 4798//2950
f 4936//2997 4800//2951 4938//2998
f 4802//2952 4938//2998 4800//2951
f 4802//2952 4804//2953 4938//2998
f 4940//2999 4938//2998 4804//2953
f 4804//2953 4806//2954 4940//2999
f 4942//3000 4940//2999 4806//2954
f 4806//2954 4808//2955 4942//3000
f 4944//3001 4942//3000 4808//2955
f 4808//2955 4810//2956 4944//3001
f 4946//3002 4944//3001 4810//2956
f 4810//2956 4812//2957 4946//3002
f 4814//2958 4946//3002 4812//2957
f 4950//3003 4951//3004 4952//3005
f 4952//3005 4951//3004 4829//2959
f 4830//2961 4829//2959 4951//3004
f 4958//3006 4959//1244 4960//3007
f 4960//3007 4959//1244 4961//3008
f 4962//3009 4961//3008 4959//1244
f 4961//3008 4962//3009 4965//3010
f 4966//3011 4965//3010 4962//3009
f 4966//3011 4969//1055 4965//3010
f 4970//1055 4965//3010 4969//1055
f 4970//1055 4969//1055 4973//3012
f 4974//3013 4973//3012 4969//1055
f 4973//3012 4974//3013 4977//3014
f 4978//3015 4977//3014 4974//3013
f 4978//3015 4982//1300 4977//3014
f 4982//1300 4983//3016 4977//3014
f 4984//3017 4977//3014 4983//3016
f 4988//3003 4989//3005 4990//3004
f 4990//3004 4989//3005 4826//2961
f 4824//2959 4826//2961 4989//3005
f 4864//2974 4993//3018 4863//2973
f 4994//3019 4863//2973 4993//3018
f 4993//3018 4997//3020 4994//3019
f 4998//3020 4994//3019 4997//3020
f 5004//3021 5005//3021 5006//3021
f 5005//3021 5007//3022 5006//3021
f 5008//3023 5006//3021 5007//3022
f 4870//2975 5013//3024 4874//2976
f 4874//2976 5013//3024 5014//1547
f 5014//1547 5013//3024 5015//1547
f 5016//3025 5015//1547 5013//3024
f 4880//2977 4884//2978 5021//3026
f 4884//2978 5022//1544 5021//3026
f 5022//1544 5023//1544 5021//3026
f 5024//3027 5021//3026 5023//1544
f 5030//3028 5031//3028 5032//3028
f 5032//3028 5031//3028 5033//3029
f 5034//3030 5033//3029 5031//3028
f 5039//3018 5040//3019 5041//3020
f 5042//3020 5041//3020 5040//3019
f 4893//2974 4894//2973 5039//3018
f 5040//3019 5039//3018 4894//2973
f 5045//3031 5046//3032 4990//3004
f 4988//3003 4990//3004 5046//3032
f 5050//3033 5051//3034 5052//3035
f 5051//3034 5046//3032 5052//3035
f 5045//3031 5052//3035 5046//3032
f 5056//3036 5057//3037 5058//3038
f 5058//3038 5057//3037 5052//3035
f 5050//3033 5052//3035 5057//3037
f 5061//3039 5062//3040 5058//3038
f 5056//3036 5058//3038 5062//3040
f 5066//3041 5067//3042 5068//3043
f 5068//3043 5067//3042 5061//3039
f 5062//3040 5061//3039 5067//3042
f 5008//3023 5007//3022 5068//3043
f 5066//3041 5068//3043 5007//3022
f 5034//3030 5071//3044 5033//3029
f 5072//3045 5033//3029 5071//3044
f 5072//3045 5071//3044 5076//3046
f 5076//3046 5071//3044 5077//3047
f 5078//3048 5077//3047 5071//3044
f 5078//3048 5081//3038 5077//3047
f 5082//3036 5077//3047 5081//3038
f 5082//3036 5081//3038 5086//3037
f 5081//3038 5087//3035 5086//3037
f 5088//3033 5086//3037 5087//3035
f 5088//3033 5087//3035 5092//3034
f 5092//3034 5087//3035 5093//3032
f 5094//3031 5093//3032 5087//3035
f 5093//3032 5094//3031 4950//3003
f 4951//3004 4950//3003 5094//3031
f 4960//3007 5099//3049 4958//3006
f 4958//3006 5099//3049 5100//1370
f 5100//1370 5099//3049 5101//1370
f 5102//3050 5101//1370 5099//3049
f 4984//3017 4983//3016 5106//1406
f 4983//3016 5107//1406 5106//1406
f 5108//1406 5106//1406 5107//1406
f 5113//3051 5114//3052 5013//3024
f 5013//3024 5114//3052 5016//3025
f 5114//3052 5115//1516 5016//3025
f 5116//1516 5016//3025 5115//1516
f 5121//3053 5021//3026 5122//3054
f 5021//3026 5024//3027 5122//3054
f 5122//3054 5024//3027 5123//1514
f 5124//1514 5123//1514 5024//3027
f 5129//1406 5130//1406 5131//3055
f 5132//3056 5131//3055 5130//1406
f 5131//3055 5132//3056 5113//3051
f 5132//3056 5134//1462 5113//3051
f 5114//3052 5113//3051 5134//1462
f 5099//3049 5121//3053 5102//3050
f 5102//3050 5121//3053 5136//1460
f 5122//3054 5136//1460 5121//3053
