# https://github.com/mikedh/trimesh
mtllib material.mtl

o geometry_0
usemtl material_0
v 0.20874865 0.12067978 -0.43386078
v 0.20852840 0.11829389 -0.43671706
v 0.20860010 0.11810876 -0.43401819
v 0.21652141 0.20810522 -0.33416566
v 0.21658783 0.20978753 -0.33941731
v 0.21642268 0.20531468 -0.33606312
v 0.21654175 0.20950639 -0.33053979
v 0.21663596 0.21288303 -0.33740702
v 0.21664859 0.21466838 -0.34376895
v 0.21660556 0.21249889 -0.34513801
v 0.21650289 0.20852368 -0.34513983
v 0.21655804 0.21255238 -0.36447614
v 0.21664162 0.21633856 -0.34542689
v 0.21662007 0.21645179 -0.35562322
v 0.21659702 0.21635991 -0.36801130
v 0.21660726 0.22042510 -0.36373430
v 0.21660598 0.22037740 -0.36960474
v 0.21664481 0.21646868 -0.37857154
v 0.21656644 0.21271212 -0.36953145
v 0.21663354 0.21278548 -0.38171539
v 0.21667914 0.21742915 -0.38400161
v 0.21665069 0.22240523 -0.38210478
v 0.21662080 0.22245124 -0.37580812
v 0.21661155 0.22862172 -0.38009015
v 0.21663888 0.22677550 -0.38601464
v 0.21657802 0.23249717 -0.38027000
v 0.21656778 0.23468153 -0.38532203
v 0.21657740 0.23309387 -0.39224970
v 0.21662655 0.22693151 -0.39001673
v 0.21663702 0.22075871 -0.39288732
v 0.21660428 0.22715390 -0.39400908
v 0.21658595 0.22527011 -0.39798683
v 0.21657693 0.22323908 -0.40195864
v 0.21656632 0.22956443 -0.39811626
v 0.21656573 0.22987211 -0.40211463
v 0.21656729 0.22580361 -0.40602496
v 0.21658786 0.23014081 -0.40609640
v 0.21658628 0.23403803 -0.40221956
v 0.21659793 0.23421893 -0.40614855
v 0.21658479 0.23809120 -0.40227991
v 0.21657090 0.23788069 -0.39835885
v 0.21656048 0.23371021 -0.39825851
v 0.21656206 0.23731405 -0.39240038
v 0.21655071 0.24195892 -0.39446545
v 0.21653058 0.24548684 -0.39852482
v 0.21651943 0.24202311 -0.40225095
v 0.21653415 0.24169955 -0.39050946
v 0.21650839 0.24109590 -0.38351882
v 0.21652347 0.23644057 -0.37346190
v 0.21648961 0.24058804 -0.37262052
v 0.21649724 0.23841709 -0.36654305
v 0.21655799 0.23235035 -0.36618057
v 0.21656337 0.23236173 -0.37221739
v 0.21658856 0.22842324 -0.37195861
v 0.21658900 0.22637078 -0.36685157
v 0.21657202 0.23246440 -0.35910836
v 0.21659651 0.22849169 -0.35892361
v 0.21661341 0.22448604 -0.35578054
v 0.21662608 0.22054145 -0.35264367
v 0.21664670 0.21912530 -0.34446269
v 0.21663289 0.22559214 -0.34453416
v 0.21667562 0.22048141 -0.33915538
v 0.21666937 0.21664439 -0.33764246
v 0.21665099 0.21941482 -0.33312365
v 0.21664415 0.22311127 -0.33445042
v 0.21659540 0.23354563 -0.33845857
v 0.21659371 0.23357627 -0.34232751
v 0.21654320 0.24158151 -0.33818161
v 0.21655254 0.24040547 -0.34239176
v 0.21657144 0.23453531 -0.34866753
v 0.21653235 0.24037369 -0.34833235
v 0.21651381 0.24033807 -0.35642684
v 0.21651015 0.23837897 -0.36146867
v 0.21647747 0.24442753 -0.35658622
v 0.21645084 0.24459043 -0.36478484
v 0.21645157 0.24477483 -0.37078342
v 0.21644227 0.24931848 -0.37090966
v 0.21646723 0.24504533 -0.37666392
v 0.21645002 0.24952275 -0.37482056
v 0.21644334 0.24970601 -0.37873390
v 0.21648060 0.24544296 -0.38259545
v 0.21649700 0.24575061 -0.38657311
v 0.21642824 0.24991506 -0.38658604
v 0.21640648 0.24967113 -0.39041263
v 0.21649791 0.24595466 -0.39053825
v 0.21643218 0.24985185 -0.38266888
v 0.21639544 0.25371426 -0.38263839
v 0.21636339 0.25385436 -0.37876892
v 0.21640100 0.25383574 -0.37489608
v 0.21644233 0.25375110 -0.37100139
v 0.21645971 0.25362933 -0.36705279
v 0.21644518 0.24902332 -0.36493638
v 0.21645409 0.25340289 -0.36099106
v 0.21645398 0.24872237 -0.35673219
v 0.21649159 0.24441306 -0.34841949
v 0.21644615 0.24864498 -0.34848732
v 0.21641056 0.25307935 -0.34850967
v 0.21643935 0.25318992 -0.35474703
v 0.21638452 0.25763440 -0.35477027
v 0.21639545 0.25771201 -0.35896975
v 0.21640363 0.25776759 -0.36684906
v 0.21643224 0.25777045 -0.37101626
v 0.21636166 0.25756672 -0.35057560
v 0.21633419 0.25752375 -0.34638739
v 0.21641587 0.25086814 -0.34235698
v 0.21630634 0.25753015 -0.34017646
v 0.21627337 0.26170489 -0.34627187
v 0.21632801 0.26170230 -0.35042301
v 0.21625750 0.26170343 -0.34228274
v 0.21625094 0.26170087 -0.33829215
v 0.21624383 0.26169485 -0.33424431
v 0.21625800 0.25760895 -0.33400923
v 0.21639505 0.25094455 -0.33829525
v 0.21636519 0.25106514 -0.33423197
v 0.21645844 0.24466042 -0.33238295
v 0.21651652 0.24047452 -0.33241564
v 0.21658057 0.23350088 -0.33445320
v 0.21653289 0.23450162 -0.32826886
v 0.21658751 0.22661093 -0.32821721
v 0.21661398 0.22059718 -0.32820991
v 0.21655299 0.22466563 -0.32173315
v 0.21656299 0.22068599 -0.32172811
v 0.21655735 0.21672843 -0.32178757
v 0.21659908 0.21564426 -0.32701659
v 0.21652731 0.21269770 -0.32189715
v 0.21657446 0.21260707 -0.32721624
v 0.21650331 0.20887120 -0.32618484
v 0.21647720 0.20884311 -0.32204056
v 0.21640427 0.20503880 -0.32628417
v 0.21639590 0.20507495 -0.32188728
v 0.21626900 0.20077364 -0.32247204
v 0.21624002 0.20067872 -0.31689715
v 0.21607921 0.19563946 -0.31861106
v 0.21611078 0.19671953 -0.31305799
v 0.21630569 0.20490661 -0.31315053
v 0.21640772 0.20884643 -0.31660289
v 0.21640866 0.20513952 -0.33030429
v 0.21625538 0.20083749 -0.32640550
v 0.21662647 0.21732110 -0.32975549
v 0.21647632 0.21672709 -0.31632370
v 0.21648788 0.22068670 -0.31620884
v 0.21651417 0.23068218 -0.32177627
v 0.21641724 0.22887430 -0.31322306
v 0.21639118 0.23483980 -0.31584972
v 0.21643975 0.23876274 -0.32179892
v 0.21643963 0.24282075 -0.32612959
v 0.21637008 0.24518859 -0.32175007
v 0.21636541 0.24927250 -0.32590011
v 0.21637678 0.24904808 -0.33022550
v 0.21634005 0.25357136 -0.32554680
v 0.21632308 0.25340581 -0.32996222
v 0.21624574 0.25767884 -0.32975745
v 0.21626522 0.25773525 -0.32371509
v 0.21634363 0.25371963 -0.32117257
v 0.21622722 0.25776982 -0.31692421
v 0.21630953 0.25381783 -0.31701326
v 0.21620490 0.25760537 -0.31285015
v 0.21625890 0.25385919 -0.31283909
v 0.21627143 0.24980637 -0.31314024
v 0.21633874 0.25007483 -0.32127920
v 0.21629336 0.24544804 -0.31553179
v 0.21622364 0.24989007 -0.30894616
v 0.21621253 0.24564976 -0.30921957
v 0.21620452 0.25705117 -0.30927277
v 0.21632421 0.24114272 -0.31565869
v 0.21623664 0.24140655 -0.30944082
v 0.21630858 0.23511523 -0.30985218
v 0.21650495 0.24444824 -0.34240654
v 0.21640691 0.26168269 -0.35462144
v 0.21645419 0.25757593 -0.37482727
v 0.21648529 0.24595940 -0.39445391
v 0.21646796 0.20899132 -0.36392564
v 0.21634123 0.20528726 -0.36716145
v 0.21648417 0.20900255 -0.36941916
v 0.21641380 0.20535511 -0.37571114
v 0.21619159 0.20146562 -0.36974820
v 0.21646988 0.20522891 -0.38394013
v 0.21657428 0.20892066 -0.38440478
v 0.21657297 0.20882547 -0.39180911
v 0.21649182 0.20506491 -0.39187622
v 0.21653955 0.20898345 -0.37772447
v 0.21666192 0.21415293 -0.38398051
v 0.21663573 0.21655871 -0.39579159
v 0.21658674 0.21937373 -0.40615124
v 0.21658884 0.23031980 -0.41009408
v 0.21657738 0.22184265 -0.40968025
v 0.21658078 0.22621490 -0.41008979
v 0.21657613 0.22200675 -0.41399732
v 0.21654604 0.21849713 -0.41394594
v 0.21659656 0.22042969 -0.42079937
v 0.21655764 0.21852212 -0.42219603
v 0.21649803 0.21473491 -0.42153233
v 0.21651791 0.21642500 -0.41398358
v 0.21651274 0.21653710 -0.41747400
v 0.21655816 0.21288264 -0.40770924
v 0.21649256 0.20922770 -0.41169238
v 0.21660846 0.21260017 -0.39969128
v 0.21658804 0.21666774 -0.40528494
v 0.21662465 0.21261257 -0.39180189
v 0.21657793 0.20879331 -0.39766893
v 0.21637928 0.20091155 -0.39197636
v 0.21632992 0.20116228 -0.38404387
v 0.21624997 0.19686536 -0.39243841
v 0.21641819 0.20085600 -0.39868560
v 0.21650989 0.20505643 -0.39771512
v 0.21649964 0.20509280 -0.40364960
v 0.21655765 0.20860940 -0.40406248
v 0.21643797 0.20522639 -0.41166651
v 0.21635154 0.20085491 -0.41369066
v 0.21629508 0.20096196 -0.41771132
v 0.21636733 0.20549703 -0.41775465
v 0.21648207 0.21379612 -0.41845044
v 0.21638043 0.20881648 -0.42232978
v 0.21646480 0.21469991 -0.42575753
v 0.21638608 0.21062647 -0.42575160
v 0.21637851 0.21467246 -0.42956042
v 0.21627554 0.21063481 -0.43321440
v 0.21622624 0.20122568 -0.42168882
v 0.21627562 0.20630413 -0.42573044
v 0.21614741 0.20166834 -0.42568827
v 0.21612020 0.19683474 -0.42161193
v 0.21601215 0.19719574 -0.42561531
v 0.21620788 0.19662338 -0.41764718
v 0.21631205 0.19666292 -0.40415803
v 0.21640514 0.20081756 -0.40819663
v 0.21629877 0.19658072 -0.40965614
v 0.21616514 0.19717278 -0.38414437
v 0.21625996 0.20141378 -0.37584156
v 0.21613973 0.20135431 -0.36427653
v 0.21620458 0.20115378 -0.33954459
v 0.21639210 0.20529333 -0.34349084
v 0.21615402 0.20137733 -0.34958109
v 0.21621969 0.20093815 -0.33287147
v 0.21611555 0.19689091 -0.32267401
v 0.21551777 0.18106994 -0.30400512
v 0.21570852 0.18503925 -0.30937362
v 0.21550561 0.18094876 -0.31082892
v 0.21571074 0.18498909 -0.30290070
v 0.21558383 0.18106224 -0.29621273
v 0.21573342 0.18499200 -0.29898328
v 0.21586432 0.18912394 -0.29900318
v 0.21585420 0.18913600 -0.30495673
v 0.21597148 0.19303681 -0.30100310
v 0.21598601 0.19308087 -0.30901715
v 0.21591608 0.19107549 -0.29498464
v 0.21606350 0.19657969 -0.29691613
v 0.21605971 0.19639529 -0.30429539
v 0.21619646 0.20362996 -0.30327961
v 0.21613452 0.20053431 -0.29686797
v 0.21619825 0.20482169 -0.29895464
v 0.21623863 0.20890352 -0.30112877
v 0.21630873 0.21087012 -0.30766311
v 0.21624540 0.20491378 -0.30762699
v 0.21624821 0.21290547 -0.30100107
v 0.21631756 0.21685678 -0.30515951
v 0.21639532 0.21476647 -0.31121749
v 0.21620184 0.21712364 -0.29629254
v 0.21624038 0.22107938 -0.29924113
v 0.21638709 0.22076282 -0.30894524
v 0.21608660 0.22353068 -0.28963140
v 0.21615168 0.21417217 -0.29223177
v 0.21606052 0.21959174 -0.28583500
v 0.21605502 0.21545917 -0.28301185
v 0.21612918 0.20906097 -0.28826100
v 0.21619019 0.20896137 -0.29458648
v 0.21616057 0.20482150 -0.29252148
v 0.21608576 0.20500793 -0.28425670
v 0.21605818 0.20071410 -0.28439271
v 0.21610722 0.20053987 -0.29050186
v 0.21603063 0.19667232 -0.28859729
v 0.21590373 0.19112149 -0.29080331
v 0.21593289 0.19316162 -0.28666547
v 0.21584466 0.18953414 -0.28541705
v 0.21575485 0.18496159 -0.29242331
v 0.21576500 0.18523343 -0.28506038
v 0.21564519 0.18106724 -0.28824756
v 0.21563958 0.18122613 -0.28054801
v 0.21571459 0.18519841 -0.27880168
v 0.21557662 0.18127060 -0.27500051
v 0.21565402 0.18522574 -0.27476260
v 0.21570410 0.18940710 -0.27452004
v 0.21577147 0.18937963 -0.27860045
v 0.21589813 0.19328229 -0.28257984
v 0.21584521 0.19338520 -0.27843732
v 0.21598071 0.19687583 -0.28246245
v 0.21589106 0.19712120 -0.27623695
v 0.21598598 0.20105384 -0.27810782
v 0.21588761 0.20136920 -0.27202743
v 0.21579133 0.19732793 -0.27017492
v 0.21571620 0.19381899 -0.27081257
v 0.21570589 0.19748622 -0.26628155
v 0.21551099 0.19034049 -0.26647726
v 0.21561481 0.18946029 -0.27053428
v 0.21542402 0.18540670 -0.26679945
v 0.21555887 0.18527652 -0.27078998
v 0.21548329 0.18131980 -0.27101564
v 0.21533722 0.18140969 -0.26704678
v 0.21535379 0.18980320 -0.26248801
v 0.21524328 0.18554215 -0.26268178
v 0.21511115 0.18147129 -0.26286924
v 0.21502146 0.18560837 -0.25853103
v 0.21556079 0.19776489 -0.26228365
v 0.21529412 0.19418891 -0.25819084
v 0.21519087 0.19001962 -0.25836498
v 0.21541923 0.19836898 -0.25802988
v 0.21558988 0.20271519 -0.25789583
v 0.21567006 0.20220010 -0.26202285
v 0.21577711 0.20171383 -0.26608875
v 0.21581696 0.20616716 -0.26592925
v 0.21598564 0.20547716 -0.27593145
v 0.21595514 0.20957209 -0.27388635
v 0.21603835 0.20932385 -0.27995658
v 0.21600117 0.21771352 -0.27793789
v 0.21597199 0.22201765 -0.27778000
v 0.21601819 0.22153972 -0.28174055
v 0.21593012 0.22631167 -0.27757022
v 0.21589650 0.23011395 -0.28154570
v 0.21596844 0.22986519 -0.28554258
v 0.21602333 0.22569454 -0.28564709
v 0.21606988 0.22984108 -0.29004997
v 0.21617043 0.22529586 -0.29567668
v 0.21617417 0.22935040 -0.29759297
v 0.21631101 0.22494891 -0.30441803
v 0.21613111 0.23346290 -0.29741648
v 0.21623471 0.23326237 -0.30379346
v 0.21607785 0.23772079 -0.29722384
v 0.21613571 0.23756294 -0.30140153
v 0.21609734 0.24184497 -0.30115825
v 0.21615879 0.24128221 -0.30513686
v 0.21605414 0.24202052 -0.29705819
v 0.21605799 0.24604177 -0.29703659
v 0.21612372 0.24596873 -0.30100524
v 0.21604580 0.24961548 -0.29751593
v 0.21606402 0.24991578 -0.30111927
v 0.21615542 0.24581578 -0.30508319
v 0.21594884 0.24597093 -0.29327866
v 0.21599543 0.24212095 -0.29309973
v 0.21603747 0.23792869 -0.29320416
v 0.21592186 0.24214831 -0.28918377
v 0.21608993 0.23368318 -0.29335940
v 0.21601221 0.23823956 -0.28928259
v 0.21595946 0.23417929 -0.28537101
v 0.21594702 0.23822375 -0.28526482
v 0.21586828 0.24197735 -0.28548366
v 0.21587877 0.23431060 -0.28139091
v 0.21575922 0.23423599 -0.27762488
v 0.21587950 0.23036909 -0.27362719
v 0.21593542 0.22649315 -0.27351329
v 0.21593240 0.21809737 -0.27377313
v 0.21594623 0.21371207 -0.27386451
v 0.21588144 0.21847397 -0.26964769
v 0.21586603 0.22256441 -0.26960266
v 0.21592551 0.22236508 -0.27362120
v 0.21585192 0.21410568 -0.26974893
v 0.21580739 0.21038154 -0.26573622
v 0.21579158 0.21453477 -0.26568830
v 0.21577926 0.21863933 -0.26574820
v 0.21570592 0.21827979 -0.26256344
v 0.21567075 0.21464550 -0.26188800
v 0.21577960 0.21072859 -0.26175547
v 0.21577853 0.20658503 -0.26182994
v 0.21568300 0.20684539 -0.25786093
v 0.21557902 0.20661622 -0.25488752
v 0.21587425 0.18928240 -0.31329769
v 0.21599239 0.19316837 -0.31500441
v 0.21585386 0.18945074 -0.31908554
v 0.21620445 0.20064902 -0.31124210
v 0.21616870 0.20062953 -0.30745879
v 0.21634945 0.20889765 -0.31137413
v 0.21644649 0.21271931 -0.31646550
v 0.21644484 0.22474571 -0.31339896
v 0.21628511 0.22912498 -0.30410022
v 0.21613489 0.24994631 -0.30496991
v 0.21567108 0.18517612 -0.31911796
v 0.21570058 0.18508816 -0.31502810
v 0.21548395 0.18092571 -0.31500340
v 0.21543984 0.18090846 -0.31909859
v 0.21559085 0.18516187 -0.32302430
v 0.21533424 0.18083847 -0.32303193
v 0.21579808 0.18947732 -0.32295421
v 0.21595526 0.19331625 -0.32283112
v 0.21607073 0.19690326 -0.32653901
v 0.21601456 0.19691129 -0.33026800
v 0.21586816 0.19330327 -0.32666609
v 0.21599640 0.19698782 -0.33368969
v 0.21599521 0.19711065 -0.33739212
v 0.21596630 0.19722389 -0.34157306
v 0.21592522 0.19735168 -0.34563708
v 0.21588689 0.19751048 -0.34974542
v 0.21613996 0.20155025 -0.35524884
v 0.21586391 0.19762412 -0.35393226
v 0.21587521 0.19766483 -0.35796875
v 0.21590114 0.19765644 -0.36192104
v 0.21595159 0.19766265 -0.36727762
v 0.21606274 0.19756500 -0.37482819
v 0.21593675 0.19332713 -0.38292399
v 0.21585155 0.19338945 -0.37803501
v 0.21574137 0.19351360 -0.37233391
v 0.21562402 0.19363046 -0.36590093
v 0.21557014 0.19368516 -0.36195663
v 0.21552022 0.19373259 -0.35803065
v 0.21549606 0.19379707 -0.35400569
v 0.21552929 0.19384243 -0.34981033
v 0.21558633 0.19382483 -0.34570727
v 0.21565837 0.19375068 -0.34158912
v 0.21570772 0.19362077 -0.33723423
v 0.21570610 0.19344692 -0.33351362
v 0.21606350 0.19295891 -0.39225811
v 0.21613008 0.19299388 -0.39792731
v 0.21629700 0.19675297 -0.39789629
v 0.21615568 0.19292505 -0.40399653
v 0.21615572 0.19284122 -0.40961182
v 0.21613073 0.19283061 -0.41358453
v 0.21626425 0.19655478 -0.41366178
v 0.21607797 0.19290714 -0.41754061
v 0.21598019 0.19307166 -0.42150486
v 0.21584885 0.19329485 -0.42551792
v 0.21586990 0.19765499 -0.42957538
v 0.21567608 0.19357465 -0.42949194
v 0.21604763 0.20216931 -0.42963701
v 0.21588852 0.20247321 -0.43353671
v 0.21608518 0.20678538 -0.43349153
v 0.21620803 0.20667869 -0.42966446
v 0.21659699 0.22246034 -0.41763097
v 0.21661074 0.22698800 -0.41403651
v 0.21632926 0.20530359 -0.36065045
v 0.21635512 0.20535702 -0.35152769
v 0.21659403 0.22543466 -0.41763878
v 0.21555232 0.20287602 -0.25420848
v 0.21527007 0.19461000 -0.25398964
v 0.21542560 0.19875883 -0.25396004
v 0.21628143 0.26167747 -0.33002767
v 0.21654625 0.24892326 -0.39436868
v 0.21650055 0.26160365 -0.35882702
v 0.21602467 0.24564020 -0.28966919
v 0.21652190 0.23020899 -0.41765755
v 0.21655285 0.25721908 -0.37846923
v 0.21639517 0.21791025 -0.42910409
v 0.21642433 0.21853742 -0.42570764
v 0.21638460 0.22197953 -0.42532110
v 0.21647209 0.22609311 -0.42159897
v 0.21649088 0.24142241 -0.40567839
v 0.21662262 0.24491492 -0.40177858
v 0.21655440 0.25329950 -0.38648668
v 0.21658610 0.25592062 -0.38243738
v 0.21659485 0.26163936 -0.36259404
v 0.21650338 0.23809199 -0.40609053
v 0.21639280 0.23752651 -0.40969443
v 0.21578369 0.22642671 -0.26989445
v 0.21611784 0.25381014 -0.30882859
v 0.21601610 0.25353050 -0.30527556
v 0.21648616 0.23421261 -0.41005933
v 0.21640581 0.23371361 -0.41383862
v 0.21578844 0.23812024 -0.28167769
v 0.21570428 0.22242156 -0.26629984
v 0.21559311 0.21065693 -0.25819445
v 0.21610151 0.20633586 -0.43680921
v 0.21509604 0.19027020 -0.25409138
v 0.21514130 0.19471148 -0.25052172
v 0.21491693 0.19040233 -0.25013924
v 0.21655905 0.26062685 -0.36701643
v 0.21660037 0.26011384 -0.37095603
v 0.21666577 0.25946489 -0.37469196
v 0.21645322 0.26189861 -0.32540727
v 0.21644443 0.26110381 -0.32120314
v 0.21644209 0.26059881 -0.31713727
v 0.21653293 0.21401685 -0.43267399
v 0.21642439 0.26430619 -0.34246534
v 0.21655034 0.26406625 -0.34993759
v 0.21652681 0.26435781 -0.34618858
v 0.21675706 0.26331338 -0.36085376
v 0.21661581 0.26380157 -0.35429573
v 0.21591805 0.18932508 -0.40948385
v 0.21590400 0.18933390 -0.41343552
v 0.21585128 0.18939067 -0.41738111
v 0.21505052 0.18936230 -0.36198172
v 0.21513936 0.18941219 -0.36592132
v 0.21523657 0.18940039 -0.36992556
v 0.21534786 0.18936434 -0.37394407
v 0.21545997 0.18930520 -0.37802657
v 0.21556088 0.18925869 -0.38214701
v 0.21565486 0.18927425 -0.38620123
v 0.21573818 0.18931384 -0.39016023
v 0.21580635 0.18934961 -0.39402863
v 0.21587305 0.18938337 -0.39907196
v 0.21590745 0.18933517 -0.40565082
v 0.21556731 0.19869439 -0.25112399
v 0.21533009 0.17759156 -0.27524397
v 0.21524967 0.17769720 -0.27122459
v 0.21509181 0.17692550 -0.31904656
v 0.21514471 0.17696768 -0.31496143
v 0.21516970 0.17701404 -0.31079143
v 0.21518035 0.17715743 -0.30402482
v 0.21524616 0.17724225 -0.29822013
v 0.21533483 0.17723966 -0.29101530
v 0.21536528 0.17729476 -0.28698945
v 0.21536675 0.17739993 -0.28103435
v 0.21509625 0.17780721 -0.26725832
v 0.21659909 0.22897215 -0.42094097
v 0.21656246 0.22488441 -0.42447329
v 0.21658212 0.23258099 -0.41721696
v 0.21654606 0.23622668 -0.41297475
v 0.21565829 0.18937232 -0.32676113
v 0.21540359 0.18501207 -0.32676297
v 0.21575366 0.19331619 -0.33027992
v 0.21629368 0.25311610 -0.30184799
v 0.21574008 0.18946366 -0.42136332
v 0.21558876 0.18952654 -0.42539451
v 0.21653140 0.26434574 -0.33883458
v 0.21650575 0.26403397 -0.33474874
v 0.21653874 0.26381990 -0.33049706
v 0.21661772 0.26362613 -0.32713678
v 0.21655577 0.25187159 -0.39005125
v 0.21479149 0.18144375 -0.25864136
v 0.21481301 0.18569440 -0.25421056
v 0.21460475 0.18576521 -0.25006831
v 0.21664311 0.24738100 -0.39806503
v 0.21566790 0.19807935 -0.43351415
v 0.21570522 0.20236078 -0.43727824
v 0.21544804 0.19830540 -0.43741807
v 0.21544379 0.19390719 -0.43347129
v 0.21526900 0.19794755 -0.44107172
v 0.21518439 0.19423850 -0.43743140
v 0.21543899 0.18930539 -0.33021823
v 0.21592298 0.23751529 -0.27853161
v 0.21537964 0.18960388 -0.42938176
v 0.21510367 0.18972804 -0.43339685
v 0.21496935 0.17686778 -0.32299501
v 0.21481900 0.17787996 -0.26305905
v 0.21509840 0.18070269 -0.32667989
v 0.21444246 0.18142517 -0.25430763
v 0.21592900 0.21422982 -0.25891158
v 0.21547043 0.18518035 -0.41323343
v 0.21541995 0.18518968 -0.41718316
v 0.21547225 0.18518502 -0.40929097
v 0.21544306 0.18519041 -0.40549862
v 0.21539581 0.18519747 -0.40169096
v 0.21533480 0.18519291 -0.39780068
v 0.21525398 0.18516082 -0.39394543
v 0.21516192 0.18510561 -0.39008924
v 0.21505360 0.18502879 -0.38613984
v 0.21492752 0.18497537 -0.38210002
v 0.21478620 0.18500642 -0.37800622
v 0.21530294 0.18519659 -0.42118302
v 0.21513969 0.18521880 -0.42522079
v 0.21646437 0.25990283 -0.31313398
v 0.21627901 0.24910840 -0.29413620
v 0.21489857 0.18530634 -0.42921293
v 0.21470098 0.17679591 -0.32661223
v 0.21413708 0.18140826 -0.25009686
v 0.21494102 0.18930954 -0.35805702
v 0.21477149 0.18991804 -0.43740243
v 0.21484388 0.19423074 -0.44129628
v 0.21474066 0.19347832 -0.44486833
v 0.21505305 0.18489844 -0.33001629
v 0.21515189 0.18942681 -0.33330712
v 0.21484482 0.18099925 -0.41698602
v 0.21488824 0.18102376 -0.41303203
v 0.21485484 0.18088642 -0.40944713
v 0.21482751 0.18105598 -0.40534869
v 0.21474704 0.18105778 -0.40157798
v 0.21473111 0.18097389 -0.42098325
v 0.21455647 0.18099380 -0.42499775
v 0.21461785 0.17323603 -0.31496227
v 0.21463987 0.17332275 -0.31085023
v 0.21463740 0.17342637 -0.30676949
v 0.21463037 0.17340994 -0.30298132
v 0.21469411 0.17363118 -0.29901662
v 0.21481550 0.17382947 -0.29124859
v 0.21484056 0.17391866 -0.28692392
v 0.21485181 0.17417942 -0.28197813
v 0.21481039 0.17446859 -0.27557912
v 0.21473268 0.17462341 -0.27156425
v 0.21456404 0.17316042 -0.31899402
v 0.21443847 0.17312057 -0.32291490
v 0.21455826 0.17474788 -0.26763228
v 0.21615429 0.24153051 -0.28245208
v 0.21662772 0.25051332 -0.39297271
v 0.21456729 0.18546709 -0.43325397
v 0.21483845 0.18937334 -0.35405064
v 0.21440518 0.17787033 -0.25876674
v 0.21394181 0.17779924 -0.25441837
v 0.21612699 0.23384650 -0.27418697
v 0.21614024 0.23006223 -0.27061805
v 0.21604258 0.22590639 -0.26725760
v 0.21657023 0.22048075 -0.42808473
v 0.21463282 0.18508010 -0.37394670
v 0.21436338 0.18512917 -0.36595550
v 0.21420886 0.18499579 -0.36200979
v 0.21449240 0.18513575 -0.36994806
v 0.21653186 0.20969523 -0.43595445
v 0.21383488 0.16940637 -0.32283792
v 0.21357861 0.16942729 -0.32653594
v 0.21416959 0.17314787 -0.32655895
v 0.21395339 0.16946822 -0.31897005
v 0.21340603 0.16576260 -0.31899518
v 0.21339995 0.16572888 -0.31509781
v 0.21398358 0.16964146 -0.31099653
v 0.21394797 0.16971296 -0.30697259
v 0.21311495 0.16554394 -0.30333093
v 0.21319485 0.16560197 -0.30719569
v 0.21239056 0.16102734 -0.30743849
v 0.21330839 0.16567178 -0.31116095
v 0.21395355 0.16986665 -0.29921085
v 0.21307655 0.16551349 -0.29941785
v 0.21309163 0.16549109 -0.29545847
v 0.21407627 0.17010398 -0.29124135
v 0.21315967 0.16553524 -0.28743717
v 0.21313566 0.16548587 -0.29143447
v 0.21314935 0.16564715 -0.28357616
v 0.21410668 0.17043841 -0.28343549
v 0.21407115 0.17063373 -0.27974653
v 0.21308784 0.16579580 -0.27989811
v 0.21402483 0.17083527 -0.27593669
v 0.21300489 0.16598177 -0.27616566
v 0.21392518 0.17103067 -0.27197942
v 0.21399423 0.16955981 -0.31501257
v 0.21288095 0.16157007 -0.31517589
v 0.21267387 0.16146326 -0.31126580
v 0.21668579 0.25497967 -0.38521200
v 0.21675047 0.26327872 -0.32396710
v 0.21666941 0.24301110 -0.40520129
v 0.21498075 0.18555602 -0.24667493
v 0.21602614 0.20163450 -0.44064441
v 0.21425122 0.17718802 -0.41287926
v 0.21420206 0.17716186 -0.41682273
v 0.21351215 0.17299296 -0.41276684
v 0.21343088 0.17299643 -0.41668224
v 0.21353021 0.17300200 -0.40888536
v 0.21350119 0.17301565 -0.40517169
v 0.21418419 0.17723075 -0.40524831
v 0.21409123 0.17723666 -0.40149009
v 0.21342862 0.17303079 -0.40139464
v 0.21330838 0.17304158 -0.39750436
v 0.21395531 0.17720416 -0.39760977
v 0.21314931 0.17307299 -0.39364222
v 0.21378309 0.17716369 -0.39375469
v 0.21359570 0.17714162 -0.38990346
v 0.21296614 0.17312592 -0.38978750
v 0.21274519 0.17317516 -0.38582656
v 0.21338552 0.17711689 -0.38595408
v 0.21463838 0.18102226 -0.39769778
v 0.21450515 0.18096198 -0.39384344
v 0.21407813 0.17712666 -0.42079073
v 0.21428086 0.18112709 -0.42897823
v 0.21661426 0.24006309 -0.40857625
v 0.21429287 0.18128948 -0.24625559
v 0.21348748 0.17765675 -0.25016022
v 0.21247528 0.17319433 -0.38181421
v 0.21414441 0.18568024 -0.43732053
v 0.21683685 0.26268131 -0.36362419
v 0.21387470 0.17710927 -0.42476323
v 0.21475026 0.18952717 -0.34989139
v 0.21315455 0.17709203 -0.38194567
v 0.21428564 0.18995461 -0.44134876
v 0.21385688 0.18957907 -0.44518021
v 0.21221258 0.17333868 -0.37811393
v 0.21672548 0.25883123 -0.37699044
v 0.21436687 0.18089969 -0.38999197
v 0.21421561 0.18082123 -0.38604543
v 0.21327594 0.17302288 -0.42059857
v 0.21404850 0.18076436 -0.38202325
v 0.21386264 0.18137133 -0.43303618
v 0.21289712 0.17709182 -0.37790617
v 0.21255940 0.17682765 -0.37397444
v 0.21399039 0.18481660 -0.35806647
v 0.21633311 0.24507549 -0.28653941
v 0.21235536 0.16173419 -0.30348232
v 0.21227692 0.16192566 -0.29954556
v 0.21421823 0.17483024 -0.26346737
v 0.21353659 0.18579441 -0.44134212
v 0.21460037 0.18060043 -0.32975659
v 0.21412455 0.17675294 -0.32962170
v 0.21303137 0.17306679 -0.42453220
v 0.21668607 0.23100114 -0.41950759
v 0.21386087 0.18079209 -0.37796155
v 0.21365729 0.18088636 -0.37393698
v 0.21354415 0.17717537 -0.42872137
v 0.21637987 0.25180361 -0.29835027
v 0.21666114 0.22720994 -0.42297131
v 0.21565853 0.18989575 -0.24721172
v 0.21345586 0.17743857 -0.24616507
v 0.21640007 0.25624871 -0.30648628
v 0.21374683 0.18477173 -0.35410020
v 0.21669567 0.23814420 -0.41107816
v 0.21671765 0.24635704 -0.40031388
v 0.21429789 0.18495777 -0.33304313
v 0.21601209 0.20235722 -0.25178173
v 0.21480495 0.18960108 -0.33711147
v 0.21285503 0.16619320 -0.27226743
v 0.21307603 0.16947600 -0.32980919
v 0.21361420 0.17321776 -0.32964256
v 0.21592858 0.20984577 -0.25574681
v 0.21369019 0.17119066 -0.26811004
v 0.21459216 0.18964848 -0.34578913
v 0.21317853 0.16682446 -0.32384035
v 0.21223523 0.16193272 -0.29557192
v 0.21221541 0.16179925 -0.28891987
v 0.21214184 0.16175666 -0.28364277
v 0.21204230 0.16178913 -0.27994961
v 0.21194798 0.16197208 -0.27625260
v 0.21184009 0.16236030 -0.27238873
v 0.21371244 0.17486158 -0.25911587
v 0.21301953 0.17736392 -0.43278906
v 0.21675171 0.24197432 -0.40665382
v 0.21346802 0.18097788 -0.36997104
v 0.21346557 0.18488106 -0.35003099
v 0.21265073 0.17315711 -0.42847145
v 0.21687911 0.26283923 -0.32143444
v 0.21320789 0.18164186 -0.43718174
v 0.21663509 0.21712197 -0.43087178
v 0.21652900 0.25077203 -0.29589701
v 0.21306819 0.18088685 -0.36201331
v 0.21455331 0.18967932 -0.34161124
v 0.21316785 0.17480883 -0.25467241
v 0.21414092 0.18884750 -0.44863698
v 0.21609311 0.22145723 -0.26375699
v 0.21251395 0.16643603 -0.26844311
v 0.21326120 0.17132875 -0.26400942
v 0.21164037 0.16320689 -0.26857337
v 0.21683066 0.25372967 -0.38754421
v 0.21720223 0.25279897 -0.38954672
v 0.21263382 0.17465159 -0.25028870
v 0.21206419 0.17338178 -0.43252566
v 0.21262141 0.18033101 -0.35796526
v 0.21251890 0.17763488 -0.36997229
v 0.21227506 0.17828396 -0.36200640
v 0.21241099 0.17801584 -0.36599049
v 0.21280000 0.18542048 -0.44553903
v 0.21282548 0.18578805 -0.44904518
v 0.21255329 0.17440216 -0.24619135
v 0.21252340 0.16946533 -0.33197913
v 0.21297190 0.18490183 -0.34606299
v 0.21253176 0.18095908 -0.35411987
v 0.21680358 0.24901164 -0.39551288
v 0.21148056 0.16390502 -0.26630017
v 0.21195598 0.16652845 -0.26460388
v 0.21266845 0.17145050 -0.25962734
v 0.21196893 0.17261611 -0.24624246
v 0.21183397 0.17223494 -0.25044903
v 0.21200214 0.17127846 -0.25516686
v 0.21666586 0.21241631 -0.43441513
v 0.21213494 0.17765106 -0.43701094
v 0.21658847 0.25863233 -0.30979553
v 0.21213843 0.17852926 -0.35923111
v 0.21239223 0.18166155 -0.35011703
v 0.21569242 0.19434664 -0.24854632
v 0.21216942 0.17476848 -0.37528840
v 0.21646644 0.24759158 -0.29041335
v 0.21231145 0.18230326 -0.34760177
v 0.21670948 0.26496130 -0.34510842
v 0.21304826 0.18599597 -0.34161142
v 0.21666346 0.23438668 -0.41554347
v 0.21584310 0.19685200 -0.44433498
v 0.21217355 0.18166628 -0.44140595
v 0.21206725 0.18295281 -0.44441533
v 0.21205276 0.18397391 -0.44703087
v 0.21329707 0.18054429 -0.33296296
v 0.21308486 0.17676684 -0.33224243
v 0.21281463 0.17326599 -0.33210632
v 0.21689199 0.25769851 -0.37947059
v 0.21323359 0.18496740 -0.33692583
v 0.21700747 0.26189801 -0.36691630
v 0.21126992 0.17398879 -0.43647954
v 0.21669371 0.26503792 -0.34257081
v 0.21674353 0.21837763 -0.42998186
v 0.21645562 0.24351873 -0.28379411
v 0.21647102 0.20546840 -0.43889731
v 0.21669774 0.20770454 -0.43769810
v 0.21666940 0.24674326 -0.28836489
v 0.21672830 0.26496288 -0.34041712
v 0.21604130 0.20613189 -0.25337484
v 0.21282679 0.16683714 -0.32565475
v 0.21129924 0.17782994 -0.43995130
v 0.21091343 0.17568620 -0.43927249
v 0.21506338 0.18116923 -0.24397086
v 0.21424009 0.17722997 -0.24340501
v 0.21186651 0.18406244 -0.44913810
v 0.21677172 0.26475495 -0.34727183
v 0.21640457 0.23255211 -0.27208993
v 0.21651576 0.25476095 -0.30356771
v 0.21631522 0.22853202 -0.26873812
v 0.21265480 0.18192503 -0.33519563
v 0.21360733 0.17395711 -0.24300155
v 0.21616863 0.21746860 -0.26066157
v 0.21671976 0.25775260 -0.30835024
v 0.21336567 0.17167041 -0.24222708
v 0.21680798 0.26475880 -0.33772314
v 0.21601926 0.19841474 -0.24997623
v 0.21717075 0.26208135 -0.31742269
v 0.21617642 0.21270457 -0.25724369
v 0.21641670 0.21961944 -0.26202047
v 0.21667278 0.22291134 -0.42634380
v 0.21190439 0.18370625 -0.45151097
v 0.21580476 0.18532285 -0.24502553
v 0.21643345 0.23667930 -0.27640364
v 0.21627244 0.19978997 -0.44274840
v 0.21698058 0.24511683 -0.40243149
v 0.21682128 0.25367111 -0.30118710
v 0.21170270 0.18337689 -0.34476128
v 0.21717204 0.25297451 -0.29904076
v 0.21143231 0.16947055 -0.33377379
v 0.21686248 0.26456943 -0.34951931
v 0.21644281 0.23945685 -0.27951157
v 0.21683522 0.24962743 -0.29351243
v 0.21622349 0.19513294 -0.44624600
v 0.21561816 0.19217688 -0.44786984
v 0.21725829 0.24876311 -0.29103199
v 0.21676692 0.20241977 -0.44130492
v 0.21071838 0.18023048 -0.44280499
v 0.21630070 0.22430228 -0.26558816
v 0.21500751 0.18839720 -0.45054618
v 0.21335861 0.18455443 -0.45216686
v 0.21692443 0.26458871 -0.33505189
v 0.21673933 0.23084304 -0.27030635
v 0.21718290 0.23293716 -0.27169451
v 0.21671480 0.23443004 -0.27361366
v 0.21727526 0.23613527 -0.27482891
v 0.21103379 0.17897192 -0.35655978
v 0.21147801 0.18345155 -0.33839175
v 0.21121041 0.18377233 -0.34151939
v 0.21703173 0.21440196 -0.43312183
v 0.21737511 0.26105615 -0.37080139
v 0.21671684 0.23818395 -0.27788848
v 0.21680459 0.24219616 -0.28203347
v 0.21737075 0.24095088 -0.27997759
v 0.21702835 0.24569833 -0.28606135
v 0.21001649 0.17327452 -0.43768603
v 0.21029070 0.18167259 -0.44554088
v 0.21677968 0.22655991 -0.26688015
v 0.20839612 0.18121165 -0.44933870
v 0.20983368 0.18070880 -0.45238540
v 0.21765870 0.26122740 -0.31361595
v 0.21259831 0.16402091 -0.31819785
v 0.21878798 0.23939526 -0.27645940
v 0.22009635 0.24213251 -0.27766895
v 0.21931954 0.24361427 -0.28033075
v 0.21749356 0.24415024 -0.28335661
v 0.22014804 0.24578294 -0.28168216
v 0.21967970 0.24719882 -0.28427374
v 0.20975251 0.17807685 -0.44198540
v 0.20873460 0.17498031 -0.44053555
v 0.22008073 0.23812856 -0.27344379
v 0.21917923 0.23575157 -0.27208722
v 0.21698990 0.22192234 -0.26314819
v 0.22004580 0.23440148 -0.26977646
v 0.21926340 0.23193039 -0.26854265
v 0.21732375 0.22900707 -0.26823744
v 0.22017975 0.23035401 -0.26630324
v 0.21955635 0.22771779 -0.26492456
v 0.21763439 0.22476886 -0.26464784
v 0.22047026 0.22599754 -0.26265824
v 0.21979144 0.22385354 -0.26173970
v 0.21849962 0.22046056 -0.26053745
v 0.21714033 0.21680796 -0.25935158
v 0.21661326 0.21489315 -0.25859618
v 0.21735699 0.21305048 -0.25664687
v 0.22001627 0.21907867 -0.25800291
v 0.21926482 0.21612126 -0.25678366
v 0.20735325 0.17853415 -0.44492874
v 0.20635529 0.17957903 -0.44814873
v 0.21726629 0.20560411 -0.25206217
v 0.21678516 0.20327714 -0.25139469
v 0.21631452 0.20069233 -0.25077447
v 0.22032769 0.21444550 -0.25469929
v 0.21957289 0.21194410 -0.25393209
v 0.20719904 0.17661583 -0.44334805
v 0.22096062 0.22142825 -0.25886926
v 0.21729279 0.26441088 -0.33080927
v 0.21627727 0.20817569 -0.25441471
v 0.21683986 0.21026915 -0.25531709
v 0.21932995 0.20522386 -0.25016865
v 0.21839608 0.20867187 -0.25297549
v 0.21995832 0.20716333 -0.25065306
v 0.22139128 0.21698301 -0.25550807
v 0.22082835 0.20933840 -0.25138277
v 0.21035910 0.18022865 -0.35009524
v 0.21011131 0.17934062 -0.35442075
v 0.21828434 0.20198959 -0.24983124
v 0.22137831 0.21140634 -0.25220942
v 0.21671341 0.19103326 -0.24680017
v 0.21623471 0.18802668 -0.24593860
v 0.21862756 0.19805537 -0.24822195
v 0.20909123 0.18247902 -0.34137800
v 0.21022621 0.18154213 -0.33675903
v 0.21034379 0.18178564 -0.34598988
v 0.22153038 0.20519465 -0.24868676
v 0.22162674 0.20181088 -0.24769065
v 0.22011156 0.19645599 -0.24677169
v 0.21735071 0.19390149 -0.24746828
v 0.21698450 0.17690261 -0.24169944
v 0.21586254 0.17364009 -0.24117945
v 0.21542312 0.17108595 -0.24073434
v 0.21934040 0.19367315 -0.24627042
v 0.21806644 0.18949470 -0.24551170
v 0.21734108 0.18125075 -0.24290693
v 0.21792348 0.18535042 -0.24405149
v 0.22162102 0.19780040 -0.24647769
v 0.22142680 0.19362453 -0.24530534
v 0.21029200 0.16090460 -0.30345270
v 0.21084972 0.16191447 -0.29950652
v 0.22239405 0.20014331 -0.24685787
v 0.22125971 0.18952149 -0.24419275
v 0.22105755 0.18539113 -0.24313222
v 0.21767847 0.17357437 -0.24046120
v 0.21821862 0.17544411 -0.24074988
v 0.22918466 0.26647651 -0.34871042
v 0.22923206 0.26574412 -0.35333282
v 0.22428069 0.26565909 -0.35384122
v 0.23381579 0.26560840 -0.35385671
v 0.23216423 0.26532507 -0.35562152
v 0.23408845 0.26644513 -0.34876734
v 0.23787126 0.26643527 -0.34877315
v 0.22376899 0.26639310 -0.34879518
v 0.23795024 0.26563215 -0.35336980
v 0.22914639 0.26706988 -0.34552738
v 0.23784770 0.26704663 -0.34573102
v 0.22366299 0.26696816 -0.34542531
v 0.23511446 0.26526740 -0.35600200
v 0.23379607 0.26501063 -0.35760105
v 0.22922158 0.26501575 -0.35780695
v 0.23802191 0.26512587 -0.35629401
v 0.22642951 0.26545408 -0.35558993
v 0.23803106 0.26479730 -0.35845730
v 0.22921860 0.26420256 -0.36208805
v 0.22398116 0.26419201 -0.36207959
v 0.22432970 0.26508608 -0.35742223
v 0.23402476 0.26418164 -0.36212814
v 0.23802949 0.26417029 -0.36205581
v 0.22278476 0.26533327 -0.35574672
v 0.21990980 0.26470685 -0.35839108
v 0.21985726 0.26403084 -0.36214176
v 0.23405154 0.26318732 -0.36634433
v 0.22927406 0.26321182 -0.36633670
v 0.22399576 0.26318106 -0.36636636
v 0.23806554 0.26321763 -0.36625499
v 0.21983720 0.26302642 -0.36647350
v 0.21994273 0.26677167 -0.34537032
v 0.22003695 0.26551813 -0.35343069
v 0.21998869 0.26506472 -0.35620245
v 0.22000128 0.26618913 -0.34892038
v 0.22930555 0.26230595 -0.36977443
v 0.22398727 0.26231498 -0.36966375
v 0.22399065 0.26180974 -0.37155804
v 0.23106582 0.26172575 -0.37188908
v 0.23375148 0.26206106 -0.37057191
v 0.23811741 0.26219249 -0.37007961
v 0.21979602 0.26190242 -0.37069872
v 0.22067234 0.26160225 -0.37204236
v 0.23497817 0.26142666 -0.37270576
v 0.21857378 0.26131210 -0.37253788
v 0.23820095 0.26111355 -0.37351072
v 0.22397748 0.26109308 -0.37381935
v 0.22924668 0.26111683 -0.37372476
v 0.21991973 0.26101258 -0.37373945
v 0.21824341 0.26171774 -0.37064177
v 0.21780635 0.26260573 -0.36670402
v 0.23503308 0.26101884 -0.37388241
v 0.23816772 0.25990891 -0.37684050
v 0.22914334 0.25980383 -0.37719616
v 0.22393018 0.25977758 -0.37728012
v 0.23949656 0.26052499 -0.37512869
v 0.22018680 0.25966576 -0.37742922
v 0.24012253 0.26044840 -0.37507218
v 0.24033968 0.26080459 -0.37331480
v 0.22943537 0.25740373 -0.38323280
v 0.22389548 0.25817966 -0.38123298
v 0.22031799 0.25806367 -0.38137537
v 0.22039697 0.25713795 -0.38359448
v 0.22389057 0.25729826 -0.38343099
v 0.23399179 0.25824344 -0.38111508
v 0.23814766 0.25833976 -0.38090712
v 0.23397551 0.25709766 -0.38391501
v 0.22901271 0.25644872 -0.38547811
v 0.22386973 0.25649157 -0.38529667
v 0.23396300 0.25629431 -0.38577503
v 0.22043397 0.25633088 -0.38543704
v 0.23814857 0.25700223 -0.38403496
v 0.23814432 0.25615698 -0.38589591
v 0.24038464 0.26183802 -0.36986175
v 0.22895561 0.25497961 -0.38862649
v 0.23811075 0.25496879 -0.38845727
v 0.23392935 0.25495458 -0.38860810
v 0.22385004 0.25488627 -0.38868546
v 0.22051325 0.25473309 -0.38877138
v 0.24031544 0.25970030 -0.37652507
v 0.24028632 0.25811079 -0.38069201
v 0.24041304 0.26276600 -0.36611468
v 0.23389934 0.25344053 -0.39156607
v 0.22892806 0.25356007 -0.39138350
v 0.23807952 0.25331929 -0.39175504
v 0.22386037 0.25353593 -0.39124247
v 0.22058967 0.25332582 -0.39138427
v 0.23807135 0.25214288 -0.39394993
v 0.22892494 0.25236768 -0.39358097
v 0.22387952 0.25233889 -0.39341298
v 0.22061236 0.25215119 -0.39350292
v 0.21864724 0.25761768 -0.38163134
v 0.21925317 0.25696933 -0.38368717
v 0.21773954 0.25885832 -0.37790808
v 0.24025823 0.25678334 -0.38370103
v 0.24024048 0.25464788 -0.38833350
v 0.24021539 0.25307381 -0.39155376
v 0.24021971 0.25195855 -0.39367086
v 0.21790029 0.26041320 -0.37404752
v 0.22389147 0.25033811 -0.39685011
v 0.22892214 0.25040779 -0.39692056
v 0.22389428 0.24901539 -0.39905161
v 0.22892514 0.24904294 -0.39917174
v 0.22065088 0.24994799 -0.39726546
v 0.23389174 0.25005311 -0.39749381
v 0.23806199 0.25040868 -0.39692155
v 0.22896478 0.24799699 -0.40102324
v 0.23364252 0.24900025 -0.39923051
v 0.23805961 0.24886091 -0.39951444
v 0.23390593 0.24815118 -0.40078986
v 0.23805480 0.24788439 -0.40124550
v 0.22394513 0.24792248 -0.40090594
v 0.22007729 0.24881741 -0.39907771
v 0.24009453 0.24872613 -0.39933383
v 0.24026100 0.24984249 -0.39713848
v 0.22060332 0.24794349 -0.40053320
v 0.23390932 0.24595347 -0.40409276
v 0.22901912 0.24605839 -0.40388376
v 0.22400588 0.24603149 -0.40367919
v 0.22047082 0.24582782 -0.40359986
v 0.21926527 0.25304058 -0.39129364
v 0.21850486 0.26475072 -0.35627794
v 0.21745400 0.26342115 -0.36221990
v 0.23790471 0.24567358 -0.40432274
v 0.21944851 0.24868183 -0.39910951
v 0.21884288 0.24948755 -0.39706266
v 0.21806630 0.25544992 -0.38561550
v 0.21862629 0.25394642 -0.38904426
v 0.24039426 0.26358980 -0.36192104
v 0.21772969 0.26412511 -0.35807830
v 0.21825056 0.26497877 -0.35352460
v 0.24030650 0.26428297 -0.35757568
v 0.23990545 0.26488572 -0.35611844
v 0.24016528 0.26500648 -0.35320210
v 0.24006684 0.26576516 -0.34880376
v 0.24003346 0.26640451 -0.34572938
v 0.21988776 0.26682657 -0.34287095
v 0.21672548 0.25883123 -0.37699044
v 0.22364044 0.26695481 -0.34304899
v 0.21739903 0.25678143 -0.38205513
v 0.21689199 0.25769851 -0.37947059
v 0.21872404 0.24546345 -0.40337211
v 0.22402304 0.24475910 -0.40522242
v 0.22408950 0.24118091 -0.40970322
v 0.22043385 0.24116550 -0.40941820
v 0.22043760 0.24453658 -0.40519601
v 0.22955792 0.24252073 -0.40823683
v 0.22822323 0.24116835 -0.40991190
v 0.22903913 0.24481609 -0.40534565
v 0.23391408 0.24473423 -0.40550011
v 0.23343661 0.24122317 -0.40989584
v 0.23159894 0.24115163 -0.40998775
v 0.23663720 0.24466640 -0.40555093
v 0.23784299 0.24327831 -0.40725592
v 0.23788559 0.24103731 -0.41010174
v 0.23897727 0.24461395 -0.40553069
v 0.24009307 0.24544477 -0.40392494
v 0.24023893 0.24777842 -0.40050626
v 0.23981057 0.24455571 -0.40546554
v 0.23785719 0.23933555 -0.41219959
v 0.22936971 0.23928340 -0.41217571
v 0.23371828 0.23743990 -0.41441658
v 0.23382102 0.23577094 -0.41641346
v 0.22890808 0.23613623 -0.41593471
v 0.22718991 0.23746125 -0.41431025
v 0.23786575 0.23744120 -0.41441932
v 0.22397609 0.23738763 -0.41420493
v 0.23791035 0.23567975 -0.41640261
v 0.22410886 0.23566602 -0.41625118
v 0.22413698 0.23379305 -0.41842327
v 0.22900492 0.23386741 -0.41859290
v 0.23379749 0.23382263 -0.41865435
v 0.22052355 0.23580842 -0.41577807
v 0.22047846 0.23359719 -0.41830203
v 0.21976718 0.23710573 -0.41421199
v 0.22050013 0.23864554 -0.41244027
v 0.24005918 0.24257798 -0.40744126
v 0.23984164 0.24091053 -0.40987676
v 0.23791821 0.23377480 -0.41849309
v 0.21822613 0.23824291 -0.41205850
v 0.21918513 0.23702887 -0.41418326
v 0.24002230 0.23941746 -0.41137952
v 0.23997551 0.23720056 -0.41411042
v 0.21818659 0.24689986 -0.40077373
v 0.21804583 0.24222565 -0.40715131
v 0.21805145 0.24051331 -0.40922835
v 0.21791649 0.24402834 -0.40469143
v 0.24001552 0.23534389 -0.41607466
v 0.21804234 0.25108048 -0.39341909
v 0.21738853 0.24823537 -0.39759788
v 0.21823393 0.23494183 -0.41593945
v 0.21894057 0.23334710 -0.41819775
v 0.23788959 0.23192051 -0.42027533
v 0.22042768 0.23175663 -0.42003989
v 0.22414602 0.23018320 -0.42181277
v 0.22040066 0.22975098 -0.42191261
v 0.22900516 0.23207612 -0.42024958
v 0.22906925 0.22967894 -0.42245460
v 0.22908305 0.22595800 -0.42577061
v 0.22412162 0.22597778 -0.42559028
v 0.23375328 0.23031582 -0.42190057
v 0.23785830 0.22995277 -0.42212424
v 0.22049293 0.22573461 -0.42553112
v 0.23365216 0.22603290 -0.42571321
v 0.23779532 0.22782069 -0.42403010
v 0.23771480 0.22583981 -0.42578259
v 0.24000995 0.23328596 -0.41821864
v 0.21880226 0.22950436 -0.42173836
v 0.21805017 0.23124635 -0.41978684
v 0.21668579 0.25497967 -0.38521200
v 0.21675171 0.24197432 -0.40665382
v 0.21683066 0.25372967 -0.38754421
v 0.21720223 0.25279897 -0.38954672
v 0.23765792 0.22349784 -0.42774215
v 0.23380674 0.22174618 -0.42927986
v 0.23563194 0.22153369 -0.42942169
v 0.22902071 0.22195035 -0.42910317
v 0.22415571 0.22374944 -0.42745265
v 0.22417404 0.22154370 -0.42928112
v 0.22066289 0.22185309 -0.42884287
v 0.23995210 0.22967756 -0.42170450
v 0.23963131 0.22565360 -0.42549631
v 0.23996207 0.22706135 -0.42393246
v 0.23763734 0.22155359 -0.42930368
v 0.22423854 0.21965720 -0.43079960
v 0.22077407 0.21950874 -0.43075159
v 0.22902818 0.21971700 -0.43087587
v 0.23395051 0.22004074 -0.43060178
v 0.23376788 0.21718030 -0.43275937
v 0.22906962 0.21716881 -0.43279219
v 0.22089884 0.21711846 -0.43259168
v 0.22435027 0.21720286 -0.43266013
v 0.23936805 0.22146305 -0.42912307
v 0.23984669 0.22334862 -0.42712876
v 0.21811576 0.22735949 -0.42335486
v 0.21908833 0.22554258 -0.42538160
v 0.23760989 0.21950038 -0.43085298
v 0.23757009 0.21714020 -0.43259680
v 0.21666941 0.24301110 -0.40520129
v 0.21698058 0.24511683 -0.40243149
v 0.23381335 0.21527095 -0.43409207
v 0.23748282 0.21521395 -0.43399835
v 0.23735239 0.21252385 -0.43591046
v 0.22929680 0.21266922 -0.43589371
v 0.23384063 0.21245852 -0.43603367
v 0.22939472 0.21056850 -0.43730405
v 0.23381150 0.20728396 -0.43955600
v 0.22954014 0.20794459 -0.43907222
v 0.23233113 0.20561796 -0.44072565
v 0.23391385 0.20456164 -0.44141778
v 0.23710048 0.20760971 -0.43925789
v 0.23691154 0.20382628 -0.44181114
v 0.22445685 0.21536216 -0.43394655
v 0.22459055 0.21265456 -0.43579578
v 0.22092624 0.21534462 -0.43383014
v 0.22094786 0.21251370 -0.43572554
v 0.21822150 0.22358413 -0.42658862
v 0.21819814 0.22092009 -0.42877242
v 0.21824113 0.21892004 -0.43036634
v 0.22468413 0.21058294 -0.43716219
v 0.22479251 0.20816933 -0.43875927
v 0.22967190 0.20562471 -0.44063523
v 0.22510071 0.20404802 -0.44146347
v 0.22974852 0.20397767 -0.44169486
v 0.22089569 0.20545599 -0.44031569
v 0.22094342 0.20820779 -0.43854100
v 0.22097056 0.21047589 -0.43703535
v 0.21721192 0.22917658 -0.42132920
v 0.21666114 0.22720994 -0.42297131
v 0.21668607 0.23100114 -0.41950759
v 0.21728741 0.23280038 -0.41778022
v 0.21736558 0.22514273 -0.42488512
v 0.23796721 0.20548782 -0.44051585
v 0.23973584 0.21957704 -0.43011200
v 0.21901637 0.21510369 -0.43357462
v 0.21813770 0.21650667 -0.43212715
v 0.21666346 0.23438668 -0.41554347
v 0.21749683 0.23656794 -0.41356835
v 0.21669567 0.23814420 -0.41107816
v 0.22083071 0.20359002 -0.44149119
v 0.22068562 0.20031206 -0.44349870
v 0.22506376 0.20042041 -0.44364333
v 0.22057877 0.19777444 -0.44501382
v 0.23417675 0.20057932 -0.44383234
v 0.22976990 0.19999838 -0.44403645
v 0.23670411 0.20063798 -0.44374052
v 0.21941479 0.21033806 -0.43691358
v 0.21823286 0.21243350 -0.43504000
v 0.21829934 0.20839909 -0.43783432
v 0.21779163 0.20465040 -0.44018000
v 0.21836191 0.20312616 -0.44138888
v 0.21755201 0.20064849 -0.44278586
v 0.21757069 0.19746748 -0.44496322
v 0.21744211 0.19559200 -0.44621113
v 0.21749347 0.20998834 -0.43642122
v 0.21669774 0.20770454 -0.43769810
v 0.21622349 0.19513294 -0.44624600
v 0.21671765 0.24635704 -0.40031388
v 0.21716097 0.19198397 -0.44849342
v 0.22064123 0.19195291 -0.44849673
v 0.22049367 0.19585992 -0.44618297
v 0.22511363 0.19601238 -0.44622850
v 0.21662772 0.25051332 -0.39297271
v 0.21680358 0.24901164 -0.39551288
v 0.21667278 0.22291134 -0.42634380
v 0.22510214 0.19799657 -0.44505012
v 0.23032705 0.19733924 -0.44554740
v 0.23418871 0.19614665 -0.44629875
v 0.22981647 0.19653839 -0.44600588
v 0.23419265 0.19847970 -0.44498223
v 0.23419349 0.19274226 -0.44816199
v 0.22994380 0.19252783 -0.44830057
v 0.22995983 0.19059911 -0.44937593
v 0.22291011 0.19039138 -0.44945961
v 0.22513554 0.19238707 -0.44833726
v 0.21918432 0.19033839 -0.44938892
v 0.21763170 0.19032364 -0.44940555
v 0.21676692 0.20241977 -0.44130492
v 0.22053134 0.18893424 -0.45018831
v 0.21670732 0.18882897 -0.45039868
v 0.21666586 0.21241631 -0.43441513
v 0.21703173 0.21440196 -0.43312183
v 0.21661426 0.24006309 -0.40857625
v 0.23650116 0.19612817 -0.44615686
v 0.21599700 0.19036451 -0.44967520
v 0.21561816 0.19217688 -0.44786984
v 0.21674353 0.21837763 -0.42998186
v 0.21663509 0.21712197 -0.43087178
v 0.21647102 0.20546840 -0.43889731
v 0.21584310 0.19685200 -0.44433498
v 0.21657023 0.22048075 -0.42808473
v 0.23401469 0.18854170 -0.45037201
v 0.22993964 0.18858121 -0.45041913
v 0.22514278 0.18860617 -0.45038474
v 0.23876728 0.21003242 -0.43714187
v 0.21627244 0.19978997 -0.44274840
v 0.23970568 0.21658248 -0.43212843
v 0.23961821 0.21465726 -0.43344733
v 0.21656246 0.22488441 -0.42447329
v 0.21653186 0.20969523 -0.43595445
v 0.21654606 0.23622668 -0.41297475
v 0.23950960 0.21158427 -0.43545377
v 0.23911811 0.20724963 -0.43838775
v 0.21659909 0.22897215 -0.42094097
v 0.21664311 0.24738100 -0.39806503
v 0.21795815 0.26537180 -0.34920117
v 0.21658212 0.23258099 -0.41721696
v 0.21666577 0.25946489 -0.37469196
v 0.21737511 0.26105615 -0.37080139
v 0.21763867 0.26560590 -0.34584817
v 0.21658610 0.25592062 -0.38243738
v 0.21675706 0.26331338 -0.36085376
v 0.21683685 0.26268131 -0.36362419
v 0.21700747 0.26189801 -0.36691630
v 0.23824184 0.20379490 -0.44115540
v 0.23717715 0.19853516 -0.44461057
v 0.21780820 0.26593789 -0.34268045
v 0.21718544 0.26427639 -0.35387254
v 0.21686248 0.26456943 -0.34951931
v 0.21414092 0.18884750 -0.44863698
v 0.21500751 0.18839720 -0.45054618
v 0.21661581 0.26380157 -0.35429573
v 0.21677172 0.26475495 -0.34727183
v 0.21670948 0.26496130 -0.34510842
v 0.24012722 0.22095342 -0.42879823
v 0.21669371 0.26503792 -0.34257081
v 0.23871975 0.20010857 -0.44236305
v 0.24030212 0.22523734 -0.42507103
v 0.21672830 0.26496288 -0.34041712
v 0.21757872 0.26548597 -0.33921048
v 0.21680798 0.26475880 -0.33772314
v 0.21788308 0.26529479 -0.33516383
v 0.21692443 0.26458871 -0.33505189
v 0.24043944 0.23686890 -0.41380164
v 0.24070662 0.21858792 -0.42974675
v 0.24092355 0.26059583 -0.37220171
v 0.24126500 0.26101339 -0.36977461
v 0.24113224 0.25721988 -0.38076523
v 0.24067573 0.25662926 -0.38302684
v 0.24173951 0.25479496 -0.38457718
v 0.24124685 0.25348747 -0.38849947
v 0.24176772 0.25809363 -0.37697306
v 0.24073964 0.25277364 -0.39099672
v 0.24092095 0.22275065 -0.42628989
v 0.24105690 0.24952984 -0.39609537
v 0.24098179 0.23788203 -0.41170254
v 0.24100415 0.24185663 -0.40679970
v 0.24026510 0.24423566 -0.40500936
v 0.24168639 0.24313226 -0.40413105
v 0.24082969 0.24519473 -0.40298420
v 0.24138626 0.24613938 -0.40069762
v 0.24209829 0.25897714 -0.37335703
v 0.24047484 0.24848123 -0.39884242
v 0.24327731 0.25461665 -0.38101321
v 0.24373706 0.25569472 -0.37728703
v 0.24162200 0.25084776 -0.39263260
v 0.24198113 0.23938024 -0.40811819
v 0.24086919 0.22738907 -0.42238501
v 0.24396168 0.25187635 -0.38512847
v 0.24433613 0.25267696 -0.38240466
v 0.24337530 0.25070101 -0.38875219
v 0.24164785 0.26153991 -0.36607638
v 0.24345370 0.24306683 -0.40098456
v 0.24421319 0.24102454 -0.40224549
v 0.24338099 0.25865525 -0.37004381
v 0.24086849 0.23469396 -0.41540188
v 0.24422173 0.25660667 -0.37345660
v 0.24444382 0.25706449 -0.37140599
v 0.24383116 0.23950286 -0.40471274
v 0.24210225 0.24722151 -0.39745611
v 0.24109741 0.26473156 -0.34891135
v 0.24148814 0.26502597 -0.34576893
v 0.24353376 0.25946236 -0.36608702
v 0.24082911 0.23091334 -0.41920698
v 0.24228735 0.22782639 -0.41980776
v 0.24381244 0.26263902 -0.34581190
v 0.24371643 0.26205215 -0.34896317
v 0.24197532 0.26197943 -0.36192697
v 0.24245638 0.23532361 -0.41203186
v 0.24056217 0.26468197 -0.35251862
v 0.24234688 0.23163970 -0.41603225
v 0.24432033 0.24857606 -0.39017850
v 0.24390058 0.24716505 -0.39345911
v 0.24410762 0.24438214 -0.39737433
v 0.24463986 0.24188530 -0.39995807
v 0.24231084 0.26286441 -0.35336912
v 0.24228637 0.26230010 -0.35772058
v 0.24492754 0.26025748 -0.35371155
v 0.24444631 0.26009792 -0.35790560
v 0.24396196 0.25981772 -0.36201376
v 0.24400310 0.23590483 -0.40839836
v 0.24436955 0.23734154 -0.40607288
v 0.24521405 0.26034039 -0.35049286
v 0.24610369 0.25911027 -0.35384476
v 0.24610317 0.25970489 -0.34927109
v 0.24541123 0.26043975 -0.34749153
v 0.24659988 0.25973034 -0.34578863
v 0.24558820 0.26066697 -0.34580442
v 0.24583572 0.25858870 -0.35799941
v 0.24545063 0.25808680 -0.36205220
v 0.24183278 0.22401482 -0.42378971
v 0.24474828 0.25746533 -0.36861393
v 0.24155417 0.21985076 -0.42759192
v 0.24673522 0.25969902 -0.34266308
v 0.24567978 0.26066652 -0.34300849
v 0.24469317 0.25341058 -0.37939608
v 0.24386811 0.22831567 -0.41645837
v 0.24394283 0.23213284 -0.41247720
v 0.24471079 0.24940531 -0.38755140
v 0.24387038 0.22425832 -0.42020926
v 0.24377628 0.22016419 -0.42370155
v 0.24435779 0.22164428 -0.42151225
v 0.24479009 0.23846278 -0.40400431
v 0.24010338 0.26627687 -0.34336579
v 0.24145101 0.26501933 -0.34332675
v 0.24431521 0.22590211 -0.41794780
v 0.24376574 0.26270047 -0.34319124
v 0.24634509 0.25963891 -0.33884275
v 0.24557182 0.26038447 -0.34044042
v 0.24543510 0.26018348 -0.33758405
v 0.24644929 0.25910825 -0.33472288
v 0.24527290 0.26012343 -0.33499077
v 0.24633418 0.25865427 -0.33055118
v 0.24345097 0.21590456 -0.42738274
v 0.24417531 0.21226263 -0.42871669
v 0.24396233 0.20874006 -0.43137753
v 0.24259925 0.21212675 -0.43123153
v 0.24116248 0.21560507 -0.43104738
v 0.24495977 0.26002231 -0.33075744
v 0.24112657 0.26479286 -0.33960596
v 0.24261865 0.26284620 -0.33520836
v 0.24281846 0.26232725 -0.33090413
v 0.24077174 0.26457372 -0.33389840
v 0.24380608 0.26203421 -0.33924329
v 0.24033368 0.26510009 -0.33529568
v 0.24005942 0.26502895 -0.33278543
v 0.24056606 0.26449278 -0.33118740
v 0.24265179 0.26213908 -0.32673684
v 0.24080086 0.26385000 -0.32665107
v 0.24022023 0.26566669 -0.33957842
v 0.24230637 0.26190189 -0.32278892
v 0.24083214 0.26322243 -0.32264319
v 0.24613892 0.25822601 -0.32648107
v 0.24185105 0.26157898 -0.31912395
v 0.24074361 0.26255733 -0.31897309
v 0.24459291 0.25988734 -0.32665205
v 0.24134281 0.26112702 -0.31549665
v 0.24061593 0.26177460 -0.31536764
v 0.24586944 0.25779077 -0.32254329
v 0.24415444 0.25969893 -0.32271656
v 0.24104486 0.26083672 -0.31350911
v 0.24554987 0.25734478 -0.31877756
v 0.24371099 0.25940770 -0.31899884
v 0.24688566 0.25601706 -0.31840110
v 0.24504083 0.25667650 -0.31368086
v 0.24326055 0.25898314 -0.31530383
v 0.24717866 0.25637159 -0.32225823
v 0.24739225 0.25662646 -0.32622471
v 0.24644437 0.25554740 -0.31464282
v 0.24282920 0.25855297 -0.31212232
v 0.24468298 0.25621668 -0.31074032
v 0.22634521 0.05008689 -0.37474847
v 0.22448534 0.04947094 -0.37372860
v 0.22447464 0.05030639 -0.37761045
v 0.22050251 0.04975229 -0.37889996
v 0.21905792 0.04910597 -0.37766364
v 0.21943569 0.04831113 -0.37386301
v 0.21715339 0.04923788 -0.37994194
v 0.22784653 0.04990650 -0.37211144
v 0.22497557 0.04884759 -0.36988106
v 0.21950588 0.04761061 -0.36997285
v 0.22451134 0.05132262 -0.38163760
v 0.21900646 0.05008974 -0.38142130
v 0.21487136 0.04793222 -0.37782413
v 0.22971253 0.05187420 -0.37763900
v 0.22963063 0.05291129 -0.38156405
v 0.22445016 0.05250970 -0.38554558
v 0.21927738 0.05142170 -0.38560665
v 0.22937997 0.05397898 -0.38514915
v 0.22760768 0.05415817 -0.38780603
v 0.22950912 0.05090040 -0.37352166
v 0.21523480 0.04628920 -0.37007353
v 0.21453512 0.04655875 -0.37374502
v 0.22443046 0.05357198 -0.38851920
v 0.22040066 0.05368796 -0.39109293
v 0.22443098 0.05429397 -0.39041701
v 0.21898325 0.05285152 -0.38969445
v 0.21486425 0.04967693 -0.38233143
v 0.21486621 0.04891830 -0.38036785
v 0.21486346 0.05089436 -0.38567334
v 0.21272449 0.04942292 -0.38303009
v 0.21235684 0.05001072 -0.38574937
v 0.21718743 0.05322327 -0.39145970
v 0.22942042 0.05528829 -0.38914794
v 0.22975940 0.05695625 -0.39295074
v 0.23086028 0.05492096 -0.38621223
v 0.21510355 0.05254961 -0.38968843
v 0.21657616 0.05317947 -0.39148262
v 0.23405308 0.05851839 -0.39289585
v 0.23402806 0.05714943 -0.38925791
v 0.23366094 0.05579855 -0.38511947
v 0.21195683 0.05131593 -0.38983437
v 0.23212570 0.05464303 -0.38360313
v 0.22446997 0.05561390 -0.39315519
v 0.23622373 0.05905102 -0.39177793
v 0.23527999 0.05944898 -0.39403489
v 0.23283742 0.05892171 -0.39465332
v 0.22987871 0.05829126 -0.39528489
v 0.22835399 0.04972368 -0.36981323
v 0.22504877 0.04829563 -0.36595386
v 0.21953000 0.04710018 -0.36601803
v 0.21578823 0.04611672 -0.36607221
v 0.22907244 0.04943402 -0.36588511
v 0.22509472 0.04786180 -0.36199638
v 0.23275100 0.05437210 -0.38153842
v 0.22958194 0.04918464 -0.36192569
v 0.22512330 0.04749169 -0.35802743
v 0.23056729 0.05069437 -0.36977062
v 0.23126113 0.05041696 -0.36584175
v 0.21902080 0.04656604 -0.36172169
v 0.22997367 0.04897443 -0.35795772
v 0.22508554 0.04713597 -0.35406044
v 0.23174985 0.05017164 -0.36188236
v 0.22002441 0.04647437 -0.35807392
v 0.22471751 0.04676095 -0.35032147
v 0.23017265 0.04834417 -0.35000736
v 0.23060204 0.04893572 -0.35435361
v 0.23015966 0.04796438 -0.34599769
v 0.22724317 0.04665081 -0.34298554
v 0.22974646 0.04740081 -0.34182006
v 0.23472899 0.05542243 -0.38155243
v 0.23409329 0.05323112 -0.37371704
v 0.23416512 0.05408354 -0.37738112
v 0.23212697 0.04995712 -0.35791636
v 0.23231721 0.04984808 -0.35588956
v 0.23247142 0.04971230 -0.35324383
v 0.23266236 0.04951271 -0.34996182
v 0.23285338 0.04924451 -0.34595579
v 0.23300260 0.04896152 -0.34200662
v 0.23043415 0.04739223 -0.33824664
v 0.23415373 0.05253639 -0.36978090
v 0.23418613 0.05194197 -0.36586136
v 0.23420994 0.05149865 -0.36191317
v 0.23557019 0.05517254 -0.37852317
v 0.23313409 0.04871459 -0.33816534
v 0.23324092 0.04852396 -0.33431938
v 0.23083219 0.04729965 -0.33444485
v 0.23123804 0.04720615 -0.33053544
v 0.23663685 0.05863661 -0.38918710
v 0.23423634 0.05116427 -0.35795107
v 0.23608810 0.05493017 -0.37594581
v 0.23631239 0.05469349 -0.37376735
v 0.23331264 0.04835628 -0.33037251
v 0.23161596 0.04713055 -0.32648602
v 0.23395139 0.05070627 -0.35435158
v 0.23458293 0.05074055 -0.35000670
v 0.23736523 0.05825880 -0.38535175
v 0.23477113 0.05054588 -0.34602058
v 0.23669413 0.05429011 -0.36982810
v 0.21255477 0.04634089 -0.37790617
v 0.23492041 0.05035015 -0.34207574
v 0.23700796 0.05393648 -0.36592102
v 0.23719651 0.05365675 -0.36199093
v 0.23737805 0.05728363 -0.38149503
v 0.23505485 0.05018699 -0.33819470
v 0.23729452 0.05344256 -0.35803121
v 0.23736286 0.05326319 -0.35407147
v 0.23742282 0.05308498 -0.35009772
v 0.21227016 0.04745276 -0.38179529
v 0.23727997 0.05627446 -0.37738588
v 0.23516597 0.05005821 -0.33428884
v 0.23524854 0.04993130 -0.33028540
v 0.23528141 0.04982506 -0.32614735
v 0.21897426 0.05446924 -0.39297032
v 0.23795845 0.05614290 -0.37374783
v 0.23842368 0.05584367 -0.36981854
v 0.23746884 0.05290354 -0.34614193
v 0.23879245 0.05556827 -0.36593580
v 0.23901910 0.05534905 -0.36203036
v 0.23862930 0.05909053 -0.38398367
v 0.23905137 0.05885420 -0.38140577
v 0.23964831 0.05854547 -0.37755567
v 0.23818298 0.05937836 -0.38657182
v 0.23749320 0.05272416 -0.34220800
v 0.23749015 0.05256071 -0.33828989
v 0.23914456 0.05519287 -0.35807666
v 0.24016884 0.05826929 -0.37365422
v 0.23922786 0.05508081 -0.35412100
v 0.23929447 0.05496643 -0.35015872
v 0.23934735 0.05483654 -0.34622404
v 0.23937690 0.05470889 -0.34229857
v 0.24059129 0.05800180 -0.36971104
v 0.24089994 0.05776330 -0.36582735
v 0.23747212 0.05241612 -0.33433607
v 0.23745765 0.05226814 -0.33030722
v 0.23936948 0.05459207 -0.33836493
v 0.24110186 0.05759870 -0.36194071
v 0.23934044 0.05448649 -0.33438841
v 0.23768407 0.05974554 -0.38907406
v 0.24122822 0.05747195 -0.35752657
v 0.23931701 0.05437992 -0.33035627
v 0.23926379 0.05427093 -0.32626912
v 0.24131556 0.05731137 -0.35014513
v 0.24132721 0.05719345 -0.34623069
v 0.24133323 0.05708890 -0.34231564
v 0.24129856 0.05699540 -0.33838952
v 0.24297297 0.05972204 -0.35790205
v 0.24282287 0.05979105 -0.36179674
v 0.24257465 0.05992746 -0.36565918
v 0.24122253 0.05691339 -0.33441409
v 0.24304855 0.05967034 -0.35400638
v 0.24309590 0.05955847 -0.34759411
v 0.24309717 0.05948445 -0.34230250
v 0.24221963 0.06017597 -0.36954623
v 0.24113846 0.05684279 -0.33041358
v 0.24305615 0.05946739 -0.33838409
v 0.24177729 0.06052788 -0.37349114
v 0.24297003 0.05950602 -0.33441335
v 0.23690581 0.06063570 -0.39285621
v 0.23639579 0.06148811 -0.39559430
v 0.23428164 0.06066431 -0.39640623
v 0.23569910 0.06240613 -0.39817706
v 0.24142021 0.06106992 -0.37707478
v 0.24034417 0.06075005 -0.38123503
v 0.23925002 0.06053478 -0.38513467
v 0.20879568 0.12590520 -0.43650109
v 0.21230723 0.12630141 -0.43640015
v 0.20862822 0.12214662 -0.43659684
v 0.21434374 0.12231059 -0.43648273
v 0.21012655 0.12990631 -0.43605462
v 0.20907387 0.12985970 -0.43612459
v 0.20874865 0.12067978 -0.43386078
v 0.21421677 0.10675748 -0.42958918
v 0.20837641 0.10627444 -0.42895663
v 0.21318552 0.11012430 -0.43000001
v 0.21364763 0.10377305 -0.42592275
v 0.20842744 0.11041305 -0.43290669
v 0.21409434 0.11427800 -0.43335348
v 0.20846814 0.11425865 -0.43685725
v 0.20880552 0.10365092 -0.42484292
v 0.21207190 0.09999397 -0.42451379
v 0.20844986 0.09841087 -0.42499411
v 0.21038853 0.09645894 -0.42291713
v 0.21411821 0.09779798 -0.42262453
v 0.21200877 0.09524367 -0.42064625
v 0.21398346 0.09646165 -0.42141259
v 0.20859751 0.09316798 -0.42113277
v 0.21069664 0.09285287 -0.41790888
v 0.21331058 0.09476505 -0.41818145
v 0.21401303 0.09211727 -0.41765472
v 0.21253079 0.09211811 -0.41435680
v 0.21018180 0.09062558 -0.41441244
v 0.21198842 0.08940952 -0.41176209
v 0.21131054 0.07372492 -0.40660623
v 0.20896628 0.07481861 -0.40944758
v 0.21583371 0.07533826 -0.40943041
v 0.21355821 0.07784607 -0.41196865
v 0.20876899 0.07905496 -0.41348073
v 0.21377237 0.08045131 -0.41436869
v 0.21607195 0.07914498 -0.41299477
v 0.20854944 0.08287202 -0.41733450
v 0.21680456 0.08038026 -0.41511843
v 0.21652190 0.07664978 -0.41170678
v 0.21932529 0.07843959 -0.41391891
v 0.21937186 0.08006737 -0.41537714
v 0.22442478 0.07838800 -0.41399983
v 0.22451629 0.08000130 -0.41548532
v 0.22464545 0.08226296 -0.41744095
v 0.21927959 0.07624044 -0.41206354
v 0.22397222 0.07592441 -0.41190898
v 0.21947144 0.08250692 -0.41734877
v 0.21957135 0.08467291 -0.41899994
v 0.22470742 0.08450241 -0.41921625
v 0.22470795 0.08690665 -0.42122126
v 0.21943040 0.08744268 -0.42117465
v 0.22085160 0.08910550 -0.42293009
v 0.22468135 0.08897302 -0.42308727
v 0.22466940 0.09104866 -0.42506406
v 0.21937871 0.09129579 -0.42462909
v 0.21719383 0.08489482 -0.41878071
v 0.22991627 0.08693715 -0.42115650
v 0.22986403 0.09106775 -0.42505938
v 0.23434152 0.08692186 -0.42110547
v 0.23469098 0.08992004 -0.42392603
v 0.22469106 0.09293605 -0.42687479
v 0.23422492 0.09911368 -0.43263754
v 0.23435064 0.09692813 -0.43058863
v 0.22972497 0.09661263 -0.43022415
v 0.23434921 0.09498496 -0.42874512
v 0.22986490 0.09290233 -0.42678007
v 0.22476189 0.09508716 -0.42884967
v 0.22482115 0.09685363 -0.43046275
v 0.22992544 0.09906162 -0.43245867
v 0.22488765 0.09907629 -0.43242732
v 0.22494189 0.10124675 -0.43433124
v 0.22188871 0.09684199 -0.43039733
v 0.22450018 0.10389031 -0.43667102
v 0.22991389 0.10340733 -0.43637142
v 0.22228627 0.10126057 -0.43426865
v 0.22993320 0.10123015 -0.43439803
v 0.23434135 0.10335908 -0.43656918
v 0.23674145 0.09902415 -0.43268010
v 0.23664758 0.10330455 -0.43660891
v 0.23661321 0.10538744 -0.43848616
v 0.22590835 0.10556195 -0.43824112
v 0.23434415 0.10749967 -0.44047144
v 0.22990486 0.10551708 -0.43834171
v 0.22251354 0.10567865 -0.43818220
v 0.22095782 0.09301775 -0.42677781
v 0.22994196 0.10753229 -0.44032037
v 0.22999090 0.10950903 -0.44221157
v 0.23434378 0.10942645 -0.44218430
v 0.23693332 0.09498028 -0.42872316
v 0.22993435 0.08461462 -0.41913974
v 0.22582263 0.10956252 -0.44226822
v 0.22413896 0.10762481 -0.44027945
v 0.23699060 0.09264027 -0.42643875
v 0.23655021 0.09113434 -0.42503554
v 0.23434541 0.08473212 -0.41913182
v 0.23434785 0.08256155 -0.41720384
v 0.23654003 0.08699382 -0.42114478
v 0.23700312 0.08912336 -0.42304942
v 0.22993816 0.08240524 -0.41728964
v 0.22986540 0.08027467 -0.41535249
v 0.23656988 0.10758910 -0.44043186
v 0.22232701 0.10960551 -0.44232872
v 0.22054251 0.09919084 -0.43207029
v 0.23452307 0.08019727 -0.41497630
v 0.23333220 0.07873549 -0.41359058
v 0.22980236 0.07859872 -0.41376424
v 0.22977050 0.07665409 -0.41209677
v 0.23594740 0.07875932 -0.41359085
v 0.23451644 0.07729586 -0.41236782
v 0.22974291 0.07452068 -0.41029927
v 0.23430617 0.07241931 -0.40827513
v 0.23432788 0.07467451 -0.41016424
v 0.22553818 0.07436827 -0.41051418
v 0.22181782 0.07428216 -0.41063517
v 0.21924563 0.07436375 -0.41053933
v 0.23695138 0.08496996 -0.41913721
v 0.23652849 0.08270157 -0.41719222
v 0.22040996 0.10320177 -0.43549562
v 0.21912843 0.10161950 -0.43379867
v 0.23434071 0.11193188 -0.44412112
v 0.23653625 0.10947511 -0.44193697
v 0.21989477 0.09510401 -0.42833424
v 0.21881184 0.09721617 -0.42989028
v 0.23691234 0.08125901 -0.41564053
v 0.22978066 0.07230227 -0.40852571
v 0.22397356 0.07259999 -0.40925157
v 0.21882558 0.07139394 -0.40847778
v 0.23034613 0.11231261 -0.44428110
v 0.22452077 0.11110066 -0.44339147
v 0.22444776 0.06957401 -0.40701574
v 0.22985004 0.06984591 -0.40663871
v 0.23428024 0.07017024 -0.40647426
v 0.23423882 0.06784248 -0.40446848
v 0.23750100 0.09121002 -0.42497924
v 0.23689309 0.07894913 -0.41340622
v 0.23687977 0.07726015 -0.41195396
v 0.22994986 0.06747487 -0.40481675
v 0.21994473 0.10800767 -0.43980619
v 0.23211081 0.11389726 -0.44541559
v 0.23433748 0.11377304 -0.44537818
v 0.23004135 0.06513557 -0.40294403
v 0.22905180 0.11406270 -0.44540456
v 0.22525725 0.11425942 -0.44547504
v 0.23685116 0.07499364 -0.40996355
v 0.22466102 0.06462430 -0.40347394
v 0.23007099 0.06326707 -0.40118423
v 0.22455008 0.06719268 -0.40534663
v 0.22010925 0.06948973 -0.40721032
v 0.21882801 0.06765330 -0.40599900
v 0.21925968 0.06437383 -0.40381074
v 0.22472619 0.06279440 -0.40199643
v 0.21649973 0.06453513 -0.40377352
v 0.21929266 0.06254406 -0.40249267
v 0.22471181 0.06068977 -0.40000466
v 0.21930858 0.06027761 -0.40049428
v 0.21581028 0.06049453 -0.40036705
v 0.21930015 0.05841829 -0.39854181
v 0.21699142 0.06955164 -0.40724632
v 0.23650111 0.11209042 -0.44389060
v 0.22003859 0.11150612 -0.44328538
v 0.23420073 0.06578786 -0.40258375
v 0.22464930 0.05891289 -0.39803183
v 0.22028138 0.11487253 -0.44540149
v 0.22206263 0.11671673 -0.44678748
v 0.21996075 0.10597651 -0.43780309
v 0.23647073 0.11401134 -0.44516686
v 0.21793383 0.09339858 -0.42631003
v 0.21779020 0.08953880 -0.42247078
v 0.23644574 0.07068127 -0.40632713
v 0.23003465 0.06132421 -0.39920074
v 0.21587074 0.06714894 -0.40465987
v 0.23438168 0.06356108 -0.40003791
v 0.22537822 0.11644772 -0.44667554
v 0.23042846 0.11573485 -0.44635922
v 0.23433003 0.11632317 -0.44676754
v 0.21996157 0.10988074 -0.44183806
v 0.21745734 0.11191756 -0.44303486
v 0.23762691 0.08725212 -0.42104271
v 0.22456592 0.05743369 -0.39610860
v 0.21927020 0.05683341 -0.39654142
v 0.23610276 0.06626495 -0.40239269
v 0.21726446 0.10407641 -0.43522304
v 0.21464328 0.05928472 -0.39840901
v 0.21488054 0.05693875 -0.39630011
v 0.21200912 0.05943827 -0.39865619
v 0.21510851 0.05464136 -0.39317009
v 0.22995970 0.05969559 -0.39718172
v 0.23053813 0.12018014 -0.44856605
v 0.21879870 0.11732530 -0.44652465
v 0.23431744 0.11968908 -0.44843280
v 0.23224421 0.12172116 -0.44935563
v 0.21214630 0.05448256 -0.39373586
v 0.23683445 0.07260239 -0.40751708
v 0.21897426 0.05446924 -0.39297032
v 0.21718743 0.05322327 -0.39145970
v 0.21657616 0.05317947 -0.39148262
v 0.23650259 0.11668526 -0.44656888
v 0.23330684 0.06190357 -0.39858252
v 0.23569910 0.06240613 -0.39817706
v 0.22544096 0.11945259 -0.44808465
v 0.21719937 0.09968977 -0.43127054
v 0.23750718 0.08301474 -0.41708362
v 0.21689576 0.10679565 -0.43669036
v 0.21672408 0.08694652 -0.41963413
v 0.21395136 0.05345656 -0.39114603
v 0.23429683 0.12143043 -0.44920728
v 0.22987871 0.05829126 -0.39528489
v 0.21731338 0.10842814 -0.43917096
v 0.21630919 0.07216335 -0.40817368
v 0.22930327 0.12217547 -0.44937447
v 0.22547290 0.12259506 -0.44947454
v 0.22046037 0.11894981 -0.44755369
v 0.22057882 0.12322231 -0.44952571
v 0.22234002 0.12480403 -0.45044571
v 0.21896313 0.12536208 -0.45046476
v 0.21683353 0.12262737 -0.44806328
v 0.21528809 0.06322108 -0.40167299
v 0.21696490 0.11421955 -0.44377449
v 0.23780158 0.09127864 -0.42491162
v 0.23650032 0.11985968 -0.44807771
v 0.21647619 0.08315399 -0.41663057
v 0.21699694 0.09555701 -0.42741337
v 0.23428164 0.06066431 -0.39640623
v 0.21761385 0.12000553 -0.44738126
v 0.23647000 0.12164561 -0.44885570
v 0.22446997 0.05561390 -0.39315519
v 0.23283742 0.05892171 -0.39465332
v 0.23667853 0.06899954 -0.40406331
v 0.23527999 0.05944898 -0.39403489
v 0.21688312 0.09204335 -0.42384338
v 0.21693665 0.11064120 -0.44070503
v 0.21510355 0.05254961 -0.38968843
v 0.21268210 0.05345441 -0.39122060
v 0.21195683 0.05131593 -0.38983437
v 0.23750828 0.07917463 -0.41318914
v 0.21421541 0.08305269 -0.41526273
v 0.23663330 0.06547789 -0.40013894
v 0.21657223 0.10248444 -0.43274567
v 0.21131191 0.05593092 -0.39750394
v 0.21546495 0.12640251 -0.44914019
v 0.21716180 0.12783432 -0.45122531
v 0.21417582 0.12915291 -0.45024008
v 0.21565896 0.13057144 -0.45169950
v 0.21317877 0.13153683 -0.45128170
v 0.21556953 0.13451137 -0.45343143
v 0.21241176 0.13379604 -0.45194411
v 0.21414320 0.13678066 -0.45439184
v 0.21128075 0.13781084 -0.45313627
v 0.21290119 0.13968341 -0.45494941
v 0.21030453 0.14097832 -0.45425710
v 0.20927498 0.13778345 -0.45301932
v 0.20961089 0.13602480 -0.45065722
v 0.20937988 0.13603140 -0.45065749
v 0.21026723 0.13353983 -0.44926956
v 0.20916845 0.13352077 -0.44927198
v 0.20955925 0.14095689 -0.45427164
v 0.21168694 0.14261569 -0.45537403
v 0.20861389 0.14277452 -0.45612866
v 0.21633920 0.11843037 -0.44522208
v 0.21280691 0.12752049 -0.44765133
v 0.21372740 0.12505427 -0.44630337
v 0.21318202 0.06310828 -0.39903766
v 0.21244368 0.06313937 -0.39907518
v 0.21239766 0.08555277 -0.41478893
v 0.21488744 0.08734405 -0.41627288
v 0.23824474 0.09315404 -0.42584178
v 0.23819798 0.08969185 -0.42253271
v 0.23807026 0.08559988 -0.41862145
v 0.23806342 0.09769986 -0.43012187
v 0.23797509 0.08151379 -0.41471496
v 0.23776045 0.10170344 -0.43397564
v 0.23759989 0.07544471 -0.40955225
v 0.23803493 0.07781569 -0.41097784
v 0.23748101 0.10591410 -0.43783677
v 0.23937029 0.09666109 -0.42704320
v 0.23910843 0.10073038 -0.43097255
v 0.23888355 0.10496838 -0.43478787
v 0.23808320 0.10878055 -0.43902093
v 0.23714209 0.10999213 -0.44139016
v 0.21315879 0.06716470 -0.39764082
v 0.21250524 0.06719843 -0.39766511
v 0.20950222 0.13211137 -0.44624129
v 0.20918635 0.13210705 -0.44624040
v 0.21004760 0.12988758 -0.44500169
v 0.20898890 0.12985426 -0.44500086
v 0.21318552 0.11012430 -0.43000001
v 0.21581717 0.10637508 -0.43284479
v 0.21421677 0.10675748 -0.42958918
v 0.21508983 0.10220775 -0.42886227
v 0.21656936 0.11075138 -0.43639657
v 0.21409434 0.11427800 -0.43335348
v 0.21364763 0.10377305 -0.42592275
v 0.21642433 0.09828150 -0.42877218
v 0.21539286 0.09830546 -0.42501312
v 0.21640883 0.09453852 -0.42508534
v 0.21411821 0.09779798 -0.42262453
v 0.21528536 0.09436417 -0.42243829
v 0.21398346 0.09646165 -0.42141259
v 0.21546380 0.09209235 -0.42081693
v 0.21331058 0.09476505 -0.41818145
v 0.21401303 0.09211727 -0.41765472
v 0.21619771 0.08946866 -0.42042595
v 0.21253079 0.09211811 -0.41435680
v 0.21198842 0.08940952 -0.41176209
v 0.21626170 0.11458369 -0.43623725
v 0.21529333 0.11844313 -0.43651244
v 0.21283582 0.11812601 -0.43382320
v 0.21434374 0.12231059 -0.43648273
v 0.21207190 0.09999397 -0.42451379
v 0.21561018 0.11412127 -0.44101620
v 0.21423313 0.11822510 -0.44104999
v 0.21339615 0.12111101 -0.44103274
v 0.21433344 0.12231666 -0.44501910
v 0.21274361 0.12349822 -0.44361302
v 0.21259020 0.12304826 -0.44100827
v 0.21110360 0.12606168 -0.44097513
v 0.21203527 0.12618786 -0.44504869
v 0.20969442 0.12927185 -0.44094959
v 0.21224007 0.13005985 -0.44904703
v 0.21287818 0.12341752 -0.43816513
v 0.21230723 0.12630141 -0.43640015
v 0.21012655 0.12990631 -0.43605462
v 0.20874865 0.12067978 -0.43386078
v 0.20874865 0.12067978 -0.43386078
v 0.21283582 0.11812601 -0.43382320
v 0.20852840 0.11829389 -0.43671706
v 0.20846814 0.11425865 -0.43685725
v 0.21409434 0.11427800 -0.43335348
v 0.20876899 0.07905496 -0.41348073
v 0.20855735 0.07910992 -0.41734138
v 0.20854944 0.08287202 -0.41733450
v 0.20909010 0.06722568 -0.40769202
v 0.20912760 0.06346247 -0.40763822
v 0.20900533 0.06543127 -0.40976506
v 0.20916899 0.06001953 -0.40767813
v 0.20880428 0.06939698 -0.41357005
v 0.20879731 0.06378341 -0.41552895
v 0.20866591 0.06958009 -0.41737837
v 0.20858158 0.06406865 -0.42121696
v 0.20882800 0.06018446 -0.41555297
v 0.20885125 0.05635614 -0.41554546
v 0.20921230 0.05611024 -0.40736198
v 0.20909780 0.05187391 -0.40977132
v 0.20924599 0.05179443 -0.40648088
v 0.20903754 0.04750469 -0.40972355
v 0.20879327 0.04761989 -0.41601357
v 0.20923866 0.04805168 -0.40533060
v 0.20920292 0.04473483 -0.40585068
v 0.20879394 0.05202042 -0.41706213
v 0.20860240 0.04760345 -0.42116138
v 0.20849058 0.04391948 -0.42499298
v 0.20879418 0.04416941 -0.41727924
v 0.20911862 0.04421210 -0.40951678
v 0.20863432 0.05219524 -0.42119598
v 0.20849897 0.04760033 -0.42496949
v 0.20852821 0.05222531 -0.42485031
v 0.20860502 0.05848447 -0.42122638
v 0.20852491 0.07132488 -0.42132831
v 0.20859092 0.07538373 -0.41735089
v 0.20843193 0.07892979 -0.42117390
v 0.20832965 0.08320977 -0.42510027
v 0.20837456 0.07756877 -0.42507860
v 0.20832151 0.07767801 -0.42902291
v 0.20835803 0.07207913 -0.42897490
v 0.20829460 0.07403319 -0.43295410
v 0.20830834 0.06643808 -0.43290603
v 0.20824975 0.07034321 -0.43687755
v 0.20844576 0.07095525 -0.42462364
v 0.20837030 0.06634173 -0.42894155
v 0.20846742 0.06239527 -0.42502719
v 0.20838206 0.06061230 -0.42893478
v 0.20843615 0.05220868 -0.42892805
v 0.20833382 0.05869766 -0.43286848
v 0.20838091 0.05222968 -0.43281591
v 0.20829079 0.05676417 -0.43882915
v 0.20827436 0.06263837 -0.43685430
v 0.20824325 0.07595883 -0.43689272
v 0.20826381 0.07967436 -0.43494436
v 0.20828281 0.08530582 -0.42905200
v 0.20827863 0.08546141 -0.43300176
v 0.20827699 0.09103462 -0.42905104
v 0.20827201 0.09394643 -0.43268219
v 0.20831095 0.09469711 -0.42903149
v 0.20828849 0.09846030 -0.43302494
v 0.20832276 0.10228604 -0.43305355
v 0.20829774 0.09864526 -0.43701544
v 0.20842183 0.11032499 -0.43699861
v 0.20832822 0.10372668 -0.43753937
v 0.20836802 0.10629052 -0.44130728
v 0.20831376 0.09422594 -0.44097924
v 0.20828788 0.09316946 -0.43697572
v 0.20828144 0.08762384 -0.43893215
v 0.20826580 0.08362543 -0.43691278
v 0.20822997 0.08178697 -0.44089147
v 0.20820236 0.07416080 -0.44088742
v 0.20821965 0.08188961 -0.44493958
v 0.20818755 0.07419576 -0.44493410
v 0.20821920 0.06652652 -0.44088769
v 0.20819929 0.06651746 -0.44493484
v 0.20823246 0.06076163 -0.44289583
v 0.20825256 0.05680312 -0.44489741
v 0.20832224 0.05229140 -0.44487298
v 0.20821184 0.05680489 -0.44905043
v 0.20817882 0.06073546 -0.44905737
v 0.20811543 0.05683345 -0.45307943
v 0.20806605 0.06073878 -0.45307633
v 0.20816268 0.06715623 -0.44896248
v 0.20804903 0.06577347 -0.45306188
v 0.20805699 0.07229780 -0.45307529
v 0.20815936 0.07420442 -0.44906226
v 0.20806488 0.07994703 -0.45308301
v 0.20817335 0.08125909 -0.44916460
v 0.20808451 0.08588960 -0.45306194
v 0.20822223 0.08780458 -0.44908774
v 0.20807874 0.09165388 -0.45306775
v 0.20824271 0.09276669 -0.44911942
v 0.20807183 0.09544050 -0.45306000
v 0.20806946 0.09917996 -0.45304683
v 0.20828205 0.10244678 -0.44915438
v 0.20805964 0.10297532 -0.45303223
v 0.20826945 0.10683548 -0.44915897
v 0.20802569 0.10685275 -0.45302296
v 0.20793599 0.11406335 -0.45300844
v 0.20818987 0.11444559 -0.44917274
v 0.20792508 0.11872833 -0.45302251
v 0.20817284 0.11848798 -0.44917658
v 0.20827889 0.08774069 -0.44497260
v 0.20831846 0.09309375 -0.44507650
v 0.20836268 0.10208602 -0.44513583
v 0.20836060 0.10673361 -0.44514069
v 0.20832375 0.11342692 -0.44491926
v 0.20831417 0.11834225 -0.44518903
v 0.20822313 0.12238400 -0.44917974
v 0.20839298 0.12224375 -0.44518921
v 0.20845361 0.11826076 -0.44104454
v 0.20855412 0.12216656 -0.44101185
v 0.20841502 0.11422751 -0.44107693
v 0.20839696 0.11039351 -0.44110289
v 0.20862822 0.12214662 -0.43659684
v 0.20860010 0.11810876 -0.43401819
v 0.20842744 0.11041305 -0.43290669
v 0.20837641 0.10627444 -0.42895663
v 0.20831352 0.08704769 -0.42510521
v 0.20833232 0.09090186 -0.42508879
v 0.20840031 0.09469047 -0.42505014
v 0.20835544 0.09836772 -0.42901701
v 0.20844986 0.09841087 -0.42499411
v 0.20837703 0.10226632 -0.42899451
v 0.20840232 0.08689613 -0.42121112
v 0.20840199 0.08301944 -0.42122334
v 0.20841852 0.04756967 -0.42885536
v 0.20837361 0.04753702 -0.43278366
v 0.20836323 0.04755811 -0.43718258
v 0.20833284 0.05250691 -0.44026589
v 0.20838247 0.04747767 -0.44862837
v 0.20829350 0.05235063 -0.44904378
v 0.20824540 0.05248375 -0.45308137
v 0.20840672 0.04778942 -0.45308200
v 0.20835692 0.04345936 -0.44489011
v 0.20838377 0.04344167 -0.44906002
v 0.20833918 0.04358444 -0.43662080
v 0.20833698 0.04365406 -0.43280736
v 0.20891649 0.07228848 -0.41039208
v 0.20906666 0.07117999 -0.40772575
v 0.20896628 0.07481861 -0.40944758
v 0.20929998 0.04662244 -0.40261886
v 0.20936625 0.05174423 -0.40452293
v 0.20859751 0.09316798 -0.42113277
v 0.20858943 0.08677928 -0.41860312
v 0.20797756 0.12268619 -0.45301747
v 0.20955905 0.05169863 -0.40193719
v 0.20938973 0.04780285 -0.40153748
v 0.20876002 0.12595123 -0.44097942
v 0.20879568 0.12590520 -0.43650109
v 0.20861106 0.12599462 -0.44518033
v 0.20841649 0.12607557 -0.44917983
v 0.20815466 0.12634256 -0.45300359
v 0.20939201 0.05597393 -0.40524584
v 0.20782571 0.07739031 -0.45536506
v 0.20782711 0.08522797 -0.45536324
v 0.20786944 0.05676637 -0.45530665
v 0.20779182 0.06161084 -0.45530990
v 0.20779718 0.06948204 -0.45533994
v 0.20902622 0.12923983 -0.44095349
v 0.20907387 0.12985970 -0.43612459
v 0.20816983 0.04794002 -0.45537406
v 0.20801543 0.05252327 -0.45532316
v 0.20872837 0.08409481 -0.41597414
v 0.20880552 0.10365092 -0.42484292
v 0.20982033 0.05583724 -0.40194905
v 0.20942961 0.05980924 -0.40558630
v 0.20994733 0.05159681 -0.39786372
v 0.20843823 0.12996536 -0.45300278
v 0.20874432 0.12973039 -0.44917858
v 0.20898890 0.12985426 -0.44500086
v 0.20958598 0.04747333 -0.39782107
v 0.20776944 0.09447952 -0.45535117
v 0.20918635 0.13210705 -0.44624040
v 0.20916845 0.13352077 -0.44927198
v 0.20881172 0.13381213 -0.45301768
v 0.20770195 0.09913258 -0.45534596
v 0.20927498 0.13778345 -0.45301932
v 0.20950103 0.06337161 -0.40565243
v 0.20761436 0.10291751 -0.45535198
v 0.21015517 0.04441170 -0.39772552
v 0.21077877 0.05139267 -0.39375705
v 0.20748849 0.10681742 -0.45538279
v 0.20725216 0.11098126 -0.45555273
v 0.20998472 0.04742834 -0.39373729
v 0.21074246 0.04444808 -0.39365768
v 0.20732960 0.11819323 -0.45539361
v 0.20734660 0.12297504 -0.45543966
v 0.20740846 0.12664306 -0.45553491
v 0.20937988 0.13603140 -0.45065749
v 0.21039203 0.05962606 -0.40193892
v 0.20966679 0.06717989 -0.40567774
v 0.21058972 0.04736304 -0.38976777
v 0.21208048 0.04435245 -0.38584074
v 0.21137348 0.04731036 -0.38581643
v 0.21225761 0.04463096 -0.38194436
v 0.21227016 0.04745276 -0.38179529
v 0.21131191 0.05593092 -0.39750394
v 0.20753075 0.13030860 -0.45567629
v 0.20754240 0.13418625 -0.45604885
v 0.21016316 0.08759822 -0.41362113
v 0.21018180 0.09062558 -0.41441244
v 0.21195683 0.05131593 -0.38983437
v 0.21235684 0.05001072 -0.38574937
v 0.21272449 0.04942292 -0.38303009
v 0.21069664 0.09285287 -0.41790888
v 0.21017939 0.07106567 -0.40494615
v 0.21125977 0.06712632 -0.40175039
v 0.21092796 0.06322275 -0.40187106
v 0.21250524 0.06719843 -0.39766511
v 0.20798604 0.13854843 -0.45608100
v 0.21214630 0.05448256 -0.39373586
v 0.21244368 0.06313937 -0.39907518
v 0.21200912 0.05943827 -0.39865619
v 0.20955925 0.14095689 -0.45427164
v 0.20861389 0.14277452 -0.45612866
v 0.20680401 0.11899804 -0.45607236
v 0.20678167 0.12308348 -0.45615280
v 0.20682436 0.11409929 -0.45604518
v 0.20689377 0.10844823 -0.45603183
v 0.20677590 0.12676500 -0.45631400
v 0.21198842 0.08940952 -0.41176209
v 0.21157929 0.08807427 -0.41047683
v 0.20683375 0.13187119 -0.45660725
v 0.21268210 0.05345441 -0.39122060
v 0.21038853 0.09645894 -0.42291713
v 0.20684989 0.13571176 -0.45698231
v 0.20689437 0.13892254 -0.45730442
v 0.20706236 0.09902455 -0.45605001
v 0.20713671 0.07553443 -0.45609966
v 0.20714365 0.08454217 -0.45609933
v 0.20709437 0.09485928 -0.45607829
v 0.20758851 0.04803855 -0.45598707
v 0.20714009 0.06568432 -0.45598316
v 0.20716235 0.06065116 -0.45594621
v 0.20723034 0.05669437 -0.45593420
v 0.20737620 0.05252967 -0.45595151
v 0.21239766 0.08555277 -0.41478893
v 0.21315879 0.06716470 -0.39764082
v 0.21401091 0.06705584 -0.40161210
v 0.21528809 0.06322108 -0.40167299
v 0.21318202 0.06310828 -0.39903766
v 0.21532406 0.07094744 -0.40581357
v 0.21478592 0.07529047 -0.40542495
v 0.21630919 0.07216335 -0.40817368
v 0.21373260 0.07120414 -0.40152085
v 0.21587074 0.06714894 -0.40465987
v 0.21583371 0.07533826 -0.40943041
v 0.21649973 0.06453513 -0.40377352
v 0.21699142 0.06955164 -0.40724632
v 0.24596204 0.21106315 -0.25998020
v 0.24588323 0.20978737 -0.25959620
v 0.24616206 0.21162300 -0.26054096
v 0.23804148 0.21432841 -0.25490341
v 0.23680761 0.21482520 -0.25441569
v 0.23675624 0.21180435 -0.25250870
v 0.23681858 0.21682654 -0.25572380
v 0.23891544 0.21112922 -0.25378683
v 0.23740804 0.20942296 -0.25138628
v 0.23914552 0.21555777 -0.25670624
v 0.23880267 0.21890733 -0.25866753
v 0.23679866 0.21944417 -0.25749499
v 0.23747306 0.22133774 -0.25919512
v 0.24081071 0.21741655 -0.25945437
v 0.24158788 0.21546166 -0.25882965
v 0.24410626 0.21588781 -0.26126722
v 0.24190104 0.21898450 -0.26151532
v 0.24568933 0.21721141 -0.26360440
v 0.23884119 0.22285697 -0.26149169
v 0.24122633 0.22180758 -0.26290980
v 0.24024616 0.22442257 -0.26387817
v 0.23975569 0.21997033 -0.26030865
v 0.24469006 0.22002457 -0.26445651
v 0.24239369 0.22333851 -0.26499119
v 0.24162018 0.22618563 -0.26634246
v 0.24488902 0.22440271 -0.26789153
v 0.23940575 0.22725554 -0.26505867
v 0.23798956 0.22575466 -0.26269618
v 0.24279730 0.22763850 -0.26845995
v 0.24073376 0.22874424 -0.26738673
v 0.24559815 0.21528724 -0.26205233
v 0.23675631 0.22347933 -0.26029086
v 0.24164526 0.23108119 -0.27006140
v 0.24496469 0.22830680 -0.27103236
v 0.24542288 0.22626528 -0.26983839
v 0.23874138 0.22985759 -0.26620948
v 0.23976891 0.23116630 -0.26821572
v 0.24033818 0.21277338 -0.25605816
v 0.24260402 0.21164402 -0.25741482
v 0.24506480 0.21234404 -0.25997803
v 0.24130012 0.21004595 -0.25532004
v 0.24461497 0.20873055 -0.25752026
v 0.23993902 0.20749317 -0.25257316
v 0.24204224 0.20771311 -0.25457564
v 0.23811156 0.20738001 -0.25075841
v 0.24391815 0.23137936 -0.27253452
v 0.24092774 0.23292296 -0.27085167
v 0.24538806 0.23076472 -0.27339679
v 0.23965710 0.23377781 -0.27017486
v 0.24545474 0.20580156 -0.25665599
v 0.24579895 0.20856658 -0.25843954
v 0.23689391 0.22818293 -0.26380062
v 0.23671725 0.20744863 -0.24977982
v 0.24558251 0.22903815 -0.27234718
v 0.24600928 0.20730391 -0.25788221
v 0.24284299 0.20485273 -0.25389212
v 0.24077120 0.20456786 -0.25197470
v 0.23888136 0.20459789 -0.25018200
v 0.24568619 0.22410069 -0.26825818
v 0.23726137 0.23254760 -0.26745561
v 0.24574870 0.22118649 -0.26668379
v 0.23674972 0.20478919 -0.24854289
v 0.23956996 0.23560777 -0.27178466
v 0.24157618 0.23443596 -0.27301219
v 0.24494511 0.23253635 -0.27474079
v 0.23679417 0.22618510 -0.26224047
v 0.23731725 0.23471814 -0.26933032
v 0.23730488 0.23649172 -0.27091172
v 0.24575678 0.21316148 -0.26087633
v 0.24397835 0.23500784 -0.27629119
v 0.24546070 0.23419541 -0.27709180
v 0.24081545 0.23683231 -0.27455732
v 0.24562876 0.23226988 -0.27532759
v 0.23939277 0.23799837 -0.27402949
v 0.24144545 0.23845454 -0.27700621
v 0.23944414 0.24166591 -0.27795288
v 0.24377200 0.23892215 -0.28041056
v 0.24484771 0.23642613 -0.27894485
v 0.23717803 0.24044876 -0.27488399
v 0.23723924 0.23855810 -0.27295619
v 0.23708059 0.23037696 -0.26561055
v 0.24143855 0.24171722 -0.28057310
v 0.23967728 0.24366422 -0.28049159
v 0.24464911 0.24026518 -0.28313184
v 0.24540935 0.23794788 -0.28143230
v 0.24570839 0.23601532 -0.27957544
v 0.24570429 0.23973255 -0.28385299
v 0.24060860 0.24456811 -0.28284308
v 0.24304472 0.24301143 -0.28429139
v 0.24530621 0.24158670 -0.28565249
v 0.23912874 0.24533516 -0.28163317
v 0.24578597 0.21575557 -0.26268190
v 0.24604765 0.21393262 -0.26176912
v 0.24149375 0.24558032 -0.28537044
v 0.24458233 0.24417445 -0.28797913
v 0.23980789 0.24677360 -0.28446215
v 0.24589618 0.22282787 -0.26782754
v 0.24564914 0.24280196 -0.28758317
v 0.24651119 0.24100149 -0.28677395
v 0.24645421 0.23731750 -0.28264841
v 0.24610925 0.24460475 -0.29077169
v 0.24033108 0.24810986 -0.28707498
v 0.24230430 0.24682005 -0.28827637
v 0.24522011 0.24500661 -0.29002795
v 0.24572773 0.24623448 -0.29232684
v 0.23904791 0.24887647 -0.28607917
v 0.23977372 0.24954660 -0.28829324
v 0.24120149 0.24893944 -0.28970522
v 0.24442658 0.24692413 -0.29161492
v 0.24610281 0.24769898 -0.29539752
v 0.24589953 0.22572754 -0.27039638
v 0.23999278 0.25172469 -0.29213205
v 0.24198039 0.24974236 -0.29219469
v 0.24508965 0.24816465 -0.29461992
v 0.24616611 0.20762827 -0.25846812
v 0.24629536 0.23351744 -0.27838606
v 0.24602138 0.22973436 -0.27431673
v 0.24063669 0.25245139 -0.29450330
v 0.24324369 0.25064811 -0.29591119
v 0.24138004 0.25322744 -0.29715654
v 0.23999107 0.25399548 -0.29603529
v 0.23945130 0.25307712 -0.29341304
v 0.24691688 0.24540213 -0.29425591
v 0.24693179 0.24848856 -0.29873383
v 0.24452627 0.25150231 -0.29991394
v 0.23995307 0.25700060 -0.30169272
v 0.23990276 0.25598556 -0.29960588
v 0.24187014 0.25455615 -0.30064097
v 0.24566551 0.24894311 -0.29720870
v 0.24697149 0.24174817 -0.28997108
v 0.24597880 0.24989258 -0.29949591
v 0.24619834 0.25147298 -0.30320090
v 0.24505532 0.25217494 -0.30239251
v 0.24363139 0.25433871 -0.30393049
v 0.24743035 0.24912208 -0.30221269
v 0.24704112 0.25205910 -0.30673686
v 0.24114355 0.25707465 -0.30425537
v 0.24011466 0.25811371 -0.30423033
v 0.24620233 0.21450756 -0.26315019
v 0.24615651 0.21832606 -0.26565915
v 0.24419884 0.25556582 -0.30780151
v 0.24207334 0.25789380 -0.30803722
v 0.24543166 0.25286725 -0.30490318
v 0.24573356 0.25370830 -0.30743796
v 0.24468298 0.25621668 -0.31074032
v 0.24581759 0.25516525 -0.31140545
v 0.24748403 0.25262427 -0.31032228
v 0.24770844 0.24958928 -0.30591390
v 0.24644437 0.25554740 -0.31464282
v 0.24694112 0.23799318 -0.28592980
v 0.24770626 0.25312403 -0.31400159
v 0.24688566 0.25601706 -0.31840110
v 0.24730332 0.24587454 -0.29785648
v 0.24645485 0.22627504 -0.27378860
v 0.24637195 0.22223373 -0.26995271
v 0.24784130 0.25350234 -0.31792259
v 0.24717866 0.25637159 -0.32225823
v 0.24627185 0.22094977 -0.26863495
v 0.24585162 0.21914852 -0.26462278
v 0.24574195 0.21961169 -0.26472643
v 0.24677089 0.23413157 -0.28187236
v 0.24683496 0.22250672 -0.27367628
v 0.24654639 0.23025647 -0.27775598
v 0.24670184 0.21867390 -0.26981455
v 0.24646907 0.21734935 -0.26671851
v 0.24666324 0.21466063 -0.26641414
v 0.24031851 0.25964299 -0.30807313
v 0.24688284 0.22641723 -0.27761933
v 0.24792406 0.25370875 -0.32191324
v 0.24797806 0.25379771 -0.32592595
v 0.24739225 0.25662646 -0.32622471
v 0.24700865 0.23034772 -0.28158298
v 0.24686264 0.21050294 -0.26573104
v 0.24641703 0.21036640 -0.26189497
v 0.24624673 0.20669584 -0.25875691
v 0.24574019 0.20256194 -0.25584996
v 0.24310280 0.20189400 -0.25318149
v 0.24637343 0.20293248 -0.25822607
v 0.24604668 0.19871043 -0.25523600
v 0.24663401 0.19887336 -0.25831881
v 0.24670076 0.19486484 -0.25762251
v 0.24620457 0.19475853 -0.25467199
v 0.24513976 0.19412780 -0.25238422
v 0.24548404 0.19044180 -0.25188673
v 0.24629259 0.19081920 -0.25436476
v 0.24642669 0.18665397 -0.25428236
v 0.24572390 0.18640111 -0.25156704
v 0.24666648 0.18214297 -0.25463516
v 0.24595356 0.18213777 -0.25133699
v 0.24612665 0.17828529 -0.25115243
v 0.24670208 0.17866436 -0.25415987
v 0.24722217 0.22250085 -0.27761537
v 0.24711378 0.21859656 -0.27367392
v 0.24704435 0.21467739 -0.26976079
v 0.24685524 0.20019621 -0.26052248
v 0.24695389 0.19743082 -0.25998944
v 0.24699952 0.20303428 -0.26335889
v 0.24726541 0.22642614 -0.28153029
v 0.24672602 0.20871149 -0.26353860
v 0.24683762 0.18729307 -0.25712079
v 0.24701618 0.19441125 -0.25971127
v 0.24717012 0.18665785 -0.25930175
v 0.24714157 0.18246758 -0.25810182
v 0.24695967 0.18067822 -0.25621423
v 0.24721643 0.24204049 -0.29358056
v 0.24745445 0.24209490 -0.29742494
v 0.24697153 0.17766446 -0.25593325
v 0.24736141 0.21462105 -0.27369905
v 0.24724980 0.21074484 -0.26979247
v 0.24611354 0.17474695 -0.25097319
v 0.24737398 0.23033145 -0.28545582
v 0.24709933 0.23425974 -0.28554294
v 0.24784444 0.24981998 -0.30973095
v 0.24706274 0.20687513 -0.26584053
v 0.24725410 0.20286965 -0.26591569
v 0.24726610 0.19474243 -0.26214489
v 0.24756093 0.19608192 -0.26595140
v 0.24778225 0.19041495 -0.26611459
v 0.24740961 0.19070794 -0.26221675
v 0.24755846 0.18508007 -0.26225063
v 0.24804358 0.17827003 -0.26596281
v 0.24770433 0.17869225 -0.26227236
v 0.24725470 0.17876442 -0.25832766
v 0.24742150 0.20677821 -0.26982692
v 0.24757995 0.20275120 -0.26985779
v 0.24786264 0.19547509 -0.26980090
v 0.24804045 0.19040383 -0.26995978
v 0.24832083 0.17836912 -0.27006745
v 0.24845125 0.16776353 -0.27018851
v 0.24817100 0.16661122 -0.26615059
v 0.24755119 0.20995279 -0.27363485
v 0.24783105 0.20260400 -0.27378309
v 0.24783430 0.20845816 -0.27770963
v 0.24803849 0.19651696 -0.27378899
v 0.24810325 0.20044696 -0.27777815
v 0.24828546 0.18924935 -0.27404782
v 0.24843101 0.19045322 -0.27785999
v 0.24850053 0.17870010 -0.27369615
v 0.24867958 0.17886336 -0.27805969
v 0.24876630 0.17235166 -0.27826265
v 0.24764335 0.21845244 -0.28157166
v 0.24791339 0.21169345 -0.28159261
v 0.24800347 0.21419595 -0.28570145
v 0.24760401 0.21452431 -0.27762815
v 0.24809685 0.20625265 -0.28175765
v 0.24814463 0.21016374 -0.28573796
v 0.24827725 0.20029664 -0.28180927
v 0.24831897 0.20410359 -0.28574115
v 0.24846590 0.19421390 -0.28186190
v 0.24853581 0.19608000 -0.28578478
v 0.24859127 0.19018352 -0.28192809
v 0.24869746 0.18999362 -0.28582782
v 0.24853715 0.18617941 -0.27797037
v 0.24870265 0.18558578 -0.28229421
v 0.24884118 0.17689863 -0.28224429
v 0.24886981 0.17995508 -0.28584602
v 0.24894758 0.16561693 -0.28214508
v 0.24895404 0.17239651 -0.28580284
v 0.24902089 0.16467518 -0.28575790
v 0.24742489 0.21854305 -0.27760553
v 0.24749054 0.22247677 -0.28153297
v 0.24775875 0.22036561 -0.28552213
v 0.24754606 0.22640188 -0.28542787
v 0.24760641 0.23029926 -0.28940219
v 0.24816066 0.21900555 -0.29379433
v 0.24798185 0.22417918 -0.29345772
v 0.24781780 0.23036312 -0.29399079
v 0.24762449 0.23421316 -0.29329890
v 0.24781397 0.23412211 -0.29730991
v 0.24767944 0.23813774 -0.29731706
v 0.24784604 0.23785439 -0.30134645
v 0.24764788 0.24209154 -0.30130371
v 0.24796961 0.23800749 -0.30532667
v 0.24790834 0.24170664 -0.30772999
v 0.24811429 0.23792785 -0.30938855
v 0.24818523 0.24127541 -0.31411752
v 0.24785443 0.24600196 -0.30946103
v 0.24799611 0.24596174 -0.31351495
v 0.24814492 0.24589360 -0.31763411
v 0.24789801 0.24990004 -0.31363583
v 0.24828574 0.24183144 -0.31753629
v 0.24824600 0.24579687 -0.32158720
v 0.24796985 0.24990851 -0.31769904
v 0.24803926 0.24989472 -0.32169792
v 0.24809670 0.24986598 -0.32566810
v 0.24799527 0.25383624 -0.32995781
v 0.24813554 0.24976447 -0.33214912
v 0.24797770 0.25384754 -0.33397284
v 0.24813570 0.24971214 -0.33786759
v 0.24835214 0.24530421 -0.33530074
v 0.24812593 0.24969015 -0.34186631
v 0.24793404 0.25384673 -0.33803159
v 0.24790931 0.25384301 -0.34199274
v 0.24786752 0.25384241 -0.34589529
v 0.24809766 0.24970198 -0.34585318
v 0.24780980 0.25384143 -0.34996638
v 0.24803396 0.24976808 -0.35203129
v 0.24776579 0.25382486 -0.35415882
v 0.24771890 0.25375867 -0.35822544
v 0.24796140 0.24984369 -0.35822803
v 0.24789186 0.24986574 -0.36228061
v 0.24821226 0.24549134 -0.35664257
v 0.24812727 0.24573804 -0.36220634
v 0.24781194 0.24984293 -0.36628821
v 0.24804918 0.24585581 -0.36624905
v 0.24772453 0.24973109 -0.37023067
v 0.24796681 0.24592134 -0.37026280
v 0.24831407 0.24549696 -0.34420028
v 0.24850963 0.24101081 -0.33439207
v 0.24848023 0.24101460 -0.34169844
v 0.24841651 0.24104506 -0.35082954
v 0.24832679 0.24130192 -0.36131939
v 0.24825117 0.24162693 -0.36602995
v 0.24815905 0.24184771 -0.37014693
v 0.24792440 0.24587198 -0.37414825
v 0.24818893 0.23768440 -0.37597764
v 0.24786457 0.24579346 -0.37806445
v 0.24795446 0.24198468 -0.38203976
v 0.24833021 0.23303691 -0.37573597
v 0.24787292 0.24184245 -0.38602978
v 0.24818359 0.23357105 -0.38366929
v 0.24790430 0.23831183 -0.38982195
v 0.24804361 0.23401101 -0.38997525
v 0.24797322 0.23407353 -0.39402944
v 0.24819618 0.22957169 -0.38759965
v 0.24806677 0.23008578 -0.39384872
v 0.24786520 0.23392121 -0.39794239
v 0.24825576 0.22549756 -0.38936687
v 0.24812740 0.22611722 -0.39559126
v 0.24800467 0.23020655 -0.39790428
v 0.24792030 0.23008373 -0.40188959
v 0.24800922 0.22634493 -0.40185207
v 0.24796884 0.22618212 -0.40587518
v 0.24809045 0.22229700 -0.40162069
v 0.24803446 0.22239427 -0.40588218
v 0.24800143 0.22219470 -0.40974516
v 0.24820620 0.21410403 -0.40535960
v 0.24807133 0.21831931 -0.40979880
v 0.24800822 0.21809624 -0.41360903
v 0.24810275 0.21421117 -0.40963691
v 0.24803118 0.21441136 -0.41368112
v 0.24794324 0.21287842 -0.41882679
v 0.24806832 0.21051836 -0.41353622
v 0.24812537 0.20619881 -0.41440767
v 0.24789964 0.21029070 -0.42149162
v 0.24792981 0.20667197 -0.42162156
v 0.24826601 0.20581797 -0.40899450
v 0.24818297 0.21010688 -0.40934202
v 0.24848385 0.19877672 -0.40437976
v 0.24830070 0.20952728 -0.40503609
v 0.24834320 0.21118513 -0.40080139
v 0.24821974 0.21779314 -0.40126690
v 0.24841157 0.21297678 -0.39438882
v 0.24832878 0.21729222 -0.39475840
v 0.24822119 0.22183125 -0.39518660
v 0.24839279 0.21901342 -0.38876987
v 0.24854913 0.21106088 -0.38733178
v 0.24861056 0.21125364 -0.38295549
v 0.24845068 0.21875310 -0.38483778
v 0.24835181 0.22492509 -0.38321126
v 0.24850875 0.22058749 -0.37665790
v 0.24858896 0.21500777 -0.37905794
v 0.24863851 0.21707380 -0.37161884
v 0.24871671 0.21364427 -0.37195745
v 0.24874046 0.20981963 -0.37599581
v 0.24873784 0.20607534 -0.38006175
v 0.24867818 0.20286924 -0.38627243
v 0.24880295 0.20135763 -0.38041043
v 0.24883392 0.19416517 -0.38428354
v 0.24869667 0.19691950 -0.39082772
v 0.24859428 0.19949780 -0.39544833
v 0.24852601 0.20704797 -0.39196622
v 0.24846543 0.20694254 -0.39614558
v 0.24847326 0.20303339 -0.40022951
v 0.24863103 0.19173154 -0.39952910
v 0.24862909 0.18872643 -0.40147334
v 0.24840684 0.19375381 -0.41032675
v 0.24823344 0.19794999 -0.41640022
v 0.24829718 0.20167565 -0.41083455
v 0.24814543 0.20228399 -0.41730258
v 0.24800980 0.20255716 -0.42155144
v 0.24807046 0.19832885 -0.42140812
v 0.24785204 0.20246983 -0.42552084
v 0.24791694 0.19843145 -0.42559969
v 0.24776438 0.19806884 -0.42901295
v 0.24813516 0.19208768 -0.42124262
v 0.24799842 0.19022730 -0.42554912
v 0.24821477 0.18562508 -0.42110056
v 0.24805930 0.18587278 -0.42543945
v 0.24824065 0.18105826 -0.42274994
v 0.24792631 0.18610543 -0.42944562
v 0.24799648 0.18182051 -0.42936769
v 0.24783470 0.18605576 -0.43285868
v 0.24778448 0.19009084 -0.43251941
v 0.24787916 0.18178891 -0.43307999
v 0.24803774 0.17817658 -0.42926660
v 0.24788857 0.17811306 -0.43320003
v 0.24802844 0.17424121 -0.42906633
v 0.24783611 0.17466578 -0.43325597
v 0.24763109 0.17449407 -0.43681452
v 0.24760920 0.17058612 -0.43699262
v 0.24784291 0.17047518 -0.43310642
v 0.24763714 0.16625911 -0.43709624
v 0.24790704 0.16008902 -0.43320015
v 0.24767357 0.16218872 -0.43715405
v 0.24772818 0.15445423 -0.43718991
v 0.24794570 0.15418002 -0.43318942
v 0.24772802 0.15033829 -0.43715665
v 0.24795385 0.15022714 -0.43320164
v 0.24775641 0.14612353 -0.43708602
v 0.24796867 0.14606798 -0.43321779
v 0.24781661 0.14214310 -0.43693131
v 0.24802676 0.13814868 -0.43325666
v 0.24785545 0.13840730 -0.43667582
v 0.24820718 0.13828228 -0.42946306
v 0.24817309 0.14810264 -0.42896575
v 0.24834146 0.14812891 -0.42482370
v 0.24829781 0.15604889 -0.42473724
v 0.24813470 0.15605232 -0.42890725
v 0.24809653 0.16398035 -0.42894012
v 0.24826169 0.16392523 -0.42475811
v 0.24819781 0.17392258 -0.42493269
v 0.24837367 0.16794178 -0.42071488
v 0.24833155 0.17408434 -0.42083514
v 0.24819231 0.17800149 -0.42516685
v 0.24838267 0.17747457 -0.41881084
v 0.24836698 0.18345371 -0.41665989
v 0.24854171 0.17481270 -0.41207042
v 0.24852915 0.18148404 -0.40987915
v 0.24844460 0.18712869 -0.41118133
v 0.24827163 0.19184643 -0.41683626
v 0.24863926 0.18365657 -0.40325654
v 0.24874020 0.17978013 -0.39941812
v 0.24864310 0.17777649 -0.40536860
v 0.24879718 0.16927510 -0.39937878
v 0.24867865 0.17211404 -0.40531796
v 0.24871625 0.16625786 -0.40527070
v 0.24859962 0.16609402 -0.41196758
v 0.24850705 0.16405821 -0.41646299
v 0.24846205 0.17196354 -0.41651231
v 0.24840744 0.16004863 -0.42064047
v 0.24853584 0.15621352 -0.41645655
v 0.24845460 0.15221091 -0.42066646
v 0.24856149 0.14835474 -0.41653013
v 0.24847317 0.14417717 -0.42080230
v 0.24835971 0.14206406 -0.42494503
v 0.24845460 0.13618557 -0.42101610
v 0.24836755 0.13672787 -0.42515069
v 0.24842739 0.13010088 -0.42115214
v 0.24833703 0.13002357 -0.42537907
v 0.24835972 0.12566817 -0.42547542
v 0.24828440 0.12559722 -0.42932129
v 0.24842043 0.12580511 -0.42123207
v 0.24849382 0.12802750 -0.41689822
v 0.24845105 0.12205017 -0.41702738
v 0.24842601 0.12190969 -0.42133796
v 0.24842519 0.12194553 -0.42550248
v 0.24847348 0.12185477 -0.41285956
v 0.24854058 0.12809393 -0.41275519
v 0.24860378 0.13632986 -0.41253090
v 0.24853942 0.13626578 -0.41680151
v 0.24856383 0.14227609 -0.41665760
v 0.24866816 0.14244129 -0.41012642
v 0.24868210 0.14648995 -0.40996325
v 0.24864250 0.15239426 -0.41203916
v 0.24872202 0.15051371 -0.40760970
v 0.24870510 0.15733528 -0.40744442
v 0.24861562 0.16019130 -0.41196430
v 0.24877235 0.15936729 -0.40319818
v 0.24882858 0.16037835 -0.39932048
v 0.24883339 0.15250796 -0.39937395
v 0.24878930 0.14859226 -0.40345651
v 0.24882835 0.14474422 -0.39955264
v 0.24875365 0.14066388 -0.40381986
v 0.24865785 0.13643035 -0.40825224
v 0.24866877 0.12901054 -0.40232992
v 0.24857830 0.12820274 -0.40861946
v 0.24859065 0.12441906 -0.40462339
v 0.24847968 0.11986130 -0.40894499
v 0.24834761 0.11253548 -0.40919384
v 0.24829011 0.11403490 -0.41327021
v 0.24811885 0.10603546 -0.41335425
v 0.24802555 0.10622588 -0.41744438
v 0.24809971 0.11006402 -0.41752654
v 0.24795394 0.10698464 -0.42076638
v 0.24823929 0.10608778 -0.40929493
v 0.24802846 0.10219757 -0.41321963
v 0.24816218 0.10198621 -0.40932149
v 0.24832866 0.10618465 -0.40537146
v 0.24843606 0.11255105 -0.40514427
v 0.24839766 0.10630552 -0.40133151
v 0.24850170 0.11254285 -0.40107182
v 0.24855959 0.11869584 -0.40285528
v 0.24864507 0.11878268 -0.39662376
v 0.24870966 0.12575626 -0.39622089
v 0.24876745 0.13674071 -0.39989588
v 0.24880677 0.13686475 -0.39576542
v 0.24886683 0.14282751 -0.39371300
v 0.24890760 0.14649129 -0.39125854
v 0.24889776 0.14072597 -0.38831854
v 0.24881515 0.13351451 -0.39084265
v 0.24885589 0.13494547 -0.38631937
v 0.24883869 0.12969978 -0.38182157
v 0.24878918 0.12344792 -0.38254705
v 0.24874288 0.12413527 -0.39019191
v 0.24876866 0.11925850 -0.38259551
v 0.24870005 0.11898214 -0.39049232
v 0.24858618 0.11366846 -0.39486191
v 0.24869429 0.11502206 -0.38671070
v 0.24848619 0.10751855 -0.39520061
v 0.24862376 0.10997021 -0.38693911
v 0.24846742 0.10365713 -0.39134505
v 0.24837153 0.10240038 -0.39743561
v 0.24830940 0.10198259 -0.40150589
v 0.24823895 0.10203920 -0.40551829
v 0.24801980 0.09459703 -0.40538043
v 0.24805219 0.09424878 -0.40152070
v 0.24827199 0.09829577 -0.39754364
v 0.24805006 0.09055332 -0.39737138
v 0.24834949 0.09851459 -0.39360946
v 0.24831340 0.09461752 -0.39000776
v 0.24810968 0.09028749 -0.39363384
v 0.24799174 0.08659332 -0.39332464
v 0.24805175 0.08779582 -0.38971791
v 0.24785943 0.08287352 -0.38938388
v 0.24805197 0.08631411 -0.38581130
v 0.24825239 0.09041750 -0.38565132
v 0.24841741 0.09464502 -0.38344270
v 0.24844632 0.09871634 -0.38737345
v 0.24856551 0.09888309 -0.37925422
v 0.24857739 0.10290828 -0.38314304
v 0.24867864 0.10324101 -0.37509030
v 0.24868764 0.10885982 -0.37985879
v 0.24876195 0.10982911 -0.37291402
v 0.24880269 0.11552419 -0.37482661
v 0.24882686 0.11944332 -0.37485236
v 0.24882767 0.12532851 -0.37710416
v 0.24885416 0.12503669 -0.37364179
v 0.24886012 0.13058987 -0.37600249
v 0.24887289 0.13452092 -0.37975806
v 0.24887723 0.13392258 -0.37262225
v 0.24890308 0.13774936 -0.37269896
v 0.24891576 0.13990343 -0.37847602
v 0.24894693 0.14167678 -0.37267596
v 0.24897408 0.14563698 -0.37663779
v 0.24900314 0.14585213 -0.37044480
v 0.24900571 0.14967659 -0.37653619
v 0.24903142 0.15008943 -0.37008730
v 0.24904501 0.15646335 -0.36922950
v 0.24903259 0.15399383 -0.37413278
v 0.24903199 0.16132429 -0.37309375
v 0.24903697 0.16767779 -0.36901480
v 0.24900413 0.16420232 -0.37740242
v 0.24900156 0.17652205 -0.37658793
v 0.24903947 0.17647110 -0.36982411
v 0.24902062 0.18202382 -0.37463471
v 0.24896476 0.17643586 -0.38159001
v 0.24896535 0.18482509 -0.38022840
v 0.24903947 0.18571654 -0.37286630
v 0.24897866 0.18985538 -0.37798256
v 0.24902478 0.18971165 -0.37352383
v 0.24893793 0.19412778 -0.37834054
v 0.24896550 0.19609296 -0.37424028
v 0.24888045 0.19832899 -0.37850010
v 0.24889567 0.20239383 -0.37450513
v 0.24896416 0.20015979 -0.37024355
v 0.24889475 0.20624325 -0.37123498
v 0.24896480 0.20211989 -0.36578509
v 0.24892794 0.20631374 -0.36598182
v 0.24882737 0.21011531 -0.37029511
v 0.24887730 0.20983905 -0.36511102
v 0.24874687 0.21570164 -0.36580068
v 0.24881090 0.21405059 -0.35940978
v 0.24873289 0.21766296 -0.36151239
v 0.24863400 0.22084667 -0.36549902
v 0.24865705 0.22307597 -0.35945719
v 0.24856564 0.22459452 -0.36745757
v 0.24857712 0.22867084 -0.36058646
v 0.24847707 0.22852051 -0.37155199
v 0.24848592 0.23259571 -0.36371177
v 0.24842130 0.23271087 -0.36976585
v 0.24839668 0.23708567 -0.36389107
v 0.24847607 0.23674740 -0.35586786
v 0.24854207 0.23254980 -0.35775653
v 0.24857572 0.23259370 -0.35177559
v 0.24866241 0.22902995 -0.34765431
v 0.24872769 0.22380467 -0.34861127
v 0.24875776 0.22581190 -0.33949745
v 0.24868363 0.23102736 -0.33733916
v 0.24855721 0.23576561 -0.34514987
v 0.24858066 0.23690307 -0.33747840
v 0.24862707 0.23497435 -0.33332765
v 0.24858750 0.23710746 -0.32934117
v 0.24849585 0.24120189 -0.32951120
v 0.24845889 0.24142770 -0.32539228
v 0.24831487 0.24559660 -0.32613784
v 0.24840966 0.24124640 -0.32168743
v 0.24859342 0.23518050 -0.32532430
v 0.24869004 0.23029253 -0.32919675
v 0.24866812 0.22931090 -0.32506338
v 0.24874783 0.22396237 -0.32524142
v 0.24884191 0.22025332 -0.33002073
v 0.24884811 0.22022259 -0.33386648
v 0.24875176 0.22750235 -0.33323583
v 0.24883857 0.22021353 -0.33773446
v 0.24882334 0.22021446 -0.34166437
v 0.24890688 0.21389273 -0.33895046
v 0.24886082 0.21497187 -0.34638888
v 0.24878192 0.21804741 -0.35134906
v 0.24878910 0.21589646 -0.35521269
v 0.24892458 0.20948935 -0.34716117
v 0.24888885 0.20986733 -0.35492039
v 0.24895370 0.20528366 -0.35071838
v 0.24893141 0.20594667 -0.35896185
v 0.24896768 0.20109935 -0.35054469
v 0.24895325 0.20168459 -0.35863942
v 0.24900603 0.19565952 -0.36523646
v 0.24898556 0.19548306 -0.36048344
v 0.24905281 0.18952209 -0.36457491
v 0.24903277 0.19167861 -0.36935645
v 0.24906789 0.18566346 -0.36845261
v 0.24907532 0.18377236 -0.36411238
v 0.24906597 0.18196480 -0.36801231
v 0.24905458 0.17349544 -0.36380738
v 0.24905595 0.17524859 -0.36007348
v 0.24906179 0.18377301 -0.36013260
v 0.24903220 0.18193817 -0.35437021
v 0.24902803 0.18770233 -0.35819528
v 0.24899334 0.18791422 -0.35229540
v 0.24898523 0.19156459 -0.35608530
v 0.24896182 0.19537500 -0.35418642
v 0.24896646 0.19346675 -0.34424463
v 0.24896093 0.19713476 -0.35045171
v 0.24897304 0.20085126 -0.34333289
v 0.24896297 0.19701466 -0.34334600
v 0.24895602 0.19889081 -0.33788800
v 0.24896076 0.20492850 -0.33975345
v 0.24897166 0.20501541 -0.34517631
v 0.24893901 0.20936272 -0.34159136
v 0.24894392 0.20936082 -0.33633548
v 0.24892393 0.21402203 -0.33087584
v 0.24896634 0.20951901 -0.33113116
v 0.24899922 0.20300566 -0.33116695
v 0.24896844 0.20496196 -0.33462989
v 0.24897277 0.19888812 -0.33448994
v 0.24898511 0.19178881 -0.33419484
v 0.24897371 0.19084406 -0.33784950
v 0.24898410 0.18855478 -0.34564725
v 0.24901175 0.18109657 -0.34158987
v 0.24902838 0.17408821 -0.34339464
v 0.24903390 0.17325506 -0.35263497
v 0.24903807 0.17330444 -0.35640287
v 0.24904212 0.16451862 -0.35249913
v 0.24903178 0.16061004 -0.35627118
v 0.24903849 0.15922907 -0.36023575
v 0.24902019 0.14849457 -0.35640797
v 0.24903318 0.15047120 -0.36299109
v 0.24904594 0.15821508 -0.36452508
v 0.24900979 0.14623918 -0.36337942
v 0.24896380 0.14008236 -0.36159578
v 0.24895257 0.13986418 -0.36632270
v 0.24890801 0.13378888 -0.36444014
v 0.24897578 0.13824183 -0.35610199
v 0.24889825 0.12978992 -0.36253765
v 0.24887809 0.13001230 -0.36860502
v 0.24888931 0.12600453 -0.36452684
v 0.24887574 0.12468830 -0.37003869
v 0.24887098 0.11935090 -0.36939323
v 0.24889998 0.12057958 -0.36278829
v 0.24888930 0.11552533 -0.36282670
v 0.24880975 0.11004035 -0.36723971
v 0.24884722 0.11002314 -0.35982338
v 0.24887034 0.10978581 -0.35410011
v 0.24892364 0.11487485 -0.35442716
v 0.24898157 0.11455524 -0.34842849
v 0.24893811 0.11998479 -0.35453576
v 0.24899702 0.11798008 -0.34844673
v 0.24900687 0.12170424 -0.34827712
v 0.24898563 0.12779444 -0.34976685
v 0.24893247 0.12681568 -0.35726178
v 0.24900481 0.13640912 -0.34898949
v 0.24904183 0.13660628 -0.34329957
v 0.24903905 0.14275485 -0.34773713
v 0.24907511 0.14300290 -0.33954176
v 0.24907033 0.14949442 -0.34411240
v 0.24907796 0.14959036 -0.33946341
v 0.24906813 0.15592116 -0.33942395
v 0.24907121 0.16005769 -0.34524485
v 0.24905308 0.16406654 -0.33944058
v 0.24905038 0.16824022 -0.34626234
v 0.24903038 0.16820614 -0.33118725
v 0.24901302 0.17408001 -0.33128917
v 0.24903969 0.16741163 -0.32542759
v 0.24900877 0.17407176 -0.32379383
v 0.24901253 0.17986029 -0.32670116
v 0.24900812 0.18096820 -0.33160359
v 0.24899842 0.18603972 -0.33194333
v 0.24902883 0.19066870 -0.32669652
v 0.24900910 0.19259441 -0.33063996
v 0.24903375 0.19908512 -0.32702190
v 0.24900748 0.20535031 -0.32685795
v 0.24902818 0.20129110 -0.32228804
v 0.24898776 0.20560074 -0.32187608
v 0.24894102 0.20991279 -0.32151455
v 0.24897073 0.20971552 -0.32661772
v 0.24891469 0.21413593 -0.32628611
v 0.24883911 0.21627453 -0.32114258
v 0.24885178 0.21834122 -0.32583022
v 0.24869561 0.22391027 -0.32091445
v 0.24870008 0.22009313 -0.31675237
v 0.24856652 0.22758144 -0.31694561
v 0.24861465 0.22939721 -0.32101080
v 0.24847406 0.23350233 -0.31722045
v 0.24855973 0.23335744 -0.32116437
v 0.24838150 0.23770575 -0.31738698
v 0.24837683 0.23354946 -0.31342691
v 0.24846719 0.22563493 -0.31106874
v 0.24859083 0.22173551 -0.31283906
v 0.24846624 0.22161964 -0.30714577
v 0.24863870 0.21794787 -0.31085935
v 0.24882010 0.21422553 -0.31677034
v 0.24872936 0.21411520 -0.31080985
v 0.24889503 0.21002153 -0.31687149
v 0.24895394 0.20581315 -0.31712228
v 0.24887151 0.20800751 -0.31282437
v 0.24901423 0.20152463 -0.31757978
v 0.24904558 0.19737984 -0.31812808
v 0.24904761 0.19722840 -0.32263681
v 0.24903902 0.19058448 -0.32277218
v 0.24904658 0.19151607 -0.31866547
v 0.24901892 0.18247607 -0.32069075
v 0.24899781 0.17756394 -0.32058614
v 0.24901466 0.18119270 -0.31527463
v 0.24903148 0.18520495 -0.31312451
v 0.24902947 0.18039621 -0.30860311
v 0.24900386 0.17742974 -0.31354919
v 0.24901864 0.17427653 -0.30985311
v 0.24899438 0.17403775 -0.31712770
v 0.24902382 0.16965991 -0.32036543
v 0.24902496 0.16796726 -0.31542599
v 0.24906331 0.16127992 -0.32050642
v 0.24909134 0.15305564 -0.32781824
v 0.24905644 0.16006184 -0.32925665
v 0.24904992 0.15990388 -0.33326179
v 0.24908045 0.15235645 -0.33355033
v 0.24911167 0.14504120 -0.32831043
v 0.24909781 0.14498875 -0.33405447
v 0.24909878 0.13789631 -0.33621612
v 0.24914527 0.13040899 -0.33055136
v 0.24913353 0.12818982 -0.33442304
v 0.24909905 0.13240874 -0.33812940
v 0.24905290 0.12903282 -0.34279579
v 0.24909380 0.12383518 -0.34015837
v 0.24910247 0.11982303 -0.33815426
v 0.24906072 0.11614567 -0.34219807
v 0.24907674 0.11439351 -0.33810362
v 0.24902873 0.10948196 -0.33810872
v 0.24899977 0.10945433 -0.34210408
v 0.24895200 0.10950629 -0.34617439
v 0.24890319 0.10962339 -0.35020712
v 0.24883722 0.10176051 -0.34988162
v 0.24877629 0.09860177 -0.35375655
v 0.24875240 0.09848337 -0.35765469
v 0.24868777 0.09127499 -0.35863775
v 0.24874838 0.10091801 -0.36346519
v 0.24868165 0.09500816 -0.36544871
v 0.24871567 0.10127461 -0.36928582
v 0.24865013 0.09903086 -0.37326956
v 0.24864350 0.09493921 -0.36939603
v 0.24855396 0.09482789 -0.37539035
v 0.24851403 0.09093437 -0.37346515
v 0.24842504 0.09079985 -0.37755474
v 0.24834228 0.09060706 -0.38161954
v 0.24820097 0.08672787 -0.38088101
v 0.24787077 0.08246449 -0.38577873
v 0.24839029 0.08691201 -0.37354580
v 0.24848372 0.08705110 -0.36950207
v 0.24860653 0.09084255 -0.36774975
v 0.24857597 0.08724811 -0.36431190
v 0.24867785 0.08750510 -0.35169178
v 0.24876410 0.09164473 -0.34769070
v 0.24880514 0.09173408 -0.34173456
v 0.24887732 0.09768713 -0.34185082
v 0.24880490 0.09564631 -0.34774870
v 0.24891731 0.10280161 -0.34392995
v 0.24898085 0.10381947 -0.33809510
v 0.24905872 0.11199416 -0.33399981
v 0.24898988 0.10378228 -0.33416930
v 0.24892788 0.09958877 -0.33802465
v 0.24890119 0.09748214 -0.33408195
v 0.24884206 0.09364477 -0.33788562
v 0.24875204 0.08785058 -0.33432347
v 0.24875221 0.08758055 -0.33920529
v 0.24863404 0.08338358 -0.33382210
v 0.24864246 0.08345591 -0.33928299
v 0.24859498 0.08346011 -0.34767050
v 0.24853230 0.08320562 -0.35748467
v 0.24870612 0.08739007 -0.32995841
v 0.24881235 0.09336254 -0.33008504
v 0.24864888 0.08722308 -0.32602024
v 0.24876630 0.09320488 -0.32609439
v 0.24891427 0.09937206 -0.33020532
v 0.24887455 0.09926519 -0.32615277
v 0.24897139 0.10370616 -0.33018529
v 0.24904600 0.11211403 -0.32973677
v 0.24910848 0.11992133 -0.32965624
v 0.24913816 0.12605350 -0.33017391
v 0.24903156 0.17096701 -0.30989814
v 0.24908039 0.16916037 -0.30369630
v 0.24903804 0.17620561 -0.30354512
v 0.24906577 0.17181934 -0.29864550
v 0.24901527 0.17804901 -0.29850441
v 0.24902838 0.18154654 -0.30315289
v 0.24897897 0.18365411 -0.29807597
v 0.24898762 0.18829218 -0.30209941
v 0.24891996 0.18964066 -0.29758590
v 0.24887142 0.19386533 -0.29743844
v 0.24894188 0.19390972 -0.30168819
v 0.24880940 0.19799903 -0.29741976
v 0.24888974 0.19802210 -0.30143785
v 0.24873692 0.20190501 -0.29746172
v 0.24880196 0.20291477 -0.30093729
v 0.24865273 0.20577995 -0.29751506
v 0.24864922 0.20980155 -0.30126750
v 0.24848804 0.21386236 -0.29944238
v 0.24863078 0.21451418 -0.30527917
v 0.24832386 0.22177841 -0.30136165
v 0.24833854 0.22770110 -0.30727515
v 0.24815354 0.22957854 -0.30222121
v 0.24824223 0.22974537 -0.30532980
v 0.24824890 0.23371981 -0.30935064
v 0.24812080 0.23382442 -0.30534527
v 0.24814008 0.22399630 -0.29746115
v 0.24831420 0.21593329 -0.29560792
v 0.24809431 0.21609569 -0.28965104
v 0.24829486 0.21004333 -0.28971326
v 0.24848221 0.20785649 -0.29370582
v 0.24846140 0.20395267 -0.28972816
v 0.24866652 0.19990833 -0.29366523
v 0.24860249 0.19801204 -0.28974640
v 0.24878173 0.19379552 -0.29359862
v 0.24869296 0.19384687 -0.28973883
v 0.24881321 0.18976015 -0.29166853
v 0.24892300 0.18274817 -0.29270840
v 0.24885046 0.18582614 -0.28972206
v 0.24878238 0.18594344 -0.28584966
v 0.24896920 0.17526829 -0.28963339
v 0.24900427 0.17535868 -0.29378599
v 0.24906830 0.16481125 -0.28951317
v 0.24851865 0.08314364 -0.32603785
v 0.24859023 0.08326689 -0.32993329
v 0.24876809 0.20792972 -0.30509156
v 0.24881771 0.20801464 -0.30893883
v 0.24897753 0.20189787 -0.31313381
v 0.24888492 0.20198111 -0.30528390
v 0.24896213 0.19779310 -0.30766931
v 0.24902290 0.19752918 -0.31382033
v 0.24902400 0.19360000 -0.31229627
v 0.24898335 0.19379839 -0.30607471
v 0.24901184 0.18944377 -0.30663142
v 0.24903625 0.18937472 -0.31275424
v 0.24902442 0.18527912 -0.30717167
v 0.24911331 0.11985454 -0.33405268
v 0.24848522 0.08309571 -0.36171362
v 0.24839866 0.08306378 -0.36683559
v 0.24905828 0.16436875 -0.34879130
v 0.24905226 0.15626341 -0.35054225
v 0.24904482 0.14848605 -0.35048544
v 0.24835297 0.22889218 -0.37942266
v 0.24847081 0.22461367 -0.37530887
v 0.24887434 0.18991376 -0.38509500
v 0.24885444 0.18375707 -0.38966405
v 0.24877369 0.18574078 -0.39434630
v 0.24870814 0.19183205 -0.39418757
v 0.24879402 0.17981634 -0.39596826
v 0.24889003 0.17810521 -0.38877058
v 0.24882595 0.17220190 -0.39595178
v 0.24885291 0.17218222 -0.39296257
v 0.24886274 0.16627370 -0.39431673
v 0.24886265 0.16034503 -0.39571965
v 0.24888939 0.16008225 -0.39106369
v 0.24887604 0.15236582 -0.39388284
v 0.24894215 0.15577903 -0.38600671
v 0.24890353 0.16499017 -0.38806248
v 0.24896660 0.16505423 -0.38200611
v 0.24890898 0.17123091 -0.38713178
v 0.24899685 0.15363230 -0.38043371
v 0.24898019 0.14962427 -0.38243300
v 0.24896228 0.14863168 -0.38620284
v 0.24896094 0.14580366 -0.38234532
v 0.24892105 0.14018537 -0.38197982
v 0.24891752 0.14046320 -0.38516700
v 0.24812986 0.09825280 -0.40918452
v 0.24820350 0.13406864 -0.42930162
v 0.24802989 0.13408227 -0.43321255
v 0.24806114 0.12983102 -0.43301105
v 0.24818829 0.12988465 -0.42938223
v 0.24771865 0.24601699 -0.30546039
v 0.24755833 0.24599607 -0.30155873
v 0.24818718 0.12576337 -0.43253297
v 0.24745411 0.23816770 -0.29336187
v 0.24719259 0.23816097 -0.28949231
v 0.24736300 0.23425744 -0.28935704
v 0.24837050 0.11836834 -0.41721013
v 0.24832751 0.11822235 -0.42147532
v 0.24820234 0.11418796 -0.42154652
v 0.24823770 0.11431592 -0.41741034
v 0.24812560 0.11029179 -0.42136690
v 0.24763177 0.17774782 -0.43655509
v 0.24760884 0.25359344 -0.36221144
v 0.24776430 0.23779568 -0.39399898
v 0.24768096 0.24147986 -0.39000055
v 0.24845810 0.12224606 -0.42900911
v 0.24789813 0.19426595 -0.42928961
v 0.24791545 0.19036874 -0.42943373
v 0.24830320 0.11453192 -0.42494613
v 0.24836279 0.11841532 -0.42539546
v 0.24811688 0.11115468 -0.42417252
v 0.24832878 0.11908790 -0.42838311
v 0.24845570 0.07909103 -0.33860022
v 0.24843678 0.07893472 -0.33381382
v 0.24837968 0.07885166 -0.32996252
v 0.24818382 0.08258301 -0.37359065
v 0.24797893 0.07862981 -0.37357339
v 0.24788737 0.07882787 -0.37769160
v 0.24778627 0.07921546 -0.38164729
v 0.24817431 0.07864529 -0.36588672
v 0.24826212 0.07878020 -0.36169297
v 0.24834529 0.07903038 -0.35649359
v 0.24840501 0.07910758 -0.34662569
v 0.24770258 0.20633923 -0.42526749
v 0.24774843 0.24544628 -0.38192853
v 0.24763060 0.25746733 -0.34222525
v 0.24763240 0.25708982 -0.33429316
v 0.24763751 0.25733045 -0.33838549
v 0.24754807 0.25746664 -0.34584987
v 0.24760446 0.24944045 -0.37408447
v 0.24792387 0.09898566 -0.41277674
v 0.24786507 0.10295185 -0.41699520
v 0.24776074 0.17186426 -0.26236320
v 0.24778849 0.13434058 -0.43628860
v 0.24793053 0.08236533 -0.38182652
v 0.24785106 0.09097181 -0.40126663
v 0.24796435 0.09539082 -0.40873188
v 0.24767640 0.07977425 -0.38546705
v 0.24811539 0.07473347 -0.33772984
v 0.24809727 0.07467151 -0.33381650
v 0.24804017 0.07464564 -0.33001834
v 0.24782720 0.07552894 -0.36943391
v 0.24791706 0.07517958 -0.36545500
v 0.24797469 0.07492868 -0.36117133
v 0.24804626 0.07483110 -0.35210964
v 0.24810049 0.07484166 -0.34314239
v 0.24793771 0.07468060 -0.32626736
v 0.24724507 0.17466360 -0.25812027
v 0.24733147 0.17105605 -0.25870115
v 0.24707292 0.17109470 -0.25676689
v 0.24675904 0.17528091 -0.25466785
v 0.24668509 0.17106216 -0.25438577
v 0.24739936 0.25732905 -0.34979573
v 0.24745794 0.24495704 -0.38581124
v 0.24769130 0.22964144 -0.40562838
v 0.24771234 0.22567713 -0.40947410
v 0.24769728 0.22160456 -0.41330311
v 0.24762292 0.21349497 -0.42112288
v 0.24767888 0.21747787 -0.41729584
v 0.24774766 0.07129083 -0.33386460
v 0.24770582 0.07156566 -0.33012211
v 0.24764027 0.07108173 -0.35233238
v 0.24759802 0.07132915 -0.35753933
v 0.24770743 0.07103674 -0.34331074
v 0.24774419 0.07113177 -0.33775634
v 0.24752867 0.07169705 -0.36140332
v 0.24819162 0.12279807 -0.43184179
v 0.24742468 0.25331604 -0.36617801
v 0.24738315 0.15833308 -0.43997896
v 0.24741417 0.15446517 -0.43995145
v 0.24767984 0.07588536 -0.37350073
v 0.24756129 0.23350784 -0.40176108
v 0.24776444 0.08720141 -0.39689797
v 0.24765979 0.08355495 -0.39275157
v 0.24731055 0.16224216 -0.43995625
v 0.24757846 0.19376573 -0.43211639
v 0.24754904 0.25684199 -0.33024582
v 0.24748698 0.18148792 -0.43621793
v 0.24713984 0.25293636 -0.37003705
v 0.24738249 0.15045065 -0.43987936
v 0.24738316 0.14621307 -0.43975374
v 0.24746637 0.20196332 -0.42866057
v 0.24724460 0.25708115 -0.35403234
v 0.24765883 0.13002321 -0.43576932
v 0.24734999 0.24895056 -0.37790051
v 0.24763438 0.09174619 -0.40495539
v 0.24718264 0.16636583 -0.43991095
v 0.24731860 0.06888980 -0.34761721
v 0.24736911 0.06899735 -0.34106296
v 0.24739349 0.06916558 -0.33767247
v 0.24741161 0.06947807 -0.33403757
v 0.24740498 0.07003938 -0.33022779
v 0.24727045 0.06904871 -0.35357308
v 0.24738801 0.14237821 -0.43953899
v 0.24735934 0.23731175 -0.39779797
v 0.24748312 0.07627822 -0.37756947
v 0.24737498 0.07218492 -0.36526272
v 0.24696881 0.17424707 -0.43976349
v 0.24720959 0.06930309 -0.35745582
v 0.24734952 0.07077442 -0.32656801
v 0.24737091 0.20962077 -0.42482948
v 0.24707715 0.06975704 -0.36128622
v 0.24723656 0.18571815 -0.43579724
v 0.24703744 0.25675964 -0.35811153
v 0.24791904 0.11538452 -0.42753005
v 0.24719407 0.24091281 -0.39381409
v 0.24743012 0.08036840 -0.38880438
v 0.24722952 0.13885841 -0.43922809
v 0.24686494 0.07040045 -0.36514851
v 0.24708438 0.07651512 -0.38176680
v 0.24709089 0.07243921 -0.36901402
v 0.24700944 0.07359341 -0.37339661
v 0.24727911 0.08798549 -0.40081805
v 0.24710798 0.19748354 -0.43173072
v 0.24750093 0.12619554 -0.43517244
v 0.24690622 0.24839012 -0.38171872
v 0.24670035 0.25640604 -0.36210078
v 0.24693170 0.20567863 -0.42827526
v 0.24668464 0.25244001 -0.37381884
v 0.24672712 0.07080422 -0.36737356
v 0.24655518 0.07121785 -0.37016287
v 0.24602138 0.06904279 -0.36893153
v 0.24620287 0.06824003 -0.36514586
v 0.24681044 0.07437482 -0.37745386
v 0.24646495 0.06786902 -0.36126530
v 0.24657691 0.08845806 -0.40440878
v 0.24672756 0.17732055 -0.43957937
v 0.24688257 0.24435018 -0.38968983
v 0.24666975 0.06771461 -0.35743177
v 0.24679953 0.06769783 -0.35357198
v 0.24687950 0.06773192 -0.34968123
v 0.24692562 0.23290178 -0.40524366
v 0.24538809 0.06870992 -0.37325355
v 0.24687843 0.18959023 -0.43536785
v 0.24635510 0.07167947 -0.37331477
v 0.24699408 0.07752988 -0.38507155
v 0.24610476 0.07230030 -0.37733930
v 0.24652767 0.07510404 -0.38176084
v 0.24597681 0.07346617 -0.38152727
v 0.24486442 0.06876726 -0.37720567
v 0.24688938 0.06866068 -0.33030987
v 0.24693424 0.06780663 -0.34575331
v 0.24592677 0.06514858 -0.34589839
v 0.24594709 0.06526238 -0.34198806
v 0.24591154 0.06536192 -0.33809158
v 0.24580638 0.06542420 -0.33419257
v 0.24555722 0.06465594 -0.35751924
v 0.24574000 0.06484711 -0.35366723
v 0.24585856 0.06501513 -0.34979537
v 0.24561770 0.06543504 -0.33039492
v 0.24707069 0.08429812 -0.39639819
v 0.24526195 0.06447095 -0.36136913
v 0.24484062 0.06433470 -0.36526248
v 0.24605450 0.18128559 -0.43962398
v 0.24734600 0.10006219 -0.41614351
v 0.24738973 0.10401668 -0.41986403
v 0.24432397 0.06429872 -0.36927104
v 0.24694712 0.22898519 -0.40905645
v 0.24640670 0.08497337 -0.39996299
v 0.24615724 0.08650446 -0.40319535
v 0.24665880 0.23667562 -0.40150452
v 0.24673522 0.25969902 -0.34266308
v 0.24659988 0.25973034 -0.34578863
v 0.24373820 0.06435301 -0.37329224
v 0.24738872 0.09635174 -0.41201550
v 0.24534358 0.06544305 -0.32663372
v 0.24672335 0.07853732 -0.38838369
v 0.24593534 0.18539923 -0.43854257
v 0.24688144 0.22085366 -0.41688639
v 0.24630591 0.07581931 -0.38485518
v 0.24757148 0.11995321 -0.43111929
v 0.24428889 0.06883828 -0.38096607
v 0.24534900 0.07329406 -0.38468912
v 0.24687445 0.22502580 -0.41291380
v 0.24385062 0.06198823 -0.32658312
v 0.24305308 0.06420202 -0.37692115
v 0.24683835 0.21675220 -0.42066154
v 0.24403574 0.06181364 -0.33044749
v 0.24408823 0.06147733 -0.35774386
v 0.24421066 0.06154363 -0.35387254
v 0.24427903 0.06158390 -0.34999168
v 0.24431372 0.06160221 -0.34610432
v 0.24431677 0.06161172 -0.34220144
v 0.24427234 0.06164755 -0.33829388
v 0.24417645 0.06171882 -0.33434802
v 0.24387145 0.06143153 -0.36161441
v 0.24355361 0.06149014 -0.36548474
v 0.24315681 0.06171549 -0.36941415
v 0.24275172 0.06527475 -0.38095340
v 0.24624854 0.25607091 -0.36608195
v 0.24655974 0.13444492 -0.43912426
v 0.24682645 0.08091940 -0.39205864
v 0.24638537 0.08249377 -0.39619726
v 0.24577622 0.08401790 -0.40084279
v 0.24261706 0.06217523 -0.37423366
v 0.24215913 0.06268341 -0.37805766
v 0.24447227 0.07325401 -0.38817832
v 0.24588737 0.07654423 -0.38822377
v 0.24647357 0.07923959 -0.39045659
v 0.24629651 0.24034487 -0.39760706
v 0.24483296 0.17056669 -0.24841295
v 0.24352761 0.06892342 -0.38459635
v 0.24547727 0.25599107 -0.37009901
v 0.24287182 0.05959912 -0.33045471
v 0.24223273 0.06610391 -0.38465869
v 0.24628980 0.15836363 -0.44221017
v 0.24632756 0.15459174 -0.44212031
v 0.24612682 0.16649060 -0.44201538
v 0.24598753 0.17091365 -0.44198897
v 0.24582043 0.17418300 -0.44209763
v 0.24623011 0.16223356 -0.44214463
v 0.24175021 0.06314569 -0.38104314
v 0.24623898 0.24785742 -0.38550782
v 0.24254712 0.06889703 -0.38807443
v 0.24688523 0.09233649 -0.40821522
v 0.24624783 0.08967691 -0.40673342
v 0.24544036 0.22463779 -0.41667491
v 0.24633792 0.20141277 -0.43146181
v 0.24297003 0.05950602 -0.33441335
v 0.24305615 0.05946739 -0.33838409
v 0.24554822 0.23248862 -0.40880662
v 0.24518867 0.23993918 -0.40121597
v 0.24115340 0.06389644 -0.38481426
v 0.24190763 0.06665746 -0.38677889
v 0.24605086 0.25188333 -0.37764931
v 0.24545869 0.22043805 -0.42043781
v 0.24486637 0.22313622 -0.41930035
v 0.24556363 0.17702755 -0.44186851
v 0.24482022 0.17423315 -0.24863400
v 0.24547723 0.22858784 -0.41272131
v 0.24487019 0.22727527 -0.41536331
v 0.24527249 0.25155079 -0.38133919
v 0.24654846 0.21274030 -0.42435065
v 0.24632674 0.15056758 -0.44190675
v 0.24629867 0.14629804 -0.44178116
v 0.24624616 0.14260548 -0.44161567
v 0.24296474 0.07281849 -0.39232823
v 0.24150252 0.06739477 -0.38928238
v 0.24535003 0.07765588 -0.39183018
v 0.24606763 0.08004046 -0.39312980
v 0.24648818 0.13039054 -0.43813187
v 0.24309717 0.05948445 -0.34230250
v 0.24605998 0.19346878 -0.43535277
v 0.24576375 0.19710119 -0.43434355
v 0.24541628 0.20483281 -0.43138123
v 0.24532907 0.24744435 -0.38914382
v 0.24309590 0.05955847 -0.34759411
v 0.24731347 0.10807262 -0.42332840
v 0.24582730 0.08732716 -0.40514815
v 0.24634509 0.25963891 -0.33884275
v 0.24644929 0.25910825 -0.33472288
v 0.24393682 0.07739498 -0.39598334
v 0.24559721 0.08078345 -0.39599663
v 0.24498121 0.08172696 -0.39963678
v 0.24610317 0.25970489 -0.34927109
v 0.24610369 0.25911027 -0.35384476
v 0.24058488 0.06489776 -0.38836479
v 0.23860542 0.06125212 -0.38892192
v 0.24228776 0.07408907 -0.39607626
v 0.24127086 0.07204320 -0.39615569
v 0.24180734 0.07498969 -0.39871192
v 0.24167609 0.07130180 -0.39399907
v 0.23974623 0.06891865 -0.39623442
v 0.24637900 0.09402055 -0.41137338
v 0.24106736 0.06886079 -0.39254844
v 0.23880871 0.06416296 -0.39261392
v 0.23686217 0.06318597 -0.39666727
v 0.23749608 0.06248898 -0.39400077
v 0.23800693 0.06177737 -0.39161417
v 0.23663330 0.06547789 -0.40013894
v 0.23827267 0.06891858 -0.40008605
v 0.23610276 0.06626495 -0.40239269
v 0.23773827 0.07046381 -0.40318897
v 0.24056645 0.07352279 -0.40006793
v 0.24531288 0.17975989 -0.44143486
v 0.24505475 0.18276447 -0.44096008
v 0.23925002 0.06053478 -0.38513467
v 0.24682796 0.12335132 -0.43488228
v 0.24304855 0.05967034 -0.35400638
v 0.24297297 0.05972204 -0.35790205
v 0.24282287 0.05979105 -0.36179674
v 0.24257465 0.05992746 -0.36565918
v 0.24221963 0.06017597 -0.36954623
v 0.24177729 0.06052788 -0.37349114
v 0.24253997 0.07725228 -0.39996895
v 0.24533173 0.08529511 -0.40389699
v 0.24527909 0.25497499 -0.37357718
v 0.24142021 0.06106992 -0.37707478
v 0.24034417 0.06075005 -0.38123503
v 0.24113846 0.05684279 -0.33041358
v 0.24567044 0.24387547 -0.39402410
v 0.24508838 0.24270169 -0.39747044
v 0.24562971 0.18925439 -0.43772912
v 0.24530233 0.19217464 -0.43717653
v 0.24480651 0.18526314 -0.44051617
v 0.24498090 0.19473927 -0.43671334
v 0.24535735 0.21607129 -0.42394972
v 0.24491616 0.21910073 -0.42249566
v 0.24345909 0.08137976 -0.40360731
v 0.24543509 0.23630206 -0.40505832
v 0.24493985 0.23511651 -0.40738857
v 0.24479009 0.23846278 -0.40400431
v 0.24500415 0.25010964 -0.38530654
v 0.24471079 0.24940531 -0.38755140
v 0.24129988 0.07580428 -0.40131766
v 0.24188030 0.07853028 -0.40368468
v 0.24520215 0.20117699 -0.43349448
v 0.24464089 0.19700387 -0.43626121
v 0.23639579 0.06148811 -0.39559430
v 0.24471772 0.17414226 -0.44390702
v 0.24636053 0.12655069 -0.43720552
v 0.23818298 0.05937836 -0.38657182
v 0.23768407 0.05974554 -0.38907406
v 0.23667853 0.06899954 -0.40406331
v 0.23720363 0.07161868 -0.40575138
v 0.24463773 0.17771409 -0.24883461
v 0.23690581 0.06063570 -0.39285621
v 0.24608301 0.13922119 -0.44116867
v 0.24431521 0.22590211 -0.41794780
v 0.24570850 0.20913054 -0.42833418
v 0.24469317 0.25341058 -0.37939608
v 0.24433613 0.25267696 -0.38240466
v 0.23870754 0.07316159 -0.40423945
v 0.24075821 0.07656098 -0.40381506
v 0.24139699 0.07916290 -0.40576577
v 0.24196412 0.08141045 -0.40703353
v 0.24384005 0.08519962 -0.40716699
v 0.24691124 0.11195782 -0.42702195
v 0.24463986 0.24188530 -0.39995807
v 0.24613267 0.12437332 -0.43662557
v 0.24484877 0.17108099 -0.44377092
v 0.24498706 0.16658893 -0.44373783
v 0.24512400 0.16221705 -0.44379658
v 0.24520005 0.15836157 -0.44381642
v 0.24638343 0.12044196 -0.43351048
v 0.24583018 0.13591515 -0.44064522
v 0.24537233 0.13070761 -0.43993121
v 0.24503690 0.12677485 -0.43927437
v 0.24490450 0.23118685 -0.41135594
v 0.24386811 0.22831567 -0.41645837
v 0.24435131 0.22975399 -0.41400307
v 0.24394283 0.23213284 -0.41247720
v 0.24440587 0.23357637 -0.41004387
v 0.24484561 0.20335819 -0.43309689
v 0.24419434 0.18162741 -0.24902001
v 0.24626632 0.10509133 -0.42241824
v 0.24421319 0.24102454 -0.40224549
v 0.24432033 0.24857606 -0.39017850
v 0.24517836 0.21233942 -0.42693371
v 0.24439038 0.17690088 -0.44371921
v 0.24409357 0.18116845 -0.44285530
v 0.24433082 0.18913884 -0.43983555
v 0.24583572 0.25858870 -0.35799941
v 0.24202189 0.08529399 -0.41096622
v 0.24392596 0.08912980 -0.41107646
v 0.24585383 0.09119319 -0.40908954
v 0.24537423 0.09202402 -0.41112757
v 0.24341649 0.15472512 -0.44625106
v 0.24343982 0.15834980 -0.44629222
v 0.24521856 0.15466595 -0.44371614
v 0.23802786 0.07451116 -0.40752712
v 0.23992015 0.07772473 -0.40720356
v 0.24442865 0.20561177 -0.43261296
v 0.24633418 0.25865427 -0.33055118
v 0.23644574 0.07068127 -0.40632713
v 0.23683445 0.07260239 -0.40751708
v 0.24613892 0.25822601 -0.32648107
v 0.24545063 0.25808680 -0.36205220
v 0.24635276 0.09720317 -0.41510594
v 0.24654582 0.11649934 -0.43060187
v 0.24614283 0.11333767 -0.42921627
v 0.24544892 0.11554153 -0.43188760
v 0.24596573 0.11832887 -0.43270251
v 0.24446480 0.11684114 -0.43433553
v 0.24526018 0.12051757 -0.43543097
v 0.24206957 0.08922303 -0.41492817
v 0.24142884 0.08671298 -0.41362590
v 0.24124543 0.08135895 -0.40843141
v 0.23803493 0.07781569 -0.41097784
v 0.24011014 0.08172042 -0.41096869
v 0.23759989 0.07544471 -0.40955225
v 0.24435779 0.22164428 -0.42151225
v 0.24387038 0.22425832 -0.42020926
v 0.24442315 0.09351201 -0.41479096
v 0.24595611 0.09510443 -0.41349149
v 0.24377628 0.22016419 -0.42370155
v 0.24426018 0.21712324 -0.42509711
v 0.24518067 0.15065080 -0.44352126
v 0.24513575 0.14635426 -0.44343036
v 0.24312884 0.14652164 -0.44619104
v 0.24324194 0.15077572 -0.44622117
v 0.24396168 0.25187635 -0.38512847
v 0.24395898 0.20113027 -0.43545491
v 0.24444382 0.25706449 -0.37140599
v 0.24422173 0.25660667 -0.37345660
v 0.24373706 0.25569472 -0.37728703
v 0.24503356 0.14272349 -0.44334817
v 0.24572539 0.12266230 -0.43607569
v 0.24229312 0.11262269 -0.43501917
v 0.24132226 0.11382489 -0.43736100
v 0.24043585 0.11597487 -0.44011560
v 0.23988409 0.11260566 -0.43877980
v 0.24176712 0.11705495 -0.43876249
v 0.24321388 0.12046681 -0.43870845
v 0.24470671 0.12359472 -0.43830562
v 0.24328867 0.16219692 -0.44636184
v 0.24305139 0.18524356 -0.44311908
v 0.24202463 0.12370636 -0.44243911
v 0.24134345 0.12043487 -0.44157284
v 0.24475604 0.21453322 -0.42604786
v 0.24345097 0.21590456 -0.42738274
v 0.24417531 0.21226263 -0.42871669
v 0.24454582 0.21022525 -0.42944604
v 0.24396233 0.20874006 -0.43137753
v 0.24410762 0.24438214 -0.39737433
v 0.24451581 0.24504319 -0.39516258
v 0.24390058 0.24716505 -0.39345911
v 0.24239461 0.12673402 -0.44306916
v 0.24369675 0.13095677 -0.44243094
v 0.24090217 0.12544027 -0.44477406
v 0.24063478 0.12372907 -0.44448164
v 0.24460147 0.13483886 -0.44210681
v 0.24474674 0.13937730 -0.44305637
v 0.24300459 0.16664363 -0.44648215
v 0.24281198 0.17117026 -0.44659394
v 0.24276148 0.17405818 -0.44663215
v 0.24399522 0.19323316 -0.43872154
v 0.23569910 0.06240613 -0.39817706
v 0.24596608 0.09870318 -0.41740075
v 0.24636146 0.10103716 -0.41889364
v 0.24595642 0.10259230 -0.42077339
v 0.24234688 0.23163970 -0.41603225
v 0.24531642 0.09620465 -0.41593835
v 0.24064840 0.08674914 -0.41510910
v 0.23797509 0.08151379 -0.41471496
v 0.23750718 0.08301474 -0.41708362
v 0.23807026 0.08559988 -0.41862145
v 0.24105017 0.09018900 -0.41782656
v 0.23762691 0.08725212 -0.42104271
v 0.23750828 0.07917463 -0.41318914
v 0.24218310 0.09320362 -0.41879246
v 0.24451974 0.09730858 -0.41859922
v 0.24151215 0.09445728 -0.42131656
v 0.23819798 0.08969185 -0.42253271
v 0.23995264 0.09313840 -0.42280298
v 0.24291798 0.14287332 -0.44621363
v 0.24623869 0.10872831 -0.42539021
v 0.24578628 0.10672120 -0.42440659
v 0.24182777 0.18910058 -0.44339839
v 0.24147516 0.19284523 -0.44239819
v 0.24474828 0.25746533 -0.36861393
v 0.23754442 0.11299960 -0.44277111
v 0.23808320 0.10878055 -0.43902093
v 0.23714209 0.10999213 -0.44139016
v 0.23650111 0.11209042 -0.44389060
v 0.23647073 0.11401134 -0.44516686
v 0.23934406 0.11710011 -0.44251102
v 0.24095622 0.11866989 -0.44097820
v 0.24004778 0.12046061 -0.44355991
v 0.24144171 0.15478010 -0.44892201
v 0.24146472 0.15834087 -0.44894868
v 0.24133876 0.15089764 -0.44878981
v 0.24140349 0.16217855 -0.44887388
v 0.24126798 0.16662696 -0.44876733
v 0.24113980 0.17120396 -0.44876584
v 0.24104522 0.17397542 -0.44882822
v 0.24109267 0.14299430 -0.44860420
v 0.24127276 0.14662381 -0.44865945
v 0.24436955 0.23734154 -0.40607288
v 0.24400310 0.23590483 -0.40839836
v 0.24245638 0.23532361 -0.41203186
v 0.23724343 0.11680009 -0.44552028
v 0.23650259 0.11668526 -0.44656888
v 0.23650032 0.11985968 -0.44807771
v 0.23777902 0.12074562 -0.44678941
v 0.24097534 0.10752696 -0.43340549
v 0.24014758 0.10880940 -0.43568867
v 0.23748101 0.10591410 -0.43783677
v 0.23888355 0.10496838 -0.43478787
v 0.24191763 0.10662585 -0.43111861
v 0.24025746 0.10404861 -0.43185055
v 0.23776045 0.10170344 -0.43397564
v 0.23910843 0.10073038 -0.43097255
v 0.24106698 0.10233869 -0.42911536
v 0.23806342 0.09769986 -0.43012187
v 0.23937029 0.09666109 -0.42704320
v 0.24143343 0.09667493 -0.42353004
v 0.23824474 0.09315404 -0.42584178
v 0.24181624 0.10104751 -0.42667705
v 0.24435423 0.10114530 -0.42231694
v 0.24531782 0.10001662 -0.41967890
v 0.24514340 0.10417765 -0.42344984
v 0.24406667 0.10514697 -0.42616543
v 0.24513155 0.10882846 -0.42732760
v 0.24570429 0.11107106 -0.42816654
v 0.23780158 0.09127864 -0.42491162
v 0.24160273 0.13125157 -0.44536030
v 0.24206801 0.13553670 -0.44573522
v 0.24155417 0.21985076 -0.42759192
v 0.24344024 0.20448104 -0.43463469
v 0.24218234 0.13977531 -0.44656008
v 0.24095215 0.14122984 -0.44851768
v 0.24504083 0.25667650 -0.31368086
v 0.24041224 0.16984589 -0.24382047
v 0.23847684 0.17334561 -0.24206088
v 0.24045035 0.17340340 -0.24409066
v 0.24235165 0.17010811 -0.24585950
v 0.23820752 0.17693405 -0.24233100
v 0.24207529 0.17725103 -0.24619395
v 0.23996967 0.17703426 -0.24406753
v 0.24178451 0.18121044 -0.24661630
v 0.23774621 0.18077114 -0.24270546
v 0.24142507 0.18540825 -0.24710740
v 0.23954144 0.18094474 -0.24442747
v 0.23741852 0.18359640 -0.24304557
v 0.24366498 0.18584856 -0.24924245
v 0.24262333 0.18990470 -0.24914940
v 0.23881046 0.18511203 -0.24463347
v 0.24107610 0.18855891 -0.24749804
v 0.23941357 0.18938793 -0.24615610
v 0.24075973 0.19091670 -0.24780147
v 0.23868534 0.19280681 -0.24639541
v 0.24047284 0.19289452 -0.24809501
v 0.23660091 0.16962269 -0.24003376
v 0.24263667 0.19328068 -0.25000706
v 0.23789643 0.19682199 -0.24692617
v 0.23984484 0.19693066 -0.24873877
v 0.23665220 0.17337185 -0.24061303
v 0.23738615 0.19945391 -0.24733728
v 0.23924555 0.20133428 -0.24961954
v 0.24163456 0.20024535 -0.25136113
v 0.24107236 0.20304786 -0.25184664
v 0.24216379 0.19716404 -0.25078496
v 0.24447027 0.19790119 -0.25299695
v 0.23666587 0.17702419 -0.24126349
v 0.23673709 0.20206693 -0.24785471
v 0.23674928 0.18557799 -0.24321523
v 0.23679298 0.18904221 -0.24403664
v 0.23678747 0.19300798 -0.24506259
v 0.23673546 0.19706126 -0.24624203
v 0.23668274 0.18084735 -0.24209604
v 0.23670679 0.19973174 -0.24710444
v 0.20997894 0.17063648 -0.32889885
v 0.21054135 0.16818437 -0.32476729
v 0.21357861 0.16942729 -0.32653594
v 0.21307603 0.16947600 -0.32980919
v 0.21252340 0.16946533 -0.33197913
v 0.20791978 0.17197120 -0.29696840
v 0.20794593 0.17159966 -0.29931301
v 0.20717686 0.17394525 -0.29934424
v 0.20732301 0.17363030 -0.29560718
v 0.20791873 0.17228882 -0.29145890
v 0.20716119 0.17417644 -0.29150400
v 0.20716663 0.17441073 -0.28746766
v 0.20794721 0.17258750 -0.28743571
v 0.20721018 0.17466453 -0.28358027
v 0.20801951 0.17061701 -0.30318674
v 0.20718916 0.17387597 -0.30320576
v 0.20835720 0.17021844 -0.29556304
v 0.20841709 0.16935858 -0.29932326
v 0.20852493 0.16989231 -0.29144582
v 0.20956947 0.16537789 -0.29545823
v 0.20967337 0.16534977 -0.29147276
v 0.20972478 0.16539077 -0.28747997
v 0.20808908 0.17321673 -0.27986175
v 0.20879556 0.17049931 -0.27988398
v 0.20868017 0.17025977 -0.28357083
v 0.20800446 0.17291740 -0.28356451
v 0.20860347 0.17004064 -0.28743744
v 0.20726566 0.17491259 -0.27983791
v 0.20973808 0.16551769 -0.28360748
v 0.20978975 0.16569218 -0.27992612
v 0.21093175 0.16175997 -0.27995184
v 0.21095645 0.16193403 -0.27625820
v 0.20996603 0.16588533 -0.27620769
v 0.21105614 0.16231848 -0.27239183
v 0.20926979 0.17095670 -0.27212730
v 0.21023569 0.16610050 -0.27229649
v 0.20899820 0.17073622 -0.27611166
v 0.20821600 0.17350841 -0.27604488
v 0.20930600 0.16541664 -0.29938164
v 0.20835686 0.16838810 -0.30321595
v 0.20803884 0.16937408 -0.30678818
v 0.20836967 0.17379548 -0.27203274
v 0.20720965 0.17381254 -0.30710387
v 0.20774183 0.16972397 -0.31102636
v 0.20856167 0.16649541 -0.30872229
v 0.21098869 0.16172858 -0.28364584
v 0.21062410 0.16638175 -0.26843318
v 0.20960318 0.17115359 -0.26815981
v 0.20997795 0.17133458 -0.26408112
v 0.21124692 0.16318417 -0.26856998
v 0.21106662 0.16652080 -0.26460463
v 0.21137896 0.16390023 -0.26629886
v 0.21035790 0.17148335 -0.25976780
v 0.21082652 0.17131808 -0.25526857
v 0.20831549 0.16765280 -0.30531347
v 0.20874989 0.17418842 -0.26382625
v 0.20722453 0.17374152 -0.31108499
v 0.20726256 0.17364275 -0.31508389
v 0.20760863 0.17035680 -0.31576192
v 0.20750304 0.17048240 -0.31831858
v 0.21104014 0.16175909 -0.28753892
v 0.21104319 0.16181748 -0.29154354
v 0.21100180 0.16191809 -0.29555219
v 0.20836514 0.16647255 -0.30533820
v 0.20870264 0.16524158 -0.30363888
v 0.20724970 0.17360485 -0.31908008
v 0.20740800 0.17066792 -0.32062903
v 0.20922720 0.16634981 -0.31419182
v 0.20715719 0.17370316 -0.32301879
v 0.21084972 0.16191447 -0.29950652
v 0.21029200 0.16090460 -0.30345270
v 0.20896365 0.17434792 -0.25956905
v 0.20501161 0.17789592 -0.32329792
v 0.20841900 0.16376236 -0.30518687
v 0.20733993 0.17518669 -0.27596778
v 0.20742173 0.17546137 -0.27190107
v 0.20916282 0.17446654 -0.25508904
v 0.20521855 0.17735639 -0.31919336
v 0.21096496 0.17229985 -0.25052056
v 0.20522767 0.17744726 -0.29554942
v 0.20523854 0.17747387 -0.29156864
v 0.20522685 0.17735983 -0.30720645
v 0.20521042 0.17732058 -0.31116682
v 0.20520064 0.17730503 -0.31516761
v 0.20521995 0.17742380 -0.29941490
v 0.20522255 0.17739022 -0.30329514
v 0.20747678 0.17569526 -0.26783481
v 0.21010669 0.16385847 -0.31021482
v 0.20551246 0.17773922 -0.32695749
v 0.20693292 0.17398167 -0.32675010
v 0.20687206 0.17425972 -0.32995012
v 0.20602927 0.17793673 -0.33006078
v 0.20526482 0.17752165 -0.28751451
v 0.20819020 0.17204909 -0.32591206
v 0.20902127 0.16978076 -0.32349274
v 0.20974450 0.16701289 -0.31767291
v 0.20530464 0.17760432 -0.28359273
v 0.20534325 0.17771462 -0.27977526
v 0.20941196 0.17455138 -0.25055477
v 0.21141444 0.17269927 -0.24629362
v 0.21073829 0.16392612 -0.31319419
v 0.21070723 0.16711441 -0.32107466
v 0.21267387 0.16146326 -0.31126580
v 0.21288095 0.16157007 -0.31517589
v 0.21259831 0.16402091 -0.31819785
v 0.21239056 0.16102734 -0.30743849
v 0.20760013 0.17772591 -0.33258352
v 0.20780121 0.17405523 -0.33308956
v 0.21211542 0.16665441 -0.32439715
v 0.20911905 0.17281054 -0.33088461
v 0.21050614 0.17353542 -0.33380482
v 0.21143231 0.16947055 -0.33377379
v 0.21282679 0.16683714 -0.32565475
v 0.21211542 0.16665441 -0.32439715
v 0.21070723 0.16711441 -0.32107466
v 0.21383488 0.16940637 -0.32283792
v 0.21053311 0.17931347 -0.33415955
v 0.20760013 0.17772591 -0.33258352
v 0.21060023 0.17711711 -0.33366671
v 0.20613575 0.18036057 -0.33330169
v 0.20780121 0.17405523 -0.33308956
v 0.21050614 0.17353542 -0.33380482
v 0.21308486 0.17676684 -0.33224243
v 0.21329707 0.18054429 -0.33296296
v 0.21281463 0.17326599 -0.33210632
v 0.21143231 0.16947055 -0.33377379
v 0.21265480 0.18192503 -0.33519563
v 0.21022621 0.18154213 -0.33675903
v 0.21147801 0.18345155 -0.33839175
v 0.21157929 0.08807427 -0.41047683
v 0.21198842 0.08940952 -0.41176209
v 0.21239766 0.08555277 -0.41478893
v 0.21488744 0.08734405 -0.41627288
v 0.20969442 0.12927185 -0.44094959
v 0.20902622 0.12923983 -0.44095349
v 0.20898890 0.12985426 -0.44500086
v 0.21004760 0.12988758 -0.44500169
v 0.21012655 0.12990631 -0.43605462
v 0.20907387 0.12985970 -0.43612459
v 0.21259831 0.16402091 -0.31819785
v 0.21340603 0.16576260 -0.31899518
v 0.20974450 0.16701289 -0.31767291
v 0.21070723 0.16711441 -0.32107466
v 0.21383488 0.16940637 -0.32283792
v 0.22884065 0.04528037 -0.34197497
v 0.22974646 0.04740081 -0.34182006
v 0.23043415 0.04739223 -0.33824664
v 0.22999631 0.04535076 -0.33840302
v 0.23083219 0.04729965 -0.33444485
v 0.23096676 0.04526964 -0.33486304
v 0.23123804 0.04720615 -0.33053544
v 0.21211542 0.16665441 -0.32439715
v 0.21383488 0.16940637 -0.32283792
v 0.21317853 0.16682446 -0.32384035
v 0.21250524 0.06719843 -0.39766511
v 0.21125977 0.06712632 -0.40175039
v 0.21315879 0.06716470 -0.39764082
v 0.21373260 0.07120414 -0.40152085
v 0.21017939 0.07106567 -0.40494615
v 0.21131054 0.07372492 -0.40660623
v 0.20906666 0.07117999 -0.40772575
v 0.20896628 0.07481861 -0.40944758
v 0.21478592 0.07529047 -0.40542495
v 0.21583371 0.07533826 -0.40943041
v 0.18919821 0.18611248 -0.45300379
v 0.19287039 0.18306413 -0.45476314
v 0.19324115 0.18415248 -0.45273522
v 0.20295736 0.17457905 -0.45728126
v 0.20439707 0.17630412 -0.45555139
v 0.20352840 0.17377400 -0.45759374
v 0.20544302 0.17402372 -0.45647082
v 0.20307632 0.17894347 -0.45444632
v 0.20065632 0.17953309 -0.45475629
v 0.20573805 0.17807588 -0.45339811
v 0.20974100 0.17672940 -0.45498681
v 0.20804328 0.17809421 -0.45337683
v 0.20440830 0.17968918 -0.45242858
v 0.20983368 0.18070880 -0.45238540
v 0.21169712 0.17919083 -0.45432669
v 0.21252340 0.18200123 -0.45334595
v 0.21293488 0.18058878 -0.45429185
v 0.21368770 0.18307109 -0.45350051
v 0.19727260 0.18240841 -0.45270407
v 0.21190439 0.18370625 -0.45151097
v 0.20078111 0.18114349 -0.45266965
v 0.21335861 0.18455443 -0.45216686
v 0.20185409 0.15889664 -0.46068653
v 0.20506287 0.15432665 -0.45966893
v 0.20157425 0.16323371 -0.46052888
v 0.20536481 0.16322529 -0.45943171
v 0.20929748 0.15935838 -0.45875275
v 0.20951538 0.16317461 -0.45883203
v 0.21278684 0.16301152 -0.45881629
v 0.21273886 0.15944436 -0.45868576
v 0.21231759 0.15454671 -0.45844105
v 0.21548975 0.15942171 -0.45854312
v 0.21556710 0.15475328 -0.45832896
v 0.20928906 0.15442118 -0.45861992
v 0.21287370 0.15025035 -0.45809513
v 0.21535225 0.16285610 -0.45859054
v 0.21994506 0.15929079 -0.45814314
v 0.22002226 0.15481928 -0.45795307
v 0.22528911 0.15909648 -0.45792371
v 0.22531389 0.15485366 -0.45776072
v 0.23005523 0.15890677 -0.45769686
v 0.23008215 0.15491693 -0.45756078
v 0.22523780 0.16259524 -0.45788801
v 0.23002362 0.16245316 -0.45764208
v 0.21987912 0.16274221 -0.45813197
v 0.22530562 0.15079845 -0.45752424
v 0.23009728 0.15101863 -0.45734656
v 0.22007819 0.15060076 -0.45764956
v 0.21557857 0.15041760 -0.45793512
v 0.23329924 0.15499787 -0.45732936
v 0.23335510 0.15124293 -0.45713136
v 0.23324293 0.15872888 -0.45741642
v 0.23320150 0.16233340 -0.45733801
v 0.21106862 0.15259229 -0.45817617
v 0.21261129 0.16686164 -0.45834649
v 0.20963596 0.16619916 -0.45846918
v 0.21985847 0.16637698 -0.45771441
v 0.22522008 0.16638085 -0.45746049
v 0.23001482 0.16639780 -0.45724684
v 0.23320660 0.16642642 -0.45700955
v 0.23325479 0.17090271 -0.45654994
v 0.23005611 0.17098066 -0.45668492
v 0.21522158 0.16637899 -0.45820776
v 0.23010091 0.14749236 -0.45694414
v 0.23343229 0.14752828 -0.45677572
v 0.22527052 0.14741163 -0.45706251
v 0.22025947 0.14724547 -0.45709443
v 0.22523689 0.17363785 -0.45644507
v 0.21989225 0.17097366 -0.45702723
v 0.21991198 0.17354260 -0.45665467
v 0.23329100 0.17343590 -0.45619571
v 0.23008093 0.17363451 -0.45630482
v 0.20563972 0.16711359 -0.45876536
v 0.21514109 0.17353700 -0.45700413
v 0.21334624 0.14832886 -0.45777696
v 0.21557501 0.14808525 -0.45751441
v 0.21293318 0.17094027 -0.45766973
v 0.21070538 0.15258349 -0.45820424
v 0.20992860 0.15009657 -0.45789421
v 0.21124843 0.15008496 -0.45777971
v 0.23432498 0.17316617 -0.45609024
v 0.21315640 0.17350622 -0.45725566
v 0.23009953 0.14515375 -0.45651034
v 0.23351689 0.14485134 -0.45637202
v 0.22524396 0.14543490 -0.45662543
v 0.23471260 0.14501068 -0.45624596
v 0.23469666 0.14732723 -0.45643175
v 0.23359154 0.14298099 -0.45600724
v 0.23006979 0.14318082 -0.45607650
v 0.20807023 0.15023224 -0.45857576
v 0.22519559 0.14340310 -0.45613348
v 0.22961864 0.17432080 -0.45612249
v 0.21990289 0.17439882 -0.45642865
v 0.22035937 0.14393751 -0.45623001
v 0.22014733 0.13938390 -0.45506981
v 0.21557288 0.13868752 -0.45491248
v 0.21878387 0.14613268 -0.45677799
v 0.21561657 0.14318667 -0.45595443
v 0.21691345 0.13624504 -0.45439357
v 0.21290119 0.13968341 -0.45494941
v 0.21414320 0.13678066 -0.45439184
v 0.21168694 0.14261569 -0.45537403
v 0.21513994 0.17439909 -0.45675668
v 0.23004924 0.13983160 -0.45517200
v 0.22515781 0.13966843 -0.45512244
v 0.22020791 0.13602045 -0.45416066
v 0.23374891 0.14002004 -0.45525339
v 0.23436438 0.17088194 -0.45626131
v 0.21201673 0.14680770 -0.45686412
v 0.20892486 0.14668956 -0.45714265
v 0.21204217 0.16858441 -0.45781240
v 0.23330535 0.17402801 -0.45600984
v 0.21558660 0.14636776 -0.45692328
v 0.22569858 0.13534532 -0.45374835
v 0.23008201 0.13578591 -0.45387912
v 0.23395155 0.13607255 -0.45403427
v 0.22763410 0.13366733 -0.45314023
v 0.23407374 0.13332833 -0.45312968
v 0.23414870 0.13113593 -0.45247772
v 0.23012647 0.13135876 -0.45250618
v 0.22579339 0.13184099 -0.45262647
v 0.22438434 0.13377821 -0.45324740
v 0.22032921 0.13105746 -0.45244473
v 0.22052984 0.12687641 -0.45111576
v 0.22541824 0.12722050 -0.45119885
v 0.22234002 0.12480403 -0.45044571
v 0.23016435 0.12734045 -0.45126206
v 0.23421218 0.12749995 -0.45138061
v 0.22028035 0.13399377 -0.45344457
v 0.23592278 0.13358510 -0.45294479
v 0.21716180 0.12783432 -0.45122531
v 0.21565896 0.13057144 -0.45169950
v 0.20069565 0.16719669 -0.46028119
v 0.20494837 0.15029907 -0.45965755
v 0.22546834 0.12447881 -0.45025611
v 0.23053773 0.12344594 -0.44991985
v 0.23426068 0.12359515 -0.45004940
v 0.23224421 0.12172116 -0.44935563
v 0.21223764 0.17099862 -0.45743880
v 0.20965993 0.16828638 -0.45770243
v 0.20960511 0.17105655 -0.45687744
v 0.20695862 0.16845672 -0.45773080
v 0.20634222 0.17111152 -0.45714355
v 0.20949931 0.17411999 -0.45605600
v 0.21266048 0.17402120 -0.45691413
v 0.23464876 0.15135334 -0.45667148
v 0.20861389 0.14277452 -0.45612866
v 0.21896313 0.12536208 -0.45046476
v 0.22524148 0.17682140 -0.45534056
v 0.21992549 0.17697874 -0.45546466
v 0.23371387 0.18318339 -0.45260268
v 0.23357344 0.18072592 -0.45355991
v 0.23009187 0.18144746 -0.45339590
v 0.23001292 0.17656028 -0.45526639
v 0.21523316 0.17685360 -0.45585963
v 0.23178133 0.18320599 -0.45270604
v 0.23337732 0.17627318 -0.45522186
v 0.21268995 0.17670766 -0.45585150
v 0.23382409 0.18501572 -0.45192984
v 0.23516965 0.18312614 -0.45248154
v 0.20210142 0.15032014 -0.46082637
v 0.23606645 0.13609290 -0.45332479
v 0.23010634 0.18467961 -0.45214832
v 0.22488590 0.18301179 -0.45287061
v 0.21997850 0.18088278 -0.45383638
v 0.22930327 0.12217547 -0.44937447
v 0.22547290 0.12259506 -0.44947454
v 0.20453337 0.17107530 -0.45817566
v 0.20731245 0.14710006 -0.45825148
v 0.23429683 0.12143043 -0.44920728
v 0.20114645 0.17103022 -0.45932990
v 0.23637120 0.12763774 -0.45086002
v 0.23644812 0.12377767 -0.44962519
v 0.23442066 0.16648455 -0.45652434
v 0.23626049 0.13209194 -0.45212945
v 0.23464188 0.15504567 -0.45678395
v 0.23459160 0.15864246 -0.45680368
v 0.22515957 0.18507564 -0.45201370
v 0.22001041 0.18310617 -0.45290413
v 0.22008270 0.18508275 -0.45206168
v 0.21553576 0.18120605 -0.45404327
v 0.21460733 0.18319421 -0.45337874
v 0.20205358 0.14709145 -0.46073654
v 0.23647000 0.12164561 -0.44885570
v 0.23558447 0.18031564 -0.45291483
v 0.21595143 0.18468538 -0.45252153
v 0.21683082 0.18304749 -0.45303631
v 0.22993964 0.18858121 -0.45041913
v 0.23401469 0.18854170 -0.45037201
v 0.22514278 0.18860617 -0.45038474
v 0.21556953 0.13451137 -0.45343143
v 0.23450467 0.16230042 -0.45672467
v 0.23580384 0.14005296 -0.45445856
v 0.22053134 0.18893424 -0.45018831
v 0.20486486 0.14713539 -0.45938489
v 0.20200948 0.14323151 -0.46061367
v 0.21670732 0.18882897 -0.45039868
v 0.20695515 0.14334744 -0.45778185
v 0.20477237 0.14330849 -0.45905083
v 0.23548333 0.14369255 -0.45527801
v 0.23619896 0.18852706 -0.44977918
v 0.23583363 0.18462619 -0.45143223
v 0.21500751 0.18839720 -0.45054618
v 0.21599700 0.19036451 -0.44967520
v 0.23630711 0.19064775 -0.44878200
v 0.21030453 0.14097832 -0.45425710
v 0.20203434 0.13460594 -0.46037766
v 0.23419349 0.19274226 -0.44816199
v 0.23638582 0.19257039 -0.44789892
v 0.23650116 0.19612817 -0.44615686
v 0.23546605 0.17621341 -0.45423877
v 0.20468028 0.13890885 -0.45877966
v 0.20201731 0.13059542 -0.46027878
v 0.23519924 0.17361185 -0.45519513
v 0.20199387 0.08966099 -0.45976499
v 0.20191181 0.09969249 -0.45985040
v 0.20184287 0.10768162 -0.45993504
v 0.20186858 0.11502459 -0.46001181
v 0.20188762 0.12050045 -0.46009874
v 0.20197783 0.12685877 -0.46020418
v 0.20474380 0.05662816 -0.45768097
v 0.20464662 0.06059722 -0.45771793
v 0.20461388 0.06592222 -0.45776564
v 0.20429063 0.07456317 -0.45811349
v 0.20714009 0.06568432 -0.45598316
v 0.20716235 0.06065116 -0.45594621
v 0.20723034 0.05669437 -0.45593420
v 0.20713671 0.07553443 -0.45609966
v 0.20430739 0.08170103 -0.45813686
v 0.20441727 0.09094659 -0.45803586
v 0.20714365 0.08454217 -0.45609933
v 0.20709437 0.09485928 -0.45607829
v 0.20448013 0.09560996 -0.45798498
v 0.20438069 0.10302497 -0.45801598
v 0.20441717 0.10694479 -0.45797199
v 0.20689377 0.10844823 -0.45603183
v 0.20493576 0.11111204 -0.45755878
v 0.20682436 0.11409929 -0.45604518
v 0.20706236 0.09902455 -0.45605001
v 0.20445612 0.11486635 -0.45796993
v 0.20443481 0.11910188 -0.45804521
v 0.20444614 0.12313608 -0.45811823
v 0.20449200 0.12681632 -0.45820361
v 0.20455506 0.13053551 -0.45832288
v 0.20689437 0.13892254 -0.45730442
v 0.20684989 0.13571176 -0.45698231
v 0.20505475 0.13442631 -0.45817742
v 0.20737620 0.05252967 -0.45595151
v 0.20683375 0.13187119 -0.45660725
v 0.20677590 0.12676500 -0.45631400
v 0.20678167 0.12308348 -0.45615280
v 0.20680401 0.11899804 -0.45607236
v 0.23753165 0.19624422 -0.44530690
v 0.23717715 0.19853516 -0.44461057
v 0.23609301 0.18177140 -0.45199543
v 0.23654196 0.17851415 -0.45252022
v 0.23685843 0.17632239 -0.45286310
v 0.23551656 0.17098077 -0.45510638
v 0.23562448 0.16658339 -0.45524201
v 0.23571931 0.16230558 -0.45541683
v 0.23717788 0.17375177 -0.45324329
v 0.23717535 0.17110641 -0.45335031
v 0.23783144 0.19201903 -0.44675821
v 0.23722431 0.16665964 -0.45346597
v 0.23735516 0.16226846 -0.45360047
v 0.23743415 0.15848331 -0.45368475
v 0.23577353 0.15858743 -0.45552447
v 0.23741803 0.15495001 -0.45370197
v 0.23577528 0.15502940 -0.45554560
v 0.23731634 0.15120575 -0.45363778
v 0.23573132 0.15132068 -0.45545995
v 0.23723762 0.14715803 -0.45352247
v 0.23714350 0.14341575 -0.45335472
v 0.23913178 0.18888769 -0.44659504
v 0.24035077 0.19031391 -0.44486898
v 0.23696604 0.18856592 -0.44891062
v 0.23945995 0.18521735 -0.44743076
v 0.24072218 0.18786825 -0.44530150
v 0.23747215 0.18511246 -0.44956565
v 0.23998310 0.19270140 -0.44432044
v 0.23931985 0.19656365 -0.44333389
v 0.23770820 0.18051308 -0.45064038
v 0.24003087 0.18101585 -0.44792798
v 0.24112324 0.18524550 -0.44565806
v 0.23871975 0.20010857 -0.44236305
v 0.24165811 0.18102989 -0.44612643
v 0.24198270 0.17668156 -0.44691133
v 0.24042942 0.17786491 -0.44831404
v 0.23915860 0.17646705 -0.45023772
v 0.23933308 0.17389078 -0.45079371
v 0.24086928 0.17522791 -0.44873938
v 0.23941346 0.17117937 -0.45076522
v 0.24113980 0.17120396 -0.44876584
v 0.24104522 0.17397542 -0.44882822
v 0.24126798 0.16662696 -0.44876733
v 0.23692791 0.13991466 -0.45307311
v 0.24050786 0.19913200 -0.44090813
v 0.24011676 0.20168659 -0.44024694
v 0.23824184 0.20379490 -0.44115540
v 0.23964427 0.20408593 -0.43960181
v 0.23796721 0.20548782 -0.44051585
v 0.23911811 0.20724963 -0.43838775
v 0.24073192 0.20649847 -0.43720028
v 0.24115159 0.20438634 -0.43779919
v 0.24012741 0.20897481 -0.43636614
v 0.23876728 0.21003242 -0.43714187
v 0.23950960 0.21158427 -0.43545377
v 0.23961341 0.16221657 -0.45097426
v 0.24140349 0.16217855 -0.44887388
v 0.24146472 0.15834087 -0.44894868
v 0.23967546 0.15839173 -0.45107454
v 0.24144171 0.15478010 -0.44892201
v 0.23966157 0.15484482 -0.45105603
v 0.23957178 0.15102507 -0.45092466
v 0.24127276 0.14662381 -0.44865945
v 0.24133876 0.15089764 -0.44878981
v 0.24109267 0.14299430 -0.44860420
v 0.23937163 0.14315961 -0.45066744
v 0.24095215 0.14122984 -0.44851768
v 0.23935015 0.13994578 -0.45015416
v 0.24087739 0.19682047 -0.44147345
v 0.23675773 0.13677427 -0.45259124
v 0.24039859 0.13566314 -0.44789180
v 0.23997533 0.13144740 -0.44742319
v 0.23780975 0.13180685 -0.45013198
v 0.24160273 0.13125157 -0.44536030
v 0.24090217 0.12544027 -0.44477406
v 0.23645963 0.13469161 -0.45244753
v 0.24069537 0.13877983 -0.44823083
v 0.23976488 0.12695059 -0.44652092
v 0.23741093 0.12752327 -0.44946909
v 0.23705281 0.12385602 -0.44885385
v 0.23884758 0.12378587 -0.44671118
v 0.24092244 0.21186233 -0.43368191
v 0.24046175 0.21404254 -0.43291980
v 0.23961821 0.21465726 -0.43344733
v 0.23970568 0.21658248 -0.43212843
v 0.24276148 0.17405818 -0.44663215
v 0.24063478 0.12372907 -0.44448164
v 0.24151663 0.20071554 -0.43896079
v 0.24206801 0.13553670 -0.44573522
v 0.24218234 0.13977531 -0.44656008
v 0.23777902 0.12074562 -0.44678941
v 0.23650032 0.11985968 -0.44807771
v 0.24439038 0.17690088 -0.44371921
v 0.24409357 0.18116845 -0.44285530
v 0.24305139 0.18524356 -0.44311908
v 0.24147516 0.19284523 -0.44239819
v 0.24165650 0.20801133 -0.43509567
v 0.24279580 0.19693714 -0.43887720
v 0.24182777 0.18910058 -0.44339839
v 0.24474674 0.13937730 -0.44305637
v 0.24116248 0.21560507 -0.43104738
v 0.24070662 0.21858792 -0.42974675
v 0.24399522 0.19323316 -0.43872154
v 0.24395898 0.20113027 -0.43545491
v 0.24344024 0.20448104 -0.43463469
v 0.24442865 0.20561177 -0.43261296
v 0.24464089 0.19700387 -0.43626121
v 0.24498090 0.19473927 -0.43671334
v 0.24259925 0.21212675 -0.43123153
v 0.24396233 0.20874006 -0.43137753
v 0.21317853 0.16682446 -0.32384035
v 0.21282679 0.16683714 -0.32565475
v 0.21211542 0.16665441 -0.32439715
v 0.24575678 0.21316148 -0.26087633
v 0.24588323 0.20978737 -0.25959620
v 0.24596204 0.21106315 -0.25998020
v 0.22708333 0.18023717 -0.24180223
v 0.23447873 0.18116878 -0.24209128
v 0.23610896 0.18302344 -0.24251448
v 0.23440552 0.18487440 -0.24291916
v 0.22455238 0.18527587 -0.24296044
v 0.22448716 0.18033625 -0.24182172
v 0.22459769 0.17764634 -0.24119458
v 0.22025497 0.17622197 -0.24088313
v 0.22443636 0.17373650 -0.24032551
v 0.22010353 0.17363891 -0.24030636
v 0.23408473 0.17724331 -0.24125043
v 0.23666587 0.17702419 -0.24126349
v 0.23668274 0.18084735 -0.24209604
v 0.22944723 0.17739992 -0.24121465
v 0.22936869 0.17366606 -0.24046311
v 0.23405387 0.17354435 -0.24054272
v 0.22440779 0.16969617 -0.23945364
v 0.22017367 0.16983514 -0.23954150
v 0.23401445 0.16967054 -0.23983037
v 0.23665220 0.17337185 -0.24061303
v 0.22921111 0.18931055 -0.24400368
v 0.23416629 0.18922538 -0.24398047
v 0.22434390 0.18945688 -0.24399459
v 0.22417675 0.19357583 -0.24505240
v 0.23674928 0.18557799 -0.24321523
v 0.23679298 0.18904221 -0.24403664
v 0.23678747 0.19300798 -0.24506259
v 0.23417459 0.19333307 -0.24509405
v 0.22901702 0.19345950 -0.24513194
v 0.22105755 0.18539113 -0.24313222
v 0.22125971 0.18952149 -0.24419275
v 0.22078171 0.18137279 -0.24217495
v 0.22046399 0.17811482 -0.24138339
v 0.21821862 0.17544411 -0.24074988
v 0.21767847 0.17357437 -0.24046120
v 0.22142680 0.19362453 -0.24530534
v 0.22428478 0.19802527 -0.24626002
v 0.21676549 0.17002246 -0.24008566
v 0.22162102 0.19780040 -0.24647769
v 0.22239405 0.20014331 -0.24685787
v 0.21734108 0.18125075 -0.24290693
v 0.21698450 0.17690261 -0.24169944
v 0.21792348 0.18535042 -0.24405149
v 0.21806644 0.18949470 -0.24551170
v 0.24207334 0.25789380 -0.30803722
v 0.24282920 0.25855297 -0.31212232
v 0.24045885 0.26068303 -0.31118077
v 0.24031851 0.25964299 -0.30807313
v 0.24468298 0.25621668 -0.31074032
v 0.24104486 0.26083672 -0.31350911
v 0.22047272 0.24906112 -0.28579530
v 0.22098306 0.24921018 -0.28564510
v 0.22095089 0.25050253 -0.28773540
v 0.22097924 0.24793838 -0.28382823
v 0.22184849 0.24930890 -0.28555569
v 0.22333254 0.25030464 -0.28714585
v 0.22340703 0.25242451 -0.29078463
v 0.22090267 0.25234154 -0.29095599
v 0.22087570 0.25347629 -0.29307440
v 0.22336060 0.25357518 -0.29291868
v 0.22083949 0.25492877 -0.29590818
v 0.22334248 0.25502950 -0.29572421
v 0.22335279 0.25655314 -0.29889286
v 0.22080496 0.25648606 -0.29919687
v 0.22338034 0.25742230 -0.30082151
v 0.22071752 0.25854561 -0.30367076
v 0.22343485 0.25863039 -0.30355093
v 0.22870953 0.25352636 -0.29278353
v 0.22868542 0.25503179 -0.29570475
v 0.23405600 0.25507876 -0.29589504
v 0.23408495 0.25345698 -0.29279372
v 0.23766124 0.25513178 -0.29616827
v 0.22867918 0.25655359 -0.29885697
v 0.23402470 0.25651112 -0.29886121
v 0.23770063 0.25645077 -0.29888153
v 0.22868991 0.25741816 -0.30078977
v 0.23400541 0.25736573 -0.30078384
v 0.23777294 0.25731793 -0.30080545
v 0.22872715 0.25235191 -0.29064542
v 0.23408413 0.25225863 -0.29066518
v 0.22873594 0.25050667 -0.28751197
v 0.23406824 0.25043359 -0.28764343
v 0.23763521 0.25338274 -0.29291108
v 0.22467646 0.24931061 -0.28551859
v 0.22873561 0.24927342 -0.28551421
v 0.23405834 0.24918774 -0.28566340
v 0.23763600 0.25215378 -0.29081646
v 0.22872761 0.25860181 -0.30357888
v 0.22350843 0.26018623 -0.30726027
v 0.23790064 0.25867838 -0.30402631
v 0.23398584 0.25861311 -0.30375835
v 0.22881360 0.26011494 -0.30732161
v 0.22059047 0.26014435 -0.30738902
v 0.23640585 0.24913113 -0.28581345
v 0.23743013 0.25012571 -0.28753975
v 0.23805119 0.26009259 -0.30781746
v 0.22342868 0.26155919 -0.31091446
v 0.22045343 0.26131472 -0.31037664
v 0.22166680 0.26199952 -0.31213096
v 0.22918770 0.26147836 -0.31110984
v 0.22611143 0.26204890 -0.31245863
v 0.23402676 0.26120761 -0.31080404
v 0.23812632 0.26097232 -0.31045464
v 0.22034432 0.26186898 -0.31188756
v 0.21945597 0.26174748 -0.31185368
v 0.23380066 0.26176456 -0.31255946
v 0.23815423 0.26148427 -0.31220517
v 0.22020139 0.26250982 -0.31410173
v 0.23404682 0.24787879 -0.28377849
v 0.22874835 0.24789776 -0.28358200
v 0.23817468 0.24899250 -0.28594977
v 0.22339402 0.24823704 -0.28402033
v 0.22350906 0.26246312 -0.31387445
v 0.23737279 0.24802069 -0.28437495
v 0.23743081 0.24569808 -0.28114948
v 0.23405981 0.24585612 -0.28105643
v 0.22878125 0.24597178 -0.28103471
v 0.22359049 0.24604924 -0.28107673
v 0.22099857 0.24601996 -0.28125054
v 0.23904791 0.24887647 -0.28607917
v 0.22926193 0.26236176 -0.31411010
v 0.23402703 0.26231462 -0.31470430
v 0.23817423 0.26223087 -0.31505606
v 0.22376911 0.26347205 -0.31793839
v 0.22002532 0.26346022 -0.31789315
v 0.22906761 0.26333839 -0.31811869
v 0.23400907 0.26317444 -0.31837818
v 0.23816660 0.26304284 -0.31867048
v 0.23732513 0.24425462 -0.27930558
v 0.21892244 0.26224944 -0.31400800
v 0.22360347 0.24451071 -0.27920189
v 0.22880273 0.24442282 -0.27917743
v 0.23408625 0.24433744 -0.27921048
v 0.22878204 0.24237977 -0.27676982
v 0.23408774 0.24229783 -0.27678812
v 0.22362249 0.24246904 -0.27680039
v 0.23723073 0.24221112 -0.27688563
v 0.22104058 0.24447016 -0.27937558
v 0.24011466 0.25811371 -0.30423033
v 0.23995307 0.25700060 -0.30169272
v 0.23990276 0.25598556 -0.29960588
v 0.23408654 0.24049696 -0.27472010
v 0.22875150 0.24053121 -0.27465239
v 0.22363542 0.24060710 -0.27468279
v 0.23717803 0.24044876 -0.27488399
v 0.22110002 0.24245924 -0.27705467
v 0.23945130 0.25307712 -0.29341304
v 0.22874077 0.23867689 -0.27262303
v 0.22366051 0.23872997 -0.27262163
v 0.22115542 0.24057518 -0.27495959
v 0.23409721 0.23865169 -0.27275297
v 0.22120766 0.23862427 -0.27286720
v 0.22370522 0.23677088 -0.27059257
v 0.22875169 0.23666762 -0.27056599
v 0.23410729 0.23661286 -0.27068362
v 0.22125120 0.23670729 -0.27088168
v 0.23723924 0.23855810 -0.27295619
v 0.23730488 0.23649172 -0.27091172
v 0.22383389 0.26423711 -0.32183033
v 0.22907230 0.26409113 -0.32193965
v 0.23396513 0.26390535 -0.32213905
v 0.23813745 0.26373950 -0.32237154
v 0.21991949 0.26423812 -0.32188618
v 0.21823558 0.26304051 -0.31772354
v 0.24061593 0.26177460 -0.31536764
v 0.24074361 0.26255733 -0.31897309
v 0.23811905 0.26437598 -0.32644114
v 0.22904395 0.26473901 -0.32610136
v 0.23393708 0.26455393 -0.32625577
v 0.22383395 0.26485509 -0.32608840
v 0.21966176 0.26481935 -0.32671279
v 0.23977372 0.24954660 -0.28829324
v 0.23397511 0.26511535 -0.33062071
v 0.23791908 0.26499450 -0.33104604
v 0.23898165 0.26517934 -0.33273727
v 0.23541889 0.26534417 -0.33297870
v 0.22946063 0.26530045 -0.33075267
v 0.23152716 0.26545069 -0.33278397
v 0.22378275 0.26527616 -0.32976216
v 0.23784775 0.26557535 -0.33480242
v 0.24005942 0.26502895 -0.33278543
v 0.24056606 0.26449278 -0.33118740
v 0.23402430 0.26572016 -0.33514386
v 0.22947179 0.26577196 -0.33450326
v 0.23796061 0.26626140 -0.33955330
v 0.24083214 0.26322243 -0.32264319
v 0.24080086 0.26385000 -0.32665107
v 0.22795548 0.26555726 -0.33238986
v 0.23407325 0.26629743 -0.33947822
v 0.23790021 0.26687670 -0.34340078
v 0.23411277 0.26690528 -0.34337413
v 0.22913411 0.26697120 -0.34323964
v 0.22909980 0.26640716 -0.33939916
v 0.22366315 0.26644906 -0.33936313
v 0.22364044 0.26695481 -0.34304899
v 0.22369756 0.26590824 -0.33493075
v 0.22374001 0.26553625 -0.33198649
v 0.22037494 0.26512408 -0.32928121
v 0.21963970 0.26527762 -0.33084357
v 0.21988776 0.26682657 -0.34287095
v 0.21985120 0.26637986 -0.33937845
v 0.21985170 0.26585993 -0.33509877
v 0.21852812 0.26490656 -0.32870194
v 0.21781459 0.26370209 -0.32171568
v 0.23784770 0.26704663 -0.34573102
v 0.22914639 0.26706988 -0.34552738
v 0.21823445 0.26502019 -0.33096850
v 0.24022023 0.26566669 -0.33957842
v 0.24010338 0.26627687 -0.34336579
v 0.24033368 0.26510009 -0.33529568
v 0.21761778 0.26416674 -0.32634872
v 0.23999107 0.25399548 -0.29603529
v 0.23912874 0.24533516 -0.28163317
v 0.21788308 0.26529479 -0.33516383
v 0.24003346 0.26640451 -0.34572938
v 0.23999278 0.25172469 -0.29213205
v 0.21757872 0.26548597 -0.33921048
v 0.21846460 0.26036587 -0.31048930
v 0.23980789 0.24677360 -0.28446215
v 0.23406373 0.23484026 -0.26905078
v 0.22377414 0.23498793 -0.26895472
v 0.22876830 0.23488562 -0.26892808
v 0.23731725 0.23471814 -0.26933032
v 0.22125584 0.23489617 -0.26922795
v 0.23401685 0.23273826 -0.26724032
v 0.22383560 0.23269805 -0.26701772
v 0.22878948 0.23281817 -0.26717260
v 0.23726137 0.23254760 -0.26745561
v 0.23708059 0.23037696 -0.26561055
v 0.23403291 0.23053288 -0.26543680
v 0.23689391 0.22818293 -0.26380062
v 0.22882751 0.23063026 -0.26539433
v 0.22387473 0.22847480 -0.26355189
v 0.22880995 0.22634995 -0.26201209
v 0.23406574 0.22627729 -0.26207364
v 0.23405796 0.22827005 -0.26363039
v 0.22387780 0.22647256 -0.26196572
v 0.23679417 0.22618510 -0.26224047
v 0.22125392 0.23254333 -0.26725096
v 0.22132668 0.22831048 -0.26380447
v 0.22136018 0.22633587 -0.26224941
v 0.22383718 0.22339329 -0.25967774
v 0.23365964 0.22319534 -0.25978553
v 0.22877337 0.22170624 -0.25855240
v 0.22141013 0.22330977 -0.25997064
v 0.22267754 0.22180168 -0.25846651
v 0.22191745 0.22176431 -0.25852525
v 0.23194368 0.22169928 -0.25860569
v 0.22495502 0.22170438 -0.25847736
v 0.23675631 0.22347933 -0.26029086
v 0.23482971 0.22166289 -0.25875083
v 0.22380291 0.22017203 -0.25735623
v 0.22867988 0.21978927 -0.25724071
v 0.23364206 0.22011785 -0.25761566
v 0.22377114 0.21710904 -0.25525129
v 0.22862943 0.21696804 -0.25534743
v 0.23402421 0.21694514 -0.25548983
v 0.23679866 0.21944417 -0.25749499
v 0.23681858 0.21682654 -0.25572380
v 0.23944414 0.24166591 -0.27795288
v 0.22141244 0.22003120 -0.25759128
v 0.22139128 0.21698301 -0.25550807
v 0.22014804 0.24578294 -0.28168216
v 0.23401383 0.21491455 -0.25418317
v 0.22857976 0.21492495 -0.25405276
v 0.22374070 0.21505065 -0.25394922
v 0.22141327 0.21492971 -0.25422278
v 0.23680761 0.21482520 -0.25441569
v 0.23967728 0.24366422 -0.28049159
v 0.22847332 0.21194416 -0.25223643
v 0.22367486 0.21204498 -0.25213692
v 0.23399188 0.21190421 -0.25232607
v 0.22838615 0.20970643 -0.25088409
v 0.22361878 0.20982482 -0.25082788
v 0.22361580 0.20773827 -0.24956274
v 0.22838230 0.20770784 -0.24966222
v 0.23401846 0.20759867 -0.24968150
v 0.23397924 0.20966564 -0.25096723
v 0.23675624 0.21180435 -0.25250870
v 0.23670395 0.20960133 -0.25114948
v 0.23671725 0.20744863 -0.24977982
v 0.22187684 0.20975792 -0.25096440
v 0.22137831 0.21140634 -0.25220942
v 0.21835075 0.25856850 -0.30740872
v 0.22034928 0.25327426 -0.29341087
v 0.22023058 0.25705263 -0.30123872
v 0.21780820 0.26593789 -0.34268045
v 0.21962088 0.25772738 -0.30367666
v 0.22096062 0.22142825 -0.25886926
v 0.21765870 0.26122740 -0.31361595
v 0.22842607 0.20508823 -0.24839076
v 0.23405665 0.20496410 -0.24840499
v 0.22368585 0.20519723 -0.24832158
v 0.22142340 0.20800777 -0.25017563
v 0.22153038 0.20519465 -0.24868676
v 0.21967970 0.24719882 -0.28427374
v 0.21999808 0.24979660 -0.28778714
v 0.23674972 0.20478919 -0.24854289
v 0.23740804 0.20942296 -0.25138628
v 0.22009635 0.24213251 -0.27766895
v 0.21658847 0.25863233 -0.30979553
v 0.21671976 0.25775260 -0.30835024
v 0.22004580 0.23440148 -0.26977646
v 0.22017975 0.23035401 -0.26630324
v 0.22008073 0.23812856 -0.27344379
v 0.21718693 0.25680679 -0.30608752
v 0.22047026 0.22599754 -0.26265824
v 0.21717075 0.26208135 -0.31742269
v 0.21931954 0.24361427 -0.28033075
v 0.21926340 0.23193039 -0.26854265
v 0.21729279 0.26441088 -0.33080927
v 0.21917923 0.23575157 -0.27208722
v 0.21979144 0.22385354 -0.26173970
v 0.22082835 0.20933840 -0.25138277
v 0.21687911 0.26283923 -0.32143444
v 0.21675047 0.26327872 -0.32396710
v 0.21981010 0.25401840 -0.29590148
v 0.21920504 0.25529540 -0.29970992
v 0.21955635 0.22771779 -0.26492456
v 0.21933024 0.25132245 -0.29174620
v 0.22001627 0.21907867 -0.25800291
v 0.21765797 0.25547367 -0.30295467
v 0.21651576 0.25476095 -0.30356771
v 0.21682128 0.25367111 -0.30118710
v 0.21717204 0.25297451 -0.29904076
v 0.21772872 0.25154787 -0.29521760
v 0.21995832 0.20716333 -0.25065306
v 0.21878798 0.23939526 -0.27645940
v 0.21661772 0.26362613 -0.32713678
v 0.22032769 0.21444550 -0.25469929
v 0.21652900 0.25077203 -0.29589701
v 0.21683522 0.24962743 -0.29351243
v 0.21692443 0.26458871 -0.33505189
v 0.21640007 0.25624871 -0.30648628
v 0.21798891 0.24755183 -0.28747723
v 0.21725829 0.24876311 -0.29103199
v 0.21702835 0.24569833 -0.28606135
v 0.21666940 0.24674326 -0.28836489
v 0.22413412 0.20175141 -0.24734426
v 0.22860588 0.20190021 -0.24751368
v 0.23384376 0.20146959 -0.24746320
v 0.23233917 0.19953109 -0.24690922
v 0.22886050 0.19749117 -0.24626124
v 0.22530416 0.19963303 -0.24678755
v 0.23389468 0.19780710 -0.24639010
v 0.23506939 0.19970751 -0.24695764
v 0.23670679 0.19973174 -0.24710444
v 0.23673546 0.19706126 -0.24624203
v 0.23673709 0.20206693 -0.24785471
v 0.22347787 0.20009053 -0.24678604
v 0.22162674 0.20181088 -0.24769065
v 0.22239405 0.20014331 -0.24685787
v 0.22428478 0.19802527 -0.24626002
v 0.23678747 0.19300798 -0.24506259
v 0.23417459 0.19333307 -0.24509405
v 0.22901702 0.19345950 -0.24513194
v 0.22417675 0.19357583 -0.24505240
v 0.22921111 0.18931055 -0.24400368
v 0.20872837 0.08409481 -0.41597414
v 0.21016316 0.08759822 -0.41362113
v 0.21239766 0.08555277 -0.41478893
v 0.20854944 0.08287202 -0.41733450
v 0.21074015 0.17615812 -0.37398291
v 0.21255940 0.17682765 -0.37397444
v 0.21216942 0.17476848 -0.37528840
v 0.20774883 0.17777035 -0.40144539
v 0.20859879 0.17362693 -0.40136501
v 0.20750895 0.17777048 -0.40524858
v 0.20507379 0.18105158 -0.40530521
v 0.20516337 0.18112761 -0.40148014
v 0.20315745 0.18275712 -0.40148425
v 0.20314819 0.18266086 -0.40532610
v 0.20496435 0.18093836 -0.40910819
v 0.20310347 0.18252917 -0.40914854
v 0.20483513 0.18080534 -0.41302922
v 0.20301455 0.18238556 -0.41307753
v 0.20811769 0.17358439 -0.40887451
v 0.21350119 0.17301565 -0.40517169
v 0.21353021 0.17300200 -0.40888536
v 0.21351215 0.17299296 -0.41276684
v 0.21342862 0.17303079 -0.40139464
v 0.20875898 0.17337802 -0.39774105
v 0.21330838 0.17304158 -0.39750436
v 0.20909061 0.17382988 -0.39355069
v 0.20890300 0.17590430 -0.39683783
v 0.20904930 0.17603187 -0.39368522
v 0.20794722 0.17798421 -0.39371353
v 0.20798364 0.17811079 -0.38986608
v 0.20310390 0.18281953 -0.39759380
v 0.20520580 0.18115443 -0.39759573
v 0.20296964 0.18286438 -0.39371908
v 0.21314931 0.17307299 -0.39364222
v 0.20925473 0.17324856 -0.39003217
v 0.20469351 0.18064745 -0.41699606
v 0.20696750 0.17774723 -0.41292769
v 0.20787385 0.17357992 -0.41276038
v 0.21343088 0.17299643 -0.41668224
v 0.20767841 0.17357071 -0.41668600
v 0.21327594 0.17302288 -0.42059857
v 0.20754012 0.17357627 -0.42059702
v 0.21303137 0.17306679 -0.42453220
v 0.20744324 0.17364499 -0.42454007
v 0.21265073 0.17315711 -0.42847145
v 0.20739774 0.17380160 -0.42856869
v 0.21206419 0.17338178 -0.43252566
v 0.20671374 0.17771080 -0.41688120
v 0.20724270 0.17775917 -0.40902218
v 0.20738585 0.17410041 -0.43269518
v 0.20594195 0.17791852 -0.43300092
v 0.20610584 0.17774002 -0.42884293
v 0.20426452 0.18019494 -0.43315306
v 0.20435207 0.18022181 -0.42899540
v 0.20242244 0.18187842 -0.42906013
v 0.20224921 0.18185148 -0.43321940
v 0.20201145 0.18193881 -0.43732533
v 0.19985916 0.18355148 -0.43735224
v 0.20258385 0.18196434 -0.42499140
v 0.20039672 0.18366638 -0.42783120
v 0.20007893 0.18362111 -0.43326712
v 0.20807491 0.17743179 -0.39792198
v 0.21296614 0.17312592 -0.38978750
v 0.20988119 0.17360249 -0.38575566
v 0.21274519 0.17317516 -0.38582656
v 0.21081783 0.17344806 -0.38178718
v 0.21247528 0.17319433 -0.38181421
v 0.21174930 0.17341107 -0.37811518
v 0.21221258 0.17333868 -0.37811393
v 0.21126992 0.17398879 -0.43647954
v 0.20420197 0.18029125 -0.43728563
v 0.20586589 0.17817342 -0.43717507
v 0.20629080 0.17765829 -0.42479143
v 0.20167449 0.18206383 -0.44131398
v 0.20519996 0.18114002 -0.39373210
v 0.20250803 0.18237752 -0.41973552
v 0.19624366 0.18800931 -0.41820714
v 0.19342414 0.19004342 -0.42251259
v 0.19145171 0.19158453 -0.42114285
v 0.19600725 0.18772902 -0.42595145
v 0.19337368 0.18964091 -0.42922375
v 0.19129726 0.19145694 -0.42514873
v 0.19580272 0.18739517 -0.43336180
v 0.19340195 0.18931361 -0.43340778
v 0.19090873 0.19115649 -0.43345684
v 0.19338454 0.18899688 -0.43742043
v 0.19562180 0.18719168 -0.43740302
v 0.19085848 0.19091748 -0.43743867
v 0.18852888 0.19212815 -0.43743446
v 0.19363070 0.18817101 -0.44087592
v 0.19052780 0.19036543 -0.44097179
v 0.19262233 0.18765827 -0.44494656
v 0.19521824 0.18665159 -0.44202271
v 0.19468826 0.18618304 -0.44511047
v 0.18884096 0.19246973 -0.42929545
v 0.19754142 0.18424261 -0.44521949
v 0.19197592 0.18707542 -0.44774690
v 0.18913335 0.19266322 -0.42195550
v 0.18896526 0.18963410 -0.44496745
v 0.18819703 0.19159357 -0.44078535
v 0.19112319 0.19132465 -0.42927286
v 0.19829476 0.18591018 -0.42216781
v 0.19645044 0.18377568 -0.44917220
v 0.19893032 0.18310721 -0.44659853
v 0.19824336 0.18292204 -0.44919181
v 0.20101267 0.18186739 -0.44919750
v 0.20078111 0.18114349 -0.45266965
v 0.20440830 0.17968918 -0.45242858
v 0.20485522 0.18025652 -0.44935250
v 0.20983368 0.18070880 -0.45238540
v 0.19727260 0.18240841 -0.45270407
v 0.20085579 0.18229079 -0.44527274
v 0.20839612 0.18121165 -0.44933870
v 0.20635529 0.17957903 -0.44814873
v 0.20431514 0.18048844 -0.44526553
v 0.20307632 0.17894347 -0.45444632
v 0.19544284 0.18302132 -0.45275065
v 0.19697379 0.18552352 -0.44098768
v 0.20953472 0.17626977 -0.38590899
v 0.20280994 0.18290730 -0.38983494
v 0.20071505 0.18440387 -0.38548481
v 0.20982002 0.17630616 -0.38192645
v 0.20101309 0.18439023 -0.40528807
v 0.20926002 0.17616279 -0.38984177
v 0.20253080 0.18313751 -0.37792775
v 0.20522618 0.18109217 -0.38194907
v 0.20235758 0.18335901 -0.37359589
v 0.20249195 0.18343110 -0.36589777
v 0.20287806 0.18353704 -0.35390982
v 0.20592746 0.18124320 -0.35794127
v 0.20655778 0.18089399 -0.35433406
v 0.20147204 0.18504961 -0.34599477
v 0.20329599 0.18384412 -0.34763199
v 0.20409203 0.18403430 -0.34478861
v 0.20586400 0.18257909 -0.34602395
v 0.20710990 0.18272099 -0.34133804
v 0.20599017 0.18164936 -0.34994131
v 0.21034379 0.18178564 -0.34598988
v 0.20909123 0.18247902 -0.34137800
v 0.21022621 0.18154213 -0.33675903
v 0.20603642 0.18231681 -0.33699182
v 0.20431368 0.18389924 -0.33868015
v 0.20280321 0.18352917 -0.33575937
v 0.20613575 0.18036057 -0.33330169
v 0.20159562 0.18315300 -0.33329514
v 0.20456588 0.18002197 -0.33019584
v 0.20873082 0.17911835 -0.35800597
v 0.20460758 0.18405370 -0.34141389
v 0.20542449 0.18133172 -0.36999235
v 0.20556048 0.18136482 -0.36595270
v 0.20832622 0.17881745 -0.36602661
v 0.20855169 0.17894791 -0.36197630
v 0.21035910 0.18022865 -0.35009524
v 0.20760013 0.17772591 -0.33258352
v 0.20602927 0.17793673 -0.33006078
v 0.20256062 0.18344578 -0.36185777
v 0.21053311 0.17931347 -0.33415955
v 0.21049124 0.17737037 -0.36598089
v 0.21048340 0.17684992 -0.36997703
v 0.21048124 0.17794448 -0.36198407
v 0.21016973 0.17873611 -0.35793558
v 0.21241099 0.17801584 -0.36599049
v 0.21251890 0.17763488 -0.36997229
v 0.20808256 0.17855534 -0.37396869
v 0.20880881 0.17919287 -0.35590574
v 0.20551246 0.17773922 -0.32695749
v 0.20408285 0.17965050 -0.32704076
v 0.21255940 0.17682765 -0.37397444
v 0.20186120 0.18191713 -0.33036470
v 0.20501161 0.17789592 -0.32329792
v 0.20384872 0.17951946 -0.32473001
v 0.20362251 0.17942102 -0.32207915
v 0.20521855 0.17735639 -0.31919336
v 0.20345595 0.17940247 -0.31922829
v 0.20330727 0.17943865 -0.31520468
v 0.20520064 0.17730503 -0.31516761
v 0.20521042 0.17732058 -0.31116682
v 0.20321046 0.17952943 -0.31122774
v 0.20522685 0.17735983 -0.30720645
v 0.20311053 0.17964432 -0.30729368
v 0.20522255 0.17739022 -0.30329514
v 0.20298022 0.17973718 -0.30338392
v 0.20131241 0.18098684 -0.31521517
v 0.20521995 0.17742380 -0.29941490
v 0.20287475 0.17981446 -0.29949188
v 0.21227506 0.17828396 -0.36200640
v 0.20312268 0.18372189 -0.34982643
v 0.20204735 0.18073553 -0.32332626
v 0.20521061 0.18107726 -0.38593003
v 0.20524986 0.18115845 -0.37795737
v 0.20805512 0.17841484 -0.37788302
v 0.20144232 0.18096147 -0.31922826
v 0.21201314 0.17479326 -0.37529129
v 0.21216942 0.17476848 -0.37528840
v 0.19930612 0.18328378 -0.44395158
v 0.20574830 0.18131457 -0.36192176
v 0.20522767 0.17744726 -0.29554942
v 0.20281325 0.17986631 -0.29560849
v 0.20523854 0.17747387 -0.29156864
v 0.20272793 0.17995802 -0.28756389
v 0.20526482 0.17752165 -0.28751451
v 0.20280376 0.17999698 -0.28313109
v 0.20530464 0.17760432 -0.28359273
v 0.20534325 0.17771462 -0.27977526
v 0.20302109 0.18005398 -0.27570406
v 0.20539272 0.17785490 -0.27582166
v 0.20733993 0.17518669 -0.27596778
v 0.20310768 0.18009758 -0.27161977
v 0.20544532 0.17799439 -0.27173850
v 0.20317684 0.18011943 -0.26756972
v 0.20547521 0.17809197 -0.26765981
v 0.20323056 0.18012093 -0.26347116
v 0.20111418 0.18156350 -0.26747546
v 0.20548911 0.17815559 -0.26352599
v 0.20329738 0.18011141 -0.25730702
v 0.20113894 0.18161361 -0.26343033
v 0.21082355 0.17365851 -0.22926350
v 0.21367410 0.17076106 -0.22924514
v 0.21218517 0.17218199 -0.23452814
v 0.21373495 0.17043807 -0.23751314
v 0.21194233 0.17233415 -0.23760422
v 0.20811757 0.17636943 -0.23906563
v 0.20986685 0.17447750 -0.24023347
v 0.21195693 0.17226979 -0.24007392
v 0.21181446 0.17253414 -0.24262044
v 0.20992206 0.17441009 -0.24288490
v 0.20813709 0.17624572 -0.24034791
v 0.21418616 0.17015266 -0.23987940
v 0.20196426 0.18085505 -0.24012145
v 0.20142789 0.18128423 -0.24353528
v 0.20378616 0.17964725 -0.24106324
v 0.20373838 0.17970015 -0.24335943
v 0.20589221 0.17801079 -0.24322961
v 0.20366578 0.17984761 -0.24679193
v 0.20137683 0.18145634 -0.24700250
v 0.20351441 0.17999765 -0.25092602
v 0.20103084 0.18146694 -0.23639433
v 0.20585039 0.17810020 -0.24664497
v 0.20384452 0.17963421 -0.23889238
v 0.20974995 0.17451502 -0.24640484
v 0.21141444 0.17269927 -0.24629362
v 0.20941196 0.17455138 -0.25055477
v 0.20788860 0.17620781 -0.25061521
v 0.20771697 0.17612952 -0.25507662
v 0.20916282 0.17446654 -0.25508904
v 0.20761457 0.17602231 -0.25945482
v 0.20896365 0.17434792 -0.25956905
v 0.20874989 0.17418842 -0.26382625
v 0.21073754 0.17371404 -0.23322175
v 0.20405319 0.17972355 -0.23302992
v 0.20604247 0.17826830 -0.22943190
v 0.20607904 0.17816195 -0.23330578
v 0.20572044 0.17818724 -0.25075740
v 0.20784739 0.17668281 -0.23279700
v 0.20392267 0.17966422 -0.23678289
v 0.21336567 0.17167041 -0.24222708
v 0.20551120 0.17820118 -0.25939596
v 0.20747678 0.17569526 -0.26783481
v 0.19550115 0.18704595 -0.43952346
v 0.20811197 0.17613645 -0.24309789
v 0.18926473 0.18793952 -0.44888675
v 0.18651322 0.19024506 -0.44640699
v 0.18510166 0.18973066 -0.44871879
v 0.18789409 0.18724033 -0.45200062
v 0.18519454 0.18792477 -0.45290020
v 0.18671753 0.18673278 -0.45432195
v 0.18919821 0.18611248 -0.45300379
v 0.19094330 0.18644410 -0.45044476
v 0.19324115 0.18415248 -0.45273522
v 0.20804805 0.17618929 -0.24651222
v 0.21074015 0.17615812 -0.37398291
v 0.19766641 0.18577397 -0.43287513
v 0.20121907 0.18105228 -0.31125692
v 0.20531838 0.18124773 -0.37397435
v 0.20554024 0.17831297 -0.24012865
v 0.20418718 0.18042634 -0.44131565
v 0.19340764 0.18558046 -0.44914308
v 0.20742173 0.17546137 -0.27190107
v 0.20741294 0.17455207 -0.43690652
v 0.19956811 0.18342821 -0.44130588
v 0.21213843 0.17852926 -0.35923111
v 0.21103379 0.17897192 -0.35655978
v 0.18476519 0.19371249 -0.43735608
v 0.18465249 0.19312333 -0.44051638
v 0.19497064 0.18264048 -0.45435581
v 0.21196893 0.17261611 -0.24624246
v 0.21183397 0.17223494 -0.25044903
v 0.21096496 0.17229985 -0.25052056
v 0.21082652 0.17131808 -0.25526857
v 0.21195598 0.16652845 -0.26460388
v 0.21137896 0.16390023 -0.26629886
v 0.21148056 0.16390502 -0.26630017
v 0.20802361 0.17823246 -0.38593513
v 0.20557329 0.17821513 -0.25514707
v 0.18739304 0.19086729 -0.44359827
v 0.20647064 0.17770176 -0.23739934
v 0.21001649 0.17327452 -0.43768603
v 0.20873460 0.17498031 -0.44053555
v 0.20740297 0.17510946 -0.44074953
v 0.20719904 0.17661583 -0.44334805
v 0.20705540 0.17664061 -0.44334763
v 0.21011131 0.17934062 -0.35442075
v 0.20179738 0.18131891 -0.32707617
v 0.20801421 0.17649974 -0.23663126
v 0.20649245 0.17765734 -0.42082646
v 0.20098434 0.18553503 -0.34159935
v 0.20519452 0.18110719 -0.38986611
v 0.20444915 0.18032488 -0.42493275
v 0.20456141 0.18047291 -0.42095581
v 0.20594390 0.17835744 -0.44126704
v 0.20621988 0.17857903 -0.44492692
v 0.20735325 0.17853415 -0.44492874
v 0.19754252 0.18552624 -0.43737945
v 0.21012731 0.17627929 -0.37790999
v 0.20696750 0.17774723 -0.41292769
v 0.20787385 0.17357992 -0.41276038
v 0.20671374 0.17771080 -0.41688120
v 0.20724270 0.17775917 -0.40902218
v 0.20794722 0.17798421 -0.39371353
v 0.20807491 0.17743179 -0.39792198
v 0.20520580 0.18115443 -0.39759573
v 0.20519996 0.18114002 -0.39373210
v 0.20953472 0.17626977 -0.38590899
v 0.20926002 0.17616279 -0.38984177
v 0.20798364 0.17811079 -0.38986608
v 0.20802361 0.17823246 -0.38593513
v 0.20519452 0.18110719 -0.38986611
v 0.20805512 0.17841484 -0.37788302
v 0.20982002 0.17630616 -0.38192645
v 0.20802361 0.17823246 -0.38593513
v 0.21012731 0.17627929 -0.37790999
v 0.20808256 0.17855534 -0.37396869
v 0.20524986 0.18115845 -0.37795737
v 0.20531838 0.18124773 -0.37397435
v 0.21074015 0.17615812 -0.37398291
v 0.21201314 0.17479326 -0.37529129
v 0.21012731 0.17627929 -0.37790999
v 0.19829476 0.18591018 -0.42216781
v 0.20051643 0.18421671 -0.41778058
v 0.20039672 0.18366638 -0.42783120
v 0.19766641 0.18577397 -0.43287513
v 0.19562180 0.18719168 -0.43740302
v 0.19754252 0.18552624 -0.43737945
v 0.19697379 0.18552352 -0.44098768
v 0.19985916 0.18355148 -0.43735224
v 0.19956811 0.18342821 -0.44130588
v 0.19550115 0.18704595 -0.43952346
v 0.20873082 0.17911835 -0.35800597
v 0.20855169 0.17894791 -0.36197630
v 0.20574830 0.18131457 -0.36192176
v 0.21016973 0.17873611 -0.35793558
v 0.20880881 0.17919287 -0.35590574
v 0.21103379 0.17897192 -0.35655978
v 0.21011131 0.17934062 -0.35442075
v 0.20167449 0.18206383 -0.44131398
v 0.20418718 0.18042634 -0.44131565
v 0.20085579 0.18229079 -0.44527274
v 0.19956811 0.18342821 -0.44130588
v 0.20312268 0.18372189 -0.34982643
v 0.20599017 0.18164936 -0.34994131
v 0.20655778 0.18089399 -0.35433406
v 0.21011131 0.17934062 -0.35442075
v 0.20128623 0.18158643 -0.25107983
v 0.20329738 0.18011141 -0.25730702
v 0.20351441 0.17999765 -0.25092602
v 0.20557329 0.17821513 -0.25514707
v 0.20589221 0.17801079 -0.24322961
v 0.20811197 0.17613645 -0.24309789
v 0.20804805 0.17618929 -0.24651222
v 0.20813709 0.17624572 -0.24034791
v 0.20554024 0.17831297 -0.24012865
v 0.20585039 0.17810020 -0.24664497
v 0.20804805 0.17618929 -0.24651222
v 0.20788860 0.17620781 -0.25061521
v 0.20572044 0.17818724 -0.25075740
v 0.20551120 0.17820118 -0.25939596
v 0.20761457 0.17602231 -0.25945482
v 0.20548911 0.17815559 -0.26352599
v 0.20747678 0.17569526 -0.26783481
v 0.18913335 0.19266322 -0.42195550
v 0.19129726 0.19145694 -0.42514873
v 0.18884096 0.19246973 -0.42929545
v 0.19112319 0.19132465 -0.42927286
v 0.20431514 0.18048844 -0.44526553
v 0.20621988 0.17857903 -0.44492692
v 0.20610543 0.17958532 -0.44814897
v 0.20485522 0.18025652 -0.44935250
v 0.20635529 0.17957903 -0.44814873
v 0.20735325 0.17853415 -0.44492874
v 0.19340764 0.18558046 -0.44914308
v 0.19544284 0.18302132 -0.45275065
v 0.19324115 0.18415248 -0.45273522
v 0.19497064 0.18264048 -0.45435581
v 0.21137896 0.16390023 -0.26629886
v 0.21148056 0.16390502 -0.26630017
v 0.21124692 0.16318417 -0.26856998
v 0.21164037 0.16320689 -0.26857337
v 0.21184009 0.16236030 -0.27238873
v 0.21105614 0.16231848 -0.27239183
v 0.21095645 0.16193403 -0.27625820
v 0.21194798 0.16197208 -0.27625260
v 0.21204230 0.16178913 -0.27994961
v 0.21093175 0.16175997 -0.27995184
v 0.21098869 0.16172858 -0.28364584
v 0.21214184 0.16175666 -0.28364277
v 0.21104014 0.16175909 -0.28753892
v 0.21221541 0.16179925 -0.28891987
v 0.21104319 0.16181748 -0.29154354
v 0.21223523 0.16193272 -0.29557192
v 0.21100180 0.16191809 -0.29555219
v 0.21084972 0.16191447 -0.29950652
v 0.21227692 0.16192566 -0.29954556
v 0.21235536 0.16173419 -0.30348232
v 0.17085201 0.19639948 -0.43353215
v 0.17388928 0.19635229 -0.42944309
v 0.17380369 0.19617219 -0.43354082
v 0.17719264 0.19588877 -0.42942601
v 0.17722324 0.19602796 -0.42528543
v 0.17398573 0.19644152 -0.42531720
v 0.17737770 0.19610882 -0.42125216
v 0.18006024 0.19565885 -0.42193779
v 0.17073952 0.19631195 -0.43730190
v 0.17720458 0.19564539 -0.43354174
v 0.17979191 0.19519372 -0.43353826
v 0.18017870 0.19491716 -0.43727377
v 0.18203312 0.19451822 -0.43731290
v 0.18166085 0.19480480 -0.43352684
v 0.18476519 0.19371249 -0.43735608
v 0.18489125 0.19386670 -0.43350288
v 0.18186779 0.19398312 -0.44030550
v 0.18465249 0.19312333 -0.44051638
v 0.18852888 0.19212815 -0.43743446
v 0.18485641 0.19412477 -0.42933854
v 0.17996906 0.19441201 -0.44019496
v 0.18504365 0.19143057 -0.44452947
v 0.18055923 0.19304477 -0.44340789
v 0.18401825 0.19071549 -0.44729707
v 0.18651322 0.19024506 -0.44640699
v 0.18510166 0.18973066 -0.44871879
v 0.18185544 0.19008507 -0.45020601
v 0.18063450 0.19104744 -0.44859487
v 0.18739304 0.19086729 -0.44359827
v 0.18057156 0.18952812 -0.45238367
v 0.18017524 0.19537410 -0.42940494
v 0.18519454 0.18792477 -0.45290020
v 0.18422326 0.18741889 -0.45467085
v 0.17691165 0.18987398 -0.45355329
v 0.17090920 0.19660731 -0.42521021
v 0.18884096 0.19246973 -0.42929545
v 0.18913335 0.19266322 -0.42195550
v 0.18486506 0.19428289 -0.42519110
v 0.18490484 0.19440389 -0.42117420
v 0.17078270 0.19290434 -0.44805092
v 0.17384790 0.19080432 -0.45264921
v 0.17365380 0.19266549 -0.44819298
v 0.17076029 0.19391616 -0.44543341
v 0.17353389 0.19373611 -0.44535652
v 0.17679712 0.19198352 -0.44833204
v 0.17349181 0.19456843 -0.44308436
v 0.17681375 0.19424935 -0.44216847
v 0.17348222 0.19566953 -0.44011033
v 0.17068206 0.19593847 -0.44014814
v 0.17692058 0.19504181 -0.44012350
v 0.17361854 0.19607078 -0.43725151
v 0.18202125 0.19498780 -0.42938149
v 0.18172583 0.19541720 -0.41844246
v 0.18819703 0.19159357 -0.44078535
v 0.17680725 0.19341950 -0.44449949
v 0.18206386 0.19513263 -0.42523047
v 0.17908216 0.19038880 -0.45104951
v 0.17709810 0.19550610 -0.43723243
v 0.17903432 0.19403487 -0.44149813
v 0.18172583 0.19541720 -0.41844246
v 0.18006024 0.19565885 -0.42193779
v 0.18206386 0.19513263 -0.42523047
v 0.17709810 0.19550610 -0.43723243
v 0.17996906 0.19441201 -0.44019496
v 0.17692058 0.19504181 -0.44012350
v 0.17903432 0.19403487 -0.44149813
v 0.17680725 0.19341950 -0.44449949
v 0.18063450 0.19104744 -0.44859487
v 0.17679712 0.19198352 -0.44833204
v 0.17908216 0.19038880 -0.45104951
v 0.17691165 0.18987398 -0.45355329
v 0.17365380 0.19266549 -0.44819298
v 0.17384790 0.19080432 -0.45264921
vt 0.41622806 0.52280861
vt 0.41885966 0.52280855
vt 0.41748077 0.52101970
vt 0.95293313 0.44903272
vt 0.95234996 0.45181608
vt 0.95445311 0.44985998
vt 0.95202959 0.44724703
vt 0.95067483 0.45094621
vt 0.95009458 0.45429844
vt 0.95126462 0.45488983
vt 0.95328325 0.45468986
vt 0.95218593 0.46478713
vt 0.94933164 0.45523232
vt 0.94978005 0.46045327
vt 0.95043325 0.46677780
vt 0.94817078 0.46479440
vt 0.94848204 0.46778738
vt 0.95088780 0.47216582
vt 0.95234865 0.46737528
vt 0.95289534 0.47358817
vt 0.95066541 0.47497767
vt 0.94806689 0.47425532
vt 0.94773763 0.47105098
vt 0.94483656 0.47353607
vt 0.94605619 0.47645974
vt 0.94289273 0.47381979
vt 0.94204104 0.47649896
vt 0.94318032 0.47994375
vt 0.94617265 0.47850347
vt 0.94941890 0.47966051
vt 0.94625545 0.48054457
vt 0.94739681 0.48247361
vt 0.94861132 0.48439157
vt 0.94524324 0.48275113
vt 0.94528401 0.48479778
vt 0.94752026 0.48658311
vt 0.94534379 0.48683345
vt 0.94319445 0.48505741
vt 0.94329661 0.48706174
vt 0.94115943 0.48528957
vt 0.94107205 0.48328674
vt 0.94316494 0.48302865
vt 0.94106400 0.48022991
vt 0.93882865 0.48151082
vt 0.93725401 0.48374981
vt 0.93918008 0.48547119
vt 0.93876386 0.47948682
vt 0.93872190 0.47590137
vt 0.94056988 0.47055042
vt 0.93843788 0.47032952
vt 0.93923020 0.46712530
vt 0.94227189 0.46663630
vt 0.94256461 0.46971285
vt 0.94453788 0.46938509
vt 0.94532216 0.46668005
vt 0.94186306 0.46303630
vt 0.94385988 0.46274233
vt 0.94572645 0.46093673
vt 0.94756395 0.45913571
vt 0.94787103 0.45488173
vt 0.94460267 0.45524907
vt 0.94691366 0.45223641
vt 0.94877964 0.45126301
vt 0.94714195 0.44909561
vt 0.94534045 0.44996774
vt 0.94027305 0.45255738
vt 0.94045538 0.45453286
vt 0.93620318 0.45283258
vt 0.93701172 0.45491743
vt 0.94029295 0.45781589
vt 0.93732953 0.45794368
vt 0.93775570 0.46206748
vt 0.93899632 0.46453792
vt 0.93570149 0.46235657
vt 0.93603021 0.46654093
vt 0.93623668 0.46960449
vt 0.93395376 0.46989763
vt 0.93639290 0.47261119
vt 0.93404585 0.47189832
vt 0.93414855 0.47389865
vt 0.93648726 0.47564924
vt 0.93652999 0.47768790
vt 0.93443388 0.47790420
vt 0.93474954 0.47983539
vt 0.93662429 0.47971404
vt 0.93427062 0.47590816
vt 0.93232423 0.47608554
vt 0.93206131 0.47412509
vt 0.93187737 0.47215420
vt 0.93172544 0.47016811
vt 0.93158913 0.46815240
vt 0.93380374 0.46684217
vt 0.93139905 0.46505553
vt 0.93354362 0.46264935
vt 0.93529654 0.45819497
vt 0.93316621 0.45844638
vt 0.93093228 0.45868492
vt 0.93119204 0.46186602
vt 0.92895389 0.46210444
vt 0.92912638 0.46424568
vt 0.92949432 0.46825832
vt 0.92970186 0.47037888
vt 0.92877603 0.45996612
vt 0.92858535 0.45783257
vt 0.93173379 0.45543879
vt 0.92826581 0.45467216
vt 0.92647362 0.45798820
vt 0.92668563 0.46009976
vt 0.92627138 0.45595896
vt 0.92606884 0.45392865
vt 0.92586529 0.45186931
vt 0.92791033 0.45153803
vt 0.93148762 0.45337474
vt 0.93121839 0.45131218
vt 0.93435222 0.45003796
vt 0.93646508 0.44983649
vt 0.94008958 0.45051181
vt 0.93926412 0.44740999
vt 0.94324648 0.44696784
vt 0.94628650 0.44664586
vt 0.94388813 0.44355440
vt 0.94589889 0.44333875
vt 0.94790328 0.44315594
vt 0.94873047 0.44577134
vt 0.94994903 0.44299328
vt 0.95028043 0.44571054
vt 0.95211929 0.44497985
vt 0.95190901 0.44285572
vt 0.95407027 0.44482076
vt 0.95381087 0.44256866
vt 0.95602602 0.44262743
vt 0.95576131 0.43976754
vt 0.95841181 0.44035614
vt 0.95754856 0.43757838
vt 0.95341283 0.43809038
vt 0.95161027 0.44007456
vt 0.95423681 0.44689047
vt 0.95621336 0.44464970
vt 0.94802547 0.44726193
vt 0.94761032 0.44036448
vt 0.94560373 0.44052088
vt 0.94085234 0.44389713
vt 0.94131172 0.43943959
vt 0.93844211 0.44109726
vt 0.93677646 0.44433659
vt 0.93495601 0.44675636
vt 0.93353456 0.44465041
vt 0.93169224 0.44697732
vt 0.93202877 0.44916773
vt 0.92950833 0.44702202
vt 0.92981952 0.44926047
vt 0.92765653 0.44937861
vt 0.92731631 0.44630718
vt 0.92920756 0.44480449
vt 0.92694968 0.44285560
vt 0.92894232 0.44269449
vt 0.92682314 0.44078040
vt 0.92870367 0.44057536
vt 0.93075854 0.44051313
vt 0.93104857 0.44466758
vt 0.93307859 0.44149876
vt 0.93049520 0.43838453
vt 0.93264437 0.43829739
vt 0.92690718 0.43893450
vt 0.93525434 0.44133508
vt 0.93479335 0.43818372
vt 0.93798548 0.43805701
vt 0.93497324 0.45513332
vt 0.92690748 0.46223480
vt 0.92999083 0.47230721
vt 0.93681514 0.48170435
vt 0.95396084 0.46433264
vt 0.95598811 0.46580696
vt 0.95421708 0.46713805
vt 0.95635706 0.47017157
vt 0.95804209 0.46694493
vt 0.95680916 0.47435665
vt 0.95497096 0.47477043
vt 0.95537198 0.47853208
vt 0.95726776 0.47838545
vt 0.95462173 0.47137153
vt 0.95231497 0.47480750
vt 0.95167214 0.48093164
vt 0.95075792 0.48633134
vt 0.94544977 0.48887205
vt 0.94968873 0.48824382
vt 0.94751191 0.48866701
vt 0.94981623 0.49044269
vt 0.95157623 0.49024451
vt 0.95093888 0.49381465
vt 0.95196384 0.49442905
vt 0.95383239 0.49390781
vt 0.95261872 0.49016213
vt 0.95273149 0.49193799
vt 0.95409471 0.48680550
vt 0.95612216 0.48864901
vt 0.95385069 0.48272043
vt 0.95207596 0.48575938
vt 0.95346564 0.47871149
vt 0.95566791 0.48150873
vt 0.95936292 0.47823763
vt 0.95886362 0.47421515
vt 0.96142083 0.47827989
vt 0.95970738 0.48164380
vt 0.95754927 0.48135209
vt 0.95781380 0.48436737
vt 0.95606637 0.48474681
vt 0.95813018 0.48844206
vt 0.96042168 0.48925734
vt 0.96056104 0.49130112
vt 0.95828706 0.49154276
vt 0.95415455 0.49229932
vt 0.95684129 0.49402380
vt 0.95405447 0.49604797
vt 0.95609808 0.49584651
vt 0.95425230 0.49797469
vt 0.95645505 0.49962890
vt 0.96062022 0.49333048
vt 0.95826644 0.49562573
vt 0.96059132 0.49537981
vt 0.96281993 0.49307871
vt 0.96283293 0.49512613
vt 0.96273482 0.49105889
vt 0.96207339 0.48422116
vt 0.96017796 0.48646915
vt 0.96237481 0.48700607
vt 0.96087903 0.47407687
vt 0.95835251 0.47004998
vt 0.95784312 0.46414560
vt 0.95675743 0.45143533
vt 0.95484364 0.45367837
vt 0.95713866 0.45661545
vt 0.95651692 0.44798267
vt 0.95800954 0.44251013
vt 0.96493286 0.43205547
vt 0.96323818 0.43502080
vt 0.96538663 0.43552279
vt 0.96289170 0.43172050
vt 0.96448827 0.42808807
vt 0.96266556 0.42972571
vt 0.96058339 0.42997432
vt 0.96091717 0.43300790
vt 0.95872372 0.43121791
vt 0.95915753 0.43530613
vt 0.95937139 0.42804086
vt 0.95670629 0.42933893
vt 0.95721573 0.43308806
vt 0.95350832 0.43298161
vt 0.95471019 0.42953956
vt 0.95266587 0.43084472
vt 0.95072865 0.43218124
vt 0.95009691 0.43562198
vt 0.95310229 0.43527067
vt 0.94870400 0.43233907
vt 0.94693905 0.43467653
vt 0.94832379 0.43765080
vt 0.94632024 0.43017566
vt 0.94448876 0.43189418
vt 0.94517404 0.43682009
vt 0.94273198 0.42714190
vt 0.94758314 0.42794621
vt 0.94450504 0.42499578
vt 0.94642699 0.42333210
vt 0.94993567 0.42564142
vt 0.95033699 0.42885339
vt 0.95230705 0.42756981
vt 0.95175147 0.42337745
vt 0.95391929 0.42320311
vt 0.95434999 0.42629993
vt 0.95619017 0.42511094
vt 0.95911086 0.42591584
vt 0.95784879 0.42392772
vt 0.95960426 0.42308468
vt 0.96230584 0.42638528
vt 0.96174896 0.42265594
vt 0.96402848 0.42403632
vt 0.96350902 0.42013097
vt 0.96141070 0.41947186
vt 0.96317148 0.41731358
vt 0.96116769 0.41741979
vt 0.95904988 0.41753674
vt 0.95929521 0.41960973
vt 0.95755678 0.42185706
vt 0.95727044 0.41975701
vt 0.95574170 0.42200309
vt 0.95526648 0.41885322
vt 0.95339471 0.42002875
vt 0.95289266 0.41695899
vt 0.95481825 0.41578561
vt 0.95661950 0.41590643
vt 0.95451576 0.41381764
vt 0.95812219 0.41349936
vt 0.95879668 0.41551280
vt 0.96062577 0.41337782
vt 0.96091717 0.41540205
vt 0.96292168 0.41529018
vt 0.96265399 0.41327500
vt 0.95816350 0.41143656
vt 0.96032447 0.41128570
vt 0.96239066 0.41114700
vt 0.96005452 0.40916729
vt 0.95414549 0.41180325
vt 0.95570445 0.40951031
vt 0.95781475 0.40934682
vt 0.95359403 0.40968007
vt 0.95140636 0.40987408
vt 0.95190471 0.41193247
vt 0.95238179 0.41396546
vt 0.95013922 0.41414094
vt 0.95104915 0.41917503
vt 0.94887781 0.41836905
vt 0.94934136 0.42143631
vt 0.94501394 0.42088234
vt 0.94284391 0.42104155
vt 0.94330156 0.42302477
vt 0.94067705 0.42117262
vt 0.93898529 0.42339754
vt 0.93932664 0.42541194
vt 0.94142759 0.42523682
vt 0.93958163 0.42769963
vt 0.94217211 0.43031156
vt 0.94023448 0.43150687
vt 0.94281906 0.43474150
vt 0.93815500 0.43163943
vt 0.93859661 0.43487298
vt 0.93600130 0.43177021
vt 0.93630296 0.43388671
vt 0.93413365 0.43399215
vt 0.93462795 0.43598664
vt 0.93382823 0.43191588
vt 0.93180275 0.43211961
vt 0.93204880 0.43413490
vt 0.93002951 0.43255401
vt 0.93006569 0.43440318
vt 0.93234187 0.43620163
vt 0.93163931 0.43020296
vt 0.93356860 0.42990816
vt 0.93568343 0.42973793
vt 0.93334937 0.42791915
vt 0.93782723 0.42958868
vt 0.93531984 0.42776275
vt 0.93715101 0.42555916
vt 0.93511558 0.42572337
vt 0.93324357 0.42603260
vt 0.93687153 0.42354858
vt 0.93670517 0.42163658
vt 0.93842560 0.41939723
vt 0.94036394 0.41912645
vt 0.94459087 0.41879082
vt 0.94679761 0.41859120
vt 0.94417328 0.41672027
vt 0.94211930 0.41692650
vt 0.94244075 0.41895187
vt 0.94637090 0.41652578
vt 0.94801539 0.41428202
vt 0.94592947 0.41449070
vt 0.94387347 0.41475248
vt 0.94387561 0.41311795
vt 0.94566244 0.41256773
vt 0.94762057 0.41228664
vt 0.94969791 0.41209066
vt 0.94934297 0.41010368
vt 0.94928557 0.40860033
vt 0.96132213 0.43726933
vt 0.95945609 0.43836772
vt 0.96157503 0.44023526
vt 0.95545912 0.43687534
vt 0.95525652 0.43494284
vt 0.95129716 0.43740630
vt 0.94964397 0.44021761
vt 0.94340402 0.43930691
vt 0.94069749 0.43480611
vt 0.93025607 0.43636489
vt 0.96373892 0.43999577
vt 0.96354157 0.43790507
vt 0.96564108 0.43764591
vt 0.96589184 0.43972814
vt 0.96398294 0.44198823
vt 0.96616638 0.44172359
vt 0.96179157 0.44221711
vt 0.95983511 0.44238281
vt 0.95822424 0.44449627
vt 0.95843142 0.44641805
vt 0.96006781 0.44435322
vt 0.95858186 0.44818938
vt 0.95871603 0.45011163
vt 0.95887268 0.45228082
vt 0.95900559 0.45438731
vt 0.95911962 0.45651400
vt 0.95731974 0.45953363
vt 0.95925665 0.45867193
vt 0.95942181 0.46074367
vt 0.95960778 0.46276689
vt 0.95985138 0.46550423
vt 0.96024853 0.46935135
vt 0.96276170 0.47327399
vt 0.96250516 0.47078812
vt 0.96218228 0.46788901
vt 0.96183139 0.46461254
vt 0.96162570 0.46260011
vt 0.96142602 0.46059346
vt 0.96121389 0.45853269
vt 0.96100193 0.45637691
vt 0.96082366 0.45425558
vt 0.96066380 0.45211506
vt 0.96050674 0.44984448
vt 0.96039438 0.44790208
vt 0.96337920 0.47800314
vt 0.96362549 0.48088437
vt 0.96173322 0.48104721
vt 0.96394426 0.48396134
vt 0.96425050 0.48680496
vt 0.96444392 0.48881781
vt 0.96257836 0.48903561
vt 0.96459436 0.49082583
vt 0.96470338 0.49284250
vt 0.96478701 0.49488783
vt 0.96279532 0.49715769
vt 0.96484226 0.49691826
vt 0.96053082 0.49740660
vt 0.96056741 0.49939996
vt 0.95840037 0.49958265
vt 0.95826834 0.49763799
vt 0.94976550 0.49230826
vt 0.94731641 0.49070811
vt 0.95567125 0.46247947
vt 0.95520586 0.45780873
vt 0.94827259 0.49245906
vt 0.95110184 0.40801895
vt 0.95523930 0.40740311
vt 0.95315349 0.40764034
vt 0.92565781 0.44972467
vt 0.93531924 0.48180908
vt 0.92715842 0.46437085
vt 0.93161684 0.42834836
vt 0.94587564 0.49270535
vt 0.93035001 0.47414261
vt 0.95260650 0.49790061
vt 0.95212704 0.49621075
vt 0.95038182 0.49618495
vt 0.94813573 0.49450111
vt 0.93965209 0.48718250
vt 0.93770075 0.48537624
vt 0.93272179 0.47802651
vt 0.93120033 0.47609556
vt 0.92732811 0.46629000
vt 0.94134659 0.48722577
vt 0.94180799 0.48902833
vt 0.94019872 0.41728836
vt 0.92851543 0.43853354
vt 0.92846799 0.43671221
vt 0.94349164 0.48904765
vt 0.94392735 0.49094129
vt 0.93497634 0.42389917
vt 0.94200718 0.41524386
vt 0.94746166 0.41048241
vt 0.95878202 0.50123966
vt 0.95743185 0.40718198
vt 0.95497996 0.40565604
vt 0.95711821 0.40516949
vt 0.92806053 0.46848893
vt 0.92851561 0.47046810
vt 0.92902792 0.47233617
vt 0.92530465 0.44738537
vt 0.92548794 0.44520473
vt 0.92553371 0.44311017
vt 0.95472807 0.49952388
vt 0.92496818 0.45618677
vt 0.92546535 0.45997620
vt 0.92512763 0.45808399
vt 0.92639279 0.46549153
vt 0.92581904 0.46217972
vt 0.96601254 0.48657292
vt 0.96619391 0.48857558
vt 0.96635312 0.49057668
vt 0.96382749 0.46241343
vt 0.96397632 0.46442604
vt 0.96416056 0.46646738
vt 0.96435827 0.46851385
vt 0.96457154 0.47059059
vt 0.96478206 0.47268569
vt 0.96495938 0.47474885
vt 0.96512133 0.47676361
vt 0.96528149 0.47873122
vt 0.96549779 0.48129404
vt 0.96582848 0.48462999
vt 0.95301223 0.40619576
vt 0.96504003 0.41722417
vt 0.96475983 0.41518700
vt 0.96789926 0.43946326
vt 0.96763808 0.43739092
vt 0.96737319 0.43527353
vt 0.96691293 0.43183804
vt 0.96653509 0.42888808
vt 0.96611971 0.42522204
vt 0.96586037 0.42317802
vt 0.96546662 0.42015648
vt 0.96448374 0.41317481
vt 0.94665688 0.49431074
vt 0.94888026 0.49590123
vt 0.94466209 0.49260122
vt 0.94261980 0.49063206
vt 0.96207845 0.44416606
vt 0.96429604 0.44389105
vt 0.96027523 0.44621909
vt 0.92848468 0.43494052
vt 0.96650934 0.49259722
vt 0.96667576 0.49464333
vt 0.92475694 0.45434207
vt 0.92470604 0.45224684
vt 0.92459589 0.45007348
vt 0.92451817 0.44835430
vt 0.93362546 0.47976315
vt 0.96217191 0.40897888
vt 0.95975995 0.40695763
vt 0.95947564 0.40482897
vt 0.93627703 0.48361194
vt 0.96277499 0.49917889
vt 0.96080506 0.50129271
vt 0.96285111 0.50117356
vt 0.96487266 0.49895787
vt 0.96320319 0.50301147
vt 0.96490139 0.50099111
vt 0.96233308 0.44594932
vt 0.93510890 0.42227197
vt 0.96683669 0.49667090
vt 0.96697915 0.49872071
vt 0.96816653 0.44146252
vt 0.96421927 0.41103530
vt 0.96646845 0.44356990
vt 0.96194220 0.40674764
vt 0.94569951 0.41102570
vt 0.96827811 0.48827618
vt 0.96846026 0.49027663
vt 0.96809220 0.48627871
vt 0.96791476 0.48435593
vt 0.96773660 0.48242396
vt 0.96756089 0.48044848
vt 0.96740156 0.47848821
vt 0.96725398 0.47652531
vt 0.96711361 0.47451329
vt 0.96695876 0.47245550
vt 0.96676111 0.47037315
vt 0.96865052 0.49230206
vt 0.96883899 0.49434817
vt 0.92568260 0.44104761
vt 0.93009269 0.43080246
vt 0.96900004 0.49637794
vt 0.96843326 0.44329202
vt 0.96171445 0.40457112
vt 0.96368593 0.46040559
vt 0.96708918 0.50077689
vt 0.96509475 0.50296432
vt 0.96561903 0.50474995
vt 0.96457756 0.44555825
vt 0.96247250 0.44756782
vt 0.97057045 0.48997903
vt 0.97037297 0.48797786
vt 0.97027814 0.48615432
vt 0.97000623 0.48408329
vt 0.96983624 0.48216879
vt 0.97077549 0.49200082
vt 0.97096461 0.49403322
vt 0.96953362 0.43717229
vt 0.96925372 0.43508732
vt 0.96896940 0.43301725
vt 0.96876198 0.43108821
vt 0.96842092 0.42908317
vt 0.96786982 0.42514187
vt 0.96757632 0.42294729
vt 0.96716225 0.42044675
vt 0.96665221 0.41720867
vt 0.96634746 0.41517496
vt 0.96980602 0.43921471
vt 0.97005999 0.44120032
vt 0.96606886 0.41317868
vt 0.93329573 0.42446792
vt 0.93444782 0.48118103
vt 0.96913582 0.49844414
vt 0.96348596 0.45835733
vt 0.96399856 0.40883124
vt 0.96380913 0.40658367
vt 0.93670571 0.41986471
vt 0.93840599 0.41785026
vt 0.94030249 0.41591763
vt 0.95126313 0.49751782
vt 0.96654600 0.46830899
vt 0.96617252 0.46424043
vt 0.96607172 0.46222377
vt 0.96634299 0.46627462
vt 0.95704550 0.50098091
vt 0.97194278 0.44094580
vt 0.97216231 0.44282138
vt 0.97027642 0.44304955
vt 0.97168440 0.43898761
vt 0.97356772 0.43878698
vt 0.97336632 0.43680525
vt 0.97114396 0.43494642
vt 0.97088289 0.43290317
vt 0.97281754 0.43080604
vt 0.97300011 0.43277705
vt 0.97535199 0.43263578
vt 0.97317988 0.43479943
vt 0.97036517 0.42896163
vt 0.97261441 0.42881203
vt 0.97239918 0.42679495
vt 0.96978259 0.42491937
vt 0.97191268 0.42271352
vt 0.97216797 0.42474592
vt 0.97163695 0.42075360
vt 0.96916687 0.42096591
vt 0.96886081 0.41909885
vt 0.97135782 0.41888726
vt 0.96854454 0.41717029
vt 0.97105765 0.41699433
vt 0.96822608 0.41516471
vt 0.97141159 0.43698335
vt 0.97547895 0.43660849
vt 0.97532755 0.43461156
vt 0.93181032 0.47745991
vt 0.92452210 0.44672328
vt 0.93882436 0.48702264
vt 0.95935476 0.40305805
vt 0.96129817 0.50297797
vt 0.97231615 0.48772037
vt 0.97251278 0.48971677
vt 0.97444862 0.48746771
vt 0.97463024 0.48945296
vt 0.97426605 0.48549843
vt 0.97409153 0.48361373
vt 0.97194976 0.48385084
vt 0.97178036 0.48194170
vt 0.97391647 0.48169494
vt 0.97374094 0.47971654
vt 0.97162712 0.47996700
vt 0.97355872 0.47775185
vt 0.97148138 0.47800291
vt 0.97132760 0.47604060
vt 0.97336745 0.47579086
vt 0.97317582 0.47377455
vt 0.97117233 0.47402716
vt 0.96968114 0.48019540
vt 0.96954107 0.47823256
vt 0.97272050 0.49172354
vt 0.97110701 0.49605656
vt 0.94047201 0.48859143
vt 0.96152973 0.40258467
vt 0.96366286 0.40436792
vt 0.97300082 0.47172928
vt 0.96925455 0.50054038
vt 0.92684400 0.46687037
vt 0.97292697 0.49373198
vt 0.96324140 0.45622742
vt 0.97101635 0.47198302
vt 0.96727747 0.50280958
vt 0.96764642 0.50476485
vt 0.97277844 0.46984798
vt 0.92945868 0.47347403
vt 0.96940202 0.47627026
vt 0.96926707 0.47425824
vt 0.97480595 0.49143791
vt 0.96911901 0.47220814
vt 0.97121638 0.49813366
vt 0.97084969 0.46992332
vt 0.97082692 0.46790522
vt 0.96600556 0.46020365
vt 0.93172032 0.42671752
vt 0.97478265 0.43066096
vt 0.97447383 0.42866653
vt 0.96581060 0.41105241
vt 0.96943456 0.50263745
vt 0.96673971 0.44513917
vt 0.96867365 0.44483280
vt 0.97498167 0.49343109
vt 0.94556469 0.49368834
vt 0.96892959 0.47014099
vt 0.96871179 0.46809500
vt 0.97310567 0.49573839
vt 0.92896044 0.43309176
vt 0.94763738 0.49525702
vt 0.95714068 0.40358466
vt 0.96353179 0.40229392
vt 0.92714691 0.43746734
vt 0.96587747 0.45817780
vt 0.94155318 0.48977339
vt 0.93690002 0.48470581
vt 0.96479106 0.44716096
vt 0.95118839 0.40673196
vt 0.96262741 0.44956827
vt 0.97074080 0.41501582
vt 0.97236556 0.44449472
vt 0.97046328 0.44463444
vt 0.94772059 0.40919507
vt 0.96794218 0.41319585
vt 0.96303260 0.45410657
vt 0.97333258 0.44130868
vt 0.97425056 0.42664289
vt 0.97394055 0.42324615
vt 0.97366774 0.42055273
vt 0.97344995 0.41866863
vt 0.97315514 0.41679025
vt 0.97274899 0.41483688
vt 0.96558112 0.40881360
vt 0.97325516 0.49781311
vt 0.93940973 0.48771620
vt 0.96849793 0.46607959
vt 0.96569002 0.45610583
vt 0.97514957 0.49542987
vt 0.92459762 0.44541049
vt 0.97135073 0.50028110
vt 0.95308101 0.49876887
vt 0.92932880 0.43178272
vt 0.96821666 0.46202469
vt 0.96284479 0.45192683
vt 0.96539187 0.40651524
vt 0.96805805 0.50651014
vt 0.94232607 0.41388100
vt 0.97043306 0.41306567
vt 0.96767479 0.41109544
vt 0.97212994 0.41292548
vt 0.93252575 0.47859454
vt 0.93301743 0.47962248
vt 0.96526200 0.40423673
vt 0.97528303 0.49749911
vt 0.96836668 0.45992696
vt 0.97024387 0.46590877
vt 0.96958029 0.46189576
vt 0.96988142 0.46390378
vt 0.96985686 0.50483137
vt 0.96973288 0.50667143
vt 0.96514690 0.40211701
vt 0.97253996 0.44562012
vt 0.96562123 0.45405507
vt 0.96788275 0.45799822
vt 0.93531239 0.48240972
vt 0.97167015 0.41179132
vt 0.97022289 0.41108280
vt 0.96741593 0.40883684
vt 0.96610075 0.40203655
vt 0.96656042 0.40415633
vt 0.96730381 0.40651780
vt 0.95560664 0.50033730
vt 0.97342253 0.49999559
vt 0.92611074 0.43927962
vt 0.96934891 0.46050680
vt 0.96737790 0.45601749
vt 0.95500916 0.40460545
vt 0.97194463 0.46846902
vt 0.93064284 0.42882013
vt 0.96698076 0.45479870
vt 0.92475200 0.45756900
vt 0.96491903 0.45175034
vt 0.94366640 0.49184918
vt 0.96382189 0.50466561
vt 0.97168291 0.50251716
vt 0.97116655 0.50416404
vt 0.97074145 0.50558192
vt 0.96706909 0.44686842
vt 0.96890432 0.44624692
vt 0.97064573 0.44593996
vt 0.93012875 0.47469211
vt 0.96515083 0.44922829
vt 0.92737728 0.46851510
vt 0.97526115 0.49955225
vt 0.92458123 0.45628065
vt 0.95239913 0.49839401
vt 0.93236011 0.42524838
vt 0.95928538 0.50228423
vt 0.95810431 0.50179499
vt 0.93093157 0.42771822
vt 0.92450744 0.45518017
vt 0.94941169 0.40778071
vt 0.97347206 0.44223964
vt 0.97361279 0.50154597
vt 0.97462726 0.50104803
vt 0.96136808 0.40135330
vt 0.96336251 0.40081763
vt 0.97075599 0.50669229
vt 0.92495537 0.45866144
vt 0.93722737 0.41872132
vt 0.92772937 0.43589687
vt 0.93905842 0.41680402
vt 0.96660489 0.44814754
vt 0.96501839 0.40036821
vt 0.94415092 0.41207623
vt 0.92644763 0.43848062
vt 0.96612334 0.39980310
vt 0.92445499 0.45379907
vt 0.95304739 0.40554845
vt 0.92471069 0.44332010
vt 0.94636273 0.41008341
vt 0.94310623 0.41284382
vt 0.94995248 0.49676508
vt 0.97087574 0.50788921
vt 0.95928591 0.40209961
vt 0.93536657 0.42111039
vt 0.96226913 0.50400651
vt 0.93758792 0.48575330
vt 0.92809373 0.43460512
vt 0.96657830 0.45328736
vt 0.92824924 0.43344951
vt 0.97272336 0.44667250
vt 0.92514294 0.45979953
vt 0.93412977 0.42283297
vt 0.92971128 0.43047744
vt 0.96466249 0.50565207
vt 0.96621573 0.50635076
vt 0.92992586 0.42913347
vt 0.96086085 0.50344247
vt 0.97272807 0.50328439
vt 0.94098049 0.41494805
vt 0.96809369 0.50755036
vt 0.97013831 0.50832623
vt 0.92436874 0.45243192
vt 0.93791580 0.41766000
vt 0.93686152 0.41841173
vt 0.93630862 0.41954386
vt 0.93540031 0.42015910
vt 0.96928561 0.45904231
vt 0.96632040 0.44998610
vt 0.96642166 0.45157802
vt 0.95450824 0.49984825
vt 0.92789382 0.47048545
vt 0.93461913 0.42189300
vt 0.93283725 0.42422688
vt 0.93323117 0.42302895
vt 0.93125933 0.42644197
vt 0.97587717 0.50025743
vt 0.97225398 0.50483710
vt 0.93983936 0.41564989
vt 0.97299206 0.50687325
vt 0.97259438 0.50849730
vt 0.92478788 0.44130754
vt 0.97452909 0.43835628
vt 0.93355221 0.42094797
vt 0.93199772 0.42155147
vt 0.93154514 0.42310590
vt 0.93180251 0.42492104
vt 0.93037236 0.42382276
vt 0.92987359 0.42527896
vt 0.97392255 0.50281286
vt 0.97549623 0.50197875
vt 0.93379807 0.41915381
vt 0.93509853 0.41846025
vt 0.94191563 0.41344470
vt 0.93550211 0.41706806
vt 0.93681234 0.41640639
vt 0.93860012 0.41639221
vt 0.93731433 0.41500676
vt 0.93866640 0.41424048
vt 0.94046104 0.41425717
vt 0.93925136 0.41281873
vt 0.94039702 0.41234058
vt 0.94225711 0.41176152
vt 0.94424409 0.41118413
vt 0.94524539 0.41078591
vt 0.94593412 0.40954208
vt 0.94256568 0.41011381
vt 0.94410306 0.40944469
vt 0.97443336 0.50466144
vt 0.97432798 0.50641811
vt 0.94942737 0.40683669
vt 0.95061076 0.40645051
vt 0.95191586 0.40603840
vt 0.94465524 0.40807211
vt 0.94598186 0.40766120
vt 0.97524297 0.50374800
vt 0.94125807 0.41051006
vt 0.92412281 0.45026541
vt 0.94841981 0.40836531
vt 0.94733125 0.40880942
vt 0.94920760 0.40541381
vt 0.94775766 0.40722072
vt 0.94816393 0.40564311
vt 0.94323206 0.40841919
vt 0.94694299 0.40593123
vt 0.96858060 0.45576215
vt 0.96933925 0.45785701
vt 0.95092827 0.40520108
vt 0.94584876 0.40635437
vt 0.95639801 0.40321088
vt 0.95792162 0.40266109
vt 0.95271432 0.40396631
vt 0.96764845 0.45136875
vt 0.96729147 0.44902861
vt 0.96770757 0.45375580
vt 0.94878894 0.40411758
vt 0.95036441 0.40324229
vt 0.95318282 0.40270960
vt 0.95491195 0.40358615
vt 0.96293402 0.39920765
vt 0.96467668 0.39890850
vt 0.96593052 0.39849162
vt 0.95464402 0.40242660
vt 0.95686430 0.40205973
vt 0.96084636 0.40017772
vt 0.95882559 0.40099674
vt 0.95225263 0.40224344
vt 0.95426035 0.40131235
vt 0.97587717 0.43039143
vt 0.97498029 0.42849243
vt 0.95099574 0.40242594
vt 0.95622742 0.40040720
vt 0.95821232 0.39952385
vt 0.96431154 0.39797843
vt 0.96333444 0.39819026
vt 0.54872167 0.87178349
vt 0.54636949 0.87191278
vt 0.54599792 0.86940008
vt 0.54619485 0.87426329
vt 0.54526544 0.87345707
vt 0.54879773 0.87429625
vt 0.54887313 0.87624049
vt 0.54854739 0.86901772
vt 0.54651499 0.87636948
vt 0.55035192 0.87168884
vt 0.55044347 0.87615502
vt 0.55026215 0.86888307
vt 0.54512966 0.87496650
vt 0.54429501 0.87432659
vt 0.54409897 0.87200832
vt 0.54502439 0.87645280
vt 0.54516631 0.87053674
vt 0.54393095 0.87648970
vt 0.54192561 0.87210518
vt 0.54180354 0.86945248
vt 0.54418200 0.86951303
vt 0.54200876 0.87453288
vt 0.54211873 0.87654549
vt 0.54499263 0.86868513
vt 0.54356229 0.86728698
vt 0.54165280 0.86736035
vt 0.53986543 0.87464124
vt 0.53975916 0.87223750
vt 0.53960830 0.86957169
vt 0.53999990 0.87664747
vt 0.53942937 0.86746514
vt 0.55018210 0.86698955
vt 0.54608858 0.86722285
vt 0.54467666 0.86726922
vt 0.54838169 0.86709410
vt 0.53799790 0.87234432
vt 0.53791076 0.86965895
vt 0.53693599 0.86971539
vt 0.53695929 0.87328804
vt 0.53770024 0.87459880
vt 0.53805989 0.87676609
vt 0.53724271 0.86756444
vt 0.53658253 0.86805117
vt 0.53663707 0.87527210
vt 0.53624541 0.86700720
vt 0.53630191 0.87690371
vt 0.53575677 0.86977613
vt 0.53595275 0.87242770
vt 0.53566629 0.86772090
vt 0.53719836 0.86676759
vt 0.53921229 0.86642456
vt 0.53602618 0.87533408
vt 0.53456599 0.87699407
vt 0.53411371 0.87248439
vt 0.53391582 0.86986166
vt 0.53549677 0.87759370
vt 0.53371453 0.86797309
vt 0.53552645 0.87789750
vt 0.53640479 0.87798196
vt 0.53091270 0.87283522
vt 0.53179723 0.86997885
vt 0.53159386 0.86817384
vt 0.53039843 0.86829627
vt 0.53062111 0.87005454
vt 0.53218001 0.87504685
vt 0.53242284 0.87711769
vt 0.53069007 0.87513655
vt 0.52969354 0.87270504
vt 0.52961177 0.87011290
vt 0.52969259 0.87519705
vt 0.52939868 0.86838472
vt 0.53075200 0.87722945
vt 0.52974683 0.87729371
vt 0.53817087 0.87790906
vt 0.52797627 0.87279660
vt 0.52835774 0.87736905
vt 0.52814955 0.87528580
vt 0.52775198 0.87023401
vt 0.52756238 0.86855584
vt 0.53474033 0.87807226
vt 0.53254580 0.87819111
vt 0.54006273 0.87783992
vt 0.52651614 0.87538594
vt 0.52644533 0.87289417
vt 0.52655065 0.87747675
vt 0.52631938 0.87034321
vt 0.52609068 0.86870009
vt 0.52533525 0.87756032
vt 0.52521324 0.87298483
vt 0.52509135 0.87044460
vt 0.52488512 0.86879969
vt 0.53133333 0.86732388
vt 0.53028774 0.86772251
vt 0.53326738 0.86671716
vt 0.53092980 0.87829334
vt 0.52841157 0.87844783
vt 0.52665401 0.87854731
vt 0.52548790 0.87862736
vt 0.53536069 0.86668116
vt 0.52312094 0.87060505
vt 0.52330554 0.87313151
vt 0.52184987 0.87071180
vt 0.52200973 0.87323874
vt 0.52271533 0.86899084
vt 0.52316654 0.87563670
vt 0.52365404 0.87768489
vt 0.52096510 0.87334710
vt 0.52216321 0.87559426
vt 0.52218294 0.87779719
vt 0.52130544 0.87579805
vt 0.52122009 0.87787408
vt 0.52078742 0.87082744
vt 0.52163112 0.86879563
vt 0.52230012 0.87879872
vt 0.52350336 0.87881267
vt 0.52080977 0.86912894
vt 0.51936543 0.87597185
vt 0.51926738 0.87352186
vt 0.51913023 0.87099952
vt 0.51895607 0.86921906
vt 0.52601486 0.86801630
vt 0.54457486 0.86650151
vt 0.54148889 0.86610609
vt 0.51937187 0.87797040
vt 0.52155715 0.86848366
vt 0.52260745 0.86804134
vt 0.52904606 0.86714643
vt 0.52719259 0.86757809
vt 0.54216605 0.87776840
vt 0.54360878 0.86612332
vt 0.54595321 0.86627591
vt 0.54435563 0.87768352
vt 0.54512000 0.87740940
vt 0.54658115 0.87755394
vt 0.54884416 0.87742776
vt 0.55043739 0.87732625
vt 0.55143118 0.86687201
vt 0.53365934 0.86614102
vt 0.55145675 0.86880267
vt 0.53092480 0.86664110
vt 0.53228772 0.86628103
vt 0.51886690 0.86831242
vt 0.51814061 0.87109029
vt 0.51529956 0.87137747
vt 0.51524025 0.86951691
vt 0.51793343 0.86928219
vt 0.51652503 0.87404132
vt 0.51540202 0.87346947
vt 0.51832312 0.87361461
vt 0.51845384 0.87605858
vt 0.51566494 0.87608105
vt 0.51552248 0.87516654
vt 0.51853818 0.87741864
vt 0.51751870 0.87812942
vt 0.51573628 0.87832147
vt 0.51864421 0.87857789
vt 0.51956248 0.87906373
vt 0.52158350 0.87895352
vt 0.51869279 0.87898380
vt 0.51440465 0.87843788
vt 0.51399887 0.87418437
vt 0.51277310 0.87650436
vt 0.51149631 0.87668234
vt 0.51155454 0.87418878
vt 0.51250827 0.87322199
vt 0.51296884 0.87858027
vt 0.51237106 0.87159759
vt 0.51166713 0.87873054
vt 0.51104921 0.87179708
vt 0.50962704 0.87195688
vt 0.50983226 0.87441301
vt 0.51003397 0.87681723
vt 0.51109606 0.86995888
vt 0.50942230 0.87010920
vt 0.51207387 0.86947834
vt 0.51327980 0.86973238
vt 0.51734322 0.87929517
vt 0.51587623 0.87929618
vt 0.51027918 0.87887114
vt 0.51318663 0.86853993
vt 0.51203173 0.86918646
vt 0.51484644 0.87951797
vt 0.51310664 0.87964940
vt 0.52031988 0.86787963
vt 0.51634663 0.86815846
vt 0.51499707 0.86827743
vt 0.51786935 0.86794716
vt 0.51177907 0.87980974
vt 0.52455240 0.86741942
vt 0.52198756 0.86723888
vt 0.51063240 0.86879730
vt 0.50929713 0.86932778
vt 0.50901663 0.87899232
vt 0.50815773 0.87020546
vt 0.50716668 0.87220937
vt 0.50678563 0.87032825
vt 0.50862592 0.87453699
vt 0.50701737 0.87473696
vt 0.50454676 0.87500942
vt 0.50435066 0.87249351
vt 0.50767857 0.87704432
vt 0.50768912 0.87912160
vt 0.50408882 0.87065744
vt 0.50484025 0.87730592
vt 0.50627732 0.87925100
vt 0.50496930 0.87935680
vt 0.51031494 0.87995541
vt 0.50667322 0.86950481
vt 0.50794327 0.86897349
vt 0.52907413 0.86637157
vt 0.51640320 0.86743844
vt 0.52774101 0.86651635
vt 0.52664119 0.86678439
vt 0.50345707 0.87950796
vt 0.50208336 0.87769991
vt 0.50206131 0.87863624
vt 0.50195223 0.87526459
vt 0.50290525 0.87266678
vt 0.50147671 0.87283158
vt 0.50154722 0.87101936
vt 0.50784564 0.88019061
vt 0.50510091 0.88032568
vt 0.50615436 0.88040566
vt 0.50222182 0.87964112
vt 0.50027096 0.87299657
vt 0.50004220 0.87124074
vt 0.50053126 0.87542725
vt 0.50101733 0.87789828
vt 0.49921677 0.87801373
vt 0.49894121 0.87562674
vt 0.49854025 0.87146741
vt 0.49873722 0.87322146
vt 0.50234485 0.88050884
vt 0.50372392 0.88063216
vt 0.50529349 0.86927563
vt 0.50399160 0.86993766
vt 0.50094223 0.87979072
vt 0.49946842 0.87994850
vt 0.51729691 0.86730433
vt 0.51906919 0.86730444
vt 0.49805251 0.87817156
vt 0.49826655 0.88004410
vt 0.49659953 0.88016915
vt 0.49621454 0.87604725
vt 0.49633902 0.87838113
vt 0.49494815 0.87623781
vt 0.49318758 0.87871993
vt 0.49336478 0.87648827
vt 0.49208155 0.87807482
vt 0.49153206 0.87895387
vt 0.49358881 0.88038230
vt 0.49127567 0.88053358
vt 0.49761808 0.87339711
vt 0.49598068 0.87364280
vt 0.49745879 0.87159550
vt 0.49574918 0.87178499
vt 0.50280213 0.86958712
vt 0.50107133 0.86975938
vt 0.49978867 0.86991930
vt 0.49473855 0.87382531
vt 0.49328834 0.87403893
vt 0.49196401 0.87671089
vt 0.49082246 0.87446779
vt 0.49098244 0.87685829
vt 0.49150488 0.87221283
vt 0.49315795 0.87205917
vt 0.49453083 0.87192523
vt 0.50660682 0.86864769
vt 0.50528860 0.86849910
vt 0.50788146 0.86824888
vt 0.50917131 0.86842126
vt 0.50390577 0.86900067
vt 0.49239105 0.88096291
vt 0.50133079 0.88087702
vt 0.49733239 0.87060952
vt 0.49828061 0.87002212
vt 0.51051128 0.86792594
vt 0.51202708 0.86824012
vt 0.51345533 0.86764747
vt 0.49038953 0.87229967
vt 0.48844212 0.87243372
vt 0.48868686 0.87468004
vt 0.48694217 0.87253904
vt 0.48920235 0.87934542
vt 0.48865795 0.87712288
vt 0.48938942 0.88063204
vt 0.49442437 0.87112653
vt 0.49576336 0.87034297
vt 0.49329096 0.87065148
vt 0.49103132 0.87062865
vt 0.49008554 0.87104124
vt 0.48860753 0.87077397
vt 0.48665819 0.87100011
vt 0.48551112 0.87106699
vt 0.49430874 0.87009519
vt 0.49294600 0.86981922
vt 0.48523769 0.87045723
vt 0.52029461 0.86704230
vt 0.48333484 0.87115967
vt 0.48351702 0.87295181
vt 0.48580322 0.87262124
vt 0.48611096 0.87498707
vt 0.52454650 0.86660475
vt 0.52306306 0.86679316
vt 0.50253248 0.86875427
vt 0.48727491 0.87485331
vt 0.48714665 0.87757713
vt 0.48664814 0.87963384
vt 0.48665360 0.87736666
vt 0.48799792 0.87948680
vt 0.48469180 0.87985253
vt 0.48433051 0.87768888
vt 0.48321790 0.87782013
vt 0.48271850 0.87421960
vt 0.48399577 0.87523210
vt 0.48250383 0.87231076
vt 0.48240393 0.87151808
vt 0.48971993 0.87022167
vt 0.48176628 0.87309295
vt 0.48144832 0.87115067
vt 0.49584705 0.86947685
vt 0.49706319 0.86953688
vt 0.51503283 0.86743736
vt 0.48680210 0.88081759
vt 0.48225337 0.87067980
vt 0.48350942 0.87031174
vt 0.49960455 0.86909693
vt 0.49882090 0.86911815
vt 0.49165359 0.86980367
vt 0.48647922 0.87001514
vt 0.50101942 0.86882460
vt 0.48228866 0.88002580
vt 0.48207140 0.87793648
vt 0.48182759 0.87547594
vt 0.49529570 0.88107455
vt 0.48818311 0.87010670
vt 0.49951291 0.88111144
vt 0.49832925 0.88121420
vt 0.50388914 0.86851823
vt 0.49425992 0.86952507
vt 0.51208848 0.86764151
vt 0.49647543 0.88139695
vt 0.49380466 0.88150924
vt 0.50662529 0.86826020
vt 0.52152771 0.86681670
vt 0.54812962 0.86598629
vt 0.50926274 0.86795163
vt 0.53485304 0.86598915
vt 0.53699696 0.86623734
vt 0.54980975 0.86570776
vt 0.53053772 0.86613852
vt 0.54213542 0.86567146
vt 0.54069978 0.86576128
vt 0.53899544 0.86591214
vt 0.49150968 0.88125932
vt 0.48827821 0.88102734
vt 0.55142242 0.86570364
vt 0.54569823 0.86564845
vt 0.54788393 0.86531496
vt 0.48185501 0.86939943
vt 0.48114035 0.87022895
vt 0.54543567 0.86530095
vt 0.54901743 0.86518502
vt 0.55011642 0.86508781
vt 0.50229937 0.88099009
vt 0.55139846 0.86496335
vt 0.48962885 0.88189465
vt 0.50513101 0.88077229
vt 0.55248410 0.86483186
vt 0.55314994 0.86527222
vt 0.55384314 0.86464763
vt 0.55520433 0.86510658
vt 0.55519336 0.86449015
vt 0.51314366 0.87997258
vt 0.50111687 0.88158768
vt 0.53691679 0.87835205
vt 0.53813279 0.87851179
vt 0.53238118 0.87878454
vt 0.53122109 0.87857002
vt 0.53019404 0.87939245
vt 0.52813250 0.87917233
vt 0.53431660 0.87909877
vt 0.52685356 0.87890434
vt 0.50384659 0.88138342
vt 0.52390581 0.87935370
vt 0.51429820 0.88027227
vt 0.51743460 0.87998074
vt 0.51880455 0.87931484
vt 0.51891333 0.88031238
vt 0.51991010 0.87956059
vt 0.52112824 0.87984151
vt 0.53617448 0.87923771
vt 0.52246177 0.87907773
vt 0.53186160 0.88042200
vt 0.53383058 0.88061625
vt 0.52574128 0.87962806
vt 0.51622415 0.88085717
vt 0.50685608 0.88099688
vt 0.52942932 0.88112283
vt 0.53087306 0.88131672
vt 0.52750146 0.88083923
vt 0.53997916 0.87870693
vt 0.52027893 0.88151503
vt 0.51921213 0.88222587
vt 0.53776294 0.88008064
vt 0.51186478 0.88044572
vt 0.53583688 0.88083243
vt 0.53691268 0.88092810
vt 0.51773125 0.88212109
vt 0.52280378 0.88026947
vt 0.54872715 0.87817764
vt 0.55033284 0.87835431
vt 0.53979260 0.88011551
vt 0.50920212 0.88071018
vt 0.50799394 0.88197309
vt 0.55016416 0.88006496
vt 0.54853636 0.88010323
vt 0.54204983 0.87890011
vt 0.51344538 0.88152623
vt 0.54690570 0.87784737
vt 0.51069260 0.88174933
vt 0.52641588 0.88170356
vt 0.52460521 0.88154924
vt 0.52220291 0.88193333
vt 0.52044755 0.88250977
vt 0.54636997 0.87910265
vt 0.54415834 0.87910092
vt 0.54603344 0.88097996
vt 0.54391772 0.88066548
vt 0.54184490 0.88038117
vt 0.51516348 0.88261968
vt 0.51655889 0.88274825
vt 0.54765874 0.88120067
vt 0.54589242 0.88181758
vt 0.54823327 0.88181311
vt 0.54917634 0.88137209
vt 0.54999119 0.88214457
vt 0.55004483 0.88143224
vt 0.54376554 0.88171154
vt 0.54168749 0.88154298
vt 0.50521547 0.88195866
vt 0.53835356 0.88110799
vt 0.50236768 0.88210160
vt 0.55157238 0.88235170
vt 0.55146378 0.88159525
vt 0.53244758 0.88154250
vt 0.50946176 0.88317573
vt 0.51230419 0.88294399
vt 0.52781451 0.88193130
vt 0.50667107 0.88347250
vt 0.50395513 0.88376510
vt 0.50529379 0.88408405
vt 0.51776254 0.88293678
vt 0.55163050 0.87749887
vt 0.55157000 0.87845051
vt 0.50809425 0.88369274
vt 0.55149490 0.88014489
vt 0.55353290 0.88241088
vt 0.55277294 0.88177633
vt 0.55422938 0.88193071
vt 0.55561864 0.88283056
vt 0.55555660 0.88201225
vt 0.55774754 0.88314295
vt 0.50102872 0.88392937
vt 0.49922651 0.88485253
vt 0.49697521 0.88506263
vt 0.49824744 0.88367128
vt 0.49956369 0.88224053
vt 0.55772954 0.88212669
vt 0.55347311 0.87857825
vt 0.55561227 0.88003176
vt 0.55778909 0.88048702
vt 0.55639154 0.87878025
vt 0.55349088 0.88058239
vt 0.55570853 0.87836522
vt 0.55700034 0.87839830
vt 0.55778259 0.87885326
vt 0.55992067 0.88067961
vt 0.56007832 0.87937486
vt 0.55354208 0.87792867
vt 0.56195253 0.88081646
vt 0.56212056 0.87979513
vt 0.55983305 0.88341564
vt 0.56385255 0.88093549
vt 0.56400251 0.88017458
vt 0.55984336 0.88222814
vt 0.56574446 0.88108438
vt 0.56585890 0.88058424
vt 0.56186014 0.88365912
vt 0.56187803 0.88231564
vt 0.56678534 0.88117528
vt 0.56380612 0.88387936
vt 0.56380570 0.88242978
vt 0.56391156 0.88487792
vt 0.56644875 0.88417435
vt 0.56572670 0.88259161
vt 0.56192362 0.88467711
vt 0.55988681 0.88448405
vt 0.56586540 0.88506263
vt 0.56738746 0.88274020
vt 0.56798244 0.88435012
vt 0.81620079 0.72674805
vt 0.81595534 0.72564274
vt 0.81785703 0.72626972
vt 0.81904751 0.72446674
vt 0.81863475 0.72351325
vt 0.81669968 0.72307980
vt 0.82003927 0.72292173
vt 0.81471831 0.72709084
vt 0.81401223 0.72529358
vt 0.81477547 0.72251379
vt 0.81982833 0.72697580
vt 0.82051295 0.72414470
vt 0.81926763 0.72133815
vt 0.81717438 0.72898424
vt 0.81910777 0.72962582
vt 0.82177192 0.72765887
vt 0.82255626 0.72505587
vt 0.82091522 0.73015952
vt 0.82245958 0.72970754
vt 0.81519747 0.72820961
vt 0.81536883 0.72028494
vt 0.81725597 0.72044641
vt 0.82326275 0.72821981
vt 0.82515228 0.72669125
vt 0.82421750 0.72859281
vt 0.82465506 0.72569948
vt 0.82160515 0.72223175
vt 0.82059586 0.72181880
vt 0.82329249 0.72288644
vt 0.82227910 0.72128946
vt 0.82365698 0.72156996
vt 0.82582337 0.72515219
vt 0.82289296 0.73092437
vt 0.82477206 0.73187637
vt 0.82125407 0.73115468
vt 0.82529658 0.72380382
vt 0.82593560 0.72485763
vt 0.82418525 0.73415476
vt 0.82236212 0.73342216
vt 0.82036275 0.73248345
vt 0.82575369 0.72212869
vt 0.81980377 0.73136139
vt 0.82563132 0.72920030
vt 0.82335061 0.73511374
vt 0.82459867 0.73505503
vt 0.82525814 0.73389816
vt 0.82599318 0.73248690
vt 0.81354278 0.72701424
vt 0.81209171 0.72475636
vt 0.81283689 0.72195262
vt 0.81334263 0.72002470
vt 0.81154990 0.72682428
vt 0.81016040 0.72422534
vt 0.81871116 0.73134410
vt 0.80956614 0.72654629
vt 0.80822259 0.72369772
vt 0.81324816 0.72821051
vt 0.81125909 0.72801310
vt 0.81080353 0.72109300
vt 0.80758744 0.72622323
vt 0.80628943 0.72314304
vt 0.80927843 0.72772956
vt 0.80889243 0.72110677
vt 0.80450535 0.72245562
vt 0.80367684 0.72526681
vt 0.80575061 0.72608566
vt 0.80171400 0.72472101
vt 0.80059409 0.72276211
vt 0.79971582 0.72393686
vt 0.81847882 0.73246866
vt 0.81473249 0.73079515
vt 0.81650734 0.73143619
vt 0.80730218 0.72740310
vt 0.80629003 0.72723496
vt 0.80497766 0.72697538
vt 0.80334795 0.72664517
vt 0.80136240 0.72621804
vt 0.79940951 0.72577637
vt 0.79787892 0.72384548
vt 0.81281489 0.73022056
vt 0.81091112 0.72965950
vt 0.80899209 0.72912967
vt 0.81689602 0.73244226
vt 0.79751199 0.72535026
vt 0.79561424 0.72493112
vt 0.79596496 0.72358435
vt 0.79399896 0.72331977
vt 0.82202822 0.73493242
vt 0.80705899 0.72862601
vt 0.81557816 0.73232645
vt 0.81449145 0.73213196
vt 0.79367089 0.72449636
vt 0.79196912 0.72303778
vt 0.80533451 0.72799367
vt 0.80312854 0.72779924
vt 0.82005054 0.73475903
vt 0.80115139 0.72739458
vt 0.81252986 0.73177171
vt 0.81951237 0.71990234
vt 0.79919845 0.72697854
vt 0.81059337 0.73139620
vt 0.80865741 0.73098618
vt 0.81814551 0.73409939
vt 0.79727829 0.72657388
vt 0.80671030 0.73055291
vt 0.80475986 0.73011458
vt 0.80280012 0.72966909
vt 0.82150656 0.72036994
vt 0.81614202 0.73335654
vt 0.79534817 0.72616881
vt 0.79337507 0.72574359
vt 0.79134291 0.72529399
vt 0.82637364 0.72640014
vt 0.81428432 0.73323643
vt 0.81231135 0.73294228
vt 0.80084938 0.72921801
vt 0.81037325 0.73261464
vt 0.80843765 0.73224276
vt 0.81923223 0.73540598
vt 0.81791097 0.73526037
vt 0.81594747 0.73503613
vt 0.82056624 0.73556060
vt 0.79891187 0.72876114
vt 0.79698473 0.72830105
vt 0.80648351 0.73184270
vt 0.81397063 0.73478276
vt 0.80452698 0.73143607
vt 0.80256677 0.73101848
vt 0.80062193 0.73059040
vt 0.79868424 0.73015428
vt 0.81198543 0.73448181
vt 0.81004238 0.73414463
vt 0.79504156 0.72783798
vt 0.79306388 0.72736567
vt 0.79674584 0.72970742
vt 0.80810654 0.73378581
vt 0.79478836 0.72925162
vt 0.82187247 0.73571092
vt 0.80591446 0.73335260
vt 0.79280531 0.72878939
vt 0.79080105 0.72830790
vt 0.80225641 0.73258626
vt 0.80032188 0.73215055
vt 0.79838753 0.73171580
vt 0.79645127 0.73126900
vt 0.80583119 0.73483592
vt 0.80777949 0.73519087
vt 0.80971998 0.73552471
vt 0.79449385 0.73080677
vt 0.80389059 0.73445511
vt 0.80070889 0.73378575
vt 0.79808652 0.73322242
vt 0.81168151 0.73585582
vt 0.79252476 0.73034179
vt 0.79614609 0.73280442
vt 0.81368071 0.73618960
vt 0.79417950 0.73238868
vt 0.82386935 0.73601836
vt 0.82533115 0.73631173
vt 0.82603759 0.73527914
vt 0.82675439 0.73658317
vt 0.81549144 0.73658317
vt 0.81767613 0.73642886
vt 0.81973630 0.73627681
vt 0.99862981 0.20402491
vt 0.99647760 0.20375377
vt 0.99868423 0.20618480
vt 0.99517542 0.20602030
vt 0.99786001 0.20169950
vt 0.99850708 0.20174176
vt 0.99850708 0.20796067
vt 0.48115546 0.05793762
vt 0.48446441 0.05804443
vt 0.48161879 0.05618185
vt 0.48173824 0.06030405
vt 0.48453343 0.05513149
vt 0.48114136 0.05345821
vt 0.48464912 0.05232561
vt 0.48451346 0.06053805
vt 0.48262024 0.06235844
vt 0.48464912 0.06320995
vt 0.48325935 0.06443077
vt 0.48121038 0.06363261
vt 0.48198730 0.06547797
vt 0.48107728 0.06453824
vt 0.48399997 0.06643248
vt 0.48214421 0.06745070
vt 0.48074898 0.06639177
vt 0.48026314 0.06773740
vt 0.48124090 0.06934464
vt 0.48279172 0.06948864
vt 0.48208767 0.07110912
vt 0.20839833 0.48502493
vt 0.20700119 0.48624527
vt 0.20675646 0.48287559
vt 0.20498537 0.48398566
vt 0.20419043 0.48648429
vt 0.20305289 0.48394269
vt 0.20412330 0.48267412
vt 0.20158699 0.48703039
vt 0.20289637 0.48213398
vt 0.20553868 0.48239970
vt 0.20418024 0.48084158
vt 0.20305540 0.48072255
vt 0.20438997 0.47816908
vt 0.20329542 0.47801721
vt 0.20180155 0.47778565
vt 0.20564947 0.48094940
vt 0.20598574 0.47853309
vt 0.20144130 0.48049557
vt 0.20005490 0.48025048
vt 0.20037098 0.47757518
vt 0.19879827 0.47736388
vt 0.19825360 0.48009211
vt 0.19712794 0.47916770
vt 0.19739737 0.47717524
vt 0.19595844 0.47696614
vt 0.19561574 0.47972983
vt 0.19988009 0.48148155
vt 0.19916093 0.47469926
vt 0.19634072 0.47430336
vt 0.19948912 0.47246552
vt 0.19750011 0.47197664
vt 0.19464776 0.47674960
vt 0.19120422 0.47116232
vt 0.19269936 0.47135520
vt 0.19255914 0.47376120
vt 0.19402485 0.47158182
vt 0.19508998 0.47410178
vt 0.19318886 0.47648203
vt 0.19199194 0.47625655
vt 0.19092008 0.47337574
vt 0.19050343 0.47597504
vt 0.18905224 0.47569656
vt 0.19178684 0.47777849
vt 0.18723179 0.47560585
vt 0.18799682 0.47286004
vt 0.18884052 0.47708213
vt 0.18946674 0.47311532
vt 0.18834135 0.47058314
vt 0.19143662 0.46988517
vt 0.18855299 0.46940541
vt 0.18715915 0.46916443
vt 0.18620688 0.47465920
vt 0.18551551 0.47005242
vt 0.18655543 0.47259700
vt 0.18586041 0.47641623
vt 0.19436705 0.47867393
vt 0.18515179 0.47231030
vt 0.18379413 0.47202349
vt 0.18423702 0.46980578
vt 0.19424403 0.47026777
vt 0.20068003 0.47489738
vt 0.18336985 0.47414458
vt 0.18458611 0.47528338
vt 0.19586095 0.47051293
vt 0.19683568 0.47091097
vt 0.20092338 0.47266948
vt 0.20232925 0.47285944
vt 0.19960634 0.47136158
vt 0.19825229 0.47090262
vt 0.20209838 0.47507608
vt 0.20350838 0.47527397
vt 0.18570003 0.46891636
vt 0.18299767 0.47590184
vt 0.19022353 0.47825944
vt 0.20390628 0.47295785
vt 0.20481533 0.47365522
vt 0.20463704 0.47542202
vt 0.20588925 0.47555608
vt 0.20493646 0.47236598
vt 0.20577964 0.47316080
vt 0.20724599 0.47568703
vt 0.20882274 0.47352791
vt 0.20741354 0.47340596
vt 0.20707853 0.47781134
vt 0.20694929 0.47971094
vt 0.20686859 0.48103666
vt 0.20101133 0.47135615
vt 0.20241550 0.47177470
vt 0.18751840 0.47787583
vt 0.18858826 0.47877264
vt 0.18266082 0.46950185
vt 0.18450524 0.46869051
vt 0.19298227 0.47903550
vt 0.19157408 0.47941941
vt 0.20344675 0.47170323
vt 0.20862618 0.47577602
vt 0.20809470 0.47867906
vt 0.20865159 0.48131728
vt 0.18209171 0.47151113
vt 0.18230471 0.47462142
vt 0.20995212 0.47855973
vt 0.21013016 0.47584987
vt 0.21020232 0.47364485
vt 0.21167612 0.47375429
vt 0.19690366 0.47043288
vt 0.20497796 0.47188795
vt 0.20603277 0.47200549
vt 0.21157901 0.47589695
vt 0.18418232 0.47746891
vt 0.18128200 0.47042203
vt 0.18154866 0.46929109
vt 0.21302755 0.47593999
vt 0.18093783 0.47198009
vt 0.18050018 0.47390449
vt 0.20746014 0.47215414
vt 0.21291317 0.47863686
vt 0.21426432 0.47598481
vt 0.21136992 0.47859931
vt 0.20980635 0.48073578
vt 0.21084473 0.48144543
vt 0.21277668 0.48133385
vt 0.21404967 0.47866637
vt 0.21265638 0.48270434
vt 0.21387137 0.48137796
vt 0.21544430 0.47873092
vt 0.21533170 0.48142803
vt 0.21523398 0.48316264
vt 0.21663676 0.48148173
vt 0.20968167 0.48227942
vt 0.18286921 0.46838039
vt 0.18176934 0.47684544
vt 0.21301398 0.47384781
vt 0.21671988 0.47879636
vt 0.17984688 0.47639644
vt 0.17885505 0.47529602
vt 0.18562612 0.47778308
vt 0.18170270 0.46817005
vt 0.19415303 0.48025358
vt 0.19689332 0.48079956
vt 0.21012975 0.47255349
vt 0.21559802 0.47605532
vt 0.21131998 0.48301607
vt 0.21464559 0.47380078
vt 0.17926802 0.47362363
vt 0.18009764 0.47109520
vt 0.18009432 0.46901894
vt 0.18281785 0.47713518
vt 0.18143798 0.47807854
vt 0.19963045 0.47080117
vt 0.21788594 0.47884876
vt 0.21788317 0.48151970
vt 0.21295646 0.47288299
vt 0.18699378 0.47952640
vt 0.21629909 0.48392308
vt 0.21796528 0.48380893
vt 0.21626680 0.48527408
vt 0.21991725 0.48356801
vt 0.21684121 0.47611356
vt 0.17761375 0.47058678
vt 0.17839624 0.47695756
vt 0.17820522 0.46867520
vt 0.17689282 0.46954161
vt 0.21984068 0.48506963
vt 0.20908195 0.47225446
vt 0.21997038 0.48162544
vt 0.22094393 0.48246562
vt 0.22095203 0.48275149
vt 0.18018176 0.46785897
vt 0.21568148 0.47438926
vt 0.21571091 0.47317046
vt 0.17760763 0.47330558
vt 0.19002712 0.48008990
vt 0.20240548 0.47126698
vt 0.18536198 0.47959667
vt 0.19874868 0.48166454
vt 0.22110321 0.48406315
vt 0.17724325 0.46850574
vt 0.21797250 0.47615850
vt 0.18393634 0.47889549
vt 0.20836085 0.48258930
vt 0.17641667 0.47103488
vt 0.17586909 0.47299522
vt 0.17755604 0.47594965
vt 0.17516561 0.47551841
vt 0.17438157 0.47442710
vt 0.17381763 0.47615916
vt 0.17546035 0.47769845
vt 0.21378593 0.48343277
vt 0.18027608 0.47825372
vt 0.19692749 0.47027922
vt 0.17840794 0.46752501
vt 0.20118974 0.48219562
vt 0.19290243 0.48063600
vt 0.21687745 0.47389978
vt 0.17690066 0.47740388
vt 0.17742208 0.46735239
vt 0.21955824 0.47886997
vt 0.21804452 0.47463858
vt 0.21146998 0.47242630
vt 0.21814042 0.47337490
vt 0.19539818 0.48114002
vt 0.18253742 0.47883940
vt 0.22189926 0.48343396
vt 0.22112253 0.48469895
vt 0.22236842 0.48505151
vt 0.20500281 0.47155285
vt 0.20153135 0.48359632
vt 0.21405056 0.47247279
vt 0.18836474 0.48031944
vt 0.21798414 0.48580253
vt 0.17330609 0.47820777
vt 0.17232129 0.47688472
vt 0.17162094 0.47860146
vt 0.17077091 0.47753006
vt 0.17015791 0.47886294
vt 0.16849047 0.47717154
vt 0.16885543 0.47911859
vt 0.16703194 0.47768092
vt 0.16648364 0.47946346
vt 0.16535453 0.47815239
vt 0.16453671 0.47959507
vt 0.16622989 0.48058152
vt 0.16777690 0.48092747
vt 0.16774011 0.48103505
vt 0.16937831 0.48098123
vt 0.16915640 0.48154873
vt 0.16443498 0.48002970
vt 0.16358116 0.47838986
vt 0.16271929 0.48021126
vt 0.17801358 0.47848558
vt 0.17285715 0.47992766
vt 0.17442901 0.47980940
vt 0.21447477 0.48492336
vt 0.21450000 0.48528099
vt 0.20039730 0.48463953
vt 0.19933443 0.48349059
vt 0.19599804 0.46977115
vt 0.19833781 0.47018951
vt 0.20105621 0.47066754
vt 0.19291523 0.46930170
vt 0.20374292 0.47106850
vt 0.19014432 0.46895599
vt 0.20747323 0.47168356
vt 0.20621616 0.47124100
vt 0.18728480 0.46855116
vt 0.19449119 0.46854138
vt 0.19168036 0.46816313
vt 0.18883750 0.46770358
vt 0.18591583 0.46769601
vt 0.18456243 0.46818703
vt 0.21246368 0.48513305
vt 0.21248187 0.48544991
vt 0.17074682 0.48227006
vt 0.17068988 0.48242819
vt 0.17213482 0.48227084
vt 0.17202462 0.48284972
vt 0.18565814 0.48413634
vt 0.18656810 0.48139811
vt 0.18725744 0.48321414
vt 0.18955582 0.48226047
vt 0.18363947 0.48084205
vt 0.18289398 0.48356587
vt 0.18948989 0.48422235
vt 0.19133647 0.48091620
vt 0.19241603 0.48264772
vt 0.19398648 0.48141193
vt 0.19332045 0.48373640
vt 0.19479774 0.48265117
vt 0.19420543 0.48386991
vt 0.19619858 0.48266923
vt 0.19577377 0.48482537
vt 0.19699647 0.48422205
vt 0.19743787 0.48203939
vt 0.19779700 0.48582411
vt 0.19956170 0.48634362
vt 0.18197148 0.48191786
vt 0.18017693 0.48290932
vt 0.18105017 0.48465192
vt 0.17840722 0.48403621
vt 0.19166835 0.48446262
vt 0.18084536 0.47970080
vt 0.17891386 0.48079062
vt 0.17752557 0.48158175
vt 0.17607649 0.47976577
vt 0.17569184 0.48102856
vt 0.17654787 0.48216963
vt 0.17501424 0.48309755
vt 0.17403151 0.48105943
vt 0.17342666 0.48406637
vt 0.17128269 0.47990370
vt 0.17718731 0.48358393
vt 0.17637894 0.48523021
vt 0.17452893 0.48648661
vt 0.18004809 0.48703039
vt 0.24480657 0.47368419
vt 0.24618070 0.47558713
vt 0.24359894 0.47514272
vt 0.24341486 0.47721261
vt 0.24662068 0.47754562
vt 0.25531623 0.49527526
vt 0.25335234 0.49522889
vt 0.25337416 0.49329770
vt 0.25822580 0.50141072
vt 0.25823954 0.50336963
vt 0.25715634 0.50233406
vt 0.25819525 0.50516665
vt 0.25522795 0.50025815
vt 0.25419366 0.50315249
vt 0.25328580 0.50014216
vt 0.25129291 0.50296289
vt 0.25415382 0.50501657
vt 0.25412369 0.50699896
vt 0.25831997 0.50721097
vt 0.25703168 0.50938755
vt 0.25872064 0.50947386
vt 0.25699505 0.51165271
vt 0.25378770 0.51151150
vt 0.25924966 0.51143879
vt 0.25892761 0.51314449
vt 0.25330454 0.50922620
vt 0.25116810 0.51145929
vt 0.24918272 0.51331067
vt 0.25310218 0.51327467
vt 0.25705424 0.51335680
vt 0.25120059 0.50909239
vt 0.24923424 0.51141906
vt 0.24934235 0.50903976
vt 0.25124383 0.50584584
vt 0.25128397 0.49921751
vt 0.25332990 0.49714792
vt 0.25140494 0.49529815
vt 0.24943382 0.49306732
vt 0.24941278 0.49597609
vt 0.24740954 0.49589705
vt 0.24740103 0.49878025
vt 0.24539337 0.49775028
vt 0.24536815 0.50165606
vt 0.24338119 0.49962163
vt 0.24960545 0.49938691
vt 0.24737972 0.50173420
vt 0.24934068 0.50379682
vt 0.24733989 0.50468379
vt 0.24727106 0.50900900
vt 0.24532776 0.50563657
vt 0.24529915 0.50896192
vt 0.24229085 0.50658017
vt 0.24333817 0.50357938
vt 0.24340767 0.49673760
vt 0.24441381 0.49483919
vt 0.24743280 0.49196565
vt 0.24542525 0.49187016
vt 0.24745087 0.48900294
vt 0.24559888 0.48750281
vt 0.24745974 0.48710048
vt 0.24540250 0.48518944
vt 0.24536610 0.48324144
vt 0.24339230 0.48510861
vt 0.24336037 0.47918868
vt 0.24311505 0.48252785
vt 0.24122640 0.48123658
vt 0.24140292 0.48736507
vt 0.24342215 0.48790598
vt 0.24242350 0.49074554
vt 0.24343415 0.49280131
vt 0.24141420 0.49372780
vt 0.24137533 0.49763680
vt 0.23937054 0.49365699
vt 0.23933004 0.49759400
vt 0.24132423 0.50155282
vt 0.23927677 0.50152779
vt 0.24026392 0.50449520
vt 0.23921920 0.50650936
vt 0.23919383 0.50882399
vt 0.23711839 0.50647354
vt 0.23714717 0.50445884
vt 0.23508108 0.50642407
vt 0.23511545 0.50442338
vt 0.23724587 0.50117040
vt 0.23516415 0.50184584
vt 0.23520821 0.49850893
vt 0.23724607 0.49756277
vt 0.23525698 0.49460351
vt 0.23723780 0.49395740
vt 0.23530233 0.49157631
vt 0.23730825 0.49061996
vt 0.23532532 0.48864639
vt 0.23731066 0.48809457
vt 0.23534268 0.48672545
vt 0.23535892 0.48483264
vt 0.23731010 0.48318595
vt 0.23537438 0.48291492
vt 0.23730937 0.48096800
vt 0.23538221 0.48095888
vt 0.23538427 0.47732508
vt 0.23729567 0.47712821
vt 0.23537244 0.47497797
vt 0.23728742 0.47509068
vt 0.23937760 0.49066830
vt 0.23934093 0.48793775
vt 0.23931746 0.48337108
vt 0.23931280 0.48101741
vt 0.23941602 0.47763568
vt 0.23927620 0.47515368
vt 0.23727494 0.47312939
vt 0.23925859 0.47318679
vt 0.24135871 0.47517967
vt 0.24133277 0.47320330
vt 0.24132995 0.47722548
vt 0.24132043 0.47916210
vt 0.24349941 0.47316575
vt 0.24493025 0.47502089
vt 0.24539481 0.47912610
vt 0.24738504 0.48119712
vt 0.24945387 0.49108249
vt 0.24948460 0.48907936
vt 0.24954467 0.48706746
vt 0.24742228 0.48520887
vt 0.24943355 0.48513103
vt 0.24739912 0.48322403
vt 0.25144303 0.49118865
vt 0.25140458 0.49319112
vt 0.24726290 0.51139456
vt 0.24527207 0.51137275
vt 0.24304485 0.51132089
vt 0.24152747 0.50875348
vt 0.23725222 0.51125968
vt 0.23708442 0.50875741
vt 0.23504406 0.50865376
vt 0.23500291 0.51106048
vt 0.23910804 0.51335341
vt 0.23699850 0.51332539
vt 0.24329282 0.51336479
vt 0.24522279 0.51336509
vt 0.25686187 0.49877846
vt 0.25821778 0.49936152
vt 0.25735360 0.49747688
vt 0.26061034 0.51223063
vt 0.25973076 0.50952917
vt 0.25152710 0.48796201
vt 0.25278658 0.49126428
vt 0.23536527 0.47298884
vt 0.26107153 0.50959462
vt 0.26119483 0.51164329
vt 0.24132594 0.47130466
vt 0.24352308 0.47130013
vt 0.23925099 0.47130042
vt 0.23726796 0.47127128
vt 0.23536602 0.47114843
vt 0.25941351 0.50730747
vt 0.23408636 0.49589205
vt 0.23413658 0.49190009
vt 0.23394819 0.50643677
vt 0.23398675 0.50395656
vt 0.23403716 0.49993050
vt 0.24132793 0.46965969
vt 0.24369062 0.46933019
vt 0.23384061 0.51095814
vt 0.23390599 0.50861049
vt 0.25407094 0.49270034
vt 0.24946621 0.48248082
vt 0.26112825 0.50741935
vt 0.25928444 0.50529480
vt 0.26317859 0.50974107
vt 0.23536558 0.46932042
vt 0.23726889 0.46942890
vt 0.23933683 0.46935999
vt 0.26310042 0.51189649
vt 0.23418392 0.48720312
vt 0.23872967 0.46822584
vt 0.23723209 0.46751446
vt 0.23536544 0.46737480
vt 0.23419800 0.48484898
vt 0.23538446 0.46536249
vt 0.25928107 0.50342780
vt 0.23419896 0.48293924
vt 0.26309970 0.51352167
vt 0.26533595 0.50990433
vt 0.23417985 0.48097348
vt 0.23407224 0.47887486
vt 0.26520815 0.51201683
vt 0.26521936 0.51362675
vt 0.23416336 0.47525144
vt 0.23412494 0.47285897
vt 0.23405647 0.47102451
vt 0.23655778 0.46624136
vt 0.26123926 0.50541180
vt 0.25929978 0.50143987
vt 0.26727650 0.51215667
vt 0.26933920 0.51390594
vt 0.26937115 0.51228827
vt 0.27139330 0.51381952
vt 0.27154875 0.51230735
vt 0.26355085 0.50738883
vt 0.23396143 0.46918750
vt 0.23372751 0.46724379
vt 0.25545222 0.49090755
vt 0.25511917 0.48934734
vt 0.26746440 0.50995940
vt 0.26957312 0.51076978
vt 0.27100572 0.51116127
vt 0.25347584 0.48800653
vt 0.25974530 0.49942148
vt 0.26147148 0.50146145
vt 0.26137125 0.50350392
vt 0.26365933 0.50140035
vt 0.23372152 0.46503305
vt 0.26555514 0.50814307
vt 0.26301050 0.50353074
vt 0.26313081 0.50547558
vt 0.23482490 0.46373641
vt 0.23374432 0.46288013
vt 0.23373699 0.47485101
vt 0.23367566 0.47281396
vt 0.23375537 0.47730654
vt 0.23375836 0.48014486
vt 0.23355938 0.47098196
vt 0.25673985 0.48995018
vt 0.25720084 0.49079812
vt 0.23335128 0.46843201
vt 0.26689425 0.50868577
vt 0.25091994 0.48596328
vt 0.23310687 0.46651298
vt 0.23289473 0.46490502
vt 0.23372300 0.48489511
vt 0.23356830 0.49683225
vt 0.23362806 0.49224204
vt 0.23369054 0.48700327
vt 0.23341638 0.51088959
vt 0.23354690 0.50186545
vt 0.23352420 0.50443667
vt 0.23349524 0.50645769
vt 0.23345399 0.50858748
vt 0.25533825 0.49255961
vt 0.01266379 0.31369239
vt 0.01086406 0.31520557
vt 0.00889966 0.31382447
vt 0.01040630 0.31261182
vt 0.01054539 0.31842661
vt 0.01266379 0.31995130
vt 0.00989455 0.31987423
vt 0.01271930 0.31678700
vt 0.00925176 0.31654263
vt 0.01086725 0.32155633
vt 0.00833333 0.31523401
vt 0.00897943 0.31855577
vt 0.09346335 0.02451336
vt 0.09368847 0.02511853
vt 0.09316346 0.02427316
vt 0.09741426 0.02185130
vt 0.09794747 0.02139932
vt 0.09891105 0.02289629
vt 0.09728119 0.02040762
vt 0.09781323 0.02354449
vt 0.09929571 0.02419674
vt 0.09630708 0.02140516
vt 0.09539242 0.01970983
vt 0.09639566 0.01910704
vt 0.09537213 0.01830602
vt 0.09462918 0.02074659
vt 0.09479559 0.02181280
vt 0.09312146 0.02199280
vt 0.09340760 0.02015918
vt 0.09168578 0.02161241
vt 0.09396221 0.01779020
vt 0.09283006 0.01869333
vt 0.09250348 0.01727396
vt 0.09440108 0.01933891
vt 0.09141478 0.02013606
vt 0.09157079 0.01816356
vt 0.09100721 0.01667905
vt 0.08967835 0.01810342
vt 0.09201861 0.01577687
vt 0.09347545 0.01624870
vt 0.08973105 0.01620710
vt 0.09060447 0.01530844
vt 0.09245030 0.02251548
vt 0.09498134 0.01711595
vt 0.08909158 0.01437211
vt 0.08809382 0.01628715
vt 0.08861637 0.01732999
vt 0.09150024 0.01442510
vt 0.09030845 0.01398891
vt 0.09641185 0.02293253
vt 0.09532110 0.02379239
vt 0.09360201 0.02380675
vt 0.09660073 0.02438837
vt 0.09490685 0.02545524
vt 0.09820826 0.02546978
vt 0.09681448 0.02562195
vt 0.09944917 0.02531147
vt 0.08750113 0.01465476
vt 0.08879139 0.01336747
vt 0.08684397 0.01521981
vt 0.08930857 0.01273149
vt 0.09517051 0.02694649
vt 0.09424651 0.02569395
vt 0.09314107 0.01484835
vt 0.10025513 0.02509260
vt 0.08735597 0.01604992
vt 0.09448534 0.02630037
vt 0.09701469 0.02709371
vt 0.09836937 0.02698940
vt 0.09960910 0.02676457
vt 0.08934817 0.01838797
vt 0.09117309 0.01280534
vt 0.09016915 0.01975662
vt 0.10087842 0.02642089
vt 0.08851600 0.01183671
vt 0.08762516 0.01275980
vt 0.08626842 0.01429725
vt 0.09396906 0.01580060
vt 0.09019743 0.01176703
vt 0.08938703 0.01090682
vt 0.09301008 0.02352482
vt 0.08566488 0.01293445
vt 0.08505841 0.01360244
vt 0.08697189 0.01146746
vt 0.08589284 0.01454037
vt 0.08743134 0.01064378
vt 0.08567314 0.01080632
vt 0.08546738 0.00888312
vt 0.08368582 0.01102287
vt 0.08425725 0.01241618
vt 0.08741943 0.00894690
vt 0.08837514 0.00988024
vt 0.09217135 0.01381457
vt 0.08390432 0.00924021
vt 0.08416712 0.00796247
vt 0.08224518 0.01055092
vt 0.08297663 0.01179475
vt 0.08383735 0.01277077
vt 0.08175976 0.01100832
vt 0.08287953 0.00770980
vt 0.08187260 0.00893378
vt 0.08093969 0.01005203
vt 0.08365352 0.00705373
vt 0.09212655 0.02231723
vt 0.09254622 0.02319926
vt 0.08152056 0.00740069
vt 0.07988844 0.00868994
vt 0.08216398 0.00648940
vt 0.08956631 0.01900113
vt 0.07995415 0.00955641
vt 0.08026993 0.01054770
vt 0.08229062 0.01225644
vt 0.07835994 0.00880629
vt 0.08080525 0.00595057
vt 0.07999686 0.00697088
vt 0.07881832 0.00843358
vt 0.07763391 0.00798118
vt 0.08143608 0.00532568
vt 0.08026073 0.00514066
vt 0.07941355 0.00572735
vt 0.07813198 0.00736594
vt 0.07612587 0.00736427
vt 0.08831038 0.01764399
vt 0.07833876 0.00413269
vt 0.07810625 0.00550723
vt 0.07660616 0.00692302
vt 0.09420832 0.02616596
vt 0.08437776 0.01402682
vt 0.08638140 0.01577640
vt 0.07710625 0.00392151
vt 0.07616855 0.00534248
vt 0.07572965 0.00371701
vt 0.07640747 0.00304389
vt 0.07775372 0.00337005
vt 0.07663653 0.00855851
vt 0.07447482 0.00713581
vt 0.07411414 0.00521344
vt 0.07361775 0.00161034
vt 0.07465384 0.00207835
vt 0.07398124 0.00319475
vt 0.07531571 0.00666207
vt 0.07872552 0.01025867
vt 0.07418770 0.00628656
vt 0.07239345 0.00559515
vt 0.07287516 0.00501114
vt 0.07223899 0.00368261
vt 0.07280383 0.00690228
vt 0.07064599 0.00548923
vt 0.07226109 0.00184643
vt 0.07235016 0.00112486
vt 0.09189285 0.02294528
vt 0.09065157 0.02115691
vt 0.07030624 0.00324130
vt 0.07033312 0.00167429
vt 0.07164039 0.00475907
vt 0.07039049 0.00443816
vt 0.06884000 0.00304049
vt 0.06845807 0.00377983
vt 0.06891447 0.00529438
vt 0.07104115 0.00672871
vt 0.06685030 0.00374806
vt 0.08070252 0.01200777
vt 0.06714405 0.00509834
vt 0.06500751 0.00364381
vt 0.07491428 0.00840139
vt 0.08667213 0.01745731
vt 0.08855711 0.01934332
vt 0.06525508 0.00496680
vt 0.06313159 0.00356871
vt 0.08921123 0.01993597
vt 0.09112103 0.02074450
vt 0.09105831 0.02053422
vt 0.08269820 0.01380104
vt 0.08677827 0.01928675
vt 0.08472332 0.01560044
vt 0.08867287 0.02106762
vt 0.09015827 0.02165127
vt 0.09034219 0.02294183
vt 0.07044615 0.00044721
vt 0.08484510 0.01746404
vt 0.06333281 0.00492615
vt 0.06140117 0.00494796
vt 0.06121080 0.00353104
vt 0.08289557 0.01563340
vt 0.09073582 0.02492982
vt 0.09255356 0.02491248
vt 0.09409520 0.02660960
vt 0.09558871 0.02849448
vt 0.09739117 0.02852905
vt 0.09442571 0.02839494
vt 0.09595047 0.03033972
vt 0.09446988 0.03034860
vt 0.09489219 0.03225946
vt 0.09630319 0.03223014
vt 0.09751187 0.03244066
vt 0.09778185 0.03421974
vt 0.09654391 0.03411937
vt 0.09668755 0.03612769
vt 0.09802201 0.03616685
vt 0.09662572 0.03832084
vt 0.09822309 0.03822911
vt 0.09839360 0.04009002
vt 0.09693605 0.03999132
vt 0.08490622 0.01936609
vt 0.08684086 0.02118075
vt 0.08875666 0.02300096
vt 0.09339596 0.02976876
vt 0.09370767 0.03108734
vt 0.09199682 0.02847058
vt 0.08298371 0.01753581
vt 0.09180473 0.02574492
vt 0.09531485 0.03589725
vt 0.09390908 0.03253299
vt 0.09428914 0.03626275
vt 0.09496179 0.03825760
vt 0.09590488 0.03907305
vt 0.07700568 0.01018292
vt 0.07517928 0.01022458
vt 0.09611435 0.04052371
vt 0.08689427 0.02310419
vt 0.08881052 0.02489769
vt 0.09857803 0.04179519
vt 0.08105253 0.01571643
vt 0.08094876 0.01381034
vt 0.06922387 0.00666565
vt 0.09075052 0.02667856
vt 0.09079216 0.02860796
vt 0.09274861 0.03243470
vt 0.09091712 0.03188032
vt 0.09096447 0.03461987
vt 0.09280668 0.03438258
vt 0.09292304 0.03710246
vt 0.09131915 0.04049212
vt 0.09306530 0.04019403
vt 0.09494427 0.04005569
vt 0.08886806 0.02681047
vt 0.08893166 0.02875251
vt 0.08910866 0.03226268
vt 0.08914313 0.03471690
vt 0.08936609 0.04054564
vt 0.08956058 0.04569751
vt 0.09151416 0.04615611
vt 0.08700835 0.02535689
vt 0.08707875 0.02890795
vt 0.08510850 0.02616066
vt 0.08720019 0.03184867
vt 0.08523138 0.03003496
vt 0.08723164 0.03536969
vt 0.08539888 0.03487313
vt 0.08763481 0.04047239
vt 0.08555868 0.04049557
vt 0.08560986 0.04366279
vt 0.08309923 0.02140063
vt 0.08320986 0.02467293
vt 0.08121713 0.02354079
vt 0.08503627 0.02322656
vt 0.08323381 0.02730900
vt 0.08127380 0.02549487
vt 0.08332549 0.03019255
vt 0.08138728 0.02843004
vt 0.08342385 0.03313953
vt 0.08152543 0.03231853
vt 0.08347579 0.03509384
vt 0.08162975 0.03527039
vt 0.08543886 0.03694606
vt 0.08339985 0.03733087
vt 0.08361373 0.04154563
vt 0.08183508 0.04014260
vt 0.08391427 0.04702890
vt 0.08202112 0.04381496
vt 0.08221399 0.04757112
vt 0.08497724 0.02128202
vt 0.08304784 0.01945102
vt 0.08119277 0.02054828
vt 0.08113252 0.01762110
vt 0.07917912 0.01580447
vt 0.07729082 0.02136219
vt 0.07735947 0.01884639
vt 0.07700006 0.01585639
vt 0.07726447 0.01397610
vt 0.07536127 0.01409155
vt 0.07529194 0.01214367
vt 0.07338298 0.01234990
vt 0.07333808 0.01029229
vt 0.07148915 0.01234174
vt 0.07028987 0.01058221
vt 0.06955762 0.01244760
vt 0.06725124 0.01089394
vt 0.06940308 0.00851923
vt 0.06747015 0.00859755
vt 0.06550147 0.00869381
vt 0.06735892 0.00667512
vt 0.06560999 0.01067781
vt 0.06361029 0.00880432
vt 0.06541246 0.00672799
vt 0.06349432 0.00679612
vt 0.06158908 0.00687516
vt 0.05946191 0.00499970
vt 0.05848031 0.00703794
vt 0.05753294 0.00506645
vt 0.05573771 0.00716716
vt 0.05704727 0.00928271
vt 0.05382013 0.00725263
vt 0.05558397 0.00514013
vt 0.05368264 0.00521618
vt 0.05180977 0.00528949
vt 0.05190762 0.00732177
vt 0.04985529 0.00536668
vt 0.04894302 0.00740796
vt 0.04784309 0.00545704
vt 0.04589390 0.00557095
vt 0.04597031 0.00749254
vt 0.04402731 0.00756174
vt 0.04681537 0.00959599
vt 0.04414464 0.00958467
vt 0.04210667 0.00765204
vt 0.04220523 0.00960702
vt 0.04021983 0.00778598
vt 0.04028086 0.00965488
vt 0.05277849 0.00935310
vt 0.05755902 0.01136976
vt 0.05405983 0.01150239
vt 0.04968583 0.01166123
vt 0.04465653 0.01174051
vt 0.04239400 0.01167482
vt 0.04041773 0.01164854
vt 0.03842062 0.00975758
vt 0.03770820 0.01380378
vt 0.03654607 0.00987512
vt 0.03471915 0.01182145
vt 0.03791650 0.01607347
vt 0.03281249 0.01197338
vt 0.03410824 0.01597279
vt 0.03106802 0.01377678
vt 0.03108031 0.01588476
vt 0.02913734 0.01593590
vt 0.03230667 0.01800901
vt 0.02930400 0.01788443
vt 0.02726487 0.01608950
vt 0.03154255 0.02003837
vt 0.02854979 0.01986253
vt 0.02735923 0.01790845
vt 0.02545291 0.01805079
vt 0.02554672 0.01988012
vt 0.02362290 0.02004284
vt 0.02573997 0.02185667
vt 0.02369661 0.02189779
vt 0.02184938 0.02207643
vt 0.02411880 0.02594495
vt 0.02190466 0.02397585
vt 0.02008327 0.02416712
vt 0.02206839 0.02598321
vt 0.02012779 0.02597249
vt 0.01769864 0.02683514
vt 0.02027992 0.02787340
vt 0.01995434 0.03000391
vt 0.01648106 0.02815700
vt 0.01649397 0.02992642
vt 0.02255245 0.03007466
vt 0.02229616 0.02798486
vt 0.02490772 0.03341889
vt 0.02436925 0.02817696
vt 0.02636136 0.02727681
vt 0.02600218 0.02405387
vt 0.02939327 0.02626646
vt 0.02912817 0.02416342
vt 0.02883053 0.02195156
vt 0.03195921 0.02319807
vt 0.03280859 0.02705705
vt 0.03489796 0.02687269
vt 0.03384602 0.02324468
vt 0.03450034 0.02019280
vt 0.03772288 0.02218074
vt 0.03668648 0.02495766
vt 0.04020324 0.02379662
vt 0.04010968 0.02547985
vt 0.03825519 0.02743113
vt 0.03638654 0.02934390
vt 0.03348199 0.03103864
vt 0.03631534 0.03165591
vt 0.03461061 0.03524935
vt 0.03142601 0.03404051
vt 0.02916360 0.03287756
vt 0.03067353 0.02911478
vt 0.02867652 0.02925354
vt 0.02680393 0.03125036
vt 0.02737392 0.03675836
vt 0.02650752 0.03826755
vt 0.02216860 0.03600031
vt 0.01917488 0.03407919
vt 0.02175912 0.03213906
vt 0.01865200 0.03197956
vt 0.01661277 0.03193611
vt 0.01676971 0.03400075
vt 0.01471332 0.03206164
vt 0.01475965 0.03403974
vt 0.01313014 0.03428924
vt 0.01698080 0.03704923
vt 0.01495834 0.03805208
vt 0.01718673 0.04020590
vt 0.01510423 0.04017937
vt 0.01649643 0.04247463
vt 0.01318071 0.04015326
vt 0.01331137 0.04224801
vt 0.01154644 0.04025209
vt 0.01162394 0.03827018
vt 0.01153368 0.04234612
vt 0.01343975 0.04402798
vt 0.01155751 0.04414743
vt 0.01362155 0.04594773
vt 0.01160590 0.04583466
vt 0.00990477 0.04599917
vt 0.00990453 0.04791468
vt 0.01177020 0.04788035
vt 0.00995323 0.05003411
vt 0.01196259 0.05295819
vt 0.01002122 0.05202615
vt 0.01018598 0.05580366
vt 0.01210554 0.05584210
vt 0.01029751 0.05781251
vt 0.01219207 0.05777091
vt 0.01043419 0.05986804
vt 0.01228378 0.05979902
vt 0.01060846 0.06180322
vt 0.01245832 0.06365514
vt 0.01082176 0.06361508
vt 0.01426203 0.06349570
vt 0.01426502 0.05870479
vt 0.01624024 0.05859369
vt 0.01610026 0.05473197
vt 0.01410844 0.05482751
vt 0.01391183 0.05095845
vt 0.01591267 0.05088949
vt 0.01560709 0.04601049
vt 0.01775603 0.04883701
vt 0.01756360 0.04584008
vt 0.01540628 0.04402226
vt 0.01845822 0.04413909
vt 0.01935788 0.04117048
vt 0.02173748 0.04529107
vt 0.02264206 0.04198539
vt 0.02189957 0.03925598
vt 0.01909477 0.03707224
vt 0.02576146 0.04078174
vt 0.02767693 0.04259217
vt 0.02487645 0.04369819
vt 0.02791688 0.04771769
vt 0.02502093 0.04646099
vt 0.02516850 0.04931700
vt 0.02197488 0.04954386
vt 0.01987259 0.05063707
vt 0.01967642 0.04677981
vt 0.01796639 0.05268723
vt 0.02004856 0.05446231
vt 0.01812989 0.05650878
vt 0.02018809 0.05829203
vt 0.01824707 0.06042308
vt 0.01632348 0.06154788
vt 0.01832702 0.06431168
vt 0.01635016 0.06414604
vt 0.01839992 0.06726533
vt 0.01639845 0.06740117
vt 0.01645343 0.06950831
vt 0.01464113 0.06963223
vt 0.01845703 0.06934643
vt 0.02046239 0.06817466
vt 0.02052796 0.07107198
vt 0.01849072 0.07123214
vt 0.01652252 0.07130516
vt 0.02250715 0.07107842
vt 0.02242640 0.06805187
vt 0.02235609 0.06404954
vt 0.02032786 0.06417620
vt 0.02026269 0.06125230
vt 0.02336715 0.06102538
vt 0.02335713 0.05905205
vt 0.02223914 0.05622399
vt 0.02439116 0.05704147
vt 0.02432276 0.05371487
vt 0.02210460 0.05242258
vt 0.02630458 0.05263168
vt 0.02813286 0.05205470
vt 0.02827384 0.05589062
vt 0.02641137 0.05788624
vt 0.02835243 0.05967456
vt 0.02640705 0.06175196
vt 0.02438809 0.06390649
vt 0.02735935 0.06738400
vt 0.02438748 0.06791019
vt 0.02636343 0.06966209
vt 0.02440417 0.07196331
vt 0.02443135 0.07552004
vt 0.02246935 0.07487547
vt 0.02258257 0.07875240
vt 0.02063988 0.07874048
vt 0.02052934 0.07688320
vt 0.01904922 0.07843673
vt 0.02450686 0.07864732
vt 0.02271901 0.08060884
vt 0.02457102 0.08063525
vt 0.02636673 0.07852399
vt 0.02635279 0.07543135
vt 0.02828267 0.07838714
vt 0.02828670 0.07535404
vt 0.02731844 0.07240355
vt 0.03027792 0.07223421
vt 0.03032993 0.06883776
vt 0.02835673 0.06357539
vt 0.03031978 0.06342739
vt 0.03117354 0.06048244
vt 0.03226696 0.05864674
vt 0.03378613 0.06139177
vt 0.03273160 0.06495380
vt 0.03485600 0.06416363
vt 0.03710333 0.06662387
vt 0.03688248 0.06968063
vt 0.03323026 0.06950194
vt 0.03694199 0.07171971
vt 0.03318962 0.07201338
vt 0.03121577 0.07468355
vt 0.03506633 0.07386279
vt 0.03117318 0.07767856
vt 0.03505576 0.07632393
vt 0.03308013 0.07948029
vt 0.03020721 0.08020890
vt 0.02828055 0.08048940
vt 0.02637425 0.08053744
vt 0.02656977 0.08414626
vt 0.02841105 0.08424997
vt 0.03023141 0.08220643
vt 0.03045554 0.08597195
vt 0.03209953 0.08202446
vt 0.03388661 0.08385092
vt 0.03224124 0.08602810
vt 0.03245895 0.08781952
vt 0.03415165 0.08716500
vt 0.03440183 0.08955151
vt 0.03603736 0.08781105
vt 0.03603844 0.08581030
vt 0.03701105 0.08371049
vt 0.03506344 0.08180583
vt 0.03892552 0.08156681
vt 0.03699763 0.07968414
vt 0.04082542 0.07936460
vt 0.03844715 0.07672423
vt 0.04173530 0.07611537
vt 0.04071388 0.07338142
vt 0.04062521 0.07147437
vt 0.03943699 0.06865537
vt 0.04109199 0.06872743
vt 0.03985715 0.06607181
vt 0.03798945 0.06423491
vt 0.04140117 0.06438023
vt 0.04128813 0.06251812
vt 0.03849193 0.06158781
vt 0.04122030 0.06060457
vt 0.03925201 0.05875719
vt 0.04219995 0.05852449
vt 0.03921850 0.05678707
vt 0.04228495 0.05645239
vt 0.04256518 0.05332834
vt 0.04027685 0.05463350
vt 0.04062328 0.05103886
vt 0.04244054 0.04785633
vt 0.03850902 0.04972559
vt 0.03864640 0.04370028
vt 0.04187610 0.04358464
vt 0.03946703 0.04097533
vt 0.03626024 0.04384685
vt 0.03673882 0.03972471
vt 0.04023663 0.03913683
vt 0.03770914 0.03722274
vt 0.03984176 0.03720069
vt 0.03745136 0.03514433
vt 0.03937063 0.03410023
vt 0.03728984 0.03309596
vt 0.03911716 0.03102869
vt 0.04119847 0.03203255
vt 0.04060306 0.02908176
vt 0.04328955 0.03098458
vt 0.04311219 0.02894056
vt 0.04097494 0.02717090
vt 0.04345844 0.02720106
vt 0.04301285 0.02435035
vt 0.04610040 0.02502894
vt 0.04502457 0.02330577
vt 0.04305565 0.02182925
vt 0.04590187 0.02061933
vt 0.04204508 0.02003622
vt 0.04525302 0.01790625
vt 0.04000874 0.01819861
vt 0.04368089 0.01604867
vt 0.04078094 0.01611310
vt 0.04350737 0.01385522
vt 0.04735525 0.01386267
vt 0.04653213 0.01595354
vt 0.04939336 0.01581514
vt 0.05143256 0.01747799
vt 0.05107414 0.02005035
vt 0.05539313 0.01889491
vt 0.05632881 0.01630604
vt 0.05250463 0.01413637
vt 0.05615517 0.01343602
vt 0.05817561 0.01430297
vt 0.06004455 0.01318836
vt 0.05989231 0.01118928
vt 0.06185963 0.01100695
vt 0.06143364 0.00897801
vt 0.06363460 0.01103270
vt 0.06199801 0.01405865
vt 0.06023350 0.01651502
vt 0.06222503 0.01691914
vt 0.06223552 0.01953125
vt 0.06002197 0.02142966
vt 0.05818643 0.02151728
vt 0.05835424 0.01795185
vt 0.05633949 0.02159518
vt 0.05446222 0.02167004
vt 0.05587814 0.02470338
vt 0.05230470 0.02432144
vt 0.04987553 0.02291662
vt 0.04807040 0.02404386
vt 0.05204142 0.02701312
vt 0.04832750 0.02698255
vt 0.05042426 0.02913648
vt 0.04647361 0.02897805
vt 0.05058910 0.03117502
vt 0.04671174 0.03105223
vt 0.04368035 0.03412730
vt 0.04595390 0.03411657
vt 0.04411914 0.03710914
vt 0.04179244 0.03615481
vt 0.04234519 0.03907168
vt 0.04445535 0.03990519
vt 0.04262998 0.04086721
vt 0.04480784 0.04491174
vt 0.04655450 0.04397994
vt 0.04635522 0.03982323
vt 0.04914243 0.04060036
vt 0.04720153 0.03786671
vt 0.05001352 0.03764313
vt 0.04813189 0.03593934
vt 0.04896305 0.03404176
vt 0.05374630 0.03477198
vt 0.05071130 0.03310764
vt 0.05403682 0.03115201
vt 0.05410549 0.03302360
vt 0.05667326 0.03199989
vt 0.05566621 0.02909243
vt 0.05307589 0.02915722
vt 0.05470360 0.02696532
vt 0.05721249 0.02686357
vt 0.05972984 0.02448499
vt 0.05969272 0.02668542
vt 0.05979992 0.02986109
vt 0.05811049 0.02897531
vt 0.05829454 0.03193372
vt 0.05857395 0.03538847
vt 0.05684912 0.03592241
vt 0.05317378 0.03719598
vt 0.05525782 0.04075050
vt 0.05453661 0.04420447
vt 0.05014422 0.04479957
vt 0.04834524 0.04485273
vt 0.05038440 0.04905689
vt 0.04866325 0.05103999
vt 0.04679964 0.05179471
vt 0.04884087 0.05694914
vt 0.04566135 0.05612040
vt 0.04477385 0.05237734
vt 0.04556105 0.05819088
vt 0.04653457 0.06115484
vt 0.04428523 0.06135756
vt 0.04530348 0.06427902
vt 0.04919103 0.06194019
vt 0.04628944 0.06618869
vt 0.04339326 0.06620288
vt 0.04541591 0.06807256
vt 0.04281533 0.06882441
vt 0.04322758 0.07141018
vt 0.04635077 0.07068002
vt 0.04643082 0.07314229
vt 0.04443428 0.07590044
vt 0.04796832 0.07576269
vt 0.05070070 0.07576579
vt 0.05044697 0.07329291
vt 0.05331327 0.07333034
vt 0.05029630 0.07080549
vt 0.05323859 0.07166171
vt 0.05324746 0.06984329
vt 0.05241817 0.06690454
vt 0.04886331 0.06753170
vt 0.05261956 0.06268966
vt 0.05533035 0.06247878
vt 0.05309134 0.05957061
vt 0.05699686 0.05928332
vt 0.05468666 0.05621076
vt 0.05690300 0.05606920
vt 0.05679512 0.05298120
vt 0.05393492 0.05108339
vt 0.05662383 0.04900980
vt 0.05328545 0.04711455
vt 0.06047822 0.04682225
vt 0.06031171 0.04396099
vt 0.06324167 0.04709089
vt 0.06388648 0.04381108
vt 0.06238393 0.04104984
vt 0.06002406 0.04060996
vt 0.05976139 0.03814512
vt 0.06217153 0.03578359
vt 0.06025351 0.03492451
vt 0.06185214 0.03168982
vt 0.06180987 0.02863419
vt 0.06406593 0.03052193
vt 0.06417971 0.02841514
vt 0.06427044 0.02630818
vt 0.06184163 0.02650243
vt 0.06191709 0.02434176
vt 0.06432968 0.02320224
vt 0.06205677 0.02228320
vt 0.06430040 0.01947719
vt 0.06635260 0.02126020
vt 0.06612814 0.01761633
vt 0.06415781 0.01680422
vt 0.06589555 0.01473612
vt 0.06401595 0.01487565
vt 0.06574724 0.01268882
vt 0.06770328 0.01464778
vt 0.06896194 0.01845884
vt 0.06818758 0.02038854
vt 0.07089939 0.02034044
vt 0.06919792 0.02219474
vt 0.06645074 0.02411747
vt 0.06929092 0.02405846
vt 0.06648055 0.02616596
vt 0.06644040 0.02821928
vt 0.06844535 0.02706814
vt 0.06630445 0.03031570
vt 0.06612335 0.03234404
vt 0.06397826 0.03250736
vt 0.06404372 0.03574568
vt 0.06598216 0.03520930
vt 0.06519701 0.03965271
vt 0.06534548 0.04204351
vt 0.06780391 0.04016674
vt 0.06874745 0.03816932
vt 0.07099808 0.04041630
vt 0.06870224 0.04196352
vt 0.07052810 0.04342192
vt 0.06706543 0.04368997
vt 0.06561054 0.04589027
vt 0.06800058 0.04661232
vt 0.06571384 0.04997844
vt 0.06239115 0.05414051
vt 0.06156328 0.05075341
vt 0.05965545 0.05091274
vt 0.05966945 0.05459923
vt 0.06231726 0.05806035
vt 0.05957628 0.05820316
vt 0.05868535 0.06170660
vt 0.06153711 0.06524551
vt 0.05973212 0.06640553
vt 0.05788038 0.06442171
vt 0.05571963 0.06616151
vt 0.05707936 0.06864345
vt 0.05811326 0.07056040
vt 0.05625452 0.07243276
vt 0.05824132 0.07320690
vt 0.05833206 0.07560170
vt 0.05642693 0.07569265
vt 0.05448478 0.07574672
vt 0.05255966 0.07576859
vt 0.05286468 0.07959265
vt 0.05107801 0.08120668
vt 0.04922270 0.08134025
vt 0.04889144 0.08486950
vt 0.04640761 0.08026803
vt 0.04557517 0.08318430
vt 0.04362775 0.08020812
vt 0.04177288 0.08137822
vt 0.04369583 0.08329475
vt 0.04084232 0.08346552
vt 0.04183279 0.08532387
vt 0.03988692 0.08546835
vt 0.03795444 0.08564043
vt 0.03837719 0.08751535
vt 0.03612222 0.08968419
vt 0.04186935 0.08728504
vt 0.04379419 0.08713853
vt 0.04455787 0.08525759
vt 0.04626424 0.08694136
vt 0.05227270 0.08657002
vt 0.05410042 0.08447665
vt 0.05693628 0.08431822
vt 0.05676944 0.08142138
vt 0.05399714 0.08252919
vt 0.05568212 0.07896990
vt 0.05844502 0.07836145
vt 0.06024508 0.07429743
vt 0.06031803 0.07830465
vt 0.05855768 0.08042169
vt 0.06047636 0.08137339
vt 0.05873451 0.08331436
vt 0.06053821 0.08606809
vt 0.05821862 0.08629173
vt 0.06085885 0.08823234
vt 0.05825871 0.08830070
vt 0.05426495 0.08846164
vt 0.04959441 0.08877730
vt 0.06262504 0.08621144
vt 0.06245684 0.08330566
vt 0.06450348 0.08622146
vt 0.06436192 0.08330947
vt 0.06229006 0.08037961
vt 0.06422510 0.08035648
vt 0.06221997 0.07826632
vt 0.06227758 0.07415688
vt 0.06216785 0.07034570
vt 0.06180233 0.06736338
vt 0.07057463 0.04503465
vt 0.07356834 0.04578304
vt 0.07349338 0.04234952
vt 0.07591894 0.04437959
vt 0.07585486 0.04134512
vt 0.07356960 0.03974247
vt 0.07594192 0.03861040
vt 0.07393296 0.03644013
vt 0.07605205 0.03569084
vt 0.07603676 0.03363562
vt 0.07401557 0.03370136
vt 0.07596346 0.03162801
vt 0.07405327 0.03169835
vt 0.07586713 0.02973247
vt 0.07419601 0.02931160
vt 0.07576741 0.02785248
vt 0.07390868 0.02597296
vt 0.07470110 0.02396590
vt 0.07191458 0.02375990
vt 0.07364668 0.02015710
vt 0.07073212 0.01738626
vt 0.07310324 0.01638407
vt 0.07162254 0.01635772
vt 0.06964275 0.01449478
vt 0.07154727 0.01437551
vt 0.07546099 0.01900858
vt 0.07648481 0.02288759
vt 0.07930957 0.02269536
vt 0.07939085 0.02563101
vt 0.07753711 0.02676964
vt 0.07949933 0.02858371
vt 0.07770938 0.03062475
vt 0.07960729 0.03146440
vt 0.07786258 0.03358984
vt 0.07969452 0.03348440
vt 0.07886180 0.03550816
vt 0.07851323 0.03893596
vt 0.07986782 0.03737652
vt 0.08170439 0.03723574
vt 0.08013550 0.04250401
vt 0.07815738 0.04255146
vt 0.08042128 0.04759026
vt 0.06456740 0.08820724
vt 0.06271138 0.08821732
vt 0.07212576 0.02695638
vt 0.07029427 0.02698958
vt 0.06841438 0.03004670
vt 0.07214759 0.02985144
vt 0.07109429 0.03193468
vt 0.06817201 0.03218579
vt 0.06897463 0.03406692
vt 0.07193153 0.03384471
vt 0.07175355 0.03597361
vt 0.06884024 0.03613222
vt 0.07158042 0.03801054
vt 0.06007022 0.07046437
vt 0.04758126 0.08891380
vt 0.04514031 0.08902985
vt 0.05215646 0.04905403
vt 0.05148352 0.05304182
vt 0.05166618 0.05683243
vt 0.03623443 0.01817560
vt 0.03828827 0.02018481
vt 0.03431001 0.03734225
vt 0.03225382 0.04044372
vt 0.02997569 0.03957421
vt 0.02992512 0.03659618
vt 0.02932431 0.04250091
vt 0.03279742 0.04318327
vt 0.02949128 0.04621625
vt 0.03091881 0.04616201
vt 0.03039595 0.04907274
vt 0.02985107 0.05199337
vt 0.03207717 0.05202198
vt 0.03089396 0.05584180
vt 0.03457793 0.05401182
vt 0.03340691 0.04956549
vt 0.03629510 0.04940665
vt 0.03372185 0.04650241
vt 0.03727962 0.05494094
vt 0.03640852 0.05693543
vt 0.03463210 0.05749798
vt 0.03652832 0.05879456
vt 0.03681684 0.06152296
vt 0.03529289 0.06145388
vt 0.02470449 0.08243948
vt 0.01444073 0.06553739
vt 0.01258078 0.06563097
vt 0.01278868 0.06768733
vt 0.01450533 0.06756574
vt 0.07130541 0.00845361
vt 0.07315668 0.00840497
vt 0.01312753 0.06963331
vt 0.07716984 0.01205909
vt 0.07900805 0.01199198
vt 0.07913663 0.01388228
vt 0.02051677 0.07285768
vt 0.01850222 0.07301730
vt 0.01855009 0.07496786
vt 0.02050294 0.07482302
vt 0.01870944 0.07684481
vt 0.00995509 0.04440266
vt 0.04398571 0.00572956
vt 0.02907614 0.01410997
vt 0.03091851 0.01222807
vt 0.01486578 0.07123601
vt 0.01308161 0.03615791
vt 0.01309588 0.03806740
vt 0.01693871 0.07486987
vt 0.01664618 0.07300627
vt 0.01737401 0.07647932
vt 0.01522042 0.07274520
vt 0.05866577 0.09041226
vt 0.06094503 0.09039676
vt 0.06277764 0.09036624
vt 0.04192737 0.08939695
vt 0.04200797 0.09132612
vt 0.04003948 0.09130728
vt 0.03814617 0.09119248
vt 0.04567559 0.09116763
vt 0.04767295 0.09101826
vt 0.05014616 0.09079313
vt 0.05484535 0.09056169
vt 0.01475482 0.03016341
vt 0.03470224 0.01012319
vt 0.05350301 0.00343817
vt 0.05731993 0.00347221
vt 0.05534938 0.00343037
vt 0.05176322 0.00350410
vt 0.03837838 0.00800216
vt 0.02298843 0.08215547
vt 0.02091395 0.08031964
vt 0.09319267 0.04350698
vt 0.01110463 0.06558710
vt 0.03800522 0.08966005
vt 0.02858616 0.08584654
vt 0.02496806 0.08381677
vt 0.03631660 0.09098953
vt 0.05916279 0.09251976
vt 0.06102390 0.09247404
vt 0.06282878 0.09241641
vt 0.04404042 0.09276313
vt 0.04594689 0.09285349
vt 0.04799495 0.09288967
vt 0.05231512 0.09275770
vt 0.05658566 0.09257460
vt 0.06461096 0.09233397
vt 0.09514903 0.04203677
vt 0.09496512 0.04380226
vt 0.09589144 0.04373103
vt 0.09678590 0.04164267
vt 0.09703908 0.04368091
vt 0.04986839 0.00363898
vt 0.03284730 0.01043248
vt 0.02366739 0.01833880
vt 0.02190252 0.02035809
vt 0.02014673 0.02243364
vt 0.01657849 0.02657920
vt 0.01832172 0.02454501
vt 0.06106595 0.09412432
vt 0.06283728 0.09392154
vt 0.05228090 0.09459847
vt 0.04979487 0.09458184
vt 0.05657963 0.09443903
vt 0.05922046 0.09427941
vt 0.04794553 0.09448367
vt 0.01352334 0.07103205
vt 0.04208821 0.00593895
vt 0.00875426 0.05397683
vt 0.00885853 0.05586380
vt 0.04209055 0.09267151
vt 0.02543784 0.01636428
vt 0.03074139 0.08760273
vt 0.03278576 0.08929420
vt 0.00866878 0.05206722
vt 0.01172990 0.03646094
vt 0.05926967 0.00351179
vt 0.01002498 0.04256260
vt 0.04024112 0.00618804
vt 0.00898195 0.05782408
vt 0.00914554 0.05989230
vt 0.01320646 0.03236800
vt 0.04783569 0.00383687
vt 0.01146265 0.06767422
vt 0.03655213 0.00830466
vt 0.02681023 0.08553767
vt 0.00858420 0.05004734
vt 0.05457006 0.09558648
vt 0.05769040 0.09539992
vt 0.05930002 0.09524775
vt 0.06102047 0.09502161
vt 0.06281791 0.09467775
vt 0.05172792 0.09562850
vt 0.00934477 0.06175512
vt 0.02725007 0.01440597
vt 0.04013876 0.09256399
vt 0.04609208 0.09433484
vt 0.00846528 0.04618633
vt 0.04987258 0.09558475
vt 0.06454366 0.09425974
vt 0.01487952 0.02854282
vt 0.04803598 0.09545243
vt 0.01011491 0.04047573
vt 0.04587976 0.00406033
vt 0.01568378 0.07453173
vt 0.02908502 0.01255459
vt 0.03471456 0.09077585
vt 0.00955713 0.06346548
vt 0.04617404 0.09523940
vt 0.03812243 0.09255427
vt 0.04428938 0.09430796
vt 0.04217062 0.09383678
vt 0.02883940 0.08732432
vt 0.01179672 0.03461570
vt 0.01183640 0.06950861
vt 0.03471337 0.00862014
vt 0.04396147 0.00427884
vt 0.01327653 0.03052092
vt 0.03841863 0.00645894
vt 0.04509849 0.09510195
vt 0.04375232 0.09497142
vt 0.04437464 0.09604883
vt 0.04620761 0.09634370
vt 0.04021194 0.09354872
vt 0.04807464 0.09642041
vt 0.02708123 0.08721972
vt 0.00845220 0.04467630
vt 0.03097469 0.01076424
vt 0.04990984 0.09640187
vt 0.05175237 0.09632581
vt 0.05360796 0.09622812
vt 0.02374920 0.01669157
vt 0.04229560 0.09635395
vt 0.01019810 0.03855801
vt 0.04223071 0.09482533
vt 0.03652611 0.09212750
vt 0.04028727 0.09461921
vt 0.03813322 0.09329522
vt 0.03825892 0.09413785
vt 0.04038500 0.09645176
vt 0.06281426 0.09539342
vt 0.05548028 0.09611094
vt 0.05546545 0.09750068
vt 0.05733090 0.09736621
vt 0.05918871 0.09724319
vt 0.06104722 0.09714383
vt 0.04991686 0.09799260
vt 0.05175665 0.09781229
vt 0.05360518 0.09764707
vt 0.06285848 0.09707969
vt 0.03100757 0.08905292
vt 0.04807512 0.09818381
vt 0.04620538 0.09836996
vt 0.00825171 0.04271144
vt 0.02134152 0.08173543
vt 0.01950803 0.07989144
vt 0.04427048 0.09852278
vt 0.02199188 0.01868469
vt 0.02925805 0.08885127
vt 0.02767305 0.08818793
vt 0.02544284 0.01474565
vt 0.05324354 0.00226635
vt 0.05173529 0.00229740
vt 0.04231982 0.09864098
vt 0.02336615 0.08345085
vt 0.06465498 0.09702849
vt 0.03491699 0.09172940
vt 0.00865726 0.04065800
vt 0.01838942 0.02283472
vt 0.03663445 0.09302616
vt 0.01384931 0.07243276
vt 0.03856141 0.09654641
vt 0.03672718 0.09434497
vt 0.02020710 0.02069730
vt 0.06477906 0.09885877
vt 0.04055353 0.09886277
vt 0.01666508 0.02492803
vt 0.06293476 0.09900522
vt 0.04985652 0.09971184
vt 0.05171552 0.09959894
vt 0.05357772 0.09949976
vt 0.05544204 0.09941077
vt 0.05731275 0.09932476
vt 0.05918373 0.09922993
vt 0.06107131 0.09912151
vt 0.04799536 0.09982598
vt 0.04612780 0.09990537
vt 0.04422209 0.09991789
vt 0.03857978 0.09845304
vt 0.04203930 0.00447100
vt 0.00962572 0.06564879
vt 0.03312504 0.09063590
vt 0.03109832 0.08999485
vt 0.02881878 0.08939534
vt 0.04187436 0.09985036
vt 0.04000348 0.09972978
vt 0.03501382 0.09453517
vt 0.03499291 0.09278375
vt 0.03390007 0.09146041
vt 0.02721315 0.01282471
vt 0.10006287 0.04373980
vt 0.03678405 0.09666491
vt 0.04007269 0.00448924
vt 0.06300119 0.10022593
vt 0.03675317 0.09818918
vt 0.00756562 0.05401653
vt 0.00769593 0.05585945
vt 0.00745154 0.05003053
vt 0.00735576 0.04785913
vt 0.00722192 0.04625773
vt 0.00750028 0.05212110
vt 0.03853737 0.09961152
vt 0.03286655 0.00888294
vt 0.03505963 0.09687203
vt 0.02519941 0.08539003
vt 0.02591697 0.08671647
vt 0.01826723 0.02084595
vt 0.01175724 0.03264534
vt 0.06110653 0.10035634
vt 0.05920024 0.10045511
vt 0.02191012 0.01683134
vt 0.02539080 0.01298046
vt 0.03667221 0.09939849
vt 0.03570187 0.09800595
vt 0.03655192 0.00672460
vt 0.01654594 0.02299666
vt 0.01697229 0.02158958
vt 0.00722258 0.04485029
vt 0.09986027 0.04196137
vt 0.02009000 0.01881808
vt 0.01878169 0.01946336
vt 0.03473379 0.00686145
vt 0.01495074 0.02695084
vt 0.00788361 0.05782616
vt 0.00804336 0.05991572
vt 0.00820791 0.06171960
vt 0.03293857 0.09502268
vt 0.03445447 0.09775484
vt 0.03321238 0.09238422
vt 0.03258475 0.09117198
vt 0.01019631 0.06760663
vt 0.05731694 0.10052943
vt 0.01001304 0.03661907
vt 0.01038097 0.03479433
vt 0.01160971 0.03090841
vt 0.03105897 0.00904590
vt 0.05477211 0.10060793
vt 0.01775984 0.07801527
vt 0.02669824 0.08786577
vt 0.05509013 0.00213611
vt 0.05708393 0.00232744
vt 0.03114069 0.09276271
vt 0.03117484 0.09091622
vt 0.02937977 0.09058845
vt 0.05004051 0.00229383
vt 0.04785261 0.00268853
vt 0.03490200 0.09906304
vt 0.03460085 0.10110593
vt 0.03105976 0.09457463
vt 0.03100094 0.09569758
vt 0.02973559 0.09425306
vt 0.03208682 0.09595633
vt 0.03093623 0.09741032
vt 0.02361872 0.08469558
vt 0.03281162 0.09717888
vt 0.03275285 0.09974903
vt 0.03068013 0.10057610
vt 0.03203621 0.10076779
vt 0.03324754 0.10098767
vt 0.02891514 0.09958029
vt 0.02896320 0.09769547
vt 0.02775640 0.09932566
vt 0.02737041 0.09709477
vt 0.02902474 0.09515619
vt 0.00732347 0.04348463
vt 0.00744524 0.04198343
vt 0.03648226 0.10130250
vt 0.01194355 0.07091480
vt 0.05168421 0.10068524
vt 0.04980427 0.10073733
vt 0.04792169 0.10078645
vt 0.04604954 0.10081512
vt 0.04415806 0.10080707
vt 0.04223211 0.10076368
vt 0.02913521 0.09308088
vt 0.02730169 0.08888453
vt 0.03840685 0.00502962
vt 0.04047547 0.10060835
vt 0.03842058 0.10098130
vt 0.06311855 0.10181588
vt 0.02880920 0.01094073
vt 0.02712712 0.01152253
vt 0.00891526 0.03873092
vt 0.00906661 0.03726590
vt 0.00756201 0.04073155
vt 0.00918709 0.03597391
vt 0.01492338 0.02520347
vt 0.01551237 0.02364612
vt 0.02737731 0.09101337
vt 0.02363143 0.01487255
vt 0.02247786 0.01544666
vt 0.02403495 0.01371598
vt 0.03283348 0.00761598
vt 0.03174099 0.00796854
vt 0.02842603 0.09397238
vt 0.02727465 0.09261066
vt 0.01063380 0.03273928
vt 0.00930650 0.03482479
vt 0.03121096 0.10144061
vt 0.00620522 0.04630476
vt 0.01072587 0.06945175
vt 0.03574787 0.10204381
vt 0.03450024 0.10197687
vt 0.02690493 0.09796828
vt 0.02604633 0.09666991
vt 0.09971517 0.04027140
vt 0.03259457 0.10172850
vt 0.00846531 0.06337690
vt 0.01750798 0.02014619
vt 0.01301548 0.02874452
vt 0.03559718 0.00583023
vt 0.03413746 0.00620848
vt 0.02686878 0.09567302
vt 0.02716423 0.09372336
vt 0.02621972 0.09240538
vt 0.02559834 0.09127051
vt 0.02560569 0.08919358
vt 0.01588271 0.07626325
vt 0.02590717 0.01192987
vt 0.01101969 0.07050580
vt 0.00633604 0.04780853
vt 0.00645637 0.05001742
vt 0.00654640 0.05216712
vt 0.00663533 0.05405933
vt 0.01256741 0.07234406
vt 0.00875610 0.06500143
vt 0.00917206 0.06755739
vt 0.00955224 0.06947774
vt 0.02063279 0.01745218
vt 0.01812240 0.01887488
vt 0.01932859 0.01816028
vt 0.01997045 0.01691234
vt 0.02116717 0.01619929
vt 0.01073766 0.03163624
vt 0.09962238 0.03835565
vt 0.01812448 0.07956553
vt 0.02478253 0.01235574
vt 0.03045743 0.00838155
vt 0.01353844 0.02708685
vt 0.00616306 0.04492933
vt 0.00642241 0.04278046
vt 0.00772249 0.03878385
vt 0.04585038 0.00298303
vt 0.02359991 0.08947533
vt 0.02363219 0.08737278
vt 0.02471097 0.08609313
vt 0.02367769 0.08579028
vt 0.00526465 0.05591685
vt 0.00517401 0.05413061
vt 0.00676268 0.05587047
vt 0.02518290 0.09517938
vt 0.02542530 0.09334356
vt 0.01086589 0.03048545
vt 0.05910480 0.00244057
vt 0.02572726 0.09724683
vt 0.02511884 0.09629411
vt 0.06107867 0.00253057
vt 0.04388893 0.00325125
vt 0.02178501 0.08322024
vt 0.01403887 0.07418418
vt 0.01471827 0.07572019
vt 0.01331695 0.07477325
vt 0.01292995 0.07339615
vt 0.01199970 0.07428348
vt 0.01151516 0.07243973
vt 0.02159562 0.08764750
vt 0.02222181 0.08892292
vt 0.02485522 0.09142613
vt 0.02340409 0.09365690
vt 0.02350318 0.09147066
vt 0.02413483 0.09482902
vt 0.01587155 0.02232057
vt 0.01639318 0.02095723
vt 0.02180375 0.08525705
vt 0.02254764 0.08426315
vt 0.01476607 0.02304047
vt 0.01421016 0.02461171
vt 0.00693054 0.05783945
vt 0.00707359 0.05994934
vt 0.00542383 0.05996948
vt 0.00532608 0.05786806
vt 0.03280899 0.00660068
vt 0.00951147 0.03272927
vt 0.03936092 0.00383675
vt 0.03836602 0.00407100
vt 0.03650480 0.00452298
vt 0.00718998 0.06173515
vt 0.01123941 0.07136786
vt 0.01147468 0.07656819
vt 0.01019823 0.07611793
vt 0.00870998 0.07519782
vt 0.00934470 0.07688987
vt 0.00952306 0.07451379
vt 0.00968776 0.07270151
vt 0.01003579 0.07103270
vt 0.00502801 0.05223691
vt 0.00604452 0.04073107
vt 0.00767773 0.07127225
vt 0.00805662 0.07293385
vt 0.01386169 0.02594817
vt 0.01302424 0.02518761
vt 0.01254812 0.02708071
vt 0.01229232 0.02813524
vt 0.01131697 0.02887249
vt 0.02704793 0.01056391
vt 0.02813503 0.01023936
vt 0.02886326 0.00908089
vt 0.00734632 0.06976837
vt 0.00771969 0.06759524
vt 0.00633597 0.07055116
vt 0.00648461 0.07141781
vt 0.00789651 0.06562966
vt 0.00734045 0.06339961
vt 0.00482315 0.05004692
vt 0.00465499 0.04781508
vt 0.00458557 0.04638726
vt 0.00810129 0.03671753
vt 0.02986772 0.10116637
vt 0.02062435 0.08258373
vt 0.01990916 0.08143580
vt 0.01892163 0.08078206
vt 0.01807759 0.01705801
vt 0.02129511 0.08385599
vt 0.02142141 0.08904445
vt 0.02146797 0.09195679
vt 0.02022562 0.09134239
vt 0.01946868 0.09003532
vt 0.02006773 0.08737183
vt 0.01820220 0.08933705
vt 0.02222617 0.09312868
vt 0.01965639 0.08577043
vt 0.01991845 0.08346868
vt 0.01834168 0.08528966
vt 0.01748903 0.08808798
vt 0.01747722 0.08616781
vt 0.00546593 0.06177855
vt 0.01662404 0.07787484
vt 0.01707272 0.07888341
vt 0.00561840 0.03877330
vt 0.00594265 0.03687787
vt 0.04071487 0.00361544
vt 0.00709627 0.07699621
vt 0.00906457 0.07896626
vt 0.00776929 0.07850230
vt 0.00643466 0.07756680
vt 0.00577230 0.07663852
vt 0.00738286 0.07478946
vt 0.00831400 0.07383561
vt 0.00691615 0.07307386
vt 0.00365721 0.05597013
vt 0.00357408 0.05420625
vt 0.00377620 0.05789399
vt 0.00351020 0.05230528
vt 0.00343561 0.05010295
vt 0.00332826 0.04783970
vt 0.00323650 0.04646903
vt 0.00400430 0.06181532
vt 0.00392574 0.06001079
vt 0.02300542 0.01425552
vt 0.02186850 0.01497096
vt 0.01994741 0.01515949
vt 0.00563744 0.07519364
vt 0.00502644 0.07534176
vt 0.00419927 0.07380867
vt 0.00499651 0.07321882
vt 0.01217531 0.07917649
vt 0.01094299 0.07867736
vt 0.00961151 0.08043253
vt 0.01128513 0.08069932
vt 0.01340881 0.07947779
vt 0.01290210 0.08094215
vt 0.01160000 0.08243161
vt 0.01324727 0.08270031
vt 0.01435738 0.08163762
vt 0.01360088 0.08430523
vt 0.01527465 0.08459598
vt 0.01721720 0.08426017
vt 0.01580854 0.08643979
vt 0.01564778 0.08213961
vt 0.01803331 0.08170444
vt 0.01943205 0.08207875
vt 0.01751201 0.08016688
vt 0.01606891 0.07987231
vt 0.01556696 0.07798517
vt 0.01519885 0.07684994
vt 0.01625704 0.08740067
vt 0.00596847 0.06765217
vt 0.00572562 0.06551510
vt 0.01259248 0.02306420
vt 0.00976344 0.03102136
vt 0.00521984 0.06334949
vt 0.00405319 0.06269687
vt 0.06738758 0.00289524
vt 0.10313906 0.04386044
vt 0.10426677 0.04203850
vt 0.10290121 0.04212046
vt 0.10178098 0.04383349
vt 0.10412255 0.04025888
vt 0.10148513 0.04033852
vt 0.10292701 0.04031616
vt 0.10126307 0.03839427
vt 0.10398562 0.03833824
vt 0.10101293 0.03632796
vt 0.10277796 0.03837293
vt 0.10384454 0.03692484
vt 0.09951741 0.03628165
vt 0.09967856 0.03424406
vt 0.10275523 0.03627992
vt 0.10083159 0.03476894
vt 0.10180449 0.03423214
vt 0.10070378 0.03359663
vt 0.10177515 0.03249788
vt 0.10058698 0.03260946
vt 0.10574175 0.04377228
vt 0.09918980 0.03261906
vt 0.10161363 0.03045517
vt 0.10032821 0.03058749
vt 0.10539120 0.04192156
vt 0.10146840 0.02911043
vt 0.09992597 0.02838349
vt 0.09861009 0.02916247
vt 0.09842899 0.02775186
vt 0.09883940 0.03070223
vt 0.09728152 0.03057802
vt 0.10502338 0.04011393
vt 0.10133012 0.02774888
vt 0.10393151 0.03588468
vt 0.10345037 0.03417975
vt 0.10287596 0.03222281
vt 0.10223933 0.03021491
vt 0.10457289 0.03821814
vt 0.10177635 0.02888888
vt 0.67318928 0.57211924
vt 0.67449081 0.57423598
vt 0.67538053 0.57262117
vt 0.67465752 0.57122701
vt 0.67420143 0.57030201
vt 0.67231733 0.58839118
vt 0.67248529 0.58717626
vt 0.67120641 0.58717489
vt 0.67140657 0.58911127
vt 0.67220938 0.59126669
vt 0.67113650 0.59125805
vt 0.67104763 0.59338444
vt 0.67210132 0.59338802
vt 0.67095524 0.59544659
vt 0.67294735 0.58517891
vt 0.67122096 0.58518988
vt 0.67327535 0.58910191
vt 0.67367160 0.58714485
vt 0.67351264 0.59124571
vt 0.67588431 0.58908308
vt 0.67597950 0.59116232
vt 0.67603356 0.59326130
vt 0.67187738 0.59742123
vt 0.67338520 0.59737557
vt 0.67344528 0.59540731
vt 0.67198068 0.59544367
vt 0.67349768 0.59335637
vt 0.67086494 0.59744281
vt 0.67603672 0.59531134
vt 0.67601770 0.59727210
vt 0.67821187 0.59718335
vt 0.67819917 0.59916133
vt 0.67600548 0.59926564
vt 0.67808944 0.60124725
vt 0.67331523 0.60155773
vt 0.67599696 0.60137659
vt 0.67333925 0.59940261
vt 0.67178422 0.59947050
vt 0.67576259 0.58705044
vt 0.67409939 0.58513933
vt 0.67354268 0.58332819
vt 0.67169791 0.60163903
vt 0.67123544 0.58320212
vt 0.67330354 0.58118528
vt 0.67502332 0.58231992
vt 0.67816317 0.59521812
vt 0.67596835 0.60347962
vt 0.67331439 0.60371780
vt 0.67333406 0.60594690
vt 0.67773533 0.60333502
vt 0.67602515 0.60557097
vt 0.67741984 0.60458720
vt 0.67337573 0.60831368
vt 0.67360520 0.61079329
vt 0.67443943 0.58406252
vt 0.67163211 0.60610431
vt 0.67124993 0.58118939
vt 0.67127550 0.57918644
vt 0.67292708 0.57881892
vt 0.67281365 0.57756031
vt 0.67807901 0.59316051
vt 0.67797148 0.59105921
vt 0.67783761 0.58897299
vt 0.67502975 0.58403283
vt 0.67569178 0.58487141
vt 0.67126238 0.57720792
vt 0.67268980 0.57645279
vt 0.67511547 0.57954568
vt 0.67120939 0.57524860
vt 0.67773825 0.58693069
vt 0.67803198 0.58485454
vt 0.67161894 0.60843903
vt 0.66885966 0.57516265
vt 0.67632717 0.58407182
vt 0.67076188 0.59951562
vt 0.67065543 0.60171276
vt 0.67162764 0.61091042
vt 0.66914940 0.57717025
vt 0.67318696 0.61345017
vt 0.66912866 0.58915514
vt 0.66912472 0.59123409
vt 0.66916180 0.58316147
vt 0.66917324 0.58116192
vt 0.66917282 0.57916170
vt 0.66913420 0.58715022
vt 0.66914809 0.58515501
vt 0.67056322 0.60392255
vt 0.67654073 0.58148682
vt 0.66898507 0.57337064
vt 0.67096496 0.57338804
vt 0.67072165 0.57182610
vt 0.66889191 0.57186252
vt 0.66911250 0.59336627
vt 0.67215514 0.57374674
vt 0.67340404 0.57494366
vt 0.67486072 0.57778329
vt 0.66908532 0.59544218
vt 0.66904294 0.59747368
vt 0.67165810 0.61342818
vt 0.67314100 0.61583185
vt 0.67658317 0.57994992
vt 0.67501193 0.57607126
vt 0.67823368 0.58076668
vt 0.67808944 0.57882851
vt 0.67689002 0.57730174
vt 0.67850876 0.58265489
vt 0.66909206 0.57045829
vt 0.67085606 0.57026309
vt 0.67557156 0.57445025
vt 0.67194772 0.57113928
vt 0.67197567 0.56952000
vt 0.67397588 0.56932020
vt 0.67582721 0.57387519
vt 0.38201755 0.71332735
vt 0.38201755 0.71601075
vt 0.38026315 0.71414351
vt 0.39288989 0.84650403
vt 0.39320958 0.84439856
vt 0.39399451 0.84610999
vt 0.39167404 0.84424460
vt 0.39503387 0.84391773
vt 0.39572486 0.84537601
vt 0.39466265 0.84765106
vt 0.39285740 0.84838998
vt 0.39631462 0.84691948
vt 0.39780703 0.84502983
vt 0.39158690 0.84787333
vt 0.39118960 0.84624386
vt 0.38991228 0.84691948
vt 0.82324558 0.41459501
vt 0.82265484 0.41368514
vt 0.82095808 0.41636848
vt 0.81973684 0.41459495
vt 0.92501789 0.23325664
vt 0.92557693 0.23330617
vt 0.92500436 0.23568875
vt 0.92412281 0.23561460
vt 0.92500436 0.23032200
vt 0.92587721 0.23043776
vt 0.84974432 0.84033990
vt 0.84956139 0.84146190
vt 0.85219300 0.84105426
vt 0.85131049 0.84284896
vt 0.84974432 0.84481215
vt 0.69643772 0.89365309
vt 0.69517541 0.89398319
vt 0.69545537 0.89588505
vt 0.69661051 0.89562738
vt 0.69580752 0.89787537
vt 0.69692981 0.89754117
vt 0.69611621 0.89992929
vt 0.44166666 0.89311272
vt 0.44429824 0.89311272
vt 0.44230911 0.89221823
vt 0.44342107 0.80018687
vt 0.44489408 0.79830140
vt 0.44357371 0.80053902
vt 0.44640228 0.80055499
vt 0.44747290 0.79785162
vt 0.44903553 0.79857802
vt 0.44849068 0.79651165
vt 0.45046991 0.79701704
vt 0.44926855 0.80098391
vt 0.45131579 0.80053902
vt 0.14193124 0.92135495
vt 0.14381857 0.92306370
vt 0.14273578 0.92347479
vt 0.14836805 0.92806512
vt 0.14720541 0.92894590
vt 0.14881268 0.92833465
vt 0.14849518 0.92945343
vt 0.14576906 0.92826533
vt 0.14553693 0.92703342
vt 0.14586161 0.92975050
vt 0.14698540 0.93176138
vt 0.14591944 0.93089759
vt 0.14490329 0.92915457
vt 0.14461629 0.93187046
vt 0.14577389 0.93286037
vt 0.14435981 0.93339211
vt 0.14518613 0.93358111
vt 0.14397232 0.93403965
vt 0.14362344 0.92553788
vt 0.14317550 0.93299663
vt 0.14426358 0.92729121
vt 0.14302546 0.93387830
vt 0.15652210 0.92753410
vt 0.15877554 0.92935055
vt 0.15434223 0.92732763
vt 0.15424769 0.92936581
vt 0.15614669 0.93150395
vt 0.15420145 0.93155044
vt 0.15424965 0.93323988
vt 0.15604006 0.93327272
vt 0.15851632 0.93317467
vt 0.15600121 0.93467402
vt 0.15831822 0.93482482
vt 0.15865503 0.93160850
vt 0.16064800 0.93362051
vt 0.15429707 0.93455142
vt 0.15598735 0.93692392
vt 0.15817253 0.93706524
vt 0.15598784 0.93956822
vt 0.15802231 0.93967479
vt 0.15599550 0.94188589
vt 0.15787783 0.94198537
vt 0.15431049 0.93949169
vt 0.15432313 0.94181919
vt 0.15429845 0.93684053
vt 0.15996546 0.93979126
vt 0.15971538 0.94210124
vt 0.16023152 0.93722606
vt 0.16046628 0.93498099
vt 0.15776765 0.94352764
vt 0.15952088 0.94365263
vt 0.15602416 0.94342196
vt 0.15433896 0.94335061
vt 0.15955296 0.93259645
vt 0.15229970 0.93313581
vt 0.15264311 0.93159235
vt 0.15250799 0.93681520
vt 0.15248320 0.93946034
vt 0.15245187 0.94179189
vt 0.15241501 0.94332594
vt 0.15031640 0.94333744
vt 0.15027650 0.94181955
vt 0.15253481 0.93447095
vt 0.16137978 0.94222766
vt 0.16124940 0.94380629
vt 0.16159707 0.93990242
vt 0.16187659 0.93745035
vt 0.14897434 0.93949920
vt 0.15024288 0.93685603
vt 0.14897621 0.93688738
vt 0.14914708 0.94336790
vt 0.14902063 0.94185555
vt 0.15222490 0.92948169
vt 0.14895414 0.93449444
vt 0.16157828 0.93395275
vt 0.16162895 0.93507934
vt 0.15024164 0.93334603
vt 0.15956849 0.93240613
vt 0.16087906 0.93209898
vt 0.16083576 0.93278766
vt 0.14927660 0.94383258
vt 0.14896768 0.93350148
vt 0.16249196 0.94232833
vt 0.16249052 0.94395661
vt 0.16256227 0.93997699
vt 0.16237275 0.94450355
vt 0.16131274 0.94442391
vt 0.16336279 0.94409585
vt 0.16343842 0.94241101
vt 0.16082020 0.93106568
vt 0.16355997 0.94005102
vt 0.14868131 0.94164819
vt 0.14854190 0.93689489
vt 0.16352490 0.93765867
vt 0.16580002 0.93779546
vt 0.16638309 0.93558562
vt 0.16250272 0.93677205
vt 0.16414517 0.93535668
vt 0.16751260 0.93638104
vt 0.16605639 0.93421382
vt 0.16741513 0.93499070
vt 0.16469850 0.93344134
vt 0.14851154 0.93450952
vt 0.16506891 0.94258142
vt 0.16540514 0.94022739
vt 0.16747291 0.93801391
vt 0.16477105 0.94433516
vt 0.15030789 0.94387525
vt 0.16250123 0.93335354
vt 0.16269134 0.93177754
vt 0.15139671 0.93284452
vt 0.14886689 0.94339544
vt 0.16252063 0.93516809
vt 0.16753952 0.94074142
vt 0.16707206 0.94283974
vt 0.16669086 0.94468403
vt 0.16827944 0.94178808
vt 0.16804473 0.94492191
vt 0.16912147 0.94511282
vt 0.16926782 0.94314700
vt 0.16929336 0.94100529
vt 0.16840094 0.94019604
vt 0.16999942 0.93837601
vt 0.17210071 0.93874317
vt 0.17163596 0.94112051
vt 0.17304198 0.93976671
vt 0.17127560 0.94343317
vt 0.17092441 0.94539136
vt 0.16850603 0.93816900
vt 0.16783619 0.94579792
vt 0.17184828 0.93702745
vt 0.17060906 0.93610436
vt 0.15236026 0.92681396
vt 0.16082369 0.92934781
vt 0.17302826 0.94132864
vt 0.17322889 0.94388717
vt 0.17289077 0.94569921
vt 0.17399143 0.94485044
vt 0.15018091 0.93297642
vt 0.15150906 0.93161684
vt 0.15004797 0.93160701
vt 0.15141113 0.93022740
vt 0.15003343 0.92991590
vt 0.14842968 0.93159074
vt 0.14866526 0.93325722
vt 0.15944527 0.94430494
vt 0.16469824 0.93186641
vt 0.17298733 0.93807125
vt 0.14735527 0.93956709
vt 0.14720231 0.93695527
vt 0.14426249 0.94389910
vt 0.14552073 0.94375050
vt 0.14506540 0.94207096
vt 0.14756040 0.94188964
vt 0.14722992 0.93461019
vt 0.14420794 0.94295329
vt 0.14776871 0.94350129
vt 0.14723466 0.93332648
vt 0.14332834 0.94402683
vt 0.14431715 0.94460434
vt 0.16084242 0.92775881
vt 0.16663775 0.94576180
vt 0.14339663 0.94217795
vt 0.14413586 0.93955469
vt 0.14515084 0.93707854
vt 0.17397474 0.94337082
vt 0.17401080 0.94146085
vt 0.15020320 0.92885745
vt 0.16244632 0.93077707
vt 0.17400649 0.94588846
vt 0.15038051 0.92703110
vt 0.17079075 0.94647139
vt 0.17271680 0.94678849
vt 0.15236062 0.94395071
vt 0.16859198 0.94612837
vt 0.15772060 0.94421870
vt 0.15603851 0.94413042
vt 0.14305951 0.93974793
vt 0.14398311 0.93715036
vt 0.14294143 0.93723607
vt 0.14494172 0.93488216
vt 0.14391339 0.93447793
vt 0.16246882 0.92777914
vt 0.17380452 0.94697702
vt 0.14567532 0.94479209
vt 0.14311272 0.93517172
vt 0.14396127 0.93557811
vt 0.14131516 0.94222885
vt 0.14145523 0.94426805
vt 0.14116830 0.93984413
vt 0.16853550 0.93582147
vt 0.15432549 0.94403917
vt 0.16472670 0.94538534
vt 0.14087078 0.93756527
vt 0.16243461 0.92938298
vt 0.16440551 0.92779857
vt 0.14086936 0.93566382
vt 0.16435701 0.93070436
vt 0.16436669 0.92941773
vt 0.16300884 0.94505328
vt 0.14145172 0.94541198
vt 0.14349565 0.94505328
vt 0.14104781 0.93481028
vt 0.14002751 0.93535471
vt 0.14030737 0.94560772
vt 0.16568105 0.93278706
vt 0.16869895 0.92787719
vt 0.13910748 0.94465858
vt 0.13926829 0.94577610
vt 0.13731211 0.94610792
vt 0.14772303 0.94460893
vt 0.16656145 0.92943823
vt 0.17068985 0.92790163
vt 0.14900133 0.94437253
vt 0.19102310 0.92807430
vt 0.18603961 0.92800885
vt 0.18207026 0.92794991
vt 0.17842193 0.92793179
vt 0.17570187 0.92790931
vt 0.17254461 0.92790997
vt 0.20739752 0.92984253
vt 0.20543745 0.92977989
vt 0.20280215 0.92974657
vt 0.19851756 0.92951083
vt 0.20291884 0.93130738
vt 0.20540559 0.93132865
vt 0.20735233 0.93136734
vt 0.19803590 0.93127441
vt 0.19497502 0.92951018
vt 0.19038306 0.92958146
vt 0.19356346 0.93127793
vt 0.18843743 0.93125957
vt 0.18806618 0.92961967
vt 0.18438187 0.92956513
vt 0.18243420 0.92959052
vt 0.18168502 0.93118334
vt 0.18036333 0.92992353
vt 0.17887776 0.93114752
vt 0.18636753 0.93125248
vt 0.17849866 0.92960137
vt 0.17639492 0.92956662
vt 0.17439182 0.92954600
vt 0.17256483 0.92953551
vt 0.17071907 0.92952198
vt 0.16656080 0.93077826
vt 0.16815038 0.93085295
vt 0.16878825 0.92976654
vt 0.20939328 0.93144321
vt 0.17005585 0.93096244
vt 0.17258970 0.93103462
vt 0.17441696 0.93109065
vt 0.17644496 0.93112767
vt 0.13716567 0.94677943
vt 0.13594986 0.94669849
vt 0.14489998 0.94518083
vt 0.14648560 0.94539285
vt 0.14754921 0.94553876
vt 0.15019843 0.94463652
vt 0.15225640 0.94478852
vt 0.15427445 0.94489443
vt 0.14878352 0.94567925
vt 0.15003030 0.94578081
vt 0.13940568 0.94674218
vt 0.15213631 0.94593430
vt 0.15422405 0.94607615
vt 0.15602620 0.94616514
vt 0.15602815 0.94496596
vt 0.15770681 0.94621503
vt 0.15770371 0.94502270
vt 0.15948376 0.94624323
vt 0.15944688 0.94508243
vt 0.16140123 0.94626087
vt 0.16317242 0.94626385
vt 0.14090550 0.94752866
vt 0.14001821 0.94844943
vt 0.14132795 0.94598138
vt 0.14276554 0.94765532
vt 0.14125216 0.94862980
vt 0.14305341 0.94622642
vt 0.13879068 0.94831264
vt 0.13677670 0.94809479
vt 0.14535414 0.94629824
vt 0.14483225 0.94801027
vt 0.14255701 0.94885802
vt 0.13490938 0.94791853
vt 0.14463696 0.94921124
vt 0.14681937 0.94937217
vt 0.14638568 0.94824690
vt 0.14724331 0.94722676
vt 0.14852665 0.94725424
vt 0.14770810 0.94843107
vt 0.14983173 0.94744110
vt 0.14969467 0.94874650
vt 0.14833190 0.94854516
vt 0.15191939 0.94897145
vt 0.16483256 0.94623524
vt 0.13522203 0.94916570
vt 0.13388251 0.94904363
vt 0.13293494 0.94786155
vt 0.13261388 0.94890046
vt 0.13200779 0.94784647
vt 0.13087906 0.94887799
vt 0.13113192 0.94995093
vt 0.13225451 0.95006329
vt 0.12978086 0.94982886
vt 0.12932514 0.94896990
vt 0.12834883 0.94972068
vt 0.15414858 0.94777244
vt 0.15408488 0.94913793
vt 0.15596698 0.94922966
vt 0.15599930 0.94784987
vt 0.15771450 0.94928885
vt 0.15771411 0.94791061
vt 0.15955815 0.94796139
vt 0.16168778 0.94933993
vt 0.15961397 0.94932836
vt 0.16345415 0.94927806
vt 0.16334081 0.94795555
vt 0.16432564 0.94923645
vt 0.16490351 0.94807953
vt 0.13642821 0.94929439
vt 0.16633962 0.94627148
vt 0.16706051 0.94914168
vt 0.16912277 0.94904429
vt 0.16882488 0.94735616
vt 0.16931473 0.95033461
vt 0.17217153 0.95010930
vt 0.16733819 0.94617379
vt 0.16553527 0.94920021
vt 0.17134811 0.94914550
vt 0.17092122 0.94731355
vt 0.17272685 0.94727314
vt 0.17287873 0.94864988
vt 0.12800433 0.95084846
vt 0.12681116 0.95078009
vt 0.12655404 0.95023417
vt 0.12541859 0.95058793
vt 0.14806537 0.94994003
vt 0.17302972 0.95006406
vt 0.13420439 0.95009083
vt 0.16721344 0.95048594
vt 0.16511296 0.95033723
vt 0.17437391 0.94814253
vt 0.17473310 0.94720232
vt 0.14637974 0.95134473
vt 0.14421956 0.95122451
vt 0.14227581 0.95044237
vt 0.13848962 0.94951838
vt 0.13011429 0.95091748
vt 0.13604829 0.95090622
vt 0.14043444 0.94959956
vt 0.16545190 0.95247668
vt 0.12579317 0.95158559
vt 0.12412281 0.95165271
vt 0.13784084 0.95171505
vt 0.13356355 0.95219886
vt 0.13181157 0.95202267
vt 0.13099325 0.95301920
vt 0.13568826 0.95250887
vt 0.13685301 0.95266414
vt 0.12756325 0.95232248
vt 0.12927441 0.95304114
vt 0.77061403 0.72316635
vt 0.77236843 0.72316635
vt 0.77132380 0.72227192
vt 0.96271932 0.15429342
vt 0.96271932 0.15697676
vt 0.96184212 0.15599179
vt 0.94795305 0.55748302
vt 0.95187122 0.55694222
vt 0.95272571 0.55595458
vt 0.95181191 0.55498934
vt 0.94658321 0.55483830
vt 0.94657552 0.55744576
vt 0.94664866 0.55886549
vt 0.94435340 0.55964035
vt 0.94658482 0.56092703
vt 0.94428730 0.56100279
vt 0.95168436 0.55901027
vt 0.95305526 0.55910522
vt 0.95304286 0.55709189
vt 0.94922304 0.55896080
vt 0.94920301 0.56092155
vt 0.95168984 0.56094903
vt 0.94659233 0.56305397
vt 0.94434655 0.56299937
vt 0.95169216 0.56297666
vt 0.95307016 0.56101483
vt 0.94903350 0.55267161
vt 0.95166206 0.55268872
vt 0.94645077 0.55262607
vt 0.94634098 0.55044270
vt 0.95305270 0.55459201
vt 0.95305735 0.55276120
vt 0.95303422 0.55065751
vt 0.95164603 0.55050486
vt 0.94891006 0.55046660
vt 0.94473076 0.55478346
vt 0.94481683 0.55259204
vt 0.94460601 0.55690885
vt 0.94445467 0.55863404
vt 0.94327807 0.56005812
vt 0.94300342 0.56103450
vt 0.94488502 0.55040967
vt 0.94637620 0.54807645
vt 0.94254386 0.56287229
vt 0.94496781 0.54818463
vt 0.94536316 0.54695886
vt 0.94279081 0.55692059
vt 0.94262290 0.55923706
vt 0.94307977 0.55473459
vt 0.94313902 0.55249840
vt 0.79080254 0.79119265
vt 0.79291296 0.79072285
vt 0.79275078 0.79244179
vt 0.79107225 0.79245877
vt 0.79189450 0.78935599
vt 0.79392242 0.79205436
vt 0.77818280 0.80229962
vt 0.77816969 0.80202222
vt 0.77940291 0.80208623
vt 0.77704883 0.80199611
vt 0.77817410 0.80157948
vt 0.77914304 0.80085820
vt 0.78126454 0.80090058
vt 0.78127092 0.80218601
vt 0.78248203 0.80224979
vt 0.78248620 0.80097252
vt 0.78409040 0.80233717
vt 0.78408283 0.80104554
vt 0.78586739 0.80111235
vt 0.78594047 0.80243993
vt 0.78694528 0.80114031
vt 0.78845769 0.80258375
vt 0.78846949 0.80116886
vt 0.78251362 0.79822892
vt 0.78417426 0.79829991
vt 0.78435904 0.79554451
vt 0.78259116 0.79547393
vt 0.78454775 0.79369760
vt 0.78594846 0.79836488
vt 0.78602684 0.79561138
vt 0.78607547 0.79371887
vt 0.78702444 0.79839593
vt 0.78709441 0.79565269
vt 0.78714716 0.79370904
vt 0.78128344 0.79817629
vt 0.78135931 0.79543453
vt 0.77945238 0.79810667
vt 0.77958077 0.79538333
vt 0.78267980 0.79365534
vt 0.77820867 0.80013716
vt 0.77827191 0.79806459
vt 0.77840412 0.79534966
vt 0.78145587 0.79361629
vt 0.78856784 0.79842728
vt 0.79052854 0.80120140
vt 0.78892827 0.79368985
vt 0.78873479 0.79571044
vt 0.79062986 0.79844767
vt 0.79053289 0.80272317
vt 0.77848893 0.79415113
vt 0.77950865 0.79365540
vt 0.79099500 0.79366606
vt 0.79252702 0.80130565
vt 0.79218090 0.80284882
vt 0.79316366 0.80224043
vt 0.79269373 0.79831457
vt 0.79339641 0.79993582
vt 0.79256809 0.79579592
vt 0.79241335 0.79366618
vt 0.79300624 0.80292028
vt 0.79296112 0.80337727
vt 0.79350781 0.79593647
vt 0.79334342 0.79367167
vt 0.79418153 0.80303615
vt 0.77725208 0.79531610
vt 0.77708077 0.79801345
vt 0.77853531 0.79324442
vt 0.77725720 0.80075920
vt 0.79411459 0.80131090
vt 0.77759057 0.79362410
vt 0.77559930 0.79353946
vt 0.77555376 0.79525018
vt 0.77547830 0.79793400
vt 0.77541071 0.80058610
vt 0.77541494 0.80192399
vt 0.77857047 0.79279441
vt 0.79429746 0.79831862
vt 0.79464424 0.79584378
vt 0.79484999 0.79368705
vt 0.79626757 0.80123639
vt 0.79618829 0.80318958
vt 0.79641312 0.79847246
vt 0.79658145 0.79589361
vt 0.79675305 0.79372305
vt 0.77443272 0.79355258
vt 0.79407567 0.80371147
vt 0.77418798 0.80052423
vt 0.77426690 0.79787171
vt 0.77436125 0.79519093
vt 0.77268708 0.79781061
vt 0.77278405 0.79512519
vt 0.77260208 0.80043632
vt 0.77285659 0.79353887
vt 0.77418184 0.80184335
vt 0.78894717 0.79249966
vt 0.78752506 0.79254067
vt 0.78633755 0.79252702
vt 0.77142161 0.79506612
vt 0.77128440 0.79775792
vt 0.77118838 0.80035263
vt 0.77153146 0.79350936
vt 0.77262855 0.80173540
vt 0.78285366 0.79269117
vt 0.76991707 0.79769331
vt 0.76979673 0.80025965
vt 0.77121025 0.80162501
vt 0.77008539 0.79499900
vt 0.76977462 0.80151391
vt 0.76839674 0.80015188
vt 0.76849186 0.79761124
vt 0.76865017 0.79492432
vt 0.76840049 0.80139703
vt 0.77019584 0.79341942
vt 0.76876163 0.79331982
vt 0.79830992 0.80125785
vt 0.79841805 0.79851663
vt 0.79855418 0.79595476
vt 0.79869360 0.79376906
vt 0.79828137 0.80330676
vt 0.79602689 0.80414277
vt 0.79496878 0.79238510
vt 0.79687607 0.79234636
vt 0.80082226 0.79380983
vt 0.80059296 0.79857910
vt 0.80070710 0.79600811
vt 0.80053276 0.80131626
vt 0.80079287 0.80352163
vt 0.77971858 0.79237843
vt 0.80298930 0.79602629
vt 0.80323184 0.79394650
vt 0.80412620 0.79339939
vt 0.80423290 0.79528409
vt 0.80302602 0.79840952
vt 0.80410320 0.79733813
vt 0.80244994 0.80139089
vt 0.80521184 0.79401642
vt 0.80414784 0.79282576
vt 0.80328453 0.79252422
vt 0.80536336 0.79604226
vt 0.80499142 0.79844248
vt 0.80771571 0.79400188
vt 0.79880697 0.79232687
vt 0.80090898 0.79237109
vt 0.80387062 0.79922116
vt 0.80764240 0.79605883
vt 0.80974561 0.79407388
vt 0.80969924 0.79607719
vt 0.80958498 0.79871356
vt 0.80755967 0.79869097
vt 0.80748582 0.80156857
vt 0.80942702 0.80162162
vt 0.80515814 0.80149955
vt 0.80361348 0.80144149
vt 0.80214703 0.80318284
vt 0.80295402 0.80359501
vt 0.80928451 0.80360824
vt 0.80744630 0.80358809
vt 0.80519629 0.80353725
vt 0.80180866 0.80414981
vt 0.79811454 0.80443692
vt 0.81096494 0.79411542
vt 0.81078094 0.79873013
vt 0.80298167 0.80435425
vt 0.80770504 0.79276419
vt 0.80970806 0.79286575
vt 0.80545372 0.79267496
vt 0.80052853 0.80464071
vt 0.78426135 0.79239321
vt 0.77570891 0.79263330
vt 0.80516827 0.80462283
vt 0.81094825 0.79290396
vt 0.78194708 0.79230744
vt 0.80727458 0.80487353
vt 0.79202044 0.80399567
vt 0.77729207 0.79226124
vt 0.76746136 0.79488438
vt 0.76719964 0.80004680
vt 0.76729536 0.79753602
vt 0.76759118 0.79325426
vt 0.76718187 0.80132568
vt 0.76609510 0.79483259
vt 0.76571661 0.79992723
vt 0.76595688 0.79744774
vt 0.76617932 0.79320711
vt 0.76477593 0.79322016
vt 0.76469582 0.79474342
vt 0.76337641 0.79323280
vt 0.76456803 0.79734528
vt 0.76301831 0.79973680
vt 0.76188236 0.79718602
vt 0.76203698 0.79456604
vt 0.76327610 0.79464549
vt 0.76175821 0.79965162
vt 0.76213241 0.79320794
vt 0.76565444 0.80123496
vt 0.76295048 0.80102563
vt 0.76170701 0.80092549
vt 0.75986671 0.79954147
vt 0.76014626 0.79464585
vt 0.75904000 0.79701048
vt 0.75983459 0.80077022
vt 0.75884092 0.80004555
vt 0.75881547 0.80042207
vt 0.75915998 0.79543620
vt 0.75888646 0.79890889
vt 0.76050073 0.79312241
vt 0.75928152 0.79400605
vt 0.75791311 0.79941458
vt 0.75790095 0.79697436
vt 0.75830787 0.79453039
vt 0.75609004 0.79928893
vt 0.75623953 0.79687524
vt 0.75646102 0.79420871
vt 0.75810921 0.79294199
vt 0.75657254 0.79282492
vt 0.77312839 0.79229742
vt 0.75783277 0.80061650
vt 0.75601453 0.80048376
vt 0.77549112 0.80243087
vt 0.75528765 0.79412687
vt 0.75505841 0.79680842
vt 0.75489831 0.79920787
vt 0.75482649 0.80037421
vt 0.75541139 0.79274672
vt 0.77474219 0.79222322
vt 0.75335568 0.79672545
vt 0.75318253 0.79909956
vt 0.75357032 0.79400575
vt 0.75208259 0.79666454
vt 0.75192553 0.79901767
vt 0.75074434 0.79891318
vt 0.75094688 0.79657239
vt 0.75112593 0.79380149
vt 0.75230128 0.79391277
vt 0.75367713 0.79264206
vt 0.75242132 0.79257154
vt 0.75118649 0.79247195
vt 0.75185490 0.79988158
vt 0.75283778 0.80023545
vt 0.79017216 0.80411279
vt 0.78257167 0.80257386
vt 0.78699505 0.80283374
vt 0.80910355 0.80479670
vt 0.78826141 0.80326939
vt 0.75874084 0.80095243
vt 0.79369116 0.80450600
vt 0.74953938 0.79643172
vt 0.74971557 0.79366702
vt 0.74938291 0.79876000
vt 0.75090319 0.80003291
vt 0.74935603 0.79983866
vt 0.77699196 0.80280977
vt 0.77921915 0.80266440
vt 0.74976939 0.79234052
vt 0.75243646 0.79219526
vt 0.77271742 0.80236024
vt 0.79130316 0.80519098
vt 0.79041559 0.80516928
vt 0.76713562 0.80204690
vt 0.76447439 0.80179775
vt 0.76976657 0.80221266
vt 0.78913921 0.80490601
vt 0.76166290 0.80144650
vt 0.79573089 0.80485785
vt 0.77421397 0.80295467
vt 0.76575685 0.80247390
vt 0.80284697 0.80493993
vt 0.76839560 0.80271173
vt 0.76050901 0.80180526
vt 0.75172806 0.80046803
vt 0.79787272 0.80508095
vt 0.79921782 0.80515361
vt 0.78385091 0.80300248
vt 0.78586906 0.80350965
vt 0.76299459 0.80212361
vt 0.78132832 0.80323184
vt 0.75749701 0.80142075
vt 0.78737831 0.80461067
vt 0.78747934 0.80538327
vt 0.78612208 0.80518782
vt 0.78497422 0.80489087
vt 0.78289956 0.80442280
vt 0.75057536 0.80084133
vt 0.77127242 0.80318725
vt 0.80088335 0.80527949
vt 0.75469255 0.80099875
vt 0.78299028 0.80524617
vt 0.78162825 0.80502427
vt 0.80505347 0.80524617
vt 0.78918564 0.80545616
vt 0.77844006 0.80401665
vt 0.78030729 0.80464244
vt 0.77729326 0.80463415
vt 0.77857947 0.80493718
vt 0.74766779 0.79839426
vt 0.74794811 0.79620326
vt 0.74796140 0.79361594
vt 0.74692523 0.79426712
vt 0.74574411 0.79588014
vt 0.74665654 0.79772192
vt 0.74612230 0.79342806
vt 0.74712831 0.79293776
vt 0.74722898 0.79213625
vt 0.74587733 0.79200435
vt 0.74841350 0.79222387
vt 0.74678922 0.79864115
vt 0.74764192 0.79964787
vt 0.74677461 0.79917836
vt 0.74579346 0.79814810
vt 0.74384421 0.79179633
vt 0.74388778 0.79308921
vt 0.74373096 0.79561949
vt 0.74356174 0.79799497
vt 0.74166667 0.79532969
vt 0.98903507 0.34199953
vt 0.98887897 0.33944547
vt 0.98728073 0.34040749
vt 0.98887897 0.34302330
vt 0.89956141 0.53980321
vt 0.90131581 0.53980321
vt 0.90033579 0.53801429
vt 0.03997088 0.82081491
vt 0.03789602 0.82133853
vt 0.04049912 0.82267714
vt 0.04251288 0.82221133
vt 0.04205674 0.82032144
vt 0.04332900 0.82002115
vt 0.04375016 0.82192761
vt 0.04296226 0.82409197
vt 0.04417150 0.82382458
vt 0.04342653 0.82603133
vt 0.04461819 0.82577181
vt 0.03891943 0.82502145
vt 0.03585259 0.82375252
vt 0.03622783 0.82560158
vt 0.03664410 0.82752913
vt 0.03549200 0.82186735
vt 0.03742051 0.81955379
vt 0.03513974 0.81992149
vt 0.03682758 0.81748968
vt 0.03842904 0.81863892
vt 0.03788438 0.81713003
vt 0.03895031 0.81674176
vt 0.03830766 0.81489521
vt 0.04291585 0.81808788
vt 0.04159647 0.81840241
vt 0.04253037 0.81615609
vt 0.03479883 0.81798738
vt 0.03630678 0.81575274
vt 0.04389288 0.82799476
vt 0.04158574 0.82644361
vt 0.03944748 0.82692742
vt 0.03709565 0.82946682
vt 0.03995567 0.82885832
vt 0.03758465 0.83139682
vt 0.04043490 0.83078772
vt 0.03812042 0.83332598
vt 0.04090023 0.83273697
vt 0.03872607 0.83524328
vt 0.04135444 0.83473426
vt 0.03945270 0.83719587
vt 0.04208771 0.82841760
vt 0.04102777 0.82453012
vt 0.04181271 0.83678567
vt 0.04387648 0.83662462
vt 0.04344724 0.83455259
vt 0.04530223 0.83649009
vt 0.04497861 0.83440208
vt 0.04625624 0.83425087
vt 0.04661287 0.83633572
vt 0.04702683 0.83838415
vt 0.04837518 0.83820528
vt 0.04593007 0.83220738
vt 0.04752015 0.83343726
vt 0.04801784 0.83615810
vt 0.03938198 0.81907386
vt 0.03444955 0.81605792
vt 0.03551426 0.81369817
vt 0.03409787 0.81407315
vt 0.03458362 0.81184763
vt 0.03376179 0.81205779
vt 0.03369872 0.81014013
vt 0.03346788 0.81019455
vt 0.04030049 0.83908504
vt 0.04565186 0.83856124
vt 0.04431212 0.83870077
vt 0.04302958 0.83248615
vt 0.04748412 0.84036672
vt 0.04104101 0.81625199
vt 0.04564928 0.82927996
vt 0.04954779 0.82727605
vt 0.05175711 0.82900196
vt 0.05283109 0.82803375
vt 0.05045255 0.83110940
vt 0.05243280 0.83235031
vt 0.05331715 0.83001244
vt 0.05128985 0.83478504
vt 0.05280773 0.83444941
vt 0.05434011 0.83411539
vt 0.05318431 0.83645946
vt 0.05176725 0.83678681
vt 0.05474875 0.83610052
vt 0.05604379 0.83580673
vt 0.05324464 0.83826810
vt 0.05512890 0.83788502
vt 0.05397573 0.84028542
vt 0.05230674 0.83910370
vt 0.05274241 0.84065270
vt 0.05508366 0.83177817
vt 0.05105146 0.84108859
vt 0.05440030 0.84171313
vt 0.05418277 0.82815194
vt 0.05604171 0.83989602
vt 0.05643016 0.83750904
vt 0.05382225 0.83204913
vt 0.04857216 0.82958120
vt 0.05181791 0.84303910
vt 0.05031775 0.84197080
vt 0.05083285 0.84323543
vt 0.04935710 0.84349680
vt 0.04964527 0.84527957
vt 0.04767870 0.84551018
vt 0.04729766 0.84395093
vt 0.04489207 0.84567857
vt 0.05150735 0.84497821
vt 0.04915672 0.84149945
vt 0.04544514 0.84403932
vt 0.04661477 0.84317446
vt 0.04721990 0.84185761
vt 0.04835586 0.84660107
vt 0.05246695 0.84484833
vt 0.05116170 0.83882612
vt 0.03678149 0.81319565
vt 0.04215299 0.81421733
vt 0.04291226 0.81176454
vt 0.03600093 0.81135219
vt 0.04509816 0.82158649
vt 0.03743960 0.81527108
vt 0.04094313 0.80828637
vt 0.03974672 0.81067091
vt 0.04057143 0.80611241
vt 0.03964176 0.80231303
vt 0.03812075 0.79641080
vt 0.03671327 0.79885125
vt 0.03594074 0.79715091
vt 0.03818628 0.79225403
vt 0.03729881 0.79331756
vt 0.03666917 0.79195362
vt 0.03570381 0.79285401
vt 0.03465084 0.79062766
vt 0.03588646 0.79489261
vt 0.03344272 0.79328102
vt 0.03366303 0.79083723
vt 0.03260342 0.78861582
vt 0.03474444 0.78834546
vt 0.03600062 0.78909087
vt 0.03637083 0.78745115
vt 0.03396210 0.78637356
vt 0.03664048 0.78606993
vt 0.03435989 0.78464234
vt 0.03499015 0.79929620
vt 0.03606644 0.79041028
vt 0.03834332 0.80475944
vt 0.03782745 0.80277205
vt 0.03598741 0.80325514
vt 0.03546961 0.80125946
vt 0.03367251 0.79545265
vt 0.03246657 0.78590375
vt 0.03307571 0.78451902
vt 0.03914790 0.80032003
vt 0.03190036 0.78715271
vt 0.03469906 0.80353004
vt 0.03501658 0.80555272
vt 0.03439634 0.80150080
vt 0.03426899 0.79940259
vt 0.03368202 0.80365133
vt 0.03391962 0.80567056
vt 0.03692891 0.80718261
vt 0.03473569 0.79825860
vt 0.03321264 0.78292316
vt 0.03441718 0.78301054
vt 0.03427000 0.80771512
vt 0.03603096 0.78462952
vt 0.03349688 0.78106648
vt 0.03448005 0.78183019
vt 0.03455849 0.78047961
vt 0.03328722 0.77897072
vt 0.03465164 0.77903157
vt 0.03477841 0.77698946
vt 0.03333718 0.77692544
vt 0.03340276 0.77489358
vt 0.03490788 0.77497166
vt 0.03347425 0.77288228
vt 0.03504687 0.77297598
vt 0.03354870 0.77089608
vt 0.03518791 0.77099258
vt 0.03605471 0.77703017
vt 0.03362304 0.76892579
vt 0.03531418 0.76901788
vt 0.03347855 0.80162102
vt 0.03759765 0.79439718
vt 0.03558654 0.78112864
vt 0.04021218 0.81263959
vt 0.03929168 0.80869448
vt 0.03735315 0.80912143
vt 0.03593490 0.77905875
vt 0.03330717 0.80858588
vt 0.03322903 0.80860323
vt 0.04993455 0.84066492
vt 0.03726833 0.80079895
vt 0.03368968 0.76696295
vt 0.03541591 0.76704717
vt 0.03375810 0.76494163
vt 0.03560610 0.76296401
vt 0.03382940 0.76288301
vt 0.03566227 0.76071215
vt 0.03390589 0.76089144
vt 0.03399079 0.75895292
vt 0.03572050 0.75693756
vt 0.03408420 0.75694501
vt 0.03241278 0.75697649
vt 0.03576905 0.75486249
vt 0.03417807 0.75487125
vt 0.03581643 0.75280499
vt 0.03426620 0.75280029
vt 0.03586372 0.75072300
vt 0.03709038 0.75279975
vt 0.03434988 0.75070155
vt 0.03593628 0.74759197
vt 0.03716291 0.75074559
vt 0.03138250 0.73316759
vt 0.02932870 0.73308748
vt 0.03027657 0.73580647
vt 0.02904697 0.73728275
vt 0.03036414 0.73737383
vt 0.03314909 0.73821145
vt 0.03182696 0.73876047
vt 0.03029322 0.73862725
vt 0.03039617 0.73992616
vt 0.03173845 0.74010557
vt 0.03307513 0.73886120
vt 0.02874345 0.73847681
vt 0.03702150 0.73888308
vt 0.03730667 0.74062926
vt 0.03590006 0.73932236
vt 0.03589408 0.74048966
vt 0.03451311 0.74037409
vt 0.03590514 0.74223590
vt 0.03731522 0.74239343
vt 0.03593683 0.74433911
vt 0.03765113 0.73701012
vt 0.03449475 0.74210966
vt 0.03591026 0.73821908
vt 0.03177817 0.74189675
vt 0.03053497 0.74180037
vt 0.03184007 0.74401170
vt 0.03297653 0.74407893
vt 0.03293391 0.74634761
vt 0.03181987 0.74631953
vt 0.03285901 0.74857241
vt 0.03177043 0.74859858
vt 0.03171284 0.75076538
vt 0.03136429 0.73517948
vt 0.03594749 0.73524052
vt 0.03476131 0.73337221
vt 0.03465021 0.73533833
vt 0.03447775 0.74420238
vt 0.03347086 0.73503739
vt 0.03592101 0.73714757
vt 0.02950023 0.73971999
vt 0.03440747 0.74859846
vt 0.03267480 0.75283784
vt 0.05201777 0.83784145
vt 0.03299877 0.74025685
vt 0.05590951 0.84206647
vt 0.05740846 0.84044057
vt 0.05815887 0.84162080
vt 0.05666830 0.84365755
vt 0.05812189 0.84393471
vt 0.05730947 0.84484053
vt 0.05593745 0.84435582
vt 0.05498142 0.84309739
vt 0.05367778 0.84463340
vt 0.03299722 0.74199057
vt 0.03474859 0.80759293
vt 0.04985331 0.83519179
vt 0.03617471 0.77502495
vt 0.03882595 0.80672479
vt 0.03478693 0.73881274
vt 0.04644016 0.84023082
vt 0.05356478 0.84265935
vt 0.03255006 0.75491089
vt 0.04230250 0.83887589
vt 0.04937242 0.83957273
vt 0.03336149 0.80019861
vt 0.03374065 0.79875171
vt 0.05807767 0.83536202
vt 0.05833333 0.83698916
vt 0.05276087 0.84566140
vt 0.03025452 0.74177414
vt 0.03028813 0.74389827
vt 0.03072374 0.74393827
vt 0.03072965 0.74637651
vt 0.02991517 0.75176454
vt 0.03015040 0.75334603
vt 0.03009961 0.75334263
vt 0.03814453 0.81299639
vt 0.03446195 0.74644142
vt 0.05690512 0.83899528
vt 0.03427692 0.73739851
vt 0.04101869 0.83973330
vt 0.04245004 0.84087479
vt 0.04312371 0.84070104
vt 0.04387074 0.84206045
vt 0.04394088 0.84203428
vt 0.03407013 0.79758370
vt 0.03580504 0.78303158
vt 0.03328564 0.73698229
vt 0.04257848 0.83043236
vt 0.03800017 0.79010850
vt 0.04065641 0.81445891
vt 0.04466525 0.83232695
vt 0.04431941 0.83014637
vt 0.04490179 0.84065890
vt 0.04535468 0.84265161
vt 0.04488460 0.84313112
vt 0.05042413 0.83758807
vt 0.03525367 0.80951190
vt 0.07063070 0.54171950
vt 0.06885966 0.53980321
vt 0.06885965 0.54338104
vt 0.07236842 0.54006523
vt 0.53815788 0.74376249
vt 0.53642851 0.74194992
vt 0.53464913 0.74406689
vt 0.53642851 0.74552774
vt 0.81535089 0.98881930
vt 0.81797850 0.98876876
vt 0.81798244 0.98748964
vt 0.81536156 0.98745888
vt 0.81797850 0.98524153
vt 0.67913651 0.30916357
vt 0.67843962 0.31183493
vt 0.68046546 0.31350625
vt 0.67763156 0.30971813
vt 0.67850637 0.30704618
vt 0.68114036 0.30849296
vt 0.68046546 0.30635059
vt 0.92587721 0.08542037
vt 0.92412281 0.08542037
vt 0.92446136 0.08273703
vt 0.72118849 0.71243292
vt 0.71885967 0.71099061
vt 0.72407275 0.71064401
vt 0.72675437 0.71243292
vt 0.95641649 0.15876567
vt 0.95648998 0.16039389
vt 0.95407468 0.16019952
vt 0.95657897 0.16234350
vt 0.95394737 0.16234350
vt 0.95500499 0.15881503
vt 0.43316165 0.79068130
vt 0.43201753 0.79267192
vt 0.43368036 0.79382825
vt 0.43252587 0.79014766
vt 0.43377194 0.78963286
vt 0.43259588 0.78917640
vt 0.43368036 0.78846157
vt 0.94078720 0.54443443
vt 0.94078946 0.54248661
vt 0.93815792 0.54495597
vt 0.94078946 0.54606438
vt 0.17236842 0.38781106
vt 0.17061193 0.38864040
vt 0.16900189 0.38685155
vt 0.16710526 0.38781106
vt 0.10509714 0.96379220
vt 0.10262064 0.96124816
vt 0.10570175 0.96244186
vt 0.10422243 0.96019679
vt 0.45220086 0.78529418
vt 0.45238391 0.78319651
vt 0.45043859 0.78309482
vt 0.45394737 0.78336418
vt 0.45394737 0.78577816
vt 0.25043860 0.46917593
vt 0.24912690 0.46824688
vt 0.24780701 0.46999061
vt 0.24912690 0.47093022
vt 0.46099526 0.75268334
vt 0.46271929 0.75262505
vt 0.46096492 0.75050992
vt 0.46271929 0.74821109
vt 0.82580823 0.62656528
vt 0.82675439 0.62435639
vt 0.82412279 0.62253875
vt 0.82580823 0.62209302
vt 0.29868421 0.00744778
vt 0.29727316 0.00616068
vt 0.29621533 0.00819039
vt 0.29652813 0.00939178
vt 0.29605263 0.00811100
vt 0.29652813 0.00581396
vt 0.12159890 0.78041142
vt 0.12236842 0.77765191
vt 0.12061404 0.77829212
vt 0.12159890 0.77683365
vt 0.69605261 0.71380973
vt 0.69605339 0.71374893
vt 0.69727945 0.71391231
vt 0.69728094 0.71367663
vt 0.69929761 0.71358466
vt 0.69929910 0.71405399
vt 0.70130271 0.71412611
vt 0.70130068 0.71353292
vt 0.70320994 0.71348441
vt 0.70320982 0.71414864
vt 0.70511514 0.71412009
vt 0.70511490 0.71343040
vt 0.70712310 0.71409428
vt 0.70783687 0.71339309
vt 0.70918882 0.71409720
vt 0.71126842 0.71338862
vt 0.71125698 0.71412611
vt 0.71329635 0.71422184
vt 0.71331793 0.71336854
vt 0.71535087 0.71332735
vt 0.15047151 0.69382131
vt 0.15249912 0.69538724
vt 0.15045241 0.69532984
vt 0.15248622 0.69708723
vt 0.15455367 0.69712001
vt 0.15455818 0.69545656
vt 0.15656610 0.69721854
vt 0.15620574 0.69859993
vt 0.14859010 0.69374907
vt 0.15042856 0.69708365
vt 0.15041101 0.69842201
vt 0.14854094 0.69861245
vt 0.14850554 0.69957864
vt 0.15040101 0.69939494
vt 0.14845493 0.70102954
vt 0.15037893 0.70110917
vt 0.14698650 0.69954282
vt 0.14684957 0.70102543
vt 0.14836311 0.70310897
vt 0.15246125 0.70109767
vt 0.14705445 0.69854379
vt 0.14470026 0.70141244
vt 0.14532501 0.69900006
vt 0.14324427 0.70098269
vt 0.14367853 0.70228016
vt 0.14245415 0.70163900
vt 0.14168926 0.69998550
vt 0.14255966 0.69926482
vt 0.14513269 0.70265591
vt 0.14052442 0.69941509
vt 0.15247527 0.69862980
vt 0.14019498 0.70189995
vt 0.13924117 0.70147914
vt 0.13988246 0.69756150
vt 0.15462649 0.69388336
vt 0.15242714 0.70329618
vt 0.15608908 0.70349258
vt 0.15453227 0.70112544
vt 0.15653723 0.70117331
vt 0.14283755 0.69372511
vt 0.14030360 0.69526875
vt 0.14271460 0.69518989
vt 0.14423823 0.69372743
vt 0.14422831 0.69514459
vt 0.14251423 0.69681793
vt 0.14543620 0.69513655
vt 0.14579277 0.69686228
vt 0.14701894 0.69514787
vt 0.14706185 0.69371468
vt 0.14688696 0.69692415
vt 0.14852840 0.69524688
vt 0.15247090 0.69958931
vt 0.15795381 0.69954520
vt 0.14660220 0.70298016
vt 0.14461544 0.69692618
vt 0.15454669 0.69963247
vt 0.14123286 0.69857270
vt 0.14852820 0.69704759
vt 0.14624935 0.69804192
vt 0.60768813 0.98434705
vt 0.60880882 0.98610705
vt 0.61096489 0.98613596
vt 0.26008499 0.31261182
vt 0.26096490 0.31041545
vt 0.25921053 0.31120217
vt 0.26008499 0.30992842
vt 0.16202612 0.49239713
vt 0.16521294 0.49160028
vt 0.16333950 0.49052954
vt 0.16535088 0.48991346
vt 0.16521294 0.48801267
vt 0.16184211 0.48960948
vt 0.16349339 0.48748684
f 3595/3595 3594/3594 3687/3687
f 3595/3595 3687/3687 3688/3688
f 3681/3681 3638/3638 3667/3667
f 3667/3667 3638/3638 3657/3657
f 3661/3661 3694/3694 3689/3689
f 3694/3694 3698/3698 3689/3689
f 3703/3703 3594/3594 3598/3598
f 3598/3598 3704/3704 3703/3703
f 3698/3698 3694/3694 3697/3697
f 3736/3736 3734/3734 3737/3737
f 3634/3634 3638/3638 3637/3637
f 3651/3651 3653/3653 3659/3659
f 3657/3657 3634/3634 3648/3648
f 3653/3653 3652/3652 3689/3689
f 3687/3687 3684/3684 3683/3683
f 4120/4120 4121/4121 4122/4122
f 3664/3664 3699/3699 3667/3667
f 3653/3653 3660/3660 3659/3659
f 3681/3681 3696/3696 3694/3694
f 3598/3598 3594/3594 3597/3597
f 3745/3745 3746/3746 3747/3747
f 3684/3684 3594/3594 3703/3703
f 3595/3595 3688/3688 3695/3695
f 3651/3651 3652/3652 3653/3653
f 3681/3681 3661/3661 3638/3638
f 3694/3694 3661/3661 3681/3681
f 3653/3653 3689/3689 3660/3660
f 3735/3735 3734/3734 3736/3736
f 3701/3701 3703/3703 3704/3704
f 3687/3687 3594/3594 3684/3684
f 3699/3699 3696/3696 3681/3681
f 3661/3661 3652/3652 3637/3637
f 3595/3595 3706/3706 3596/3596
f 3702/3702 3595/3595 3695/3695
f 593/593 696/696 592/592
f 3662/3662 3687/3687 3683/3683
f 3638/3638 3634/3634 3657/3657
f 3689/3689 3695/3695 3660/3660
f 3596/3596 3597/3597 3594/3594
f 3705/3705 3704/3704 3598/3598
f 3637/3637 3652/3652 3651/3651
f 3733/3733 3734/3734 3735/3735
f 3689/3689 3652/3652 3661/3661
f 3662/3662 3659/3659 3660/3660
f 3695/3695 3688/3688 3660/3660
f 696/696 593/593 773/773
f 3687/3687 3662/3662 3688/3688
f 3662/3662 3660/3660 3688/3688
f 618/618 596/596 834/834
f 3594/3594 3595/3595 3596/3596
f 3703/3703 3701/3701 3684/3684
f 3702/3702 3706/3706 3595/3595
f 3696/3696 3697/3697 3694/3694
f 3681/3681 3667/3667 3699/3699
f 3661/3661 3637/3637 3638/3638
f 3707/3707 3708/3708 3709/3709
f 4509/4509 4507/4507 4510/4510
f 4551/4551 4552/4552 4550/4550
f 4549/4549 4551/4551 4550/4550
f 4549/4549 4550/4550 4548/4548
f 4547/4547 4549/4549 4548/4548
f 4547/4547 4548/4548 4546/4546
f 4518/4518 4547/4547 4546/4546
f 4518/4518 4546/4546 4517/4517
f 4509/4509 4518/4518 4517/4517
f 4509/4509 4517/4517 4508/4508
f 4507/4507 4509/4509 4508/4508
f 4507/4507 4508/4508 4506/4506
f 4492/4492 4507/4507 4506/4506
f 4503/4503 4502/4502 4492/4492
f 4503/4503 4504/4504 4502/4502
f 4492/4492 4506/4506 4503/4503
f 4502/4502 4504/4504 4505/4505
f 4521/4521 4502/4502 4505/4505
f 4521/4521 4505/4505 4522/4522
f 4523/4523 4521/4521 4522/4522
f 4523/4523 4522/4522 4524/4524
f 4525/4525 4523/4523 4524/4524
f 4525/4525 4524/4524 4526/4526
f 4527/4527 4525/4525 4526/4526
f 4527/4527 4526/4526 4528/4528
f 4529/4529 4527/4527 4528/4528
f 4529/4529 4528/4528 4530/4530
f 4533/4533 4529/4529 4530/4530
f 4553/4553 4762/4762 4533/4533
f 4781/4781 4762/4762 4780/4780
f 4533/4533 4530/4530 4553/4553
f 4780/4780 4762/4762 4553/4553
f 4781/4781 4782/4782 4762/4762
f 1835/1835 1871/1871 1872/1872
f 1867/1867 1865/1865 1800/1800
f 1607/1607 1834/1834 1605/1605
f 1601/1601 1604/1604 1603/1603
f 1867/1867 1800/1800 1869/1869
f 2018/2018 2012/2012 2059/2059
f 4486/4486 4487/4487 4484/4484
f 2120/2120 2038/2038 2015/2015
f 3723/3723 3724/3724 3725/3725
f 1738/1738 1869/1869 1800/1800
f 2019/2019 2014/2014 2038/2038
f 2095/2095 2117/2117 2132/2132
f 2058/2058 1901/1901 2039/2039
f 1774/1774 1626/1626 1835/1835
f 1584/1584 1581/1581 1583/1583
f 1574/1574 1573/1573 1575/1575
f 1582/1582 1587/1587 1586/1586
f 1859/1859 1862/1862 1858/1858
f 1595/1595 1594/1594 1591/1591
f 2015/2015 2038/2038 2014/2014
f 1834/1834 1806/1806 1605/1605
f 1874/1874 1873/1873 1835/1835
f 1592/1592 1591/1591 1590/1590
f 3724/3724 3726/3726 3725/3725
f 3753/3753 3752/3752 3754/3754
f 3748/3748 3749/3749 3750/3750
f 2117/2117 2095/2095 2116/2116
f 1864/1864 1866/1866 1879/1879
f 1603/1603 1609/1609 1602/1602
f 3753/3753 3756/3756 3751/3751
f 3749/3749 3752/3752 3751/3751
f 1601/1601 1603/1603 1602/1602
f 1578/1578 1574/1574 1575/1575
f 1876/1876 1877/1877 1878/1878
f 1878/1878 1877/1877 1893/1893
f 1589/1589 1587/1587 1590/1590
f 2038/2038 2100/2100 2039/2039
f 1791/1791 1835/1835 1626/1626
f 1864/1864 1865/1865 1866/1866
f 1605/1605 1806/1806 1608/1608
f 1598/1598 1594/1594 1597/1597
f 1606/1606 1603/1603 1605/1605
f 1579/1579 1580/1580 1581/1581
f 3753/3753 3754/3754 3755/3755
f 1738/1738 1774/1774 1872/1872
f 1607/1607 1605/1605 1604/1604
f 2086/2086 2101/2101 2102/2102
f 1603/1603 1604/1604 1605/1605
f 1595/1595 1591/1591 1592/1592
f 3749/3749 3751/3751 3750/3750
f 1791/1791 1608/1608 1806/1806
f 1858/1858 1857/1857 1859/1859
f 1860/1860 1857/1857 1856/1856
f 2096/2096 2095/2095 2039/2039
f 1894/1894 1895/1895 1896/1896
f 1875/1875 1860/1860 1861/1861
f 1/1 2/2 3/3
f 1576/1576 1573/1573 1572/1572
f 1593/1593 1591/1591 1594/1594
f 1868/1868 1866/1866 1867/1867
f 1872/1872 1774/1774 1835/1835
f 1594/1594 1595/1595 1596/1596
f 2039/2039 2019/2019 2038/2038
f 1868/1868 1867/1867 1869/1869
f 1872/1872 1869/1869 1738/1738
f 3753/3753 3757/3757 3756/3756
f 1588/1588 1586/1586 1587/1587
f 1835/1835 1791/1791 1806/1806
f 1862/1862 1859/1859 1879/1879
f 1895/1895 1897/1897 1896/1896
f 1572/1572 1577/1577 1576/1576
f 1583/1583 1581/1581 1580/1580
f 1864/1864 1879/1879 1859/1859
f 1593/1593 1589/1589 1591/1591
f 1579/1579 1582/1582 1580/1580
f 2058/2058 2039/2039 2095/2095
f 1606/1606 1609/1609 1603/1603
f 1605/1605 1608/1608 1606/1606
f 1870/1870 1868/1868 1869/1869
f 2100/2100 2096/2096 2039/2039
f 1806/1806 1834/1834 1835/1835
f 1580/1580 1582/1582 1586/1586
f 1856/1856 1861/1861 1860/1860
f 1871/1871 1835/1835 1873/1873
f 2018/2018 2059/2059 2017/2017
f 4484/4484 4485/4485 4486/4486
f 1867/1867 1866/1866 1865/1865
f 2034/2034 2101/2101 2086/2086
f 2019/2019 2039/2039 1901/1901
f 1589/1589 1590/1590 1591/1591
f 1876/1876 1875/1875 1861/1861
f 1594/1594 1596/1596 1597/1597
f 3752/3752 3753/3753 3751/3751
f 2116/2116 2095/2095 2096/2096
f 1600/1600 1601/1601 1602/1602
f 2010/2010 2009/2009 1894/1894
f 1871/1871 1869/1869 1872/1872
f 1572/1572 1573/1573 1574/1574
f 2015/2015 2017/2017 2120/2120
f 1861/1861 1877/1877 1876/1876
f 1856/1856 1857/1857 1858/1858
f 1583/1583 1585/1585 1584/1584
f 1871/1871 1870/1870 1869/1869
f 1587/1587 1589/1589 1588/1588
f 1898/1898 1897/1897 1895/1895
f 2009/2009 2010/2010 1896/1896
f 1598/1598 1597/1597 1599/1599
f 4774/4774 4773/4773 4775/4775
f 1364/1364 1350/1350 1351/1351
f 1365/1365 1364/1364 1351/1351
f 1365/1365 1380/1380 1366/1366
f 1365/1365 1366/1366 1364/1364
f 1350/1350 1343/1343 1344/1344
f 1351/1351 1350/1350 1344/1344
f 1343/1343 1341/1341 1342/1342
f 1344/1344 1343/1343 1342/1342
f 3554/3554 2290/2290 2293/2293
f 1401/1401 1406/1406 1407/1407
f 3554/3554 2289/2289 2290/2290
f 1401/1401 1405/1405 1400/1400
f 1401/1401 1400/1400 1398/1398
f 1400/1400 1403/1403 1395/1395
f 1398/1398 1400/1400 1395/1395
f 1395/1395 1403/1403 1404/1404
f 1395/1395 1404/1404 1389/1389
f 3418/3418 2315/2315 3128/3128
f 3418/3418 3128/3128 3415/3415
f 3128/3128 3078/3078 3302/3302
f 3415/3415 3128/3128 3302/3302
f 3078/3078 3079/3079 3301/3301
f 3302/3302 3078/3078 3301/3301
f 3079/3079 3077/3077 3213/3213
f 3301/3301 3079/3079 3213/3213
f 3213/3213 3077/3077 3080/3080
f 3213/3213 3080/3080 3214/3214
f 3214/3214 3080/3080 3104/3104
f 3214/3214 3104/3104 3306/3306
f 3306/3306 3104/3104 3134/3134
f 3306/3306 3134/3134 3307/3307
f 3307/3307 3134/3134 3155/3155
f 3307/3307 3155/3155 3404/3404
f 3155/3155 3168/3168 3419/3419
f 3404/3404 3155/3155 3419/3419
f 3168/3168 3241/3241 3502/3502
f 3419/3419 3168/3168 3502/3502
f 3241/3241 3254/3254 3502/3502
f 2287/2287 2276/2276 2280/2280
f 2287/2287 2280/2280 2288/2288
f 2287/2287 2278/2278 2277/2277
f 2287/2287 2277/2277 2276/2276
f 2288/2288 2280/2280 2291/2291
f 2288/2288 2291/2291 2290/2290
f 2291/2291 2295/2295 2293/2293
f 2290/2290 2291/2291 2293/2293
f 2295/2295 2300/2300 2296/2296
f 2293/2293 2295/2295 2296/2296
f 2300/2300 2313/2313 2301/2301
f 2296/2296 2300/2300 2301/2301
f 2301/2301 2313/2313 2314/2314
f 2301/2301 2314/2314 2315/2315
f 2315/2315 2314/2314 2430/2430
f 2315/2315 2430/2430 3128/3128
f 2430/2430 2432/2432 3078/3078
f 3128/3128 2430/2430 3078/3078
f 3078/3078 2432/2432 2436/2436
f 3078/3078 2436/2436 3079/3079
f 3079/3079 2436/2436 2437/2437
f 3079/3079 2437/2437 3077/3077
f 3077/3077 2437/2437 2438/2438
f 3077/3077 2438/2438 3080/3080
f 3080/3080 2438/2438 2440/2440
f 3080/3080 2440/2440 3104/3104
f 3104/3104 2440/2440 2442/2442
f 3104/3104 2442/2442 3134/3134
f 3134/3134 2442/2442 2443/2443
f 3134/3134 2443/2443 3155/3155
f 3155/3155 2443/2443 3054/3054
f 3155/3155 3054/3054 3168/3168
f 3168/3168 3054/3054 3119/3119
f 3168/3168 3119/3119 3241/3241
f 3119/3119 3130/3130 3254/3254
f 3241/3241 3119/3119 3254/3254
f 3130/3130 3170/3170 3338/3338
f 3254/3254 3130/3130 3338/3338
f 3170/3170 3276/3276 3372/3372
f 3338/3338 3170/3170 3372/3372
f 3276/3276 3283/3283 3372/3372
f 2273/2273 2254/2254 2268/2268
f 2273/2273 2268/2268 2275/2275
f 2273/2273 2263/2263 2258/2258
f 2273/2273 2258/2258 2254/2254
f 2268/2268 2279/2279 2276/2276
f 2275/2275 2268/2268 2276/2276
f 2279/2279 2292/2292 2280/2280
f 2276/2276 2279/2279 2280/2280
f 2292/2292 2357/2357 2291/2291
f 2280/2280 2292/2292 2291/2291
f 2291/2291 2357/2357 2424/2424
f 2291/2291 2424/2424 2295/2295
f 2295/2295 2424/2424 2427/2427
f 2295/2295 2427/2427 2300/2300
f 2300/2300 2427/2427 2428/2428
f 2300/2300 2428/2428 2313/2313
f 2313/2313 2428/2428 2429/2429
f 2313/2313 2429/2429 2314/2314
f 2429/2429 2431/2431 2430/2430
f 2314/2314 2429/2429 2430/2430
f 2430/2430 2431/2431 2432/2432
f 2432/2432 2431/2431 2433/2433
f 2432/2432 2433/2433 2436/2436
f 2436/2436 2433/2433 2435/2435
f 2436/2436 2435/2435 2437/2437
f 2435/2435 2439/2439 2438/2438
f 2437/2437 2435/2435 2438/2438
f 2439/2439 2441/2441 2440/2440
f 2438/2438 2439/2439 2440/2440
f 2440/2440 2441/2441 2442/2442
f 2441/2441 2444/2444 2443/2443
f 2442/2442 2441/2441 2443/2443
f 2443/2443 2444/2444 2445/2445
f 2443/2443 2445/2445 3054/3054
f 3054/3054 2445/2445 2448/2448
f 3054/3054 2448/2448 3119/3119
f 2448/2448 2450/2450 3130/3130
f 3119/3119 2448/2448 3130/3130
f 3130/3130 2450/2450 3081/3081
f 3130/3130 3081/3081 3170/3170
f 3170/3170 3081/3081 3136/3136
f 3170/3170 3136/3136 3276/3276
f 3136/3136 3167/3167 3283/3283
f 3276/3276 3136/3136 3283/3283
f 3167/3167 3264/3264 3354/3354
f 3283/3283 3167/3167 3354/3354
f 3264/3264 3297/3297 3355/3355
f 3354/3354 3264/3264 3355/3355
f 2245/2245 2267/2267 2254/2254
f 2249/2249 2245/2245 2254/2254
f 2249/2249 2253/2253 2248/2248
f 2249/2249 2248/2248 2245/2245
f 2267/2267 2297/2297 2268/2268
f 2254/2254 2267/2267 2268/2268
f 2297/2297 3043/3043 2279/2279
f 2268/2268 2297/2297 2279/2279
f 2279/2279 3043/3043 3042/3042
f 2279/2279 3042/3042 2292/2292
f 2292/2292 3042/3042 2421/2421
f 2292/2292 2421/2421 2357/2357
f 2357/2357 2421/2421 2422/2422
f 2357/2357 2422/2422 2424/2424
f 2424/2424 2422/2422 2423/2423
f 2424/2424 2423/2423 2427/2427
f 2427/2427 2423/2423 2426/2426
f 2427/2427 2426/2426 2428/2428
f 2426/2426 2740/2740 2429/2429
f 2428/2428 2426/2426 2429/2429
f 2429/2429 2740/2740 2431/2431
f 2431/2431 2740/2740 2434/2434
f 2431/2431 2434/2434 2433/2433
f 2434/2434 2452/2452 2435/2435
f 2433/2433 2434/2434 2435/2435
f 2435/2435 2452/2452 2439/2439
f 2439/2439 2452/2452 2441/2441
f 2452/2452 2446/2446 2441/2441
f 2441/2441 2446/2446 2444/2444
f 2446/2446 2447/2447 2445/2445
f 2444/2444 2446/2446 2445/2445
f 2447/2447 2449/2449 2448/2448
f 2445/2445 2447/2447 2448/2448
f 2449/2449 2451/2451 2450/2450
f 2448/2448 2449/2449 2450/2450
f 2451/2451 2459/2459 3081/3081
f 2450/2450 2451/2451 3081/3081
f 3081/3081 2459/2459 2461/2461
f 3081/3081 2461/2461 3136/3136
f 3136/3136 2461/2461 3076/3076
f 3136/3136 3076/3076 3167/3167
f 3167/3167 3076/3076 3105/3105
f 3167/3167 3105/3105 3264/3264
f 3105/3105 3179/3179 3297/3297
f 3264/3264 3105/3105 3297/3297
f 3297/3297 3179/3179 3342/3342
f 2234/2234 2231/2231 2243/2243
f 2234/2234 2243/2243 2242/2242
f 2234/2234 2233/2233 2228/2228
f 2234/2234 2228/2228 2231/2231
f 2243/2243 2274/2274 2245/2245
f 2242/2242 2243/2243 2245/2245
f 2274/2274 2349/2349 2267/2267
f 2245/2245 2274/2274 2267/2267
f 2267/2267 2349/2349 2350/2350
f 2267/2267 2350/2350 2297/2297
f 2297/2297 2350/2350 2416/2416
f 2297/2297 2416/2416 3043/3043
f 2416/2416 2418/2418 3042/3042
f 3043/3043 2416/2416 3042/3042
f 3042/3042 2418/2418 2421/2421
f 2421/2421 2418/2418 2420/2420
f 2421/2421 2420/2420 2422/2422
f 2420/2420 2425/2425 2423/2423
f 2422/2422 2420/2420 2423/2423
f 2425/2425 2741/2741 2426/2426
f 2423/2423 2425/2425 2426/2426
f 2741/2741 2739/2739 2740/2740
f 2426/2426 2741/2741 2740/2740
f 2740/2740 2739/2739 2738/2738
f 2738/2738 2453/2453 2434/2434
f 2740/2740 2738/2738 2434/2434
f 2453/2453 2454/2454 2452/2452
f 2434/2434 2453/2453 2452/2452
f 2452/2452 2454/2454 2455/2455
f 2452/2452 2455/2455 2446/2446
f 2446/2446 2455/2455 2456/2456
f 2446/2446 2456/2456 2447/2447
f 2456/2456 2457/2457 2449/2449
f 2447/2447 2456/2456 2449/2449
f 2457/2457 2458/2458 2451/2451
f 2449/2449 2457/2457 2451/2451
f 2451/2451 2458/2458 2459/2459
f 2461/2461 2462/2462 3076/3076
f 2462/2462 2464/2464 3105/3105
f 3076/3076 2462/2462 3105/3105
f 3105/3105 2464/2464 3056/3056
f 3105/3105 3056/3056 3179/3179
f 3179/3179 3056/3056 3157/3157
f 3179/3179 3157/3157 3342/3342
f 3157/3157 3251/3251 3343/3343
f 3342/3342 3157/3157 3343/3343
f 3251/3251 3273/3273 3380/3380
f 3343/3343 3251/3251 3380/3380
f 2229/2229 2230/2230 2244/2244
f 2229/2229 2244/2244 2231/2231
f 2229/2229 2221/2221 2222/2222
f 2229/2229 2222/2222 2230/2230
f 2244/2244 2294/2294 2243/2243
f 2231/2231 2244/2244 2243/2243
f 2294/2294 3046/3046 2274/2274
f 2243/2243 2294/2294 2274/2274
f 2274/2274 3046/3046 3045/3045
f 2274/2274 3045/3045 2349/2349
f 2349/2349 3045/3045 2414/2414
f 2349/2349 2414/2414 2350/2350
f 2414/2414 2415/2415 2416/2416
f 2350/2350 2414/2414 2416/2416
f 2416/2416 2415/2415 2417/2417
f 2416/2416 2417/2417 2418/2418
f 2418/2418 2417/2417 2419/2419
f 2418/2418 2419/2419 2420/2420
f 2420/2420 2859/2859 2425/2425
f 2425/2425 2859/2859 2741/2741
f 2741/2741 2742/2742 2739/2739
f 2739/2739 2742/2742 2737/2737
f 2739/2739 2737/2737 2738/2738
f 2737/2737 2736/2736 2453/2453
f 2738/2738 2737/2737 2453/2453
f 2736/2736 2735/2735 2453/2453
f 2735/2735 2734/2734 2454/2454
f 2453/2453 2735/2735 2454/2454
f 2454/2454 2734/2734 2455/2455
f 2734/2734 2727/2727 2455/2455
f 2455/2455 2727/2727 2456/2456
f 2456/2456 2727/2727 2726/2726
f 2456/2456 2726/2726 2457/2457
f 2458/2458 2457/2457 2460/2460
f 2458/2458 2460/2460 2459/2459
f 2459/2459 2460/2460 2461/2461
f 2460/2460 2464/2464 2462/2462
f 2461/2461 2460/2460 2462/2462
f 2464/2464 2466/2466 3056/3056
f 3056/3056 2466/2466 3055/3055
f 3056/3056 3055/3055 3157/3157
f 3157/3157 3055/3055 3146/3146
f 3157/3157 3146/3146 3251/3251
f 3146/3146 3212/3212 3273/3273
f 3251/3251 3146/3146 3273/3273
f 3212/3212 3351/3351 3353/3353
f 3273/3273 3212/3212 3353/3353
f 2217/2217 2260/2260 2230/2230
f 2215/2215 2217/2217 2230/2230
f 2215/2215 2214/2214 2209/2209
f 2215/2215 2209/2209 2217/2217
f 2260/2260 2305/2305 2244/2244
f 2230/2230 2260/2260 2244/2244
f 2305/2305 2356/2356 2294/2294
f 2244/2244 2305/2305 2294/2294
f 2294/2294 2356/2356 3047/3047
f 2294/2294 3047/3047 3046/3046
f 3046/3046 3047/3047 2412/2412
f 3046/3046 2412/2412 3045/3045
f 2412/2412 2413/2413 2414/2414
f 3045/3045 2412/2412 2414/2414
f 2414/2414 2413/2413 2415/2415
f 2415/2415 2976/2976 2417/2417
f 2417/2417 2976/2976 2975/2975
f 2417/2417 2975/2975 2419/2419
f 2419/2419 2975/2975 2860/2860
f 2419/2419 2860/2860 2420/2420
f 2860/2860 2857/2857 2859/2859
f 2420/2420 2860/2860 2859/2859
f 2859/2859 2857/2857 2858/2858
f 2859/2859 2858/2858 2741/2741
f 2741/2741 2858/2858 2742/2742
f 2742/2742 2743/2743 2737/2737
f 2737/2737 2743/2743 2736/2736
f 2736/2736 2733/2733 2735/2735
f 2735/2735 2733/2733 2734/2734
f 2734/2734 2729/2729 2727/2727
f 2727/2727 2729/2729 2728/2728
f 2728/2728 2724/2724 2726/2726
f 2727/2727 2728/2728 2726/2726
f 2726/2726 2724/2724 2725/2725
f 2726/2726 2725/2725 2457/2457
f 2457/2457 2725/2725 2463/2463
f 2457/2457 2463/2463 2460/2460
f 2463/2463 2465/2465 2464/2464
f 2460/2460 2463/2463 2464/2464
f 2464/2464 2465/2465 2466/2466
f 2465/2465 2467/2467 2466/2466
f 2466/2466 2467/2467 2468/2468
f 2466/2466 2468/2468 3055/3055
f 3055/3055 2468/2468 2471/2471
f 3055/3055 2471/2471 3146/3146
f 3146/3146 2471/2471 3123/3123
f 3146/3146 3123/3123 3212/3212
f 3212/3212 3123/3123 3183/3183
f 3212/3212 3183/3183 3351/3351
f 3183/3183 3272/3272 3352/3352
f 3351/3351 3183/3183 3352/3352
f 2198/2198 2261/2261 2217/2217
f 2192/2192 2198/2198 2217/2217
f 2192/2192 2190/2190 2178/2178
f 2192/2192 2178/2178 2198/2198
f 2261/2261 2307/2307 2260/2260
f 2217/2217 2261/2261 2260/2260
f 2260/2260 2307/2307 2316/2316
f 2260/2260 2316/2316 2305/2305
f 2305/2305 2316/2316 2355/2355
f 2305/2305 2355/2355 2356/2356
f 2356/2356 2355/2355 2408/2408
f 2356/2356 2408/2408 3047/3047
f 2408/2408 2411/2411 2412/2412
f 3047/3047 2408/2408 2412/2412
f 2412/2412 2411/2411 2413/2413
f 2413/2413 2411/2411 2973/2973
f 2413/2413 2973/2973 2415/2415
f 2415/2415 2973/2973 2974/2974
f 2415/2415 2974/2974 2976/2976
f 2974/2974 2972/2972 2975/2975
f 2976/2976 2974/2974 2975/2975
f 2975/2975 2972/2972 2860/2860
f 2860/2860 2855/2855 2857/2857
f 2857/2857 2855/2855 2856/2856
f 2857/2857 2856/2856 2858/2858
f 2856/2856 2744/2744 2742/2742
f 2858/2858 2856/2856 2742/2742
f 2742/2742 2744/2744 2743/2743
f 2743/2743 2748/2748 2736/2736
f 2736/2736 2748/2748 2733/2733
f 2733/2733 2730/2730 2734/2734
f 2734/2734 2730/2730 2729/2729
f 2730/2730 2722/2722 2728/2728
f 2729/2729 2730/2730 2728/2728
f 2728/2728 2722/2722 2724/2724
f 2724/2724 2722/2722 2723/2723
f 2724/2724 2723/2723 2725/2725
f 2725/2725 2723/2723 2463/2463
f 2463/2463 2723/2723 3013/3013
f 2463/2463 3013/3013 2465/2465
f 3013/3013 2469/2469 2465/2465
f 2465/2465 2469/2469 2467/2467
f 2469/2469 2470/2470 2468/2468
f 2467/2467 2469/2469 2468/2468
f 2470/2470 2474/2474 2471/2471
f 2468/2468 2470/2470 2471/2471
f 2471/2471 2474/2474 2475/2475
f 2471/2471 2475/2475 3123/3123
f 3123/3123 2475/2475 3106/3106
f 3123/3123 3106/3106 3183/3183
f 3106/3106 3209/3209 3272/3272
f 3183/3183 3106/3106 3272/3272
f 3209/3209 3281/3281 3390/3390
f 3272/3272 3209/3209 3390/3390
f 2255/2255 2298/2298 2261/2261
f 2198/2198 2255/2255 2261/2261
f 2198/2198 2178/2178 2179/2179
f 2198/2198 2179/2179 2255/2255
f 2261/2261 2298/2298 2312/2312
f 2261/2261 2312/2312 2307/2307
f 2307/2307 2312/2312 2342/2342
f 2307/2307 2342/2342 2316/2316
f 2316/2316 2342/2342 2407/2407
f 2316/2316 2407/2407 2355/2355
f 2355/2355 2407/2407 2408/2408
f 2408/2408 2410/2410 2411/2411
f 2411/2411 2410/2410 2977/2977
f 2411/2411 2977/2977 2973/2973
f 2973/2973 2972/2972 2974/2974
f 2972/2972 2861/2861 2860/2860
f 2860/2860 2861/2861 2855/2855
f 2855/2855 2853/2853 2856/2856
f 2853/2853 2745/2745 2744/2744
f 2856/2856 2853/2853 2744/2744
f 2744/2744 2745/2745 2743/2743
f 2748/2748 2732/2732 2733/2733
f 2733/2733 2732/2732 2730/2730
f 2732/2732 2731/2731 2730/2730
f 2731/2731 2720/2720 2722/2722
f 2730/2730 2731/2731 2722/2722
f 2722/2722 2720/2720 2721/2721
f 2722/2722 2721/2721 2723/2723
f 2721/2721 3014/3014 2723/2723
f 2723/2723 3014/3014 3013/3013
f 3013/3013 3014/3014 2504/2504
f 3013/3013 2504/2504 2469/2469
f 2504/2504 2472/2472 2469/2469
f 2472/2472 2473/2473 2470/2470
f 2469/2469 2472/2472 2470/2470
f 2470/2470 2473/2473 2474/2474
f 2473/2473 2476/2476 2475/2475
f 2474/2474 2473/2473 2475/2475
f 2475/2475 2476/2476 2477/2477
f 2475/2475 2477/2477 3106/3106
f 3106/3106 2477/2477 3107/3107
f 3106/3106 3107/3107 3209/3209
f 3107/3107 3225/3225 3281/3281
f 3209/3209 3107/3107 3281/3281
f 3225/3225 3268/3268 3282/3282
f 3281/3281 3225/3225 3282/3282
f 2241/2241 2299/2299 2255/2255
f 2203/2203 2241/2241 2255/2255
f 2203/2203 2170/2170 2205/2205
f 2203/2203 2205/2205 2241/2241
f 2241/2241 2205/2205 2302/2302
f 2241/2241 2302/2302 2299/2299
f 2255/2255 2299/2299 2306/2306
f 2255/2255 2306/2306 2298/2298
f 2298/2298 2306/2306 2336/2336
f 2298/2298 2336/2336 2312/2312
f 2312/2312 2336/2336 2405/2405
f 2312/2312 2405/2405 2342/2342
f 2405/2405 2406/2406 2407/2407
f 2342/2342 2405/2405 2407/2407
f 2406/2406 2409/2409 2408/2408
f 2407/2407 2406/2406 2408/2408
f 2408/2408 2409/2409 2410/2410
f 2977/2977 2971/2971 2973/2973
f 2971/2971 2863/2863 2972/2972
f 2973/2973 2971/2971 2972/2972
f 2972/2972 2863/2863 2861/2861
f 2861/2861 2863/2863 2862/2862
f 2862/2862 2854/2854 2855/2855
f 2861/2861 2862/2862 2855/2855
f 2855/2855 2854/2854 2853/2853
f 2745/2745 2746/2746 2743/2743
f 2743/2743 2746/2746 2747/2747
f 2743/2743 2747/2747 2748/2748
f 2748/2748 2747/2747 2749/2749
f 2748/2748 2749/2749 2732/2732
f 2732/2732 2749/2749 2750/2750
f 2732/2732 2750/2750 2731/2731
f 2720/2720 2719/2719 2721/2721
f 2719/2719 2505/2505 2721/2721
f 2721/2721 2505/2505 3014/3014
f 3014/3014 2505/2505 2504/2504
f 2504/2504 2505/2505 2503/2503
f 2503/2503 2500/2500 2472/2472
f 2504/2504 2503/2503 2472/2472
f 2500/2500 2499/2499 2473/2473
f 2472/2472 2500/2500 2473/2473
f 2499/2499 2478/2478 2476/2476
f 2473/2473 2499/2499 2476/2476
f 2478/2478 2479/2479 2477/2477
f 2476/2476 2478/2478 2477/2477
f 2477/2477 2479/2479 2480/2480
f 2477/2477 2480/2480 3107/3107
f 3107/3107 2480/2480 3108/3108
f 3107/3107 3108/3108 3225/3225
f 3108/3108 3220/3220 3268/3268
f 3225/3225 3108/3108 3268/3268
f 3220/3220 3277/3277 3278/3278
f 3268/3268 3220/3220 3278/3278
f 2304/2304 2167/2167 2162/2162
f 2304/2304 2162/2162 2303/2303
f 2162/2162 2284/2284 2303/2303
f 2299/2299 2308/2308 2337/2337
f 2299/2299 2337/2337 2306/2306
f 2299/2299 2302/2302 2308/2308
f 2306/2306 2337/2337 2404/2404
f 2306/2306 2404/2404 2336/2336
f 2404/2404 2385/2385 2405/2405
f 2336/2336 2404/2404 2405/2405
f 2405/2405 2385/2385 2406/2406
f 2406/2406 2979/2979 2409/2409
f 2409/2409 2978/2978 2977/2977
f 2410/2410 2409/2409 2977/2977
f 2978/2978 2969/2969 2971/2971
f 2977/2977 2978/2978 2971/2971
f 2971/2971 2969/2969 2970/2970
f 2971/2971 2970/2970 2863/2863
f 2863/2863 2970/2970 2864/2864
f 2863/2863 2864/2864 2862/2862
f 2862/2862 2864/2864 2854/2854
f 2854/2854 2851/2851 2853/2853
f 2853/2853 2851/2851 2852/2852
f 2853/2853 2852/2852 2745/2745
f 2745/2745 2852/2852 2746/2746
f 2750/2750 2752/2752 2731/2731
f 2731/2731 2752/2752 2753/2753
f 2731/2731 2753/2753 2754/2754
f 2731/2731 2754/2754 2720/2720
f 2720/2720 2754/2754 2718/2718
f 2718/2718 2716/2716 2719/2719
f 2720/2720 2718/2718 2719/2719
f 2719/2719 2716/2716 2507/2507
f 2719/2719 2507/2507 2505/2505
f 2505/2505 2507/2507 2506/2506
f 2505/2505 2506/2506 2503/2503
f 2500/2500 2498/2498 2499/2499
f 2498/2498 2496/2496 2478/2478
f 2499/2499 2498/2498 2478/2478
f 2496/2496 2481/2481 2479/2479
f 2478/2478 2496/2496 2479/2479
f 2481/2481 2482/2482 2480/2480
f 2479/2479 2481/2481 2480/2480
f 2480/2480 2482/2482 2483/2483
f 2480/2480 2483/2483 3108/3108
f 3108/3108 2483/2483 3110/3110
f 3108/3108 3110/3110 3220/3220
f 3110/3110 3228/3228 3277/3277
f 3220/3220 3110/3110 3277/3277
f 3228/3228 3348/3348 3349/3349
f 3277/3277 3228/3228 3349/3349
f 2213/2213 2237/2237 2236/2236
f 2175/2175 2213/2213 2236/2236
f 2175/2175 2160/2160 2184/2184
f 2175/2175 2184/2184 2213/2213
f 2309/2309 2310/2310 2338/2338
f 2309/2309 2338/2338 2308/2308
f 2284/2284 2283/2283 2310/2310
f 2309/2309 2284/2284 2310/2310
f 2308/2308 2338/2338 2352/2352
f 2308/2308 2352/2352 2337/2337
f 2352/2352 2388/2388 2404/2404
f 2337/2337 2352/2352 2404/2404
f 2388/2388 2386/2386 2385/2385
f 2404/2404 2388/2388 2385/2385
f 2385/2385 2386/2386 2387/2387
f 2385/2385 2387/2387 2406/2406
f 2406/2406 2387/2387 2979/2979
f 2979/2979 2978/2978 2409/2409
f 2970/2970 2866/2866 2864/2864
f 2864/2864 2866/2866 2865/2865
f 2864/2864 2865/2865 2854/2854
f 2854/2854 2865/2865 2851/2851
f 2851/2851 2850/2850 2852/2852
f 2852/2852 2850/2850 2785/2785
f 2852/2852 2785/2785 2746/2746
f 2785/2785 2751/2751 2747/2747
f 2746/2746 2785/2785 2747/2747
f 2747/2747 2751/2751 2749/2749
f 2749/2749 2751/2751 2750/2750
f 2750/2750 2751/2751 2752/2752
f 2752/2752 2754/2754 2753/2753
f 2754/2754 2717/2717 2718/2718
f 2718/2718 2717/2717 2716/2716
f 2716/2716 2508/2508 2507/2507
f 2507/2507 2508/2508 2506/2506
f 2506/2506 2502/2502 2503/2503
f 2502/2502 2501/2501 2500/2500
f 2503/2503 2502/2502 2500/2500
f 2501/2501 2497/2497 2498/2498
f 2500/2500 2501/2501 2498/2498
f 2497/2497 2495/2495 2496/2496
f 2498/2498 2497/2497 2496/2496
f 2496/2496 2495/2495 2481/2481
f 2481/2481 2484/2484 2482/2482
f 2484/2484 2485/2485 2483/2483
f 2482/2482 2484/2484 2483/2483
f 2483/2483 2485/2485 2486/2486
f 2483/2483 2486/2486 3110/3110
f 3110/3110 2486/2486 3109/3109
f 3110/3110 3109/3109 3228/3228
f 3109/3109 3284/3284 3348/3348
f 3228/3228 3109/3109 3348/3348
f 3284/3284 3400/3400 3461/3461
f 3348/3348 3284/3284 3461/3461
f 2145/2145 2147/2147 2237/2237
f 2213/2213 2145/2145 2237/2237
f 2213/2213 2184/2184 2146/2146
f 4123/4123 4124/4124 4125/4125
f 2146/2146 2318/2318 2147/2147
f 2145/2145 2146/2146 2147/2147
f 2310/2310 2317/2317 2353/2353
f 2310/2310 2353/2353 2338/2338
f 2310/2310 2283/2283 2317/2317
f 2353/2353 2375/2375 2352/2352
f 2338/2338 2353/2353 2352/2352
f 2375/2375 2377/2377 2388/2388
f 2352/2352 2375/2375 2388/2388
f 2388/2388 2377/2377 2386/2386
f 2386/2386 2390/2390 2387/2387
f 2390/2390 2980/2980 2979/2979
f 2387/2387 2390/2390 2979/2979
f 2980/2980 2981/2981 2978/2978
f 2979/2979 2980/2980 2978/2978
f 2978/2978 2981/2981 2969/2969
f 2968/2968 2996/2996 2970/2970
f 2969/2969 2968/2968 2970/2970
f 2970/2970 2996/2996 2997/2997
f 2970/2970 2997/2997 2866/2866
f 2866/2866 2997/2997 2869/2869
f 2866/2866 2869/2869 2867/2867
f 2866/2866 2867/2867 2865/2865
f 2865/2865 2867/2867 2848/2848
f 2865/2865 2848/2848 2851/2851
f 2848/2848 2849/2849 2850/2850
f 2851/2851 2848/2848 2850/2850
f 2850/2850 2849/2849 2786/2786
f 2850/2850 2786/2786 2785/2785
f 2785/2785 2786/2786 2784/2784
f 2785/2785 2784/2784 2751/2751
f 2784/2784 2783/2783 2751/2751
f 2751/2751 2783/2783 2755/2755
f 2751/2751 2755/2755 2752/2752
f 2755/2755 2756/2756 2754/2754
f 2752/2752 2755/2755 2754/2754
f 2754/2754 2756/2756 2717/2717
f 2756/2756 2715/2715 2717/2717
f 2717/2717 2715/2715 2716/2716
f 2716/2716 2715/2715 2714/2714
f 2716/2716 2714/2714 2508/2508
f 2508/2508 2714/2714 2509/2509
f 2508/2508 2509/2509 2506/2506
f 2509/2509 2502/2502 2506/2506
f 2501/2501 2516/2516 2497/2497
f 2497/2497 2516/2516 2517/2517
f 2497/2497 2517/2517 2495/2495
f 2495/2495 2494/2494 2481/2481
f 2494/2494 2492/2492 2484/2484
f 2481/2481 2494/2494 2484/2484
f 2492/2492 2487/2487 2485/2485
f 2484/2484 2492/2492 2485/2485
f 2485/2485 2487/2487 2486/2486
f 2486/2486 2489/2489 3109/3109
f 3109/3109 2489/2489 3152/3152
f 3109/3109 3152/3152 3284/3284
f 3152/3152 3371/3371 3400/3400
f 3284/3284 3152/3152 3400/3400
f 2195/2195 2199/2199 2259/2259
f 2195/2195 2186/2186 2194/2194
f 2195/2195 2194/2194 2199/2199
f 2199/2199 2194/2194 2319/2319
f 2199/2199 2319/2319 2259/2259
f 2343/2343 2358/2358 2317/2317
f 2317/2317 2358/2358 2368/2368
f 2317/2317 2368/2368 2353/2353
f 2353/2353 2368/2368 2375/2375
f 2377/2377 2389/2389 2386/2386
f 2389/2389 2392/2392 2390/2390
f 2386/2386 2389/2389 2390/2390
f 2392/2392 2982/2982 2980/2980
f 2390/2390 2392/2392 2980/2980
f 2980/2980 2982/2982 2981/2981
f 2981/2981 2967/2967 2969/2969
f 2967/2967 2966/2966 2968/2968
f 2969/2969 2967/2967 2968/2968
f 2968/2968 2966/2966 2996/2996
f 2869/2869 2868/2868 2867/2867
f 2868/2868 2847/2847 2848/2848
f 2867/2867 2868/2868 2848/2848
f 2848/2848 2847/2847 2845/2845
f 2848/2848 2845/2845 2849/2849
f 2845/2845 2787/2787 2786/2786
f 2849/2849 2845/2845 2786/2786
f 2787/2787 2788/2788 2784/2784
f 2786/2786 2787/2787 2784/2784
f 2788/2788 2781/2781 2784/2784
f 2784/2784 2781/2781 2783/2783
f 2783/2783 2781/2781 2782/2782
f 2783/2783 2782/2782 2755/2755
f 2782/2782 2757/2757 2755/2755
f 2755/2755 2757/2757 2756/2756
f 2756/2756 2757/2757 2758/2758
f 2756/2756 2758/2758 2715/2715
f 2758/2758 2713/2713 2715/2715
f 2713/2713 2711/2711 2714/2714
f 2715/2715 2713/2713 2714/2714
f 2714/2714 2711/2711 2509/2509
f 2509/2509 2711/2711 2510/2510
f 2509/2509 2510/2510 2502/2502
f 2502/2502 2510/2510 2511/2511
f 2502/2502 2511/2511 2501/2501
f 2501/2501 2511/2511 2516/2516
f 2517/2517 2518/2518 2495/2495
f 2518/2518 2493/2493 2494/2494
f 2495/2495 2518/2518 2494/2494
f 2493/2493 2491/2491 2492/2492
f 2494/2494 2493/2493 2492/2492
f 2491/2491 2488/2488 2487/2487
f 2492/2492 2491/2491 2487/2487
f 2487/2487 2488/2488 2486/2486
f 2488/2488 2490/2490 2489/2489
f 2486/2486 2488/2488 2489/2489
f 2489/2489 2490/2490 3075/3075
f 2489/2489 3075/3075 3152/3152
f 3152/3152 3075/3075 3169/3169
f 3152/3152 3169/3169 3371/3371
f 3169/3169 3296/3296 3371/3371
f 2343/2343 2341/2341 2359/2359
f 2343/2343 2359/2359 2358/2358
f 2343/2343 2318/2318 2341/2341
f 2359/2359 2369/2369 2368/2368
f 2358/2358 2359/2359 2368/2368
f 2368/2368 2369/2369 2376/2376
f 2368/2368 2376/2376 2375/2375
f 2376/2376 2379/2379 2377/2377
f 2375/2375 2376/2376 2377/2377
f 2379/2379 2391/2391 2389/2389
f 2377/2377 2379/2379 2389/2389
f 2389/2389 2391/2391 2392/2392
f 2982/2982 2983/2983 2981/2981
f 2983/2983 2965/2965 2967/2967
f 2981/2981 2983/2983 2967/2967
f 2967/2967 2965/2965 2966/2966
f 2966/2966 2999/2999 2996/2996
f 2996/2996 2999/2999 2998/2998
f 2996/2996 2998/2998 2997/2997
f 2997/2997 2998/2998 2869/2869
f 2869/2869 2998/2998 2870/2870
f 2869/2869 2870/2870 2868/2868
f 2868/2868 2870/2870 2846/2846
f 2868/2868 2846/2846 2847/2847
f 2846/2846 2844/2844 2845/2845
f 2847/2847 2846/2846 2845/2845
f 2845/2845 2844/2844 2787/2787
f 2787/2787 2789/2789 2788/2788
f 2788/2788 2789/2789 2780/2780
f 2788/2788 2780/2780 2781/2781
f 2781/2781 2780/2780 2778/2778
f 2781/2781 2778/2778 2782/2782
f 2778/2778 2759/2759 2757/2757
f 2782/2782 2778/2778 2757/2757
f 2759/2759 2760/2760 2758/2758
f 2757/2757 2759/2759 2758/2758
f 2758/2758 2760/2760 2712/2712
f 2758/2758 2712/2712 2713/2713
f 2712/2712 2710/2710 2711/2711
f 2713/2713 2712/2712 2711/2711
f 2711/2711 2710/2710 2709/2709
f 2709/2709 2512/2512 2510/2510
f 2711/2711 2709/2709 2510/2510
f 2510/2510 2512/2512 2511/2511
f 2511/2511 2515/2515 2516/2516
f 2516/2516 2515/2515 2517/2517
f 2517/2517 2515/2515 2518/2518
f 2493/2493 2523/2523 2491/2491
f 2491/2491 2523/2523 2488/2488
f 2523/2523 2524/2524 2488/2488
f 2524/2524 2525/2525 2490/2490
f 2488/2488 2524/2524 2490/2490
f 2525/2525 2527/2527 3075/3075
f 2490/2490 2525/2525 3075/3075
f 3075/3075 2527/2527 3133/3133
f 3075/3075 3133/3133 3169/3169
f 3133/3133 3269/3269 3296/3296
f 3169/3169 3133/3133 3296/3296
f 3269/3269 3358/3358 3395/3395
f 3296/3296 3269/3269 3395/3395
f 2340/2340 2361/2361 2359/2359
f 2341/2341 2340/2340 2359/2359
f 2341/2341 2339/2339 2340/2340
f 2361/2361 2370/2370 2369/2369
f 2359/2359 2361/2361 2369/2369
f 2369/2369 2370/2370 2378/2378
f 2369/2369 2378/2378 2376/2376
f 2376/2376 2378/2378 2379/2379
f 2391/2391 2394/2394 2392/2392
f 2392/2392 2394/2394 2984/2984
f 2392/2392 2984/2984 2982/2982
f 2982/2982 2984/2984 2983/2983
f 2983/2983 2963/2963 2965/2965
f 2965/2965 2963/2963 2964/2964
f 2965/2965 2964/2964 2966/2966
f 2966/2966 2964/2964 3000/3000
f 2966/2966 3000/3000 2999/2999
f 2999/2999 3000/3000 2998/2998
f 2998/2998 3000/3000 3001/3001
f 2998/2998 3001/3001 2871/2871
f 2998/2998 2871/2871 2870/2870
f 2871/2871 2872/2872 2846/2846
f 2870/2870 2871/2871 2846/2846
f 2846/2846 2872/2872 2844/2844
f 2844/2844 2843/2843 2787/2787
f 2787/2787 2843/2843 2789/2789
f 2780/2780 2779/2779 2778/2778
f 2778/2778 2779/2779 2777/2777
f 2778/2778 2777/2777 2759/2759
f 2759/2759 2777/2777 2775/2775
f 2759/2759 2775/2775 2760/2760
f 2775/2775 2762/2762 2760/2760
f 2760/2760 2762/2762 2761/2761
f 2760/2760 2761/2761 2712/2712
f 2712/2712 2761/2761 2710/2710
f 2710/2710 2707/2707 2709/2709
f 2707/2707 2708/2708 2512/2512
f 2709/2709 2707/2707 2512/2512
f 2511/2511 2514/2514 2515/2515
f 2518/2518 2515/2515 2493/2493
f 2493/2493 2522/2522 2523/2523
f 2523/2523 2522/2522 2524/2524
f 2522/2522 2526/2526 2525/2525
f 2524/2524 2522/2522 2525/2525
f 2526/2526 2528/2528 2527/2527
f 2525/2525 2526/2526 2527/2527
f 2527/2527 2528/2528 2529/2529
f 2527/2527 2529/2529 3133/3133
f 3133/3133 2529/2529 3165/3165
f 3133/3133 3165/3165 3269/3269
f 3165/3165 3295/3295 3358/3358
f 3269/3269 3165/3165 3358/3358
f 2340/2340 2345/2345 2360/2360
f 2340/2340 2324/2324 2325/2325
f 2340/2340 2325/2325 2345/2345
f 2340/2340 2360/2360 2361/2361
f 2378/2378 2381/2381 2379/2379
f 2379/2379 2381/2381 2393/2393
f 2379/2379 2393/2393 2391/2391
f 2391/2391 2393/2393 2394/2394
f 2394/2394 2986/2986 2984/2984
f 2984/2984 2986/2986 2985/2985
f 2984/2984 2985/2985 2983/2983
f 2985/2985 2961/2961 2963/2963
f 2983/2983 2985/2985 2963/2963
f 2963/2963 2961/2961 2962/2962
f 2963/2963 2962/2962 2964/2964
f 2964/2964 2962/2962 3003/3003
f 2964/2964 3003/3003 3000/3000
f 3003/3003 3002/3002 3000/3000
f 3000/3000 3002/3002 3001/3001
f 3002/3002 2874/2874 2871/2871
f 3001/3001 3002/3002 2871/2871
f 2871/2871 2874/2874 2873/2873
f 2871/2871 2873/2873 2872/2872
f 2873/2873 2842/2842 2844/2844
f 2872/2872 2873/2873 2844/2844
f 2844/2844 2842/2842 2843/2843
f 2843/2843 2790/2790 2789/2789
f 2790/2790 2791/2791 2780/2780
f 2789/2789 2790/2790 2780/2780
f 2780/2780 2791/2791 2776/2776
f 2780/2780 2776/2776 2779/2779
f 2779/2779 2776/2776 2777/2777
f 2777/2777 2776/2776 2775/2775
f 2775/2775 2774/2774 2762/2762
f 2761/2761 2764/2764 2710/2710
f 2710/2710 2764/2764 2707/2707
f 2707/2707 2706/2706 2708/2708
f 2708/2708 2706/2706 2513/2513
f 2708/2708 2513/2513 2512/2512
f 2512/2512 2513/2513 2511/2511
f 2511/2511 2513/2513 2514/2514
f 2514/2514 3018/3018 2515/2515
f 2515/2515 3018/3018 2519/2519
f 2519/2519 2520/2520 2493/2493
f 2515/2515 2519/2519 2493/2493
f 2493/2493 2520/2520 2521/2521
f 2493/2493 2521/2521 2522/2522
f 2522/2522 2521/2521 2575/2575
f 2575/2575 2530/2530 2526/2526
f 2522/2522 2575/2575 2526/2526
f 2530/2530 2531/2531 2528/2528
f 2526/2526 2530/2530 2528/2528
f 2528/2528 2531/2531 3058/3058
f 2528/2528 3058/3058 2529/2529
f 2529/2529 3058/3058 3127/3127
f 2529/2529 3127/3127 3165/3165
f 3127/3127 3294/3294 3295/3295
f 3165/3165 3127/3127 3295/3295
f 2345/2345 2363/2363 2360/2360
f 2345/2345 2325/2325 2344/2344
f 2360/2360 2363/2363 2362/2362
f 2360/2360 2362/2362 2361/2361
f 2362/2362 2371/2371 2370/2370
f 2361/2361 2362/2362 2370/2370
f 2371/2371 2380/2380 2378/2378
f 2370/2370 2371/2371 2378/2378
f 2378/2378 2380/2380 2381/2381
f 2381/2381 2395/2395 2393/2393
f 2393/2393 2395/2395 2396/2396
f 2393/2393 2396/2396 2394/2394
f 2396/2396 2987/2987 2986/2986
f 2394/2394 2396/2396 2986/2986
f 2986/2986 2987/2987 2985/2985
f 2985/2985 2987/2987 2960/2960
f 2985/2985 2960/2960 2961/2961
f 2961/2961 2960/2960 2959/2959
f 2961/2961 2959/2959 2962/2962
f 2962/2962 2959/2959 3004/3004
f 2962/2962 3004/3004 3003/3003
f 3004/3004 3005/3005 3002/3002
f 3003/3003 3004/3004 3002/3002
f 3002/3002 3005/3005 2874/2874
f 2791/2791 2792/2792 2776/2776
f 2776/2776 2792/2792 2773/2773
f 2776/2776 2773/2773 2775/2775
f 2775/2775 2773/2773 2774/2774
f 2774/2774 2772/2772 2762/2762
f 2762/2762 2772/2772 2763/2763
f 2762/2762 2763/2763 2761/2761
f 2761/2761 2763/2763 2764/2764
f 2764/2764 2705/2705 2707/2707
f 2705/2705 2704/2704 2706/2706
f 2707/2707 2705/2705 2706/2706
f 2704/2704 3015/3015 2513/2513
f 2706/2706 2704/2704 2513/2513
f 2513/2513 3015/3015 2514/2514
f 2514/2514 3015/3015 3018/3018
f 2520/2520 2574/2574 2521/2521
f 2521/2521 2574/2574 2575/2575
f 2531/2531 3059/3059 3058/3058
f 3058/3058 3059/3059 2538/2538
f 3058/3058 2538/2538 3127/3127
f 3127/3127 2538/2538 3185/3185
f 3127/3127 3185/3185 3294/3294
f 3185/3185 3344/3344 3345/3345
f 3294/3294 3185/3185 3345/3345
f 2346/2346 2364/2364 2363/2363
f 2345/2345 2346/2346 2363/2363
f 2345/2345 2344/2344 2346/2346
f 2363/2363 2364/2364 2362/2362
f 2380/2380 2397/2397 2381/2381
f 2397/2397 2398/2398 2395/2395
f 2381/2381 2397/2397 2395/2395
f 2398/2398 2990/2990 2396/2396
f 2395/2395 2398/2398 2396/2396
f 2990/2990 2989/2989 2987/2987
f 2396/2396 2990/2990 2987/2987
f 2989/2989 2988/2988 2987/2987
f 2988/2988 2958/2958 2960/2960
f 2987/2987 2988/2988 2960/2960
f 2960/2960 2958/2958 2959/2959
f 2959/2959 3006/3006 3004/3004
f 3004/3004 3006/3006 2878/2878
f 3004/3004 2878/2878 3005/3005
f 2878/2878 2875/2875 2874/2874
f 3005/3005 2878/2878 2874/2874
f 2874/2874 2875/2875 2873/2873
f 2842/2842 2841/2841 2843/2843
f 2843/2843 2841/2841 2790/2790
f 2790/2790 2841/2841 2791/2791
f 2773/2773 2772/2772 2774/2774
f 2770/2770 2766/2766 2763/2763
f 2772/2772 2770/2770 2763/2763
f 2763/2763 2766/2766 2765/2765
f 2763/2763 2765/2765 2764/2764
f 2765/2765 2703/2703 2705/2705
f 2764/2764 2765/2765 2705/2705
f 2703/2703 2702/2702 2704/2704
f 2705/2705 2703/2703 2704/2704
f 2704/2704 2702/2702 3015/3015
f 2702/2702 3016/3016 3015/3015
f 3015/3015 3016/3016 3017/3017
f 3015/3015 3017/3017 3018/3018
f 3018/3018 3017/3017 2520/2520
f 3018/3018 2520/2520 2519/2519
f 2520/2520 2576/2576 2574/2574
f 2574/2574 2571/2571 2575/2575
f 2571/2571 2532/2532 2530/2530
f 2575/2575 2571/2571 2530/2530
f 2532/2532 2533/2533 2531/2531
f 2530/2530 2532/2532 2531/2531
f 2533/2533 2535/2535 3059/3059
f 2531/2531 2533/2533 3059/3059
f 2535/2535 2537/2537 2538/2538
f 3059/3059 2535/2535 2538/2538
f 2538/2538 2537/2537 3154/3154
f 2538/2538 3154/3154 3185/3185
f 3185/3185 3154/3154 3219/3219
f 3185/3185 3219/3219 3344/3344
f 2346/2346 2347/2347 2364/2364
f 2346/2346 2344/2344 2347/2347
f 2364/2364 2365/2365 2362/2362
f 2362/2362 2365/2365 2372/2372
f 2362/2362 2372/2372 2371/2371
f 2371/2371 2372/2372 2382/2382
f 2371/2371 2382/2382 2380/2380
f 2380/2380 2382/2382 2383/2383
f 2380/2380 2383/2383 2397/2397
f 2397/2397 2383/2383 2398/2398
f 2398/2398 2400/2400 2990/2990
f 2400/2400 2988/2988 2989/2989
f 2990/2990 2400/2400 2989/2989
f 2958/2958 2957/2957 2959/2959
f 2957/2957 2879/2879 3006/3006
f 2959/2959 2957/2957 3006/3006
f 3006/3006 2879/2879 2878/2878
f 2878/2878 2879/2879 2877/2877
f 2878/2878 2877/2877 2875/2875
f 2873/2873 2875/2875 2839/2839
f 2873/2873 2839/2839 2842/2842
f 2839/2839 2840/2840 2841/2841
f 2842/2842 2839/2839 2841/2841
f 2841/2841 2840/2840 2793/2793
f 2841/2841 2793/2793 2791/2791
f 2791/2791 2793/2793 2792/2792
f 2792/2792 2793/2793 2771/2771
f 2792/2792 2771/2771 2773/2773
f 2773/2773 2771/2771 2772/2772
f 2772/2772 2771/2771 2770/2770
f 2766/2766 2767/2767 2765/2765
f 2767/2767 2700/2700 2703/2703
f 2765/2765 2767/2767 2703/2703
f 2703/2703 2700/2700 2702/2702
f 3017/3017 3016/3016 3019/3019
f 3019/3019 2577/2577 2520/2520
f 3017/3017 3019/3019 2520/2520
f 2520/2520 2577/2577 2576/2576
f 2576/2576 2573/2573 2574/2574
f 2574/2574 2573/2573 2571/2571
f 2571/2571 2534/2534 2532/2532
f 2532/2532 2534/2534 2533/2533
f 2534/2534 2536/2536 2535/2535
f 2533/2533 2534/2534 2535/2535
f 2536/2536 2539/2539 2537/2537
f 2535/2535 2536/2536 2537/2537
f 2537/2537 2539/2539 3129/3129
f 2537/2537 3129/3129 3154/3154
f 3154/3154 3129/3129 3205/3205
f 3154/3154 3205/3205 3219/3219
f 2351/2351 2367/2367 2347/2347
f 2348/2348 2351/2351 2347/2347
f 2332/2332 2335/2335 2351/2351
f 2348/2348 2332/2332 2351/2351
f 2367/2367 2366/2366 2364/2364
f 2347/2347 2367/2367 2364/2364
f 2364/2364 2366/2366 2365/2365
f 2383/2383 2399/2399 2398/2398
f 2398/2398 2399/2399 2400/2400
f 2400/2400 2991/2991 2988/2988
f 2991/2991 2992/2992 2988/2988
f 2988/2988 2992/2992 2956/2956
f 2988/2988 2956/2956 2958/2958
f 2956/2956 2954/2954 2957/2957
f 2958/2958 2956/2956 2957/2957
f 2957/2957 2954/2954 2879/2879
f 2879/2879 2880/2880 2877/2877
f 2877/2877 2880/2880 2876/2876
f 2877/2877 2876/2876 2875/2875
f 2875/2875 2876/2876 2839/2839
f 2794/2794 2795/2795 2771/2771
f 2793/2793 2794/2794 2771/2771
f 2795/2795 2796/2796 2771/2771
f 2771/2771 2796/2796 2769/2769
f 2771/2771 2769/2769 2770/2770
f 2769/2769 2768/2768 2766/2766
f 2770/2770 2769/2769 2766/2766
f 2768/2768 2699/2699 2767/2767
f 2766/2766 2768/2768 2767/2767
f 2767/2767 2699/2699 2700/2700
f 2700/2700 2699/2699 2698/2698
f 2700/2700 2698/2698 2701/2701
f 2700/2700 2701/2701 2702/2702
f 2702/2702 2701/2701 3020/3020
f 2702/2702 3020/3020 3016/3016
f 3016/3016 3020/3020 3019/3019
f 2577/2577 2578/2578 2576/2576
f 2576/2576 2578/2578 2573/2573
f 2578/2578 2572/2572 2573/2573
f 2572/2572 2570/2570 2571/2571
f 2573/2573 2572/2572 2571/2571
f 2571/2571 2570/2570 2534/2534
f 2534/2534 2570/2570 2569/2569
f 2534/2534 2569/2569 2540/2540
f 2534/2534 2540/2540 2536/2536
f 2540/2540 2541/2541 2539/2539
f 2536/2536 2540/2540 2539/2539
f 2539/2539 2541/2541 3053/3053
f 2539/2539 3053/3053 3129/3129
f 3053/3053 3178/3178 3205/3205
f 3129/3129 3053/3053 3205/3205
f 3178/3178 3279/3279 3326/3326
f 3205/3205 3178/3178 3326/3326
f 2351/2351 3099/3099 2367/2367
f 2335/2335 3102/3102 2351/2351
f 2351/2351 3102/3102 3099/3099
f 2367/2367 3099/3099 3084/3084
f 2367/2367 3084/3084 2366/2366
f 2366/2366 3084/3084 2365/2365
f 2365/2365 2373/2373 2372/2372
f 2372/2372 2373/2373 2382/2382
f 2382/2382 2384/2384 2383/2383
f 2383/2383 2384/2384 2399/2399
f 2399/2399 2402/2402 2400/2400
f 2400/2400 2402/2402 2991/2991
f 2992/2992 2955/2955 2956/2956
f 2956/2956 2955/2955 2954/2954
f 2954/2954 2881/2881 2879/2879
f 2879/2879 2881/2881 2880/2880
f 2881/2881 2882/2882 2880/2880
f 2880/2880 2882/2882 2876/2876
f 2882/2882 2838/2838 2876/2876
f 2876/2876 2838/2838 2839/2839
f 2839/2839 2838/2838 2836/2836
f 2839/2839 2836/2836 2840/2840
f 2836/2836 2794/2794 2793/2793
f 2840/2840 2836/2836 2793/2793
f 2701/2701 3030/3030 3020/3020
f 3020/3020 3030/3030 3022/3022
f 3020/3020 3022/3022 3021/3021
f 3020/3020 3021/3021 3019/3019
f 3021/3021 2579/2579 2577/2577
f 3019/3019 3021/3021 2577/2577
f 2579/2579 2580/2580 2578/2578
f 2577/2577 2579/2579 2578/2578
f 2578/2578 2580/2580 2572/2572
f 2572/2572 2584/2584 2570/2570
f 2584/2584 2568/2568 2570/2570
f 2568/2568 2566/2566 2569/2569
f 2570/2570 2568/2568 2569/2569
f 2566/2566 2542/2542 2540/2540
f 2569/2569 2566/2566 2540/2540
f 2542/2542 2543/2543 2541/2541
f 2540/2540 2542/2542 2541/2541
f 2541/2541 2543/2543 2544/2544
f 2541/2541 2544/2544 3053/3053
f 3053/3053 2544/2544 3149/3149
f 3053/3053 3149/3149 3178/3178
f 3149/3149 3261/3261 3279/3279
f 3178/3178 3149/3149 3279/3279
f 3099/3099 3100/3100 3084/3084
f 3084/3084 2374/2374 2365/2365
f 2399/2399 2401/2401 2402/2402
f 2953/2953 2952/2952 2881/2881
f 2954/2954 2953/2953 2881/2881
f 2881/2881 2952/2952 2884/2884
f 2881/2881 2884/2884 2882/2882
f 2882/2882 2884/2884 2883/2883
f 2882/2882 2883/2883 2838/2838
f 2838/2838 2883/2883 2837/2837
f 2837/2837 2835/2835 2836/2836
f 2838/2838 2837/2837 2836/2836
f 2836/2836 2835/2835 2794/2794
f 2794/2794 2834/2834 2795/2795
f 2768/2768 2696/2696 2699/2699
f 2696/2696 2697/2697 2698/2698
f 2699/2699 2696/2696 2698/2698
f 2698/2698 2697/2697 3029/3029
f 2698/2698 3029/3029 2701/2701
f 2701/2701 3029/3029 3030/3030
f 3030/3030 3028/3028 3022/3022
f 2584/2584 2567/2567 2568/2568
f 2568/2568 2567/2567 2566/2566
f 2542/2542 2546/2546 2543/2543
f 2543/2543 2546/2546 2545/2545
f 2543/2543 2545/2545 2544/2544
f 2544/2544 2545/2545 3149/3149
f 3149/3149 3260/3260 3261/3261
f 2402/2402 2403/2403 2991/2991
f 2991/2991 2993/2993 2992/2992
f 2883/2883 2885/2885 2837/2837
f 2835/2835 2833/2833 2794/2794
f 2794/2794 2833/2833 2834/2834
f 3010/3010 2797/2797 2795/2795
f 2834/2834 3010/3010 2795/2795
f 2797/2797 2798/2798 2796/2796
f 2795/2795 2797/2797 2796/2796
f 2796/2796 2798/2798 2799/2799
f 2796/2796 2799/2799 2769/2769
f 2799/2799 2802/2802 2768/2768
f 2769/2769 2799/2799 2768/2768
f 2768/2768 2802/2802 2696/2696
f 2696/2696 2695/2695 2697/2697
f 3028/3028 3023/3023 3022/3022
f 3022/3022 3023/3023 3021/3021
f 3021/3021 3023/3023 2579/2579
f 2579/2579 2581/2581 2580/2580
f 2581/2581 2582/2582 2572/2572
f 2580/2580 2581/2581 2572/2572
f 2572/2572 2582/2582 2583/2583
f 2572/2572 2583/2583 2584/2584
f 2584/2584 2583/2583 2567/2567
f 2567/2567 2565/2565 2566/2566
f 2566/2566 2565/2565 2564/2564
f 2566/2566 2564/2564 2542/2542
f 2542/2542 2564/2564 2546/2546
f 2546/2546 2547/2547 2545/2545
f 2545/2545 2547/2547 3138/3138
f 2545/2545 3138/3138 3149/3149
f 3138/3138 3259/3259 3260/3260
f 3149/3149 3138/3138 3260/3260
f 2837/2837 2887/2887 2835/2835
f 2887/2887 2888/2888 2835/2835
f 2835/2835 2888/2888 2833/2833
f 2833/2833 2832/2832 2834/2834
f 2834/2834 2832/2832 3010/3010
f 3029/3029 3028/3028 3030/3030
f 3028/3028 3025/3025 3023/3023
f 3023/3023 3025/3025 3024/3024
f 3024/3024 2614/2614 2579/2579
f 3023/3023 3024/3024 2579/2579
f 2579/2579 2614/2614 2613/2613
f 2579/2579 2613/2613 2581/2581
f 2613/2613 2611/2611 2581/2581
f 2581/2581 2611/2611 2612/2612
f 2581/2581 2612/2612 2582/2582
f 2582/2582 2612/2612 2583/2583
f 2583/2583 2585/2585 2567/2567
f 2567/2567 2585/2585 2565/2565
f 2564/2564 2548/2548 2546/2546
f 2548/2548 2549/2549 2547/2547
f 2546/2546 2548/2548 2547/2547
f 2547/2547 2549/2549 3126/3126
f 2547/2547 3126/3126 3138/3138
f 3126/3126 3262/3262 3259/3259
f 3138/3138 3126/3126 3259/3259
f 2837/2837 2886/2886 2887/2887
f 2888/2888 2831/2831 2833/2833
f 2833/2833 2831/2831 2832/2832
f 2832/2832 3011/3011 3010/3010
f 3010/3010 3011/3011 2797/2797
f 2797/2797 3011/3011 2798/2798
f 2802/2802 2693/2693 2696/2696
f 2696/2696 2693/2693 2695/2695
f 2697/2697 3027/3027 3029/3029
f 3029/3029 3027/3027 3028/3028
f 3028/3028 3027/3027 3025/3025
f 2612/2612 2586/2586 2583/2583
f 2583/2583 2586/2586 2585/2585
f 2585/2585 2562/2562 2565/2565
f 2562/2562 2563/2563 2564/2564
f 2565/2565 2562/2562 2564/2564
f 2564/2564 2563/2563 2548/2548
f 2548/2548 2550/2550 2549/2549
f 2549/2549 2550/2550 3120/3120
f 2549/2549 3120/3120 3126/3126
f 3126/3126 3120/3120 3257/3257
f 3126/3126 3257/3257 3262/3262
f 2831/2831 2829/2829 2832/2832
f 2832/2832 2829/2829 3011/3011
f 2693/2693 2694/2694 2695/2695
f 2695/2695 2694/2694 3031/3031
f 2695/2695 3031/3031 2697/2697
f 2697/2697 3031/3031 3027/3027
f 3027/3027 3026/3026 3025/3025
f 3025/3025 3026/3026 3024/3024
f 3026/3026 2615/2615 2614/2614
f 3024/3024 3026/3026 2614/2614
f 2614/2614 2615/2615 2613/2613
f 2611/2611 2609/2609 2612/2612
f 2612/2612 2609/2609 2586/2586
f 2586/2586 2587/2587 2585/2585
f 2585/2585 2587/2587 2562/2562
f 2563/2563 2551/2551 2548/2548
f 2548/2548 2551/2551 2550/2550
f 2550/2550 3121/3121 3120/3120
f 3121/3121 3258/3258 3257/3257
f 3120/3120 3121/3121 3257/3257
f 2889/2889 2830/2830 2831/2831
f 2831/2831 2830/2830 2829/2829
f 2829/2829 3012/3012 3011/3011
f 3012/3012 2800/2800 2798/2798
f 3011/3011 3012/3012 2798/2798
f 2800/2800 2801/2801 2799/2799
f 2798/2798 2800/2800 2799/2799
f 2799/2799 2801/2801 2802/2802
f 2802/2802 2801/2801 2692/2692
f 2802/2802 2692/2692 2693/2693
f 2693/2693 2692/2692 2691/2691
f 2693/2693 2691/2691 2694/2694
f 2694/2694 2691/2691 3031/3031
f 2691/2691 3032/3032 3031/3031
f 3032/3032 3033/3033 3027/3027
f 3031/3031 3032/3032 3027/3027
f 3027/3027 3033/3033 3026/3026
f 2615/2615 2616/2616 2613/2613
f 2613/2613 2616/2616 2610/2610
f 2613/2613 2610/2610 2611/2611
f 2611/2611 2610/2610 2609/2609
f 2609/2609 2588/2588 2586/2586
f 2586/2586 2588/2588 2587/2587
f 2587/2587 2561/2561 2562/2562
f 2562/2562 2561/2561 2560/2560
f 2562/2562 2560/2560 2563/2563
f 2560/2560 2553/2553 2551/2551
f 2563/2563 2560/2560 2551/2551
f 2551/2551 2553/2553 2552/2552
f 2551/2551 2552/2552 2550/2550
f 2552/2552 3131/3131 3121/3121
f 2550/2550 2552/2552 3121/3121
f 3131/3131 3285/3285 3258/3258
f 3121/3121 3131/3131 3258/3258
f 2889/2889 2891/2891 2830/2830
f 2800/2800 2803/2803 2801/2801
f 2801/2801 2803/2803 2690/2690
f 2801/2801 2690/2690 2692/2692
f 2690/2690 2689/2689 2691/2691
f 2692/2692 2690/2690 2691/2691
f 2689/2689 3034/3034 3032/3032
f 2691/2691 2689/2689 3032/3032
f 3032/3032 3034/3034 3033/3033
f 3033/3033 2643/2643 3026/3026
f 2643/2643 2617/2617 2615/2615
f 3026/3026 2643/2643 2615/2615
f 2615/2615 2617/2617 2616/2616
f 2616/2616 2608/2608 2610/2610
f 2610/2610 2608/2608 2609/2609
f 2609/2609 2608/2608 2588/2588
f 2588/2588 2589/2589 2587/2587
f 2587/2587 2589/2589 2561/2561
f 2560/2560 2555/2555 2553/2553
f 2553/2553 2555/2555 2554/2554
f 2553/2553 2554/2554 2552/2552
f 2552/2552 2554/2554 3132/3132
f 2552/2552 3132/3132 3131/3131
f 3132/3132 3286/3286 3285/3285
f 3131/3131 3132/3132 3285/3285
f 2891/2891 2828/2828 2830/2830
f 2830/2830 2828/2828 2829/2829
f 2828/2828 2827/2827 2829/2829
f 2829/2829 2827/2827 3012/3012
f 3012/3012 2827/2827 2807/2807
f 3012/3012 2807/2807 2800/2800
f 2800/2800 2807/2807 2804/2804
f 2800/2800 2804/2804 2803/2803
f 2803/2803 2804/2804 2805/2805
f 2803/2803 2805/2805 2688/2688
f 2803/2803 2688/2688 2690/2690
f 2690/2690 2688/2688 2689/2689
f 2688/2688 2687/2687 2689/2689
f 2687/2687 3035/3035 3034/3034
f 2689/2689 2687/2687 3034/3034
f 3035/3035 3036/3036 3033/3033
f 3034/3034 3035/3035 3033/3033
f 3036/3036 2644/2644 2643/2643
f 3033/3033 3036/3036 2643/2643
f 2643/2643 2644/2644 2642/2642
f 2643/2643 2642/2642 2617/2617
f 2617/2617 2618/2618 2616/2616
f 2616/2616 2618/2618 2607/2607
f 2616/2616 2607/2607 2608/2608
f 2608/2608 2607/2607 2606/2606
f 2608/2608 2606/2606 2588/2588
f 2588/2588 2606/2606 2589/2589
f 2589/2589 2590/2590 2561/2561
f 2561/2561 2590/2590 2559/2559
f 2561/2561 2559/2559 2560/2560
f 2559/2559 2557/2557 2555/2555
f 2560/2560 2559/2559 2555/2555
f 2555/2555 2557/2557 2556/2556
f 2555/2555 2556/2556 2554/2554
f 2556/2556 3145/3145 3132/3132
f 2554/2554 2556/2556 3132/3132
f 3132/3132 3145/3145 3287/3287
f 3132/3132 3287/3287 3286/3286
f 2890/2890 2892/2892 2891/2891
f 2891/2891 2892/2892 2828/2828
f 2892/2892 2826/2826 2828/2828
f 2826/2826 2825/2825 2827/2827
f 2828/2828 2826/2826 2827/2827
f 2825/2825 2807/2807 2827/2827
f 2805/2805 2686/2686 2688/2688
f 2688/2688 2686/2686 2687/2687
f 2644/2644 2645/2645 2642/2642
f 2642/2642 2645/2645 2641/2641
f 2642/2642 2641/2641 2640/2640
f 2642/2642 2640/2640 2617/2617
f 2617/2617 2640/2640 2618/2618
f 2618/2618 2619/2619 2607/2607
f 2607/2607 2619/2619 2604/2604
f 2604/2604 2605/2605 2606/2606
f 2607/2607 2604/2604 2606/2606
f 2605/2605 2591/2591 2589/2589
f 2606/2606 2605/2605 2589/2589
f 2591/2591 2592/2592 2590/2590
f 2589/2589 2591/2591 2590/2590
f 2590/2590 2592/2592 2559/2559
f 2557/2557 2558/2558 2556/2556
f 2558/2558 3159/3159 3145/3145
f 2556/2556 2558/2558 3145/3145
f 3159/3159 3369/3369 3287/3287
f 3145/3145 3159/3159 3287/3287
f 2892/2892 2895/2895 2896/2896
f 2892/2892 2896/2896 2826/2826
f 2807/2807 2806/2806 2804/2804
f 2804/2804 2806/2806 2805/2805
f 2806/2806 2685/2685 2686/2686
f 2805/2805 2806/2806 2686/2686
f 2686/2686 2685/2685 2684/2684
f 2686/2686 2684/2684 2687/2687
f 2687/2687 2684/2684 3035/3035
f 2684/2684 2646/2646 3036/3036
f 3035/3035 2684/2684 3036/3036
f 3036/3036 2646/2646 2644/2644
f 2644/2644 2646/2646 2645/2645
f 2640/2640 2620/2620 2618/2618
f 2618/2618 2620/2620 2619/2619
f 2592/2592 3038/3038 2559/2559
f 2559/2559 3038/3038 3039/3039
f 2559/2559 3039/3039 2557/2557
f 2557/2557 3039/3039 3085/3085
f 2557/2557 3085/3085 2558/2558
f 3085/3085 3242/3242 3159/3159
f 2558/2558 3085/3085 3159/3159
f 3159/3159 3242/3242 3387/3387
f 3159/3159 3387/3387 3369/3369
f 3388/3388 3473/3473 3387/3387
f 3242/3242 3388/3388 3387/3387
f 2893/2893 2894/2894 2892/2892
f 2892/2892 2894/2894 2895/2895
f 2896/2896 2823/2823 2826/2826
f 2826/2826 2823/2823 2825/2825
f 2823/2823 2824/2824 2825/2825
f 2825/2825 2824/2824 2807/2807
f 2807/2807 2824/2824 2808/2808
f 2807/2807 2808/2808 2806/2806
f 2808/2808 2809/2809 2806/2806
f 2806/2806 2809/2809 2685/2685
f 2809/2809 2683/2683 2685/2685
f 2685/2685 2683/2683 2684/2684
f 2684/2684 2683/2683 2647/2647
f 2684/2684 2647/2647 2646/2646
f 2646/2646 2647/2647 2645/2645
f 2645/2645 2639/2639 2641/2641
f 2639/2639 2620/2620 2640/2640
f 2641/2641 2639/2639 2640/2640
f 2620/2620 2621/2621 2619/2619
f 2621/2621 2603/2603 2604/2604
f 2619/2619 2621/2621 2604/2604
f 2604/2604 2603/2603 2598/2598
f 2604/2604 2598/2598 2605/2605
f 2598/2598 2593/2593 2591/2591
f 2605/2605 2598/2598 2591/2591
f 2593/2593 2594/2594 2592/2592
f 2591/2591 2593/2593 2592/2592
f 2592/2592 2594/2594 3041/3041
f 2592/2592 3041/3041 3038/3038
f 3038/3038 3041/3041 3040/3040
f 3038/3038 3040/3040 3039/3039
f 3040/3040 3135/3135 3085/3085
f 3039/3039 3040/3040 3085/3085
f 3135/3135 3292/3292 3242/3242
f 3085/3085 3135/3135 3242/3242
f 2894/2894 2897/2897 2895/2895
f 2895/2895 2897/2897 2896/2896
f 2824/2824 2810/2810 2808/2808
f 2808/2808 2810/2810 2809/2809
f 2810/2810 2811/2811 2809/2809
f 2809/2809 2811/2811 2682/2682
f 2809/2809 2682/2682 2683/2683
f 2683/2683 2682/2682 2681/2681
f 2683/2683 2681/2681 2647/2647
f 2645/2645 2649/2649 2639/2639
f 2620/2620 2622/2622 2621/2621
f 2598/2598 2597/2597 2593/2593
f 2593/2593 2597/2597 2595/2595
f 2593/2593 2595/2595 2594/2594
f 2594/2594 2595/2595 2596/2596
f 2594/2594 2596/2596 3041/3041
f 3041/3041 2596/2596 3044/3044
f 3041/3041 3044/3044 3040/3040
f 3044/3044 3166/3166 3135/3135
f 3040/3040 3044/3044 3135/3135
f 3166/3166 3362/3362 3292/3292
f 3135/3135 3166/3166 3292/3292
f 2951/2951 3007/3007 2894/2894
f 2894/2894 3007/3007 2898/2898
f 2894/2894 2898/2898 2897/2897
f 2896/2896 2897/2897 2822/2822
f 2896/2896 2822/2822 2823/2823
f 2823/2823 2822/2822 2820/2820
f 2823/2823 2820/2820 2824/2824
f 2824/2824 2813/2813 2810/2810
f 2810/2810 2813/2813 2811/2811
f 2681/2681 2648/2648 2647/2647
f 2648/2648 2649/2649 2645/2645
f 2647/2647 2648/2648 2645/2645
f 2622/2622 2623/2623 2621/2621
f 2621/2621 2623/2623 2602/2602
f 2621/2621 2602/2602 2603/2603
f 2602/2602 2599/2599 2598/2598
f 2603/2603 2602/2602 2598/2598
f 2599/2599 2600/2600 2597/2597
f 2598/2598 2599/2599 2597/2597
f 2597/2597 2600/2600 2601/2601
f 2597/2597 2601/2601 2595/2595
f 2595/2595 2601/2601 3057/3057
f 2595/2595 3057/3057 2596/2596
f 3057/3057 3118/3118 3044/3044
f 2596/2596 3057/3057 3044/3044
f 3118/3118 3329/3329 3166/3166
f 3044/3044 3118/3118 3166/3166
f 3166/3166 3329/3329 3381/3381
f 3166/3166 3381/3381 3362/3362
f 3449/3449 3456/3456 3381/3381
f 3329/3329 3449/3449 3381/3381
f 2898/2898 2899/2899 2897/2897
f 2897/2897 2899/2899 2821/2821
f 2897/2897 2821/2821 2822/2822
f 2822/2822 2821/2821 2820/2820
f 2820/2820 2813/2813 2824/2824
f 2813/2813 2812/2812 2811/2811
f 2812/2812 2680/2680 2682/2682
f 2811/2811 2812/2812 2682/2682
f 2682/2682 2680/2680 2681/2681
f 2681/2681 2680/2680 2650/2650
f 2681/2681 2650/2650 2648/2648
f 2650/2650 2651/2651 2649/2649
f 2648/2648 2650/2650 2649/2649
f 2649/2649 2651/2651 2638/2638
f 2649/2649 2638/2638 2639/2639
f 2638/2638 2637/2637 2620/2620
f 2639/2639 2638/2638 2620/2620
f 2620/2620 2637/2637 2622/2622
f 2622/2622 2637/2637 2623/2623
f 2602/2602 3048/3048 2599/2599
f 3048/3048 3049/3049 2600/2600
f 2599/2599 3048/3048 2600/2600
f 2600/2600 3049/3049 3061/3061
f 2600/2600 3061/3061 2601/2601
f 2601/2601 3061/3061 3063/3063
f 2601/2601 3063/3063 3057/3057
f 3063/3063 3222/3222 3118/3118
f 3057/3057 3063/3063 3118/3118
f 3118/3118 3222/3222 3386/3386
f 3118/3118 3386/3386 3329/3329
f 2950/2950 2931/2931 3007/3007
f 3007/3007 2931/2931 2900/2900
f 3007/3007 2900/2900 2898/2898
f 2898/2898 2900/2900 2899/2899
f 2899/2899 2819/2819 2821/2821
f 2819/2819 2818/2818 2820/2820
f 2821/2821 2819/2819 2820/2820
f 2818/2818 2814/2814 2813/2813
f 2820/2820 2818/2818 2813/2813
f 2814/2814 2679/2679 2812/2812
f 2813/2813 2814/2814 2812/2812
f 2812/2812 2679/2679 2680/2680
f 2680/2680 2679/2679 2650/2650
f 2679/2679 2653/2653 2650/2650
f 2650/2650 2653/2653 2651/2651
f 2653/2653 2652/2652 2651/2651
f 2651/2651 2652/2652 2638/2638
f 2638/2638 2652/2652 2636/2636
f 2638/2638 2636/2636 2637/2637
f 2636/2636 2634/2634 2637/2637
f 2634/2634 2624/2624 2623/2623
f 2637/2637 2634/2634 2623/2623
f 2624/2624 2625/2625 2602/2602
f 2623/2623 2624/2624 2602/2602
f 2625/2625 3051/3051 3048/3048
f 2602/2602 2625/2625 3048/3048
f 3048/3048 3051/3051 3050/3050
f 3048/3048 3050/3050 3049/3049
f 3049/3049 3050/3050 3060/3060
f 3049/3049 3060/3060 3061/3061
f 3060/3060 3156/3156 3063/3063
f 3061/3061 3060/3060 3063/3063
f 3156/3156 3421/3421 3222/3222
f 3063/3063 3156/3156 3222/3222
f 3222/3222 3421/3421 3424/3424
f 3222/3222 3424/3424 3386/3386
f 3423/3423 3425/3425 3424/3424
f 3421/3421 3423/3423 3424/3424
f 2931/2931 2901/2901 2900/2900
f 2901/2901 2902/2902 2899/2899
f 2900/2900 2901/2901 2899/2899
f 2902/2902 2903/2903 2819/2819
f 2899/2899 2902/2902 2819/2819
f 2903/2903 2904/2904 2819/2819
f 2819/2819 2904/2904 2817/2817
f 2819/2819 2817/2817 2818/2818
f 2817/2817 2816/2816 2814/2814
f 2818/2818 2817/2817 2814/2814
f 2816/2816 2815/2815 2814/2814
f 2814/2814 2815/2815 2679/2679
f 2679/2679 2815/2815 2678/2678
f 2679/2679 2678/2678 2677/2677
f 2677/2677 2655/2655 2653/2653
f 2679/2679 2677/2677 2653/2653
f 2653/2653 2655/2655 2654/2654
f 2653/2653 2654/2654 2652/2652
f 2625/2625 2628/2628 3051/3051
f 3051/3051 2628/2628 3052/3052
f 3051/3051 3052/3052 3050/3050
f 3052/3052 3062/3062 3060/3060
f 3050/3050 3052/3052 3060/3060
f 3062/3062 3379/3379 3156/3156
f 3060/3060 3062/3062 3156/3156
f 3156/3156 3379/3379 3422/3422
f 3156/3156 3422/3422 3421/3421
f 3379/3379 3546/3546 3422/3422
f 2655/2655 2656/2656 2654/2654
f 2654/2654 2635/2635 2636/2636
f 2652/2652 2654/2654 2636/2636
f 2635/2635 2633/2633 2634/2634
f 2636/2636 2635/2635 2634/2634
f 2634/2634 2633/2633 2630/2630
f 2634/2634 2630/2630 2624/2624
f 2624/2624 2630/2630 2626/2626
f 2624/2624 2626/2626 2625/2625
f 2625/2625 2626/2626 2627/2627
f 2625/2625 2627/2627 2628/2628
f 2628/2628 2627/2627 2629/2629
f 2628/2628 2629/2629 3052/3052
f 2629/2629 3299/3299 3062/3062
f 3052/3052 2629/2629 3062/3062
f 3062/3062 3299/3299 3498/3498
f 3062/3062 3498/3498 3379/3379
f 2948/2948 2932/2932 2931/2931
f 2949/2949 2948/2948 2931/2931
f 2931/2931 2932/2932 2930/2930
f 2931/2931 2930/2930 2901/2901
f 2901/2901 2930/2930 2929/2929
f 2901/2901 2929/2929 2902/2902
f 2902/2902 2929/2929 2903/2903
f 2903/2903 2929/2929 2905/2905
f 2903/2903 2905/2905 2904/2904
f 2904/2904 2905/2905 2906/2906
f 2904/2904 2906/2906 2817/2817
f 2817/2817 2906/2906 2907/2907
f 2817/2817 2907/2907 2816/2816
f 2816/2816 2907/2907 2909/2909
f 2816/2816 2909/2909 2815/2815
f 2815/2815 2909/2909 2911/2911
f 2815/2815 2911/2911 2676/2676
f 2815/2815 2676/2676 2678/2678
f 2678/2678 2676/2676 2677/2677
f 2676/2676 2675/2675 2677/2677
f 2677/2677 2675/2675 2655/2655
f 2655/2655 2675/2675 2656/2656
f 2656/2656 2657/2657 2654/2654
f 2657/2657 2658/2658 2635/2635
f 2654/2654 2657/2657 2635/2635
f 2635/2635 2658/2658 2659/2659
f 2635/2635 2659/2659 2633/2633
f 2633/2633 2659/2659 2632/2632
f 2633/2633 2632/2632 2630/2630
f 2630/2630 2632/2632 2631/2631
f 2630/2630 2631/2631 2626/2626
f 2626/2626 2631/2631 3083/3083
f 2626/2626 3083/3083 2627/2627
f 3083/3083 3207/3207 2629/2629
f 2627/2627 3083/3083 2629/2629
f 2629/2629 3207/3207 3397/3397
f 2629/2629 3397/3397 3299/3299
f 3299/3299 3397/3397 3499/3499
f 3299/3299 3499/3499 3498/3498
f 3543/3543 3544/3544 3499/3499
f 3397/3397 3543/3543 3499/3499
f 2947/2947 2946/2946 2948/2948
f 2946/2946 2934/2934 2932/2932
f 2948/2948 2946/2946 2932/2932
f 2932/2932 2934/2934 2933/2933
f 2932/2932 2933/2933 2930/2930
f 2930/2930 2933/2933 2927/2927
f 2930/2930 2927/2927 2929/2929
f 2911/2911 2912/2912 2676/2676
f 2676/2676 2912/2912 2674/2674
f 2676/2676 2674/2674 2675/2675
f 2675/2675 2674/2674 2673/2673
f 2675/2675 2673/2673 2656/2656
f 2673/2673 2664/2664 2656/2656
f 2664/2664 2662/2662 2657/2657
f 2656/2656 2664/2664 2657/2657
f 2657/2657 2662/2662 2658/2658
f 2658/2658 2660/2660 2659/2659
f 2659/2659 2660/2660 3037/3037
f 2659/2659 3037/3037 2632/2632
f 2632/2632 3037/3037 3082/3082
f 2632/2632 3082/3082 2631/2631
f 3082/3082 3206/3206 3083/3083
f 2631/2631 3082/3082 3083/3083
f 3206/3206 3481/3481 3207/3207
f 3083/3083 3206/3206 3207/3207
f 3207/3207 3481/3481 3482/3482
f 3207/3207 3482/3482 3397/3397
f 3542/3542 3541/3541 3482/3482
f 3481/3481 3542/3542 3482/3482
f 2945/2945 2943/2943 2946/2946
f 2946/2946 2943/2943 2934/2934
f 2934/2934 2935/2935 2933/2933
f 2933/2933 2935/2935 2927/2927
f 2927/2927 2928/2928 2929/2929
f 2929/2929 2928/2928 2905/2905
f 2905/2905 2928/2928 2906/2906
f 2910/2910 2913/2913 2911/2911
f 2909/2909 2910/2910 2911/2911
f 2913/2913 2914/2914 2912/2912
f 2911/2911 2913/2913 2912/2912
f 2912/2912 2914/2914 2674/2674
f 2914/2914 2672/2672 2674/2674
f 2674/2674 2672/2672 2673/2673
f 2672/2672 2665/2665 2673/2673
f 2673/2673 2665/2665 2664/2664
f 2664/2664 2665/2665 2663/2663
f 2664/2664 2663/2663 2662/2662
f 2662/2662 2663/2663 2661/2661
f 2662/2662 2661/2661 2658/2658
f 2658/2658 2661/2661 2660/2660
f 2660/2660 3088/3088 3037/3037
f 3088/3088 3216/3216 3082/3082
f 3037/3037 3088/3088 3082/3082
f 3216/3216 3420/3420 3206/3206
f 3082/3082 3216/3216 3206/3206
f 3206/3206 3420/3420 3480/3480
f 3206/3206 3480/3480 3481/3481
f 3484/3484 3493/3493 3480/3480
f 3420/3420 3484/3484 3480/3480
f 2943/2943 2936/2936 2934/2934
f 2934/2934 2936/2936 2935/2935
f 2935/2935 2926/2926 2927/2927
f 2927/2927 2926/2926 2925/2925
f 2927/2927 2925/2925 2928/2928
f 2925/2925 2908/2908 2906/2906
f 2928/2928 2925/2925 2906/2906
f 2906/2906 2908/2908 2907/2907
f 2907/2907 2908/2908 2909/2909
f 2908/2908 2922/2922 2910/2910
f 2909/2909 2908/2908 2910/2910
f 2910/2910 2922/2922 2913/2913
f 2913/2913 2922/2922 2915/2915
f 2913/2913 2915/2915 2914/2914
f 2915/2915 2916/2916 2914/2914
f 2916/2916 2917/2917 2672/2672
f 2914/2914 2916/2916 2672/2672
f 2917/2917 2671/2671 2672/2672
f 2671/2671 2668/2668 2665/2665
f 2672/2672 2671/2671 2665/2665
f 2665/2665 2668/2668 2666/2666
f 2665/2665 2666/2666 2663/2663
f 2663/2663 3087/3087 2661/2661
f 3087/3087 3137/3137 2660/2660
f 2661/2661 3087/3087 2660/2660
f 3137/3137 3266/3266 3088/3088
f 2660/2660 3137/3137 3088/3088
f 3088/3088 3266/3266 3315/3315
f 3088/3088 3315/3315 3216/3216
f 3407/3407 3408/3408 3315/3315
f 3266/3266 3407/3407 3315/3315
f 3216/3216 3315/3315 3436/3436
f 3216/3216 3436/3436 3420/3420
f 3408/3408 3435/3435 3436/3436
f 3315/3315 3408/3408 3436/3436
f 2944/2944 2942/2942 2943/2943
f 2943/2943 2942/2942 2936/2936
f 2936/2936 2937/2937 2935/2935
f 2935/2935 2937/2937 2926/2926
f 2926/2926 2937/2937 2924/2924
f 2926/2926 2924/2924 2925/2925
f 2925/2925 2924/2924 2908/2908
f 2924/2924 2923/2923 2908/2908
f 2908/2908 2923/2923 2922/2922
f 2923/2923 2921/2921 2922/2922
f 2921/2921 2920/2920 2915/2915
f 2922/2922 2921/2921 2915/2915
f 2920/2920 2918/2918 2916/2916
f 2915/2915 2920/2920 2916/2916
f 2916/2916 2918/2918 2917/2917
f 2917/2917 2918/2918 2670/2670
f 2917/2917 2670/2670 2671/2671
f 2671/2671 2670/2670 2668/2668
f 2668/2668 2667/2667 2666/2666
f 2667/2667 3124/3124 2663/2663
f 2666/2666 2667/2667 2663/2663
f 3124/3124 3164/3164 3087/3087
f 2663/2663 3124/3124 3087/3087
f 3087/3087 3164/3164 3177/3177
f 3087/3087 3177/3177 3137/3137
f 3137/3137 3177/3177 3267/3267
f 3137/3137 3267/3267 3266/3266
f 3177/3177 3300/3300 3267/3267
f 2994/2994 2995/2995 2942/2942
f 2942/2942 2995/2995 2938/2938
f 2942/2942 2938/2938 2936/2936
f 2938/2938 2939/2939 2937/2937
f 2936/2936 2938/2938 2937/2937
f 2937/2937 2939/2939 2940/2940
f 2937/2937 2940/2940 2924/2924
f 2924/2924 2940/2940 2941/2941
f 2941/2941 3008/3008 2923/2923
f 2924/2924 2941/2941 2923/2923
f 3008/3008 3009/3009 2923/2923
f 2923/2923 3009/3009 2921/2921
f 2921/2921 3009/3009 3067/3067
f 2921/2921 3067/3067 2920/2920
f 2920/2920 3067/3067 3070/3070
f 2920/2920 3070/3070 2918/2918
f 2918/2918 3070/3070 3086/3086
f 2918/2918 3086/3086 2919/2919
f 2918/2918 2919/2919 2670/2670
f 2670/2670 2919/2919 2669/2669
f 2670/2670 2669/2669 2668/2668
f 2669/2669 3125/3125 2667/2667
f 2668/2668 2669/2669 2667/2667
f 3125/3125 3202/3202 3124/3124
f 2667/2667 3125/3125 3124/3124
f 3124/3124 3202/3202 3210/3210
f 3124/3124 3210/3210 3164/3164
f 3164/3164 3210/3210 3211/3211
f 3164/3164 3211/3211 3177/3177
f 3245/3245 3337/3337 3211/3211
f 3210/3210 3245/3245 3211/3211
f 2994/2994 3066/3066 2995/2995
f 2995/2995 3066/3066 3065/3065
f 2995/2995 3065/3065 2938/2938
f 2938/2938 3065/3065 3064/3064
f 2938/2938 3064/3064 2939/2939
f 3064/3064 3074/3074 2940/2940
f 2939/2939 3064/3064 2940/2940
f 3074/3074 3073/3073 2941/2941
f 2940/2940 3074/3074 2941/2941
f 2941/2941 3073/3073 3072/3072
f 2941/2941 3072/3072 3008/3008
f 3008/3008 3072/3072 3071/3071
f 3008/3008 3071/3071 3009/3009
f 3009/3009 3071/3071 3068/3068
f 3009/3009 3068/3068 3067/3067
f 3067/3067 3068/3068 3069/3069
f 3067/3067 3069/3069 3070/3070
f 3070/3070 3089/3089 2919/2919
f 3086/3086 3070/3070 2919/2919
f 3089/3089 3158/3158 2669/2669
f 2919/2919 3089/3089 2669/2669
f 3158/3158 3243/3243 3125/3125
f 2669/2669 3158/3158 3125/3125
f 3125/3125 3243/3243 3244/3244
f 3125/3125 3244/3244 3202/3202
f 3291/3291 3304/3304 3244/3244
f 3243/3243 3291/3291 3244/3244
f 3202/3202 3244/3244 3210/3210
f 3304/3304 3305/3305 3244/3244
f 3098/3098 3092/3092 3066/3066
f 3092/3092 3091/3091 3065/3065
f 3066/3066 3092/3092 3065/3065
f 3065/3065 3091/3091 3090/3090
f 3065/3065 3090/3090 3064/3064
f 3090/3090 3097/3097 3064/3064
f 3064/3064 3097/3097 3074/3074
f 3074/3074 3097/3097 3096/3096
f 3074/3074 3096/3096 3073/3073
f 3073/3073 3096/3096 3095/3095
f 3073/3073 3095/3095 3072/3072
f 3072/3072 3095/3095 3094/3094
f 3072/3072 3094/3094 3071/3071
f 3071/3071 3094/3094 3093/3093
f 3093/3093 3122/3122 3068/3068
f 3071/3071 3093/3093 3068/3068
f 3122/3122 3147/3147 3069/3069
f 3068/3068 3122/3122 3069/3069
f 3147/3147 3161/3161 3070/3070
f 3069/3069 3147/3147 3070/3070
f 3161/3161 3187/3187 3089/3089
f 3070/3070 3161/3161 3089/3089
f 3189/3189 3221/3221 3187/3187
f 3161/3161 3189/3189 3187/3187
f 3089/3089 3187/3187 3218/3218
f 3089/3089 3218/3218 3158/3158
f 3221/3221 3249/3249 3218/3218
f 3187/3187 3221/3221 3218/3218
f 3158/3158 3218/3218 3250/3250
f 3158/3158 3250/3250 3243/3243
f 3249/3249 3290/3290 3250/3250
f 3218/3218 3249/3249 3250/3250
f 3098/3098 3112/3112 3092/3092
f 3092/3092 3112/3112 3111/3111
f 3092/3092 3111/3111 3091/3091
f 3111/3111 3116/3116 3090/3090
f 3091/3091 3111/3111 3090/3090
f 3116/3116 3115/3115 3097/3097
f 3090/3090 3116/3116 3097/3097
f 3115/3115 3113/3113 3096/3096
f 3097/3097 3115/3115 3096/3096
f 3113/3113 3114/3114 3095/3095
f 3096/3096 3113/3113 3095/3095
f 3114/3114 3117/3117 3095/3095
f 3117/3117 3148/3148 3094/3094
f 3095/3095 3117/3117 3094/3094
f 3148/3148 3162/3162 3093/3093
f 3094/3094 3148/3148 3093/3093
f 3093/3093 3162/3162 3163/3163
f 3093/3093 3163/3163 3122/3122
f 3172/3172 3186/3186 3163/3163
f 3162/3162 3172/3172 3163/3163
f 3122/3122 3163/3163 3175/3175
f 3122/3122 3175/3175 3147/3147
f 3186/3186 3188/3188 3175/3175
f 3163/3163 3186/3186 3175/3175
f 3147/3147 3175/3175 3189/3189
f 3147/3147 3189/3189 3161/3161
f 3188/3188 3190/3190 3189/3189
f 3175/3175 3188/3188 3189/3189
f 3151/3151 3143/3143 3112/3112
f 3151/3151 3192/3192 3143/3143
f 3112/3112 3143/3143 3142/3142
f 3112/3112 3142/3142 3111/3111
f 3143/3143 3192/3192 3142/3142
f 3111/3111 3142/3142 3141/3141
f 3111/3111 3141/3141 3116/3116
f 3116/3116 3141/3141 3140/3140
f 3116/3116 3140/3140 3115/3115
f 3115/3115 3140/3140 3139/3139
f 3140/3140 3193/3193 3139/3139
f 3115/3115 3139/3139 3113/3113
f 3139/3139 3193/3193 3182/3182
f 3139/3139 3144/3144 3113/3113
f 3139/3139 3182/3182 3181/3181
f 3139/3139 3181/3181 3144/3144
f 3144/3144 3150/3150 3114/3114
f 3113/3113 3144/3144 3114/3114
f 3181/3181 3180/3180 3150/3150
f 3144/3144 3181/3181 3150/3150
f 3114/3114 3150/3150 3153/3153
f 3114/3114 3153/3153 3117/3117
f 3180/3180 3176/3176 3153/3153
f 3150/3150 3180/3180 3153/3153
f 3117/3117 3153/3153 3160/3160
f 3117/3117 3160/3160 3148/3148
f 3176/3176 3174/3174 3160/3160
f 3153/3153 3176/3176 3160/3160
f 3148/3148 3160/3160 3171/3171
f 3148/3148 3171/3171 3162/3162
f 3174/3174 3173/3173 3171/3171
f 3160/3160 3174/3174 3171/3171
f 1376/1376 1377/1377 1380/1380
f 1376/1376 1381/1381 1379/1379
f 1376/1376 1379/1379 1377/1377
f 1376/1376 1380/1380 1363/1363
f 1376/1376 1363/1363 1361/1361
f 1363/1363 1322/1322 1318/1318
f 1361/1361 1363/1363 1318/1318
f 1322/1322 1323/1323 1317/1317
f 1318/1318 1322/1322 1317/1317
f 1323/1323 1332/1332 1326/1326
f 1317/1317 1323/1323 1326/1326
f 1397/1397 1406/1406 1402/1402
f 1397/1397 1402/1402 1393/1393
f 4175/4175 4172/4172 4171/4171
f 1393/1393 1402/1402 1399/1399
f 1393/1393 1399/1399 1390/1390
f 1390/1390 1399/1399 1396/1396
f 1390/1390 1396/1396 1387/1387
f 1387/1387 1396/1396 1392/1392
f 1387/1387 1392/1392 1384/1384
f 1384/1384 1392/1392 1375/1375
f 1384/1384 1375/1375 1378/1378
f 1378/1378 1375/1375 1368/1368
f 1378/1378 1368/1368 1377/1377
f 1377/1377 1368/1368 1366/1366
f 1377/1377 1366/1366 1380/1380
f 1339/1339 1334/1334 1332/1332
f 1323/1323 1339/1339 1332/1332
f 1334/1334 1335/1335 1333/1333
f 1332/1332 1334/1334 1333/1333
f 1333/1333 1335/1335 1336/1336
f 1333/1333 1336/1336 1324/1324
f 1336/1336 1319/1319 1308/1308
f 1324/1324 1336/1336 1308/1308
f 1319/1319 1311/1311 1283/1283
f 1308/1308 1319/1319 1283/1283
f 1311/1311 1298/1298 1282/1282
f 1283/1283 1311/1311 1282/1282
f 2270/2270 2272/2272 2278/2278
f 2270/2270 2278/2278 2281/2281
f 2270/2270 2271/2271 2272/2272
f 2281/2281 2278/2278 2285/2285
f 2281/2281 2285/2285 2286/2286
f 2286/2286 2285/2285 2289/2289
f 4170/4170 4174/4174 4171/4171
f 1311/1311 1314/1314 1313/1313
f 1311/1311 1313/1313 1298/1298
f 1313/1313 1301/1301 1288/1288
f 1298/1298 1313/1313 1288/1288
f 1301/1301 1300/1300 1284/1284
f 1288/1288 1301/1301 1284/1284
f 1300/1300 1286/1286 1285/1285
f 1284/1284 1300/1300 1285/1285
f 2264/2264 2263/2263 2269/2269
f 2264/2264 2269/2269 2272/2272
f 2264/2264 2265/2265 2262/2262
f 2264/2264 2262/2262 2263/2263
f 2272/2272 2269/2269 2277/2277
f 2272/2272 2277/2277 2278/2278
f 1306/1306 1305/1305 1286/1286
f 1300/1300 1306/1306 1286/1286
f 1305/1305 1307/1307 1287/1287
f 1286/1286 1305/1305 1287/1287
f 1307/1307 1302/1302 1289/1289
f 1287/1287 1307/1307 1289/1289
f 2252/2252 2247/2247 2253/2253
f 2252/2252 2253/2253 2257/2257
f 2252/2252 2251/2251 2246/2246
f 2252/2252 2246/2246 2247/2247
f 2257/2257 2253/2253 2258/2258
f 2257/2257 2258/2258 2263/2263
f 1328/1328 1329/1329 1302/1302
f 1307/1307 1328/1328 1302/1302
f 1329/1329 1316/1316 1291/1291
f 1302/1302 1329/1329 1291/1291
f 2238/2238 2233/2233 2239/2239
f 2238/2238 2239/2239 2247/2247
f 2238/2238 2240/2240 2232/2232
f 2238/2238 2232/2232 2233/2233
f 2247/2247 2239/2239 2248/2248
f 2247/2247 2248/2248 2253/2253
f 3468/3468 3467/3467 3466/3466
f 1329/1329 1330/1330 1316/1316
f 1330/1330 1309/1309 1297/1297
f 1316/1316 1330/1330 1297/1297
f 1309/1309 1295/1295 1296/1296
f 1297/1297 1309/1309 1296/1296
f 2220/2220 2219/2219 2221/2221
f 2220/2220 2221/2221 2226/2226
f 2220/2220 2218/2218 2219/2219
f 2226/2226 2221/2221 2228/2228
f 2226/2226 2228/2228 2233/2233
f 1310/1310 1315/1315 1295/1295
f 1309/1309 1310/1310 1295/1295
f 1315/1315 1303/1303 1293/1293
f 1295/1295 1315/1315 1293/1293
f 2216/2216 2208/2208 2214/2214
f 2216/2216 2214/2214 2219/2219
f 2216/2216 2218/2218 2207/2207
f 2216/2216 2207/2207 2208/2208
f 2219/2219 2214/2214 2222/2222
f 2219/2219 2222/2222 2221/2221
f 1338/1338 1337/1337 1303/1303
f 1315/1315 1338/1338 1303/1303
f 1337/1337 1325/1325 1292/1292
f 1303/1303 1337/1337 1292/1292
f 1325/1325 1312/1312 1280/1280
f 1292/1292 1325/1325 1280/1280
f 2191/2191 2177/2177 2190/2190
f 2191/2191 2190/2190 2208/2208
f 2191/2191 2193/2193 2181/2181
f 2191/2191 2181/2181 2177/2177
f 2208/2208 2190/2190 2209/2209
f 2208/2208 2209/2209 2214/2214
f 3394/3394 3393/3393 3522/3522
f 3521/3521 3394/3394 3522/3522
f 1354/1354 1327/1327 1312/1312
f 1325/1325 1354/1354 1312/1312
f 1327/1327 1320/1320 1113/1113
f 1312/1312 1327/1327 1113/1113
f 2177/2177 2173/2173 2178/2178
f 2177/2177 2178/2178 2190/2190
f 2177/2177 2181/2181 2174/2174
f 2177/2177 2174/2174 2173/2173
f 3392/3392 3391/3391 3483/3483
f 3393/3393 3392/3392 3483/3483
f 1353/1353 1321/1321 1320/1320
f 1327/1327 1353/1353 1320/1320
f 1321/1321 1304/1304 1127/1127
f 1320/1320 1321/1321 1127/1127
f 2169/2169 2168/2168 2170/2170
f 2169/2169 2170/2170 2173/2173
f 2169/2169 2171/2171 2165/2165
f 2169/2169 2165/2165 2168/2168
f 2170/2170 2179/2179 2178/2178
f 2173/2173 2170/2170 2178/2178
f 1362/1362 1356/1356 1321/1321
f 1353/1353 1362/1362 1321/1321
f 1356/1356 1347/1347 1304/1304
f 1321/1321 1356/1356 1304/1304
f 2164/2164 2161/2161 2167/2167
f 2164/2164 2167/2167 2168/2168
f 2164/2164 2163/2163 2166/2166
f 2164/2164 2166/2166 2161/2161
f 2167/2167 2205/2205 2170/2170
f 2168/2168 2167/2167 2170/2170
f 1358/1358 1357/1357 1347/1347
f 1356/1356 1358/1358 1347/1347
f 1357/1357 1349/1349 1290/1290
f 1347/1347 1357/1357 1290/1290
f 2158/2158 2159/2159 2160/2160
f 2158/2158 2160/2160 2161/2161
f 2158/2158 2155/2155 2154/2154
f 2158/2158 2154/2154 2159/2159
f 2161/2161 2160/2160 2162/2162
f 2161/2161 2162/2162 2167/2167
f 2205/2205 2284/2284 2302/2302
f 3438/3438 3462/3462 3550/3550
f 3437/3437 3438/3438 3550/3550
f 1370/1370 1374/1374 1281/1281
f 1349/1349 1370/1370 1281/1281
f 2159/2159 2183/2183 2184/2184
f 2159/2159 2184/2184 2160/2160
f 2159/2159 2154/2154 2182/2182
f 2159/2159 2182/2182 2183/2183
f 2162/2162 2283/2283 2284/2284
f 1371/1371 1373/1373 1374/1374
f 1370/1370 1371/1371 1374/1374
f 4118/4118 4091/4091 4092/4092
f 4110/4110 4118/4118 4092/4092
f 2185/2185 2188/2188 2186/2186
f 2185/2185 2186/2186 2183/2183
f 2185/2185 2152/2152 2187/2187
f 2185/2185 2187/2187 2188/2188
f 2186/2186 2146/2146 2184/2184
f 2183/2183 2186/2186 2184/2184
f 3463/3463 3464/3464 3465/3465
f 1371/1371 1372/1372 1373/1373
f 4119/4119 4106/4106 4091/4091
f 4118/4118 4119/4119 4091/4091
f 2188/2188 2200/2200 2194/2194
f 2188/2188 2194/2194 2186/2186
f 2188/2188 2187/2187 2201/2201
f 2188/2188 2201/2201 2200/2200
f 2146/2146 2319/2319 2318/2318
f 4115/4115 4114/4114 4106/4106
f 4119/4119 4115/4115 4106/4106
f 4114/4114 4061/4061 4060/4060
f 4106/4106 4114/4114 4060/4060
f 2321/2321 2320/2320 2194/2194
f 2200/2200 2321/2321 2194/2194
f 2200/2200 2201/2201 3583/3583
f 2200/2200 3583/3583 2321/2321
f 2320/2320 2322/2322 2319/2319
f 2194/2194 2320/2320 2319/2319
f 2319/2319 2322/2322 2341/2341
f 2319/2319 2341/2341 2318/2318
f 4113/4113 4097/4097 4061/4061
f 4114/4114 4113/4113 4061/4061
f 3582/3582 3584/3584 3585/3585
f 3582/3582 3585/3585 2321/2321
f 3582/3582 3581/3581 3578/3578
f 3582/3582 3578/3578 3584/3584
f 3585/3585 2323/2323 2320/2320
f 2321/2321 3585/3585 2320/2320
f 2323/2323 2324/2324 2322/2322
f 2320/2320 2323/2323 2322/2322
f 2322/2322 2324/2324 2339/2339
f 2322/2322 2339/2339 2341/2341
f 4116/4116 4107/4107 4097/4097
f 4113/4113 4116/4116 4097/4097
f 4107/4107 4078/4078 4054/4054
f 4097/4097 4107/4107 4054/4054
f 3576/3576 2327/2327 3585/3585
f 3584/3584 3576/3576 3585/3585
f 3584/3584 3578/3578 3574/3574
f 3584/3584 3574/3574 3576/3576
f 2327/2327 2326/2326 2323/2323
f 3585/3585 2327/2327 2323/2323
f 2323/2323 2326/2326 2325/2325
f 2323/2323 2325/2325 2324/2324
f 4116/4116 4117/4117 4112/4112
f 4116/4116 4112/4112 4107/4107
f 4112/4112 4105/4105 4078/4078
f 4107/4107 4112/4112 4078/4078
f 3568/3568 2328/2328 2327/2327
f 3576/3576 3568/3568 2327/2327
f 3576/3576 3574/3574 3572/3572
f 3576/3576 3572/3572 3568/3568
f 2328/2328 2329/2329 2326/2326
f 2327/2327 2328/2328 2326/2326
f 2326/2326 2329/2329 2344/2344
f 2326/2326 2344/2344 2325/2325
f 3403/3403 3500/3500 3501/3501
f 3478/3478 3403/3403 3501/3501
f 3570/3570 3564/3564 3567/3567
f 3570/3570 3567/3567 3568/3568
f 3570/3570 3571/3571 3569/3569
f 3570/3570 3569/3569 3564/3564
f 3568/3568 3567/3567 2331/2331
f 3568/3568 2331/2331 2328/2328
f 2328/2328 2331/2331 2330/2330
f 2328/2328 2330/2330 2329/2329
f 2329/2329 2330/2330 2344/2344
f 3346/3346 3458/3458 3500/3500
f 3403/3403 3346/3346 3500/3500
f 4104/4104 4041/4041 4035/4035
f 4108/4108 4104/4104 4035/4035
f 3564/3564 3562/3562 3396/3396
f 3564/3564 3396/3396 3567/3567
f 3564/3564 3569/3569 3565/3565
f 3564/3564 3565/3565 3562/3562
f 3396/3396 2333/2333 2331/2331
f 3567/3567 3396/3396 2331/2331
f 2331/2331 2333/2333 2332/2332
f 2331/2331 2332/2332 2330/2330
f 2332/2332 2347/2347 2344/2344
f 2330/2330 2332/2332 2344/2344
f 3346/3346 3327/3327 3402/3402
f 3346/3346 3402/3402 3458/3458
f 4103/4103 4043/4043 4041/4041
f 4104/4104 4103/4103 4041/4041
f 3562/3562 3560/3560 3367/3367
f 3562/3562 3367/3367 3396/3396
f 3562/3562 3565/3565 3561/3561
f 3562/3562 3561/3561 3560/3560
f 3396/3396 3367/3367 2334/2334
f 3396/3396 2334/2334 2333/2333
f 2334/2334 2335/2335 2332/2332
f 2333/2333 2334/2334 2332/2332
f 4102/4102 4044/4044 4043/4043
f 4103/4103 4102/4102 4043/4043
f 3560/3560 3557/3557 3280/3280
f 3560/3560 3280/3280 3367/3367
f 3560/3560 3561/3561 3557/3557
f 3280/3280 2354/2354 2334/2334
f 3367/3367 3280/3280 2334/2334
f 2354/2354 3102/3102 2335/2335
f 2334/2334 2354/2354 2335/2335
f 3401/3401 3361/3361 3477/3477
f 4102/4102 4095/4095 4044/4044
f 4095/4095 4051/4051 4048/4048
f 4044/4044 4095/4095 4048/4048
f 3557/3557 3558/3558 3280/3280
f 3280/3280 3252/3252 2354/2354
f 2354/2354 3103/3103 3102/3102
f 3102/3102 3101/3101 3099/3099
f 3382/3382 3476/3476 3477/3477
f 3361/3361 3382/3382 3477/3477
f 3477/3477 3476/3476 3516/3516
f 3477/3477 3516/3516 3517/3517
f 3383/3383 3475/3475 3476/3476
f 3382/3382 3383/3383 3476/3476
f 3475/3475 3515/3515 3516/3516
f 3476/3476 3475/3475 3516/3516
f 3384/3384 3457/3457 3475/3475
f 3383/3383 3384/3384 3475/3475
f 3457/3457 3514/3514 3515/3515
f 3475/3475 3457/3457 3515/3515
f 3384/3384 3385/3385 3410/3410
f 3384/3384 3410/3410 3457/3457
f 3410/3410 3512/3512 3514/3514
f 3457/3457 3410/3410 3514/3514
f 3385/3385 3411/3411 3409/3409
f 3385/3385 3409/3409 3410/3410
f 3410/3410 3409/3409 3511/3511
f 3410/3410 3511/3511 3512/3512
f 3411/3411 3439/3439 3442/3442
f 3411/3411 3442/3442 3409/3409
f 3409/3409 3442/3442 3513/3513
f 3409/3409 3513/3513 3511/3511
f 3439/3439 3440/3440 3441/3441
f 3439/3439 3441/3441 3442/3442
f 3441/3441 3519/3519 3513/3513
f 3442/3442 3441/3441 3513/3513
f 3440/3440 3448/3448 3497/3497
f 3440/3440 3497/3497 3441/3441
f 3497/3497 3518/3518 3519/3519
f 3441/3441 3497/3497 3519/3519
f 3448/3448 3474/3474 3552/3552
f 3448/3448 3552/3552 3497/3497
f 3497/3497 3552/3552 3553/3553
f 3497/3497 3553/3553 3518/3518
f 4086/4086 4077/4077 4076/4076
f 4099/4099 4086/4086 4076/4076
f 3474/3474 3473/3473 3549/3549
f 4109/4109 4098/4098 4099/4099
f 3388/3388 3470/3470 3473/3473
f 3473/3473 3470/3470 3548/3548
f 3473/3473 3548/3548 3549/3549
f 3388/3388 3389/3389 3469/3469
f 3388/3388 3469/3469 3470/3470
f 3470/3470 3469/3469 3471/3471
f 3470/3470 3471/3471 3548/3548
f 3389/3389 3456/3456 3459/3459
f 3389/3389 3459/3459 3469/3469
f 3449/3449 3426/3426 3455/3455
f 3449/3449 3455/3455 3456/3456
f 3456/3456 3455/3455 3460/3460
f 3456/3456 3460/3460 3459/3459
f 3426/3426 3425/3425 3454/3454
f 3426/3426 3454/3454 3455/3455
f 3454/3454 3509/3509 3460/3460
f 3455/3455 3454/3454 3460/3460
f 3452/3452 3508/3508 3509/3509
f 3454/3454 3452/3452 3509/3509
f 3423/3423 3422/3422 3450/3450
f 3423/3423 3450/3450 3425/3425
f 3425/3425 3450/3450 3451/3451
f 3425/3425 3451/3451 3454/3454
f 3450/3450 3453/3453 3451/3451
f 3546/3546 3545/3545 3531/3531
f 3546/3546 3531/3531 3422/3422
f 3422/3422 3531/3531 3527/3527
f 3422/3422 3527/3527 3450/3450
f 3545/3545 3544/3544 3531/3531
f 3532/3532 3530/3530 3527/3527
f 3531/3531 3532/3532 3527/3527
f 3543/3543 3541/3541 3540/3540
f 3543/3543 3540/3540 3544/3544
f 3544/3544 3540/3540 3535/3535
f 3544/3544 3535/3535 3531/3531
f 3542/3542 3493/3493 3538/3538
f 3542/3542 3538/3538 3541/3541
f 3541/3541 3538/3538 3540/3540
f 3484/3484 3435/3435 3492/3492
f 3484/3484 3492/3492 3493/3493
f 3493/3493 3492/3492 3494/3494
f 3493/3493 3494/3494 3538/3538
f 3407/3407 3267/3267 3406/3406
f 3407/3407 3406/3406 3408/3408
f 3408/3408 3406/3406 3427/3427
f 3408/3408 3427/3427 3435/3435
f 3435/3435 3427/3427 3489/3489
f 3435/3435 3489/3489 3492/3492
f 3427/3427 3485/3485 3489/3489
f 3300/3300 3337/3337 3378/3378
f 3300/3300 3378/3378 3267/3267
f 3267/3267 3378/3378 3405/3405
f 3267/3267 3405/3405 3406/3406
f 3406/3406 3405/3405 3428/3428
f 3406/3406 3428/3428 3427/3427
f 3431/3431 3485/3485 3428/3428
f 3405/3405 3431/3431 3428/3428
f 3245/3245 3305/3305 3350/3350
f 3245/3245 3350/3350 3337/3337
f 3337/3337 3350/3350 3377/3377
f 3337/3337 3377/3377 3378/3378
f 3378/3378 3377/3377 3429/3429
f 3378/3378 3429/3429 3405/3405
f 3291/3291 3290/3290 3303/3303
f 3291/3291 3303/3303 3304/3304
f 3304/3304 3303/3303 3336/3336
f 3304/3304 3336/3336 3305/3305
f 3305/3305 3336/3336 3357/3357
f 3305/3305 3357/3357 3350/3350
f 3356/3356 3375/3375 3357/3357
f 3336/3336 3356/3356 3357/3357
f 3350/3350 3357/3357 3376/3376
f 3350/3350 3376/3376 3377/3377
f 3375/3375 3413/3413 3376/3376
f 3357/3357 3375/3375 3376/3376
f 3190/3190 3224/3224 3221/3221
f 3189/3189 3190/3190 3221/3221
f 3221/3221 3224/3224 3248/3248
f 3221/3221 3248/3248 3249/3249
f 3249/3249 3248/3248 3288/3288
f 3249/3249 3288/3288 3290/3290
f 3290/3290 3288/3288 3310/3310
f 3290/3290 3310/3310 3303/3303
f 3313/3313 3311/3311 3310/3310
f 3288/3288 3313/3313 3310/3310
f 3303/3303 3310/3310 3312/3312
f 3303/3303 3312/3312 3336/3336
f 3311/3311 3325/3325 3312/3312
f 3310/3310 3311/3311 3312/3312
f 3172/3172 3173/3173 3184/3184
f 3172/3172 3184/3184 3186/3186
f 3186/3186 3184/3184 3191/3191
f 3186/3186 3191/3191 3188/3188
f 3188/3188 3191/3191 3223/3223
f 3188/3188 3223/3223 3190/3190
f 3223/3223 3253/3253 3224/3224
f 3190/3190 3223/3223 3224/3224
f 3224/3224 3253/3253 3265/3265
f 3224/3224 3265/3265 3248/3248
f 3248/3248 3265/3265 3288/3288
f 3289/3289 3316/3316 3288/3288
f 3265/3265 3289/3289 3288/3288
f 3217/3217 3201/3201 3192/3192
f 3201/3201 3197/3197 3142/3142
f 3192/3192 3201/3201 3142/3142
f 3142/3142 3197/3197 3196/3196
f 3142/3142 3196/3196 3141/3141
f 3141/3141 3196/3196 3195/3195
f 3141/3141 3195/3195 3140/3140
f 3140/3140 3195/3195 3194/3194
f 3140/3140 3194/3194 3193/3193
f 3194/3194 3200/3200 3182/3182
f 3193/3193 3194/3194 3182/3182
f 3182/3182 3200/3200 3199/3199
f 3182/3182 3199/3199 3181/3181
f 3181/3181 3199/3199 3198/3198
f 3181/3181 3198/3198 3180/3180
f 3180/3180 3198/3198 3203/3203
f 3180/3180 3203/3203 3176/3176
f 3176/3176 3203/3203 3204/3204
f 3176/3176 3204/3204 3174/3174
f 3174/3174 3204/3204 3208/3208
f 3174/3174 3208/3208 3173/3173
f 3173/3173 3208/3208 3215/3215
f 3173/3173 3215/3215 3184/3184
f 3184/3184 3215/3215 3227/3227
f 3184/3184 3227/3227 3191/3191
f 3191/3191 3227/3227 3240/3240
f 3191/3191 3240/3240 3223/3223
f 3247/3247 3263/3263 3240/3240
f 3227/3227 3247/3247 3240/3240
f 3223/3223 3240/3240 3256/3256
f 3223/3223 3256/3256 3253/3253
f 3263/3263 3274/3274 3256/3256
f 3240/3240 3263/3263 3256/3256
f 3253/3253 3256/3256 3275/3275
f 3253/3253 3275/3275 3265/3265
f 3274/3274 3308/3308 3275/3275
f 3256/3256 3274/3274 3275/3275
f 3217/3217 3229/3229 3201/3201
f 3226/3226 3255/3255 3229/3229
f 3229/3229 3236/3236 3197/3197
f 3201/3201 3229/3229 3197/3197
f 3229/3229 3255/3255 3270/3270
f 3229/3229 3270/3270 3236/3236
f 3197/3197 3236/3236 3235/3235
f 3197/3197 3235/3235 3196/3196
f 3270/3270 3271/3271 3235/3235
f 3236/3236 3270/3270 3235/3235
f 3235/3235 3234/3234 3195/3195
f 3196/3196 3235/3235 3195/3195
f 3235/3235 3271/3271 3293/3293
f 3235/3235 3293/3293 3234/3234
f 3234/3234 3233/3233 3194/3194
f 3195/3195 3234/3234 3194/3194
f 3234/3234 3293/3293 3298/3298
f 3234/3234 3298/3298 3233/3233
f 3194/3194 3233/3233 3232/3232
f 3194/3194 3232/3232 3200/3200
f 3233/3233 3298/3298 3232/3232
f 3232/3232 3231/3231 3199/3199
f 3200/3200 3232/3232 3199/3199
f 3232/3232 3298/3298 3330/3330
f 3232/3232 3330/3330 3231/3231
f 3199/3199 3231/3231 3230/3230
f 3199/3199 3230/3230 3198/3198
f 3330/3330 3331/3331 3230/3230
f 3231/3231 3330/3330 3230/3230
f 3198/3198 3230/3230 3237/3237
f 3198/3198 3237/3237 3203/3203
f 3331/3331 3332/3332 3237/3237
f 3230/3230 3331/3331 3237/3237
f 3203/3203 3237/3237 3238/3238
f 3203/3203 3238/3238 3204/3204
f 3332/3332 3333/3333 3238/3238
f 3237/3237 3332/3332 3238/3238
f 3204/3204 3238/3238 3239/3239
f 3204/3204 3239/3239 3208/3208
f 3333/3333 3334/3334 3239/3239
f 3238/3238 3333/3333 3239/3239
f 3208/3208 3239/3239 3246/3246
f 3208/3208 3246/3246 3215/3215
f 3334/3334 3335/3335 3246/3246
f 3239/3239 3334/3334 3246/3246
f 3215/3215 3246/3246 3227/3227
f 3335/3335 3339/3339 3246/3246
f 1382/1382 1383/1383 1379/1379
f 1382/1382 1379/1379 1381/1381
f 4306/4306 4300/4300 4299/4299
f 4306/4306 4299/4299 4307/4307
f 1326/1326 1038/1038 1039/1039
f 1040/1040 1326/1326 1039/1039
f 4232/4232 4228/4228 4172/4172
f 965/965 986/986 964/964
f 4265/4265 4203/4203 4200/4200
f 4265/4265 4200/4200 4266/4266
f 2266/2266 2256/2256 2262/2262
f 2266/2266 2262/2262 2265/2265
f 4272/4272 4208/4208 4212/4212
f 4272/4272 4212/4212 4341/4341
f 2250/2250 2240/2240 2246/2246
f 2250/2250 2246/2246 2251/2251
f 4245/4245 4236/4236 4239/4239
f 4245/4245 4239/4239 4344/4344
f 1299/1299 1064/1064 1020/1020
f 1021/1021 1299/1299 1020/1020
f 2235/2235 2227/2227 2232/2232
f 2235/2235 2232/2232 2240/2240
f 4338/4338 4240/4240 4254/4254
f 4338/4338 4254/4254 4394/4394
f 1294/1294 1083/1083 1065/1065
f 1063/1063 1294/1294 1065/1065
f 4385/4385 4262/4262 4270/4270
f 2220/2220 2223/2223 2218/2218
f 2218/2218 2224/2224 2212/2212
f 2218/2218 2212/2212 2207/2207
f 2193/2193 2211/2211 2204/2204
f 2193/2193 2204/2204 2181/2181
f 2180/2180 2171/2171 2174/2174
f 2180/2180 2174/2174 2181/2181
f 2180/2180 2225/2225 2196/2196
f 2180/2180 2196/2196 2171/2171
f 2172/2172 2163/2163 2165/2165
f 2172/2172 2165/2165 2171/2171
f 2172/2172 2210/2210 2176/2176
f 2172/2172 2176/2176 2163/2163
f 1274/1274 1140/1140 1128/1128
f 1129/1129 1274/1274 1128/1128
f 2157/2157 2155/2155 2166/2166
f 2157/2157 2166/2166 2163/2163
f 2157/2157 2176/2176 2156/2156
f 2157/2157 2156/2156 2155/2155
f 1271/1271 1180/1180 1139/1139
f 1140/1140 1271/1271 1139/1139
f 2155/2155 2156/2156 2151/2151
f 2155/2155 2151/2151 2154/2154
f 2148/2148 2152/2152 2182/2182
f 2148/2148 2182/2182 2154/2154
f 2148/2148 2149/2149 2150/2150
f 2148/2148 2150/2150 2152/2152
f 2153/2153 2189/2189 2187/2187
f 2153/2153 2187/2187 2152/2152
f 4424/4424 4405/4405 4406/4406
f 2153/2153 2197/2197 2189/2189
f 4062/4062 4059/4059 4063/4063
f 4064/4064 4062/4062 4063/4063
f 2189/2189 2202/2202 2201/2201
f 2189/2189 2201/2201 2187/2187
f 2189/2189 2197/2197 2206/2206
f 2189/2189 2206/2206 2202/2202
f 4057/4057 4056/4056 4058/4058
f 4059/4059 4057/4057 4058/4058
f 2202/2202 3581/3581 3583/3583
f 2202/2202 3583/3583 2201/2201
f 2202/2202 2206/2206 3587/3587
f 2202/2202 3587/3587 3581/3581
f 4055/4055 4042/4042 4056/4056
f 4057/4057 4055/4055 4056/4056
f 3580/3580 3577/3577 3578/3578
f 3580/3580 3578/3578 3581/3581
f 3580/3580 3593/3593 3591/3591
f 3580/3580 3591/3591 3577/3577
f 4038/4038 4010/4010 4011/4011
f 4042/4042 4038/4038 4011/4011
f 3577/3577 3573/3573 3574/3574
f 3577/3577 3574/3574 3578/3578
f 3577/3577 3591/3591 3590/3590
f 3577/3577 3590/3590 3573/3573
f 4037/4037 4020/4020 4010/4010
f 4038/4038 4037/4037 4010/4010
f 3573/3573 3571/3571 3572/3572
f 3573/3573 3572/3572 3574/3574
f 3590/3590 3589/3589 3571/3571
f 3573/3573 3590/3590 3571/3571
f 4032/4032 4031/4031 4020/4020
f 4037/4037 4032/4032 4020/4020
f 4031/4031 4033/4033 3962/3962
f 4020/4020 4031/4031 3962/3962
f 3571/3571 3589/3589 3588/3588
f 3571/3571 3588/3588 3569/3569
f 4034/4034 4036/4036 4033/4033
f 4031/4031 4034/4034 4033/4033
f 3566/3566 3563/3563 3565/3565
f 3566/3566 3565/3565 3569/3569
f 3566/3566 3588/3588 3592/3592
f 3566/3566 3592/3592 3563/3563
f 4040/4040 4039/4039 4036/4036
f 4034/4034 4040/4040 4036/4036
f 3563/3563 3559/3559 3561/3561
f 3563/3563 3561/3561 3565/3565
f 3563/3563 3592/3592 3586/3586
f 3563/3563 3586/3586 3559/3559
f 4045/4045 4046/4046 4039/4039
f 4040/4040 4045/4045 4039/4039
f 4046/4046 4014/4014 4013/4013
f 4039/4039 4046/4046 4013/4013
f 3559/3559 3556/3556 3557/3557
f 3559/3559 3557/3557 3561/3561
f 3559/3559 3586/3586 3579/3579
f 3559/3559 3579/3579 3556/3556
f 4047/4047 4018/4018 4014/4014
f 4046/4046 4047/4047 4014/4014
f 3556/3556 3555/3555 3557/3557
f 3556/3556 3579/3579 3575/3575
f 4049/4049 4019/4019 4018/4018
f 4047/4047 4049/4049 4018/4018
f 4049/4049 4052/4052 4021/4021
f 4049/4049 4021/4021 4019/4019
f 4065/4065 4022/4022 4021/4021
f 4052/4052 4065/4065 4021/4021
f 4065/4065 4068/4068 4023/4023
f 4065/4065 4023/4023 4022/4022
f 4068/4068 4070/4070 4025/4025
f 4068/4068 4025/4025 4023/4023
f 4071/4071 4027/4027 4025/4025
f 4070/4070 4071/4071 4025/4025
f 4072/4072 4029/4029 4027/4027
f 4071/4071 4072/4072 4027/4027
f 4072/4072 4075/4075 4030/4030
f 4072/4072 4030/4030 4029/4029
f 4075/4075 4077/4077 4053/4053
f 4075/4075 4053/4053 4030/4030
f 4086/4086 4080/4080 4079/4079
f 4086/4086 4079/4079 4077/4077
f 4077/4077 4079/4079 4053/4053
f 4085/4085 3919/3919 4079/4079
f 4080/4080 4081/4081 4082/4082
f 4080/4080 4082/4082 4079/4079
f 4081/4081 4087/4087 4088/4088
f 4081/4081 4088/4088 4082/4082
f 4084/4084 4096/4096 4090/4090
f 4084/4084 4090/4090 4087/4087
f 4087/4087 4090/4090 4089/4089
f 4087/4087 4089/4089 4088/4088
f 3472/3472 3510/3510 3526/3526
f 4096/4096 4100/4100 4090/4090
f 4090/4090 4100/4100 3941/3941
f 4090/4090 3941/3941 4089/4089
f 4100/4100 4101/4101 3941/3941
f 3510/3510 3508/3508 3523/3523
f 3510/3510 3523/3523 3526/3526
f 3452/3452 3453/3453 3503/3503
f 3452/3452 3503/3503 3508/3508
f 3508/3508 3503/3503 3507/3507
f 3508/3508 3507/3507 3523/3523
f 3503/3503 3506/3506 3507/3507
f 3450/3450 3528/3528 3504/3504
f 3450/3450 3504/3504 3453/3453
f 3453/3453 3504/3504 3505/3505
f 3453/3453 3505/3505 3503/3503
f 1671/1671 1691/1691 1849/1849
f 1848/1848 1671/1671 1849/1849
f 3528/3528 3530/3530 3529/3529
f 3528/3528 3529/3529 3504/3504
f 1649/1649 1650/1650 1844/1844
f 1847/1847 1649/1649 1844/1844
f 3532/3532 3534/3534 3533/3533
f 3532/3532 3533/3533 3530/3530
f 1648/1648 1649/1649 1841/1841
f 1846/1846 1648/1648 1841/1841
f 3535/3535 3537/3537 3536/3536
f 3535/3535 3536/3536 3534/3534
f 1659/1659 1648/1648 1839/1839
f 1845/1845 1659/1659 1839/1839
f 3538/3538 3496/3496 3539/3539
f 3538/3538 3539/3539 3537/3537
f 3494/3494 3489/3489 3495/3495
f 3494/3494 3495/3495 3496/3496
f 3496/3496 3495/3495 3547/3547
f 3496/3496 3547/3547 3539/3539
f 1668/1668 1704/1704 1789/1789
f 1837/1837 1668/1668 1789/1789
f 3485/3485 3488/3488 3489/3489
f 3489/3489 3488/3488 3490/3490
f 3489/3489 3490/3490 3495/3495
f 1838/1838 1686/1686 1748/1748
f 3431/3431 3486/3486 3485/3485
f 3485/3485 3486/3486 3487/3487
f 3485/3485 3487/3487 3488/3488
f 1840/1840 1694/1694 1772/1772
f 3429/3429 3413/3413 3430/3430
f 3429/3429 3430/3430 3431/3431
f 3431/3431 3430/3430 3491/3491
f 3431/3431 3491/3491 3486/3486
f 1706/1706 1705/1705 1805/1805
f 1843/1843 1706/1706 1805/1805
f 3356/3356 3325/3325 3374/3374
f 3356/3356 3374/3374 3375/3375
f 3375/3375 3374/3374 3412/3412
f 3375/3375 3412/3412 3413/3413
f 3366/3366 3417/3417 3412/3412
f 3374/3374 3366/3366 3412/3412
f 3413/3413 3412/3412 3432/3432
f 3413/3413 3432/3432 3430/3430
f 1763/1763 1714/1714 1842/1842
f 3412/3412 3417/3417 3432/3432
f 3313/3313 3316/3316 3314/3314
f 3313/3313 3314/3314 3311/3311
f 3311/3311 3314/3314 3322/3322
f 3311/3311 3322/3322 3325/3325
f 3325/3325 3322/3322 3324/3324
f 3325/3325 3324/3324 3374/3374
f 3323/3323 3365/3365 3324/3324
f 3322/3322 3323/3323 3324/3324
f 3289/3289 3308/3308 3317/3317
f 3289/3289 3317/3317 3316/3316
f 3316/3316 3317/3317 3318/3318
f 3316/3316 3318/3318 3314/3314
f 3317/3317 3319/3319 3318/3318
f 3314/3314 3318/3318 3321/3321
f 3314/3314 3321/3321 3322/3322
f 3247/3247 3339/3339 3340/3340
f 3247/3247 3340/3340 3263/3263
f 3263/3263 3340/3340 3328/3328
f 3263/3263 3328/3328 3274/3274
f 3274/3274 3328/3328 3309/3309
f 3274/3274 3309/3309 3308/3308
f 3363/3363 3364/3364 3309/3309
f 3328/3328 3363/3363 3309/3309
f 3308/3308 3309/3309 3320/3320
f 3308/3308 3320/3320 3317/3317
f 3364/3364 3368/3368 3320/3320
f 3309/3309 3364/3364 3320/3320
f 1548/1548 1547/1547 1561/1561
f 1561/1561 1556/1556 1564/1564
f 3255/3255 3341/3341 3270/3270
f 1547/1547 1544/1544 1556/1556
f 1561/1561 1547/1547 1556/1556
f 1556/1556 1552/1552 1562/1562
f 1564/1564 1556/1556 1562/1562
f 1544/1544 1542/1542 1552/1552
f 1556/1556 1544/1544 1552/1552
f 1552/1552 1551/1551 1559/1559
f 1562/1562 1552/1552 1559/1559
f 1552/1552 1542/1542 1537/1537
f 1552/1552 1537/1537 1551/1551
f 1559/1559 1551/1551 1550/1550
f 1559/1559 1550/1550 1558/1558
f 1551/1551 1537/1537 1536/1536
f 1551/1551 1536/1536 1550/1550
f 1550/1550 1549/1549 1558/1558
f 1550/1550 1536/1536 1535/1535
f 1550/1550 1535/1535 1549/1549
f 1549/1549 1546/1546 1557/1557
f 1558/1558 1549/1549 1557/1557
f 1549/1549 1535/1535 1534/1534
f 1549/1549 1534/1534 1546/1546
f 1557/1557 1546/1546 1553/1553
f 1534/1534 1532/1532 1546/1546
f 1553/1553 1546/1546 1543/1543
f 1553/1553 1543/1543 1554/1554
f 1532/1532 1525/1525 1543/1543
f 1546/1546 1532/1532 1543/1543
f 1554/1554 1543/1543 1539/1539
f 1554/1554 1539/1539 1555/1555
f 1525/1525 1524/1524 1539/1539
f 1543/1543 1525/1525 1539/1539
f 1555/1555 1539/1539 1538/1538
f 1555/1555 1538/1538 1560/1560
f 1524/1524 1522/1522 1538/1538
f 1539/1539 1524/1524 1538/1538
f 1560/1560 1538/1538 1533/1533
f 1560/1560 1533/1533 1563/1563
f 1522/1522 1521/1521 1533/1533
f 1538/1538 1522/1522 1533/1533
f 1563/1563 1533/1533 1528/1528
f 1563/1563 1528/1528 1569/1569
f 1521/1521 1516/1516 1528/1528
f 1533/1533 1521/1521 1528/1528
f 1569/1569 1528/1528 1527/1527
f 1569/1569 1527/1527 1570/1570
f 1516/1516 1510/1510 1527/1527
f 1528/1528 1516/1516 1527/1527
f 1570/1570 1527/1527 1526/1526
f 1570/1570 1526/1526 1571/1571
f 1510/1510 1503/1503 1526/1526
f 1527/1527 1510/1510 1526/1526
f 4305/4305 4308/4308 4301/4301
f 4231/4231 4227/4227 4228/4228
f 4232/4232 4231/4231 4228/4228
f 4202/4202 4199/4199 4200/4200
f 4203/4203 4202/4202 4200/4200
f 4196/4196 4205/4205 4212/4212
f 4208/4208 4196/4196 4212/4212
f 4207/4207 4211/4211 4219/4219
f 4220/4220 4207/4207 4219/4219
f 4241/4241 4258/4258 4254/4254
f 4240/4240 4241/4241 4254/4254
f 4260/4260 4267/4267 4270/4270
f 4262/4262 4260/4260 4270/4270
f 4276/4276 4280/4280 4283/4283
f 4282/4282 4276/4276 4283/4283
f 4348/4348 4345/4345 4350/4350
f 4348/4348 4350/4350 4353/4353
f 4355/4355 4361/4361 4356/4356
f 4354/4354 4355/4355 4356/4356
f 4360/4360 4368/4368 4375/4375
f 4363/4363 4360/4360 4375/4375
f 4376/4376 4379/4379 4383/4383
f 4375/4375 4376/4376 4383/4383
f 4383/4383 4379/4379 4382/4382
f 4383/4383 4382/4382 4384/4384
f 4393/4393 4389/4389 4397/4397
f 4393/4393 4397/4397 4404/4404
f 4403/4403 4402/4402 4406/4406
f 4405/4405 4403/4403 4406/4406
f 4406/4406 4402/4402 4417/4417
f 4406/4406 4417/4417 4423/4423
f 4423/4423 4417/4417 4466/4466
f 4423/4423 4466/4466 4474/4474
f 4471/4471 4470/4470 4473/4473
f 4472/4472 4471/4471 4473/4473
f 4470/4470 4480/4480 4479/4479
f 4473/4473 4470/4470 4479/4479
f 4152/4152 4153/4153 4147/4147
f 4152/4152 4147/4147 4151/4151
f 4147/4147 4129/4129 4150/4150
f 4151/4151 4147/4147 4150/4150
f 4128/4128 4127/4127 4138/4138
f 4150/4150 4128/4128 4138/4138
f 4012/4012 3942/3942 3917/3917
f 3959/3959 4012/4012 3917/3917
f 4127/4127 4136/4136 4137/4137
f 4138/4138 4127/4127 4137/4137
f 4137/4137 4136/4136 4141/4141
f 4137/4137 4141/4141 4145/4145
f 4145/4145 4141/4141 4144/4144
f 4015/4015 3865/3865 3838/3838
f 3971/3971 4015/4015 3838/3838
f 4016/4016 3931/3931 3865/3865
f 4015/4015 4016/4016 3865/3865
f 4017/4017 3949/3949 3931/3931
f 4016/4016 4017/4017 3931/3931
f 4017/4017 4024/4024 3934/3934
f 4017/4017 3934/3934 3949/3949
f 4024/4024 4026/4026 3933/3933
f 4024/4024 3933/3933 3934/3934
f 4026/4026 4028/4028 3903/3903
f 4026/4026 3903/3903 3933/3933
f 4028/4028 3844/3844 3903/3903
f 3844/3844 3957/3957 3843/3843
f 3845/3845 3841/3841 3843/3843
f 3957/3957 3845/3845 3843/3843
f 4085/4085 3932/3932 3887/3887
f 4085/4085 3887/3887 3919/3919
f 3876/3876 3875/3875 3887/3887
f 3932/3932 3876/3876 3887/3887
f 1760/1760 1776/1776 1795/1795
f 1790/1790 1760/1760 1795/1795
f 1690/1690 1710/1710 1736/1736
f 1729/1729 1690/1690 1736/1736
f 1652/1652 1658/1658 1691/1691
f 1671/1671 1652/1652 1691/1691
f 1649/1649 1647/1647 1650/1650
f 1648/1648 1632/1632 1649/1649
f 1659/1659 1635/1635 1633/1633
f 1659/1659 1633/1633 1648/1648
f 1664/1664 1630/1630 1663/1663
f 1629/1629 1630/1630 1668/1668
f 1667/1667 1629/1629 1668/1668
f 1666/1666 1665/1665 1686/1686
f 1687/1687 1666/1666 1686/1686
f 1679/1679 1678/1678 1705/1705
f 1706/1706 1679/1679 1705/1705
f 1681/1681 1682/1682 1714/1714
f 1763/1763 1681/1681 1714/1714
f 3366/3366 3365/3365 3416/3416
f 3366/3366 3416/3416 3417/3417
f 1703/1703 1702/1702 1739/1739
f 1798/1798 1703/1703 1739/1739
f 1769/1769 1742/1742 1807/1807
f 3318/3318 3479/3479 3321/3321
f 1742/1742 1731/1731 1751/1751
f 1807/1807 1742/1742 1751/1751
f 3319/3319 3368/3368 3360/3360
f 3319/3319 3360/3360 3318/3318
f 1452/1452 1567/1567 1566/1566
f 1565/1565 1452/1452 1566/1566
f 1490/1490 1477/1477 1510/1510
f 1516/1516 1490/1490 1510/1510
f 1477/1477 1447/1447 1503/1503
f 1510/1510 1477/1477 1503/1503
f 1529/1529 1503/1503 1495/1495
f 1529/1529 1495/1495 1545/1545
f 1447/1447 1446/1446 1495/1495
f 1503/1503 1447/1447 1495/1495
f 1545/1545 1495/1495 1451/1451
f 1545/1545 1451/1451 1565/1565
f 1446/1446 1445/1445 1451/1451
f 1495/1495 1446/1446 1451/1451
f 1548/1548 1541/1541 1547/1547
f 1519/1519 1518/1518 1541/1541
f 1547/1547 1541/1541 1540/1540
f 1547/1547 1540/1540 1544/1544
f 1541/1541 1518/1518 1517/1517
f 1541/1541 1517/1517 1540/1540
f 1544/1544 1540/1540 1531/1531
f 1544/1544 1531/1531 1542/1542
f 1517/1517 1511/1511 1531/1531
f 1540/1540 1517/1517 1531/1531
f 1542/1542 1531/1531 1530/1530
f 1542/1542 1530/1530 1537/1537
f 1511/1511 1507/1507 1530/1530
f 1531/1531 1511/1511 1530/1530
f 1537/1537 1530/1530 1523/1523
f 1537/1537 1523/1523 1536/1536
f 1507/1507 1504/1504 1523/1523
f 1530/1530 1507/1507 1523/1523
f 1523/1523 1514/1514 1535/1535
f 1536/1536 1523/1523 1535/1535
f 1504/1504 1502/1502 1514/1514
f 1523/1523 1504/1504 1514/1514
f 1535/1535 1514/1514 1513/1513
f 1535/1535 1513/1513 1534/1534
f 1514/1514 1502/1502 1501/1501
f 1514/1514 1501/1501 1513/1513
f 1534/1534 1513/1513 1512/1512
f 1534/1534 1512/1512 1532/1532
f 1501/1501 1496/1496 1512/1512
f 1513/1513 1501/1501 1512/1512
f 1532/1532 1512/1512 1509/1509
f 1532/1532 1509/1509 1525/1525
f 1496/1496 1489/1489 1509/1509
f 1512/1512 1496/1496 1509/1509
f 1525/1525 1509/1509 1508/1508
f 1525/1525 1508/1508 1524/1524
f 1489/1489 1488/1488 1508/1508
f 1509/1509 1489/1489 1508/1508
f 1524/1524 1508/1508 1505/1505
f 1524/1524 1505/1505 1522/1522
f 1488/1488 1487/1487 1505/1505
f 1508/1508 1488/1488 1505/1505
f 1522/1522 1505/1505 1498/1498
f 1522/1522 1498/1498 1521/1521
f 1487/1487 1478/1478 1498/1498
f 1505/1505 1487/1487 1498/1498
f 1521/1521 1498/1498 1497/1497
f 1521/1521 1497/1497 1516/1516
f 1478/1478 1479/1479 1497/1497
f 1498/1498 1478/1478 1497/1497
f 4309/4309 4303/4303 4301/4301
f 4308/4308 4309/4309 4301/4301
f 4231/4231 4225/4225 4227/4227
f 4201/4201 4198/4198 4199/4199
f 4202/4202 4201/4201 4199/4199
f 4196/4196 4193/4193 4204/4204
f 4196/4196 4204/4204 4205/4205
f 4206/4206 4210/4210 4211/4211
f 4207/4207 4206/4206 4211/4211
f 4242/4242 4257/4257 4258/4258
f 4241/4241 4242/4242 4258/4258
f 4259/4259 4268/4268 4267/4267
f 4260/4260 4259/4259 4267/4267
f 4273/4273 4279/4279 4280/4280
f 4276/4276 4273/4273 4280/4280
f 4347/4347 4352/4352 4350/4350
f 4345/4345 4347/4347 4350/4350
f 4357/4357 4358/4358 4361/4361
f 4355/4355 4357/4357 4361/4361
f 4359/4359 4369/4369 4368/4368
f 4360/4360 4359/4359 4368/4368
f 4368/4368 4369/4369 4373/4373
f 4378/4378 4381/4381 4382/4382
f 4379/4379 4378/4378 4382/4382
f 4389/4389 4390/4390 4395/4395
f 4389/4389 4395/4395 4397/4397
f 4398/4398 4401/4401 4402/4402
f 4403/4403 4398/4398 4402/4402
f 4401/4401 4416/4416 4417/4417
f 4402/4402 4401/4401 4417/4417
f 4417/4417 4416/4416 4465/4465
f 4417/4417 4465/4465 4466/4466
f 4465/4465 4468/4468 4467/4467
f 4466/4466 4465/4465 4467/4467
f 4470/4470 4468/4468 4481/4481
f 4470/4470 4481/4481 4480/4480
f 4154/4154 4146/4146 4147/4147
f 4153/4153 4154/4154 4147/4147
f 4147/4147 4146/4146 4129/4129
f 4129/4129 4126/4126 4128/4128
f 4126/4126 4139/4139 4136/4136
f 4127/4127 4126/4126 4136/4136
f 4139/4139 4140/4140 4141/4141
f 4136/4136 4139/4139 4141/4141
f 4141/4141 4140/4140 4144/4144
f 3845/3845 3846/3846 3840/3840
f 3845/3845 3840/3840 3841/3841
f 3876/3876 3877/3877 3874/3874
f 3876/3876 3874/3874 3875/3875
f 1760/1760 1758/1758 1761/1761
f 1760/1760 1761/1761 1776/1776
f 1690/1690 1698/1698 1709/1709
f 1690/1690 1709/1709 1710/1710
f 1652/1652 1656/1656 1657/1657
f 1652/1652 1657/1657 1658/1658
f 1647/1647 1644/1644 1653/1653
f 1632/1632 1639/1639 1646/1646
f 1635/1635 1634/1634 1633/1633
f 1630/1630 1628/1628 1636/1636
f 1629/1629 1627/1627 1630/1630
f 1666/1666 1669/1669 1660/1660
f 1666/1666 1660/1660 1665/1665
f 1675/1675 1676/1676 1670/1670
f 1675/1675 1670/1670 1674/1674
f 1681/1681 1695/1695 1680/1680
f 1681/1681 1680/1680 1682/1682
f 1703/1703 1707/1707 1701/1701
f 1703/1703 1701/1701 1702/1702
f 1742/1742 1716/1716 1711/1711
f 1742/1742 1711/1711 1731/1731
f 1769/1769 1793/1793 1768/1768
f 1769/1769 1768/1768 1742/1742
f 1793/1793 1757/1757 1740/1740
f 1793/1793 1740/1740 1768/1768
f 1447/1447 1442/1442 1440/1440
f 1447/1447 1440/1440 1446/1446
f 1440/1440 1441/1441 1445/1445
f 1446/1446 1440/1440 1445/1445
f 1452/1452 1445/1445 1453/1453
f 1799/1799 1797/1797 1793/1793
f 1445/1445 1441/1441 1454/1454
f 1445/1445 1454/1454 1453/1453
f 1481/1481 1480/1480 1496/1496
f 1501/1501 1481/1481 1496/1496
f 1480/1480 1469/1469 1489/1489
f 1496/1496 1480/1480 1489/1489
f 1469/1469 1465/1465 1488/1488
f 1489/1489 1469/1469 1488/1488
f 1465/1465 1464/1464 1487/1487
f 1488/1488 1465/1465 1487/1487
f 1464/1464 1427/1427 1478/1478
f 1487/1487 1464/1464 1478/1478
f 1427/1427 1421/1421 1479/1479
f 1478/1478 1427/1427 1479/1479
f 1490/1490 1479/1479 1461/1461
f 1490/1490 1461/1461 1477/1477
f 1421/1421 1422/1422 1461/1461
f 1479/1479 1421/1421 1461/1461
f 1477/1477 1461/1461 1449/1449
f 1477/1477 1449/1449 1447/1447
f 1422/1422 1425/1425 1449/1449
f 1461/1461 1422/1422 1449/1449
f 1519/1519 1499/1499 1518/1518
f 1500/1500 1494/1494 1499/1499
f 1499/1499 1492/1492 1517/1517
f 1518/1518 1499/1499 1517/1517
f 1494/1494 1493/1493 1492/1492
f 1499/1499 1494/1494 1492/1492
f 1517/1517 1492/1492 1491/1491
f 1517/1517 1491/1491 1511/1511
f 1492/1492 1493/1493 1486/1486
f 1492/1492 1486/1486 1491/1491
f 1511/1511 1491/1491 1485/1485
f 1511/1511 1485/1485 1507/1507
f 1486/1486 1476/1476 1485/1485
f 1491/1491 1486/1486 1485/1485
f 1507/1507 1485/1485 1484/1484
f 1507/1507 1484/1484 1504/1504
f 1485/1485 1476/1476 1474/1474
f 1485/1485 1474/1474 1484/1484
f 1504/1504 1484/1484 1483/1483
f 1504/1504 1483/1483 1502/1502
f 1484/1484 1474/1474 1472/1472
f 1484/1484 1472/1472 1483/1483
f 1502/1502 1483/1483 1482/1482
f 1502/1502 1482/1482 1501/1501
f 1483/1483 1472/1472 1473/1473
f 1483/1483 1473/1473 1482/1482
f 4313/4313 4302/4302 4303/4303
f 4313/4313 4303/4303 4309/4309
f 4313/4313 4322/4322 4304/4304
f 4313/4313 4304/4304 4302/4302
f 4246/4246 4238/4238 4226/4226
f 4201/4201 4190/4190 4188/4188
f 4201/4201 4188/4188 4198/4198
f 4193/4193 4185/4185 4182/4182
f 4193/4193 4182/4182 4204/4204
f 4206/4206 4181/4181 4209/4209
f 4206/4206 4209/4209 4210/4210
f 4242/4242 4243/4243 4256/4256
f 4242/4242 4256/4256 4257/4257
f 4259/4259 4261/4261 4269/4269
f 4259/4259 4269/4269 4268/4268
f 4273/4273 4274/4274 4278/4278
f 4273/4273 4278/4278 4279/4279
f 4346/4346 4351/4351 4352/4352
f 4347/4347 4346/4346 4352/4352
f 4357/4357 4351/4351 4358/4358
f 4359/4359 4362/4362 4367/4367
f 4359/4359 4367/4367 4369/4369
f 4367/4367 4374/4374 4369/4369
f 4377/4377 4380/4380 4381/4381
f 4378/4378 4377/4377 4381/4381
f 4390/4390 4391/4391 4396/4396
f 4390/4390 4396/4396 4395/4395
f 4398/4398 4399/4399 4400/4400
f 4398/4398 4400/4400 4401/4401
f 4400/4400 4418/4418 4416/4416
f 4401/4401 4400/4400 4416/4416
f 4416/4416 4418/4418 4464/4464
f 4416/4416 4464/4464 4465/4465
f 4465/4465 4464/4464 4469/4469
f 4465/4465 4469/4469 4468/4468
f 4468/4468 4478/4478 4482/4482
f 4468/4468 4482/4482 4481/4481
f 4149/4149 4148/4148 4146/4146
f 4481/4481 4482/4482 4483/4483
f 4146/4146 4148/4148 4130/4130
f 4146/4146 4130/4130 4129/4129
f 4130/4130 4131/4131 4126/4126
f 4129/4129 4130/4130 4126/4126
f 4126/4126 4132/4132 4139/4139
f 4132/4132 4134/4134 4140/4140
f 4139/4139 4132/4132 4140/4140
f 4140/4140 4134/4134 4142/4142
f 3846/3846 3848/3848 3842/3842
f 3846/3846 3842/3842 3840/3840
f 3877/3877 3878/3878 3874/3874
f 3923/3923 3924/3924 3892/3892
f 3923/3923 3892/3892 3893/3893
f 1712/1712 1713/1713 1743/1743
f 1712/1712 1743/1743 1744/1744
f 1656/1656 1662/1662 1661/1661
f 1656/1656 1661/1661 1657/1657
f 1644/1644 1643/1643 1651/1651
f 1644/1644 1651/1651 1653/1653
f 1639/1639 1640/1640 1641/1641
f 1639/1639 1641/1641 1646/1646
f 1634/1634 1637/1637 1638/1638
f 1628/1628 1624/1624 1631/1631
f 1628/1628 1631/1631 1636/1636
f 1627/1627 1620/1620 1623/1623
f 1669/1669 1614/1614 1619/1619
f 1669/1669 1619/1619 1660/1660
f 1676/1676 1612/1612 1613/1613
f 1676/1676 1613/1613 1670/1670
f 1695/1695 1696/1696 1683/1683
f 1695/1695 1683/1683 1680/1680
f 1707/1707 1717/1717 1700/1700
f 1707/1707 1700/1700 1701/1701
f 1716/1716 1721/1721 1715/1715
f 1716/1716 1715/1715 1711/1711
f 1757/1757 1732/1732 1724/1724
f 1757/1757 1724/1724 1740/1740
f 1432/1432 1450/1450 1441/1441
f 1440/1440 1432/1432 1441/1441
f 1796/1796 1749/1749 1777/1777
f 1441/1441 1450/1450 1454/1454
f 1408/1408 1410/1410 1421/1421
f 1427/1427 1408/1408 1421/1421
f 1421/1421 1410/1410 1418/1418
f 1421/1421 1418/1418 1422/1422
f 1418/1418 1423/1423 1425/1425
f 1422/1422 1418/1418 1425/1425
f 1442/1442 1425/1425 1426/1426
f 1442/1442 1426/1426 1440/1440
f 1423/1423 1430/1430 1426/1426
f 1425/1425 1423/1423 1426/1426
f 1476/1476 1475/1475 1474/1474
f 1474/1474 1471/1471 1472/1472
f 1472/1472 1471/1471 1468/1468
f 1472/1472 1468/1468 1473/1473
f 1481/1481 1473/1473 1467/1467
f 1481/1481 1467/1467 1480/1480
f 1468/1468 1463/1463 1467/1467
f 1473/1473 1468/1468 1467/1467
f 1480/1480 1467/1467 1462/1462
f 1480/1480 1462/1462 1469/1469
f 1463/1463 1460/1460 1462/1462
f 1467/1467 1463/1463 1462/1462
f 1469/1469 1462/1462 1459/1459
f 1469/1469 1459/1459 1465/1465
f 1460/1460 1456/1456 1459/1459
f 1462/1462 1460/1460 1459/1459
f 1465/1465 1459/1459 1455/1455
f 1465/1465 1455/1455 1464/1464
f 1456/1456 1416/1416 1455/1455
f 1459/1459 1456/1456 1455/1455
f 1464/1464 1455/1455 1415/1415
f 1464/1464 1415/1415 1427/1427
f 1416/1416 1409/1409 1415/1415
f 1455/1455 1416/1416 1415/1415
f 3744/3744 3743/3743 3742/3742
f 3742/3742 3741/3741 3740/3740
f 3740/3740 3738/3738 3739/3739
f 4322/4322 4324/4324 4323/4323
f 4322/4322 4323/4323 4304/4304
f 923/923 927/927 930/930
f 909/909 923/923 930/930
f 4224/4224 4222/4222 4226/4226
f 4224/4224 4226/4226 4238/4238
f 4224/4224 4229/4229 4223/4223
f 4224/4224 4223/4223 4222/4222
f 4190/4190 4189/4189 4188/4188
f 4184/4184 4183/4183 4182/4182
f 4185/4185 4184/4184 4182/4182
f 4180/4180 4237/4237 4209/4209
f 4180/4180 4209/4209 4181/4181
f 4180/4180 4177/4177 4179/4179
f 4180/4180 4179/4179 4237/4237
f 4243/4243 4244/4244 4263/4263
f 4243/4243 4263/4263 4256/4256
f 4271/4271 4275/4275 4269/4269
f 4261/4261 4271/4271 4269/4269
f 4277/4277 4281/4281 4278/4278
f 4274/4274 4277/4277 4278/4278
f 4346/4346 4349/4349 4364/4364
f 4346/4346 4364/4364 4351/4351
f 4364/4364 4365/4365 4358/4358
f 4351/4351 4364/4364 4358/4358
f 4366/4366 4370/4370 4367/4367
f 4362/4362 4366/4366 4367/4367
f 4371/4371 4377/4377 4374/4374
f 4371/4371 4374/4374 4367/4367
f 4371/4371 4372/4372 4386/4386
f 4371/4371 4386/4386 4377/4377
f 4386/4386 4387/4387 4380/4380
f 4377/4377 4386/4386 4380/4380
f 4392/4392 4408/4408 4396/4396
f 4391/4391 4392/4392 4396/4396
f 4407/4407 4419/4419 4400/4400
f 4399/4399 4407/4407 4400/4400
f 4419/4419 4420/4420 4418/4418
f 4400/4400 4419/4419 4418/4418
f 4418/4418 4420/4420 4476/4476
f 4418/4418 4476/4476 4464/4464
f 4475/4475 4478/4478 4469/4469
f 4475/4475 4469/4469 4464/4464
f 4165/4165 4164/4164 4162/4162
f 4475/4475 4477/4477 4478/4478
f 4162/4162 4164/4164 4161/4161
f 4162/4162 4161/4161 4149/4149
f 4149/4149 4161/4161 4156/4156
f 4149/4149 4156/4156 4148/4148
f 4148/4148 4156/4156 4155/4155
f 4148/4148 4155/4155 4130/4130
f 4155/4155 4157/4157 4131/4131
f 4130/4130 4155/4155 4131/4131
f 4157/4157 4158/4158 4131/4131
f 4133/4133 4135/4135 4134/4134
f 4132/4132 4133/4133 4134/4134
f 4134/4134 4135/4135 4143/4143
f 3848/3848 3851/3851 3824/3824
f 3848/3848 3824/3824 3842/3842
f 3879/3879 3886/3886 3863/3863
f 3879/3879 3863/3863 3871/3871
f 1781/1781 1783/1783 1784/1784
f 3924/3924 3883/3883 3892/3892
f 1713/1713 1733/1733 1734/1734
f 1713/1713 1734/1734 1743/1743
f 1672/1672 1746/1746 1730/1730
f 1672/1672 1730/1730 1699/1699
f 1654/1654 1735/1735 1708/1708
f 1654/1654 1708/1708 1662/1662
f 1640/1640 1673/1673 1645/1645
f 1640/1640 1645/1645 1641/1641
f 1637/1637 1692/1692 1642/1642
f 1637/1637 1642/1642 1638/1638
f 1624/1624 1625/1625 1655/1655
f 1624/1624 1655/1655 1631/1631
f 1620/1620 1621/1621 1622/1622
f 1620/1620 1622/1622 1623/1623
f 1614/1614 1617/1617 1618/1618
f 1614/1614 1618/1618 1619/1619
f 1612/1612 1610/1610 1611/1611
f 1612/1612 1611/1611 1613/1613
f 1684/1684 1685/1685 1615/1615
f 1684/1684 1615/1615 1616/1616
f 1717/1717 1719/1719 1718/1718
f 1717/1717 1718/1718 1700/1700
f 1721/1721 1723/1723 1720/1720
f 1721/1721 1720/1720 1715/1715
f 1727/1727 1725/1725 1724/1724
f 1732/1732 1727/1727 1724/1724
f 1431/1431 1520/1520 1450/1450
f 1432/1432 1431/1431 1450/1450
f 1764/1764 1750/1750 1749/1749
f 1796/1796 1764/1764 1749/1749
f 1411/1411 1419/1419 1418/1418
f 1410/1410 1411/1411 1418/1418
f 1419/1419 1424/1424 1423/1423
f 1418/1418 1419/1419 1423/1423
f 1424/1424 1433/1433 1430/1430
f 1423/1423 1424/1424 1430/1430
f 1468/1468 1470/1470 1463/1463
f 1463/1463 1470/1470 1460/1460
f 1460/1460 1466/1466 1457/1457
f 1460/1460 1457/1457 1456/1456
f 1457/1457 1417/1417 1416/1416
f 1456/1456 1457/1457 1416/1416
f 1417/1417 1413/1413 1409/1409
f 1416/1416 1417/1417 1409/1409
f 1408/1408 1409/1409 1410/1410
f 1413/1413 1412/1412 1409/1409
f 4328/4328 4296/4296 4323/4323
f 4328/4328 4323/4323 4324/4324
f 4328/4328 4336/4336 4296/4296
f 4230/4230 4343/4343 4223/4223
f 4229/4229 4230/4230 4223/4223
f 949/949 955/955 951/951
f 948/948 949/949 951/951
f 4411/4411 4443/4443 4189/4189
f 4410/4410 4445/4445 4183/4183
f 4184/4184 4410/4410 4183/4183
f 4176/4176 4421/4421 4179/4179
f 4177/4177 4176/4176 4179/4179
f 4388/4388 4434/4434 4263/4263
f 4244/4244 4388/4388 4263/4263
f 4425/4425 4453/4453 4275/4275
f 4271/4271 4425/4425 4275/4275
f 4430/4430 4437/4437 4281/4281
f 4277/4277 4430/4430 4281/4281
f 4428/4428 4435/4435 4364/4364
f 4349/4349 4428/4428 4364/4364
f 4429/4429 4444/4444 4365/4365
f 4364/4364 4429/4429 4365/4365
f 4432/4432 4438/4438 4370/4370
f 4366/4366 4432/4432 4370/4370
f 853/853 854/854 868/868
f 4370/4370 4438/4438 4414/4414
f 858/858 859/859 875/875
f 4386/4386 4446/4446 4387/4387
f 865/865 866/866 880/880
f 4392/4392 4455/4455 4408/4408
f 866/866 873/873 876/876
f 880/880 866/866 876/876
f 874/874 872/872 887/887
f 4419/4419 4452/4452 4420/4420
f 872/872 879/879 888/888
f 887/887 872/872 888/888
f 888/888 879/879 883/883
f 889/889 894/894 899/899
f 898/898 889/889 899/899
f 899/899 894/894 895/895
f 899/899 895/895 903/903
f 4169/4169 4168/4168 4155/4155
f 903/903 895/895 904/904
f 4155/4155 4168/4168 4166/4166
f 4155/4155 4166/4166 4157/4157
f 4166/4166 4167/4167 4158/4158
f 4157/4157 4166/4166 4158/4158
f 4133/4133 4159/4159 4160/4160
f 4133/4133 4160/4160 4135/4135
f 4135/4135 4160/4160 4163/4163
f 3854/3854 3870/3870 3833/3833
f 3854/3854 3833/3833 3824/3824
f 3886/3886 3948/3948 3856/3856
f 3886/3886 3856/3856 3863/3863
f 1785/1785 1810/1810 1811/1811
f 3905/3905 3888/3888 3881/3881
f 1759/1759 1829/1829 1794/1794
f 1759/1759 1794/1794 1782/1782
f 1746/1746 1801/1801 1747/1747
f 1746/1746 1747/1747 1730/1730
f 1773/1773 1778/1778 1708/1708
f 1735/1735 1773/1773 1708/1708
f 1689/1689 1808/1808 1752/1752
f 1689/1689 1752/1752 1688/1688
f 1693/1693 1863/1863 1771/1771
f 1693/1693 1771/1771 1673/1673
f 1737/1737 1865/1865 1792/1792
f 1737/1737 1792/1792 1692/1692
f 1738/1738 1800/1800 1625/1625
f 1617/1617 1791/1791 1626/1626
f 1617/1617 1626/1626 1618/1618
f 1610/1610 1606/1606 1608/1608
f 1610/1610 1608/1608 1611/1611
f 1685/1685 1602/1602 1609/1609
f 1685/1685 1609/1609 1615/1615
f 2144/2144 2137/2137 2139/2139
f 1728/1728 1779/1779 1697/1697
f 1723/1723 1787/1787 1722/1722
f 1723/1723 1722/1722 1720/1720
f 1727/1727 1753/1753 1726/1726
f 1727/1727 1726/1726 1725/1725
f 1756/1756 1754/1754 1750/1750
f 1764/1764 1756/1756 1750/1750
f 1434/1434 1436/1436 1424/1424
f 1419/1419 1434/1434 1424/1424
f 1436/1436 1443/1443 1433/1433
f 1424/1424 1436/1436 1433/1433
f 1431/1431 1433/1433 1439/1439
f 1431/1431 1439/1439 1520/1520
f 1443/1443 1444/1444 1439/1439
f 1433/1433 1443/1443 1439/1439
f 1457/1457 1458/1458 1417/1417
f 1417/1417 1428/1428 1413/1413
f 1413/1413 1429/1429 1420/1420
f 1413/1413 1420/1420 1412/1412
f 1411/1411 1412/1412 1414/1414
f 1411/1411 1414/1414 1419/1419
f 1420/1420 1435/1435 1414/1414
f 1412/1412 1420/1420 1414/1414
f 771/771 509/509 788/788
f 1276/1276 1275/1275 1277/1277
f 512/512 464/464 621/621
f 4336/4336 4454/4454 4441/4441
f 4427/4427 4459/4459 4431/4431
f 4409/4409 4427/4427 4431/4431
f 781/781 506/506 799/799
f 4447/4447 4448/4448 4449/4449
f 712/712 547/547 805/805
f 4451/4451 4456/4456 4457/4457
f 770/770 667/667 827/827
f 4460/4460 4463/4463 4462/4462
f 767/767 577/577 825/825
f 838/838 767/767 825/825
f 824/824 796/796 818/818
f 835/835 824/824 818/818
f 818/818 796/796 583/583
f 818/818 583/583 817/817
f 816/816 780/780 584/584
f 816/816 584/584 815/815
f 782/782 585/585 830/830
f 848/848 782/782 830/830
f 425/425 428/428 424/424
f 187/187 425/425 424/424
f 811/811 717/717 845/845
f 851/851 811/811 845/845
f 64/64 120/120 65/65
f 64/64 65/65 62/62
f 424/424 428/428 190/190
f 792/792 785/785 855/855
f 854/854 792/792 855/855
f 62/62 60/60 9/9
f 9/9 60/60 13/13
f 855/855 785/785 532/532
f 855/855 532/532 856/856
f 9/9 13/13 10/10
f 190/190 191/191 192/192
f 190/190 192/192 194/194
f 791/791 693/693 871/871
f 857/857 791/791 871/871
f 10/10 11/11 5/5
f 9/9 10/10 5/5
f 870/870 772/772 862/862
f 873/873 870/870 862/862
f 862/862 772/772 688/688
f 862/862 688/688 863/863
f 864/864 789/789 883/883
f 879/879 864/864 883/883
f 789/789 747/747 890/890
f 883/883 789/789 890/890
f 747/747 681/681 881/881
f 890/890 747/747 881/881
f 1223/1223 1226/1226 1231/1231
f 1205/1205 1223/1223 1231/1231
f 895/895 882/882 795/795
f 895/895 795/795 897/897
f 795/795 776/776 896/896
f 897/897 795/795 896/896
f 3944/3944 3938/3938 3939/3939
f 3943/3943 3944/3944 3939/3939
f 776/776 777/777 891/891
f 896/896 776/776 891/891
f 891/891 777/777 784/784
f 891/891 784/784 892/892
f 892/892 784/784 893/893
f 3870/3870 3866/3866 3832/3832
f 3870/3870 3832/3832 3833/3833
f 1817/1817 1818/1818 1819/1819
f 3858/3858 3857/3857 3853/3853
f 1812/1812 1889/1889 1814/1814
f 1812/1812 1814/1814 1813/1813
f 1831/1831 1887/1887 1830/1830
f 1831/1831 1830/1830 1810/1810
f 1891/1891 1890/1890 1878/1878
f 1890/1890 1885/1885 1882/1882
f 1878/1878 1890/1890 1882/1882
f 1882/1882 1885/1885 1884/1884
f 1882/1882 1884/1884 1883/1883
f 1775/1775 1803/1803 1762/1762
f 1775/1775 1762/1762 1756/1756
f 1762/1762 1809/1809 1754/1754
f 1756/1756 1762/1762 1754/1754
f 1437/1437 1438/1438 1436/1436
f 1434/1434 1437/1437 1436/1436
f 1438/1438 1448/1448 1443/1443
f 1436/1436 1438/1438 1443/1443
f 1506/1506 1515/1515 1435/1435
f 1420/1420 1506/1506 1435/1435
f 3722/3722 3721/3721 3720/3720
f 762/762 820/820 783/783
f 757/757 829/829 756/756
f 729/729 757/757 756/756
f 3710/3710 3712/3712 3716/3716
f 3717/3717 3710/3710 3716/3716
f 810/810 841/841 774/774
f 755/755 810/810 774/774
f 3716/3716 3712/3712 3715/3715
f 3716/3716 3715/3715 3718/3718
f 774/774 841/841 842/842
f 774/774 842/842 775/775
f 4701/4701 4702/4702 4732/4732
f 3718/3718 3715/3715 3719/3719
f 760/760 802/802 732/732
f 3835/3835 3791/3791 3788/3788
f 3811/3811 3835/3835 3788/3788
f 1826/1826 1828/1828 1827/1827
f 1820/1820 1826/1826 1827/1827
f 1822/1822 1823/1823 1821/1821
f 1822/1822 1821/1821 1818/1818
f 1852/1852 1853/1853 1825/1825
f 1852/1852 1825/1825 1824/1824
f 3731/3731 3732/3732 3728/3728
f 3731/3731 3728/3728 3727/3727
f 3727/3727 3728/3728 3729/3729
f 3727/3727 3729/3729 3730/3730
f 2104/2104 2107/2107 2103/2103
f 2104/2104 2103/2103 2102/2102
f 2102/2102 2103/2103 2073/2073
f 2102/2102 2073/2073 2086/2086
f 2107/2107 2108/2108 2085/2085
f 2107/2107 2085/2085 2103/2103
f 2085/2085 2061/2061 2073/2073
f 2103/2103 2085/2085 2073/2073
f 2092/2092 2060/2060 2085/2085
f 2108/2108 2092/2092 2085/2085
f 2060/2060 2048/2048 2061/2061
f 2085/2085 2060/2060 2061/2061
f 2097/2097 2076/2076 2106/2106
f 2119/2119 2097/2097 2106/2106
f 2076/2076 2062/2062 2092/2092
f 2106/2106 2076/2076 2092/2092
f 2092/2092 2062/2062 2041/2041
f 2092/2092 2041/2041 2060/2060
f 2060/2060 2041/2041 2037/2037
f 2060/2060 2037/2037 2048/2048
f 2099/2099 2091/2091 2089/2089
f 2099/2099 2089/2089 2098/2098
f 2098/2098 2089/2089 2087/2087
f 2098/2098 2087/2087 2097/2097
f 2097/2097 2087/2087 2079/2079
f 2097/2097 2079/2079 2076/2076
f 2076/2076 2079/2079 2066/2066
f 2076/2076 2066/2066 2062/2062
f 2062/2062 2066/2066 2042/2042
f 2062/2062 2042/2042 2041/2041
f 2041/2041 2042/2042 1917/1917
f 2041/2041 1917/1917 2037/2037
f 2042/2042 2036/2036 1917/1917
f 2091/2091 2090/2090 2089/2089
f 2089/2089 2088/2088 2087/2087
f 2087/2087 2080/2080 2079/2079
f 2079/2079 2080/2080 2066/2066
f 2066/2066 2075/2075 2042/2042
f 3710/3710 3713/3713 3711/3711
f 3710/3710 3711/3711 3712/3712
f 4870/4870 4869/4869 4871/4871
f 4596/4596 4592/4592 4597/4597
f 4700/4700 4732/4732 4737/4737
f 4732/4732 4705/4705 4787/4787
f 4737/4737 4732/4732 4787/4787
f 3712/3712 3711/3711 3714/3714
f 3712/3712 3714/3714 3715/3715
f 4676/4676 4551/4551 4797/4797
f 4818/4818 4819/4819 4820/4820
f 4551/4551 4549/4549 4605/4605
f 4797/4797 4551/4551 4605/4605
f 4605/4605 4549/4549 4547/4547
f 4605/4605 4547/4547 4602/4602
f 4602/4602 4547/4547 4518/4518
f 4602/4602 4518/4518 4607/4607
f 4607/4607 4518/4518 4509/4509
f 4607/4607 4509/4509 4511/4511
f 4511/4511 4509/4509 4510/4510
f 4794/4794 4784/4784 4783/4783
f 4795/4795 4794/4794 4783/4783
f 4702/4702 4704/4704 4705/4705
f 4732/4732 4702/4702 4705/4705
f 4704/4704 4707/4707 4706/4706
f 4705/4705 4704/4704 4706/4706
f 4706/4706 4707/4707 4708/4708
f 4706/4706 4708/4708 4709/4709
f 4708/4708 4724/4724 4723/4723
f 4709/4709 4708/4708 4723/4723
f 3693/3693 3672/3672 3692/3692
f 4723/4723 4724/4724 4725/4725
f 3672/3672 3647/3647 3670/3670
f 3692/3692 3672/3672 3670/3670
f 3670/3670 3647/3647 3665/3665
f 3665/3665 3646/3646 3649/3649
f 3649/3649 3642/3642 3641/3641
f 3649/3649 3641/3641 3635/3635
f 3641/3641 3628/3628 3635/3635
f 3628/3628 3630/3630 3631/3631
f 3635/3635 3628/3628 3631/3631
f 3630/3630 3617/3617 3616/3616
f 3631/3631 3630/3630 3616/3616
f 3616/3616 3617/3617 3618/3618
f 3616/3616 3618/3618 3619/3619
f 3619/3619 3618/3618 3620/3620
f 3619/3619 3620/3620 3606/3606
f 3606/3606 3620/3620 3612/3612
f 3606/3606 3612/3612 3603/3603
f 3603/3603 3612/3612 3610/3610
f 3603/3603 3610/3610 3599/3599
f 3642/3642 3640/3640 3641/3641
f 3640/3640 3629/3629 3628/3628
f 3641/3641 3640/3640 3628/3628
f 3629/3629 3626/3626 3630/3630
f 3628/3628 3629/3629 3630/3630
f 3626/3626 3623/3623 3617/3617
f 3630/3630 3626/3626 3617/3617
f 3623/3623 3622/3622 3618/3618
f 3617/3617 3623/3623 3618/3618
f 3622/3622 3615/3615 3620/3620
f 3618/3618 3622/3622 3620/3620
f 3615/3615 3614/3614 3612/3612
f 3620/3620 3615/3615 3612/3612
f 3612/3612 3614/3614 3613/3613
f 3612/3612 3613/3613 3610/3610
f 3610/3610 3613/3613 3632/3632
f 3610/3610 3632/3632 3611/3611
f 3632/3632 3658/3658 3633/3633
f 3611/3611 3632/3632 3633/3633
f 3633/3633 3658/3658 3657/3657
f 3633/3633 3657/3657 3648/3648
f 3658/3658 3667/3667 3657/3657
f 3645/3645 3643/3643 3640/3640
f 3644/3644 3645/3645 3640/3640
f 3640/3640 3643/3643 3627/3627
f 3640/3640 3627/3627 3629/3629
f 3627/3627 3625/3625 3626/3626
f 3629/3629 3627/3627 3626/3626
f 3625/3625 3624/3624 3623/3623
f 3626/3626 3625/3625 3623/3623
f 3624/3624 3639/3639 3622/3622
f 3623/3623 3624/3624 3622/3622
f 3639/3639 3654/3654 3615/3615
f 3622/3622 3639/3639 3615/3615
f 3615/3615 3654/3654 3655/3655
f 3615/3615 3655/3655 3614/3614
f 3614/3614 3655/3655 3656/3656
f 3614/3614 3656/3656 3613/3613
f 3656/3656 3663/3663 3632/3632
f 3613/3613 3656/3656 3632/3632
f 3663/3663 3664/3664 3658/3658
f 3632/3632 3663/3663 3658/3658
f 3835/3835 3836/3836 3847/3847
f 3835/3835 3847/3847 3791/3791
f 3836/3836 3867/3867 3926/3926
f 3836/3836 3926/3926 3847/3847
f 3867/3867 3904/3904 3955/3955
f 3867/3867 3955/3955 3926/3926
f 2109/2109 2072/2072 2105/2105
f 2109/2109 2105/2105 2110/2110
f 2110/2110 2105/2105 2122/2122
f 3904/3904 4002/4002 3955/3955
f 2069/2069 2070/2070 2072/2072
f 2084/2084 2069/2069 2072/2072
f 2072/2072 2070/2070 2094/2094
f 2072/2072 2094/2094 2105/2105
f 2094/2094 2121/2121 2122/2122
f 2105/2105 2094/2094 2122/2122
f 4006/4006 4004/4004 4003/4003
f 2094/2094 2118/2118 2121/2121
f 2068/2068 2065/2065 2064/2064
f 2068/2068 2064/2064 2069/2069
f 2069/2069 2064/2064 2063/2063
f 2069/2069 2063/2063 2070/2070
f 2063/2063 2093/2093 2094/2094
f 2070/2070 2063/2063 2094/2094
f 2044/2044 2043/2043 2054/2054
f 2055/2055 2044/2044 2054/2054
f 2054/2054 2043/2043 2045/2045
f 2054/2054 2045/2045 2065/2065
f 2045/2045 2046/2046 2064/2064
f 2065/2065 2045/2045 2064/2064
f 2046/2046 2047/2047 2063/2063
f 2064/2064 2046/2046 2063/2063
f 2063/2063 2047/2047 2083/2083
f 2063/2063 2083/2083 2093/2093
f 2009/2009 2006/2006 2043/2043
f 2044/2044 2009/2009 2043/2043
f 2006/2006 2004/2004 2045/2045
f 2043/2043 2006/2006 2045/2045
f 2004/2004 2003/2003 2046/2046
f 2045/2045 2004/2004 2046/2046
f 2003/2003 2040/2040 2047/2047
f 2046/2046 2003/2003 2047/2047
f 2040/2040 2082/2082 2083/2083
f 2047/2047 2040/2040 2083/2083
f 1896/1896 2005/2005 2006/2006
f 2009/2009 1896/1896 2006/2006
f 2005/2005 2002/2002 2004/2004
f 2006/2006 2005/2005 2004/2004
f 2002/2002 1996/1996 2003/2003
f 2004/2004 2002/2002 2003/2003
f 2003/2003 1996/1996 1995/1995
f 2003/2003 1995/1995 2040/2040
f 2040/2040 1995/1995 2081/2081
f 2040/2040 2081/2081 2082/2082
f 1897/1897 2007/2007 2005/2005
f 1896/1896 1897/1897 2005/2005
f 2007/2007 2001/2001 2002/2002
f 2005/2005 2007/2007 2002/2002
f 2001/2001 1994/1994 1996/1996
f 2002/2002 2001/2001 1996/1996
f 1994/1994 1993/1993 1995/1995
f 1996/1996 1994/1994 1995/1995
f 1995/1995 1993/1993 2081/2081
f 2011/2011 1957/1957 1897/1897
f 1957/1957 2008/2008 2007/2007
f 1897/1897 1957/1957 2007/2007
f 2007/2007 2008/2008 2001/2001
f 1993/1993 2078/2078 2081/2081
f 2011/2011 2012/2012 1958/1958
f 2011/2011 1958/1958 1957/1957
f 1957/1957 1958/1958 1959/1959
f 1957/1957 1959/1959 2008/2008
f 2008/2008 1959/1959 2000/2000
f 2008/2008 2000/2000 2001/2001
f 2001/2001 2000/2000 1991/1991
f 2001/2001 1991/1991 1994/1994
f 1991/1991 1992/1992 1993/1993
f 1994/1994 1991/1991 1993/1993
f 1992/1992 2077/2077 2078/2078
f 1993/1993 1992/1992 2078/2078
f 2078/2078 2077/2077 2114/2114
f 2012/2012 2018/2018 1955/1955
f 2012/2012 1955/1955 1958/1958
f 1959/1959 1999/1999 2000/2000
f 2000/2000 1999/1999 1989/1989
f 2000/2000 1989/1989 1991/1991
f 1991/1991 1989/1989 1990/1990
f 1991/1991 1990/1990 1992/1992
f 1992/1992 1990/1990 2074/2074
f 1992/1992 2074/2074 2077/2077
f 2074/2074 2123/2123 2114/2114
f 2077/2077 2074/2074 2114/2114
f 2017/2017 2016/2016 2018/2018
f 2016/2016 1954/1954 1955/1955
f 2018/2018 2016/2016 1955/1955
f 1955/1955 1954/1954 1956/1956
f 1955/1955 1956/1956 1958/1958
f 1958/1958 1956/1956 1960/1960
f 1958/1958 1960/1960 1959/1959
f 1959/1959 1960/1960 1999/1999
f 1989/1989 1988/1988 1990/1990
f 1990/1990 1988/1988 2071/2071
f 1990/1990 2071/2071 2074/2074
f 2074/2074 2071/2071 2123/2123
f 2015/2015 1953/1953 2016/2016
f 2017/2017 2015/2015 2016/2016
f 1953/1953 1952/1952 1954/1954
f 2016/2016 1953/1953 1954/1954
f 1954/1954 1952/1952 1961/1961
f 1954/1954 1961/1961 1956/1956
f 1956/1956 1961/1961 1960/1960
f 1960/1960 1998/1998 1999/1999
f 1999/1999 1998/1998 1986/1986
f 1999/1999 1986/1986 1989/1989
f 1986/1986 1987/1987 1988/1988
f 1989/1989 1986/1986 1988/1988
f 1988/1988 1987/1987 2067/2067
f 1988/1988 2067/2067 2071/2071
f 2067/2067 2126/2126 2123/2123
f 2071/2071 2067/2067 2123/2123
f 2015/2015 2014/2014 1951/1951
f 2015/2015 1951/1951 1953/1953
f 1953/1953 1951/1951 1952/1952
f 1986/1986 1985/1985 1987/1987
f 1987/1987 1985/1985 2067/2067
f 2019/2019 2013/2013 2014/2014
f 2013/2013 1949/1949 1951/1951
f 2014/2014 2013/2013 1951/1951
f 1951/1951 1949/1949 1950/1950
f 1951/1951 1950/1950 1952/1952
f 1952/1952 1950/1950 1962/1962
f 1952/1952 1962/1962 1961/1961
f 1961/1961 1962/1962 1960/1960
f 1960/1960 1962/1962 1997/1997
f 1960/1960 1997/1997 1998/1998
f 1997/1997 1984/1984 1986/1986
f 1998/1998 1997/1997 1986/1986
f 1984/1984 1983/1983 1985/1985
f 1986/1986 1984/1984 1985/1985
f 1985/1985 1983/1983 2050/2050
f 1985/1985 2050/2050 2067/2067
f 2050/2050 2125/2125 2126/2126
f 2067/2067 2050/2050 2126/2126
f 1901/1901 2020/2020 2019/2019
f 2019/2019 2020/2020 1931/1931
f 2019/2019 1931/1931 2013/2013
f 2013/2013 1931/1931 1949/1949
f 1950/1950 1963/1963 1962/1962
f 1963/1963 1964/1964 1962/1962
f 1964/1964 1966/1966 1997/1997
f 1962/1962 1964/1964 1997/1997
f 1966/1966 1982/1982 1984/1984
f 1997/1997 1966/1966 1984/1984
f 1984/1984 1982/1982 1983/1983
f 1899/1899 1900/1900 1901/1901
f 1901/1901 1900/1900 1930/1930
f 1901/1901 1930/1930 2020/2020
f 1930/1930 1932/1932 1931/1931
f 2020/2020 1930/1930 1931/1931
f 1931/1931 1932/1932 1933/1933
f 1931/1931 1933/1933 1949/1949
f 1949/1949 1933/1933 1948/1948
f 1949/1949 1948/1948 1950/1950
f 1950/1950 1948/1948 1963/1963
f 1963/1963 1948/1948 1964/1964
f 1982/1982 1981/1981 1983/1983
f 1983/1983 1981/1981 2049/2049
f 1983/1983 2049/2049 2050/2050
f 2049/2049 2124/2124 2125/2125
f 2050/2050 2049/2049 2125/2125
f 2035/2035 2033/2033 1899/1899
f 2033/2033 1929/1929 1900/1900
f 1899/1899 2033/2033 1900/1900
f 1900/1900 1929/1929 1930/1930
f 1933/1933 1935/1935 1948/1948
f 1935/1935 1947/1947 1948/1948
f 1947/1947 1965/1965 1964/1964
f 1948/1948 1947/1947 1964/1964
f 1965/1965 1967/1967 1966/1966
f 1964/1964 1965/1965 1966/1966
f 1967/1967 1980/1980 1982/1982
f 1966/1966 1967/1967 1982/1982
f 1982/1982 1980/1980 1981/1981
f 2034/2034 2033/2033 2035/2035
f 1906/1906 1908/1908 1929/1929
f 2033/2033 1906/1906 1929/1929
f 1929/1929 1908/1908 1928/1928
f 1929/1929 1928/1928 1930/1930
f 1930/1930 1928/1928 1938/1938
f 1930/1930 1938/1938 1932/1932
f 1932/1932 1938/1938 1934/1934
f 1932/1932 1934/1934 1933/1933
f 1933/1933 1934/1934 1935/1935
f 1935/1935 1937/1937 1947/1947
f 1947/1947 1937/1937 1965/1965
f 1980/1980 1979/1979 1981/1981
f 1979/1979 2053/2053 2049/2049
f 1981/1981 1979/1979 2049/2049
f 2049/2049 2053/2053 2124/2124
f 1902/1902 1904/1904 2033/2033
f 2034/2034 1902/1902 2033/2033
f 2033/2033 1904/1904 1906/1906
f 1938/1938 1939/1939 1934/1934
f 1934/1934 1939/1939 1936/1936
f 1934/1934 1936/1936 1935/1935
f 1935/1935 1936/1936 1937/1937
f 1937/1937 1968/1968 1965/1965
f 1968/1968 1969/1969 1967/1967
f 1965/1965 1968/1968 1967/1967
f 1967/1967 1969/1969 1977/1977
f 1967/1967 1977/1977 1980/1980
f 1977/1977 1978/1978 1979/1979
f 1980/1980 1977/1977 1979/1979
f 1979/1979 1978/1978 2053/2053
f 2053/2053 2128/2128 2124/2124
f 1902/1902 1903/1903 1904/1904
f 1904/1904 1907/1907 1906/1906
f 1906/1906 1907/1907 1908/1908
f 1908/1908 1907/1907 1909/1909
f 1908/1908 1909/1909 1928/1928
f 1909/1909 1940/1940 1938/1938
f 1928/1928 1909/1909 1938/1938
f 1938/1938 1940/1940 1939/1939
f 1936/1936 1946/1946 1937/1937
f 1937/1937 1946/1946 1968/1968
f 1978/1978 2052/2052 2053/2053
f 2053/2053 2052/2052 2128/2128
f 1903/1903 1905/1905 1904/1904
f 1904/1904 1905/1905 1910/1910
f 1904/1904 1910/1910 1907/1907
f 1907/1907 1910/1910 1927/1927
f 1907/1907 1927/1927 1909/1909
f 1909/1909 1927/1927 1940/1940
f 1940/1940 1941/1941 1939/1939
f 1941/1941 1943/1943 1936/1936
f 1939/1939 1941/1941 1936/1936
f 1936/1936 1943/1943 1946/1946
f 1946/1946 1970/1970 1968/1968
f 1968/1968 1970/1970 1969/1969
f 1969/1969 1970/1970 1974/1974
f 1969/1969 1974/1974 1977/1977
f 1977/1977 1974/1974 1976/1976
f 1977/1977 1976/1976 1978/1978
f 1978/1978 1976/1976 2052/2052
f 2052/2052 2129/2129 2128/2128
f 1905/1905 1912/1912 1911/1911
f 1905/1905 1911/1911 1910/1910
f 1910/1910 1911/1911 1927/1927
f 1927/1927 1926/1926 1940/1940
f 1926/1926 1942/1942 1941/1941
f 1940/1940 1926/1926 1941/1941
f 1941/1941 1942/1942 1943/1943
f 1943/1943 1945/1945 1946/1946
f 1946/1946 1945/1945 1970/1970
f 1945/1945 1971/1971 1970/1970
f 1971/1971 1973/1973 1974/1974
f 1970/1970 1971/1971 1974/1974
f 1974/1974 1973/1973 1975/1975
f 1974/1974 1975/1975 1976/1976
f 1976/1976 1975/1975 2051/2051
f 1976/1976 2051/2051 2052/2052
f 2052/2052 2051/2051 2130/2130
f 2052/2052 2130/2130 2129/2129
f 1912/1912 1914/1914 1913/1913
f 1913/1913 1919/1919 1911/1911
f 1912/1912 1913/1913 1911/1911
f 1911/1911 1919/1919 1924/1924
f 1911/1911 1924/1924 1927/1927
f 1927/1927 1924/1924 1926/1926
f 1942/1942 1944/1944 1943/1943
f 1944/1944 2024/2024 1945/1945
f 1943/1943 1944/1944 1945/1945
f 2024/2024 1972/1972 1971/1971
f 1945/1945 2024/2024 1971/1971
f 1972/1972 2026/2026 1973/1973
f 1971/1971 1972/1972 1973/1973
f 1973/1973 2026/2026 2027/2027
f 1973/1973 2027/2027 1975/1975
f 2027/2027 2057/2057 2051/2051
f 1975/1975 2027/2027 2051/2051
f 2057/2057 2131/2131 2130/2130
f 2051/2051 2057/2057 2130/2130
f 1914/1914 1917/1917 1915/1915
f 1914/1914 1915/1915 1913/1913
f 1913/1913 1915/1915 1916/1916
f 1913/1913 1916/1916 1919/1919
f 1916/1916 1920/1920 1924/1924
f 1919/1919 1916/1916 1924/1924
f 1924/1924 1920/1920 1925/1925
f 1924/1924 1925/1925 1926/1926
f 1926/1926 1925/1925 2021/2021
f 1926/1926 2021/2021 1942/1942
f 2021/2021 2022/2022 1944/1944
f 1942/1942 2021/2021 1944/1944
f 1944/1944 2022/2022 2023/2023
f 1944/1944 2023/2023 2024/2024
f 2024/2024 2023/2023 2025/2025
f 2024/2024 2025/2025 1972/1972
f 1972/1972 2025/2025 2026/2026
f 2026/2026 2025/2025 2028/2028
f 2026/2026 2028/2028 2027/2027
f 2028/2028 2056/2056 2057/2057
f 2027/2027 2028/2028 2057/2057
f 2057/2057 2127/2127 2131/2131
f 1917/1917 1918/1918 1915/1915
f 1915/1915 1923/1923 1916/1916
f 1916/1916 1922/1922 1920/1920
f 1920/1920 1921/1921 1925/1925
f 1925/1925 1921/1921 2021/2021
f 2021/2021 2032/2032 2022/2022
f 2022/2022 2031/2031 2023/2023
f 2023/2023 2029/2029 2025/2025
f 2025/2025 2030/2030 2028/2028
f 4625/4625 4624/4624 4619/4619
f 4625/4625 4619/4619 4631/4631
f 4625/4625 4626/4626 4624/4624
f 4619/4619 4618/4618 4617/4617
f 4631/4631 4619/4619 4617/4617
f 4735/4735 4779/4779 4738/4738
f 4733/4733 4735/4735 4738/4738
f 4779/4779 4758/4758 4722/4722
f 4738/4738 4779/4779 4722/4722
f 4653/4653 4649/4649 4650/4650
f 4654/4654 4653/4653 4650/4650
f 4654/4654 4671/4671 4655/4655
f 4654/4654 4655/4655 4653/4653
f 4649/4649 4638/4638 4629/4629
f 4650/4650 4649/4649 4629/4629
f 4629/4629 4638/4638 4637/4637
f 4629/4629 4637/4637 4627/4627
f 4614/4614 4648/4648 4630/4630
f 4614/4614 4630/4630 4613/4613
f 4831/4831 4832/4832 4833/4833
f 4613/4613 4630/4630 4679/4679
f 4635/4635 4634/4634 4633/4633
f 4679/4679 4635/4635 4633/4633
f 4633/4633 4634/4634 4632/4632
f 4632/4632 4634/4634 4647/4647
f 4632/4632 4647/4647 4757/4757
f 4815/4815 4811/4811 4816/4816
f 4817/4817 4815/4815 4816/4816
f 4673/4673 4674/4674 4609/4609
f 4609/4609 4674/4674 4776/4776
f 4609/4609 4776/4776 4672/4672
f 4809/4809 4808/4808 4810/4810
f 4672/4672 4776/4776 4790/4790
f 4513/4513 4512/4512 4558/4558
f 4790/4790 4513/4513 4558/4558
f 4802/4802 4803/4803 4804/4804
f 4805/4805 4802/4802 4804/4804
f 4545/4545 4491/4491 4495/4495
f 4515/4515 4545/4545 4495/4495
f 4491/4491 4493/4493 4494/4494
f 4495/4495 4491/4491 4494/4494
f 4494/4494 4493/4493 4532/4532
f 4494/4494 4532/4532 4498/4498
f 4532/4532 4520/4520 4500/4500
f 4498/4498 4532/4532 4500/4500
f 4520/4520 4531/4531 4519/4519
f 4500/4500 4520/4520 4519/4519
f 4531/4531 4788/4788 4792/4792
f 4519/4519 4531/4531 4792/4792
f 4788/4788 4556/4556 4791/4791
f 4792/4792 4788/4788 4791/4791
f 4556/4556 4535/4535 4537/4537
f 4791/4791 4556/4556 4537/4537
f 4535/4535 4534/4534 4536/4536
f 4537/4537 4535/4535 4536/4536
f 4536/4536 4534/4534 4555/4555
f 4536/4536 4555/4555 4554/4554
f 4554/4554 4555/4555 4793/4793
f 4554/4554 4793/4793 4759/4759
f 4759/4759 4793/4793 4794/4794
f 4759/4759 4794/4794 4598/4598
f 4867/4867 4868/4868 4869/4869
f 4867/4867 4869/4869 4870/4870
f 3767/3767 3762/3762 3765/3765
f 3770/3770 3767/3767 3765/3765
f 4705/4705 4710/4710 4758/4758
f 4779/4779 4705/4705 4758/4758
f 4853/4853 4851/4851 4850/4850
f 4854/4854 4853/4853 4850/4850
f 4850/4850 4851/4851 4852/4852
f 4716/4716 4753/4753 4721/4721
f 4855/4855 4856/4856 4857/4857
f 4855/4855 4857/4857 4858/4858
f 4736/4736 4726/4726 4727/4727
f 4736/4736 4727/4727 4777/4777
f 4727/4727 4729/4729 4740/4740
f 4777/4777 4727/4727 4740/4740
f 4860/4860 4862/4862 4861/4861
f 4859/4859 4860/4860 4861/4861
f 4697/4697 4741/4741 4694/4694
f 4741/4741 4761/4761 4692/4692
f 4694/4694 4741/4741 4692/4692
f 4761/4761 4690/4690 4689/4689
f 4692/4692 4761/4761 4689/4689
f 3668/3668 3621/3621 3691/3691
f 4689/4689 4690/4690 4687/4687
f 3621/3621 3607/3607 3690/3690
f 3691/3691 3621/3621 3690/3690
f 3607/3607 3605/3605 3686/3686
f 3690/3690 3607/3607 3686/3686
f 3605/3605 3604/3604 3674/3674
f 3686/3686 3605/3605 3674/3674
f 3674/3674 3604/3604 3602/3602
f 3674/3674 3602/3602 3673/3673
f 3673/3673 3602/3602 3601/3601
f 3673/3673 3601/3601 3678/3678
f 3678/3678 3601/3601 3609/3609
f 3678/3678 3609/3609 3679/3679
f 3609/3609 3636/3636 3675/3675
f 3679/3679 3609/3609 3675/3675
f 3675/3675 3636/3636 3650/3650
f 3675/3675 3650/3650 3676/3676
f 3676/3676 3650/3650 3651/3651
f 3676/3676 3651/3651 3677/3677
f 3651/3651 3659/3659 3671/3671
f 3677/3677 3651/3651 3671/3671
f 3659/3659 3662/3662 3666/3666
f 3671/3671 3659/3659 3666/3666
f 3662/3662 3683/3683 3682/3682
f 3666/3666 3662/3662 3682/3682
f 3682/3682 3683/3683 3684/3684
f 3682/3682 3684/3684 3685/3685
f 3684/3684 3701/3701 3700/3700
f 3685/3685 3684/3684 3700/3700
f 4545/4545 4507/4507 4492/4492
f 4545/4545 4492/4492 4491/4491
f 4491/4491 4492/4492 4493/4493
f 4493/4493 4492/4492 4502/4502
f 4493/4493 4502/4502 4532/4532
f 4532/4532 4502/4502 4521/4521
f 4801/4801 4799/4799 4798/4798
f 4521/4521 4523/4523 4531/4531
f 4798/4798 4799/4799 4800/4800
f 4531/4531 4523/4523 4525/4525
f 4531/4531 4525/4525 4788/4788
f 4525/4525 4527/4527 4556/4556
f 4788/4788 4525/4525 4556/4556
f 4556/4556 4527/4527 4529/4529
f 4556/4556 4529/4529 4535/4535
f 4529/4529 4533/4533 4534/4534
f 4535/4535 4529/4529 4534/4534
f 4533/4533 4762/4762 4555/4555
f 4534/4534 4533/4533 4555/4555
f 4762/4762 4782/4782 4793/4793
f 4555/4555 4762/4762 4793/4793
f 4782/4782 4784/4784 4794/4794
f 4793/4793 4782/4782 4794/4794
f 3764/3764 3763/3763 3761/3761
f 3762/3762 3764/3764 3761/3761
f 3599/3599 3600/3600 3601/3601
f 3602/3602 3599/3599 3601/3601
f 3601/3601 3600/3600 3608/3608
f 3601/3601 3608/3608 3609/3609
f 3609/3609 3608/3608 3634/3634
f 3609/3609 3634/3634 3636/3636
f 3636/3636 3634/3634 3637/3637
f 3636/3636 3637/3637 3650/3650
f 3650/3650 3637/3637 3651/3651
f 3900/3900 3925/3925 3763/3763
f 3764/3764 3900/3900 3763/3763
f 3899/3899 3830/3830 3925/3925
f 3900/3900 3899/3899 3925/3925
f 4006/4006 4001/4001 4004/4004
f 4007/4007 4000/4000 4001/4001
f 4006/4006 4007/4007 4001/4001
f 4008/4008 3999/3999 4000/4000
f 4007/4007 4008/4008 4000/4000
f 4009/4009 3998/3998 3999/3999
f 4008/4008 4009/4009 3999/3999
f 3995/3995 3997/3997 3998/3998
f 4009/4009 3995/3995 3998/3998
f 3995/3995 3994/3994 3997/3997
f 4496/4496 4497/4497 4606/4606
f 4559/4559 4542/4542 4543/4543
f 4542/4542 4538/4538 4543/4543
f 4538/4538 4539/4539 4544/4544
f 4543/4543 4538/4538 4544/4544
f 4539/4539 4540/4540 4541/4541
f 4544/4544 4539/4539 4541/4541
f 4541/4541 4540/4540 4557/4557
f 4541/4541 4557/4557 4763/4763
f 4841/4841 4838/4838 4840/4840
f 4763/4763 4595/4595 4678/4678
f 4714/4714 4715/4715 4713/4713
f 4713/4713 4715/4715 4717/4717
f 4718/4718 4717/4717 4719/4719
f 4846/4846 4848/4848 4847/4847
f 4698/4698 4695/4695 4699/4699
f 4695/4695 4693/4693 4696/4696
f 4756/4756 4661/4661 4658/4658
f 4666/4666 4658/4658 4657/4657
f 4675/4675 4657/4657 4655/4655
f 4560/4560 4585/4585 4563/4563
f 4585/4585 4755/4755 4563/4563
f 4563/4563 4755/4755 4566/4566
f 4755/4755 4796/4796 4570/4570
f 4566/4566 4755/4755 4570/4570
f 4825/4825 4826/4826 4827/4827
f 4825/4825 4827/4827 4830/4830
f 4587/4587 4588/4588 4586/4586
f 4579/4579 4587/4587 4586/4586
f 4588/4588 4594/4594 4600/4600
f 4586/4586 4588/4588 4600/4600
f 4600/4600 4594/4594 4768/4768
f 4576/4576 4577/4577 4575/4575
f 4573/4573 4576/4576 4575/4575
f 4577/4577 4760/4760 4580/4580
f 4575/4575 4577/4577 4580/4580
f 4581/4581 4562/4562 4565/4565
f 4864/4864 4866/4866 4865/4865
f 4863/4863 4864/4864 4865/4865
f 4578/4578 4584/4584 4568/4568
f 4578/4578 4568/4568 4572/4572
f 4568/4568 4571/4571 4572/4572
f 4571/4571 4574/4574 4583/4583
f 4572/4572 4571/4571 4583/4583
f 4574/4574 4582/4582 4778/4778
f 4583/4583 4574/4574 4778/4778
f 4751/4751 4750/4750 4747/4747
f 4744/4744 4751/4751 4747/4747
f 4921/4921 4922/4922 4920/4920
f 4918/4918 4921/4921 4920/4920
f 4956/4956 4958/4958 4957/4957
f 4952/4952 4948/4948 4927/4927
f 4904/4904 4952/4952 4927/4927
f 4927/4927 4948/4948 4910/4910
f 4927/4927 4910/4910 4907/4907
f 4907/4907 4910/4910 4909/4909
f 4907/4907 4909/4909 4908/4908
f 4909/4909 4913/4913 4917/4917
f 4908/4908 4909/4909 4917/4917
f 4913/4913 4919/4919 4955/4955
f 4917/4917 4913/4913 4955/4955
f 4923/4923 4926/4926 4953/4953
f 4924/4924 4923/4923 4953/4953
f 1365/1365 1351/1351 1363/1363
f 1380/1380 1365/1365 1363/1363
f 1363/1363 1351/1351 1344/1344
f 1363/1363 1344/1344 1322/1322
f 1322/1322 1344/1344 1342/1342
f 1322/1322 1342/1342 1323/1323
f 1406/1406 1401/1401 1402/1402
f 1401/1401 1398/1398 1399/1399
f 1402/1402 1401/1401 1399/1399
f 1398/1398 1395/1395 1396/1396
f 1399/1399 1398/1398 1396/1396
f 1395/1395 1389/1389 1392/1392
f 1396/1396 1395/1395 1392/1392
f 1389/1389 1369/1369 1375/1375
f 1392/1392 1389/1389 1375/1375
f 1369/1369 1367/1367 1368/1368
f 1375/1375 1369/1369 1368/1368
f 1367/1367 1364/1364 1366/1366
f 1368/1368 1367/1367 1366/1366
f 1342/1342 1341/1341 1339/1339
f 1323/1323 1342/1342 1339/1339
f 1339/1339 1341/1341 1340/1340
f 1339/1339 1340/1340 1334/1334
f 1334/1334 1340/1340 1345/1345
f 1334/1334 1345/1345 1335/1335
f 1335/1335 1345/1345 1346/1346
f 1335/1335 1346/1346 1336/1336
f 1336/1336 1346/1346 1348/1348
f 1336/1336 1348/1348 1319/1319
f 1319/1319 1348/1348 1311/1311
f 2287/2287 2288/2288 2285/2285
f 2278/2278 2287/2287 2285/2285
f 2288/2288 2290/2290 2289/2289
f 2285/2285 2288/2288 2289/2289
f 3502/3502 3254/3254 3445/3445
f 1311/1311 1348/1348 1314/1314
f 3445/3445 3254/3254 3338/3338
f 3445/3445 3338/3338 3446/3446
f 3446/3446 3338/3338 3372/3372
f 3446/3446 3372/3372 3447/3447
f 1301/1301 1352/1352 1300/1300
f 2273/2273 2275/2275 2269/2269
f 2263/2263 2273/2273 2269/2269
f 2275/2275 2276/2276 2277/2277
f 2269/2269 2275/2275 2277/2277
f 3372/3372 3283/3283 3373/3373
f 1300/1300 1352/1352 1306/1306
f 3373/3373 3283/3283 3354/3354
f 3373/3373 3354/3354 3443/3443
f 3443/3443 3354/3354 3355/3355
f 1305/1305 1355/1355 1307/1307
f 2249/2249 2254/2254 2258/2258
f 2253/2253 2249/2249 2258/2258
f 3355/3355 3297/3297 3399/3399
f 1307/1307 1355/1355 1328/1328
f 3399/3399 3297/3297 3342/3342
f 3399/3399 3342/3342 3468/3468
f 2234/2234 2242/2242 2239/2239
f 2233/2233 2234/2234 2239/2239
f 2242/2242 2245/2245 2248/2248
f 2239/2239 2242/2242 2248/2248
f 3468/3468 3342/3342 3467/3467
f 3467/3467 3342/3342 3343/3343
f 3467/3467 3343/3343 3466/3466
f 3466/3466 3343/3343 3380/3380
f 1330/1330 1331/1331 1309/1309
f 2229/2229 2231/2231 2228/2228
f 2221/2221 2229/2229 2228/2228
f 3380/3380 3273/3273 3398/3398
f 1309/1309 1331/1331 1310/1310
f 3398/3398 3273/3273 3353/3353
f 1310/1310 1359/1359 1315/1315
f 2215/2215 2230/2230 2222/2222
f 2214/2214 2215/2215 2222/2222
f 3353/3353 3351/3351 3520/3520
f 1315/1315 1359/1359 1338/1338
f 3520/3520 3351/3351 3352/3352
f 3520/3520 3352/3352 3521/3521
f 2192/2192 2217/2217 2209/2209
f 2190/2190 2192/2192 2209/2209
f 3352/3352 3272/3272 3394/3394
f 3521/3521 3352/3352 3394/3394
f 3394/3394 3272/3272 3390/3390
f 3394/3394 3390/3390 3393/3393
f 3390/3390 3281/3281 3392/3392
f 3393/3393 3390/3390 3392/3392
f 3392/3392 3281/3281 3282/3282
f 3392/3392 3282/3282 3391/3391
f 2203/2203 2255/2255 2179/2179
f 2170/2170 2203/2203 2179/2179
f 3282/3282 3268/3268 3370/3370
f 3391/3391 3282/3282 3370/3370
f 3370/3370 3268/3268 3278/3278
f 3370/3370 3278/3278 3434/3434
f 2167/2167 2304/2304 2205/2205
f 3278/3278 3277/3277 3433/3433
f 3434/3434 3278/3278 3433/3433
f 3433/3433 3277/3277 3349/3349
f 3433/3433 3349/3349 3437/3437
f 2175/2175 2236/2236 2162/2162
f 2160/2160 2175/2175 2162/2162
f 2205/2205 2304/2304 2303/2303
f 2205/2205 2303/2303 2284/2284
f 2284/2284 2309/2309 2308/2308
f 2284/2284 2308/2308 2302/2302
f 3349/3349 3348/3348 3438/3438
f 3437/3437 3349/3349 3438/3438
f 3438/3438 3348/3348 3461/3461
f 3438/3438 3461/3461 3462/3462
f 2236/2236 2237/2237 2283/2283
f 2162/2162 2236/2236 2283/2283
f 3461/3461 3400/3400 3463/3463
f 3462/3462 3461/3461 3463/3463
f 2195/2195 2259/2259 2146/2146
f 2186/2186 2195/2195 2146/2146
f 2283/2283 2237/2237 2147/2147
f 2283/2283 2147/2147 2318/2318
f 2318/2318 2343/2343 2317/2317
f 2318/2318 2317/2317 2283/2283
f 3400/3400 3371/3371 3464/3464
f 3463/3463 3400/3400 3464/3464
f 3464/3464 3371/3371 3465/3465
f 2146/2146 2259/2259 2319/2319
f 3371/3371 3296/3296 3414/3414
f 3465/3465 3371/3371 3414/3414
f 3414/3414 3296/3296 3395/3395
f 3414/3414 3395/3395 3551/3551
f 3395/3395 3358/3358 3444/3444
f 3551/3551 3395/3395 3444/3444
f 2324/2324 2340/2340 2339/2339
f 3358/3358 3295/3295 3359/3359
f 3444/3444 3358/3358 3359/3359
f 3295/3295 3294/3294 3347/3347
f 3359/3359 3295/3295 3347/3347
f 3347/3347 3294/3294 3345/3345
f 3347/3347 3345/3345 3478/3478
f 3345/3345 3344/3344 3403/3403
f 3478/3478 3345/3345 3403/3403
f 3344/3344 3219/3219 3346/3346
f 3403/3403 3344/3344 3346/3346
f 2332/2332 2348/2348 2347/2347
f 3219/3219 3205/3205 3327/3327
f 3346/3346 3219/3219 3327/3327
f 3327/3327 3205/3205 3326/3326
f 3327/3327 3326/3326 3402/3402
f 3326/3326 3279/3279 3401/3401
f 3402/3402 3326/3326 3401/3401
f 3279/3279 3261/3261 3361/3361
f 3401/3401 3279/3279 3361/3361
f 3361/3361 3261/3261 3260/3260
f 3361/3361 3260/3260 3382/3382
f 3260/3260 3259/3259 3383/3383
f 3382/3382 3260/3260 3383/3383
f 3259/3259 3262/3262 3384/3384
f 3383/3383 3259/3259 3384/3384
f 3384/3384 3262/3262 3257/3257
f 3384/3384 3257/3257 3385/3385
f 3385/3385 3257/3257 3258/3258
f 3385/3385 3258/3258 3411/3411
f 3411/3411 3258/3258 3285/3285
f 3411/3411 3285/3285 3439/3439
f 3439/3439 3285/3285 3286/3286
f 3439/3439 3286/3286 3440/3440
f 3440/3440 3286/3286 3287/3287
f 3440/3440 3287/3287 3448/3448
f 3448/3448 3287/3287 3369/3369
f 3448/3448 3369/3369 3474/3474
f 3474/3474 3369/3369 3387/3387
f 3474/3474 3387/3387 3473/3473
f 3388/3388 3242/3242 3292/3292
f 3388/3388 3292/3292 3362/3362
f 3388/3388 3362/3362 3389/3389
f 3389/3389 3362/3362 3381/3381
f 3389/3389 3381/3381 3456/3456
f 3449/3449 3329/3329 3386/3386
f 3449/3449 3386/3386 3426/3426
f 3426/3426 3386/3386 3424/3424
f 3426/3426 3424/3424 3425/3425
f 3423/3423 3421/3421 3422/3422
f 3546/3546 3379/3379 3498/3498
f 3546/3546 3498/3498 3545/3545
f 3545/3545 3498/3498 3499/3499
f 3545/3545 3499/3499 3544/3544
f 3543/3543 3397/3397 3482/3482
f 3543/3543 3482/3482 3541/3541
f 3542/3542 3481/3481 3480/3480
f 3542/3542 3480/3480 3493/3493
f 3484/3484 3420/3420 3436/3436
f 3484/3484 3436/3436 3435/3435
f 3407/3407 3266/3266 3267/3267
f 3300/3300 3177/3177 3211/3211
f 3300/3300 3211/3211 3337/3337
f 3245/3245 3210/3210 3244/3244
f 3245/3245 3244/3244 3305/3305
f 3291/3291 3243/3243 3250/3250
f 3291/3291 3250/3250 3290/3290
f 3172/3172 3162/3162 3171/3171
f 3172/3172 3171/3171 3173/3173
f 1381/1381 1376/1376 1386/1386
f 1376/1376 1361/1361 1360/1360
f 1386/1386 1376/1376 1360/1360
f 1360/1360 1361/1361 1318/1318
f 1360/1360 1318/1318 1042/1042
f 1042/1042 1318/1318 1317/1317
f 1042/1042 1317/1317 1041/1041
f 1041/1041 1317/1317 1326/1326
f 1041/1041 1326/1326 1040/1040
f 1397/1397 1393/1393 1394/1394
f 4172/4172 4175/4175 4290/4290
f 1393/1393 1390/1390 1391/1391
f 1394/1394 1393/1393 1391/1391
f 1390/1390 1387/1387 1388/1388
f 1391/1391 1390/1390 1388/1388
f 1387/1387 1384/1384 1385/1385
f 1388/1388 1387/1387 1385/1385
f 1384/1384 1378/1378 1383/1383
f 1385/1385 1384/1384 1383/1383
f 1378/1378 1377/1377 1379/1379
f 1383/1383 1378/1378 1379/1379
f 1326/1326 1332/1332 1333/1333
f 1326/1326 1333/1333 1038/1038
f 1333/1333 1324/1324 1035/1035
f 1038/1038 1333/1333 1035/1035
f 1035/1035 1324/1324 1308/1308
f 1035/1035 1308/1308 988/988
f 988/988 1308/1308 1283/1283
f 988/988 1283/1283 980/980
f 980/980 1283/1283 1282/1282
f 980/980 1282/1282 965/965
f 2270/2270 2281/2281 2282/2282
f 2281/2281 2286/2286 2311/2311
f 2282/2282 2281/2281 2311/2311
f 4170/4170 4171/4171 4172/4172
f 4173/4173 4170/4170 4172/4172
f 1282/1282 1298/1298 986/986
f 965/965 1282/1282 986/986
f 986/986 1298/1298 1288/1288
f 986/986 1288/1288 1284/1284
f 986/986 1284/1284 987/987
f 987/987 1284/1284 1285/1285
f 987/987 1285/1285 1001/1001
f 2264/2264 2272/2272 2271/2271
f 2265/2265 2264/2264 2271/2271
f 1285/1285 1286/1286 1001/1001
f 1001/1001 1286/1286 1287/1287
f 1001/1001 1287/1287 1002/1002
f 1002/1002 1287/1287 1289/1289
f 1002/1002 1289/1289 1003/1003
f 2252/2252 2257/2257 2256/2256
f 2251/2251 2252/2252 2256/2256
f 2257/2257 2263/2263 2262/2262
f 2256/2256 2257/2257 2262/2262
f 1289/1289 1302/1302 1004/1004
f 1003/1003 1289/1289 1004/1004
f 1004/1004 1302/1302 1291/1291
f 1004/1004 1291/1291 1021/1021
f 2238/2238 2247/2247 2246/2246
f 2240/2240 2238/2238 2246/2246
f 1291/1291 1316/1316 1299/1299
f 1021/1021 1291/1291 1299/1299
f 1299/1299 1316/1316 1297/1297
f 1299/1299 1297/1297 1064/1064
f 1064/1064 1297/1297 1296/1296
f 1064/1064 1296/1296 1063/1063
f 2220/2220 2226/2226 2227/2227
f 2226/2226 2233/2233 2232/2232
f 2227/2227 2226/2226 2232/2232
f 1296/1296 1295/1295 1294/1294
f 1063/1063 1296/1296 1294/1294
f 1294/1294 1295/1295 1293/1293
f 1294/1294 1293/1293 1083/1083
f 2216/2216 2219/2219 2218/2218
f 1293/1293 1303/1303 1084/1084
f 1083/1083 1293/1293 1084/1084
f 1084/1084 1303/1303 1292/1292
f 1084/1084 1292/1292 1088/1088
f 1088/1088 1292/1292 1280/1280
f 1088/1088 1280/1280 1089/1089
f 2191/2191 2208/2208 2207/2207
f 2193/2193 2191/2191 2207/2207
f 1280/1280 1312/1312 1094/1094
f 1089/1089 1280/1280 1094/1094
f 1094/1094 1312/1312 1113/1113
f 1113/1113 1320/1320 1127/1127
f 2169/2169 2173/2173 2174/2174
f 2171/2171 2169/2169 2174/2174
f 1127/1127 1304/1304 1129/1129
f 2164/2164 2168/2168 2165/2165
f 2163/2163 2164/2164 2165/2165
f 1304/1304 1347/1347 1274/1274
f 1129/1129 1304/1304 1274/1274
f 1274/1274 1347/1347 1290/1290
f 1274/1274 1290/1290 1140/1140
f 2158/2158 2161/2161 2166/2166
f 2155/2155 2158/2158 2166/2166
f 1290/1290 1349/1349 1271/1271
f 1140/1140 1290/1290 1271/1271
f 1271/1271 1349/1349 1281/1281
f 1271/1271 1281/1281 1180/1180
f 4111/4111 4110/4110 4094/4094
f 1180/1180 1281/1281 1243/1243
f 4094/4094 4110/4110 4092/4092
f 4094/4094 4092/4092 4093/4093
f 2185/2185 2183/2183 2182/2182
f 2152/2152 2185/2185 2182/2182
f 4092/4092 4091/4091 4064/4064
f 4093/4093 4092/4092 4064/4064
f 4091/4091 4106/4106 4062/4062
f 4064/4064 4091/4091 4062/4062
f 4062/4062 4106/4106 4060/4060
f 4062/4062 4060/4060 4059/4059
f 4060/4060 4061/4061 4057/4057
f 4059/4059 4060/4060 4057/4057
f 3582/3582 2321/2321 3583/3583
f 3581/3581 3582/3582 3583/3583
f 4061/4061 4097/4097 4055/4055
f 4057/4057 4061/4061 4055/4055
f 4055/4055 4097/4097 4054/4054
f 4055/4055 4054/4054 4042/4042
f 4054/4054 4078/4078 4038/4038
f 4042/4042 4054/4054 4038/4038
f 4078/4078 4105/4105 4037/4037
f 4038/4038 4078/4078 4037/4037
f 3570/3570 3568/3568 3572/3572
f 3571/3571 3570/3570 3572/3572
f 4105/4105 4108/4108 4032/4032
f 4037/4037 4105/4105 4032/4032
f 4032/4032 4108/4108 4035/4035
f 4032/4032 4035/4035 4031/4031
f 4035/4035 4041/4041 4034/4034
f 4031/4031 4035/4035 4034/4034
f 4041/4041 4043/4043 4040/4040
f 4034/4034 4041/4041 4040/4040
f 4043/4043 4044/4044 4045/4045
f 4040/4040 4043/4043 4045/4045
f 4045/4045 4044/4044 4048/4048
f 4045/4045 4048/4048 4046/4046
f 4048/4048 4051/4051 4047/4047
f 4046/4046 4048/4048 4047/4047
f 4047/4047 4051/4051 4050/4050
f 4047/4047 4050/4050 4049/4049
f 4049/4049 4050/4050 4052/4052
f 4052/4052 4066/4066 4065/4065
f 4065/4065 4066/4066 4067/4067
f 4065/4065 4067/4067 4068/4068
f 4068/4068 4067/4067 4069/4069
f 4068/4068 4069/4069 4070/4070
f 4070/4070 4069/4069 4073/4073
f 4070/4070 4073/4073 4071/4071
f 4071/4071 4073/4073 4072/4072
f 4072/4072 4074/4074 4075/4075
f 4075/4075 4074/4074 4076/4076
f 4075/4075 4076/4076 4077/4077
f 4086/4086 4099/4099 4098/4098
f 4086/4086 4098/4098 4080/4080
f 4080/4080 4098/4098 4083/4083
f 4080/4080 4083/4083 4081/4081
f 4081/4081 4083/4083 4084/4084
f 4081/4081 4084/4084 4087/4087
f 3471/3471 3469/3469 3459/3459
f 3471/3471 3459/3459 3472/3472
f 3472/3472 3459/3459 3460/3460
f 3472/3472 3460/3460 3510/3510
f 3510/3510 3460/3460 3509/3509
f 3510/3510 3509/3509 3508/3508
f 3452/3452 3454/3454 3451/3451
f 3452/3452 3451/3451 3453/3453
f 3450/3450 3527/3527 3528/3528
f 3528/3528 3527/3527 3530/3530
f 3532/3532 3531/3531 3535/3535
f 3532/3532 3535/3535 3534/3534
f 3535/3535 3540/3540 3538/3538
f 3535/3535 3538/3538 3537/3537
f 3538/3538 3494/3494 3496/3496
f 3494/3494 3492/3492 3489/3489
f 3485/3485 3427/3427 3428/3428
f 3431/3431 3405/3405 3429/3429
f 3429/3429 3377/3377 3376/3376
f 3429/3429 3376/3376 3413/3413
f 3356/3356 3336/3336 3312/3312
f 3356/3356 3312/3312 3325/3325
f 3313/3313 3288/3288 3316/3316
f 3289/3289 3265/3265 3275/3275
f 3289/3289 3275/3275 3308/3308
f 3247/3247 3227/3227 3246/3246
f 3247/3247 3246/3246 3339/3339
f 4306/4306 4335/4335 4305/4305
f 4300/4300 4306/4306 4305/4305
f 4305/4305 4335/4335 4333/4333
f 4305/4305 4333/4333 4310/4310
f 4333/4333 4334/4334 4315/4315
f 4310/4310 4333/4333 4315/4315
f 4334/4334 4340/4340 4330/4330
f 4315/4315 4334/4334 4330/4330
f 917/917 1042/1042 1041/1041
f 917/917 1041/1041 913/913
f 913/913 1041/1041 1040/1040
f 913/913 1040/1040 915/915
f 1040/1040 1039/1039 922/922
f 915/915 1040/1040 922/922
f 4232/4232 4172/4172 4290/4290
f 4232/4232 4290/4290 4248/4248
f 4248/4248 4290/4290 4291/4291
f 4248/4248 4291/4291 4253/4253
f 4253/4253 4291/4291 4311/4311
f 4253/4253 4311/4311 4287/4287
f 4311/4311 4312/4312 4292/4292
f 4287/4287 4311/4311 4292/4292
f 4312/4312 4307/4307 4299/4299
f 4292/4292 4312/4312 4299/4299
f 922/922 1039/1039 1038/1038
f 922/922 1038/1038 924/924
f 1038/1038 1035/1035 929/929
f 924/924 1038/1038 929/929
f 929/929 1035/1035 988/988
f 929/929 988/988 936/936
f 936/936 988/988 980/980
f 936/936 980/980 947/947
f 980/980 965/965 952/952
f 947/947 980/980 952/952
f 952/952 965/965 964/964
f 952/952 964/964 962/962
f 4265/4265 4264/4264 4215/4215
f 4203/4203 4265/4265 4215/4215
f 4215/4215 4264/4264 4173/4173
f 4215/4215 4173/4173 4221/4221
f 4221/4221 4173/4173 4172/4172
f 4221/4221 4172/4172 4228/4228
f 962/962 964/964 986/986
f 962/962 986/986 959/959
f 986/986 987/987 972/972
f 959/959 986/986 972/972
f 987/987 1001/1001 978/978
f 972/972 987/987 978/978
f 4272/4272 4337/4337 4197/4197
f 4208/4208 4272/4272 4197/4197
f 4197/4197 4337/4337 4266/4266
f 4197/4197 4266/4266 4200/4200
f 978/978 1001/1001 979/979
f 979/979 1001/1001 1002/1002
f 979/979 1002/1002 982/982
f 1002/1002 1003/1003 991/991
f 982/982 1002/1002 991/991
f 4245/4245 4297/4297 4220/4220
f 4236/4236 4245/4245 4220/4220
f 4297/4297 4341/4341 4212/4212
f 4220/4220 4297/4297 4212/4212
f 991/991 1003/1003 1004/1004
f 991/991 1004/1004 994/994
f 994/994 1004/1004 1021/1021
f 994/994 1021/1021 1012/1012
f 1021/1021 1020/1020 1015/1015
f 1012/1012 1021/1021 1015/1015
f 4338/4338 4344/4344 4239/4239
f 4240/4240 4338/4338 4239/4239
f 1020/1020 1064/1064 1017/1017
f 1015/1015 1020/1020 1017/1017
f 1064/1064 1063/1063 1030/1030
f 1017/1017 1064/1064 1030/1030
f 1063/1063 1065/1065 1062/1062
f 1030/1030 1063/1063 1062/1062
f 4385/4385 4394/4394 4254/4254
f 4262/4262 4385/4385 4254/4254
f 1062/1062 1065/1065 1083/1083
f 1062/1062 1083/1083 1060/1060
f 1083/1083 1084/1084 1061/1061
f 1060/1060 1083/1083 1061/1061
f 2224/2224 2218/2218 2223/2223
f 1061/1061 1084/1084 1088/1088
f 1061/1061 1088/1088 1066/1066
f 1088/1088 1089/1089 1072/1072
f 1066/1066 1088/1088 1072/1072
f 2193/2193 2207/2207 2212/2212
f 2211/2211 2193/2193 2212/2212
f 1072/1072 1089/1089 1094/1094
f 1072/1072 1094/1094 1074/1074
f 1094/1094 1113/1113 1085/1085
f 1074/1074 1094/1094 1085/1085
f 2180/2180 2181/2181 2204/2204
f 2225/2225 2180/2180 2204/2204
f 1085/1085 1113/1113 1099/1099
f 1099/1099 1113/1113 1127/1127
f 1099/1099 1127/1127 1108/1108
f 2172/2172 2171/2171 2196/2196
f 2210/2210 2172/2172 2196/2196
f 1127/1127 1129/1129 1111/1111
f 1108/1108 1127/1127 1111/1111
f 1111/1111 1129/1129 1128/1128
f 1111/1111 1128/1128 1112/1112
f 2157/2157 2163/2163 2176/2176
f 1128/1128 1140/1140 1120/1120
f 1112/1112 1128/1128 1120/1120
f 1120/1120 1140/1140 1139/1139
f 1120/1120 1139/1139 1130/1130
f 1139/1139 1180/1180 1143/1143
f 1130/1130 1139/1139 1143/1143
f 2148/2148 2154/2154 2151/2151
f 2149/2149 2148/2148 2151/2151
f 1180/1180 1243/1243 1144/1144
f 1143/1143 1180/1180 1144/1144
f 1144/1144 1243/1243 1244/1244
f 1144/1144 1244/1244 1148/1148
f 2153/2153 2152/2152 2150/2150
f 4405/4405 4424/4424 4404/4404
f 1244/1244 1248/1248 1149/1149
f 1148/1148 1244/1244 1149/1149
f 1149/1149 1248/1248 1241/1241
f 1241/1241 1249/1249 1157/1157
f 1149/1149 1241/1241 1157/1157
f 1157/1157 1249/1249 1179/1179
f 1157/1157 1179/1179 1158/1158
f 1179/1179 1261/1261 1158/1158
f 3580/3580 3581/3581 3587/3587
f 3593/3593 3580/3580 3587/3587
f 1261/1261 1273/1273 1192/1192
f 1158/1158 1261/1261 1192/1192
f 1192/1192 1273/1273 1262/1262
f 4011/4011 4010/4010 3967/3967
f 1192/1192 1262/1262 1230/1230
f 4010/4010 4020/4020 3966/3966
f 3967/3967 4010/4010 3966/3966
f 3966/3966 4020/4020 3962/3962
f 3962/3962 4033/4033 3958/3958
f 3566/3566 3569/3569 3588/3588
f 4033/4033 4036/4036 3959/3959
f 3958/3958 4033/4033 3959/3959
f 4036/4036 4039/4039 4012/4012
f 3959/3959 4036/4036 4012/4012
f 4012/4012 4039/4039 4013/4013
f 4012/4012 4013/4013 3942/3942
f 4013/4013 4014/4014 3968/3968
f 3942/3942 4013/4013 3968/3968
f 4014/4014 4018/4018 3971/3971
f 3968/3968 4014/4014 3971/3971
f 3971/3971 4018/4018 4019/4019
f 3971/3971 4019/4019 4015/4015
f 4015/4015 4019/4019 4021/4021
f 4015/4015 4021/4021 4016/4016
f 4021/4021 4022/4022 4017/4017
f 4016/4016 4021/4021 4017/4017
f 4017/4017 4022/4022 4023/4023
f 4017/4017 4023/4023 4024/4024
f 4024/4024 4023/4023 4025/4025
f 4024/4024 4025/4025 4026/4026
f 4026/4026 4025/4025 4027/4027
f 4026/4026 4027/4027 4028/4028
f 4028/4028 4027/4027 4029/4029
f 4028/4028 4029/4029 3844/3844
f 4029/4029 4030/4030 3957/3957
f 3844/3844 4029/4029 3957/3957
f 3957/3957 4030/4030 4053/4053
f 3957/3957 4053/4053 3950/3950
f 3950/3950 4053/4053 4079/4079
f 3950/3950 4079/4079 3919/3919
f 4085/4085 4079/4079 4082/4082
f 4085/4085 4082/4082 3932/3932
f 3932/3932 4082/4082 4088/4088
f 3932/3932 4088/4088 3929/3929
f 3929/3929 4088/4088 4089/4089
f 3929/3929 4089/4089 3930/3930
f 3930/3930 4089/4089 3941/3941
f 3525/3525 3526/3526 3523/3523
f 3525/3525 3523/3523 3524/3524
f 3524/3524 3523/3523 3507/3507
f 3506/3506 3503/3503 3505/3505
f 1729/1729 1849/1849 1691/1691
f 1671/1671 1848/1848 1844/1844
f 1671/1671 1844/1844 1650/1650
f 1649/1649 1847/1847 1841/1841
f 1648/1648 1846/1846 1839/1839
f 1659/1659 1845/1845 1836/1836
f 1659/1659 1836/1836 1663/1663
f 1663/1663 1836/1836 1789/1789
f 1663/1663 1789/1789 1704/1704
f 1668/1668 1837/1837 1748/1748
f 1686/1686 1838/1838 1772/1772
f 1694/1694 1840/1840 1805/1805
f 1694/1694 1805/1805 1705/1705
f 1706/1706 1843/1843 1842/1842
f 1706/1706 1842/1842 1714/1714
f 3366/3366 3374/3374 3324/3324
f 3366/3366 3324/3324 3365/3365
f 3323/3323 3322/3322 3321/3321
f 3319/3319 3317/3317 3320/3320
f 3319/3319 3320/3320 3368/3368
f 1529/1529 1571/1571 1526/1526
f 1529/1529 1526/1526 1503/1503
f 4308/4308 4305/4305 4310/4310
f 4308/4308 4310/4310 4314/4314
f 4314/4314 4310/4310 4315/4315
f 4314/4314 4315/4315 4316/4316
f 4316/4316 4315/4315 4330/4330
f 917/917 913/913 912/912
f 913/913 915/915 910/910
f 912/912 913/913 910/910
f 915/915 922/922 919/919
f 910/910 915/915 919/919
f 4231/4231 4232/4232 4248/4248
f 4231/4231 4248/4248 4247/4247
f 4247/4247 4248/4248 4253/4253
f 4247/4247 4253/4253 4252/4252
f 4252/4252 4253/4253 4287/4287
f 4252/4252 4287/4287 4286/4286
f 4286/4286 4287/4287 4292/4292
f 4286/4286 4292/4292 4294/4294
f 4292/4292 4299/4299 4298/4298
f 4294/4294 4292/4292 4298/4298
f 4300/4300 4305/4305 4301/4301
f 4299/4299 4300/4300 4301/4301
f 4298/4298 4299/4299 4301/4301
f 919/919 922/922 924/924
f 919/919 924/924 920/920
f 920/920 924/924 929/929
f 920/920 929/929 928/928
f 929/929 936/936 933/933
f 928/928 929/929 933/933
f 936/936 947/947 946/946
f 933/933 936/936 946/946
f 947/947 952/952 950/950
f 946/946 947/947 950/950
f 4202/4202 4203/4203 4215/4215
f 4202/4202 4215/4215 4216/4216
f 4216/4216 4215/4215 4221/4221
f 4221/4221 4228/4228 4227/4227
f 958/958 952/952 962/962
f 958/958 962/962 959/959
f 950/950 952/952 958/958
f 959/959 972/972 971/971
f 972/972 978/978 973/973
f 971/971 972/972 973/973
f 4196/4196 4208/4208 4197/4197
f 4196/4196 4197/4197 4195/4195
f 4197/4197 4200/4200 4199/4199
f 4195/4195 4197/4197 4199/4199
f 973/973 978/978 979/979
f 973/973 979/979 976/976
f 979/979 982/982 983/983
f 976/976 979/979 983/983
f 982/982 991/991 989/989
f 983/983 982/982 989/989
f 4207/4207 4220/4220 4212/4212
f 4207/4207 4212/4212 4205/4205
f 989/989 991/991 994/994
f 994/994 1012/1012 1011/1011
f 1012/1012 1015/1015 1014/1014
f 1011/1011 1012/1012 1014/1014
f 4240/4240 4239/4239 4234/4234
f 4241/4241 4240/4240 4234/4234
f 4236/4236 4220/4220 4219/4219
f 4239/4239 4236/4236 4219/4219
f 4234/4234 4239/4239 4219/4219
f 4234/4234 4219/4219 4211/4211
f 1014/1014 1015/1015 1017/1017
f 1014/1014 1017/1017 1016/1016
f 1017/1017 1030/1030 1023/1023
f 1016/1016 1017/1017 1023/1023
f 4260/4260 4262/4262 4254/4254
f 4260/4260 4254/4254 4258/4258
f 1059/1059 1030/1030 1062/1062
f 1059/1059 1062/1062 1060/1060
f 1023/1023 1030/1030 1059/1059
f 1023/1023 1059/1059 1056/1056
f 1059/1059 1060/1060 1057/1057
f 1056/1056 1059/1059 1057/1057
f 1060/1060 1061/1061 1057/1057
f 4276/4276 4282/4282 4270/4270
f 4276/4276 4270/4270 4267/4267
f 1057/1057 1061/1061 1066/1066
f 1057/1057 1066/1066 1058/1058
f 1066/1066 1072/1072 1068/1068
f 1058/1058 1066/1066 1068/1068
f 4348/4348 4283/4283 4280/4280
f 4345/4345 4348/4348 4280/4280
f 1068/1068 1072/1072 1074/1074
f 1068/1068 1074/1074 1069/1069
f 1074/1074 1085/1085 1078/1078
f 1069/1069 1074/1074 1078/1078
f 4354/4354 4353/4353 4350/4350
f 4355/4355 4354/4354 4350/4350
f 1078/1078 1085/1085 1099/1099
f 1078/1078 1099/1099 1107/1107
f 1099/1099 1108/1108 1107/1107
f 4360/4360 4363/4363 4356/4356
f 4360/4360 4356/4356 4361/4361
f 1107/1107 1108/1108 1111/1111
f 1107/1107 1111/1111 1110/1110
f 1111/1111 1112/1112 1110/1110
f 4376/4376 4375/4375 4368/4368
f 1110/1110 1112/1112 1120/1120
f 1110/1110 1120/1120 1121/1121
f 1120/1120 1130/1130 1122/1122
f 1121/1121 1120/1120 1122/1122
f 1122/1122 1130/1130 1143/1143
f 1122/1122 1143/1143 1134/1134
f 4393/4393 4384/4384 4382/4382
f 4389/4389 4393/4393 4382/4382
f 1134/1134 1143/1143 1144/1144
f 1134/1134 1144/1144 1135/1135
f 1144/1144 1148/1148 1147/1147
f 1135/1135 1144/1144 1147/1147
f 4405/4405 4404/4404 4397/4397
f 4403/4403 4405/4405 4397/4397
f 1147/1147 1148/1148 1149/1149
f 1147/1147 1149/1149 1151/1151
f 1151/1151 1149/1149 1157/1157
f 1151/1151 1157/1157 1153/1153
f 1157/1157 1158/1158 1156/1156
f 1153/1153 1157/1157 1156/1156
f 4472/4472 4474/4474 4466/4466
f 4471/4471 4472/4472 4466/4466
f 1156/1156 1158/1158 1192/1192
f 1156/1156 1192/1192 1190/1190
f 1190/1190 1192/1192 1216/1216
f 1216/1216 1192/1192 1230/1230
f 1216/1216 1230/1230 1214/1214
f 3967/3967 3966/3966 3965/3965
f 1214/1214 1230/1230 1217/1217
f 3965/3965 3966/3966 3962/3962
f 3962/3962 3958/3958 3946/3946
f 3965/3965 3962/3962 3946/3946
f 4128/4128 4150/4150 4129/4129
f 3958/3958 3959/3959 3916/3916
f 3946/3946 3958/3958 3916/3916
f 3916/3916 3959/3959 3917/3917
f 3916/3916 3917/3917 3908/3908
f 3917/3917 3942/3942 3909/3909
f 3908/3908 3917/3917 3909/3909
f 3942/3942 3968/3968 3914/3914
f 3909/3909 3942/3942 3914/3914
f 3968/3968 3971/3971 3869/3869
f 3914/3914 3968/3968 3869/3869
f 3869/3869 3971/3971 3838/3838
f 3869/3869 3838/3838 3828/3828
f 3838/3838 3865/3865 3818/3818
f 3828/3828 3838/3838 3818/3818
f 3865/3865 3931/3931 3817/3817
f 3818/3818 3865/3865 3817/3817
f 3931/3931 3949/3949 3810/3810
f 3817/3817 3931/3931 3810/3810
f 3810/3810 3949/3949 3934/3934
f 3810/3810 3934/3934 3809/3809
f 3934/3934 3933/3933 3807/3807
f 3809/3809 3934/3934 3807/3807
f 3807/3807 3933/3933 3903/3903
f 3807/3807 3903/3903 3808/3808
f 3808/3808 3903/3903 3844/3844
f 3808/3808 3844/3844 3822/3822
f 3822/3822 3844/3844 3843/3843
f 3822/3822 3843/3843 3841/3841
f 3845/3845 3957/3957 3950/3950
f 3845/3845 3950/3950 3864/3864
f 3864/3864 3950/3950 3919/3919
f 3864/3864 3919/3919 3873/3873
f 3873/3873 3919/3919 3887/3887
f 3873/3873 3887/3887 3875/3875
f 3876/3876 3932/3932 3929/3929
f 3876/3876 3929/3929 3885/3885
f 3929/3929 3930/3930 3894/3894
f 3885/3885 3929/3929 3894/3894
f 3930/3930 3941/3941 3927/3927
f 3894/3894 3930/3930 3927/3927
f 1760/1760 1790/1790 1767/1767
f 1760/1760 1767/1767 1745/1745
f 1745/1745 1767/1767 1736/1736
f 1745/1745 1736/1736 1710/1710
f 1690/1690 1729/1729 1691/1691
f 1690/1690 1691/1691 1658/1658
f 1652/1652 1671/1671 1650/1650
f 1652/1652 1650/1650 1647/1647
f 1647/1647 1649/1649 1632/1632
f 1632/1632 1648/1648 1633/1633
f 1635/1635 1659/1659 1663/1663
f 1635/1635 1663/1663 1630/1630
f 1664/1664 1663/1663 1704/1704
f 1668/1668 1664/1664 1704/1704
f 1664/1664 1668/1668 1630/1630
f 1667/1667 1668/1668 1748/1748
f 1686/1686 1667/1667 1748/1748
f 1667/1667 1686/1686 1665/1665
f 1629/1629 1667/1667 1665/1665
f 1687/1687 1686/1686 1772/1772
f 1694/1694 1687/1687 1772/1772
f 1666/1666 1687/1687 1694/1694
f 1666/1666 1694/1694 1674/1674
f 1674/1674 1694/1694 1705/1705
f 1674/1674 1705/1705 1678/1678
f 1706/1706 1714/1714 1682/1682
f 1679/1679 1706/1706 1682/1682
f 1681/1681 1763/1763 1739/1739
f 1681/1681 1739/1739 1702/1702
f 1703/1703 1798/1798 1751/1751
f 1703/1703 1751/1751 1731/1731
f 3479/3479 3318/3318 3360/3360
f 1568/1568 1566/1566 1567/1567
f 1452/1452 1565/1565 1451/1451
f 1452/1452 1451/1451 1445/1445
f 1490/1490 1516/1516 1497/1497
f 1490/1490 1497/1497 1479/1479
f 4308/4308 4314/4314 4318/4318
f 4309/4309 4308/4308 4318/4318
f 4314/4314 4316/4316 4317/4317
f 4318/4318 4314/4314 4317/4317
f 4316/4316 4330/4330 4331/4331
f 4317/4317 4316/4316 4331/4331
f 916/916 917/917 912/912
f 916/916 912/912 907/907
f 907/907 912/912 910/910
f 907/907 910/910 908/908
f 4231/4231 4247/4247 4246/4246
f 4246/4246 4247/4247 4252/4252
f 4246/4246 4252/4252 4251/4251
f 4252/4252 4286/4286 4285/4285
f 4251/4251 4252/4252 4285/4285
f 4286/4286 4294/4294 4293/4293
f 4285/4285 4286/4286 4293/4293
f 4294/4294 4298/4298 4302/4302
f 4293/4293 4294/4294 4302/4302
f 4302/4302 4298/4298 4301/4301
f 4302/4302 4301/4301 4303/4303
f 911/911 910/910 919/919
f 911/911 919/919 920/920
f 908/908 910/910 911/911
f 908/908 911/911 923/923
f 911/911 920/920 921/921
f 923/923 911/911 921/921
f 921/921 920/920 928/928
f 921/921 928/928 925/925
f 925/925 928/928 933/933
f 925/925 933/933 934/934
f 933/933 946/946 942/942
f 934/934 933/933 942/942
f 4201/4201 4202/4202 4216/4216
f 4201/4201 4216/4216 4213/4213
f 4216/4216 4221/4221 4217/4217
f 4213/4213 4216/4216 4217/4217
f 4217/4217 4221/4221 4227/4227
f 4217/4217 4227/4227 4225/4225
f 945/945 946/946 950/950
f 945/945 950/950 958/958
f 942/942 946/946 945/945
f 945/945 958/958 954/954
f 958/958 959/959 960/960
f 954/954 958/958 960/960
f 959/959 971/971 966/966
f 960/960 959/959 966/966
f 971/971 973/973 966/966
f 4193/4193 4196/4196 4195/4195
f 4193/4193 4195/4195 4194/4194
f 4195/4195 4199/4199 4198/4198
f 4194/4194 4195/4195 4198/4198
f 966/966 973/973 976/976
f 966/966 976/976 974/974
f 976/976 983/983 981/981
f 974/974 976/976 981/981
f 981/981 983/983 989/989
f 981/981 989/989 990/990
f 4207/4207 4205/4205 4204/4204
f 4206/4206 4207/4207 4204/4204
f 990/990 989/989 994/994
f 990/990 994/994 995/995
f 995/995 994/994 1011/1011
f 995/995 1011/1011 1007/1007
f 4242/4242 4241/4241 4234/4234
f 4242/4242 4234/4234 4235/4235
f 4234/4234 4211/4211 4210/4210
f 4235/4235 4234/4234 4210/4210
f 1007/1007 1011/1011 1014/1014
f 1007/1007 1014/1014 1009/1009
f 1014/1014 1016/1016 1013/1013
f 1009/1009 1014/1014 1013/1013
f 1016/1016 1023/1023 1024/1024
f 1013/1013 1016/1016 1024/1024
f 4259/4259 4260/4260 4258/4258
f 4259/4259 4258/4258 4257/4257
f 1024/1024 1023/1023 1056/1056
f 1024/1024 1056/1056 1055/1055
f 1055/1055 1056/1056 1057/1057
f 1055/1055 1057/1057 1053/1053
f 1053/1053 1057/1057 1058/1058
f 4273/4273 4276/4276 4267/4267
f 4273/4273 4267/4267 4268/4268
f 1067/1067 1058/1058 1068/1068
f 4345/4345 4280/4280 4279/4279
f 4347/4347 4345/4345 4279/4279
f 1068/1068 1069/1069 1070/1070
f 1070/1070 1069/1069 1078/1078
f 1070/1070 1078/1078 1077/1077
f 4357/4357 4355/4355 4350/4350
f 4357/4357 4350/4350 4352/4352
f 1078/1078 1107/1107 1103/1103
f 1077/1077 1078/1078 1103/1103
f 1103/1103 1107/1107 1104/1104
f 4359/4359 4360/4360 4361/4361
f 4359/4359 4361/4361 4358/4358
f 1104/1104 1107/1107 1110/1110
f 1104/1104 1110/1110 1105/1105
f 1105/1105 1110/1110 1121/1121
f 1105/1105 1121/1121 1123/1123
f 4376/4376 4368/4368 4373/4373
f 4379/4379 4376/4376 4373/4373
f 4379/4379 4373/4373 4369/4369
f 4378/4378 4379/4379 4369/4369
f 1121/1121 1122/1122 1134/1134
f 1121/1121 1134/1134 1133/1133
f 1123/1123 1121/1121 1133/1133
f 4389/4389 4382/4382 4381/4381
f 4390/4390 4389/4389 4381/4381
f 1133/1133 1134/1134 1135/1135
f 1133/1133 1135/1135 1136/1136
f 1136/1136 1135/1135 1147/1147
f 4398/4398 4403/4403 4397/4397
f 4398/4398 4397/4397 4395/4395
f 1147/1147 1151/1151 1150/1150
f 1136/1136 1147/1147 1150/1150
f 1150/1150 1151/1151 1152/1152
f 1152/1152 1151/1151 1153/1153
f 1152/1152 1153/1153 1154/1154
f 1155/1155 1153/1153 1156/1156
f 1154/1154 1153/1153 1155/1155
f 1154/1154 1155/1155 1168/1168
f 1155/1155 1156/1156 1170/1170
f 1168/1168 1155/1155 1170/1170
f 1170/1170 1156/1156 1190/1190
f 1170/1170 1190/1190 1191/1191
f 1190/1190 1216/1216 1213/1213
f 1191/1191 1190/1190 1213/1213
f 4471/4471 4466/4466 4467/4467
f 4470/4470 4471/4471 4467/4467
f 4468/4468 4470/4470 4467/4467
f 1213/1213 1216/1216 1214/1214
f 1213/1213 1214/1214 1215/1215
f 1215/1215 1214/1214 1217/1217
f 1215/1215 1217/1217 1218/1218
f 1218/1218 1217/1217 1219/1219
f 1219/1219 1217/1217 1238/1238
f 1219/1219 1238/1238 1239/1239
f 3945/3945 3946/3946 3916/3916
f 3945/3945 3916/3916 3920/3920
f 3916/3916 3908/3908 3913/3913
f 3920/3920 3916/3916 3913/3913
f 4126/4126 4127/4127 4128/4128
f 3908/3908 3909/3909 3910/3910
f 3913/3913 3908/3908 3910/3910
f 3909/3909 3914/3914 3911/3911
f 3910/3910 3909/3909 3911/3911
f 3911/3911 3914/3914 3869/3869
f 3911/3911 3869/3869 3849/3849
f 3869/3869 3828/3828 3829/3829
f 3849/3849 3869/3869 3829/3829
f 3828/3828 3818/3818 3819/3819
f 3829/3829 3828/3828 3819/3819
f 3818/3818 3817/3817 3816/3816
f 3819/3819 3818/3818 3816/3816
f 3816/3816 3817/3817 3810/3810
f 3816/3816 3810/3810 3801/3801
f 3801/3801 3810/3810 3809/3809
f 3801/3801 3809/3809 3798/3798
f 3798/3798 3809/3809 3807/3807
f 3798/3798 3807/3807 3799/3799
f 3807/3807 3808/3808 3804/3804
f 3799/3799 3807/3807 3804/3804
f 3808/3808 3822/3822 3821/3821
f 3804/3804 3808/3808 3821/3821
f 3822/3822 3841/3841 3840/3840
f 3821/3821 3822/3822 3840/3840
f 3845/3845 3864/3864 3861/3861
f 3846/3846 3845/3845 3861/3861
f 3864/3864 3873/3873 3872/3872
f 3861/3861 3864/3864 3872/3872
f 3873/3873 3875/3875 3874/3874
f 3872/3872 3873/3873 3874/3874
f 3876/3876 3885/3885 3884/3884
f 3877/3877 3876/3876 3884/3884
f 3885/3885 3894/3894 3893/3893
f 3884/3884 3885/3885 3893/3893
f 3894/3894 3927/3927 3895/3895
f 3893/3893 3894/3894 3895/3895
f 1760/1760 1745/1745 1744/1744
f 1758/1758 1760/1760 1744/1744
f 1745/1745 1710/1710 1709/1709
f 1744/1744 1745/1745 1709/1709
f 1690/1690 1658/1658 1657/1657
f 1698/1698 1690/1690 1657/1657
f 1652/1652 1647/1647 1653/1653
f 1656/1656 1652/1652 1653/1653
f 1647/1647 1632/1632 1646/1646
f 1644/1644 1647/1647 1646/1646
f 1632/1632 1633/1633 1634/1634
f 1639/1639 1632/1632 1634/1634
f 1635/1635 1630/1630 1636/1636
f 1634/1634 1635/1635 1636/1636
f 1628/1628 1630/1630 1627/1627
f 1629/1629 1665/1665 1660/1660
f 1627/1627 1629/1629 1660/1660
f 1666/1666 1674/1674 1670/1670
f 1669/1669 1666/1666 1670/1670
f 1675/1675 1674/1674 1678/1678
f 1679/1679 1675/1675 1678/1678
f 1675/1675 1679/1679 1677/1677
f 1676/1676 1675/1675 1677/1677
f 1679/1679 1682/1682 1680/1680
f 1677/1677 1679/1679 1680/1680
f 1681/1681 1702/1702 1701/1701
f 1695/1695 1681/1681 1701/1701
f 1703/1703 1731/1731 1711/1711
f 1707/1707 1703/1703 1711/1711
f 1742/1742 1768/1768 1740/1740
f 1716/1716 1742/1742 1740/1740
f 1793/1793 1797/1797 1777/1777
f 1757/1757 1793/1793 1777/1777
f 1442/1442 1447/1447 1449/1449
f 1442/1442 1449/1449 1425/1425
f 1481/1481 1501/1501 1482/1482
f 1481/1481 1482/1482 1473/1473
f 4322/4322 4313/4313 4309/4309
f 4322/4322 4309/4309 4321/4321
f 4321/4321 4309/4309 4318/4318
f 4321/4321 4318/4318 4319/4319
f 4319/4319 4318/4318 4317/4317
f 4319/4319 4317/4317 4320/4320
f 4320/4320 4317/4317 4331/4331
f 1045/1045 916/916 918/918
f 916/916 907/907 914/914
f 918/918 916/916 914/914
f 907/907 908/908 909/909
f 914/914 907/907 909/909
f 4246/4246 4251/4251 4249/4249
f 4238/4238 4246/4246 4249/4249
f 4251/4251 4285/4285 4284/4284
f 4249/4249 4251/4251 4284/4284
f 4285/4285 4293/4293 4295/4295
f 4284/4284 4285/4285 4295/4295
f 4293/4293 4302/4302 4304/4304
f 4295/4295 4293/4293 4304/4304
f 909/909 908/908 923/923
f 923/923 921/921 927/927
f 921/921 925/925 926/926
f 927/927 921/921 926/926
f 925/925 934/934 935/935
f 926/926 925/925 935/935
f 935/935 934/934 942/942
f 935/935 942/942 943/943
f 4201/4201 4213/4213 4192/4192
f 4190/4190 4201/4201 4192/4192
f 4213/4213 4217/4217 4214/4214
f 4192/4192 4213/4213 4214/4214
f 4217/4217 4225/4225 4222/4222
f 4214/4214 4217/4217 4222/4222
f 4231/4231 4246/4246 4226/4226
f 4225/4225 4231/4231 4226/4226
f 4222/4222 4225/4225 4226/4226
f 942/942 945/945 944/944
f 943/943 942/942 944/944
f 944/944 945/945 954/954
f 944/944 954/954 953/953
f 953/953 954/954 960/960
f 953/953 960/960 961/961
f 960/960 966/966 967/967
f 961/961 960/960 967/967
f 967/967 966/966 970/970
f 4193/4193 4194/4194 4187/4187
f 4185/4185 4193/4193 4187/4187
f 4194/4194 4198/4198 4188/4188
f 4187/4187 4194/4194 4188/4188
f 970/970 966/966 974/974
f 970/970 974/974 975/975
f 974/974 981/981 984/984
f 975/975 974/974 984/984
f 981/981 990/990 992/992
f 984/984 981/981 992/992
f 4206/4206 4204/4204 4182/4182
f 4181/4181 4206/4206 4182/4182
f 992/992 990/990 995/995
f 992/992 995/995 996/996
f 995/995 1007/1007 1006/1006
f 996/996 995/995 1006/1006
f 4242/4242 4235/4235 4237/4237
f 4243/4243 4242/4242 4237/4237
f 4235/4235 4210/4210 4209/4209
f 4237/4237 4235/4235 4209/4209
f 1007/1007 1009/1009 1008/1008
f 1006/1006 1007/1007 1008/1008
f 1008/1008 1009/1009 1013/1013
f 1008/1008 1013/1013 1018/1018
f 1013/1013 1024/1024 1025/1025
f 1018/1018 1013/1013 1025/1025
f 4259/4259 4257/4257 4256/4256
f 4261/4261 4259/4259 4256/4256
f 1025/1025 1024/1024 1055/1055
f 1025/1025 1055/1055 1049/1049
f 1049/1049 1055/1055 1053/1053
f 1049/1049 1053/1053 1050/1050
f 4273/4273 4268/4268 4269/4269
f 4274/4274 4273/4273 4269/4269
f 1054/1054 1053/1053 1058/1058
f 1054/1054 1058/1058 1067/1067
f 1053/1053 1054/1054 1050/1050
f 1050/1050 1054/1054 1067/1067
f 1050/1050 1067/1067 1073/1073
f 4347/4347 4279/4279 4278/4278
f 4346/4346 4347/4347 4278/4278
f 1071/1071 1067/1067 1068/1068
f 1071/1071 1068/1068 1070/1070
f 1067/1067 1071/1071 1073/1073
f 1073/1073 1071/1071 1070/1070
f 1073/1073 1070/1070 1075/1075
f 1070/1070 1077/1077 1076/1076
f 1075/1075 1070/1070 1076/1076
f 4357/4357 4352/4352 4351/4351
f 1076/1076 1077/1077 1103/1103
f 1076/1076 1103/1103 1101/1101
f 1103/1103 1104/1104 1101/1101
f 4362/4362 4359/4359 4358/4358
f 1101/1101 1104/1104 1106/1106
f 1104/1104 1105/1105 1106/1106
f 1106/1106 1105/1105 1123/1123
f 1106/1106 1123/1123 1124/1124
f 4378/4378 4369/4369 4374/4374
f 4377/4377 4378/4378 4374/4374
f 1124/1124 1123/1123 1125/1125
f 1125/1125 1123/1123 1133/1133
f 1125/1125 1133/1133 1131/1131
f 4390/4390 4381/4381 4380/4380
f 4391/4391 4390/4390 4380/4380
f 1133/1133 1136/1136 1138/1138
f 1131/1131 1133/1133 1138/1138
f 1138/1138 1136/1136 1159/1159
f 4398/4398 4395/4395 4396/4396
f 4399/4399 4398/4398 4396/4396
f 1159/1159 1136/1136 1150/1150
f 1159/1159 1150/1150 1160/1160
f 1150/1150 1152/1152 1166/1166
f 1160/1160 1150/1150 1166/1166
f 1166/1166 1152/1152 1154/1154
f 1166/1166 1154/1154 1167/1167
f 1167/1167 1154/1154 1168/1168
f 1167/1167 1168/1168 1169/1169
f 1168/1168 1170/1170 1169/1169
f 1169/1169 1170/1170 1191/1191
f 1169/1169 1191/1191 1188/1188
f 4478/4478 4468/4468 4469/4469
f 1188/1188 1191/1191 1213/1213
f 1188/1188 1213/1213 1212/1212
f 1213/1213 1215/1215 1208/1208
f 1212/1212 1213/1213 1208/1208
f 1208/1208 1215/1215 1218/1218
f 1208/1208 1218/1218 1221/1221
f 1218/1218 1219/1219 1220/1220
f 1221/1221 1218/1218 1220/1220
f 1220/1220 1219/1219 1239/1239
f 1220/1220 1239/1239 1240/1240
f 3947/3947 3945/3945 3920/3920
f 3947/3947 3920/3920 3935/3935
f 3910/3910 3920/3920 3913/3913
f 3920/3920 3910/3910 3921/3921
f 3935/3935 3920/3920 3921/3921
f 3910/3910 3911/3911 3906/3906
f 3921/3921 3910/3910 3906/3906
f 3906/3906 3911/3911 3849/3849
f 3849/3849 3829/3829 3825/3825
f 3829/3829 3819/3819 3825/3825
f 3819/3819 3816/3816 3815/3815
f 3825/3825 3819/3819 3815/3815
f 3815/3815 3816/3816 3801/3801
f 3815/3815 3801/3801 3800/3800
f 3800/3800 3801/3801 3798/3798
f 3800/3800 3798/3798 3796/3796
f 3798/3798 3799/3799 3797/3797
f 3796/3796 3798/3798 3797/3797
f 3799/3799 3804/3804 3803/3803
f 3797/3797 3799/3799 3803/3803
f 3804/3804 3821/3821 3823/3823
f 3803/3803 3804/3804 3823/3823
f 3821/3821 3840/3840 3842/3842
f 3823/3823 3821/3821 3842/3842
f 3846/3846 3861/3861 3862/3862
f 3848/3848 3846/3846 3862/3862
f 3861/3861 3872/3872 3871/3871
f 3862/3862 3861/3861 3871/3871
f 3871/3871 3872/3872 3874/3874
f 3877/3877 3884/3884 3882/3882
f 3878/3878 3877/3877 3882/3882
f 3884/3884 3893/3893 3892/3892
f 3882/3882 3884/3884 3892/3892
f 3923/3923 3893/3893 3895/3895
f 1758/1758 1780/1780 1761/1761
f 1780/1780 1758/1758 1770/1770
f 1781/1781 1780/1780 1770/1770
f 1758/1758 1744/1744 1743/1743
f 1770/1770 1758/1758 1743/1743
f 1712/1712 1744/1744 1709/1709
f 1698/1698 1712/1712 1709/1709
f 1712/1712 1698/1698 1699/1699
f 1713/1713 1712/1712 1699/1699
f 1698/1698 1657/1657 1661/1661
f 1699/1699 1698/1698 1661/1661
f 1656/1656 1653/1653 1651/1651
f 1662/1662 1656/1656 1651/1651
f 1644/1644 1646/1646 1641/1641
f 1643/1643 1644/1644 1641/1641
f 1639/1639 1634/1634 1638/1638
f 1640/1640 1639/1639 1638/1638
f 1634/1634 1636/1636 1631/1631
f 1637/1637 1634/1634 1631/1631
f 1628/1628 1627/1627 1623/1623
f 1624/1624 1628/1628 1623/1623
f 1627/1627 1660/1660 1619/1619
f 1620/1620 1627/1627 1619/1619
f 1669/1669 1670/1670 1613/1613
f 1614/1614 1669/1669 1613/1613
f 1676/1676 1677/1677 1616/1616
f 1612/1612 1676/1676 1616/1616
f 1677/1677 1680/1680 1683/1683
f 1616/1616 1677/1677 1683/1683
f 1695/1695 1701/1701 1700/1700
f 1696/1696 1695/1695 1700/1700
f 1707/1707 1711/1711 1715/1715
f 1717/1717 1707/1707 1715/1715
f 1716/1716 1740/1740 1724/1724
f 1721/1721 1716/1716 1724/1724
f 1732/1732 1757/1757 1777/1777
f 1732/1732 1777/1777 1749/1749
f 1432/1432 1440/1440 1426/1426
f 1432/1432 1426/1426 1430/1430
f 1408/1408 1427/1427 1415/1415
f 1408/1408 1415/1415 1409/1409
f 4322/4322 4321/4321 4327/4327
f 4324/4324 4322/4322 4327/4327
f 4321/4321 4319/4319 4326/4326
f 4327/4327 4321/4321 4326/4326
f 4319/4319 4320/4320 4325/4325
f 4326/4326 4319/4319 4325/4325
f 1043/1043 1045/1045 918/918
f 1043/1043 918/918 938/938
f 938/938 918/918 914/914
f 938/938 914/914 941/941
f 941/941 914/914 909/909
f 941/941 909/909 939/939
f 909/909 930/930 940/940
f 939/939 909/909 940/940
f 4224/4224 4238/4238 4233/4233
f 4229/4229 4224/4224 4233/4233
f 4238/4238 4249/4249 4250/4250
f 4233/4233 4238/4238 4250/4250
f 4249/4249 4284/4284 4288/4288
f 4250/4250 4249/4249 4288/4288
f 4284/4284 4295/4295 4296/4296
f 4288/4288 4284/4284 4296/4296
f 4296/4296 4295/4295 4304/4304
f 4296/4296 4304/4304 4323/4323
f 930/930 927/927 931/931
f 940/940 930/930 931/931
f 931/931 927/927 926/926
f 931/931 926/926 932/932
f 932/932 926/926 935/935
f 932/932 935/935 937/937
f 937/937 935/935 943/943
f 937/937 943/943 948/948
f 4190/4190 4192/4192 4191/4191
f 4189/4189 4190/4190 4191/4191
f 4191/4191 4192/4192 4214/4214
f 4191/4191 4214/4214 4218/4218
f 4218/4218 4214/4214 4222/4222
f 4218/4218 4222/4222 4223/4223
f 943/943 944/944 949/949
f 948/948 943/943 949/949
f 949/949 944/944 953/953
f 949/949 953/953 955/955
f 955/955 953/953 961/961
f 955/955 961/961 963/963
f 963/963 961/961 967/967
f 963/963 967/967 968/968
f 967/967 970/970 969/969
f 968/968 967/967 969/969
f 4185/4185 4187/4187 4186/4186
f 4184/4184 4185/4185 4186/4186
f 4186/4186 4187/4187 4188/4188
f 4186/4186 4188/4188 4189/4189
f 970/970 975/975 977/977
f 969/969 970/970 977/977
f 977/977 975/975 984/984
f 977/977 984/984 985/985
f 984/984 992/992 993/993
f 985/985 984/984 993/993
f 4180/4180 4181/4181 4178/4178
f 4177/4177 4180/4180 4178/4178
f 4178/4178 4181/4181 4182/4182
f 4178/4178 4182/4182 4183/4183
f 992/992 996/996 997/997
f 993/993 992/992 997/997
f 997/997 996/996 1006/1006
f 997/997 1006/1006 1010/1010
f 4243/4243 4237/4237 4179/4179
f 4244/4244 4243/4243 4179/4179
f 1006/1006 1008/1008 1019/1019
f 1010/1010 1006/1006 1019/1019
f 1019/1019 1008/1008 1018/1018
f 1019/1019 1018/1018 1022/1022
f 1022/1022 1018/1018 1025/1025
f 1022/1022 1025/1025 1026/1026
f 4271/4271 4261/4261 4256/4256
f 4271/4271 4256/4256 4263/4263
f 1026/1026 1025/1025 1049/1049
f 1026/1026 1049/1049 1052/1052
f 1049/1049 1050/1050 1051/1051
f 1052/1052 1049/1049 1051/1051
f 4277/4277 4274/4274 4269/4269
f 4277/4277 4269/4269 4275/4275
f 1051/1051 1050/1050 1073/1073
f 1051/1051 1073/1073 1082/1082
f 4349/4349 4346/4346 4278/4278
f 4349/4349 4278/4278 4281/4281
f 1082/1082 1073/1073 1081/1081
f 1081/1081 1073/1073 1075/1075
f 1081/1081 1075/1075 1079/1079
f 1079/1079 1075/1075 1076/1076
f 1079/1079 1076/1076 1080/1080
f 1076/1076 1101/1101 1100/1100
f 1080/1080 1076/1076 1100/1100
f 1100/1100 1101/1101 1102/1102
f 4366/4366 4362/4362 4358/4358
f 4366/4366 4358/4358 4365/4365
f 1102/1102 1101/1101 1106/1106
f 1102/1102 1106/1106 1109/1109
f 4371/4371 4367/4367 4370/4370
f 4372/4372 4371/4371 4370/4370
f 1109/1109 1106/1106 1124/1124
f 1109/1109 1124/1124 1126/1126
f 1124/1124 1125/1125 1126/1126
f 1126/1126 1125/1125 1131/1131
f 1126/1126 1131/1131 1132/1132
f 4392/4392 4391/4391 4380/4380
f 4392/4392 4380/4380 4387/4387
f 1131/1131 1138/1138 1137/1137
f 1132/1132 1131/1131 1137/1137
f 1137/1137 1138/1138 1159/1159
f 1137/1137 1159/1159 1161/1161
f 4407/4407 4399/4399 4396/4396
f 4407/4407 4396/4396 4408/4408
f 1159/1159 1160/1160 1162/1162
f 1161/1161 1159/1159 1162/1162
f 1162/1162 1160/1160 1166/1166
f 1162/1162 1166/1166 1173/1173
f 1166/1166 1167/1167 1172/1172
f 1173/1173 1166/1166 1172/1172
f 1167/1167 1169/1169 1171/1171
f 1172/1172 1167/1167 1171/1171
f 1171/1171 1169/1169 1186/1186
f 4475/4475 4464/4464 4476/4476
f 4477/4477 4475/4475 4476/4476
f 1169/1169 1188/1188 1187/1187
f 1186/1186 1169/1169 1187/1187
f 1188/1188 1212/1212 1189/1189
f 1187/1187 1188/1188 1189/1189
f 1189/1189 1212/1212 1208/1208
f 1189/1189 1208/1208 1207/1207
f 1207/1207 1208/1208 1221/1221
f 1207/1207 1221/1221 1206/1206
f 1206/1206 1221/1221 1220/1220
f 1220/1220 1240/1240 1225/1225
f 3951/3951 3947/3947 3935/3935
f 3951/3951 3935/3935 3937/3937
f 3937/3937 3935/3935 3921/3921
f 3937/3937 3921/3921 3936/3936
f 3936/3936 3921/3921 3922/3922
f 4132/4132 4126/4126 4131/4131
f 4133/4133 4132/4132 4131/4131
f 4133/4133 4131/4131 4158/4158
f 3922/3922 3921/3921 3906/3906
f 3922/3922 3906/3906 3907/3907
f 3906/3906 3849/3849 3850/3850
f 3907/3907 3906/3906 3850/3850
f 3849/3849 3825/3825 3827/3827
f 3850/3850 3849/3849 3827/3827
f 3827/3827 3825/3825 3826/3826
f 3826/3826 3825/3825 3815/3815
f 3826/3826 3815/3815 3814/3814
f 3814/3814 3815/3815 3800/3800
f 3814/3814 3800/3800 3802/3802
f 3800/3800 3796/3796 3794/3794
f 3802/3802 3800/3800 3794/3794
f 3796/3796 3797/3797 3795/3795
f 3794/3794 3796/3796 3795/3795
f 3797/3797 3803/3803 3805/3805
f 3795/3795 3797/3797 3805/3805
f 3803/3803 3823/3823 3824/3824
f 3805/3805 3803/3803 3824/3824
f 3824/3824 3823/3823 3842/3842
f 3848/3848 3862/3862 3852/3852
f 3851/3851 3848/3848 3852/3852
f 3862/3862 3871/3871 3863/3863
f 3852/3852 3862/3862 3863/3863
f 3879/3879 3871/3871 3874/3874
f 3878/3878 3879/3879 3874/3874
f 3879/3879 3878/3878 3880/3880
f 3886/3886 3879/3879 3880/3880
f 3878/3878 3882/3882 3881/3881
f 3880/3880 3878/3878 3881/3881
f 3882/3882 3892/3892 3883/3883
f 3881/3881 3882/3882 3883/3883
f 1781/1781 1770/1770 1782/1782
f 1783/1783 1781/1781 1782/1782
f 1770/1770 1743/1743 1734/1734
f 1782/1782 1770/1770 1734/1734
f 1713/1713 1699/1699 1730/1730
f 1733/1733 1713/1713 1730/1730
f 1672/1672 1699/1699 1661/1661
f 1662/1662 1672/1672 1661/1661
f 1672/1672 1662/1662 1708/1708
f 1746/1746 1672/1672 1708/1708
f 1654/1654 1662/1662 1651/1651
f 1643/1643 1654/1654 1651/1651
f 1654/1654 1643/1643 1688/1688
f 1735/1735 1654/1654 1688/1688
f 1643/1643 1641/1641 1645/1645
f 1688/1688 1643/1643 1645/1645
f 1640/1640 1638/1638 1642/1642
f 1673/1673 1640/1640 1642/1642
f 1637/1637 1631/1631 1655/1655
f 1692/1692 1637/1637 1655/1655
f 1624/1624 1623/1623 1622/1622
f 1625/1625 1624/1624 1622/1622
f 1620/1620 1619/1619 1618/1618
f 1621/1621 1620/1620 1618/1618
f 1614/1614 1613/1613 1611/1611
f 1617/1617 1614/1614 1611/1611
f 1612/1612 1616/1616 1615/1615
f 1610/1610 1612/1612 1615/1615
f 1684/1684 1616/1616 1683/1683
f 1696/1696 1684/1684 1683/1683
f 1684/1684 1696/1696 1697/1697
f 1685/1685 1684/1684 1697/1697
f 1697/1697 1696/1696 1700/1700
f 1697/1697 1700/1700 1718/1718
f 1717/1717 1715/1715 1720/1720
f 1719/1719 1717/1717 1720/1720
f 1723/1723 1721/1721 1724/1724
f 1723/1723 1724/1724 1725/1725
f 1727/1727 1732/1732 1749/1749
f 1727/1727 1749/1749 1750/1750
f 1431/1431 1432/1432 1430/1430
f 1431/1431 1430/1430 1433/1433
f 1411/1411 1410/1410 1409/1409
f 1411/1411 1409/1409 1412/1412
f 4328/4328 4324/4324 4332/4332
f 4332/4332 4324/4324 4327/4327
f 4332/4332 4327/4327 4339/4339
f 4327/4327 4326/4326 4342/4342
f 4339/4339 4327/4327 4342/4342
f 4342/4342 4326/4326 4325/4325
f 4342/4342 4325/4325 4412/4412
f 1043/1043 938/938 1256/1256
f 1263/1263 1043/1043 1256/1256
f 1256/1256 938/938 941/941
f 1256/1256 941/941 1252/1252
f 1252/1252 941/941 939/939
f 1252/1252 939/939 1037/1037
f 1037/1037 939/939 940/940
f 1037/1037 940/940 1028/1028
f 4229/4229 4233/4233 4255/4255
f 4230/4230 4229/4229 4255/4255
f 4233/4233 4250/4250 4289/4289
f 4255/4255 4233/4233 4289/4289
f 4289/4289 4250/4250 4288/4288
f 4289/4289 4288/4288 4329/4329
f 4329/4329 4288/4288 4296/4296
f 4329/4329 4296/4296 4336/4336
f 1028/1028 940/940 931/931
f 1028/1028 931/931 1036/1036
f 931/931 932/932 1029/1029
f 1036/1036 931/931 1029/1029
f 932/932 937/937 957/957
f 1029/1029 932/932 957/957
f 957/957 937/937 948/948
f 957/957 948/948 956/956
f 956/956 948/948 951/951
f 4411/4411 4189/4189 4191/4191
f 4411/4411 4191/4191 4413/4413
f 4413/4413 4191/4191 4218/4218
f 4413/4413 4218/4218 4409/4409
f 4218/4218 4223/4223 4343/4343
f 4409/4409 4218/4218 4343/4343
f 951/951 955/955 1005/1005
f 1005/1005 955/955 963/963
f 1005/1005 963/963 1000/1000
f 1000/1000 963/963 968/968
f 1000/1000 968/968 998/998
f 998/998 968/968 969/969
f 998/998 969/969 999/999
f 4410/4410 4184/4184 4186/4186
f 4410/4410 4186/4186 4442/4442
f 4442/4442 4186/4186 4189/4189
f 4442/4442 4189/4189 4443/4443
f 969/969 977/977 1033/1033
f 999/999 969/969 1033/1033
f 1033/1033 977/977 985/985
f 1033/1033 985/985 1034/1034
f 985/985 993/993 1027/1027
f 1034/1034 985/985 1027/1027
f 4176/4176 4177/4177 4178/4178
f 4176/4176 4178/4178 4422/4422
f 4422/4422 4178/4178 4183/4183
f 4422/4422 4183/4183 4445/4445
f 1027/1027 993/993 997/997
f 1027/1027 997/997 1095/1095
f 997/997 1010/1010 1032/1032
f 1095/1095 997/997 1032/1032
f 1032/1032 1010/1010 1019/1019
f 1032/1032 1019/1019 1031/1031
f 4388/4388 4244/4244 4179/4179
f 4388/4388 4179/4179 4421/4421
f 1031/1031 1019/1019 1022/1022
f 1031/1031 1022/1022 1090/1090
f 1022/1022 1026/1026 1048/1048
f 1090/1090 1022/1022 1048/1048
f 4425/4425 4271/4271 4263/4263
f 4425/4425 4263/4263 4434/4434
f 1026/1026 1052/1052 1093/1093
f 1048/1048 1026/1026 1093/1093
f 1052/1052 1051/1051 1091/1091
f 1093/1093 1052/1052 1091/1091
f 4430/4430 4277/4277 4275/4275
f 4430/4430 4275/4275 4453/4453
f 1091/1091 1051/1051 1092/1092
f 1092/1092 1051/1051 1082/1082
f 1092/1092 1082/1082 1086/1086
f 1086/1086 1082/1082 1081/1081
f 1086/1086 1081/1081 1087/1087
f 4428/4428 4349/4349 4281/4281
f 4428/4428 4281/4281 4437/4437
f 1081/1081 1079/1079 1097/1097
f 1087/1087 1081/1081 1097/1097
f 1097/1097 1079/1079 1080/1080
f 1097/1097 1080/1080 1098/1098
f 4429/4429 4364/4364 4435/4435
f 1098/1098 1080/1080 1100/1100
f 1098/1098 1100/1100 1115/1115
f 1100/1100 1102/1102 1114/1114
f 1115/1115 1100/1100 1114/1114
f 4432/4432 4366/4366 4365/4365
f 4432/4432 4365/4365 4444/4444
f 1114/1114 1102/1102 1141/1141
f 1141/1141 1102/1102 1109/1109
f 1141/1141 1109/1109 1142/1142
f 1109/1109 1126/1126 1163/1163
f 1142/1142 1109/1109 1163/1163
f 4372/4372 4370/4370 4414/4414
f 4386/4386 4372/4372 4414/4414
f 4446/4446 4386/4386 4414/4414
f 858/858 868/868 854/854
f 1163/1163 1126/1126 1164/1164
f 1164/1164 1126/1126 1132/1132
f 1164/1164 1132/1132 1165/1165
f 4455/4455 4392/4392 4387/4387
f 865/865 875/875 859/859
f 1165/1165 1132/1132 1137/1137
f 1165/1165 1137/1137 1182/1182
f 1137/1137 1161/1161 1181/1181
f 1182/1182 1137/1137 1181/1181
f 1181/1181 1161/1161 1162/1162
f 1181/1181 1162/1162 1194/1194
f 1162/1162 1173/1173 1193/1193
f 1194/1194 1162/1162 1193/1193
f 4407/4407 4408/4408 4439/4439
f 4419/4419 4407/4407 4439/4439
f 4452/4452 4419/4419 4439/4439
f 874/874 876/876 873/873
f 1173/1173 1172/1172 1195/1195
f 1193/1193 1173/1173 1195/1195
f 1195/1195 1172/1172 1171/1171
f 1195/1195 1171/1171 1196/1196
f 1171/1171 1186/1186 1197/1197
f 1196/1196 1171/1171 1197/1197
f 1197/1197 1186/1186 1187/1187
f 1197/1197 1187/1187 1198/1198
f 898/898 902/902 888/888
f 889/889 898/898 888/888
f 889/889 888/888 883/883
f 1198/1198 1187/1187 1189/1189
f 1198/1198 1189/1189 1199/1199
f 1189/1189 1207/1207 1200/1200
f 1199/1199 1189/1189 1200/1200
f 1200/1200 1207/1207 1206/1206
f 1200/1200 1206/1206 1205/1205
f 1222/1222 1206/1206 1220/1220
f 1222/1222 1220/1220 1225/1225
f 1205/1205 1206/1206 1222/1222
f 1205/1205 1222/1222 1223/1223
f 1223/1223 1222/1222 1225/1225
f 1223/1223 1225/1225 1226/1226
f 3954/3954 3951/3951 3937/3937
f 3954/3954 3937/3937 3943/3943
f 3943/3943 3937/3937 3936/3936
f 3943/3943 3936/3936 3944/3944
f 3936/3936 3922/3922 3938/3938
f 3944/3944 3936/3936 3938/3938
f 4159/4159 4133/4133 4158/4158
f 4159/4159 4158/4158 4167/4167
f 3938/3938 3922/3922 3907/3907
f 3938/3938 3907/3907 3912/3912
f 3907/3907 3850/3850 3860/3860
f 3912/3912 3907/3907 3860/3860
f 3860/3860 3850/3850 3827/3827
f 3860/3860 3827/3827 3831/3831
f 3831/3831 3827/3827 3826/3826
f 3826/3826 3814/3814 3820/3820
f 3831/3831 3826/3826 3820/3820
f 3820/3820 3814/3814 3802/3802
f 3820/3820 3802/3802 3793/3793
f 3793/3793 3802/3802 3794/3794
f 3793/3793 3794/3794 3789/3789
f 3794/3794 3795/3795 3790/3790
f 3789/3789 3794/3794 3790/3790
f 3790/3790 3795/3795 3805/3805
f 3790/3790 3805/3805 3806/3806
f 3805/3805 3824/3824 3833/3833
f 3806/3806 3805/3805 3833/3833
f 3851/3851 3854/3854 3824/3824
f 3854/3854 3851/3851 3855/3855
f 3870/3870 3854/3854 3855/3855
f 3851/3851 3852/3852 3853/3853
f 3855/3855 3851/3851 3853/3853
f 3852/3852 3863/3863 3856/3856
f 3853/3853 3852/3852 3856/3856
f 3886/3886 3880/3880 3889/3889
f 3948/3948 3886/3886 3889/3889
f 3880/3880 3881/3881 3888/3888
f 3889/3889 3880/3880 3888/3888
f 3905/3905 3881/3881 3883/3883
f 1783/1783 1785/1785 1784/1784
f 1785/1785 1783/1783 1786/1786
f 1810/1810 1785/1785 1786/1786
f 1783/1783 1782/1782 1794/1794
f 1786/1786 1783/1783 1794/1794
f 1759/1759 1782/1782 1734/1734
f 1733/1733 1759/1759 1734/1734
f 1759/1759 1733/1733 1788/1788
f 1829/1829 1759/1759 1788/1788
f 1733/1733 1730/1730 1747/1747
f 1788/1788 1733/1733 1747/1747
f 1746/1746 1708/1708 1778/1778
f 1801/1801 1746/1746 1778/1778
f 1773/1773 1735/1735 1688/1688
f 1773/1773 1688/1688 1752/1752
f 1689/1689 1688/1688 1645/1645
f 1673/1673 1689/1689 1645/1645
f 1689/1689 1673/1673 1771/1771
f 1808/1808 1689/1689 1771/1771
f 1693/1693 1673/1673 1642/1642
f 1692/1692 1693/1693 1642/1642
f 1693/1693 1692/1692 1792/1792
f 1863/1863 1693/1693 1792/1792
f 1737/1737 1692/1692 1655/1655
f 1625/1625 1737/1737 1655/1655
f 1737/1737 1625/1625 1800/1800
f 1865/1865 1737/1737 1800/1800
f 1738/1738 1625/1625 1622/1622
f 1621/1621 1738/1738 1622/1622
f 1738/1738 1621/1621 1774/1774
f 1621/1621 1618/1618 1626/1626
f 1774/1774 1621/1621 1626/1626
f 1617/1617 1611/1611 1608/1608
f 1791/1791 1617/1617 1608/1608
f 1610/1610 1615/1615 1609/1609
f 1606/1606 1610/1610 1609/1609
f 1685/1685 1697/1697 1779/1779
f 1602/1602 1685/1685 1779/1779
f 1728/1728 1697/1697 1718/1718
f 1719/1719 1728/1728 1718/1718
f 1728/1728 1719/1719 1741/1741
f 2137/2137 2144/2144 2141/2141
f 1719/1719 1720/1720 1722/1722
f 1741/1741 1719/1719 1722/1722
f 1723/1723 1725/1725 1726/1726
f 1787/1787 1723/1723 1726/1726
f 1753/1753 1727/1727 1750/1750
f 1753/1753 1750/1750 1754/1754
f 1756/1756 1764/1764 1765/1765
f 1756/1756 1765/1765 1766/1766
f 1434/1434 1419/1419 1414/1414
f 1434/1434 1414/1414 1435/1435
f 1275/1275 1276/1276 1263/1263
f 1275/1275 1263/1263 1272/1272
f 1263/1263 1256/1256 1270/1270
f 1272/1272 1263/1263 1270/1270
f 4328/4328 4332/4332 4436/4436
f 4336/4336 4328/4328 4436/4436
f 4454/4454 4336/4336 4436/4436
f 512/512 869/869 511/511
f 4332/4332 4339/4339 4458/4458
f 4436/4436 4332/4332 4458/4458
f 511/511 869/869 814/814
f 511/511 814/814 510/510
f 1278/1278 1276/1276 1277/1277
f 1279/1279 1278/1278 1277/1277
f 510/510 814/814 788/788
f 510/510 788/788 509/509
f 1256/1256 1252/1252 1265/1265
f 1269/1269 1256/1256 1265/1265
f 1270/1270 1256/1256 1269/1269
f 751/751 779/779 470/470
f 779/779 803/803 469/469
f 470/470 779/779 469/469
f 1265/1265 1252/1252 1037/1037
f 1265/1265 1037/1037 1264/1264
f 1265/1265 1264/1264 1268/1268
f 469/469 803/803 472/472
f 1264/1264 1037/1037 1028/1028
f 1264/1264 1028/1028 1036/1036
f 1264/1264 1036/1036 1258/1258
f 1268/1268 1264/1264 1258/1258
f 1036/1036 1029/1029 1258/1258
f 4427/4427 4409/4409 4343/4343
f 4427/4427 4343/4343 4426/4426
f 4230/4230 4255/4255 4415/4415
f 4343/4343 4230/4230 4415/4415
f 4426/4426 4343/4343 4415/4415
f 744/744 833/833 546/546
f 4255/4255 4289/4289 4433/4433
f 4415/4415 4255/4255 4433/4433
f 546/546 833/833 790/790
f 546/546 790/790 466/466
f 4433/4433 4289/4289 4329/4329
f 4433/4433 4329/4329 4440/4440
f 466/466 790/790 709/709
f 466/466 709/709 465/465
f 4440/4440 4329/4329 4336/4336
f 4440/4440 4336/4336 4441/4441
f 465/465 709/709 621/621
f 465/465 621/621 464/464
f 1029/1029 957/957 1260/1260
f 1259/1259 1029/1029 1260/1260
f 1258/1258 1029/1029 1259/1259
f 471/471 651/651 446/446
f 651/651 763/763 461/461
f 446/446 651/651 461/461
f 957/957 956/956 1255/1255
f 1260/1260 957/957 1255/1255
f 763/763 823/823 462/462
f 461/461 763/763 462/462
f 1255/1255 956/956 951/951
f 1255/1255 951/951 1005/1005
f 1255/1255 1005/1005 1254/1254
f 462/462 823/823 463/463
f 1005/1005 1000/1000 1044/1044
f 1254/1254 1005/1005 1044/1044
f 4411/4411 4413/4413 4447/4447
f 4443/4443 4411/4411 4447/4447
f 4413/4413 4409/4409 4431/4431
f 4447/4447 4413/4413 4431/4431
f 4448/4448 4447/4447 4431/4431
f 4448/4448 4431/4431 4459/4459
f 1047/1047 1000/1000 998/998
f 1047/1047 998/998 1046/1046
f 1044/1044 1000/1000 1047/1047
f 658/658 761/761 437/437
f 1047/1047 1046/1046 1257/1257
f 437/437 761/761 445/445
f 1046/1046 998/998 999/999
f 1046/1046 999/999 1033/1033
f 1046/1046 1033/1033 1116/1116
f 1257/1257 1046/1046 1116/1116
f 4410/4410 4442/4442 4451/4451
f 4445/4445 4410/4410 4451/4451
f 4442/4442 4443/4443 4450/4450
f 4451/4451 4442/4442 4450/4450
f 4456/4456 4451/4451 4450/4450
f 712/712 801/801 679/679
f 4450/4450 4443/4443 4447/4447
f 4450/4450 4447/4447 4449/4449
f 801/801 799/799 506/506
f 679/679 801/801 506/506
f 1033/1033 1034/1034 1119/1119
f 1118/1118 1033/1033 1119/1119
f 1116/1116 1033/1033 1118/1118
f 620/620 721/721 444/444
f 444/444 721/721 722/722
f 444/444 722/722 513/513
f 1119/1119 1034/1034 1027/1027
f 1119/1119 1027/1027 1095/1095
f 1119/1119 1095/1095 1209/1209
f 513/513 722/722 578/578
f 4176/4176 4422/4422 4460/4460
f 4421/4421 4176/4176 4460/4460
f 4422/4422 4445/4445 4461/4461
f 4460/4460 4422/4422 4461/4461
f 4463/4463 4460/4460 4461/4461
f 770/770 808/808 749/749
f 4445/4445 4451/4451 4457/4457
f 4461/4461 4445/4445 4457/4457
f 808/808 805/805 547/547
f 749/749 808/808 547/547
f 1095/1095 1032/1032 1096/1096
f 1210/1210 1095/1095 1096/1096
f 1209/1209 1095/1095 1210/1210
f 578/578 735/735 433/433
f 1210/1210 1096/1096 1251/1251
f 433/433 735/735 517/517
f 1096/1096 1032/1032 1031/1031
f 1096/1096 1031/1031 1090/1090
f 1096/1096 1090/1090 1204/1204
f 1251/1251 1096/1096 1204/1204
f 839/839 840/840 838/838
f 837/837 839/839 838/838
f 4421/4421 4460/4460 4462/4462
f 838/838 840/840 827/827
f 767/767 838/838 827/827
f 767/767 827/827 667/667
f 1146/1146 1090/1090 1048/1048
f 1146/1146 1048/1048 1093/1093
f 1204/1204 1090/1090 1146/1146
f 686/686 798/798 443/443
f 1146/1146 1093/1093 1145/1145
f 443/443 798/798 622/622
f 1093/1093 1091/1091 1117/1117
f 1145/1145 1093/1093 1117/1117
f 836/836 837/837 826/826
f 835/835 836/836 826/826
f 824/824 835/835 826/826
f 824/824 826/826 804/804
f 837/837 838/838 825/825
f 826/826 837/837 825/825
f 826/826 825/825 577/577
f 804/804 826/826 577/577
f 1117/1117 1091/1091 1092/1092
f 1117/1117 1092/1092 1229/1229
f 1092/1092 1086/1086 1185/1185
f 1229/1229 1092/1092 1185/1185
f 843/843 835/835 818/818
f 844/844 843/843 818/818
f 1184/1184 1086/1086 1087/1087
f 1184/1184 1087/1087 1097/1097
f 1185/1185 1086/1086 1184/1184
f 1185/1185 1184/1184 1247/1247
f 1184/1184 1097/1097 1183/1183
f 1247/1247 1184/1184 1183/1183
f 846/846 844/844 816/816
f 847/847 846/846 816/816
f 844/844 818/818 817/817
f 816/816 844/844 817/817
f 816/816 817/817 583/583
f 780/780 816/816 583/583
f 1177/1177 1097/1097 1098/1098
f 1177/1177 1098/1098 1115/1115
f 1183/1183 1097/1097 1177/1177
f 1183/1183 1177/1177 1253/1253
f 1177/1177 1115/1115 1176/1176
f 1253/1253 1177/1177 1176/1176
f 849/849 847/847 848/848
f 850/850 849/849 848/848
f 847/847 816/816 815/815
f 848/848 847/847 815/815
f 782/782 848/848 815/815
f 782/782 815/815 584/584
f 1174/1174 1115/1115 1114/1114
f 1174/1174 1114/1114 1141/1141
f 1176/1176 1115/1115 1174/1174
f 1176/1176 1174/1174 1250/1250
f 1174/1174 1141/1141 1175/1175
f 1250/1250 1174/1174 1175/1175
f 852/852 850/850 851/851
f 853/853 852/852 851/851
f 850/850 848/848 830/830
f 851/851 850/850 830/830
f 811/811 851/851 830/830
f 811/811 830/830 585/585
f 1178/1178 1141/1141 1142/1142
f 1178/1178 1142/1142 1163/1163
f 1175/1175 1141/1141 1178/1178
f 1175/1175 1178/1178 1245/1245
f 1178/1178 1163/1163 1211/1211
f 1245/1245 1178/1178 1211/1211
f 853/853 851/851 845/845
f 854/854 853/853 845/845
f 792/792 854/854 845/845
f 792/792 845/845 717/717
f 186/186 187/187 188/188
f 188/188 187/187 424/424
f 1211/1211 1163/1163 1164/1164
f 1211/1211 1164/1164 1237/1237
f 1164/1164 1165/1165 1233/1233
f 1237/1237 1164/1164 1233/1233
f 858/858 854/854 855/855
f 859/859 858/858 855/855
f 139/139 64/64 63/63
f 120/120 64/64 139/139
f 63/63 64/64 62/62
f 63/63 62/62 9/9
f 22/22 21/21 18/18
f 184/184 186/186 189/189
f 198/198 184/184 189/189
f 186/186 188/188 189/189
f 198/198 189/189 193/193
f 189/189 188/188 424/424
f 189/189 424/424 194/194
f 193/193 189/189 194/194
f 194/194 424/424 190/190
f 1233/1233 1165/1165 1182/1182
f 1233/1233 1182/1182 1234/1234
f 865/865 859/859 857/857
f 866/866 865/865 857/857
f 857/857 859/859 855/855
f 857/857 855/855 856/856
f 857/857 856/856 532/532
f 791/791 857/857 532/532
f 124/124 139/139 126/126
f 139/139 63/63 8/8
f 126/126 139/139 8/8
f 8/8 63/63 9/9
f 21/21 182/182 20/20
f 18/18 21/21 20/20
f 212/212 194/194 192/192
f 1228/1228 1182/1182 1181/1181
f 1228/1228 1181/1181 1194/1194
f 1234/1234 1182/1182 1228/1228
f 711/711 822/822 467/467
f 1228/1228 1194/1194 1227/1227
f 467/467 822/822 742/742
f 866/866 857/857 871/871
f 873/873 866/866 871/871
f 870/870 873/873 871/871
f 870/870 871/871 693/693
f 7/7 126/126 8/8
f 7/7 8/8 5/5
f 4/4 7/7 5/5
f 8/8 9/9 5/5
f 1201/1201 1194/1194 1193/1193
f 1201/1201 1193/1193 1195/1195
f 1227/1227 1194/1194 1201/1201
f 1227/1227 1201/1201 1246/1246
f 1201/1201 1195/1195 1202/1202
f 1246/1246 1201/1201 1202/1202
f 874/874 873/873 862/862
f 872/872 874/874 862/862
f 1202/1202 1195/1195 1196/1196
f 1202/1202 1196/1196 1235/1235
f 872/872 862/862 863/863
f 879/879 872/872 863/863
f 864/864 879/879 863/863
f 864/864 863/863 688/688
f 1224/1224 1196/1196 1197/1197
f 1224/1224 1197/1197 1198/1198
f 1235/1235 1196/1196 1224/1224
f 768/768 809/809 624/624
f 1224/1224 1198/1198 1242/1242
f 624/624 809/809 797/797
f 1242/1242 1198/1198 1199/1199
f 1242/1242 1199/1199 1236/1236
f 1199/1199 1200/1200 1203/1203
f 1236/1236 1199/1199 1203/1203
f 889/889 883/883 890/890
f 894/894 889/889 890/890
f 1203/1203 1200/1200 1205/1205
f 1203/1203 1205/1205 1232/1232
f 1232/1232 1205/1205 1231/1231
f 894/894 890/890 881/881
f 895/895 894/894 881/881
f 882/882 895/895 881/881
f 882/882 881/881 681/681
f 3961/3961 3954/3954 3960/3960
f 3960/3960 3954/3954 3943/3943
f 3960/3960 3943/3943 3779/3779
f 3943/3943 3939/3939 3775/3775
f 3779/3779 3943/3943 3775/3775
f 3775/3775 3939/3939 3938/3938
f 3775/3775 3938/3938 3774/3774
f 3774/3774 3938/3938 3912/3912
f 3774/3774 3912/3912 3915/3915
f 905/905 906/906 891/891
f 905/905 891/891 892/892
f 3915/3915 3912/3912 3860/3860
f 3915/3915 3860/3860 3902/3902
f 3860/3860 3831/3831 3839/3839
f 3902/3902 3860/3860 3839/3839
f 905/905 892/892 893/893
f 3839/3839 3831/3831 3834/3834
f 3834/3834 3831/3831 3820/3820
f 3834/3834 3820/3820 3812/3812
f 3812/3812 3820/3820 3793/3793
f 3812/3812 3793/3793 3786/3786
f 3786/3786 3793/3793 3789/3789
f 3786/3786 3789/3789 3787/3787
f 3789/3789 3790/3790 3788/3788
f 3787/3787 3789/3789 3788/3788
f 3790/3790 3806/3806 3792/3792
f 3788/3788 3790/3790 3792/3792
f 3806/3806 3833/3833 3832/3832
f 3792/3792 3806/3806 3832/3832
f 3870/3870 3855/3855 3859/3859
f 3866/3866 3870/3870 3859/3859
f 3855/3855 3853/3853 3857/3857
f 3859/3859 3855/3855 3857/3857
f 3858/3858 3853/3853 3856/3856
f 3948/3948 3858/3858 3856/3856
f 1817/1817 1815/1815 1816/1816
f 1818/1818 1817/1817 1816/1816
f 1815/1815 1813/1813 1814/1814
f 1816/1816 1815/1815 1814/1814
f 1812/1812 1813/1813 1811/1811
f 1810/1810 1812/1812 1811/1811
f 1812/1812 1810/1810 1830/1830
f 1889/1889 1812/1812 1830/1830
f 1831/1831 1810/1810 1786/1786
f 1883/1883 1831/1831 1786/1786
f 1831/1831 1883/1883 1884/1884
f 1887/1887 1831/1831 1884/1884
f 1876/1876 1878/1878 1882/1882
f 1876/1876 1882/1882 1881/1881
f 1882/1882 1883/1883 1829/1829
f 1881/1881 1882/1882 1829/1829
f 1883/1883 1786/1786 1794/1794
f 1829/1829 1883/1883 1794/1794
f 1875/1875 1876/1876 1881/1881
f 1875/1875 1881/1881 1880/1880
f 1881/1881 1829/1829 1788/1788
f 1880/1880 1881/1881 1788/1788
f 1875/1875 1880/1880 1801/1801
f 1860/1860 1875/1875 1801/1801
f 1880/1880 1788/1788 1747/1747
f 1801/1801 1880/1880 1747/1747
f 1857/1857 1860/1860 1773/1773
f 1860/1860 1801/1801 1778/1778
f 1773/1773 1860/1860 1778/1778
f 1859/1859 1857/1857 1808/1808
f 1857/1857 1773/1773 1752/1752
f 1808/1808 1857/1857 1752/1752
f 1864/1864 1859/1859 1863/1863
f 1859/1859 1808/1808 1771/1771
f 1863/1863 1859/1859 1771/1771
f 1864/1864 1863/1863 1792/1792
f 1865/1865 1864/1864 1792/1792
f 2140/2140 2138/2138 2137/2137
f 2138/2138 2142/2142 2139/2139
f 2137/2137 2138/2138 2139/2139
f 2133/2133 2140/2140 2134/2134
f 2140/2140 2137/2137 2141/2141
f 2134/2134 2140/2140 2141/2141
f 2133/2133 2134/2134 2135/2135
f 2136/2136 2133/2133 2135/2135
f 1850/1850 1832/1832 1833/1833
f 1851/1851 1850/1850 1833/1833
f 2134/2134 2141/2141 2143/2143
f 2135/2135 2134/2134 2143/2143
f 1832/1832 1787/1787 1726/1726
f 1753/1753 1832/1832 1726/1726
f 1832/1832 1753/1753 1755/1755
f 1833/1833 1832/1832 1755/1755
f 1755/1755 1753/1753 1754/1754
f 1755/1755 1754/1754 1809/1809
f 1775/1775 1756/1756 1766/1766
f 1802/1802 1775/1775 1766/1766
f 1803/1803 1775/1775 1802/1802
f 1803/1803 1802/1802 1804/1804
f 1437/1437 1434/1434 1435/1435
f 1437/1437 1435/1435 1515/1515
f 509/509 771/771 765/765
f 509/509 765/765 468/468
f 468/468 765/765 751/751
f 468/468 751/751 470/470
f 512/512 511/511 432/432
f 464/464 512/512 432/432
f 432/432 511/511 510/510
f 432/432 510/510 111/111
f 510/510 509/509 110/110
f 111/111 510/510 110/110
f 509/509 468/468 109/109
f 110/110 509/509 109/109
f 468/468 470/470 107/107
f 109/109 468/468 107/107
f 107/107 470/470 469/469
f 107/107 469/469 108/108
f 108/108 469/469 472/472
f 108/108 472/472 169/169
f 472/472 471/471 434/434
f 169/169 472/472 434/434
f 434/434 471/471 446/446
f 786/786 744/744 164/164
f 683/683 786/786 164/164
f 164/164 744/744 546/546
f 164/164 546/546 157/157
f 157/157 546/546 466/466
f 157/157 466/466 155/155
f 155/155 466/466 465/465
f 155/155 465/465 153/153
f 465/465 464/464 153/153
f 464/464 432/432 152/152
f 153/153 464/464 152/152
f 432/432 111/111 112/112
f 152/152 432/432 112/112
f 111/111 110/110 106/106
f 112/112 111/111 106/106
f 110/110 109/109 106/106
f 106/106 109/109 107/107
f 106/106 107/107 104/104
f 104/104 107/107 108/108
f 104/104 108/108 103/103
f 103/103 108/108 169/169
f 103/103 169/169 99/99
f 99/99 169/169 434/434
f 99/99 434/434 100/100
f 100/100 434/434 446/446
f 100/100 446/446 101/101
f 101/101 446/446 461/461
f 101/101 461/461 462/462
f 101/101 462/462 102/102
f 462/462 463/463 170/170
f 102/102 462/462 170/170
f 463/463 658/658 437/437
f 170/170 463/463 437/437
f 506/506 781/781 683/683
f 506/506 683/683 451/451
f 451/451 683/683 164/164
f 451/451 164/164 450/450
f 164/164 157/157 158/158
f 450/450 164/164 158/158
f 157/157 155/155 156/156
f 158/158 157/157 156/156
f 155/155 153/153 154/154
f 156/156 155/155 154/154
f 154/154 153/153 150/150
f 150/150 153/153 152/152
f 150/150 152/152 151/151
f 151/151 152/152 112/112
f 151/151 112/112 114/114
f 112/112 106/106 113/113
f 114/114 112/112 113/113
f 113/113 106/106 105/105
f 105/105 106/106 104/104
f 105/105 104/104 97/97
f 104/104 103/103 97/97
f 97/97 103/103 99/99
f 97/97 99/99 98/98
f 99/99 100/100 93/93
f 98/98 99/99 93/93
f 100/100 101/101 93/93
f 93/93 101/101 91/91
f 91/91 101/101 102/102
f 91/91 102/102 90/90
f 90/90 102/102 170/170
f 90/90 170/170 89/89
f 89/89 170/170 437/437
f 89/89 437/437 88/88
f 437/437 445/445 87/87
f 88/88 437/437 87/87
f 445/445 620/620 444/444
f 87/87 445/445 444/444
f 712/712 679/679 333/333
f 547/547 712/712 333/333
f 333/333 679/679 506/506
f 333/333 506/506 334/334
f 334/334 506/506 451/451
f 334/334 451/451 373/373
f 451/451 450/450 162/162
f 373/373 451/451 162/162
f 450/450 158/158 159/159
f 162/162 450/450 159/159
f 159/159 158/158 156/156
f 159/159 156/156 160/160
f 160/160 156/156 154/154
f 160/160 154/154 150/150
f 160/160 150/150 148/148
f 150/150 151/151 149/149
f 148/148 150/150 149/149
f 149/149 151/151 114/114
f 105/105 97/97 96/96
f 97/97 98/98 94/94
f 96/96 97/97 94/94
f 98/98 93/93 94/94
f 94/94 93/93 92/92
f 93/93 91/91 92/92
f 91/91 90/90 77/77
f 92/92 91/91 77/77
f 90/90 89/89 79/79
f 77/77 90/90 79/79
f 79/79 89/89 88/88
f 79/79 88/88 80/80
f 80/80 88/88 87/87
f 80/80 87/87 86/86
f 86/86 87/87 444/444
f 86/86 444/444 83/83
f 444/444 513/513 84/84
f 83/83 444/444 84/84
f 513/513 578/578 433/433
f 84/84 513/513 433/433
f 770/770 749/749 435/435
f 667/667 770/770 435/435
f 435/435 749/749 547/547
f 435/435 547/547 336/336
f 336/336 547/547 333/333
f 336/336 333/333 331/331
f 333/333 334/334 332/332
f 331/331 333/333 332/332
f 334/334 373/373 335/335
f 332/332 334/334 335/335
f 373/373 162/162 163/163
f 335/335 373/373 163/163
f 162/162 159/159 161/161
f 163/163 162/162 161/161
f 161/161 159/159 160/160
f 161/161 160/160 147/147
f 147/147 160/160 148/148
f 147/147 148/148 146/146
f 146/146 148/148 149/149
f 146/146 149/149 115/115
f 149/149 114/114 115/115
f 114/114 113/113 68/68
f 115/115 114/114 68/68
f 113/113 105/105 168/168
f 68/68 113/113 168/168
f 105/105 96/96 95/95
f 168/168 105/105 95/95
f 95/95 96/96 94/94
f 95/95 94/94 74/74
f 74/74 94/94 92/92
f 74/74 92/92 75/75
f 75/75 92/92 77/77
f 75/75 77/77 76/76
f 77/77 79/79 78/78
f 76/76 77/77 78/78
f 79/79 80/80 78/78
f 80/80 86/86 81/81
f 78/78 80/80 81/81
f 81/81 86/86 83/83
f 81/81 83/83 82/82
f 82/82 83/83 84/84
f 82/82 84/84 85/85
f 85/85 84/84 433/433
f 85/85 433/433 171/171
f 433/433 517/517 45/45
f 171/171 433/433 45/45
f 517/517 686/686 443/443
f 45/45 517/517 443/443
f 577/577 767/767 667/667
f 577/577 667/667 344/344
f 344/344 667/667 435/435
f 344/344 435/435 339/339
f 339/339 435/435 336/336
f 339/339 336/336 337/337
f 336/336 331/331 330/330
f 337/337 336/336 330/330
f 331/331 332/332 328/328
f 330/330 331/331 328/328
f 332/332 335/335 329/329
f 328/328 332/332 329/329
f 329/329 335/335 163/163
f 329/329 163/163 166/166
f 166/166 163/163 161/161
f 166/166 161/161 165/165
f 161/161 147/147 145/145
f 165/165 161/161 145/145
f 145/145 147/147 146/146
f 146/146 115/115 116/116
f 116/116 115/115 68/68
f 68/68 168/168 69/69
f 168/168 95/95 71/71
f 69/69 168/168 71/71
f 95/95 74/74 72/72
f 71/71 95/95 72/72
f 74/74 75/75 73/73
f 72/72 74/74 73/73
f 73/73 75/75 51/51
f 51/51 75/75 76/76
f 51/51 76/76 50/50
f 76/76 78/78 50/50
f 50/50 78/78 48/48
f 78/78 81/81 48/48
f 81/81 82/82 48/48
f 82/82 85/85 47/47
f 48/48 82/82 47/47
f 47/47 85/85 171/171
f 47/47 171/171 44/44
f 44/44 171/171 45/45
f 45/45 443/443 46/46
f 443/443 622/622 442/442
f 46/46 443/443 442/442
f 442/442 622/622 705/705
f 442/442 705/705 646/646
f 824/824 804/804 525/525
f 796/796 824/824 525/525
f 525/525 804/804 577/577
f 525/525 577/577 454/454
f 454/454 577/577 344/344
f 454/454 344/344 343/343
f 344/344 339/339 341/341
f 343/343 344/344 341/341
f 339/339 337/337 338/338
f 341/341 339/339 338/338
f 337/337 330/330 326/326
f 338/338 337/337 326/326
f 326/326 330/330 328/328
f 326/326 328/328 327/327
f 327/327 328/328 329/329
f 329/329 166/166 167/167
f 167/167 166/166 165/165
f 167/167 165/165 144/144
f 144/144 165/165 145/145
f 145/145 146/146 118/118
f 118/118 146/146 116/116
f 118/118 116/116 117/117
f 117/117 116/116 68/68
f 117/117 68/68 66/66
f 68/68 69/69 67/67
f 66/66 68/68 67/67
f 69/69 71/71 70/70
f 67/67 69/69 70/70
f 71/71 72/72 70/70
f 70/70 72/72 73/73
f 51/51 50/50 49/49
f 50/50 48/48 49/49
f 49/49 48/48 27/27
f 48/48 47/47 43/43
f 27/27 48/48 43/43
f 47/47 44/44 43/43
f 44/44 45/45 41/41
f 43/43 44/44 41/41
f 41/41 45/45 46/46
f 41/41 46/46 40/40
f 40/40 46/46 442/442
f 40/40 442/442 447/447
f 442/442 646/646 448/448
f 447/447 442/442 448/448
f 448/448 646/646 685/685
f 448/448 685/685 502/502
f 583/583 796/796 525/525
f 583/583 525/525 346/346
f 346/346 525/525 454/454
f 346/346 454/454 345/345
f 454/454 343/343 342/342
f 345/345 454/454 342/342
f 342/342 343/343 341/341
f 341/341 338/338 340/340
f 338/338 326/326 324/324
f 340/340 338/338 324/324
f 326/326 327/327 325/325
f 324/324 326/326 325/325
f 325/325 327/327 329/329
f 325/325 329/329 167/167
f 144/144 145/145 142/142
f 142/142 145/145 118/118
f 56/56 70/70 73/73
f 73/73 51/51 52/52
f 56/56 73/73 52/52
f 52/52 51/51 49/49
f 52/52 49/49 53/53
f 53/53 49/49 26/26
f 26/26 49/49 27/27
f 27/27 43/43 28/28
f 43/43 41/41 42/42
f 28/28 43/43 42/42
f 41/41 40/40 38/38
f 42/42 41/41 38/38
f 40/40 447/447 39/39
f 38/38 40/40 39/39
f 39/39 447/447 448/448
f 39/39 448/448 452/452
f 448/448 502/502 453/453
f 452/452 448/448 453/453
f 502/502 753/753 501/501
f 453/453 502/502 501/501
f 584/584 780/780 583/583
f 584/584 583/583 347/347
f 347/347 583/583 346/346
f 347/347 346/346 317/317
f 346/346 345/345 317/317
f 345/345 342/342 318/318
f 317/317 345/345 318/318
f 342/342 341/341 320/320
f 318/318 342/342 320/320
f 341/341 340/340 320/320
f 320/320 340/340 324/324
f 320/320 324/324 322/322
f 322/322 324/324 325/325
f 322/322 325/325 372/372
f 325/325 167/167 143/143
f 372/372 325/325 143/143
f 167/167 144/144 143/143
f 143/143 144/144 142/142
f 142/142 118/118 119/119
f 119/119 118/118 117/117
f 67/67 70/70 61/61
f 70/70 56/56 57/57
f 61/61 70/70 57/57
f 56/56 52/52 55/55
f 57/57 56/56 55/55
f 52/52 53/53 54/54
f 55/55 52/52 54/54
f 54/54 53/53 26/26
f 54/54 26/26 24/24
f 26/26 27/27 25/25
f 24/24 26/26 25/25
f 25/25 27/27 28/28
f 25/25 28/28 29/29
f 29/29 28/28 31/31
f 31/31 28/28 42/42
f 31/31 42/42 34/34
f 34/34 42/42 38/38
f 34/34 38/38 35/35
f 38/38 39/39 37/37
f 35/35 38/38 37/37
f 37/37 39/39 452/452
f 37/37 452/452 185/185
f 185/185 452/452 453/453
f 185/185 453/453 436/436
f 453/453 501/501 436/436
f 501/501 675/675 499/499
f 436/436 501/501 499/499
f 585/585 782/782 584/584
f 585/585 584/584 449/449
f 449/449 584/584 347/347
f 449/449 347/347 348/348
f 347/347 317/317 316/316
f 348/348 347/347 316/316
f 316/316 317/317 315/315
f 315/315 317/317 318/318
f 315/315 318/318 319/319
f 319/319 318/318 320/320
f 319/319 320/320 260/260
f 260/260 320/320 321/321
f 321/321 320/320 322/322
f 322/322 372/372 323/323
f 321/321 322/322 323/323
f 372/372 143/143 371/371
f 323/323 372/372 371/371
f 143/143 142/142 121/121
f 371/371 143/143 121/121
f 121/121 142/142 119/119
f 119/119 117/117 65/65
f 65/65 117/117 66/66
f 65/65 66/66 62/62
f 62/62 66/66 67/67
f 62/62 67/67 61/61
f 58/58 61/61 57/57
f 58/58 57/57 55/55
f 55/55 54/54 23/23
f 54/54 24/24 23/23
f 23/23 24/24 22/22
f 22/22 24/24 25/25
f 31/31 34/34 32/32
f 34/34 35/35 33/33
f 32/32 34/34 33/33
f 35/35 37/37 36/36
f 33/33 35/35 36/36
f 36/36 37/37 185/185
f 36/36 185/185 187/187
f 185/185 436/436 425/425
f 187/187 185/185 425/425
f 425/425 436/436 428/428
f 436/436 499/499 441/441
f 428/428 436/436 441/441
f 499/499 680/680 500/500
f 441/441 499/499 500/500
f 717/717 811/811 585/585
f 717/717 585/585 455/455
f 455/455 585/585 449/449
f 455/455 449/449 352/352
f 449/449 348/348 353/353
f 352/352 449/449 353/353
f 348/348 316/316 314/314
f 353/353 348/348 314/314
f 314/314 316/316 315/315
f 315/315 319/319 262/262
f 262/262 319/319 260/260
f 260/260 321/321 258/258
f 321/321 323/323 258/258
f 258/258 323/323 259/259
f 259/259 323/323 371/371
f 259/259 371/371 141/141
f 141/141 371/371 121/121
f 141/141 121/121 122/122
f 121/121 119/119 120/120
f 122/122 121/121 120/120
f 120/120 119/119 65/65
f 62/62 61/61 60/60
f 60/60 61/61 58/58
f 60/60 58/58 59/59
f 59/59 58/58 16/16
f 58/58 55/55 16/16
f 16/16 55/55 17/17
f 17/17 55/55 23/23
f 22/22 25/25 21/21
f 25/25 29/29 30/30
f 21/21 25/25 30/30
f 29/29 31/31 30/30
f 30/30 31/31 32/32
f 30/30 32/32 33/33
f 33/33 36/36 184/184
f 184/184 36/36 187/187
f 184/184 187/187 186/186
f 428/428 441/441 190/190
f 441/441 500/500 440/440
f 190/190 441/441 440/440
f 500/500 793/793 586/586
f 440/440 500/500 586/586
f 792/792 717/717 358/358
f 785/785 792/792 358/358
f 358/358 717/717 455/455
f 358/358 455/455 357/357
f 455/455 352/352 351/351
f 357/357 455/455 351/351
f 352/352 353/353 349/349
f 351/351 352/352 349/349
f 349/349 353/353 314/314
f 349/349 314/314 313/313
f 314/314 315/315 263/263
f 313/313 314/314 263/263
f 263/263 315/315 262/262
f 262/262 260/260 261/261
f 260/260 258/258 257/257
f 261/261 260/260 257/257
f 257/257 258/258 255/255
f 258/258 259/259 255/255
f 255/255 259/259 256/256
f 256/256 259/259 141/141
f 256/256 141/141 140/140
f 140/140 141/141 122/122
f 140/140 122/122 123/123
f 123/123 122/122 120/120
f 123/123 120/120 124/124
f 124/124 120/120 139/139
f 60/60 59/59 14/14
f 13/13 60/60 14/14
f 14/14 59/59 16/16
f 14/14 16/16 15/15
f 15/15 16/16 17/17
f 17/17 23/23 18/18
f 15/15 17/17 18/18
f 23/23 22/22 18/18
f 21/21 30/30 183/183
f 183/183 30/30 33/33
f 183/183 33/33 198/198
f 198/198 33/33 184/184
f 191/191 190/190 440/440
f 191/191 440/440 439/439
f 440/440 586/586 438/438
f 439/439 440/440 438/438
f 438/438 586/586 766/766
f 438/438 766/766 711/711
f 532/532 785/785 358/358
f 532/532 358/358 359/359
f 358/358 357/357 356/356
f 359/359 358/358 356/356
f 357/357 351/351 354/354
f 356/356 357/357 354/354
f 351/351 349/349 350/350
f 354/354 351/351 350/350
f 350/350 349/349 313/313
f 263/263 262/262 261/261
f 261/261 257/257 254/254
f 254/254 257/257 255/255
f 254/254 255/255 252/252
f 252/252 255/255 256/256
f 256/256 140/140 370/370
f 140/140 123/123 125/125
f 370/370 140/140 125/125
f 125/125 123/123 124/124
f 125/125 124/124 126/126
f 10/10 13/13 14/14
f 10/10 14/14 12/12
f 14/14 15/15 12/12
f 12/12 15/15 19/19
f 15/15 18/18 19/19
f 19/19 18/18 20/20
f 182/182 21/21 199/199
f 21/21 183/183 199/199
f 199/199 183/183 197/197
f 183/183 198/198 197/197
f 197/197 198/198 195/195
f 195/195 198/198 193/193
f 193/193 194/194 212/212
f 192/192 191/191 439/439
f 192/192 439/439 214/214
f 214/214 439/439 438/438
f 214/214 438/438 216/216
f 438/438 711/711 467/467
f 216/216 438/438 467/467
f 693/693 791/791 532/532
f 693/693 532/532 456/456
f 456/456 532/532 359/359
f 456/456 359/359 360/360
f 359/359 356/356 355/355
f 360/360 359/359 355/355
f 355/355 356/356 354/354
f 354/354 350/350 311/311
f 355/355 354/354 311/311
f 311/311 350/350 313/313
f 311/311 313/313 312/312
f 312/312 313/313 263/263
f 312/312 263/263 264/264
f 264/264 263/263 261/261
f 264/264 261/261 265/265
f 265/265 261/261 254/254
f 265/265 254/254 251/251
f 251/251 254/254 252/252
f 252/252 256/256 369/369
f 369/369 256/256 370/370
f 369/369 370/370 136/136
f 136/136 370/370 125/125
f 136/136 125/125 128/128
f 125/125 126/126 127/127
f 128/128 125/125 127/127
f 127/127 126/126 7/7
f 11/11 10/10 12/12
f 11/11 12/12 172/172
f 12/12 19/19 174/174
f 172/172 12/12 174/174
f 19/19 20/20 181/181
f 174/174 19/19 181/181
f 181/181 20/20 178/178
f 20/20 182/182 178/178
f 178/178 182/182 199/199
f 178/178 199/199 179/179
f 199/199 197/197 200/200
f 179/179 199/199 200/200
f 200/200 197/197 207/207
f 207/207 197/197 195/195
f 207/207 195/195 196/196
f 195/195 193/193 196/196
f 196/196 193/193 212/212
f 212/212 192/192 213/213
f 213/213 192/192 214/214
f 213/213 214/214 215/215
f 215/215 214/214 216/216
f 215/215 216/216 217/217
f 216/216 467/467 217/217
f 467/467 742/742 591/591
f 217/217 467/467 591/591
f 772/772 870/870 693/693
f 772/772 693/693 363/363
f 363/363 693/693 456/456
f 363/363 456/456 362/362
f 456/456 360/360 361/361
f 362/362 456/456 361/361
f 360/360 355/355 309/309
f 361/361 360/360 309/309
f 309/309 355/355 311/311
f 309/309 311/311 310/310
f 310/310 311/311 312/312
f 310/310 312/312 267/267
f 312/312 264/264 267/267
f 267/267 264/264 266/266
f 264/264 265/265 266/266
f 265/265 251/251 250/250
f 266/266 265/265 250/250
f 250/250 251/251 248/248
f 248/248 251/251 252/252
f 248/248 252/252 253/253
f 253/253 252/252 369/369
f 253/253 369/369 135/135
f 369/369 136/136 135/135
f 135/135 136/136 130/130
f 136/136 128/128 130/130
f 128/128 127/127 129/129
f 130/130 128/128 129/129
f 127/127 7/7 137/137
f 129/129 127/127 137/137
f 7/7 4/4 6/6
f 137/137 7/7 6/6
f 4/4 5/5 6/6
f 6/6 5/5 11/11
f 6/6 11/11 231/231
f 231/231 11/11 427/427
f 427/427 11/11 172/172
f 427/427 172/172 426/426
f 426/426 172/172 173/173
f 172/172 174/174 173/173
f 173/173 174/174 175/175
f 175/175 174/174 181/181
f 181/181 178/178 177/177
f 175/175 181/181 177/177
f 177/177 178/178 179/179
f 177/177 179/179 180/180
f 180/180 179/179 200/200
f 180/180 200/200 205/205
f 205/205 200/200 207/207
f 205/205 207/207 206/206
f 207/207 196/196 208/208
f 206/206 207/207 208/208
f 196/196 212/212 211/211
f 208/208 196/196 211/211
f 211/211 212/212 213/213
f 213/213 215/215 219/219
f 215/215 217/217 423/423
f 219/219 215/215 423/423
f 423/423 217/217 422/422
f 217/217 591/591 457/457
f 422/422 217/217 457/457
f 457/457 591/591 769/769
f 457/457 769/769 768/768
f 688/688 772/772 363/363
f 688/688 363/363 429/429
f 363/363 362/362 306/306
f 429/429 363/363 306/306
f 362/362 361/361 307/307
f 306/306 362/362 307/307
f 361/361 309/309 308/308
f 307/307 361/361 308/308
f 308/308 309/309 288/288
f 288/288 309/309 310/310
f 288/288 310/310 287/287
f 287/287 310/310 267/267
f 287/287 267/267 268/268
f 268/268 267/267 266/266
f 268/268 266/266 269/269
f 269/269 266/266 249/249
f 249/249 266/266 250/250
f 249/249 250/250 248/248
f 248/248 253/253 368/368
f 253/253 135/135 367/367
f 368/368 253/253 367/367
f 367/367 135/135 132/132
f 135/135 130/130 132/132
f 132/132 130/130 131/131
f 131/131 130/130 129/129
f 131/131 129/129 138/138
f 138/138 129/129 137/137
f 138/138 137/137 233/233
f 137/137 6/6 233/233
f 233/233 6/6 230/230
f 230/230 6/6 231/231
f 230/230 231/231 232/232
f 231/231 427/427 232/232
f 232/232 427/427 390/390
f 390/390 427/427 426/426
f 390/390 426/426 229/229
f 426/426 173/173 229/229
f 229/229 173/173 176/176
f 176/176 173/173 175/175
f 176/176 175/175 228/228
f 175/175 177/177 202/202
f 228/228 175/175 202/202
f 177/177 180/180 201/201
f 202/202 177/177 201/201
f 201/201 180/180 205/205
f 201/201 205/205 204/204
f 204/204 205/205 206/206
f 204/204 206/206 225/225
f 206/206 208/208 225/225
f 225/225 208/208 209/209
f 208/208 211/211 210/210
f 209/209 208/208 210/210
f 211/211 213/213 218/218
f 210/210 211/211 218/218
f 218/218 213/213 219/219
f 218/218 219/219 220/220
f 219/219 423/423 420/420
f 220/220 219/219 420/420
f 420/420 423/423 422/422
f 420/420 422/422 421/421
f 421/421 422/422 457/457
f 421/421 457/457 519/519
f 457/457 768/768 624/624
f 519/519 457/457 624/624
f 789/789 864/864 688/688
f 789/789 688/688 487/487
f 487/487 688/688 429/429
f 487/487 429/429 431/431
f 429/429 306/306 305/305
f 431/431 429/429 305/305
f 306/306 307/307 302/302
f 305/305 306/306 302/302
f 307/307 308/308 291/291
f 302/302 307/307 291/291
f 291/291 308/308 288/288
f 291/291 288/288 289/289
f 289/289 288/288 286/286
f 288/288 287/287 286/286
f 287/287 268/268 285/285
f 286/286 287/287 285/285
f 285/285 268/268 270/270
f 270/270 268/268 269/269
f 269/269 249/249 246/246
f 270/270 269/269 246/246
f 246/246 249/249 248/248
f 246/246 248/248 247/247
f 248/248 368/368 247/247
f 247/247 368/368 367/367
f 247/247 367/367 134/134
f 367/367 132/132 134/134
f 134/134 132/132 133/133
f 133/133 132/132 131/131
f 133/133 131/131 234/234
f 131/131 138/138 382/382
f 234/234 131/131 382/382
f 138/138 233/233 383/383
f 382/382 138/138 383/383
f 383/383 233/233 385/385
f 233/233 230/230 386/386
f 385/385 233/233 386/386
f 386/386 230/230 387/387
f 230/230 232/232 388/388
f 387/387 230/230 388/388
f 388/388 232/232 389/389
f 389/389 232/232 390/390
f 389/389 390/390 391/391
f 391/391 390/390 392/392
f 392/392 390/390 229/229
f 392/392 229/229 393/393
f 393/393 229/229 394/394
f 394/394 229/229 176/176
f 176/176 228/228 395/395
f 394/394 176/176 395/395
f 228/228 202/202 227/227
f 395/395 228/228 227/227
f 202/202 201/201 203/203
f 227/227 202/202 203/203
f 203/203 201/201 204/204
f 203/203 204/204 410/410
f 410/410 204/204 224/224
f 224/224 204/204 225/225
f 224/224 225/225 226/226
f 226/226 225/225 209/209
f 226/226 209/209 414/414
f 209/209 210/210 223/223
f 414/414 209/209 223/223
f 223/223 210/210 218/218
f 223/223 218/218 221/221
f 221/221 218/218 220/220
f 221/221 220/220 222/222
f 220/220 420/420 418/418
f 222/222 220/220 418/418
f 418/418 420/420 421/421
f 418/418 421/421 518/518
f 518/518 421/421 519/519
f 518/518 519/519 520/520
f 519/519 624/624 522/522
f 520/520 519/519 522/522
f 624/624 797/797 754/754
f 522/522 624/624 754/754
f 747/747 789/789 487/487
f 747/747 487/487 459/459
f 487/487 431/431 430/430
f 459/459 487/487 430/430
f 431/431 305/305 303/303
f 430/430 431/431 303/303
f 303/303 305/305 302/302
f 302/302 291/291 292/292
f 291/291 289/289 290/290
f 292/292 291/291 290/290
f 290/290 289/289 286/286
f 290/290 286/286 284/284
f 284/284 286/286 285/285
f 284/284 285/285 283/283
f 285/285 270/270 272/272
f 283/283 285/285 272/272
f 272/272 270/270 271/271
f 271/271 270/270 246/246
f 271/271 246/246 245/245
f 245/245 246/246 243/243
f 243/243 246/246 247/247
f 243/243 247/247 244/244
f 244/244 247/247 134/134
f 244/244 134/134 365/365
f 365/365 134/134 133/133
f 133/133 234/234 381/381
f 381/381 234/234 382/382
f 381/381 382/382 384/384
f 384/384 382/382 383/383
f 384/384 383/383 505/505
f 505/505 383/383 385/385
f 505/505 385/385 407/407
f 407/407 385/385 386/386
f 407/407 386/386 406/406
f 386/386 387/387 405/405
f 406/406 386/386 405/405
f 387/387 388/388 404/404
f 405/405 387/387 404/404
f 388/388 389/389 403/403
f 404/404 388/388 403/403
f 403/403 389/389 391/391
f 403/403 391/391 402/402
f 402/402 391/391 392/392
f 402/402 392/392 401/401
f 401/401 392/392 393/393
f 401/401 393/393 400/400
f 393/393 394/394 399/399
f 400/400 393/393 399/399
f 399/399 394/394 398/398
f 398/398 394/394 395/395
f 398/398 395/395 397/397
f 395/395 227/227 396/396
f 397/397 395/395 396/396
f 227/227 203/203 408/408
f 396/396 227/227 408/408
f 203/203 410/410 409/409
f 408/408 203/203 409/409
f 409/409 410/410 224/224
f 409/409 224/224 411/411
f 224/224 226/226 412/412
f 411/411 224/224 412/412
f 226/226 414/414 413/413
f 412/412 226/226 413/413
f 414/414 223/223 415/415
f 413/413 414/414 415/415
f 415/415 223/223 221/221
f 415/415 221/221 416/416
f 416/416 221/221 222/222
f 416/416 222/222 417/417
f 417/417 222/222 418/418
f 417/417 418/418 419/419
f 418/418 518/518 521/521
f 419/419 418/418 521/521
f 521/521 518/518 520/520
f 521/521 520/520 523/523
f 523/523 520/520 522/522
f 523/523 522/522 553/553
f 522/522 754/754 554/554
f 553/553 522/522 554/554
f 554/554 754/754 806/806
f 554/554 806/806 807/807
f 681/681 747/747 459/459
f 681/681 459/459 460/460
f 459/459 430/430 458/458
f 460/460 459/459 458/458
f 430/430 303/303 304/304
f 458/458 430/430 304/304
f 303/303 302/302 298/298
f 304/304 303/303 298/298
f 298/298 302/302 292/292
f 292/292 290/290 293/293
f 293/293 290/290 281/281
f 290/290 284/284 282/282
f 281/281 290/290 282/282
f 282/282 284/284 283/283
f 282/282 283/283 273/273
f 273/273 283/283 272/272
f 273/273 272/272 271/271
f 245/245 243/243 241/241
f 241/241 243/243 242/242
f 243/243 244/244 242/242
f 242/242 244/244 364/364
f 364/364 244/244 365/365
f 365/365 133/133 366/366
f 364/364 365/365 366/366
f 133/133 381/381 380/380
f 366/366 133/133 380/380
f 380/380 381/381 384/384
f 380/380 384/384 503/503
f 503/503 384/384 505/505
f 503/503 505/505 524/524
f 524/524 505/505 407/407
f 524/524 407/407 556/556
f 556/556 407/407 406/406
f 556/556 406/406 689/689
f 689/689 406/406 405/405
f 689/689 405/405 714/714
f 405/405 404/404 695/695
f 714/714 405/405 695/695
f 404/404 403/403 653/653
f 695/695 404/404 653/653
f 403/403 402/402 580/580
f 653/653 403/403 580/580
f 402/402 401/401 551/551
f 580/580 402/402 551/551
f 401/401 400/400 476/476
f 551/551 401/401 476/476
f 400/400 399/399 477/477
f 476/476 400/400 477/477
f 399/399 398/398 478/478
f 477/477 399/399 478/478
f 478/478 398/398 479/479
f 479/479 398/398 397/397
f 479/479 397/397 480/480
f 480/480 397/397 396/396
f 480/480 396/396 481/481
f 481/481 396/396 482/482
f 396/396 408/408 483/483
f 482/482 396/396 483/483
f 483/483 408/408 484/484
f 484/484 408/408 409/409
f 484/484 409/409 485/485
f 409/409 411/411 485/485
f 485/485 411/411 486/486
f 411/411 412/412 473/473
f 486/486 411/411 473/473
f 473/473 412/412 413/413
f 473/473 413/413 474/474
f 474/474 413/413 415/415
f 474/474 415/415 475/475
f 415/415 416/416 507/507
f 475/475 415/415 507/507
f 416/416 417/417 508/508
f 507/507 416/416 508/508
f 417/417 419/419 526/526
f 508/508 417/417 526/526
f 526/526 419/419 521/521
f 526/526 521/521 527/527
f 527/527 521/521 523/523
f 527/527 523/523 552/552
f 552/552 523/523 553/553
f 552/552 553/553 655/655
f 553/553 554/554 656/656
f 655/655 553/553 656/656
f 554/554 807/807 716/716
f 656/656 554/554 716/716
f 1266/1266 1232/1232 1231/1231
f 1266/1266 1231/1231 1267/1267
f 795/795 882/882 681/681
f 795/795 681/681 623/623
f 681/681 460/460 516/516
f 623/623 681/681 516/516
f 460/460 458/458 515/515
f 516/516 460/460 515/515
f 458/458 304/304 301/301
f 515/515 458/458 301/301
f 301/301 304/304 298/298
f 301/301 298/298 299/299
f 298/298 292/292 294/294
f 299/299 298/298 294/294
f 294/294 292/292 293/293
f 294/294 293/293 295/295
f 295/295 293/293 281/281
f 295/295 281/281 280/280
f 281/281 282/282 278/278
f 280/280 281/281 278/278
f 278/278 282/282 273/273
f 278/278 273/273 275/275
f 273/273 271/271 274/274
f 275/275 273/273 274/274
f 274/274 271/271 245/245
f 245/245 241/241 240/240
f 274/274 245/245 240/240
f 241/241 242/242 238/238
f 240/240 241/241 238/238
f 238/238 242/242 236/236
f 236/236 242/242 364/364
f 236/236 364/364 375/375
f 364/364 366/366 374/374
f 375/375 364/364 374/374
f 366/366 380/380 378/378
f 374/374 366/366 378/378
f 380/380 503/503 504/504
f 378/378 380/380 504/504
f 504/504 503/503 524/524
f 504/504 524/524 555/555
f 524/524 556/556 687/687
f 555/555 524/524 687/687
f 556/556 689/689 762/762
f 687/687 556/556 762/762
f 689/689 714/714 752/752
f 762/762 689/689 752/752
f 820/820 762/762 752/752
f 820/820 752/752 821/821
f 752/752 714/714 695/695
f 752/752 695/695 733/733
f 752/752 733/733 800/800
f 821/821 752/752 800/800
f 733/733 695/695 653/653
f 733/733 653/653 707/707
f 707/707 653/653 580/580
f 707/707 580/580 684/684
f 684/684 580/580 551/551
f 684/684 551/551 666/666
f 666/666 551/551 476/476
f 666/666 476/476 589/589
f 589/589 476/476 477/477
f 589/589 477/477 588/588
f 588/588 477/477 478/478
f 588/588 478/478 590/590
f 590/590 478/478 479/479
f 590/590 479/479 587/587
f 587/587 479/479 480/480
f 587/587 480/480 543/543
f 543/543 480/480 481/481
f 543/543 481/481 542/542
f 542/542 481/481 482/482
f 542/542 482/482 541/541
f 541/541 482/482 483/483
f 541/541 483/483 540/540
f 540/540 483/483 484/484
f 540/540 484/484 539/539
f 484/484 485/485 538/538
f 539/539 484/484 538/538
f 538/538 485/485 537/537
f 537/537 485/485 486/486
f 537/537 486/486 536/536
f 536/536 486/486 473/473
f 536/536 473/473 535/535
f 535/535 473/473 474/474
f 535/535 474/474 533/533
f 533/533 474/474 475/475
f 533/533 475/475 534/534
f 475/475 507/507 544/544
f 534/534 475/475 544/544
f 507/507 508/508 545/545
f 544/544 507/507 545/545
f 508/508 526/526 548/548
f 545/545 508/508 548/548
f 526/526 527/527 579/579
f 548/548 526/526 579/579
f 527/527 552/552 650/650
f 579/579 527/527 650/650
f 552/552 655/655 671/671
f 650/650 552/552 671/671
f 671/671 655/655 656/656
f 671/671 656/656 729/729
f 656/656 716/716 730/730
f 729/729 656/656 730/730
f 729/729 730/730 778/778
f 757/757 729/729 778/778
f 730/730 716/716 812/812
f 730/730 812/812 813/813
f 730/730 813/813 794/794
f 778/778 730/730 794/794
f 776/776 795/795 623/623
f 776/776 623/623 647/647
f 623/623 516/516 550/550
f 647/647 623/623 550/550
f 516/516 515/515 531/531
f 550/550 516/516 531/531
f 515/515 301/301 514/514
f 531/531 515/515 514/514
f 514/514 301/301 299/299
f 514/514 299/299 300/300
f 300/300 299/299 294/294
f 300/300 294/294 297/297
f 294/294 295/295 296/296
f 297/297 294/294 296/296
f 296/296 295/295 280/280
f 296/296 280/280 279/279
f 279/279 280/280 278/278
f 279/279 278/278 277/277
f 277/277 278/278 275/275
f 277/277 275/275 276/276
f 276/276 275/275 274/274
f 276/276 274/274 239/239
f 239/239 274/274 240/240
f 239/239 240/240 238/238
f 239/239 238/238 235/235
f 238/238 236/236 235/235
f 235/235 236/236 237/237
f 237/237 236/236 375/375
f 237/237 375/375 376/376
f 375/375 374/374 377/377
f 376/376 375/375 377/377
f 377/377 374/374 378/378
f 377/377 378/378 379/379
f 379/379 378/378 504/504
f 379/379 504/504 530/530
f 530/530 504/504 555/555
f 530/530 555/555 672/672
f 555/555 687/687 758/758
f 672/672 555/555 758/758
f 687/687 762/762 783/783
f 758/758 687/687 783/783
f 3710/3710 3717/3717 3720/3720
f 3710/3710 3720/3720 3721/3721
f 733/733 707/707 746/746
f 750/750 733/733 746/746
f 800/800 733/733 750/750
f 800/800 750/750 886/886
f 750/750 746/746 877/877
f 886/886 750/750 877/877
f 746/746 707/707 684/684
f 746/746 684/684 734/734
f 746/746 734/734 878/878
f 877/877 746/746 878/878
f 734/734 684/684 666/666
f 734/734 666/666 725/725
f 734/734 725/725 819/819
f 878/878 734/734 819/819
f 725/725 666/666 589/589
f 725/725 589/589 713/713
f 713/713 589/589 588/588
f 588/588 590/590 706/706
f 713/713 588/588 706/706
f 590/590 587/587 677/677
f 706/706 590/590 677/677
f 677/677 587/587 543/543
f 677/677 543/543 676/676
f 676/676 543/543 542/542
f 676/676 542/542 662/662
f 662/662 542/542 541/541
f 662/662 541/541 660/660
f 660/660 541/541 540/540
f 660/660 540/540 659/659
f 540/540 539/539 643/643
f 659/659 540/540 643/643
f 539/539 538/538 642/642
f 643/643 539/539 642/642
f 538/538 537/537 561/561
f 642/642 538/538 561/561
f 561/561 537/537 536/536
f 561/561 536/536 560/560
f 536/536 535/535 559/559
f 560/560 536/536 559/559
f 559/559 535/535 533/533
f 559/559 533/533 558/558
f 533/533 534/534 557/557
f 558/558 533/533 557/557
f 534/534 544/544 562/562
f 557/557 534/534 562/562
f 544/544 545/545 563/563
f 562/562 544/544 563/563
f 563/563 545/545 548/548
f 563/563 548/548 645/645
f 548/548 579/579 663/663
f 645/645 548/548 663/663
f 579/579 650/650 710/710
f 663/663 579/579 710/710
f 650/650 671/671 755/755
f 710/710 650/650 755/755
f 671/671 729/729 756/756
f 755/755 671/671 756/756
f 810/810 755/755 756/756
f 810/810 756/756 829/829
f 3773/3773 3779/3779 3775/3775
f 3773/3773 3775/3775 3774/3774
f 3777/3777 3779/3779 3773/3773
f 3777/3777 3773/3773 3771/3771
f 3773/3773 3774/3774 3772/3772
f 3771/3771 3773/3773 3772/3772
f 776/776 647/647 682/682
f 777/777 776/776 682/682
f 647/647 550/550 648/648
f 682/682 647/647 648/648
f 550/550 531/531 582/582
f 648/648 550/550 582/582
f 582/582 531/531 514/514
f 582/582 514/514 581/581
f 514/514 300/300 529/529
f 581/581 514/514 529/529
f 529/529 300/300 297/297
f 529/529 297/297 498/498
f 498/498 297/297 296/296
f 498/498 296/296 489/489
f 296/296 279/279 488/488
f 489/489 296/296 488/488
f 488/488 279/279 277/277
f 488/488 277/277 497/497
f 497/497 277/277 276/276
f 497/497 276/276 496/496
f 496/496 276/276 495/495
f 495/495 276/276 239/239
f 495/495 239/239 494/494
f 494/494 239/239 235/235
f 494/494 235/235 493/493
f 493/493 235/235 237/237
f 493/493 237/237 492/492
f 237/237 376/376 491/491
f 492/492 237/237 491/491
f 376/376 377/377 490/490
f 491/491 376/376 490/490
f 377/377 379/379 528/528
f 490/490 377/377 528/528
f 528/528 379/379 530/530
f 528/528 530/530 549/549
f 530/530 672/672 673/673
f 549/549 530/530 673/673
f 672/672 758/758 759/759
f 673/673 672/672 759/759
f 725/725 713/713 727/727
f 745/745 725/725 727/727
f 819/819 725/725 745/745
f 4765/4765 4764/4764 4644/4644
f 4644/4644 4764/4764 4669/4669
f 4644/4644 4669/4669 4643/4643
f 727/727 713/713 728/728
f 4669/4669 4645/4645 4641/4641
f 4643/4643 4669/4669 4641/4641
f 728/728 713/713 706/706
f 728/728 706/706 726/726
f 4645/4645 4646/4646 4642/4642
f 4641/4641 4645/4645 4642/4642
f 706/706 677/677 665/665
f 726/726 706/706 665/665
f 4642/4642 4646/4646 4651/4651
f 4642/4642 4651/4651 4754/4754
f 677/677 676/676 664/664
f 665/665 677/677 664/664
f 664/664 676/676 662/662
f 664/664 662/662 654/654
f 654/654 662/662 660/660
f 654/654 660/660 641/641
f 641/641 660/660 659/659
f 641/641 659/659 638/638
f 638/638 659/659 643/643
f 638/638 643/643 637/637
f 637/637 643/643 642/642
f 637/637 642/642 635/635
f 635/635 642/642 561/561
f 635/635 561/561 632/632
f 632/632 561/561 560/560
f 632/632 560/560 631/631
f 631/631 560/560 559/559
f 559/559 558/558 625/625
f 558/558 557/557 626/626
f 625/625 558/558 626/626
f 557/557 562/562 644/644
f 626/626 557/557 644/644
f 562/562 563/563 652/652
f 644/644 562/562 652/652
f 652/652 563/563 645/645
f 652/652 645/645 678/678
f 645/645 663/663 704/704
f 678/678 645/645 704/704
f 663/663 710/710 743/743
f 704/704 663/663 743/743
f 710/710 755/755 774/774
f 743/743 710/710 774/774
f 3772/3772 3774/3774 3915/3915
f 3772/3772 3915/3915 3768/3768
f 777/777 682/682 731/731
f 784/784 777/777 731/731
f 682/682 648/648 723/723
f 731/731 682/682 723/723
f 723/723 648/648 582/582
f 723/723 582/582 715/715
f 715/715 582/582 581/581
f 715/715 581/581 703/703
f 703/703 581/581 529/529
f 703/703 529/529 670/670
f 670/670 529/529 498/498
f 670/670 498/498 576/576
f 576/576 498/498 489/489
f 576/576 489/489 573/573
f 489/489 488/488 572/572
f 573/573 489/489 572/572
f 572/572 488/488 497/497
f 572/572 497/497 571/571
f 571/571 497/497 496/496
f 571/571 496/496 570/570
f 496/496 495/495 569/569
f 570/570 496/496 569/569
f 569/569 495/495 494/494
f 569/569 494/494 568/568
f 494/494 493/493 567/567
f 568/568 494/494 567/567
f 567/567 493/493 566/566
f 566/566 493/493 492/492
f 566/566 492/492 565/565
f 492/492 491/491 564/564
f 565/565 492/492 564/564
f 564/564 491/491 490/490
f 564/564 490/490 574/574
f 574/574 490/490 528/528
f 574/574 528/528 575/575
f 575/575 528/528 549/549
f 575/575 549/549 594/594
f 549/549 673/673 692/692
f 594/594 549/549 692/692
f 692/692 673/673 759/759
f 692/692 759/759 760/760
f 665/665 664/664 657/657
f 748/748 665/665 657/657
f 4488/4488 4489/4489 4490/4490
f 4754/4754 4677/4677 4676/4676
f 4676/4676 4677/4677 4552/4552
f 4676/4676 4552/4552 4551/4551
f 657/657 664/664 654/654
f 657/657 654/654 649/649
f 649/649 654/654 641/641
f 649/649 641/641 640/640
f 640/640 641/641 638/638
f 640/640 638/638 639/639
f 638/638 637/637 636/636
f 639/639 638/638 636/636
f 636/636 637/637 635/635
f 636/636 635/635 634/634
f 634/634 635/635 632/632
f 634/634 632/632 633/633
f 633/633 632/632 631/631
f 633/633 631/631 630/630
f 630/630 631/631 559/559
f 630/630 559/559 629/629
f 629/629 559/559 625/625
f 629/629 625/625 627/627
f 627/627 625/625 626/626
f 627/627 626/626 628/628
f 626/626 644/644 661/661
f 628/628 626/626 661/661
f 644/644 652/652 674/674
f 661/661 644/644 674/674
f 674/674 652/652 678/678
f 674/674 678/678 708/708
f 678/678 704/704 724/724
f 708/708 678/678 724/724
f 704/704 743/743 764/764
f 724/724 704/704 764/764
f 743/743 774/774 775/775
f 764/764 743/743 775/775
f 828/828 764/764 775/775
f 828/828 775/775 842/842
f 3768/3768 3915/3915 3902/3902
f 3768/3768 3902/3902 3901/3901
f 4702/4702 4703/4703 4704/4704
f 4704/4704 4711/4711 4707/4707
f 4707/4707 4711/4711 4708/4708
f 784/784 731/731 739/739
f 787/787 784/784 739/739
f 4739/4739 4769/4769 4724/4724
f 4708/4708 4739/4739 4724/4724
f 739/739 731/731 723/723
f 739/739 723/723 740/740
f 4724/4724 4769/4769 4770/4770
f 4724/4724 4770/4770 4771/4771
f 740/740 723/723 715/715
f 740/740 715/715 741/741
f 4771/4771 4770/4770 4772/4772
f 741/741 715/715 703/703
f 738/738 703/703 670/670
f 670/670 576/576 694/694
f 719/719 670/670 694/694
f 694/694 576/576 573/573
f 694/694 573/573 616/616
f 573/573 572/572 614/614
f 616/616 573/573 614/614
f 572/572 571/571 612/612
f 614/614 572/572 612/612
f 612/612 571/571 611/611
f 611/611 571/571 570/570
f 570/570 569/569 607/607
f 569/569 568/568 604/604
f 607/607 569/569 604/604
f 604/604 568/568 567/567
f 567/567 566/566 599/599
f 566/566 565/565 598/598
f 599/599 566/566 598/598
f 598/598 565/565 564/564
f 598/598 564/564 617/617
f 564/564 574/574 595/595
f 617/617 564/564 595/595
f 574/574 575/575 592/592
f 595/595 574/574 592/592
f 575/575 594/594 593/593
f 592/592 575/575 593/593
f 594/594 692/692 691/691
f 593/593 594/594 691/691
f 692/692 760/760 732/732
f 691/691 692/692 732/732
f 3896/3896 3902/3902 3839/3839
f 3896/3896 3839/3839 3834/3834
f 3901/3901 3902/3902 3896/3896
f 3901/3901 3896/3896 3898/3898
f 719/719 694/694 718/718
f 694/694 616/616 690/690
f 718/718 694/694 690/690
f 616/616 614/614 615/615
f 690/690 616/616 615/615
f 614/614 612/612 613/613
f 615/615 614/614 613/613
f 613/613 612/612 611/611
f 613/613 611/611 610/610
f 610/610 611/611 570/570
f 610/610 570/570 608/608
f 608/608 570/570 607/607
f 608/608 607/607 609/609
f 609/609 607/607 606/606
f 606/606 607/607 604/604
f 606/606 604/604 605/605
f 604/604 567/567 600/600
f 605/605 604/604 600/600
f 600/600 567/567 599/599
f 600/600 599/599 601/601
f 599/599 598/598 603/603
f 601/601 599/599 603/603
f 598/598 617/617 597/597
f 603/603 598/598 597/597
f 597/597 617/617 595/595
f 597/597 595/595 596/596
f 596/596 595/595 592/592
f 3868/3868 3896/3896 3834/3834
f 3868/3868 3834/3834 3812/3812
f 3896/3896 3868/3868 3897/3897
f 3898/3898 3896/3896 3897/3897
f 3868/3868 3812/3812 3813/3813
f 3897/3897 3868/3868 3813/3813
f 736/736 737/737 718/718
f 736/736 718/718 720/720
f 4878/4878 4880/4880 4879/4879
f 4877/4877 4878/4878 4879/4879
f 720/720 718/718 690/690
f 720/720 690/690 702/702
f 4879/4879 4880/4880 4881/4881
f 4879/4879 4881/4881 4882/4882
f 690/690 615/615 701/701
f 702/702 690/690 701/701
f 4881/4881 4884/4884 4883/4883
f 4882/4882 4881/4881 4883/4883
f 615/615 613/613 700/700
f 701/701 615/615 700/700
f 4883/4883 4884/4884 4885/4885
f 4883/4883 4885/4885 4886/4886
f 700/700 613/613 610/610
f 700/700 610/610 699/699
f 4885/4885 4888/4888 4887/4887
f 4886/4886 4885/4885 4887/4887
f 610/610 608/608 698/698
f 699/699 610/610 698/698
f 4888/4888 4890/4890 4889/4889
f 4887/4887 4888/4888 4889/4889
f 608/608 609/609 698/698
f 4889/4889 4890/4890 4891/4891
f 609/609 606/606 697/697
f 698/698 609/609 697/697
f 4891/4891 4890/4890 4892/4892
f 4891/4891 4892/4892 4893/4893
f 606/606 605/605 669/669
f 697/697 606/606 669/669
f 4892/4892 4895/4895 4894/4894
f 4893/4893 4892/4892 4894/4894
f 669/669 605/605 600/600
f 669/669 600/600 668/668
f 4894/4894 4895/4895 4896/4896
f 901/901 668/668 900/900
f 600/600 601/601 602/602
f 668/668 600/600 602/602
f 900/900 668/668 602/602
f 602/602 601/601 603/603
f 602/602 603/603 619/619
f 619/619 603/603 597/597
f 619/619 597/597 618/618
f 618/618 597/597 596/596
f 3812/3812 3786/3786 3785/3785
f 3813/3813 3812/3812 3785/3785
f 3786/3786 3787/3787 3784/3784
f 3785/3785 3786/3786 3784/3784
f 3784/3784 3787/3787 3788/3788
f 3784/3784 3788/3788 3791/3791
f 3811/3811 3788/3788 3792/3792
f 3837/3837 3811/3811 3792/3792
f 3811/3811 3837/3837 3836/3836
f 3835/3835 3811/3811 3836/3836
f 3837/3837 3792/3792 3832/3832
f 3866/3866 3837/3837 3832/3832
f 3836/3836 3837/3837 3866/3866
f 3836/3836 3866/3866 3867/3867
f 3867/3867 3866/3866 3859/3859
f 3867/3867 3859/3859 3904/3904
f 3963/3963 3859/3859 3857/3857
f 1818/1818 1820/1820 1819/1819
f 1820/1820 1818/1818 1821/1821
f 1826/1826 1820/1820 1821/1821
f 1822/1822 1818/1818 1816/1816
f 1824/1824 1822/1822 1816/1816
f 1823/1823 1822/1822 1824/1824
f 1823/1823 1824/1824 1825/1825
f 1852/1852 1824/1824 1889/1889
f 1854/1854 1852/1852 1889/1889
f 1853/1853 1852/1852 1854/1854
f 1853/1853 1854/1854 1855/1855
f 1824/1824 1816/1816 1814/1814
f 1889/1889 1824/1824 1814/1814
f 1891/1891 1892/1892 1888/1888
f 1891/1891 1888/1888 1886/1886
f 1888/1888 1854/1854 1887/1887
f 1886/1886 1888/1888 1887/1887
f 1854/1854 1889/1889 1830/1830
f 1887/1887 1854/1854 1830/1830
f 1890/1890 1891/1891 1886/1886
f 1890/1890 1886/1886 1885/1885
f 1886/1886 1887/1887 1884/1884
f 1885/1885 1886/1886 1884/1884
f 2034/2034 2086/2086 1902/1902
f 1902/1902 2086/2086 2073/2073
f 1902/1902 2073/2073 1903/1903
f 1903/1903 2073/2073 2061/2061
f 1903/1903 2061/2061 1905/1905
f 1905/1905 2061/2061 2048/2048
f 1905/1905 2048/2048 1912/1912
f 1912/1912 2048/2048 2037/2037
f 1912/1912 2037/2037 1914/1914
f 1914/1914 2037/2037 1917/1917
f 4640/4640 4623/4623 4624/4624
f 4627/4627 4640/4640 4624/4624
f 820/820 821/821 884/884
f 885/885 820/820 884/884
f 4623/4623 4622/4622 4619/4619
f 4624/4624 4623/4623 4619/4619
f 884/884 821/821 800/800
f 884/884 800/800 886/886
f 4619/4619 4622/4622 4621/4621
f 4619/4619 4621/4621 4618/4618
f 4618/4618 4621/4621 4636/4636
f 4618/4618 4636/4636 4620/4620
f 4620/4620 4636/4636 4785/4785
f 4843/4843 4845/4845 4844/4844
f 757/757 778/778 831/831
f 829/829 757/757 831/831
f 831/831 778/778 794/794
f 831/831 794/794 832/832
f 4592/4592 4596/4596 4593/4593
f 4592/4592 4593/4593 4591/4591
f 4734/4734 4737/4737 4735/4735
f 4735/4735 4737/4737 4787/4787
f 4735/4735 4787/4787 4779/4779
f 4835/4835 4837/4837 4836/4836
f 4835/4835 4836/4836 4834/4834
f 4614/4614 4785/4785 4648/4648
f 4835/4835 4834/4834 4831/4831
f 4644/4644 4643/4643 4635/4635
f 4831/4831 4834/4834 4832/4832
f 4635/4635 4643/4643 4641/4641
f 4635/4635 4641/4641 4634/4634
f 4634/4634 4641/4641 4642/4642
f 4642/4642 4754/4754 4647/4647
f 4634/4634 4642/4642 4647/4647
f 4647/4647 4754/4754 4797/4797
f 4815/4815 4814/4814 4811/4811
f 4811/4811 4814/4814 4812/4812
f 4605/4605 4602/4602 4776/4776
f 4811/4811 4812/4812 4813/4813
f 4806/4806 4807/4807 4808/4808
f 4809/4809 4806/4806 4808/4808
f 4513/4513 4607/4607 4511/4511
f 4513/4513 4511/4511 4512/4512
f 4512/4512 4511/4511 4510/4510
f 4512/4512 4510/4510 4545/4545
f 810/810 829/829 860/860
f 841/841 810/810 860/860
f 829/829 831/831 861/861
f 860/860 829/829 861/861
f 4868/4868 4872/4872 4871/4871
f 4868/4868 4871/4871 4869/4869
f 3769/3769 3771/3771 3772/3772
f 3769/3769 3772/3772 3768/3768
f 3770/3770 3771/3771 3769/3769
f 3770/3770 3769/3769 3767/3767
f 3767/3767 3769/3769 3768/3768
f 3767/3767 3768/3768 3762/3762
f 4779/4779 4787/4787 4705/4705
f 4705/4705 4706/4706 4710/4710
f 4710/4710 4706/4706 4709/4709
f 4710/4710 4709/4709 4743/4743
f 4743/4743 4709/4709 4723/4723
f 4743/4743 4723/4723 4753/4753
f 4723/4723 4725/4725 4726/4726
f 4753/4753 4723/4723 4726/4726
f 4725/4725 4728/4728 4727/4727
f 4726/4726 4725/4725 4727/4727
f 4728/4728 4730/4730 4729/4729
f 4727/4727 4728/4728 4729/4729
f 4729/4729 4730/4730 4731/4731
f 4729/4729 4731/4731 4741/4741
f 3649/3649 3635/3635 3680/3680
f 3680/3680 3635/3635 3669/3669
f 3669/3669 3635/3635 3631/3631
f 3669/3669 3631/3631 3668/3668
f 3631/3631 3616/3616 3621/3621
f 3668/3668 3631/3631 3621/3621
f 3621/3621 3616/3616 3619/3619
f 3621/3621 3619/3619 3607/3607
f 3607/3607 3619/3619 3606/3606
f 3607/3607 3606/3606 3605/3605
f 3605/3605 3606/3606 3603/3603
f 3605/3605 3603/3603 3604/3604
f 3603/3603 3599/3599 3602/3602
f 3604/3604 3603/3603 3602/3602
f 4545/4545 4510/4510 4507/4507
f 841/841 860/860 867/867
f 842/842 841/841 867/867
f 4782/4782 4781/4781 4783/4783
f 4782/4782 4783/4783 4784/4784
f 3768/3768 3901/3901 3764/3764
f 3762/3762 3768/3768 3764/3764
f 3610/3610 3611/3611 3600/3600
f 3599/3599 3610/3610 3600/3600
f 3611/3611 3633/3633 3608/3608
f 3600/3600 3611/3611 3608/3608
f 3608/3608 3633/3633 3648/3648
f 3608/3608 3648/3648 3634/3634
f 3764/3764 3901/3901 3898/3898
f 3764/3764 3898/3898 3900/3900
f 3898/3898 3897/3897 3899/3899
f 3900/3900 3898/3898 3899/3899
f 3899/3899 3897/3897 3813/3813
f 3899/3899 3813/3813 3830/3830
f 3667/3667 3658/3658 3664/3664
f 3830/3830 3813/3813 3785/3785
f 3830/3830 3785/3785 3783/3783
f 3783/3783 3785/3785 3784/3784
f 3784/3784 3791/3791 3781/3781
f 3783/3783 3784/3784 3781/3781
f 3781/3781 3791/3791 3847/3847
f 3781/3781 3847/3847 3891/3891
f 3891/3891 3847/3847 3926/3926
f 3891/3891 3926/3926 3952/3952
f 3952/3952 3926/3926 3955/3955
f 3952/3952 3955/3955 3956/3956
f 3955/3955 4002/4002 3969/3969
f 3956/3956 3955/3955 3969/3969
f 3969/3969 4002/4002 4003/4003
f 3969/3969 4003/4003 4004/4004
f 2094/2094 2093/2093 2118/2118
f 2118/2118 2093/2093 2083/2083
f 2118/2118 2083/2083 2115/2115
f 2115/2115 2083/2083 2082/2082
f 2115/2115 2082/2082 2112/2112
f 2082/2082 2081/2081 2111/2111
f 2112/2112 2082/2082 2111/2111
f 2111/2111 2081/2081 2113/2113
f 2113/2113 2081/2081 2078/2078
f 2113/2113 2078/2078 2114/2114
f 3995/3995 3993/3993 3994/3994
f 3994/3994 3993/3993 3992/3992
f 3993/3993 3996/3996 3991/3991
f 3992/3992 3993/3993 3991/3991
f 3991/3991 3996/3996 3990/3990
f 3996/3996 3989/3989 3990/3990
f 3990/3990 3989/3989 3987/3987
f 3989/3989 3988/3988 3987/3987
f 3987/3987 3988/3988 3986/3986
f 3988/3988 3985/3985 3986/3986
f 3986/3986 3985/3985 3981/3981
f 3981/3981 3985/3985 3982/3982
f 3980/3980 3982/3982 3983/3983
f 3979/3979 3983/3983 3984/3984
f 3978/3978 3984/3984 4005/4005
f 4625/4625 4631/4631 4789/4789
f 4789/4789 4631/4631 4617/4617
f 4720/4720 4738/4738 4722/4722
f 4654/4654 4650/4650 4786/4786
f 4650/4650 4629/4629 4652/4652
f 4629/4629 4627/4627 4628/4628
f 4627/4627 4624/4624 4626/4626
f 4617/4617 4618/4618 4616/4616
f 4615/4615 4617/4617 4616/4616
f 4616/4616 4618/4618 4620/4620
f 4616/4616 4620/4620 4670/4670
f 4842/4842 4843/4843 4844/4844
f 4612/4612 4614/4614 4613/4613
f 4613/4613 4679/4679 4639/4639
f 4639/4639 4679/4679 4633/4633
f 4611/4611 4633/4633 4632/4632
f 4632/4632 4757/4757 4610/4610
f 4757/4757 4673/4673 4608/4608
f 4608/4608 4673/4673 4609/4609
f 4609/4609 4672/4672 4604/4604
f 4672/4672 4790/4790 4603/4603
f 4790/4790 4558/4558 4516/4516
f 4516/4516 4558/4558 4515/4515
f 4514/4514 4515/4515 4495/4495
f 4514/4514 4495/4495 4496/4496
f 4496/4496 4495/4495 4494/4494
f 4496/4496 4494/4494 4497/4497
f 4497/4497 4494/4494 4498/4498
f 4497/4497 4498/4498 4499/4499
f 4499/4499 4498/4498 4500/4500
f 4501/4501 4500/4500 4519/4519
f 4559/4559 4519/4519 4792/4792
f 4559/4559 4792/4792 4791/4791
f 4559/4559 4791/4791 4542/4542
f 4542/4542 4791/4791 4537/4537
f 4542/4542 4537/4537 4538/4538
f 4538/4538 4537/4537 4536/4536
f 4538/4538 4536/4536 4539/4539
f 4536/4536 4554/4554 4540/4540
f 4539/4539 4536/4536 4540/4540
f 4554/4554 4759/4759 4557/4557
f 4540/4540 4554/4554 4557/4557
f 4759/4759 4598/4598 4595/4595
f 4838/4838 4839/4839 4840/4840
f 4598/4598 4592/4592 4589/4589
f 4595/4595 4598/4598 4589/4589
f 4589/4589 4592/4592 4591/4591
f 4589/4589 4591/4591 4590/4590
f 4590/4590 4591/4591 4599/4599
f 4722/4722 4758/4758 4714/4714
f 4712/4712 4722/4722 4714/4714
f 4714/4714 4758/4758 4716/4716
f 4714/4714 4716/4716 4715/4715
f 4715/4715 4716/4716 4721/4721
f 4715/4715 4721/4721 4717/4717
f 4721/4721 4736/4736 4719/4719
f 4717/4717 4721/4721 4719/4719
f 4719/4719 4736/4736 4777/4777
f 4848/4848 4849/4849 4847/4847
f 4698/4698 4777/4777 4740/4740
f 4698/4698 4740/4740 4697/4697
f 4698/4698 4697/4697 4695/4695
f 4695/4695 4697/4697 4694/4694
f 4695/4695 4694/4694 4693/4693
f 4693/4693 4694/4694 4692/4692
f 4693/4693 4692/4692 4691/4691
f 4691/4691 4692/4692 4689/4689
f 4688/4688 4689/4689 4687/4687
f 4685/4685 4687/4687 4686/4686
f 4685/4685 4686/4686 4684/4684
f 4683/4683 4684/4684 4682/4682
f 4682/4682 4680/4680 4681/4681
f 4680/4680 4667/4667 4668/4668
f 4667/4667 4664/4664 4665/4665
f 4664/4664 4662/4662 4663/4663
f 4662/4662 4660/4660 4661/4661
f 4663/4663 4662/4662 4661/4661
f 4660/4660 4659/4659 4658/4658
f 4661/4661 4660/4660 4658/4658
f 4658/4658 4659/4659 4656/4656
f 4658/4658 4656/4656 4657/4657
f 4656/4656 4653/4653 4655/4655
f 4657/4657 4656/4656 4655/4655
f 3763/3763 3925/3925 3928/3928
f 3925/3925 3830/3830 3890/3890
f 3830/3830 3783/3783 3782/3782
f 3780/3780 3783/3783 3781/3781
f 3781/3781 3891/3891 3918/3918
f 3891/3891 3952/3952 3940/3940
f 3952/3952 3956/3956 3953/3953
f 3953/3953 3956/3956 3969/3969
f 3969/3969 4004/4004 3964/3964
f 4004/4004 4001/4001 3970/3970
f 4001/4001 4000/4000 3977/3977
f 4000/4000 3999/3999 3976/3976
f 3999/3999 3998/3998 3976/3976
f 3976/3976 3998/3998 3997/3997
f 3975/3975 3997/3997 3994/3994
f 3994/3994 3992/3992 3974/3974
f 3974/3974 3992/3992 3991/3991
f 3991/3991 3990/3990 3973/3973
f 3973/3973 3990/3990 3987/3987
f 3972/3972 3987/3987 3986/3986
f 4821/4821 4822/4822 4823/4823
f 4821/4821 4823/4823 4824/4824
f 4755/4755 4543/4543 4544/4544
f 4755/4755 4544/4544 4541/4541
f 4755/4755 4541/4541 4796/4796
f 4828/4828 4829/4829 4827/4827
f 4826/4826 4828/4828 4827/4827
f 4763/4763 4678/4678 4579/4579
f 4601/4601 4763/4763 4579/4579
f 4678/4678 4595/4595 4587/4587
f 4579/4579 4678/4678 4587/4587
f 4587/4587 4595/4595 4589/4589
f 4587/4587 4589/4589 4588/4588
f 4588/4588 4589/4589 4590/4590
f 4588/4588 4590/4590 4594/4594
f 3776/3776 3778/3778 3766/3766
f 4561/4561 4560/4560 4563/4563
f 4561/4561 4563/4563 4564/4564
f 4564/4564 4563/4563 4566/4566
f 4564/4564 4566/4566 4567/4567
f 4567/4567 4566/4566 4570/4570
f 4567/4567 4570/4570 4569/4569
f 4569/4569 4570/4570 4742/4742
f 4569/4569 4742/4742 4573/4573
f 4742/4742 4601/4601 4576/4576
f 4573/4573 4742/4742 4576/4576
f 4576/4576 4601/4601 4579/4579
f 4576/4576 4579/4579 4577/4577
f 4577/4577 4579/4579 4586/4586
f 4577/4577 4586/4586 4760/4760
f 4760/4760 4586/4586 4600/4600
f 4873/4873 4874/4874 4875/4875
f 4875/4875 4874/4874 4876/4876
f 4562/4562 4561/4561 4565/4565
f 4561/4561 4564/4564 4584/4584
f 4565/4565 4561/4561 4584/4584
f 4564/4564 4567/4567 4568/4568
f 4584/4584 4564/4564 4568/4568
f 4568/4568 4567/4567 4569/4569
f 4568/4568 4569/4569 4571/4571
f 4571/4571 4569/4569 4573/4573
f 4571/4571 4573/4573 4574/4574
f 4574/4574 4573/4573 4575/4575
f 4574/4574 4575/4575 4582/4582
f 4582/4582 4575/4575 4580/4580
f 4582/4582 4580/4580 4744/4744
f 4580/4580 4760/4760 4751/4751
f 4744/4744 4580/4580 4751/4751
f 4751/4751 4760/4760 4752/4752
f 4751/4751 4752/4752 4750/4750
f 3758/3758 3760/3760 3759/3759
f 4935/4935 4933/4933 4934/4934
f 4933/4933 4932/4932 4916/4916
f 4934/4934 4933/4933 4916/4916
f 4916/4916 4932/4932 4915/4915
f 4916/4916 4915/4915 4912/4912
f 4912/4912 4915/4915 4911/4911
f 4766/4766 4572/4572 4583/4583
f 4766/4766 4583/4583 4767/4767
f 4914/4914 4950/4950 4925/4925
f 4914/4914 4925/4925 4918/4918
f 4778/4778 4582/4582 4745/4745
f 4918/4918 4925/4925 4921/4921
f 4745/4745 4582/4582 4744/4744
f 4745/4745 4744/4744 4746/4746
f 4746/4746 4744/4744 4747/4747
f 4746/4746 4747/4747 4748/4748
f 4747/4747 4750/4750 4749/4749
f 4748/4748 4747/4747 4749/4749
f 4949/4949 4934/4934 4952/4952
f 4952/4952 4934/4934 4916/4916
f 4952/4952 4916/4916 4948/4948
f 4916/4916 4912/4912 4910/4910
f 4948/4948 4916/4916 4910/4910
f 4910/4910 4912/4912 4911/4911
f 4910/4910 4911/4911 4909/4909
f 4911/4911 4914/4914 4913/4913
f 4909/4909 4911/4911 4913/4913
f 4913/4913 4914/4914 4918/4918
f 4913/4913 4918/4918 4919/4919
f 4919/4919 4918/4918 4920/4920
f 4919/4919 4920/4920 4924/4924
f 4920/4920 4922/4922 4923/4923
f 4924/4924 4920/4920 4923/4923
f 4922/4922 4928/4928 4926/4926
f 4923/4923 4922/4922 4926/4926
f 4926/4926 4928/4928 4929/4929
f 4903/4903 4904/4904 4901/4901
f 4901/4901 4904/4904 4927/4927
f 4901/4901 4927/4927 4900/4900
f 4900/4900 4927/4927 4907/4907
f 4900/4900 4907/4907 4906/4906
f 4906/4906 4907/4907 4908/4908
f 4906/4906 4908/4908 4954/4954
f 4954/4954 4908/4908 4917/4917
f 4959/4959 4960/4960 4961/4961
f 4961/4961 4960/4960 4962/4962
f 4946/4946 4955/4955 4943/4943
f 4955/4955 4919/4919 4951/4951
f 4943/4943 4955/4955 4951/4951
f 4951/4951 4919/4919 4924/4924
f 4963/4963 4964/4964 4965/4965
f 4965/4965 4964/4964 4966/4966
f 4965/4965 4966/4966 4967/4967
f 4953/4953 4926/4926 4930/4930
f 4903/4903 4901/4901 4902/4902
f 4901/4901 4900/4900 4898/4898
f 4902/4902 4901/4901 4898/4898
f 4900/4900 4906/4906 4899/4899
f 4898/4898 4900/4900 4899/4899
f 4906/4906 4954/4954 4947/4947
f 4899/4899 4906/4906 4947/4947
f 4947/4947 4954/4954 4946/4946
f 4947/4947 4946/4946 4944/4944
f 4944/4944 4946/4946 4943/4943
f 4944/4944 4943/4943 4942/4942
f 4943/4943 4951/4951 4940/4940
f 4942/4942 4943/4943 4940/4940
f 4940/4940 4951/4951 4941/4941
f 4940/4940 4941/4941 4938/4938
f 4968/4968 4965/4965 4967/4967
f 4968/4968 4967/4967 4969/4969
f 4931/4931 4902/4902 4898/4898
f 4898/4898 4899/4899 4897/4897
f 4899/4899 4947/4947 4905/4905
f 4947/4947 4944/4944 4945/4945
f 4945/4945 4944/4944 4942/4942
f 4942/4942 4940/4940 4939/4939
f 4939/4939 4940/4940 4938/4938
f 4936/4936 4938/4938 4937/4937

