# Blender 4.4.0
# www.blender.org
mtllib mesh.mtl
o __articraft_commit_0002_0000
v 0.000000 0.395000 0.000000
v 0.000000 0.394763 0.009454
v 0.000000 0.394051 0.018885
v 0.000000 0.392868 0.028270
v 0.000000 0.391215 0.037587
v 0.000000 0.389096 0.046814
v 0.000000 0.386517 0.055928
v 0.000000 0.383484 0.064907
v 0.000000 0.380004 0.073730
v 0.000000 0.376086 0.082375
v 0.000000 0.371738 0.090822
v 0.000000 0.366973 0.099050
v 0.000000 0.361800 0.107039
v 0.000000 0.356232 0.114771
v 0.000000 0.350283 0.122226
v 0.000000 0.343967 0.129387
v 0.000000 0.337300 0.136235
v 0.000000 0.330297 0.142756
v 0.000000 0.322975 0.148933
v 0.000000 0.315353 0.154751
v 0.000000 0.307447 0.160196
v 0.000000 0.299278 0.165255
v 0.000000 0.290865 0.169916
v 0.000000 0.282228 0.174168
v 0.000000 0.273389 0.178000
v 0.000000 0.264367 0.181404
v 0.000000 0.255186 0.184370
v 0.000000 0.245867 0.186892
v 0.000000 0.236433 0.188964
v 0.000000 0.226906 0.190581
v 0.000000 0.217309 0.191738
v 0.000000 0.207666 0.192434
v 0.000000 0.198000 0.192666
v 0.000000 0.188334 0.192434
v 0.000000 0.178691 0.191738
v 0.000000 0.169094 0.190581
v 0.000000 0.159567 0.188964
v 0.000000 0.150133 0.186892
v 0.000000 0.140814 0.184370
v 0.000000 0.131633 0.181404
v 0.000000 0.122611 0.178000
v 0.000000 0.113772 0.174168
v 0.000000 0.105135 0.169916
v 0.000000 0.096722 0.165255
v 0.000000 0.088553 0.160196
v 0.000000 0.080647 0.154751
v 0.000000 0.073025 0.148933
v 0.000000 0.065703 0.142756
v 0.000000 0.058700 0.136235
v 0.000000 0.052033 0.129387
v 0.000000 0.045717 0.122226
v 0.000000 0.039768 0.114771
v 0.000000 0.034200 0.107039
v 0.000000 0.029027 0.099050
v 0.000000 0.024262 0.090822
v 0.000000 0.019914 0.082375
v 0.000000 0.015996 0.073730
v 0.000000 0.012516 0.064907
v 0.000000 0.009483 0.055928
v 0.000000 0.006904 0.046814
v 0.000000 0.004785 0.037587
v 0.000000 0.003132 0.028270
v 0.000000 0.001949 0.018885
v 0.000000 0.001237 0.009454
v 0.000000 0.001000 0.000000
v 0.000000 0.001237 -0.009454
v 0.000000 0.001949 -0.018885
v 0.000000 0.003132 -0.028270
v 0.000000 0.004785 -0.037587
v 0.000000 0.006904 -0.046814
v 0.000000 0.009483 -0.055928
v 0.000000 0.012516 -0.064907
v 0.000000 0.015996 -0.073730
v 0.000000 0.019914 -0.082375
v 0.000000 0.024262 -0.090822
v 0.000000 0.029027 -0.099050
v 0.000000 0.034200 -0.107040
v 0.000000 0.039768 -0.114771
v 0.000000 0.045717 -0.122226
v 0.000000 0.052033 -0.129387
v 0.000000 0.058700 -0.136235
v 0.000000 0.065703 -0.142756
v 0.000000 0.073025 -0.148933
v 0.000000 0.080647 -0.154751
v 0.000000 0.088553 -0.160196
v 0.000000 0.096722 -0.165255
v 0.000000 0.105135 -0.169916
v 0.000000 0.113772 -0.174168
v 0.000000 0.122611 -0.178000
v 0.000000 0.131633 -0.181404
v 0.000000 0.140814 -0.184370
v 0.000000 0.150133 -0.186892
v 0.000000 0.159567 -0.188964
v 0.000000 0.169094 -0.190581
v 0.000000 0.178691 -0.191738
v 0.000000 0.188334 -0.192434
v 0.000000 0.198000 -0.192666
v 0.000000 0.207666 -0.192434
v 0.000000 0.217309 -0.191738
v 0.000000 0.226906 -0.190581
v 0.000000 0.236433 -0.188964
v 0.000000 0.245867 -0.186892
v 0.000000 0.255186 -0.184370
v 0.000000 0.264367 -0.181404
v 0.000000 0.273389 -0.178000
v 0.000000 0.282228 -0.174168
v 0.000000 0.290865 -0.169916
v 0.000000 0.299278 -0.165255
v 0.000000 0.307447 -0.160196
v 0.000000 0.315353 -0.154751
v 0.000000 0.322975 -0.148933
v 0.000000 0.330297 -0.142756
v 0.000000 0.337300 -0.136235
v 0.000000 0.343967 -0.129387
v 0.000000 0.350283 -0.122226
v 0.000000 0.356232 -0.114771
v 0.000000 0.361800 -0.107040
v 0.000000 0.366973 -0.099050
v 0.000000 0.371738 -0.090822
v 0.000000 0.376086 -0.082375
v 0.000000 0.380004 -0.073730
v 0.000000 0.383484 -0.064907
v 0.000000 0.386517 -0.055928
v 0.000000 0.389096 -0.046814
v 0.000000 0.391215 -0.037587
v 0.000000 0.392868 -0.028270
v 0.000000 0.394051 -0.018885
v 0.000000 0.394763 -0.009454
v 0.006420 0.402000 0.000000
v 0.006420 0.401754 0.009790
v 0.006420 0.401018 0.019556
v 0.006420 0.399792 0.029274
v 0.006420 0.398080 0.038923
v 0.006420 0.395886 0.048477
v 0.006420 0.393216 0.057915
v 0.006420 0.390075 0.067214
v 0.006420 0.386471 0.076350
v 0.006420 0.382414 0.085302
v 0.006420 0.377912 0.094049
v 0.006420 0.372977 0.102570
v 0.006420 0.367620 0.110843
v 0.006420 0.361854 0.118849
v 0.006420 0.355694 0.126569
v 0.006420 0.349154 0.133984
v 0.006420 0.342250 0.141076
v 0.006420 0.334998 0.147829
v 0.006420 0.327416 0.154225
v 0.006420 0.319523 0.160250
v 0.006420 0.311336 0.165888
v 0.006420 0.302877 0.171127
v 0.006420 0.294165 0.175954
v 0.006420 0.285221 0.180357
v 0.006420 0.276067 0.184325
v 0.006420 0.266726 0.187849
v 0.006420 0.257218 0.190921
v 0.006420 0.247568 0.193533
v 0.006420 0.237798 0.195678
v 0.006420 0.227933 0.197353
v 0.006420 0.217995 0.198551
v 0.006420 0.208010 0.199272
v 0.006420 0.198000 0.199512
v 0.006420 0.187990 0.199272
v 0.006420 0.178005 0.198551
v 0.006420 0.168067 0.197353
v 0.006420 0.158202 0.195678
v 0.006420 0.148432 0.193533
v 0.006420 0.138782 0.190921
v 0.006420 0.129274 0.187849
v 0.006420 0.119933 0.184325
v 0.006420 0.110779 0.180357
v 0.006420 0.101835 0.175954
v 0.006420 0.093123 0.171127
v 0.006420 0.084664 0.165888
v 0.006420 0.076477 0.160250
v 0.006420 0.068584 0.154225
v 0.006420 0.061002 0.147829
v 0.006420 0.053750 0.141076
v 0.006420 0.046846 0.133984
v 0.006420 0.040306 0.126569
v 0.006420 0.034146 0.118849
v 0.006420 0.028380 0.110843
v 0.006420 0.023023 0.102570
v 0.006420 0.018088 0.094049
v 0.006420 0.013586 0.085302
v 0.006420 0.009529 0.076350
v 0.006420 0.005925 0.067214
v 0.006420 0.002784 0.057915
v 0.006420 0.000114 0.048477
v 0.006420 -0.002080 0.038923
v 0.006420 -0.003792 0.029274
v 0.006420 -0.005018 0.019556
v 0.006420 -0.005754 0.009790
v 0.006420 -0.006000 0.000000
v 0.006420 -0.005754 -0.009790
v 0.006420 -0.005018 -0.019556
v 0.006420 -0.003792 -0.029274
v 0.006420 -0.002080 -0.038923
v 0.006420 0.000114 -0.048477
v 0.006420 0.002784 -0.057915
v 0.006420 0.005925 -0.067214
v 0.006420 0.009529 -0.076350
v 0.006420 0.013586 -0.085302
v 0.006420 0.018088 -0.094049
v 0.006420 0.023023 -0.102570
v 0.006420 0.028380 -0.110843
v 0.006420 0.034146 -0.118849
v 0.006420 0.040306 -0.126569
v 0.006420 0.046846 -0.133984
v 0.006420 0.053750 -0.141076
v 0.006420 0.061002 -0.147829
v 0.006420 0.068584 -0.154225
v 0.006420 0.076477 -0.160250
v 0.006420 0.084664 -0.165888
v 0.006420 0.093123 -0.171127
v 0.006420 0.101835 -0.175954
v 0.006420 0.110779 -0.180357
v 0.006420 0.119933 -0.184325
v 0.006420 0.129274 -0.187849
v 0.006420 0.138782 -0.190921
v 0.006420 0.148432 -0.193533
v 0.006420 0.158202 -0.195678
v 0.006420 0.168067 -0.197353
v 0.006420 0.178005 -0.198551
v 0.006420 0.187990 -0.199272
v 0.006420 0.198000 -0.199512
v 0.006420 0.208010 -0.199272
v 0.006420 0.217995 -0.198551
v 0.006420 0.227933 -0.197353
v 0.006420 0.237798 -0.195678
v 0.006420 0.247568 -0.193533
v 0.006420 0.257218 -0.190921
v 0.006420 0.266726 -0.187849
v 0.006420 0.276067 -0.184325
v 0.006420 0.285221 -0.180357
v 0.006420 0.294165 -0.175954
v 0.006420 0.302877 -0.171127
v 0.006420 0.311336 -0.165888
v 0.006420 0.319523 -0.160250
v 0.006420 0.327416 -0.154225
v 0.006420 0.334998 -0.147829
v 0.006420 0.342250 -0.141076
v 0.006420 0.349154 -0.133984
v 0.006420 0.355694 -0.126569
v 0.006420 0.361854 -0.118849
v 0.006420 0.367620 -0.110843
v 0.006420 0.372977 -0.102570
v 0.006420 0.377912 -0.094049
v 0.006420 0.382414 -0.085302
v 0.006420 0.386471 -0.076350
v 0.006420 0.390075 -0.067214
v 0.006420 0.393216 -0.057915
v 0.006420 0.395886 -0.048477
v 0.006420 0.398080 -0.038923
v 0.006420 0.399792 -0.029274
v 0.006420 0.401018 -0.019556
v 0.006420 0.401754 -0.009790
v 0.014674 0.397000 0.000000
v 0.014674 0.396760 0.009550
v 0.014674 0.396042 0.019076
v 0.014674 0.394846 0.028557
v 0.014674 0.393176 0.037969
v 0.014674 0.391036 0.047289
v 0.014674 0.388431 0.056496
v 0.014674 0.385367 0.065566
v 0.014674 0.381852 0.074479
v 0.014674 0.377894 0.083212
v 0.014674 0.373502 0.091744
v 0.014674 0.368688 0.100056
v 0.014674 0.363462 0.108126
v 0.014674 0.357838 0.115936
v 0.014674 0.351829 0.123467
v 0.014674 0.345449 0.130700
v 0.014674 0.338714 0.137619
v 0.014674 0.331640 0.144205
v 0.014674 0.324244 0.150445
v 0.014674 0.316544 0.156322
v 0.014674 0.308558 0.161822
v 0.014674 0.300306 0.166933
v 0.014674 0.291808 0.171641
v 0.014674 0.283083 0.175936
v 0.014674 0.274154 0.179807
v 0.014674 0.265041 0.183245
v 0.014674 0.255767 0.186242
v 0.014674 0.246353 0.188789
v 0.014674 0.236823 0.190882
v 0.014674 0.227199 0.192515
v 0.014674 0.217505 0.193685
v 0.014674 0.207764 0.194388
v 0.014674 0.198000 0.194622
v 0.014674 0.188236 0.194388
v 0.014674 0.178495 0.193685
v 0.014674 0.168801 0.192515
v 0.014674 0.159177 0.190882
v 0.014674 0.149647 0.188789
v 0.014674 0.140233 0.186242
v 0.014674 0.130959 0.183245
v 0.014674 0.121846 0.179807
v 0.014674 0.112917 0.175936
v 0.014674 0.104192 0.171641
v 0.014674 0.095694 0.166933
v 0.014674 0.087442 0.161822
v 0.014674 0.079456 0.156322
v 0.014674 0.071756 0.150445
v 0.014674 0.064360 0.144205
v 0.014674 0.057286 0.137619
v 0.014674 0.050551 0.130700
v 0.014674 0.044171 0.123467
v 0.014674 0.038162 0.115936
v 0.014674 0.032538 0.108126
v 0.014674 0.027312 0.100056
v 0.014674 0.022498 0.091744
v 0.014674 0.018106 0.083212
v 0.014674 0.014148 0.074479
v 0.014674 0.010633 0.065566
v 0.014674 0.007569 0.056496
v 0.014674 0.004964 0.047289
v 0.014674 0.002824 0.037969
v 0.014674 0.001154 0.028557
v 0.014674 -0.000042 0.019076
v 0.014674 -0.000760 0.009550
v 0.014674 -0.001000 0.000000
v 0.014674 -0.000760 -0.009550
v 0.014674 -0.000042 -0.019076
v 0.014674 0.001154 -0.028557
v 0.014674 0.002824 -0.037969
v 0.014674 0.004964 -0.047289
v 0.014674 0.007569 -0.056496
v 0.014674 0.010633 -0.065566
v 0.014674 0.014148 -0.074479
v 0.014674 0.018106 -0.083212
v 0.014674 0.022498 -0.091744
v 0.014674 0.027312 -0.100056
v 0.014674 0.032538 -0.108126
v 0.014674 0.038162 -0.115936
v 0.014674 0.044171 -0.123467
v 0.014674 0.050551 -0.130700
v 0.014674 0.057286 -0.137619
v 0.014674 0.064360 -0.144205
v 0.014674 0.071756 -0.150445
v 0.014674 0.079456 -0.156322
v 0.014674 0.087442 -0.161822
v 0.014674 0.095694 -0.166933
v 0.014674 0.104192 -0.171641
v 0.014674 0.112917 -0.175936
v 0.014674 0.121846 -0.179807
v 0.014674 0.130959 -0.183245
v 0.014674 0.140233 -0.186242
v 0.014674 0.149647 -0.188789
v 0.014674 0.159177 -0.190882
v 0.014674 0.168801 -0.192516
v 0.014674 0.178495 -0.193685
v 0.014674 0.188236 -0.194388
v 0.014674 0.198000 -0.194622
v 0.014674 0.207764 -0.194388
v 0.014674 0.217505 -0.193685
v 0.014674 0.227199 -0.192516
v 0.014674 0.236823 -0.190882
v 0.014674 0.246353 -0.188789
v 0.014674 0.255767 -0.186242
v 0.014674 0.265041 -0.183245
v 0.014674 0.274154 -0.179807
v 0.014674 0.283083 -0.175936
v 0.014674 0.291808 -0.171641
v 0.014674 0.300306 -0.166933
v 0.014674 0.308558 -0.161822
v 0.014674 0.316544 -0.156322
v 0.014674 0.324244 -0.150445
v 0.014674 0.331640 -0.144205
v 0.014674 0.338714 -0.137619
v 0.014674 0.345449 -0.130700
v 0.014674 0.351829 -0.123467
v 0.014674 0.357838 -0.115936
v 0.014674 0.363462 -0.108126
v 0.014674 0.368688 -0.100056
v 0.014674 0.373502 -0.091744
v 0.014674 0.377894 -0.083212
v 0.014674 0.381852 -0.074479
v 0.014674 0.385367 -0.065566
v 0.014674 0.388431 -0.056496
v 0.014674 0.391036 -0.047289
v 0.014674 0.393176 -0.037969
v 0.014674 0.394846 -0.028557
v 0.014674 0.396042 -0.019076
v 0.014674 0.396760 -0.009550
v 0.014674 0.386000 0.000000
v 0.014674 0.385774 0.009022
v 0.014674 0.385095 0.018022
v 0.014674 0.383965 0.026978
v 0.014674 0.382388 0.035870
v 0.014674 0.380366 0.044675
v 0.014674 0.377905 0.053373
v 0.014674 0.375010 0.061942
v 0.014674 0.371689 0.070362
v 0.014674 0.367950 0.078612
v 0.014674 0.363801 0.086673
v 0.014674 0.359253 0.094525
v 0.014674 0.354316 0.102149
v 0.014674 0.349003 0.109528
v 0.014674 0.343326 0.116642
v 0.014674 0.337299 0.123475
v 0.014674 0.330936 0.130011
v 0.014674 0.324253 0.136234
v 0.014674 0.317266 0.142129
v 0.014674 0.309991 0.147681
v 0.014674 0.302447 0.152877
v 0.014674 0.294651 0.157705
v 0.014674 0.286623 0.162154
v 0.014674 0.278380 0.166211
v 0.014674 0.269944 0.169868
v 0.014674 0.261335 0.173116
v 0.014674 0.252574 0.175947
v 0.014674 0.243680 0.178354
v 0.014674 0.234677 0.180331
v 0.014674 0.225585 0.181874
v 0.014674 0.216427 0.182979
v 0.014674 0.207225 0.183643
v 0.014674 0.198000 0.183864
v 0.014674 0.188775 0.183643
v 0.014674 0.179573 0.182979
v 0.014674 0.170415 0.181874
v 0.014674 0.161323 0.180331
v 0.014674 0.152320 0.178354
v 0.014674 0.143426 0.175947
v 0.014674 0.134665 0.173116
v 0.014674 0.126056 0.169868
v 0.014674 0.117620 0.166211
v 0.014674 0.109377 0.162154
v 0.014674 0.101349 0.157705
v 0.014674 0.093553 0.152877
v 0.014674 0.086009 0.147681
v 0.014674 0.078734 0.142129
v 0.014674 0.071747 0.136234
v 0.014674 0.065064 0.130011
v 0.014674 0.058701 0.123475
v 0.014674 0.052674 0.116642
v 0.014674 0.046997 0.109528
v 0.014674 0.041684 0.102149
v 0.014674 0.036747 0.094525
v 0.014674 0.032199 0.086673
v 0.014674 0.028050 0.078612
v 0.014674 0.024311 0.070362
v 0.014674 0.020990 0.061942
v 0.014674 0.018095 0.053373
v 0.014674 0.015634 0.044675
v 0.014674 0.013612 0.035870
v 0.014674 0.012035 0.026978
v 0.014674 0.010905 0.018022
v 0.014674 0.010226 0.009022
v 0.014674 0.010000 0.000000
v 0.014674 0.010226 -0.009022
v 0.014674 0.010905 -0.018022
v 0.014674 0.012035 -0.026978
v 0.014674 0.013612 -0.035870
v 0.014674 0.015634 -0.044675
v 0.014674 0.018095 -0.053373
v 0.014674 0.020990 -0.061942
v 0.014674 0.024311 -0.070362
v 0.014674 0.028050 -0.078612
v 0.014674 0.032199 -0.086673
v 0.014674 0.036747 -0.094525
v 0.014674 0.041684 -0.102149
v 0.014674 0.046997 -0.109528
v 0.014674 0.052674 -0.116642
v 0.014674 0.058701 -0.123476
v 0.014674 0.065064 -0.130011
v 0.014674 0.071747 -0.136234
v 0.014674 0.078734 -0.142129
v 0.014674 0.086009 -0.147681
v 0.014674 0.093553 -0.152877
v 0.014674 0.101349 -0.157705
v 0.014674 0.109377 -0.162154
v 0.014674 0.117620 -0.166211
v 0.014674 0.126056 -0.169868
v 0.014674 0.134665 -0.173116
v 0.014674 0.143426 -0.175947
v 0.014674 0.152320 -0.178354
v 0.014674 0.161323 -0.180331
v 0.014674 0.170415 -0.181874
v 0.014674 0.179573 -0.182979
v 0.014674 0.188775 -0.183643
v 0.014674 0.198000 -0.183864
v 0.014674 0.207225 -0.183643
v 0.014674 0.216427 -0.182979
v 0.014674 0.225585 -0.181874
v 0.014674 0.234677 -0.180331
v 0.014674 0.243680 -0.178354
v 0.014674 0.252574 -0.175947
v 0.014674 0.261335 -0.173116
v 0.014674 0.269944 -0.169868
v 0.014674 0.278380 -0.166211
v 0.014674 0.286623 -0.162154
v 0.014674 0.294651 -0.157705
v 0.014674 0.302447 -0.152877
v 0.014674 0.309991 -0.147681
v 0.014674 0.317266 -0.142129
v 0.014674 0.324253 -0.136234
v 0.014674 0.330936 -0.130011
v 0.014674 0.337299 -0.123476
v 0.014674 0.343326 -0.116642
v 0.014674 0.349003 -0.109528
v 0.014674 0.354316 -0.102149
v 0.014674 0.359253 -0.094525
v 0.014674 0.363801 -0.086673
v 0.014674 0.367950 -0.078612
v 0.014674 0.371689 -0.070362
v 0.014674 0.375010 -0.061942
v 0.014674 0.377905 -0.053373
v 0.014674 0.380366 -0.044675
v 0.014674 0.382388 -0.035870
v 0.014674 0.383965 -0.026978
v 0.014674 0.385095 -0.018022
v 0.014674 0.385774 -0.009022
v 0.008254 0.379000 0.000000
v 0.008254 0.378782 0.008686
v 0.008254 0.378128 0.017351
v 0.008254 0.377041 0.025974
v 0.008254 0.375522 0.034534
v 0.008254 0.373576 0.043012
v 0.008254 0.371206 0.051386
v 0.008254 0.368419 0.059636
v 0.008254 0.365222 0.067742
v 0.008254 0.361622 0.075685
v 0.008254 0.357628 0.083446
v 0.008254 0.353249 0.091005
v 0.008254 0.348496 0.098346
v 0.008254 0.343381 0.105449
v 0.008254 0.337915 0.112299
v 0.008254 0.332112 0.118878
v 0.008254 0.325986 0.125171
v 0.008254 0.319552 0.131162
v 0.008254 0.312825 0.136837
v 0.008254 0.305822 0.142182
v 0.008254 0.298558 0.147185
v 0.008254 0.291053 0.151833
v 0.008254 0.283323 0.156116
v 0.008254 0.275387 0.160022
v 0.008254 0.267266 0.163543
v 0.008254 0.258977 0.166670
v 0.008254 0.250542 0.169396
v 0.008254 0.241979 0.171713
v 0.008254 0.233311 0.173617
v 0.008254 0.224558 0.175102
v 0.008254 0.215741 0.176166
v 0.008254 0.206881 0.176805
v 0.008254 0.198000 0.177018
v 0.008254 0.189119 0.176805
v 0.008254 0.180259 0.176166
v 0.008254 0.171442 0.175102
v 0.008254 0.162689 0.173617
v 0.008254 0.154021 0.171713
v 0.008254 0.145458 0.169396
v 0.008254 0.137023 0.166670
v 0.008254 0.128734 0.163543
v 0.008254 0.120613 0.160022
v 0.008254 0.112677 0.156116
v 0.008254 0.104947 0.151833
v 0.008254 0.097442 0.147185
v 0.008254 0.090178 0.142182
v 0.008254 0.083175 0.136837
v 0.008254 0.076448 0.131162
v 0.008254 0.070014 0.125171
v 0.008254 0.063888 0.118878
v 0.008254 0.058085 0.112299
v 0.008254 0.052619 0.105449
v 0.008254 0.047504 0.098346
v 0.008254 0.042751 0.091005
v 0.008254 0.038372 0.083446
v 0.008254 0.034378 0.075685
v 0.008254 0.030778 0.067742
v 0.008254 0.027581 0.059636
v 0.008254 0.024794 0.051386
v 0.008254 0.022424 0.043012
v 0.008254 0.020478 0.034534
v 0.008254 0.018959 0.025974
v 0.008254 0.017872 0.017351
v 0.008254 0.017218 0.008686
v 0.008254 0.017000 0.000000
v 0.008254 0.017218 -0.008686
v 0.008254 0.017872 -0.017351
v 0.008254 0.018959 -0.025974
v 0.008254 0.020478 -0.034534
v 0.008254 0.022424 -0.043012
v 0.008254 0.024794 -0.051386
v 0.008254 0.027581 -0.059636
v 0.008254 0.030778 -0.067742
v 0.008254 0.034378 -0.075685
v 0.008254 0.038372 -0.083446
v 0.008254 0.042751 -0.091005
v 0.008254 0.047504 -0.098346
v 0.008254 0.052619 -0.105450
v 0.008254 0.058085 -0.112299
v 0.008254 0.063888 -0.118878
v 0.008254 0.070014 -0.125171
v 0.008254 0.076448 -0.131162
v 0.008254 0.083175 -0.136837
v 0.008254 0.090178 -0.142182
v 0.008254 0.097442 -0.147185
v 0.008254 0.104947 -0.151833
v 0.008254 0.112677 -0.156116
v 0.008254 0.120613 -0.160022
v 0.008254 0.128734 -0.163543
v 0.008254 0.137023 -0.166670
v 0.008254 0.145458 -0.169396
v 0.008254 0.154021 -0.171713
v 0.008254 0.162689 -0.173617
v 0.008254 0.171442 -0.175102
v 0.008254 0.180259 -0.176166
v 0.008254 0.189119 -0.176805
v 0.008254 0.198000 -0.177018
v 0.008254 0.206881 -0.176805
v 0.008254 0.215741 -0.176166
v 0.008254 0.224558 -0.175102
v 0.008254 0.233311 -0.173617
v 0.008254 0.241979 -0.171713
v 0.008254 0.250542 -0.169396
v 0.008254 0.258977 -0.166670
v 0.008254 0.267266 -0.163543
v 0.008254 0.275387 -0.160022
v 0.008254 0.283323 -0.156116
v 0.008254 0.291053 -0.151833
v 0.008254 0.298558 -0.147185
v 0.008254 0.305822 -0.142182
v 0.008254 0.312825 -0.136837
v 0.008254 0.319552 -0.131162
v 0.008254 0.325986 -0.125171
v 0.008254 0.332112 -0.118878
v 0.008254 0.337915 -0.112299
v 0.008254 0.343381 -0.105450
v 0.008254 0.348496 -0.098346
v 0.008254 0.353249 -0.091005
v 0.008254 0.357628 -0.083446
v 0.008254 0.361622 -0.075685
v 0.008254 0.365222 -0.067742
v 0.008254 0.368419 -0.059636
v 0.008254 0.371206 -0.051386
v 0.008254 0.373576 -0.043012
v 0.008254 0.375522 -0.034534
v 0.008254 0.377041 -0.025974
v 0.008254 0.378128 -0.017351
v 0.008254 0.378782 -0.008686
v 0.000917 0.382000 0.000000
v 0.000917 0.381778 0.008830
v 0.000917 0.381114 0.017638
v 0.000917 0.380008 0.026404
v 0.000917 0.378464 0.035107
v 0.000917 0.376486 0.043725
v 0.000917 0.374077 0.052237
v 0.000917 0.371244 0.060624
v 0.000917 0.367994 0.068865
v 0.000917 0.364334 0.076939
v 0.000917 0.360274 0.084829
v 0.000917 0.355822 0.092514
v 0.000917 0.350990 0.099976
v 0.000917 0.345790 0.107197
v 0.000917 0.340234 0.114160
v 0.000917 0.334335 0.120848
v 0.000917 0.328108 0.127245
v 0.000917 0.321567 0.133336
v 0.000917 0.314728 0.139105
v 0.000917 0.307609 0.144539
v 0.000917 0.300225 0.149625
v 0.000917 0.292595 0.154350
v 0.000917 0.284737 0.158703
v 0.000917 0.276670 0.162675
v 0.000917 0.268414 0.166254
v 0.000917 0.259988 0.169433
v 0.000917 0.251412 0.172203
v 0.000917 0.242708 0.174559
v 0.000917 0.233897 0.176494
v 0.000917 0.224998 0.178004
v 0.000917 0.216035 0.179085
v 0.000917 0.207028 0.179735
v 0.000917 0.198000 0.179952
v 0.000917 0.188972 0.179735
v 0.000917 0.179965 0.179085
v 0.000917 0.171002 0.178004
v 0.000917 0.162103 0.176494
v 0.000917 0.153292 0.174559
v 0.000917 0.144588 0.172203
v 0.000917 0.136012 0.169433
v 0.000917 0.127586 0.166254
v 0.000917 0.119330 0.162675
v 0.000917 0.111263 0.158703
v 0.000917 0.103405 0.154350
v 0.000917 0.095775 0.149625
v 0.000917 0.088391 0.144539
v 0.000917 0.081272 0.139105
v 0.000917 0.074433 0.133336
v 0.000917 0.067892 0.127245
v 0.000917 0.061665 0.120848
v 0.000917 0.055766 0.114160
v 0.000917 0.050210 0.107197
v 0.000917 0.045010 0.099976
v 0.000917 0.040178 0.092514
v 0.000917 0.035726 0.084829
v 0.000917 0.031666 0.076939
v 0.000917 0.028006 0.068865
v 0.000917 0.024756 0.060624
v 0.000917 0.021923 0.052237
v 0.000917 0.019514 0.043725
v 0.000917 0.017536 0.035107
v 0.000917 0.015992 0.026404
v 0.000917 0.014886 0.017638
v 0.000917 0.014222 0.008830
v 0.000917 0.014000 0.000000
v 0.000917 0.014222 -0.008830
v 0.000917 0.014886 -0.017638
v 0.000917 0.015992 -0.026404
v 0.000917 0.017536 -0.035107
v 0.000917 0.019514 -0.043725
v 0.000917 0.021923 -0.052237
v 0.000917 0.024756 -0.060624
v 0.000917 0.028006 -0.068865
v 0.000917 0.031666 -0.076939
v 0.000917 0.035726 -0.084829
v 0.000917 0.040178 -0.092514
v 0.000917 0.045010 -0.099976
v 0.000917 0.050210 -0.107197
v 0.000917 0.055766 -0.114160
v 0.000917 0.061665 -0.120848
v 0.000917 0.067892 -0.127245
v 0.000917 0.074433 -0.133336
v 0.000917 0.081272 -0.139105
v 0.000917 0.088391 -0.144539
v 0.000917 0.095775 -0.149625
v 0.000917 0.103405 -0.154350
v 0.000917 0.111263 -0.158704
v 0.000917 0.119330 -0.162675
v 0.000917 0.127586 -0.166254
v 0.000917 0.136012 -0.169433
v 0.000917 0.144588 -0.172203
v 0.000917 0.153292 -0.174559
v 0.000917 0.162103 -0.176494
v 0.000917 0.171002 -0.178004
v 0.000917 0.179965 -0.179085
v 0.000917 0.188972 -0.179735
v 0.000917 0.198000 -0.179952
v 0.000917 0.207028 -0.179735
v 0.000917 0.216035 -0.179085
v 0.000917 0.224998 -0.178004
v 0.000917 0.233897 -0.176494
v 0.000917 0.242708 -0.174559
v 0.000917 0.251412 -0.172203
v 0.000917 0.259988 -0.169433
v 0.000917 0.268414 -0.166254
v 0.000917 0.276670 -0.162675
v 0.000917 0.284737 -0.158704
v 0.000917 0.292595 -0.154350
v 0.000917 0.300225 -0.149625
v 0.000917 0.307609 -0.144539
v 0.000917 0.314728 -0.139105
v 0.000917 0.321567 -0.133336
v 0.000917 0.328108 -0.127245
v 0.000917 0.334335 -0.120848
v 0.000917 0.340234 -0.114160
v 0.000917 0.345790 -0.107197
v 0.000917 0.350990 -0.099976
v 0.000917 0.355822 -0.092514
v 0.000917 0.360274 -0.084829
v 0.000917 0.364334 -0.076939
v 0.000917 0.367994 -0.068865
v 0.000917 0.371244 -0.060624
v 0.000917 0.374077 -0.052237
v 0.000917 0.376486 -0.043725
v 0.000917 0.378464 -0.035107
v 0.000917 0.380008 -0.026404
v 0.000917 0.381114 -0.017638
v 0.000917 0.381778 -0.008830
vn -0.9421 0.3352 -0.0000
vn -0.9421 0.3348 0.0168
vn -0.9421 0.3336 0.0336
vn -0.9421 0.3315 0.0503
vn -0.9421 0.3286 0.0669
vn -0.9420 0.3250 0.0833
vn -0.9420 0.3205 0.0995
vn -0.9420 0.3153 0.1154
vn -0.9419 0.3092 0.1311
vn -0.9419 0.3025 0.1464
vn -0.9418 0.2950 0.1613
vn -0.9417 0.2867 0.1758
vn -0.9417 0.2778 0.1899
vn -0.9416 0.2683 0.2036
vn -0.9415 0.2581 0.2167
vn -0.9414 0.2472 0.2293
vn -0.9414 0.2358 0.2413
vn -0.9413 0.2239 0.2527
vn -0.9412 0.2114 0.2635
vn -0.9411 0.1984 0.2737
vn -0.9411 0.1849 0.2832
vn -0.9410 0.1711 0.2920
vn -0.9409 0.1568 0.3001
vn -0.9409 0.1421 0.3075
vn -0.9408 0.1272 0.3141
vn -0.9408 0.1119 0.3200
vn -0.9407 0.0964 0.3252
vn -0.9407 0.0807 0.3295
vn -0.9407 0.0648 0.3331
vn -0.9406 0.0487 0.3359
vn -0.9406 0.0325 0.3379
vn -0.9406 0.0163 0.3391
vn -0.9406 -0.0000 0.3395
vn -0.9406 -0.0163 0.3391
vn -0.9406 -0.0325 0.3379
vn -0.9406 -0.0487 0.3359
vn -0.9407 -0.0648 0.3331
vn -0.9407 -0.0807 0.3295
vn -0.9407 -0.0964 0.3252
vn -0.9408 -0.1119 0.3200
vn -0.9408 -0.1272 0.3141
vn -0.9409 -0.1421 0.3075
vn -0.9409 -0.1568 0.3001
vn -0.9410 -0.1711 0.2920
vn -0.9411 -0.1849 0.2832
vn -0.9411 -0.1984 0.2737
vn -0.9412 -0.2114 0.2635
vn -0.9413 -0.2239 0.2527
vn -0.9414 -0.2358 0.2413
vn -0.9414 -0.2472 0.2293
vn -0.9415 -0.2581 0.2167
vn -0.9416 -0.2683 0.2036
vn -0.9417 -0.2778 0.1899
vn -0.9417 -0.2867 0.1758
vn -0.9418 -0.2950 0.1613
vn -0.9419 -0.3025 0.1464
vn -0.9419 -0.3092 0.1311
vn -0.9420 -0.3153 0.1154
vn -0.9420 -0.3205 0.0995
vn -0.9420 -0.3250 0.0833
vn -0.9421 -0.3286 0.0669
vn -0.9421 -0.3315 0.0503
vn -0.9421 -0.3336 0.0336
vn -0.9421 -0.3348 0.0168
vn -0.9421 -0.3352 -0.0000
vn -0.9421 -0.3348 -0.0168
vn -0.9421 -0.3336 -0.0336
vn -0.9421 -0.3315 -0.0503
vn -0.9421 -0.3286 -0.0669
vn -0.9420 -0.3250 -0.0833
vn -0.9420 -0.3205 -0.0995
vn -0.9420 -0.3153 -0.1154
vn -0.9419 -0.3092 -0.1311
vn -0.9419 -0.3025 -0.1464
vn -0.9418 -0.2950 -0.1613
vn -0.9417 -0.2867 -0.1758
vn -0.9417 -0.2778 -0.1899
vn -0.9416 -0.2683 -0.2036
vn -0.9415 -0.2581 -0.2167
vn -0.9414 -0.2472 -0.2293
vn -0.9414 -0.2358 -0.2413
vn -0.9413 -0.2239 -0.2527
vn -0.9412 -0.2114 -0.2635
vn -0.9411 -0.1984 -0.2737
vn -0.9411 -0.1849 -0.2832
vn -0.9410 -0.1711 -0.2920
vn -0.9409 -0.1568 -0.3001
vn -0.9409 -0.1421 -0.3075
vn -0.9408 -0.1272 -0.3141
vn -0.9408 -0.1119 -0.3200
vn -0.9407 -0.0964 -0.3252
vn -0.9407 -0.0807 -0.3295
vn -0.9407 -0.0648 -0.3331
vn -0.9406 -0.0487 -0.3359
vn -0.9406 -0.0325 -0.3379
vn -0.9406 -0.0163 -0.3391
vn -0.9406 -0.0000 -0.3395
vn -0.9406 0.0163 -0.3391
vn -0.9406 0.0325 -0.3379
vn -0.9406 0.0487 -0.3359
vn -0.9407 0.0648 -0.3331
vn -0.9407 0.0807 -0.3295
vn -0.9407 0.0964 -0.3252
vn -0.9408 0.1119 -0.3200
vn -0.9408 0.1272 -0.3141
vn -0.9409 0.1421 -0.3075
vn -0.9409 0.1568 -0.3001
vn -0.9410 0.1711 -0.2920
vn -0.9411 0.1849 -0.2832
vn -0.9411 0.1984 -0.2737
vn -0.9412 0.2114 -0.2635
vn -0.9413 0.2239 -0.2527
vn -0.9414 0.2358 -0.2413
vn -0.9414 0.2472 -0.2293
vn -0.9415 0.2581 -0.2167
vn -0.9416 0.2683 -0.2036
vn -0.9417 0.2778 -0.1899
vn -0.9417 0.2867 -0.1758
vn -0.9418 0.2950 -0.1613
vn -0.9419 0.3025 -0.1464
vn -0.9419 0.3092 -0.1311
vn -0.9420 0.3153 -0.1154
vn -0.9420 0.3205 -0.0995
vn -0.9420 0.3250 -0.0833
vn -0.9421 0.3286 -0.0669
vn -0.9421 0.3315 -0.0503
vn -0.9421 0.3336 -0.0336
vn -0.9421 0.3348 -0.0168
vn -0.1401 0.9901 -0.0000
vn -0.1401 0.9889 0.0497
vn -0.1401 0.9852 0.0992
vn -0.1401 0.9790 0.1484
vn -0.1401 0.9703 0.1973
vn -0.1401 0.9592 0.2456
vn -0.1401 0.9457 0.2932
vn -0.1400 0.9299 0.3401
vn -0.1400 0.9118 0.3860
vn -0.1400 0.8915 0.4309
vn -0.1400 0.8689 0.4747
vn -0.1400 0.8443 0.5172
vn -0.1399 0.8177 0.5584
vn -0.1399 0.7891 0.5981
vn -0.1399 0.7586 0.6363
vn -0.1399 0.7264 0.6729
vn -0.1398 0.6925 0.7077
vn -0.1398 0.6570 0.7408
vn -0.1398 0.6200 0.7721
vn -0.1398 0.5816 0.8014
vn -0.1397 0.5418 0.8288
vn -0.1397 0.5009 0.8541
vn -0.1397 0.4589 0.8774
vn -0.1397 0.4159 0.8986
vn -0.1396 0.3719 0.9177
vn -0.1396 0.3272 0.9346
vn -0.1396 0.2817 0.9493
vn -0.1396 0.2357 0.9617
vn -0.1396 0.1892 0.9720
vn -0.1396 0.1422 0.9799
vn -0.1396 0.0950 0.9856
vn -0.1396 0.0475 0.9891
vn -0.1396 -0.0000 0.9902
vn -0.1396 -0.0475 0.9891
vn -0.1396 -0.0950 0.9856
vn -0.1396 -0.1422 0.9799
vn -0.1396 -0.1892 0.9720
vn -0.1396 -0.2357 0.9617
vn -0.1396 -0.2817 0.9493
vn -0.1396 -0.3272 0.9346
vn -0.1396 -0.3719 0.9177
vn -0.1397 -0.4159 0.8986
vn -0.1397 -0.4589 0.8774
vn -0.1397 -0.5009 0.8541
vn -0.1397 -0.5418 0.8288
vn -0.1398 -0.5816 0.8014
vn -0.1398 -0.6200 0.7721
vn -0.1398 -0.6570 0.7408
vn -0.1398 -0.6925 0.7077
vn -0.1399 -0.7264 0.6729
vn -0.1399 -0.7586 0.6363
vn -0.1399 -0.7891 0.5981
vn -0.1399 -0.8177 0.5584
vn -0.1400 -0.8443 0.5172
vn -0.1400 -0.8689 0.4747
vn -0.1400 -0.8915 0.4309
vn -0.1400 -0.9118 0.3860
vn -0.1400 -0.9299 0.3401
vn -0.1401 -0.9457 0.2932
vn -0.1401 -0.9592 0.2456
vn -0.1401 -0.9703 0.1973
vn -0.1401 -0.9790 0.1484
vn -0.1401 -0.9852 0.0992
vn -0.1401 -0.9889 0.0497
vn -0.1401 -0.9901 -0.0000
vn -0.1401 -0.9889 -0.0497
vn -0.1401 -0.9852 -0.0992
vn -0.1401 -0.9790 -0.1484
vn -0.1401 -0.9703 -0.1973
vn -0.1401 -0.9592 -0.2456
vn -0.1401 -0.9457 -0.2932
vn -0.1400 -0.9299 -0.3401
vn -0.1400 -0.9118 -0.3860
vn -0.1400 -0.8915 -0.4309
vn -0.1400 -0.8689 -0.4747
vn -0.1400 -0.8443 -0.5172
vn -0.1399 -0.8177 -0.5584
vn -0.1399 -0.7891 -0.5981
vn -0.1399 -0.7586 -0.6363
vn -0.1399 -0.7264 -0.6729
vn -0.1398 -0.6925 -0.7077
vn -0.1398 -0.6570 -0.7408
vn -0.1398 -0.6200 -0.7721
vn -0.1398 -0.5816 -0.8014
vn -0.1397 -0.5418 -0.8288
vn -0.1397 -0.5009 -0.8541
vn -0.1397 -0.4589 -0.8774
vn -0.1397 -0.4159 -0.8986
vn -0.1396 -0.3719 -0.9177
vn -0.1396 -0.3272 -0.9346
vn -0.1396 -0.2818 -0.9493
vn -0.1396 -0.2357 -0.9617
vn -0.1396 -0.1892 -0.9720
vn -0.1396 -0.1422 -0.9799
vn -0.1396 -0.0950 -0.9856
vn -0.1396 -0.0475 -0.9891
vn -0.1396 -0.0000 -0.9902
vn -0.1396 0.0475 -0.9891
vn -0.1396 0.0950 -0.9856
vn -0.1396 0.1422 -0.9799
vn -0.1396 0.1892 -0.9720
vn -0.1396 0.2357 -0.9617
vn -0.1396 0.2818 -0.9493
vn -0.1396 0.3272 -0.9346
vn -0.1396 0.3719 -0.9177
vn -0.1397 0.4159 -0.8986
vn -0.1397 0.4589 -0.8774
vn -0.1397 0.5009 -0.8541
vn -0.1397 0.5418 -0.8288
vn -0.1398 0.5816 -0.8014
vn -0.1398 0.6200 -0.7721
vn -0.1398 0.6570 -0.7408
vn -0.1398 0.6925 -0.7077
vn -0.1399 0.7264 -0.6729
vn -0.1399 0.7586 -0.6363
vn -0.1399 0.7891 -0.5981
vn -0.1399 0.8177 -0.5584
vn -0.1400 0.8443 -0.5172
vn -0.1400 0.8689 -0.4747
vn -0.1400 0.8915 -0.4309
vn -0.1400 0.9118 -0.3860
vn -0.1400 0.9299 -0.3401
vn -0.1401 0.9457 -0.2932
vn -0.1401 0.9592 -0.2456
vn -0.1401 0.9703 -0.1973
vn -0.1401 0.9790 -0.1484
vn -0.1401 0.9852 -0.0992
vn -0.1401 0.9889 -0.0497
vn 0.8679 0.4968 -0.0000
vn 0.8679 0.4962 0.0249
vn 0.8679 0.4943 0.0498
vn 0.8678 0.4912 0.0745
vn 0.8678 0.4870 0.0991
vn 0.8677 0.4815 0.1234
vn 0.8677 0.4748 0.1473
vn 0.8676 0.4670 0.1709
vn 0.8675 0.4580 0.1940
vn 0.8674 0.4479 0.2167
vn 0.8674 0.4367 0.2387
vn 0.8673 0.4244 0.2602
vn 0.8672 0.4112 0.2810
vn 0.8670 0.3969 0.3011
vn 0.8669 0.3818 0.3205
vn 0.8668 0.3657 0.3390
vn 0.8667 0.3487 0.3567
vn 0.8666 0.3309 0.3735
vn 0.8665 0.3124 0.3894
vn 0.8664 0.2932 0.4043
vn 0.8663 0.2732 0.4182
vn 0.8662 0.2527 0.4312
vn 0.8661 0.2315 0.4431
vn 0.8660 0.2099 0.4539
vn 0.8659 0.1878 0.4637
vn 0.8658 0.1652 0.4723
vn 0.8658 0.1423 0.4798
vn 0.8657 0.1191 0.4862
vn 0.8656 0.0956 0.4914
vn 0.8656 0.0719 0.4955
vn 0.8656 0.0480 0.4985
vn 0.8656 0.0240 0.5002
vn 0.8656 -0.0000 0.5008
vn 0.8656 -0.0240 0.5002
vn 0.8656 -0.0480 0.4985
vn 0.8656 -0.0719 0.4955
vn 0.8656 -0.0956 0.4914
vn 0.8657 -0.1191 0.4862
vn 0.8658 -0.1423 0.4798
vn 0.8658 -0.1652 0.4723
vn 0.8659 -0.1878 0.4637
vn 0.8660 -0.2099 0.4539
vn 0.8661 -0.2315 0.4431
vn 0.8662 -0.2527 0.4312
vn 0.8663 -0.2732 0.4182
vn 0.8664 -0.2932 0.4043
vn 0.8665 -0.3124 0.3894
vn 0.8666 -0.3309 0.3735
vn 0.8667 -0.3487 0.3567
vn 0.8668 -0.3657 0.3390
vn 0.8669 -0.3818 0.3205
vn 0.8670 -0.3969 0.3011
vn 0.8672 -0.4112 0.2810
vn 0.8673 -0.4244 0.2602
vn 0.8674 -0.4367 0.2387
vn 0.8674 -0.4479 0.2167
vn 0.8675 -0.4580 0.1940
vn 0.8676 -0.4670 0.1709
vn 0.8677 -0.4748 0.1473
vn 0.8677 -0.4815 0.1234
vn 0.8678 -0.4870 0.0991
vn 0.8678 -0.4912 0.0745
vn 0.8679 -0.4943 0.0498
vn 0.8679 -0.4962 0.0249
vn 0.8679 -0.4968 -0.0000
vn 0.8679 -0.4962 -0.0249
vn 0.8679 -0.4943 -0.0498
vn 0.8678 -0.4912 -0.0745
vn 0.8678 -0.4870 -0.0991
vn 0.8677 -0.4815 -0.1234
vn 0.8677 -0.4748 -0.1473
vn 0.8676 -0.4670 -0.1709
vn 0.8675 -0.4580 -0.1940
vn 0.8674 -0.4479 -0.2167
vn 0.8674 -0.4367 -0.2387
vn 0.8673 -0.4244 -0.2602
vn 0.8672 -0.4112 -0.2810
vn 0.8670 -0.3969 -0.3011
vn 0.8669 -0.3818 -0.3205
vn 0.8668 -0.3657 -0.3390
vn 0.8667 -0.3487 -0.3567
vn 0.8666 -0.3309 -0.3735
vn 0.8665 -0.3124 -0.3894
vn 0.8664 -0.2932 -0.4043
vn 0.8663 -0.2732 -0.4182
vn 0.8662 -0.2527 -0.4312
vn 0.8661 -0.2315 -0.4431
vn 0.8660 -0.2099 -0.4539
vn 0.8659 -0.1878 -0.4636
vn 0.8658 -0.1652 -0.4723
vn 0.8658 -0.1423 -0.4798
vn 0.8657 -0.1191 -0.4862
vn 0.8656 -0.0956 -0.4914
vn 0.8656 -0.0719 -0.4955
vn 0.8656 -0.0480 -0.4985
vn 0.8656 -0.0240 -0.5002
vn 0.8656 -0.0000 -0.5008
vn 0.8656 0.0240 -0.5002
vn 0.8656 0.0480 -0.4985
vn 0.8656 0.0719 -0.4955
vn 0.8656 0.0956 -0.4914
vn 0.8657 0.1191 -0.4862
vn 0.8658 0.1423 -0.4798
vn 0.8658 0.1652 -0.4723
vn 0.8659 0.1878 -0.4636
vn 0.8660 0.2099 -0.4539
vn 0.8661 0.2315 -0.4431
vn 0.8662 0.2527 -0.4312
vn 0.8663 0.2732 -0.4182
vn 0.8664 0.2932 -0.4043
vn 0.8665 0.3124 -0.3894
vn 0.8666 0.3309 -0.3735
vn 0.8667 0.3487 -0.3567
vn 0.8668 0.3657 -0.3390
vn 0.8669 0.3818 -0.3205
vn 0.8670 0.3969 -0.3011
vn 0.8672 0.4112 -0.2810
vn 0.8673 0.4244 -0.2602
vn 0.8674 0.4367 -0.2387
vn 0.8674 0.4479 -0.2167
vn 0.8675 0.4580 -0.1940
vn 0.8676 0.4670 -0.1709
vn 0.8677 0.4748 -0.1473
vn 0.8677 0.4815 -0.1234
vn 0.8678 0.4870 -0.0991
vn 0.8678 0.4912 -0.0745
vn 0.8679 0.4943 -0.0498
vn 0.8679 0.4962 -0.0249
vn 0.9339 -0.3576 -0.0000
vn 0.9339 -0.3572 -0.0179
vn 0.9339 -0.3559 -0.0358
vn 0.9338 -0.3537 -0.0536
vn 0.9338 -0.3506 -0.0713
vn 0.9338 -0.3467 -0.0888
vn 0.9337 -0.3420 -0.1060
vn 0.9336 -0.3364 -0.1230
vn 0.9336 -0.3300 -0.1397
vn 0.9335 -0.3229 -0.1561
vn 0.9334 -0.3149 -0.1720
vn 0.9333 -0.3062 -0.1875
vn 0.9332 -0.2967 -0.2026
vn 0.9331 -0.2865 -0.2172
vn 0.9330 -0.2757 -0.2312
vn 0.9329 -0.2641 -0.2447
vn 0.9328 -0.2520 -0.2575
vn 0.9327 -0.2392 -0.2698
vn 0.9326 -0.2259 -0.2813
vn 0.9325 -0.2121 -0.2922
vn 0.9324 -0.1977 -0.3024
vn 0.9324 -0.1829 -0.3119
vn 0.9323 -0.1677 -0.3206
vn 0.9322 -0.1520 -0.3285
vn 0.9321 -0.1360 -0.3356
vn 0.9320 -0.1197 -0.3420
vn 0.9320 -0.1032 -0.3475
vn 0.9319 -0.0863 -0.3522
vn 0.9319 -0.0693 -0.3561
vn 0.9319 -0.0521 -0.3591
vn 0.9318 -0.0348 -0.3612
vn 0.9318 -0.0174 -0.3625
vn 0.9318 -0.0000 -0.3629
vn 0.9318 0.0174 -0.3625
vn 0.9318 0.0348 -0.3612
vn 0.9319 0.0521 -0.3591
vn 0.9319 0.0693 -0.3561
vn 0.9319 0.0863 -0.3522
vn 0.9320 0.1032 -0.3475
vn 0.9320 0.1197 -0.3420
vn 0.9321 0.1360 -0.3356
vn 0.9322 0.1520 -0.3285
vn 0.9323 0.1677 -0.3206
vn 0.9324 0.1829 -0.3119
vn 0.9324 0.1977 -0.3024
vn 0.9325 0.2121 -0.2922
vn 0.9326 0.2259 -0.2813
vn 0.9327 0.2392 -0.2698
vn 0.9328 0.2520 -0.2575
vn 0.9329 0.2641 -0.2447
vn 0.9330 0.2757 -0.2312
vn 0.9331 0.2865 -0.2172
vn 0.9332 0.2967 -0.2026
vn 0.9333 0.3062 -0.1875
vn 0.9334 0.3149 -0.1720
vn 0.9335 0.3229 -0.1561
vn 0.9336 0.3300 -0.1397
vn 0.9336 0.3364 -0.1230
vn 0.9337 0.3420 -0.1060
vn 0.9338 0.3467 -0.0888
vn 0.9338 0.3506 -0.0713
vn 0.9338 0.3537 -0.0536
vn 0.9339 0.3559 -0.0358
vn 0.9339 0.3572 -0.0179
vn 0.9339 0.3576 -0.0000
vn 0.9339 0.3572 0.0179
vn 0.9339 0.3559 0.0358
vn 0.9338 0.3537 0.0536
vn 0.9338 0.3506 0.0713
vn 0.9338 0.3467 0.0888
vn 0.9337 0.3420 0.1060
vn 0.9336 0.3364 0.1230
vn 0.9336 0.3300 0.1397
vn 0.9335 0.3229 0.1561
vn 0.9334 0.3149 0.1720
vn 0.9333 0.3062 0.1875
vn 0.9332 0.2967 0.2026
vn 0.9331 0.2865 0.2172
vn 0.9330 0.2757 0.2312
vn 0.9329 0.2641 0.2447
vn 0.9328 0.2520 0.2575
vn 0.9327 0.2392 0.2698
vn 0.9326 0.2259 0.2813
vn 0.9325 0.2121 0.2922
vn 0.9324 0.1977 0.3024
vn 0.9324 0.1829 0.3119
vn 0.9323 0.1677 0.3206
vn 0.9322 0.1520 0.3285
vn 0.9321 0.1360 0.3356
vn 0.9320 0.1197 0.3420
vn 0.9320 0.1032 0.3475
vn 0.9319 0.0863 0.3522
vn 0.9319 0.0693 0.3561
vn 0.9319 0.0521 0.3591
vn 0.9318 0.0348 0.3612
vn 0.9318 0.0174 0.3625
vn 0.9318 -0.0000 0.3629
vn 0.9318 -0.0174 0.3625
vn 0.9318 -0.0348 0.3612
vn 0.9319 -0.0521 0.3591
vn 0.9319 -0.0693 0.3561
vn 0.9319 -0.0863 0.3522
vn 0.9320 -0.1032 0.3475
vn 0.9320 -0.1197 0.3420
vn 0.9321 -0.1360 0.3356
vn 0.9322 -0.1520 0.3285
vn 0.9323 -0.1677 0.3206
vn 0.9324 -0.1829 0.3119
vn 0.9324 -0.1977 0.3024
vn 0.9325 -0.2121 0.2922
vn 0.9326 -0.2259 0.2813
vn 0.9327 -0.2392 0.2698
vn 0.9328 -0.2520 0.2575
vn 0.9329 -0.2641 0.2447
vn 0.9330 -0.2757 0.2312
vn 0.9331 -0.2865 0.2172
vn 0.9332 -0.2967 0.2026
vn 0.9333 -0.3062 0.1875
vn 0.9334 -0.3149 0.1720
vn 0.9335 -0.3229 0.1561
vn 0.9336 -0.3300 0.1397
vn 0.9336 -0.3364 0.1230
vn 0.9337 -0.3420 0.1060
vn 0.9338 -0.3467 0.0888
vn 0.9338 -0.3506 0.0713
vn 0.9338 -0.3537 0.0536
vn 0.9339 -0.3559 0.0358
vn 0.9339 -0.3572 0.0179
vn 0.2204 -0.9754 -0.0000
vn 0.2204 -0.9742 -0.0490
vn 0.2204 -0.9705 -0.0978
vn 0.2204 -0.9644 -0.1463
vn 0.2204 -0.9558 -0.1945
vn 0.2203 -0.9449 -0.2421
vn 0.2203 -0.9316 -0.2891
vn 0.2202 -0.9160 -0.3353
vn 0.2202 -0.8982 -0.3805
vn 0.2201 -0.8781 -0.4248
vn 0.2200 -0.8559 -0.4680
vn 0.2200 -0.8317 -0.5099
vn 0.2199 -0.8054 -0.5504
vn 0.2198 -0.7772 -0.5896
vn 0.2197 -0.7472 -0.6272
vn 0.2196 -0.7154 -0.6633
vn 0.2195 -0.6820 -0.6976
vn 0.2195 -0.6470 -0.7302
vn 0.2194 -0.6106 -0.7610
vn 0.2193 -0.5727 -0.7899
vn 0.2192 -0.5336 -0.8168
vn 0.2191 -0.4933 -0.8418
vn 0.2190 -0.4519 -0.8648
vn 0.2190 -0.4095 -0.8856
vn 0.2189 -0.3662 -0.9044
vn 0.2189 -0.3222 -0.9210
vn 0.2188 -0.2774 -0.9355
vn 0.2188 -0.2321 -0.9478
vn 0.2187 -0.1863 -0.9578
vn 0.2187 -0.1400 -0.9657
vn 0.2187 -0.0935 -0.9713
vn 0.2187 -0.0468 -0.9747
vn 0.2187 -0.0000 -0.9758
vn 0.2187 0.0468 -0.9747
vn 0.2187 0.0935 -0.9713
vn 0.2187 0.1400 -0.9657
vn 0.2187 0.1863 -0.9578
vn 0.2188 0.2321 -0.9478
vn 0.2188 0.2774 -0.9355
vn 0.2189 0.3222 -0.9210
vn 0.2189 0.3662 -0.9044
vn 0.2190 0.4095 -0.8856
vn 0.2190 0.4519 -0.8648
vn 0.2191 0.4933 -0.8418
vn 0.2192 0.5336 -0.8168
vn 0.2193 0.5727 -0.7899
vn 0.2194 0.6106 -0.7610
vn 0.2195 0.6470 -0.7302
vn 0.2195 0.6820 -0.6976
vn 0.2196 0.7154 -0.6633
vn 0.2197 0.7472 -0.6272
vn 0.2198 0.7772 -0.5896
vn 0.2199 0.8054 -0.5504
vn 0.2200 0.8317 -0.5099
vn 0.2200 0.8559 -0.4680
vn 0.2201 0.8781 -0.4248
vn 0.2202 0.8982 -0.3805
vn 0.2202 0.9160 -0.3353
vn 0.2203 0.9316 -0.2891
vn 0.2203 0.9449 -0.2421
vn 0.2204 0.9558 -0.1945
vn 0.2204 0.9644 -0.1463
vn 0.2204 0.9705 -0.0978
vn 0.2204 0.9742 -0.0490
vn 0.2204 0.9754 -0.0000
vn 0.2204 0.9742 0.0490
vn 0.2204 0.9705 0.0978
vn 0.2204 0.9644 0.1463
vn 0.2204 0.9558 0.1945
vn 0.2203 0.9449 0.2421
vn 0.2203 0.9316 0.2891
vn 0.2202 0.9160 0.3352
vn 0.2202 0.8982 0.3805
vn 0.2201 0.8781 0.4248
vn 0.2200 0.8559 0.4680
vn 0.2200 0.8317 0.5099
vn 0.2199 0.8054 0.5504
vn 0.2198 0.7772 0.5896
vn 0.2197 0.7472 0.6272
vn 0.2196 0.7154 0.6633
vn 0.2195 0.6820 0.6976
vn 0.2194 0.6470 0.7302
vn 0.2194 0.6106 0.7610
vn 0.2193 0.5727 0.7899
vn 0.2192 0.5336 0.8168
vn 0.2191 0.4933 0.8418
vn 0.2190 0.4519 0.8648
vn 0.2190 0.4095 0.8856
vn 0.2189 0.3662 0.9044
vn 0.2189 0.3222 0.9210
vn 0.2188 0.2774 0.9355
vn 0.2188 0.2321 0.9478
vn 0.2187 0.1863 0.9578
vn 0.2187 0.1400 0.9657
vn 0.2187 0.0935 0.9713
vn 0.2187 0.0468 0.9747
vn 0.2187 -0.0000 0.9758
vn 0.2187 -0.0468 0.9747
vn 0.2187 -0.0935 0.9713
vn 0.2187 -0.1400 0.9657
vn 0.2187 -0.1863 0.9578
vn 0.2188 -0.2321 0.9478
vn 0.2188 -0.2774 0.9355
vn 0.2189 -0.3222 0.9210
vn 0.2189 -0.3662 0.9044
vn 0.2190 -0.4095 0.8856
vn 0.2190 -0.4519 0.8648
vn 0.2191 -0.4933 0.8418
vn 0.2192 -0.5336 0.8168
vn 0.2193 -0.5727 0.7899
vn 0.2194 -0.6106 0.7610
vn 0.2194 -0.6470 0.7302
vn 0.2195 -0.6820 0.6976
vn 0.2196 -0.7154 0.6633
vn 0.2197 -0.7472 0.6272
vn 0.2198 -0.7772 0.5896
vn 0.2199 -0.8054 0.5504
vn 0.2200 -0.8317 0.5099
vn 0.2200 -0.8559 0.4680
vn 0.2201 -0.8781 0.4248
vn 0.2202 -0.8982 0.3805
vn 0.2202 -0.9160 0.3352
vn 0.2203 -0.9316 0.2891
vn 0.2203 -0.9449 0.2421
vn 0.2204 -0.9558 0.1945
vn 0.2204 -0.9644 0.1463
vn 0.2204 -0.9705 0.0978
vn 0.2204 -0.9742 0.0490
vn -0.8141 -0.5808 -0.0000
vn -0.8141 -0.5801 -0.0291
vn -0.8140 -0.5779 -0.0582
vn -0.8140 -0.5743 -0.0871
vn -0.8140 -0.5693 -0.1158
vn -0.8139 -0.5629 -0.1441
vn -0.8138 -0.5550 -0.1721
vn -0.8137 -0.5459 -0.1997
vn -0.8136 -0.5354 -0.2267
vn -0.8135 -0.5235 -0.2531
vn -0.8134 -0.5105 -0.2789
vn -0.8133 -0.4961 -0.3040
vn -0.8132 -0.4806 -0.3283
vn -0.8130 -0.4640 -0.3518
vn -0.8129 -0.4462 -0.3743
vn -0.8128 -0.4274 -0.3960
vn -0.8126 -0.4075 -0.4166
vn -0.8125 -0.3868 -0.4362
vn -0.8123 -0.3651 -0.4548
vn -0.8122 -0.3426 -0.4722
vn -0.8121 -0.3193 -0.4885
vn -0.8119 -0.2953 -0.5036
vn -0.8118 -0.2706 -0.5175
vn -0.8117 -0.2452 -0.5301
vn -0.8116 -0.2194 -0.5415
vn -0.8115 -0.1930 -0.5515
vn -0.8114 -0.1663 -0.5603
vn -0.8114 -0.1391 -0.5678
vn -0.8113 -0.1117 -0.5739
vn -0.8112 -0.0840 -0.5786
vn -0.8112 -0.0561 -0.5821
vn -0.8112 -0.0281 -0.5841
vn -0.8112 -0.0000 -0.5848
vn -0.8112 0.0281 -0.5841
vn -0.8112 0.0561 -0.5821
vn -0.8112 0.0840 -0.5786
vn -0.8113 0.1117 -0.5739
vn -0.8114 0.1391 -0.5678
vn -0.8114 0.1663 -0.5603
vn -0.8115 0.1930 -0.5515
vn -0.8116 0.2194 -0.5415
vn -0.8117 0.2452 -0.5301
vn -0.8118 0.2706 -0.5175
vn -0.8119 0.2953 -0.5036
vn -0.8121 0.3193 -0.4885
vn -0.8122 0.3426 -0.4722
vn -0.8123 0.3651 -0.4548
vn -0.8125 0.3868 -0.4362
vn -0.8126 0.4075 -0.4166
vn -0.8128 0.4274 -0.3960
vn -0.8129 0.4462 -0.3743
vn -0.8130 0.4640 -0.3518
vn -0.8132 0.4806 -0.3283
vn -0.8133 0.4961 -0.3040
vn -0.8134 0.5105 -0.2789
vn -0.8135 0.5235 -0.2531
vn -0.8136 0.5354 -0.2267
vn -0.8137 0.5459 -0.1997
vn -0.8138 0.5550 -0.1721
vn -0.8139 0.5629 -0.1441
vn -0.8140 0.5693 -0.1158
vn -0.8140 0.5743 -0.0871
vn -0.8140 0.5779 -0.0582
vn -0.8141 0.5801 -0.0291
vn -0.8141 0.5808 -0.0000
vn -0.8141 0.5801 0.0291
vn -0.8140 0.5779 0.0582
vn -0.8140 0.5743 0.0871
vn -0.8140 0.5693 0.1158
vn -0.8139 0.5629 0.1441
vn -0.8138 0.5550 0.1721
vn -0.8137 0.5459 0.1997
vn -0.8136 0.5354 0.2267
vn -0.8135 0.5235 0.2531
vn -0.8134 0.5105 0.2789
vn -0.8133 0.4961 0.3040
vn -0.8132 0.4806 0.3283
vn -0.8130 0.4640 0.3518
vn -0.8129 0.4462 0.3743
vn -0.8128 0.4274 0.3960
vn -0.8126 0.4075 0.4166
vn -0.8125 0.3868 0.4362
vn -0.8123 0.3651 0.4548
vn -0.8122 0.3426 0.4722
vn -0.8121 0.3193 0.4885
vn -0.8119 0.2953 0.5036
vn -0.8118 0.2706 0.5175
vn -0.8117 0.2452 0.5301
vn -0.8116 0.2194 0.5415
vn -0.8115 0.1930 0.5515
vn -0.8114 0.1663 0.5603
vn -0.8114 0.1391 0.5678
vn -0.8113 0.1117 0.5739
vn -0.8112 0.0840 0.5786
vn -0.8112 0.0561 0.5821
vn -0.8112 0.0281 0.5841
vn -0.8112 -0.0000 0.5848
vn -0.8112 -0.0281 0.5841
vn -0.8112 -0.0561 0.5821
vn -0.8112 -0.0840 0.5786
vn -0.8113 -0.1117 0.5739
vn -0.8114 -0.1391 0.5678
vn -0.8114 -0.1663 0.5603
vn -0.8115 -0.1930 0.5515
vn -0.8116 -0.2194 0.5415
vn -0.8117 -0.2452 0.5301
vn -0.8118 -0.2706 0.5175
vn -0.8119 -0.2953 0.5036
vn -0.8121 -0.3193 0.4885
vn -0.8122 -0.3426 0.4722
vn -0.8123 -0.3651 0.4548
vn -0.8125 -0.3868 0.4362
vn -0.8126 -0.4075 0.4166
vn -0.8128 -0.4274 0.3960
vn -0.8129 -0.4462 0.3743
vn -0.8130 -0.4640 0.3518
vn -0.8132 -0.4806 0.3283
vn -0.8133 -0.4961 0.3040
vn -0.8134 -0.5105 0.2789
vn -0.8135 -0.5235 0.2531
vn -0.8136 -0.5354 0.2267
vn -0.8137 -0.5459 0.1997
vn -0.8138 -0.5550 0.1721
vn -0.8139 -0.5629 0.1441
vn -0.8140 -0.5693 0.1158
vn -0.8140 -0.5743 0.0871
vn -0.8140 -0.5779 0.0582
vn -0.8141 -0.5801 0.0291
s 1
usemtl door_graphite
f 1//1 130//130 129//129
f 2//2 131//131 130//130
f 3//3 132//132 131//131
f 4//4 133//133 132//132
f 5//5 134//134 133//133
f 6//6 135//135 134//134
f 7//7 136//136 135//135
f 8//8 137//137 136//136
f 9//9 138//138 137//137
f 10//10 139//139 138//138
f 11//11 140//140 139//139
f 12//12 141//141 140//140
f 13//13 142//142 141//141
f 14//14 143//143 142//142
f 15//15 144//144 143//143
f 16//16 145//145 144//144
f 17//17 146//146 145//145
f 18//18 147//147 146//146
f 19//19 148//148 147//147
f 20//20 149//149 148//148
f 21//21 150//150 149//149
f 22//22 151//151 150//150
f 23//23 152//152 151//151
f 24//24 153//153 152//152
f 25//25 154//154 153//153
f 26//26 155//155 154//154
f 27//27 156//156 155//155
f 28//28 157//157 156//156
f 29//29 158//158 157//157
f 30//30 159//159 158//158
f 31//31 160//160 159//159
f 32//32 161//161 160//160
f 34//34 161//161 33//33
f 35//35 162//162 34//34
f 36//36 163//163 35//35
f 37//37 164//164 36//36
f 38//38 165//165 37//37
f 39//39 166//166 38//38
f 40//40 167//167 39//39
f 41//41 168//168 40//40
f 42//42 169//169 41//41
f 43//43 170//170 42//42
f 44//44 171//171 43//43
f 45//45 172//172 44//44
f 46//46 173//173 45//45
f 47//47 174//174 46//46
f 48//48 175//175 47//47
f 49//49 176//176 48//48
f 50//50 177//177 49//49
f 51//51 178//178 50//50
f 52//52 179//179 51//51
f 53//53 180//180 52//52
f 54//54 181//181 53//53
f 55//55 182//182 54//54
f 56//56 183//183 55//55
f 57//57 184//184 56//56
f 58//58 185//185 57//57
f 59//59 186//186 58//58
f 60//60 187//187 59//59
f 61//61 188//188 60//60
f 62//62 189//189 61//61
f 63//63 190//190 62//62
f 64//64 191//191 63//63
f 65//65 192//192 64//64
f 65//65 194//194 193//193
f 66//66 195//195 194//194
f 67//67 196//196 195//195
f 68//68 197//197 196//196
f 69//69 198//198 197//197
f 70//70 199//199 198//198
f 71//71 200//200 199//199
f 72//72 201//201 200//200
f 73//73 202//202 201//201
f 74//74 203//203 202//202
f 75//75 204//204 203//203
f 76//76 205//205 204//204
f 77//77 206//206 205//205
f 78//78 207//207 206//206
f 79//79 208//208 207//207
f 80//80 209//209 208//208
f 81//81 210//210 209//209
f 82//82 211//211 210//210
f 83//83 212//212 211//211
f 84//84 213//213 212//212
f 85//85 214//214 213//213
f 86//86 215//215 214//214
f 87//87 216//216 215//215
f 88//88 217//217 216//216
f 89//89 218//218 217//217
f 90//90 219//219 218//218
f 91//91 220//220 219//219
f 92//92 221//221 220//220
f 93//93 222//222 221//221
f 94//94 223//223 222//222
f 95//95 224//224 223//223
f 96//96 225//225 224//224
f 98//98 225//225 97//97
f 99//99 226//226 98//98
f 100//100 227//227 99//99
f 101//101 228//228 100//100
f 102//102 229//229 101//101
f 103//103 230//230 102//102
f 104//104 231//231 103//103
f 105//105 232//232 104//104
f 106//106 233//233 105//105
f 107//107 234//234 106//106
f 108//108 235//235 107//107
f 109//109 236//236 108//108
f 110//110 237//237 109//109
f 111//111 238//238 110//110
f 112//112 239//239 111//111
f 113//113 240//240 112//112
f 114//114 241//241 113//113
f 115//115 242//242 114//114
f 116//116 243//243 115//115
f 117//117 244//244 116//116
f 118//118 245//245 117//117
f 119//119 246//246 118//118
f 120//120 247//247 119//119
f 121//121 248//248 120//120
f 122//122 249//249 121//121
f 123//123 250//250 122//122
f 124//124 251//251 123//123
f 125//125 252//252 124//124
f 126//126 253//253 125//125
f 127//127 254//254 126//126
f 128//128 255//255 127//127
f 1//1 256//256 128//128
f 130//130 257//257 129//129
f 131//131 258//258 130//130
f 132//132 259//259 131//131
f 133//133 260//260 132//132
f 134//134 261//261 133//133
f 135//135 262//262 134//134
f 136//136 263//263 135//135
f 137//137 264//264 136//136
f 138//138 265//265 137//137
f 139//139 266//266 138//138
f 140//140 267//267 139//139
f 141//141 268//268 140//140
f 142//142 269//269 141//141
f 143//143 270//270 142//142
f 144//144 271//271 143//143
f 145//145 272//272 144//144
f 146//146 273//273 145//145
f 147//147 274//274 146//146
f 148//148 275//275 147//147
f 149//149 276//276 148//148
f 150//150 277//277 149//149
f 151//151 278//278 150//150
f 152//152 279//279 151//151
f 153//153 280//280 152//152
f 154//154 281//281 153//153
f 155//155 282//282 154//154
f 156//156 283//283 155//155
f 157//157 284//284 156//156
f 158//158 285//285 157//157
f 159//159 286//286 158//158
f 160//160 287//287 159//159
f 161//161 288//288 160//160
f 161//161 290//290 289//289
f 162//162 291//291 290//290
f 163//163 292//292 291//291
f 164//164 293//293 292//292
f 165//165 294//294 293//293
f 166//166 295//295 294//294
f 167//167 296//296 295//295
f 168//168 297//297 296//296
f 169//169 298//298 297//297
f 170//170 299//299 298//298
f 171//171 300//300 299//299
f 172//172 301//301 300//300
f 173//173 302//302 301//301
f 174//174 303//303 302//302
f 175//175 304//304 303//303
f 176//176 305//305 304//304
f 177//177 306//306 305//305
f 178//178 307//307 306//306
f 179//179 308//308 307//307
f 180//180 309//309 308//308
f 181//181 310//310 309//309
f 182//182 311//311 310//310
f 183//183 312//312 311//311
f 184//184 313//313 312//312
f 185//185 314//314 313//313
f 186//186 315//315 314//314
f 187//187 316//316 315//315
f 188//188 317//317 316//316
f 189//189 318//318 317//317
f 190//190 319//319 318//318
f 191//191 320//320 319//319
f 192//192 321//321 320//320
f 194//194 321//321 193//193
f 195//195 322//322 194//194
f 196//196 323//323 195//195
f 197//197 324//324 196//196
f 198//198 325//325 197//197
f 199//199 326//326 198//198
f 200//200 327//327 199//199
f 201//201 328//328 200//200
f 202//202 329//329 201//201
f 203//203 330//330 202//202
f 204//204 331//331 203//203
f 205//205 332//332 204//204
f 206//206 333//333 205//205
f 207//207 334//334 206//206
f 208//208 335//335 207//207
f 209//209 336//336 208//208
f 210//210 337//337 209//209
f 211//211 338//338 210//210
f 212//212 339//339 211//211
f 213//213 340//340 212//212
f 214//214 341//341 213//213
f 215//215 342//342 214//214
f 216//216 343//343 215//215
f 217//217 344//344 216//216
f 218//218 345//345 217//217
f 219//219 346//346 218//218
f 220//220 347//347 219//219
f 221//221 348//348 220//220
f 222//222 349//349 221//221
f 223//223 350//350 222//222
f 224//224 351//351 223//223
f 225//225 352//352 224//224
f 225//225 354//354 353//353
f 226//226 355//355 354//354
f 227//227 356//356 355//355
f 228//228 357//357 356//356
f 229//229 358//358 357//357
f 230//230 359//359 358//358
f 231//231 360//360 359//359
f 232//232 361//361 360//360
f 233//233 362//362 361//361
f 234//234 363//363 362//362
f 235//235 364//364 363//363
f 236//236 365//365 364//364
f 237//237 366//366 365//365
f 238//238 367//367 366//366
f 239//239 368//368 367//367
f 240//240 369//369 368//368
f 241//241 370//370 369//369
f 242//242 371//371 370//370
f 243//243 372//372 371//371
f 244//244 373//373 372//372
f 245//245 374//374 373//373
f 246//246 375//375 374//374
f 247//247 376//376 375//375
f 248//248 377//377 376//376
f 249//249 378//378 377//377
f 250//250 379//379 378//378
f 251//251 380//380 379//379
f 252//252 381//381 380//380
f 253//253 382//382 381//381
f 254//254 383//383 382//382
f 255//255 384//384 383//383
f 256//256 257//257 384//384
f 258//258 385//385 257//257
f 259//259 386//386 258//258
f 260//260 387//387 259//259
f 261//261 388//388 260//260
f 262//262 389//389 261//261
f 263//263 390//390 262//262
f 264//264 391//391 263//263
f 265//265 392//392 264//264
f 266//266 393//393 265//265
f 267//267 394//394 266//266
f 268//268 395//395 267//267
f 269//269 396//396 268//268
f 270//270 397//397 269//269
f 271//271 398//398 270//270
f 272//272 399//399 271//271
f 273//273 400//400 272//272
f 274//274 401//401 273//273
f 275//275 402//402 274//274
f 276//276 403//403 275//275
f 277//277 404//404 276//276
f 278//278 405//405 277//277
f 279//279 406//406 278//278
f 280//280 407//407 279//279
f 281//281 408//408 280//280
f 282//282 409//409 281//281
f 283//283 410//410 282//282
f 284//284 411//411 283//283
f 285//285 412//412 284//284
f 286//286 413//413 285//285
f 287//287 414//414 286//286
f 288//288 415//415 287//287
f 289//289 416//416 288//288
f 289//289 418//418 417//417
f 290//290 419//419 418//418
f 291//291 420//420 419//419
f 292//292 421//421 420//420
f 293//293 422//422 421//421
f 294//294 423//423 422//422
f 295//295 424//424 423//423
f 296//296 425//425 424//424
f 297//297 426//426 425//425
f 298//298 427//427 426//426
f 299//299 428//428 427//427
f 300//300 429//429 428//428
f 301//301 430//430 429//429
f 302//302 431//431 430//430
f 303//303 432//432 431//431
f 304//304 433//433 432//432
f 305//305 434//434 433//433
f 306//306 435//435 434//434
f 307//307 436//436 435//435
f 308//308 437//437 436//436
f 309//309 438//438 437//437
f 310//310 439//439 438//438
f 311//311 440//440 439//439
f 312//312 441//441 440//440
f 313//313 442//442 441//441
f 314//314 443//443 442//442
f 315//315 444//444 443//443
f 316//316 445//445 444//444
f 317//317 446//446 445//445
f 318//318 447//447 446//446
f 319//319 448//448 447//447
f 320//320 449//449 448//448
f 322//322 449//449 321//321
f 323//323 450//450 322//322
f 324//324 451//451 323//323
f 325//325 452//452 324//324
f 326//326 453//453 325//325
f 327//327 454//454 326//326
f 328//328 455//455 327//327
f 329//329 456//456 328//328
f 330//330 457//457 329//329
f 331//331 458//458 330//330
f 332//332 459//459 331//331
f 333//333 460//460 332//332
f 334//334 461//461 333//333
f 335//335 462//462 334//334
f 336//336 463//463 335//335
f 337//337 464//464 336//336
f 338//338 465//465 337//337
f 339//339 466//466 338//338
f 340//340 467//467 339//339
f 341//341 468//468 340//340
f 342//342 469//469 341//341
f 343//343 470//470 342//342
f 344//344 471//471 343//343
f 345//345 472//472 344//344
f 346//346 473//473 345//345
f 347//347 474//474 346//346
f 348//348 475//475 347//347
f 349//349 476//476 348//348
f 350//350 477//477 349//349
f 351//351 478//478 350//350
f 352//352 479//479 351//351
f 353//353 480//480 352//352
f 353//353 482//482 481//481
f 354//354 483//483 482//482
f 355//355 484//484 483//483
f 356//356 485//485 484//484
f 357//357 486//486 485//485
f 358//358 487//487 486//486
f 359//359 488//488 487//487
f 360//360 489//489 488//488
f 361//361 490//490 489//489
f 362//362 491//491 490//490
f 363//363 492//492 491//491
f 364//364 493//493 492//492
f 365//365 494//494 493//493
f 366//366 495//495 494//494
f 367//367 496//496 495//495
f 368//368 497//497 496//496
f 369//369 498//498 497//497
f 370//370 499//499 498//498
f 371//371 500//500 499//499
f 372//372 501//501 500//500
f 373//373 502//502 501//501
f 374//374 503//503 502//502
f 375//375 504//504 503//503
f 376//376 505//505 504//504
f 377//377 506//506 505//505
f 378//378 507//507 506//506
f 379//379 508//508 507//507
f 380//380 509//509 508//508
f 381//381 510//510 509//509
f 382//382 511//511 510//510
f 383//383 512//512 511//511
f 384//384 385//385 512//512
f 386//386 513//513 385//385
f 387//387 514//514 386//386
f 388//388 515//515 387//387
f 389//389 516//516 388//388
f 390//390 517//517 389//389
f 391//391 518//518 390//390
f 392//392 519//519 391//391
f 393//393 520//520 392//392
f 394//394 521//521 393//393
f 395//395 522//522 394//394
f 396//396 523//523 395//395
f 397//397 524//524 396//396
f 398//398 525//525 397//397
f 399//399 526//526 398//398
f 400//400 527//527 399//399
f 401//401 528//528 400//400
f 402//402 529//529 401//401
f 403//403 530//530 402//402
f 404//404 531//531 403//403
f 405//405 532//532 404//404
f 406//406 533//533 405//405
f 407//407 534//534 406//406
f 408//408 535//535 407//407
f 409//409 536//536 408//408
f 410//410 537//537 409//409
f 411//411 538//538 410//410
f 412//412 539//539 411//411
f 413//413 540//540 412//412
f 414//414 541//541 413//413
f 415//415 542//542 414//414
f 416//416 543//543 415//415
f 417//417 544//544 416//416
f 417//417 546//546 545//545
f 418//418 547//547 546//546
f 419//419 548//548 547//547
f 420//420 549//549 548//548
f 421//421 550//550 549//549
f 422//422 551//551 550//550
f 423//423 552//552 551//551
f 424//424 553//553 552//552
f 425//425 554//554 553//553
f 426//426 555//555 554//554
f 427//427 556//556 555//555
f 428//428 557//557 556//556
f 429//429 558//558 557//557
f 430//430 559//559 558//558
f 431//431 560//560 559//559
f 432//432 561//561 560//560
f 433//433 562//562 561//561
f 434//434 563//563 562//562
f 435//435 564//564 563//563
f 436//436 565//565 564//564
f 437//437 566//566 565//565
f 438//438 567//567 566//566
f 439//439 568//568 567//567
f 440//440 569//569 568//568
f 441//441 570//570 569//569
f 442//442 571//571 570//570
f 443//443 572//572 571//571
f 444//444 573//573 572//572
f 445//445 574//574 573//573
f 446//446 575//575 574//574
f 447//447 576//576 575//575
f 448//448 577//577 576//576
f 450//450 577//577 449//449
f 451//451 578//578 450//450
f 452//452 579//579 451//451
f 453//453 580//580 452//452
f 454//454 581//581 453//453
f 455//455 582//582 454//454
f 456//456 583//583 455//455
f 457//457 584//584 456//456
f 458//458 585//585 457//457
f 459//459 586//586 458//458
f 460//460 587//587 459//459
f 461//461 588//588 460//460
f 462//462 589//589 461//461
f 463//463 590//590 462//462
f 464//464 591//591 463//463
f 465//465 592//592 464//464
f 466//466 593//593 465//465
f 467//467 594//594 466//466
f 468//468 595//595 467//467
f 469//469 596//596 468//468
f 470//470 597//597 469//469
f 471//471 598//598 470//470
f 472//472 599//599 471//471
f 473//473 600//600 472//472
f 474//474 601//601 473//473
f 475//475 602//602 474//474
f 476//476 603//603 475//475
f 477//477 604//604 476//476
f 478//478 605//605 477//477
f 479//479 606//606 478//478
f 480//480 607//607 479//479
f 481//481 608//608 480//480
f 481//481 610//610 609//609
f 482//482 611//611 610//610
f 483//483 612//612 611//611
f 484//484 613//613 612//612
f 485//485 614//614 613//613
f 486//486 615//615 614//614
f 487//487 616//616 615//615
f 488//488 617//617 616//616
f 489//489 618//618 617//617
f 490//490 619//619 618//618
f 491//491 620//620 619//619
f 492//492 621//621 620//620
f 493//493 622//622 621//621
f 494//494 623//623 622//622
f 495//495 624//624 623//623
f 496//496 625//625 624//624
f 497//497 626//626 625//625
f 498//498 627//627 626//626
f 499//499 628//628 627//627
f 500//500 629//629 628//628
f 501//501 630//630 629//629
f 502//502 631//631 630//630
f 503//503 632//632 631//631
f 504//504 633//633 632//632
f 505//505 634//634 633//633
f 506//506 635//635 634//634
f 507//507 636//636 635//635
f 508//508 637//637 636//636
f 509//509 638//638 637//637
f 510//510 639//639 638//638
f 511//511 640//640 639//639
f 512//512 513//513 640//640
f 513//513 642//642 641//641
f 514//514 643//643 642//642
f 515//515 644//644 643//643
f 516//516 645//645 644//644
f 517//517 646//646 645//645
f 518//518 647//647 646//646
f 519//519 648//648 647//647
f 520//520 649//649 648//648
f 521//521 650//650 649//649
f 522//522 651//651 650//650
f 523//523 652//652 651//651
f 524//524 653//653 652//652
f 525//525 654//654 653//653
f 526//526 655//655 654//654
f 527//527 656//656 655//655
f 528//528 657//657 656//656
f 529//529 658//658 657//657
f 530//530 659//659 658//658
f 531//531 660//660 659//659
f 532//532 661//661 660//660
f 533//533 662//662 661//661
f 534//534 663//663 662//662
f 535//535 664//664 663//663
f 536//536 665//665 664//664
f 537//537 666//666 665//665
f 538//538 667//667 666//666
f 539//539 668//668 667//667
f 540//540 669//669 668//668
f 541//541 670//670 669//669
f 542//542 671//671 670//670
f 543//543 672//672 671//671
f 544//544 673//673 672//672
f 546//546 673//673 545//545
f 547//547 674//674 546//546
f 548//548 675//675 547//547
f 549//549 676//676 548//548
f 550//550 677//677 549//549
f 551//551 678//678 550//550
f 552//552 679//679 551//551
f 553//553 680//680 552//552
f 554//554 681//681 553//553
f 555//555 682//682 554//554
f 556//556 683//683 555//555
f 557//557 684//684 556//556
f 558//558 685//685 557//557
f 559//559 686//686 558//558
f 560//560 687//687 559//559
f 561//561 688//688 560//560
f 562//562 689//689 561//561
f 563//563 690//690 562//562
f 564//564 691//691 563//563
f 565//565 692//692 564//564
f 566//566 693//693 565//565
f 567//567 694//694 566//566
f 568//568 695//695 567//567
f 569//569 696//696 568//568
f 570//570 697//697 569//569
f 571//571 698//698 570//570
f 572//572 699//699 571//571
f 573//573 700//700 572//572
f 574//574 701//701 573//573
f 575//575 702//702 574//574
f 576//576 703//703 575//575
f 577//577 704//704 576//576
f 577//577 706//706 705//705
f 578//578 707//707 706//706
f 579//579 708//708 707//707
f 580//580 709//709 708//708
f 581//581 710//710 709//709
f 582//582 711//711 710//710
f 583//583 712//712 711//711
f 584//584 713//713 712//712
f 585//585 714//714 713//713
f 586//586 715//715 714//714
f 587//587 716//716 715//715
f 588//588 717//717 716//716
f 589//589 718//718 717//717
f 590//590 719//719 718//718
f 591//591 720//720 719//719
f 592//592 721//721 720//720
f 593//593 722//722 721//721
f 594//594 723//723 722//722
f 595//595 724//724 723//723
f 596//596 725//725 724//724
f 597//597 726//726 725//725
f 598//598 727//727 726//726
f 599//599 728//728 727//727
f 600//600 729//729 728//728
f 601//601 730//730 729//729
f 602//602 731//731 730//730
f 603//603 732//732 731//731
f 604//604 733//733 732//732
f 605//605 734//734 733//733
f 606//606 735//735 734//734
f 607//607 736//736 735//735
f 608//608 737//737 736//736
f 610//610 737//737 609//609
f 611//611 738//738 610//610
f 612//612 739//739 611//611
f 613//613 740//740 612//612
f 614//614 741//741 613//613
f 615//615 742//742 614//614
f 616//616 743//743 615//615
f 617//617 744//744 616//616
f 618//618 745//745 617//617
f 619//619 746//746 618//618
f 620//620 747//747 619//619
f 621//621 748//748 620//620
f 622//622 749//749 621//621
f 623//623 750//750 622//622
f 624//624 751//751 623//623
f 625//625 752//752 624//624
f 626//626 753//753 625//625
f 627//627 754//754 626//626
f 628//628 755//755 627//627
f 629//629 756//756 628//628
f 630//630 757//757 629//629
f 631//631 758//758 630//630
f 632//632 759//759 631//631
f 633//633 760//760 632//632
f 634//634 761//761 633//633
f 635//635 762//762 634//634
f 636//636 763//763 635//635
f 637//637 764//764 636//636
f 638//638 765//765 637//637
f 639//639 766//766 638//638
f 640//640 767//767 639//639
f 513//513 768//768 640//640
f 641//641 2//2 1//1
f 642//642 3//3 2//2
f 643//643 4//4 3//3
f 644//644 5//5 4//4
f 645//645 6//6 5//5
f 646//646 7//7 6//6
f 647//647 8//8 7//7
f 648//648 9//9 8//8
f 649//649 10//10 9//9
f 650//650 11//11 10//10
f 651//651 12//12 11//11
f 652//652 13//13 12//12
f 653//653 14//14 13//13
f 654//654 15//15 14//14
f 655//655 16//16 15//15
f 656//656 17//17 16//16
f 657//657 18//18 17//17
f 658//658 19//19 18//18
f 659//659 20//20 19//19
f 660//660 21//21 20//20
f 661//661 22//22 21//21
f 662//662 23//23 22//22
f 663//663 24//24 23//23
f 664//664 25//25 24//24
f 665//665 26//26 25//25
f 666//666 27//27 26//26
f 667//667 28//28 27//27
f 668//668 29//29 28//28
f 669//669 30//30 29//29
f 670//670 31//31 30//30
f 671//671 32//32 31//31
f 672//672 33//33 32//32
f 674//674 33//33 673//673
f 675//675 34//34 674//674
f 676//676 35//35 675//675
f 677//677 36//36 676//676
f 678//678 37//37 677//677
f 679//679 38//38 678//678
f 680//680 39//39 679//679
f 681//681 40//40 680//680
f 682//682 41//41 681//681
f 683//683 42//42 682//682
f 684//684 43//43 683//683
f 685//685 44//44 684//684
f 686//686 45//45 685//685
f 687//687 46//46 686//686
f 688//688 47//47 687//687
f 689//689 48//48 688//688
f 690//690 49//49 689//689
f 691//691 50//50 690//690
f 692//692 51//51 691//691
f 693//693 52//52 692//692
f 694//694 53//53 693//693
f 695//695 54//54 694//694
f 696//696 55//55 695//695
f 697//697 56//56 696//696
f 698//698 57//57 697//697
f 699//699 58//58 698//698
f 700//700 59//59 699//699
f 701//701 60//60 700//700
f 702//702 61//61 701//701
f 703//703 62//62 702//702
f 704//704 63//63 703//703
f 705//705 64//64 704//704
f 705//705 66//66 65//65
f 706//706 67//67 66//66
f 707//707 68//68 67//67
f 708//708 69//69 68//68
f 709//709 70//70 69//69
f 710//710 71//71 70//70
f 711//711 72//72 71//71
f 712//712 73//73 72//72
f 713//713 74//74 73//73
f 714//714 75//75 74//74
f 715//715 76//76 75//75
f 716//716 77//77 76//76
f 717//717 78//78 77//77
f 718//718 79//79 78//78
f 719//719 80//80 79//79
f 720//720 81//81 80//80
f 721//721 82//82 81//81
f 722//722 83//83 82//82
f 723//723 84//84 83//83
f 724//724 85//85 84//84
f 725//725 86//86 85//85
f 726//726 87//87 86//86
f 727//727 88//88 87//87
f 728//728 89//89 88//88
f 729//729 90//90 89//89
f 730//730 91//91 90//90
f 731//731 92//92 91//91
f 732//732 93//93 92//92
f 733//733 94//94 93//93
f 734//734 95//95 94//94
f 735//735 96//96 95//95
f 736//736 97//97 96//96
f 738//738 97//97 737//737
f 739//739 98//98 738//738
f 740//740 99//99 739//739
f 741//741 100//100 740//740
f 742//742 101//101 741//741
f 743//743 102//102 742//742
f 744//744 103//103 743//743
f 745//745 104//104 744//744
f 746//746 105//105 745//745
f 747//747 106//106 746//746
f 748//748 107//107 747//747
f 749//749 108//108 748//748
f 750//750 109//109 749//749
f 751//751 110//110 750//750
f 752//752 111//111 751//751
f 753//753 112//112 752//752
f 754//754 113//113 753//753
f 755//755 114//114 754//754
f 756//756 115//115 755//755
f 757//757 116//116 756//756
f 758//758 117//117 757//757
f 759//759 118//118 758//758
f 760//760 119//119 759//759
f 761//761 120//120 760//760
f 762//762 121//121 761//761
f 763//763 122//122 762//762
f 764//764 123//123 763//763
f 765//765 124//124 764//764
f 766//766 125//125 765//765
f 767//767 126//126 766//766
f 768//768 127//127 767//767
f 641//641 128//128 768//768
f 1//1 2//2 130//130
f 2//2 3//3 131//131
f 3//3 4//4 132//132
f 4//4 5//5 133//133
f 5//5 6//6 134//134
f 6//6 7//7 135//135
f 7//7 8//8 136//136
f 8//8 9//9 137//137
f 9//9 10//10 138//138
f 10//10 11//11 139//139
f 11//11 12//12 140//140
f 12//12 13//13 141//141
f 13//13 14//14 142//142
f 14//14 15//15 143//143
f 15//15 16//16 144//144
f 16//16 17//17 145//145
f 17//17 18//18 146//146
f 18//18 19//19 147//147
f 19//19 20//20 148//148
f 20//20 21//21 149//149
f 21//21 22//22 150//150
f 22//22 23//23 151//151
f 23//23 24//24 152//152
f 24//24 25//25 153//153
f 25//25 26//26 154//154
f 26//26 27//27 155//155
f 27//27 28//28 156//156
f 28//28 29//29 157//157
f 29//29 30//30 158//158
f 30//30 31//31 159//159
f 31//31 32//32 160//160
f 32//32 33//33 161//161
f 34//34 162//162 161//161
f 35//35 163//163 162//162
f 36//36 164//164 163//163
f 37//37 165//165 164//164
f 38//38 166//166 165//165
f 39//39 167//167 166//166
f 40//40 168//168 167//167
f 41//41 169//169 168//168
f 42//42 170//170 169//169
f 43//43 171//171 170//170
f 44//44 172//172 171//171
f 45//45 173//173 172//172
f 46//46 174//174 173//173
f 47//47 175//175 174//174
f 48//48 176//176 175//175
f 49//49 177//177 176//176
f 50//50 178//178 177//177
f 51//51 179//179 178//178
f 52//52 180//180 179//179
f 53//53 181//181 180//180
f 54//54 182//182 181//181
f 55//55 183//183 182//182
f 56//56 184//184 183//183
f 57//57 185//185 184//184
f 58//58 186//186 185//185
f 59//59 187//187 186//186
f 60//60 188//188 187//187
f 61//61 189//189 188//188
f 62//62 190//190 189//189
f 63//63 191//191 190//190
f 64//64 192//192 191//191
f 65//65 193//193 192//192
f 65//65 66//66 194//194
f 66//66 67//67 195//195
f 67//67 68//68 196//196
f 68//68 69//69 197//197
f 69//69 70//70 198//198
f 70//70 71//71 199//199
f 71//71 72//72 200//200
f 72//72 73//73 201//201
f 73//73 74//74 202//202
f 74//74 75//75 203//203
f 75//75 76//76 204//204
f 76//76 77//77 205//205
f 77//77 78//78 206//206
f 78//78 79//79 207//207
f 79//79 80//80 208//208
f 80//80 81//81 209//209
f 81//81 82//82 210//210
f 82//82 83//83 211//211
f 83//83 84//84 212//212
f 84//84 85//85 213//213
f 85//85 86//86 214//214
f 86//86 87//87 215//215
f 87//87 88//88 216//216
f 88//88 89//89 217//217
f 89//89 90//90 218//218
f 90//90 91//91 219//219
f 91//91 92//92 220//220
f 92//92 93//93 221//221
f 93//93 94//94 222//222
f 94//94 95//95 223//223
f 95//95 96//96 224//224
f 96//96 97//97 225//225
f 98//98 226//226 225//225
f 99//99 227//227 226//226
f 100//100 228//228 227//227
f 101//101 229//229 228//228
f 102//102 230//230 229//229
f 103//103 231//231 230//230
f 104//104 232//232 231//231
f 105//105 233//233 232//232
f 106//106 234//234 233//233
f 107//107 235//235 234//234
f 108//108 236//236 235//235
f 109//109 237//237 236//236
f 110//110 238//238 237//237
f 111//111 239//239 238//238
f 112//112 240//240 239//239
f 113//113 241//241 240//240
f 114//114 242//242 241//241
f 115//115 243//243 242//242
f 116//116 244//244 243//243
f 117//117 245//245 244//244
f 118//118 246//246 245//245
f 119//119 247//247 246//246
f 120//120 248//248 247//247
f 121//121 249//249 248//248
f 122//122 250//250 249//249
f 123//123 251//251 250//250
f 124//124 252//252 251//251
f 125//125 253//253 252//252
f 126//126 254//254 253//253
f 127//127 255//255 254//254
f 128//128 256//256 255//255
f 1//1 129//129 256//256
f 130//130 258//258 257//257
f 131//131 259//259 258//258
f 132//132 260//260 259//259
f 133//133 261//261 260//260
f 134//134 262//262 261//261
f 135//135 263//263 262//262
f 136//136 264//264 263//263
f 137//137 265//265 264//264
f 138//138 266//266 265//265
f 139//139 267//267 266//266
f 140//140 268//268 267//267
f 141//141 269//269 268//268
f 142//142 270//270 269//269
f 143//143 271//271 270//270
f 144//144 272//272 271//271
f 145//145 273//273 272//272
f 146//146 274//274 273//273
f 147//147 275//275 274//274
f 148//148 276//276 275//275
f 149//149 277//277 276//276
f 150//150 278//278 277//277
f 151//151 279//279 278//278
f 152//152 280//280 279//279
f 153//153 281//281 280//280
f 154//154 282//282 281//281
f 155//155 283//283 282//282
f 156//156 284//284 283//283
f 157//157 285//285 284//284
f 158//158 286//286 285//285
f 159//159 287//287 286//286
f 160//160 288//288 287//287
f 161//161 289//289 288//288
f 161//161 162//162 290//290
f 162//162 163//163 291//291
f 163//163 164//164 292//292
f 164//164 165//165 293//293
f 165//165 166//166 294//294
f 166//166 167//167 295//295
f 167//167 168//168 296//296
f 168//168 169//169 297//297
f 169//169 170//170 298//298
f 170//170 171//171 299//299
f 171//171 172//172 300//300
f 172//172 173//173 301//301
f 173//173 174//174 302//302
f 174//174 175//175 303//303
f 175//175 176//176 304//304
f 176//176 177//177 305//305
f 177//177 178//178 306//306
f 178//178 179//179 307//307
f 179//179 180//180 308//308
f 180//180 181//181 309//309
f 181//181 182//182 310//310
f 182//182 183//183 311//311
f 183//183 184//184 312//312
f 184//184 185//185 313//313
f 185//185 186//186 314//314
f 186//186 187//187 315//315
f 187//187 188//188 316//316
f 188//188 189//189 317//317
f 189//189 190//190 318//318
f 190//190 191//191 319//319
f 191//191 192//192 320//320
f 192//192 193//193 321//321
f 194//194 322//322 321//321
f 195//195 323//323 322//322
f 196//196 324//324 323//323
f 197//197 325//325 324//324
f 198//198 326//326 325//325
f 199//199 327//327 326//326
f 200//200 328//328 327//327
f 201//201 329//329 328//328
f 202//202 330//330 329//329
f 203//203 331//331 330//330
f 204//204 332//332 331//331
f 205//205 333//333 332//332
f 206//206 334//334 333//333
f 207//207 335//335 334//334
f 208//208 336//336 335//335
f 209//209 337//337 336//336
f 210//210 338//338 337//337
f 211//211 339//339 338//338
f 212//212 340//340 339//339
f 213//213 341//341 340//340
f 214//214 342//342 341//341
f 215//215 343//343 342//342
f 216//216 344//344 343//343
f 217//217 345//345 344//344
f 218//218 346//346 345//345
f 219//219 347//347 346//346
f 220//220 348//348 347//347
f 221//221 349//349 348//348
f 222//222 350//350 349//349
f 223//223 351//351 350//350
f 224//224 352//352 351//351
f 225//225 353//353 352//352
f 225//225 226//226 354//354
f 226//226 227//227 355//355
f 227//227 228//228 356//356
f 228//228 229//229 357//357
f 229//229 230//230 358//358
f 230//230 231//231 359//359
f 231//231 232//232 360//360
f 232//232 233//233 361//361
f 233//233 234//234 362//362
f 234//234 235//235 363//363
f 235//235 236//236 364//364
f 236//236 237//237 365//365
f 237//237 238//238 366//366
f 238//238 239//239 367//367
f 239//239 240//240 368//368
f 240//240 241//241 369//369
f 241//241 242//242 370//370
f 242//242 243//243 371//371
f 243//243 244//244 372//372
f 244//244 245//245 373//373
f 245//245 246//246 374//374
f 246//246 247//247 375//375
f 247//247 248//248 376//376
f 248//248 249//249 377//377
f 249//249 250//250 378//378
f 250//250 251//251 379//379
f 251//251 252//252 380//380
f 252//252 253//253 381//381
f 253//253 254//254 382//382
f 254//254 255//255 383//383
f 255//255 256//256 384//384
f 256//256 129//129 257//257
f 258//258 386//386 385//385
f 259//259 387//387 386//386
f 260//260 388//388 387//387
f 261//261 389//389 388//388
f 262//262 390//390 389//389
f 263//263 391//391 390//390
f 264//264 392//392 391//391
f 265//265 393//393 392//392
f 266//266 394//394 393//393
f 267//267 395//395 394//394
f 268//268 396//396 395//395
f 269//269 397//397 396//396
f 270//270 398//398 397//397
f 271//271 399//399 398//398
f 272//272 400//400 399//399
f 273//273 401//401 400//400
f 274//274 402//402 401//401
f 275//275 403//403 402//402
f 276//276 404//404 403//403
f 277//277 405//405 404//404
f 278//278 406//406 405//405
f 279//279 407//407 406//406
f 280//280 408//408 407//407
f 281//281 409//409 408//408
f 282//282 410//410 409//409
f 283//283 411//411 410//410
f 284//284 412//412 411//411
f 285//285 413//413 412//412
f 286//286 414//414 413//413
f 287//287 415//415 414//414
f 288//288 416//416 415//415
f 289//289 417//417 416//416
f 289//289 290//290 418//418
f 290//290 291//291 419//419
f 291//291 292//292 420//420
f 292//292 293//293 421//421
f 293//293 294//294 422//422
f 294//294 295//295 423//423
f 295//295 296//296 424//424
f 296//296 297//297 425//425
f 297//297 298//298 426//426
f 298//298 299//299 427//427
f 299//299 300//300 428//428
f 300//300 301//301 429//429
f 301//301 302//302 430//430
f 302//302 303//303 431//431
f 303//303 304//304 432//432
f 304//304 305//305 433//433
f 305//305 306//306 434//434
f 306//306 307//307 435//435
f 307//307 308//308 436//436
f 308//308 309//309 437//437
f 309//309 310//310 438//438
f 310//310 311//311 439//439
f 311//311 312//312 440//440
f 312//312 313//313 441//441
f 313//313 314//314 442//442
f 314//314 315//315 443//443
f 315//315 316//316 444//444
f 316//316 317//317 445//445
f 317//317 318//318 446//446
f 318//318 319//319 447//447
f 319//319 320//320 448//448
f 320//320 321//321 449//449
f 322//322 450//450 449//449
f 323//323 451//451 450//450
f 324//324 452//452 451//451
f 325//325 453//453 452//452
f 326//326 454//454 453//453
f 327//327 455//455 454//454
f 328//328 456//456 455//455
f 329//329 457//457 456//456
f 330//330 458//458 457//457
f 331//331 459//459 458//458
f 332//332 460//460 459//459
f 333//333 461//461 460//460
f 334//334 462//462 461//461
f 335//335 463//463 462//462
f 336//336 464//464 463//463
f 337//337 465//465 464//464
f 338//338 466//466 465//465
f 339//339 467//467 466//466
f 340//340 468//468 467//467
f 341//341 469//469 468//468
f 342//342 470//470 469//469
f 343//343 471//471 470//470
f 344//344 472//472 471//471
f 345//345 473//473 472//472
f 346//346 474//474 473//473
f 347//347 475//475 474//474
f 348//348 476//476 475//475
f 349//349 477//477 476//476
f 350//350 478//478 477//477
f 351//351 479//479 478//478
f 352//352 480//480 479//479
f 353//353 481//481 480//480
f 353//353 354//354 482//482
f 354//354 355//355 483//483
f 355//355 356//356 484//484
f 356//356 357//357 485//485
f 357//357 358//358 486//486
f 358//358 359//359 487//487
f 359//359 360//360 488//488
f 360//360 361//361 489//489
f 361//361 362//362 490//490
f 362//362 363//363 491//491
f 363//363 364//364 492//492
f 364//364 365//365 493//493
f 365//365 366//366 494//494
f 366//366 367//367 495//495
f 367//367 368//368 496//496
f 368//368 369//369 497//497
f 369//369 370//370 498//498
f 370//370 371//371 499//499
f 371//371 372//372 500//500
f 372//372 373//373 501//501
f 373//373 374//374 502//502
f 374//374 375//375 503//503
f 375//375 376//376 504//504
f 376//376 377//377 505//505
f 377//377 378//378 506//506
f 378//378 379//379 507//507
f 379//379 380//380 508//508
f 380//380 381//381 509//509
f 381//381 382//382 510//510
f 382//382 383//383 511//511
f 383//383 384//384 512//512
f 384//384 257//257 385//385
f 386//386 514//514 513//513
f 387//387 515//515 514//514
f 388//388 516//516 515//515
f 389//389 517//517 516//516
f 390//390 518//518 517//517
f 391//391 519//519 518//518
f 392//392 520//520 519//519
f 393//393 521//521 520//520
f 394//394 522//522 521//521
f 395//395 523//523 522//522
f 396//396 524//524 523//523
f 397//397 525//525 524//524
f 398//398 526//526 525//525
f 399//399 527//527 526//526
f 400//400 528//528 527//527
f 401//401 529//529 528//528
f 402//402 530//530 529//529
f 403//403 531//531 530//530
f 404//404 532//532 531//531
f 405//405 533//533 532//532
f 406//406 534//534 533//533
f 407//407 535//535 534//534
f 408//408 536//536 535//535
f 409//409 537//537 536//536
f 410//410 538//538 537//537
f 411//411 539//539 538//538
f 412//412 540//540 539//539
f 413//413 541//541 540//540
f 414//414 542//542 541//541
f 415//415 543//543 542//542
f 416//416 544//544 543//543
f 417//417 545//545 544//544
f 417//417 418//418 546//546
f 418//418 419//419 547//547
f 419//419 420//420 548//548
f 420//420 421//421 549//549
f 421//421 422//422 550//550
f 422//422 423//423 551//551
f 423//423 424//424 552//552
f 424//424 425//425 553//553
f 425//425 426//426 554//554
f 426//426 427//427 555//555
f 427//427 428//428 556//556
f 428//428 429//429 557//557
f 429//429 430//430 558//558
f 430//430 431//431 559//559
f 431//431 432//432 560//560
f 432//432 433//433 561//561
f 433//433 434//434 562//562
f 434//434 435//435 563//563
f 435//435 436//436 564//564
f 436//436 437//437 565//565
f 437//437 438//438 566//566
f 438//438 439//439 567//567
f 439//439 440//440 568//568
f 440//440 441//441 569//569
f 441//441 442//442 570//570
f 442//442 443//443 571//571
f 443//443 444//444 572//572
f 444//444 445//445 573//573
f 445//445 446//446 574//574
f 446//446 447//447 575//575
f 447//447 448//448 576//576
f 448//448 449//449 577//577
f 450//450 578//578 577//577
f 451//451 579//579 578//578
f 452//452 580//580 579//579
f 453//453 581//581 580//580
f 454//454 582//582 581//581
f 455//455 583//583 582//582
f 456//456 584//584 583//583
f 457//457 585//585 584//584
f 458//458 586//586 585//585
f 459//459 587//587 586//586
f 460//460 588//588 587//587
f 461//461 589//589 588//588
f 462//462 590//590 589//589
f 463//463 591//591 590//590
f 464//464 592//592 591//591
f 465//465 593//593 592//592
f 466//466 594//594 593//593
f 467//467 595//595 594//594
f 468//468 596//596 595//595
f 469//469 597//597 596//596
f 470//470 598//598 597//597
f 471//471 599//599 598//598
f 472//472 600//600 599//599
f 473//473 601//601 600//600
f 474//474 602//602 601//601
f 475//475 603//603 602//602
f 476//476 604//604 603//603
f 477//477 605//605 604//604
f 478//478 606//606 605//605
f 479//479 607//607 606//606
f 480//480 608//608 607//607
f 481//481 609//609 608//608
f 481//481 482//482 610//610
f 482//482 483//483 611//611
f 483//483 484//484 612//612
f 484//484 485//485 613//613
f 485//485 486//486 614//614
f 486//486 487//487 615//615
f 487//487 488//488 616//616
f 488//488 489//489 617//617
f 489//489 490//490 618//618
f 490//490 491//491 619//619
f 491//491 492//492 620//620
f 492//492 493//493 621//621
f 493//493 494//494 622//622
f 494//494 495//495 623//623
f 495//495 496//496 624//624
f 496//496 497//497 625//625
f 497//497 498//498 626//626
f 498//498 499//499 627//627
f 499//499 500//500 628//628
f 500//500 501//501 629//629
f 501//501 502//502 630//630
f 502//502 503//503 631//631
f 503//503 504//504 632//632
f 504//504 505//505 633//633
f 505//505 506//506 634//634
f 506//506 507//507 635//635
f 507//507 508//508 636//636
f 508//508 509//509 637//637
f 509//509 510//510 638//638
f 510//510 511//511 639//639
f 511//511 512//512 640//640
f 512//512 385//385 513//513
f 513//513 514//514 642//642
f 514//514 515//515 643//643
f 515//515 516//516 644//644
f 516//516 517//517 645//645
f 517//517 518//518 646//646
f 518//518 519//519 647//647
f 519//519 520//520 648//648
f 520//520 521//521 649//649
f 521//521 522//522 650//650
f 522//522 523//523 651//651
f 523//523 524//524 652//652
f 524//524 525//525 653//653
f 525//525 526//526 654//654
f 526//526 527//527 655//655
f 527//527 528//528 656//656
f 528//528 529//529 657//657
f 529//529 530//530 658//658
f 530//530 531//531 659//659
f 531//531 532//532 660//660
f 532//532 533//533 661//661
f 533//533 534//534 662//662
f 534//534 535//535 663//663
f 535//535 536//536 664//664
f 536//536 537//537 665//665
f 537//537 538//538 666//666
f 538//538 539//539 667//667
f 539//539 540//540 668//668
f 540//540 541//541 669//669
f 541//541 542//542 670//670
f 542//542 543//543 671//671
f 543//543 544//544 672//672
f 544//544 545//545 673//673
f 546//546 674//674 673//673
f 547//547 675//675 674//674
f 548//548 676//676 675//675
f 549//549 677//677 676//676
f 550//550 678//678 677//677
f 551//551 679//679 678//678
f 552//552 680//680 679//679
f 553//553 681//681 680//680
f 554//554 682//682 681//681
f 555//555 683//683 682//682
f 556//556 684//684 683//683
f 557//557 685//685 684//684
f 558//558 686//686 685//685
f 559//559 687//687 686//686
f 560//560 688//688 687//687
f 561//561 689//689 688//688
f 562//562 690//690 689//689
f 563//563 691//691 690//690
f 564//564 692//692 691//691
f 565//565 693//693 692//692
f 566//566 694//694 693//693
f 567//567 695//695 694//694
f 568//568 696//696 695//695
f 569//569 697//697 696//696
f 570//570 698//698 697//697
f 571//571 699//699 698//698
f 572//572 700//700 699//699
f 573//573 701//701 700//700
f 574//574 702//702 701//701
f 575//575 703//703 702//702
f 576//576 704//704 703//703
f 577//577 705//705 704//704
f 577//577 578//578 706//706
f 578//578 579//579 707//707
f 579//579 580//580 708//708
f 580//580 581//581 709//709
f 581//581 582//582 710//710
f 582//582 583//583 711//711
f 583//583 584//584 712//712
f 584//584 585//585 713//713
f 585//585 586//586 714//714
f 586//586 587//587 715//715
f 587//587 588//588 716//716
f 588//588 589//589 717//717
f 589//589 590//590 718//718
f 590//590 591//591 719//719
f 591//591 592//592 720//720
f 592//592 593//593 721//721
f 593//593 594//594 722//722
f 594//594 595//595 723//723
f 595//595 596//596 724//724
f 596//596 597//597 725//725
f 597//597 598//598 726//726
f 598//598 599//599 727//727
f 599//599 600//600 728//728
f 600//600 601//601 729//729
f 601//601 602//602 730//730
f 602//602 603//603 731//731
f 603//603 604//604 732//732
f 604//604 605//605 733//733
f 605//605 606//606 734//734
f 606//606 607//607 735//735
f 607//607 608//608 736//736
f 608//608 609//609 737//737
f 610//610 738//738 737//737
f 611//611 739//739 738//738
f 612//612 740//740 739//739
f 613//613 741//741 740//740
f 614//614 742//742 741//741
f 615//615 743//743 742//742
f 616//616 744//744 743//743
f 617//617 745//745 744//744
f 618//618 746//746 745//745
f 619//619 747//747 746//746
f 620//620 748//748 747//747
f 621//621 749//749 748//748
f 622//622 750//750 749//749
f 623//623 751//751 750//750
f 624//624 752//752 751//751
f 625//625 753//753 752//752
f 626//626 754//754 753//753
f 627//627 755//755 754//754
f 628//628 756//756 755//755
f 629//629 757//757 756//756
f 630//630 758//758 757//757
f 631//631 759//759 758//758
f 632//632 760//760 759//759
f 633//633 761//761 760//760
f 634//634 762//762 761//761
f 635//635 763//763 762//762
f 636//636 764//764 763//763
f 637//637 765//765 764//764
f 638//638 766//766 765//765
f 639//639 767//767 766//766
f 640//640 768//768 767//767
f 513//513 641//641 768//768
f 641//641 642//642 2//2
f 642//642 643//643 3//3
f 643//643 644//644 4//4
f 644//644 645//645 5//5
f 645//645 646//646 6//6
f 646//646 647//647 7//7
f 647//647 648//648 8//8
f 648//648 649//649 9//9
f 649//649 650//650 10//10
f 650//650 651//651 11//11
f 651//651 652//652 12//12
f 652//652 653//653 13//13
f 653//653 654//654 14//14
f 654//654 655//655 15//15
f 655//655 656//656 16//16
f 656//656 657//657 17//17
f 657//657 658//658 18//18
f 658//658 659//659 19//19
f 659//659 660//660 20//20
f 660//660 661//661 21//21
f 661//661 662//662 22//22
f 662//662 663//663 23//23
f 663//663 664//664 24//24
f 664//664 665//665 25//25
f 665//665 666//666 26//26
f 666//666 667//667 27//27
f 667//667 668//668 28//28
f 668//668 669//669 29//29
f 669//669 670//670 30//30
f 670//670 671//671 31//31
f 671//671 672//672 32//32
f 672//672 673//673 33//33
f 674//674 34//34 33//33
f 675//675 35//35 34//34
f 676//676 36//36 35//35
f 677//677 37//37 36//36
f 678//678 38//38 37//37
f 679//679 39//39 38//38
f 680//680 40//40 39//39
f 681//681 41//41 40//40
f 682//682 42//42 41//41
f 683//683 43//43 42//42
f 684//684 44//44 43//43
f 685//685 45//45 44//44
f 686//686 46//46 45//45
f 687//687 47//47 46//46
f 688//688 48//48 47//47
f 689//689 49//49 48//48
f 690//690 50//50 49//49
f 691//691 51//51 50//50
f 692//692 52//52 51//51
f 693//693 53//53 52//52
f 694//694 54//54 53//53
f 695//695 55//55 54//54
f 696//696 56//56 55//55
f 697//697 57//57 56//56
f 698//698 58//58 57//57
f 699//699 59//59 58//58
f 700//700 60//60 59//59
f 701//701 61//61 60//60
f 702//702 62//62 61//61
f 703//703 63//63 62//62
f 704//704 64//64 63//63
f 705//705 65//65 64//64
f 705//705 706//706 66//66
f 706//706 707//707 67//67
f 707//707 708//708 68//68
f 708//708 709//709 69//69
f 709//709 710//710 70//70
f 710//710 711//711 71//71
f 711//711 712//712 72//72
f 712//712 713//713 73//73
f 713//713 714//714 74//74
f 714//714 715//715 75//75
f 715//715 716//716 76//76
f 716//716 717//717 77//77
f 717//717 718//718 78//78
f 718//718 719//719 79//79
f 719//719 720//720 80//80
f 720//720 721//721 81//81
f 721//721 722//722 82//82
f 722//722 723//723 83//83
f 723//723 724//724 84//84
f 724//724 725//725 85//85
f 725//725 726//726 86//86
f 726//726 727//727 87//87
f 727//727 728//728 88//88
f 728//728 729//729 89//89
f 729//729 730//730 90//90
f 730//730 731//731 91//91
f 731//731 732//732 92//92
f 732//732 733//733 93//93
f 733//733 734//734 94//94
f 734//734 735//735 95//95
f 735//735 736//736 96//96
f 736//736 737//737 97//97
f 738//738 98//98 97//97
f 739//739 99//99 98//98
f 740//740 100//100 99//99
f 741//741 101//101 100//100
f 742//742 102//102 101//101
f 743//743 103//103 102//102
f 744//744 104//104 103//103
f 745//745 105//105 104//104
f 746//746 106//106 105//105
f 747//747 107//107 106//106
f 748//748 108//108 107//107
f 749//749 109//109 108//108
f 750//750 110//110 109//109
f 751//751 111//111 110//110
f 752//752 112//112 111//111
f 753//753 113//113 112//112
f 754//754 114//114 113//113
f 755//755 115//115 114//114
f 756//756 116//116 115//115
f 757//757 117//117 116//116
f 758//758 118//118 117//117
f 759//759 119//119 118//118
f 760//760 120//120 119//119
f 761//761 121//121 120//120
f 762//762 122//122 121//121
f 763//763 123//123 122//122
f 764//764 124//124 123//123
f 765//765 125//125 124//124
f 766//766 126//126 125//125
f 767//767 127//127 126//126
f 768//768 128//128 127//127
f 641//641 1//1 128//128
o __articraft_commit_0002_0001
v 0.007337 0.384000 0.000000
v 0.007337 0.383776 0.008926
v 0.007337 0.383104 0.017830
v 0.007337 0.381987 0.026691
v 0.007337 0.380426 0.035488
v 0.007337 0.378426 0.044200
v 0.007337 0.375991 0.052805
v 0.007337 0.373127 0.061283
v 0.007337 0.369842 0.069613
v 0.007337 0.366142 0.077776
v 0.007337 0.362037 0.085751
v 0.007337 0.357538 0.093519
v 0.007337 0.352653 0.101063
v 0.007337 0.347397 0.108362
v 0.007337 0.341780 0.115401
v 0.007337 0.335817 0.122162
v 0.007337 0.329522 0.128628
v 0.007337 0.322910 0.134785
v 0.007337 0.315997 0.140617
v 0.007337 0.308800 0.146110
v 0.007337 0.301336 0.151251
v 0.007337 0.293623 0.156028
v 0.007337 0.285680 0.160429
v 0.007337 0.277525 0.164443
v 0.007337 0.269179 0.168061
v 0.007337 0.260662 0.171274
v 0.007337 0.251993 0.174075
v 0.007337 0.243194 0.176456
v 0.007337 0.234287 0.178413
v 0.007337 0.225292 0.179939
v 0.007337 0.216231 0.181032
v 0.007337 0.207127 0.181689
v 0.007337 0.198000 0.181908
v 0.007337 0.188873 0.181689
v 0.007337 0.179769 0.181032
v 0.007337 0.170708 0.179939
v 0.007337 0.161713 0.178413
v 0.007337 0.152806 0.176456
v 0.007337 0.144007 0.174075
v 0.007337 0.135338 0.171274
v 0.007337 0.126821 0.168061
v 0.007337 0.118475 0.164443
v 0.007337 0.110320 0.160429
v 0.007337 0.102377 0.156028
v 0.007337 0.094664 0.151251
v 0.007337 0.087200 0.146110
v 0.007337 0.080003 0.140617
v 0.007337 0.073090 0.134785
v 0.007337 0.066478 0.128628
v 0.007337 0.060183 0.122162
v 0.007337 0.054220 0.115401
v 0.007337 0.048603 0.108362
v 0.007337 0.043347 0.101063
v 0.007337 0.038462 0.093519
v 0.007337 0.033963 0.085751
v 0.007337 0.029858 0.077776
v 0.007337 0.026158 0.069613
v 0.007337 0.022873 0.061283
v 0.007337 0.020009 0.052805
v 0.007337 0.017574 0.044200
v 0.007337 0.015574 0.035488
v 0.007337 0.014013 0.026691
v 0.007337 0.012896 0.017830
v 0.007337 0.012224 0.008926
v 0.007337 0.012000 0.000000
v 0.007337 0.012224 -0.008926
v 0.007337 0.012896 -0.017830
v 0.007337 0.014013 -0.026691
v 0.007337 0.015574 -0.035488
v 0.007337 0.017574 -0.044200
v 0.007337 0.020009 -0.052805
v 0.007337 0.022873 -0.061283
v 0.007337 0.026158 -0.069613
v 0.007337 0.029858 -0.077776
v 0.007337 0.033963 -0.085751
v 0.007337 0.038462 -0.093519
v 0.007337 0.043347 -0.101063
v 0.007337 0.048603 -0.108362
v 0.007337 0.054220 -0.115401
v 0.007337 0.060183 -0.122162
v 0.007337 0.066478 -0.128628
v 0.007337 0.073090 -0.134785
v 0.007337 0.080003 -0.140617
v 0.007337 0.087200 -0.146110
v 0.007337 0.094664 -0.151251
v 0.007337 0.102377 -0.156028
v 0.007337 0.110320 -0.160429
v 0.007337 0.118475 -0.164443
v 0.007337 0.126821 -0.168061
v 0.007337 0.135338 -0.171274
v 0.007337 0.144007 -0.174075
v 0.007337 0.152806 -0.176456
v 0.007337 0.161713 -0.178413
v 0.007337 0.170708 -0.179939
v 0.007337 0.179769 -0.181032
v 0.007337 0.188873 -0.181689
v 0.007337 0.198000 -0.181908
v 0.007337 0.207127 -0.181689
v 0.007337 0.216231 -0.181032
v 0.007337 0.225292 -0.179939
v 0.007337 0.234287 -0.178413
v 0.007337 0.243194 -0.176456
v 0.007337 0.251993 -0.174075
v 0.007337 0.260662 -0.171274
v 0.007337 0.269179 -0.168061
v 0.007337 0.277525 -0.164443
v 0.007337 0.285680 -0.160429
v 0.007337 0.293623 -0.156028
v 0.007337 0.301336 -0.151251
v 0.007337 0.308800 -0.146110
v 0.007337 0.315997 -0.140617
v 0.007337 0.322910 -0.134785
v 0.007337 0.329522 -0.128628
v 0.007337 0.335817 -0.122162
v 0.007337 0.341780 -0.115401
v 0.007337 0.347397 -0.108362
v 0.007337 0.352653 -0.101063
v 0.007337 0.357538 -0.093519
v 0.007337 0.362037 -0.085751
v 0.007337 0.366142 -0.077776
v 0.007337 0.369842 -0.069613
v 0.007337 0.373127 -0.061283
v 0.007337 0.375991 -0.052805
v 0.007337 0.378426 -0.044200
v 0.007337 0.380426 -0.035488
v 0.007337 0.381987 -0.026691
v 0.007337 0.383104 -0.017830
v 0.007337 0.383776 -0.008926
v 0.011923 0.387000 0.000000
v 0.011923 0.386772 0.009070
v 0.011923 0.386090 0.018118
v 0.011923 0.384954 0.027122
v 0.011923 0.383368 0.036061
v 0.011923 0.381336 0.044913
v 0.011923 0.378862 0.053657
v 0.011923 0.375952 0.062271
v 0.011923 0.372613 0.070736
v 0.011923 0.368854 0.079030
v 0.011923 0.364683 0.087134
v 0.011923 0.360111 0.095028
v 0.011923 0.355148 0.102693
v 0.011923 0.349806 0.110110
v 0.011923 0.344099 0.117263
v 0.011923 0.338040 0.124132
v 0.011923 0.331643 0.130703
v 0.011923 0.324925 0.136959
v 0.011923 0.317900 0.142885
v 0.011923 0.310587 0.148466
v 0.011923 0.303003 0.153690
v 0.011923 0.295165 0.158544
v 0.011923 0.287094 0.163016
v 0.011923 0.278808 0.167095
v 0.011923 0.270327 0.170772
v 0.011923 0.261672 0.174037
v 0.011923 0.252864 0.176883
v 0.011923 0.243923 0.179303
v 0.011923 0.234872 0.181290
v 0.011923 0.225732 0.182841
v 0.011923 0.216525 0.183952
v 0.011923 0.207274 0.184619
v 0.011923 0.198000 0.184842
v 0.011923 0.188726 0.184619
v 0.011923 0.179475 0.183952
v 0.011923 0.170268 0.182841
v 0.011923 0.161128 0.181290
v 0.011923 0.152077 0.179303
v 0.011923 0.143136 0.176883
v 0.011923 0.134328 0.174037
v 0.011923 0.125673 0.170772
v 0.011923 0.117192 0.167095
v 0.011923 0.108906 0.163016
v 0.011923 0.100835 0.158544
v 0.011923 0.092997 0.153690
v 0.011923 0.085413 0.148466
v 0.011923 0.078100 0.142885
v 0.011923 0.071075 0.136959
v 0.011923 0.064357 0.130703
v 0.011923 0.057960 0.124132
v 0.011923 0.051901 0.117263
v 0.011923 0.046194 0.110110
v 0.011923 0.040852 0.102693
v 0.011923 0.035889 0.095028
v 0.011923 0.031317 0.087134
v 0.011923 0.027146 0.079030
v 0.011923 0.023387 0.070736
v 0.011923 0.020048 0.062271
v 0.011923 0.017138 0.053657
v 0.011923 0.014664 0.044913
v 0.011923 0.012632 0.036061
v 0.011923 0.011046 0.027122
v 0.011923 0.009910 0.018118
v 0.011923 0.009228 0.009070
v 0.011923 0.009000 0.000000
v 0.011923 0.009228 -0.009070
v 0.011923 0.009910 -0.018118
v 0.011923 0.011046 -0.027122
v 0.011923 0.012632 -0.036061
v 0.011923 0.014664 -0.044913
v 0.011923 0.017138 -0.053657
v 0.011923 0.020048 -0.062271
v 0.011923 0.023387 -0.070736
v 0.011923 0.027146 -0.079030
v 0.011923 0.031317 -0.087134
v 0.011923 0.035889 -0.095028
v 0.011923 0.040852 -0.102693
v 0.011923 0.046194 -0.110110
v 0.011923 0.051901 -0.117263
v 0.011923 0.057960 -0.124132
v 0.011923 0.064357 -0.130703
v 0.011923 0.071075 -0.136959
v 0.011923 0.078100 -0.142885
v 0.011923 0.085413 -0.148466
v 0.011923 0.092997 -0.153691
v 0.011923 0.100835 -0.158544
v 0.011923 0.108906 -0.163016
v 0.011923 0.117192 -0.167095
v 0.011923 0.125673 -0.170772
v 0.011923 0.134328 -0.174037
v 0.011923 0.143136 -0.176883
v 0.011923 0.152077 -0.179303
v 0.011923 0.161128 -0.181290
v 0.011923 0.170268 -0.182841
v 0.011923 0.179475 -0.183952
v 0.011923 0.188726 -0.184619
v 0.011923 0.198000 -0.184842
v 0.011923 0.207274 -0.184619
v 0.011923 0.216525 -0.183952
v 0.011923 0.225732 -0.182841
v 0.011923 0.234872 -0.181290
v 0.011923 0.243923 -0.179303
v 0.011923 0.252864 -0.176883
v 0.011923 0.261672 -0.174037
v 0.011923 0.270327 -0.170772
v 0.011923 0.278808 -0.167095
v 0.011923 0.287094 -0.163016
v 0.011923 0.295165 -0.158544
v 0.011923 0.303003 -0.153691
v 0.011923 0.310587 -0.148466
v 0.011923 0.317900 -0.142885
v 0.011923 0.324925 -0.136959
v 0.011923 0.331643 -0.130703
v 0.011923 0.338040 -0.124132
v 0.011923 0.344099 -0.117263
v 0.011923 0.349806 -0.110110
v 0.011923 0.355148 -0.102693
v 0.011923 0.360111 -0.095028
v 0.011923 0.364683 -0.087134
v 0.011923 0.368854 -0.079030
v 0.011923 0.372613 -0.070736
v 0.011923 0.375952 -0.062271
v 0.011923 0.378862 -0.053657
v 0.011923 0.381336 -0.044913
v 0.011923 0.383368 -0.036061
v 0.011923 0.384954 -0.027122
v 0.011923 0.386090 -0.018118
v 0.011923 0.386772 -0.009070
v 0.012840 0.385000 0.000000
v 0.012840 0.384775 0.008974
v 0.012840 0.384100 0.017926
v 0.012840 0.382976 0.026835
v 0.012840 0.381407 0.035679
v 0.012840 0.379396 0.044438
v 0.012840 0.376948 0.053089
v 0.012840 0.374069 0.061612
v 0.012840 0.370765 0.069987
v 0.012840 0.367046 0.078194
v 0.012840 0.362919 0.086212
v 0.012840 0.358395 0.094022
v 0.012840 0.353485 0.101606
v 0.012840 0.348200 0.108945
v 0.012840 0.342553 0.116022
v 0.012840 0.336558 0.122819
v 0.012840 0.330229 0.129320
v 0.012840 0.323582 0.135510
v 0.012840 0.316632 0.141373
v 0.012840 0.309396 0.146895
v 0.012840 0.301892 0.152064
v 0.012840 0.294137 0.156867
v 0.012840 0.286151 0.161291
v 0.012840 0.277953 0.165327
v 0.012840 0.269562 0.168965
v 0.012840 0.260998 0.172195
v 0.012840 0.252283 0.175011
v 0.012840 0.243437 0.177405
v 0.012840 0.234482 0.179372
v 0.012840 0.225439 0.180907
v 0.012840 0.216329 0.182005
v 0.012840 0.207176 0.182666
v 0.012840 0.198000 0.182886
v 0.012840 0.188824 0.182666
v 0.012840 0.179671 0.182005
v 0.012840 0.170561 0.180907
v 0.012840 0.161518 0.179372
v 0.012840 0.152563 0.177405
v 0.012840 0.143717 0.175011
v 0.012840 0.135002 0.172195
v 0.012840 0.126438 0.168965
v 0.012840 0.118047 0.165327
v 0.012840 0.109849 0.161291
v 0.012840 0.101863 0.156867
v 0.012840 0.094108 0.152064
v 0.012840 0.086604 0.146895
v 0.012840 0.079368 0.141373
v 0.012840 0.072418 0.135510
v 0.012840 0.065771 0.129320
v 0.012840 0.059442 0.122819
v 0.012840 0.053447 0.116022
v 0.012840 0.047800 0.108945
v 0.012840 0.042515 0.101606
v 0.012840 0.037605 0.094022
v 0.012840 0.033081 0.086212
v 0.012840 0.028954 0.078194
v 0.012840 0.025235 0.069987
v 0.012840 0.021931 0.061612
v 0.012840 0.019052 0.053089
v 0.012840 0.016604 0.044438
v 0.012840 0.014593 0.035679
v 0.012840 0.013024 0.026835
v 0.012840 0.011900 0.017926
v 0.012840 0.011225 0.008974
v 0.012840 0.011000 0.000000
v 0.012840 0.011225 -0.008974
v 0.012840 0.011900 -0.017926
v 0.012840 0.013024 -0.026835
v 0.012840 0.014593 -0.035679
v 0.012840 0.016604 -0.044438
v 0.012840 0.019052 -0.053089
v 0.012840 0.021931 -0.061612
v 0.012840 0.025235 -0.069987
v 0.012840 0.028954 -0.078194
v 0.012840 0.033081 -0.086212
v 0.012840 0.037605 -0.094022
v 0.012840 0.042515 -0.101606
v 0.012840 0.047800 -0.108945
v 0.012840 0.053447 -0.116022
v 0.012840 0.059442 -0.122819
v 0.012840 0.065771 -0.129320
v 0.012840 0.072418 -0.135510
v 0.012840 0.079368 -0.141373
v 0.012840 0.086604 -0.146895
v 0.012840 0.094108 -0.152064
v 0.012840 0.101863 -0.156867
v 0.012840 0.109849 -0.161291
v 0.012840 0.118047 -0.165327
v 0.012840 0.126438 -0.168965
v 0.012840 0.135002 -0.172195
v 0.012840 0.143717 -0.175011
v 0.012840 0.152563 -0.177405
v 0.012840 0.161518 -0.179372
v 0.012840 0.170561 -0.180907
v 0.012840 0.179671 -0.182005
v 0.012840 0.188824 -0.182666
v 0.012840 0.198000 -0.182886
v 0.012840 0.207176 -0.182666
v 0.012840 0.216329 -0.182005
v 0.012840 0.225439 -0.180907
v 0.012840 0.234482 -0.179372
v 0.012840 0.243437 -0.177405
v 0.012840 0.252283 -0.175011
v 0.012840 0.260998 -0.172195
v 0.012840 0.269562 -0.168965
v 0.012840 0.277953 -0.165327
v 0.012840 0.286151 -0.161291
v 0.012840 0.294137 -0.156867
v 0.012840 0.301892 -0.152064
v 0.012840 0.309396 -0.146895
v 0.012840 0.316632 -0.141373
v 0.012840 0.323582 -0.135510
v 0.012840 0.330229 -0.129320
v 0.012840 0.336558 -0.122819
v 0.012840 0.342553 -0.116022
v 0.012840 0.348200 -0.108945
v 0.012840 0.353485 -0.101606
v 0.012840 0.358395 -0.094022
v 0.012840 0.362919 -0.086212
v 0.012840 0.367046 -0.078194
v 0.012840 0.370765 -0.069987
v 0.012840 0.374069 -0.061612
v 0.012840 0.376948 -0.053089
v 0.012840 0.379396 -0.044438
v 0.012840 0.381407 -0.035679
v 0.012840 0.382976 -0.026835
v 0.012840 0.384100 -0.017926
v 0.012840 0.384775 -0.008974
v 0.009172 0.382000 0.000000
v 0.009172 0.381778 0.008830
v 0.009172 0.381114 0.017638
v 0.009172 0.380008 0.026404
v 0.009172 0.378464 0.035107
v 0.009172 0.376486 0.043725
v 0.009172 0.374077 0.052237
v 0.009172 0.371244 0.060624
v 0.009172 0.367994 0.068865
v 0.009172 0.364334 0.076939
v 0.009172 0.360274 0.084829
v 0.009172 0.355822 0.092514
v 0.009172 0.350990 0.099976
v 0.009172 0.345790 0.107197
v 0.009172 0.340234 0.114160
v 0.009172 0.334335 0.120848
v 0.009172 0.328108 0.127245
v 0.009172 0.321567 0.133336
v 0.009172 0.314728 0.139105
v 0.009172 0.307609 0.144539
v 0.009172 0.300225 0.149625
v 0.009172 0.292595 0.154350
v 0.009172 0.284737 0.158703
v 0.009172 0.276670 0.162675
v 0.009172 0.268414 0.166254
v 0.009172 0.259988 0.169433
v 0.009172 0.251412 0.172203
v 0.009172 0.242708 0.174559
v 0.009172 0.233897 0.176494
v 0.009172 0.224998 0.178004
v 0.009172 0.216035 0.179085
v 0.009172 0.207028 0.179735
v 0.009172 0.198000 0.179952
v 0.009172 0.188972 0.179735
v 0.009172 0.179965 0.179085
v 0.009172 0.171002 0.178004
v 0.009172 0.162103 0.176494
v 0.009172 0.153292 0.174559
v 0.009172 0.144588 0.172203
v 0.009172 0.136012 0.169433
v 0.009172 0.127586 0.166254
v 0.009172 0.119330 0.162675
v 0.009172 0.111263 0.158703
v 0.009172 0.103405 0.154350
v 0.009172 0.095775 0.149625
v 0.009172 0.088391 0.144539
v 0.009172 0.081272 0.139105
v 0.009172 0.074433 0.133336
v 0.009172 0.067892 0.127245
v 0.009172 0.061665 0.120848
v 0.009172 0.055766 0.114160
v 0.009172 0.050210 0.107197
v 0.009172 0.045010 0.099976
v 0.009172 0.040178 0.092514
v 0.009172 0.035726 0.084829
v 0.009172 0.031666 0.076939
v 0.009172 0.028006 0.068865
v 0.009172 0.024756 0.060624
v 0.009172 0.021923 0.052237
v 0.009172 0.019514 0.043725
v 0.009172 0.017536 0.035107
v 0.009172 0.015992 0.026404
v 0.009172 0.014886 0.017638
v 0.009172 0.014222 0.008830
v 0.009172 0.014000 0.000000
v 0.009172 0.014222 -0.008830
v 0.009172 0.014886 -0.017638
v 0.009172 0.015992 -0.026404
v 0.009172 0.017536 -0.035107
v 0.009172 0.019514 -0.043725
v 0.009172 0.021923 -0.052237
v 0.009172 0.024756 -0.060624
v 0.009172 0.028006 -0.068865
v 0.009172 0.031666 -0.076939
v 0.009172 0.035726 -0.084829
v 0.009172 0.040178 -0.092514
v 0.009172 0.045010 -0.099976
v 0.009172 0.050210 -0.107197
v 0.009172 0.055766 -0.114160
v 0.009172 0.061665 -0.120848
v 0.009172 0.067892 -0.127245
v 0.009172 0.074433 -0.133336
v 0.009172 0.081272 -0.139105
v 0.009172 0.088391 -0.144539
v 0.009172 0.095775 -0.149625
v 0.009172 0.103405 -0.154350
v 0.009172 0.111263 -0.158704
v 0.009172 0.119330 -0.162675
v 0.009172 0.127586 -0.166254
v 0.009172 0.136012 -0.169433
v 0.009172 0.144588 -0.172203
v 0.009172 0.153292 -0.174559
v 0.009172 0.162103 -0.176494
v 0.009172 0.171002 -0.178004
v 0.009172 0.179965 -0.179085
v 0.009172 0.188972 -0.179735
v 0.009172 0.198000 -0.179952
v 0.009172 0.207028 -0.179735
v 0.009172 0.216035 -0.179085
v 0.009172 0.224998 -0.178004
v 0.009172 0.233897 -0.176494
v 0.009172 0.242708 -0.174559
v 0.009172 0.251412 -0.172203
v 0.009172 0.259988 -0.169433
v 0.009172 0.268414 -0.166254
v 0.009172 0.276670 -0.162675
v 0.009172 0.284737 -0.158704
v 0.009172 0.292595 -0.154350
v 0.009172 0.300225 -0.149625
v 0.009172 0.307609 -0.144539
v 0.009172 0.314728 -0.139105
v 0.009172 0.321567 -0.133336
v 0.009172 0.328108 -0.127245
v 0.009172 0.334335 -0.120848
v 0.009172 0.340234 -0.114160
v 0.009172 0.345790 -0.107197
v 0.009172 0.350990 -0.099976
v 0.009172 0.355822 -0.092514
v 0.009172 0.360274 -0.084829
v 0.009172 0.364334 -0.076939
v 0.009172 0.367994 -0.068865
v 0.009172 0.371244 -0.060624
v 0.009172 0.374077 -0.052237
v 0.009172 0.376486 -0.043725
v 0.009172 0.378464 -0.035107
v 0.009172 0.380008 -0.026404
v 0.009172 0.381114 -0.017638
v 0.009172 0.381778 -0.008830
vn -0.9907 0.1363 -0.0000
vn -0.9907 0.1361 0.0069
vn -0.9907 0.1356 0.0137
vn -0.9907 0.1347 0.0205
vn -0.9907 0.1335 0.0272
vn -0.9907 0.1319 0.0339
vn -0.9907 0.1300 0.0405
vn -0.9907 0.1278 0.0469
vn -0.9907 0.1253 0.0533
vn -0.9907 0.1224 0.0594
vn -0.9907 0.1193 0.0654
vn -0.9907 0.1159 0.0713
vn -0.9907 0.1122 0.0769
vn -0.9907 0.1082 0.0823
vn -0.9907 0.1039 0.0876
vn -0.9907 0.0995 0.0925
vn -0.9907 0.0948 0.0973
vn -0.9907 0.0899 0.1018
vn -0.9907 0.0848 0.1060
vn -0.9908 0.0795 0.1100
vn -0.9908 0.0740 0.1137
vn -0.9908 0.0684 0.1171
vn -0.9908 0.0626 0.1203
vn -0.9908 0.0567 0.1231
vn -0.9908 0.0507 0.1257
vn -0.9908 0.0446 0.1279
vn -0.9908 0.0384 0.1299
vn -0.9908 0.0321 0.1316
vn -0.9908 0.0258 0.1329
vn -0.9908 0.0194 0.1340
vn -0.9908 0.0129 0.1348
vn -0.9908 0.0065 0.1352
vn -0.9908 -0.0000 0.1354
vn -0.9908 -0.0065 0.1352
vn -0.9908 -0.0129 0.1348
vn -0.9908 -0.0194 0.1340
vn -0.9908 -0.0258 0.1329
vn -0.9908 -0.0321 0.1316
vn -0.9908 -0.0384 0.1299
vn -0.9908 -0.0446 0.1279
vn -0.9908 -0.0507 0.1257
vn -0.9908 -0.0567 0.1231
vn -0.9908 -0.0626 0.1203
vn -0.9908 -0.0684 0.1171
vn -0.9908 -0.0740 0.1137
vn -0.9908 -0.0795 0.1100
vn -0.9907 -0.0848 0.1060
vn -0.9907 -0.0899 0.1018
vn -0.9907 -0.0948 0.0973
vn -0.9907 -0.0995 0.0925
vn -0.9907 -0.1039 0.0876
vn -0.9907 -0.1082 0.0823
vn -0.9907 -0.1122 0.0769
vn -0.9907 -0.1159 0.0713
vn -0.9907 -0.1193 0.0654
vn -0.9907 -0.1224 0.0594
vn -0.9907 -0.1253 0.0533
vn -0.9907 -0.1278 0.0469
vn -0.9907 -0.1300 0.0405
vn -0.9907 -0.1319 0.0339
vn -0.9907 -0.1335 0.0272
vn -0.9907 -0.1347 0.0205
vn -0.9907 -0.1356 0.0137
vn -0.9907 -0.1361 0.0069
vn -0.9907 -0.1363 -0.0000
vn -0.9907 -0.1361 -0.0069
vn -0.9907 -0.1356 -0.0137
vn -0.9907 -0.1347 -0.0205
vn -0.9907 -0.1335 -0.0272
vn -0.9907 -0.1319 -0.0339
vn -0.9907 -0.1300 -0.0405
vn -0.9907 -0.1278 -0.0469
vn -0.9907 -0.1253 -0.0533
vn -0.9907 -0.1224 -0.0594
vn -0.9907 -0.1193 -0.0654
vn -0.9907 -0.1159 -0.0713
vn -0.9907 -0.1122 -0.0769
vn -0.9907 -0.1082 -0.0823
vn -0.9907 -0.1040 -0.0876
vn -0.9907 -0.0995 -0.0925
vn -0.9907 -0.0948 -0.0973
vn -0.9907 -0.0899 -0.1018
vn -0.9907 -0.0848 -0.1060
vn -0.9907 -0.0795 -0.1100
vn -0.9908 -0.0740 -0.1137
vn -0.9908 -0.0684 -0.1171
vn -0.9908 -0.0626 -0.1203
vn -0.9908 -0.0567 -0.1231
vn -0.9908 -0.0507 -0.1257
vn -0.9908 -0.0446 -0.1279
vn -0.9908 -0.0384 -0.1299
vn -0.9908 -0.0321 -0.1316
vn -0.9908 -0.0258 -0.1329
vn -0.9908 -0.0194 -0.1340
vn -0.9908 -0.0129 -0.1348
vn -0.9908 -0.0065 -0.1352
vn -0.9908 -0.0000 -0.1354
vn -0.9908 0.0065 -0.1352
vn -0.9908 0.0129 -0.1348
vn -0.9908 0.0194 -0.1340
vn -0.9908 0.0258 -0.1329
vn -0.9908 0.0321 -0.1316
vn -0.9908 0.0384 -0.1299
vn -0.9908 0.0446 -0.1279
vn -0.9908 0.0507 -0.1257
vn -0.9908 0.0567 -0.1231
vn -0.9908 0.0626 -0.1203
vn -0.9908 0.0684 -0.1171
vn -0.9908 0.0740 -0.1137
vn -0.9907 0.0795 -0.1100
vn -0.9907 0.0848 -0.1060
vn -0.9907 0.0899 -0.1018
vn -0.9907 0.0948 -0.0973
vn -0.9907 0.0995 -0.0925
vn -0.9907 0.1040 -0.0876
vn -0.9907 0.1082 -0.0823
vn -0.9907 0.1122 -0.0769
vn -0.9907 0.1159 -0.0713
vn -0.9907 0.1193 -0.0654
vn -0.9907 0.1224 -0.0594
vn -0.9907 0.1253 -0.0533
vn -0.9907 0.1278 -0.0469
vn -0.9907 0.1300 -0.0405
vn -0.9907 0.1319 -0.0339
vn -0.9907 0.1335 -0.0272
vn -0.9907 0.1347 -0.0205
vn -0.9907 0.1356 -0.0137
vn -0.9907 0.1361 -0.0069
vn 0.2739 0.9618 -0.0000
vn 0.2739 0.9605 0.0482
vn 0.2739 0.9569 0.0963
vn 0.2739 0.9509 0.1442
vn 0.2739 0.9425 0.1916
vn 0.2740 0.9317 0.2385
vn 0.2740 0.9186 0.2848
vn 0.2740 0.9032 0.3303
vn 0.2740 0.8856 0.3749
vn 0.2741 0.8659 0.4185
vn 0.2741 0.8440 0.4610
vn 0.2742 0.8201 0.5023
vn 0.2742 0.7942 0.5423
vn 0.2743 0.7664 0.5809
vn 0.2743 0.7368 0.6180
vn 0.2743 0.7055 0.6535
vn 0.2744 0.6725 0.6873
vn 0.2744 0.6380 0.7194
vn 0.2745 0.6021 0.7498
vn 0.2745 0.5648 0.7782
vn 0.2746 0.5262 0.8048
vn 0.2746 0.4864 0.8294
vn 0.2747 0.4456 0.8520
vn 0.2747 0.4038 0.8726
vn 0.2747 0.3612 0.8911
vn 0.2747 0.3177 0.9075
vn 0.2748 0.2736 0.9218
vn 0.2748 0.2289 0.9339
vn 0.2748 0.1837 0.9438
vn 0.2748 0.1381 0.9515
vn 0.2748 0.0922 0.9571
vn 0.2748 0.0462 0.9604
vn 0.2748 -0.0000 0.9615
vn 0.2748 -0.0462 0.9604
vn 0.2748 -0.0922 0.9571
vn 0.2748 -0.1381 0.9515
vn 0.2748 -0.1837 0.9438
vn 0.2748 -0.2289 0.9339
vn 0.2748 -0.2736 0.9218
vn 0.2747 -0.3177 0.9075
vn 0.2747 -0.3612 0.8911
vn 0.2747 -0.4038 0.8726
vn 0.2747 -0.4456 0.8520
vn 0.2746 -0.4864 0.8294
vn 0.2746 -0.5262 0.8048
vn 0.2745 -0.5648 0.7782
vn 0.2745 -0.6021 0.7498
vn 0.2744 -0.6380 0.7194
vn 0.2744 -0.6725 0.6873
vn 0.2743 -0.7055 0.6535
vn 0.2743 -0.7368 0.6180
vn 0.2743 -0.7664 0.5809
vn 0.2742 -0.7942 0.5423
vn 0.2742 -0.8201 0.5023
vn 0.2741 -0.8440 0.4610
vn 0.2741 -0.8659 0.4185
vn 0.2740 -0.8856 0.3749
vn 0.2740 -0.9032 0.3303
vn 0.2740 -0.9186 0.2848
vn 0.2740 -0.9317 0.2385
vn 0.2739 -0.9425 0.1916
vn 0.2739 -0.9509 0.1442
vn 0.2739 -0.9569 0.0963
vn 0.2739 -0.9605 0.0482
vn 0.2739 -0.9618 -0.0000
vn 0.2739 -0.9605 -0.0482
vn 0.2739 -0.9569 -0.0963
vn 0.2739 -0.9509 -0.1442
vn 0.2739 -0.9425 -0.1916
vn 0.2740 -0.9317 -0.2385
vn 0.2740 -0.9186 -0.2848
vn 0.2740 -0.9032 -0.3303
vn 0.2740 -0.8856 -0.3749
vn 0.2741 -0.8659 -0.4185
vn 0.2741 -0.8440 -0.4610
vn 0.2742 -0.8201 -0.5023
vn 0.2742 -0.7942 -0.5423
vn 0.2742 -0.7664 -0.5809
vn 0.2743 -0.7368 -0.6180
vn 0.2743 -0.7055 -0.6535
vn 0.2744 -0.6725 -0.6873
vn 0.2744 -0.6380 -0.7194
vn 0.2745 -0.6021 -0.7498
vn 0.2745 -0.5648 -0.7782
vn 0.2746 -0.5262 -0.8048
vn 0.2746 -0.4864 -0.8294
vn 0.2747 -0.4456 -0.8520
vn 0.2747 -0.4038 -0.8726
vn 0.2747 -0.3612 -0.8911
vn 0.2747 -0.3177 -0.9075
vn 0.2748 -0.2736 -0.9218
vn 0.2748 -0.2289 -0.9339
vn 0.2748 -0.1837 -0.9438
vn 0.2748 -0.1381 -0.9515
vn 0.2748 -0.0922 -0.9571
vn 0.2748 -0.0462 -0.9604
vn 0.2748 -0.0000 -0.9615
vn 0.2748 0.0462 -0.9604
vn 0.2748 0.0922 -0.9571
vn 0.2748 0.1381 -0.9515
vn 0.2748 0.1837 -0.9438
vn 0.2748 0.2289 -0.9339
vn 0.2748 0.2736 -0.9218
vn 0.2747 0.3177 -0.9075
vn 0.2747 0.3612 -0.8911
vn 0.2747 0.4038 -0.8726
vn 0.2747 0.4456 -0.8520
vn 0.2746 0.4864 -0.8294
vn 0.2746 0.5262 -0.8048
vn 0.2745 0.5648 -0.7782
vn 0.2745 0.6021 -0.7498
vn 0.2744 0.6380 -0.7194
vn 0.2744 0.6725 -0.6873
vn 0.2743 0.7055 -0.6535
vn 0.2743 0.7368 -0.6180
vn 0.2742 0.7664 -0.5809
vn 0.2742 0.7942 -0.5423
vn 0.2742 0.8201 -0.5023
vn 0.2741 0.8440 -0.4610
vn 0.2741 0.8659 -0.4185
vn 0.2740 0.8856 -0.3749
vn 0.2740 0.9032 -0.3303
vn 0.2740 0.9186 -0.2848
vn 0.2740 0.9317 -0.2385
vn 0.2739 0.9425 -0.1916
vn 0.2739 0.9509 -0.1442
vn 0.2739 0.9569 -0.0963
vn 0.2739 0.9605 -0.0482
vn 0.9763 -0.2164 -0.0000
vn 0.9763 -0.2161 -0.0108
vn 0.9763 -0.2153 -0.0216
vn 0.9763 -0.2140 -0.0324
vn 0.9763 -0.2121 -0.0431
vn 0.9763 -0.2098 -0.0536
vn 0.9763 -0.2069 -0.0640
vn 0.9763 -0.2034 -0.0743
vn 0.9763 -0.1995 -0.0844
vn 0.9762 -0.1951 -0.0942
vn 0.9762 -0.1903 -0.1038
vn 0.9762 -0.1849 -0.1131
vn 0.9762 -0.1792 -0.1222
vn 0.9762 -0.1730 -0.1309
vn 0.9762 -0.1664 -0.1394
vn 0.9762 -0.1594 -0.1474
vn 0.9761 -0.1520 -0.1551
vn 0.9761 -0.1442 -0.1624
vn 0.9761 -0.1362 -0.1694
vn 0.9761 -0.1278 -0.1758
vn 0.9761 -0.1191 -0.1819
vn 0.9761 -0.1101 -0.1876
vn 0.9760 -0.1009 -0.1927
vn 0.9760 -0.0915 -0.1975
vn 0.9760 -0.0819 -0.2017
vn 0.9760 -0.0720 -0.2055
vn 0.9760 -0.0620 -0.2087
vn 0.9760 -0.0519 -0.2115
vn 0.9760 -0.0417 -0.2138
vn 0.9760 -0.0313 -0.2156
vn 0.9760 -0.0209 -0.2168
vn 0.9760 -0.0105 -0.2176
vn 0.9760 -0.0000 -0.2179
vn 0.9760 0.0105 -0.2176
vn 0.9760 0.0209 -0.2168
vn 0.9760 0.0313 -0.2156
vn 0.9760 0.0417 -0.2138
vn 0.9760 0.0519 -0.2115
vn 0.9760 0.0620 -0.2087
vn 0.9760 0.0720 -0.2055
vn 0.9760 0.0819 -0.2017
vn 0.9760 0.0915 -0.1975
vn 0.9760 0.1009 -0.1927
vn 0.9761 0.1101 -0.1876
vn 0.9761 0.1191 -0.1819
vn 0.9761 0.1278 -0.1758
vn 0.9761 0.1362 -0.1694
vn 0.9761 0.1442 -0.1624
vn 0.9761 0.1520 -0.1551
vn 0.9762 0.1594 -0.1474
vn 0.9762 0.1664 -0.1394
vn 0.9762 0.1730 -0.1309
vn 0.9762 0.1792 -0.1222
vn 0.9762 0.1849 -0.1131
vn 0.9762 0.1903 -0.1038
vn 0.9762 0.1951 -0.0942
vn 0.9763 0.1995 -0.0844
vn 0.9763 0.2034 -0.0743
vn 0.9763 0.2069 -0.0640
vn 0.9763 0.2098 -0.0536
vn 0.9763 0.2121 -0.0431
vn 0.9763 0.2140 -0.0324
vn 0.9763 0.2153 -0.0216
vn 0.9763 0.2161 -0.0108
vn 0.9763 0.2164 -0.0000
vn 0.9763 0.2161 0.0108
vn 0.9763 0.2153 0.0216
vn 0.9763 0.2140 0.0324
vn 0.9763 0.2121 0.0431
vn 0.9763 0.2098 0.0536
vn 0.9763 0.2069 0.0640
vn 0.9763 0.2034 0.0743
vn 0.9763 0.1995 0.0844
vn 0.9762 0.1951 0.0942
vn 0.9762 0.1903 0.1038
vn 0.9762 0.1850 0.1131
vn 0.9762 0.1792 0.1222
vn 0.9762 0.1730 0.1309
vn 0.9762 0.1664 0.1394
vn 0.9762 0.1594 0.1474
vn 0.9761 0.1520 0.1551
vn 0.9761 0.1442 0.1624
vn 0.9761 0.1362 0.1693
vn 0.9761 0.1278 0.1759
vn 0.9761 0.1191 0.1819
vn 0.9761 0.1101 0.1876
vn 0.9760 0.1009 0.1927
vn 0.9760 0.0915 0.1974
vn 0.9760 0.0819 0.2017
vn 0.9760 0.0720 0.2055
vn 0.9760 0.0620 0.2087
vn 0.9760 0.0519 0.2115
vn 0.9760 0.0417 0.2138
vn 0.9760 0.0313 0.2156
vn 0.9760 0.0209 0.2169
vn 0.9760 0.0105 0.2176
vn 0.9760 -0.0000 0.2179
vn 0.9760 -0.0105 0.2176
vn 0.9760 -0.0209 0.2169
vn 0.9760 -0.0313 0.2156
vn 0.9760 -0.0417 0.2138
vn 0.9760 -0.0519 0.2115
vn 0.9760 -0.0620 0.2087
vn 0.9760 -0.0720 0.2055
vn 0.9760 -0.0819 0.2017
vn 0.9760 -0.0915 0.1974
vn 0.9760 -0.1009 0.1927
vn 0.9761 -0.1101 0.1876
vn 0.9761 -0.1191 0.1819
vn 0.9761 -0.1278 0.1759
vn 0.9761 -0.1362 0.1693
vn 0.9761 -0.1442 0.1624
vn 0.9761 -0.1520 0.1551
vn 0.9762 -0.1594 0.1474
vn 0.9762 -0.1664 0.1394
vn 0.9762 -0.1730 0.1309
vn 0.9762 -0.1792 0.1222
vn 0.9762 -0.1850 0.1131
vn 0.9762 -0.1903 0.1038
vn 0.9762 -0.1951 0.0942
vn 0.9763 -0.1995 0.0844
vn 0.9763 -0.2034 0.0743
vn 0.9763 -0.2069 0.0640
vn 0.9763 -0.2098 0.0536
vn 0.9763 -0.2121 0.0431
vn 0.9763 -0.2140 0.0324
vn 0.9763 -0.2153 0.0216
vn 0.9763 -0.2161 0.0108
vn -0.0723 -0.9974 -0.0000
vn -0.0723 -0.9961 -0.0501
vn -0.0723 -0.9924 -0.1000
vn -0.0723 -0.9861 -0.1496
vn -0.0723 -0.9774 -0.1989
vn -0.0723 -0.9662 -0.2476
vn -0.0723 -0.9526 -0.2956
vn -0.0723 -0.9366 -0.3428
vn -0.0723 -0.9183 -0.3891
vn -0.0723 -0.8978 -0.4344
vn -0.0723 -0.8751 -0.4785
vn -0.0722 -0.8503 -0.5213
vn -0.0722 -0.8234 -0.5628
vn -0.0722 -0.7946 -0.6028
vn -0.0722 -0.7639 -0.6413
vn -0.0722 -0.7314 -0.6781
vn -0.0722 -0.6972 -0.7132
vn -0.0722 -0.6614 -0.7465
vn -0.0722 -0.6241 -0.7780
vn -0.0722 -0.5854 -0.8075
vn -0.0722 -0.5454 -0.8350
vn -0.0722 -0.5042 -0.8606
vn -0.0722 -0.4619 -0.8840
vn -0.0722 -0.4186 -0.9053
vn -0.0722 -0.3743 -0.9245
vn -0.0722 -0.3293 -0.9415
vn -0.0721 -0.2836 -0.9562
vn -0.0721 -0.2372 -0.9688
vn -0.0721 -0.1904 -0.9791
vn -0.0721 -0.1431 -0.9871
vn -0.0721 -0.0956 -0.9928
vn -0.0721 -0.0478 -0.9962
vn -0.0721 -0.0000 -0.9974
vn -0.0721 0.0478 -0.9962
vn -0.0721 0.0956 -0.9928
vn -0.0721 0.1431 -0.9871
vn -0.0721 0.1904 -0.9791
vn -0.0721 0.2372 -0.9688
vn -0.0721 0.2836 -0.9562
vn -0.0722 0.3293 -0.9415
vn -0.0722 0.3743 -0.9245
vn -0.0722 0.4186 -0.9053
vn -0.0722 0.4619 -0.8840
vn -0.0722 0.5042 -0.8606
vn -0.0722 0.5454 -0.8350
vn -0.0722 0.5854 -0.8075
vn -0.0722 0.6241 -0.7780
vn -0.0722 0.6614 -0.7465
vn -0.0722 0.6972 -0.7132
vn -0.0722 0.7314 -0.6781
vn -0.0722 0.7639 -0.6413
vn -0.0722 0.7946 -0.6028
vn -0.0722 0.8234 -0.5628
vn -0.0722 0.8503 -0.5213
vn -0.0723 0.8751 -0.4785
vn -0.0723 0.8978 -0.4344
vn -0.0723 0.9183 -0.3891
vn -0.0723 0.9366 -0.3428
vn -0.0723 0.9526 -0.2956
vn -0.0723 0.9662 -0.2476
vn -0.0723 0.9774 -0.1989
vn -0.0723 0.9861 -0.1496
vn -0.0723 0.9924 -0.1000
vn -0.0723 0.9961 -0.0501
vn -0.0723 0.9974 -0.0000
vn -0.0723 0.9961 0.0501
vn -0.0723 0.9924 0.1000
vn -0.0723 0.9861 0.1496
vn -0.0723 0.9774 0.1989
vn -0.0723 0.9662 0.2476
vn -0.0723 0.9526 0.2956
vn -0.0723 0.9366 0.3428
vn -0.0723 0.9183 0.3891
vn -0.0723 0.8978 0.4344
vn -0.0723 0.8751 0.4785
vn -0.0722 0.8503 0.5213
vn -0.0722 0.8234 0.5628
vn -0.0722 0.7946 0.6028
vn -0.0722 0.7639 0.6413
vn -0.0722 0.7314 0.6781
vn -0.0722 0.6972 0.7132
vn -0.0722 0.6614 0.7465
vn -0.0722 0.6241 0.7780
vn -0.0722 0.5854 0.8075
vn -0.0722 0.5454 0.8350
vn -0.0722 0.5042 0.8606
vn -0.0722 0.4619 0.8840
vn -0.0722 0.4186 0.9053
vn -0.0722 0.3743 0.9245
vn -0.0722 0.3293 0.9415
vn -0.0721 0.2836 0.9562
vn -0.0721 0.2372 0.9688
vn -0.0721 0.1904 0.9791
vn -0.0721 0.1431 0.9871
vn -0.0721 0.0956 0.9928
vn -0.0721 0.0478 0.9962
vn -0.0721 -0.0000 0.9974
vn -0.0721 -0.0478 0.9962
vn -0.0721 -0.0956 0.9928
vn -0.0721 -0.1431 0.9871
vn -0.0721 -0.1904 0.9791
vn -0.0721 -0.2372 0.9688
vn -0.0721 -0.2836 0.9562
vn -0.0722 -0.3293 0.9415
vn -0.0722 -0.3743 0.9245
vn -0.0722 -0.4186 0.9053
vn -0.0722 -0.4619 0.8840
vn -0.0722 -0.5042 0.8606
vn -0.0722 -0.5454 0.8350
vn -0.0722 -0.5854 0.8075
vn -0.0722 -0.6241 0.7780
vn -0.0722 -0.6614 0.7465
vn -0.0722 -0.6972 0.7132
vn -0.0722 -0.7314 0.6781
vn -0.0722 -0.7639 0.6413
vn -0.0722 -0.7946 0.6028
vn -0.0722 -0.8234 0.5628
vn -0.0722 -0.8503 0.5213
vn -0.0723 -0.8751 0.4785
vn -0.0723 -0.8978 0.4344
vn -0.0723 -0.9183 0.3891
vn -0.0723 -0.9366 0.3428
vn -0.0723 -0.9526 0.2956
vn -0.0723 -0.9662 0.2476
vn -0.0723 -0.9774 0.1989
vn -0.0723 -0.9861 0.1496
vn -0.0723 -0.9924 0.1000
vn -0.0723 -0.9961 0.0501
s 1
usemtl rim_silver
f 769//769 898//898 897//897
f 770//770 899//899 898//898
f 771//771 900//900 899//899
f 772//772 901//901 900//900
f 773//773 902//902 901//901
f 774//774 903//903 902//902
f 775//775 904//904 903//903
f 776//776 905//905 904//904
f 777//777 906//906 905//905
f 778//778 907//907 906//906
f 779//779 908//908 907//907
f 780//780 909//909 908//908
f 781//781 910//910 909//909
f 782//782 911//911 910//910
f 783//783 912//912 911//911
f 784//784 913//913 912//912
f 785//785 914//914 913//913
f 786//786 915//915 914//914
f 787//787 916//916 915//915
f 788//788 917//917 916//916
f 789//789 918//918 917//917
f 790//790 919//919 918//918
f 791//791 920//920 919//919
f 792//792 921//921 920//920
f 793//793 922//922 921//921
f 794//794 923//923 922//922
f 795//795 924//924 923//923
f 796//796 925//925 924//924
f 797//797 926//926 925//925
f 798//798 927//927 926//926
f 799//799 928//928 927//927
f 800//800 929//929 928//928
f 802//802 929//929 801//801
f 803//803 930//930 802//802
f 804//804 931//931 803//803
f 805//805 932//932 804//804
f 806//806 933//933 805//805
f 807//807 934//934 806//806
f 808//808 935//935 807//807
f 809//809 936//936 808//808
f 810//810 937//937 809//809
f 811//811 938//938 810//810
f 812//812 939//939 811//811
f 813//813 940//940 812//812
f 814//814 941//941 813//813
f 815//815 942//942 814//814
f 816//816 943//943 815//815
f 817//817 944//944 816//816
f 818//818 945//945 817//817
f 819//819 946//946 818//818
f 820//820 947//947 819//819
f 821//821 948//948 820//820
f 822//822 949//949 821//821
f 823//823 950//950 822//822
f 824//824 951//951 823//823
f 825//825 952//952 824//824
f 826//826 953//953 825//825
f 827//827 954//954 826//826
f 828//828 955//955 827//827
f 829//829 956//956 828//828
f 830//830 957//957 829//829
f 831//831 958//958 830//830
f 832//832 959//959 831//831
f 833//833 960//960 832//832
f 833//833 962//962 961//961
f 834//834 963//963 962//962
f 835//835 964//964 963//963
f 836//836 965//965 964//964
f 837//837 966//966 965//965
f 838//838 967//967 966//966
f 839//839 968//968 967//967
f 840//840 969//969 968//968
f 841//841 970//970 969//969
f 842//842 971//971 970//970
f 843//843 972//972 971//971
f 844//844 973//973 972//972
f 845//845 974//974 973//973
f 846//846 975//975 974//974
f 847//847 976//976 975//975
f 848//848 977//977 976//976
f 849//849 978//978 977//977
f 850//850 979//979 978//978
f 851//851 980//980 979//979
f 852//852 981//981 980//980
f 853//853 982//982 981//981
f 854//854 983//983 982//982
f 855//855 984//984 983//983
f 856//856 985//985 984//984
f 857//857 986//986 985//985
f 858//858 987//987 986//986
f 859//859 988//988 987//987
f 860//860 989//989 988//988
f 861//861 990//990 989//989
f 862//862 991//991 990//990
f 863//863 992//992 991//991
f 864//864 993//993 992//992
f 866//866 993//993 865//865
f 867//867 994//994 866//866
f 868//868 995//995 867//867
f 869//869 996//996 868//868
f 870//870 997//997 869//869
f 871//871 998//998 870//870
f 872//872 999//999 871//871
f 873//873 1000//1000 872//872
f 874//874 1001//1001 873//873
f 875//875 1002//1002 874//874
f 876//876 1003//1003 875//875
f 877//877 1004//1004 876//876
f 878//878 1005//1005 877//877
f 879//879 1006//1006 878//878
f 880//880 1007//1007 879//879
f 881//881 1008//1008 880//880
f 882//882 1009//1009 881//881
f 883//883 1010//1010 882//882
f 884//884 1011//1011 883//883
f 885//885 1012//1012 884//884
f 886//886 1013//1013 885//885
f 887//887 1014//1014 886//886
f 888//888 1015//1015 887//887
f 889//889 1016//1016 888//888
f 890//890 1017//1017 889//889
f 891//891 1018//1018 890//890
f 892//892 1019//1019 891//891
f 893//893 1020//1020 892//892
f 894//894 1021//1021 893//893
f 895//895 1022//1022 894//894
f 896//896 1023//1023 895//895
f 769//769 1024//1024 896//896
f 898//898 1025//1025 897//897
f 899//899 1026//1026 898//898
f 900//900 1027//1027 899//899
f 901//901 1028//1028 900//900
f 902//902 1029//1029 901//901
f 903//903 1030//1030 902//902
f 904//904 1031//1031 903//903
f 905//905 1032//1032 904//904
f 906//906 1033//1033 905//905
f 907//907 1034//1034 906//906
f 908//908 1035//1035 907//907
f 909//909 1036//1036 908//908
f 910//910 1037//1037 909//909
f 911//911 1038//1038 910//910
f 912//912 1039//1039 911//911
f 913//913 1040//1040 912//912
f 914//914 1041//1041 913//913
f 915//915 1042//1042 914//914
f 916//916 1043//1043 915//915
f 917//917 1044//1044 916//916
f 918//918 1045//1045 917//917
f 919//919 1046//1046 918//918
f 920//920 1047//1047 919//919
f 921//921 1048//1048 920//920
f 922//922 1049//1049 921//921
f 923//923 1050//1050 922//922
f 924//924 1051//1051 923//923
f 925//925 1052//1052 924//924
f 926//926 1053//1053 925//925
f 927//927 1054//1054 926//926
f 928//928 1055//1055 927//927
f 929//929 1056//1056 928//928
f 929//929 1058//1058 1057//1057
f 930//930 1059//1059 1058//1058
f 931//931 1060//1060 1059//1059
f 932//932 1061//1061 1060//1060
f 933//933 1062//1062 1061//1061
f 934//934 1063//1063 1062//1062
f 935//935 1064//1064 1063//1063
f 936//936 1065//1065 1064//1064
f 937//937 1066//1066 1065//1065
f 938//938 1067//1067 1066//1066
f 939//939 1068//1068 1067//1067
f 940//940 1069//1069 1068//1068
f 941//941 1070//1070 1069//1069
f 942//942 1071//1071 1070//1070
f 943//943 1072//1072 1071//1071
f 944//944 1073//1073 1072//1072
f 945//945 1074//1074 1073//1073
f 946//946 1075//1075 1074//1074
f 947//947 1076//1076 1075//1075
f 948//948 1077//1077 1076//1076
f 949//949 1078//1078 1077//1077
f 950//950 1079//1079 1078//1078
f 951//951 1080//1080 1079//1079
f 952//952 1081//1081 1080//1080
f 953//953 1082//1082 1081//1081
f 954//954 1083//1083 1082//1082
f 955//955 1084//1084 1083//1083
f 956//956 1085//1085 1084//1084
f 957//957 1086//1086 1085//1085
f 958//958 1087//1087 1086//1086
f 959//959 1088//1088 1087//1087
f 960//960 1089//1089 1088//1088
f 962//962 1089//1089 961//961
f 963//963 1090//1090 962//962
f 964//964 1091//1091 963//963
f 965//965 1092//1092 964//964
f 966//966 1093//1093 965//965
f 967//967 1094//1094 966//966
f 968//968 1095//1095 967//967
f 969//969 1096//1096 968//968
f 970//970 1097//1097 969//969
f 971//971 1098//1098 970//970
f 972//972 1099//1099 971//971
f 973//973 1100//1100 972//972
f 974//974 1101//1101 973//973
f 975//975 1102//1102 974//974
f 976//976 1103//1103 975//975
f 977//977 1104//1104 976//976
f 978//978 1105//1105 977//977
f 979//979 1106//1106 978//978
f 980//980 1107//1107 979//979
f 981//981 1108//1108 980//980
f 982//982 1109//1109 981//981
f 983//983 1110//1110 982//982
f 984//984 1111//1111 983//983
f 985//985 1112//1112 984//984
f 986//986 1113//1113 985//985
f 987//987 1114//1114 986//986
f 988//988 1115//1115 987//987
f 989//989 1116//1116 988//988
f 990//990 1117//1117 989//989
f 991//991 1118//1118 990//990
f 992//992 1119//1119 991//991
f 993//993 1120//1120 992//992
f 993//993 1122//1122 1121//1121
f 994//994 1123//1123 1122//1122
f 995//995 1124//1124 1123//1123
f 996//996 1125//1125 1124//1124
f 997//997 1126//1126 1125//1125
f 998//998 1127//1127 1126//1126
f 999//999 1128//1128 1127//1127
f 1000//1000 1129//1129 1128//1128
f 1001//1001 1130//1130 1129//1129
f 1002//1002 1131//1131 1130//1130
f 1003//1003 1132//1132 1131//1131
f 1004//1004 1133//1133 1132//1132
f 1005//1005 1134//1134 1133//1133
f 1006//1006 1135//1135 1134//1134
f 1007//1007 1136//1136 1135//1135
f 1008//1008 1137//1137 1136//1136
f 1009//1009 1138//1138 1137//1137
f 1010//1010 1139//1139 1138//1138
f 1011//1011 1140//1140 1139//1139
f 1012//1012 1141//1141 1140//1140
f 1013//1013 1142//1142 1141//1141
f 1014//1014 1143//1143 1142//1142
f 1015//1015 1144//1144 1143//1143
f 1016//1016 1145//1145 1144//1144
f 1017//1017 1146//1146 1145//1145
f 1018//1018 1147//1147 1146//1146
f 1019//1019 1148//1148 1147//1147
f 1020//1020 1149//1149 1148//1148
f 1021//1021 1150//1150 1149//1149
f 1022//1022 1151//1151 1150//1150
f 1023//1023 1152//1152 1151//1151
f 1024//1024 1025//1025 1152//1152
f 1026//1026 1153//1153 1025//1025
f 1027//1027 1154//1154 1026//1026
f 1028//1028 1155//1155 1027//1027
f 1029//1029 1156//1156 1028//1028
f 1030//1030 1157//1157 1029//1029
f 1031//1031 1158//1158 1030//1030
f 1032//1032 1159//1159 1031//1031
f 1033//1033 1160//1160 1032//1032
f 1034//1034 1161//1161 1033//1033
f 1035//1035 1162//1162 1034//1034
f 1036//1036 1163//1163 1035//1035
f 1037//1037 1164//1164 1036//1036
f 1038//1038 1165//1165 1037//1037
f 1039//1039 1166//1166 1038//1038
f 1040//1040 1167//1167 1039//1039
f 1041//1041 1168//1168 1040//1040
f 1042//1042 1169//1169 1041//1041
f 1043//1043 1170//1170 1042//1042
f 1044//1044 1171//1171 1043//1043
f 1045//1045 1172//1172 1044//1044
f 1046//1046 1173//1173 1045//1045
f 1047//1047 1174//1174 1046//1046
f 1048//1048 1175//1175 1047//1047
f 1049//1049 1176//1176 1048//1048
f 1050//1050 1177//1177 1049//1049
f 1051//1051 1178//1178 1050//1050
f 1052//1052 1179//1179 1051//1051
f 1053//1053 1180//1180 1052//1052
f 1054//1054 1181//1181 1053//1053
f 1055//1055 1182//1182 1054//1054
f 1056//1056 1183//1183 1055//1055
f 1057//1057 1184//1184 1056//1056
f 1057//1057 1186//1186 1185//1185
f 1058//1058 1187//1187 1186//1186
f 1059//1059 1188//1188 1187//1187
f 1060//1060 1189//1189 1188//1188
f 1061//1061 1190//1190 1189//1189
f 1062//1062 1191//1191 1190//1190
f 1063//1063 1192//1192 1191//1191
f 1064//1064 1193//1193 1192//1192
f 1065//1065 1194//1194 1193//1193
f 1066//1066 1195//1195 1194//1194
f 1067//1067 1196//1196 1195//1195
f 1068//1068 1197//1197 1196//1196
f 1069//1069 1198//1198 1197//1197
f 1070//1070 1199//1199 1198//1198
f 1071//1071 1200//1200 1199//1199
f 1072//1072 1201//1201 1200//1200
f 1073//1073 1202//1202 1201//1201
f 1074//1074 1203//1203 1202//1202
f 1075//1075 1204//1204 1203//1203
f 1076//1076 1205//1205 1204//1204
f 1077//1077 1206//1206 1205//1205
f 1078//1078 1207//1207 1206//1206
f 1079//1079 1208//1208 1207//1207
f 1080//1080 1209//1209 1208//1208
f 1081//1081 1210//1210 1209//1209
f 1082//1082 1211//1211 1210//1210
f 1083//1083 1212//1212 1211//1211
f 1084//1084 1213//1213 1212//1212
f 1085//1085 1214//1214 1213//1213
f 1086//1086 1215//1215 1214//1214
f 1087//1087 1216//1216 1215//1215
f 1088//1088 1217//1217 1216//1216
f 1090//1090 1217//1217 1089//1089
f 1091//1091 1218//1218 1090//1090
f 1092//1092 1219//1219 1091//1091
f 1093//1093 1220//1220 1092//1092
f 1094//1094 1221//1221 1093//1093
f 1095//1095 1222//1222 1094//1094
f 1096//1096 1223//1223 1095//1095
f 1097//1097 1224//1224 1096//1096
f 1098//1098 1225//1225 1097//1097
f 1099//1099 1226//1226 1098//1098
f 1100//1100 1227//1227 1099//1099
f 1101//1101 1228//1228 1100//1100
f 1102//1102 1229//1229 1101//1101
f 1103//1103 1230//1230 1102//1102
f 1104//1104 1231//1231 1103//1103
f 1105//1105 1232//1232 1104//1104
f 1106//1106 1233//1233 1105//1105
f 1107//1107 1234//1234 1106//1106
f 1108//1108 1235//1235 1107//1107
f 1109//1109 1236//1236 1108//1108
f 1110//1110 1237//1237 1109//1109
f 1111//1111 1238//1238 1110//1110
f 1112//1112 1239//1239 1111//1111
f 1113//1113 1240//1240 1112//1112
f 1114//1114 1241//1241 1113//1113
f 1115//1115 1242//1242 1114//1114
f 1116//1116 1243//1243 1115//1115
f 1117//1117 1244//1244 1116//1116
f 1118//1118 1245//1245 1117//1117
f 1119//1119 1246//1246 1118//1118
f 1120//1120 1247//1247 1119//1119
f 1121//1121 1248//1248 1120//1120
f 1121//1121 1250//1250 1249//1249
f 1122//1122 1251//1251 1250//1250
f 1123//1123 1252//1252 1251//1251
f 1124//1124 1253//1253 1252//1252
f 1125//1125 1254//1254 1253//1253
f 1126//1126 1255//1255 1254//1254
f 1127//1127 1256//1256 1255//1255
f 1128//1128 1257//1257 1256//1256
f 1129//1129 1258//1258 1257//1257
f 1130//1130 1259//1259 1258//1258
f 1131//1131 1260//1260 1259//1259
f 1132//1132 1261//1261 1260//1260
f 1133//1133 1262//1262 1261//1261
f 1134//1134 1263//1263 1262//1262
f 1135//1135 1264//1264 1263//1263
f 1136//1136 1265//1265 1264//1264
f 1137//1137 1266//1266 1265//1265
f 1138//1138 1267//1267 1266//1266
f 1139//1139 1268//1268 1267//1267
f 1140//1140 1269//1269 1268//1268
f 1141//1141 1270//1270 1269//1269
f 1142//1142 1271//1271 1270//1270
f 1143//1143 1272//1272 1271//1271
f 1144//1144 1273//1273 1272//1272
f 1145//1145 1274//1274 1273//1273
f 1146//1146 1275//1275 1274//1274
f 1147//1147 1276//1276 1275//1275
f 1148//1148 1277//1277 1276//1276
f 1149//1149 1278//1278 1277//1277
f 1150//1150 1279//1279 1278//1278
f 1151//1151 1280//1280 1279//1279
f 1152//1152 1153//1153 1280//1280
f 1153//1153 770//770 769//769
f 1154//1154 771//771 770//770
f 1155//1155 772//772 771//771
f 1156//1156 773//773 772//772
f 1157//1157 774//774 773//773
f 1158//1158 775//775 774//774
f 1159//1159 776//776 775//775
f 1160//1160 777//777 776//776
f 1161//1161 778//778 777//777
f 1162//1162 779//779 778//778
f 1163//1163 780//780 779//779
f 1164//1164 781//781 780//780
f 1165//1165 782//782 781//781
f 1166//1166 783//783 782//782
f 1167//1167 784//784 783//783
f 1168//1168 785//785 784//784
f 1169//1169 786//786 785//785
f 1170//1170 787//787 786//786
f 1171//1171 788//788 787//787
f 1172//1172 789//789 788//788
f 1173//1173 790//790 789//789
f 1174//1174 791//791 790//790
f 1175//1175 792//792 791//791
f 1176//1176 793//793 792//792
f 1177//1177 794//794 793//793
f 1178//1178 795//795 794//794
f 1179//1179 796//796 795//795
f 1180//1180 797//797 796//796
f 1181//1181 798//798 797//797
f 1182//1182 799//799 798//798
f 1183//1183 800//800 799//799
f 1184//1184 801//801 800//800
f 1186//1186 801//801 1185//1185
f 1187//1187 802//802 1186//1186
f 1188//1188 803//803 1187//1187
f 1189//1189 804//804 1188//1188
f 1190//1190 805//805 1189//1189
f 1191//1191 806//806 1190//1190
f 1192//1192 807//807 1191//1191
f 1193//1193 808//808 1192//1192
f 1194//1194 809//809 1193//1193
f 1195//1195 810//810 1194//1194
f 1196//1196 811//811 1195//1195
f 1197//1197 812//812 1196//1196
f 1198//1198 813//813 1197//1197
f 1199//1199 814//814 1198//1198
f 1200//1200 815//815 1199//1199
f 1201//1201 816//816 1200//1200
f 1202//1202 817//817 1201//1201
f 1203//1203 818//818 1202//1202
f 1204//1204 819//819 1203//1203
f 1205//1205 820//820 1204//1204
f 1206//1206 821//821 1205//1205
f 1207//1207 822//822 1206//1206
f 1208//1208 823//823 1207//1207
f 1209//1209 824//824 1208//1208
f 1210//1210 825//825 1209//1209
f 1211//1211 826//826 1210//1210
f 1212//1212 827//827 1211//1211
f 1213//1213 828//828 1212//1212
f 1214//1214 829//829 1213//1213
f 1215//1215 830//830 1214//1214
f 1216//1216 831//831 1215//1215
f 1217//1217 832//832 1216//1216
f 1217//1217 834//834 833//833
f 1218//1218 835//835 834//834
f 1219//1219 836//836 835//835
f 1220//1220 837//837 836//836
f 1221//1221 838//838 837//837
f 1222//1222 839//839 838//838
f 1223//1223 840//840 839//839
f 1224//1224 841//841 840//840
f 1225//1225 842//842 841//841
f 1226//1226 843//843 842//842
f 1227//1227 844//844 843//843
f 1228//1228 845//845 844//844
f 1229//1229 846//846 845//845
f 1230//1230 847//847 846//846
f 1231//1231 848//848 847//847
f 1232//1232 849//849 848//848
f 1233//1233 850//850 849//849
f 1234//1234 851//851 850//850
f 1235//1235 852//852 851//851
f 1236//1236 853//853 852//852
f 1237//1237 854//854 853//853
f 1238//1238 855//855 854//854
f 1239//1239 856//856 855//855
f 1240//1240 857//857 856//856
f 1241//1241 858//858 857//857
f 1242//1242 859//859 858//858
f 1243//1243 860//860 859//859
f 1244//1244 861//861 860//860
f 1245//1245 862//862 861//861
f 1246//1246 863//863 862//862
f 1247//1247 864//864 863//863
f 1248//1248 865//865 864//864
f 1250//1250 865//865 1249//1249
f 1251//1251 866//866 1250//1250
f 1252//1252 867//867 1251//1251
f 1253//1253 868//868 1252//1252
f 1254//1254 869//869 1253//1253
f 1255//1255 870//870 1254//1254
f 1256//1256 871//871 1255//1255
f 1257//1257 872//872 1256//1256
f 1258//1258 873//873 1257//1257
f 1259//1259 874//874 1258//1258
f 1260//1260 875//875 1259//1259
f 1261//1261 876//876 1260//1260
f 1262//1262 877//877 1261//1261
f 1263//1263 878//878 1262//1262
f 1264//1264 879//879 1263//1263
f 1265//1265 880//880 1264//1264
f 1266//1266 881//881 1265//1265
f 1267//1267 882//882 1266//1266
f 1268//1268 883//883 1267//1267
f 1269//1269 884//884 1268//1268
f 1270//1270 885//885 1269//1269
f 1271//1271 886//886 1270//1270
f 1272//1272 887//887 1271//1271
f 1273//1273 888//888 1272//1272
f 1274//1274 889//889 1273//1273
f 1275//1275 890//890 1274//1274
f 1276//1276 891//891 1275//1275
f 1277//1277 892//892 1276//1276
f 1278//1278 893//893 1277//1277
f 1279//1279 894//894 1278//1278
f 1280//1280 895//895 1279//1279
f 1153//1153 896//896 1280//1280
f 769//769 770//770 898//898
f 770//770 771//771 899//899
f 771//771 772//772 900//900
f 772//772 773//773 901//901
f 773//773 774//774 902//902
f 774//774 775//775 903//903
f 775//775 776//776 904//904
f 776//776 777//777 905//905
f 777//777 778//778 906//906
f 778//778 779//779 907//907
f 779//779 780//780 908//908
f 780//780 781//781 909//909
f 781//781 782//782 910//910
f 782//782 783//783 911//911
f 783//783 784//784 912//912
f 784//784 785//785 913//913
f 785//785 786//786 914//914
f 786//786 787//787 915//915
f 787//787 788//788 916//916
f 788//788 789//789 917//917
f 789//789 790//790 918//918
f 790//790 791//791 919//919
f 791//791 792//792 920//920
f 792//792 793//793 921//921
f 793//793 794//794 922//922
f 794//794 795//795 923//923
f 795//795 796//796 924//924
f 796//796 797//797 925//925
f 797//797 798//798 926//926
f 798//798 799//799 927//927
f 799//799 800//800 928//928
f 800//800 801//801 929//929
f 802//802 930//930 929//929
f 803//803 931//931 930//930
f 804//804 932//932 931//931
f 805//805 933//933 932//932
f 806//806 934//934 933//933
f 807//807 935//935 934//934
f 808//808 936//936 935//935
f 809//809 937//937 936//936
f 810//810 938//938 937//937
f 811//811 939//939 938//938
f 812//812 940//940 939//939
f 813//813 941//941 940//940
f 814//814 942//942 941//941
f 815//815 943//943 942//942
f 816//816 944//944 943//943
f 817//817 945//945 944//944
f 818//818 946//946 945//945
f 819//819 947//947 946//946
f 820//820 948//948 947//947
f 821//821 949//949 948//948
f 822//822 950//950 949//949
f 823//823 951//951 950//950
f 824//824 952//952 951//951
f 825//825 953//953 952//952
f 826//826 954//954 953//953
f 827//827 955//955 954//954
f 828//828 956//956 955//955
f 829//829 957//957 956//956
f 830//830 958//958 957//957
f 831//831 959//959 958//958
f 832//832 960//960 959//959
f 833//833 961//961 960//960
f 833//833 834//834 962//962
f 834//834 835//835 963//963
f 835//835 836//836 964//964
f 836//836 837//837 965//965
f 837//837 838//838 966//966
f 838//838 839//839 967//967
f 839//839 840//840 968//968
f 840//840 841//841 969//969
f 841//841 842//842 970//970
f 842//842 843//843 971//971
f 843//843 844//844 972//972
f 844//844 845//845 973//973
f 845//845 846//846 974//974
f 846//846 847//847 975//975
f 847//847 848//848 976//976
f 848//848 849//849 977//977
f 849//849 850//850 978//978
f 850//850 851//851 979//979
f 851//851 852//852 980//980
f 852//852 853//853 981//981
f 853//853 854//854 982//982
f 854//854 855//855 983//983
f 855//855 856//856 984//984
f 856//856 857//857 985//985
f 857//857 858//858 986//986
f 858//858 859//859 987//987
f 859//859 860//860 988//988
f 860//860 861//861 989//989
f 861//861 862//862 990//990
f 862//862 863//863 991//991
f 863//863 864//864 992//992
f 864//864 865//865 993//993
f 866//866 994//994 993//993
f 867//867 995//995 994//994
f 868//868 996//996 995//995
f 869//869 997//997 996//996
f 870//870 998//998 997//997
f 871//871 999//999 998//998
f 872//872 1000//1000 999//999
f 873//873 1001//1001 1000//1000
f 874//874 1002//1002 1001//1001
f 875//875 1003//1003 1002//1002
f 876//876 1004//1004 1003//1003
f 877//877 1005//1005 1004//1004
f 878//878 1006//1006 1005//1005
f 879//879 1007//1007 1006//1006
f 880//880 1008//1008 1007//1007
f 881//881 1009//1009 1008//1008
f 882//882 1010//1010 1009//1009
f 883//883 1011//1011 1010//1010
f 884//884 1012//1012 1011//1011
f 885//885 1013//1013 1012//1012
f 886//886 1014//1014 1013//1013
f 887//887 1015//1015 1014//1014
f 888//888 1016//1016 1015//1015
f 889//889 1017//1017 1016//1016
f 890//890 1018//1018 1017//1017
f 891//891 1019//1019 1018//1018
f 892//892 1020//1020 1019//1019
f 893//893 1021//1021 1020//1020
f 894//894 1022//1022 1021//1021
f 895//895 1023//1023 1022//1022
f 896//896 1024//1024 1023//1023
f 769//769 897//897 1024//1024
f 898//898 1026//1026 1025//1025
f 899//899 1027//1027 1026//1026
f 900//900 1028//1028 1027//1027
f 901//901 1029//1029 1028//1028
f 902//902 1030//1030 1029//1029
f 903//903 1031//1031 1030//1030
f 904//904 1032//1032 1031//1031
f 905//905 1033//1033 1032//1032
f 906//906 1034//1034 1033//1033
f 907//907 1035//1035 1034//1034
f 908//908 1036//1036 1035//1035
f 909//909 1037//1037 1036//1036
f 910//910 1038//1038 1037//1037
f 911//911 1039//1039 1038//1038
f 912//912 1040//1040 1039//1039
f 913//913 1041//1041 1040//1040
f 914//914 1042//1042 1041//1041
f 915//915 1043//1043 1042//1042
f 916//916 1044//1044 1043//1043
f 917//917 1045//1045 1044//1044
f 918//918 1046//1046 1045//1045
f 919//919 1047//1047 1046//1046
f 920//920 1048//1048 1047//1047
f 921//921 1049//1049 1048//1048
f 922//922 1050//1050 1049//1049
f 923//923 1051//1051 1050//1050
f 924//924 1052//1052 1051//1051
f 925//925 1053//1053 1052//1052
f 926//926 1054//1054 1053//1053
f 927//927 1055//1055 1054//1054
f 928//928 1056//1056 1055//1055
f 929//929 1057//1057 1056//1056
f 929//929 930//930 1058//1058
f 930//930 931//931 1059//1059
f 931//931 932//932 1060//1060
f 932//932 933//933 1061//1061
f 933//933 934//934 1062//1062
f 934//934 935//935 1063//1063
f 935//935 936//936 1064//1064
f 936//936 937//937 1065//1065
f 937//937 938//938 1066//1066
f 938//938 939//939 1067//1067
f 939//939 940//940 1068//1068
f 940//940 941//941 1069//1069
f 941//941 942//942 1070//1070
f 942//942 943//943 1071//1071
f 943//943 944//944 1072//1072
f 944//944 945//945 1073//1073
f 945//945 946//946 1074//1074
f 946//946 947//947 1075//1075
f 947//947 948//948 1076//1076
f 948//948 949//949 1077//1077
f 949//949 950//950 1078//1078
f 950//950 951//951 1079//1079
f 951//951 952//952 1080//1080
f 952//952 953//953 1081//1081
f 953//953 954//954 1082//1082
f 954//954 955//955 1083//1083
f 955//955 956//956 1084//1084
f 956//956 957//957 1085//1085
f 957//957 958//958 1086//1086
f 958//958 959//959 1087//1087
f 959//959 960//960 1088//1088
f 960//960 961//961 1089//1089
f 962//962 1090//1090 1089//1089
f 963//963 1091//1091 1090//1090
f 964//964 1092//1092 1091//1091
f 965//965 1093//1093 1092//1092
f 966//966 1094//1094 1093//1093
f 967//967 1095//1095 1094//1094
f 968//968 1096//1096 1095//1095
f 969//969 1097//1097 1096//1096
f 970//970 1098//1098 1097//1097
f 971//971 1099//1099 1098//1098
f 972//972 1100//1100 1099//1099
f 973//973 1101//1101 1100//1100
f 974//974 1102//1102 1101//1101
f 975//975 1103//1103 1102//1102
f 976//976 1104//1104 1103//1103
f 977//977 1105//1105 1104//1104
f 978//978 1106//1106 1105//1105
f 979//979 1107//1107 1106//1106
f 980//980 1108//1108 1107//1107
f 981//981 1109//1109 1108//1108
f 982//982 1110//1110 1109//1109
f 983//983 1111//1111 1110//1110
f 984//984 1112//1112 1111//1111
f 985//985 1113//1113 1112//1112
f 986//986 1114//1114 1113//1113
f 987//987 1115//1115 1114//1114
f 988//988 1116//1116 1115//1115
f 989//989 1117//1117 1116//1116
f 990//990 1118//1118 1117//1117
f 991//991 1119//1119 1118//1118
f 992//992 1120//1120 1119//1119
f 993//993 1121//1121 1120//1120
f 993//993 994//994 1122//1122
f 994//994 995//995 1123//1123
f 995//995 996//996 1124//1124
f 996//996 997//997 1125//1125
f 997//997 998//998 1126//1126
f 998//998 999//999 1127//1127
f 999//999 1000//1000 1128//1128
f 1000//1000 1001//1001 1129//1129
f 1001//1001 1002//1002 1130//1130
f 1002//1002 1003//1003 1131//1131
f 1003//1003 1004//1004 1132//1132
f 1004//1004 1005//1005 1133//1133
f 1005//1005 1006//1006 1134//1134
f 1006//1006 1007//1007 1135//1135
f 1007//1007 1008//1008 1136//1136
f 1008//1008 1009//1009 1137//1137
f 1009//1009 1010//1010 1138//1138
f 1010//1010 1011//1011 1139//1139
f 1011//1011 1012//1012 1140//1140
f 1012//1012 1013//1013 1141//1141
f 1013//1013 1014//1014 1142//1142
f 1014//1014 1015//1015 1143//1143
f 1015//1015 1016//1016 1144//1144
f 1016//1016 1017//1017 1145//1145
f 1017//1017 1018//1018 1146//1146
f 1018//1018 1019//1019 1147//1147
f 1019//1019 1020//1020 1148//1148
f 1020//1020 1021//1021 1149//1149
f 1021//1021 1022//1022 1150//1150
f 1022//1022 1023//1023 1151//1151
f 1023//1023 1024//1024 1152//1152
f 1024//1024 897//897 1025//1025
f 1026//1026 1154//1154 1153//1153
f 1027//1027 1155//1155 1154//1154
f 1028//1028 1156//1156 1155//1155
f 1029//1029 1157//1157 1156//1156
f 1030//1030 1158//1158 1157//1157
f 1031//1031 1159//1159 1158//1158
f 1032//1032 1160//1160 1159//1159
f 1033//1033 1161//1161 1160//1160
f 1034//1034 1162//1162 1161//1161
f 1035//1035 1163//1163 1162//1162
f 1036//1036 1164//1164 1163//1163
f 1037//1037 1165//1165 1164//1164
f 1038//1038 1166//1166 1165//1165
f 1039//1039 1167//1167 1166//1166
f 1040//1040 1168//1168 1167//1167
f 1041//1041 1169//1169 1168//1168
f 1042//1042 1170//1170 1169//1169
f 1043//1043 1171//1171 1170//1170
f 1044//1044 1172//1172 1171//1171
f 1045//1045 1173//1173 1172//1172
f 1046//1046 1174//1174 1173//1173
f 1047//1047 1175//1175 1174//1174
f 1048//1048 1176//1176 1175//1175
f 1049//1049 1177//1177 1176//1176
f 1050//1050 1178//1178 1177//1177
f 1051//1051 1179//1179 1178//1178
f 1052//1052 1180//1180 1179//1179
f 1053//1053 1181//1181 1180//1180
f 1054//1054 1182//1182 1181//1181
f 1055//1055 1183//1183 1182//1182
f 1056//1056 1184//1184 1183//1183
f 1057//1057 1185//1185 1184//1184
f 1057//1057 1058//1058 1186//1186
f 1058//1058 1059//1059 1187//1187
f 1059//1059 1060//1060 1188//1188
f 1060//1060 1061//1061 1189//1189
f 1061//1061 1062//1062 1190//1190
f 1062//1062 1063//1063 1191//1191
f 1063//1063 1064//1064 1192//1192
f 1064//1064 1065//1065 1193//1193
f 1065//1065 1066//1066 1194//1194
f 1066//1066 1067//1067 1195//1195
f 1067//1067 1068//1068 1196//1196
f 1068//1068 1069//1069 1197//1197
f 1069//1069 1070//1070 1198//1198
f 1070//1070 1071//1071 1199//1199
f 1071//1071 1072//1072 1200//1200
f 1072//1072 1073//1073 1201//1201
f 1073//1073 1074//1074 1202//1202
f 1074//1074 1075//1075 1203//1203
f 1075//1075 1076//1076 1204//1204
f 1076//1076 1077//1077 1205//1205
f 1077//1077 1078//1078 1206//1206
f 1078//1078 1079//1079 1207//1207
f 1079//1079 1080//1080 1208//1208
f 1080//1080 1081//1081 1209//1209
f 1081//1081 1082//1082 1210//1210
f 1082//1082 1083//1083 1211//1211
f 1083//1083 1084//1084 1212//1212
f 1084//1084 1085//1085 1213//1213
f 1085//1085 1086//1086 1214//1214
f 1086//1086 1087//1087 1215//1215
f 1087//1087 1088//1088 1216//1216
f 1088//1088 1089//1089 1217//1217
f 1090//1090 1218//1218 1217//1217
f 1091//1091 1219//1219 1218//1218
f 1092//1092 1220//1220 1219//1219
f 1093//1093 1221//1221 1220//1220
f 1094//1094 1222//1222 1221//1221
f 1095//1095 1223//1223 1222//1222
f 1096//1096 1224//1224 1223//1223
f 1097//1097 1225//1225 1224//1224
f 1098//1098 1226//1226 1225//1225
f 1099//1099 1227//1227 1226//1226
f 1100//1100 1228//1228 1227//1227
f 1101//1101 1229//1229 1228//1228
f 1102//1102 1230//1230 1229//1229
f 1103//1103 1231//1231 1230//1230
f 1104//1104 1232//1232 1231//1231
f 1105//1105 1233//1233 1232//1232
f 1106//1106 1234//1234 1233//1233
f 1107//1107 1235//1235 1234//1234
f 1108//1108 1236//1236 1235//1235
f 1109//1109 1237//1237 1236//1236
f 1110//1110 1238//1238 1237//1237
f 1111//1111 1239//1239 1238//1238
f 1112//1112 1240//1240 1239//1239
f 1113//1113 1241//1241 1240//1240
f 1114//1114 1242//1242 1241//1241
f 1115//1115 1243//1243 1242//1242
f 1116//1116 1244//1244 1243//1243
f 1117//1117 1245//1245 1244//1244
f 1118//1118 1246//1246 1245//1245
f 1119//1119 1247//1247 1246//1246
f 1120//1120 1248//1248 1247//1247
f 1121//1121 1249//1249 1248//1248
f 1121//1121 1122//1122 1250//1250
f 1122//1122 1123//1123 1251//1251
f 1123//1123 1124//1124 1252//1252
f 1124//1124 1125//1125 1253//1253
f 1125//1125 1126//1126 1254//1254
f 1126//1126 1127//1127 1255//1255
f 1127//1127 1128//1128 1256//1256
f 1128//1128 1129//1129 1257//1257
f 1129//1129 1130//1130 1258//1258
f 1130//1130 1131//1131 1259//1259
f 1131//1131 1132//1132 1260//1260
f 1132//1132 1133//1133 1261//1261
f 1133//1133 1134//1134 1262//1262
f 1134//1134 1135//1135 1263//1263
f 1135//1135 1136//1136 1264//1264
f 1136//1136 1137//1137 1265//1265
f 1137//1137 1138//1138 1266//1266
f 1138//1138 1139//1139 1267//1267
f 1139//1139 1140//1140 1268//1268
f 1140//1140 1141//1141 1269//1269
f 1141//1141 1142//1142 1270//1270
f 1142//1142 1143//1143 1271//1271
f 1143//1143 1144//1144 1272//1272
f 1144//1144 1145//1145 1273//1273
f 1145//1145 1146//1146 1274//1274
f 1146//1146 1147//1147 1275//1275
f 1147//1147 1148//1148 1276//1276
f 1148//1148 1149//1149 1277//1277
f 1149//1149 1150//1150 1278//1278
f 1150//1150 1151//1151 1279//1279
f 1151//1151 1152//1152 1280//1280
f 1152//1152 1025//1025 1153//1153
f 1153//1153 1154//1154 770//770
f 1154//1154 1155//1155 771//771
f 1155//1155 1156//1156 772//772
f 1156//1156 1157//1157 773//773
f 1157//1157 1158//1158 774//774
f 1158//1158 1159//1159 775//775
f 1159//1159 1160//1160 776//776
f 1160//1160 1161//1161 777//777
f 1161//1161 1162//1162 778//778
f 1162//1162 1163//1163 779//779
f 1163//1163 1164//1164 780//780
f 1164//1164 1165//1165 781//781
f 1165//1165 1166//1166 782//782
f 1166//1166 1167//1167 783//783
f 1167//1167 1168//1168 784//784
f 1168//1168 1169//1169 785//785
f 1169//1169 1170//1170 786//786
f 1170//1170 1171//1171 787//787
f 1171//1171 1172//1172 788//788
f 1172//1172 1173//1173 789//789
f 1173//1173 1174//1174 790//790
f 1174//1174 1175//1175 791//791
f 1175//1175 1176//1176 792//792
f 1176//1176 1177//1177 793//793
f 1177//1177 1178//1178 794//794
f 1178//1178 1179//1179 795//795
f 1179//1179 1180//1180 796//796
f 1180//1180 1181//1181 797//797
f 1181//1181 1182//1182 798//798
f 1182//1182 1183//1183 799//799
f 1183//1183 1184//1184 800//800
f 1184//1184 1185//1185 801//801
f 1186//1186 802//802 801//801
f 1187//1187 803//803 802//802
f 1188//1188 804//804 803//803
f 1189//1189 805//805 804//804
f 1190//1190 806//806 805//805
f 1191//1191 807//807 806//806
f 1192//1192 808//808 807//807
f 1193//1193 809//809 808//808
f 1194//1194 810//810 809//809
f 1195//1195 811//811 810//810
f 1196//1196 812//812 811//811
f 1197//1197 813//813 812//812
f 1198//1198 814//814 813//813
f 1199//1199 815//815 814//814
f 1200//1200 816//816 815//815
f 1201//1201 817//817 816//816
f 1202//1202 818//818 817//817
f 1203//1203 819//819 818//818
f 1204//1204 820//820 819//819
f 1205//1205 821//821 820//820
f 1206//1206 822//822 821//821
f 1207//1207 823//823 822//822
f 1208//1208 824//824 823//823
f 1209//1209 825//825 824//824
f 1210//1210 826//826 825//825
f 1211//1211 827//827 826//826
f 1212//1212 828//828 827//827
f 1213//1213 829//829 828//828
f 1214//1214 830//830 829//829
f 1215//1215 831//831 830//830
f 1216//1216 832//832 831//831
f 1217//1217 833//833 832//832
f 1217//1217 1218//1218 834//834
f 1218//1218 1219//1219 835//835
f 1219//1219 1220//1220 836//836
f 1220//1220 1221//1221 837//837
f 1221//1221 1222//1222 838//838
f 1222//1222 1223//1223 839//839
f 1223//1223 1224//1224 840//840
f 1224//1224 1225//1225 841//841
f 1225//1225 1226//1226 842//842
f 1226//1226 1227//1227 843//843
f 1227//1227 1228//1228 844//844
f 1228//1228 1229//1229 845//845
f 1229//1229 1230//1230 846//846
f 1230//1230 1231//1231 847//847
f 1231//1231 1232//1232 848//848
f 1232//1232 1233//1233 849//849
f 1233//1233 1234//1234 850//850
f 1234//1234 1235//1235 851//851
f 1235//1235 1236//1236 852//852
f 1236//1236 1237//1237 853//853
f 1237//1237 1238//1238 854//854
f 1238//1238 1239//1239 855//855
f 1239//1239 1240//1240 856//856
f 1240//1240 1241//1241 857//857
f 1241//1241 1242//1242 858//858
f 1242//1242 1243//1243 859//859
f 1243//1243 1244//1244 860//860
f 1244//1244 1245//1245 861//861
f 1245//1245 1246//1246 862//862
f 1246//1246 1247//1247 863//863
f 1247//1247 1248//1248 864//864
f 1248//1248 1249//1249 865//865
f 1250//1250 866//866 865//865
f 1251//1251 867//867 866//866
f 1252//1252 868//868 867//867
f 1253//1253 869//869 868//868
f 1254//1254 870//870 869//869
f 1255//1255 871//871 870//870
f 1256//1256 872//872 871//871
f 1257//1257 873//873 872//872
f 1258//1258 874//874 873//873
f 1259//1259 875//875 874//874
f 1260//1260 876//876 875//875
f 1261//1261 877//877 876//876
f 1262//1262 878//878 877//877
f 1263//1263 879//879 878//878
f 1264//1264 880//880 879//879
f 1265//1265 881//881 880//880
f 1266//1266 882//882 881//881
f 1267//1267 883//883 882//882
f 1268//1268 884//884 883//883
f 1269//1269 885//885 884//884
f 1270//1270 886//886 885//885
f 1271//1271 887//887 886//886
f 1272//1272 888//888 887//887
f 1273//1273 889//889 888//888
f 1274//1274 890//890 889//889
f 1275//1275 891//891 890//890
f 1276//1276 892//892 891//891
f 1277//1277 893//893 892//892
f 1278//1278 894//894 893//893
f 1279//1279 895//895 894//894
f 1280//1280 896//896 895//895
f 1153//1153 769//769 896//896
o __articraft_commit_0002_0002
v -0.000000 0.004000 -0.026895
v -0.000000 0.004000 0.026895
v 0.000240 0.003991 -0.026895
v 0.000240 0.003991 0.026895
v 0.000479 0.003966 -0.026895
v 0.000479 0.003966 0.026895
v 0.000716 0.003923 -0.026895
v 0.000716 0.003923 0.026895
v 0.000950 0.003864 -0.026895
v 0.000950 0.003864 0.026895
v 0.001179 0.003788 -0.026895
v 0.001179 0.003788 0.026895
v 0.001404 0.003696 -0.026895
v 0.001404 0.003696 0.026895
v 0.001623 0.003587 -0.026895
v 0.001623 0.003587 0.026895
v 0.001834 0.003464 -0.026895
v 0.001834 0.003464 0.026895
v 0.002038 0.003326 -0.026895
v 0.002038 0.003326 0.026895
v 0.002233 0.003173 -0.026895
v 0.002233 0.003173 0.026895
v 0.002419 0.003007 -0.026895
v 0.002419 0.003007 0.026895
v 0.002594 0.002828 -0.026895
v 0.002594 0.002828 0.026895
v 0.002758 0.002637 -0.026895
v 0.002758 0.002637 0.026895
v 0.002911 0.002435 -0.026895
v 0.002911 0.002435 0.026895
v 0.003050 0.002222 -0.026895
v 0.003050 0.002222 0.026895
v 0.003177 0.002000 -0.026895
v 0.003177 0.002000 0.026895
v 0.003290 0.001769 -0.026895
v 0.003290 0.001769 0.026895
v 0.003389 0.001531 -0.026895
v 0.003389 0.001531 0.026895
v 0.003474 0.001286 -0.026895
v 0.003474 0.001286 0.026895
v 0.003544 0.001035 -0.026895
v 0.003544 0.001035 0.026895
v 0.003598 0.000780 -0.026895
v 0.003598 0.000780 0.026895
v 0.003637 0.000522 -0.026895
v 0.003637 0.000522 0.026895
v 0.003661 0.000262 -0.026895
v 0.003661 0.000262 0.026895
v 0.003669 0.000000 -0.026895
v 0.003669 0.000000 0.026895
v 0.003661 -0.000262 -0.026895
v 0.003661 -0.000262 0.026895
v 0.003637 -0.000522 -0.026895
v 0.003637 -0.000522 0.026895
v 0.003598 -0.000780 -0.026895
v 0.003598 -0.000780 0.026895
v 0.003544 -0.001035 -0.026895
v 0.003544 -0.001035 0.026895
v 0.003474 -0.001286 -0.026895
v 0.003474 -0.001286 0.026895
v 0.003389 -0.001531 -0.026895
v 0.003389 -0.001531 0.026895
v 0.003290 -0.001769 -0.026895
v 0.003290 -0.001769 0.026895
v 0.003177 -0.002000 -0.026895
v 0.003177 -0.002000 0.026895
v 0.003050 -0.002222 -0.026895
v 0.003050 -0.002222 0.026895
v 0.002911 -0.002435 -0.026895
v 0.002911 -0.002435 0.026895
v 0.002758 -0.002637 -0.026895
v 0.002758 -0.002637 0.026895
v 0.002594 -0.002828 -0.026895
v 0.002594 -0.002828 0.026895
v 0.002419 -0.003007 -0.026895
v 0.002419 -0.003007 0.026895
v 0.002233 -0.003173 -0.026895
v 0.002233 -0.003173 0.026895
v 0.002038 -0.003326 -0.026895
v 0.002038 -0.003326 0.026895
v 0.001834 -0.003464 -0.026895
v 0.001834 -0.003464 0.026895
v 0.001623 -0.003587 -0.026895
v 0.001623 -0.003587 0.026895
v 0.001404 -0.003696 -0.026895
v 0.001404 -0.003696 0.026895
v 0.001179 -0.003788 -0.026895
v 0.001179 -0.003788 0.026895
v 0.000950 -0.003864 -0.026895
v 0.000950 -0.003864 0.026895
v 0.000716 -0.003923 -0.026895
v 0.000716 -0.003923 0.026895
v 0.000479 -0.003966 -0.026895
v 0.000479 -0.003966 0.026895
v 0.000240 -0.003991 -0.026895
v 0.000240 -0.003991 0.026895
v -0.000000 -0.004000 -0.026895
v -0.000000 -0.004000 0.026895
v -0.000240 -0.003991 -0.026895
v -0.000240 -0.003991 0.026895
v -0.000479 -0.003966 -0.026895
v -0.000479 -0.003966 0.026895
v -0.000716 -0.003923 -0.026895
v -0.000716 -0.003923 0.026895
v -0.000950 -0.003864 -0.026895
v -0.000950 -0.003864 0.026895
v -0.001179 -0.003788 -0.026895
v -0.001179 -0.003788 0.026895
v -0.001404 -0.003696 -0.026895
v -0.001404 -0.003696 0.026895
v -0.001623 -0.003587 -0.026895
v -0.001623 -0.003587 0.026895
v -0.001834 -0.003464 -0.026895
v -0.001834 -0.003464 0.026895
v -0.002038 -0.003326 -0.026895
v -0.002038 -0.003326 0.026895
v -0.002233 -0.003173 -0.026895
v -0.002233 -0.003173 0.026895
v -0.002419 -0.003007 -0.026895
v -0.002419 -0.003007 0.026895
v -0.002594 -0.002828 -0.026895
v -0.002594 -0.002828 0.026895
v -0.002758 -0.002637 -0.026895
v -0.002758 -0.002637 0.026895
v -0.002911 -0.002435 -0.026895
v -0.002911 -0.002435 0.026895
v -0.003050 -0.002222 -0.026895
v -0.003050 -0.002222 0.026895
v -0.003177 -0.002000 -0.026895
v -0.003177 -0.002000 0.026895
v -0.003290 -0.001769 -0.026895
v -0.003290 -0.001769 0.026895
v -0.003389 -0.001531 -0.026895
v -0.003389 -0.001531 0.026895
v -0.003474 -0.001286 -0.026895
v -0.003474 -0.001286 0.026895
v -0.003544 -0.001035 -0.026895
v -0.003544 -0.001035 0.026895
v -0.003598 -0.000780 -0.026895
v -0.003598 -0.000780 0.026895
v -0.003637 -0.000522 -0.026895
v -0.003637 -0.000522 0.026895
v -0.003661 -0.000262 -0.026895
v -0.003661 -0.000262 0.026895
v -0.003669 0.000000 -0.026895
v -0.003669 0.000000 0.026895
v -0.003661 0.000262 -0.026895
v -0.003661 0.000262 0.026895
v -0.003637 0.000522 -0.026895
v -0.003637 0.000522 0.026895
v -0.003598 0.000780 -0.026895
v -0.003598 0.000780 0.026895
v -0.003544 0.001035 -0.026895
v -0.003544 0.001035 0.026895
v -0.003474 0.001286 -0.026895
v -0.003474 0.001286 0.026895
v -0.003389 0.001531 -0.026895
v -0.003389 0.001531 0.026895
v -0.003290 0.001769 -0.026895
v -0.003290 0.001769 0.026895
v -0.003177 0.002000 -0.026895
v -0.003177 0.002000 0.026895
v -0.003050 0.002222 -0.026895
v -0.003050 0.002222 0.026895
v -0.002911 0.002435 -0.026895
v -0.002911 0.002435 0.026895
v -0.002758 0.002637 -0.026895
v -0.002758 0.002637 0.026895
v -0.002594 0.002828 -0.026895
v -0.002594 0.002828 0.026895
v -0.002419 0.003007 -0.026895
v -0.002419 0.003007 0.026895
v -0.002233 0.003173 -0.026895
v -0.002233 0.003173 0.026895
v -0.002038 0.003326 -0.026895
v -0.002038 0.003326 0.026895
v -0.001834 0.003464 -0.026895
v -0.001834 0.003464 0.026895
v -0.001623 0.003587 -0.026895
v -0.001623 0.003587 0.026895
v -0.001404 0.003696 -0.026895
v -0.001404 0.003696 0.026895
v -0.001179 0.003788 -0.026895
v -0.001179 0.003788 0.026895
v -0.000950 0.003864 -0.026895
v -0.000950 0.003864 0.026895
v -0.000716 0.003923 -0.026895
v -0.000716 0.003923 0.026895
v -0.000479 0.003966 -0.026895
v -0.000479 0.003966 0.026895
v -0.000240 0.003991 -0.026895
v -0.000240 0.003991 0.026895
vn 0.0357 0.9994 -0.0000
vn 0.1068 0.9943 -0.0000
vn 0.1772 0.9842 -0.0000
vn 0.2464 0.9692 -0.0000
vn 0.3140 0.9494 -0.0000
vn 0.3796 0.9251 -0.0000
vn 0.4429 0.8966 -0.0000
vn 0.5035 0.8640 -0.0000
vn 0.5612 0.8277 -0.0000
vn 0.6157 0.7880 -0.0000
vn 0.6668 0.7452 -0.0000
vn 0.7145 0.6996 -0.0000
vn 0.7586 0.6516 -0.0000
vn 0.7990 0.6014 -0.0000
vn 0.8357 0.5492 -0.0000
vn 0.8687 0.4954 -0.0000
vn 0.8979 0.4402 -0.0000
vn 0.9234 0.3837 -0.0000
vn 0.9453 0.3263 -0.0000
vn 0.9634 0.2680 -0.0000
vn 0.9779 0.2091 -0.0000
vn 0.9887 0.1497 -0.0000
vn 0.9959 0.0900 -0.0000
vn 0.9995 0.0300 -0.0000
vn 0.9995 -0.0300 -0.0000
vn 0.9959 -0.0900 -0.0000
vn 0.9887 -0.1497 -0.0000
vn 0.9779 -0.2091 -0.0000
vn 0.9634 -0.2680 -0.0000
vn 0.9453 -0.3263 -0.0000
vn 0.9234 -0.3837 -0.0000
vn 0.8979 -0.4402 -0.0000
vn 0.8687 -0.4954 -0.0000
vn 0.8357 -0.5492 -0.0000
vn 0.7990 -0.6014 -0.0000
vn 0.7586 -0.6516 -0.0000
vn 0.7145 -0.6997 -0.0000
vn 0.6668 -0.7452 -0.0000
vn 0.6157 -0.7880 -0.0000
vn 0.5612 -0.8277 -0.0000
vn 0.5035 -0.8640 -0.0000
vn 0.4429 -0.8966 -0.0000
vn 0.3796 -0.9251 -0.0000
vn 0.3140 -0.9494 -0.0000
vn 0.2464 -0.9692 -0.0000
vn 0.1772 -0.9842 -0.0000
vn 0.1068 -0.9943 -0.0000
vn 0.0357 -0.9994 -0.0000
vn -0.0357 -0.9994 -0.0000
vn -0.1068 -0.9943 -0.0000
vn -0.1772 -0.9842 -0.0000
vn -0.2464 -0.9692 -0.0000
vn -0.3140 -0.9494 -0.0000
vn -0.3796 -0.9251 -0.0000
vn -0.4429 -0.8966 -0.0000
vn -0.5035 -0.8640 -0.0000
vn -0.5612 -0.8277 -0.0000
vn -0.6157 -0.7880 -0.0000
vn -0.6668 -0.7452 -0.0000
vn -0.7145 -0.6996 -0.0000
vn -0.7586 -0.6516 -0.0000
vn -0.7990 -0.6014 -0.0000
vn -0.8357 -0.5492 -0.0000
vn -0.8687 -0.4954 -0.0000
vn -0.8979 -0.4402 -0.0000
vn -0.9234 -0.3837 -0.0000
vn -0.9453 -0.3263 -0.0000
vn -0.9634 -0.2680 -0.0000
vn -0.9779 -0.2091 -0.0000
vn -0.9887 -0.1497 -0.0000
vn -0.9959 -0.0900 -0.0000
vn -0.9995 -0.0300 -0.0000
vn -0.9995 0.0300 -0.0000
vn -0.9959 0.0900 -0.0000
vn -0.9887 0.1497 -0.0000
vn -0.9779 0.2091 -0.0000
vn -0.9634 0.2680 -0.0000
vn -0.9453 0.3263 -0.0000
vn -0.9234 0.3837 -0.0000
vn -0.8979 0.4402 -0.0000
vn -0.8687 0.4954 -0.0000
vn -0.8357 0.5492 -0.0000
vn -0.7990 0.6014 -0.0000
vn -0.7586 0.6516 -0.0000
vn -0.7145 0.6996 -0.0000
vn -0.6668 0.7452 -0.0000
vn -0.6157 0.7880 -0.0000
vn -0.5612 0.8277 -0.0000
vn -0.5035 0.8640 -0.0000
vn -0.4429 0.8966 -0.0000
vn -0.3796 0.9251 -0.0000
vn -0.3140 0.9494 -0.0000
vn -0.2464 0.9692 -0.0000
vn -0.1772 0.9842 -0.0000
vn -0.0000 -0.0000 1.0000
vn -0.1068 0.9943 -0.0000
vn -0.0357 0.9994 -0.0000
vn -0.0000 -0.0000 -1.0000
vn 0.7145 0.6997 -0.0000
vn 0.7145 -0.6996 -0.0000
vn 0.0001 -0.0000 1.0000
vn -0.0001 -0.0000 1.0000
vn 0.0002 -0.0000 1.0000
vn -0.0002 -0.0000 1.0000
vn 0.0001 -0.0000 -1.0000
vn -0.0001 -0.0000 -1.0000
vn -0.0002 -0.0000 -1.0000
vn 0.0002 -0.0000 -1.0000
vn -0.0004 -0.0000 -1.0000
vn 0.0004 -0.0000 -1.0000
vt 1.000000 1.000000
vt 0.989583 0.500000
vt 1.000000 0.500000
vt 0.989583 1.000000
vt 0.979167 0.500000
vt 0.979167 1.000000
vt 0.968750 0.500000
vt 0.968750 1.000000
vt 0.958333 0.500000
vt 0.958333 1.000000
vt 0.947917 0.500000
vt 0.947917 1.000000
vt 0.937500 0.500000
vt 0.937500 1.000000
vt 0.927083 0.500000
vt 0.927083 1.000000
vt 0.916667 0.500000
vt 0.916667 1.000000
vt 0.906250 0.500000
vt 0.906250 1.000000
vt 0.895833 0.500000
vt 0.895833 1.000000
vt 0.885416 0.500000
vt 0.885416 1.000000
vt 0.875000 0.500000
vt 0.875000 1.000000
vt 0.864583 0.500000
vt 0.864583 1.000000
vt 0.854166 0.500000
vt 0.854166 1.000000
vt 0.843750 0.500000
vt 0.843750 1.000000
vt 0.833333 0.500000
vt 0.833333 1.000000
vt 0.822916 0.500000
vt 0.822916 1.000000
vt 0.812500 0.500000
vt 0.812500 1.000000
vt 0.802083 0.500000
vt 0.802083 1.000000
vt 0.791666 0.500000
vt 0.791666 1.000000
vt 0.781250 0.500000
vt 0.781250 1.000000
vt 0.770833 0.500000
vt 0.770833 1.000000
vt 0.760416 0.500000
vt 0.760416 1.000000
vt 0.750000 0.500000
vt 0.750000 1.000000
vt 0.739583 0.500000
vt 0.739583 1.000000
vt 0.729166 0.500000
vt 0.729166 1.000000
vt 0.718749 0.500000
vt 0.718749 1.000000
vt 0.708333 0.500000
vt 0.708333 1.000000
vt 0.697916 0.500000
vt 0.697916 1.000000
vt 0.687499 0.500000
vt 0.687499 1.000000
vt 0.677083 0.500000
vt 0.677083 1.000000
vt 0.666666 0.500000
vt 0.666666 1.000000
vt 0.656249 0.500000
vt 0.656249 1.000000
vt 0.645833 0.500000
vt 0.645833 1.000000
vt 0.635416 0.500000
vt 0.635416 1.000000
vt 0.624999 0.500000
vt 0.624999 1.000000
vt 0.614583 0.500000
vt 0.614583 1.000000
vt 0.604166 0.500000
vt 0.604166 1.000000
vt 0.593749 0.500000
vt 0.593749 1.000000
vt 0.583333 0.500000
vt 0.583333 1.000000
vt 0.572916 0.500000
vt 0.572916 1.000000
vt 0.562499 0.500000
vt 0.562499 1.000000
vt 0.552082 0.500000
vt 0.552082 1.000000
vt 0.541666 0.500000
vt 0.541666 1.000000
vt 0.531249 0.500000
vt 0.531249 1.000000
vt 0.520832 0.500000
vt 0.520832 1.000000
vt 0.510416 0.500000
vt 0.510416 1.000000
vt 0.499999 0.500000
vt 0.499999 1.000000
vt 0.489582 0.500000
vt 0.489582 1.000000
vt 0.479166 0.500000
vt 0.479166 1.000000
vt 0.468749 0.500000
vt 0.468749 1.000000
vt 0.458332 0.500000
vt 0.458332 1.000000
vt 0.447916 0.500000
vt 0.447916 1.000000
vt 0.437499 0.500000
vt 0.437499 1.000000
vt 0.427082 0.500000
vt 0.427082 1.000000
vt 0.416666 0.500000
vt 0.416666 1.000000
vt 0.406249 0.500000
vt 0.406249 1.000000
vt 0.395833 0.500000
vt 0.395833 1.000000
vt 0.385416 0.500000
vt 0.385416 1.000000
vt 0.374999 0.500000
vt 0.374999 1.000000
vt 0.364583 0.500000
vt 0.364583 1.000000
vt 0.354166 0.500000
vt 0.354166 1.000000
vt 0.343749 0.500000
vt 0.343749 1.000000
vt 0.333333 0.500000
vt 0.333333 1.000000
vt 0.322916 0.500000
vt 0.322916 1.000000
vt 0.312499 0.500000
vt 0.312499 1.000000
vt 0.302083 0.500000
vt 0.302083 1.000000
vt 0.291666 0.500000
vt 0.291666 1.000000
vt 0.281249 0.500000
vt 0.281249 1.000000
vt 0.270833 0.500000
vt 0.270833 1.000000
vt 0.260416 0.500000
vt 0.260416 1.000000
vt 0.249999 0.500000
vt 0.249999 1.000000
vt 0.239583 0.500000
vt 0.239583 1.000000
vt 0.229166 0.500000
vt 0.229166 1.000000
vt 0.218749 0.500000
vt 0.218749 1.000000
vt 0.208333 0.500000
vt 0.208333 1.000000
vt 0.197916 0.500000
vt 0.197916 1.000000
vt 0.187499 0.500000
vt 0.187499 1.000000
vt 0.177083 0.500000
vt 0.177083 1.000000
vt 0.166666 0.500000
vt 0.166666 1.000000
vt 0.156249 0.500000
vt 0.156249 1.000000
vt 0.145833 0.500000
vt 0.145833 1.000000
vt 0.135416 0.500000
vt 0.135416 1.000000
vt 0.124999 0.500000
vt 0.124999 1.000000
vt 0.114583 0.500000
vt 0.114583 1.000000
vt 0.104166 0.500000
vt 0.104166 1.000000
vt 0.093749 0.500000
vt 0.093749 1.000000
vt 0.083333 0.500000
vt 0.083333 1.000000
vt 0.072916 0.500000
vt 0.072916 1.000000
vt 0.062499 0.500000
vt 0.062499 1.000000
vt 0.052083 0.500000
vt 0.052083 1.000000
vt 0.041666 0.500000
vt 0.041666 1.000000
vt 0.031249 0.500000
vt 0.031249 1.000000
vt 0.020833 0.500000
vt 0.028269 0.158156
vt 0.440405 0.103897
vt 0.281326 0.487947
vt 0.020833 1.000000
vt 0.010416 0.500000
vt 0.010416 1.000000
vt -0.000001 0.500000
vt 0.965249 0.143851
vt 0.550447 0.116663
vt 0.734303 0.489486
vt 0.265697 0.489486
vt 0.250000 0.490000
vt 0.234303 0.489486
vt 0.218674 0.487947
vt 0.203178 0.485388
vt 0.187883 0.481822
vt 0.172855 0.477263
vt 0.158156 0.471731
vt 0.143851 0.465249
vt 0.130000 0.457846
vt 0.116663 0.449553
vt 0.103897 0.440405
vt 0.091757 0.430442
vt 0.080294 0.419706
vt 0.069558 0.408243
vt 0.059595 0.396103
vt 0.050447 0.383337
vt 0.042154 0.370000
vt 0.034751 0.356149
vt 0.028269 0.341844
vt 0.022737 0.327145
vt 0.018178 0.312117
vt 0.014612 0.296822
vt 0.012053 0.281326
vt 0.010514 0.265697
vt 0.010000 0.250000
vt 0.010514 0.234303
vt 0.012053 0.218674
vt 0.014612 0.203178
vt 0.018178 0.187883
vt 0.022737 0.172855
vt 0.034751 0.143851
vt 0.042154 0.130000
vt 0.050447 0.116663
vt 0.059595 0.103897
vt 0.069558 0.091757
vt 0.080294 0.080294
vt 0.091757 0.069558
vt 0.103897 0.059595
vt 0.116663 0.050447
vt 0.130000 0.042154
vt 0.143851 0.034751
vt 0.158156 0.028269
vt 0.172855 0.022737
vt 0.187883 0.018178
vt 0.203178 0.014612
vt 0.218674 0.012053
vt 0.234303 0.010514
vt 0.250000 0.010000
vt 0.265697 0.010514
vt 0.281326 0.012053
vt 0.296822 0.014612
vt 0.312117 0.018178
vt 0.327145 0.022737
vt 0.341844 0.028269
vt 0.356149 0.034751
vt 0.370000 0.042154
vt 0.383337 0.050447
vt 0.396103 0.059595
vt 0.408243 0.069558
vt 0.419706 0.080294
vt 0.430442 0.091757
vt 0.449553 0.116663
vt 0.457846 0.130000
vt 0.465249 0.143851
vt 0.471731 0.158156
vt 0.477263 0.172855
vt 0.481822 0.187883
vt 0.485388 0.203178
vt 0.487947 0.218674
vt 0.489486 0.234303
vt 0.490000 0.250000
vt 0.489486 0.265697
vt 0.487947 0.281326
vt 0.485388 0.296822
vt 0.481822 0.312117
vt 0.477263 0.327145
vt 0.471731 0.341844
vt 0.465249 0.356149
vt 0.457846 0.370000
vt 0.449553 0.383337
vt 0.440405 0.396103
vt 0.430442 0.408243
vt 0.419706 0.419706
vt 0.408243 0.430442
vt 0.396103 0.440405
vt 0.383337 0.449553
vt 0.370000 0.457846
vt 0.356149 0.465249
vt 0.341844 0.471731
vt 0.327145 0.477263
vt 0.312117 0.481822
vt 0.296822 0.485388
vt -0.000001 1.000000
vt 0.750000 0.490000
vt 0.765697 0.489486
vt 0.781326 0.487947
vt 0.796822 0.485388
vt 0.812117 0.481822
vt 0.827145 0.477263
vt 0.841844 0.471731
vt 0.856149 0.465249
vt 0.870000 0.457846
vt 0.883337 0.449553
vt 0.896103 0.440405
vt 0.908243 0.430442
vt 0.919706 0.419706
vt 0.930441 0.408243
vt 0.940405 0.396103
vt 0.949553 0.383337
vt 0.957846 0.370000
vt 0.965249 0.356149
vt 0.971731 0.341844
vt 0.977263 0.327145
vt 0.981822 0.312117
vt 0.985388 0.296822
vt 0.987947 0.281326
vt 0.989486 0.265697
vt 0.990000 0.250000
vt 0.989486 0.234303
vt 0.987947 0.218674
vt 0.985388 0.203178
vt 0.981822 0.187883
vt 0.977263 0.172855
vt 0.971731 0.158156
vt 0.957846 0.130000
vt 0.949553 0.116663
vt 0.940405 0.103897
vt 0.930441 0.091757
vt 0.919706 0.080294
vt 0.908243 0.069558
vt 0.896103 0.059595
vt 0.883337 0.050447
vt 0.870000 0.042154
vt 0.856149 0.034751
vt 0.841844 0.028269
vt 0.827145 0.022737
vt 0.812117 0.018178
vt 0.796822 0.014612
vt 0.781326 0.012053
vt 0.765697 0.010514
vt 0.750000 0.010000
vt 0.734303 0.010514
vt 0.718674 0.012053
vt 0.703178 0.014612
vt 0.687883 0.018178
vt 0.672855 0.022737
vt 0.658156 0.028269
vt 0.643851 0.034751
vt 0.630000 0.042154
vt 0.616663 0.050447
vt 0.603897 0.059595
vt 0.591757 0.069558
vt 0.580294 0.080294
vt 0.569559 0.091757
vt 0.559595 0.103897
vt 0.542154 0.130000
vt 0.534751 0.143851
vt 0.528269 0.158156
vt 0.522737 0.172855
vt 0.518178 0.187883
vt 0.514612 0.203178
vt 0.512053 0.218674
vt 0.510514 0.234303
vt 0.510000 0.250000
vt 0.510514 0.265697
vt 0.512053 0.281326
vt 0.514612 0.296822
vt 0.518178 0.312117
vt 0.522737 0.327145
vt 0.528269 0.341844
vt 0.534751 0.356149
vt 0.542154 0.370000
vt 0.550447 0.383337
vt 0.559595 0.396103
vt 0.569559 0.408243
vt 0.580294 0.419706
vt 0.591757 0.430442
vt 0.603897 0.440405
vt 0.616663 0.449553
vt 0.630000 0.457846
vt 0.643851 0.465249
vt 0.658156 0.471731
vt 0.672855 0.477263
vt 0.687883 0.481822
vt 0.703178 0.485388
vt 0.718674 0.487947
s 0
usemtl rim_silver
f 1282/1/1281 1283/2/1281 1281/3/1281
f 1284/4/1282 1285/5/1282 1283/2/1282
f 1286/6/1283 1287/7/1283 1285/5/1283
f 1288/8/1284 1289/9/1284 1287/7/1284
f 1290/10/1285 1291/11/1285 1289/9/1285
f 1292/12/1286 1293/13/1286 1291/11/1286
f 1294/14/1287 1295/15/1287 1293/13/1287
f 1296/16/1288 1297/17/1288 1295/15/1288
f 1298/18/1289 1299/19/1289 1297/17/1289
f 1300/20/1290 1301/21/1290 1299/19/1290
f 1302/22/1291 1303/23/1291 1301/21/1291
f 1304/24/1292 1305/25/1292 1303/23/1292
f 1306/26/1293 1307/27/1293 1305/25/1293
f 1308/28/1294 1309/29/1294 1307/27/1294
f 1310/30/1295 1311/31/1295 1309/29/1295
f 1312/32/1296 1313/33/1296 1311/31/1296
f 1314/34/1297 1315/35/1297 1313/33/1297
f 1316/36/1298 1317/37/1298 1315/35/1298
f 1318/38/1299 1319/39/1299 1317/37/1299
f 1320/40/1300 1321/41/1300 1319/39/1300
f 1322/42/1301 1323/43/1301 1321/41/1301
f 1324/44/1302 1325/45/1302 1323/43/1302
f 1326/46/1303 1327/47/1303 1325/45/1303
f 1328/48/1304 1329/49/1304 1327/47/1304
f 1330/50/1305 1331/51/1305 1329/49/1305
f 1332/52/1306 1333/53/1306 1331/51/1306
f 1334/54/1307 1335/55/1307 1333/53/1307
f 1336/56/1308 1337/57/1308 1335/55/1308
f 1338/58/1309 1339/59/1309 1337/57/1309
f 1340/60/1310 1341/61/1310 1339/59/1310
f 1342/62/1311 1343/63/1311 1341/61/1311
f 1344/64/1312 1345/65/1312 1343/63/1312
f 1346/66/1313 1347/67/1313 1345/65/1313
f 1348/68/1314 1349/69/1314 1347/67/1314
f 1350/70/1315 1351/71/1315 1349/69/1315
f 1352/72/1316 1353/73/1316 1351/71/1316
f 1354/74/1317 1355/75/1317 1353/73/1317
f 1356/76/1318 1357/77/1318 1355/75/1318
f 1358/78/1319 1359/79/1319 1357/77/1319
f 1360/80/1320 1361/81/1320 1359/79/1320
f 1362/82/1321 1363/83/1321 1361/81/1321
f 1364/84/1322 1365/85/1322 1363/83/1322
f 1366/86/1323 1367/87/1323 1365/85/1323
f 1368/88/1324 1369/89/1324 1367/87/1324
f 1370/90/1325 1371/91/1325 1369/89/1325
f 1372/92/1326 1373/93/1326 1371/91/1326
f 1374/94/1327 1375/95/1327 1373/93/1327
f 1376/96/1328 1377/97/1328 1375/95/1328
f 1378/98/1329 1379/99/1329 1377/97/1329
f 1380/100/1330 1381/101/1330 1379/99/1330
f 1382/102/1331 1383/103/1331 1381/101/1331
f 1384/104/1332 1385/105/1332 1383/103/1332
f 1386/106/1333 1387/107/1333 1385/105/1333
f 1388/108/1334 1389/109/1334 1387/107/1334
f 1390/110/1335 1391/111/1335 1389/109/1335
f 1392/112/1336 1393/113/1336 1391/111/1336
f 1394/114/1337 1395/115/1337 1393/113/1337
f 1396/116/1338 1397/117/1338 1395/115/1338
f 1398/118/1339 1399/119/1339 1397/117/1339
f 1400/120/1340 1401/121/1340 1399/119/1340
f 1402/122/1341 1403/123/1341 1401/121/1341
f 1404/124/1342 1405/125/1342 1403/123/1342
f 1406/126/1343 1407/127/1343 1405/125/1343
f 1408/128/1344 1409/129/1344 1407/127/1344
f 1410/130/1345 1411/131/1345 1409/129/1345
f 1412/132/1346 1413/133/1346 1411/131/1346
f 1414/134/1347 1415/135/1347 1413/133/1347
f 1416/136/1348 1417/137/1348 1415/135/1348
f 1418/138/1349 1419/139/1349 1417/137/1349
f 1420/140/1350 1421/141/1350 1419/139/1350
f 1422/142/1351 1423/143/1351 1421/141/1351
f 1424/144/1352 1425/145/1352 1423/143/1352
f 1426/146/1353 1427/147/1353 1425/145/1353
f 1428/148/1354 1429/149/1354 1427/147/1354
f 1430/150/1355 1431/151/1355 1429/149/1355
f 1432/152/1356 1433/153/1356 1431/151/1356
f 1434/154/1357 1435/155/1357 1433/153/1357
f 1436/156/1358 1437/157/1358 1435/155/1358
f 1438/158/1359 1439/159/1359 1437/157/1359
f 1440/160/1360 1441/161/1360 1439/159/1360
f 1442/162/1361 1443/163/1361 1441/161/1361
f 1444/164/1362 1445/165/1362 1443/163/1362
f 1446/166/1363 1447/167/1363 1445/165/1363
f 1448/168/1364 1449/169/1364 1447/167/1364
f 1450/170/1365 1451/171/1365 1449/169/1365
f 1452/172/1366 1453/173/1366 1451/171/1366
f 1454/174/1367 1455/175/1367 1453/173/1367
f 1456/176/1368 1457/177/1368 1455/175/1368
f 1458/178/1369 1459/179/1369 1457/177/1369
f 1460/180/1370 1461/181/1370 1459/179/1370
f 1462/182/1371 1463/183/1371 1461/181/1371
f 1464/184/1372 1465/185/1372 1463/183/1372
f 1466/186/1373 1467/187/1373 1465/185/1373
f 1468/188/1374 1469/189/1374 1467/187/1374
f 1414/190/1375 1350/191/1375 1286/192/1375
f 1470/193/1376 1471/194/1376 1469/189/1376
f 1472/195/1377 1281/196/1377 1471/194/1377
f 1343/197/1378 1407/198/1378 1471/199/1378
f 1282/1/1281 1284/4/1281 1283/2/1281
f 1284/4/1282 1286/6/1282 1285/5/1282
f 1286/6/1283 1288/8/1283 1287/7/1283
f 1288/8/1284 1290/10/1284 1289/9/1284
f 1290/10/1285 1292/12/1285 1291/11/1285
f 1292/12/1286 1294/14/1286 1293/13/1286
f 1294/14/1287 1296/16/1287 1295/15/1287
f 1296/16/1288 1298/18/1288 1297/17/1288
f 1298/18/1289 1300/20/1289 1299/19/1289
f 1300/20/1290 1302/22/1290 1301/21/1290
f 1302/22/1291 1304/24/1291 1303/23/1291
f 1304/24/1379 1306/26/1379 1305/25/1379
f 1306/26/1293 1308/28/1293 1307/27/1293
f 1308/28/1294 1310/30/1294 1309/29/1294
f 1310/30/1295 1312/32/1295 1311/31/1295
f 1312/32/1296 1314/34/1296 1313/33/1296
f 1314/34/1297 1316/36/1297 1315/35/1297
f 1316/36/1298 1318/38/1298 1317/37/1298
f 1318/38/1299 1320/40/1299 1319/39/1299
f 1320/40/1300 1322/42/1300 1321/41/1300
f 1322/42/1301 1324/44/1301 1323/43/1301
f 1324/44/1302 1326/46/1302 1325/45/1302
f 1326/46/1303 1328/48/1303 1327/47/1303
f 1328/48/1304 1330/50/1304 1329/49/1304
f 1330/50/1305 1332/52/1305 1331/51/1305
f 1332/52/1306 1334/54/1306 1333/53/1306
f 1334/54/1307 1336/56/1307 1335/55/1307
f 1336/56/1308 1338/58/1308 1337/57/1308
f 1338/58/1309 1340/60/1309 1339/59/1309
f 1340/60/1310 1342/62/1310 1341/61/1310
f 1342/62/1311 1344/64/1311 1343/63/1311
f 1344/64/1312 1346/66/1312 1345/65/1312
f 1346/66/1313 1348/68/1313 1347/67/1313
f 1348/68/1314 1350/70/1314 1349/69/1314
f 1350/70/1315 1352/72/1315 1351/71/1315
f 1352/72/1316 1354/74/1316 1353/73/1316
f 1354/74/1380 1356/76/1380 1355/75/1380
f 1356/76/1318 1358/78/1318 1357/77/1318
f 1358/78/1319 1360/80/1319 1359/79/1319
f 1360/80/1320 1362/82/1320 1361/81/1320
f 1362/82/1321 1364/84/1321 1363/83/1321
f 1364/84/1322 1366/86/1322 1365/85/1322
f 1366/86/1323 1368/88/1323 1367/87/1323
f 1368/88/1324 1370/90/1324 1369/89/1324
f 1370/90/1325 1372/92/1325 1371/91/1325
f 1372/92/1326 1374/94/1326 1373/93/1326
f 1374/94/1327 1376/96/1327 1375/95/1327
f 1376/96/1328 1378/98/1328 1377/97/1328
f 1378/98/1329 1380/100/1329 1379/99/1329
f 1380/100/1330 1382/102/1330 1381/101/1330
f 1382/102/1331 1384/104/1331 1383/103/1331
f 1384/104/1332 1386/106/1332 1385/105/1332
f 1386/106/1333 1388/108/1333 1387/107/1333
f 1388/108/1334 1390/110/1334 1389/109/1334
f 1390/110/1335 1392/112/1335 1391/111/1335
f 1392/112/1336 1394/114/1336 1393/113/1336
f 1394/114/1337 1396/116/1337 1395/115/1337
f 1396/116/1338 1398/118/1338 1397/117/1338
f 1398/118/1339 1400/120/1339 1399/119/1339
f 1400/120/1340 1402/122/1340 1401/121/1340
f 1402/122/1341 1404/124/1341 1403/123/1341
f 1404/124/1342 1406/126/1342 1405/125/1342
f 1406/126/1343 1408/128/1343 1407/127/1343
f 1408/128/1344 1410/130/1344 1409/129/1344
f 1410/130/1345 1412/132/1345 1411/131/1345
f 1412/132/1346 1414/134/1346 1413/133/1346
f 1414/134/1347 1416/136/1347 1415/135/1347
f 1416/136/1348 1418/138/1348 1417/137/1348
f 1418/138/1349 1420/140/1349 1419/139/1349
f 1420/140/1350 1422/142/1350 1421/141/1350
f 1422/142/1351 1424/144/1351 1423/143/1351
f 1424/144/1352 1426/146/1352 1425/145/1352
f 1426/146/1353 1428/148/1353 1427/147/1353
f 1428/148/1354 1430/150/1354 1429/149/1354
f 1430/150/1355 1432/152/1355 1431/151/1355
f 1432/152/1356 1434/154/1356 1433/153/1356
f 1434/154/1357 1436/156/1357 1435/155/1357
f 1436/156/1358 1438/158/1358 1437/157/1358
f 1438/158/1359 1440/160/1359 1439/159/1359
f 1440/160/1360 1442/162/1360 1441/161/1360
f 1442/162/1361 1444/164/1361 1443/163/1361
f 1444/164/1362 1446/166/1362 1445/165/1362
f 1446/166/1363 1448/168/1363 1447/167/1363
f 1448/168/1364 1450/170/1364 1449/169/1364
f 1450/170/1365 1452/172/1365 1451/171/1365
f 1452/172/1366 1454/174/1366 1453/173/1366
f 1454/174/1367 1456/176/1367 1455/175/1367
f 1456/176/1368 1458/178/1368 1457/177/1368
f 1458/178/1369 1460/180/1369 1459/179/1369
f 1460/180/1370 1462/182/1370 1461/181/1370
f 1462/182/1371 1464/184/1371 1463/183/1371
f 1464/184/1372 1466/186/1372 1465/185/1372
f 1466/186/1373 1468/188/1373 1467/187/1373
f 1468/188/1374 1470/193/1374 1469/189/1374
f 1286/192/1375 1284/200/1375 1282/201/1375
f 1282/201/1375 1472/202/1375 1470/203/1375
f 1470/203/1381 1468/204/1381 1466/205/1381
f 1466/205/1375 1464/206/1375 1462/207/1375
f 1462/207/1375 1460/208/1375 1458/209/1375
f 1458/209/1381 1456/210/1381 1454/211/1381
f 1454/211/1382 1452/212/1382 1450/213/1382
f 1450/213/1375 1448/214/1375 1446/215/1375
f 1446/215/1383 1444/216/1383 1442/217/1383
f 1442/217/1375 1440/218/1375 1438/219/1375
f 1438/219/1384 1436/220/1384 1434/221/1384
f 1434/221/1384 1432/222/1384 1430/223/1384
f 1430/223/1383 1428/224/1383 1426/225/1383
f 1426/225/1383 1424/226/1383 1422/227/1383
f 1422/227/1384 1420/228/1384 1418/229/1384
f 1418/229/1384 1416/230/1384 1414/190/1384
f 1414/190/1375 1412/231/1375 1410/232/1375
f 1410/232/1383 1408/233/1383 1406/234/1383
f 1406/234/1375 1404/235/1375 1402/236/1375
f 1402/236/1382 1400/237/1382 1398/238/1382
f 1398/238/1381 1396/239/1381 1394/240/1381
f 1394/240/1375 1392/241/1375 1390/242/1375
f 1390/242/1375 1388/243/1375 1386/244/1375
f 1386/244/1375 1384/245/1375 1382/246/1375
f 1382/246/1375 1380/247/1375 1378/248/1375
f 1378/248/1375 1376/249/1375 1374/250/1375
f 1374/250/1382 1372/251/1382 1370/252/1382
f 1370/252/1375 1368/253/1375 1366/254/1375
f 1366/254/1375 1364/255/1375 1362/256/1375
f 1362/256/1382 1360/257/1382 1358/258/1382
f 1358/258/1381 1356/259/1381 1354/260/1381
f 1354/260/1375 1352/261/1375 1350/191/1375
f 1350/191/1384 1348/262/1384 1346/263/1384
f 1346/263/1375 1344/264/1375 1342/265/1375
f 1342/265/1383 1340/266/1383 1338/267/1383
f 1338/267/1383 1336/268/1383 1334/269/1383
f 1334/269/1384 1332/270/1384 1330/271/1384
f 1330/271/1384 1328/272/1384 1326/273/1384
f 1326/273/1383 1324/274/1383 1322/275/1383
f 1322/275/1383 1320/276/1383 1318/277/1383
f 1318/277/1375 1316/278/1375 1314/279/1375
f 1314/279/1384 1312/280/1384 1310/281/1384
f 1310/281/1375 1308/282/1375 1306/283/1375
f 1306/283/1381 1304/284/1381 1302/285/1381
f 1302/285/1382 1300/286/1382 1298/287/1382
f 1298/287/1375 1296/288/1375 1294/289/1375
f 1294/289/1375 1292/290/1375 1290/291/1375
f 1290/291/1375 1288/292/1375 1286/192/1375
f 1286/192/1375 1282/201/1375 1470/203/1375
f 1470/203/1375 1466/205/1375 1462/207/1375
f 1462/207/1375 1458/209/1375 1454/211/1375
f 1454/211/1375 1450/213/1375 1446/215/1375
f 1446/215/1375 1442/217/1375 1438/219/1375
f 1438/219/1375 1434/221/1375 1430/223/1375
f 1430/223/1375 1426/225/1375 1422/227/1375
f 1422/227/1375 1418/229/1375 1414/190/1375
f 1414/190/1375 1410/232/1375 1406/234/1375
f 1406/234/1375 1402/236/1375 1398/238/1375
f 1398/238/1375 1394/240/1375 1390/242/1375
f 1390/242/1375 1386/244/1375 1382/246/1375
f 1382/246/1375 1378/248/1375 1374/250/1375
f 1374/250/1375 1370/252/1375 1366/254/1375
f 1366/254/1375 1362/256/1375 1358/258/1375
f 1358/258/1375 1354/260/1375 1350/191/1375
f 1350/191/1375 1346/263/1375 1342/265/1375
f 1342/265/1375 1338/267/1375 1334/269/1375
f 1334/269/1375 1330/271/1375 1326/273/1375
f 1326/273/1375 1322/275/1375 1318/277/1375
f 1318/277/1375 1314/279/1375 1310/281/1375
f 1310/281/1375 1306/283/1375 1302/285/1375
f 1302/285/1375 1298/287/1375 1294/289/1375
f 1294/289/1375 1290/291/1375 1286/192/1375
f 1286/192/1375 1470/203/1375 1462/207/1375
f 1462/207/1375 1454/211/1375 1446/215/1375
f 1446/215/1375 1438/219/1375 1430/223/1375
f 1430/223/1375 1422/227/1375 1414/190/1375
f 1414/190/1375 1406/234/1375 1398/238/1375
f 1398/238/1375 1390/242/1375 1382/246/1375
f 1382/246/1375 1374/250/1375 1366/254/1375
f 1366/254/1375 1358/258/1375 1350/191/1375
f 1350/191/1375 1342/265/1375 1334/269/1375
f 1334/269/1375 1326/273/1375 1318/277/1375
f 1318/277/1375 1310/281/1375 1302/285/1375
f 1302/285/1375 1294/289/1375 1286/192/1375
f 1286/192/1375 1462/207/1375 1446/215/1375
f 1446/215/1375 1430/223/1375 1414/190/1375
f 1414/190/1375 1398/238/1375 1382/246/1375
f 1382/246/1375 1366/254/1375 1350/191/1375
f 1350/191/1375 1334/269/1375 1318/277/1375
f 1318/277/1375 1302/285/1375 1286/192/1375
f 1286/192/1375 1446/215/1375 1414/190/1375
f 1414/190/1375 1382/246/1375 1350/191/1375
f 1350/191/1375 1318/277/1375 1286/192/1375
f 1470/193/1376 1472/195/1376 1471/194/1376
f 1472/195/1377 1282/293/1377 1281/196/1377
f 1471/199/1378 1281/294/1378 1283/295/1378
f 1283/295/1385 1285/296/1385 1287/297/1385
f 1287/297/1378 1289/298/1378 1291/299/1378
f 1291/299/1386 1293/300/1386 1295/301/1386
f 1295/301/1387 1297/302/1387 1299/303/1387
f 1299/303/1378 1301/304/1378 1303/305/1378
f 1303/305/1388 1305/306/1388 1307/307/1388
f 1307/307/1378 1309/308/1378 1311/309/1378
f 1311/309/1389 1313/310/1389 1315/311/1389
f 1315/311/1389 1317/312/1389 1319/313/1389
f 1319/313/1378 1321/314/1378 1323/315/1378
f 1323/315/1378 1325/316/1378 1327/317/1378
f 1327/317/1378 1329/318/1378 1331/319/1378
f 1331/319/1378 1333/320/1378 1335/321/1378
f 1335/321/1378 1337/322/1378 1339/323/1378
f 1339/323/1389 1341/324/1389 1343/197/1389
f 1343/197/1389 1345/325/1389 1347/326/1389
f 1347/326/1378 1349/327/1378 1351/328/1378
f 1351/328/1388 1353/329/1388 1355/330/1388
f 1355/330/1378 1357/331/1378 1359/332/1378
f 1359/332/1387 1361/333/1387 1363/334/1387
f 1363/334/1386 1365/335/1386 1367/336/1386
f 1367/336/1378 1369/337/1378 1371/338/1378
f 1371/338/1385 1373/339/1385 1375/340/1385
f 1375/340/1378 1377/341/1378 1379/342/1378
f 1379/342/1386 1381/343/1386 1383/344/1386
f 1383/344/1378 1385/345/1378 1387/346/1378
f 1387/346/1385 1389/347/1385 1391/348/1385
f 1391/348/1388 1393/349/1388 1395/350/1388
f 1395/350/1378 1397/351/1378 1399/352/1378
f 1399/352/1387 1401/353/1387 1403/354/1387
f 1403/354/1378 1405/355/1378 1407/198/1378
f 1407/198/1390 1409/356/1390 1411/357/1390
f 1411/357/1390 1413/358/1390 1415/359/1390
f 1415/359/1378 1417/360/1378 1419/361/1378
f 1419/361/1378 1421/362/1378 1423/363/1378
f 1423/363/1378 1425/364/1378 1427/365/1378
f 1427/365/1378 1429/366/1378 1431/367/1378
f 1431/367/1378 1433/368/1378 1435/369/1378
f 1435/369/1390 1437/370/1390 1439/371/1390
f 1439/371/1390 1441/372/1390 1443/373/1390
f 1443/373/1378 1445/374/1378 1447/375/1378
f 1447/375/1387 1449/376/1387 1451/377/1387
f 1451/377/1378 1453/378/1378 1455/379/1378
f 1455/379/1388 1457/380/1388 1459/381/1388
f 1459/381/1385 1461/382/1385 1463/383/1385
f 1463/383/1378 1465/384/1378 1467/385/1378
f 1467/385/1386 1469/386/1386 1471/199/1386
f 1471/199/1378 1283/295/1378 1287/297/1378
f 1287/297/1378 1291/299/1378 1295/301/1378
f 1295/301/1378 1299/303/1378 1303/305/1378
f 1303/305/1386 1307/307/1386 1311/309/1386
f 1311/309/1385 1315/311/1385 1319/313/1385
f 1319/313/1378 1323/315/1378 1327/317/1378
f 1327/317/1378 1331/319/1378 1335/321/1378
f 1335/321/1378 1339/323/1378 1343/197/1378
f 1343/197/1385 1347/326/1385 1351/328/1385
f 1351/328/1378 1355/330/1378 1359/332/1378
f 1359/332/1378 1363/334/1378 1367/336/1378
f 1367/336/1378 1371/338/1378 1375/340/1378
f 1375/340/1378 1379/342/1378 1383/344/1378
f 1383/344/1378 1387/346/1378 1391/348/1378
f 1391/348/1378 1395/350/1378 1399/352/1378
f 1399/352/1385 1403/354/1385 1407/198/1385
f 1407/198/1386 1411/357/1386 1415/359/1386
f 1415/359/1378 1419/361/1378 1423/363/1378
f 1423/363/1378 1427/365/1378 1431/367/1378
f 1431/367/1378 1435/369/1378 1439/371/1378
f 1439/371/1386 1443/373/1386 1447/375/1386
f 1447/375/1378 1451/377/1378 1455/379/1378
f 1455/379/1378 1459/381/1378 1463/383/1378
f 1463/383/1378 1467/385/1378 1471/199/1378
f 1471/199/1378 1287/297/1378 1295/301/1378
f 1295/301/1378 1303/305/1378 1311/309/1378
f 1311/309/1378 1319/313/1378 1327/317/1378
f 1327/317/1378 1335/321/1378 1343/197/1378
f 1343/197/1378 1351/328/1378 1359/332/1378
f 1359/332/1378 1367/336/1378 1375/340/1378
f 1375/340/1378 1383/344/1378 1391/348/1378
f 1391/348/1378 1399/352/1378 1407/198/1378
f 1407/198/1378 1415/359/1378 1423/363/1378
f 1423/363/1378 1431/367/1378 1439/371/1378
f 1439/371/1378 1447/375/1378 1455/379/1378
f 1455/379/1378 1463/383/1378 1471/199/1378
f 1471/199/1378 1295/301/1378 1311/309/1378
f 1311/309/1378 1327/317/1378 1343/197/1378
f 1343/197/1378 1359/332/1378 1375/340/1378
f 1375/340/1378 1391/348/1378 1407/198/1378
f 1407/198/1378 1423/363/1378 1439/371/1378
f 1439/371/1378 1455/379/1378 1471/199/1378
f 1471/199/1378 1311/309/1378 1343/197/1378
f 1343/197/1378 1375/340/1378 1407/198/1378
f 1407/198/1378 1439/371/1378 1471/199/1378
o __articraft_commit_0002_0003
v 0.014453 0.198000 0.000000
v 0.014438 0.209562 0.000000
v 0.014438 0.209549 0.000555
v 0.014438 0.209507 0.001108
v 0.014438 0.209437 0.001659
v 0.014438 0.209340 0.002206
v 0.014438 0.209216 0.002748
v 0.014438 0.209065 0.003283
v 0.014438 0.208887 0.003810
v 0.014438 0.208682 0.004327
v 0.014438 0.208452 0.004835
v 0.014438 0.208197 0.005331
v 0.014438 0.207917 0.005814
v 0.014438 0.207614 0.006282
v 0.014438 0.207287 0.006736
v 0.014438 0.206938 0.007174
v 0.014438 0.206567 0.007594
v 0.014438 0.206176 0.007996
v 0.014438 0.205765 0.008379
v 0.014438 0.205335 0.008741
v 0.014438 0.204888 0.009083
v 0.014438 0.204424 0.009402
v 0.014438 0.203944 0.009699
v 0.014438 0.203451 0.009973
v 0.014438 0.202944 0.010222
v 0.014438 0.202425 0.010447
v 0.014438 0.201895 0.010647
v 0.014438 0.201356 0.010821
v 0.014438 0.200809 0.010969
v 0.014438 0.200256 0.011091
v 0.014438 0.199697 0.011186
v 0.014438 0.199133 0.011254
v 0.014438 0.198567 0.011294
v 0.014438 0.198000 0.011308
v 0.014438 0.197433 0.011294
v 0.014438 0.196867 0.011254
v 0.014438 0.196303 0.011186
v 0.014438 0.195744 0.011091
v 0.014438 0.195191 0.010969
v 0.014438 0.194644 0.010821
v 0.014438 0.194105 0.010647
v 0.014438 0.193575 0.010447
v 0.014438 0.193056 0.010222
v 0.014438 0.192549 0.009973
v 0.014438 0.192056 0.009699
v 0.014438 0.191576 0.009402
v 0.014438 0.191112 0.009083
v 0.014438 0.190665 0.008741
v 0.014438 0.190235 0.008379
v 0.014438 0.189824 0.007996
v 0.014438 0.189433 0.007594
v 0.014438 0.189062 0.007174
v 0.014438 0.188713 0.006736
v 0.014438 0.188386 0.006282
v 0.014438 0.188083 0.005814
v 0.014438 0.187803 0.005331
v 0.014438 0.187548 0.004835
v 0.014438 0.187318 0.004327
v 0.014438 0.187113 0.003810
v 0.014438 0.186935 0.003283
v 0.014438 0.186784 0.002748
v 0.014438 0.186660 0.002206
v 0.014438 0.186563 0.001659
v 0.014438 0.186493 0.001108
v 0.014438 0.186451 0.000555
v 0.014438 0.186438 0.000000
v 0.014438 0.186451 -0.000555
v 0.014438 0.186493 -0.001108
v 0.014438 0.186563 -0.001659
v 0.014438 0.186660 -0.002206
v 0.014438 0.186784 -0.002748
v 0.014438 0.186935 -0.003283
v 0.014438 0.187113 -0.003810
v 0.014438 0.187318 -0.004327
v 0.014438 0.187548 -0.004835
v 0.014438 0.187803 -0.005331
v 0.014438 0.188083 -0.005814
v 0.014438 0.188386 -0.006282
v 0.014438 0.188713 -0.006736
v 0.014438 0.189062 -0.007174
v 0.014438 0.189433 -0.007594
v 0.014438 0.189824 -0.007996
v 0.014438 0.190235 -0.008379
v 0.014438 0.190665 -0.008741
v 0.014438 0.191112 -0.009083
v 0.014438 0.191576 -0.009402
v 0.014438 0.192056 -0.009699
v 0.014438 0.192549 -0.009973
v 0.014438 0.193056 -0.010222
v 0.014438 0.193575 -0.010447
v 0.014438 0.194105 -0.010647
v 0.014438 0.194644 -0.010821
v 0.014438 0.195191 -0.010969
v 0.014438 0.195744 -0.011091
v 0.014438 0.196303 -0.011186
v 0.014438 0.196867 -0.011254
v 0.014438 0.197433 -0.011295
v 0.014438 0.198000 -0.011308
v 0.014438 0.198567 -0.011295
v 0.014438 0.199133 -0.011254
v 0.014438 0.199697 -0.011186
v 0.014438 0.200256 -0.011091
v 0.014438 0.200809 -0.010969
v 0.014438 0.201356 -0.010821
v 0.014438 0.201895 -0.010647
v 0.014438 0.202425 -0.010447
v 0.014438 0.202944 -0.010222
v 0.014438 0.203451 -0.009973
v 0.014438 0.203944 -0.009699
v 0.014438 0.204424 -0.009402
v 0.014438 0.204888 -0.009083
v 0.014438 0.205335 -0.008741
v 0.014438 0.205765 -0.008379
v 0.014438 0.206176 -0.007996
v 0.014438 0.206567 -0.007594
v 0.014438 0.206938 -0.007174
v 0.014438 0.207287 -0.006736
v 0.014438 0.207614 -0.006282
v 0.014438 0.207917 -0.005814
v 0.014438 0.208197 -0.005331
v 0.014438 0.208452 -0.004835
v 0.014438 0.208682 -0.004327
v 0.014438 0.208887 -0.003810
v 0.014438 0.209065 -0.003283
v 0.014438 0.209216 -0.002748
v 0.014438 0.209340 -0.002206
v 0.014438 0.209437 -0.001659
v 0.014438 0.209507 -0.001108
v 0.014438 0.209549 -0.000555
v 0.014393 0.221125 0.000000
v 0.014393 0.221097 0.001110
v 0.014393 0.221014 0.002217
v 0.014393 0.220875 0.003318
v 0.014393 0.220681 0.004412
v 0.014393 0.220432 0.005495
v 0.014393 0.220129 0.006565
v 0.014393 0.219773 0.007619
v 0.014393 0.219365 0.008655
v 0.014393 0.218905 0.009670
v 0.014393 0.218394 0.010661
v 0.014393 0.217835 0.011627
v 0.014393 0.217228 0.012565
v 0.014393 0.216574 0.013472
v 0.014393 0.215876 0.014348
v 0.014393 0.215135 0.015188
v 0.014393 0.214352 0.015992
v 0.014393 0.213530 0.016758
v 0.014393 0.212670 0.017483
v 0.014393 0.211776 0.018166
v 0.014393 0.210848 0.018805
v 0.014393 0.209889 0.019399
v 0.014393 0.208901 0.019946
v 0.014393 0.207887 0.020445
v 0.014393 0.206850 0.020895
v 0.014393 0.205791 0.021294
v 0.014393 0.204713 0.021642
v 0.014393 0.203619 0.021938
v 0.014393 0.202511 0.022182
v 0.014393 0.201393 0.022371
v 0.014393 0.200267 0.022507
v 0.014393 0.199135 0.022589
v 0.014393 0.198000 0.022616
v 0.014393 0.196865 0.022589
v 0.014393 0.195733 0.022507
v 0.014393 0.194607 0.022371
v 0.014393 0.193489 0.022182
v 0.014393 0.192381 0.021938
v 0.014393 0.191287 0.021642
v 0.014393 0.190209 0.021294
v 0.014393 0.189150 0.020895
v 0.014393 0.188113 0.020445
v 0.014393 0.187099 0.019946
v 0.014393 0.186111 0.019399
v 0.014393 0.185152 0.018805
v 0.014393 0.184224 0.018166
v 0.014393 0.183330 0.017483
v 0.014393 0.182470 0.016758
v 0.014393 0.181648 0.015992
v 0.014393 0.180865 0.015188
v 0.014393 0.180124 0.014348
v 0.014393 0.179426 0.013472
v 0.014393 0.178772 0.012565
v 0.014393 0.178165 0.011627
v 0.014393 0.177606 0.010661
v 0.014393 0.177095 0.009670
v 0.014393 0.176635 0.008655
v 0.014393 0.176227 0.007619
v 0.014393 0.175871 0.006565
v 0.014393 0.175568 0.005495
v 0.014393 0.175319 0.004412
v 0.014393 0.175125 0.003318
v 0.014393 0.174986 0.002217
v 0.014393 0.174903 0.001110
v 0.014393 0.174875 0.000000
v 0.014393 0.174903 -0.001110
v 0.014393 0.174986 -0.002217
v 0.014393 0.175125 -0.003319
v 0.014393 0.175319 -0.004412
v 0.014393 0.175568 -0.005495
v 0.014393 0.175871 -0.006565
v 0.014393 0.176227 -0.007619
v 0.014393 0.176635 -0.008655
v 0.014393 0.177095 -0.009670
v 0.014393 0.177606 -0.010661
v 0.014393 0.178165 -0.011627
v 0.014393 0.178772 -0.012565
v 0.014393 0.179426 -0.013472
v 0.014393 0.180124 -0.014348
v 0.014393 0.180865 -0.015188
v 0.014393 0.181648 -0.015992
v 0.014393 0.182470 -0.016758
v 0.014393 0.183330 -0.017483
v 0.014393 0.184224 -0.018166
v 0.014393 0.185152 -0.018805
v 0.014393 0.186111 -0.019399
v 0.014393 0.187099 -0.019946
v 0.014393 0.188113 -0.020445
v 0.014393 0.189150 -0.020895
v 0.014393 0.190209 -0.021294
v 0.014393 0.191287 -0.021642
v 0.014393 0.192381 -0.021938
v 0.014393 0.193489 -0.022182
v 0.014393 0.194607 -0.022371
v 0.014393 0.195733 -0.022507
v 0.014393 0.196865 -0.022589
v 0.014393 0.198000 -0.022616
v 0.014393 0.199135 -0.022589
v 0.014393 0.200267 -0.022507
v 0.014393 0.201393 -0.022371
v 0.014393 0.202511 -0.022182
v 0.014393 0.203619 -0.021938
v 0.014393 0.204713 -0.021642
v 0.014393 0.205791 -0.021294
v 0.014393 0.206850 -0.020895
v 0.014393 0.207887 -0.020445
v 0.014393 0.208901 -0.019946
v 0.014393 0.209889 -0.019399
v 0.014393 0.210848 -0.018805
v 0.014393 0.211776 -0.018166
v 0.014393 0.212670 -0.017483
v 0.014393 0.213530 -0.016758
v 0.014393 0.214352 -0.015992
v 0.014393 0.215135 -0.015188
v 0.014393 0.215876 -0.014348
v 0.014393 0.216574 -0.013472
v 0.014393 0.217228 -0.012565
v 0.014393 0.217835 -0.011627
v 0.014393 0.218394 -0.010661
v 0.014393 0.218905 -0.009670
v 0.014393 0.219365 -0.008655
v 0.014393 0.219773 -0.007619
v 0.014393 0.220129 -0.006565
v 0.014393 0.220432 -0.005495
v 0.014393 0.220681 -0.004412
v 0.014393 0.220875 -0.003319
v 0.014393 0.221014 -0.002217
v 0.014393 0.221097 -0.001110
v 0.014318 0.232688 0.000000
v 0.014318 0.232646 0.001665
v 0.014318 0.232520 0.003325
v 0.014318 0.232312 0.004978
v 0.014318 0.232021 0.006618
v 0.014318 0.231648 0.008243
v 0.014318 0.231194 0.009848
v 0.014318 0.230660 0.011429
v 0.014318 0.230047 0.012982
v 0.014318 0.229357 0.014505
v 0.014318 0.228592 0.015992
v 0.014318 0.227752 0.017441
v 0.014318 0.226842 0.018847
v 0.014318 0.225861 0.020209
v 0.014318 0.224814 0.021521
v 0.014318 0.223702 0.022782
v 0.014318 0.222528 0.023988
v 0.014318 0.221295 0.025136
v 0.014318 0.220006 0.026224
v 0.014318 0.218663 0.027248
v 0.014318 0.217271 0.028207
v 0.014318 0.215833 0.029098
v 0.014318 0.214352 0.029919
v 0.014318 0.212831 0.030667
v 0.014318 0.211274 0.031342
v 0.014318 0.209686 0.031941
v 0.014318 0.208069 0.032464
v 0.014318 0.206428 0.032908
v 0.014318 0.204767 0.033273
v 0.014318 0.203090 0.033557
v 0.014318 0.201400 0.033761
v 0.014318 0.199702 0.033884
v 0.014318 0.198000 0.033924
v 0.014318 0.196298 0.033884
v 0.014318 0.194600 0.033761
v 0.014318 0.192910 0.033557
v 0.014318 0.191233 0.033273
v 0.014318 0.189572 0.032908
v 0.014318 0.187931 0.032464
v 0.014318 0.186314 0.031941
v 0.014318 0.184726 0.031342
v 0.014318 0.183169 0.030667
v 0.014318 0.181648 0.029919
v 0.014318 0.180167 0.029098
v 0.014318 0.178729 0.028207
v 0.014318 0.177337 0.027248
v 0.014318 0.175994 0.026224
v 0.014318 0.174705 0.025136
v 0.014318 0.173472 0.023988
v 0.014318 0.172298 0.022782
v 0.014318 0.171186 0.021521
v 0.014318 0.170139 0.020209
v 0.014318 0.169158 0.018847
v 0.014318 0.168248 0.017441
v 0.014318 0.167408 0.015992
v 0.014318 0.166643 0.014505
v 0.014318 0.165953 0.012982
v 0.014318 0.165340 0.011429
v 0.014318 0.164806 0.009848
v 0.014318 0.164352 0.008243
v 0.014318 0.163979 0.006618
v 0.014318 0.163688 0.004978
v 0.014318 0.163480 0.003325
v 0.014318 0.163354 0.001665
v 0.014318 0.163312 0.000000
v 0.014318 0.163354 -0.001665
v 0.014318 0.163480 -0.003325
v 0.014318 0.163688 -0.004978
v 0.014318 0.163979 -0.006618
v 0.014318 0.164352 -0.008243
v 0.014318 0.164806 -0.009848
v 0.014318 0.165340 -0.011429
v 0.014318 0.165953 -0.012982
v 0.014318 0.166643 -0.014505
v 0.014318 0.167408 -0.015992
v 0.014318 0.168248 -0.017441
v 0.014318 0.169158 -0.018847
v 0.014318 0.170139 -0.020209
v 0.014318 0.171186 -0.021521
v 0.014318 0.172298 -0.022782
v 0.014318 0.173472 -0.023988
v 0.014318 0.174705 -0.025136
v 0.014318 0.175994 -0.026224
v 0.014318 0.177337 -0.027248
v 0.014318 0.178729 -0.028207
v 0.014318 0.180167 -0.029098
v 0.014318 0.181648 -0.029919
v 0.014318 0.183169 -0.030667
v 0.014318 0.184726 -0.031342
v 0.014318 0.186314 -0.031941
v 0.014318 0.187931 -0.032464
v 0.014318 0.189572 -0.032908
v 0.014318 0.191233 -0.033273
v 0.014318 0.192910 -0.033557
v 0.014318 0.194600 -0.033761
v 0.014318 0.196298 -0.033884
v 0.014318 0.198000 -0.033924
v 0.014318 0.199702 -0.033884
v 0.014318 0.201400 -0.033761
v 0.014318 0.203090 -0.033557
v 0.014318 0.204767 -0.033273
v 0.014318 0.206428 -0.032908
v 0.014318 0.208069 -0.032464
v 0.014318 0.209686 -0.031941
v 0.014318 0.211274 -0.031342
v 0.014318 0.212831 -0.030667
v 0.014318 0.214352 -0.029919
v 0.014318 0.215833 -0.029098
v 0.014318 0.217271 -0.028207
v 0.014318 0.218663 -0.027248
v 0.014318 0.220006 -0.026224
v 0.014318 0.221295 -0.025136
v 0.014318 0.222528 -0.023988
v 0.014318 0.223702 -0.022782
v 0.014318 0.224814 -0.021521
v 0.014318 0.225861 -0.020209
v 0.014318 0.226842 -0.018847
v 0.014318 0.227752 -0.017441
v 0.014318 0.228592 -0.015992
v 0.014318 0.229357 -0.014505
v 0.014318 0.230047 -0.012982
v 0.014318 0.230660 -0.011429
v 0.014318 0.231194 -0.009848
v 0.014318 0.231648 -0.008243
v 0.014318 0.232021 -0.006618
v 0.014318 0.232312 -0.004978
v 0.014318 0.232520 -0.003325
v 0.014318 0.232646 -0.001665
v 0.014213 0.244250 0.000000
v 0.014213 0.244194 0.002219
v 0.014213 0.244027 0.004434
v 0.014213 0.243749 0.006637
v 0.014213 0.243361 0.008824
v 0.014213 0.242864 0.010991
v 0.014213 0.242258 0.013130
v 0.014213 0.241546 0.015238
v 0.014213 0.240729 0.017310
v 0.014213 0.239809 0.019339
v 0.014213 0.238789 0.021322
v 0.014213 0.237670 0.023254
v 0.014213 0.236455 0.025130
v 0.014213 0.235148 0.026945
v 0.014213 0.233752 0.028695
v 0.014213 0.232269 0.030376
v 0.014213 0.230704 0.031984
v 0.014213 0.229060 0.033515
v 0.014213 0.227341 0.034965
v 0.014213 0.225551 0.036331
v 0.014213 0.223695 0.037609
v 0.014213 0.221777 0.038797
v 0.014213 0.219802 0.039891
v 0.014213 0.217774 0.040890
v 0.014213 0.215699 0.041789
v 0.014213 0.213581 0.042588
v 0.014213 0.211426 0.043285
v 0.014213 0.209238 0.043877
v 0.014213 0.207023 0.044363
v 0.014213 0.204786 0.044743
v 0.014213 0.202533 0.045015
v 0.014213 0.200269 0.045178
v 0.014213 0.198000 0.045232
v 0.014213 0.195731 0.045178
v 0.014213 0.193467 0.045015
v 0.014213 0.191214 0.044743
v 0.014213 0.188977 0.044363
v 0.014213 0.186762 0.043877
v 0.014213 0.184574 0.043285
v 0.014213 0.182419 0.042588
v 0.014213 0.180301 0.041789
v 0.014213 0.178226 0.040890
v 0.014213 0.176198 0.039891
v 0.014213 0.174223 0.038797
v 0.014213 0.172305 0.037609
v 0.014213 0.170449 0.036331
v 0.014213 0.168659 0.034965
v 0.014213 0.166940 0.033515
v 0.014213 0.165296 0.031984
v 0.014213 0.163731 0.030376
v 0.014213 0.162248 0.028695
v 0.014213 0.160852 0.026945
v 0.014213 0.159545 0.025130
v 0.014213 0.158330 0.023254
v 0.014213 0.157211 0.021322
v 0.014213 0.156190 0.019339
v 0.014213 0.155271 0.017310
v 0.014213 0.154454 0.015238
v 0.014213 0.153742 0.013130
v 0.014213 0.153136 0.010991
v 0.014213 0.152639 0.008824
v 0.014213 0.152251 0.006637
v 0.014213 0.151973 0.004434
v 0.014213 0.151806 0.002219
v 0.014213 0.151750 0.000000
v 0.014213 0.151806 -0.002219
v 0.014213 0.151973 -0.004434
v 0.014213 0.152251 -0.006637
v 0.014213 0.152639 -0.008824
v 0.014213 0.153136 -0.010991
v 0.014213 0.153742 -0.013130
v 0.014213 0.154454 -0.015238
v 0.014213 0.155271 -0.017310
v 0.014213 0.156190 -0.019339
v 0.014213 0.157211 -0.021322
v 0.014213 0.158330 -0.023254
v 0.014213 0.159545 -0.025130
v 0.014213 0.160852 -0.026945
v 0.014213 0.162248 -0.028695
v 0.014213 0.163731 -0.030376
v 0.014213 0.165296 -0.031984
v 0.014213 0.166940 -0.033515
v 0.014213 0.168659 -0.034965
v 0.014213 0.170449 -0.036331
v 0.014213 0.172305 -0.037609
v 0.014213 0.174223 -0.038797
v 0.014213 0.176198 -0.039892
v 0.014213 0.178226 -0.040890
v 0.014213 0.180301 -0.041789
v 0.014213 0.182419 -0.042588
v 0.014213 0.184574 -0.043285
v 0.014213 0.186762 -0.043877
v 0.014213 0.188977 -0.044363
v 0.014213 0.191214 -0.044743
v 0.014213 0.193467 -0.045015
v 0.014213 0.195731 -0.045178
v 0.014213 0.198000 -0.045233
v 0.014213 0.200269 -0.045178
v 0.014213 0.202533 -0.045015
v 0.014213 0.204786 -0.044743
v 0.014213 0.207023 -0.044363
v 0.014213 0.209238 -0.043877
v 0.014213 0.211426 -0.043285
v 0.014213 0.213581 -0.042588
v 0.014213 0.215699 -0.041789
v 0.014213 0.217774 -0.040890
v 0.014213 0.219802 -0.039892
v 0.014213 0.221777 -0.038797
v 0.014213 0.223695 -0.037609
v 0.014213 0.225551 -0.036331
v 0.014213 0.227341 -0.034965
v 0.014213 0.229060 -0.033515
v 0.014213 0.230704 -0.031984
v 0.014213 0.232269 -0.030376
v 0.014213 0.233752 -0.028695
v 0.014213 0.235148 -0.026945
v 0.014213 0.236455 -0.025130
v 0.014213 0.237670 -0.023254
v 0.014213 0.238789 -0.021322
v 0.014213 0.239809 -0.019339
v 0.014213 0.240729 -0.017310
v 0.014213 0.241546 -0.015238
v 0.014213 0.242258 -0.013130
v 0.014213 0.242864 -0.010991
v 0.014213 0.243361 -0.008824
v 0.014213 0.243749 -0.006637
v 0.014213 0.244027 -0.004434
v 0.014213 0.244194 -0.002219
v 0.014079 0.255812 0.000000
v 0.014079 0.255743 0.002774
v 0.014079 0.255534 0.005542
v 0.014079 0.255187 0.008296
v 0.014079 0.254702 0.011031
v 0.014079 0.254080 0.013738
v 0.014079 0.253323 0.016413
v 0.014079 0.252433 0.019048
v 0.014079 0.251412 0.021637
v 0.014079 0.250262 0.024174
v 0.014079 0.248986 0.026653
v 0.014079 0.247587 0.029068
v 0.014079 0.246069 0.031412
v 0.014079 0.244435 0.033681
v 0.014079 0.242690 0.035869
v 0.014079 0.240836 0.037970
v 0.014079 0.238880 0.039980
v 0.014079 0.236824 0.041894
v 0.014079 0.234676 0.043706
v 0.014079 0.232439 0.045414
v 0.014079 0.230119 0.047012
v 0.014079 0.227722 0.048496
v 0.014079 0.225253 0.049864
v 0.014079 0.222718 0.051112
v 0.014079 0.220124 0.052237
v 0.014079 0.217476 0.053235
v 0.014079 0.214782 0.054106
v 0.014079 0.212047 0.054846
v 0.014079 0.209279 0.055454
v 0.014079 0.206483 0.055929
v 0.014079 0.203667 0.056268
v 0.014079 0.200837 0.056473
v 0.014079 0.198000 0.056541
v 0.014079 0.195163 0.056473
v 0.014079 0.192333 0.056268
v 0.014079 0.189517 0.055929
v 0.014079 0.186721 0.055454
v 0.014079 0.183953 0.054846
v 0.014079 0.181218 0.054106
v 0.014079 0.178524 0.053235
v 0.014079 0.175876 0.052237
v 0.014079 0.173282 0.051112
v 0.014079 0.170747 0.049864
v 0.014079 0.168278 0.048496
v 0.014079 0.165881 0.047012
v 0.014079 0.163561 0.045414
v 0.014079 0.161324 0.043706
v 0.014079 0.159176 0.041894
v 0.014079 0.157120 0.039980
v 0.014079 0.155164 0.037970
v 0.014079 0.153310 0.035869
v 0.014079 0.151565 0.033681
v 0.014079 0.149931 0.031412
v 0.014079 0.148413 0.029068
v 0.014079 0.147014 0.026653
v 0.014079 0.145738 0.024174
v 0.014079 0.144588 0.021637
v 0.014079 0.143567 0.019048
v 0.014079 0.142677 0.016413
v 0.014079 0.141920 0.013738
v 0.014079 0.141298 0.011031
v 0.014079 0.140813 0.008296
v 0.014079 0.140466 0.005542
v 0.014079 0.140257 0.002774
v 0.014079 0.140188 0.000000
v 0.014079 0.140257 -0.002774
v 0.014079 0.140466 -0.005542
v 0.014079 0.140813 -0.008296
v 0.014079 0.141298 -0.011031
v 0.014079 0.141920 -0.013738
v 0.014079 0.142677 -0.016413
v 0.014079 0.143567 -0.019048
v 0.014079 0.144588 -0.021637
v 0.014079 0.145738 -0.024174
v 0.014079 0.147014 -0.026653
v 0.014079 0.148413 -0.029068
v 0.014079 0.149931 -0.031412
v 0.014079 0.151565 -0.033681
v 0.014079 0.153310 -0.035869
v 0.014079 0.155164 -0.037970
v 0.014079 0.157120 -0.039980
v 0.014079 0.159176 -0.041894
v 0.014079 0.161324 -0.043707
v 0.014079 0.163561 -0.045414
v 0.014079 0.165881 -0.047012
v 0.014079 0.168278 -0.048497
v 0.014079 0.170747 -0.049864
v 0.014079 0.173282 -0.051112
v 0.014079 0.175876 -0.052237
v 0.014079 0.178524 -0.053236
v 0.014079 0.181218 -0.054106
v 0.014079 0.183953 -0.054846
v 0.014079 0.186721 -0.055454
v 0.014079 0.189517 -0.055929
v 0.014079 0.192333 -0.056268
v 0.014079 0.195163 -0.056473
v 0.014079 0.198000 -0.056541
v 0.014079 0.200837 -0.056473
v 0.014079 0.203667 -0.056268
v 0.014079 0.206483 -0.055929
v 0.014079 0.209279 -0.055454
v 0.014079 0.212047 -0.054846
v 0.014079 0.214782 -0.054106
v 0.014079 0.217476 -0.053236
v 0.014079 0.220124 -0.052237
v 0.014079 0.222718 -0.051112
v 0.014079 0.225253 -0.049864
v 0.014079 0.227722 -0.048497
v 0.014079 0.230119 -0.047012
v 0.014079 0.232439 -0.045414
v 0.014079 0.234676 -0.043707
v 0.014079 0.236824 -0.041894
v 0.014079 0.238880 -0.039980
v 0.014079 0.240836 -0.037970
v 0.014079 0.242690 -0.035869
v 0.014079 0.244435 -0.033681
v 0.014079 0.246069 -0.031412
v 0.014079 0.247587 -0.029068
v 0.014079 0.248986 -0.026653
v 0.014079 0.250262 -0.024174
v 0.014079 0.251412 -0.021637
v 0.014079 0.252433 -0.019048
v 0.014079 0.253323 -0.016413
v 0.014079 0.254080 -0.013738
v 0.014079 0.254702 -0.011031
v 0.014079 0.255187 -0.008296
v 0.014079 0.255534 -0.005542
v 0.014079 0.255743 -0.002774
v 0.013914 0.267375 0.000000
v 0.013914 0.267291 0.003329
v 0.013914 0.267041 0.006650
v 0.013914 0.266624 0.009955
v 0.013914 0.266042 0.013237
v 0.013914 0.265296 0.016486
v 0.013914 0.264388 0.019695
v 0.013914 0.263320 0.022858
v 0.013914 0.262094 0.025965
v 0.013914 0.260714 0.029009
v 0.013914 0.259183 0.031984
v 0.013914 0.257505 0.034881
v 0.013914 0.255683 0.037695
v 0.013914 0.253723 0.040417
v 0.013914 0.251628 0.043043
v 0.013914 0.249403 0.045564
v 0.013914 0.247056 0.047976
v 0.013914 0.244589 0.050273
v 0.013914 0.242011 0.052448
v 0.013914 0.239327 0.054497
v 0.013914 0.236543 0.056414
v 0.013914 0.233666 0.058196
v 0.013914 0.230703 0.059837
v 0.013914 0.227662 0.061335
v 0.013914 0.224549 0.062684
v 0.013914 0.221372 0.063883
v 0.013914 0.218139 0.064927
v 0.013914 0.214857 0.065815
v 0.013914 0.211534 0.066545
v 0.013914 0.208179 0.067114
v 0.013914 0.204800 0.067522
v 0.013914 0.201404 0.067767
v 0.013914 0.198000 0.067849
v 0.013914 0.194596 0.067767
v 0.013914 0.191200 0.067522
v 0.013914 0.187821 0.067114
v 0.013914 0.184466 0.066545
v 0.013914 0.181143 0.065815
v 0.013914 0.177861 0.064927
v 0.013914 0.174628 0.063883
v 0.013914 0.171451 0.062684
v 0.013914 0.168338 0.061335
v 0.013914 0.165297 0.059837
v 0.013914 0.162334 0.058196
v 0.013914 0.159457 0.056414
v 0.013914 0.156673 0.054497
v 0.013914 0.153989 0.052448
v 0.013914 0.151411 0.050273
v 0.013914 0.148944 0.047976
v 0.013914 0.146597 0.045564
v 0.013914 0.144372 0.043043
v 0.013914 0.142277 0.040417
v 0.013914 0.140317 0.037695
v 0.013914 0.138495 0.034881
v 0.013914 0.136817 0.031984
v 0.013914 0.135286 0.029009
v 0.013914 0.133906 0.025965
v 0.013914 0.132680 0.022858
v 0.013914 0.131612 0.019695
v 0.013914 0.130704 0.016486
v 0.013914 0.129958 0.013237
v 0.013914 0.129376 0.009955
v 0.013914 0.128959 0.006650
v 0.013914 0.128709 0.003329
v 0.013914 0.128625 0.000000
v 0.013914 0.128709 -0.003329
v 0.013914 0.128959 -0.006650
v 0.013914 0.129376 -0.009955
v 0.013914 0.129958 -0.013237
v 0.013914 0.130704 -0.016486
v 0.013914 0.131612 -0.019695
v 0.013914 0.132680 -0.022858
v 0.013914 0.133906 -0.025965
v 0.013914 0.135286 -0.029009
v 0.013914 0.136817 -0.031984
v 0.013914 0.138495 -0.034881
v 0.013914 0.140317 -0.037695
v 0.013914 0.142277 -0.040417
v 0.013914 0.144372 -0.043043
v 0.013914 0.146597 -0.045564
v 0.013914 0.148944 -0.047976
v 0.013914 0.151411 -0.050273
v 0.013914 0.153989 -0.052448
v 0.013914 0.156673 -0.054497
v 0.013914 0.159457 -0.056414
v 0.013914 0.162334 -0.058196
v 0.013914 0.165297 -0.059837
v 0.013914 0.168338 -0.061335
v 0.013914 0.171451 -0.062684
v 0.013914 0.174628 -0.063883
v 0.013914 0.177861 -0.064927
v 0.013914 0.181143 -0.065815
v 0.013914 0.184466 -0.066545
v 0.013914 0.187821 -0.067114
v 0.013914 0.191200 -0.067522
v 0.013914 0.194596 -0.067767
v 0.013914 0.198000 -0.067849
v 0.013914 0.201404 -0.067767
v 0.013914 0.204800 -0.067522
v 0.013914 0.208179 -0.067114
v 0.013914 0.211534 -0.066545
v 0.013914 0.214857 -0.065815
v 0.013914 0.218139 -0.064927
v 0.013914 0.221372 -0.063883
v 0.013914 0.224549 -0.062684
v 0.013914 0.227662 -0.061335
v 0.013914 0.230703 -0.059837
v 0.013914 0.233666 -0.058196
v 0.013914 0.236543 -0.056414
v 0.013914 0.239327 -0.054497
v 0.013914 0.242011 -0.052448
v 0.013914 0.244589 -0.050273
v 0.013914 0.247056 -0.047976
v 0.013914 0.249403 -0.045564
v 0.013914 0.251628 -0.043043
v 0.013914 0.253723 -0.040417
v 0.013914 0.255683 -0.037695
v 0.013914 0.257505 -0.034881
v 0.013914 0.259183 -0.031984
v 0.013914 0.260714 -0.029009
v 0.013914 0.262094 -0.025965
v 0.013914 0.263320 -0.022858
v 0.013914 0.264388 -0.019695
v 0.013914 0.265296 -0.016486
v 0.013914 0.266042 -0.013237
v 0.013914 0.266624 -0.009955
v 0.013914 0.267041 -0.006650
v 0.013914 0.267291 -0.003329
v 0.013720 0.278937 0.000000
v 0.013720 0.278840 0.003884
v 0.013720 0.278548 0.007759
v 0.013720 0.278061 0.011615
v 0.013720 0.277382 0.015443
v 0.013720 0.276512 0.019234
v 0.013720 0.275452 0.022978
v 0.013720 0.274206 0.026667
v 0.013720 0.272776 0.030292
v 0.013720 0.271167 0.033844
v 0.013720 0.269381 0.037314
v 0.013720 0.267422 0.040695
v 0.013720 0.265297 0.043977
v 0.013720 0.263010 0.047154
v 0.013720 0.260566 0.050217
v 0.013720 0.257971 0.053158
v 0.013720 0.255231 0.055972
v 0.013720 0.252354 0.058651
v 0.013720 0.249346 0.061189
v 0.013720 0.246214 0.063579
v 0.013720 0.242966 0.065817
v 0.013720 0.239610 0.067895
v 0.013720 0.236154 0.069810
v 0.013720 0.232605 0.071557
v 0.013720 0.228973 0.073131
v 0.013720 0.225267 0.074530
v 0.013720 0.221495 0.075748
v 0.013720 0.217666 0.076785
v 0.013720 0.213790 0.077636
v 0.013720 0.209876 0.078300
v 0.013720 0.205933 0.078776
v 0.013720 0.201971 0.079062
v 0.013720 0.198000 0.079157
v 0.013720 0.194029 0.079062
v 0.013720 0.190067 0.078776
v 0.013720 0.186124 0.078300
v 0.013720 0.182210 0.077636
v 0.013720 0.178334 0.076785
v 0.013720 0.174505 0.075748
v 0.013720 0.170733 0.074530
v 0.013720 0.167027 0.073131
v 0.013720 0.163395 0.071557
v 0.013720 0.159846 0.069810
v 0.013720 0.156390 0.067895
v 0.013720 0.153034 0.065817
v 0.013720 0.149786 0.063579
v 0.013720 0.146654 0.061189
v 0.013720 0.143646 0.058651
v 0.013720 0.140769 0.055972
v 0.013720 0.138029 0.053158
v 0.013720 0.135434 0.050217
v 0.013720 0.132990 0.047154
v 0.013720 0.130703 0.043977
v 0.013720 0.128578 0.040695
v 0.013720 0.126619 0.037314
v 0.013720 0.124833 0.033844
v 0.013720 0.123223 0.030292
v 0.013720 0.121794 0.026667
v 0.013720 0.120548 0.022978
v 0.013720 0.119488 0.019234
v 0.013720 0.118618 0.015443
v 0.013720 0.117939 0.011615
v 0.013720 0.117452 0.007759
v 0.013720 0.117160 0.003884
v 0.013720 0.117063 0.000000
v 0.013720 0.117160 -0.003884
v 0.013720 0.117452 -0.007759
v 0.013720 0.117939 -0.011615
v 0.013720 0.118618 -0.015443
v 0.013720 0.119488 -0.019234
v 0.013720 0.120548 -0.022978
v 0.013720 0.121794 -0.026667
v 0.013720 0.123223 -0.030292
v 0.013720 0.124833 -0.033844
v 0.013720 0.126619 -0.037314
v 0.013720 0.128578 -0.040695
v 0.013720 0.130703 -0.043977
v 0.013720 0.132990 -0.047154
v 0.013720 0.135434 -0.050217
v 0.013720 0.138029 -0.053159
v 0.013720 0.140769 -0.055972
v 0.013720 0.143646 -0.058651
v 0.013720 0.146654 -0.061189
v 0.013720 0.149786 -0.063579
v 0.013720 0.153034 -0.065817
v 0.013720 0.156390 -0.067895
v 0.013720 0.159846 -0.069810
v 0.013720 0.163395 -0.071557
v 0.013720 0.167027 -0.073131
v 0.013720 0.170733 -0.074530
v 0.013720 0.174505 -0.075748
v 0.013720 0.178334 -0.076785
v 0.013720 0.182210 -0.077636
v 0.013720 0.186124 -0.078300
v 0.013720 0.190067 -0.078776
v 0.013720 0.194029 -0.079062
v 0.013720 0.198000 -0.079157
v 0.013720 0.201971 -0.079062
v 0.013720 0.205933 -0.078776
v 0.013720 0.209876 -0.078300
v 0.013720 0.213790 -0.077636
v 0.013720 0.217666 -0.076785
v 0.013720 0.221495 -0.075748
v 0.013720 0.225267 -0.074530
v 0.013720 0.228973 -0.073131
v 0.013720 0.232605 -0.071557
v 0.013720 0.236154 -0.069810
v 0.013720 0.239610 -0.067895
v 0.013720 0.242966 -0.065817
v 0.013720 0.246214 -0.063579
v 0.013720 0.249346 -0.061189
v 0.013720 0.252354 -0.058651
v 0.013720 0.255231 -0.055972
v 0.013720 0.257971 -0.053159
v 0.013720 0.260566 -0.050217
v 0.013720 0.263010 -0.047154
v 0.013720 0.265297 -0.043977
v 0.013720 0.267422 -0.040695
v 0.013720 0.269381 -0.037314
v 0.013720 0.271167 -0.033844
v 0.013720 0.272776 -0.030292
v 0.013720 0.274206 -0.026667
v 0.013720 0.275452 -0.022978
v 0.013720 0.276512 -0.019234
v 0.013720 0.277382 -0.015443
v 0.013720 0.278061 -0.011615
v 0.013720 0.278548 -0.007759
v 0.013720 0.278840 -0.003884
v 0.013495 0.290500 0.000000
v 0.013495 0.290389 0.004439
v 0.013495 0.290055 0.008867
v 0.013495 0.289499 0.013274
v 0.013495 0.288723 0.017649
v 0.013495 0.287728 0.021981
v 0.013495 0.286517 0.026261
v 0.013495 0.285093 0.030477
v 0.013495 0.283459 0.034619
v 0.013495 0.281619 0.038679
v 0.013495 0.279578 0.042645
v 0.013495 0.277340 0.046508
v 0.013495 0.274911 0.050260
v 0.013495 0.272297 0.053890
v 0.013495 0.269503 0.057390
v 0.013495 0.266538 0.060753
v 0.013495 0.263407 0.063968
v 0.013495 0.260119 0.067030
v 0.013495 0.256681 0.069930
v 0.013495 0.253102 0.072662
v 0.013495 0.249390 0.075219
v 0.013495 0.245555 0.077594
v 0.013495 0.241604 0.079783
v 0.013495 0.237549 0.081779
v 0.013495 0.233398 0.083579
v 0.013495 0.229162 0.085177
v 0.013495 0.224851 0.086570
v 0.013495 0.220476 0.087754
v 0.013495 0.216046 0.088727
v 0.013495 0.211573 0.089486
v 0.013495 0.207067 0.090029
v 0.013495 0.202539 0.090356
v 0.013495 0.198000 0.090465
v 0.013495 0.193461 0.090356
v 0.013495 0.188933 0.090029
v 0.013495 0.184427 0.089486
v 0.013495 0.179954 0.088727
v 0.013495 0.175524 0.087754
v 0.013495 0.171149 0.086570
v 0.013495 0.166838 0.085177
v 0.013495 0.162602 0.083579
v 0.013495 0.158451 0.081779
v 0.013495 0.154396 0.079783
v 0.013495 0.150445 0.077594
v 0.013495 0.146610 0.075219
v 0.013495 0.142898 0.072662
v 0.013495 0.139319 0.069930
v 0.013495 0.135881 0.067030
v 0.013495 0.132593 0.063968
v 0.013495 0.129462 0.060753
v 0.013495 0.126497 0.057390
v 0.013495 0.123703 0.053890
v 0.013495 0.121089 0.050260
v 0.013495 0.118660 0.046508
v 0.013495 0.116422 0.042645
v 0.013495 0.114381 0.038679
v 0.013495 0.112541 0.034619
v 0.013495 0.110907 0.030477
v 0.013495 0.109483 0.026261
v 0.013495 0.108272 0.021981
v 0.013495 0.107277 0.017649
v 0.013495 0.106501 0.013274
v 0.013495 0.105945 0.008867
v 0.013495 0.105611 0.004439
v 0.013495 0.105500 0.000000
v 0.013495 0.105611 -0.004439
v 0.013495 0.105945 -0.008867
v 0.013495 0.106501 -0.013274
v 0.013495 0.107277 -0.017649
v 0.013495 0.108272 -0.021981
v 0.013495 0.109483 -0.026261
v 0.013495 0.110907 -0.030477
v 0.013495 0.112541 -0.034619
v 0.013495 0.114381 -0.038679
v 0.013495 0.116422 -0.042645
v 0.013495 0.118660 -0.046508
v 0.013495 0.121089 -0.050260
v 0.013495 0.123703 -0.053890
v 0.013495 0.126497 -0.057390
v 0.013495 0.129462 -0.060753
v 0.013495 0.132593 -0.063968
v 0.013495 0.135881 -0.067030
v 0.013495 0.139319 -0.069930
v 0.013495 0.142898 -0.072662
v 0.013495 0.146610 -0.075219
v 0.013495 0.150445 -0.077594
v 0.013495 0.154396 -0.079783
v 0.013495 0.158451 -0.081779
v 0.013495 0.162602 -0.083579
v 0.013495 0.166838 -0.085177
v 0.013495 0.171149 -0.086570
v 0.013495 0.175524 -0.087754
v 0.013495 0.179954 -0.088727
v 0.013495 0.184427 -0.089486
v 0.013495 0.188933 -0.090029
v 0.013495 0.193461 -0.090356
v 0.013495 0.198000 -0.090465
v 0.013495 0.202539 -0.090356
v 0.013495 0.207067 -0.090029
v 0.013495 0.211573 -0.089486
v 0.013495 0.216046 -0.088727
v 0.013495 0.220476 -0.087754
v 0.013495 0.224851 -0.086570
v 0.013495 0.229162 -0.085177
v 0.013495 0.233398 -0.083579
v 0.013495 0.237549 -0.081779
v 0.013495 0.241604 -0.079783
v 0.013495 0.245555 -0.077594
v 0.013495 0.249390 -0.075219
v 0.013495 0.253102 -0.072662
v 0.013495 0.256681 -0.069930
v 0.013495 0.260119 -0.067030
v 0.013495 0.263407 -0.063968
v 0.013495 0.266538 -0.060753
v 0.013495 0.269503 -0.057390
v 0.013495 0.272297 -0.053890
v 0.013495 0.274911 -0.050260
v 0.013495 0.277340 -0.046508
v 0.013495 0.279578 -0.042645
v 0.013495 0.281619 -0.038679
v 0.013495 0.283459 -0.034619
v 0.013495 0.285093 -0.030477
v 0.013495 0.286517 -0.026261
v 0.013495 0.287728 -0.021981
v 0.013495 0.288723 -0.017649
v 0.013495 0.289499 -0.013274
v 0.013495 0.290055 -0.008867
v 0.013495 0.290389 -0.004439
v 0.013241 0.302063 0.000000
v 0.013241 0.301937 0.004994
v 0.013241 0.301561 0.009975
v 0.013241 0.300936 0.014933
v 0.013241 0.300063 0.019855
v 0.013241 0.298944 0.024729
v 0.013241 0.297582 0.029543
v 0.013241 0.295979 0.034286
v 0.013241 0.294141 0.038947
v 0.013241 0.292071 0.043514
v 0.013241 0.289775 0.047976
v 0.013241 0.287257 0.052322
v 0.013241 0.284525 0.056542
v 0.013241 0.281584 0.060626
v 0.013241 0.278441 0.064564
v 0.013241 0.275105 0.068347
v 0.013241 0.271583 0.071964
v 0.013241 0.267884 0.075409
v 0.013241 0.264017 0.078672
v 0.013241 0.259990 0.081745
v 0.013241 0.255814 0.084621
v 0.013241 0.251499 0.087294
v 0.013241 0.247055 0.089756
v 0.013241 0.242492 0.092002
v 0.013241 0.237823 0.094026
v 0.013241 0.233058 0.095824
v 0.013241 0.228208 0.097391
v 0.013241 0.223285 0.098723
v 0.013241 0.218302 0.099818
v 0.013241 0.213269 0.100672
v 0.013241 0.208200 0.101283
v 0.013241 0.203106 0.101651
v 0.013241 0.198000 0.101773
v 0.013241 0.192894 0.101651
v 0.013241 0.187800 0.101283
v 0.013241 0.182731 0.100672
v 0.013241 0.177698 0.099818
v 0.013241 0.172715 0.098723
v 0.013241 0.167792 0.097391
v 0.013241 0.162942 0.095824
v 0.013241 0.158177 0.094026
v 0.013241 0.153508 0.092002
v 0.013241 0.148945 0.089756
v 0.013241 0.144501 0.087294
v 0.013241 0.140186 0.084621
v 0.013241 0.136010 0.081745
v 0.013241 0.131983 0.078672
v 0.013241 0.128116 0.075409
v 0.013241 0.124417 0.071964
v 0.013241 0.120895 0.068347
v 0.013241 0.117559 0.064564
v 0.013241 0.114416 0.060626
v 0.013241 0.111475 0.056542
v 0.013241 0.108743 0.052322
v 0.013241 0.106225 0.047976
v 0.013241 0.103929 0.043514
v 0.013241 0.101859 0.038947
v 0.013241 0.100021 0.034286
v 0.013241 0.098418 0.029543
v 0.013241 0.097056 0.024729
v 0.013241 0.095937 0.019855
v 0.013241 0.095064 0.014933
v 0.013241 0.094439 0.009975
v 0.013241 0.094063 0.004994
v 0.013241 0.093938 0.000000
v 0.013241 0.094063 -0.004994
v 0.013241 0.094439 -0.009976
v 0.013241 0.095064 -0.014933
v 0.013241 0.095937 -0.019855
v 0.013241 0.097056 -0.024729
v 0.013241 0.098418 -0.029543
v 0.013241 0.100021 -0.034286
v 0.013241 0.101859 -0.038947
v 0.013241 0.103929 -0.043514
v 0.013241 0.106225 -0.047976
v 0.013241 0.108743 -0.052322
v 0.013241 0.111475 -0.056542
v 0.013241 0.114416 -0.060626
v 0.013241 0.117559 -0.064564
v 0.013241 0.120895 -0.068347
v 0.013241 0.124417 -0.071964
v 0.013241 0.128116 -0.075409
v 0.013241 0.131983 -0.078672
v 0.013241 0.136010 -0.081745
v 0.013241 0.140186 -0.084621
v 0.013241 0.144501 -0.087294
v 0.013241 0.148945 -0.089756
v 0.013241 0.153508 -0.092002
v 0.013241 0.158177 -0.094026
v 0.013241 0.162942 -0.095824
v 0.013241 0.167792 -0.097391
v 0.013241 0.172715 -0.098723
v 0.013241 0.177698 -0.099818
v 0.013241 0.182731 -0.100672
v 0.013241 0.187800 -0.101283
v 0.013241 0.192894 -0.101651
v 0.013241 0.198000 -0.101773
v 0.013241 0.203106 -0.101651
v 0.013241 0.208200 -0.101283
v 0.013241 0.213269 -0.100672
v 0.013241 0.218302 -0.099818
v 0.013241 0.223285 -0.098723
v 0.013241 0.228208 -0.097391
v 0.013241 0.233058 -0.095824
v 0.013241 0.237823 -0.094026
v 0.013241 0.242492 -0.092002
v 0.013241 0.247055 -0.089756
v 0.013241 0.251499 -0.087294
v 0.013241 0.255814 -0.084621
v 0.013241 0.259990 -0.081745
v 0.013241 0.264017 -0.078672
v 0.013241 0.267884 -0.075409
v 0.013241 0.271583 -0.071964
v 0.013241 0.275105 -0.068347
v 0.013241 0.278441 -0.064564
v 0.013241 0.281584 -0.060626
v 0.013241 0.284525 -0.056542
v 0.013241 0.287257 -0.052322
v 0.013241 0.289775 -0.047976
v 0.013241 0.292071 -0.043514
v 0.013241 0.294141 -0.038947
v 0.013241 0.295979 -0.034286
v 0.013241 0.297582 -0.029543
v 0.013241 0.298944 -0.024729
v 0.013241 0.300063 -0.019855
v 0.013241 0.300936 -0.014933
v 0.013241 0.301561 -0.009976
v 0.013241 0.301937 -0.004994
v 0.012957 0.313625 0.000000
v 0.012957 0.313486 0.005549
v 0.012957 0.313068 0.011084
v 0.012957 0.312374 0.016592
v 0.012957 0.311403 0.022061
v 0.012957 0.310160 0.027476
v 0.012957 0.308646 0.032826
v 0.012957 0.306866 0.038096
v 0.012957 0.304824 0.043274
v 0.012957 0.302524 0.048348
v 0.012957 0.299972 0.053306
v 0.012957 0.297175 0.058135
v 0.012957 0.294139 0.062825
v 0.012957 0.290871 0.067362
v 0.012957 0.287379 0.071738
v 0.012957 0.283672 0.075941
v 0.012957 0.279759 0.079960
v 0.012957 0.275649 0.083788
v 0.012957 0.271352 0.087413
v 0.012957 0.266878 0.090828
v 0.012957 0.262238 0.094024
v 0.012957 0.257443 0.096993
v 0.012957 0.252505 0.099729
v 0.012957 0.247436 0.102224
v 0.012957 0.242248 0.104473
v 0.012957 0.236953 0.106471
v 0.012957 0.231564 0.108212
v 0.012957 0.226095 0.109692
v 0.012957 0.220557 0.110908
v 0.012957 0.214966 0.111857
v 0.012957 0.209333 0.112537
v 0.012957 0.203673 0.112945
v 0.012957 0.198000 0.113081
v 0.012957 0.192327 0.112945
v 0.012957 0.186667 0.112537
v 0.012957 0.181034 0.111857
v 0.012957 0.175443 0.110908
v 0.012957 0.169905 0.109692
v 0.012957 0.164436 0.108212
v 0.012957 0.159047 0.106471
v 0.012957 0.153752 0.104473
v 0.012957 0.148564 0.102224
v 0.012957 0.143495 0.099729
v 0.012957 0.138557 0.096993
v 0.012957 0.133762 0.094024
v 0.012957 0.129122 0.090828
v 0.012957 0.124648 0.087413
v 0.012957 0.120351 0.083788
v 0.012957 0.116241 0.079960
v 0.012957 0.112328 0.075941
v 0.012957 0.108621 0.071738
v 0.012957 0.105129 0.067362
v 0.012957 0.101861 0.062825
v 0.012957 0.098825 0.058135
v 0.012957 0.096028 0.053306
v 0.012957 0.093476 0.048348
v 0.012957 0.091176 0.043274
v 0.012957 0.089134 0.038096
v 0.012957 0.087354 0.032826
v 0.012957 0.085840 0.027476
v 0.012957 0.084597 0.022061
v 0.012957 0.083626 0.016592
v 0.012957 0.082932 0.011084
v 0.012957 0.082514 0.005549
v 0.012957 0.082375 0.000000
v 0.012957 0.082514 -0.005549
v 0.012957 0.082932 -0.011084
v 0.012957 0.083626 -0.016592
v 0.012957 0.084597 -0.022061
v 0.012957 0.085840 -0.027477
v 0.012957 0.087354 -0.032826
v 0.012957 0.089134 -0.038096
v 0.012957 0.091176 -0.043274
v 0.012957 0.093476 -0.048348
v 0.012957 0.096028 -0.053306
v 0.012957 0.098825 -0.058135
v 0.012957 0.101861 -0.062825
v 0.012957 0.105129 -0.067362
v 0.012957 0.108621 -0.071738
v 0.012957 0.112328 -0.075941
v 0.012957 0.116241 -0.079961
v 0.012957 0.120351 -0.083788
v 0.012957 0.124648 -0.087413
v 0.012957 0.129122 -0.090828
v 0.012957 0.133762 -0.094024
v 0.012957 0.138557 -0.096993
v 0.012957 0.143495 -0.099729
v 0.012957 0.148564 -0.102224
v 0.012957 0.153752 -0.104473
v 0.012957 0.159047 -0.106471
v 0.012957 0.164436 -0.108212
v 0.012957 0.169905 -0.109692
v 0.012957 0.175443 -0.110908
v 0.012957 0.181034 -0.111857
v 0.012957 0.186667 -0.112537
v 0.012957 0.192327 -0.112945
v 0.012957 0.198000 -0.113081
v 0.012957 0.203673 -0.112945
v 0.012957 0.209333 -0.112537
v 0.012957 0.214966 -0.111857
v 0.012957 0.220557 -0.110908
v 0.012957 0.226095 -0.109692
v 0.012957 0.231564 -0.108212
v 0.012957 0.236953 -0.106471
v 0.012957 0.242248 -0.104473
v 0.012957 0.247436 -0.102224
v 0.012957 0.252505 -0.099729
v 0.012957 0.257443 -0.096993
v 0.012957 0.262238 -0.094024
v 0.012957 0.266878 -0.090828
v 0.012957 0.271352 -0.087413
v 0.012957 0.275649 -0.083788
v 0.012957 0.279759 -0.079961
v 0.012957 0.283672 -0.075941
v 0.012957 0.287379 -0.071738
v 0.012957 0.290871 -0.067362
v 0.012957 0.294139 -0.062825
v 0.012957 0.297175 -0.058135
v 0.012957 0.299972 -0.053306
v 0.012957 0.302524 -0.048348
v 0.012957 0.304824 -0.043274
v 0.012957 0.306866 -0.038096
v 0.012957 0.308646 -0.032826
v 0.012957 0.310160 -0.027477
v 0.012957 0.311403 -0.022061
v 0.012957 0.312374 -0.016592
v 0.012957 0.313068 -0.011084
v 0.012957 0.313486 -0.005549
v 0.012643 0.325188 0.000000
v 0.012643 0.325034 0.006103
v 0.012643 0.324575 0.012192
v 0.012643 0.323811 0.018252
v 0.012643 0.322744 0.024267
v 0.012643 0.321376 0.030224
v 0.012643 0.319711 0.036108
v 0.012643 0.317753 0.041905
v 0.012643 0.315506 0.047602
v 0.012643 0.312976 0.053183
v 0.012643 0.310169 0.058637
v 0.012643 0.307092 0.063949
v 0.012643 0.303753 0.069107
v 0.012643 0.300158 0.074099
v 0.012643 0.296317 0.078912
v 0.012643 0.292240 0.083535
v 0.012643 0.287935 0.087957
v 0.012643 0.283414 0.092166
v 0.012643 0.278687 0.096154
v 0.012643 0.273766 0.099910
v 0.012643 0.268662 0.103426
v 0.012643 0.263387 0.106692
v 0.012643 0.257956 0.109702
v 0.012643 0.252380 0.112447
v 0.012643 0.246673 0.114921
v 0.012643 0.240848 0.117118
v 0.012643 0.234921 0.119033
v 0.012643 0.228904 0.120662
v 0.012643 0.222813 0.121999
v 0.012643 0.216662 0.123043
v 0.012643 0.210467 0.123790
v 0.012643 0.204241 0.124240
v 0.012643 0.198000 0.124389
v 0.012643 0.191759 0.124240
v 0.012643 0.185533 0.123790
v 0.012643 0.179338 0.123043
v 0.012643 0.173187 0.121999
v 0.012643 0.167096 0.120662
v 0.012643 0.161079 0.119033
v 0.012643 0.155152 0.117118
v 0.012643 0.149327 0.114921
v 0.012643 0.143620 0.112447
v 0.012643 0.138044 0.109702
v 0.012643 0.132613 0.106692
v 0.012643 0.127338 0.103426
v 0.012643 0.122234 0.099910
v 0.012643 0.117313 0.096154
v 0.012643 0.112586 0.092166
v 0.012643 0.108065 0.087957
v 0.012643 0.103760 0.083535
v 0.012643 0.099683 0.078912
v 0.012643 0.095842 0.074099
v 0.012643 0.092247 0.069107
v 0.012643 0.088908 0.063949
v 0.012643 0.085831 0.058637
v 0.012643 0.083024 0.053183
v 0.012643 0.080494 0.047602
v 0.012643 0.078247 0.041905
v 0.012643 0.076289 0.036108
v 0.012643 0.074624 0.030224
v 0.012643 0.073256 0.024267
v 0.012643 0.072189 0.018252
v 0.012643 0.071425 0.012192
v 0.012643 0.070966 0.006103
v 0.012643 0.070812 0.000000
v 0.012643 0.070966 -0.006104
v 0.012643 0.071425 -0.012192
v 0.012643 0.072189 -0.018252
v 0.012643 0.073256 -0.024267
v 0.012643 0.074624 -0.030224
v 0.012643 0.076289 -0.036108
v 0.012643 0.078247 -0.041906
v 0.012643 0.080494 -0.047602
v 0.012643 0.083024 -0.053183
v 0.012643 0.085831 -0.058637
v 0.012643 0.088908 -0.063949
v 0.012643 0.092247 -0.069107
v 0.012643 0.095842 -0.074099
v 0.012643 0.099683 -0.078912
v 0.012643 0.103760 -0.083535
v 0.012643 0.108065 -0.087957
v 0.012643 0.112586 -0.092166
v 0.012643 0.117313 -0.096154
v 0.012643 0.122234 -0.099910
v 0.012643 0.127338 -0.103426
v 0.012643 0.132613 -0.106692
v 0.012643 0.138044 -0.109702
v 0.012643 0.143620 -0.112447
v 0.012643 0.149327 -0.114921
v 0.012643 0.155152 -0.117118
v 0.012643 0.161079 -0.119033
v 0.012643 0.167096 -0.120662
v 0.012643 0.173187 -0.121999
v 0.012643 0.179338 -0.123043
v 0.012643 0.185533 -0.123790
v 0.012643 0.191759 -0.124240
v 0.012643 0.198000 -0.124389
v 0.012643 0.204241 -0.124240
v 0.012643 0.210467 -0.123790
v 0.012643 0.216662 -0.123043
v 0.012643 0.222813 -0.121999
v 0.012643 0.228904 -0.120662
v 0.012643 0.234921 -0.119033
v 0.012643 0.240848 -0.117118
v 0.012643 0.246673 -0.114921
v 0.012643 0.252380 -0.112447
v 0.012643 0.257956 -0.109702
v 0.012643 0.263387 -0.106692
v 0.012643 0.268662 -0.103426
v 0.012643 0.273766 -0.099910
v 0.012643 0.278687 -0.096154
v 0.012643 0.283414 -0.092166
v 0.012643 0.287935 -0.087957
v 0.012643 0.292240 -0.083535
v 0.012643 0.296317 -0.078912
v 0.012643 0.300158 -0.074099
v 0.012643 0.303753 -0.069107
v 0.012643 0.307092 -0.063949
v 0.012643 0.310169 -0.058637
v 0.012643 0.312976 -0.053183
v 0.012643 0.315506 -0.047602
v 0.012643 0.317753 -0.041906
v 0.012643 0.319711 -0.036108
v 0.012643 0.321376 -0.030224
v 0.012643 0.322744 -0.024267
v 0.012643 0.323811 -0.018252
v 0.012643 0.324575 -0.012192
v 0.012643 0.325034 -0.006104
v 0.012298 0.336750 0.000000
v 0.012298 0.336583 0.006658
v 0.012298 0.336082 0.013301
v 0.012298 0.335248 0.019911
v 0.012298 0.334084 0.026473
v 0.012298 0.332592 0.032972
v 0.012298 0.330775 0.039391
v 0.012298 0.328639 0.045715
v 0.012298 0.326188 0.051929
v 0.012298 0.323429 0.058018
v 0.012298 0.320367 0.063967
v 0.012298 0.317010 0.069762
v 0.012298 0.313366 0.075389
v 0.012298 0.309445 0.080835
v 0.012298 0.305255 0.086086
v 0.012298 0.300807 0.091129
v 0.012298 0.296111 0.095953
v 0.012298 0.291179 0.100545
v 0.012298 0.286022 0.104896
v 0.012298 0.280653 0.108993
v 0.012298 0.275085 0.112828
v 0.012298 0.269332 0.116392
v 0.012298 0.263406 0.119675
v 0.012298 0.257323 0.122669
v 0.012298 0.251097 0.125368
v 0.012298 0.244743 0.127765
v 0.012298 0.238277 0.129854
v 0.012298 0.231714 0.131631
v 0.012298 0.225069 0.133090
v 0.012298 0.218359 0.134229
v 0.012298 0.211600 0.135044
v 0.012298 0.204808 0.135534
v 0.012298 0.198000 0.135697
v 0.012298 0.191192 0.135534
v 0.012298 0.184400 0.135044
v 0.012298 0.177641 0.134229
v 0.012298 0.170931 0.133090
v 0.012298 0.164286 0.131631
v 0.012298 0.157723 0.129854
v 0.012298 0.151257 0.127765
v 0.012298 0.144903 0.125368
v 0.012298 0.138677 0.122669
v 0.012298 0.132594 0.119675
v 0.012298 0.126668 0.116392
v 0.012298 0.120915 0.112828
v 0.012298 0.115347 0.108993
v 0.012298 0.109978 0.104896
v 0.012298 0.104821 0.100545
v 0.012298 0.099889 0.095953
v 0.012298 0.095193 0.091129
v 0.012298 0.090745 0.086086
v 0.012298 0.086555 0.080835
v 0.012298 0.082634 0.075389
v 0.012298 0.078990 0.069762
v 0.012298 0.075633 0.063967
v 0.012298 0.072571 0.058018
v 0.012298 0.069812 0.051929
v 0.012298 0.067361 0.045715
v 0.012298 0.065225 0.039391
v 0.012298 0.063408 0.032972
v 0.012298 0.061916 0.026473
v 0.012298 0.060752 0.019911
v 0.012298 0.059918 0.013301
v 0.012298 0.059417 0.006658
v 0.012298 0.059250 0.000000
v 0.012298 0.059417 -0.006658
v 0.012298 0.059918 -0.013301
v 0.012298 0.060752 -0.019911
v 0.012298 0.061916 -0.026473
v 0.012298 0.063408 -0.032972
v 0.012298 0.065225 -0.039391
v 0.012298 0.067361 -0.045715
v 0.012298 0.069812 -0.051929
v 0.012298 0.072571 -0.058018
v 0.012298 0.075633 -0.063967
v 0.012298 0.078990 -0.069762
v 0.012298 0.082634 -0.075390
v 0.012298 0.086555 -0.080835
v 0.012298 0.090745 -0.086086
v 0.012298 0.095193 -0.091129
v 0.012298 0.099889 -0.095953
v 0.012298 0.104821 -0.100545
v 0.012298 0.109978 -0.104896
v 0.012298 0.115347 -0.108993
v 0.012298 0.120915 -0.112828
v 0.012298 0.126668 -0.116392
v 0.012298 0.132594 -0.119675
v 0.012298 0.138677 -0.122669
v 0.012298 0.144903 -0.125368
v 0.012298 0.151257 -0.127765
v 0.012298 0.157723 -0.129854
v 0.012298 0.164286 -0.131631
v 0.012298 0.170931 -0.133090
v 0.012298 0.177641 -0.134229
v 0.012298 0.184400 -0.135044
v 0.012298 0.191192 -0.135534
v 0.012298 0.198000 -0.135698
v 0.012298 0.204808 -0.135534
v 0.012298 0.211600 -0.135044
v 0.012298 0.218359 -0.134229
v 0.012298 0.225069 -0.133090
v 0.012298 0.231714 -0.131631
v 0.012298 0.238277 -0.129854
v 0.012298 0.244743 -0.127765
v 0.012298 0.251097 -0.125368
v 0.012298 0.257323 -0.122669
v 0.012298 0.263406 -0.119675
v 0.012298 0.269332 -0.116392
v 0.012298 0.275085 -0.112828
v 0.012298 0.280653 -0.108993
v 0.012298 0.286022 -0.104896
v 0.012298 0.291179 -0.100545
v 0.012298 0.296111 -0.095953
v 0.012298 0.300807 -0.091129
v 0.012298 0.305255 -0.086086
v 0.012298 0.309445 -0.080835
v 0.012298 0.313366 -0.075390
v 0.012298 0.317010 -0.069762
v 0.012298 0.320367 -0.063967
v 0.012298 0.323429 -0.058018
v 0.012298 0.326188 -0.051929
v 0.012298 0.328639 -0.045715
v 0.012298 0.330775 -0.039391
v 0.012298 0.332592 -0.032972
v 0.012298 0.334084 -0.026473
v 0.012298 0.335248 -0.019911
v 0.012298 0.336082 -0.013301
v 0.012298 0.336583 -0.006658
v 0.011924 0.348312 0.000000
v 0.011924 0.348131 0.007213
v 0.011924 0.347589 0.014409
v 0.011924 0.346686 0.021570
v 0.011924 0.345424 0.028679
v 0.011924 0.343808 0.035719
v 0.011924 0.341840 0.042673
v 0.011924 0.339526 0.049525
v 0.011924 0.336871 0.056257
v 0.011924 0.333881 0.062853
v 0.011924 0.330564 0.069298
v 0.011924 0.326927 0.075576
v 0.011924 0.322980 0.081672
v 0.011924 0.318732 0.087571
v 0.011924 0.314193 0.093259
v 0.011924 0.309374 0.098723
v 0.011924 0.304287 0.103949
v 0.011924 0.298944 0.108924
v 0.011924 0.293357 0.113637
v 0.011924 0.287541 0.118076
v 0.011924 0.281509 0.122231
v 0.011924 0.275276 0.126091
v 0.011924 0.268857 0.129647
v 0.011924 0.262267 0.132892
v 0.011924 0.255522 0.135815
v 0.011924 0.248639 0.138412
v 0.011924 0.241633 0.140676
v 0.011924 0.234523 0.142600
v 0.011924 0.227325 0.144181
v 0.011924 0.220055 0.145415
v 0.011924 0.212733 0.146298
v 0.011924 0.205375 0.146829
v 0.011924 0.198000 0.147006
v 0.011924 0.190625 0.146829
v 0.011924 0.183267 0.146298
v 0.011924 0.175945 0.145415
v 0.011924 0.168675 0.144181
v 0.011924 0.161477 0.142600
v 0.011924 0.154367 0.140676
v 0.011924 0.147361 0.138412
v 0.011924 0.140478 0.135815
v 0.011924 0.133733 0.132892
v 0.011924 0.127143 0.129647
v 0.011924 0.120724 0.126091
v 0.011924 0.114491 0.122231
v 0.011924 0.108459 0.118076
v 0.011924 0.102643 0.113637
v 0.011924 0.097056 0.108924
v 0.011924 0.091713 0.103949
v 0.011924 0.086626 0.098723
v 0.011924 0.081807 0.093259
v 0.011924 0.077268 0.087571
v 0.011924 0.073020 0.081672
v 0.011924 0.069073 0.075576
v 0.011924 0.065436 0.069298
v 0.011924 0.062119 0.062853
v 0.011924 0.059129 0.056257
v 0.011924 0.056474 0.049525
v 0.011924 0.054160 0.042673
v 0.011924 0.052192 0.035719
v 0.011924 0.050576 0.028679
v 0.011924 0.049314 0.021570
v 0.011924 0.048411 0.014409
v 0.011924 0.047869 0.007213
v 0.011924 0.047688 0.000000
v 0.011924 0.047869 -0.007213
v 0.011924 0.048411 -0.014409
v 0.011924 0.049314 -0.021570
v 0.011924 0.050576 -0.028679
v 0.011924 0.052192 -0.035719
v 0.011924 0.054160 -0.042673
v 0.011924 0.056474 -0.049525
v 0.011924 0.059129 -0.056257
v 0.011924 0.062119 -0.062853
v 0.011924 0.065436 -0.069298
v 0.011924 0.069073 -0.075576
v 0.011924 0.073020 -0.081672
v 0.011924 0.077268 -0.087571
v 0.011924 0.081807 -0.093259
v 0.011924 0.086626 -0.098723
v 0.011924 0.091713 -0.103949
v 0.011924 0.097056 -0.108924
v 0.011924 0.102643 -0.113637
v 0.011924 0.108459 -0.118076
v 0.011924 0.114491 -0.122231
v 0.011924 0.120724 -0.126091
v 0.011924 0.127143 -0.129647
v 0.011924 0.133733 -0.132892
v 0.011924 0.140478 -0.135816
v 0.011924 0.147361 -0.138412
v 0.011924 0.154367 -0.140676
v 0.011924 0.161477 -0.142600
v 0.011924 0.168675 -0.144181
v 0.011924 0.175945 -0.145415
v 0.011924 0.183267 -0.146298
v 0.011924 0.190625 -0.146829
v 0.011924 0.198000 -0.147006
v 0.011924 0.205375 -0.146829
v 0.011924 0.212733 -0.146298
v 0.011924 0.220055 -0.145415
v 0.011924 0.227325 -0.144181
v 0.011924 0.234523 -0.142600
v 0.011924 0.241633 -0.140676
v 0.011924 0.248639 -0.138412
v 0.011924 0.255522 -0.135816
v 0.011924 0.262267 -0.132892
v 0.011924 0.268857 -0.129647
v 0.011924 0.275276 -0.126091
v 0.011924 0.281509 -0.122231
v 0.011924 0.287541 -0.118076
v 0.011924 0.293357 -0.113637
v 0.011924 0.298944 -0.108924
v 0.011924 0.304287 -0.103949
v 0.011924 0.309374 -0.098723
v 0.011924 0.314193 -0.093259
v 0.011924 0.318732 -0.087571
v 0.011924 0.322980 -0.081672
v 0.011924 0.326927 -0.075576
v 0.011924 0.330564 -0.069298
v 0.011924 0.333881 -0.062853
v 0.011924 0.336871 -0.056257
v 0.011924 0.339526 -0.049525
v 0.011924 0.341840 -0.042673
v 0.011924 0.343808 -0.035719
v 0.011924 0.345424 -0.028679
v 0.011924 0.346686 -0.021570
v 0.011924 0.347589 -0.014409
v 0.011924 0.348131 -0.007213
v 0.011520 0.359875 0.000000
v 0.011520 0.359680 0.007768
v 0.011520 0.359096 0.015517
v 0.011520 0.358123 0.023229
v 0.011520 0.356765 0.030885
v 0.011520 0.355024 0.038467
v 0.011520 0.352905 0.045956
v 0.011520 0.350412 0.053334
v 0.011520 0.347553 0.060584
v 0.011520 0.344333 0.067688
v 0.011520 0.340761 0.074629
v 0.011520 0.336845 0.081390
v 0.011520 0.332594 0.087954
v 0.011520 0.328019 0.094307
v 0.011520 0.323131 0.100433
v 0.011520 0.317941 0.106317
v 0.011520 0.312463 0.111945
v 0.011520 0.306709 0.117303
v 0.011520 0.300692 0.122378
v 0.011520 0.294429 0.127159
v 0.011520 0.287933 0.131633
v 0.011520 0.281220 0.135790
v 0.011520 0.274307 0.139620
v 0.011520 0.267210 0.143114
v 0.011520 0.259947 0.146263
v 0.011520 0.252534 0.149059
v 0.011520 0.244990 0.151497
v 0.011520 0.237332 0.153569
v 0.011520 0.229580 0.155272
v 0.011520 0.221752 0.156600
v 0.011520 0.213867 0.157551
v 0.011520 0.205943 0.158123
v 0.011520 0.198000 0.158314
v 0.011520 0.190057 0.158123
v 0.011520 0.182133 0.157551
v 0.011520 0.174248 0.156600
v 0.011520 0.166420 0.155272
v 0.011520 0.158668 0.153569
v 0.011520 0.151010 0.151497
v 0.011520 0.143466 0.149059
v 0.011520 0.136053 0.146263
v 0.011520 0.128790 0.143114
v 0.011520 0.121693 0.139620
v 0.011520 0.114780 0.135790
v 0.011520 0.108067 0.131633
v 0.011520 0.101571 0.127159
v 0.011520 0.095308 0.122378
v 0.011520 0.089291 0.117303
v 0.011520 0.083537 0.111945
v 0.011520 0.078059 0.106317
v 0.011520 0.072869 0.100433
v 0.011520 0.067981 0.094307
v 0.011520 0.063406 0.087954
v 0.011520 0.059155 0.081390
v 0.011520 0.055239 0.074629
v 0.011520 0.051667 0.067688
v 0.011520 0.048447 0.060584
v 0.011520 0.045588 0.053334
v 0.011520 0.043095 0.045956
v 0.011520 0.040976 0.038467
v 0.011520 0.039235 0.030885
v 0.011520 0.037877 0.023229
v 0.011520 0.036904 0.015517
v 0.011520 0.036320 0.007768
v 0.011520 0.036125 0.000000
v 0.011520 0.036320 -0.007768
v 0.011520 0.036904 -0.015517
v 0.011520 0.037877 -0.023229
v 0.011520 0.039235 -0.030885
v 0.011520 0.040976 -0.038467
v 0.011520 0.043095 -0.045956
v 0.011520 0.045588 -0.053334
v 0.011520 0.048447 -0.060584
v 0.011520 0.051667 -0.067688
v 0.011520 0.055239 -0.074629
v 0.011520 0.059155 -0.081390
v 0.011520 0.063406 -0.087954
v 0.011520 0.067981 -0.094307
v 0.011520 0.072869 -0.100433
v 0.011520 0.078059 -0.106317
v 0.011520 0.083537 -0.111945
v 0.011520 0.089291 -0.117303
v 0.011520 0.095308 -0.122378
v 0.011520 0.101571 -0.127159
v 0.011520 0.108067 -0.131633
v 0.011520 0.114780 -0.135790
v 0.011520 0.121693 -0.139620
v 0.011520 0.128790 -0.143114
v 0.011520 0.136053 -0.146263
v 0.011520 0.143466 -0.149059
v 0.011520 0.151010 -0.151497
v 0.011520 0.158668 -0.153569
v 0.011520 0.166420 -0.155272
v 0.011520 0.174248 -0.156600
v 0.011520 0.182133 -0.157551
v 0.011520 0.190057 -0.158123
v 0.011520 0.198000 -0.158314
v 0.011520 0.205943 -0.158123
v 0.011520 0.213867 -0.157551
v 0.011520 0.221752 -0.156600
v 0.011520 0.229580 -0.155272
v 0.011520 0.237332 -0.153569
v 0.011520 0.244990 -0.151497
v 0.011520 0.252534 -0.149059
v 0.011520 0.259947 -0.146263
v 0.011520 0.267210 -0.143114
v 0.011520 0.274307 -0.139620
v 0.011520 0.281220 -0.135790
v 0.011520 0.287933 -0.131633
v 0.011520 0.294429 -0.127159
v 0.011520 0.300692 -0.122378
v 0.011520 0.306709 -0.117303
v 0.011520 0.312463 -0.111945
v 0.011520 0.317941 -0.106317
v 0.011520 0.323131 -0.100433
v 0.011520 0.328019 -0.094307
v 0.011520 0.332594 -0.087954
v 0.011520 0.336845 -0.081390
v 0.011520 0.340761 -0.074629
v 0.011520 0.344333 -0.067688
v 0.011520 0.347553 -0.060584
v 0.011520 0.350412 -0.053334
v 0.011520 0.352905 -0.045956
v 0.011520 0.355024 -0.038467
v 0.011520 0.356765 -0.030885
v 0.011520 0.358123 -0.023229
v 0.011520 0.359096 -0.015517
v 0.011520 0.359680 -0.007768
v 0.011087 0.371437 0.000000
v 0.011087 0.371229 0.008323
v 0.011087 0.370602 0.016626
v 0.011087 0.369560 0.024889
v 0.011087 0.368105 0.033092
v 0.011087 0.366240 0.041215
v 0.011087 0.363969 0.049239
v 0.011087 0.361299 0.057144
v 0.011087 0.358235 0.064911
v 0.011087 0.354786 0.072523
v 0.011087 0.350958 0.079959
v 0.011087 0.346762 0.087203
v 0.011087 0.342208 0.094237
v 0.011087 0.337306 0.101044
v 0.011087 0.332069 0.107607
v 0.011087 0.326509 0.113911
v 0.011087 0.320639 0.119941
v 0.011087 0.314474 0.125682
v 0.011087 0.308028 0.131119
v 0.011087 0.301317 0.136242
v 0.011087 0.294357 0.141035
v 0.011087 0.287165 0.145490
v 0.011087 0.279758 0.149593
v 0.011087 0.272154 0.153336
v 0.011087 0.264372 0.156710
v 0.011087 0.256429 0.159706
v 0.011087 0.248346 0.162318
v 0.011087 0.240142 0.164539
v 0.011087 0.231836 0.166363
v 0.011087 0.223449 0.167786
v 0.011087 0.215000 0.168805
v 0.011087 0.206510 0.169418
v 0.011087 0.198000 0.169622
v 0.011087 0.189490 0.169418
v 0.011087 0.181000 0.168805
v 0.011087 0.172551 0.167786
v 0.011087 0.164164 0.166363
v 0.011087 0.155858 0.164539
v 0.011087 0.147654 0.162318
v 0.011087 0.139571 0.159706
v 0.011087 0.131628 0.156710
v 0.011087 0.123846 0.153336
v 0.011087 0.116242 0.149593
v 0.011087 0.108835 0.145490
v 0.011087 0.101643 0.141035
v 0.011087 0.094683 0.136242
v 0.011087 0.087972 0.131119
v 0.011087 0.081526 0.125682
v 0.011087 0.075361 0.119941
v 0.011087 0.069491 0.113911
v 0.011087 0.063931 0.107607
v 0.011087 0.058694 0.101044
v 0.011087 0.053792 0.094237
v 0.011087 0.049238 0.087203
v 0.011087 0.045042 0.079959
v 0.011087 0.041214 0.072523
v 0.011087 0.037765 0.064911
v 0.011087 0.034701 0.057144
v 0.011087 0.032031 0.049239
v 0.011087 0.029760 0.041215
v 0.011087 0.027895 0.033092
v 0.011087 0.026440 0.024889
v 0.011087 0.025398 0.016626
v 0.011087 0.024771 0.008323
v 0.011087 0.024562 0.000000
v 0.011087 0.024771 -0.008323
v 0.011087 0.025398 -0.016626
v 0.011087 0.026440 -0.024889
v 0.011087 0.027895 -0.033092
v 0.011087 0.029760 -0.041215
v 0.011087 0.032031 -0.049239
v 0.011087 0.034701 -0.057144
v 0.011087 0.037765 -0.064911
v 0.011087 0.041214 -0.072523
v 0.011087 0.045042 -0.079959
v 0.011087 0.049238 -0.087203
v 0.011087 0.053792 -0.094237
v 0.011087 0.058694 -0.101044
v 0.011087 0.063931 -0.107607
v 0.011087 0.069491 -0.113911
v 0.011087 0.075361 -0.119941
v 0.011087 0.081526 -0.125682
v 0.011087 0.087972 -0.131119
v 0.011087 0.094683 -0.136242
v 0.011087 0.101643 -0.141035
v 0.011087 0.108835 -0.145490
v 0.011087 0.116242 -0.149593
v 0.011087 0.123846 -0.153336
v 0.011087 0.131628 -0.156710
v 0.011087 0.139571 -0.159706
v 0.011087 0.147654 -0.162318
v 0.011087 0.155858 -0.164539
v 0.011087 0.164164 -0.166363
v 0.011087 0.172551 -0.167786
v 0.011087 0.181000 -0.168805
v 0.011087 0.189490 -0.169418
v 0.011087 0.198000 -0.169622
v 0.011087 0.206510 -0.169418
v 0.011087 0.215000 -0.168805
v 0.011087 0.223449 -0.167786
v 0.011087 0.231836 -0.166363
v 0.011087 0.240142 -0.164539
v 0.011087 0.248346 -0.162318
v 0.011087 0.256429 -0.159706
v 0.011087 0.264372 -0.156710
v 0.011087 0.272154 -0.153336
v 0.011087 0.279758 -0.149593
v 0.011087 0.287165 -0.145490
v 0.011087 0.294357 -0.141035
v 0.011087 0.301317 -0.136242
v 0.011087 0.308028 -0.131119
v 0.011087 0.314474 -0.125682
v 0.011087 0.320639 -0.119941
v 0.011087 0.326509 -0.113911
v 0.011087 0.332069 -0.107607
v 0.011087 0.337306 -0.101044
v 0.011087 0.342208 -0.094237
v 0.011087 0.346762 -0.087203
v 0.011087 0.350958 -0.079959
v 0.011087 0.354786 -0.072523
v 0.011087 0.358235 -0.064911
v 0.011087 0.361299 -0.057144
v 0.011087 0.363969 -0.049239
v 0.011087 0.366240 -0.041215
v 0.011087 0.368105 -0.033092
v 0.011087 0.369560 -0.024889
v 0.011087 0.370602 -0.016626
v 0.011087 0.371229 -0.008323
v 0.010623 0.383000 0.000000
v 0.010623 0.382777 0.008878
v 0.010623 0.382109 0.017734
v 0.010623 0.380998 0.026548
v 0.010623 0.379445 0.035298
v 0.010623 0.377456 0.043962
v 0.010623 0.375034 0.052521
v 0.010623 0.372186 0.060953
v 0.010623 0.368918 0.069239
v 0.010623 0.365238 0.077358
v 0.010623 0.361155 0.085290
v 0.010623 0.356680 0.093017
v 0.010623 0.351822 0.100519
v 0.010623 0.346593 0.107780
v 0.010623 0.341007 0.114781
v 0.010623 0.335076 0.121505
v 0.010623 0.328815 0.127937
v 0.010623 0.322238 0.134060
v 0.010623 0.315363 0.139861
v 0.010623 0.308204 0.145324
v 0.010623 0.300780 0.150438
v 0.010623 0.293109 0.155189
v 0.010623 0.285208 0.159566
v 0.010623 0.277098 0.163559
v 0.010623 0.268796 0.167158
v 0.010623 0.260325 0.170354
v 0.010623 0.251703 0.173139
v 0.010623 0.242951 0.175508
v 0.010623 0.234092 0.177453
v 0.010623 0.225145 0.178972
v 0.010623 0.216133 0.180059
v 0.010623 0.207078 0.180712
v 0.010623 0.198000 0.180930
v 0.010623 0.188922 0.180712
v 0.010623 0.179867 0.180059
v 0.010623 0.170855 0.178972
v 0.010623 0.161908 0.177453
v 0.010623 0.153049 0.175508
v 0.010623 0.144297 0.173139
v 0.010623 0.135675 0.170354
v 0.010623 0.127204 0.167158
v 0.010623 0.118902 0.163559
v 0.010623 0.110792 0.159566
v 0.010623 0.102891 0.155189
v 0.010623 0.095220 0.150438
v 0.010623 0.087796 0.145324
v 0.010623 0.080637 0.139861
v 0.010623 0.073762 0.134060
v 0.010623 0.067185 0.127937
v 0.010623 0.060924 0.121505
v 0.010623 0.054993 0.114781
v 0.010623 0.049407 0.107780
v 0.010623 0.044178 0.100519
v 0.010623 0.039320 0.093017
v 0.010623 0.034845 0.085290
v 0.010623 0.030762 0.077358
v 0.010623 0.027082 0.069239
v 0.010623 0.023814 0.060953
v 0.010623 0.020966 0.052521
v 0.010623 0.018544 0.043962
v 0.010623 0.016555 0.035298
v 0.010623 0.015002 0.026548
v 0.010623 0.013891 0.017734
v 0.010623 0.013223 0.008878
v 0.010623 0.013000 0.000000
v 0.010623 0.013223 -0.008878
v 0.010623 0.013891 -0.017734
v 0.010623 0.015002 -0.026548
v 0.010623 0.016555 -0.035298
v 0.010623 0.018544 -0.043962
v 0.010623 0.020966 -0.052521
v 0.010623 0.023814 -0.060953
v 0.010623 0.027082 -0.069239
v 0.010623 0.030762 -0.077358
v 0.010623 0.034845 -0.085290
v 0.010623 0.039320 -0.093017
v 0.010623 0.044178 -0.100519
v 0.010623 0.049407 -0.107780
v 0.010623 0.054993 -0.114781
v 0.010623 0.060924 -0.121505
v 0.010623 0.067185 -0.127937
v 0.010623 0.073762 -0.134060
v 0.010623 0.080637 -0.139861
v 0.010623 0.087796 -0.145324
v 0.010623 0.095220 -0.150438
v 0.010623 0.102891 -0.155189
v 0.010623 0.110792 -0.159566
v 0.010623 0.118902 -0.163559
v 0.010623 0.127204 -0.167158
v 0.010623 0.135675 -0.170354
v 0.010623 0.144297 -0.173139
v 0.010623 0.153049 -0.175508
v 0.010623 0.161908 -0.177453
v 0.010623 0.170855 -0.178972
v 0.010623 0.179867 -0.180059
v 0.010623 0.188922 -0.180712
v 0.010623 0.198000 -0.180930
v 0.010623 0.207078 -0.180712
v 0.010623 0.216133 -0.180059
v 0.010623 0.225145 -0.178972
v 0.010623 0.234092 -0.177453
v 0.010623 0.242951 -0.175508
v 0.010623 0.251703 -0.173139
v 0.010623 0.260325 -0.170354
v 0.010623 0.268796 -0.167158
v 0.010623 0.277098 -0.163559
v 0.010623 0.285208 -0.159566
v 0.010623 0.293109 -0.155189
v 0.010623 0.300780 -0.150438
v 0.010623 0.308204 -0.145324
v 0.010623 0.315363 -0.139861
v 0.010623 0.322238 -0.134060
v 0.010623 0.328815 -0.127937
v 0.010623 0.335076 -0.121505
v 0.010623 0.341007 -0.114781
v 0.010623 0.346593 -0.107780
v 0.010623 0.351822 -0.100519
v 0.010623 0.356680 -0.093017
v 0.010623 0.361155 -0.085290
v 0.010623 0.365238 -0.077358
v 0.010623 0.368918 -0.069239
v 0.010623 0.372186 -0.060953
v 0.010623 0.375034 -0.052521
v 0.010623 0.377456 -0.043962
v 0.010623 0.379445 -0.035298
v 0.010623 0.380998 -0.026548
v 0.010623 0.382109 -0.017734
v 0.010623 0.382777 -0.008878
v 0.012941 0.198000 0.000000
v 0.012926 0.209562 0.000000
v 0.012926 0.209549 0.000555
v 0.012926 0.209507 0.001108
v 0.012926 0.209437 0.001659
v 0.012926 0.209340 0.002206
v 0.012926 0.209216 0.002748
v 0.012926 0.209065 0.003283
v 0.012926 0.208887 0.003810
v 0.012926 0.208682 0.004327
v 0.012926 0.208452 0.004835
v 0.012926 0.208197 0.005331
v 0.012926 0.207917 0.005814
v 0.012926 0.207614 0.006282
v 0.012926 0.207287 0.006736
v 0.012926 0.206938 0.007174
v 0.012926 0.206567 0.007594
v 0.012926 0.206176 0.007996
v 0.012926 0.205765 0.008379
v 0.012926 0.205335 0.008741
v 0.012926 0.204888 0.009083
v 0.012926 0.204424 0.009402
v 0.012926 0.203944 0.009699
v 0.012926 0.203451 0.009973
v 0.012926 0.202944 0.010222
v 0.012926 0.202425 0.010447
v 0.012926 0.201895 0.010647
v 0.012926 0.201356 0.010821
v 0.012926 0.200809 0.010969
v 0.012926 0.200256 0.011091
v 0.012926 0.199697 0.011186
v 0.012926 0.199133 0.011254
v 0.012926 0.198567 0.011294
v 0.012926 0.198000 0.011308
v 0.012926 0.197433 0.011294
v 0.012926 0.196867 0.011254
v 0.012926 0.196303 0.011186
v 0.012926 0.195744 0.011091
v 0.012926 0.195191 0.010969
v 0.012926 0.194644 0.010821
v 0.012926 0.194105 0.010647
v 0.012926 0.193575 0.010447
v 0.012926 0.193056 0.010222
v 0.012926 0.192549 0.009973
v 0.012926 0.192056 0.009699
v 0.012926 0.191576 0.009402
v 0.012926 0.191112 0.009083
v 0.012926 0.190665 0.008741
v 0.012926 0.190235 0.008379
v 0.012926 0.189824 0.007996
v 0.012926 0.189433 0.007594
v 0.012926 0.189062 0.007174
v 0.012926 0.188713 0.006736
v 0.012926 0.188386 0.006282
v 0.012926 0.188083 0.005814
v 0.012926 0.187803 0.005331
v 0.012926 0.187548 0.004835
v 0.012926 0.187318 0.004327
v 0.012926 0.187113 0.003810
v 0.012926 0.186935 0.003283
v 0.012926 0.186784 0.002748
v 0.012926 0.186660 0.002206
v 0.012926 0.186563 0.001659
v 0.012926 0.186493 0.001108
v 0.012926 0.186451 0.000555
v 0.012926 0.186438 0.000000
v 0.012926 0.186451 -0.000555
v 0.012926 0.186493 -0.001108
v 0.012926 0.186563 -0.001659
v 0.012926 0.186660 -0.002206
v 0.012926 0.186784 -0.002748
v 0.012926 0.186935 -0.003283
v 0.012926 0.187113 -0.003810
v 0.012926 0.187318 -0.004327
v 0.012926 0.187548 -0.004835
v 0.012926 0.187803 -0.005331
v 0.012926 0.188083 -0.005814
v 0.012926 0.188386 -0.006282
v 0.012926 0.188713 -0.006736
v 0.012926 0.189062 -0.007174
v 0.012926 0.189433 -0.007594
v 0.012926 0.189824 -0.007996
v 0.012926 0.190235 -0.008379
v 0.012926 0.190665 -0.008741
v 0.012926 0.191112 -0.009083
v 0.012926 0.191576 -0.009402
v 0.012926 0.192056 -0.009699
v 0.012926 0.192549 -0.009973
v 0.012926 0.193056 -0.010222
v 0.012926 0.193575 -0.010447
v 0.012926 0.194105 -0.010647
v 0.012926 0.194644 -0.010821
v 0.012926 0.195191 -0.010969
v 0.012926 0.195744 -0.011091
v 0.012926 0.196303 -0.011186
v 0.012926 0.196867 -0.011254
v 0.012926 0.197433 -0.011295
v 0.012926 0.198000 -0.011308
v 0.012926 0.198567 -0.011295
v 0.012926 0.199133 -0.011254
v 0.012926 0.199697 -0.011186
v 0.012926 0.200256 -0.011091
v 0.012926 0.200809 -0.010969
v 0.012926 0.201356 -0.010821
v 0.012926 0.201895 -0.010647
v 0.012926 0.202425 -0.010447
v 0.012926 0.202944 -0.010222
v 0.012926 0.203451 -0.009973
v 0.012926 0.203944 -0.009699
v 0.012926 0.204424 -0.009402
v 0.012926 0.204888 -0.009083
v 0.012926 0.205335 -0.008741
v 0.012926 0.205765 -0.008379
v 0.012926 0.206176 -0.007996
v 0.012926 0.206567 -0.007594
v 0.012926 0.206938 -0.007174
v 0.012926 0.207287 -0.006736
v 0.012926 0.207614 -0.006282
v 0.012926 0.207917 -0.005814
v 0.012926 0.208197 -0.005331
v 0.012926 0.208452 -0.004835
v 0.012926 0.208682 -0.004327
v 0.012926 0.208887 -0.003810
v 0.012926 0.209065 -0.003283
v 0.012926 0.209216 -0.002748
v 0.012926 0.209340 -0.002206
v 0.012926 0.209437 -0.001659
v 0.012926 0.209507 -0.001108
v 0.012926 0.209549 -0.000555
v 0.012881 0.221125 0.000000
v 0.012881 0.221097 0.001110
v 0.012881 0.221014 0.002217
v 0.012881 0.220875 0.003318
v 0.012881 0.220681 0.004412
v 0.012881 0.220432 0.005495
v 0.012881 0.220129 0.006565
v 0.012881 0.219773 0.007619
v 0.012881 0.219365 0.008655
v 0.012881 0.218905 0.009670
v 0.012881 0.218394 0.010661
v 0.012881 0.217835 0.011627
v 0.012881 0.217228 0.012565
v 0.012881 0.216574 0.013472
v 0.012881 0.215876 0.014348
v 0.012881 0.215135 0.015188
v 0.012881 0.214352 0.015992
v 0.012881 0.213530 0.016758
v 0.012881 0.212670 0.017483
v 0.012881 0.211776 0.018166
v 0.012881 0.210848 0.018805
v 0.012881 0.209889 0.019399
v 0.012881 0.208901 0.019946
v 0.012881 0.207887 0.020445
v 0.012881 0.206850 0.020895
v 0.012881 0.205791 0.021294
v 0.012881 0.204713 0.021642
v 0.012881 0.203619 0.021938
v 0.012881 0.202511 0.022182
v 0.012881 0.201393 0.022371
v 0.012881 0.200267 0.022507
v 0.012881 0.199135 0.022589
v 0.012881 0.198000 0.022616
v 0.012881 0.196865 0.022589
v 0.012881 0.195733 0.022507
v 0.012881 0.194607 0.022371
v 0.012881 0.193489 0.022182
v 0.012881 0.192381 0.021938
v 0.012881 0.191287 0.021642
v 0.012881 0.190209 0.021294
v 0.012881 0.189150 0.020895
v 0.012881 0.188113 0.020445
v 0.012881 0.187099 0.019946
v 0.012881 0.186111 0.019399
v 0.012881 0.185152 0.018805
v 0.012881 0.184224 0.018166
v 0.012881 0.183330 0.017483
v 0.012881 0.182470 0.016758
v 0.012881 0.181648 0.015992
v 0.012881 0.180865 0.015188
v 0.012881 0.180124 0.014348
v 0.012881 0.179426 0.013472
v 0.012881 0.178772 0.012565
v 0.012881 0.178165 0.011627
v 0.012881 0.177606 0.010661
v 0.012881 0.177095 0.009670
v 0.012881 0.176635 0.008655
v 0.012881 0.176227 0.007619
v 0.012881 0.175871 0.006565
v 0.012881 0.175568 0.005495
v 0.012881 0.175319 0.004412
v 0.012881 0.175125 0.003318
v 0.012881 0.174986 0.002217
v 0.012881 0.174903 0.001110
v 0.012881 0.174875 0.000000
v 0.012881 0.174903 -0.001110
v 0.012881 0.174986 -0.002217
v 0.012881 0.175125 -0.003319
v 0.012881 0.175319 -0.004412
v 0.012881 0.175568 -0.005495
v 0.012881 0.175871 -0.006565
v 0.012881 0.176227 -0.007619
v 0.012881 0.176635 -0.008655
v 0.012881 0.177095 -0.009670
v 0.012881 0.177606 -0.010661
v 0.012881 0.178165 -0.011627
v 0.012881 0.178772 -0.012565
v 0.012881 0.179426 -0.013472
v 0.012881 0.180124 -0.014348
v 0.012881 0.180865 -0.015188
v 0.012881 0.181648 -0.015992
v 0.012881 0.182470 -0.016758
v 0.012881 0.183330 -0.017483
v 0.012881 0.184224 -0.018166
v 0.012881 0.185152 -0.018805
v 0.012881 0.186111 -0.019399
v 0.012881 0.187099 -0.019946
v 0.012881 0.188113 -0.020445
v 0.012881 0.189150 -0.020895
v 0.012881 0.190209 -0.021294
v 0.012881 0.191287 -0.021642
v 0.012881 0.192381 -0.021938
v 0.012881 0.193489 -0.022182
v 0.012881 0.194607 -0.022371
v 0.012881 0.195733 -0.022507
v 0.012881 0.196865 -0.022589
v 0.012881 0.198000 -0.022616
v 0.012881 0.199135 -0.022589
v 0.012881 0.200267 -0.022507
v 0.012881 0.201393 -0.022371
v 0.012881 0.202511 -0.022182
v 0.012881 0.203619 -0.021938
v 0.012881 0.204713 -0.021642
v 0.012881 0.205791 -0.021294
v 0.012881 0.206850 -0.020895
v 0.012881 0.207887 -0.020445
v 0.012881 0.208901 -0.019946
v 0.012881 0.209889 -0.019399
v 0.012881 0.210848 -0.018805
v 0.012881 0.211776 -0.018166
v 0.012881 0.212670 -0.017483
v 0.012881 0.213530 -0.016758
v 0.012881 0.214352 -0.015992
v 0.012881 0.215135 -0.015188
v 0.012881 0.215876 -0.014348
v 0.012881 0.216574 -0.013472
v 0.012881 0.217228 -0.012565
v 0.012881 0.217835 -0.011627
v 0.012881 0.218394 -0.010661
v 0.012881 0.218905 -0.009670
v 0.012881 0.219365 -0.008655
v 0.012881 0.219773 -0.007619
v 0.012881 0.220129 -0.006565
v 0.012881 0.220432 -0.005495
v 0.012881 0.220681 -0.004412
v 0.012881 0.220875 -0.003319
v 0.012881 0.221014 -0.002217
v 0.012881 0.221097 -0.001110
v 0.012806 0.232688 0.000000
v 0.012806 0.232646 0.001665
v 0.012806 0.232520 0.003325
v 0.012806 0.232312 0.004978
v 0.012806 0.232021 0.006618
v 0.012806 0.231648 0.008243
v 0.012806 0.231194 0.009848
v 0.012806 0.230660 0.011429
v 0.012806 0.230047 0.012982
v 0.012806 0.229357 0.014505
v 0.012806 0.228592 0.015992
v 0.012806 0.227752 0.017441
v 0.012806 0.226842 0.018847
v 0.012806 0.225861 0.020209
v 0.012806 0.224814 0.021521
v 0.012806 0.223702 0.022782
v 0.012806 0.222528 0.023988
v 0.012806 0.221295 0.025136
v 0.012806 0.220006 0.026224
v 0.012806 0.218663 0.027248
v 0.012806 0.217271 0.028207
v 0.012806 0.215833 0.029098
v 0.012806 0.214352 0.029919
v 0.012806 0.212831 0.030667
v 0.012806 0.211274 0.031342
v 0.012806 0.209686 0.031941
v 0.012806 0.208069 0.032464
v 0.012806 0.206428 0.032908
v 0.012806 0.204767 0.033273
v 0.012806 0.203090 0.033557
v 0.012806 0.201400 0.033761
v 0.012806 0.199702 0.033884
v 0.012806 0.198000 0.033924
v 0.012806 0.196298 0.033884
v 0.012806 0.194600 0.033761
v 0.012806 0.192910 0.033557
v 0.012806 0.191233 0.033273
v 0.012806 0.189572 0.032908
v 0.012806 0.187931 0.032464
v 0.012806 0.186314 0.031941
v 0.012806 0.184726 0.031342
v 0.012806 0.183169 0.030667
v 0.012806 0.181648 0.029919
v 0.012806 0.180167 0.029098
v 0.012806 0.178729 0.028207
v 0.012806 0.177337 0.027248
v 0.012806 0.175994 0.026224
v 0.012806 0.174705 0.025136
v 0.012806 0.173472 0.023988
v 0.012806 0.172298 0.022782
v 0.012806 0.171186 0.021521
v 0.012806 0.170139 0.020209
v 0.012806 0.169158 0.018847
v 0.012806 0.168248 0.017441
v 0.012806 0.167408 0.015992
v 0.012806 0.166643 0.014505
v 0.012806 0.165953 0.012982
v 0.012806 0.165340 0.011429
v 0.012806 0.164806 0.009848
v 0.012806 0.164352 0.008243
v 0.012806 0.163979 0.006618
v 0.012806 0.163688 0.004978
v 0.012806 0.163480 0.003325
v 0.012806 0.163354 0.001665
v 0.012806 0.163312 0.000000
v 0.012806 0.163354 -0.001665
v 0.012806 0.163480 -0.003325
v 0.012806 0.163688 -0.004978
v 0.012806 0.163979 -0.006618
v 0.012806 0.164352 -0.008243
v 0.012806 0.164806 -0.009848
v 0.012806 0.165340 -0.011429
v 0.012806 0.165953 -0.012982
v 0.012806 0.166643 -0.014505
v 0.012806 0.167408 -0.015992
v 0.012806 0.168248 -0.017441
v 0.012806 0.169158 -0.018847
v 0.012806 0.170139 -0.020209
v 0.012806 0.171186 -0.021521
v 0.012806 0.172298 -0.022782
v 0.012806 0.173472 -0.023988
v 0.012806 0.174705 -0.025136
v 0.012806 0.175994 -0.026224
v 0.012806 0.177337 -0.027248
v 0.012806 0.178729 -0.028207
v 0.012806 0.180167 -0.029098
v 0.012806 0.181648 -0.029919
v 0.012806 0.183169 -0.030667
v 0.012806 0.184726 -0.031342
v 0.012806 0.186314 -0.031941
v 0.012806 0.187931 -0.032464
v 0.012806 0.189572 -0.032908
v 0.012806 0.191233 -0.033273
v 0.012806 0.192910 -0.033557
v 0.012806 0.194600 -0.033761
v 0.012806 0.196298 -0.033884
v 0.012806 0.198000 -0.033924
v 0.012806 0.199702 -0.033884
v 0.012806 0.201400 -0.033761
v 0.012806 0.203090 -0.033557
v 0.012806 0.204767 -0.033273
v 0.012806 0.206428 -0.032908
v 0.012806 0.208069 -0.032464
v 0.012806 0.209686 -0.031941
v 0.012806 0.211274 -0.031342
v 0.012806 0.212831 -0.030667
v 0.012806 0.214352 -0.029919
v 0.012806 0.215833 -0.029098
v 0.012806 0.217271 -0.028207
v 0.012806 0.218663 -0.027248
v 0.012806 0.220006 -0.026224
v 0.012806 0.221295 -0.025136
v 0.012806 0.222528 -0.023988
v 0.012806 0.223702 -0.022782
v 0.012806 0.224814 -0.021521
v 0.012806 0.225861 -0.020209
v 0.012806 0.226842 -0.018847
v 0.012806 0.227752 -0.017441
v 0.012806 0.228592 -0.015992
v 0.012806 0.229357 -0.014505
v 0.012806 0.230047 -0.012982
v 0.012806 0.230660 -0.011429
v 0.012806 0.231194 -0.009848
v 0.012806 0.231648 -0.008243
v 0.012806 0.232021 -0.006618
v 0.012806 0.232312 -0.004978
v 0.012806 0.232520 -0.003325
v 0.012806 0.232646 -0.001665
v 0.012702 0.244250 0.000000
v 0.012702 0.244194 0.002219
v 0.012702 0.244027 0.004434
v 0.012702 0.243749 0.006637
v 0.012702 0.243361 0.008824
v 0.012702 0.242864 0.010991
v 0.012702 0.242258 0.013130
v 0.012702 0.241546 0.015238
v 0.012702 0.240729 0.017310
v 0.012702 0.239809 0.019339
v 0.012702 0.238789 0.021322
v 0.012702 0.237670 0.023254
v 0.012702 0.236455 0.025130
v 0.012702 0.235148 0.026945
v 0.012702 0.233752 0.028695
v 0.012702 0.232269 0.030376
v 0.012702 0.230704 0.031984
v 0.012702 0.229060 0.033515
v 0.012702 0.227341 0.034965
v 0.012702 0.225551 0.036331
v 0.012702 0.223695 0.037609
v 0.012702 0.221777 0.038797
v 0.012702 0.219802 0.039891
v 0.012702 0.217774 0.040890
v 0.012702 0.215699 0.041789
v 0.012702 0.213581 0.042588
v 0.012702 0.211426 0.043285
v 0.012702 0.209238 0.043877
v 0.012702 0.207023 0.044363
v 0.012702 0.204786 0.044743
v 0.012702 0.202533 0.045015
v 0.012702 0.200269 0.045178
v 0.012702 0.198000 0.045232
v 0.012702 0.195731 0.045178
v 0.012702 0.193467 0.045015
v 0.012702 0.191214 0.044743
v 0.012702 0.188977 0.044363
v 0.012702 0.186762 0.043877
v 0.012702 0.184574 0.043285
v 0.012702 0.182419 0.042588
v 0.012702 0.180301 0.041789
v 0.012702 0.178226 0.040890
v 0.012702 0.176198 0.039891
v 0.012702 0.174223 0.038797
v 0.012702 0.172305 0.037609
v 0.012702 0.170449 0.036331
v 0.012702 0.168659 0.034965
v 0.012702 0.166940 0.033515
v 0.012702 0.165296 0.031984
v 0.012702 0.163731 0.030376
v 0.012702 0.162248 0.028695
v 0.012702 0.160852 0.026945
v 0.012702 0.159545 0.025130
v 0.012702 0.158330 0.023254
v 0.012702 0.157211 0.021322
v 0.012702 0.156190 0.019339
v 0.012702 0.155271 0.017310
v 0.012702 0.154454 0.015238
v 0.012702 0.153742 0.013130
v 0.012702 0.153136 0.010991
v 0.012702 0.152639 0.008824
v 0.012702 0.152251 0.006637
v 0.012702 0.151973 0.004434
v 0.012702 0.151806 0.002219
v 0.012702 0.151750 0.000000
v 0.012702 0.151806 -0.002219
v 0.012702 0.151973 -0.004434
v 0.012702 0.152251 -0.006637
v 0.012702 0.152639 -0.008824
v 0.012702 0.153136 -0.010991
v 0.012702 0.153742 -0.013130
v 0.012702 0.154454 -0.015238
v 0.012702 0.155271 -0.017310
v 0.012702 0.156190 -0.019339
v 0.012702 0.157211 -0.021322
v 0.012702 0.158330 -0.023254
v 0.012702 0.159545 -0.025130
v 0.012702 0.160852 -0.026945
v 0.012702 0.162248 -0.028695
v 0.012702 0.163731 -0.030376
v 0.012702 0.165296 -0.031984
v 0.012702 0.166940 -0.033515
v 0.012702 0.168659 -0.034965
v 0.012702 0.170449 -0.036331
v 0.012702 0.172305 -0.037609
v 0.012702 0.174223 -0.038797
v 0.012702 0.176198 -0.039892
v 0.012702 0.178226 -0.040890
v 0.012702 0.180301 -0.041789
v 0.012702 0.182419 -0.042588
v 0.012702 0.184574 -0.043285
v 0.012702 0.186762 -0.043877
v 0.012702 0.188977 -0.044363
v 0.012702 0.191214 -0.044743
v 0.012702 0.193467 -0.045015
v 0.012702 0.195731 -0.045178
v 0.012702 0.198000 -0.045233
v 0.012702 0.200269 -0.045178
v 0.012702 0.202533 -0.045015
v 0.012702 0.204786 -0.044743
v 0.012702 0.207023 -0.044363
v 0.012702 0.209238 -0.043877
v 0.012702 0.211426 -0.043285
v 0.012702 0.213581 -0.042588
v 0.012702 0.215699 -0.041789
v 0.012702 0.217774 -0.040890
v 0.012702 0.219802 -0.039892
v 0.012702 0.221777 -0.038797
v 0.012702 0.223695 -0.037609
v 0.012702 0.225551 -0.036331
v 0.012702 0.227341 -0.034965
v 0.012702 0.229060 -0.033515
v 0.012702 0.230704 -0.031984
v 0.012702 0.232269 -0.030376
v 0.012702 0.233752 -0.028695
v 0.012702 0.235148 -0.026945
v 0.012702 0.236455 -0.025130
v 0.012702 0.237670 -0.023254
v 0.012702 0.238789 -0.021322
v 0.012702 0.239809 -0.019339
v 0.012702 0.240729 -0.017310
v 0.012702 0.241546 -0.015238
v 0.012702 0.242258 -0.013130
v 0.012702 0.242864 -0.010991
v 0.012702 0.243361 -0.008824
v 0.012702 0.243749 -0.006637
v 0.012702 0.244027 -0.004434
v 0.012702 0.244194 -0.002219
v 0.012567 0.255812 0.000000
v 0.012567 0.255743 0.002774
v 0.012567 0.255534 0.005542
v 0.012567 0.255187 0.008296
v 0.012567 0.254702 0.011031
v 0.012567 0.254080 0.013738
v 0.012567 0.253323 0.016413
v 0.012567 0.252433 0.019048
v 0.012567 0.251412 0.021637
v 0.012567 0.250262 0.024174
v 0.012567 0.248986 0.026653
v 0.012567 0.247587 0.029068
v 0.012567 0.246069 0.031412
v 0.012567 0.244435 0.033681
v 0.012567 0.242690 0.035869
v 0.012567 0.240836 0.037970
v 0.012567 0.238880 0.039980
v 0.012567 0.236824 0.041894
v 0.012567 0.234676 0.043706
v 0.012567 0.232439 0.045414
v 0.012567 0.230119 0.047012
v 0.012567 0.227722 0.048496
v 0.012567 0.225253 0.049864
v 0.012567 0.222718 0.051112
v 0.012567 0.220124 0.052237
v 0.012567 0.217476 0.053235
v 0.012567 0.214782 0.054106
v 0.012567 0.212047 0.054846
v 0.012567 0.209279 0.055454
v 0.012567 0.206483 0.055929
v 0.012567 0.203667 0.056268
v 0.012567 0.200837 0.056473
v 0.012567 0.198000 0.056541
v 0.012567 0.195163 0.056473
v 0.012567 0.192333 0.056268
v 0.012567 0.189517 0.055929
v 0.012567 0.186721 0.055454
v 0.012567 0.183953 0.054846
v 0.012567 0.181218 0.054106
v 0.012567 0.178524 0.053235
v 0.012567 0.175876 0.052237
v 0.012567 0.173282 0.051112
v 0.012567 0.170747 0.049864
v 0.012567 0.168278 0.048496
v 0.012567 0.165881 0.047012
v 0.012567 0.163561 0.045414
v 0.012567 0.161324 0.043706
v 0.012567 0.159176 0.041894
v 0.012567 0.157120 0.039980
v 0.012567 0.155164 0.037970
v 0.012567 0.153310 0.035869
v 0.012567 0.151565 0.033681
v 0.012567 0.149931 0.031412
v 0.012567 0.148413 0.029068
v 0.012567 0.147014 0.026653
v 0.012567 0.145738 0.024174
v 0.012567 0.144588 0.021637
v 0.012567 0.143567 0.019048
v 0.012567 0.142677 0.016413
v 0.012567 0.141920 0.013738
v 0.012567 0.141298 0.011031
v 0.012567 0.140813 0.008296
v 0.012567 0.140466 0.005542
v 0.012567 0.140257 0.002774
v 0.012567 0.140188 0.000000
v 0.012567 0.140257 -0.002774
v 0.012567 0.140466 -0.005542
v 0.012567 0.140813 -0.008296
v 0.012567 0.141298 -0.011031
v 0.012567 0.141920 -0.013738
v 0.012567 0.142677 -0.016413
v 0.012567 0.143567 -0.019048
v 0.012567 0.144588 -0.021637
v 0.012567 0.145738 -0.024174
v 0.012567 0.147014 -0.026653
v 0.012567 0.148413 -0.029068
v 0.012567 0.149931 -0.031412
v 0.012567 0.151565 -0.033681
v 0.012567 0.153310 -0.035869
v 0.012567 0.155164 -0.037970
v 0.012567 0.157120 -0.039980
v 0.012567 0.159176 -0.041894
v 0.012567 0.161324 -0.043707
v 0.012567 0.163561 -0.045414
v 0.012567 0.165881 -0.047012
v 0.012567 0.168278 -0.048497
v 0.012567 0.170747 -0.049864
v 0.012567 0.173282 -0.051112
v 0.012567 0.175876 -0.052237
v 0.012567 0.178524 -0.053236
v 0.012567 0.181218 -0.054106
v 0.012567 0.183953 -0.054846
v 0.012567 0.186721 -0.055454
v 0.012567 0.189517 -0.055929
v 0.012567 0.192333 -0.056268
v 0.012567 0.195163 -0.056473
v 0.012567 0.198000 -0.056541
v 0.012567 0.200837 -0.056473
v 0.012567 0.203667 -0.056268
v 0.012567 0.206483 -0.055929
v 0.012567 0.209279 -0.055454
v 0.012567 0.212047 -0.054846
v 0.012567 0.214782 -0.054106
v 0.012567 0.217476 -0.053236
v 0.012567 0.220124 -0.052237
v 0.012567 0.222718 -0.051112
v 0.012567 0.225253 -0.049864
v 0.012567 0.227722 -0.048497
v 0.012567 0.230119 -0.047012
v 0.012567 0.232439 -0.045414
v 0.012567 0.234676 -0.043707
v 0.012567 0.236824 -0.041894
v 0.012567 0.238880 -0.039980
v 0.012567 0.240836 -0.037970
v 0.012567 0.242690 -0.035869
v 0.012567 0.244435 -0.033681
v 0.012567 0.246069 -0.031412
v 0.012567 0.247587 -0.029068
v 0.012567 0.248986 -0.026653
v 0.012567 0.250262 -0.024174
v 0.012567 0.251412 -0.021637
v 0.012567 0.252433 -0.019048
v 0.012567 0.253323 -0.016413
v 0.012567 0.254080 -0.013738
v 0.012567 0.254702 -0.011031
v 0.012567 0.255187 -0.008296
v 0.012567 0.255534 -0.005542
v 0.012567 0.255743 -0.002774
v 0.012402 0.267375 0.000000
v 0.012402 0.267291 0.003329
v 0.012402 0.267041 0.006650
v 0.012402 0.266624 0.009955
v 0.012402 0.266042 0.013237
v 0.012402 0.265296 0.016486
v 0.012402 0.264388 0.019695
v 0.012402 0.263320 0.022858
v 0.012402 0.262094 0.025965
v 0.012402 0.260714 0.029009
v 0.012402 0.259183 0.031984
v 0.012402 0.257505 0.034881
v 0.012402 0.255683 0.037695
v 0.012402 0.253723 0.040417
v 0.012402 0.251628 0.043043
v 0.012402 0.249403 0.045564
v 0.012402 0.247056 0.047976
v 0.012402 0.244589 0.050273
v 0.012402 0.242011 0.052448
v 0.012402 0.239327 0.054497
v 0.012402 0.236543 0.056414
v 0.012402 0.233666 0.058196
v 0.012402 0.230703 0.059837
v 0.012402 0.227662 0.061335
v 0.012402 0.224549 0.062684
v 0.012402 0.221372 0.063883
v 0.012402 0.218139 0.064927
v 0.012402 0.214857 0.065815
v 0.012402 0.211534 0.066545
v 0.012402 0.208179 0.067114
v 0.012402 0.204800 0.067522
v 0.012402 0.201404 0.067767
v 0.012402 0.198000 0.067849
v 0.012402 0.194596 0.067767
v 0.012402 0.191200 0.067522
v 0.012402 0.187821 0.067114
v 0.012402 0.184466 0.066545
v 0.012402 0.181143 0.065815
v 0.012402 0.177861 0.064927
v 0.012402 0.174628 0.063883
v 0.012402 0.171451 0.062684
v 0.012402 0.168338 0.061335
v 0.012402 0.165297 0.059837
v 0.012402 0.162334 0.058196
v 0.012402 0.159457 0.056414
v 0.012402 0.156673 0.054497
v 0.012402 0.153989 0.052448
v 0.012402 0.151411 0.050273
v 0.012402 0.148944 0.047976
v 0.012402 0.146597 0.045564
v 0.012402 0.144372 0.043043
v 0.012402 0.142277 0.040417
v 0.012402 0.140317 0.037695
v 0.012402 0.138495 0.034881
v 0.012402 0.136817 0.031984
v 0.012402 0.135286 0.029009
v 0.012402 0.133906 0.025965
v 0.012402 0.132680 0.022858
v 0.012402 0.131612 0.019695
v 0.012402 0.130704 0.016486
v 0.012402 0.129958 0.013237
v 0.012402 0.129376 0.009955
v 0.012402 0.128959 0.006650
v 0.012402 0.128709 0.003329
v 0.012402 0.128625 0.000000
v 0.012402 0.128709 -0.003329
v 0.012402 0.128959 -0.006650
v 0.012402 0.129376 -0.009955
v 0.012402 0.129958 -0.013237
v 0.012402 0.130704 -0.016486
v 0.012402 0.131612 -0.019695
v 0.012402 0.132680 -0.022858
v 0.012402 0.133906 -0.025965
v 0.012402 0.135286 -0.029009
v 0.012402 0.136817 -0.031984
v 0.012402 0.138495 -0.034881
v 0.012402 0.140317 -0.037695
v 0.012402 0.142277 -0.040417
v 0.012402 0.144372 -0.043043
v 0.012402 0.146597 -0.045564
v 0.012402 0.148944 -0.047976
v 0.012402 0.151411 -0.050273
v 0.012402 0.153989 -0.052448
v 0.012402 0.156673 -0.054497
v 0.012402 0.159457 -0.056414
v 0.012402 0.162334 -0.058196
v 0.012402 0.165297 -0.059837
v 0.012402 0.168338 -0.061335
v 0.012402 0.171451 -0.062684
v 0.012402 0.174628 -0.063883
v 0.012402 0.177861 -0.064927
v 0.012402 0.181143 -0.065815
v 0.012402 0.184466 -0.066545
v 0.012402 0.187821 -0.067114
v 0.012402 0.191200 -0.067522
v 0.012402 0.194596 -0.067767
v 0.012402 0.198000 -0.067849
v 0.012402 0.201404 -0.067767
v 0.012402 0.204800 -0.067522
v 0.012402 0.208179 -0.067114
v 0.012402 0.211534 -0.066545
v 0.012402 0.214857 -0.065815
v 0.012402 0.218139 -0.064927
v 0.012402 0.221372 -0.063883
v 0.012402 0.224549 -0.062684
v 0.012402 0.227662 -0.061335
v 0.012402 0.230703 -0.059837
v 0.012402 0.233666 -0.058196
v 0.012402 0.236543 -0.056414
v 0.012402 0.239327 -0.054497
v 0.012402 0.242011 -0.052448
v 0.012402 0.244589 -0.050273
v 0.012402 0.247056 -0.047976
v 0.012402 0.249403 -0.045564
v 0.012402 0.251628 -0.043043
v 0.012402 0.253723 -0.040417
v 0.012402 0.255683 -0.037695
v 0.012402 0.257505 -0.034881
v 0.012402 0.259183 -0.031984
v 0.012402 0.260714 -0.029009
v 0.012402 0.262094 -0.025965
v 0.012402 0.263320 -0.022858
v 0.012402 0.264388 -0.019695
v 0.012402 0.265296 -0.016486
v 0.012402 0.266042 -0.013237
v 0.012402 0.266624 -0.009955
v 0.012402 0.267041 -0.006650
v 0.012402 0.267291 -0.003329
v 0.012208 0.278937 0.000000
v 0.012208 0.278840 0.003884
v 0.012208 0.278548 0.007759
v 0.012208 0.278061 0.011615
v 0.012208 0.277382 0.015443
v 0.012208 0.276512 0.019234
v 0.012208 0.275452 0.022978
v 0.012208 0.274206 0.026667
v 0.012208 0.272776 0.030292
v 0.012208 0.271167 0.033844
v 0.012208 0.269381 0.037314
v 0.012208 0.267422 0.040695
v 0.012208 0.265297 0.043977
v 0.012208 0.263010 0.047154
v 0.012208 0.260566 0.050217
v 0.012208 0.257971 0.053158
v 0.012208 0.255231 0.055972
v 0.012208 0.252354 0.058651
v 0.012208 0.249346 0.061189
v 0.012208 0.246214 0.063579
v 0.012208 0.242966 0.065817
v 0.012208 0.239610 0.067895
v 0.012208 0.236154 0.069810
v 0.012208 0.232605 0.071557
v 0.012208 0.228973 0.073131
v 0.012208 0.225267 0.074530
v 0.012208 0.221495 0.075748
v 0.012208 0.217666 0.076785
v 0.012208 0.213790 0.077636
v 0.012208 0.209876 0.078300
v 0.012208 0.205933 0.078776
v 0.012208 0.201971 0.079062
v 0.012208 0.198000 0.079157
v 0.012208 0.194029 0.079062
v 0.012208 0.190067 0.078776
v 0.012208 0.186124 0.078300
v 0.012208 0.182210 0.077636
v 0.012208 0.178334 0.076785
v 0.012208 0.174505 0.075748
v 0.012208 0.170733 0.074530
v 0.012208 0.167027 0.073131
v 0.012208 0.163395 0.071557
v 0.012208 0.159846 0.069810
v 0.012208 0.156390 0.067895
v 0.012208 0.153034 0.065817
v 0.012208 0.149786 0.063579
v 0.012208 0.146654 0.061189
v 0.012208 0.143646 0.058651
v 0.012208 0.140769 0.055972
v 0.012208 0.138029 0.053158
v 0.012208 0.135434 0.050217
v 0.012208 0.132990 0.047154
v 0.012208 0.130703 0.043977
v 0.012208 0.128578 0.040695
v 0.012208 0.126619 0.037314
v 0.012208 0.124833 0.033844
v 0.012208 0.123223 0.030292
v 0.012208 0.121794 0.026667
v 0.012208 0.120548 0.022978
v 0.012208 0.119488 0.019234
v 0.012208 0.118618 0.015443
v 0.012208 0.117939 0.011615
v 0.012208 0.117452 0.007759
v 0.012208 0.117160 0.003884
v 0.012208 0.117063 0.000000
v 0.012208 0.117160 -0.003884
v 0.012208 0.117452 -0.007759
v 0.012208 0.117939 -0.011615
v 0.012208 0.118618 -0.015443
v 0.012208 0.119488 -0.019234
v 0.012208 0.120548 -0.022978
v 0.012208 0.121794 -0.026667
v 0.012208 0.123223 -0.030292
v 0.012208 0.124833 -0.033844
v 0.012208 0.126619 -0.037314
v 0.012208 0.128578 -0.040695
v 0.012208 0.130703 -0.043977
v 0.012208 0.132990 -0.047154
v 0.012208 0.135434 -0.050217
v 0.012208 0.138029 -0.053159
v 0.012208 0.140769 -0.055972
v 0.012208 0.143646 -0.058651
v 0.012208 0.146654 -0.061189
v 0.012208 0.149786 -0.063579
v 0.012208 0.153034 -0.065817
v 0.012208 0.156390 -0.067895
v 0.012208 0.159846 -0.069810
v 0.012208 0.163395 -0.071557
v 0.012208 0.167027 -0.073131
v 0.012208 0.170733 -0.074530
v 0.012208 0.174505 -0.075748
v 0.012208 0.178334 -0.076785
v 0.012208 0.182210 -0.077636
v 0.012208 0.186124 -0.078300
v 0.012208 0.190067 -0.078776
v 0.012208 0.194029 -0.079062
v 0.012208 0.198000 -0.079157
v 0.012208 0.201971 -0.079062
v 0.012208 0.205933 -0.078776
v 0.012208 0.209876 -0.078300
v 0.012208 0.213790 -0.077636
v 0.012208 0.217666 -0.076785
v 0.012208 0.221495 -0.075748
v 0.012208 0.225267 -0.074530
v 0.012208 0.228973 -0.073131
v 0.012208 0.232605 -0.071557
v 0.012208 0.236154 -0.069810
v 0.012208 0.239610 -0.067895
v 0.012208 0.242966 -0.065817
v 0.012208 0.246214 -0.063579
v 0.012208 0.249346 -0.061189
v 0.012208 0.252354 -0.058651
v 0.012208 0.255231 -0.055972
v 0.012208 0.257971 -0.053159
v 0.012208 0.260566 -0.050217
v 0.012208 0.263010 -0.047154
v 0.012208 0.265297 -0.043977
v 0.012208 0.267422 -0.040695
v 0.012208 0.269381 -0.037314
v 0.012208 0.271167 -0.033844
v 0.012208 0.272776 -0.030292
v 0.012208 0.274206 -0.026667
v 0.012208 0.275452 -0.022978
v 0.012208 0.276512 -0.019234
v 0.012208 0.277382 -0.015443
v 0.012208 0.278061 -0.011615
v 0.012208 0.278548 -0.007759
v 0.012208 0.278840 -0.003884
v 0.011983 0.290500 0.000000
v 0.011983 0.290389 0.004439
v 0.011983 0.290055 0.008867
v 0.011983 0.289499 0.013274
v 0.011983 0.288723 0.017649
v 0.011983 0.287728 0.021981
v 0.011983 0.286517 0.026261
v 0.011983 0.285093 0.030477
v 0.011983 0.283459 0.034619
v 0.011983 0.281619 0.038679
v 0.011983 0.279578 0.042645
v 0.011983 0.277340 0.046508
v 0.011983 0.274911 0.050260
v 0.011983 0.272297 0.053890
v 0.011983 0.269503 0.057390
v 0.011983 0.266538 0.060753
v 0.011983 0.263407 0.063968
v 0.011983 0.260119 0.067030
v 0.011983 0.256681 0.069930
v 0.011983 0.253102 0.072662
v 0.011983 0.249390 0.075219
v 0.011983 0.245555 0.077594
v 0.011983 0.241604 0.079783
v 0.011983 0.237549 0.081779
v 0.011983 0.233398 0.083579
v 0.011983 0.229162 0.085177
v 0.011983 0.224851 0.086570
v 0.011983 0.220476 0.087754
v 0.011983 0.216046 0.088727
v 0.011983 0.211573 0.089486
v 0.011983 0.207067 0.090029
v 0.011983 0.202539 0.090356
v 0.011983 0.198000 0.090465
v 0.011983 0.193461 0.090356
v 0.011983 0.188933 0.090029
v 0.011983 0.184427 0.089486
v 0.011983 0.179954 0.088727
v 0.011983 0.175524 0.087754
v 0.011983 0.171149 0.086570
v 0.011983 0.166838 0.085177
v 0.011983 0.162602 0.083579
v 0.011983 0.158451 0.081779
v 0.011983 0.154396 0.079783
v 0.011983 0.150445 0.077594
v 0.011983 0.146610 0.075219
v 0.011983 0.142898 0.072662
v 0.011983 0.139319 0.069930
v 0.011983 0.135881 0.067030
v 0.011983 0.132593 0.063968
v 0.011983 0.129462 0.060753
v 0.011983 0.126497 0.057390
v 0.011983 0.123703 0.053890
v 0.011983 0.121089 0.050260
v 0.011983 0.118660 0.046508
v 0.011983 0.116422 0.042645
v 0.011983 0.114381 0.038679
v 0.011983 0.112541 0.034619
v 0.011983 0.110907 0.030477
v 0.011983 0.109483 0.026261
v 0.011983 0.108272 0.021981
v 0.011983 0.107277 0.017649
v 0.011983 0.106501 0.013274
v 0.011983 0.105945 0.008867
v 0.011983 0.105611 0.004439
v 0.011983 0.105500 0.000000
v 0.011983 0.105611 -0.004439
v 0.011983 0.105945 -0.008867
v 0.011983 0.106501 -0.013274
v 0.011983 0.107277 -0.017649
v 0.011983 0.108272 -0.021981
v 0.011983 0.109483 -0.026261
v 0.011983 0.110907 -0.030477
v 0.011983 0.112541 -0.034619
v 0.011983 0.114381 -0.038679
v 0.011983 0.116422 -0.042645
v 0.011983 0.118660 -0.046508
v 0.011983 0.121089 -0.050260
v 0.011983 0.123703 -0.053890
v 0.011983 0.126497 -0.057390
v 0.011983 0.129462 -0.060753
v 0.011983 0.132593 -0.063968
v 0.011983 0.135881 -0.067030
v 0.011983 0.139319 -0.069930
v 0.011983 0.142898 -0.072662
v 0.011983 0.146610 -0.075219
v 0.011983 0.150445 -0.077594
v 0.011983 0.154396 -0.079783
v 0.011983 0.158451 -0.081779
v 0.011983 0.162602 -0.083579
v 0.011983 0.166838 -0.085177
v 0.011983 0.171149 -0.086570
v 0.011983 0.175524 -0.087754
v 0.011983 0.179954 -0.088727
v 0.011983 0.184427 -0.089486
v 0.011983 0.188933 -0.090029
v 0.011983 0.193461 -0.090356
v 0.011983 0.198000 -0.090465
v 0.011983 0.202539 -0.090356
v 0.011983 0.207067 -0.090029
v 0.011983 0.211573 -0.089486
v 0.011983 0.216046 -0.088727
v 0.011983 0.220476 -0.087754
v 0.011983 0.224851 -0.086570
v 0.011983 0.229162 -0.085177
v 0.011983 0.233398 -0.083579
v 0.011983 0.237549 -0.081779
v 0.011983 0.241604 -0.079783
v 0.011983 0.245555 -0.077594
v 0.011983 0.249390 -0.075219
v 0.011983 0.253102 -0.072662
v 0.011983 0.256681 -0.069930
v 0.011983 0.260119 -0.067030
v 0.011983 0.263407 -0.063968
v 0.011983 0.266538 -0.060753
v 0.011983 0.269503 -0.057390
v 0.011983 0.272297 -0.053890
v 0.011983 0.274911 -0.050260
v 0.011983 0.277340 -0.046508
v 0.011983 0.279578 -0.042645
v 0.011983 0.281619 -0.038679
v 0.011983 0.283459 -0.034619
v 0.011983 0.285093 -0.030477
v 0.011983 0.286517 -0.026261
v 0.011983 0.287728 -0.021981
v 0.011983 0.288723 -0.017649
v 0.011983 0.289499 -0.013274
v 0.011983 0.290055 -0.008867
v 0.011983 0.290389 -0.004439
v 0.011729 0.302063 0.000000
v 0.011729 0.301937 0.004994
v 0.011729 0.301561 0.009975
v 0.011729 0.300936 0.014933
v 0.011729 0.300063 0.019855
v 0.011729 0.298944 0.024729
v 0.011729 0.297582 0.029543
v 0.011729 0.295979 0.034286
v 0.011729 0.294141 0.038947
v 0.011729 0.292071 0.043514
v 0.011729 0.289775 0.047976
v 0.011729 0.287257 0.052322
v 0.011729 0.284525 0.056542
v 0.011729 0.281584 0.060626
v 0.011729 0.278441 0.064564
v 0.011729 0.275105 0.068347
v 0.011729 0.271583 0.071964
v 0.011729 0.267884 0.075409
v 0.011729 0.264017 0.078672
v 0.011729 0.259990 0.081745
v 0.011729 0.255814 0.084621
v 0.011729 0.251499 0.087294
v 0.011729 0.247055 0.089756
v 0.011729 0.242492 0.092002
v 0.011729 0.237823 0.094026
v 0.011729 0.233058 0.095824
v 0.011729 0.228208 0.097391
v 0.011729 0.223285 0.098723
v 0.011729 0.218302 0.099818
v 0.011729 0.213269 0.100672
v 0.011729 0.208200 0.101283
v 0.011729 0.203106 0.101651
v 0.011729 0.198000 0.101773
v 0.011729 0.192894 0.101651
v 0.011729 0.187800 0.101283
v 0.011729 0.182731 0.100672
v 0.011729 0.177698 0.099818
v 0.011729 0.172715 0.098723
v 0.011729 0.167792 0.097391
v 0.011729 0.162942 0.095824
v 0.011729 0.158177 0.094026
v 0.011729 0.153508 0.092002
v 0.011729 0.148945 0.089756
v 0.011729 0.144501 0.087294
v 0.011729 0.140186 0.084621
v 0.011729 0.136010 0.081745
v 0.011729 0.131983 0.078672
v 0.011729 0.128116 0.075409
v 0.011729 0.124417 0.071964
v 0.011729 0.120895 0.068347
v 0.011729 0.117559 0.064564
v 0.011729 0.114416 0.060626
v 0.011729 0.111475 0.056542
v 0.011729 0.108743 0.052322
v 0.011729 0.106225 0.047976
v 0.011729 0.103929 0.043514
v 0.011729 0.101859 0.038947
v 0.011729 0.100021 0.034286
v 0.011729 0.098418 0.029543
v 0.011729 0.097056 0.024729
v 0.011729 0.095937 0.019855
v 0.011729 0.095064 0.014933
v 0.011729 0.094439 0.009975
v 0.011729 0.094063 0.004994
v 0.011729 0.093938 0.000000
v 0.011729 0.094063 -0.004994
v 0.011729 0.094439 -0.009976
v 0.011729 0.095064 -0.014933
v 0.011729 0.095937 -0.019855
v 0.011729 0.097056 -0.024729
v 0.011729 0.098418 -0.029543
v 0.011729 0.100021 -0.034286
v 0.011729 0.101859 -0.038947
v 0.011729 0.103929 -0.043514
v 0.011729 0.106225 -0.047976
v 0.011729 0.108743 -0.052322
v 0.011729 0.111475 -0.056542
v 0.011729 0.114416 -0.060626
v 0.011729 0.117559 -0.064564
v 0.011729 0.120895 -0.068347
v 0.011729 0.124417 -0.071964
v 0.011729 0.128116 -0.075409
v 0.011729 0.131983 -0.078672
v 0.011729 0.136010 -0.081745
v 0.011729 0.140186 -0.084621
v 0.011729 0.144501 -0.087294
v 0.011729 0.148945 -0.089756
v 0.011729 0.153508 -0.092002
v 0.011729 0.158177 -0.094026
v 0.011729 0.162942 -0.095824
v 0.011729 0.167792 -0.097391
v 0.011729 0.172715 -0.098723
v 0.011729 0.177698 -0.099818
v 0.011729 0.182731 -0.100672
v 0.011729 0.187800 -0.101283
v 0.011729 0.192894 -0.101651
v 0.011729 0.198000 -0.101773
v 0.011729 0.203106 -0.101651
v 0.011729 0.208200 -0.101283
v 0.011729 0.213269 -0.100672
v 0.011729 0.218302 -0.099818
v 0.011729 0.223285 -0.098723
v 0.011729 0.228208 -0.097391
v 0.011729 0.233058 -0.095824
v 0.011729 0.237823 -0.094026
v 0.011729 0.242492 -0.092002
v 0.011729 0.247055 -0.089756
v 0.011729 0.251499 -0.087294
v 0.011729 0.255814 -0.084621
v 0.011729 0.259990 -0.081745
v 0.011729 0.264017 -0.078672
v 0.011729 0.267884 -0.075409
v 0.011729 0.271583 -0.071964
v 0.011729 0.275105 -0.068347
v 0.011729 0.278441 -0.064564
v 0.011729 0.281584 -0.060626
v 0.011729 0.284525 -0.056542
v 0.011729 0.287257 -0.052322
v 0.011729 0.289775 -0.047976
v 0.011729 0.292071 -0.043514
v 0.011729 0.294141 -0.038947
v 0.011729 0.295979 -0.034286
v 0.011729 0.297582 -0.029543
v 0.011729 0.298944 -0.024729
v 0.011729 0.300063 -0.019855
v 0.011729 0.300936 -0.014933
v 0.011729 0.301561 -0.009976
v 0.011729 0.301937 -0.004994
v 0.011445 0.313625 0.000000
v 0.011445 0.313486 0.005549
v 0.011445 0.313068 0.011084
v 0.011445 0.312374 0.016592
v 0.011445 0.311403 0.022061
v 0.011445 0.310160 0.027476
v 0.011445 0.308646 0.032826
v 0.011445 0.306866 0.038096
v 0.011445 0.304824 0.043274
v 0.011445 0.302524 0.048348
v 0.011445 0.299972 0.053306
v 0.011445 0.297175 0.058135
v 0.011445 0.294139 0.062825
v 0.011445 0.290871 0.067362
v 0.011445 0.287379 0.071738
v 0.011445 0.283672 0.075941
v 0.011445 0.279759 0.079960
v 0.011445 0.275649 0.083788
v 0.011445 0.271352 0.087413
v 0.011445 0.266878 0.090828
v 0.011445 0.262238 0.094024
v 0.011445 0.257443 0.096993
v 0.011445 0.252505 0.099729
v 0.011445 0.247436 0.102224
v 0.011445 0.242248 0.104473
v 0.011445 0.236953 0.106471
v 0.011445 0.231564 0.108212
v 0.011445 0.226095 0.109692
v 0.011445 0.220557 0.110908
v 0.011445 0.214966 0.111857
v 0.011445 0.209333 0.112537
v 0.011445 0.203673 0.112945
v 0.011445 0.198000 0.113081
v 0.011445 0.192327 0.112945
v 0.011445 0.186667 0.112537
v 0.011445 0.181034 0.111857
v 0.011445 0.175443 0.110908
v 0.011445 0.169905 0.109692
v 0.011445 0.164436 0.108212
v 0.011445 0.159047 0.106471
v 0.011445 0.153752 0.104473
v 0.011445 0.148564 0.102224
v 0.011445 0.143495 0.099729
v 0.011445 0.138557 0.096993
v 0.011445 0.133762 0.094024
v 0.011445 0.129122 0.090828
v 0.011445 0.124648 0.087413
v 0.011445 0.120351 0.083788
v 0.011445 0.116241 0.079960
v 0.011445 0.112328 0.075941
v 0.011445 0.108621 0.071738
v 0.011445 0.105129 0.067362
v 0.011445 0.101861 0.062825
v 0.011445 0.098825 0.058135
v 0.011445 0.096028 0.053306
v 0.011445 0.093476 0.048348
v 0.011445 0.091176 0.043274
v 0.011445 0.089134 0.038096
v 0.011445 0.087354 0.032826
v 0.011445 0.085840 0.027476
v 0.011445 0.084597 0.022061
v 0.011445 0.083626 0.016592
v 0.011445 0.082932 0.011084
v 0.011445 0.082514 0.005549
v 0.011445 0.082375 0.000000
v 0.011445 0.082514 -0.005549
v 0.011445 0.082932 -0.011084
v 0.011445 0.083626 -0.016592
v 0.011445 0.084597 -0.022061
v 0.011445 0.085840 -0.027477
v 0.011445 0.087354 -0.032826
v 0.011445 0.089134 -0.038096
v 0.011445 0.091176 -0.043274
v 0.011445 0.093476 -0.048348
v 0.011445 0.096028 -0.053306
v 0.011445 0.098825 -0.058135
v 0.011445 0.101861 -0.062825
v 0.011445 0.105129 -0.067362
v 0.011445 0.108621 -0.071738
v 0.011445 0.112328 -0.075941
v 0.011445 0.116241 -0.079961
v 0.011445 0.120351 -0.083788
v 0.011445 0.124648 -0.087413
v 0.011445 0.129122 -0.090828
v 0.011445 0.133762 -0.094024
v 0.011445 0.138557 -0.096993
v 0.011445 0.143495 -0.099729
v 0.011445 0.148564 -0.102224
v 0.011445 0.153752 -0.104473
v 0.011445 0.159047 -0.106471
v 0.011445 0.164436 -0.108212
v 0.011445 0.169905 -0.109692
v 0.011445 0.175443 -0.110908
v 0.011445 0.181034 -0.111857
v 0.011445 0.186667 -0.112537
v 0.011445 0.192327 -0.112945
v 0.011445 0.198000 -0.113081
v 0.011445 0.203673 -0.112945
v 0.011445 0.209333 -0.112537
v 0.011445 0.214966 -0.111857
v 0.011445 0.220557 -0.110908
v 0.011445 0.226095 -0.109692
v 0.011445 0.231564 -0.108212
v 0.011445 0.236953 -0.106471
v 0.011445 0.242248 -0.104473
v 0.011445 0.247436 -0.102224
v 0.011445 0.252505 -0.099729
v 0.011445 0.257443 -0.096993
v 0.011445 0.262238 -0.094024
v 0.011445 0.266878 -0.090828
v 0.011445 0.271352 -0.087413
v 0.011445 0.275649 -0.083788
v 0.011445 0.279759 -0.079961
v 0.011445 0.283672 -0.075941
v 0.011445 0.287379 -0.071738
v 0.011445 0.290871 -0.067362
v 0.011445 0.294139 -0.062825
v 0.011445 0.297175 -0.058135
v 0.011445 0.299972 -0.053306
v 0.011445 0.302524 -0.048348
v 0.011445 0.304824 -0.043274
v 0.011445 0.306866 -0.038096
v 0.011445 0.308646 -0.032826
v 0.011445 0.310160 -0.027477
v 0.011445 0.311403 -0.022061
v 0.011445 0.312374 -0.016592
v 0.011445 0.313068 -0.011084
v 0.011445 0.313486 -0.005549
v 0.011131 0.325188 0.000000
v 0.011131 0.325034 0.006103
v 0.011131 0.324575 0.012192
v 0.011131 0.323811 0.018252
v 0.011131 0.322744 0.024267
v 0.011131 0.321376 0.030224
v 0.011131 0.319711 0.036108
v 0.011131 0.317753 0.041905
v 0.011131 0.315506 0.047602
v 0.011131 0.312976 0.053183
v 0.011131 0.310169 0.058637
v 0.011131 0.307092 0.063949
v 0.011131 0.303753 0.069107
v 0.011131 0.300158 0.074099
v 0.011131 0.296317 0.078912
v 0.011131 0.292240 0.083535
v 0.011131 0.287935 0.087957
v 0.011131 0.283414 0.092166
v 0.011131 0.278687 0.096154
v 0.011131 0.273766 0.099910
v 0.011131 0.268662 0.103426
v 0.011131 0.263387 0.106692
v 0.011131 0.257956 0.109702
v 0.011131 0.252380 0.112447
v 0.011131 0.246673 0.114921
v 0.011131 0.240848 0.117118
v 0.011131 0.234921 0.119033
v 0.011131 0.228904 0.120662
v 0.011131 0.222813 0.121999
v 0.011131 0.216662 0.123043
v 0.011131 0.210467 0.123790
v 0.011131 0.204241 0.124240
v 0.011131 0.198000 0.124389
v 0.011131 0.191759 0.124240
v 0.011131 0.185533 0.123790
v 0.011131 0.179338 0.123043
v 0.011131 0.173187 0.121999
v 0.011131 0.167096 0.120662
v 0.011131 0.161079 0.119033
v 0.011131 0.155152 0.117118
v 0.011131 0.149327 0.114921
v 0.011131 0.143620 0.112447
v 0.011131 0.138044 0.109702
v 0.011131 0.132613 0.106692
v 0.011131 0.127338 0.103426
v 0.011131 0.122234 0.099910
v 0.011131 0.117313 0.096154
v 0.011131 0.112586 0.092166
v 0.011131 0.108065 0.087957
v 0.011131 0.103760 0.083535
v 0.011131 0.099683 0.078912
v 0.011131 0.095842 0.074099
v 0.011131 0.092247 0.069107
v 0.011131 0.088908 0.063949
v 0.011131 0.085831 0.058637
v 0.011131 0.083024 0.053183
v 0.011131 0.080494 0.047602
v 0.011131 0.078247 0.041905
v 0.011131 0.076289 0.036108
v 0.011131 0.074624 0.030224
v 0.011131 0.073256 0.024267
v 0.011131 0.072189 0.018252
v 0.011131 0.071425 0.012192
v 0.011131 0.070966 0.006103
v 0.011131 0.070812 0.000000
v 0.011131 0.070966 -0.006104
v 0.011131 0.071425 -0.012192
v 0.011131 0.072189 -0.018252
v 0.011131 0.073256 -0.024267
v 0.011131 0.074624 -0.030224
v 0.011131 0.076289 -0.036108
v 0.011131 0.078247 -0.041906
v 0.011131 0.080494 -0.047602
v 0.011131 0.083024 -0.053183
v 0.011131 0.085831 -0.058637
v 0.011131 0.088908 -0.063949
v 0.011131 0.092247 -0.069107
v 0.011131 0.095842 -0.074099
v 0.011131 0.099683 -0.078912
v 0.011131 0.103760 -0.083535
v 0.011131 0.108065 -0.087957
v 0.011131 0.112586 -0.092166
v 0.011131 0.117313 -0.096154
v 0.011131 0.122234 -0.099910
v 0.011131 0.127338 -0.103426
v 0.011131 0.132613 -0.106692
v 0.011131 0.138044 -0.109702
v 0.011131 0.143620 -0.112447
v 0.011131 0.149327 -0.114921
v 0.011131 0.155152 -0.117118
v 0.011131 0.161079 -0.119033
v 0.011131 0.167096 -0.120662
v 0.011131 0.173187 -0.121999
v 0.011131 0.179338 -0.123043
v 0.011131 0.185533 -0.123790
v 0.011131 0.191759 -0.124240
v 0.011131 0.198000 -0.124389
v 0.011131 0.204241 -0.124240
v 0.011131 0.210467 -0.123790
v 0.011131 0.216662 -0.123043
v 0.011131 0.222813 -0.121999
v 0.011131 0.228904 -0.120662
v 0.011131 0.234921 -0.119033
v 0.011131 0.240848 -0.117118
v 0.011131 0.246673 -0.114921
v 0.011131 0.252380 -0.112447
v 0.011131 0.257956 -0.109702
v 0.011131 0.263387 -0.106692
v 0.011131 0.268662 -0.103426
v 0.011131 0.273766 -0.099910
v 0.011131 0.278687 -0.096154
v 0.011131 0.283414 -0.092166
v 0.011131 0.287935 -0.087957
v 0.011131 0.292240 -0.083535
v 0.011131 0.296317 -0.078912
v 0.011131 0.300158 -0.074099
v 0.011131 0.303753 -0.069107
v 0.011131 0.307092 -0.063949
v 0.011131 0.310169 -0.058637
v 0.011131 0.312976 -0.053183
v 0.011131 0.315506 -0.047602
v 0.011131 0.317753 -0.041906
v 0.011131 0.319711 -0.036108
v 0.011131 0.321376 -0.030224
v 0.011131 0.322744 -0.024267
v 0.011131 0.323811 -0.018252
v 0.011131 0.324575 -0.012192
v 0.011131 0.325034 -0.006104
v 0.010787 0.336750 0.000000
v 0.010787 0.336583 0.006658
v 0.010787 0.336082 0.013301
v 0.010787 0.335248 0.019911
v 0.010787 0.334084 0.026473
v 0.010787 0.332592 0.032972
v 0.010787 0.330775 0.039391
v 0.010787 0.328639 0.045715
v 0.010787 0.326188 0.051929
v 0.010787 0.323429 0.058018
v 0.010787 0.320367 0.063967
v 0.010787 0.317010 0.069762
v 0.010787 0.313366 0.075389
v 0.010787 0.309445 0.080835
v 0.010787 0.305255 0.086086
v 0.010787 0.300807 0.091129
v 0.010787 0.296111 0.095953
v 0.010787 0.291179 0.100545
v 0.010787 0.286022 0.104896
v 0.010787 0.280653 0.108993
v 0.010787 0.275085 0.112828
v 0.010787 0.269332 0.116392
v 0.010787 0.263406 0.119675
v 0.010787 0.257323 0.122669
v 0.010787 0.251097 0.125368
v 0.010787 0.244743 0.127765
v 0.010787 0.238277 0.129854
v 0.010787 0.231714 0.131631
v 0.010787 0.225069 0.133090
v 0.010787 0.218359 0.134229
v 0.010787 0.211600 0.135044
v 0.010787 0.204808 0.135534
v 0.010787 0.198000 0.135697
v 0.010787 0.191192 0.135534
v 0.010787 0.184400 0.135044
v 0.010787 0.177641 0.134229
v 0.010787 0.170931 0.133090
v 0.010787 0.164286 0.131631
v 0.010787 0.157723 0.129854
v 0.010787 0.151257 0.127765
v 0.010787 0.144903 0.125368
v 0.010787 0.138677 0.122669
v 0.010787 0.132594 0.119675
v 0.010787 0.126668 0.116392
v 0.010787 0.120915 0.112828
v 0.010787 0.115347 0.108993
v 0.010787 0.109978 0.104896
v 0.010787 0.104821 0.100545
v 0.010787 0.099889 0.095953
v 0.010787 0.095193 0.091129
v 0.010787 0.090745 0.086086
v 0.010787 0.086555 0.080835
v 0.010787 0.082634 0.075389
v 0.010787 0.078990 0.069762
v 0.010787 0.075633 0.063967
v 0.010787 0.072571 0.058018
v 0.010787 0.069812 0.051929
v 0.010787 0.067361 0.045715
v 0.010787 0.065225 0.039391
v 0.010787 0.063408 0.032972
v 0.010787 0.061916 0.026473
v 0.010787 0.060752 0.019911
v 0.010787 0.059918 0.013301
v 0.010787 0.059417 0.006658
v 0.010787 0.059250 0.000000
v 0.010787 0.059417 -0.006658
v 0.010787 0.059918 -0.013301
v 0.010787 0.060752 -0.019911
v 0.010787 0.061916 -0.026473
v 0.010787 0.063408 -0.032972
v 0.010787 0.065225 -0.039391
v 0.010787 0.067361 -0.045715
v 0.010787 0.069812 -0.051929
v 0.010787 0.072571 -0.058018
v 0.010787 0.075633 -0.063967
v 0.010787 0.078990 -0.069762
v 0.010787 0.082634 -0.075390
v 0.010787 0.086555 -0.080835
v 0.010787 0.090745 -0.086086
v 0.010787 0.095193 -0.091129
v 0.010787 0.099889 -0.095953
v 0.010787 0.104821 -0.100545
v 0.010787 0.109978 -0.104896
v 0.010787 0.115347 -0.108993
v 0.010787 0.120915 -0.112828
v 0.010787 0.126668 -0.116392
v 0.010787 0.132594 -0.119675
v 0.010787 0.138677 -0.122669
v 0.010787 0.144903 -0.125368
v 0.010787 0.151257 -0.127765
v 0.010787 0.157723 -0.129854
v 0.010787 0.164286 -0.131631
v 0.010787 0.170931 -0.133090
v 0.010787 0.177641 -0.134229
v 0.010787 0.184400 -0.135044
v 0.010787 0.191192 -0.135534
v 0.010787 0.198000 -0.135698
v 0.010787 0.204808 -0.135534
v 0.010787 0.211600 -0.135044
v 0.010787 0.218359 -0.134229
v 0.010787 0.225069 -0.133090
v 0.010787 0.231714 -0.131631
v 0.010787 0.238277 -0.129854
v 0.010787 0.244743 -0.127765
v 0.010787 0.251097 -0.125368
v 0.010787 0.257323 -0.122669
v 0.010787 0.263406 -0.119675
v 0.010787 0.269332 -0.116392
v 0.010787 0.275085 -0.112828
v 0.010787 0.280653 -0.108993
v 0.010787 0.286022 -0.104896
v 0.010787 0.291179 -0.100545
v 0.010787 0.296111 -0.095953
v 0.010787 0.300807 -0.091129
v 0.010787 0.305255 -0.086086
v 0.010787 0.309445 -0.080835
v 0.010787 0.313366 -0.075390
v 0.010787 0.317010 -0.069762
v 0.010787 0.320367 -0.063967
v 0.010787 0.323429 -0.058018
v 0.010787 0.326188 -0.051929
v 0.010787 0.328639 -0.045715
v 0.010787 0.330775 -0.039391
v 0.010787 0.332592 -0.032972
v 0.010787 0.334084 -0.026473
v 0.010787 0.335248 -0.019911
v 0.010787 0.336082 -0.013301
v 0.010787 0.336583 -0.006658
v 0.010413 0.348312 0.000000
v 0.010413 0.348131 0.007213
v 0.010413 0.347589 0.014409
v 0.010413 0.346686 0.021570
v 0.010413 0.345424 0.028679
v 0.010413 0.343808 0.035719
v 0.010413 0.341840 0.042673
v 0.010413 0.339526 0.049525
v 0.010413 0.336871 0.056257
v 0.010413 0.333881 0.062853
v 0.010413 0.330564 0.069298
v 0.010413 0.326927 0.075576
v 0.010413 0.322980 0.081672
v 0.010413 0.318732 0.087571
v 0.010413 0.314193 0.093259
v 0.010413 0.309374 0.098723
v 0.010413 0.304287 0.103949
v 0.010413 0.298944 0.108924
v 0.010413 0.293357 0.113637
v 0.010413 0.287541 0.118076
v 0.010413 0.281509 0.122231
v 0.010413 0.275276 0.126091
v 0.010413 0.268857 0.129647
v 0.010413 0.262267 0.132892
v 0.010413 0.255522 0.135815
v 0.010413 0.248639 0.138412
v 0.010413 0.241633 0.140676
v 0.010413 0.234523 0.142600
v 0.010413 0.227325 0.144181
v 0.010413 0.220055 0.145415
v 0.010413 0.212733 0.146298
v 0.010413 0.205375 0.146829
v 0.010413 0.198000 0.147006
v 0.010413 0.190625 0.146829
v 0.010413 0.183267 0.146298
v 0.010413 0.175945 0.145415
v 0.010413 0.168675 0.144181
v 0.010413 0.161477 0.142600
v 0.010413 0.154367 0.140676
v 0.010413 0.147361 0.138412
v 0.010413 0.140478 0.135815
v 0.010413 0.133733 0.132892
v 0.010413 0.127143 0.129647
v 0.010413 0.120724 0.126091
v 0.010413 0.114491 0.122231
v 0.010413 0.108459 0.118076
v 0.010413 0.102643 0.113637
v 0.010413 0.097056 0.108924
v 0.010413 0.091713 0.103949
v 0.010413 0.086626 0.098723
v 0.010413 0.081807 0.093259
v 0.010413 0.077268 0.087571
v 0.010413 0.073020 0.081672
v 0.010413 0.069073 0.075576
v 0.010413 0.065436 0.069298
v 0.010413 0.062119 0.062853
v 0.010413 0.059129 0.056257
v 0.010413 0.056474 0.049525
v 0.010413 0.054160 0.042673
v 0.010413 0.052192 0.035719
v 0.010413 0.050576 0.028679
v 0.010413 0.049314 0.021570
v 0.010413 0.048411 0.014409
v 0.010413 0.047869 0.007213
v 0.010413 0.047688 0.000000
v 0.010413 0.047869 -0.007213
v 0.010413 0.048411 -0.014409
v 0.010413 0.049314 -0.021570
v 0.010413 0.050576 -0.028679
v 0.010413 0.052192 -0.035719
v 0.010413 0.054160 -0.042673
v 0.010413 0.056474 -0.049525
v 0.010413 0.059129 -0.056257
v 0.010413 0.062119 -0.062853
v 0.010413 0.065436 -0.069298
v 0.010413 0.069073 -0.075576
v 0.010413 0.073020 -0.081672
v 0.010413 0.077268 -0.087571
v 0.010413 0.081807 -0.093259
v 0.010413 0.086626 -0.098723
v 0.010413 0.091713 -0.103949
v 0.010413 0.097056 -0.108924
v 0.010413 0.102643 -0.113637
v 0.010413 0.108459 -0.118076
v 0.010413 0.114491 -0.122231
v 0.010413 0.120724 -0.126091
v 0.010413 0.127143 -0.129647
v 0.010413 0.133733 -0.132892
v 0.010413 0.140478 -0.135816
v 0.010413 0.147361 -0.138412
v 0.010413 0.154367 -0.140676
v 0.010413 0.161477 -0.142600
v 0.010413 0.168675 -0.144181
v 0.010413 0.175945 -0.145415
v 0.010413 0.183267 -0.146298
v 0.010413 0.190625 -0.146829
v 0.010413 0.198000 -0.147006
v 0.010413 0.205375 -0.146829
v 0.010413 0.212733 -0.146298
v 0.010413 0.220055 -0.145415
v 0.010413 0.227325 -0.144181
v 0.010413 0.234523 -0.142600
v 0.010413 0.241633 -0.140676
v 0.010413 0.248639 -0.138412
v 0.010413 0.255522 -0.135816
v 0.010413 0.262267 -0.132892
v 0.010413 0.268857 -0.129647
v 0.010413 0.275276 -0.126091
v 0.010413 0.281509 -0.122231
v 0.010413 0.287541 -0.118076
v 0.010413 0.293357 -0.113637
v 0.010413 0.298944 -0.108924
v 0.010413 0.304287 -0.103949
v 0.010413 0.309374 -0.098723
v 0.010413 0.314193 -0.093259
v 0.010413 0.318732 -0.087571
v 0.010413 0.322980 -0.081672
v 0.010413 0.326927 -0.075576
v 0.010413 0.330564 -0.069298
v 0.010413 0.333881 -0.062853
v 0.010413 0.336871 -0.056257
v 0.010413 0.339526 -0.049525
v 0.010413 0.341840 -0.042673
v 0.010413 0.343808 -0.035719
v 0.010413 0.345424 -0.028679
v 0.010413 0.346686 -0.021570
v 0.010413 0.347589 -0.014409
v 0.010413 0.348131 -0.007213
v 0.010009 0.359875 0.000000
v 0.010009 0.359680 0.007768
v 0.010009 0.359096 0.015517
v 0.010009 0.358123 0.023229
v 0.010009 0.356765 0.030885
v 0.010009 0.355024 0.038467
v 0.010009 0.352905 0.045956
v 0.010009 0.350412 0.053334
v 0.010009 0.347553 0.060584
v 0.010009 0.344333 0.067688
v 0.010009 0.340761 0.074629
v 0.010009 0.336845 0.081390
v 0.010009 0.332594 0.087954
v 0.010009 0.328019 0.094307
v 0.010009 0.323131 0.100433
v 0.010009 0.317941 0.106317
v 0.010009 0.312463 0.111945
v 0.010009 0.306709 0.117303
v 0.010009 0.300692 0.122378
v 0.010009 0.294429 0.127159
v 0.010009 0.287933 0.131633
v 0.010009 0.281220 0.135790
v 0.010009 0.274307 0.139620
v 0.010009 0.267210 0.143114
v 0.010009 0.259947 0.146263
v 0.010009 0.252534 0.149059
v 0.010009 0.244990 0.151497
v 0.010009 0.237332 0.153569
v 0.010009 0.229580 0.155272
v 0.010009 0.221752 0.156600
v 0.010009 0.213867 0.157551
v 0.010009 0.205943 0.158123
v 0.010009 0.198000 0.158314
v 0.010009 0.190057 0.158123
v 0.010009 0.182133 0.157551
v 0.010009 0.174248 0.156600
v 0.010009 0.166420 0.155272
v 0.010009 0.158668 0.153569
v 0.010009 0.151010 0.151497
v 0.010009 0.143466 0.149059
v 0.010009 0.136053 0.146263
v 0.010009 0.128790 0.143114
v 0.010009 0.121693 0.139620
v 0.010009 0.114780 0.135790
v 0.010009 0.108067 0.131633
v 0.010009 0.101571 0.127159
v 0.010009 0.095308 0.122378
v 0.010009 0.089291 0.117303
v 0.010009 0.083537 0.111945
v 0.010009 0.078059 0.106317
v 0.010009 0.072869 0.100433
v 0.010009 0.067981 0.094307
v 0.010009 0.063406 0.087954
v 0.010009 0.059155 0.081390
v 0.010009 0.055239 0.074629
v 0.010009 0.051667 0.067688
v 0.010009 0.048447 0.060584
v 0.010009 0.045588 0.053334
v 0.010009 0.043095 0.045956
v 0.010009 0.040976 0.038467
v 0.010009 0.039235 0.030885
v 0.010009 0.037877 0.023229
v 0.010009 0.036904 0.015517
v 0.010009 0.036320 0.007768
v 0.010009 0.036125 0.000000
v 0.010009 0.036320 -0.007768
v 0.010009 0.036904 -0.015517
v 0.010009 0.037877 -0.023229
v 0.010009 0.039235 -0.030885
v 0.010009 0.040976 -0.038467
v 0.010009 0.043095 -0.045956
v 0.010009 0.045588 -0.053334
v 0.010009 0.048447 -0.060584
v 0.010009 0.051667 -0.067688
v 0.010009 0.055239 -0.074629
v 0.010009 0.059155 -0.081390
v 0.010009 0.063406 -0.087954
v 0.010009 0.067981 -0.094307
v 0.010009 0.072869 -0.100433
v 0.010009 0.078059 -0.106317
v 0.010009 0.083537 -0.111945
v 0.010009 0.089291 -0.117303
v 0.010009 0.095308 -0.122378
v 0.010009 0.101571 -0.127159
v 0.010009 0.108067 -0.131633
v 0.010009 0.114780 -0.135790
v 0.010009 0.121693 -0.139620
v 0.010009 0.128790 -0.143114
v 0.010009 0.136053 -0.146263
v 0.010009 0.143466 -0.149059
v 0.010009 0.151010 -0.151497
v 0.010009 0.158668 -0.153569
v 0.010009 0.166420 -0.155272
v 0.010009 0.174248 -0.156600
v 0.010009 0.182133 -0.157551
v 0.010009 0.190057 -0.158123
v 0.010009 0.198000 -0.158314
v 0.010009 0.205943 -0.158123
v 0.010009 0.213867 -0.157551
v 0.010009 0.221752 -0.156600
v 0.010009 0.229580 -0.155272
v 0.010009 0.237332 -0.153569
v 0.010009 0.244990 -0.151497
v 0.010009 0.252534 -0.149059
v 0.010009 0.259947 -0.146263
v 0.010009 0.267210 -0.143114
v 0.010009 0.274307 -0.139620
v 0.010009 0.281220 -0.135790
v 0.010009 0.287933 -0.131633
v 0.010009 0.294429 -0.127159
v 0.010009 0.300692 -0.122378
v 0.010009 0.306709 -0.117303
v 0.010009 0.312463 -0.111945
v 0.010009 0.317941 -0.106317
v 0.010009 0.323131 -0.100433
v 0.010009 0.328019 -0.094307
v 0.010009 0.332594 -0.087954
v 0.010009 0.336845 -0.081390
v 0.010009 0.340761 -0.074629
v 0.010009 0.344333 -0.067688
v 0.010009 0.347553 -0.060584
v 0.010009 0.350412 -0.053334
v 0.010009 0.352905 -0.045956
v 0.010009 0.355024 -0.038467
v 0.010009 0.356765 -0.030885
v 0.010009 0.358123 -0.023229
v 0.010009 0.359096 -0.015517
v 0.010009 0.359680 -0.007768
v 0.009575 0.371437 0.000000
v 0.009575 0.371229 0.008323
v 0.009575 0.370602 0.016626
v 0.009575 0.369560 0.024889
v 0.009575 0.368105 0.033092
v 0.009575 0.366240 0.041215
v 0.009575 0.363969 0.049239
v 0.009575 0.361299 0.057144
v 0.009575 0.358235 0.064911
v 0.009575 0.354786 0.072523
v 0.009575 0.350958 0.079959
v 0.009575 0.346762 0.087203
v 0.009575 0.342208 0.094237
v 0.009575 0.337306 0.101044
v 0.009575 0.332069 0.107607
v 0.009575 0.326509 0.113911
v 0.009575 0.320639 0.119941
v 0.009575 0.314474 0.125682
v 0.009575 0.308028 0.131119
v 0.009575 0.301317 0.136242
v 0.009575 0.294357 0.141035
v 0.009575 0.287165 0.145490
v 0.009575 0.279758 0.149593
v 0.009575 0.272154 0.153336
v 0.009575 0.264372 0.156710
v 0.009575 0.256429 0.159706
v 0.009575 0.248346 0.162318
v 0.009575 0.240142 0.164539
v 0.009575 0.231836 0.166363
v 0.009575 0.223449 0.167786
v 0.009575 0.215000 0.168805
v 0.009575 0.206510 0.169418
v 0.009575 0.198000 0.169622
v 0.009575 0.189490 0.169418
v 0.009575 0.181000 0.168805
v 0.009575 0.172551 0.167786
v 0.009575 0.164164 0.166363
v 0.009575 0.155858 0.164539
v 0.009575 0.147654 0.162318
v 0.009575 0.139571 0.159706
v 0.009575 0.131628 0.156710
v 0.009575 0.123846 0.153336
v 0.009575 0.116242 0.149593
v 0.009575 0.108835 0.145490
v 0.009575 0.101643 0.141035
v 0.009575 0.094683 0.136242
v 0.009575 0.087972 0.131119
v 0.009575 0.081526 0.125682
v 0.009575 0.075361 0.119941
v 0.009575 0.069491 0.113911
v 0.009575 0.063931 0.107607
v 0.009575 0.058694 0.101044
v 0.009575 0.053792 0.094237
v 0.009575 0.049238 0.087203
v 0.009575 0.045042 0.079959
v 0.009575 0.041214 0.072523
v 0.009575 0.037765 0.064911
v 0.009575 0.034701 0.057144
v 0.009575 0.032031 0.049239
v 0.009575 0.029760 0.041215
v 0.009575 0.027895 0.033092
v 0.009575 0.026440 0.024889
v 0.009575 0.025398 0.016626
v 0.009575 0.024771 0.008323
v 0.009575 0.024562 0.000000
v 0.009575 0.024771 -0.008323
v 0.009575 0.025398 -0.016626
v 0.009575 0.026440 -0.024889
v 0.009575 0.027895 -0.033092
v 0.009575 0.029760 -0.041215
v 0.009575 0.032031 -0.049239
v 0.009575 0.034701 -0.057144
v 0.009575 0.037765 -0.064911
v 0.009575 0.041214 -0.072523
v 0.009575 0.045042 -0.079959
v 0.009575 0.049238 -0.087203
v 0.009575 0.053792 -0.094237
v 0.009575 0.058694 -0.101044
v 0.009575 0.063931 -0.107607
v 0.009575 0.069491 -0.113911
v 0.009575 0.075361 -0.119941
v 0.009575 0.081526 -0.125682
v 0.009575 0.087972 -0.131119
v 0.009575 0.094683 -0.136242
v 0.009575 0.101643 -0.141035
v 0.009575 0.108835 -0.145490
v 0.009575 0.116242 -0.149593
v 0.009575 0.123846 -0.153336
v 0.009575 0.131628 -0.156710
v 0.009575 0.139571 -0.159706
v 0.009575 0.147654 -0.162318
v 0.009575 0.155858 -0.164539
v 0.009575 0.164164 -0.166363
v 0.009575 0.172551 -0.167786
v 0.009575 0.181000 -0.168805
v 0.009575 0.189490 -0.169418
v 0.009575 0.198000 -0.169622
v 0.009575 0.206510 -0.169418
v 0.009575 0.215000 -0.168805
v 0.009575 0.223449 -0.167786
v 0.009575 0.231836 -0.166363
v 0.009575 0.240142 -0.164539
v 0.009575 0.248346 -0.162318
v 0.009575 0.256429 -0.159706
v 0.009575 0.264372 -0.156710
v 0.009575 0.272154 -0.153336
v 0.009575 0.279758 -0.149593
v 0.009575 0.287165 -0.145490
v 0.009575 0.294357 -0.141035
v 0.009575 0.301317 -0.136242
v 0.009575 0.308028 -0.131119
v 0.009575 0.314474 -0.125682
v 0.009575 0.320639 -0.119941
v 0.009575 0.326509 -0.113911
v 0.009575 0.332069 -0.107607
v 0.009575 0.337306 -0.101044
v 0.009575 0.342208 -0.094237
v 0.009575 0.346762 -0.087203
v 0.009575 0.350958 -0.079959
v 0.009575 0.354786 -0.072523
v 0.009575 0.358235 -0.064911
v 0.009575 0.361299 -0.057144
v 0.009575 0.363969 -0.049239
v 0.009575 0.366240 -0.041215
v 0.009575 0.368105 -0.033092
v 0.009575 0.369560 -0.024889
v 0.009575 0.370602 -0.016626
v 0.009575 0.371229 -0.008323
v 0.009111 0.383000 0.000000
v 0.009111 0.382777 0.008878
v 0.009111 0.382109 0.017734
v 0.009111 0.380998 0.026548
v 0.009111 0.379445 0.035298
v 0.009111 0.377456 0.043962
v 0.009111 0.375034 0.052521
v 0.009111 0.372186 0.060953
v 0.009111 0.368918 0.069239
v 0.009111 0.365238 0.077358
v 0.009111 0.361155 0.085290
v 0.009111 0.356680 0.093017
v 0.009111 0.351822 0.100519
v 0.009111 0.346593 0.107780
v 0.009111 0.341007 0.114781
v 0.009111 0.335076 0.121505
v 0.009111 0.328815 0.127937
v 0.009111 0.322238 0.134060
v 0.009111 0.315363 0.139861
v 0.009111 0.308204 0.145324
v 0.009111 0.300780 0.150438
v 0.009111 0.293109 0.155189
v 0.009111 0.285208 0.159566
v 0.009111 0.277098 0.163559
v 0.009111 0.268796 0.167158
v 0.009111 0.260325 0.170354
v 0.009111 0.251703 0.173139
v 0.009111 0.242951 0.175508
v 0.009111 0.234092 0.177453
v 0.009111 0.225145 0.178972
v 0.009111 0.216133 0.180059
v 0.009111 0.207078 0.180712
v 0.009111 0.198000 0.180930
v 0.009111 0.188922 0.180712
v 0.009111 0.179867 0.180059
v 0.009111 0.170855 0.178972
v 0.009111 0.161908 0.177453
v 0.009111 0.153049 0.175508
v 0.009111 0.144297 0.173139
v 0.009111 0.135675 0.170354
v 0.009111 0.127204 0.167158
v 0.009111 0.118902 0.163559
v 0.009111 0.110792 0.159566
v 0.009111 0.102891 0.155189
v 0.009111 0.095220 0.150438
v 0.009111 0.087796 0.145324
v 0.009111 0.080637 0.139861
v 0.009111 0.073762 0.134060
v 0.009111 0.067185 0.127937
v 0.009111 0.060924 0.121505
v 0.009111 0.054993 0.114781
v 0.009111 0.049407 0.107780
v 0.009111 0.044178 0.100519
v 0.009111 0.039320 0.093017
v 0.009111 0.034845 0.085290
v 0.009111 0.030762 0.077358
v 0.009111 0.027082 0.069239
v 0.009111 0.023814 0.060953
v 0.009111 0.020966 0.052521
v 0.009111 0.018544 0.043962
v 0.009111 0.016555 0.035298
v 0.009111 0.015002 0.026548
v 0.009111 0.013891 0.017734
v 0.009111 0.013223 0.008878
v 0.009111 0.013000 0.000000
v 0.009111 0.013223 -0.008878
v 0.009111 0.013891 -0.017734
v 0.009111 0.015002 -0.026548
v 0.009111 0.016555 -0.035298
v 0.009111 0.018544 -0.043962
v 0.009111 0.020966 -0.052521
v 0.009111 0.023814 -0.060953
v 0.009111 0.027082 -0.069239
v 0.009111 0.030762 -0.077358
v 0.009111 0.034845 -0.085290
v 0.009111 0.039320 -0.093017
v 0.009111 0.044178 -0.100519
v 0.009111 0.049407 -0.107780
v 0.009111 0.054993 -0.114781
v 0.009111 0.060924 -0.121505
v 0.009111 0.067185 -0.127937
v 0.009111 0.073762 -0.134060
v 0.009111 0.080637 -0.139861
v 0.009111 0.087796 -0.145324
v 0.009111 0.095220 -0.150438
v 0.009111 0.102891 -0.155189
v 0.009111 0.110792 -0.159566
v 0.009111 0.118902 -0.163559
v 0.009111 0.127204 -0.167158
v 0.009111 0.135675 -0.170354
v 0.009111 0.144297 -0.173139
v 0.009111 0.153049 -0.175508
v 0.009111 0.161908 -0.177453
v 0.009111 0.170855 -0.178972
v 0.009111 0.179867 -0.180059
v 0.009111 0.188922 -0.180712
v 0.009111 0.198000 -0.180930
v 0.009111 0.207078 -0.180712
v 0.009111 0.216133 -0.180059
v 0.009111 0.225145 -0.178972
v 0.009111 0.234092 -0.177453
v 0.009111 0.242951 -0.175508
v 0.009111 0.251703 -0.173139
v 0.009111 0.260325 -0.170354
v 0.009111 0.268796 -0.167158
v 0.009111 0.277098 -0.163559
v 0.009111 0.285208 -0.159566
v 0.009111 0.293109 -0.155189
v 0.009111 0.300780 -0.150438
v 0.009111 0.308204 -0.145324
v 0.009111 0.315363 -0.139861
v 0.009111 0.322238 -0.134060
v 0.009111 0.328815 -0.127937
v 0.009111 0.335076 -0.121505
v 0.009111 0.341007 -0.114781
v 0.009111 0.346593 -0.107780
v 0.009111 0.351822 -0.100519
v 0.009111 0.356680 -0.093017
v 0.009111 0.361155 -0.085290
v 0.009111 0.365238 -0.077358
v 0.009111 0.368918 -0.069239
v 0.009111 0.372186 -0.060953
v 0.009111 0.375034 -0.052521
v 0.009111 0.377456 -0.043962
v 0.009111 0.379445 -0.035298
v 0.009111 0.380998 -0.026548
v 0.009111 0.382109 -0.017734
v 0.009111 0.382777 -0.008878
vn 1.0000 -0.0000 -0.0000
vn 1.0000 0.0026 -0.0000
vn 1.0000 0.0026 0.0001
vn 1.0000 0.0026 0.0003
vn 1.0000 0.0026 0.0004
vn 1.0000 0.0026 0.0005
vn 1.0000 0.0025 0.0006
vn 1.0000 0.0025 0.0008
vn 1.0000 0.0025 0.0009
vn 1.0000 0.0024 0.0010
vn 1.0000 0.0024 0.0011
vn 1.0000 0.0023 0.0013
vn 1.0000 0.0022 0.0014
vn 1.0000 0.0022 0.0015
vn 1.0000 0.0021 0.0016
vn 1.0000 0.0020 0.0017
vn 1.0000 0.0019 0.0018
vn 1.0000 0.0018 0.0019
vn 1.0000 0.0017 0.0020
vn 1.0000 0.0017 0.0021
vn 1.0000 0.0015 0.0021
vn 1.0000 0.0014 0.0022
vn 1.0000 0.0014 0.0023
vn 1.0000 0.0012 0.0024
vn 1.0000 0.0011 0.0024
vn 1.0000 0.0010 0.0025
vn 1.0000 0.0009 0.0025
vn 1.0000 0.0008 0.0026
vn 1.0000 0.0006 0.0026
vn 1.0000 0.0005 0.0026
vn 1.0000 0.0004 0.0026
vn 1.0000 0.0002 0.0027
vn 1.0000 0.0001 0.0027
vn 1.0000 -0.0000 0.0027
vn 1.0000 -0.0001 0.0027
vn 1.0000 -0.0002 0.0027
vn 1.0000 -0.0004 0.0026
vn 1.0000 -0.0005 0.0026
vn 1.0000 -0.0006 0.0026
vn 1.0000 -0.0007 0.0026
vn 1.0000 -0.0009 0.0025
vn 1.0000 -0.0010 0.0025
vn 1.0000 -0.0011 0.0024
vn 1.0000 -0.0012 0.0024
vn 1.0000 -0.0014 0.0023
vn 1.0000 -0.0014 0.0022
vn 1.0000 -0.0015 0.0021
vn 1.0000 -0.0017 0.0021
vn 1.0000 -0.0017 0.0020
vn 1.0000 -0.0018 0.0019
vn 1.0000 -0.0019 0.0018
vn 1.0000 -0.0020 0.0017
vn 1.0000 -0.0021 0.0016
vn 1.0000 -0.0022 0.0015
vn 1.0000 -0.0022 0.0014
vn 1.0000 -0.0023 0.0013
vn 1.0000 -0.0024 0.0011
vn 1.0000 -0.0024 0.0010
vn 1.0000 -0.0025 0.0009
vn 1.0000 -0.0025 0.0008
vn 1.0000 -0.0025 0.0006
vn 1.0000 -0.0026 0.0005
vn 1.0000 -0.0026 0.0004
vn 1.0000 -0.0026 0.0003
vn 1.0000 -0.0026 0.0001
vn 1.0000 -0.0026 -0.0000
vn 1.0000 -0.0026 -0.0001
vn 1.0000 -0.0026 -0.0003
vn 1.0000 -0.0026 -0.0004
vn 1.0000 -0.0026 -0.0005
vn 1.0000 -0.0025 -0.0006
vn 1.0000 -0.0025 -0.0008
vn 1.0000 -0.0025 -0.0009
vn 1.0000 -0.0024 -0.0010
vn 1.0000 -0.0023 -0.0011
vn 1.0000 -0.0023 -0.0013
vn 1.0000 -0.0022 -0.0014
vn 1.0000 -0.0022 -0.0015
vn 1.0000 -0.0021 -0.0016
vn 1.0000 -0.0020 -0.0017
vn 1.0000 -0.0019 -0.0018
vn 1.0000 -0.0018 -0.0019
vn 1.0000 -0.0018 -0.0020
vn 1.0000 -0.0017 -0.0021
vn 1.0000 -0.0015 -0.0021
vn 1.0000 -0.0014 -0.0022
vn 1.0000 -0.0014 -0.0023
vn 1.0000 -0.0012 -0.0024
vn 1.0000 -0.0011 -0.0024
vn 1.0000 -0.0010 -0.0025
vn 1.0000 -0.0009 -0.0025
vn 1.0000 -0.0008 -0.0026
vn 1.0000 -0.0007 -0.0026
vn 1.0000 -0.0005 -0.0026
vn 1.0000 -0.0004 -0.0026
vn 1.0000 -0.0002 -0.0027
vn 1.0000 -0.0001 -0.0027
vn 1.0000 -0.0000 -0.0027
vn 1.0000 0.0001 -0.0027
vn 1.0000 0.0002 -0.0027
vn 1.0000 0.0004 -0.0026
vn 1.0000 0.0005 -0.0026
vn 1.0000 0.0007 -0.0026
vn 1.0000 0.0008 -0.0026
vn 1.0000 0.0009 -0.0025
vn 1.0000 0.0010 -0.0025
vn 1.0000 0.0011 -0.0024
vn 1.0000 0.0013 -0.0024
vn 1.0000 0.0014 -0.0023
vn 1.0000 0.0014 -0.0022
vn 1.0000 0.0015 -0.0021
vn 1.0000 0.0017 -0.0021
vn 1.0000 0.0018 -0.0020
vn 1.0000 0.0018 -0.0019
vn 1.0000 0.0019 -0.0018
vn 1.0000 0.0020 -0.0017
vn 1.0000 0.0021 -0.0016
vn 1.0000 0.0022 -0.0015
vn 1.0000 0.0022 -0.0014
vn 1.0000 0.0023 -0.0013
vn 1.0000 0.0023 -0.0011
vn 1.0000 0.0024 -0.0010
vn 1.0000 0.0025 -0.0009
vn 1.0000 0.0025 -0.0008
vn 1.0000 0.0025 -0.0006
vn 1.0000 0.0026 -0.0005
vn 1.0000 0.0026 -0.0004
vn 1.0000 0.0026 -0.0003
vn 1.0000 0.0026 -0.0001
vn 1.0000 0.0052 -0.0000
vn 1.0000 0.0052 0.0003
vn 1.0000 0.0052 0.0005
vn 1.0000 0.0051 0.0008
vn 1.0000 0.0051 0.0010
vn 1.0000 0.0050 0.0013
vn 1.0000 0.0050 0.0015
vn 1.0000 0.0049 0.0018
vn 1.0000 0.0048 0.0020
vn 1.0000 0.0047 0.0023
vn 1.0000 0.0046 0.0025
vn 1.0000 0.0045 0.0027
vn 1.0000 0.0043 0.0030
vn 1.0000 0.0042 0.0032
vn 1.0000 0.0040 0.0034
vn 1.0000 0.0039 0.0036
vn 1.0000 0.0037 0.0038
vn 1.0000 0.0035 0.0039
vn 1.0000 0.0033 0.0041
vn 1.0000 0.0031 0.0043
vn 1.0000 0.0029 0.0044
vn 1.0000 0.0027 0.0046
vn 1.0000 0.0024 0.0047
vn 1.0000 0.0022 0.0048
vn 1.0000 0.0020 0.0049
vn 1.0000 0.0018 0.0050
vn 1.0000 0.0015 0.0051
vn 1.0000 0.0013 0.0052
vn 1.0000 0.0010 0.0052
vn 1.0000 0.0008 0.0053
vn 1.0000 0.0005 0.0053
vn 1.0000 0.0003 0.0053
vn 1.0000 -0.0000 0.0053
vn 1.0000 -0.0003 0.0053
vn 1.0000 -0.0005 0.0053
vn 1.0000 -0.0008 0.0053
vn 1.0000 -0.0010 0.0052
vn 1.0000 -0.0013 0.0052
vn 1.0000 -0.0015 0.0051
vn 1.0000 -0.0018 0.0050
vn 1.0000 -0.0020 0.0049
vn 1.0000 -0.0022 0.0048
vn 1.0000 -0.0024 0.0047
vn 1.0000 -0.0027 0.0046
vn 1.0000 -0.0029 0.0044
vn 1.0000 -0.0031 0.0043
vn 1.0000 -0.0033 0.0041
vn 1.0000 -0.0035 0.0039
vn 1.0000 -0.0037 0.0038
vn 1.0000 -0.0039 0.0036
vn 1.0000 -0.0040 0.0034
vn 1.0000 -0.0042 0.0032
vn 1.0000 -0.0043 0.0030
vn 1.0000 -0.0045 0.0027
vn 1.0000 -0.0046 0.0025
vn 1.0000 -0.0047 0.0023
vn 1.0000 -0.0048 0.0020
vn 1.0000 -0.0049 0.0018
vn 1.0000 -0.0050 0.0015
vn 1.0000 -0.0050 0.0013
vn 1.0000 -0.0051 0.0010
vn 1.0000 -0.0051 0.0008
vn 1.0000 -0.0052 0.0005
vn 1.0000 -0.0052 0.0003
vn 1.0000 -0.0052 -0.0000
vn 1.0000 -0.0052 -0.0003
vn 1.0000 -0.0052 -0.0005
vn 1.0000 -0.0051 -0.0008
vn 1.0000 -0.0051 -0.0010
vn 1.0000 -0.0050 -0.0013
vn 1.0000 -0.0050 -0.0015
vn 1.0000 -0.0049 -0.0018
vn 1.0000 -0.0048 -0.0020
vn 1.0000 -0.0047 -0.0023
vn 1.0000 -0.0046 -0.0025
vn 1.0000 -0.0045 -0.0027
vn 1.0000 -0.0043 -0.0030
vn 1.0000 -0.0042 -0.0032
vn 1.0000 -0.0040 -0.0034
vn 1.0000 -0.0038 -0.0036
vn 1.0000 -0.0037 -0.0038
vn 1.0000 -0.0035 -0.0039
vn 1.0000 -0.0033 -0.0041
vn 1.0000 -0.0031 -0.0043
vn 1.0000 -0.0029 -0.0044
vn 1.0000 -0.0027 -0.0046
vn 1.0000 -0.0024 -0.0047
vn 1.0000 -0.0022 -0.0048
vn 1.0000 -0.0020 -0.0049
vn 1.0000 -0.0018 -0.0050
vn 1.0000 -0.0015 -0.0051
vn 1.0000 -0.0013 -0.0052
vn 1.0000 -0.0010 -0.0052
vn 1.0000 -0.0008 -0.0053
vn 1.0000 -0.0005 -0.0053
vn 1.0000 -0.0003 -0.0053
vn 1.0000 -0.0000 -0.0053
vn 1.0000 0.0003 -0.0053
vn 1.0000 0.0005 -0.0053
vn 1.0000 0.0008 -0.0053
vn 1.0000 0.0010 -0.0052
vn 1.0000 0.0013 -0.0052
vn 1.0000 0.0015 -0.0051
vn 1.0000 0.0018 -0.0050
vn 1.0000 0.0020 -0.0049
vn 1.0000 0.0022 -0.0048
vn 1.0000 0.0024 -0.0047
vn 1.0000 0.0027 -0.0046
vn 1.0000 0.0029 -0.0044
vn 1.0000 0.0031 -0.0043
vn 1.0000 0.0033 -0.0041
vn 1.0000 0.0035 -0.0039
vn 1.0000 0.0037 -0.0038
vn 1.0000 0.0038 -0.0036
vn 1.0000 0.0040 -0.0034
vn 1.0000 0.0042 -0.0032
vn 1.0000 0.0043 -0.0030
vn 1.0000 0.0045 -0.0027
vn 1.0000 0.0046 -0.0025
vn 1.0000 0.0047 -0.0023
vn 1.0000 0.0048 -0.0020
vn 1.0000 0.0049 -0.0018
vn 1.0000 0.0050 -0.0015
vn 1.0000 0.0050 -0.0013
vn 1.0000 0.0051 -0.0010
vn 1.0000 0.0051 -0.0008
vn 1.0000 0.0052 -0.0005
vn 1.0000 0.0052 -0.0003
vn 1.0000 0.0078 -0.0000
vn 1.0000 0.0078 0.0004
vn 1.0000 0.0077 0.0008
vn 1.0000 0.0077 0.0012
vn 1.0000 0.0076 0.0016
vn 1.0000 0.0076 0.0019
vn 1.0000 0.0074 0.0023
vn 1.0000 0.0073 0.0027
vn 1.0000 0.0072 0.0030
vn 1.0000 0.0070 0.0034
vn 1.0000 0.0069 0.0038
vn 1.0000 0.0067 0.0041
vn 1.0000 0.0065 0.0044
vn 1.0000 0.0063 0.0047
vn 1.0000 0.0060 0.0050
vn 1.0000 0.0058 0.0053
vn 1.0000 0.0055 0.0056
vn 1.0000 0.0052 0.0059
vn 1.0000 0.0049 0.0062
vn 1.0000 0.0046 0.0064
vn 1.0000 0.0043 0.0066
vn 1.0000 0.0040 0.0068
vn 1.0000 0.0037 0.0070
vn 1.0000 0.0033 0.0072
vn 1.0000 0.0030 0.0074
vn 1.0000 0.0026 0.0075
vn 1.0000 0.0023 0.0076
vn 1.0000 0.0019 0.0077
vn 1.0000 0.0015 0.0078
vn 1.0000 0.0011 0.0079
vn 1.0000 0.0008 0.0079
vn 1.0000 0.0004 0.0079
vn 1.0000 -0.0000 0.0080
vn 1.0000 -0.0004 0.0079
vn 1.0000 -0.0008 0.0079
vn 1.0000 -0.0011 0.0079
vn 1.0000 -0.0015 0.0078
vn 1.0000 -0.0019 0.0077
vn 1.0000 -0.0023 0.0076
vn 1.0000 -0.0026 0.0075
vn 1.0000 -0.0030 0.0074
vn 1.0000 -0.0033 0.0072
vn 1.0000 -0.0037 0.0070
vn 1.0000 -0.0040 0.0068
vn 1.0000 -0.0043 0.0066
vn 1.0000 -0.0046 0.0064
vn 1.0000 -0.0049 0.0062
vn 1.0000 -0.0052 0.0059
vn 1.0000 -0.0055 0.0056
vn 1.0000 -0.0058 0.0053
vn 1.0000 -0.0060 0.0050
vn 1.0000 -0.0063 0.0047
vn 1.0000 -0.0065 0.0044
vn 1.0000 -0.0067 0.0041
vn 1.0000 -0.0069 0.0038
vn 1.0000 -0.0070 0.0034
vn 1.0000 -0.0072 0.0030
vn 1.0000 -0.0073 0.0027
vn 1.0000 -0.0074 0.0023
vn 1.0000 -0.0076 0.0019
vn 1.0000 -0.0076 0.0016
vn 1.0000 -0.0077 0.0012
vn 1.0000 -0.0077 0.0008
vn 1.0000 -0.0078 0.0004
vn 1.0000 -0.0078 -0.0000
vn 1.0000 -0.0078 -0.0004
vn 1.0000 -0.0077 -0.0008
vn 1.0000 -0.0077 -0.0012
vn 1.0000 -0.0076 -0.0016
vn 1.0000 -0.0076 -0.0019
vn 1.0000 -0.0074 -0.0023
vn 1.0000 -0.0073 -0.0027
vn 1.0000 -0.0072 -0.0030
vn 1.0000 -0.0070 -0.0034
vn 1.0000 -0.0069 -0.0038
vn 1.0000 -0.0067 -0.0041
vn 1.0000 -0.0065 -0.0044
vn 1.0000 -0.0063 -0.0047
vn 1.0000 -0.0060 -0.0050
vn 1.0000 -0.0058 -0.0053
vn 1.0000 -0.0055 -0.0056
vn 1.0000 -0.0052 -0.0059
vn 1.0000 -0.0049 -0.0062
vn 1.0000 -0.0046 -0.0064
vn 1.0000 -0.0043 -0.0066
vn 1.0000 -0.0040 -0.0068
vn 1.0000 -0.0037 -0.0070
vn 1.0000 -0.0033 -0.0072
vn 1.0000 -0.0030 -0.0074
vn 1.0000 -0.0026 -0.0075
vn 1.0000 -0.0023 -0.0076
vn 1.0000 -0.0019 -0.0077
vn 1.0000 -0.0015 -0.0078
vn 1.0000 -0.0011 -0.0079
vn 1.0000 -0.0008 -0.0079
vn 1.0000 -0.0004 -0.0079
vn 1.0000 -0.0000 -0.0080
vn 1.0000 0.0004 -0.0079
vn 1.0000 0.0008 -0.0079
vn 1.0000 0.0011 -0.0079
vn 1.0000 0.0015 -0.0078
vn 1.0000 0.0019 -0.0077
vn 1.0000 0.0023 -0.0076
vn 1.0000 0.0026 -0.0075
vn 1.0000 0.0030 -0.0074
vn 1.0000 0.0033 -0.0072
vn 1.0000 0.0037 -0.0070
vn 1.0000 0.0040 -0.0068
vn 1.0000 0.0043 -0.0066
vn 1.0000 0.0046 -0.0064
vn 1.0000 0.0049 -0.0062
vn 1.0000 0.0052 -0.0059
vn 1.0000 0.0055 -0.0056
vn 1.0000 0.0058 -0.0053
vn 1.0000 0.0060 -0.0050
vn 1.0000 0.0063 -0.0047
vn 1.0000 0.0065 -0.0044
vn 1.0000 0.0067 -0.0041
vn 1.0000 0.0069 -0.0038
vn 1.0000 0.0070 -0.0034
vn 1.0000 0.0072 -0.0030
vn 1.0000 0.0073 -0.0027
vn 1.0000 0.0074 -0.0023
vn 1.0000 0.0076 -0.0019
vn 1.0000 0.0076 -0.0016
vn 1.0000 0.0077 -0.0012
vn 1.0000 0.0077 -0.0008
vn 1.0000 0.0078 -0.0004
vn 0.9999 0.0104 -0.0000
vn 0.9999 0.0104 0.0005
vn 0.9999 0.0103 0.0010
vn 0.9999 0.0103 0.0016
vn 0.9999 0.0102 0.0021
vn 0.9999 0.0101 0.0026
vn 0.9999 0.0099 0.0031
vn 0.9999 0.0098 0.0036
vn 0.9999 0.0096 0.0041
vn 0.9999 0.0094 0.0045
vn 0.9999 0.0091 0.0050
vn 0.9999 0.0089 0.0055
vn 0.9999 0.0086 0.0059
vn 0.9999 0.0083 0.0063
vn 0.9999 0.0080 0.0067
vn 0.9999 0.0077 0.0071
vn 0.9999 0.0073 0.0075
vn 0.9999 0.0070 0.0079
vn 0.9999 0.0066 0.0082
vn 0.9999 0.0062 0.0085
vn 0.9999 0.0058 0.0088
vn 0.9999 0.0053 0.0091
vn 0.9999 0.0049 0.0094
vn 0.9999 0.0044 0.0096
vn 0.9999 0.0040 0.0098
vn 0.9999 0.0035 0.0100
vn 0.9999 0.0030 0.0101
vn 0.9999 0.0025 0.0103
vn 0.9999 0.0020 0.0104
vn 0.9999 0.0015 0.0105
vn 0.9999 0.0010 0.0106
vn 0.9999 0.0005 0.0106
vn 0.9999 -0.0000 0.0106
vn 0.9999 -0.0005 0.0106
vn 0.9999 -0.0010 0.0106
vn 0.9999 -0.0015 0.0105
vn 0.9999 -0.0020 0.0104
vn 0.9999 -0.0025 0.0103
vn 0.9999 -0.0030 0.0101
vn 0.9999 -0.0035 0.0100
vn 0.9999 -0.0040 0.0098
vn 0.9999 -0.0044 0.0096
vn 0.9999 -0.0049 0.0094
vn 0.9999 -0.0053 0.0091
vn 0.9999 -0.0058 0.0088
vn 0.9999 -0.0062 0.0085
vn 0.9999 -0.0066 0.0082
vn 0.9999 -0.0070 0.0079
vn 0.9999 -0.0073 0.0075
vn 0.9999 -0.0077 0.0071
vn 0.9999 -0.0080 0.0067
vn 0.9999 -0.0083 0.0063
vn 0.9999 -0.0086 0.0059
vn 0.9999 -0.0089 0.0055
vn 0.9999 -0.0091 0.0050
vn 0.9999 -0.0094 0.0045
vn 0.9999 -0.0096 0.0041
vn 0.9999 -0.0098 0.0036
vn 0.9999 -0.0099 0.0031
vn 0.9999 -0.0101 0.0026
vn 0.9999 -0.0102 0.0021
vn 0.9999 -0.0103 0.0016
vn 0.9999 -0.0103 0.0010
vn 0.9999 -0.0104 0.0005
vn 0.9999 -0.0104 -0.0000
vn 0.9999 -0.0104 -0.0005
vn 0.9999 -0.0103 -0.0010
vn 0.9999 -0.0103 -0.0016
vn 0.9999 -0.0102 -0.0021
vn 0.9999 -0.0101 -0.0026
vn 0.9999 -0.0099 -0.0031
vn 0.9999 -0.0098 -0.0036
vn 0.9999 -0.0096 -0.0041
vn 0.9999 -0.0094 -0.0045
vn 0.9999 -0.0091 -0.0050
vn 0.9999 -0.0089 -0.0055
vn 0.9999 -0.0086 -0.0059
vn 0.9999 -0.0083 -0.0063
vn 0.9999 -0.0080 -0.0067
vn 0.9999 -0.0077 -0.0071
vn 0.9999 -0.0073 -0.0075
vn 0.9999 -0.0070 -0.0079
vn 0.9999 -0.0066 -0.0082
vn 0.9999 -0.0062 -0.0085
vn 0.9999 -0.0058 -0.0088
vn 0.9999 -0.0053 -0.0091
vn 0.9999 -0.0049 -0.0094
vn 0.9999 -0.0044 -0.0096
vn 0.9999 -0.0040 -0.0098
vn 0.9999 -0.0035 -0.0100
vn 0.9999 -0.0030 -0.0101
vn 0.9999 -0.0025 -0.0103
vn 0.9999 -0.0020 -0.0104
vn 0.9999 -0.0015 -0.0105
vn 0.9999 -0.0010 -0.0106
vn 0.9999 -0.0005 -0.0106
vn 0.9999 -0.0000 -0.0106
vn 0.9999 0.0005 -0.0106
vn 0.9999 0.0010 -0.0106
vn 0.9999 0.0015 -0.0105
vn 0.9999 0.0020 -0.0104
vn 0.9999 0.0025 -0.0103
vn 0.9999 0.0030 -0.0101
vn 0.9999 0.0035 -0.0100
vn 0.9999 0.0040 -0.0098
vn 0.9999 0.0044 -0.0096
vn 0.9999 0.0049 -0.0094
vn 0.9999 0.0053 -0.0091
vn 0.9999 0.0058 -0.0088
vn 0.9999 0.0062 -0.0085
vn 0.9999 0.0066 -0.0082
vn 0.9999 0.0070 -0.0079
vn 0.9999 0.0073 -0.0075
vn 0.9999 0.0077 -0.0071
vn 0.9999 0.0080 -0.0067
vn 0.9999 0.0083 -0.0063
vn 0.9999 0.0086 -0.0059
vn 0.9999 0.0089 -0.0055
vn 0.9999 0.0091 -0.0050
vn 0.9999 0.0094 -0.0045
vn 0.9999 0.0096 -0.0041
vn 0.9999 0.0098 -0.0036
vn 0.9999 0.0099 -0.0031
vn 0.9999 0.0101 -0.0026
vn 0.9999 0.0102 -0.0021
vn 0.9999 0.0103 -0.0016
vn 0.9999 0.0103 -0.0010
vn 0.9999 0.0104 -0.0005
vn 0.9999 0.0130 -0.0000
vn 0.9999 0.0129 0.0007
vn 0.9999 0.0129 0.0013
vn 0.9999 0.0128 0.0019
vn 0.9999 0.0127 0.0026
vn 0.9999 0.0126 0.0032
vn 0.9999 0.0124 0.0038
vn 0.9999 0.0122 0.0045
vn 0.9999 0.0120 0.0051
vn 0.9999 0.0117 0.0057
vn 0.9999 0.0114 0.0062
vn 0.9999 0.0111 0.0068
vn 0.9999 0.0108 0.0074
vn 0.9999 0.0104 0.0079
vn 0.9999 0.0100 0.0084
vn 0.9999 0.0096 0.0089
vn 0.9999 0.0092 0.0094
vn 0.9999 0.0087 0.0098
vn 0.9999 0.0082 0.0102
vn 0.9999 0.0077 0.0106
vn 0.9999 0.0072 0.0110
vn 0.9999 0.0067 0.0114
vn 0.9999 0.0061 0.0117
vn 0.9999 0.0055 0.0120
vn 0.9999 0.0050 0.0122
vn 0.9999 0.0044 0.0125
vn 0.9999 0.0038 0.0127
vn 0.9999 0.0031 0.0129
vn 0.9999 0.0025 0.0130
vn 0.9999 0.0019 0.0131
vn 0.9999 0.0013 0.0132
vn 0.9999 0.0006 0.0132
vn 0.9999 -0.0000 0.0132
vn 0.9999 -0.0006 0.0132
vn 0.9999 -0.0013 0.0132
vn 0.9999 -0.0019 0.0131
vn 0.9999 -0.0025 0.0130
vn 0.9999 -0.0031 0.0129
vn 0.9999 -0.0038 0.0127
vn 0.9999 -0.0044 0.0125
vn 0.9999 -0.0050 0.0122
vn 0.9999 -0.0055 0.0120
vn 0.9999 -0.0061 0.0117
vn 0.9999 -0.0067 0.0114
vn 0.9999 -0.0072 0.0110
vn 0.9999 -0.0077 0.0106
vn 0.9999 -0.0082 0.0102
vn 0.9999 -0.0087 0.0098
vn 0.9999 -0.0092 0.0094
vn 0.9999 -0.0096 0.0089
vn 0.9999 -0.0100 0.0084
vn 0.9999 -0.0104 0.0079
vn 0.9999 -0.0108 0.0074
vn 0.9999 -0.0111 0.0068
vn 0.9999 -0.0114 0.0062
vn 0.9999 -0.0117 0.0057
vn 0.9999 -0.0120 0.0051
vn 0.9999 -0.0122 0.0045
vn 0.9999 -0.0124 0.0038
vn 0.9999 -0.0126 0.0032
vn 0.9999 -0.0127 0.0026
vn 0.9999 -0.0128 0.0019
vn 0.9999 -0.0129 0.0013
vn 0.9999 -0.0129 0.0007
vn 0.9999 -0.0130 -0.0000
vn 0.9999 -0.0129 -0.0007
vn 0.9999 -0.0129 -0.0013
vn 0.9999 -0.0128 -0.0019
vn 0.9999 -0.0127 -0.0026
vn 0.9999 -0.0126 -0.0032
vn 0.9999 -0.0124 -0.0038
vn 0.9999 -0.0122 -0.0045
vn 0.9999 -0.0120 -0.0051
vn 0.9999 -0.0117 -0.0057
vn 0.9999 -0.0114 -0.0062
vn 0.9999 -0.0111 -0.0068
vn 0.9999 -0.0108 -0.0074
vn 0.9999 -0.0104 -0.0079
vn 0.9999 -0.0100 -0.0084
vn 0.9999 -0.0096 -0.0089
vn 0.9999 -0.0092 -0.0094
vn 0.9999 -0.0087 -0.0098
vn 0.9999 -0.0082 -0.0102
vn 0.9999 -0.0077 -0.0106
vn 0.9999 -0.0072 -0.0110
vn 0.9999 -0.0067 -0.0114
vn 0.9999 -0.0061 -0.0117
vn 0.9999 -0.0055 -0.0120
vn 0.9999 -0.0050 -0.0122
vn 0.9999 -0.0044 -0.0125
vn 0.9999 -0.0038 -0.0127
vn 0.9999 -0.0031 -0.0129
vn 0.9999 -0.0025 -0.0130
vn 0.9999 -0.0019 -0.0131
vn 0.9999 -0.0013 -0.0132
vn 0.9999 -0.0006 -0.0132
vn 0.9999 -0.0000 -0.0132
vn 0.9999 0.0006 -0.0132
vn 0.9999 0.0013 -0.0132
vn 0.9999 0.0019 -0.0131
vn 0.9999 0.0025 -0.0130
vn 0.9999 0.0031 -0.0129
vn 0.9999 0.0038 -0.0127
vn 0.9999 0.0044 -0.0125
vn 0.9999 0.0050 -0.0122
vn 0.9999 0.0055 -0.0120
vn 0.9999 0.0061 -0.0117
vn 0.9999 0.0067 -0.0114
vn 0.9999 0.0072 -0.0110
vn 0.9999 0.0077 -0.0106
vn 0.9999 0.0082 -0.0102
vn 0.9999 0.0087 -0.0098
vn 0.9999 0.0092 -0.0094
vn 0.9999 0.0096 -0.0089
vn 0.9999 0.0100 -0.0084
vn 0.9999 0.0104 -0.0079
vn 0.9999 0.0108 -0.0074
vn 0.9999 0.0111 -0.0068
vn 0.9999 0.0114 -0.0062
vn 0.9999 0.0117 -0.0057
vn 0.9999 0.0120 -0.0051
vn 0.9999 0.0122 -0.0045
vn 0.9999 0.0124 -0.0038
vn 0.9999 0.0126 -0.0032
vn 0.9999 0.0127 -0.0026
vn 0.9999 0.0128 -0.0019
vn 0.9999 0.0129 -0.0013
vn 0.9999 0.0129 -0.0007
vn 0.9999 0.0155 -0.0000
vn 0.9999 0.0155 0.0008
vn 0.9999 0.0155 0.0016
vn 0.9999 0.0154 0.0023
vn 0.9999 0.0152 0.0031
vn 0.9999 0.0151 0.0039
vn 0.9999 0.0149 0.0046
vn 0.9999 0.0146 0.0054
vn 0.9999 0.0144 0.0061
vn 0.9999 0.0141 0.0068
vn 0.9999 0.0137 0.0075
vn 0.9999 0.0133 0.0082
vn 0.9999 0.0129 0.0088
vn 0.9999 0.0125 0.0095
vn 0.9999 0.0120 0.0101
vn 0.9999 0.0115 0.0107
vn 0.9999 0.0110 0.0112
vn 0.9999 0.0104 0.0118
vn 0.9999 0.0099 0.0123
vn 0.9999 0.0093 0.0128
vn 0.9999 0.0086 0.0132
vn 0.9999 0.0080 0.0136
vn 0.9999 0.0073 0.0140
vn 0.9999 0.0066 0.0144
vn 0.9999 0.0059 0.0147
vn 0.9999 0.0052 0.0150
vn 0.9999 0.0045 0.0152
vn 0.9999 0.0038 0.0154
vn 0.9999 0.0030 0.0156
vn 0.9999 0.0023 0.0157
vn 0.9999 0.0015 0.0158
vn 0.9999 0.0008 0.0159
vn 0.9999 -0.0000 0.0159
vn 0.9999 -0.0008 0.0159
vn 0.9999 -0.0015 0.0158
vn 0.9999 -0.0023 0.0157
vn 0.9999 -0.0030 0.0156
vn 0.9999 -0.0038 0.0154
vn 0.9999 -0.0045 0.0152
vn 0.9999 -0.0052 0.0150
vn 0.9999 -0.0060 0.0147
vn 0.9999 -0.0066 0.0144
vn 0.9999 -0.0073 0.0140
vn 0.9999 -0.0080 0.0136
vn 0.9999 -0.0086 0.0132
vn 0.9999 -0.0093 0.0128
vn 0.9999 -0.0099 0.0123
vn 0.9999 -0.0104 0.0118
vn 0.9999 -0.0110 0.0112
vn 0.9999 -0.0115 0.0107
vn 0.9999 -0.0120 0.0101
vn 0.9999 -0.0125 0.0095
vn 0.9999 -0.0129 0.0088
vn 0.9999 -0.0133 0.0082
vn 0.9999 -0.0137 0.0075
vn 0.9999 -0.0141 0.0068
vn 0.9999 -0.0144 0.0061
vn 0.9999 -0.0146 0.0054
vn 0.9999 -0.0149 0.0046
vn 0.9999 -0.0151 0.0039
vn 0.9999 -0.0152 0.0031
vn 0.9999 -0.0154 0.0023
vn 0.9999 -0.0155 0.0016
vn 0.9999 -0.0155 0.0008
vn 0.9999 -0.0155 -0.0000
vn 0.9999 -0.0155 -0.0008
vn 0.9999 -0.0155 -0.0016
vn 0.9999 -0.0154 -0.0023
vn 0.9999 -0.0152 -0.0031
vn 0.9999 -0.0151 -0.0039
vn 0.9999 -0.0149 -0.0046
vn 0.9999 -0.0146 -0.0054
vn 0.9999 -0.0144 -0.0061
vn 0.9999 -0.0141 -0.0068
vn 0.9999 -0.0137 -0.0075
vn 0.9999 -0.0133 -0.0082
vn 0.9999 -0.0129 -0.0088
vn 0.9999 -0.0125 -0.0095
vn 0.9999 -0.0120 -0.0101
vn 0.9999 -0.0115 -0.0107
vn 0.9999 -0.0110 -0.0112
vn 0.9999 -0.0104 -0.0118
vn 0.9999 -0.0099 -0.0123
vn 0.9999 -0.0093 -0.0128
vn 0.9999 -0.0086 -0.0132
vn 0.9999 -0.0080 -0.0136
vn 0.9999 -0.0073 -0.0140
vn 0.9999 -0.0066 -0.0144
vn 0.9999 -0.0060 -0.0147
vn 0.9999 -0.0052 -0.0150
vn 0.9999 -0.0045 -0.0152
vn 0.9999 -0.0038 -0.0154
vn 0.9999 -0.0030 -0.0156
vn 0.9999 -0.0023 -0.0157
vn 0.9999 -0.0015 -0.0158
vn 0.9999 -0.0008 -0.0159
vn 0.9999 -0.0000 -0.0159
vn 0.9999 0.0008 -0.0159
vn 0.9999 0.0015 -0.0158
vn 0.9999 0.0023 -0.0157
vn 0.9999 0.0030 -0.0156
vn 0.9999 0.0038 -0.0154
vn 0.9999 0.0045 -0.0152
vn 0.9999 0.0052 -0.0150
vn 0.9999 0.0060 -0.0147
vn 0.9999 0.0066 -0.0144
vn 0.9999 0.0073 -0.0140
vn 0.9999 0.0080 -0.0136
vn 0.9999 0.0086 -0.0132
vn 0.9999 0.0093 -0.0128
vn 0.9999 0.0099 -0.0123
vn 0.9999 0.0104 -0.0118
vn 0.9999 0.0110 -0.0112
vn 0.9999 0.0115 -0.0107
vn 0.9999 0.0120 -0.0101
vn 0.9999 0.0125 -0.0095
vn 0.9999 0.0129 -0.0088
vn 0.9999 0.0133 -0.0082
vn 0.9999 0.0137 -0.0075
vn 0.9999 0.0141 -0.0068
vn 0.9999 0.0144 -0.0061
vn 0.9999 0.0146 -0.0054
vn 0.9999 0.0149 -0.0046
vn 0.9999 0.0151 -0.0039
vn 0.9999 0.0152 -0.0031
vn 0.9999 0.0154 -0.0023
vn 0.9999 0.0155 -0.0016
vn 0.9999 0.0155 -0.0008
vn 0.9998 0.0181 -0.0000
vn 0.9998 0.0181 0.0009
vn 0.9998 0.0180 0.0018
vn 0.9998 0.0179 0.0027
vn 0.9998 0.0178 0.0036
vn 0.9998 0.0176 0.0045
vn 0.9998 0.0174 0.0054
vn 0.9998 0.0171 0.0062
vn 0.9998 0.0168 0.0071
vn 0.9998 0.0164 0.0079
vn 0.9998 0.0160 0.0087
vn 0.9998 0.0156 0.0095
vn 0.9998 0.0151 0.0103
vn 0.9998 0.0146 0.0110
vn 0.9998 0.0140 0.0118
vn 0.9998 0.0134 0.0125
vn 0.9998 0.0128 0.0131
vn 0.9998 0.0122 0.0137
vn 0.9998 0.0115 0.0143
vn 0.9998 0.0108 0.0149
vn 0.9998 0.0101 0.0154
vn 0.9998 0.0093 0.0159
vn 0.9998 0.0085 0.0164
vn 0.9998 0.0078 0.0168
vn 0.9998 0.0069 0.0171
vn 0.9998 0.0061 0.0175
vn 0.9998 0.0053 0.0177
vn 0.9998 0.0044 0.0180
vn 0.9998 0.0035 0.0182
vn 0.9998 0.0027 0.0183
vn 0.9998 0.0018 0.0184
vn 0.9998 0.0009 0.0185
vn 0.9998 -0.0000 0.0185
vn 0.9998 -0.0009 0.0185
vn 0.9998 -0.0018 0.0184
vn 0.9998 -0.0027 0.0183
vn 0.9998 -0.0035 0.0182
vn 0.9998 -0.0044 0.0180
vn 0.9998 -0.0053 0.0177
vn 0.9998 -0.0061 0.0175
vn 0.9998 -0.0069 0.0171
vn 0.9998 -0.0078 0.0168
vn 0.9998 -0.0085 0.0164
vn 0.9998 -0.0093 0.0159
vn 0.9998 -0.0101 0.0154
vn 0.9998 -0.0108 0.0149
vn 0.9998 -0.0115 0.0143
vn 0.9998 -0.0122 0.0137
vn 0.9998 -0.0128 0.0131
vn 0.9998 -0.0134 0.0125
vn 0.9998 -0.0140 0.0118
vn 0.9998 -0.0146 0.0110
vn 0.9998 -0.0151 0.0103
vn 0.9998 -0.0156 0.0095
vn 0.9998 -0.0160 0.0087
vn 0.9998 -0.0164 0.0079
vn 0.9998 -0.0168 0.0071
vn 0.9998 -0.0171 0.0062
vn 0.9998 -0.0174 0.0054
vn 0.9998 -0.0176 0.0045
vn 0.9998 -0.0178 0.0036
vn 0.9998 -0.0179 0.0027
vn 0.9998 -0.0180 0.0018
vn 0.9998 -0.0181 0.0009
vn 0.9998 -0.0181 -0.0000
vn 0.9998 -0.0181 -0.0009
vn 0.9998 -0.0180 -0.0018
vn 0.9998 -0.0179 -0.0027
vn 0.9998 -0.0178 -0.0036
vn 0.9998 -0.0176 -0.0045
vn 0.9998 -0.0174 -0.0054
vn 0.9998 -0.0171 -0.0062
vn 0.9998 -0.0168 -0.0071
vn 0.9998 -0.0164 -0.0079
vn 0.9998 -0.0160 -0.0087
vn 0.9998 -0.0156 -0.0095
vn 0.9998 -0.0151 -0.0103
vn 0.9998 -0.0146 -0.0110
vn 0.9998 -0.0140 -0.0118
vn 0.9998 -0.0134 -0.0125
vn 0.9998 -0.0128 -0.0131
vn 0.9998 -0.0122 -0.0137
vn 0.9998 -0.0115 -0.0143
vn 0.9998 -0.0108 -0.0149
vn 0.9998 -0.0101 -0.0154
vn 0.9998 -0.0093 -0.0159
vn 0.9998 -0.0085 -0.0164
vn 0.9998 -0.0078 -0.0168
vn 0.9998 -0.0069 -0.0171
vn 0.9998 -0.0061 -0.0175
vn 0.9998 -0.0053 -0.0177
vn 0.9998 -0.0044 -0.0180
vn 0.9998 -0.0035 -0.0182
vn 0.9998 -0.0027 -0.0183
vn 0.9998 -0.0018 -0.0184
vn 0.9998 -0.0009 -0.0185
vn 0.9998 -0.0000 -0.0185
vn 0.9998 0.0009 -0.0185
vn 0.9998 0.0018 -0.0184
vn 0.9998 0.0027 -0.0183
vn 0.9998 0.0035 -0.0182
vn 0.9998 0.0044 -0.0180
vn 0.9998 0.0053 -0.0177
vn 0.9998 0.0061 -0.0175
vn 0.9998 0.0069 -0.0171
vn 0.9998 0.0078 -0.0168
vn 0.9998 0.0085 -0.0164
vn 0.9998 0.0093 -0.0159
vn 0.9998 0.0101 -0.0154
vn 0.9998 0.0108 -0.0149
vn 0.9998 0.0115 -0.0143
vn 0.9998 0.0122 -0.0137
vn 0.9998 0.0128 -0.0131
vn 0.9998 0.0134 -0.0125
vn 0.9998 0.0140 -0.0118
vn 0.9998 0.0146 -0.0110
vn 0.9998 0.0151 -0.0103
vn 0.9998 0.0156 -0.0095
vn 0.9998 0.0160 -0.0087
vn 0.9998 0.0164 -0.0079
vn 0.9998 0.0168 -0.0071
vn 0.9998 0.0171 -0.0062
vn 0.9998 0.0174 -0.0054
vn 0.9998 0.0176 -0.0045
vn 0.9998 0.0178 -0.0036
vn 0.9998 0.0179 -0.0027
vn 0.9998 0.0180 -0.0018
vn 0.9998 0.0181 -0.0009
vn 0.9998 0.0207 -0.0000
vn 0.9998 0.0207 0.0010
vn 0.9998 0.0206 0.0021
vn 0.9998 0.0205 0.0031
vn 0.9998 0.0203 0.0041
vn 0.9998 0.0201 0.0051
vn 0.9998 0.0198 0.0061
vn 0.9998 0.0195 0.0071
vn 0.9998 0.0191 0.0081
vn 0.9998 0.0187 0.0091
vn 0.9998 0.0183 0.0100
vn 0.9998 0.0178 0.0109
vn 0.9998 0.0172 0.0118
vn 0.9998 0.0166 0.0126
vn 0.9998 0.0160 0.0134
vn 0.9998 0.0153 0.0142
vn 0.9998 0.0146 0.0150
vn 0.9998 0.0139 0.0157
vn 0.9998 0.0131 0.0164
vn 0.9998 0.0123 0.0170
vn 0.9998 0.0115 0.0176
vn 0.9998 0.0107 0.0182
vn 0.9998 0.0098 0.0187
vn 0.9998 0.0089 0.0191
vn 0.9998 0.0079 0.0196
vn 0.9998 0.0070 0.0199
vn 0.9998 0.0060 0.0203
vn 0.9998 0.0050 0.0205
vn 0.9998 0.0040 0.0208
vn 0.9998 0.0030 0.0210
vn 0.9998 0.0020 0.0211
vn 0.9998 0.0010 0.0212
vn 0.9998 -0.0000 0.0212
vn 0.9998 -0.0010 0.0212
vn 0.9998 -0.0020 0.0211
vn 0.9998 -0.0030 0.0210
vn 0.9998 -0.0040 0.0208
vn 0.9998 -0.0050 0.0205
vn 0.9998 -0.0060 0.0203
vn 0.9998 -0.0070 0.0199
vn 0.9998 -0.0079 0.0196
vn 0.9998 -0.0089 0.0191
vn 0.9998 -0.0098 0.0187
vn 0.9998 -0.0107 0.0182
vn 0.9998 -0.0115 0.0176
vn 0.9998 -0.0123 0.0170
vn 0.9998 -0.0131 0.0164
vn 0.9998 -0.0139 0.0157
vn 0.9998 -0.0146 0.0150
vn 0.9998 -0.0154 0.0142
vn 0.9998 -0.0160 0.0134
vn 0.9998 -0.0166 0.0126
vn 0.9998 -0.0172 0.0118
vn 0.9998 -0.0178 0.0109
vn 0.9998 -0.0183 0.0100
vn 0.9998 -0.0187 0.0091
vn 0.9998 -0.0191 0.0081
vn 0.9998 -0.0195 0.0071
vn 0.9998 -0.0198 0.0061
vn 0.9998 -0.0201 0.0051
vn 0.9998 -0.0203 0.0041
vn 0.9998 -0.0205 0.0031
vn 0.9998 -0.0206 0.0021
vn 0.9998 -0.0207 0.0010
vn 0.9998 -0.0207 -0.0000
vn 0.9998 -0.0207 -0.0010
vn 0.9998 -0.0206 -0.0021
vn 0.9998 -0.0205 -0.0031
vn 0.9998 -0.0203 -0.0041
vn 0.9998 -0.0201 -0.0051
vn 0.9998 -0.0198 -0.0061
vn 0.9998 -0.0195 -0.0071
vn 0.9998 -0.0191 -0.0081
vn 0.9998 -0.0187 -0.0091
vn 0.9998 -0.0183 -0.0100
vn 0.9998 -0.0178 -0.0109
vn 0.9998 -0.0172 -0.0118
vn 0.9998 -0.0166 -0.0126
vn 0.9998 -0.0160 -0.0134
vn 0.9998 -0.0153 -0.0142
vn 0.9998 -0.0146 -0.0150
vn 0.9998 -0.0139 -0.0157
vn 0.9998 -0.0131 -0.0164
vn 0.9998 -0.0123 -0.0170
vn 0.9998 -0.0115 -0.0176
vn 0.9998 -0.0107 -0.0182
vn 0.9998 -0.0098 -0.0187
vn 0.9998 -0.0089 -0.0191
vn 0.9998 -0.0079 -0.0196
vn 0.9998 -0.0070 -0.0199
vn 0.9998 -0.0060 -0.0203
vn 0.9998 -0.0050 -0.0205
vn 0.9998 -0.0040 -0.0208
vn 0.9998 -0.0030 -0.0210
vn 0.9998 -0.0020 -0.0211
vn 0.9998 -0.0010 -0.0212
vn 0.9998 -0.0000 -0.0212
vn 0.9998 0.0010 -0.0212
vn 0.9998 0.0020 -0.0211
vn 0.9998 0.0030 -0.0210
vn 0.9998 0.0040 -0.0208
vn 0.9998 0.0050 -0.0205
vn 0.9998 0.0060 -0.0203
vn 0.9998 0.0070 -0.0199
vn 0.9998 0.0079 -0.0196
vn 0.9998 0.0089 -0.0191
vn 0.9998 0.0098 -0.0187
vn 0.9998 0.0107 -0.0182
vn 0.9998 0.0115 -0.0176
vn 0.9998 0.0123 -0.0170
vn 0.9998 0.0131 -0.0164
vn 0.9998 0.0139 -0.0157
vn 0.9998 0.0146 -0.0150
vn 0.9998 0.0154 -0.0142
vn 0.9998 0.0160 -0.0134
vn 0.9998 0.0166 -0.0126
vn 0.9998 0.0172 -0.0118
vn 0.9998 0.0178 -0.0109
vn 0.9998 0.0183 -0.0100
vn 0.9998 0.0187 -0.0091
vn 0.9998 0.0191 -0.0081
vn 0.9998 0.0195 -0.0071
vn 0.9998 0.0198 -0.0061
vn 0.9998 0.0201 -0.0051
vn 0.9998 0.0203 -0.0041
vn 0.9998 0.0205 -0.0031
vn 0.9998 0.0206 -0.0021
vn 0.9998 0.0207 -0.0010
vn 0.9997 0.0233 -0.0000
vn 0.9997 0.0233 0.0012
vn 0.9997 0.0232 0.0023
vn 0.9997 0.0231 0.0035
vn 0.9997 0.0229 0.0046
vn 0.9997 0.0226 0.0058
vn 0.9997 0.0223 0.0069
vn 0.9997 0.0219 0.0080
vn 0.9997 0.0215 0.0091
vn 0.9997 0.0211 0.0102
vn 0.9997 0.0206 0.0112
vn 0.9997 0.0200 0.0123
vn 0.9997 0.0194 0.0132
vn 0.9997 0.0187 0.0142
vn 0.9997 0.0180 0.0151
vn 0.9997 0.0173 0.0160
vn 0.9997 0.0165 0.0168
vn 0.9997 0.0157 0.0177
vn 0.9997 0.0148 0.0184
vn 0.9997 0.0139 0.0191
vn 0.9997 0.0129 0.0198
vn 0.9997 0.0120 0.0204
vn 0.9997 0.0110 0.0210
vn 0.9997 0.0100 0.0215
vn 0.9997 0.0089 0.0220
vn 0.9997 0.0079 0.0224
vn 0.9997 0.0068 0.0228
vn 0.9997 0.0057 0.0231
vn 0.9997 0.0045 0.0234
vn 0.9997 0.0034 0.0236
vn 0.9997 0.0023 0.0237
vn 0.9997 0.0011 0.0238
vn 0.9997 -0.0000 0.0238
vn 0.9997 -0.0011 0.0238
vn 0.9997 -0.0023 0.0237
vn 0.9997 -0.0034 0.0236
vn 0.9997 -0.0045 0.0234
vn 0.9997 -0.0057 0.0231
vn 0.9997 -0.0068 0.0228
vn 0.9997 -0.0078 0.0224
vn 0.9997 -0.0089 0.0220
vn 0.9997 -0.0100 0.0215
vn 0.9997 -0.0110 0.0210
vn 0.9997 -0.0120 0.0204
vn 0.9997 -0.0129 0.0198
vn 0.9997 -0.0139 0.0191
vn 0.9997 -0.0148 0.0184
vn 0.9997 -0.0156 0.0177
vn 0.9997 -0.0165 0.0168
vn 0.9997 -0.0173 0.0160
vn 0.9997 -0.0180 0.0151
vn 0.9997 -0.0187 0.0142
vn 0.9997 -0.0194 0.0132
vn 0.9997 -0.0200 0.0123
vn 0.9997 -0.0206 0.0112
vn 0.9997 -0.0211 0.0102
vn 0.9997 -0.0215 0.0091
vn 0.9997 -0.0219 0.0080
vn 0.9997 -0.0223 0.0069
vn 0.9997 -0.0226 0.0058
vn 0.9997 -0.0229 0.0046
vn 0.9997 -0.0231 0.0035
vn 0.9997 -0.0232 0.0023
vn 0.9997 -0.0233 0.0012
vn 0.9997 -0.0233 -0.0000
vn 0.9997 -0.0233 -0.0012
vn 0.9997 -0.0232 -0.0023
vn 0.9997 -0.0231 -0.0035
vn 0.9997 -0.0229 -0.0046
vn 0.9997 -0.0226 -0.0058
vn 0.9997 -0.0223 -0.0069
vn 0.9997 -0.0219 -0.0080
vn 0.9997 -0.0215 -0.0091
vn 0.9997 -0.0211 -0.0102
vn 0.9997 -0.0206 -0.0112
vn 0.9997 -0.0200 -0.0123
vn 0.9997 -0.0194 -0.0132
vn 0.9997 -0.0187 -0.0142
vn 0.9997 -0.0180 -0.0151
vn 0.9997 -0.0173 -0.0160
vn 0.9997 -0.0165 -0.0168
vn 0.9997 -0.0156 -0.0177
vn 0.9997 -0.0148 -0.0184
vn 0.9997 -0.0139 -0.0191
vn 0.9997 -0.0129 -0.0198
vn 0.9997 -0.0120 -0.0204
vn 0.9997 -0.0110 -0.0210
vn 0.9997 -0.0100 -0.0215
vn 0.9997 -0.0089 -0.0220
vn 0.9997 -0.0079 -0.0224
vn 0.9997 -0.0068 -0.0228
vn 0.9997 -0.0057 -0.0231
vn 0.9997 -0.0045 -0.0234
vn 0.9997 -0.0034 -0.0236
vn 0.9997 -0.0023 -0.0237
vn 0.9997 -0.0011 -0.0238
vn 0.9997 -0.0000 -0.0238
vn 0.9997 0.0011 -0.0238
vn 0.9997 0.0023 -0.0237
vn 0.9997 0.0034 -0.0236
vn 0.9997 0.0045 -0.0234
vn 0.9997 0.0057 -0.0231
vn 0.9997 0.0068 -0.0228
vn 0.9997 0.0079 -0.0224
vn 0.9997 0.0089 -0.0220
vn 0.9997 0.0100 -0.0215
vn 0.9997 0.0110 -0.0210
vn 0.9997 0.0120 -0.0204
vn 0.9997 0.0129 -0.0198
vn 0.9997 0.0139 -0.0191
vn 0.9997 0.0148 -0.0184
vn 0.9997 0.0156 -0.0177
vn 0.9997 0.0165 -0.0168
vn 0.9997 0.0173 -0.0160
vn 0.9997 0.0180 -0.0151
vn 0.9997 0.0187 -0.0142
vn 0.9997 0.0194 -0.0132
vn 0.9997 0.0200 -0.0123
vn 0.9997 0.0206 -0.0112
vn 0.9997 0.0211 -0.0102
vn 0.9997 0.0215 -0.0091
vn 0.9997 0.0219 -0.0080
vn 0.9997 0.0223 -0.0069
vn 0.9997 0.0226 -0.0058
vn 0.9997 0.0229 -0.0046
vn 0.9997 0.0231 -0.0035
vn 0.9997 0.0232 -0.0023
vn 0.9997 0.0233 -0.0012
vn 0.9997 0.0259 -0.0000
vn 0.9997 0.0259 0.0013
vn 0.9997 0.0258 0.0026
vn 0.9997 0.0256 0.0039
vn 0.9997 0.0254 0.0052
vn 0.9997 0.0251 0.0064
vn 0.9997 0.0248 0.0077
vn 0.9997 0.0244 0.0089
vn 0.9997 0.0239 0.0101
vn 0.9997 0.0234 0.0113
vn 0.9997 0.0228 0.0125
vn 0.9997 0.0222 0.0136
vn 0.9997 0.0215 0.0147
vn 0.9997 0.0208 0.0158
vn 0.9997 0.0200 0.0168
vn 0.9997 0.0192 0.0178
vn 0.9997 0.0183 0.0187
vn 0.9997 0.0174 0.0196
vn 0.9997 0.0164 0.0205
vn 0.9997 0.0154 0.0213
vn 0.9997 0.0144 0.0220
vn 0.9997 0.0133 0.0227
vn 0.9997 0.0122 0.0233
vn 0.9997 0.0111 0.0239
vn 0.9997 0.0099 0.0245
vn 0.9997 0.0087 0.0249
vn 0.9997 0.0075 0.0253
vn 0.9997 0.0063 0.0257
vn 0.9997 0.0051 0.0260
vn 0.9996 0.0038 0.0262
vn 0.9996 0.0025 0.0263
vn 0.9996 0.0013 0.0264
vn 0.9996 -0.0000 0.0265
vn 0.9996 -0.0013 0.0264
vn 0.9996 -0.0025 0.0263
vn 0.9996 -0.0038 0.0262
vn 0.9997 -0.0051 0.0260
vn 0.9997 -0.0063 0.0257
vn 0.9997 -0.0075 0.0253
vn 0.9997 -0.0087 0.0249
vn 0.9997 -0.0099 0.0245
vn 0.9997 -0.0111 0.0239
vn 0.9997 -0.0122 0.0233
vn 0.9997 -0.0133 0.0227
vn 0.9997 -0.0144 0.0220
vn 0.9997 -0.0154 0.0213
vn 0.9997 -0.0164 0.0205
vn 0.9997 -0.0174 0.0196
vn 0.9997 -0.0183 0.0187
vn 0.9997 -0.0192 0.0178
vn 0.9997 -0.0200 0.0168
vn 0.9997 -0.0208 0.0158
vn 0.9997 -0.0215 0.0147
vn 0.9997 -0.0222 0.0136
vn 0.9997 -0.0228 0.0125
vn 0.9997 -0.0234 0.0113
vn 0.9997 -0.0239 0.0101
vn 0.9997 -0.0244 0.0089
vn 0.9997 -0.0248 0.0077
vn 0.9997 -0.0251 0.0064
vn 0.9997 -0.0254 0.0052
vn 0.9997 -0.0256 0.0039
vn 0.9997 -0.0258 0.0026
vn 0.9997 -0.0259 0.0013
vn 0.9997 -0.0259 -0.0000
vn 0.9997 -0.0259 -0.0013
vn 0.9997 -0.0258 -0.0026
vn 0.9997 -0.0256 -0.0039
vn 0.9997 -0.0254 -0.0052
vn 0.9997 -0.0251 -0.0064
vn 0.9997 -0.0248 -0.0077
vn 0.9997 -0.0244 -0.0089
vn 0.9997 -0.0239 -0.0101
vn 0.9997 -0.0234 -0.0113
vn 0.9997 -0.0228 -0.0125
vn 0.9997 -0.0222 -0.0136
vn 0.9997 -0.0215 -0.0147
vn 0.9997 -0.0208 -0.0158
vn 0.9997 -0.0200 -0.0168
vn 0.9997 -0.0192 -0.0178
vn 0.9997 -0.0183 -0.0187
vn 0.9997 -0.0174 -0.0196
vn 0.9997 -0.0164 -0.0205
vn 0.9997 -0.0154 -0.0213
vn 0.9997 -0.0144 -0.0220
vn 0.9997 -0.0133 -0.0227
vn 0.9997 -0.0122 -0.0233
vn 0.9997 -0.0111 -0.0239
vn 0.9997 -0.0099 -0.0245
vn 0.9997 -0.0087 -0.0249
vn 0.9997 -0.0075 -0.0253
vn 0.9997 -0.0063 -0.0257
vn 0.9997 -0.0051 -0.0260
vn 0.9996 -0.0038 -0.0262
vn 0.9996 -0.0025 -0.0263
vn 0.9996 -0.0013 -0.0264
vn 0.9996 -0.0000 -0.0265
vn 0.9996 0.0013 -0.0264
vn 0.9996 0.0025 -0.0263
vn 0.9996 0.0038 -0.0262
vn 0.9997 0.0050 -0.0260
vn 0.9997 0.0063 -0.0257
vn 0.9997 0.0075 -0.0253
vn 0.9997 0.0087 -0.0249
vn 0.9997 0.0099 -0.0245
vn 0.9997 0.0111 -0.0239
vn 0.9997 0.0122 -0.0233
vn 0.9997 0.0133 -0.0227
vn 0.9997 0.0144 -0.0220
vn 0.9997 0.0154 -0.0213
vn 0.9997 0.0164 -0.0205
vn 0.9997 0.0174 -0.0196
vn 0.9997 0.0183 -0.0187
vn 0.9997 0.0192 -0.0178
vn 0.9997 0.0200 -0.0168
vn 0.9997 0.0208 -0.0158
vn 0.9997 0.0215 -0.0147
vn 0.9997 0.0222 -0.0136
vn 0.9997 0.0228 -0.0125
vn 0.9997 0.0234 -0.0113
vn 0.9997 0.0239 -0.0101
vn 0.9997 0.0244 -0.0089
vn 0.9997 0.0248 -0.0077
vn 0.9997 0.0251 -0.0064
vn 0.9997 0.0254 -0.0052
vn 0.9997 0.0256 -0.0039
vn 0.9997 0.0258 -0.0026
vn 0.9997 0.0259 -0.0013
vn 0.9996 0.0285 -0.0000
vn 0.9996 0.0284 0.0014
vn 0.9996 0.0283 0.0029
vn 0.9996 0.0282 0.0043
vn 0.9996 0.0279 0.0057
vn 0.9996 0.0276 0.0071
vn 0.9996 0.0272 0.0085
vn 0.9996 0.0268 0.0098
vn 0.9996 0.0263 0.0111
vn 0.9996 0.0257 0.0124
vn 0.9996 0.0251 0.0137
vn 0.9996 0.0244 0.0150
vn 0.9996 0.0237 0.0162
vn 0.9996 0.0229 0.0173
vn 0.9996 0.0220 0.0185
vn 0.9996 0.0211 0.0196
vn 0.9996 0.0201 0.0206
vn 0.9996 0.0191 0.0216
vn 0.9996 0.0181 0.0225
vn 0.9996 0.0170 0.0234
vn 0.9996 0.0158 0.0242
vn 0.9996 0.0146 0.0250
vn 0.9996 0.0134 0.0257
vn 0.9996 0.0122 0.0263
vn 0.9996 0.0109 0.0269
vn 0.9996 0.0096 0.0274
vn 0.9996 0.0083 0.0279
vn 0.9996 0.0069 0.0282
vn 0.9996 0.0056 0.0286
vn 0.9996 0.0042 0.0288
vn 0.9996 0.0028 0.0290
vn 0.9996 0.0014 0.0291
vn 0.9996 -0.0000 0.0291
vn 0.9996 -0.0014 0.0291
vn 0.9996 -0.0028 0.0290
vn 0.9996 -0.0042 0.0288
vn 0.9996 -0.0056 0.0286
vn 0.9996 -0.0069 0.0282
vn 0.9996 -0.0083 0.0279
vn 0.9996 -0.0096 0.0274
vn 0.9996 -0.0109 0.0269
vn 0.9996 -0.0122 0.0263
vn 0.9996 -0.0134 0.0257
vn 0.9996 -0.0146 0.0250
vn 0.9996 -0.0158 0.0242
vn 0.9996 -0.0170 0.0234
vn 0.9996 -0.0181 0.0225
vn 0.9996 -0.0191 0.0216
vn 0.9996 -0.0201 0.0206
vn 0.9996 -0.0211 0.0196
vn 0.9996 -0.0220 0.0185
vn 0.9996 -0.0229 0.0173
vn 0.9996 -0.0237 0.0162
vn 0.9996 -0.0244 0.0150
vn 0.9996 -0.0251 0.0137
vn 0.9996 -0.0257 0.0124
vn 0.9996 -0.0263 0.0111
vn 0.9996 -0.0268 0.0098
vn 0.9996 -0.0272 0.0085
vn 0.9996 -0.0276 0.0071
vn 0.9996 -0.0279 0.0057
vn 0.9996 -0.0282 0.0043
vn 0.9996 -0.0283 0.0029
vn 0.9996 -0.0284 0.0014
vn 0.9996 -0.0285 -0.0000
vn 0.9996 -0.0284 -0.0014
vn 0.9996 -0.0283 -0.0029
vn 0.9996 -0.0282 -0.0043
vn 0.9996 -0.0279 -0.0057
vn 0.9996 -0.0276 -0.0071
vn 0.9996 -0.0272 -0.0085
vn 0.9996 -0.0268 -0.0098
vn 0.9996 -0.0263 -0.0111
vn 0.9996 -0.0257 -0.0124
vn 0.9996 -0.0251 -0.0137
vn 0.9996 -0.0244 -0.0150
vn 0.9996 -0.0237 -0.0162
vn 0.9996 -0.0229 -0.0173
vn 0.9996 -0.0220 -0.0185
vn 0.9996 -0.0211 -0.0196
vn 0.9996 -0.0201 -0.0206
vn 0.9996 -0.0191 -0.0216
vn 0.9996 -0.0181 -0.0225
vn 0.9996 -0.0170 -0.0234
vn 0.9996 -0.0158 -0.0242
vn 0.9996 -0.0146 -0.0250
vn 0.9996 -0.0134 -0.0257
vn 0.9996 -0.0122 -0.0263
vn 0.9996 -0.0109 -0.0269
vn 0.9996 -0.0096 -0.0274
vn 0.9996 -0.0083 -0.0279
vn 0.9996 -0.0069 -0.0282
vn 0.9996 -0.0056 -0.0286
vn 0.9996 -0.0042 -0.0288
vn 0.9996 -0.0028 -0.0290
vn 0.9996 -0.0014 -0.0291
vn 0.9996 -0.0000 -0.0291
vn 0.9996 0.0014 -0.0291
vn 0.9996 0.0028 -0.0290
vn 0.9996 0.0042 -0.0288
vn 0.9996 0.0056 -0.0286
vn 0.9996 0.0069 -0.0282
vn 0.9996 0.0083 -0.0279
vn 0.9996 0.0096 -0.0274
vn 0.9996 0.0109 -0.0269
vn 0.9996 0.0122 -0.0263
vn 0.9996 0.0134 -0.0257
vn 0.9996 0.0146 -0.0250
vn 0.9996 0.0158 -0.0242
vn 0.9996 0.0170 -0.0234
vn 0.9996 0.0181 -0.0225
vn 0.9996 0.0191 -0.0216
vn 0.9996 0.0201 -0.0206
vn 0.9996 0.0211 -0.0196
vn 0.9996 0.0220 -0.0185
vn 0.9996 0.0229 -0.0173
vn 0.9996 0.0237 -0.0162
vn 0.9996 0.0244 -0.0150
vn 0.9996 0.0251 -0.0137
vn 0.9996 0.0257 -0.0124
vn 0.9996 0.0263 -0.0111
vn 0.9996 0.0268 -0.0098
vn 0.9996 0.0272 -0.0085
vn 0.9996 0.0276 -0.0071
vn 0.9996 0.0279 -0.0057
vn 0.9996 0.0282 -0.0043
vn 0.9996 0.0283 -0.0029
vn 0.9996 0.0284 -0.0014
vn 0.9995 0.0311 -0.0000
vn 0.9995 0.0310 0.0016
vn 0.9995 0.0309 0.0031
vn 0.9995 0.0307 0.0047
vn 0.9995 0.0305 0.0062
vn 0.9995 0.0301 0.0077
vn 0.9995 0.0297 0.0092
vn 0.9995 0.0292 0.0107
vn 0.9995 0.0287 0.0122
vn 0.9995 0.0281 0.0136
vn 0.9995 0.0274 0.0150
vn 0.9995 0.0266 0.0163
vn 0.9995 0.0258 0.0176
vn 0.9995 0.0249 0.0189
vn 0.9995 0.0240 0.0201
vn 0.9995 0.0230 0.0213
vn 0.9995 0.0220 0.0225
vn 0.9995 0.0209 0.0235
vn 0.9995 0.0197 0.0245
vn 0.9995 0.0185 0.0255
vn 0.9995 0.0173 0.0264
vn 0.9995 0.0160 0.0272
vn 0.9995 0.0146 0.0280
vn 0.9995 0.0133 0.0287
vn 0.9995 0.0119 0.0293
vn 0.9995 0.0105 0.0299
vn 0.9995 0.0090 0.0304
vn 0.9995 0.0075 0.0308
vn 0.9995 0.0061 0.0311
vn 0.9995 0.0046 0.0314
vn 0.9995 0.0030 0.0316
vn 0.9995 0.0015 0.0317
vn 0.9995 -0.0000 0.0318
vn 0.9995 -0.0015 0.0317
vn 0.9995 -0.0030 0.0316
vn 0.9995 -0.0046 0.0314
vn 0.9995 -0.0061 0.0311
vn 0.9995 -0.0075 0.0308
vn 0.9995 -0.0090 0.0304
vn 0.9995 -0.0105 0.0299
vn 0.9995 -0.0119 0.0293
vn 0.9995 -0.0133 0.0287
vn 0.9995 -0.0146 0.0280
vn 0.9995 -0.0160 0.0272
vn 0.9995 -0.0173 0.0264
vn 0.9995 -0.0185 0.0255
vn 0.9995 -0.0197 0.0245
vn 0.9995 -0.0209 0.0235
vn 0.9995 -0.0220 0.0225
vn 0.9995 -0.0230 0.0213
vn 0.9995 -0.0240 0.0201
vn 0.9995 -0.0249 0.0189
vn 0.9995 -0.0258 0.0176
vn 0.9995 -0.0266 0.0163
vn 0.9995 -0.0274 0.0150
vn 0.9995 -0.0281 0.0136
vn 0.9995 -0.0287 0.0122
vn 0.9995 -0.0292 0.0107
vn 0.9995 -0.0297 0.0092
vn 0.9995 -0.0301 0.0077
vn 0.9995 -0.0305 0.0062
vn 0.9995 -0.0307 0.0047
vn 0.9995 -0.0309 0.0031
vn 0.9995 -0.0310 0.0016
vn 0.9995 -0.0311 -0.0000
vn 0.9995 -0.0310 -0.0016
vn 0.9995 -0.0309 -0.0031
vn 0.9995 -0.0307 -0.0047
vn 0.9995 -0.0305 -0.0062
vn 0.9995 -0.0301 -0.0077
vn 0.9995 -0.0297 -0.0092
vn 0.9995 -0.0292 -0.0107
vn 0.9995 -0.0287 -0.0122
vn 0.9995 -0.0281 -0.0136
vn 0.9995 -0.0274 -0.0150
vn 0.9995 -0.0266 -0.0163
vn 0.9995 -0.0258 -0.0176
vn 0.9995 -0.0249 -0.0189
vn 0.9995 -0.0240 -0.0201
vn 0.9995 -0.0230 -0.0213
vn 0.9995 -0.0220 -0.0225
vn 0.9995 -0.0209 -0.0235
vn 0.9995 -0.0197 -0.0245
vn 0.9995 -0.0185 -0.0255
vn 0.9995 -0.0173 -0.0264
vn 0.9995 -0.0160 -0.0272
vn 0.9995 -0.0146 -0.0280
vn 0.9995 -0.0133 -0.0287
vn 0.9995 -0.0119 -0.0293
vn 0.9995 -0.0105 -0.0299
vn 0.9995 -0.0090 -0.0304
vn 0.9995 -0.0075 -0.0308
vn 0.9995 -0.0061 -0.0311
vn 0.9995 -0.0046 -0.0314
vn 0.9995 -0.0030 -0.0316
vn 0.9995 -0.0015 -0.0317
vn 0.9995 -0.0000 -0.0318
vn 0.9995 0.0015 -0.0317
vn 0.9995 0.0030 -0.0316
vn 0.9995 0.0046 -0.0314
vn 0.9995 0.0061 -0.0311
vn 0.9995 0.0075 -0.0308
vn 0.9995 0.0090 -0.0304
vn 0.9995 0.0105 -0.0299
vn 0.9995 0.0119 -0.0293
vn 0.9995 0.0133 -0.0287
vn 0.9995 0.0146 -0.0280
vn 0.9995 0.0160 -0.0272
vn 0.9995 0.0173 -0.0264
vn 0.9995 0.0185 -0.0255
vn 0.9995 0.0197 -0.0245
vn 0.9995 0.0209 -0.0235
vn 0.9995 0.0220 -0.0225
vn 0.9995 0.0230 -0.0213
vn 0.9995 0.0240 -0.0201
vn 0.9995 0.0249 -0.0189
vn 0.9995 0.0258 -0.0176
vn 0.9995 0.0266 -0.0163
vn 0.9995 0.0274 -0.0150
vn 0.9995 0.0281 -0.0136
vn 0.9995 0.0287 -0.0122
vn 0.9995 0.0292 -0.0107
vn 0.9995 0.0297 -0.0092
vn 0.9995 0.0301 -0.0077
vn 0.9995 0.0305 -0.0062
vn 0.9995 0.0307 -0.0047
vn 0.9995 0.0309 -0.0031
vn 0.9995 0.0310 -0.0016
vn 0.9994 0.0336 -0.0000
vn 0.9994 0.0336 0.0017
vn 0.9994 0.0335 0.0034
vn 0.9994 0.0333 0.0050
vn 0.9994 0.0330 0.0067
vn 0.9994 0.0326 0.0084
vn 0.9994 0.0322 0.0100
vn 0.9994 0.0317 0.0116
vn 0.9994 0.0311 0.0132
vn 0.9994 0.0304 0.0147
vn 0.9994 0.0297 0.0162
vn 0.9994 0.0289 0.0177
vn 0.9994 0.0280 0.0191
vn 0.9994 0.0270 0.0205
vn 0.9994 0.0260 0.0218
vn 0.9994 0.0249 0.0231
vn 0.9994 0.0238 0.0243
vn 0.9994 0.0226 0.0255
vn 0.9994 0.0213 0.0266
vn 0.9994 0.0200 0.0276
vn 0.9994 0.0187 0.0286
vn 0.9994 0.0173 0.0295
vn 0.9994 0.0159 0.0303
vn 0.9994 0.0144 0.0311
vn 0.9994 0.0129 0.0318
vn 0.9994 0.0113 0.0324
vn 0.9994 0.0098 0.0329
vn 0.9994 0.0082 0.0334
vn 0.9994 0.0066 0.0337
vn 0.9994 0.0049 0.0340
vn 0.9994 0.0033 0.0342
vn 0.9994 0.0017 0.0344
vn 0.9994 -0.0000 0.0344
vn 0.9994 -0.0016 0.0344
vn 0.9994 -0.0033 0.0342
vn 0.9994 -0.0049 0.0340
vn 0.9994 -0.0066 0.0337
vn 0.9994 -0.0082 0.0334
vn 0.9994 -0.0098 0.0329
vn 0.9994 -0.0113 0.0324
vn 0.9994 -0.0129 0.0318
vn 0.9994 -0.0144 0.0311
vn 0.9994 -0.0159 0.0303
vn 0.9994 -0.0173 0.0295
vn 0.9994 -0.0187 0.0286
vn 0.9994 -0.0200 0.0276
vn 0.9994 -0.0213 0.0266
vn 0.9994 -0.0226 0.0255
vn 0.9994 -0.0238 0.0243
vn 0.9994 -0.0249 0.0231
vn 0.9994 -0.0260 0.0218
vn 0.9994 -0.0270 0.0205
vn 0.9994 -0.0280 0.0191
vn 0.9994 -0.0289 0.0177
vn 0.9994 -0.0297 0.0162
vn 0.9994 -0.0304 0.0147
vn 0.9994 -0.0311 0.0132
vn 0.9994 -0.0317 0.0116
vn 0.9994 -0.0322 0.0100
vn 0.9994 -0.0326 0.0084
vn 0.9994 -0.0330 0.0067
vn 0.9994 -0.0333 0.0050
vn 0.9994 -0.0335 0.0034
vn 0.9994 -0.0336 0.0017
vn 0.9994 -0.0336 -0.0000
vn 0.9994 -0.0336 -0.0017
vn 0.9994 -0.0335 -0.0034
vn 0.9994 -0.0333 -0.0050
vn 0.9994 -0.0330 -0.0067
vn 0.9994 -0.0326 -0.0084
vn 0.9994 -0.0322 -0.0100
vn 0.9994 -0.0317 -0.0116
vn 0.9994 -0.0311 -0.0132
vn 0.9994 -0.0304 -0.0147
vn 0.9994 -0.0297 -0.0162
vn 0.9994 -0.0289 -0.0177
vn 0.9994 -0.0280 -0.0191
vn 0.9994 -0.0270 -0.0205
vn 0.9994 -0.0260 -0.0218
vn 0.9994 -0.0249 -0.0231
vn 0.9994 -0.0238 -0.0243
vn 0.9994 -0.0226 -0.0255
vn 0.9994 -0.0213 -0.0266
vn 0.9994 -0.0200 -0.0276
vn 0.9994 -0.0187 -0.0286
vn 0.9994 -0.0173 -0.0295
vn 0.9994 -0.0159 -0.0303
vn 0.9994 -0.0144 -0.0311
vn 0.9994 -0.0129 -0.0318
vn 0.9994 -0.0113 -0.0324
vn 0.9994 -0.0098 -0.0329
vn 0.9994 -0.0082 -0.0334
vn 0.9994 -0.0066 -0.0337
vn 0.9994 -0.0049 -0.0340
vn 0.9994 -0.0033 -0.0342
vn 0.9994 -0.0016 -0.0344
vn 0.9994 -0.0000 -0.0344
vn 0.9994 0.0017 -0.0344
vn 0.9994 0.0033 -0.0342
vn 0.9994 0.0049 -0.0340
vn 0.9994 0.0066 -0.0337
vn 0.9994 0.0082 -0.0334
vn 0.9994 0.0098 -0.0329
vn 0.9994 0.0113 -0.0324
vn 0.9994 0.0129 -0.0318
vn 0.9994 0.0144 -0.0311
vn 0.9994 0.0159 -0.0303
vn 0.9994 0.0173 -0.0295
vn 0.9994 0.0187 -0.0286
vn 0.9994 0.0200 -0.0276
vn 0.9994 0.0213 -0.0266
vn 0.9994 0.0226 -0.0255
vn 0.9994 0.0238 -0.0243
vn 0.9994 0.0249 -0.0231
vn 0.9994 0.0260 -0.0218
vn 0.9994 0.0270 -0.0205
vn 0.9994 0.0280 -0.0191
vn 0.9994 0.0289 -0.0177
vn 0.9994 0.0297 -0.0162
vn 0.9994 0.0304 -0.0147
vn 0.9994 0.0311 -0.0132
vn 0.9994 0.0317 -0.0116
vn 0.9994 0.0322 -0.0100
vn 0.9994 0.0326 -0.0084
vn 0.9994 0.0330 -0.0067
vn 0.9994 0.0333 -0.0050
vn 0.9994 0.0335 -0.0034
vn 0.9994 0.0336 -0.0017
vn 0.9993 0.0362 -0.0000
vn 0.9993 0.0362 0.0018
vn 0.9993 0.0361 0.0036
vn 0.9993 0.0358 0.0054
vn 0.9993 0.0355 0.0072
vn 0.9993 0.0351 0.0090
vn 0.9993 0.0347 0.0108
vn 0.9993 0.0341 0.0125
vn 0.9993 0.0335 0.0142
vn 0.9993 0.0327 0.0158
vn 0.9993 0.0319 0.0175
vn 0.9993 0.0311 0.0190
vn 0.9993 0.0301 0.0206
vn 0.9993 0.0291 0.0221
vn 0.9993 0.0280 0.0235
vn 0.9993 0.0268 0.0249
vn 0.9993 0.0256 0.0262
vn 0.9993 0.0243 0.0274
vn 0.9993 0.0230 0.0286
vn 0.9993 0.0216 0.0298
vn 0.9993 0.0201 0.0308
vn 0.9993 0.0186 0.0318
vn 0.9993 0.0171 0.0327
vn 0.9993 0.0155 0.0335
vn 0.9993 0.0139 0.0342
vn 0.9993 0.0122 0.0349
vn 0.9993 0.0105 0.0354
vn 0.9993 0.0088 0.0359
vn 0.9993 0.0071 0.0363
vn 0.9993 0.0053 0.0366
vn 0.9993 0.0036 0.0369
vn 0.9993 0.0018 0.0370
vn 0.9993 -0.0000 0.0370
vn 0.9993 -0.0018 0.0370
vn 0.9993 -0.0036 0.0369
vn 0.9993 -0.0053 0.0366
vn 0.9993 -0.0071 0.0363
vn 0.9993 -0.0088 0.0359
vn 0.9993 -0.0105 0.0354
vn 0.9993 -0.0122 0.0349
vn 0.9993 -0.0139 0.0342
vn 0.9993 -0.0155 0.0335
vn 0.9993 -0.0171 0.0327
vn 0.9993 -0.0186 0.0318
vn 0.9993 -0.0201 0.0308
vn 0.9993 -0.0216 0.0298
vn 0.9993 -0.0230 0.0286
vn 0.9993 -0.0243 0.0274
vn 0.9993 -0.0256 0.0262
vn 0.9993 -0.0268 0.0249
vn 0.9993 -0.0280 0.0235
vn 0.9993 -0.0291 0.0221
vn 0.9993 -0.0301 0.0206
vn 0.9993 -0.0311 0.0190
vn 0.9993 -0.0319 0.0175
vn 0.9993 -0.0327 0.0158
vn 0.9993 -0.0335 0.0142
vn 0.9993 -0.0341 0.0125
vn 0.9993 -0.0347 0.0108
vn 0.9993 -0.0351 0.0090
vn 0.9993 -0.0355 0.0072
vn 0.9993 -0.0358 0.0054
vn 0.9993 -0.0361 0.0036
vn 0.9993 -0.0362 0.0018
vn 0.9993 -0.0362 -0.0000
vn 0.9993 -0.0362 -0.0018
vn 0.9993 -0.0361 -0.0036
vn 0.9993 -0.0358 -0.0054
vn 0.9993 -0.0355 -0.0072
vn 0.9993 -0.0351 -0.0090
vn 0.9993 -0.0347 -0.0108
vn 0.9993 -0.0341 -0.0125
vn 0.9993 -0.0335 -0.0142
vn 0.9993 -0.0327 -0.0158
vn 0.9993 -0.0319 -0.0175
vn 0.9993 -0.0311 -0.0190
vn 0.9993 -0.0301 -0.0206
vn 0.9993 -0.0291 -0.0221
vn 0.9993 -0.0280 -0.0235
vn 0.9993 -0.0268 -0.0249
vn 0.9993 -0.0256 -0.0262
vn 0.9993 -0.0243 -0.0274
vn 0.9993 -0.0230 -0.0286
vn 0.9993 -0.0216 -0.0298
vn 0.9993 -0.0201 -0.0308
vn 0.9993 -0.0186 -0.0318
vn 0.9993 -0.0171 -0.0327
vn 0.9993 -0.0155 -0.0335
vn 0.9993 -0.0139 -0.0342
vn 0.9993 -0.0122 -0.0349
vn 0.9993 -0.0105 -0.0354
vn 0.9993 -0.0088 -0.0359
vn 0.9993 -0.0071 -0.0363
vn 0.9993 -0.0053 -0.0366
vn 0.9993 -0.0036 -0.0369
vn 0.9993 -0.0018 -0.0370
vn 0.9993 -0.0000 -0.0370
vn 0.9993 0.0018 -0.0370
vn 0.9993 0.0036 -0.0369
vn 0.9993 0.0053 -0.0366
vn 0.9993 0.0071 -0.0363
vn 0.9993 0.0088 -0.0359
vn 0.9993 0.0105 -0.0354
vn 0.9993 0.0122 -0.0349
vn 0.9993 0.0139 -0.0342
vn 0.9993 0.0155 -0.0335
vn 0.9993 0.0171 -0.0327
vn 0.9993 0.0186 -0.0318
vn 0.9993 0.0201 -0.0308
vn 0.9993 0.0216 -0.0298
vn 0.9993 0.0230 -0.0286
vn 0.9993 0.0243 -0.0274
vn 0.9993 0.0256 -0.0262
vn 0.9993 0.0268 -0.0249
vn 0.9993 0.0280 -0.0235
vn 0.9993 0.0291 -0.0221
vn 0.9993 0.0301 -0.0206
vn 0.9993 0.0311 -0.0190
vn 0.9993 0.0319 -0.0175
vn 0.9993 0.0327 -0.0158
vn 0.9993 0.0335 -0.0142
vn 0.9993 0.0341 -0.0125
vn 0.9993 0.0347 -0.0108
vn 0.9993 0.0351 -0.0090
vn 0.9993 0.0355 -0.0072
vn 0.9993 0.0358 -0.0054
vn 0.9993 0.0361 -0.0036
vn 0.9993 0.0362 -0.0018
vn 0.9992 0.0388 -0.0000
vn 0.9992 0.0388 0.0019
vn 0.9992 0.0386 0.0039
vn 0.9992 0.0384 0.0058
vn 0.9992 0.0381 0.0077
vn 0.9992 0.0376 0.0096
vn 0.9992 0.0371 0.0115
vn 0.9992 0.0365 0.0134
vn 0.9992 0.0359 0.0152
vn 0.9992 0.0351 0.0170
vn 0.9992 0.0342 0.0187
vn 0.9992 0.0333 0.0204
vn 0.9992 0.0323 0.0220
vn 0.9992 0.0312 0.0236
vn 0.9992 0.0300 0.0252
vn 0.9992 0.0288 0.0266
vn 0.9992 0.0274 0.0281
vn 0.9992 0.0261 0.0294
vn 0.9992 0.0246 0.0307
vn 0.9992 0.0231 0.0319
vn 0.9992 0.0216 0.0330
vn 0.9992 0.0199 0.0340
vn 0.9992 0.0183 0.0350
vn 0.9992 0.0166 0.0359
vn 0.9992 0.0148 0.0367
vn 0.9992 0.0131 0.0374
vn 0.9992 0.0113 0.0380
vn 0.9992 0.0094 0.0385
vn 0.9992 0.0076 0.0389
vn 0.9992 0.0057 0.0392
vn 0.9992 0.0038 0.0395
vn 0.9992 0.0019 0.0396
vn 0.9992 -0.0000 0.0397
vn 0.9992 -0.0019 0.0396
vn 0.9992 -0.0038 0.0395
vn 0.9992 -0.0057 0.0392
vn 0.9992 -0.0076 0.0389
vn 0.9992 -0.0094 0.0385
vn 0.9992 -0.0113 0.0380
vn 0.9992 -0.0131 0.0374
vn 0.9992 -0.0149 0.0367
vn 0.9992 -0.0166 0.0359
vn 0.9992 -0.0183 0.0350
vn 0.9992 -0.0199 0.0340
vn 0.9992 -0.0216 0.0330
vn 0.9992 -0.0231 0.0319
vn 0.9992 -0.0246 0.0307
vn 0.9992 -0.0261 0.0294
vn 0.9992 -0.0274 0.0281
vn 0.9992 -0.0288 0.0266
vn 0.9992 -0.0300 0.0252
vn 0.9992 -0.0312 0.0236
vn 0.9992 -0.0323 0.0220
vn 0.9992 -0.0333 0.0204
vn 0.9992 -0.0342 0.0187
vn 0.9992 -0.0351 0.0170
vn 0.9992 -0.0359 0.0152
vn 0.9992 -0.0365 0.0134
vn 0.9992 -0.0371 0.0115
vn 0.9992 -0.0376 0.0096
vn 0.9992 -0.0381 0.0077
vn 0.9992 -0.0384 0.0058
vn 0.9992 -0.0386 0.0039
vn 0.9992 -0.0388 0.0019
vn 0.9992 -0.0388 -0.0000
vn 0.9992 -0.0388 -0.0019
vn 0.9992 -0.0386 -0.0039
vn 0.9992 -0.0384 -0.0058
vn 0.9992 -0.0381 -0.0077
vn 0.9992 -0.0376 -0.0096
vn 0.9992 -0.0371 -0.0115
vn 0.9992 -0.0365 -0.0134
vn 0.9992 -0.0359 -0.0152
vn 0.9992 -0.0351 -0.0170
vn 0.9992 -0.0342 -0.0187
vn 0.9992 -0.0333 -0.0204
vn 0.9992 -0.0323 -0.0220
vn 0.9992 -0.0312 -0.0236
vn 0.9992 -0.0300 -0.0252
vn 0.9992 -0.0288 -0.0266
vn 0.9992 -0.0274 -0.0281
vn 0.9992 -0.0261 -0.0294
vn 0.9992 -0.0246 -0.0307
vn 0.9992 -0.0231 -0.0319
vn 0.9992 -0.0216 -0.0330
vn 0.9992 -0.0199 -0.0340
vn 0.9992 -0.0183 -0.0350
vn 0.9992 -0.0166 -0.0359
vn 0.9992 -0.0149 -0.0367
vn 0.9992 -0.0131 -0.0374
vn 0.9992 -0.0113 -0.0380
vn 0.9992 -0.0094 -0.0385
vn 0.9992 -0.0076 -0.0389
vn 0.9992 -0.0057 -0.0392
vn 0.9992 -0.0038 -0.0395
vn 0.9992 -0.0019 -0.0396
vn 0.9992 -0.0000 -0.0397
vn 0.9992 0.0019 -0.0396
vn 0.9992 0.0038 -0.0395
vn 0.9992 0.0057 -0.0392
vn 0.9992 0.0076 -0.0389
vn 0.9992 0.0094 -0.0385
vn 0.9992 0.0113 -0.0380
vn 0.9992 0.0131 -0.0374
vn 0.9992 0.0149 -0.0367
vn 0.9992 0.0166 -0.0359
vn 0.9992 0.0183 -0.0350
vn 0.9992 0.0199 -0.0340
vn 0.9992 0.0216 -0.0330
vn 0.9992 0.0231 -0.0319
vn 0.9992 0.0246 -0.0307
vn 0.9992 0.0261 -0.0294
vn 0.9992 0.0274 -0.0281
vn 0.9992 0.0288 -0.0266
vn 0.9992 0.0300 -0.0252
vn 0.9992 0.0312 -0.0236
vn 0.9992 0.0323 -0.0220
vn 0.9992 0.0333 -0.0204
vn 0.9992 0.0342 -0.0187
vn 0.9992 0.0351 -0.0170
vn 0.9992 0.0359 -0.0152
vn 0.9992 0.0365 -0.0134
vn 0.9992 0.0371 -0.0115
vn 0.9992 0.0376 -0.0096
vn 0.9992 0.0381 -0.0077
vn 0.9992 0.0384 -0.0058
vn 0.9992 0.0386 -0.0039
vn 0.9992 0.0388 -0.0019
vn 0.6873 0.7264 -0.0000
vn 0.6873 0.7254 0.0364
vn 0.6873 0.7227 0.0728
vn 0.6873 0.7181 0.1089
vn 0.6873 0.7118 0.1448
vn 0.6873 0.7037 0.1802
vn 0.6873 0.6938 0.2152
vn 0.6873 0.6822 0.2496
vn 0.6873 0.6689 0.2833
vn 0.6873 0.6539 0.3162
vn 0.6873 0.6374 0.3483
vn 0.6873 0.6193 0.3795
vn 0.6873 0.5998 0.4097
vn 0.6873 0.5788 0.4389
vn 0.6873 0.5564 0.4669
vn 0.6873 0.5328 0.4937
vn 0.6873 0.5079 0.5193
vn 0.6873 0.4819 0.5436
vn 0.6873 0.4547 0.5665
vn 0.6873 0.4265 0.5880
vn 0.6873 0.3974 0.6081
vn 0.6873 0.3674 0.6267
vn 0.6873 0.3365 0.6438
vn 0.6873 0.3050 0.6593
vn 0.6872 0.2728 0.6733
vn 0.6872 0.2399 0.6857
vn 0.6872 0.2066 0.6964
vn 0.6872 0.1729 0.7056
vn 0.6872 0.1387 0.7131
vn 0.6872 0.1043 0.7189
vn 0.6872 0.0697 0.7231
vn 0.6872 0.0349 0.7256
vn 0.6872 -0.0000 0.7264
vn 0.6872 -0.0349 0.7256
vn 0.6872 -0.0697 0.7231
vn 0.6872 -0.1043 0.7189
vn 0.6872 -0.1387 0.7131
vn 0.6872 -0.1729 0.7056
vn 0.6872 -0.2066 0.6964
vn 0.6872 -0.2399 0.6857
vn 0.6872 -0.2728 0.6733
vn 0.6873 -0.3050 0.6593
vn 0.6873 -0.3365 0.6438
vn 0.6873 -0.3674 0.6267
vn 0.6873 -0.3974 0.6081
vn 0.6873 -0.4265 0.5880
vn 0.6873 -0.4547 0.5665
vn 0.6873 -0.4819 0.5436
vn 0.6873 -0.5079 0.5193
vn 0.6873 -0.5328 0.4937
vn 0.6873 -0.5564 0.4669
vn 0.6873 -0.5788 0.4389
vn 0.6873 -0.5998 0.4097
vn 0.6873 -0.6193 0.3795
vn 0.6873 -0.6374 0.3483
vn 0.6873 -0.6539 0.3162
vn 0.6873 -0.6689 0.2833
vn 0.6873 -0.6822 0.2496
vn 0.6873 -0.6938 0.2152
vn 0.6873 -0.7037 0.1802
vn 0.6873 -0.7118 0.1448
vn 0.6873 -0.7181 0.1089
vn 0.6873 -0.7227 0.0728
vn 0.6873 -0.7254 0.0364
vn 0.6873 -0.7264 -0.0000
vn 0.6873 -0.7254 -0.0364
vn 0.6873 -0.7227 -0.0728
vn 0.6873 -0.7181 -0.1089
vn 0.6873 -0.7118 -0.1448
vn 0.6873 -0.7037 -0.1802
vn 0.6873 -0.6938 -0.2152
vn 0.6873 -0.6822 -0.2496
vn 0.6873 -0.6689 -0.2833
vn 0.6873 -0.6539 -0.3162
vn 0.6873 -0.6374 -0.3483
vn 0.6873 -0.6193 -0.3795
vn 0.6873 -0.5998 -0.4097
vn 0.6873 -0.5788 -0.4389
vn 0.6873 -0.5564 -0.4669
vn 0.6873 -0.5328 -0.4937
vn 0.6873 -0.5079 -0.5193
vn 0.6873 -0.4819 -0.5436
vn 0.6873 -0.4547 -0.5665
vn 0.6873 -0.4265 -0.5880
vn 0.6873 -0.3974 -0.6081
vn 0.6873 -0.3674 -0.6267
vn 0.6873 -0.3365 -0.6438
vn 0.6872 -0.3050 -0.6593
vn 0.6872 -0.2728 -0.6733
vn 0.6872 -0.2399 -0.6857
vn 0.6872 -0.2066 -0.6964
vn 0.6872 -0.1729 -0.7056
vn 0.6872 -0.1387 -0.7131
vn 0.6872 -0.1043 -0.7189
vn 0.6872 -0.0697 -0.7231
vn 0.6872 -0.0349 -0.7256
vn 0.6872 -0.0000 -0.7264
vn 0.6872 0.0349 -0.7256
vn 0.6872 0.0697 -0.7231
vn 0.6872 0.1043 -0.7189
vn 0.6872 0.1387 -0.7131
vn 0.6872 0.1729 -0.7056
vn 0.6872 0.2066 -0.6964
vn 0.6872 0.2399 -0.6857
vn 0.6872 0.2728 -0.6733
vn 0.6872 0.3050 -0.6593
vn 0.6873 0.3365 -0.6438
vn 0.6873 0.3674 -0.6267
vn 0.6873 0.3974 -0.6081
vn 0.6873 0.4265 -0.5880
vn 0.6873 0.4547 -0.5665
vn 0.6873 0.4819 -0.5436
vn 0.6873 0.5079 -0.5193
vn 0.6873 0.5328 -0.4937
vn 0.6873 0.5564 -0.4669
vn 0.6873 0.5788 -0.4389
vn 0.6873 0.5998 -0.4097
vn 0.6873 0.6193 -0.3795
vn 0.6873 0.6374 -0.3483
vn 0.6873 0.6539 -0.3162
vn 0.6873 0.6689 -0.2833
vn 0.6873 0.6822 -0.2496
vn 0.6873 0.6938 -0.2152
vn 0.6873 0.7037 -0.1802
vn 0.6873 0.7118 -0.1448
vn 0.6873 0.7181 -0.1089
vn 0.6873 0.7227 -0.0728
vn 0.6873 0.7254 -0.0364
vn -1.0000 -0.0000 -0.0000
vn -1.0000 -0.0026 -0.0000
vn -1.0000 -0.0026 -0.0001
vn -1.0000 -0.0026 -0.0003
vn -1.0000 -0.0026 -0.0004
vn -1.0000 -0.0026 -0.0005
vn -1.0000 -0.0025 -0.0006
vn -1.0000 -0.0025 -0.0008
vn -1.0000 -0.0025 -0.0009
vn -1.0000 -0.0024 -0.0010
vn -1.0000 -0.0023 -0.0011
vn -1.0000 -0.0023 -0.0013
vn -1.0000 -0.0023 -0.0014
vn -1.0000 -0.0022 -0.0015
vn -1.0000 -0.0021 -0.0016
vn -1.0000 -0.0020 -0.0017
vn -1.0000 -0.0019 -0.0018
vn -1.0000 -0.0019 -0.0019
vn -1.0000 -0.0018 -0.0020
vn -1.0000 -0.0016 -0.0021
vn -1.0000 -0.0015 -0.0022
vn -1.0000 -0.0013 -0.0023
vn -1.0000 -0.0012 -0.0024
vn -1.0000 -0.0011 -0.0024
vn -1.0000 -0.0010 -0.0025
vn -1.0000 -0.0009 -0.0025
vn -1.0000 -0.0007 -0.0026
vn -1.0000 -0.0006 -0.0026
vn -1.0000 -0.0005 -0.0026
vn -1.0000 -0.0004 -0.0026
vn -1.0000 -0.0003 -0.0027
vn -1.0000 -0.0001 -0.0027
vn -1.0000 -0.0000 -0.0027
vn -1.0000 0.0001 -0.0027
vn -1.0000 0.0003 -0.0027
vn -1.0000 0.0004 -0.0026
vn -1.0000 0.0005 -0.0026
vn -1.0000 0.0006 -0.0026
vn -1.0000 0.0008 -0.0026
vn -1.0000 0.0009 -0.0025
vn -1.0000 0.0010 -0.0025
vn -1.0000 0.0011 -0.0024
vn -1.0000 0.0012 -0.0024
vn -1.0000 0.0014 -0.0023
vn -1.0000 0.0015 -0.0022
vn -1.0000 0.0016 -0.0021
vn -1.0000 0.0017 -0.0021
vn -1.0000 0.0018 -0.0020
vn -1.0000 0.0019 -0.0019
vn -1.0000 0.0019 -0.0018
vn -1.0000 0.0020 -0.0017
vn -1.0000 0.0021 -0.0016
vn -1.0000 0.0022 -0.0015
vn -1.0000 0.0022 -0.0014
vn -1.0000 0.0023 -0.0013
vn -1.0000 0.0024 -0.0011
vn -1.0000 0.0024 -0.0010
vn -1.0000 0.0025 -0.0009
vn -1.0000 0.0025 -0.0008
vn -1.0000 0.0025 -0.0006
vn -1.0000 0.0025 -0.0005
vn -1.0000 0.0026 -0.0004
vn -1.0000 0.0026 -0.0003
vn -1.0000 0.0026 -0.0001
vn -1.0000 0.0026 -0.0000
vn -1.0000 0.0026 0.0001
vn -1.0000 0.0026 0.0003
vn -1.0000 0.0026 0.0004
vn -1.0000 0.0026 0.0005
vn -1.0000 0.0025 0.0006
vn -1.0000 0.0025 0.0008
vn -1.0000 0.0025 0.0009
vn -1.0000 0.0024 0.0010
vn -1.0000 0.0024 0.0011
vn -1.0000 0.0023 0.0013
vn -1.0000 0.0022 0.0014
vn -1.0000 0.0022 0.0015
vn -1.0000 0.0021 0.0016
vn -1.0000 0.0020 0.0017
vn -1.0000 0.0019 0.0018
vn -1.0000 0.0018 0.0019
vn -1.0000 0.0017 0.0020
vn -1.0000 0.0016 0.0021
vn -1.0000 0.0014 0.0022
vn -1.0000 0.0013 0.0023
vn -1.0000 0.0012 0.0024
vn -1.0000 0.0011 0.0024
vn -1.0000 0.0010 0.0025
vn -1.0000 0.0009 0.0025
vn -1.0000 0.0007 0.0026
vn -1.0000 0.0006 0.0026
vn -1.0000 0.0005 0.0026
vn -1.0000 0.0004 0.0026
vn -1.0000 0.0003 0.0027
vn -1.0000 0.0001 0.0027
vn -1.0000 -0.0000 0.0027
vn -1.0000 -0.0001 0.0027
vn -1.0000 -0.0003 0.0027
vn -1.0000 -0.0004 0.0026
vn -1.0000 -0.0005 0.0026
vn -1.0000 -0.0006 0.0026
vn -1.0000 -0.0008 0.0026
vn -1.0000 -0.0009 0.0025
vn -1.0000 -0.0010 0.0025
vn -1.0000 -0.0011 0.0024
vn -1.0000 -0.0012 0.0024
vn -1.0000 -0.0013 0.0023
vn -1.0000 -0.0014 0.0022
vn -1.0000 -0.0015 0.0021
vn -1.0000 -0.0017 0.0021
vn -1.0000 -0.0017 0.0020
vn -1.0000 -0.0018 0.0019
vn -1.0000 -0.0019 0.0018
vn -1.0000 -0.0020 0.0017
vn -1.0000 -0.0021 0.0016
vn -1.0000 -0.0022 0.0015
vn -1.0000 -0.0022 0.0014
vn -1.0000 -0.0023 0.0013
vn -1.0000 -0.0024 0.0011
vn -1.0000 -0.0024 0.0010
vn -1.0000 -0.0025 0.0009
vn -1.0000 -0.0025 0.0008
vn -1.0000 -0.0025 0.0006
vn -1.0000 -0.0026 0.0005
vn -1.0000 -0.0026 0.0004
vn -1.0000 -0.0026 0.0003
vn -1.0000 -0.0026 0.0001
vn -1.0000 -0.0052 -0.0000
vn -1.0000 -0.0052 -0.0003
vn -1.0000 -0.0052 -0.0005
vn -1.0000 -0.0051 -0.0008
vn -1.0000 -0.0051 -0.0010
vn -1.0000 -0.0050 -0.0013
vn -1.0000 -0.0050 -0.0015
vn -1.0000 -0.0049 -0.0018
vn -1.0000 -0.0048 -0.0020
vn -1.0000 -0.0047 -0.0023
vn -1.0000 -0.0046 -0.0025
vn -1.0000 -0.0045 -0.0027
vn -1.0000 -0.0043 -0.0030
vn -1.0000 -0.0042 -0.0032
vn -1.0000 -0.0040 -0.0034
vn -1.0000 -0.0038 -0.0036
vn -1.0000 -0.0037 -0.0038
vn -1.0000 -0.0035 -0.0039
vn -1.0000 -0.0033 -0.0041
vn -1.0000 -0.0031 -0.0043
vn -1.0000 -0.0029 -0.0044
vn -1.0000 -0.0027 -0.0046
vn -1.0000 -0.0025 -0.0047
vn -1.0000 -0.0022 -0.0048
vn -1.0000 -0.0020 -0.0049
vn -1.0000 -0.0018 -0.0050
vn -1.0000 -0.0015 -0.0051
vn -1.0000 -0.0013 -0.0052
vn -1.0000 -0.0010 -0.0052
vn -1.0000 -0.0008 -0.0053
vn -1.0000 -0.0005 -0.0053
vn -1.0000 -0.0003 -0.0053
vn -1.0000 -0.0000 -0.0053
vn -1.0000 0.0003 -0.0053
vn -1.0000 0.0005 -0.0053
vn -1.0000 0.0008 -0.0053
vn -1.0000 0.0010 -0.0052
vn -1.0000 0.0013 -0.0052
vn -1.0000 0.0015 -0.0051
vn -1.0000 0.0017 -0.0050
vn -1.0000 0.0020 -0.0049
vn -1.0000 0.0022 -0.0048
vn -1.0000 0.0024 -0.0047
vn -1.0000 0.0027 -0.0046
vn -1.0000 0.0029 -0.0044
vn -1.0000 0.0031 -0.0043
vn -1.0000 0.0033 -0.0041
vn -1.0000 0.0035 -0.0039
vn -1.0000 0.0037 -0.0038
vn -1.0000 0.0038 -0.0036
vn -1.0000 0.0040 -0.0034
vn -1.0000 0.0042 -0.0032
vn -1.0000 0.0043 -0.0030
vn -1.0000 0.0045 -0.0027
vn -1.0000 0.0046 -0.0025
vn -1.0000 0.0047 -0.0023
vn -1.0000 0.0048 -0.0020
vn -1.0000 0.0049 -0.0018
vn -1.0000 0.0050 -0.0015
vn -1.0000 0.0050 -0.0013
vn -1.0000 0.0051 -0.0010
vn -1.0000 0.0051 -0.0008
vn -1.0000 0.0052 -0.0005
vn -1.0000 0.0052 -0.0003
vn -1.0000 0.0052 -0.0000
vn -1.0000 0.0052 0.0003
vn -1.0000 0.0052 0.0005
vn -1.0000 0.0051 0.0008
vn -1.0000 0.0051 0.0010
vn -1.0000 0.0050 0.0013
vn -1.0000 0.0050 0.0015
vn -1.0000 0.0049 0.0018
vn -1.0000 0.0048 0.0020
vn -1.0000 0.0047 0.0023
vn -1.0000 0.0046 0.0025
vn -1.0000 0.0045 0.0027
vn -1.0000 0.0043 0.0030
vn -1.0000 0.0042 0.0032
vn -1.0000 0.0040 0.0034
vn -1.0000 0.0038 0.0036
vn -1.0000 0.0037 0.0038
vn -1.0000 0.0035 0.0039
vn -1.0000 0.0033 0.0041
vn -1.0000 0.0031 0.0043
vn -1.0000 0.0029 0.0044
vn -1.0000 0.0027 0.0046
vn -1.0000 0.0025 0.0047
vn -1.0000 0.0022 0.0048
vn -1.0000 0.0020 0.0049
vn -1.0000 0.0018 0.0050
vn -1.0000 0.0015 0.0051
vn -1.0000 0.0013 0.0052
vn -1.0000 0.0010 0.0052
vn -1.0000 0.0008 0.0053
vn -1.0000 0.0005 0.0053
vn -1.0000 0.0002 0.0053
vn -1.0000 -0.0000 0.0053
vn -1.0000 -0.0002 0.0053
vn -1.0000 -0.0005 0.0053
vn -1.0000 -0.0008 0.0053
vn -1.0000 -0.0010 0.0052
vn -1.0000 -0.0013 0.0052
vn -1.0000 -0.0015 0.0051
vn -1.0000 -0.0017 0.0050
vn -1.0000 -0.0020 0.0049
vn -1.0000 -0.0022 0.0048
vn -1.0000 -0.0024 0.0047
vn -1.0000 -0.0027 0.0046
vn -1.0000 -0.0029 0.0044
vn -1.0000 -0.0031 0.0043
vn -1.0000 -0.0033 0.0041
vn -1.0000 -0.0035 0.0039
vn -1.0000 -0.0037 0.0038
vn -1.0000 -0.0038 0.0036
vn -1.0000 -0.0040 0.0034
vn -1.0000 -0.0042 0.0032
vn -1.0000 -0.0043 0.0030
vn -1.0000 -0.0045 0.0027
vn -1.0000 -0.0046 0.0025
vn -1.0000 -0.0047 0.0023
vn -1.0000 -0.0048 0.0020
vn -1.0000 -0.0049 0.0018
vn -1.0000 -0.0050 0.0015
vn -1.0000 -0.0050 0.0013
vn -1.0000 -0.0051 0.0010
vn -1.0000 -0.0051 0.0008
vn -1.0000 -0.0052 0.0005
vn -1.0000 -0.0052 0.0003
vn -1.0000 -0.0078 -0.0000
vn -1.0000 -0.0078 -0.0004
vn -1.0000 -0.0077 -0.0008
vn -1.0000 -0.0077 -0.0012
vn -1.0000 -0.0076 -0.0016
vn -1.0000 -0.0076 -0.0019
vn -1.0000 -0.0074 -0.0023
vn -1.0000 -0.0073 -0.0027
vn -1.0000 -0.0072 -0.0030
vn -1.0000 -0.0070 -0.0034
vn -1.0000 -0.0069 -0.0038
vn -1.0000 -0.0067 -0.0041
vn -1.0000 -0.0065 -0.0044
vn -1.0000 -0.0063 -0.0047
vn -1.0000 -0.0060 -0.0050
vn -1.0000 -0.0058 -0.0053
vn -1.0000 -0.0055 -0.0056
vn -1.0000 -0.0052 -0.0059
vn -1.0000 -0.0049 -0.0062
vn -1.0000 -0.0046 -0.0064
vn -1.0000 -0.0043 -0.0066
vn -1.0000 -0.0040 -0.0068
vn -1.0000 -0.0037 -0.0070
vn -1.0000 -0.0033 -0.0072
vn -1.0000 -0.0030 -0.0074
vn -1.0000 -0.0026 -0.0075
vn -1.0000 -0.0023 -0.0076
vn -1.0000 -0.0019 -0.0077
vn -1.0000 -0.0015 -0.0078
vn -1.0000 -0.0011 -0.0079
vn -1.0000 -0.0008 -0.0079
vn -1.0000 -0.0004 -0.0079
vn -1.0000 -0.0000 -0.0080
vn -1.0000 0.0004 -0.0079
vn -1.0000 0.0008 -0.0079
vn -1.0000 0.0011 -0.0079
vn -1.0000 0.0015 -0.0078
vn -1.0000 0.0019 -0.0077
vn -1.0000 0.0023 -0.0076
vn -1.0000 0.0026 -0.0075
vn -1.0000 0.0030 -0.0074
vn -1.0000 0.0033 -0.0072
vn -1.0000 0.0037 -0.0070
vn -1.0000 0.0040 -0.0068
vn -1.0000 0.0043 -0.0066
vn -1.0000 0.0046 -0.0064
vn -1.0000 0.0049 -0.0062
vn -1.0000 0.0052 -0.0059
vn -1.0000 0.0055 -0.0056
vn -1.0000 0.0058 -0.0053
vn -1.0000 0.0060 -0.0050
vn -1.0000 0.0063 -0.0047
vn -1.0000 0.0065 -0.0044
vn -1.0000 0.0067 -0.0041
vn -1.0000 0.0069 -0.0038
vn -1.0000 0.0070 -0.0034
vn -1.0000 0.0072 -0.0030
vn -1.0000 0.0073 -0.0027
vn -1.0000 0.0074 -0.0023
vn -1.0000 0.0076 -0.0019
vn -1.0000 0.0076 -0.0016
vn -1.0000 0.0077 -0.0012
vn -1.0000 0.0077 -0.0008
vn -1.0000 0.0078 -0.0004
vn -1.0000 0.0078 -0.0000
vn -1.0000 0.0078 0.0004
vn -1.0000 0.0077 0.0008
vn -1.0000 0.0077 0.0012
vn -1.0000 0.0076 0.0016
vn -1.0000 0.0076 0.0019
vn -1.0000 0.0074 0.0023
vn -1.0000 0.0073 0.0027
vn -1.0000 0.0072 0.0030
vn -1.0000 0.0070 0.0034
vn -1.0000 0.0069 0.0038
vn -1.0000 0.0067 0.0041
vn -1.0000 0.0065 0.0044
vn -1.0000 0.0063 0.0047
vn -1.0000 0.0060 0.0050
vn -1.0000 0.0058 0.0053
vn -1.0000 0.0055 0.0056
vn -1.0000 0.0052 0.0059
vn -1.0000 0.0049 0.0062
vn -1.0000 0.0046 0.0064
vn -1.0000 0.0043 0.0066
vn -1.0000 0.0040 0.0068
vn -1.0000 0.0037 0.0070
vn -1.0000 0.0033 0.0072
vn -1.0000 0.0030 0.0074
vn -1.0000 0.0026 0.0075
vn -1.0000 0.0023 0.0076
vn -1.0000 0.0019 0.0077
vn -1.0000 0.0015 0.0078
vn -1.0000 0.0011 0.0079
vn -1.0000 0.0008 0.0079
vn -1.0000 0.0004 0.0079
vn -1.0000 -0.0000 0.0080
vn -1.0000 -0.0004 0.0079
vn -1.0000 -0.0008 0.0079
vn -1.0000 -0.0011 0.0079
vn -1.0000 -0.0015 0.0078
vn -1.0000 -0.0019 0.0077
vn -1.0000 -0.0023 0.0076
vn -1.0000 -0.0026 0.0075
vn -1.0000 -0.0030 0.0074
vn -1.0000 -0.0033 0.0072
vn -1.0000 -0.0037 0.0070
vn -1.0000 -0.0040 0.0068
vn -1.0000 -0.0043 0.0066
vn -1.0000 -0.0046 0.0064
vn -1.0000 -0.0049 0.0062
vn -1.0000 -0.0052 0.0059
vn -1.0000 -0.0055 0.0056
vn -1.0000 -0.0058 0.0053
vn -1.0000 -0.0060 0.0050
vn -1.0000 -0.0063 0.0047
vn -1.0000 -0.0065 0.0044
vn -1.0000 -0.0067 0.0041
vn -1.0000 -0.0069 0.0038
vn -1.0000 -0.0070 0.0034
vn -1.0000 -0.0072 0.0030
vn -1.0000 -0.0073 0.0027
vn -1.0000 -0.0074 0.0023
vn -1.0000 -0.0076 0.0019
vn -1.0000 -0.0076 0.0016
vn -1.0000 -0.0077 0.0012
vn -1.0000 -0.0077 0.0008
vn -1.0000 -0.0078 0.0004
vn -0.9999 -0.0104 -0.0000
vn -0.9999 -0.0104 -0.0005
vn -0.9999 -0.0103 -0.0010
vn -0.9999 -0.0103 -0.0016
vn -0.9999 -0.0102 -0.0021
vn -0.9999 -0.0101 -0.0026
vn -0.9999 -0.0099 -0.0031
vn -0.9999 -0.0098 -0.0036
vn -0.9999 -0.0096 -0.0041
vn -0.9999 -0.0094 -0.0045
vn -0.9999 -0.0091 -0.0050
vn -0.9999 -0.0089 -0.0055
vn -0.9999 -0.0086 -0.0059
vn -0.9999 -0.0083 -0.0063
vn -0.9999 -0.0080 -0.0067
vn -0.9999 -0.0077 -0.0071
vn -0.9999 -0.0073 -0.0075
vn -0.9999 -0.0070 -0.0079
vn -0.9999 -0.0066 -0.0082
vn -0.9999 -0.0062 -0.0085
vn -0.9999 -0.0058 -0.0088
vn -0.9999 -0.0053 -0.0091
vn -0.9999 -0.0049 -0.0094
vn -0.9999 -0.0044 -0.0096
vn -0.9999 -0.0040 -0.0098
vn -0.9999 -0.0035 -0.0100
vn -0.9999 -0.0030 -0.0101
vn -0.9999 -0.0025 -0.0103
vn -0.9999 -0.0020 -0.0104
vn -0.9999 -0.0015 -0.0105
vn -0.9999 -0.0010 -0.0106
vn -0.9999 -0.0005 -0.0106
vn -0.9999 -0.0000 -0.0106
vn -0.9999 0.0005 -0.0106
vn -0.9999 0.0010 -0.0106
vn -0.9999 0.0015 -0.0105
vn -0.9999 0.0020 -0.0104
vn -0.9999 0.0025 -0.0103
vn -0.9999 0.0030 -0.0101
vn -0.9999 0.0035 -0.0100
vn -0.9999 0.0040 -0.0098
vn -0.9999 0.0044 -0.0096
vn -0.9999 0.0049 -0.0094
vn -0.9999 0.0053 -0.0091
vn -0.9999 0.0058 -0.0088
vn -0.9999 0.0062 -0.0085
vn -0.9999 0.0066 -0.0082
vn -0.9999 0.0070 -0.0079
vn -0.9999 0.0073 -0.0075
vn -0.9999 0.0077 -0.0071
vn -0.9999 0.0080 -0.0067
vn -0.9999 0.0083 -0.0063
vn -0.9999 0.0086 -0.0059
vn -0.9999 0.0089 -0.0055
vn -0.9999 0.0091 -0.0050
vn -0.9999 0.0094 -0.0045
vn -0.9999 0.0096 -0.0041
vn -0.9999 0.0098 -0.0036
vn -0.9999 0.0099 -0.0031
vn -0.9999 0.0101 -0.0026
vn -0.9999 0.0102 -0.0021
vn -0.9999 0.0103 -0.0016
vn -0.9999 0.0103 -0.0010
vn -0.9999 0.0104 -0.0005
vn -0.9999 0.0104 -0.0000
vn -0.9999 0.0104 0.0005
vn -0.9999 0.0103 0.0010
vn -0.9999 0.0103 0.0016
vn -0.9999 0.0102 0.0021
vn -0.9999 0.0101 0.0026
vn -0.9999 0.0099 0.0031
vn -0.9999 0.0098 0.0036
vn -0.9999 0.0096 0.0041
vn -0.9999 0.0094 0.0045
vn -0.9999 0.0091 0.0050
vn -0.9999 0.0089 0.0055
vn -0.9999 0.0086 0.0059
vn -0.9999 0.0083 0.0063
vn -0.9999 0.0080 0.0067
vn -0.9999 0.0077 0.0071
vn -0.9999 0.0073 0.0075
vn -0.9999 0.0070 0.0079
vn -0.9999 0.0066 0.0082
vn -0.9999 0.0062 0.0085
vn -0.9999 0.0058 0.0088
vn -0.9999 0.0053 0.0091
vn -0.9999 0.0049 0.0094
vn -0.9999 0.0044 0.0096
vn -0.9999 0.0040 0.0098
vn -0.9999 0.0035 0.0100
vn -0.9999 0.0030 0.0101
vn -0.9999 0.0025 0.0103
vn -0.9999 0.0020 0.0104
vn -0.9999 0.0015 0.0105
vn -0.9999 0.0010 0.0106
vn -0.9999 0.0005 0.0106
vn -0.9999 -0.0000 0.0106
vn -0.9999 -0.0005 0.0106
vn -0.9999 -0.0010 0.0106
vn -0.9999 -0.0015 0.0105
vn -0.9999 -0.0020 0.0104
vn -0.9999 -0.0025 0.0103
vn -0.9999 -0.0030 0.0101
vn -0.9999 -0.0035 0.0100
vn -0.9999 -0.0040 0.0098
vn -0.9999 -0.0044 0.0096
vn -0.9999 -0.0049 0.0094
vn -0.9999 -0.0053 0.0091
vn -0.9999 -0.0058 0.0088
vn -0.9999 -0.0062 0.0085
vn -0.9999 -0.0066 0.0082
vn -0.9999 -0.0070 0.0079
vn -0.9999 -0.0073 0.0075
vn -0.9999 -0.0077 0.0071
vn -0.9999 -0.0080 0.0067
vn -0.9999 -0.0083 0.0063
vn -0.9999 -0.0086 0.0059
vn -0.9999 -0.0089 0.0055
vn -0.9999 -0.0091 0.0050
vn -0.9999 -0.0094 0.0045
vn -0.9999 -0.0096 0.0041
vn -0.9999 -0.0098 0.0036
vn -0.9999 -0.0099 0.0031
vn -0.9999 -0.0101 0.0026
vn -0.9999 -0.0102 0.0021
vn -0.9999 -0.0103 0.0016
vn -0.9999 -0.0103 0.0010
vn -0.9999 -0.0104 0.0005
vn -0.9999 -0.0130 -0.0000
vn -0.9999 -0.0129 -0.0007
vn -0.9999 -0.0129 -0.0013
vn -0.9999 -0.0128 -0.0019
vn -0.9999 -0.0127 -0.0026
vn -0.9999 -0.0126 -0.0032
vn -0.9999 -0.0124 -0.0038
vn -0.9999 -0.0122 -0.0045
vn -0.9999 -0.0120 -0.0051
vn -0.9999 -0.0117 -0.0057
vn -0.9999 -0.0114 -0.0062
vn -0.9999 -0.0111 -0.0068
vn -0.9999 -0.0108 -0.0074
vn -0.9999 -0.0104 -0.0079
vn -0.9999 -0.0100 -0.0084
vn -0.9999 -0.0096 -0.0089
vn -0.9999 -0.0092 -0.0094
vn -0.9999 -0.0087 -0.0098
vn -0.9999 -0.0082 -0.0102
vn -0.9999 -0.0077 -0.0106
vn -0.9999 -0.0072 -0.0110
vn -0.9999 -0.0067 -0.0114
vn -0.9999 -0.0061 -0.0117
vn -0.9999 -0.0055 -0.0120
vn -0.9999 -0.0050 -0.0122
vn -0.9999 -0.0044 -0.0125
vn -0.9999 -0.0038 -0.0127
vn -0.9999 -0.0032 -0.0129
vn -0.9999 -0.0025 -0.0130
vn -0.9999 -0.0019 -0.0131
vn -0.9999 -0.0013 -0.0132
vn -0.9999 -0.0006 -0.0132
vn -0.9999 -0.0000 -0.0132
vn -0.9999 0.0006 -0.0132
vn -0.9999 0.0013 -0.0132
vn -0.9999 0.0019 -0.0131
vn -0.9999 0.0025 -0.0130
vn -0.9999 0.0032 -0.0129
vn -0.9999 0.0038 -0.0127
vn -0.9999 0.0044 -0.0125
vn -0.9999 0.0050 -0.0122
vn -0.9999 0.0055 -0.0120
vn -0.9999 0.0061 -0.0117
vn -0.9999 0.0067 -0.0114
vn -0.9999 0.0072 -0.0110
vn -0.9999 0.0077 -0.0106
vn -0.9999 0.0082 -0.0102
vn -0.9999 0.0087 -0.0098
vn -0.9999 0.0092 -0.0094
vn -0.9999 0.0096 -0.0089
vn -0.9999 0.0100 -0.0084
vn -0.9999 0.0104 -0.0079
vn -0.9999 0.0108 -0.0074
vn -0.9999 0.0111 -0.0068
vn -0.9999 0.0114 -0.0062
vn -0.9999 0.0117 -0.0057
vn -0.9999 0.0120 -0.0051
vn -0.9999 0.0122 -0.0045
vn -0.9999 0.0124 -0.0038
vn -0.9999 0.0126 -0.0032
vn -0.9999 0.0127 -0.0026
vn -0.9999 0.0128 -0.0019
vn -0.9999 0.0129 -0.0013
vn -0.9999 0.0129 -0.0007
vn -0.9999 0.0130 -0.0000
vn -0.9999 0.0129 0.0007
vn -0.9999 0.0129 0.0013
vn -0.9999 0.0128 0.0019
vn -0.9999 0.0127 0.0026
vn -0.9999 0.0126 0.0032
vn -0.9999 0.0124 0.0038
vn -0.9999 0.0122 0.0045
vn -0.9999 0.0120 0.0051
vn -0.9999 0.0117 0.0057
vn -0.9999 0.0114 0.0062
vn -0.9999 0.0111 0.0068
vn -0.9999 0.0108 0.0074
vn -0.9999 0.0104 0.0079
vn -0.9999 0.0100 0.0084
vn -0.9999 0.0096 0.0089
vn -0.9999 0.0092 0.0094
vn -0.9999 0.0087 0.0098
vn -0.9999 0.0082 0.0102
vn -0.9999 0.0077 0.0106
vn -0.9999 0.0072 0.0110
vn -0.9999 0.0067 0.0114
vn -0.9999 0.0061 0.0117
vn -0.9999 0.0055 0.0120
vn -0.9999 0.0050 0.0122
vn -0.9999 0.0044 0.0125
vn -0.9999 0.0038 0.0127
vn -0.9999 0.0032 0.0129
vn -0.9999 0.0025 0.0130
vn -0.9999 0.0019 0.0131
vn -0.9999 0.0013 0.0132
vn -0.9999 0.0006 0.0132
vn -0.9999 -0.0000 0.0132
vn -0.9999 -0.0006 0.0132
vn -0.9999 -0.0013 0.0132
vn -0.9999 -0.0019 0.0131
vn -0.9999 -0.0025 0.0130
vn -0.9999 -0.0032 0.0129
vn -0.9999 -0.0038 0.0127
vn -0.9999 -0.0044 0.0125
vn -0.9999 -0.0050 0.0122
vn -0.9999 -0.0055 0.0120
vn -0.9999 -0.0061 0.0117
vn -0.9999 -0.0067 0.0114
vn -0.9999 -0.0072 0.0110
vn -0.9999 -0.0077 0.0106
vn -0.9999 -0.0082 0.0102
vn -0.9999 -0.0087 0.0098
vn -0.9999 -0.0092 0.0094
vn -0.9999 -0.0096 0.0089
vn -0.9999 -0.0100 0.0084
vn -0.9999 -0.0104 0.0079
vn -0.9999 -0.0108 0.0074
vn -0.9999 -0.0111 0.0068
vn -0.9999 -0.0114 0.0062
vn -0.9999 -0.0117 0.0057
vn -0.9999 -0.0120 0.0051
vn -0.9999 -0.0122 0.0045
vn -0.9999 -0.0124 0.0038
vn -0.9999 -0.0126 0.0032
vn -0.9999 -0.0127 0.0026
vn -0.9999 -0.0128 0.0019
vn -0.9999 -0.0129 0.0013
vn -0.9999 -0.0129 0.0007
vn -0.9999 -0.0155 -0.0000
vn -0.9999 -0.0155 -0.0008
vn -0.9999 -0.0155 -0.0016
vn -0.9999 -0.0154 -0.0023
vn -0.9999 -0.0152 -0.0031
vn -0.9999 -0.0151 -0.0039
vn -0.9999 -0.0149 -0.0046
vn -0.9999 -0.0146 -0.0054
vn -0.9999 -0.0144 -0.0061
vn -0.9999 -0.0141 -0.0068
vn -0.9999 -0.0137 -0.0075
vn -0.9999 -0.0133 -0.0082
vn -0.9999 -0.0129 -0.0088
vn -0.9999 -0.0125 -0.0095
vn -0.9999 -0.0120 -0.0101
vn -0.9999 -0.0115 -0.0107
vn -0.9999 -0.0110 -0.0112
vn -0.9999 -0.0104 -0.0118
vn -0.9999 -0.0099 -0.0123
vn -0.9999 -0.0093 -0.0128
vn -0.9999 -0.0086 -0.0132
vn -0.9999 -0.0080 -0.0136
vn -0.9999 -0.0073 -0.0140
vn -0.9999 -0.0066 -0.0144
vn -0.9999 -0.0060 -0.0147
vn -0.9999 -0.0052 -0.0150
vn -0.9999 -0.0045 -0.0152
vn -0.9999 -0.0038 -0.0154
vn -0.9999 -0.0030 -0.0156
vn -0.9999 -0.0023 -0.0157
vn -0.9999 -0.0015 -0.0158
vn -0.9999 -0.0008 -0.0159
vn -0.9999 -0.0000 -0.0159
vn -0.9999 0.0008 -0.0159
vn -0.9999 0.0015 -0.0158
vn -0.9999 0.0023 -0.0157
vn -0.9999 0.0030 -0.0156
vn -0.9999 0.0038 -0.0154
vn -0.9999 0.0045 -0.0152
vn -0.9999 0.0052 -0.0150
vn -0.9999 0.0060 -0.0147
vn -0.9999 0.0067 -0.0144
vn -0.9999 0.0073 -0.0140
vn -0.9999 0.0080 -0.0136
vn -0.9999 0.0086 -0.0132
vn -0.9999 0.0093 -0.0128
vn -0.9999 0.0099 -0.0123
vn -0.9999 0.0104 -0.0118
vn -0.9999 0.0110 -0.0112
vn -0.9999 0.0115 -0.0107
vn -0.9999 0.0120 -0.0101
vn -0.9999 0.0125 -0.0095
vn -0.9999 0.0129 -0.0088
vn -0.9999 0.0133 -0.0082
vn -0.9999 0.0137 -0.0075
vn -0.9999 0.0141 -0.0068
vn -0.9999 0.0144 -0.0061
vn -0.9999 0.0146 -0.0054
vn -0.9999 0.0149 -0.0046
vn -0.9999 0.0151 -0.0039
vn -0.9999 0.0152 -0.0031
vn -0.9999 0.0154 -0.0023
vn -0.9999 0.0155 -0.0016
vn -0.9999 0.0155 -0.0008
vn -0.9999 0.0155 -0.0000
vn -0.9999 0.0155 0.0008
vn -0.9999 0.0155 0.0016
vn -0.9999 0.0154 0.0023
vn -0.9999 0.0152 0.0031
vn -0.9999 0.0151 0.0039
vn -0.9999 0.0149 0.0046
vn -0.9999 0.0146 0.0054
vn -0.9999 0.0144 0.0061
vn -0.9999 0.0141 0.0068
vn -0.9999 0.0137 0.0075
vn -0.9999 0.0133 0.0082
vn -0.9999 0.0129 0.0088
vn -0.9999 0.0125 0.0095
vn -0.9999 0.0120 0.0101
vn -0.9999 0.0115 0.0107
vn -0.9999 0.0110 0.0112
vn -0.9999 0.0104 0.0118
vn -0.9999 0.0099 0.0123
vn -0.9999 0.0093 0.0128
vn -0.9999 0.0086 0.0132
vn -0.9999 0.0080 0.0136
vn -0.9999 0.0073 0.0140
vn -0.9999 0.0066 0.0144
vn -0.9999 0.0060 0.0147
vn -0.9999 0.0052 0.0150
vn -0.9999 0.0045 0.0152
vn -0.9999 0.0038 0.0154
vn -0.9999 0.0030 0.0156
vn -0.9999 0.0023 0.0157
vn -0.9999 0.0015 0.0158
vn -0.9999 0.0008 0.0159
vn -0.9999 -0.0000 0.0159
vn -0.9999 -0.0008 0.0159
vn -0.9999 -0.0015 0.0158
vn -0.9999 -0.0023 0.0157
vn -0.9999 -0.0030 0.0156
vn -0.9999 -0.0038 0.0154
vn -0.9999 -0.0045 0.0152
vn -0.9999 -0.0052 0.0150
vn -0.9999 -0.0060 0.0147
vn -0.9999 -0.0067 0.0144
vn -0.9999 -0.0073 0.0140
vn -0.9999 -0.0080 0.0136
vn -0.9999 -0.0086 0.0132
vn -0.9999 -0.0093 0.0128
vn -0.9999 -0.0099 0.0123
vn -0.9999 -0.0104 0.0118
vn -0.9999 -0.0110 0.0112
vn -0.9999 -0.0115 0.0107
vn -0.9999 -0.0120 0.0101
vn -0.9999 -0.0125 0.0095
vn -0.9999 -0.0129 0.0088
vn -0.9999 -0.0133 0.0082
vn -0.9999 -0.0137 0.0075
vn -0.9999 -0.0141 0.0068
vn -0.9999 -0.0144 0.0061
vn -0.9999 -0.0146 0.0054
vn -0.9999 -0.0149 0.0046
vn -0.9999 -0.0151 0.0039
vn -0.9999 -0.0152 0.0031
vn -0.9999 -0.0154 0.0023
vn -0.9999 -0.0155 0.0016
vn -0.9999 -0.0155 0.0008
vn -0.9998 -0.0181 -0.0000
vn -0.9998 -0.0181 -0.0009
vn -0.9998 -0.0180 -0.0018
vn -0.9998 -0.0179 -0.0027
vn -0.9998 -0.0178 -0.0036
vn -0.9998 -0.0176 -0.0045
vn -0.9998 -0.0174 -0.0054
vn -0.9998 -0.0171 -0.0062
vn -0.9998 -0.0168 -0.0071
vn -0.9998 -0.0164 -0.0079
vn -0.9998 -0.0160 -0.0087
vn -0.9998 -0.0156 -0.0095
vn -0.9998 -0.0151 -0.0103
vn -0.9998 -0.0146 -0.0110
vn -0.9998 -0.0140 -0.0118
vn -0.9998 -0.0134 -0.0125
vn -0.9998 -0.0128 -0.0131
vn -0.9998 -0.0122 -0.0137
vn -0.9998 -0.0115 -0.0143
vn -0.9998 -0.0108 -0.0149
vn -0.9998 -0.0101 -0.0154
vn -0.9998 -0.0093 -0.0159
vn -0.9998 -0.0085 -0.0163
vn -0.9998 -0.0078 -0.0168
vn -0.9998 -0.0069 -0.0171
vn -0.9998 -0.0061 -0.0175
vn -0.9998 -0.0053 -0.0177
vn -0.9998 -0.0044 -0.0180
vn -0.9998 -0.0035 -0.0182
vn -0.9998 -0.0027 -0.0183
vn -0.9998 -0.0018 -0.0184
vn -0.9998 -0.0009 -0.0185
vn -0.9998 -0.0000 -0.0185
vn -0.9998 0.0009 -0.0185
vn -0.9998 0.0018 -0.0184
vn -0.9998 0.0027 -0.0183
vn -0.9998 0.0035 -0.0182
vn -0.9998 0.0044 -0.0180
vn -0.9998 0.0053 -0.0177
vn -0.9998 0.0061 -0.0175
vn -0.9998 0.0069 -0.0171
vn -0.9998 0.0078 -0.0168
vn -0.9998 0.0085 -0.0163
vn -0.9998 0.0093 -0.0159
vn -0.9998 0.0101 -0.0154
vn -0.9998 0.0108 -0.0149
vn -0.9998 0.0115 -0.0143
vn -0.9998 0.0122 -0.0137
vn -0.9998 0.0128 -0.0131
vn -0.9998 0.0134 -0.0125
vn -0.9998 0.0140 -0.0118
vn -0.9998 0.0146 -0.0110
vn -0.9998 0.0151 -0.0103
vn -0.9998 0.0156 -0.0095
vn -0.9998 0.0160 -0.0087
vn -0.9998 0.0164 -0.0079
vn -0.9998 0.0168 -0.0071
vn -0.9998 0.0171 -0.0062
vn -0.9998 0.0174 -0.0054
vn -0.9998 0.0176 -0.0045
vn -0.9998 0.0178 -0.0036
vn -0.9998 0.0179 -0.0027
vn -0.9998 0.0180 -0.0018
vn -0.9998 0.0181 -0.0009
vn -0.9998 0.0181 -0.0000
vn -0.9998 0.0181 0.0009
vn -0.9998 0.0180 0.0018
vn -0.9998 0.0179 0.0027
vn -0.9998 0.0178 0.0036
vn -0.9998 0.0176 0.0045
vn -0.9998 0.0174 0.0054
vn -0.9998 0.0171 0.0062
vn -0.9998 0.0168 0.0071
vn -0.9998 0.0164 0.0079
vn -0.9998 0.0160 0.0087
vn -0.9998 0.0156 0.0095
vn -0.9998 0.0151 0.0103
vn -0.9998 0.0146 0.0110
vn -0.9998 0.0140 0.0118
vn -0.9998 0.0134 0.0125
vn -0.9998 0.0128 0.0131
vn -0.9998 0.0122 0.0137
vn -0.9998 0.0115 0.0143
vn -0.9998 0.0108 0.0149
vn -0.9998 0.0101 0.0154
vn -0.9998 0.0093 0.0159
vn -0.9998 0.0085 0.0163
vn -0.9998 0.0078 0.0168
vn -0.9998 0.0069 0.0171
vn -0.9998 0.0061 0.0175
vn -0.9998 0.0053 0.0177
vn -0.9998 0.0044 0.0180
vn -0.9998 0.0035 0.0182
vn -0.9998 0.0027 0.0183
vn -0.9998 0.0018 0.0184
vn -0.9998 0.0009 0.0185
vn -0.9998 -0.0000 0.0185
vn -0.9998 -0.0009 0.0185
vn -0.9998 -0.0018 0.0184
vn -0.9998 -0.0027 0.0183
vn -0.9998 -0.0035 0.0182
vn -0.9998 -0.0044 0.0180
vn -0.9998 -0.0053 0.0177
vn -0.9998 -0.0061 0.0175
vn -0.9998 -0.0069 0.0171
vn -0.9998 -0.0078 0.0168
vn -0.9998 -0.0085 0.0163
vn -0.9998 -0.0093 0.0159
vn -0.9998 -0.0101 0.0154
vn -0.9998 -0.0108 0.0149
vn -0.9998 -0.0115 0.0143
vn -0.9998 -0.0122 0.0137
vn -0.9998 -0.0128 0.0131
vn -0.9998 -0.0134 0.0125
vn -0.9998 -0.0140 0.0118
vn -0.9998 -0.0146 0.0110
vn -0.9998 -0.0151 0.0103
vn -0.9998 -0.0156 0.0095
vn -0.9998 -0.0160 0.0087
vn -0.9998 -0.0164 0.0079
vn -0.9998 -0.0168 0.0071
vn -0.9998 -0.0171 0.0062
vn -0.9998 -0.0174 0.0054
vn -0.9998 -0.0176 0.0045
vn -0.9998 -0.0178 0.0036
vn -0.9998 -0.0179 0.0027
vn -0.9998 -0.0180 0.0018
vn -0.9998 -0.0181 0.0009
vn -0.9998 -0.0207 -0.0000
vn -0.9998 -0.0207 -0.0010
vn -0.9998 -0.0206 -0.0021
vn -0.9998 -0.0205 -0.0031
vn -0.9998 -0.0203 -0.0041
vn -0.9998 -0.0201 -0.0051
vn -0.9998 -0.0198 -0.0061
vn -0.9998 -0.0195 -0.0071
vn -0.9998 -0.0191 -0.0081
vn -0.9998 -0.0187 -0.0091
vn -0.9998 -0.0183 -0.0100
vn -0.9998 -0.0178 -0.0109
vn -0.9998 -0.0172 -0.0118
vn -0.9998 -0.0166 -0.0126
vn -0.9998 -0.0160 -0.0134
vn -0.9998 -0.0154 -0.0142
vn -0.9998 -0.0146 -0.0150
vn -0.9998 -0.0139 -0.0157
vn -0.9998 -0.0131 -0.0164
vn -0.9998 -0.0123 -0.0170
vn -0.9998 -0.0115 -0.0176
vn -0.9998 -0.0107 -0.0182
vn -0.9998 -0.0098 -0.0187
vn -0.9998 -0.0089 -0.0191
vn -0.9998 -0.0079 -0.0196
vn -0.9998 -0.0070 -0.0199
vn -0.9998 -0.0060 -0.0203
vn -0.9998 -0.0050 -0.0205
vn -0.9998 -0.0040 -0.0208
vn -0.9998 -0.0030 -0.0210
vn -0.9998 -0.0020 -0.0211
vn -0.9998 -0.0010 -0.0212
vn -0.9998 -0.0000 -0.0212
vn -0.9998 0.0010 -0.0212
vn -0.9998 0.0020 -0.0211
vn -0.9998 0.0030 -0.0210
vn -0.9998 0.0040 -0.0208
vn -0.9998 0.0050 -0.0205
vn -0.9998 0.0060 -0.0203
vn -0.9998 0.0070 -0.0199
vn -0.9998 0.0079 -0.0196
vn -0.9998 0.0089 -0.0191
vn -0.9998 0.0098 -0.0187
vn -0.9998 0.0107 -0.0182
vn -0.9998 0.0115 -0.0176
vn -0.9998 0.0123 -0.0170
vn -0.9998 0.0131 -0.0164
vn -0.9998 0.0139 -0.0157
vn -0.9998 0.0146 -0.0150
vn -0.9998 0.0154 -0.0142
vn -0.9998 0.0160 -0.0134
vn -0.9998 0.0166 -0.0126
vn -0.9998 0.0172 -0.0118
vn -0.9998 0.0178 -0.0109
vn -0.9998 0.0183 -0.0100
vn -0.9998 0.0187 -0.0091
vn -0.9998 0.0191 -0.0081
vn -0.9998 0.0195 -0.0071
vn -0.9998 0.0198 -0.0061
vn -0.9998 0.0201 -0.0051
vn -0.9998 0.0203 -0.0041
vn -0.9998 0.0205 -0.0031
vn -0.9998 0.0206 -0.0021
vn -0.9998 0.0207 -0.0010
vn -0.9998 0.0207 -0.0000
vn -0.9998 0.0207 0.0010
vn -0.9998 0.0206 0.0021
vn -0.9998 0.0205 0.0031
vn -0.9998 0.0203 0.0041
vn -0.9998 0.0201 0.0051
vn -0.9998 0.0198 0.0061
vn -0.9998 0.0195 0.0071
vn -0.9998 0.0191 0.0081
vn -0.9998 0.0187 0.0091
vn -0.9998 0.0183 0.0100
vn -0.9998 0.0178 0.0109
vn -0.9998 0.0172 0.0118
vn -0.9998 0.0166 0.0126
vn -0.9998 0.0160 0.0134
vn -0.9998 0.0154 0.0142
vn -0.9998 0.0146 0.0150
vn -0.9998 0.0139 0.0157
vn -0.9998 0.0131 0.0164
vn -0.9998 0.0123 0.0170
vn -0.9998 0.0115 0.0176
vn -0.9998 0.0107 0.0182
vn -0.9998 0.0098 0.0187
vn -0.9998 0.0089 0.0191
vn -0.9998 0.0079 0.0196
vn -0.9998 0.0070 0.0199
vn -0.9998 0.0060 0.0203
vn -0.9998 0.0050 0.0205
vn -0.9998 0.0040 0.0208
vn -0.9998 0.0030 0.0210
vn -0.9998 0.0020 0.0211
vn -0.9998 0.0010 0.0212
vn -0.9998 -0.0000 0.0212
vn -0.9998 -0.0010 0.0212
vn -0.9998 -0.0020 0.0211
vn -0.9998 -0.0030 0.0210
vn -0.9998 -0.0040 0.0208
vn -0.9998 -0.0050 0.0205
vn -0.9998 -0.0060 0.0203
vn -0.9998 -0.0070 0.0199
vn -0.9998 -0.0079 0.0196
vn -0.9998 -0.0089 0.0191
vn -0.9998 -0.0098 0.0187
vn -0.9998 -0.0107 0.0182
vn -0.9998 -0.0115 0.0176
vn -0.9998 -0.0123 0.0170
vn -0.9998 -0.0131 0.0164
vn -0.9998 -0.0139 0.0157
vn -0.9998 -0.0146 0.0150
vn -0.9998 -0.0154 0.0142
vn -0.9998 -0.0160 0.0134
vn -0.9998 -0.0166 0.0126
vn -0.9998 -0.0172 0.0118
vn -0.9998 -0.0178 0.0109
vn -0.9998 -0.0183 0.0100
vn -0.9998 -0.0187 0.0091
vn -0.9998 -0.0191 0.0081
vn -0.9998 -0.0195 0.0071
vn -0.9998 -0.0198 0.0061
vn -0.9998 -0.0201 0.0051
vn -0.9998 -0.0203 0.0041
vn -0.9998 -0.0205 0.0031
vn -0.9998 -0.0206 0.0021
vn -0.9998 -0.0207 0.0010
vn -0.9997 -0.0233 -0.0000
vn -0.9997 -0.0233 -0.0012
vn -0.9997 -0.0232 -0.0023
vn -0.9997 -0.0231 -0.0035
vn -0.9997 -0.0229 -0.0046
vn -0.9997 -0.0226 -0.0058
vn -0.9997 -0.0223 -0.0069
vn -0.9997 -0.0219 -0.0080
vn -0.9997 -0.0215 -0.0091
vn -0.9997 -0.0211 -0.0102
vn -0.9997 -0.0206 -0.0112
vn -0.9997 -0.0200 -0.0123
vn -0.9997 -0.0194 -0.0132
vn -0.9997 -0.0187 -0.0142
vn -0.9997 -0.0180 -0.0151
vn -0.9997 -0.0173 -0.0160
vn -0.9997 -0.0165 -0.0168
vn -0.9997 -0.0156 -0.0177
vn -0.9997 -0.0148 -0.0184
vn -0.9997 -0.0139 -0.0191
vn -0.9997 -0.0129 -0.0198
vn -0.9997 -0.0120 -0.0204
vn -0.9997 -0.0110 -0.0210
vn -0.9997 -0.0100 -0.0215
vn -0.9997 -0.0089 -0.0220
vn -0.9997 -0.0079 -0.0224
vn -0.9997 -0.0068 -0.0228
vn -0.9997 -0.0057 -0.0231
vn -0.9997 -0.0045 -0.0234
vn -0.9997 -0.0034 -0.0236
vn -0.9997 -0.0023 -0.0237
vn -0.9997 -0.0011 -0.0238
vn -0.9997 -0.0000 -0.0238
vn -0.9997 0.0011 -0.0238
vn -0.9997 0.0023 -0.0237
vn -0.9997 0.0034 -0.0236
vn -0.9997 0.0045 -0.0234
vn -0.9997 0.0057 -0.0231
vn -0.9997 0.0068 -0.0228
vn -0.9997 0.0079 -0.0224
vn -0.9997 0.0089 -0.0220
vn -0.9997 0.0100 -0.0215
vn -0.9997 0.0110 -0.0210
vn -0.9997 0.0120 -0.0204
vn -0.9997 0.0129 -0.0198
vn -0.9997 0.0139 -0.0191
vn -0.9997 0.0148 -0.0184
vn -0.9997 0.0156 -0.0177
vn -0.9997 0.0165 -0.0168
vn -0.9997 0.0173 -0.0160
vn -0.9997 0.0180 -0.0151
vn -0.9997 0.0187 -0.0142
vn -0.9997 0.0194 -0.0132
vn -0.9997 0.0200 -0.0123
vn -0.9997 0.0206 -0.0112
vn -0.9997 0.0211 -0.0102
vn -0.9997 0.0215 -0.0091
vn -0.9997 0.0219 -0.0080
vn -0.9997 0.0223 -0.0069
vn -0.9997 0.0226 -0.0058
vn -0.9997 0.0229 -0.0046
vn -0.9997 0.0231 -0.0035
vn -0.9997 0.0232 -0.0023
vn -0.9997 0.0233 -0.0012
vn -0.9997 0.0233 -0.0000
vn -0.9997 0.0233 0.0012
vn -0.9997 0.0232 0.0023
vn -0.9997 0.0231 0.0035
vn -0.9997 0.0229 0.0046
vn -0.9997 0.0226 0.0058
vn -0.9997 0.0223 0.0069
vn -0.9997 0.0219 0.0080
vn -0.9997 0.0215 0.0091
vn -0.9997 0.0211 0.0102
vn -0.9997 0.0206 0.0112
vn -0.9997 0.0200 0.0123
vn -0.9997 0.0194 0.0132
vn -0.9997 0.0187 0.0142
vn -0.9997 0.0180 0.0151
vn -0.9997 0.0173 0.0160
vn -0.9997 0.0165 0.0168
vn -0.9997 0.0156 0.0177
vn -0.9997 0.0148 0.0184
vn -0.9997 0.0139 0.0191
vn -0.9997 0.0129 0.0198
vn -0.9997 0.0120 0.0204
vn -0.9997 0.0110 0.0210
vn -0.9997 0.0100 0.0215
vn -0.9997 0.0089 0.0220
vn -0.9997 0.0079 0.0224
vn -0.9997 0.0068 0.0228
vn -0.9997 0.0057 0.0231
vn -0.9997 0.0045 0.0234
vn -0.9997 0.0034 0.0236
vn -0.9997 0.0023 0.0237
vn -0.9997 0.0011 0.0238
vn -0.9997 -0.0000 0.0238
vn -0.9997 -0.0011 0.0238
vn -0.9997 -0.0023 0.0237
vn -0.9997 -0.0034 0.0236
vn -0.9997 -0.0045 0.0234
vn -0.9997 -0.0057 0.0231
vn -0.9997 -0.0068 0.0228
vn -0.9997 -0.0079 0.0224
vn -0.9997 -0.0089 0.0220
vn -0.9997 -0.0100 0.0215
vn -0.9997 -0.0110 0.0210
vn -0.9997 -0.0120 0.0204
vn -0.9997 -0.0129 0.0198
vn -0.9997 -0.0139 0.0191
vn -0.9997 -0.0148 0.0184
vn -0.9997 -0.0156 0.0177
vn -0.9997 -0.0165 0.0168
vn -0.9997 -0.0173 0.0160
vn -0.9997 -0.0180 0.0151
vn -0.9997 -0.0187 0.0142
vn -0.9997 -0.0194 0.0132
vn -0.9997 -0.0200 0.0123
vn -0.9997 -0.0206 0.0112
vn -0.9997 -0.0211 0.0102
vn -0.9997 -0.0215 0.0091
vn -0.9997 -0.0219 0.0080
vn -0.9997 -0.0223 0.0069
vn -0.9997 -0.0226 0.0058
vn -0.9997 -0.0229 0.0046
vn -0.9997 -0.0231 0.0035
vn -0.9997 -0.0232 0.0023
vn -0.9997 -0.0233 0.0012
vn -0.9997 -0.0259 -0.0000
vn -0.9997 -0.0259 -0.0013
vn -0.9997 -0.0258 -0.0026
vn -0.9997 -0.0256 -0.0039
vn -0.9997 -0.0254 -0.0052
vn -0.9997 -0.0251 -0.0064
vn -0.9997 -0.0248 -0.0077
vn -0.9997 -0.0244 -0.0089
vn -0.9997 -0.0239 -0.0101
vn -0.9997 -0.0234 -0.0113
vn -0.9997 -0.0228 -0.0125
vn -0.9997 -0.0222 -0.0136
vn -0.9997 -0.0215 -0.0147
vn -0.9997 -0.0208 -0.0158
vn -0.9997 -0.0200 -0.0168
vn -0.9997 -0.0192 -0.0178
vn -0.9997 -0.0183 -0.0187
vn -0.9997 -0.0174 -0.0196
vn -0.9997 -0.0164 -0.0205
vn -0.9997 -0.0154 -0.0213
vn -0.9997 -0.0144 -0.0220
vn -0.9997 -0.0133 -0.0227
vn -0.9997 -0.0122 -0.0233
vn -0.9997 -0.0111 -0.0239
vn -0.9997 -0.0099 -0.0245
vn -0.9997 -0.0087 -0.0249
vn -0.9997 -0.0075 -0.0253
vn -0.9997 -0.0063 -0.0257
vn -0.9997 -0.0051 -0.0260
vn -0.9996 -0.0038 -0.0262
vn -0.9996 -0.0025 -0.0263
vn -0.9996 -0.0013 -0.0264
vn -0.9996 -0.0000 -0.0265
vn -0.9996 0.0013 -0.0264
vn -0.9996 0.0025 -0.0263
vn -0.9996 0.0038 -0.0262
vn -0.9997 0.0051 -0.0260
vn -0.9997 0.0063 -0.0257
vn -0.9997 0.0075 -0.0253
vn -0.9997 0.0087 -0.0249
vn -0.9997 0.0099 -0.0245
vn -0.9997 0.0111 -0.0239
vn -0.9997 0.0122 -0.0233
vn -0.9997 0.0133 -0.0227
vn -0.9997 0.0144 -0.0220
vn -0.9997 0.0154 -0.0213
vn -0.9997 0.0164 -0.0205
vn -0.9997 0.0174 -0.0196
vn -0.9997 0.0183 -0.0187
vn -0.9997 0.0192 -0.0178
vn -0.9997 0.0200 -0.0168
vn -0.9997 0.0208 -0.0158
vn -0.9997 0.0215 -0.0147
vn -0.9997 0.0222 -0.0136
vn -0.9997 0.0228 -0.0125
vn -0.9997 0.0234 -0.0113
vn -0.9997 0.0239 -0.0101
vn -0.9997 0.0244 -0.0089
vn -0.9997 0.0248 -0.0077
vn -0.9997 0.0251 -0.0064
vn -0.9997 0.0254 -0.0052
vn -0.9997 0.0256 -0.0039
vn -0.9997 0.0258 -0.0026
vn -0.9997 0.0259 -0.0013
vn -0.9997 0.0259 -0.0000
vn -0.9997 0.0259 0.0013
vn -0.9997 0.0258 0.0026
vn -0.9997 0.0256 0.0039
vn -0.9997 0.0254 0.0052
vn -0.9997 0.0251 0.0064
vn -0.9997 0.0248 0.0077
vn -0.9997 0.0244 0.0089
vn -0.9997 0.0239 0.0101
vn -0.9997 0.0234 0.0113
vn -0.9997 0.0228 0.0125
vn -0.9997 0.0222 0.0136
vn -0.9997 0.0215 0.0147
vn -0.9997 0.0208 0.0158
vn -0.9997 0.0200 0.0168
vn -0.9997 0.0192 0.0178
vn -0.9997 0.0183 0.0187
vn -0.9997 0.0174 0.0196
vn -0.9997 0.0164 0.0205
vn -0.9997 0.0154 0.0213
vn -0.9997 0.0144 0.0220
vn -0.9997 0.0133 0.0227
vn -0.9997 0.0122 0.0233
vn -0.9997 0.0111 0.0239
vn -0.9997 0.0099 0.0245
vn -0.9997 0.0087 0.0249
vn -0.9997 0.0075 0.0253
vn -0.9997 0.0063 0.0257
vn -0.9997 0.0050 0.0260
vn -0.9996 0.0038 0.0262
vn -0.9996 0.0025 0.0263
vn -0.9996 0.0013 0.0264
vn -0.9996 -0.0000 0.0265
vn -0.9996 -0.0013 0.0264
vn -0.9996 -0.0025 0.0263
vn -0.9996 -0.0038 0.0262
vn -0.9997 -0.0051 0.0260
vn -0.9997 -0.0063 0.0257
vn -0.9997 -0.0075 0.0253
vn -0.9997 -0.0087 0.0249
vn -0.9997 -0.0099 0.0245
vn -0.9997 -0.0111 0.0239
vn -0.9997 -0.0122 0.0233
vn -0.9997 -0.0133 0.0227
vn -0.9997 -0.0144 0.0220
vn -0.9997 -0.0154 0.0213
vn -0.9997 -0.0164 0.0205
vn -0.9997 -0.0174 0.0196
vn -0.9997 -0.0183 0.0187
vn -0.9997 -0.0192 0.0178
vn -0.9997 -0.0200 0.0168
vn -0.9997 -0.0208 0.0158
vn -0.9997 -0.0215 0.0147
vn -0.9997 -0.0222 0.0136
vn -0.9997 -0.0228 0.0125
vn -0.9997 -0.0234 0.0113
vn -0.9997 -0.0239 0.0101
vn -0.9997 -0.0244 0.0089
vn -0.9997 -0.0248 0.0077
vn -0.9997 -0.0251 0.0064
vn -0.9997 -0.0254 0.0052
vn -0.9997 -0.0256 0.0039
vn -0.9997 -0.0258 0.0026
vn -0.9997 -0.0259 0.0013
vn -0.9996 -0.0285 -0.0000
vn -0.9996 -0.0284 -0.0014
vn -0.9996 -0.0283 -0.0029
vn -0.9996 -0.0282 -0.0043
vn -0.9996 -0.0279 -0.0057
vn -0.9996 -0.0276 -0.0071
vn -0.9996 -0.0272 -0.0085
vn -0.9996 -0.0268 -0.0098
vn -0.9996 -0.0263 -0.0111
vn -0.9996 -0.0257 -0.0124
vn -0.9996 -0.0251 -0.0137
vn -0.9996 -0.0244 -0.0150
vn -0.9996 -0.0237 -0.0162
vn -0.9996 -0.0229 -0.0173
vn -0.9996 -0.0220 -0.0185
vn -0.9996 -0.0211 -0.0196
vn -0.9996 -0.0201 -0.0206
vn -0.9996 -0.0191 -0.0216
vn -0.9996 -0.0181 -0.0225
vn -0.9996 -0.0170 -0.0234
vn -0.9996 -0.0158 -0.0242
vn -0.9996 -0.0146 -0.0250
vn -0.9996 -0.0134 -0.0257
vn -0.9996 -0.0122 -0.0263
vn -0.9996 -0.0109 -0.0269
vn -0.9996 -0.0096 -0.0274
vn -0.9996 -0.0083 -0.0279
vn -0.9996 -0.0069 -0.0282
vn -0.9996 -0.0056 -0.0286
vn -0.9996 -0.0042 -0.0288
vn -0.9996 -0.0028 -0.0290
vn -0.9996 -0.0014 -0.0291
vn -0.9996 -0.0000 -0.0291
vn -0.9996 0.0014 -0.0291
vn -0.9996 0.0028 -0.0290
vn -0.9996 0.0042 -0.0288
vn -0.9996 0.0056 -0.0286
vn -0.9996 0.0069 -0.0282
vn -0.9996 0.0083 -0.0279
vn -0.9996 0.0096 -0.0274
vn -0.9996 0.0109 -0.0269
vn -0.9996 0.0122 -0.0263
vn -0.9996 0.0134 -0.0257
vn -0.9996 0.0146 -0.0250
vn -0.9996 0.0158 -0.0242
vn -0.9996 0.0170 -0.0234
vn -0.9996 0.0181 -0.0225
vn -0.9996 0.0191 -0.0216
vn -0.9996 0.0201 -0.0206
vn -0.9996 0.0211 -0.0196
vn -0.9996 0.0220 -0.0185
vn -0.9996 0.0229 -0.0173
vn -0.9996 0.0237 -0.0162
vn -0.9996 0.0244 -0.0150
vn -0.9996 0.0251 -0.0137
vn -0.9996 0.0257 -0.0124
vn -0.9996 0.0263 -0.0111
vn -0.9996 0.0268 -0.0098
vn -0.9996 0.0272 -0.0085
vn -0.9996 0.0276 -0.0071
vn -0.9996 0.0279 -0.0057
vn -0.9996 0.0282 -0.0043
vn -0.9996 0.0283 -0.0029
vn -0.9996 0.0284 -0.0014
vn -0.9996 0.0285 -0.0000
vn -0.9996 0.0284 0.0014
vn -0.9996 0.0283 0.0029
vn -0.9996 0.0282 0.0043
vn -0.9996 0.0279 0.0057
vn -0.9996 0.0276 0.0071
vn -0.9996 0.0272 0.0085
vn -0.9996 0.0268 0.0098
vn -0.9996 0.0263 0.0111
vn -0.9996 0.0257 0.0124
vn -0.9996 0.0251 0.0137
vn -0.9996 0.0244 0.0150
vn -0.9996 0.0237 0.0162
vn -0.9996 0.0229 0.0173
vn -0.9996 0.0220 0.0185
vn -0.9996 0.0211 0.0196
vn -0.9996 0.0201 0.0206
vn -0.9996 0.0191 0.0216
vn -0.9996 0.0181 0.0225
vn -0.9996 0.0170 0.0234
vn -0.9996 0.0158 0.0242
vn -0.9996 0.0146 0.0250
vn -0.9996 0.0134 0.0257
vn -0.9996 0.0122 0.0263
vn -0.9996 0.0109 0.0269
vn -0.9996 0.0096 0.0274
vn -0.9996 0.0083 0.0279
vn -0.9996 0.0069 0.0282
vn -0.9996 0.0056 0.0286
vn -0.9996 0.0042 0.0288
vn -0.9996 0.0028 0.0290
vn -0.9996 0.0014 0.0291
vn -0.9996 -0.0000 0.0291
vn -0.9996 -0.0014 0.0291
vn -0.9996 -0.0028 0.0290
vn -0.9996 -0.0042 0.0288
vn -0.9996 -0.0056 0.0286
vn -0.9996 -0.0069 0.0282
vn -0.9996 -0.0083 0.0279
vn -0.9996 -0.0096 0.0274
vn -0.9996 -0.0109 0.0269
vn -0.9996 -0.0122 0.0263
vn -0.9996 -0.0134 0.0257
vn -0.9996 -0.0146 0.0250
vn -0.9996 -0.0158 0.0242
vn -0.9996 -0.0170 0.0234
vn -0.9996 -0.0181 0.0225
vn -0.9996 -0.0191 0.0216
vn -0.9996 -0.0201 0.0206
vn -0.9996 -0.0211 0.0196
vn -0.9996 -0.0220 0.0185
vn -0.9996 -0.0229 0.0173
vn -0.9996 -0.0237 0.0162
vn -0.9996 -0.0244 0.0150
vn -0.9996 -0.0251 0.0137
vn -0.9996 -0.0257 0.0124
vn -0.9996 -0.0263 0.0111
vn -0.9996 -0.0268 0.0098
vn -0.9996 -0.0272 0.0085
vn -0.9996 -0.0276 0.0071
vn -0.9996 -0.0279 0.0057
vn -0.9996 -0.0282 0.0043
vn -0.9996 -0.0283 0.0029
vn -0.9996 -0.0284 0.0014
vn -0.9995 -0.0311 -0.0000
vn -0.9995 -0.0310 -0.0016
vn -0.9995 -0.0309 -0.0031
vn -0.9995 -0.0307 -0.0047
vn -0.9995 -0.0305 -0.0062
vn -0.9995 -0.0301 -0.0077
vn -0.9995 -0.0297 -0.0092
vn -0.9995 -0.0292 -0.0107
vn -0.9995 -0.0287 -0.0122
vn -0.9995 -0.0281 -0.0136
vn -0.9995 -0.0274 -0.0150
vn -0.9995 -0.0266 -0.0163
vn -0.9995 -0.0258 -0.0176
vn -0.9995 -0.0249 -0.0189
vn -0.9995 -0.0240 -0.0201
vn -0.9995 -0.0230 -0.0213
vn -0.9995 -0.0220 -0.0225
vn -0.9995 -0.0209 -0.0235
vn -0.9995 -0.0197 -0.0245
vn -0.9995 -0.0185 -0.0255
vn -0.9995 -0.0173 -0.0264
vn -0.9995 -0.0160 -0.0272
vn -0.9995 -0.0146 -0.0280
vn -0.9995 -0.0133 -0.0287
vn -0.9995 -0.0119 -0.0293
vn -0.9995 -0.0105 -0.0299
vn -0.9995 -0.0090 -0.0304
vn -0.9995 -0.0075 -0.0308
vn -0.9995 -0.0061 -0.0311
vn -0.9995 -0.0046 -0.0314
vn -0.9995 -0.0030 -0.0316
vn -0.9995 -0.0015 -0.0317
vn -0.9995 -0.0000 -0.0318
vn -0.9995 0.0015 -0.0317
vn -0.9995 0.0030 -0.0316
vn -0.9995 0.0046 -0.0314
vn -0.9995 0.0061 -0.0311
vn -0.9995 0.0075 -0.0308
vn -0.9995 0.0090 -0.0304
vn -0.9995 0.0105 -0.0299
vn -0.9995 0.0119 -0.0293
vn -0.9995 0.0133 -0.0287
vn -0.9995 0.0146 -0.0280
vn -0.9995 0.0160 -0.0272
vn -0.9995 0.0173 -0.0264
vn -0.9995 0.0185 -0.0255
vn -0.9995 0.0197 -0.0245
vn -0.9995 0.0209 -0.0235
vn -0.9995 0.0220 -0.0225
vn -0.9995 0.0230 -0.0213
vn -0.9995 0.0240 -0.0201
vn -0.9995 0.0249 -0.0189
vn -0.9995 0.0258 -0.0176
vn -0.9995 0.0266 -0.0163
vn -0.9995 0.0274 -0.0150
vn -0.9995 0.0281 -0.0136
vn -0.9995 0.0287 -0.0122
vn -0.9995 0.0292 -0.0107
vn -0.9995 0.0297 -0.0092
vn -0.9995 0.0301 -0.0077
vn -0.9995 0.0305 -0.0062
vn -0.9995 0.0307 -0.0047
vn -0.9995 0.0309 -0.0031
vn -0.9995 0.0310 -0.0016
vn -0.9995 0.0311 -0.0000
vn -0.9995 0.0310 0.0016
vn -0.9995 0.0309 0.0031
vn -0.9995 0.0307 0.0047
vn -0.9995 0.0305 0.0062
vn -0.9995 0.0301 0.0077
vn -0.9995 0.0297 0.0092
vn -0.9995 0.0292 0.0107
vn -0.9995 0.0287 0.0122
vn -0.9995 0.0281 0.0136
vn -0.9995 0.0274 0.0150
vn -0.9995 0.0266 0.0163
vn -0.9995 0.0258 0.0176
vn -0.9995 0.0249 0.0189
vn -0.9995 0.0240 0.0201
vn -0.9995 0.0230 0.0213
vn -0.9995 0.0220 0.0225
vn -0.9995 0.0209 0.0235
vn -0.9995 0.0197 0.0245
vn -0.9995 0.0185 0.0255
vn -0.9995 0.0173 0.0264
vn -0.9995 0.0160 0.0272
vn -0.9995 0.0146 0.0280
vn -0.9995 0.0133 0.0287
vn -0.9995 0.0119 0.0293
vn -0.9995 0.0105 0.0299
vn -0.9995 0.0090 0.0304
vn -0.9995 0.0075 0.0308
vn -0.9995 0.0061 0.0311
vn -0.9995 0.0046 0.0314
vn -0.9995 0.0030 0.0316
vn -0.9995 0.0015 0.0317
vn -0.9995 -0.0000 0.0318
vn -0.9995 -0.0015 0.0317
vn -0.9995 -0.0030 0.0316
vn -0.9995 -0.0046 0.0314
vn -0.9995 -0.0061 0.0311
vn -0.9995 -0.0075 0.0308
vn -0.9995 -0.0090 0.0304
vn -0.9995 -0.0105 0.0299
vn -0.9995 -0.0119 0.0293
vn -0.9995 -0.0133 0.0287
vn -0.9995 -0.0146 0.0280
vn -0.9995 -0.0160 0.0272
vn -0.9995 -0.0173 0.0264
vn -0.9995 -0.0185 0.0255
vn -0.9995 -0.0197 0.0245
vn -0.9995 -0.0209 0.0235
vn -0.9995 -0.0220 0.0225
vn -0.9995 -0.0230 0.0213
vn -0.9995 -0.0240 0.0201
vn -0.9995 -0.0249 0.0189
vn -0.9995 -0.0258 0.0176
vn -0.9995 -0.0266 0.0163
vn -0.9995 -0.0274 0.0150
vn -0.9995 -0.0281 0.0136
vn -0.9995 -0.0287 0.0122
vn -0.9995 -0.0292 0.0107
vn -0.9995 -0.0297 0.0092
vn -0.9995 -0.0301 0.0077
vn -0.9995 -0.0305 0.0062
vn -0.9995 -0.0307 0.0047
vn -0.9995 -0.0309 0.0031
vn -0.9995 -0.0310 0.0016
vn -0.9994 -0.0336 -0.0000
vn -0.9994 -0.0336 -0.0017
vn -0.9994 -0.0335 -0.0034
vn -0.9994 -0.0333 -0.0050
vn -0.9994 -0.0330 -0.0067
vn -0.9994 -0.0326 -0.0084
vn -0.9994 -0.0322 -0.0100
vn -0.9994 -0.0317 -0.0116
vn -0.9994 -0.0311 -0.0132
vn -0.9994 -0.0304 -0.0147
vn -0.9994 -0.0297 -0.0162
vn -0.9994 -0.0289 -0.0177
vn -0.9994 -0.0280 -0.0191
vn -0.9994 -0.0270 -0.0205
vn -0.9994 -0.0260 -0.0218
vn -0.9994 -0.0249 -0.0231
vn -0.9994 -0.0238 -0.0243
vn -0.9994 -0.0226 -0.0255
vn -0.9994 -0.0213 -0.0266
vn -0.9994 -0.0200 -0.0276
vn -0.9994 -0.0187 -0.0286
vn -0.9994 -0.0173 -0.0295
vn -0.9994 -0.0159 -0.0303
vn -0.9994 -0.0144 -0.0311
vn -0.9994 -0.0129 -0.0318
vn -0.9994 -0.0113 -0.0324
vn -0.9994 -0.0098 -0.0329
vn -0.9994 -0.0082 -0.0334
vn -0.9994 -0.0066 -0.0337
vn -0.9994 -0.0049 -0.0340
vn -0.9994 -0.0033 -0.0342
vn -0.9994 -0.0017 -0.0344
vn -0.9994 -0.0000 -0.0344
vn -0.9994 0.0017 -0.0344
vn -0.9994 0.0033 -0.0342
vn -0.9994 0.0049 -0.0340
vn -0.9994 0.0066 -0.0337
vn -0.9994 0.0082 -0.0334
vn -0.9994 0.0098 -0.0329
vn -0.9994 0.0113 -0.0324
vn -0.9994 0.0129 -0.0318
vn -0.9994 0.0144 -0.0311
vn -0.9994 0.0159 -0.0303
vn -0.9994 0.0173 -0.0295
vn -0.9994 0.0187 -0.0286
vn -0.9994 0.0200 -0.0276
vn -0.9994 0.0213 -0.0266
vn -0.9994 0.0226 -0.0255
vn -0.9994 0.0238 -0.0243
vn -0.9994 0.0249 -0.0231
vn -0.9994 0.0260 -0.0218
vn -0.9994 0.0270 -0.0205
vn -0.9994 0.0280 -0.0191
vn -0.9994 0.0289 -0.0177
vn -0.9994 0.0297 -0.0162
vn -0.9994 0.0304 -0.0147
vn -0.9994 0.0311 -0.0132
vn -0.9994 0.0317 -0.0116
vn -0.9994 0.0322 -0.0100
vn -0.9994 0.0326 -0.0084
vn -0.9994 0.0330 -0.0067
vn -0.9994 0.0333 -0.0050
vn -0.9994 0.0335 -0.0034
vn -0.9994 0.0336 -0.0017
vn -0.9994 0.0336 -0.0000
vn -0.9994 0.0336 0.0017
vn -0.9994 0.0335 0.0034
vn -0.9994 0.0333 0.0050
vn -0.9994 0.0330 0.0067
vn -0.9994 0.0326 0.0084
vn -0.9994 0.0322 0.0100
vn -0.9994 0.0317 0.0116
vn -0.9994 0.0311 0.0132
vn -0.9994 0.0304 0.0147
vn -0.9994 0.0297 0.0162
vn -0.9994 0.0289 0.0177
vn -0.9994 0.0280 0.0191
vn -0.9994 0.0270 0.0205
vn -0.9994 0.0260 0.0218
vn -0.9994 0.0249 0.0231
vn -0.9994 0.0238 0.0243
vn -0.9994 0.0226 0.0255
vn -0.9994 0.0213 0.0266
vn -0.9994 0.0200 0.0276
vn -0.9994 0.0187 0.0286
vn -0.9994 0.0173 0.0295
vn -0.9994 0.0159 0.0303
vn -0.9994 0.0144 0.0311
vn -0.9994 0.0129 0.0318
vn -0.9994 0.0113 0.0324
vn -0.9994 0.0098 0.0329
vn -0.9994 0.0082 0.0334
vn -0.9994 0.0066 0.0337
vn -0.9994 0.0049 0.0340
vn -0.9994 0.0033 0.0342
vn -0.9994 0.0017 0.0344
vn -0.9994 -0.0000 0.0344
vn -0.9994 -0.0017 0.0344
vn -0.9994 -0.0033 0.0342
vn -0.9994 -0.0049 0.0340
vn -0.9994 -0.0066 0.0337
vn -0.9994 -0.0082 0.0334
vn -0.9994 -0.0098 0.0329
vn -0.9994 -0.0113 0.0324
vn -0.9994 -0.0129 0.0318
vn -0.9994 -0.0144 0.0311
vn -0.9994 -0.0159 0.0303
vn -0.9994 -0.0173 0.0295
vn -0.9994 -0.0187 0.0286
vn -0.9994 -0.0200 0.0276
vn -0.9994 -0.0213 0.0266
vn -0.9994 -0.0226 0.0255
vn -0.9994 -0.0238 0.0243
vn -0.9994 -0.0249 0.0231
vn -0.9994 -0.0260 0.0218
vn -0.9994 -0.0270 0.0205
vn -0.9994 -0.0280 0.0191
vn -0.9994 -0.0289 0.0177
vn -0.9994 -0.0297 0.0162
vn -0.9994 -0.0304 0.0147
vn -0.9994 -0.0311 0.0132
vn -0.9994 -0.0317 0.0116
vn -0.9994 -0.0322 0.0100
vn -0.9994 -0.0326 0.0084
vn -0.9994 -0.0330 0.0067
vn -0.9994 -0.0333 0.0050
vn -0.9994 -0.0335 0.0034
vn -0.9994 -0.0336 0.0017
vn -0.9993 -0.0362 -0.0000
vn -0.9993 -0.0362 -0.0018
vn -0.9993 -0.0361 -0.0036
vn -0.9993 -0.0358 -0.0054
vn -0.9993 -0.0355 -0.0072
vn -0.9993 -0.0351 -0.0090
vn -0.9993 -0.0347 -0.0108
vn -0.9993 -0.0341 -0.0125
vn -0.9993 -0.0335 -0.0142
vn -0.9993 -0.0327 -0.0158
vn -0.9993 -0.0319 -0.0175
vn -0.9993 -0.0311 -0.0190
vn -0.9993 -0.0301 -0.0206
vn -0.9993 -0.0291 -0.0221
vn -0.9993 -0.0280 -0.0235
vn -0.9993 -0.0268 -0.0249
vn -0.9993 -0.0256 -0.0262
vn -0.9993 -0.0243 -0.0274
vn -0.9993 -0.0230 -0.0286
vn -0.9993 -0.0216 -0.0298
vn -0.9993 -0.0201 -0.0308
vn -0.9993 -0.0186 -0.0318
vn -0.9993 -0.0171 -0.0327
vn -0.9993 -0.0155 -0.0335
vn -0.9993 -0.0139 -0.0342
vn -0.9993 -0.0122 -0.0349
vn -0.9993 -0.0105 -0.0354
vn -0.9993 -0.0088 -0.0359
vn -0.9993 -0.0071 -0.0363
vn -0.9993 -0.0053 -0.0366
vn -0.9993 -0.0036 -0.0369
vn -0.9993 -0.0018 -0.0370
vn -0.9993 -0.0000 -0.0370
vn -0.9993 0.0018 -0.0370
vn -0.9993 0.0036 -0.0369
vn -0.9993 0.0053 -0.0366
vn -0.9993 0.0071 -0.0363
vn -0.9993 0.0088 -0.0359
vn -0.9993 0.0105 -0.0354
vn -0.9993 0.0122 -0.0349
vn -0.9993 0.0139 -0.0342
vn -0.9993 0.0155 -0.0335
vn -0.9993 0.0171 -0.0327
vn -0.9993 0.0186 -0.0318
vn -0.9993 0.0201 -0.0308
vn -0.9993 0.0216 -0.0298
vn -0.9993 0.0230 -0.0286
vn -0.9993 0.0243 -0.0274
vn -0.9993 0.0256 -0.0262
vn -0.9993 0.0268 -0.0249
vn -0.9993 0.0280 -0.0235
vn -0.9993 0.0291 -0.0221
vn -0.9993 0.0301 -0.0206
vn -0.9993 0.0311 -0.0190
vn -0.9993 0.0319 -0.0175
vn -0.9993 0.0327 -0.0158
vn -0.9993 0.0335 -0.0142
vn -0.9993 0.0341 -0.0125
vn -0.9993 0.0347 -0.0108
vn -0.9993 0.0351 -0.0090
vn -0.9993 0.0355 -0.0072
vn -0.9993 0.0358 -0.0054
vn -0.9993 0.0361 -0.0036
vn -0.9993 0.0362 -0.0018
vn -0.9993 0.0362 -0.0000
vn -0.9993 0.0362 0.0018
vn -0.9993 0.0361 0.0036
vn -0.9993 0.0358 0.0054
vn -0.9993 0.0355 0.0072
vn -0.9993 0.0351 0.0090
vn -0.9993 0.0347 0.0108
vn -0.9993 0.0341 0.0125
vn -0.9993 0.0335 0.0142
vn -0.9993 0.0327 0.0158
vn -0.9993 0.0319 0.0175
vn -0.9993 0.0311 0.0190
vn -0.9993 0.0301 0.0206
vn -0.9993 0.0291 0.0221
vn -0.9993 0.0280 0.0235
vn -0.9993 0.0268 0.0249
vn -0.9993 0.0256 0.0262
vn -0.9993 0.0243 0.0274
vn -0.9993 0.0230 0.0286
vn -0.9993 0.0216 0.0298
vn -0.9993 0.0201 0.0308
vn -0.9993 0.0186 0.0318
vn -0.9993 0.0171 0.0327
vn -0.9993 0.0155 0.0335
vn -0.9993 0.0139 0.0342
vn -0.9993 0.0122 0.0349
vn -0.9993 0.0105 0.0354
vn -0.9993 0.0088 0.0359
vn -0.9993 0.0071 0.0363
vn -0.9993 0.0053 0.0366
vn -0.9993 0.0035 0.0369
vn -0.9993 0.0018 0.0370
vn -0.9993 -0.0000 0.0370
vn -0.9993 -0.0018 0.0370
vn -0.9993 -0.0035 0.0369
vn -0.9993 -0.0053 0.0366
vn -0.9993 -0.0071 0.0363
vn -0.9993 -0.0088 0.0359
vn -0.9993 -0.0105 0.0354
vn -0.9993 -0.0122 0.0349
vn -0.9993 -0.0139 0.0342
vn -0.9993 -0.0155 0.0335
vn -0.9993 -0.0171 0.0327
vn -0.9993 -0.0186 0.0318
vn -0.9993 -0.0201 0.0308
vn -0.9993 -0.0216 0.0298
vn -0.9993 -0.0230 0.0286
vn -0.9993 -0.0243 0.0274
vn -0.9993 -0.0256 0.0262
vn -0.9993 -0.0268 0.0249
vn -0.9993 -0.0280 0.0235
vn -0.9993 -0.0291 0.0221
vn -0.9993 -0.0301 0.0206
vn -0.9993 -0.0311 0.0190
vn -0.9993 -0.0319 0.0175
vn -0.9993 -0.0327 0.0158
vn -0.9993 -0.0335 0.0142
vn -0.9993 -0.0341 0.0125
vn -0.9993 -0.0347 0.0108
vn -0.9993 -0.0351 0.0090
vn -0.9993 -0.0355 0.0072
vn -0.9993 -0.0358 0.0054
vn -0.9993 -0.0361 0.0036
vn -0.9993 -0.0362 0.0018
vn -0.9992 -0.0388 -0.0000
vn -0.9992 -0.0388 -0.0019
vn -0.9992 -0.0386 -0.0039
vn -0.9992 -0.0384 -0.0058
vn -0.9992 -0.0381 -0.0077
vn -0.9992 -0.0376 -0.0096
vn -0.9992 -0.0371 -0.0115
vn -0.9992 -0.0365 -0.0134
vn -0.9992 -0.0359 -0.0152
vn -0.9992 -0.0351 -0.0170
vn -0.9992 -0.0342 -0.0187
vn -0.9992 -0.0333 -0.0204
vn -0.9992 -0.0323 -0.0220
vn -0.9992 -0.0312 -0.0236
vn -0.9992 -0.0300 -0.0252
vn -0.9992 -0.0288 -0.0266
vn -0.9992 -0.0274 -0.0281
vn -0.9992 -0.0261 -0.0294
vn -0.9992 -0.0246 -0.0307
vn -0.9992 -0.0231 -0.0319
vn -0.9992 -0.0216 -0.0330
vn -0.9992 -0.0200 -0.0340
vn -0.9992 -0.0183 -0.0350
vn -0.9992 -0.0166 -0.0359
vn -0.9992 -0.0148 -0.0367
vn -0.9992 -0.0131 -0.0374
vn -0.9992 -0.0113 -0.0380
vn -0.9992 -0.0094 -0.0385
vn -0.9992 -0.0076 -0.0389
vn -0.9992 -0.0057 -0.0392
vn -0.9992 -0.0038 -0.0395
vn -0.9992 -0.0019 -0.0396
vn -0.9992 -0.0000 -0.0397
vn -0.9992 0.0019 -0.0396
vn -0.9992 0.0038 -0.0395
vn -0.9992 0.0057 -0.0392
vn -0.9992 0.0076 -0.0389
vn -0.9992 0.0094 -0.0385
vn -0.9992 0.0113 -0.0380
vn -0.9992 0.0131 -0.0374
vn -0.9992 0.0148 -0.0367
vn -0.9992 0.0166 -0.0359
vn -0.9992 0.0183 -0.0350
vn -0.9992 0.0200 -0.0340
vn -0.9992 0.0216 -0.0330
vn -0.9992 0.0231 -0.0319
vn -0.9992 0.0246 -0.0307
vn -0.9992 0.0261 -0.0294
vn -0.9992 0.0274 -0.0281
vn -0.9992 0.0288 -0.0266
vn -0.9992 0.0300 -0.0252
vn -0.9992 0.0312 -0.0236
vn -0.9992 0.0323 -0.0220
vn -0.9992 0.0333 -0.0204
vn -0.9992 0.0342 -0.0187
vn -0.9992 0.0351 -0.0170
vn -0.9992 0.0359 -0.0152
vn -0.9992 0.0365 -0.0134
vn -0.9992 0.0371 -0.0115
vn -0.9992 0.0376 -0.0096
vn -0.9992 0.0381 -0.0077
vn -0.9992 0.0384 -0.0058
vn -0.9992 0.0386 -0.0039
vn -0.9992 0.0388 -0.0019
vn -0.9992 0.0388 -0.0000
vn -0.9992 0.0388 0.0019
vn -0.9992 0.0386 0.0039
vn -0.9992 0.0384 0.0058
vn -0.9992 0.0381 0.0077
vn -0.9992 0.0376 0.0096
vn -0.9992 0.0371 0.0115
vn -0.9992 0.0365 0.0134
vn -0.9992 0.0359 0.0152
vn -0.9992 0.0351 0.0170
vn -0.9992 0.0342 0.0187
vn -0.9992 0.0333 0.0204
vn -0.9992 0.0323 0.0220
vn -0.9992 0.0312 0.0236
vn -0.9992 0.0300 0.0252
vn -0.9992 0.0288 0.0266
vn -0.9992 0.0274 0.0281
vn -0.9992 0.0261 0.0294
vn -0.9992 0.0246 0.0307
vn -0.9992 0.0231 0.0319
vn -0.9992 0.0216 0.0330
vn -0.9992 0.0200 0.0340
vn -0.9992 0.0183 0.0350
vn -0.9992 0.0166 0.0359
vn -0.9992 0.0148 0.0367
vn -0.9992 0.0131 0.0374
vn -0.9992 0.0113 0.0380
vn -0.9992 0.0094 0.0385
vn -0.9992 0.0076 0.0389
vn -0.9992 0.0057 0.0392
vn -0.9992 0.0038 0.0395
vn -0.9992 0.0019 0.0396
vn -0.9992 -0.0000 0.0397
vn -0.9992 -0.0019 0.0396
vn -0.9992 -0.0038 0.0395
vn -0.9992 -0.0057 0.0392
vn -0.9992 -0.0076 0.0389
vn -0.9992 -0.0094 0.0385
vn -0.9992 -0.0113 0.0380
vn -0.9992 -0.0131 0.0374
vn -0.9992 -0.0148 0.0367
vn -0.9992 -0.0166 0.0359
vn -0.9992 -0.0183 0.0350
vn -0.9992 -0.0200 0.0340
vn -0.9992 -0.0216 0.0330
vn -0.9992 -0.0231 0.0319
vn -0.9992 -0.0246 0.0307
vn -0.9992 -0.0261 0.0294
vn -0.9992 -0.0274 0.0281
vn -0.9992 -0.0288 0.0266
vn -0.9992 -0.0300 0.0252
vn -0.9992 -0.0312 0.0236
vn -0.9992 -0.0323 0.0220
vn -0.9992 -0.0333 0.0204
vn -0.9992 -0.0342 0.0187
vn -0.9992 -0.0351 0.0170
vn -0.9992 -0.0359 0.0152
vn -0.9992 -0.0365 0.0134
vn -0.9992 -0.0371 0.0115
vn -0.9992 -0.0376 0.0096
vn -0.9992 -0.0381 0.0077
vn -0.9992 -0.0384 0.0058
vn -0.9992 -0.0386 0.0039
vn -0.9992 -0.0388 0.0019
vn -0.7154 0.6987 -0.0000
vn -0.7154 0.6978 0.0351
vn -0.7154 0.6952 0.0700
vn -0.7154 0.6908 0.1048
vn -0.7155 0.6846 0.1392
vn -0.7155 0.6768 0.1733
vn -0.7155 0.6673 0.2070
vn -0.7155 0.6561 0.2400
vn -0.7155 0.6433 0.2724
vn -0.7155 0.6289 0.3041
vn -0.7156 0.6130 0.3350
vn -0.7156 0.5956 0.3650
vn -0.7156 0.5767 0.3940
vn -0.7156 0.5565 0.4220
vn -0.7157 0.5350 0.4490
vn -0.7157 0.5123 0.4747
vn -0.7157 0.4883 0.4993
vn -0.7157 0.4632 0.5226
vn -0.7158 0.4371 0.5446
vn -0.7158 0.4100 0.5653
vn -0.7158 0.3820 0.5845
vn -0.7158 0.3531 0.6024
vn -0.7159 0.3235 0.6188
vn -0.7159 0.2931 0.6337
vn -0.7159 0.2621 0.6471
vn -0.7159 0.2306 0.6590
vn -0.7159 0.1986 0.6693
vn -0.7160 0.1661 0.6781
vn -0.7160 0.1333 0.6853
vn -0.7160 0.1002 0.6909
vn -0.7160 0.0669 0.6949
vn -0.7160 0.0335 0.6973
vn -0.7160 -0.0000 0.6981
vn -0.7160 -0.0335 0.6973
vn -0.7160 -0.0669 0.6949
vn -0.7160 -0.1002 0.6909
vn -0.7160 -0.1333 0.6853
vn -0.7160 -0.1661 0.6781
vn -0.7159 -0.1986 0.6693
vn -0.7159 -0.2306 0.6590
vn -0.7159 -0.2621 0.6471
vn -0.7159 -0.2931 0.6337
vn -0.7159 -0.3235 0.6188
vn -0.7158 -0.3531 0.6024
vn -0.7158 -0.3820 0.5845
vn -0.7158 -0.4100 0.5653
vn -0.7158 -0.4371 0.5446
vn -0.7157 -0.4632 0.5226
vn -0.7157 -0.4883 0.4993
vn -0.7157 -0.5123 0.4747
vn -0.7157 -0.5350 0.4490
vn -0.7156 -0.5565 0.4220
vn -0.7156 -0.5767 0.3940
vn -0.7156 -0.5956 0.3650
vn -0.7156 -0.6130 0.3350
vn -0.7155 -0.6289 0.3041
vn -0.7155 -0.6433 0.2724
vn -0.7155 -0.6561 0.2400
vn -0.7155 -0.6673 0.2070
vn -0.7155 -0.6768 0.1733
vn -0.7155 -0.6846 0.1392
vn -0.7154 -0.6908 0.1048
vn -0.7154 -0.6952 0.0700
vn -0.7154 -0.6978 0.0351
vn -0.7154 -0.6987 -0.0000
vn -0.7154 -0.6978 -0.0350
vn -0.7154 -0.6952 -0.0700
vn -0.7154 -0.6908 -0.1048
vn -0.7155 -0.6846 -0.1392
vn -0.7155 -0.6768 -0.1733
vn -0.7155 -0.6673 -0.2070
vn -0.7155 -0.6561 -0.2400
vn -0.7155 -0.6433 -0.2724
vn -0.7155 -0.6289 -0.3041
vn -0.7156 -0.6130 -0.3350
vn -0.7156 -0.5956 -0.3650
vn -0.7156 -0.5767 -0.3940
vn -0.7156 -0.5565 -0.4220
vn -0.7157 -0.5350 -0.4490
vn -0.7157 -0.5123 -0.4747
vn -0.7157 -0.4883 -0.4993
vn -0.7157 -0.4632 -0.5226
vn -0.7158 -0.4371 -0.5446
vn -0.7158 -0.4100 -0.5653
vn -0.7158 -0.3820 -0.5845
vn -0.7158 -0.3531 -0.6024
vn -0.7159 -0.3235 -0.6188
vn -0.7159 -0.2931 -0.6337
vn -0.7159 -0.2621 -0.6471
vn -0.7159 -0.2306 -0.6590
vn -0.7159 -0.1986 -0.6693
vn -0.7160 -0.1661 -0.6781
vn -0.7160 -0.1333 -0.6853
vn -0.7160 -0.1002 -0.6909
vn -0.7160 -0.0669 -0.6949
vn -0.7160 -0.0335 -0.6973
vn -0.7160 -0.0000 -0.6981
vn -0.7160 0.0335 -0.6973
vn -0.7160 0.0669 -0.6949
vn -0.7160 0.1002 -0.6909
vn -0.7160 0.1333 -0.6853
vn -0.7160 0.1661 -0.6781
vn -0.7159 0.1986 -0.6693
vn -0.7159 0.2306 -0.6590
vn -0.7159 0.2621 -0.6471
vn -0.7159 0.2931 -0.6337
vn -0.7159 0.3235 -0.6188
vn -0.7158 0.3531 -0.6024
vn -0.7158 0.3820 -0.5845
vn -0.7158 0.4100 -0.5653
vn -0.7158 0.4371 -0.5446
vn -0.7157 0.4632 -0.5226
vn -0.7157 0.4883 -0.4993
vn -0.7157 0.5123 -0.4747
vn -0.7157 0.5350 -0.4490
vn -0.7156 0.5565 -0.4220
vn -0.7156 0.5767 -0.3940
vn -0.7156 0.5956 -0.3650
vn -0.7156 0.6130 -0.3350
vn -0.7155 0.6289 -0.3041
vn -0.7155 0.6433 -0.2724
vn -0.7155 0.6561 -0.2400
vn -0.7155 0.6673 -0.2070
vn -0.7155 0.6768 -0.1733
vn -0.7155 0.6846 -0.1392
vn -0.7154 0.6908 -0.1048
vn -0.7154 0.6952 -0.0700
vn -0.7154 0.6978 -0.0351
vt 0.250000 0.255624
vt 0.249616 0.271600
vt 0.248850 0.271563
vt 0.248087 0.271487
vt 0.247328 0.271372
vt 0.246576 0.271220
vt 0.245831 0.271030
vt 0.245097 0.270803
vt 0.244375 0.270540
vt 0.243666 0.270241
vt 0.242973 0.269906
vt 0.242296 0.269537
vt 0.241638 0.269134
vt 0.241000 0.268699
vt 0.240384 0.268233
vt 0.239791 0.267736
vt 0.239223 0.267210
vt 0.238680 0.266656
vt 0.238165 0.266075
vt 0.237678 0.265469
vt 0.237221 0.264840
vt 0.236795 0.264188
vt 0.236401 0.263516
vt 0.236039 0.262824
vt 0.235711 0.262115
vt 0.235418 0.261391
vt 0.235159 0.260653
vt 0.234937 0.259902
vt 0.234750 0.259142
vt 0.234600 0.258373
vt 0.234488 0.257597
vt 0.234413 0.256816
vt 0.234375 0.256033
vt 0.234375 0.255249
vt 0.234413 0.254465
vt 0.234488 0.253684
vt 0.234600 0.252908
vt 0.234750 0.252139
vt 0.234937 0.251378
vt 0.235159 0.250627
vt 0.235418 0.249888
vt 0.235711 0.249163
vt 0.236039 0.248454
vt 0.236401 0.247762
vt 0.236795 0.247088
vt 0.237221 0.246436
vt 0.237678 0.245805
vt 0.238165 0.245198
vt 0.238680 0.244617
vt 0.239223 0.244061
vt 0.239791 0.243534
vt 0.240384 0.243036
vt 0.241000 0.242568
vt 0.241638 0.242131
vt 0.242296 0.241727
vt 0.242973 0.241357
vt 0.243666 0.241021
vt 0.244375 0.240720
vt 0.245097 0.240455
vt 0.245831 0.240226
vt 0.246576 0.240035
vt 0.247328 0.239881
vt 0.248087 0.239765
vt 0.248850 0.239687
vt 0.249617 0.239648
vt 0.250384 0.239647
vt 0.251150 0.239685
vt 0.251913 0.239761
vt 0.252672 0.239875
vt 0.253425 0.240027
vt 0.254169 0.240217
vt 0.254903 0.240444
vt 0.255625 0.240708
vt 0.256334 0.241007
vt 0.257027 0.241342
vt 0.257704 0.241711
vt 0.258362 0.242113
vt 0.259000 0.242548
vt 0.259616 0.243015
vt 0.260209 0.243512
vt 0.260777 0.244038
vt 0.261320 0.244592
vt 0.261835 0.245173
vt 0.262322 0.245778
vt 0.262779 0.246408
vt 0.263205 0.247060
vt 0.263599 0.247732
vt 0.263961 0.248423
vt 0.264289 0.249132
vt 0.264582 0.249856
vt 0.264841 0.250595
vt 0.265064 0.251345
vt 0.265250 0.252106
vt 0.265400 0.252875
vt 0.265512 0.253651
vt 0.265587 0.254431
vt 0.265625 0.255215
vt 0.265625 0.255999
vt 0.265587 0.256782
vt 0.265512 0.257563
vt 0.265400 0.258339
vt 0.265250 0.259109
vt 0.265064 0.259870
vt 0.264841 0.260620
vt 0.264582 0.261359
vt 0.264289 0.262084
vt 0.263961 0.262794
vt 0.263599 0.263486
vt 0.263205 0.264159
vt 0.262779 0.264812
vt 0.262322 0.265442
vt 0.261835 0.266049
vt 0.261320 0.266631
vt 0.260777 0.267186
vt 0.260209 0.267713
vt 0.259616 0.268212
vt 0.259000 0.268680
vt 0.258362 0.269116
vt 0.257704 0.269520
vt 0.257027 0.269891
vt 0.256334 0.270227
vt 0.255625 0.270528
vt 0.254903 0.270793
vt 0.254169 0.271021
vt 0.253425 0.271213
vt 0.252672 0.271366
vt 0.251913 0.271482
vt 0.251150 0.271560
vt 0.250384 0.271599
vt 0.247700 0.287501
vt 0.246174 0.287349
vt 0.244656 0.287121
vt 0.243151 0.286816
vt 0.241663 0.286437
vt 0.240195 0.285983
vt 0.238750 0.285456
vt 0.237332 0.284857
vt 0.235945 0.284188
vt 0.234592 0.283450
vt 0.233276 0.282645
vt 0.232001 0.281775
vt 0.230768 0.280842
vt 0.229582 0.279848
vt 0.228445 0.278795
vt 0.227361 0.277687
vt 0.226330 0.276526
vt 0.225357 0.275315
vt 0.224443 0.274055
vt 0.223590 0.272752
vt 0.222802 0.271407
vt 0.222078 0.270025
vt 0.221422 0.268607
vt 0.220835 0.267158
vt 0.220318 0.265682
vt 0.219873 0.264181
vt 0.219500 0.262660
vt 0.219201 0.261122
vt 0.218976 0.259570
vt 0.218825 0.258009
vt 0.218750 0.256442
vt 0.218750 0.254873
vt 0.218825 0.253306
vt 0.218976 0.251745
vt 0.219201 0.250193
vt 0.219500 0.248654
vt 0.219873 0.247132
vt 0.220318 0.245630
vt 0.220835 0.244153
vt 0.221422 0.242703
vt 0.222078 0.241284
vt 0.222802 0.239900
vt 0.223590 0.238553
vt 0.224443 0.237248
vt 0.225357 0.235987
vt 0.226330 0.234773
vt 0.227361 0.233610
vt 0.228445 0.232499
vt 0.229582 0.231444
vt 0.230768 0.230448
vt 0.232001 0.229512
vt 0.233276 0.228639
vt 0.234592 0.227831
vt 0.235946 0.227090
vt 0.237332 0.226418
vt 0.238750 0.225816
vt 0.240195 0.225286
vt 0.241663 0.224829
vt 0.243151 0.224446
vt 0.244656 0.224138
vt 0.246174 0.223907
vt 0.247701 0.223751
vt 0.249233 0.223672
vt 0.252300 0.223746
vt 0.253827 0.223898
vt 0.255344 0.224127
vt 0.256849 0.224431
vt 0.258337 0.224811
vt 0.259806 0.225264
vt 0.261250 0.225791
vt 0.262668 0.226390
vt 0.264055 0.227059
vt 0.265408 0.227797
vt 0.266724 0.228602
vt 0.268000 0.229473
vt 0.269232 0.230406
vt 0.270418 0.231400
vt 0.271555 0.232452
vt 0.272640 0.233560
vt 0.273670 0.234721
vt 0.274643 0.235933
vt 0.275557 0.237192
vt 0.276410 0.238495
vt 0.277199 0.239840
vt 0.277922 0.241223
vt 0.278578 0.242640
vt 0.279165 0.244089
vt 0.279682 0.245566
vt 0.280127 0.247066
vt 0.280500 0.248588
vt 0.280799 0.250126
vt 0.281024 0.251677
vt 0.281175 0.253238
vt 0.281250 0.254805
vt 0.281250 0.256374
vt 0.281175 0.257941
vt 0.281024 0.259502
vt 0.280799 0.261054
vt 0.280500 0.262593
vt 0.280127 0.264115
vt 0.279682 0.265617
vt 0.279165 0.267095
vt 0.278578 0.268545
vt 0.277922 0.269964
vt 0.277198 0.271348
vt 0.276410 0.272694
vt 0.275557 0.274000
vt 0.274643 0.275261
vt 0.273670 0.276474
vt 0.272640 0.277638
vt 0.271555 0.278748
vt 0.270418 0.279803
vt 0.269232 0.280800
vt 0.267999 0.281736
vt 0.266724 0.282608
vt 0.265408 0.283416
vt 0.264055 0.284157
vt 0.262668 0.284830
vt 0.261250 0.285432
vt 0.259806 0.285962
vt 0.258337 0.286419
vt 0.256849 0.286801
vt 0.255344 0.287109
vt 0.253827 0.287341
vt 0.252300 0.287496
vt 0.250767 0.287575
vt 0.249233 0.287577
vt 0.246551 0.303440
vt 0.244260 0.303212
vt 0.241984 0.302869
vt 0.239727 0.302413
vt 0.237494 0.301843
vt 0.235292 0.301163
vt 0.233125 0.300372
vt 0.230999 0.299474
vt 0.228918 0.298470
vt 0.226888 0.297363
vt 0.224915 0.296156
vt 0.223001 0.294850
vt 0.221152 0.293451
vt 0.219373 0.291960
vt 0.217668 0.290381
vt 0.216041 0.288719
vt 0.214495 0.286977
vt 0.213035 0.285160
vt 0.211664 0.283271
vt 0.210386 0.281316
vt 0.209202 0.279299
vt 0.208118 0.277225
vt 0.207134 0.275099
vt 0.206253 0.272926
vt 0.205478 0.270711
vt 0.204809 0.268460
vt 0.204250 0.266178
vt 0.203801 0.263871
vt 0.203464 0.261543
vt 0.203238 0.259202
vt 0.203125 0.256851
vt 0.203125 0.254498
vt 0.203238 0.252148
vt 0.203464 0.249806
vt 0.203801 0.247478
vt 0.204250 0.245169
vt 0.204809 0.242886
vt 0.205478 0.240634
vt 0.206253 0.238417
vt 0.207134 0.236242
vt 0.208118 0.234114
vt 0.209202 0.232037
vt 0.210386 0.230018
vt 0.211664 0.228060
vt 0.213035 0.226168
vt 0.214495 0.224348
vt 0.216041 0.222602
vt 0.217668 0.220937
vt 0.219373 0.219355
vt 0.221152 0.217860
vt 0.223001 0.216456
vt 0.224915 0.215147
vt 0.226889 0.213935
vt 0.228918 0.212823
vt 0.230999 0.211815
vt 0.233125 0.210912
vt 0.235292 0.210117
vt 0.237494 0.209431
vt 0.239727 0.208857
vt 0.241984 0.208396
vt 0.244260 0.208048
vt 0.246551 0.207815
vt 0.248849 0.207697
vt 0.250767 0.223671
vt 0.253449 0.207807
vt 0.255740 0.208035
vt 0.258016 0.208378
vt 0.260274 0.208835
vt 0.262506 0.209404
vt 0.264708 0.210085
vt 0.266875 0.210875
vt 0.269002 0.211773
vt 0.271082 0.212777
vt 0.273112 0.213884
vt 0.275086 0.215092
vt 0.276999 0.216397
vt 0.278848 0.217797
vt 0.280627 0.219288
vt 0.282332 0.220866
vt 0.283959 0.222528
vt 0.285505 0.224270
vt 0.286965 0.226088
vt 0.288336 0.227976
vt 0.289615 0.229931
vt 0.290798 0.231948
vt 0.291883 0.234022
vt 0.292867 0.236149
vt 0.293747 0.238322
vt 0.294523 0.240536
vt 0.295191 0.242788
vt 0.295750 0.245070
vt 0.296199 0.247377
vt 0.296537 0.249704
vt 0.296762 0.252046
vt 0.296875 0.254396
vt 0.296875 0.256749
vt 0.296762 0.259100
vt 0.296537 0.261442
vt 0.296199 0.263770
vt 0.295750 0.266078
vt 0.295191 0.268361
vt 0.294523 0.270614
vt 0.293747 0.272830
vt 0.292867 0.275005
vt 0.291883 0.277134
vt 0.290798 0.279210
vt 0.289614 0.281230
vt 0.288336 0.283188
vt 0.286965 0.285079
vt 0.285505 0.286900
vt 0.283959 0.288645
vt 0.282332 0.290311
vt 0.280627 0.291893
vt 0.278848 0.293388
vt 0.276999 0.294791
vt 0.275086 0.296101
vt 0.273112 0.297313
vt 0.271082 0.298424
vt 0.269001 0.299433
vt 0.266875 0.300335
vt 0.264708 0.301131
vt 0.262506 0.301816
vt 0.260274 0.302390
vt 0.258016 0.302852
vt 0.255740 0.303200
vt 0.253449 0.303433
vt 0.251151 0.303551
vt 0.248849 0.303553
vt 0.245401 0.319379
vt 0.242347 0.319075
vt 0.239312 0.318618
vt 0.236302 0.318009
vt 0.233325 0.317250
vt 0.230389 0.316342
vt 0.227500 0.315288
vt 0.224665 0.314091
vt 0.221891 0.312752
vt 0.219185 0.311276
vt 0.216553 0.309666
vt 0.214001 0.307926
vt 0.211536 0.306060
vt 0.209164 0.304072
vt 0.206891 0.301967
vt 0.204721 0.299751
vt 0.202660 0.297428
vt 0.200714 0.295005
vt 0.198886 0.292487
vt 0.197181 0.289880
vt 0.195603 0.287191
vt 0.194157 0.284425
vt 0.192845 0.281591
vt 0.191670 0.278693
vt 0.190637 0.275740
vt 0.189746 0.272739
vt 0.189000 0.269696
vt 0.188402 0.266619
vt 0.187951 0.263516
vt 0.187651 0.260394
vt 0.187500 0.257261
vt 0.187500 0.254123
vt 0.187651 0.250989
vt 0.187951 0.247867
vt 0.188402 0.244762
vt 0.189000 0.241685
vt 0.189746 0.238640
vt 0.190637 0.235637
vt 0.191670 0.232682
vt 0.192845 0.229782
vt 0.194157 0.226944
vt 0.195603 0.224175
vt 0.197181 0.221482
vt 0.198886 0.218872
vt 0.200714 0.216350
vt 0.202660 0.213922
vt 0.204721 0.211595
vt 0.206891 0.209374
vt 0.209165 0.207265
vt 0.211537 0.205272
vt 0.214001 0.203400
vt 0.216553 0.201654
vt 0.219185 0.200038
vt 0.221891 0.198556
vt 0.224665 0.197212
vt 0.227500 0.196008
vt 0.230389 0.194948
vt 0.233326 0.194034
vt 0.236302 0.193268
vt 0.239312 0.192653
vt 0.242347 0.192189
vt 0.245401 0.191878
vt 0.248466 0.191721
vt 0.251151 0.207694
vt 0.254599 0.191868
vt 0.257653 0.192173
vt 0.260688 0.192630
vt 0.263698 0.193238
vt 0.266675 0.193998
vt 0.269611 0.194905
vt 0.272500 0.195959
vt 0.275335 0.197157
vt 0.278109 0.198495
vt 0.280816 0.199971
vt 0.283448 0.201581
vt 0.285999 0.203322
vt 0.288464 0.205188
vt 0.290836 0.207176
vt 0.293109 0.209280
vt 0.295279 0.211496
vt 0.297340 0.213819
vt 0.299287 0.216242
vt 0.301115 0.218760
vt 0.302819 0.221367
vt 0.304397 0.224057
vt 0.305843 0.226822
vt 0.307155 0.229657
vt 0.308330 0.232554
vt 0.309363 0.235507
vt 0.310254 0.238509
vt 0.311000 0.241551
vt 0.311598 0.244628
vt 0.312049 0.247731
vt 0.312349 0.250853
vt 0.312500 0.253987
vt 0.312500 0.257124
vt 0.312349 0.260258
vt 0.312049 0.263381
vt 0.311598 0.266485
vt 0.311000 0.269563
vt 0.310254 0.272607
vt 0.309363 0.275611
vt 0.308330 0.278566
vt 0.307155 0.281466
vt 0.305843 0.284304
vt 0.304397 0.287072
vt 0.302819 0.289765
vt 0.301114 0.292376
vt 0.299287 0.294898
vt 0.297340 0.297325
vt 0.295279 0.299652
vt 0.293109 0.301873
vt 0.290836 0.303983
vt 0.288464 0.305976
vt 0.285999 0.307847
vt 0.283447 0.309593
vt 0.280815 0.311209
vt 0.278109 0.312691
vt 0.275335 0.314036
vt 0.272500 0.315239
vt 0.269611 0.316299
vt 0.266675 0.317213
vt 0.263698 0.317979
vt 0.260688 0.318594
vt 0.257653 0.319058
vt 0.254599 0.319369
vt 0.251534 0.319526
vt 0.248466 0.319530
vt 0.244251 0.335318
vt 0.240434 0.334938
vt 0.236640 0.334366
vt 0.232878 0.333605
vt 0.229157 0.332656
vt 0.225486 0.331522
vt 0.221875 0.330205
vt 0.218331 0.328708
vt 0.214864 0.327035
vt 0.211481 0.325190
vt 0.208191 0.323177
vt 0.205001 0.321001
vt 0.201921 0.318669
vt 0.198956 0.316184
vt 0.196113 0.313553
vt 0.193401 0.310783
vt 0.190825 0.307880
vt 0.188392 0.304851
vt 0.186107 0.301703
vt 0.183976 0.298444
vt 0.182004 0.295083
vt 0.180196 0.291626
vt 0.178556 0.288082
vt 0.177088 0.284460
vt 0.175796 0.280769
vt 0.174682 0.277017
vt 0.173750 0.273214
vt 0.173002 0.269368
vt 0.172439 0.265489
vt 0.172063 0.261587
vt 0.171875 0.257670
vt 0.171875 0.253748
vt 0.172063 0.249831
vt 0.172439 0.245927
vt 0.173002 0.242047
vt 0.173750 0.238200
vt 0.174682 0.234394
vt 0.175796 0.230640
vt 0.177088 0.226946
vt 0.178556 0.223321
vt 0.180196 0.219774
vt 0.182004 0.216313
vt 0.183976 0.212947
vt 0.186107 0.209684
vt 0.188392 0.206531
vt 0.190825 0.203497
vt 0.193401 0.200588
vt 0.196114 0.197812
vt 0.198956 0.195175
vt 0.201921 0.192684
vt 0.205002 0.190344
vt 0.208191 0.188162
vt 0.211481 0.186142
vt 0.214864 0.184290
vt 0.218331 0.182609
vt 0.221875 0.181104
vt 0.225486 0.179779
vt 0.229157 0.178637
vt 0.232878 0.177680
vt 0.236640 0.176910
vt 0.240434 0.176331
vt 0.244251 0.175942
vt 0.248082 0.175746
vt 0.251534 0.191718
vt 0.255749 0.175930
vt 0.259566 0.176310
vt 0.263361 0.176881
vt 0.267123 0.177642
vt 0.270843 0.178591
vt 0.274514 0.179726
vt 0.278125 0.181043
vt 0.281669 0.182540
vt 0.285137 0.184213
vt 0.288519 0.186058
vt 0.291809 0.188071
vt 0.294999 0.190246
vt 0.298080 0.192579
vt 0.301045 0.195064
vt 0.303887 0.197694
vt 0.306599 0.200465
vt 0.309175 0.203368
vt 0.311608 0.206397
vt 0.313893 0.209544
vt 0.316024 0.212803
vt 0.317996 0.216165
vt 0.319804 0.219622
vt 0.321444 0.223165
vt 0.322912 0.226787
vt 0.324204 0.230478
vt 0.325318 0.234230
vt 0.326250 0.238033
vt 0.326998 0.241879
vt 0.327561 0.245758
vt 0.327937 0.249661
vt 0.328125 0.253578
vt 0.328125 0.257499
vt 0.327937 0.261417
vt 0.327561 0.265320
vt 0.326998 0.269200
vt 0.326250 0.273048
vt 0.325318 0.276853
vt 0.324204 0.280607
vt 0.322912 0.284301
vt 0.321444 0.287926
vt 0.319804 0.291474
vt 0.317996 0.294934
vt 0.316024 0.298300
vt 0.313893 0.301564
vt 0.311608 0.304716
vt 0.309175 0.307751
vt 0.306599 0.310659
vt 0.303887 0.313435
vt 0.301045 0.316072
vt 0.298079 0.318564
vt 0.294999 0.320903
vt 0.291809 0.323086
vt 0.288519 0.325105
vt 0.285136 0.326958
vt 0.281669 0.328639
vt 0.278125 0.330143
vt 0.274514 0.331468
vt 0.270843 0.332611
vt 0.267122 0.333568
vt 0.263360 0.334337
vt 0.259566 0.334917
vt 0.255749 0.335305
vt 0.251918 0.335502
vt 0.248082 0.335506
vt 0.243101 0.351257
vt 0.238521 0.350800
vt 0.233967 0.350115
vt 0.229453 0.349202
vt 0.224988 0.348063
vt 0.220583 0.346702
vt 0.216250 0.345121
vt 0.211997 0.343324
vt 0.207836 0.341317
vt 0.203777 0.339103
vt 0.199829 0.336687
vt 0.196002 0.334077
vt 0.192305 0.331277
vt 0.188747 0.328296
vt 0.185336 0.325139
vt 0.182081 0.321815
vt 0.178990 0.318331
vt 0.176070 0.314696
vt 0.173328 0.310919
vt 0.170771 0.307009
vt 0.168405 0.302974
vt 0.166235 0.298826
vt 0.164267 0.294574
vt 0.162506 0.290228
vt 0.160955 0.285798
vt 0.159619 0.281296
vt 0.158500 0.276732
vt 0.157602 0.272117
vt 0.156927 0.267463
vt 0.156476 0.262780
vt 0.156250 0.258079
vt 0.156250 0.253373
vt 0.156476 0.248672
vt 0.156927 0.243988
vt 0.157602 0.239332
vt 0.158500 0.234715
vt 0.159619 0.230149
vt 0.160955 0.225643
vt 0.162506 0.221211
vt 0.164267 0.216861
vt 0.166235 0.212604
vt 0.168405 0.208451
vt 0.170771 0.204412
vt 0.173328 0.200496
vt 0.176070 0.196713
vt 0.178990 0.193072
vt 0.182082 0.189581
vt 0.185336 0.186250
vt 0.188747 0.183085
vt 0.192305 0.180096
vt 0.196002 0.177288
vt 0.199829 0.174669
vt 0.203777 0.172246
vt 0.207836 0.170023
vt 0.211997 0.168006
vt 0.216250 0.166200
vt 0.220584 0.164610
vt 0.224988 0.163239
vt 0.229453 0.162091
vt 0.233968 0.161168
vt 0.238521 0.160472
vt 0.243101 0.160006
vt 0.247699 0.159770
vt 0.251918 0.175741
vt 0.256899 0.159991
vt 0.261480 0.160447
vt 0.266033 0.161133
vt 0.270547 0.162046
vt 0.275012 0.163185
vt 0.279417 0.164546
vt 0.283750 0.166127
vt 0.288003 0.167923
vt 0.292164 0.169931
vt 0.296223 0.172145
vt 0.300171 0.174560
vt 0.303998 0.177171
vt 0.307695 0.179970
vt 0.311254 0.182952
vt 0.314664 0.186109
vt 0.317919 0.189433
vt 0.321010 0.192917
vt 0.323930 0.196551
vt 0.326672 0.200329
vt 0.329229 0.204239
vt 0.331595 0.208273
vt 0.333765 0.212421
vt 0.335733 0.216674
vt 0.337495 0.221020
vt 0.339045 0.225449
vt 0.340381 0.229951
vt 0.341500 0.234515
vt 0.342398 0.239130
vt 0.343073 0.243785
vt 0.343524 0.248468
vt 0.343750 0.253168
vt 0.343750 0.257875
vt 0.343524 0.262575
vt 0.343073 0.267260
vt 0.342398 0.271916
vt 0.341500 0.276533
vt 0.340381 0.281099
vt 0.339045 0.285604
vt 0.337494 0.290037
vt 0.335733 0.294387
vt 0.333765 0.298643
vt 0.331595 0.302796
vt 0.329229 0.306836
vt 0.326672 0.310752
vt 0.323930 0.314535
vt 0.321010 0.318176
vt 0.317919 0.321666
vt 0.314664 0.324998
vt 0.311253 0.328162
vt 0.307695 0.331152
vt 0.303998 0.333959
vt 0.300171 0.336578
vt 0.296223 0.339002
vt 0.292164 0.341225
vt 0.288003 0.343242
vt 0.283750 0.345047
vt 0.279417 0.346637
vt 0.275012 0.348008
vt 0.270547 0.349157
vt 0.266033 0.350080
vt 0.261479 0.350775
vt 0.256899 0.351242
vt 0.252301 0.351478
vt 0.247699 0.351483
vt 0.241951 0.367196
vt 0.236607 0.366663
vt 0.231295 0.365863
vt 0.226029 0.364798
vt 0.220820 0.363469
vt 0.215681 0.361881
vt 0.210625 0.360037
vt 0.205663 0.357941
vt 0.200809 0.355599
vt 0.196073 0.353016
vt 0.191467 0.350198
vt 0.187002 0.347153
vt 0.182689 0.343886
vt 0.178538 0.340408
vt 0.174559 0.336725
vt 0.170762 0.332846
vt 0.167155 0.328782
vt 0.163749 0.324541
vt 0.160550 0.320135
vt 0.157566 0.315573
vt 0.154806 0.310866
vt 0.152274 0.306027
vt 0.149978 0.301066
vt 0.147923 0.295995
vt 0.146114 0.290827
vt 0.144555 0.285575
vt 0.143250 0.280250
vt 0.142203 0.274866
vt 0.141415 0.269436
vt 0.140889 0.263972
vt 0.140625 0.258488
vt 0.140625 0.252998
vt 0.140889 0.247513
vt 0.141415 0.242049
vt 0.142203 0.236616
vt 0.143251 0.231230
vt 0.144555 0.225903
vt 0.146114 0.220647
vt 0.147923 0.215475
vt 0.149978 0.210400
vt 0.152274 0.205434
vt 0.154806 0.200589
vt 0.157566 0.195876
vt 0.160550 0.191308
vt 0.163749 0.186894
vt 0.167155 0.182646
vt 0.170762 0.178574
vt 0.174559 0.174687
vt 0.178538 0.170996
vt 0.182689 0.167508
vt 0.187002 0.164232
vt 0.191467 0.161177
vt 0.196073 0.158349
vt 0.200809 0.155756
vt 0.205664 0.153403
vt 0.210625 0.151296
vt 0.215681 0.149441
vt 0.220820 0.147842
vt 0.226029 0.146502
vt 0.231296 0.145425
vt 0.236607 0.144614
vt 0.241952 0.144069
vt 0.247315 0.143794
vt 0.252302 0.159765
vt 0.258049 0.144052
vt 0.263393 0.144584
vt 0.268705 0.145384
vt 0.273972 0.146450
vt 0.279181 0.147778
vt 0.284319 0.149366
vt 0.289376 0.151210
vt 0.294337 0.153306
vt 0.299191 0.155649
vt 0.303927 0.158232
vt 0.308533 0.161049
vt 0.312998 0.164095
vt 0.317311 0.167361
vt 0.321462 0.170840
vt 0.325441 0.174523
vt 0.329239 0.178401
vt 0.332845 0.182465
vt 0.336251 0.186706
vt 0.339450 0.191113
vt 0.342434 0.195675
vt 0.345195 0.200381
vt 0.347726 0.205221
vt 0.350022 0.210182
vt 0.352077 0.215252
vt 0.353886 0.220420
vt 0.355445 0.225673
vt 0.356750 0.230997
vt 0.357797 0.236381
vt 0.358585 0.241812
vt 0.359112 0.247275
vt 0.359375 0.252759
vt 0.359375 0.258250
vt 0.359112 0.263734
vt 0.358585 0.269199
vt 0.357797 0.274631
vt 0.356750 0.280017
vt 0.355445 0.285345
vt 0.353886 0.290601
vt 0.352077 0.295772
vt 0.350022 0.300847
vt 0.347726 0.305813
vt 0.345194 0.310659
vt 0.342434 0.315371
vt 0.339450 0.319940
vt 0.336251 0.324353
vt 0.332845 0.328601
vt 0.329238 0.332674
vt 0.325441 0.336560
vt 0.321462 0.340252
vt 0.317311 0.343740
vt 0.312998 0.347015
vt 0.308533 0.350070
vt 0.303927 0.352898
vt 0.299191 0.355492
vt 0.294337 0.357844
vt 0.289375 0.359951
vt 0.284319 0.361806
vt 0.279180 0.363406
vt 0.273971 0.364746
vt 0.268705 0.365823
vt 0.263393 0.366634
vt 0.258049 0.367178
vt 0.252685 0.367453
vt 0.247315 0.367459
vt 0.240802 0.383134
vt 0.234694 0.382526
vt 0.228623 0.381612
vt 0.222604 0.380394
vt 0.216651 0.378876
vt 0.210778 0.377061
vt 0.205000 0.374953
vt 0.199330 0.372558
vt 0.193782 0.369881
vt 0.188369 0.366929
vt 0.183105 0.363709
vt 0.178002 0.360228
vt 0.173073 0.356495
vt 0.168329 0.352520
vt 0.163781 0.348311
vt 0.159442 0.343878
vt 0.155320 0.339233
vt 0.151427 0.334387
vt 0.147771 0.329351
vt 0.144362 0.324137
vt 0.141206 0.318758
vt 0.138313 0.313227
vt 0.135689 0.307557
vt 0.133341 0.301763
vt 0.131273 0.295857
vt 0.129492 0.289854
vt 0.128001 0.283768
vt 0.126803 0.277615
vt 0.125903 0.271409
vt 0.125301 0.265165
vt 0.125000 0.258898
vt 0.125000 0.252623
vt 0.125301 0.246355
vt 0.125903 0.240109
vt 0.126803 0.233901
vt 0.128001 0.227745
vt 0.129492 0.221657
vt 0.131273 0.215650
vt 0.133341 0.209739
vt 0.135689 0.203940
vt 0.138313 0.198264
vt 0.141206 0.192727
vt 0.144362 0.187341
vt 0.147771 0.182120
vt 0.151427 0.177076
vt 0.155321 0.172221
vt 0.159442 0.167567
vt 0.163782 0.163125
vt 0.168329 0.158906
vt 0.173073 0.154920
vt 0.178002 0.151176
vt 0.183105 0.147685
vt 0.188369 0.144453
vt 0.193782 0.141489
vt 0.199330 0.138800
vt 0.205000 0.136392
vt 0.210778 0.134272
vt 0.216651 0.132444
vt 0.222604 0.130913
vt 0.228623 0.129682
vt 0.234694 0.128755
vt 0.240802 0.128133
vt 0.246932 0.127819
vt 0.252685 0.143788
vt 0.259198 0.128113
vt 0.265306 0.128721
vt 0.271377 0.129636
vt 0.277396 0.130853
vt 0.283349 0.132371
vt 0.289222 0.134187
vt 0.295001 0.136294
vt 0.300671 0.138689
vt 0.306219 0.141366
vt 0.311631 0.144318
vt 0.316895 0.147539
vt 0.321998 0.151019
vt 0.326927 0.154752
vt 0.331671 0.158728
vt 0.336219 0.162937
vt 0.340558 0.167369
vt 0.344680 0.172014
vt 0.348573 0.176861
vt 0.352229 0.181897
vt 0.355639 0.187111
vt 0.358794 0.192489
vt 0.361687 0.198020
vt 0.364311 0.203690
vt 0.366659 0.209485
vt 0.368727 0.215391
vt 0.370508 0.221394
vt 0.372000 0.227479
vt 0.373197 0.233632
vt 0.374097 0.239839
vt 0.374699 0.246083
vt 0.375000 0.252350
vt 0.375000 0.258625
vt 0.374699 0.264893
vt 0.374097 0.271138
vt 0.373197 0.277346
vt 0.372000 0.283502
vt 0.370508 0.289591
vt 0.368727 0.295597
vt 0.366659 0.301508
vt 0.364311 0.307308
vt 0.361687 0.312983
vt 0.358794 0.318521
vt 0.355639 0.323906
vt 0.352229 0.329128
vt 0.348573 0.334172
vt 0.344680 0.339027
vt 0.340558 0.343681
vt 0.336219 0.348123
vt 0.331671 0.352342
vt 0.326927 0.356328
vt 0.321998 0.360071
vt 0.316895 0.363563
vt 0.311631 0.366795
vt 0.306218 0.369758
vt 0.300670 0.372447
vt 0.295000 0.374855
vt 0.289222 0.376975
vt 0.283349 0.378803
vt 0.277396 0.380334
vt 0.271377 0.381565
vt 0.265306 0.382493
vt 0.259198 0.383114
vt 0.253069 0.383429
vt 0.246931 0.383436
vt 0.239652 0.399073
vt 0.232781 0.398389
vt 0.225951 0.397360
vt 0.219180 0.395991
vt 0.212482 0.394283
vt 0.205875 0.392240
vt 0.199374 0.389869
vt 0.192996 0.387175
vt 0.186754 0.384163
vt 0.180665 0.380842
vt 0.174743 0.377219
vt 0.169003 0.373304
vt 0.163457 0.369104
vt 0.158120 0.364632
vt 0.153004 0.359896
vt 0.148122 0.354910
vt 0.143485 0.349684
vt 0.139105 0.344232
vt 0.134993 0.338566
vt 0.131157 0.332701
vt 0.127607 0.326650
vt 0.124353 0.320427
vt 0.121401 0.314049
vt 0.118758 0.307530
vt 0.116432 0.300886
vt 0.114428 0.294132
vt 0.112751 0.287286
vt 0.111404 0.280364
vt 0.110391 0.273382
vt 0.109714 0.266357
vt 0.109375 0.259307
vt 0.109375 0.252247
vt 0.109714 0.245196
vt 0.110391 0.238170
vt 0.111404 0.231186
vt 0.112751 0.224261
vt 0.114428 0.217411
vt 0.116432 0.210653
vt 0.118758 0.204004
vt 0.121401 0.197479
vt 0.124353 0.191094
vt 0.127607 0.184865
vt 0.131157 0.178806
vt 0.134993 0.172932
vt 0.139106 0.167257
vt 0.143486 0.161795
vt 0.148122 0.156560
vt 0.153004 0.151563
vt 0.158120 0.146816
vt 0.163457 0.142332
vt 0.169003 0.138121
vt 0.174743 0.134192
vt 0.180665 0.130557
vt 0.186755 0.127222
vt 0.192996 0.124197
vt 0.199375 0.121489
vt 0.205875 0.119103
vt 0.212482 0.117047
vt 0.219180 0.115324
vt 0.225951 0.113940
vt 0.232781 0.112896
vt 0.239652 0.112197
vt 0.246548 0.111843
vt 0.253069 0.127812
vt 0.260348 0.112174
vt 0.267219 0.112859
vt 0.274049 0.113887
vt 0.280821 0.115257
vt 0.287518 0.116965
vt 0.294125 0.119007
vt 0.300626 0.121378
vt 0.307004 0.124073
vt 0.313246 0.127084
vt 0.319335 0.130405
vt 0.325257 0.134028
vt 0.330998 0.137944
vt 0.336543 0.142143
vt 0.341880 0.146616
vt 0.346996 0.151351
vt 0.351878 0.156337
vt 0.356515 0.161563
vt 0.360895 0.167015
vt 0.365008 0.172681
vt 0.368843 0.178547
vt 0.372393 0.184598
vt 0.375648 0.190820
vt 0.378600 0.197198
vt 0.381242 0.203718
vt 0.383568 0.210362
vt 0.385572 0.217115
vt 0.387250 0.223961
vt 0.388596 0.230883
vt 0.389610 0.237865
vt 0.390286 0.244890
vt 0.390625 0.251941
vt 0.390625 0.259000
vt 0.390286 0.266051
vt 0.389610 0.273077
vt 0.388596 0.280062
vt 0.387249 0.286987
vt 0.385572 0.293837
vt 0.383568 0.300594
vt 0.381242 0.307243
vt 0.378599 0.313768
vt 0.375648 0.320153
vt 0.372393 0.326383
vt 0.368843 0.332442
vt 0.365008 0.338316
vt 0.360895 0.343990
vt 0.356515 0.349452
vt 0.351878 0.354688
vt 0.346996 0.359685
vt 0.341880 0.364431
vt 0.336543 0.368916
vt 0.330997 0.373127
vt 0.325257 0.377055
vt 0.319335 0.380691
vt 0.313246 0.384025
vt 0.307004 0.387050
vt 0.300625 0.389759
vt 0.294125 0.392144
vt 0.287518 0.394201
vt 0.280820 0.395923
vt 0.274049 0.397308
vt 0.267219 0.398351
vt 0.260348 0.399051
vt 0.253452 0.399405
vt 0.246548 0.399412
vt 0.238502 0.415012
vt 0.230868 0.414252
vt 0.223279 0.413109
vt 0.215755 0.411587
vt 0.208314 0.409689
vt 0.200972 0.407420
vt 0.193749 0.404786
vt 0.186662 0.401792
vt 0.179727 0.398445
vt 0.172961 0.394755
vt 0.166381 0.390730
vt 0.160003 0.386379
vt 0.153841 0.381713
vt 0.147911 0.376744
vt 0.142227 0.371482
vt 0.136802 0.365942
vt 0.131650 0.360136
vt 0.126784 0.354078
vt 0.122214 0.347782
vt 0.117952 0.341265
vt 0.114008 0.334542
vt 0.110392 0.327628
vt 0.107112 0.320541
vt 0.104176 0.313297
vt 0.101592 0.305915
vt 0.099365 0.298411
vt 0.097501 0.290804
vt 0.096004 0.283113
vt 0.094878 0.275355
vt 0.094126 0.267550
vt 0.093750 0.259716
vt 0.093750 0.251872
vt 0.094127 0.244038
vt 0.094878 0.236231
vt 0.096004 0.228471
vt 0.097501 0.220776
vt 0.099365 0.213165
vt 0.101592 0.205657
vt 0.104176 0.198268
vt 0.107112 0.191019
vt 0.110392 0.183924
vt 0.114008 0.177003
vt 0.117952 0.170270
vt 0.122214 0.163744
vt 0.126784 0.157439
vt 0.131651 0.151370
vt 0.136802 0.145553
vt 0.142227 0.140000
vt 0.147911 0.134726
vt 0.153841 0.129744
vt 0.160003 0.125065
vt 0.166382 0.120700
vt 0.172962 0.116660
vt 0.179727 0.112955
vt 0.186662 0.109594
vt 0.193750 0.106585
vt 0.200973 0.103934
vt 0.208314 0.101649
vt 0.215755 0.099735
vt 0.223279 0.098197
vt 0.230868 0.097038
vt 0.238502 0.096261
vt 0.246164 0.095867
vt 0.253452 0.111835
vt 0.261498 0.096235
vt 0.269133 0.096996
vt 0.276721 0.098139
vt 0.284245 0.099661
vt 0.291687 0.101558
vt 0.299028 0.103827
vt 0.306251 0.106462
vt 0.313338 0.109456
vt 0.320273 0.112802
vt 0.327039 0.116492
vt 0.333619 0.120518
vt 0.339997 0.124868
vt 0.346159 0.129534
vt 0.352089 0.134504
vt 0.357773 0.139765
vt 0.363198 0.145306
vt 0.368350 0.151112
vt 0.373216 0.157170
vt 0.377786 0.163465
vt 0.382048 0.169982
vt 0.385992 0.176706
vt 0.389608 0.183620
vt 0.392888 0.190707
vt 0.395824 0.197950
vt 0.398409 0.205333
vt 0.400635 0.212836
vt 0.402499 0.220443
vt 0.403996 0.228135
vt 0.405122 0.235892
vt 0.405874 0.243697
vt 0.406250 0.251531
vt 0.406250 0.259375
vt 0.405874 0.267210
vt 0.405122 0.275017
vt 0.403996 0.282777
vt 0.402499 0.290472
vt 0.400635 0.298082
vt 0.398409 0.305591
vt 0.395824 0.312979
vt 0.392888 0.320229
vt 0.389608 0.327323
vt 0.385992 0.334245
vt 0.382048 0.340977
vt 0.377786 0.347504
vt 0.373216 0.353809
vt 0.368350 0.359877
vt 0.363198 0.365695
vt 0.357773 0.371247
vt 0.352089 0.376521
vt 0.346159 0.381503
vt 0.339997 0.386183
vt 0.333619 0.390548
vt 0.327039 0.394587
vt 0.320273 0.398292
vt 0.313338 0.401653
vt 0.306251 0.404663
vt 0.299028 0.407313
vt 0.291686 0.409598
vt 0.284245 0.411512
vt 0.276721 0.413051
vt 0.269132 0.414210
vt 0.261498 0.414987
vt 0.253836 0.415380
vt 0.246164 0.415389
vt 0.237352 0.430951
vt 0.228954 0.430114
vt 0.220607 0.428857
vt 0.212331 0.427183
vt 0.204145 0.425096
vt 0.196070 0.422600
vt 0.188124 0.419702
vt 0.180328 0.416408
vt 0.172700 0.412728
vt 0.165258 0.408668
vt 0.158020 0.404241
vt 0.151003 0.399455
vt 0.144225 0.394322
vt 0.137702 0.388856
vt 0.131450 0.383068
vt 0.125483 0.376974
vt 0.119816 0.370587
vt 0.114462 0.363923
vt 0.109435 0.356998
vt 0.104747 0.349829
vt 0.100409 0.342433
vt 0.096431 0.334828
vt 0.092823 0.327032
vt 0.089594 0.319065
vt 0.086751 0.310944
vt 0.084301 0.302690
vt 0.082251 0.294322
vt 0.080604 0.285862
vt 0.079366 0.277328
vt 0.078539 0.268743
vt 0.078125 0.260125
vt 0.078125 0.251497
vt 0.078539 0.242879
vt 0.079366 0.234291
vt 0.080605 0.225755
vt 0.082251 0.217291
vt 0.084301 0.208919
vt 0.086751 0.200660
vt 0.089594 0.192533
vt 0.092823 0.184558
vt 0.096431 0.176754
vt 0.100409 0.169141
vt 0.104747 0.161735
vt 0.109435 0.154556
vt 0.114462 0.147620
vt 0.119816 0.140945
vt 0.125483 0.134545
vt 0.131450 0.128438
vt 0.137702 0.122637
vt 0.144225 0.117156
vt 0.151003 0.112009
vt 0.158020 0.107208
vt 0.165258 0.102764
vt 0.172700 0.098688
vt 0.180328 0.094991
vt 0.188125 0.091681
vt 0.196070 0.088765
vt 0.204145 0.086252
vt 0.212331 0.084147
vt 0.220607 0.082454
vt 0.228955 0.081179
vt 0.237352 0.080324
vt 0.245781 0.079892
vt 0.253836 0.095859
vt 0.262648 0.080297
vt 0.271046 0.081133
vt 0.279393 0.082390
vt 0.287670 0.084064
vt 0.295855 0.086152
vt 0.303930 0.088648
vt 0.311876 0.091546
vt 0.319672 0.094839
vt 0.327300 0.098520
vt 0.334743 0.102579
vt 0.341981 0.107007
vt 0.348997 0.111793
vt 0.355775 0.116925
vt 0.362298 0.122392
vt 0.368551 0.128179
vt 0.374518 0.134274
vt 0.380185 0.140661
vt 0.385538 0.147325
vt 0.390565 0.154249
vt 0.395253 0.161418
vt 0.399591 0.168814
vt 0.403569 0.176419
vt 0.407177 0.184215
vt 0.410407 0.192183
vt 0.413249 0.200304
vt 0.415699 0.208558
vt 0.417749 0.216925
vt 0.419396 0.225386
vt 0.420634 0.233919
vt 0.421461 0.242505
vt 0.421875 0.251122
vt 0.421875 0.259750
vt 0.421461 0.268369
vt 0.420634 0.276956
vt 0.419396 0.285492
vt 0.417749 0.293956
vt 0.415699 0.302328
vt 0.413249 0.310588
vt 0.410406 0.318715
vt 0.407177 0.326689
vt 0.403569 0.334493
vt 0.399591 0.342107
vt 0.395253 0.349512
vt 0.390565 0.356692
vt 0.385538 0.363627
vt 0.380184 0.370303
vt 0.374517 0.376702
vt 0.368550 0.382810
vt 0.362298 0.388611
vt 0.355775 0.394091
vt 0.348997 0.399239
vt 0.341980 0.404040
vt 0.334742 0.408484
vt 0.327300 0.412559
vt 0.319672 0.416256
vt 0.311876 0.419567
vt 0.303930 0.422482
vt 0.295855 0.424996
vt 0.287669 0.427101
vt 0.279393 0.428793
vt 0.271046 0.430068
vt 0.262648 0.430923
vt 0.254219 0.431356
vt 0.245781 0.431365
vt 0.236202 0.446890
vt 0.227041 0.445977
vt 0.217935 0.444606
vt 0.208906 0.442779
vt 0.199976 0.440502
vt 0.191167 0.437779
vt 0.182499 0.434618
vt 0.173994 0.431025
vt 0.165672 0.427010
vt 0.157554 0.422582
vt 0.149658 0.417751
vt 0.142003 0.412530
vt 0.134609 0.406931
vt 0.127493 0.400968
vt 0.120672 0.394654
vt 0.114163 0.388005
vt 0.107981 0.381038
vt 0.102141 0.373768
vt 0.096657 0.366214
vt 0.091542 0.358393
vt 0.086810 0.350325
vt 0.082470 0.342029
vt 0.078534 0.333524
vt 0.075011 0.324832
vt 0.071910 0.315973
vt 0.069238 0.306969
vt 0.067001 0.297841
vt 0.065205 0.288611
vt 0.063854 0.279302
vt 0.062952 0.269935
vt 0.062500 0.260535
vt 0.062500 0.251122
vt 0.062952 0.241720
vt 0.063854 0.232352
vt 0.065205 0.223040
vt 0.067001 0.213806
vt 0.069238 0.204673
vt 0.071910 0.195663
vt 0.075011 0.186797
vt 0.078534 0.178097
vt 0.082470 0.169584
vt 0.086810 0.161278
vt 0.091542 0.153200
vt 0.096657 0.145368
vt 0.102141 0.137802
vt 0.107981 0.130519
vt 0.114163 0.123538
vt 0.120672 0.116876
vt 0.127493 0.110547
vt 0.134610 0.104568
vt 0.142004 0.098953
vt 0.149658 0.093715
vt 0.157554 0.088868
vt 0.165673 0.084422
vt 0.173995 0.080388
vt 0.182500 0.076777
vt 0.191167 0.073596
vt 0.199977 0.070854
vt 0.208906 0.068558
vt 0.217935 0.066712
vt 0.227041 0.065320
vt 0.236203 0.064388
vt 0.245397 0.063916
vt 0.254219 0.079882
vt 0.263798 0.064358
vt 0.272959 0.065270
vt 0.282065 0.066642
vt 0.291094 0.068468
vt 0.300024 0.070745
vt 0.308833 0.073468
vt 0.317501 0.076630
vt 0.326006 0.080222
vt 0.334328 0.084238
vt 0.342446 0.088666
vt 0.350342 0.093496
vt 0.357997 0.098717
vt 0.365391 0.104316
vt 0.372507 0.110280
vt 0.379328 0.116593
vt 0.385837 0.123242
vt 0.392020 0.130210
vt 0.397860 0.137479
vt 0.403343 0.145033
vt 0.408458 0.152854
vt 0.413191 0.160922
vt 0.417530 0.169219
vt 0.421466 0.177723
vt 0.424989 0.186416
vt 0.428090 0.195275
vt 0.430763 0.204279
vt 0.432999 0.213407
vt 0.434795 0.222637
vt 0.436146 0.231946
vt 0.437048 0.241312
vt 0.437500 0.250713
vt 0.437500 0.260125
vt 0.437048 0.269527
vt 0.436146 0.278895
vt 0.434795 0.288208
vt 0.432999 0.297441
vt 0.430762 0.306574
vt 0.428090 0.315584
vt 0.424989 0.324450
vt 0.421466 0.333150
vt 0.417530 0.341663
vt 0.413190 0.349969
vt 0.408458 0.358048
vt 0.403343 0.365879
vt 0.397859 0.373446
vt 0.392019 0.380728
vt 0.385837 0.387709
vt 0.379328 0.394372
vt 0.372507 0.400700
vt 0.365391 0.406679
vt 0.357997 0.412295
vt 0.350342 0.417532
vt 0.342446 0.422380
vt 0.334327 0.426826
vt 0.326006 0.430859
vt 0.317501 0.434471
vt 0.308833 0.437651
vt 0.300024 0.440393
vt 0.291094 0.442690
vt 0.282065 0.444536
vt 0.272959 0.445927
vt 0.263797 0.446860
vt 0.254603 0.447331
vt 0.245397 0.447342
vt 0.235053 0.462829
vt 0.225128 0.461840
vt 0.215263 0.460354
vt 0.205482 0.458376
vt 0.195808 0.455909
vt 0.186264 0.452959
vt 0.176874 0.449534
vt 0.167661 0.445642
vt 0.158645 0.441292
vt 0.149850 0.436495
vt 0.141296 0.431262
vt 0.133004 0.425606
vt 0.124993 0.419540
vt 0.117284 0.413080
vt 0.109895 0.406240
vt 0.102843 0.399037
vt 0.096146 0.391489
vt 0.089819 0.383614
vt 0.083878 0.375430
vt 0.078337 0.366957
vt 0.073210 0.358217
vt 0.068509 0.349229
vt 0.064245 0.340016
vt 0.060429 0.330599
vt 0.057069 0.321002
vt 0.054174 0.311247
vt 0.051751 0.301359
vt 0.049805 0.291360
vt 0.048342 0.281275
vt 0.047364 0.271128
vt 0.046875 0.260944
vt 0.046875 0.250747
vt 0.047364 0.240562
vt 0.048342 0.230413
vt 0.049805 0.220325
vt 0.051751 0.210321
vt 0.054174 0.200427
vt 0.057069 0.190666
vt 0.060429 0.181062
vt 0.064245 0.171637
vt 0.068509 0.162414
vt 0.073210 0.153416
vt 0.078338 0.144665
vt 0.083878 0.136180
vt 0.089819 0.127983
vt 0.096146 0.120094
vt 0.102843 0.112531
vt 0.109895 0.105313
vt 0.117284 0.098457
vt 0.124994 0.091980
vt 0.133004 0.085897
vt 0.141296 0.080223
vt 0.149850 0.074971
vt 0.158645 0.070155
vt 0.167661 0.065785
vt 0.176875 0.061873
vt 0.186264 0.058427
vt 0.195808 0.055457
vt 0.205482 0.052969
vt 0.215263 0.050969
vt 0.225128 0.049462
vt 0.235053 0.048452
vt 0.245014 0.047940
vt 0.254603 0.063906
vt 0.264948 0.048419
vt 0.274872 0.049408
vt 0.284737 0.050893
vt 0.294519 0.052872
vt 0.304193 0.055339
vt 0.313736 0.058288
vt 0.323126 0.061713
vt 0.332340 0.065606
vt 0.341355 0.069955
vt 0.350150 0.074753
vt 0.358704 0.079986
vt 0.366996 0.085642
vt 0.375007 0.091707
vt 0.382716 0.098168
vt 0.390105 0.105008
vt 0.397157 0.112210
vt 0.403855 0.119758
vt 0.410181 0.127634
vt 0.416122 0.135818
vt 0.421663 0.144290
vt 0.426790 0.153031
vt 0.431491 0.162018
vt 0.435755 0.171232
vt 0.439571 0.180648
vt 0.442931 0.190245
vt 0.445826 0.200000
vt 0.448249 0.209889
vt 0.450195 0.219888
vt 0.451658 0.229973
vt 0.452636 0.240120
vt 0.453125 0.250304
vt 0.453125 0.260501
vt 0.452636 0.270686
vt 0.451658 0.280835
vt 0.450195 0.290923
vt 0.448249 0.300926
vt 0.445826 0.310820
vt 0.442931 0.320581
vt 0.439571 0.330186
vt 0.435755 0.339611
vt 0.431491 0.348833
vt 0.426790 0.357831
vt 0.421663 0.366583
vt 0.416122 0.375067
vt 0.410181 0.383264
vt 0.403854 0.391153
vt 0.397157 0.398716
vt 0.390105 0.405934
vt 0.382716 0.412790
vt 0.375007 0.419267
vt 0.366996 0.425350
vt 0.358704 0.431025
vt 0.350150 0.436276
vt 0.341355 0.441093
vt 0.332339 0.445462
vt 0.323126 0.449374
vt 0.313736 0.452820
vt 0.304192 0.455790
vt 0.294518 0.458279
vt 0.284737 0.460279
vt 0.274872 0.461786
vt 0.264947 0.462796
vt 0.254986 0.463307
vt 0.245013 0.463318
vt 0.233903 0.478767
vt 0.223215 0.477703
vt 0.212591 0.476103
vt 0.202057 0.473972
vt 0.191639 0.471315
vt 0.181361 0.468139
vt 0.171249 0.464450
vt 0.161327 0.460259
vt 0.151618 0.455574
vt 0.142146 0.450408
vt 0.132934 0.444772
vt 0.124004 0.438681
vt 0.115377 0.432149
vt 0.107075 0.425192
vt 0.099118 0.417826
vt 0.091523 0.410069
vt 0.084311 0.401940
vt 0.077497 0.393459
vt 0.071099 0.384646
vt 0.065133 0.375522
vt 0.059611 0.366109
vt 0.054548 0.356430
vt 0.049956 0.346508
vt 0.045846 0.336367
vt 0.042228 0.326031
vt 0.039111 0.315526
vt 0.036501 0.304877
vt 0.034406 0.294109
vt 0.032830 0.283248
vt 0.031777 0.272321
vt 0.031250 0.261353
vt 0.031250 0.250372
vt 0.031777 0.239403
vt 0.032830 0.228473
vt 0.034406 0.217609
vt 0.036501 0.206837
vt 0.039111 0.196182
vt 0.042228 0.185670
vt 0.045846 0.175326
vt 0.049957 0.165176
vt 0.054548 0.155244
vt 0.059611 0.145554
vt 0.065133 0.136129
vt 0.071100 0.126992
vt 0.077497 0.118165
vt 0.084311 0.109669
vt 0.091523 0.101524
vt 0.099118 0.093751
vt 0.107076 0.086368
vt 0.115378 0.079392
vt 0.124004 0.072841
vt 0.132934 0.066730
vt 0.142146 0.061075
vt 0.151618 0.055888
vt 0.161327 0.051182
vt 0.171249 0.046969
vt 0.181362 0.043259
vt 0.191639 0.040060
vt 0.202057 0.037380
vt 0.212591 0.035226
vt 0.223215 0.033603
vt 0.233903 0.032515
vt 0.244630 0.031965
vt 0.254987 0.047929
vt 0.266097 0.032480
vt 0.276786 0.033545
vt 0.287409 0.035145
vt 0.297943 0.037275
vt 0.308361 0.039932
vt 0.318639 0.043109
vt 0.328751 0.046797
vt 0.338673 0.050989
vt 0.348382 0.055673
vt 0.357854 0.060840
vt 0.367066 0.066475
vt 0.375996 0.072566
vt 0.384623 0.079098
vt 0.392925 0.086056
vt 0.400883 0.093422
vt 0.408477 0.101178
vt 0.415689 0.109307
vt 0.422503 0.117788
vt 0.428901 0.126602
vt 0.434868 0.135726
vt 0.440389 0.145139
vt 0.445452 0.154818
vt 0.450044 0.164740
vt 0.454154 0.174881
vt 0.457772 0.185216
vt 0.460890 0.195721
vt 0.463499 0.206371
vt 0.465595 0.217139
vt 0.467170 0.228000
vt 0.468223 0.238927
vt 0.468750 0.249894
vt 0.468750 0.260876
vt 0.468223 0.271844
vt 0.467170 0.282774
vt 0.465594 0.293638
vt 0.463499 0.304411
vt 0.460890 0.315066
vt 0.457772 0.325578
vt 0.454154 0.335921
vt 0.450044 0.346071
vt 0.445452 0.356003
vt 0.440389 0.365693
vt 0.434867 0.375118
vt 0.428901 0.384255
vt 0.422503 0.393083
vt 0.415689 0.401579
vt 0.408477 0.409723
vt 0.400882 0.417497
vt 0.392925 0.424880
vt 0.384622 0.431855
vt 0.375996 0.438406
vt 0.367066 0.444517
vt 0.357854 0.450173
vt 0.348382 0.455360
vt 0.338673 0.460065
vt 0.328751 0.464278
vt 0.318638 0.467989
vt 0.308361 0.471188
vt 0.297943 0.473867
vt 0.287409 0.476021
vt 0.276785 0.477644
vt 0.266097 0.478732
vt 0.255370 0.479283
vt 0.244630 0.479294
vt 0.232753 0.494706
vt 0.221301 0.493565
vt 0.209919 0.491851
vt 0.198633 0.489568
vt 0.187470 0.486722
vt 0.176459 0.483318
vt 0.165624 0.479366
vt 0.154993 0.474875
vt 0.144591 0.469856
vt 0.134442 0.464321
vt 0.124572 0.458283
vt 0.115004 0.451757
vt 0.105762 0.444758
vt 0.096866 0.437304
vt 0.088340 0.429412
vt 0.080203 0.421101
vt 0.072476 0.412392
vt 0.065176 0.403304
vt 0.058321 0.393862
vt 0.051928 0.384086
vt 0.046012 0.374000
vt 0.040588 0.363630
vt 0.035668 0.352999
vt 0.031264 0.342134
vt 0.027387 0.331060
vt 0.024047 0.319805
vt 0.021251 0.308395
vt 0.019006 0.296858
vt 0.017318 0.285221
vt 0.016190 0.273513
vt 0.015625 0.261762
vt 0.015625 0.249997
vt 0.016190 0.238244
vt 0.017318 0.226534
vt 0.019006 0.214894
vt 0.021251 0.203352
vt 0.024047 0.191936
vt 0.027387 0.180673
vt 0.031264 0.169591
vt 0.035668 0.158716
vt 0.040588 0.148074
vt 0.046012 0.137692
vt 0.051928 0.127594
vt 0.058321 0.117804
vt 0.065176 0.108346
vt 0.072476 0.099243
vt 0.080204 0.090517
vt 0.088340 0.082189
vt 0.096867 0.074278
vt 0.105762 0.066804
vt 0.115005 0.059785
vt 0.124572 0.053238
vt 0.134442 0.047179
vt 0.144591 0.041621
vt 0.154993 0.036579
vt 0.165624 0.032065
vt 0.176459 0.028090
vt 0.187471 0.024662
vt 0.198633 0.021791
vt 0.209919 0.019483
vt 0.221302 0.017745
vt 0.232753 0.016579
vt 0.244247 0.015989
vt 0.255370 0.031953
vt 0.267247 0.016541
vt 0.278699 0.017682
vt 0.290082 0.019396
vt 0.301368 0.021679
vt 0.312530 0.024526
vt 0.323542 0.027929
vt 0.334376 0.031881
vt 0.345007 0.036372
vt 0.355410 0.041391
vt 0.365558 0.046926
vt 0.375428 0.052964
vt 0.384996 0.059491
vt 0.394239 0.066489
vt 0.403134 0.073944
vt 0.411660 0.081836
vt 0.419797 0.090147
vt 0.427524 0.098856
vt 0.434825 0.107943
vt 0.441679 0.117386
vt 0.448072 0.127162
vt 0.453988 0.137247
vt 0.459413 0.147618
vt 0.464333 0.158248
vt 0.468736 0.169114
vt 0.472613 0.180187
vt 0.475953 0.191443
vt 0.478749 0.202853
vt 0.480994 0.214390
vt 0.482683 0.226026
vt 0.483810 0.237734
vt 0.484375 0.249485
vt 0.484375 0.261251
vt 0.483810 0.273003
vt 0.482682 0.284713
vt 0.480994 0.296354
vt 0.478749 0.307896
vt 0.475953 0.319312
vt 0.472613 0.330575
vt 0.468736 0.341657
vt 0.464332 0.352532
vt 0.459413 0.363173
vt 0.453988 0.373555
vt 0.448072 0.383654
vt 0.441679 0.393443
vt 0.434824 0.402901
vt 0.427524 0.412004
vt 0.419796 0.420730
vt 0.411660 0.429059
vt 0.403133 0.436970
vt 0.394238 0.444443
vt 0.384996 0.451462
vt 0.375428 0.458009
vt 0.365558 0.464069
vt 0.355409 0.469626
vt 0.345007 0.474668
vt 0.334376 0.479182
vt 0.323541 0.483158
vt 0.312530 0.486585
vt 0.301367 0.489456
vt 0.290081 0.491764
vt 0.278699 0.493503
vt 0.267247 0.494669
vt 0.255753 0.495258
vt 0.244246 0.495271
vt 0.231603 0.510645
vt 0.219388 0.509428
vt 0.207247 0.507600
vt 0.195208 0.505165
vt 0.183302 0.502128
vt 0.171556 0.498498
vt 0.159999 0.494283
vt 0.148659 0.489492
vt 0.137563 0.484138
vt 0.126738 0.478234
vt 0.116210 0.471794
vt 0.106005 0.464832
vt 0.096146 0.457367
vt 0.086658 0.449416
vt 0.077563 0.440998
vt 0.068884 0.432133
vt 0.060641 0.422843
vt 0.052854 0.413150
vt 0.045542 0.403077
vt 0.038723 0.392650
vt 0.032413 0.381892
vt 0.026627 0.370830
vt 0.021379 0.359491
vt 0.016682 0.347901
vt 0.012546 0.336089
vt 0.008983 0.324084
vt 0.006001 0.311913
vt 0.003606 0.299606
vt 0.001805 0.287194
vt 0.000602 0.274706
vt 0.000000 0.262172
vt 0.000000 0.249621
vt 0.000602 0.237086
vt 0.001805 0.224595
vt 0.003607 0.212179
vt 0.006001 0.199867
vt 0.008984 0.187690
vt 0.012547 0.175676
vt 0.016682 0.163855
vt 0.021379 0.152255
vt 0.026627 0.140904
vt 0.032413 0.129830
vt 0.038723 0.119059
vt 0.045542 0.108616
vt 0.052854 0.098528
vt 0.060641 0.088818
vt 0.068884 0.079510
vt 0.077563 0.070626
vt 0.086658 0.062188
vt 0.096146 0.054216
vt 0.106005 0.046729
vt 0.116211 0.039746
vt 0.126739 0.033282
vt 0.137564 0.027354
vt 0.148659 0.021976
vt 0.159999 0.017161
vt 0.171556 0.012921
vt 0.183302 0.009265
vt 0.195208 0.006202
vt 0.207247 0.003741
vt 0.219388 0.001886
vt 0.231604 0.000643
vt 0.243863 0.000013
vt 0.255754 0.015977
vt 0.268397 0.000602
vt 0.280612 0.001819
vt 0.292754 0.003647
vt 0.304792 0.006083
vt 0.316699 0.009119
vt 0.328444 0.012749
vt 0.340001 0.016965
vt 0.351341 0.021755
vt 0.362437 0.027109
vt 0.373262 0.033013
vt 0.383790 0.039454
vt 0.393996 0.046415
vt 0.403854 0.053880
vt 0.413343 0.061832
vt 0.422437 0.070250
vt 0.431117 0.079115
vt 0.439359 0.088405
vt 0.447146 0.098098
vt 0.454458 0.108170
vt 0.461277 0.118598
vt 0.467587 0.129355
vt 0.473374 0.140417
vt 0.478621 0.151757
vt 0.483319 0.163346
vt 0.487454 0.175158
vt 0.491017 0.187164
vt 0.493999 0.199335
vt 0.496394 0.211641
vt 0.498195 0.224053
vt 0.499398 0.236542
vt 0.500000 0.249076
vt 0.500000 0.261626
vt 0.499398 0.274162
vt 0.498195 0.286653
vt 0.496394 0.299069
vt 0.493999 0.311380
vt 0.491017 0.323558
vt 0.487454 0.335571
vt 0.483318 0.347392
vt 0.478621 0.358992
vt 0.473373 0.370343
vt 0.467587 0.381417
vt 0.461277 0.392189
vt 0.454458 0.402631
vt 0.447146 0.412720
vt 0.439359 0.422430
vt 0.431116 0.431738
vt 0.422437 0.440621
vt 0.413342 0.449059
vt 0.403854 0.457031
vt 0.393995 0.464518
vt 0.383790 0.471502
vt 0.373262 0.477965
vt 0.362437 0.483893
vt 0.351341 0.489271
vt 0.340001 0.494086
vt 0.328444 0.498327
vt 0.316698 0.501983
vt 0.304792 0.505045
vt 0.292753 0.507507
vt 0.280612 0.509361
vt 0.268397 0.510605
vt 0.256137 0.511234
vt 0.749617 0.239648
vt 0.750384 0.239647
vt 0.750000 0.255624
vt 0.748850 0.239687
vt 0.748087 0.239765
vt 0.747328 0.239881
vt 0.746576 0.240035
vt 0.745831 0.240226
vt 0.745097 0.240455
vt 0.744375 0.240720
vt 0.743666 0.241021
vt 0.742973 0.241357
vt 0.742296 0.241727
vt 0.741638 0.242131
vt 0.741000 0.242568
vt 0.740384 0.243036
vt 0.739791 0.243534
vt 0.739223 0.244061
vt 0.738680 0.244617
vt 0.738165 0.245198
vt 0.737678 0.245805
vt 0.737221 0.246436
vt 0.736795 0.247088
vt 0.736401 0.247762
vt 0.736039 0.248454
vt 0.735711 0.249163
vt 0.735418 0.249888
vt 0.735159 0.250627
vt 0.734937 0.251378
vt 0.734750 0.252139
vt 0.734600 0.252908
vt 0.734488 0.253684
vt 0.734413 0.254465
vt 0.734375 0.255249
vt 0.734375 0.256033
vt 0.734413 0.256816
vt 0.734488 0.257597
vt 0.734600 0.258373
vt 0.734750 0.259142
vt 0.734937 0.259902
vt 0.735159 0.260653
vt 0.735418 0.261391
vt 0.735711 0.262115
vt 0.736039 0.262824
vt 0.736401 0.263516
vt 0.736795 0.264188
vt 0.737221 0.264840
vt 0.737678 0.265469
vt 0.738165 0.266075
vt 0.738680 0.266656
vt 0.739223 0.267210
vt 0.739791 0.267736
vt 0.740384 0.268233
vt 0.741000 0.268699
vt 0.741638 0.269134
vt 0.742296 0.269537
vt 0.742973 0.269906
vt 0.743666 0.270241
vt 0.744375 0.270540
vt 0.745097 0.270803
vt 0.745831 0.271030
vt 0.746576 0.271220
vt 0.747328 0.271372
vt 0.748087 0.271487
vt 0.748850 0.271563
vt 0.749616 0.271600
vt 0.750384 0.271599
vt 0.751150 0.271560
vt 0.751913 0.271482
vt 0.752672 0.271366
vt 0.753425 0.271213
vt 0.754169 0.271021
vt 0.754903 0.270793
vt 0.755625 0.270528
vt 0.756334 0.270227
vt 0.757027 0.269891
vt 0.757704 0.269520
vt 0.758362 0.269116
vt 0.759000 0.268680
vt 0.759616 0.268212
vt 0.760209 0.267713
vt 0.760777 0.267186
vt 0.761320 0.266631
vt 0.761835 0.266049
vt 0.762322 0.265442
vt 0.762779 0.264812
vt 0.763205 0.264159
vt 0.763599 0.263486
vt 0.763961 0.262794
vt 0.764289 0.262084
vt 0.764582 0.261359
vt 0.764841 0.260620
vt 0.765064 0.259870
vt 0.765250 0.259109
vt 0.765400 0.258339
vt 0.765512 0.257563
vt 0.765587 0.256782
vt 0.765625 0.255999
vt 0.765625 0.255215
vt 0.765587 0.254431
vt 0.765512 0.253651
vt 0.765400 0.252875
vt 0.765250 0.252106
vt 0.765064 0.251345
vt 0.764841 0.250595
vt 0.764582 0.249856
vt 0.764289 0.249132
vt 0.763961 0.248423
vt 0.763599 0.247732
vt 0.763205 0.247060
vt 0.762779 0.246408
vt 0.762322 0.245778
vt 0.761835 0.245173
vt 0.761320 0.244592
vt 0.760777 0.244038
vt 0.760209 0.243512
vt 0.759616 0.243015
vt 0.759000 0.242548
vt 0.758362 0.242113
vt 0.757704 0.241711
vt 0.757027 0.241342
vt 0.756334 0.241007
vt 0.755625 0.240708
vt 0.754903 0.240444
vt 0.754169 0.240217
vt 0.753425 0.240027
vt 0.752672 0.239875
vt 0.751913 0.239761
vt 0.751150 0.239685
vt 0.749233 0.223672
vt 0.747701 0.223751
vt 0.746174 0.223907
vt 0.744656 0.224138
vt 0.743151 0.224446
vt 0.741663 0.224829
vt 0.740195 0.225286
vt 0.738750 0.225816
vt 0.737332 0.226418
vt 0.735945 0.227090
vt 0.734592 0.227831
vt 0.733276 0.228639
vt 0.732001 0.229512
vt 0.730768 0.230448
vt 0.729582 0.231444
vt 0.728445 0.232499
vt 0.727361 0.233610
vt 0.726330 0.234773
vt 0.725357 0.235987
vt 0.724443 0.237248
vt 0.723590 0.238553
vt 0.722802 0.239900
vt 0.722078 0.241284
vt 0.721422 0.242703
vt 0.720835 0.244153
vt 0.720318 0.245630
vt 0.719873 0.247132
vt 0.719500 0.248654
vt 0.719201 0.250193
vt 0.718976 0.251745
vt 0.718825 0.253307
vt 0.718750 0.254873
vt 0.718750 0.256442
vt 0.718825 0.258009
vt 0.718976 0.259570
vt 0.719201 0.261122
vt 0.719500 0.262660
vt 0.719873 0.264181
vt 0.720318 0.265682
vt 0.720835 0.267158
vt 0.721422 0.268607
vt 0.722078 0.270025
vt 0.722802 0.271407
vt 0.723590 0.272752
vt 0.724443 0.274055
vt 0.725357 0.275315
vt 0.726330 0.276526
vt 0.727360 0.277687
vt 0.728445 0.278795
vt 0.729582 0.279848
vt 0.730768 0.280842
vt 0.732001 0.281775
vt 0.733276 0.282645
vt 0.734592 0.283450
vt 0.735945 0.284188
vt 0.737332 0.284857
vt 0.738750 0.285456
vt 0.740195 0.285983
vt 0.741663 0.286437
vt 0.743151 0.286816
vt 0.744656 0.287121
vt 0.746174 0.287349
vt 0.747700 0.287501
vt 0.750767 0.287575
vt 0.752300 0.287496
vt 0.753827 0.287341
vt 0.755344 0.287109
vt 0.756849 0.286801
vt 0.758337 0.286419
vt 0.759806 0.285962
vt 0.761250 0.285432
vt 0.762668 0.284830
vt 0.764055 0.284157
vt 0.765408 0.283416
vt 0.766724 0.282609
vt 0.767999 0.281736
vt 0.769232 0.280800
vt 0.770418 0.279803
vt 0.771555 0.278748
vt 0.772640 0.277638
vt 0.773670 0.276474
vt 0.774643 0.275261
vt 0.775557 0.274000
vt 0.776410 0.272694
vt 0.777198 0.271348
vt 0.777922 0.269964
vt 0.778578 0.268545
vt 0.779165 0.267095
vt 0.779682 0.265617
vt 0.780127 0.264115
vt 0.780500 0.262593
vt 0.780799 0.261054
vt 0.781024 0.259502
vt 0.781175 0.257941
vt 0.781250 0.256374
vt 0.781250 0.254805
vt 0.781175 0.253238
vt 0.781024 0.251677
vt 0.780799 0.250126
vt 0.780500 0.248588
vt 0.780127 0.247066
vt 0.779682 0.245566
vt 0.779165 0.244089
vt 0.778578 0.242640
vt 0.777922 0.241223
vt 0.777198 0.239840
vt 0.776410 0.238495
vt 0.775557 0.237192
vt 0.774643 0.235933
vt 0.773670 0.234721
vt 0.772640 0.233560
vt 0.771555 0.232452
vt 0.770418 0.231400
vt 0.769232 0.230406
vt 0.768000 0.229473
vt 0.766724 0.228602
vt 0.765408 0.227797
vt 0.764055 0.227059
vt 0.762668 0.226390
vt 0.761250 0.225791
vt 0.759806 0.225264
vt 0.758337 0.224811
vt 0.756849 0.224431
vt 0.755344 0.224127
vt 0.753827 0.223898
vt 0.752300 0.223746
vt 0.748849 0.207697
vt 0.750767 0.223671
vt 0.746551 0.207815
vt 0.744260 0.208048
vt 0.741984 0.208396
vt 0.739727 0.208857
vt 0.737494 0.209431
vt 0.735292 0.210117
vt 0.733125 0.210912
vt 0.730999 0.211815
vt 0.728918 0.212823
vt 0.726889 0.213935
vt 0.724915 0.215147
vt 0.723001 0.216456
vt 0.721152 0.217860
vt 0.719373 0.219355
vt 0.717668 0.220937
vt 0.716041 0.222602
vt 0.714495 0.224348
vt 0.713035 0.226168
vt 0.711664 0.228060
vt 0.710386 0.230018
vt 0.709202 0.232037
vt 0.708118 0.234114
vt 0.707134 0.236242
vt 0.706253 0.238417
vt 0.705478 0.240634
vt 0.704809 0.242886
vt 0.704250 0.245169
vt 0.703801 0.247478
vt 0.703464 0.249806
vt 0.703238 0.252148
vt 0.703125 0.254498
vt 0.703125 0.256851
vt 0.703238 0.259202
vt 0.703464 0.261543
vt 0.703801 0.263871
vt 0.704250 0.266178
vt 0.704809 0.268460
vt 0.705477 0.270711
vt 0.706253 0.272926
vt 0.707134 0.275099
vt 0.708118 0.277225
vt 0.709202 0.279299
vt 0.710386 0.281316
vt 0.711664 0.283271
vt 0.713035 0.285160
vt 0.714495 0.286977
vt 0.716041 0.288719
vt 0.717668 0.290381
vt 0.719373 0.291960
vt 0.721152 0.293451
vt 0.723001 0.294850
vt 0.724914 0.296156
vt 0.726888 0.297363
vt 0.728918 0.298470
vt 0.730999 0.299474
vt 0.733125 0.300372
vt 0.735292 0.301163
vt 0.737494 0.301843
vt 0.739727 0.302413
vt 0.741984 0.302869
vt 0.744260 0.303212
vt 0.749233 0.287577
vt 0.746551 0.303440
vt 0.751151 0.303551
vt 0.753449 0.303433
vt 0.755740 0.303200
vt 0.758016 0.302852
vt 0.760274 0.302390
vt 0.762506 0.301816
vt 0.764708 0.301131
vt 0.766875 0.300335
vt 0.769001 0.299433
vt 0.771082 0.298424
vt 0.773112 0.297313
vt 0.775086 0.296101
vt 0.776999 0.294791
vt 0.778848 0.293388
vt 0.780627 0.291893
vt 0.782332 0.290311
vt 0.783959 0.288645
vt 0.785505 0.286900
vt 0.786965 0.285079
vt 0.788336 0.283188
vt 0.789614 0.281230
vt 0.790798 0.279210
vt 0.791883 0.277134
vt 0.792867 0.275005
vt 0.793747 0.272830
vt 0.794523 0.270614
vt 0.795191 0.268361
vt 0.795750 0.266078
vt 0.796199 0.263770
vt 0.796537 0.261442
vt 0.796762 0.259100
vt 0.796875 0.256749
vt 0.796875 0.254396
vt 0.796762 0.252046
vt 0.796537 0.249704
vt 0.796199 0.247377
vt 0.795750 0.245070
vt 0.795191 0.242788
vt 0.794523 0.240536
vt 0.793747 0.238322
vt 0.792867 0.236149
vt 0.791883 0.234022
vt 0.790798 0.231948
vt 0.789614 0.229931
vt 0.788336 0.227976
vt 0.786965 0.226088
vt 0.785505 0.224270
vt 0.783959 0.222528
vt 0.782332 0.220866
vt 0.780627 0.219288
vt 0.778848 0.217797
vt 0.776999 0.216397
vt 0.775086 0.215092
vt 0.773112 0.213884
vt 0.771082 0.212777
vt 0.769001 0.211773
vt 0.766875 0.210875
vt 0.764708 0.210085
vt 0.762506 0.209404
vt 0.760274 0.208835
vt 0.758016 0.208378
vt 0.755740 0.208035
vt 0.753449 0.207807
vt 0.748466 0.191721
vt 0.751151 0.207694
vt 0.745401 0.191878
vt 0.742347 0.192189
vt 0.739312 0.192653
vt 0.736302 0.193268
vt 0.733326 0.194034
vt 0.730389 0.194948
vt 0.727500 0.196008
vt 0.724665 0.197212
vt 0.721891 0.198556
vt 0.719185 0.200038
vt 0.716553 0.201654
vt 0.714001 0.203400
vt 0.711537 0.205272
vt 0.709165 0.207265
vt 0.706891 0.209374
vt 0.704721 0.211595
vt 0.702660 0.213922
vt 0.700714 0.216350
vt 0.698886 0.218872
vt 0.697181 0.221482
vt 0.695603 0.224175
vt 0.694157 0.226944
vt 0.692845 0.229782
vt 0.691670 0.232682
vt 0.690637 0.235637
vt 0.689746 0.238640
vt 0.689000 0.241685
vt 0.688402 0.244762
vt 0.687951 0.247867
vt 0.687651 0.250989
vt 0.687500 0.254123
vt 0.687500 0.257261
vt 0.687651 0.260394
vt 0.687951 0.263516
vt 0.688402 0.266619
vt 0.689000 0.269696
vt 0.689746 0.272739
vt 0.690637 0.275740
vt 0.691670 0.278693
vt 0.692845 0.281591
vt 0.694157 0.284425
vt 0.695603 0.287191
vt 0.697181 0.289880
vt 0.698886 0.292487
vt 0.700714 0.295005
vt 0.702660 0.297428
vt 0.704721 0.299751
vt 0.706891 0.301967
vt 0.709164 0.304072
vt 0.711536 0.306060
vt 0.714001 0.307926
vt 0.716553 0.309666
vt 0.719185 0.311276
vt 0.721891 0.312752
vt 0.724665 0.314091
vt 0.727500 0.315288
vt 0.730389 0.316342
vt 0.733325 0.317250
vt 0.736302 0.318009
vt 0.739312 0.318618
vt 0.742347 0.319075
vt 0.748849 0.303553
vt 0.745401 0.319379
vt 0.751534 0.319526
vt 0.754599 0.319369
vt 0.757653 0.319058
vt 0.760688 0.318594
vt 0.763698 0.317979
vt 0.766675 0.317214
vt 0.769611 0.316300
vt 0.772500 0.315239
vt 0.775335 0.314036
vt 0.778109 0.312691
vt 0.780815 0.311209
vt 0.783447 0.309593
vt 0.785999 0.307847
vt 0.788464 0.305976
vt 0.790836 0.303983
vt 0.793109 0.301873
vt 0.795279 0.299652
vt 0.797340 0.297325
vt 0.799286 0.294898
vt 0.801114 0.292376
vt 0.802819 0.289765
vt 0.804397 0.287072
vt 0.805843 0.284304
vt 0.807155 0.281466
vt 0.808330 0.278566
vt 0.809363 0.275611
vt 0.810254 0.272607
vt 0.811000 0.269563
vt 0.811598 0.266485
vt 0.812049 0.263381
vt 0.812349 0.260258
vt 0.812500 0.257124
vt 0.812500 0.253987
vt 0.812349 0.250853
vt 0.812049 0.247731
vt 0.811598 0.244628
vt 0.811000 0.241551
vt 0.810254 0.238509
vt 0.809363 0.235507
vt 0.808330 0.232554
vt 0.807155 0.229657
vt 0.805843 0.226822
vt 0.804397 0.224057
vt 0.802819 0.221367
vt 0.801114 0.218760
vt 0.799287 0.216242
vt 0.797340 0.213819
vt 0.795279 0.211497
vt 0.793109 0.209280
vt 0.790836 0.207176
vt 0.788464 0.205188
vt 0.785999 0.203322
vt 0.783448 0.201581
vt 0.780815 0.199971
vt 0.778109 0.198495
vt 0.775335 0.197157
vt 0.772500 0.195959
vt 0.769611 0.194905
vt 0.766675 0.193998
vt 0.763698 0.193238
vt 0.760688 0.192630
vt 0.757653 0.192173
vt 0.754599 0.191868
vt 0.748082 0.175746
vt 0.751534 0.191718
vt 0.744251 0.175942
vt 0.740434 0.176331
vt 0.736640 0.176910
vt 0.732878 0.177680
vt 0.729157 0.178637
vt 0.725486 0.179779
vt 0.721875 0.181104
vt 0.718331 0.182609
vt 0.714864 0.184290
vt 0.711481 0.186142
vt 0.708191 0.188162
vt 0.705002 0.190344
vt 0.701921 0.192684
vt 0.698956 0.195175
vt 0.696114 0.197812
vt 0.693401 0.200588
vt 0.690825 0.203497
vt 0.688392 0.206531
vt 0.686107 0.209684
vt 0.683976 0.212947
vt 0.682004 0.216313
vt 0.680196 0.219774
vt 0.678556 0.223321
vt 0.677088 0.226946
vt 0.675796 0.230640
vt 0.674682 0.234394
vt 0.673750 0.238200
vt 0.673002 0.242047
vt 0.672439 0.245927
vt 0.672063 0.249831
vt 0.671875 0.253748
vt 0.671875 0.257670
vt 0.672063 0.261587
vt 0.672439 0.265490
vt 0.673002 0.269368
vt 0.673750 0.273214
vt 0.674682 0.277017
vt 0.675796 0.280769
vt 0.677088 0.284460
vt 0.678556 0.288082
vt 0.680196 0.291626
vt 0.682004 0.295083
vt 0.683976 0.298444
vt 0.686107 0.301703
vt 0.688392 0.304851
vt 0.690825 0.307880
vt 0.693401 0.310783
vt 0.696113 0.313553
vt 0.698956 0.316184
vt 0.701921 0.318669
vt 0.705001 0.321001
vt 0.708191 0.323177
vt 0.711481 0.325190
vt 0.714864 0.327035
vt 0.718331 0.328708
vt 0.721875 0.330205
vt 0.725486 0.331522
vt 0.729157 0.332656
vt 0.732878 0.333605
vt 0.736640 0.334366
vt 0.740434 0.334938
vt 0.748466 0.319530
vt 0.744251 0.335318
vt 0.751918 0.335502
vt 0.755749 0.335305
vt 0.759566 0.334917
vt 0.763360 0.334337
vt 0.767122 0.333568
vt 0.770843 0.332611
vt 0.774514 0.331468
vt 0.778125 0.330143
vt 0.781669 0.328639
vt 0.785136 0.326958
vt 0.788519 0.325105
vt 0.791809 0.323086
vt 0.794999 0.320903
vt 0.798079 0.318564
vt 0.801045 0.316072
vt 0.803887 0.313435
vt 0.806599 0.310659
vt 0.809175 0.307751
vt 0.811608 0.304716
vt 0.813893 0.301564
vt 0.816024 0.298300
vt 0.817996 0.294934
vt 0.819804 0.291474
vt 0.821444 0.287926
vt 0.822912 0.284301
vt 0.824204 0.280607
vt 0.825318 0.276853
vt 0.826250 0.273048
vt 0.826998 0.269200
vt 0.827561 0.265320
vt 0.827937 0.261417
vt 0.828125 0.257499
vt 0.828125 0.253578
vt 0.827937 0.249661
vt 0.827561 0.245758
vt 0.826998 0.241879
vt 0.826250 0.238033
vt 0.825318 0.234230
vt 0.824204 0.230478
vt 0.822912 0.226787
vt 0.821444 0.223165
vt 0.819804 0.219622
vt 0.817996 0.216165
vt 0.816024 0.212803
vt 0.813893 0.209544
vt 0.811608 0.206397
vt 0.809175 0.203368
vt 0.806599 0.200465
vt 0.803887 0.197694
vt 0.801045 0.195064
vt 0.798080 0.192579
vt 0.794999 0.190246
vt 0.791809 0.188071
vt 0.788519 0.186058
vt 0.785137 0.184213
vt 0.781669 0.182540
vt 0.778125 0.181043
vt 0.774514 0.179726
vt 0.770843 0.178591
vt 0.767123 0.177642
vt 0.763361 0.176881
vt 0.759566 0.176310
vt 0.755749 0.175930
vt 0.747699 0.159770
vt 0.751918 0.175741
vt 0.743101 0.160006
vt 0.738521 0.160472
vt 0.733968 0.161168
vt 0.729453 0.162091
vt 0.724988 0.163239
vt 0.720584 0.164610
vt 0.716250 0.166200
vt 0.711997 0.168006
vt 0.707836 0.170023
vt 0.703777 0.172246
vt 0.699829 0.174669
vt 0.696002 0.177288
vt 0.692305 0.180096
vt 0.688747 0.183085
vt 0.685336 0.186250
vt 0.682082 0.189581
vt 0.678990 0.193072
vt 0.676070 0.196713
vt 0.673328 0.200496
vt 0.670771 0.204412
vt 0.668405 0.208451
vt 0.666235 0.212604
vt 0.664267 0.216861
vt 0.662506 0.221211
vt 0.660955 0.225643
vt 0.659619 0.230149
vt 0.658500 0.234715
vt 0.657602 0.239332
vt 0.656927 0.243988
vt 0.656476 0.248672
vt 0.656250 0.253373
vt 0.656250 0.258079
vt 0.656476 0.262780
vt 0.656927 0.267463
vt 0.657602 0.272117
vt 0.658500 0.276732
vt 0.659619 0.281296
vt 0.660955 0.285798
vt 0.662506 0.290228
vt 0.664267 0.294574
vt 0.666235 0.298826
vt 0.668405 0.302974
vt 0.670771 0.307009
vt 0.673328 0.310919
vt 0.676070 0.314696
vt 0.678990 0.318331
vt 0.682081 0.321815
vt 0.685336 0.325139
vt 0.688747 0.328296
vt 0.692305 0.331277
vt 0.696002 0.334077
vt 0.699829 0.336687
vt 0.703777 0.339103
vt 0.707836 0.341317
vt 0.711997 0.343324
vt 0.716250 0.345121
vt 0.720583 0.346702
vt 0.724988 0.348063
vt 0.729453 0.349202
vt 0.733967 0.350115
vt 0.738521 0.350800
vt 0.748082 0.335506
vt 0.743101 0.351257
vt 0.752301 0.351478
vt 0.756899 0.351242
vt 0.761479 0.350775
vt 0.766032 0.350080
vt 0.770547 0.349157
vt 0.775012 0.348008
vt 0.779417 0.346637
vt 0.783750 0.345047
vt 0.788003 0.343242
vt 0.792164 0.341225
vt 0.796223 0.339002
vt 0.800171 0.336578
vt 0.803998 0.333959
vt 0.807695 0.331152
vt 0.811253 0.328162
vt 0.814664 0.324998
vt 0.817919 0.321666
vt 0.821010 0.318176
vt 0.823930 0.314535
vt 0.826672 0.310752
vt 0.829229 0.306836
vt 0.831595 0.302796
vt 0.833765 0.298643
vt 0.835733 0.294387
vt 0.837494 0.290037
vt 0.839045 0.285604
vt 0.840381 0.281099
vt 0.841500 0.276533
vt 0.842398 0.271916
vt 0.843073 0.267260
vt 0.843524 0.262575
vt 0.843750 0.257875
vt 0.843750 0.253168
vt 0.843524 0.248468
vt 0.843073 0.243785
vt 0.842398 0.239130
vt 0.841500 0.234515
vt 0.840381 0.229951
vt 0.839045 0.225449
vt 0.837494 0.221020
vt 0.835733 0.216674
vt 0.833765 0.212421
vt 0.831595 0.208273
vt 0.829229 0.204239
vt 0.826672 0.200329
vt 0.823930 0.196551
vt 0.821010 0.192917
vt 0.817919 0.189433
vt 0.814664 0.186109
vt 0.811253 0.182952
vt 0.807695 0.179970
vt 0.803998 0.177171
vt 0.800171 0.174560
vt 0.796223 0.172145
vt 0.792164 0.169931
vt 0.788003 0.167923
vt 0.783750 0.166127
vt 0.779417 0.164546
vt 0.775012 0.163185
vt 0.770547 0.162046
vt 0.766033 0.161133
vt 0.761480 0.160447
vt 0.756899 0.159991
vt 0.747315 0.143794
vt 0.752302 0.159765
vt 0.741952 0.144069
vt 0.736607 0.144614
vt 0.731296 0.145425
vt 0.726029 0.146502
vt 0.720820 0.147842
vt 0.715681 0.149441
vt 0.710625 0.151296
vt 0.705664 0.153403
vt 0.700809 0.155756
vt 0.696073 0.158349
vt 0.691467 0.161177
vt 0.687002 0.164232
vt 0.682689 0.167508
vt 0.678538 0.170996
vt 0.674559 0.174687
vt 0.670762 0.178574
vt 0.667155 0.182646
vt 0.663749 0.186894
vt 0.660550 0.191308
vt 0.657566 0.195876
vt 0.654806 0.200589
vt 0.652274 0.205434
vt 0.649978 0.210400
vt 0.647923 0.215475
vt 0.646114 0.220647
vt 0.644555 0.225903
vt 0.643251 0.231230
vt 0.642203 0.236616
vt 0.641415 0.242049
vt 0.640889 0.247513
vt 0.640625 0.252998
vt 0.640625 0.258488
vt 0.640889 0.263972
vt 0.641415 0.269436
vt 0.642203 0.274866
vt 0.643250 0.280250
vt 0.644555 0.285575
vt 0.646114 0.290827
vt 0.647923 0.295995
vt 0.649978 0.301066
vt 0.652274 0.306027
vt 0.654806 0.310866
vt 0.657566 0.315573
vt 0.660550 0.320135
vt 0.663749 0.324541
vt 0.667155 0.328782
vt 0.670762 0.332846
vt 0.674559 0.336725
vt 0.678538 0.340408
vt 0.682689 0.343886
vt 0.687002 0.347153
vt 0.691467 0.350198
vt 0.696073 0.353016
vt 0.700809 0.355599
vt 0.705663 0.357941
vt 0.710625 0.360037
vt 0.715681 0.361881
vt 0.720820 0.363469
vt 0.726029 0.364798
vt 0.731295 0.365863
vt 0.736607 0.366663
vt 0.747699 0.351483
vt 0.741951 0.367196
vt 0.752685 0.367453
vt 0.758049 0.367178
vt 0.763393 0.366634
vt 0.768705 0.365823
vt 0.773971 0.364746
vt 0.779180 0.363406
vt 0.784319 0.361806
vt 0.789375 0.359951
vt 0.794337 0.357844
vt 0.799191 0.355492
vt 0.803927 0.352898
vt 0.808533 0.350070
vt 0.812998 0.347015
vt 0.817311 0.343740
vt 0.821462 0.340252
vt 0.825441 0.336560
vt 0.829238 0.332674
vt 0.832845 0.328601
vt 0.836251 0.324353
vt 0.839450 0.319940
vt 0.842434 0.315371
vt 0.845194 0.310659
vt 0.847726 0.305813
vt 0.850022 0.300847
vt 0.852077 0.295772
vt 0.853886 0.290601
vt 0.855445 0.285345
vt 0.856750 0.280017
vt 0.857797 0.274631
vt 0.858585 0.269199
vt 0.859112 0.263734
vt 0.859375 0.258250
vt 0.859375 0.252759
vt 0.859112 0.247275
vt 0.858585 0.241812
vt 0.857797 0.236381
vt 0.856750 0.230997
vt 0.855445 0.225673
vt 0.853886 0.220420
vt 0.852077 0.215252
vt 0.850022 0.210182
vt 0.847726 0.205221
vt 0.845195 0.200381
vt 0.842434 0.195675
vt 0.839450 0.191113
vt 0.836251 0.186706
vt 0.832845 0.182465
vt 0.829238 0.178401
vt 0.825441 0.174523
vt 0.821462 0.170840
vt 0.817311 0.167361
vt 0.812998 0.164095
vt 0.808533 0.161049
vt 0.803927 0.158232
vt 0.799191 0.155649
vt 0.794337 0.153306
vt 0.789375 0.151210
vt 0.784319 0.149366
vt 0.779181 0.147778
vt 0.773972 0.146450
vt 0.768705 0.145384
vt 0.763393 0.144584
vt 0.758049 0.144052
vt 0.746932 0.127819
vt 0.752685 0.143788
vt 0.740802 0.128133
vt 0.734694 0.128755
vt 0.728623 0.129682
vt 0.722604 0.130913
vt 0.716651 0.132444
vt 0.710778 0.134272
vt 0.705000 0.136392
vt 0.699330 0.138800
vt 0.693782 0.141489
vt 0.688369 0.144453
vt 0.683105 0.147685
vt 0.678002 0.151177
vt 0.673073 0.154920
vt 0.668329 0.158906
vt 0.663782 0.163125
vt 0.659442 0.167567
vt 0.655321 0.172221
vt 0.651427 0.177076
vt 0.647771 0.182120
vt 0.644362 0.187341
vt 0.641206 0.192727
vt 0.638313 0.198264
vt 0.635689 0.203940
vt 0.633341 0.209740
vt 0.631273 0.215650
vt 0.629492 0.221657
vt 0.628001 0.227745
vt 0.626803 0.233901
vt 0.625903 0.240109
vt 0.625301 0.246355
vt 0.625000 0.252623
vt 0.625000 0.258898
vt 0.625301 0.265165
vt 0.625903 0.271409
vt 0.626803 0.277615
vt 0.628001 0.283768
vt 0.629492 0.289854
vt 0.631273 0.295857
vt 0.633341 0.301763
vt 0.635689 0.307557
vt 0.638313 0.313227
vt 0.641206 0.318758
vt 0.644361 0.324137
vt 0.647771 0.329351
vt 0.651427 0.334387
vt 0.655320 0.339233
vt 0.659442 0.343878
vt 0.663781 0.348311
vt 0.668329 0.352520
vt 0.673073 0.356495
vt 0.678002 0.360228
vt 0.683105 0.363709
vt 0.688369 0.366929
vt 0.693782 0.369881
vt 0.699330 0.372558
vt 0.705000 0.374953
vt 0.710778 0.377061
vt 0.716651 0.378876
vt 0.722604 0.380394
vt 0.728623 0.381612
vt 0.734694 0.382526
vt 0.747315 0.367459
vt 0.740802 0.383134
vt 0.753069 0.383429
vt 0.759198 0.383114
vt 0.765306 0.382493
vt 0.771377 0.381565
vt 0.777396 0.380334
vt 0.783349 0.378803
vt 0.789222 0.376975
vt 0.795000 0.374855
vt 0.800670 0.372447
vt 0.806218 0.369758
vt 0.811631 0.366795
vt 0.816895 0.363563
vt 0.821998 0.360071
vt 0.826927 0.356328
vt 0.831671 0.352342
vt 0.836219 0.348123
vt 0.840558 0.343681
vt 0.844680 0.339027
vt 0.848573 0.334172
vt 0.852229 0.329128
vt 0.855639 0.323906
vt 0.858794 0.318521
vt 0.861687 0.312983
vt 0.864311 0.307308
vt 0.866659 0.301508
vt 0.868727 0.295597
vt 0.870508 0.289591
vt 0.872000 0.283502
vt 0.873197 0.277346
vt 0.874097 0.271138
vt 0.874699 0.264893
vt 0.875000 0.258625
vt 0.875000 0.252350
vt 0.874699 0.246083
vt 0.874097 0.239839
vt 0.873197 0.233632
vt 0.872000 0.227479
vt 0.870508 0.221394
vt 0.868727 0.215391
vt 0.866659 0.209485
vt 0.864311 0.203690
vt 0.861687 0.198020
vt 0.858794 0.192490
vt 0.855639 0.187111
vt 0.852229 0.181897
vt 0.848573 0.176861
vt 0.844680 0.172014
vt 0.840558 0.167369
vt 0.836219 0.162937
vt 0.831671 0.158728
vt 0.826927 0.154752
vt 0.821998 0.151019
vt 0.816895 0.147539
vt 0.811631 0.144318
vt 0.806219 0.141366
vt 0.800671 0.138689
vt 0.795001 0.136294
vt 0.789222 0.134187
vt 0.783349 0.132371
vt 0.777396 0.130853
vt 0.771377 0.129636
vt 0.765306 0.128722
vt 0.759198 0.128113
vt 0.746548 0.111843
vt 0.753069 0.127812
vt 0.739652 0.112197
vt 0.732781 0.112896
vt 0.725951 0.113940
vt 0.719180 0.115324
vt 0.712482 0.117047
vt 0.705875 0.119103
vt 0.699375 0.121489
vt 0.692996 0.124197
vt 0.686755 0.127222
vt 0.680665 0.130557
vt 0.674743 0.134192
vt 0.669003 0.138121
vt 0.663457 0.142332
vt 0.658120 0.146816
vt 0.653004 0.151563
vt 0.648122 0.156560
vt 0.643486 0.161795
vt 0.639105 0.167257
vt 0.634993 0.172932
vt 0.631157 0.178806
vt 0.627607 0.184865
vt 0.624353 0.191094
vt 0.621401 0.197479
vt 0.618758 0.204004
vt 0.616432 0.210653
vt 0.614428 0.217411
vt 0.612751 0.224261
vt 0.611404 0.231186
vt 0.610391 0.238170
vt 0.609714 0.245196
vt 0.609375 0.252247
vt 0.609375 0.259307
vt 0.609714 0.266357
vt 0.610391 0.273382
vt 0.611404 0.280364
vt 0.612751 0.287286
vt 0.614428 0.294132
vt 0.616432 0.300886
vt 0.618758 0.307530
vt 0.621401 0.314049
vt 0.624353 0.320427
vt 0.627607 0.326650
vt 0.631157 0.332701
vt 0.634992 0.338566
vt 0.639105 0.344232
vt 0.643485 0.349684
vt 0.648122 0.354910
vt 0.653004 0.359896
vt 0.658120 0.364632
vt 0.663457 0.369104
vt 0.669003 0.373304
vt 0.674743 0.377219
vt 0.680665 0.380842
vt 0.686754 0.384163
vt 0.692996 0.387175
vt 0.699374 0.389869
vt 0.705875 0.392241
vt 0.712482 0.394283
vt 0.719180 0.395991
vt 0.725951 0.397360
vt 0.732781 0.398389
vt 0.746931 0.383436
vt 0.739652 0.399073
vt 0.753452 0.399405
vt 0.760348 0.399051
vt 0.767219 0.398351
vt 0.774049 0.397308
vt 0.780820 0.395923
vt 0.787518 0.394201
vt 0.794125 0.392144
vt 0.800625 0.389759
vt 0.807004 0.387050
vt 0.813246 0.384025
vt 0.819335 0.380691
vt 0.825257 0.377055
vt 0.830997 0.373127
vt 0.836543 0.368916
vt 0.841880 0.364431
vt 0.846996 0.359685
vt 0.851878 0.354688
vt 0.856515 0.349452
vt 0.860895 0.343990
vt 0.865008 0.338316
vt 0.868843 0.332442
vt 0.872393 0.326383
vt 0.875647 0.320153
vt 0.878599 0.313768
vt 0.881242 0.307244
vt 0.883568 0.300594
vt 0.885572 0.293837
vt 0.887249 0.286987
vt 0.888596 0.280062
vt 0.889610 0.273078
vt 0.890286 0.266051
vt 0.890625 0.259000
vt 0.890625 0.251941
vt 0.890286 0.244890
vt 0.889610 0.237865
vt 0.888596 0.230883
vt 0.887250 0.223961
vt 0.885572 0.217115
vt 0.883568 0.210362
vt 0.881242 0.203718
vt 0.878600 0.197198
vt 0.875648 0.190820
vt 0.872393 0.184598
vt 0.868843 0.178547
vt 0.865008 0.172681
vt 0.860895 0.167015
vt 0.856515 0.161563
vt 0.851878 0.156337
vt 0.846996 0.151351
vt 0.841880 0.146616
vt 0.836543 0.142143
vt 0.830998 0.137944
vt 0.825257 0.134028
vt 0.819335 0.130405
vt 0.813246 0.127084
vt 0.807004 0.124073
vt 0.800626 0.121378
vt 0.794125 0.119007
vt 0.787518 0.116965
vt 0.780821 0.115257
vt 0.774049 0.113887
vt 0.767219 0.112859
vt 0.760348 0.112174
vt 0.746164 0.095867
vt 0.753452 0.111835
vt 0.738502 0.096261
vt 0.730868 0.097038
vt 0.723279 0.098197
vt 0.715755 0.099735
vt 0.708314 0.101649
vt 0.700973 0.103934
vt 0.693750 0.106585
vt 0.686662 0.109594
vt 0.679727 0.112955
vt 0.672962 0.116660
vt 0.666382 0.120700
vt 0.660003 0.125065
vt 0.653841 0.129744
vt 0.647911 0.134727
vt 0.642227 0.140000
vt 0.636802 0.145553
vt 0.631651 0.151370
vt 0.626784 0.157439
vt 0.622214 0.163744
vt 0.617952 0.170270
vt 0.614008 0.177003
vt 0.610392 0.183924
vt 0.607112 0.191019
vt 0.604176 0.198268
vt 0.601592 0.205657
vt 0.599365 0.213165
vt 0.597501 0.220776
vt 0.596004 0.228471
vt 0.594878 0.236231
vt 0.594127 0.244038
vt 0.593750 0.251872
vt 0.593750 0.259716
vt 0.594126 0.267550
vt 0.594878 0.275355
vt 0.596004 0.283113
vt 0.597501 0.290804
vt 0.599365 0.298411
vt 0.601592 0.305915
vt 0.604176 0.313297
vt 0.607112 0.320541
vt 0.610392 0.327628
vt 0.614008 0.334542
vt 0.617952 0.341265
vt 0.622214 0.347782
vt 0.626784 0.354078
vt 0.631650 0.360136
vt 0.636802 0.365942
vt 0.642227 0.371482
vt 0.647911 0.376744
vt 0.653841 0.381713
vt 0.660003 0.386379
vt 0.666381 0.390730
vt 0.672961 0.394755
vt 0.679727 0.398445
vt 0.686662 0.401792
vt 0.693749 0.404786
vt 0.700972 0.407420
vt 0.708314 0.409689
vt 0.715755 0.411587
vt 0.723279 0.413109
vt 0.730868 0.414252
vt 0.746548 0.399412
vt 0.738502 0.415012
vt 0.753836 0.415380
vt 0.761498 0.414987
vt 0.769132 0.414210
vt 0.776721 0.413051
vt 0.784245 0.411512
vt 0.791686 0.409598
vt 0.799028 0.407313
vt 0.806251 0.404663
vt 0.813338 0.401653
vt 0.820273 0.398292
vt 0.827038 0.394587
vt 0.833619 0.390548
vt 0.839997 0.386183
vt 0.846159 0.381504
vt 0.852089 0.376521
vt 0.857773 0.371247
vt 0.863198 0.365695
vt 0.868349 0.359877
vt 0.873216 0.353809
vt 0.877786 0.347504
vt 0.882048 0.340977
vt 0.885992 0.334245
vt 0.889608 0.327323
vt 0.892888 0.320229
vt 0.895824 0.312979
vt 0.898408 0.305591
vt 0.900635 0.298082
vt 0.902499 0.290472
vt 0.903996 0.282777
vt 0.905122 0.275017
vt 0.905874 0.267210
vt 0.906250 0.259375
vt 0.906250 0.251531
vt 0.905874 0.243697
vt 0.905122 0.235892
vt 0.903996 0.228135
vt 0.902499 0.220443
vt 0.900635 0.212836
vt 0.898409 0.205333
vt 0.895824 0.197950
vt 0.892888 0.190707
vt 0.889608 0.183620
vt 0.885992 0.176706
vt 0.882048 0.169982
vt 0.877786 0.163465
vt 0.873216 0.157170
vt 0.868350 0.151112
vt 0.863198 0.145306
vt 0.857773 0.139765
vt 0.852089 0.134504
vt 0.846159 0.129534
vt 0.839997 0.124868
vt 0.833619 0.120518
vt 0.827039 0.116492
vt 0.820273 0.112802
vt 0.813338 0.109456
vt 0.806251 0.106462
vt 0.799028 0.103827
vt 0.791687 0.101558
vt 0.784245 0.099661
vt 0.776721 0.098139
vt 0.769133 0.096996
vt 0.761498 0.096235
vt 0.745781 0.079892
vt 0.753836 0.095859
vt 0.737352 0.080324
vt 0.728955 0.081179
vt 0.720607 0.082454
vt 0.712331 0.084147
vt 0.704145 0.086252
vt 0.696070 0.088765
vt 0.688125 0.091681
vt 0.680328 0.094991
vt 0.672700 0.098688
vt 0.665258 0.102764
vt 0.658020 0.107208
vt 0.651003 0.112009
vt 0.644225 0.117156
vt 0.637702 0.122637
vt 0.631450 0.128438
vt 0.625483 0.134546
vt 0.619816 0.140945
vt 0.614462 0.147620
vt 0.609435 0.154556
vt 0.604747 0.161735
vt 0.600409 0.169141
vt 0.596431 0.176754
vt 0.592823 0.184558
vt 0.589594 0.192533
vt 0.586751 0.200660
vt 0.584301 0.208919
vt 0.582251 0.217291
vt 0.580604 0.225755
vt 0.579366 0.234291
vt 0.578539 0.242879
vt 0.578125 0.251497
vt 0.578125 0.260125
vt 0.578539 0.268743
vt 0.579366 0.277328
vt 0.580604 0.285862
vt 0.582251 0.294322
vt 0.584301 0.302690
vt 0.586751 0.310944
vt 0.589594 0.319065
vt 0.592823 0.327032
vt 0.596431 0.334828
vt 0.600409 0.342433
vt 0.604747 0.349829
vt 0.609435 0.356998
vt 0.614462 0.363923
vt 0.619816 0.370587
vt 0.625482 0.376974
vt 0.631450 0.383068
vt 0.637702 0.388856
vt 0.644225 0.394322
vt 0.651003 0.399455
vt 0.658020 0.404241
vt 0.665258 0.408668
vt 0.672700 0.412728
vt 0.680328 0.416408
vt 0.688124 0.419702
vt 0.696070 0.422600
vt 0.704145 0.425096
vt 0.712331 0.427183
vt 0.720607 0.428857
vt 0.728954 0.430114
vt 0.746164 0.415389
vt 0.737352 0.430951
vt 0.754219 0.431356
vt 0.762648 0.430923
vt 0.771046 0.430068
vt 0.779393 0.428793
vt 0.787669 0.427101
vt 0.795855 0.424996
vt 0.803930 0.422482
vt 0.811876 0.419567
vt 0.819672 0.416256
vt 0.827300 0.412559
vt 0.834742 0.408484
vt 0.841980 0.404040
vt 0.848997 0.399239
vt 0.855775 0.394091
vt 0.862298 0.388611
vt 0.868550 0.382810
vt 0.874517 0.376702
vt 0.880184 0.370303
vt 0.885538 0.363627
vt 0.890565 0.356692
vt 0.895253 0.349512
vt 0.899591 0.342107
vt 0.903569 0.334493
vt 0.907177 0.326690
vt 0.910406 0.318715
vt 0.913249 0.310588
vt 0.915699 0.302328
vt 0.917749 0.293956
vt 0.919396 0.285492
vt 0.920634 0.276956
vt 0.921461 0.268369
vt 0.921875 0.259750
vt 0.921875 0.251122
vt 0.921461 0.242505
vt 0.920634 0.233919
vt 0.919396 0.225386
vt 0.917749 0.216925
vt 0.915699 0.208558
vt 0.913249 0.200304
vt 0.910407 0.192183
vt 0.907177 0.184215
vt 0.903569 0.176419
vt 0.899591 0.168814
vt 0.895253 0.161418
vt 0.890565 0.154249
vt 0.885538 0.147325
vt 0.880185 0.140661
vt 0.874518 0.134274
vt 0.868551 0.128179
vt 0.862298 0.122392
vt 0.855775 0.116925
vt 0.848997 0.111793
vt 0.841981 0.107007
vt 0.834743 0.102579
vt 0.827300 0.098520
vt 0.819672 0.094839
vt 0.811876 0.091546
vt 0.803930 0.088648
vt 0.795855 0.086152
vt 0.787670 0.084064
vt 0.779393 0.082390
vt 0.771046 0.081133
vt 0.762648 0.080297
vt 0.745397 0.063916
vt 0.754219 0.079882
vt 0.736203 0.064388
vt 0.727041 0.065320
vt 0.717935 0.066712
vt 0.708906 0.068558
vt 0.699977 0.070854
vt 0.691167 0.073596
vt 0.682500 0.076777
vt 0.673995 0.080388
vt 0.665673 0.084422
vt 0.657554 0.088868
vt 0.649658 0.093715
vt 0.642004 0.098953
vt 0.634610 0.104568
vt 0.627493 0.110547
vt 0.620672 0.116876
vt 0.614163 0.123538
vt 0.607981 0.130519
vt 0.602141 0.137802
vt 0.596657 0.145368
vt 0.591542 0.153200
vt 0.586810 0.161278
vt 0.582470 0.169584
vt 0.578534 0.178097
vt 0.575011 0.186797
vt 0.571910 0.195663
vt 0.569238 0.204673
vt 0.567001 0.213806
vt 0.565205 0.223040
vt 0.563854 0.232352
vt 0.562952 0.241720
vt 0.562500 0.251122
vt 0.562500 0.260535
vt 0.562952 0.269935
vt 0.563854 0.279302
vt 0.565205 0.288611
vt 0.567001 0.297841
vt 0.569238 0.306969
vt 0.571910 0.315973
vt 0.575011 0.324832
vt 0.578534 0.333524
vt 0.582470 0.342029
vt 0.586810 0.350325
vt 0.591542 0.358393
vt 0.596657 0.366214
vt 0.602140 0.373768
vt 0.607981 0.381038
vt 0.614163 0.388005
vt 0.620672 0.394654
vt 0.627493 0.400968
vt 0.634609 0.406931
vt 0.642003 0.412530
vt 0.649658 0.417751
vt 0.657554 0.422582
vt 0.665672 0.427010
vt 0.673994 0.431025
vt 0.682499 0.434618
vt 0.691167 0.437779
vt 0.699976 0.440502
vt 0.708906 0.442779
vt 0.717935 0.444606
vt 0.727041 0.445977
vt 0.745781 0.431365
vt 0.736202 0.446890
vt 0.754603 0.447331
vt 0.763797 0.446860
vt 0.772959 0.445927
vt 0.782065 0.444536
vt 0.791094 0.442690
vt 0.800024 0.440393
vt 0.808833 0.437651
vt 0.817501 0.434471
vt 0.826006 0.430859
vt 0.834327 0.426826
vt 0.842446 0.422380
vt 0.850342 0.417532
vt 0.857997 0.412295
vt 0.865391 0.406679
vt 0.872507 0.400700
vt 0.879328 0.394372
vt 0.885837 0.387709
vt 0.892019 0.380728
vt 0.897859 0.373446
vt 0.903343 0.365879
vt 0.908458 0.358048
vt 0.913190 0.349969
vt 0.917530 0.341663
vt 0.921466 0.333150
vt 0.924989 0.324450
vt 0.928090 0.315584
vt 0.930762 0.306574
vt 0.932999 0.297441
vt 0.934795 0.288208
vt 0.936146 0.278895
vt 0.937048 0.269527
vt 0.937500 0.260125
vt 0.937500 0.250713
vt 0.937048 0.241312
vt 0.936146 0.231946
vt 0.934795 0.222637
vt 0.932999 0.213407
vt 0.930763 0.204279
vt 0.928090 0.195275
vt 0.924989 0.186416
vt 0.921466 0.177723
vt 0.917530 0.169219
vt 0.913191 0.160922
vt 0.908458 0.152854
vt 0.903343 0.145033
vt 0.897860 0.137479
vt 0.892020 0.130210
vt 0.885837 0.123242
vt 0.879328 0.116593
vt 0.872507 0.110280
vt 0.865391 0.104316
vt 0.857997 0.098717
vt 0.850342 0.093496
vt 0.842446 0.088666
vt 0.834328 0.084238
vt 0.826006 0.080222
vt 0.817501 0.076630
vt 0.808833 0.073468
vt 0.800024 0.070745
vt 0.791094 0.068468
vt 0.782065 0.066642
vt 0.772959 0.065270
vt 0.763798 0.064358
vt 0.745014 0.047940
vt 0.754603 0.063906
vt 0.735053 0.048452
vt 0.725128 0.049462
vt 0.715263 0.050969
vt 0.705482 0.052969
vt 0.695808 0.055457
vt 0.686264 0.058427
vt 0.676875 0.061873
vt 0.667661 0.065785
vt 0.658645 0.070155
vt 0.649850 0.074971
vt 0.641296 0.080223
vt 0.633004 0.085897
vt 0.624994 0.091980
vt 0.617284 0.098457
vt 0.609895 0.105313
vt 0.602843 0.112531
vt 0.596146 0.120094
vt 0.589819 0.127983
vt 0.583878 0.136180
vt 0.578338 0.144665
vt 0.573210 0.153416
vt 0.568509 0.162414
vt 0.564245 0.171637
vt 0.560429 0.181062
vt 0.557069 0.190666
vt 0.554174 0.200427
vt 0.551751 0.210321
vt 0.549805 0.220325
vt 0.548342 0.230413
vt 0.547364 0.240562
vt 0.546875 0.250747
vt 0.546875 0.260944
vt 0.547364 0.271128
vt 0.548342 0.281275
vt 0.549805 0.291360
vt 0.551751 0.301359
vt 0.554174 0.311247
vt 0.557069 0.321002
vt 0.560429 0.330599
vt 0.564245 0.340016
vt 0.568509 0.349229
vt 0.573210 0.358217
vt 0.578337 0.366958
vt 0.583878 0.375430
vt 0.589819 0.383614
vt 0.596146 0.391489
vt 0.602843 0.399037
vt 0.609895 0.406240
vt 0.617284 0.413080
vt 0.624993 0.419540
vt 0.633004 0.425606
vt 0.641296 0.431262
vt 0.649850 0.436495
vt 0.658645 0.441292
vt 0.667660 0.445642
vt 0.676874 0.449534
vt 0.686264 0.452959
vt 0.695808 0.455909
vt 0.705482 0.458376
vt 0.715263 0.460354
vt 0.725128 0.461840
vt 0.745397 0.447342
vt 0.735053 0.462829
vt 0.754986 0.463307
vt 0.764947 0.462796
vt 0.774872 0.461786
vt 0.784737 0.460279
vt 0.794518 0.458279
vt 0.804192 0.455790
vt 0.813736 0.452820
vt 0.823126 0.449375
vt 0.832339 0.445462
vt 0.841355 0.441093
vt 0.850150 0.436276
vt 0.858704 0.431025
vt 0.866996 0.425350
vt 0.875006 0.419267
vt 0.882716 0.412790
vt 0.890105 0.405934
vt 0.897157 0.398716
vt 0.903854 0.391153
vt 0.910181 0.383264
vt 0.916122 0.375067
vt 0.921663 0.366583
vt 0.926790 0.357831
vt 0.931491 0.348833
vt 0.935755 0.339611
vt 0.939571 0.330186
vt 0.942931 0.320581
vt 0.945826 0.310820
vt 0.948249 0.300926
vt 0.950195 0.290923
vt 0.951658 0.280835
vt 0.952636 0.270686
vt 0.953125 0.260501
vt 0.953125 0.250304
vt 0.952636 0.240120
vt 0.951658 0.229973
vt 0.950195 0.219888
vt 0.948249 0.209889
vt 0.945826 0.200000
vt 0.942931 0.190245
vt 0.939571 0.180648
vt 0.935755 0.171232
vt 0.931491 0.162018
vt 0.926790 0.153031
vt 0.921663 0.144290
vt 0.916122 0.135818
vt 0.910181 0.127634
vt 0.903855 0.119758
vt 0.897157 0.112210
vt 0.890105 0.105008
vt 0.882716 0.098168
vt 0.875007 0.091707
vt 0.866996 0.085642
vt 0.858704 0.079986
vt 0.850150 0.074753
vt 0.841355 0.069955
vt 0.832340 0.065606
vt 0.823126 0.061713
vt 0.813736 0.058288
vt 0.804193 0.055339
vt 0.794519 0.052872
vt 0.784737 0.050893
vt 0.774872 0.049408
vt 0.764948 0.048419
vt 0.744630 0.031965
vt 0.754987 0.047929
vt 0.733903 0.032515
vt 0.723215 0.033603
vt 0.712591 0.035226
vt 0.702057 0.037380
vt 0.691639 0.040060
vt 0.681362 0.043259
vt 0.671249 0.046969
vt 0.661327 0.051182
vt 0.651618 0.055888
vt 0.642146 0.061075
vt 0.632934 0.066730
vt 0.624004 0.072841
vt 0.615378 0.079392
vt 0.607076 0.086368
vt 0.599118 0.093751
vt 0.591523 0.101524
vt 0.584311 0.109669
vt 0.577497 0.118165
vt 0.571100 0.126992
vt 0.565133 0.136129
vt 0.559611 0.145554
vt 0.554548 0.155244
vt 0.549957 0.165176
vt 0.545846 0.175326
vt 0.542228 0.185670
vt 0.539111 0.196182
vt 0.536501 0.206837
vt 0.534406 0.217609
vt 0.532830 0.228473
vt 0.531777 0.239403
vt 0.531250 0.250372
vt 0.531250 0.261353
vt 0.531777 0.272321
vt 0.532830 0.283248
vt 0.534406 0.294109
vt 0.536501 0.304877
vt 0.539110 0.315526
vt 0.542228 0.326031
vt 0.545846 0.336367
vt 0.549956 0.346508
vt 0.554548 0.356430
vt 0.559611 0.366109
vt 0.565133 0.375522
vt 0.571099 0.384646
vt 0.577497 0.393459
vt 0.584311 0.401940
vt 0.591523 0.410069
vt 0.599118 0.417826
vt 0.607075 0.425192
vt 0.615377 0.432149
vt 0.624004 0.438681
vt 0.632934 0.444772
vt 0.642146 0.450408
vt 0.651618 0.455574
vt 0.661327 0.460259
vt 0.671249 0.464450
vt 0.681361 0.468139
vt 0.691639 0.471315
vt 0.702057 0.473972
vt 0.712591 0.476103
vt 0.723215 0.477703
vt 0.745013 0.463318
vt 0.733903 0.478767
vt 0.755370 0.479283
vt 0.766097 0.478732
vt 0.776785 0.477644
vt 0.787409 0.476021
vt 0.797943 0.473867
vt 0.808361 0.471188
vt 0.818638 0.467989
vt 0.828751 0.464278
vt 0.838673 0.460065
vt 0.848382 0.455360
vt 0.857854 0.450173
vt 0.867066 0.444517
vt 0.875996 0.438406
vt 0.884622 0.431855
vt 0.892925 0.424880
vt 0.900882 0.417497
vt 0.908477 0.409723
vt 0.915689 0.401579
vt 0.922503 0.393083
vt 0.928901 0.384255
vt 0.934867 0.375118
vt 0.940389 0.365693
vt 0.945452 0.356003
vt 0.950044 0.346071
vt 0.954154 0.335921
vt 0.957772 0.325578
vt 0.960890 0.315066
vt 0.963499 0.304411
vt 0.965594 0.293638
vt 0.967170 0.282774
vt 0.968223 0.271844
vt 0.968750 0.260876
vt 0.968750 0.249894
vt 0.968223 0.238927
vt 0.967170 0.228000
vt 0.965594 0.217139
vt 0.963499 0.206371
vt 0.960890 0.195721
vt 0.957772 0.185216
vt 0.954154 0.174881
vt 0.950044 0.164740
vt 0.945452 0.154818
vt 0.940389 0.145139
vt 0.934868 0.135726
vt 0.928901 0.126602
vt 0.922503 0.117788
vt 0.915689 0.109307
vt 0.908477 0.101178
vt 0.900883 0.093422
vt 0.892925 0.086056
vt 0.884623 0.079098
vt 0.875996 0.072566
vt 0.867066 0.066475
vt 0.857854 0.060840
vt 0.848382 0.055673
vt 0.838673 0.050989
vt 0.828751 0.046797
vt 0.818639 0.043109
vt 0.808361 0.039932
vt 0.797943 0.037275
vt 0.787409 0.035145
vt 0.776786 0.033545
vt 0.766097 0.032480
vt 0.744247 0.015989
vt 0.755370 0.031953
vt 0.732753 0.016579
vt 0.721302 0.017745
vt 0.709919 0.019483
vt 0.698633 0.021791
vt 0.687471 0.024662
vt 0.676459 0.028090
vt 0.665624 0.032065
vt 0.654993 0.036579
vt 0.644591 0.041621
vt 0.634442 0.047179
vt 0.624572 0.053238
vt 0.615005 0.059785
vt 0.605762 0.066804
vt 0.596867 0.074278
vt 0.588340 0.082189
vt 0.580204 0.090517
vt 0.572476 0.099243
vt 0.565176 0.108346
vt 0.558321 0.117804
vt 0.551928 0.127594
vt 0.546012 0.137692
vt 0.540588 0.148074
vt 0.535668 0.158716
vt 0.531264 0.169591
vt 0.527387 0.180673
vt 0.524047 0.191936
vt 0.521251 0.203352
vt 0.519006 0.214894
vt 0.517318 0.226534
vt 0.516190 0.238244
vt 0.515625 0.249997
vt 0.515625 0.261762
vt 0.516190 0.273513
vt 0.517318 0.285221
vt 0.519006 0.296858
vt 0.521251 0.308395
vt 0.524047 0.319805
vt 0.527387 0.331060
vt 0.531264 0.342134
vt 0.535668 0.352999
vt 0.540587 0.363630
vt 0.546012 0.374000
vt 0.551928 0.384086
vt 0.558321 0.393862
vt 0.565176 0.403304
vt 0.572476 0.412392
vt 0.580203 0.421101
vt 0.588340 0.429412
vt 0.596866 0.437304
vt 0.605762 0.444758
vt 0.615004 0.451757
vt 0.624572 0.458283
vt 0.634442 0.464321
vt 0.644590 0.469856
vt 0.654993 0.474875
vt 0.665624 0.479366
vt 0.676459 0.483318
vt 0.687470 0.486722
vt 0.698633 0.489568
vt 0.709919 0.491851
vt 0.721301 0.493565
vt 0.744630 0.479294
vt 0.732753 0.494706
vt 0.755753 0.495258
vt 0.767247 0.494669
vt 0.778699 0.493503
vt 0.790081 0.491764
vt 0.801367 0.489456
vt 0.812530 0.486585
vt 0.823541 0.483158
vt 0.834376 0.479182
vt 0.845007 0.474668
vt 0.855409 0.469626
vt 0.865558 0.464069
vt 0.875428 0.458009
vt 0.884996 0.451462
vt 0.894238 0.444443
vt 0.903133 0.436970
vt 0.911660 0.429059
vt 0.919796 0.420730
vt 0.927524 0.412004
vt 0.934824 0.402901
vt 0.941679 0.393443
vt 0.948072 0.383654
vt 0.953988 0.373555
vt 0.959413 0.363173
vt 0.964332 0.352532
vt 0.968736 0.341657
vt 0.972613 0.330575
vt 0.975953 0.319312
vt 0.978749 0.307896
vt 0.980994 0.296354
vt 0.982682 0.284713
vt 0.983810 0.273003
vt 0.984375 0.261251
vt 0.984375 0.249485
vt 0.983810 0.237734
vt 0.982683 0.226026
vt 0.980994 0.214390
vt 0.978749 0.202853
vt 0.975953 0.191443
vt 0.972613 0.180187
vt 0.968736 0.169114
vt 0.964333 0.158248
vt 0.959413 0.147618
vt 0.953988 0.137247
vt 0.948072 0.127162
vt 0.941679 0.117386
vt 0.934825 0.107943
vt 0.927524 0.098856
vt 0.919797 0.090147
vt 0.911660 0.081836
vt 0.903134 0.073944
vt 0.894239 0.066489
vt 0.884996 0.059491
vt 0.875428 0.052964
vt 0.865558 0.046926
vt 0.855410 0.041391
vt 0.845007 0.036372
vt 0.834376 0.031881
vt 0.823542 0.027929
vt 0.812530 0.024526
vt 0.801368 0.021679
vt 0.790082 0.019396
vt 0.778699 0.017682
vt 0.767247 0.016541
vt 0.743863 0.000013
vt 0.755754 0.015977
vt 0.731604 0.000643
vt 0.719388 0.001886
vt 0.707247 0.003741
vt 0.695208 0.006202
vt 0.683302 0.009265
vt 0.671556 0.012921
vt 0.659999 0.017161
vt 0.648659 0.021976
vt 0.637564 0.027354
vt 0.626739 0.033282
vt 0.616211 0.039746
vt 0.606005 0.046729
vt 0.596146 0.054216
vt 0.586658 0.062188
vt 0.577563 0.070626
vt 0.568884 0.079510
vt 0.560641 0.088818
vt 0.552854 0.098528
vt 0.545542 0.108616
vt 0.538723 0.119059
vt 0.532413 0.129830
vt 0.526627 0.140905
vt 0.521379 0.152255
vt 0.516682 0.163855
vt 0.512547 0.175676
vt 0.508983 0.187690
vt 0.506001 0.199867
vt 0.503606 0.212179
vt 0.501805 0.224595
vt 0.500602 0.237086
vt 0.500000 0.249621
vt 0.500000 0.262172
vt 0.500602 0.274706
vt 0.501805 0.287194
vt 0.503606 0.299606
vt 0.506001 0.311913
vt 0.508983 0.324084
vt 0.512546 0.336089
vt 0.516682 0.347901
vt 0.521379 0.359491
vt 0.526627 0.370830
vt 0.532413 0.381892
vt 0.538723 0.392650
vt 0.545542 0.403078
vt 0.552854 0.413150
vt 0.560641 0.422843
vt 0.568884 0.432133
vt 0.577563 0.440998
vt 0.586658 0.449416
vt 0.596146 0.457367
vt 0.606005 0.464832
vt 0.616210 0.471794
vt 0.626738 0.478234
vt 0.637563 0.484139
vt 0.648659 0.489492
vt 0.659999 0.494283
vt 0.671556 0.498498
vt 0.683302 0.502128
vt 0.695208 0.505165
vt 0.707247 0.507600
vt 0.719388 0.509428
vt 0.744246 0.495271
vt 0.731603 0.510645
vt 0.756137 0.511234
vt 0.768397 0.510605
vt 0.780612 0.509361
vt 0.792753 0.507507
vt 0.804792 0.505045
vt 0.816698 0.501983
vt 0.828444 0.498327
vt 0.840001 0.494086
vt 0.851341 0.489271
vt 0.862437 0.483893
vt 0.873262 0.477965
vt 0.883790 0.471502
vt 0.893995 0.464518
vt 0.903854 0.457031
vt 0.913342 0.449059
vt 0.922437 0.440621
vt 0.931116 0.431738
vt 0.939359 0.422430
vt 0.947146 0.412720
vt 0.954458 0.402631
vt 0.961277 0.392189
vt 0.967587 0.381417
vt 0.973373 0.370343
vt 0.978621 0.358992
vt 0.983318 0.347392
vt 0.987454 0.335571
vt 0.991017 0.323558
vt 0.993999 0.311380
vt 0.996394 0.299069
vt 0.998195 0.286653
vt 0.999398 0.274162
vt 1.000000 0.261626
vt 1.000000 0.249076
vt 0.999398 0.236542
vt 0.998195 0.224053
vt 0.996394 0.211641
vt 0.993999 0.199335
vt 0.991017 0.187164
vt 0.987454 0.175158
vt 0.983319 0.163346
vt 0.978621 0.151757
vt 0.973373 0.140417
vt 0.967587 0.129355
vt 0.961277 0.118598
vt 0.954458 0.108170
vt 0.947146 0.098098
vt 0.939359 0.088405
vt 0.931116 0.079115
vt 0.922437 0.070250
vt 0.913343 0.061832
vt 0.903854 0.053880
vt 0.893996 0.046415
vt 0.883790 0.039454
vt 0.873262 0.033013
vt 0.862437 0.027109
vt 0.851341 0.021755
vt 0.840001 0.016965
vt 0.828444 0.012749
vt 0.816698 0.009119
vt 0.804792 0.006083
vt 0.792754 0.003647
vt 0.780612 0.001819
vt 0.768397 0.000602
vt 0.006220 0.689891
vt 0.004146 0.677617
vt 0.004146 0.689891
vt 0.006220 0.677617
vt 0.004146 0.665357
vt 0.006220 0.665357
vt 0.004146 0.653140
vt 0.006220 0.653140
vt 0.004146 0.640997
vt 0.006220 0.640997
vt 0.004146 0.628956
vt 0.006220 0.628956
vt 0.004146 0.617046
vt 0.006220 0.617046
vt 0.004146 0.605297
vt 0.006220 0.605297
vt 0.004146 0.593736
vt 0.006220 0.593736
vt 0.004146 0.582391
vt 0.006220 0.582391
vt 0.004146 0.571290
vt 0.006220 0.571290
vt 0.004146 0.560460
vt 0.006220 0.560460
vt 0.004146 0.549925
vt 0.006220 0.549925
vt 0.004146 0.539713
vt 0.006220 0.539713
vt 0.004146 0.529846
vt 0.006220 0.529846
vt 0.004146 0.520350
vt 0.006220 0.520350
vt 0.004146 0.511247
vt 0.000000 0.511247
vt 0.002073 0.520130
vt 0.002073 0.511247
vt 0.000000 0.520130
vt 0.002073 0.529437
vt 0.000000 0.529437
vt 0.002073 0.539147
vt 0.000000 0.539147
vt 0.002073 0.549234
vt 0.000000 0.549234
vt 0.002073 0.559676
vt 0.000000 0.559676
vt 0.002073 0.570447
vt 0.000000 0.570447
vt 0.002073 0.581521
vt 0.000000 0.581521
vt 0.002073 0.592871
vt 0.000000 0.592871
vt 0.002073 0.604470
vt 0.000000 0.604470
vt 0.002073 0.616291
vt 0.000000 0.616291
vt 0.002073 0.628304
vt 0.000000 0.628304
vt 0.002073 0.640481
vt 0.000000 0.640481
vt 0.002073 0.652793
vt 0.000000 0.652793
vt 0.002073 0.665209
vt 0.000000 0.665209
vt 0.002073 0.677699
vt 0.000000 0.677699
vt 0.002073 0.690235
vt 0.000000 0.690235
vt 0.002073 0.702785
vt 0.000000 0.702785
vt 0.002073 0.715319
vt 0.000000 0.715319
vt 0.002073 0.727808
vt 0.000000 0.727808
vt 0.002073 0.740220
vt 0.000000 0.740220
vt 0.002073 0.752527
vt 0.000000 0.752527
vt 0.002073 0.764698
vt 0.000000 0.764698
vt 0.002073 0.776704
vt 0.000000 0.776704
vt 0.002073 0.788516
vt 0.000000 0.788516
vt 0.002073 0.800107
vt 0.000000 0.800107
vt 0.002073 0.811447
vt 0.000000 0.811447
vt 0.002073 0.822509
vt 0.000000 0.822509
vt 0.002073 0.833267
vt 0.000000 0.833267
vt 0.002073 0.843696
vt 0.000000 0.843696
vt 0.002073 0.853769
vt 0.000000 0.853769
vt 0.002073 0.863462
vt 0.000000 0.863462
vt 0.002073 0.872753
vt 0.000000 0.872753
vt 0.002073 0.881619
vt 0.006220 0.511247
vt 0.008293 0.520334
vt 0.008293 0.511247
vt 0.006220 0.520334
vt 0.008293 0.529814
vt 0.006220 0.529814
vt 0.008293 0.539666
vt 0.006220 0.539666
vt 0.008293 0.549864
vt 0.006220 0.549864
vt 0.008293 0.560386
vt 0.006220 0.560386
vt 0.008293 0.571205
vt 0.006220 0.571205
vt 0.008293 0.582296
vt 0.006220 0.582296
vt 0.008293 0.593631
vt 0.006220 0.593631
vt 0.008293 0.605184
vt 0.006220 0.605184
vt 0.008293 0.616926
vt 0.006220 0.616926
vt 0.008293 0.628829
vt 0.006220 0.628829
vt 0.008293 0.640866
vt 0.006220 0.640866
vt 0.008293 0.653005
vt 0.006220 0.653005
vt 0.008293 0.665219
vt 0.006220 0.665219
vt 0.008293 0.677478
vt 0.006220 0.677478
vt 0.008293 0.689752
vt 0.006220 0.689752
vt 0.008293 0.702013
vt 0.006220 0.702013
vt 0.008293 0.714229
vt 0.006220 0.714229
vt 0.008293 0.726372
vt 0.006220 0.726372
vt 0.008293 0.738413
vt 0.006220 0.738413
vt 0.008293 0.750323
vt 0.006220 0.750323
vt 0.008293 0.762072
vt 0.006220 0.762072
vt 0.008293 0.773633
vt 0.006220 0.773633
vt 0.008293 0.784978
vt 0.006220 0.784978
vt 0.008293 0.796079
vt 0.006220 0.796079
vt 0.008293 0.806910
vt 0.006220 0.806910
vt 0.008293 0.817444
vt 0.006220 0.817444
vt 0.008293 0.827657
vt 0.006220 0.827657
vt 0.008293 0.837523
vt 0.006220 0.837523
vt 0.008293 0.847019
vt 0.006220 0.847019
vt 0.008293 0.856122
vt 0.004146 0.881619
vt 0.002073 0.872736
vt 0.004146 0.872736
vt 0.002073 0.863429
vt 0.004146 0.863429
vt 0.002073 0.853720
vt 0.004146 0.853720
vt 0.002073 0.843632
vt 0.004146 0.843632
vt 0.002073 0.833190
vt 0.004146 0.833190
vt 0.002073 0.822419
vt 0.004146 0.822419
vt 0.002073 0.811346
vt 0.004146 0.811346
vt 0.002073 0.799995
vt 0.004146 0.799995
vt 0.002073 0.788396
vt 0.004146 0.788396
vt 0.002073 0.776575
vt 0.004146 0.776575
vt 0.002073 0.764562
vt 0.004146 0.764562
vt 0.002073 0.752385
vt 0.004146 0.752385
vt 0.002073 0.740074
vt 0.004146 0.740074
vt 0.002073 0.727658
vt 0.004146 0.727658
vt 0.002073 0.715167
vt 0.004146 0.715167
vt 0.002073 0.702631
vt 0.004146 0.702631
vt 0.002073 0.690081
vt 0.004146 0.690081
vt 0.002073 0.677547
vt 0.004146 0.677547
vt 0.002073 0.665058
vt 0.004146 0.665058
vt 0.002073 0.652646
vt 0.004146 0.652646
vt 0.002073 0.640339
vt 0.004146 0.640339
vt 0.002073 0.628168
vt 0.004146 0.628168
vt 0.002073 0.616162
vt 0.004146 0.616162
vt 0.002073 0.604350
vt 0.004146 0.604350
vt 0.002073 0.592760
vt 0.004146 0.592760
vt 0.002073 0.581420
vt 0.004146 0.581420
vt 0.002073 0.570357
vt 0.004146 0.570357
vt 0.002073 0.559599
vt 0.004146 0.559599
vt 0.002073 0.549171
vt 0.004146 0.549171
vt 0.002073 0.539098
vt 0.004146 0.539098
vt 0.002073 0.529404
vt 0.004146 0.529404
vt 0.002073 0.520113
vt 0.004146 0.520113
vt 0.006220 0.856122
vt 0.004146 0.847035
vt 0.004146 0.856122
vt 0.006220 0.847035
vt 0.004146 0.837555
vt 0.006220 0.837555
vt 0.004146 0.827703
vt 0.006220 0.827703
vt 0.004146 0.817505
vt 0.006220 0.817505
vt 0.004146 0.806983
vt 0.006220 0.806983
vt 0.004146 0.796164
vt 0.006220 0.796164
vt 0.004146 0.785073
vt 0.006220 0.785073
vt 0.004146 0.773738
vt 0.006220 0.773738
vt 0.004146 0.762185
vt 0.006220 0.762185
vt 0.004146 0.750443
vt 0.006220 0.750443
vt 0.004146 0.738540
vt 0.006220 0.738540
vt 0.004146 0.726504
vt 0.006220 0.726504
vt 0.004146 0.714364
vt 0.006220 0.714364
vt 0.004146 0.702150
vt 0.006220 0.702150
vt 0.243863 0.511247
vt 0.256137 0.000000
vt 0.756137 0.000000
vt 0.743863 0.511247
vt 0.000000 0.881619
vt 0.006220 0.856122
s 1
usemtl washer_window_smoke.001
f 1473/387/1391 1474/388/1392 1475/389/1393
f 1473/387/1391 1475/389/1393 1476/390/1394
f 1473/387/1391 1476/390/1394 1477/391/1395
f 1473/387/1391 1477/391/1395 1478/392/1396
f 1473/387/1391 1478/392/1396 1479/393/1397
f 1473/387/1391 1479/393/1397 1480/394/1398
f 1473/387/1391 1480/394/1398 1481/395/1399
f 1473/387/1391 1481/395/1399 1482/396/1400
f 1473/387/1391 1482/396/1400 1483/397/1401
f 1473/387/1391 1483/397/1401 1484/398/1402
f 1473/387/1391 1484/398/1402 1485/399/1403
f 1473/387/1391 1485/399/1403 1486/400/1404
f 1473/387/1391 1486/400/1404 1487/401/1405
f 1473/387/1391 1487/401/1405 1488/402/1406
f 1473/387/1391 1488/402/1406 1489/403/1407
f 1473/387/1391 1489/403/1407 1490/404/1408
f 1473/387/1391 1490/404/1408 1491/405/1409
f 1473/387/1391 1491/405/1409 1492/406/1410
f 1473/387/1391 1492/406/1410 1493/407/1411
f 1473/387/1391 1493/407/1411 1494/408/1412
f 1473/387/1391 1494/408/1412 1495/409/1413
f 1473/387/1391 1495/409/1413 1496/410/1414
f 1473/387/1391 1496/410/1414 1497/411/1415
f 1473/387/1391 1497/411/1415 1498/412/1416
f 1473/387/1391 1498/412/1416 1499/413/1417
f 1473/387/1391 1499/413/1417 1500/414/1418
f 1473/387/1391 1500/414/1418 1501/415/1419
f 1473/387/1391 1501/415/1419 1502/416/1420
f 1473/387/1391 1502/416/1420 1503/417/1421
f 1473/387/1391 1503/417/1421 1504/418/1422
f 1473/387/1391 1504/418/1422 1505/419/1423
f 1473/387/1391 1505/419/1423 1506/420/1424
f 1473/387/1391 1506/420/1424 1507/421/1425
f 1473/387/1391 1507/421/1425 1508/422/1426
f 1473/387/1391 1508/422/1426 1509/423/1427
f 1473/387/1391 1509/423/1427 1510/424/1428
f 1473/387/1391 1510/424/1428 1511/425/1429
f 1473/387/1391 1511/425/1429 1512/426/1430
f 1473/387/1391 1512/426/1430 1513/427/1431
f 1473/387/1391 1513/427/1431 1514/428/1432
f 1473/387/1391 1514/428/1432 1515/429/1433
f 1473/387/1391 1515/429/1433 1516/430/1434
f 1473/387/1391 1516/430/1434 1517/431/1435
f 1473/387/1391 1517/431/1435 1518/432/1436
f 1473/387/1391 1518/432/1436 1519/433/1437
f 1473/387/1391 1519/433/1437 1520/434/1438
f 1473/387/1391 1520/434/1438 1521/435/1439
f 1473/387/1391 1521/435/1439 1522/436/1440
f 1473/387/1391 1522/436/1440 1523/437/1441
f 1473/387/1391 1523/437/1441 1524/438/1442
f 1473/387/1391 1524/438/1442 1525/439/1443
f 1473/387/1391 1525/439/1443 1526/440/1444
f 1473/387/1391 1526/440/1444 1527/441/1445
f 1473/387/1391 1527/441/1445 1528/442/1446
f 1473/387/1391 1528/442/1446 1529/443/1447
f 1473/387/1391 1529/443/1447 1530/444/1448
f 1473/387/1391 1530/444/1448 1531/445/1449
f 1473/387/1391 1531/445/1449 1532/446/1450
f 1473/387/1391 1532/446/1450 1533/447/1451
f 1473/387/1391 1533/447/1451 1534/448/1452
f 1473/387/1391 1534/448/1452 1535/449/1453
f 1473/387/1391 1535/449/1453 1536/450/1454
f 1473/387/1391 1536/450/1454 1537/451/1455
f 1473/387/1391 1537/451/1455 1538/452/1456
f 1473/387/1391 1538/452/1456 1539/453/1457
f 1473/387/1391 1539/453/1457 1540/454/1458
f 1473/387/1391 1540/454/1458 1541/455/1459
f 1473/387/1391 1541/455/1459 1542/456/1460
f 1473/387/1391 1542/456/1460 1543/457/1461
f 1473/387/1391 1543/457/1461 1544/458/1462
f 1473/387/1391 1544/458/1462 1545/459/1463
f 1473/387/1391 1545/459/1463 1546/460/1464
f 1473/387/1391 1546/460/1464 1547/461/1465
f 1473/387/1391 1547/461/1465 1548/462/1466
f 1473/387/1391 1548/462/1466 1549/463/1467
f 1473/387/1391 1549/463/1467 1550/464/1468
f 1473/387/1391 1550/464/1468 1551/465/1469
f 1473/387/1391 1551/465/1469 1552/466/1470
f 1473/387/1391 1552/466/1470 1553/467/1471
f 1473/387/1391 1553/467/1471 1554/468/1472
f 1473/387/1391 1554/468/1472 1555/469/1473
f 1473/387/1391 1555/469/1473 1556/470/1474
f 1473/387/1391 1556/470/1474 1557/471/1475
f 1473/387/1391 1557/471/1475 1558/472/1476
f 1473/387/1391 1558/472/1476 1559/473/1477
f 1473/387/1391 1559/473/1477 1560/474/1478
f 1473/387/1391 1560/474/1478 1561/475/1479
f 1473/387/1391 1561/475/1479 1562/476/1480
f 1473/387/1391 1562/476/1480 1563/477/1481
f 1473/387/1391 1563/477/1481 1564/478/1482
f 1473/387/1391 1564/478/1482 1565/479/1483
f 1473/387/1391 1565/479/1483 1566/480/1484
f 1473/387/1391 1566/480/1484 1567/481/1485
f 1473/387/1391 1567/481/1485 1568/482/1486
f 1473/387/1391 1568/482/1486 1569/483/1487
f 1473/387/1391 1569/483/1487 1570/484/1488
f 1473/387/1391 1570/484/1488 1571/485/1489
f 1473/387/1391 1571/485/1489 1572/486/1490
f 1473/387/1391 1572/486/1490 1573/487/1491
f 1473/387/1391 1573/487/1491 1574/488/1492
f 1473/387/1391 1574/488/1492 1575/489/1493
f 1473/387/1391 1575/489/1493 1576/490/1494
f 1473/387/1391 1576/490/1494 1577/491/1495
f 1473/387/1391 1577/491/1495 1578/492/1496
f 1473/387/1391 1578/492/1496 1579/493/1497
f 1473/387/1391 1579/493/1497 1580/494/1498
f 1473/387/1391 1580/494/1498 1581/495/1499
f 1473/387/1391 1581/495/1499 1582/496/1500
f 1473/387/1391 1582/496/1500 1583/497/1501
f 1473/387/1391 1583/497/1501 1584/498/1502
f 1473/387/1391 1584/498/1502 1585/499/1503
f 1473/387/1391 1585/499/1503 1586/500/1504
f 1473/387/1391 1586/500/1504 1587/501/1505
f 1473/387/1391 1587/501/1505 1588/502/1506
f 1473/387/1391 1588/502/1506 1589/503/1507
f 1473/387/1391 1589/503/1507 1590/504/1508
f 1473/387/1391 1590/504/1508 1591/505/1509
f 1473/387/1391 1591/505/1509 1592/506/1510
f 1473/387/1391 1592/506/1510 1593/507/1511
f 1473/387/1391 1593/507/1511 1594/508/1512
f 1473/387/1391 1594/508/1512 1595/509/1513
f 1473/387/1391 1595/509/1513 1596/510/1514
f 1473/387/1391 1596/510/1514 1597/511/1515
f 1473/387/1391 1597/511/1515 1598/512/1516
f 1473/387/1391 1598/512/1516 1599/513/1517
f 1473/387/1391 1599/513/1517 1600/514/1518
f 1473/387/1391 1600/514/1518 1601/515/1519
f 1473/387/1391 1601/515/1519 1474/388/1392
f 1474/388/1392 1603/516/1521 1475/389/1393
f 1475/389/1393 1604/517/1522 1476/390/1394
f 1476/390/1394 1605/518/1523 1477/391/1395
f 1477/391/1395 1606/519/1524 1478/392/1396
f 1478/392/1396 1607/520/1525 1479/393/1397
f 1479/393/1397 1608/521/1526 1480/394/1398
f 1480/394/1398 1609/522/1527 1481/395/1399
f 1481/395/1399 1610/523/1528 1482/396/1400
f 1482/396/1400 1611/524/1529 1483/397/1401
f 1483/397/1401 1612/525/1530 1484/398/1402
f 1484/398/1402 1613/526/1531 1485/399/1403
f 1485/399/1403 1614/527/1532 1486/400/1404
f 1486/400/1404 1615/528/1533 1487/401/1405
f 1487/401/1405 1616/529/1534 1488/402/1406
f 1488/402/1406 1617/530/1535 1489/403/1407
f 1489/403/1407 1618/531/1536 1490/404/1408
f 1490/404/1408 1619/532/1537 1491/405/1409
f 1491/405/1409 1620/533/1538 1492/406/1410
f 1492/406/1410 1621/534/1539 1493/407/1411
f 1493/407/1411 1622/535/1540 1494/408/1412
f 1494/408/1412 1623/536/1541 1495/409/1413
f 1495/409/1413 1624/537/1542 1496/410/1414
f 1496/410/1414 1625/538/1543 1497/411/1415
f 1497/411/1415 1626/539/1544 1498/412/1416
f 1498/412/1416 1627/540/1545 1499/413/1417
f 1499/413/1417 1628/541/1546 1500/414/1418
f 1500/414/1418 1629/542/1547 1501/415/1419
f 1501/415/1419 1630/543/1548 1502/416/1420
f 1502/416/1420 1631/544/1549 1503/417/1421
f 1503/417/1421 1632/545/1550 1504/418/1422
f 1504/418/1422 1633/546/1551 1505/419/1423
f 1505/419/1423 1634/547/1552 1506/420/1424
f 1634/547/1552 1507/421/1425 1506/420/1424
f 1635/548/1553 1508/422/1426 1507/421/1425
f 1636/549/1554 1509/423/1427 1508/422/1426
f 1637/550/1555 1510/424/1428 1509/423/1427
f 1638/551/1556 1511/425/1429 1510/424/1428
f 1639/552/1557 1512/426/1430 1511/425/1429
f 1640/553/1558 1513/427/1431 1512/426/1430
f 1641/554/1559 1514/428/1432 1513/427/1431
f 1642/555/1560 1515/429/1433 1514/428/1432
f 1643/556/1561 1516/430/1434 1515/429/1433
f 1644/557/1562 1517/431/1435 1516/430/1434
f 1645/558/1563 1518/432/1436 1517/431/1435
f 1646/559/1564 1519/433/1437 1518/432/1436
f 1647/560/1565 1520/434/1438 1519/433/1437
f 1648/561/1566 1521/435/1439 1520/434/1438
f 1649/562/1567 1522/436/1440 1521/435/1439
f 1650/563/1568 1523/437/1441 1522/436/1440
f 1651/564/1569 1524/438/1442 1523/437/1441
f 1652/565/1570 1525/439/1443 1524/438/1442
f 1653/566/1571 1526/440/1444 1525/439/1443
f 1654/567/1572 1527/441/1445 1526/440/1444
f 1655/568/1573 1528/442/1446 1527/441/1445
f 1656/569/1574 1529/443/1447 1528/442/1446
f 1657/570/1575 1530/444/1448 1529/443/1447
f 1658/571/1576 1531/445/1449 1530/444/1448
f 1659/572/1577 1532/446/1450 1531/445/1449
f 1660/573/1578 1533/447/1451 1532/446/1450
f 1661/574/1579 1534/448/1452 1533/447/1451
f 1662/575/1580 1535/449/1453 1534/448/1452
f 1663/576/1581 1536/450/1454 1535/449/1453
f 1664/577/1582 1537/451/1455 1536/450/1454
f 1665/578/1583 1538/452/1456 1537/451/1455
f 1538/452/1456 1667/579/1585 1539/453/1457
f 1539/453/1457 1668/580/1586 1540/454/1458
f 1540/454/1458 1669/581/1587 1541/455/1459
f 1541/455/1459 1670/582/1588 1542/456/1460
f 1542/456/1460 1671/583/1589 1543/457/1461
f 1543/457/1461 1672/584/1590 1544/458/1462
f 1544/458/1462 1673/585/1591 1545/459/1463
f 1545/459/1463 1674/586/1592 1546/460/1464
f 1546/460/1464 1675/587/1593 1547/461/1465
f 1547/461/1465 1676/588/1594 1548/462/1466
f 1548/462/1466 1677/589/1595 1549/463/1467
f 1549/463/1467 1678/590/1596 1550/464/1468
f 1550/464/1468 1679/591/1597 1551/465/1469
f 1551/465/1469 1680/592/1598 1552/466/1470
f 1552/466/1470 1681/593/1599 1553/467/1471
f 1553/467/1471 1682/594/1600 1554/468/1472
f 1554/468/1472 1683/595/1601 1555/469/1473
f 1555/469/1473 1684/596/1602 1556/470/1474
f 1556/470/1474 1685/597/1603 1557/471/1475
f 1557/471/1475 1686/598/1604 1558/472/1476
f 1558/472/1476 1687/599/1605 1559/473/1477
f 1559/473/1477 1688/600/1606 1560/474/1478
f 1560/474/1478 1689/601/1607 1561/475/1479
f 1561/475/1479 1690/602/1608 1562/476/1480
f 1562/476/1480 1691/603/1609 1563/477/1481
f 1563/477/1481 1692/604/1610 1564/478/1482
f 1564/478/1482 1693/605/1611 1565/479/1483
f 1565/479/1483 1694/606/1612 1566/480/1484
f 1566/480/1484 1695/607/1613 1567/481/1485
f 1567/481/1485 1696/608/1614 1568/482/1486
f 1568/482/1486 1697/609/1615 1569/483/1487
f 1569/483/1487 1698/610/1616 1570/484/1488
f 1698/610/1616 1571/485/1489 1570/484/1488
f 1699/611/1617 1572/486/1490 1571/485/1489
f 1700/612/1618 1573/487/1491 1572/486/1490
f 1701/613/1619 1574/488/1492 1573/487/1491
f 1702/614/1620 1575/489/1493 1574/488/1492
f 1703/615/1621 1576/490/1494 1575/489/1493
f 1704/616/1622 1577/491/1495 1576/490/1494
f 1705/617/1623 1578/492/1496 1577/491/1495
f 1706/618/1624 1579/493/1497 1578/492/1496
f 1707/619/1625 1580/494/1498 1579/493/1497
f 1708/620/1626 1581/495/1499 1580/494/1498
f 1709/621/1627 1582/496/1500 1581/495/1499
f 1710/622/1628 1583/497/1501 1582/496/1500
f 1711/623/1629 1584/498/1502 1583/497/1501
f 1712/624/1630 1585/499/1503 1584/498/1502
f 1713/625/1631 1586/500/1504 1585/499/1503
f 1714/626/1632 1587/501/1505 1586/500/1504
f 1715/627/1633 1588/502/1506 1587/501/1505
f 1716/628/1634 1589/503/1507 1588/502/1506
f 1717/629/1635 1590/504/1508 1589/503/1507
f 1718/630/1636 1591/505/1509 1590/504/1508
f 1719/631/1637 1592/506/1510 1591/505/1509
f 1720/632/1638 1593/507/1511 1592/506/1510
f 1721/633/1639 1594/508/1512 1593/507/1511
f 1722/634/1640 1595/509/1513 1594/508/1512
f 1723/635/1641 1596/510/1514 1595/509/1513
f 1724/636/1642 1597/511/1515 1596/510/1514
f 1725/637/1643 1598/512/1516 1597/511/1515
f 1726/638/1644 1599/513/1517 1598/512/1516
f 1727/639/1645 1600/514/1518 1599/513/1517
f 1728/640/1646 1601/515/1519 1600/514/1518
f 1729/641/1647 1474/388/1392 1601/515/1519
f 1602/642/1520 1731/643/1649 1603/516/1521
f 1603/516/1521 1732/644/1650 1604/517/1522
f 1604/517/1522 1733/645/1651 1605/518/1523
f 1605/518/1523 1734/646/1652 1606/519/1524
f 1606/519/1524 1735/647/1653 1607/520/1525
f 1607/520/1525 1736/648/1654 1608/521/1526
f 1608/521/1526 1737/649/1655 1609/522/1527
f 1609/522/1527 1738/650/1656 1610/523/1528
f 1610/523/1528 1739/651/1657 1611/524/1529
f 1611/524/1529 1740/652/1658 1612/525/1530
f 1612/525/1530 1741/653/1659 1613/526/1531
f 1613/526/1531 1742/654/1660 1614/527/1532
f 1614/527/1532 1743/655/1661 1615/528/1533
f 1615/528/1533 1744/656/1662 1616/529/1534
f 1616/529/1534 1745/657/1663 1617/530/1535
f 1617/530/1535 1746/658/1664 1618/531/1536
f 1618/531/1536 1747/659/1665 1619/532/1537
f 1619/532/1537 1748/660/1666 1620/533/1538
f 1620/533/1538 1749/661/1667 1621/534/1539
f 1621/534/1539 1750/662/1668 1622/535/1540
f 1622/535/1540 1751/663/1669 1623/536/1541
f 1623/536/1541 1752/664/1670 1624/537/1542
f 1624/537/1542 1753/665/1671 1625/538/1543
f 1625/538/1543 1754/666/1672 1626/539/1544
f 1626/539/1544 1755/667/1673 1627/540/1545
f 1627/540/1545 1756/668/1674 1628/541/1546
f 1628/541/1546 1757/669/1675 1629/542/1547
f 1629/542/1547 1758/670/1676 1630/543/1548
f 1630/543/1548 1759/671/1677 1631/544/1549
f 1631/544/1549 1760/672/1678 1632/545/1550
f 1632/545/1550 1761/673/1679 1633/546/1551
f 1633/546/1551 1762/674/1680 1634/547/1552
f 1762/674/1680 1635/548/1553 1634/547/1552
f 1763/675/1681 1636/549/1554 1635/548/1553
f 1764/676/1682 1637/550/1555 1636/549/1554
f 1765/677/1683 1638/551/1556 1637/550/1555
f 1766/678/1684 1639/552/1557 1638/551/1556
f 1767/679/1685 1640/553/1558 1639/552/1557
f 1768/680/1686 1641/554/1559 1640/553/1558
f 1769/681/1687 1642/555/1560 1641/554/1559
f 1770/682/1688 1643/556/1561 1642/555/1560
f 1771/683/1689 1644/557/1562 1643/556/1561
f 1772/684/1690 1645/558/1563 1644/557/1562
f 1773/685/1691 1646/559/1564 1645/558/1563
f 1774/686/1692 1647/560/1565 1646/559/1564
f 1775/687/1693 1648/561/1566 1647/560/1565
f 1776/688/1694 1649/562/1567 1648/561/1566
f 1777/689/1695 1650/563/1568 1649/562/1567
f 1778/690/1696 1651/564/1569 1650/563/1568
f 1779/691/1697 1652/565/1570 1651/564/1569
f 1780/692/1698 1653/566/1571 1652/565/1570
f 1781/693/1699 1654/567/1572 1653/566/1571
f 1782/694/1700 1655/568/1573 1654/567/1572
f 1783/695/1701 1656/569/1574 1655/568/1573
f 1784/696/1702 1657/570/1575 1656/569/1574
f 1785/697/1703 1658/571/1576 1657/570/1575
f 1786/698/1704 1659/572/1577 1658/571/1576
f 1787/699/1705 1660/573/1578 1659/572/1577
f 1788/700/1706 1661/574/1579 1660/573/1578
f 1789/701/1707 1662/575/1580 1661/574/1579
f 1790/702/1708 1663/576/1581 1662/575/1580
f 1791/703/1709 1664/577/1582 1663/576/1581
f 1792/704/1710 1665/578/1583 1664/577/1582
f 1793/705/1711 1666/706/1584 1665/578/1583
f 1666/706/1584 1795/707/1713 1667/579/1585
f 1667/579/1585 1796/708/1714 1668/580/1586
f 1668/580/1586 1797/709/1715 1669/581/1587
f 1669/581/1587 1798/710/1716 1670/582/1588
f 1670/582/1588 1799/711/1717 1671/583/1589
f 1671/583/1589 1800/712/1718 1672/584/1590
f 1672/584/1590 1801/713/1719 1673/585/1591
f 1673/585/1591 1802/714/1720 1674/586/1592
f 1674/586/1592 1803/715/1721 1675/587/1593
f 1675/587/1593 1804/716/1722 1676/588/1594
f 1676/588/1594 1805/717/1723 1677/589/1595
f 1677/589/1595 1806/718/1724 1678/590/1596
f 1678/590/1596 1807/719/1725 1679/591/1597
f 1679/591/1597 1808/720/1726 1680/592/1598
f 1680/592/1598 1809/721/1727 1681/593/1599
f 1681/593/1599 1810/722/1728 1682/594/1600
f 1682/594/1600 1811/723/1729 1683/595/1601
f 1683/595/1601 1812/724/1730 1684/596/1602
f 1684/596/1602 1813/725/1731 1685/597/1603
f 1685/597/1603 1814/726/1732 1686/598/1604
f 1686/598/1604 1815/727/1733 1687/599/1605
f 1687/599/1605 1816/728/1734 1688/600/1606
f 1688/600/1606 1817/729/1735 1689/601/1607
f 1689/601/1607 1818/730/1736 1690/602/1608
f 1690/602/1608 1819/731/1737 1691/603/1609
f 1691/603/1609 1820/732/1738 1692/604/1610
f 1692/604/1610 1821/733/1739 1693/605/1611
f 1693/605/1611 1822/734/1740 1694/606/1612
f 1694/606/1612 1823/735/1741 1695/607/1613
f 1695/607/1613 1824/736/1742 1696/608/1614
f 1696/608/1614 1825/737/1743 1697/609/1615
f 1697/609/1615 1826/738/1744 1698/610/1616
f 1826/738/1744 1699/611/1617 1698/610/1616
f 1827/739/1745 1700/612/1618 1699/611/1617
f 1828/740/1746 1701/613/1619 1700/612/1618
f 1829/741/1747 1702/614/1620 1701/613/1619
f 1830/742/1748 1703/615/1621 1702/614/1620
f 1831/743/1749 1704/616/1622 1703/615/1621
f 1832/744/1750 1705/617/1623 1704/616/1622
f 1833/745/1751 1706/618/1624 1705/617/1623
f 1834/746/1752 1707/619/1625 1706/618/1624
f 1835/747/1753 1708/620/1626 1707/619/1625
f 1836/748/1754 1709/621/1627 1708/620/1626
f 1837/749/1755 1710/622/1628 1709/621/1627
f 1838/750/1756 1711/623/1629 1710/622/1628
f 1839/751/1757 1712/624/1630 1711/623/1629
f 1840/752/1758 1713/625/1631 1712/624/1630
f 1841/753/1759 1714/626/1632 1713/625/1631
f 1842/754/1760 1715/627/1633 1714/626/1632
f 1843/755/1761 1716/628/1634 1715/627/1633
f 1844/756/1762 1717/629/1635 1716/628/1634
f 1845/757/1763 1718/630/1636 1717/629/1635
f 1846/758/1764 1719/631/1637 1718/630/1636
f 1847/759/1765 1720/632/1638 1719/631/1637
f 1848/760/1766 1721/633/1639 1720/632/1638
f 1849/761/1767 1722/634/1640 1721/633/1639
f 1850/762/1768 1723/635/1641 1722/634/1640
f 1851/763/1769 1724/636/1642 1723/635/1641
f 1852/764/1770 1725/637/1643 1724/636/1642
f 1853/765/1771 1726/638/1644 1725/637/1643
f 1854/766/1772 1727/639/1645 1726/638/1644
f 1855/767/1773 1728/640/1646 1727/639/1645
f 1856/768/1774 1729/641/1647 1728/640/1646
f 1857/769/1775 1602/642/1520 1729/641/1647
f 1730/770/1648 1859/771/1777 1731/643/1649
f 1731/643/1649 1860/772/1778 1732/644/1650
f 1732/644/1650 1861/773/1779 1733/645/1651
f 1733/645/1651 1862/774/1780 1734/646/1652
f 1734/646/1652 1863/775/1781 1735/647/1653
f 1735/647/1653 1864/776/1782 1736/648/1654
f 1736/648/1654 1865/777/1783 1737/649/1655
f 1737/649/1655 1866/778/1784 1738/650/1656
f 1738/650/1656 1867/779/1785 1739/651/1657
f 1739/651/1657 1868/780/1786 1740/652/1658
f 1740/652/1658 1869/781/1787 1741/653/1659
f 1741/653/1659 1870/782/1788 1742/654/1660
f 1742/654/1660 1871/783/1789 1743/655/1661
f 1743/655/1661 1872/784/1790 1744/656/1662
f 1744/656/1662 1873/785/1791 1745/657/1663
f 1745/657/1663 1874/786/1792 1746/658/1664
f 1746/658/1664 1875/787/1793 1747/659/1665
f 1747/659/1665 1876/788/1794 1748/660/1666
f 1748/660/1666 1877/789/1795 1749/661/1667
f 1749/661/1667 1878/790/1796 1750/662/1668
f 1750/662/1668 1879/791/1797 1751/663/1669
f 1751/663/1669 1880/792/1798 1752/664/1670
f 1752/664/1670 1881/793/1799 1753/665/1671
f 1753/665/1671 1882/794/1800 1754/666/1672
f 1754/666/1672 1883/795/1801 1755/667/1673
f 1755/667/1673 1884/796/1802 1756/668/1674
f 1756/668/1674 1885/797/1803 1757/669/1675
f 1757/669/1675 1886/798/1804 1758/670/1676
f 1758/670/1676 1887/799/1805 1759/671/1677
f 1759/671/1677 1888/800/1806 1760/672/1678
f 1760/672/1678 1889/801/1807 1761/673/1679
f 1761/673/1679 1890/802/1808 1762/674/1680
f 1890/802/1808 1763/675/1681 1762/674/1680
f 1891/803/1809 1764/676/1682 1763/675/1681
f 1892/804/1810 1765/677/1683 1764/676/1682
f 1893/805/1811 1766/678/1684 1765/677/1683
f 1894/806/1812 1767/679/1685 1766/678/1684
f 1895/807/1813 1768/680/1686 1767/679/1685
f 1896/808/1814 1769/681/1687 1768/680/1686
f 1897/809/1815 1770/682/1688 1769/681/1687
f 1898/810/1816 1771/683/1689 1770/682/1688
f 1899/811/1817 1772/684/1690 1771/683/1689
f 1900/812/1818 1773/685/1691 1772/684/1690
f 1901/813/1819 1774/686/1692 1773/685/1691
f 1902/814/1820 1775/687/1693 1774/686/1692
f 1903/815/1821 1776/688/1694 1775/687/1693
f 1904/816/1822 1777/689/1695 1776/688/1694
f 1905/817/1823 1778/690/1696 1777/689/1695
f 1906/818/1824 1779/691/1697 1778/690/1696
f 1907/819/1825 1780/692/1698 1779/691/1697
f 1908/820/1826 1781/693/1699 1780/692/1698
f 1909/821/1827 1782/694/1700 1781/693/1699
f 1910/822/1828 1783/695/1701 1782/694/1700
f 1911/823/1829 1784/696/1702 1783/695/1701
f 1912/824/1830 1785/697/1703 1784/696/1702
f 1913/825/1831 1786/698/1704 1785/697/1703
f 1914/826/1832 1787/699/1705 1786/698/1704
f 1915/827/1833 1788/700/1706 1787/699/1705
f 1916/828/1834 1789/701/1707 1788/700/1706
f 1917/829/1835 1790/702/1708 1789/701/1707
f 1918/830/1836 1791/703/1709 1790/702/1708
f 1919/831/1837 1792/704/1710 1791/703/1709
f 1920/832/1838 1793/705/1711 1792/704/1710
f 1921/833/1839 1794/834/1712 1793/705/1711
f 1794/834/1712 1923/835/1841 1795/707/1713
f 1795/707/1713 1924/836/1842 1796/708/1714
f 1796/708/1714 1925/837/1843 1797/709/1715
f 1797/709/1715 1926/838/1844 1798/710/1716
f 1798/710/1716 1927/839/1845 1799/711/1717
f 1799/711/1717 1928/840/1846 1800/712/1718
f 1800/712/1718 1929/841/1847 1801/713/1719
f 1801/713/1719 1930/842/1848 1802/714/1720
f 1802/714/1720 1931/843/1849 1803/715/1721
f 1803/715/1721 1932/844/1850 1804/716/1722
f 1804/716/1722 1933/845/1851 1805/717/1723
f 1805/717/1723 1934/846/1852 1806/718/1724
f 1806/718/1724 1935/847/1853 1807/719/1725
f 1807/719/1725 1936/848/1854 1808/720/1726
f 1808/720/1726 1937/849/1855 1809/721/1727
f 1809/721/1727 1938/850/1856 1810/722/1728
f 1810/722/1728 1939/851/1857 1811/723/1729
f 1811/723/1729 1940/852/1858 1812/724/1730
f 1812/724/1730 1941/853/1859 1813/725/1731
f 1813/725/1731 1942/854/1860 1814/726/1732
f 1814/726/1732 1943/855/1861 1815/727/1733
f 1815/727/1733 1944/856/1862 1816/728/1734
f 1816/728/1734 1945/857/1863 1817/729/1735
f 1817/729/1735 1946/858/1864 1818/730/1736
f 1818/730/1736 1947/859/1865 1819/731/1737
f 1819/731/1737 1948/860/1866 1820/732/1738
f 1820/732/1738 1949/861/1867 1821/733/1739
f 1821/733/1739 1950/862/1868 1822/734/1740
f 1822/734/1740 1951/863/1869 1823/735/1741
f 1823/735/1741 1952/864/1870 1824/736/1742
f 1824/736/1742 1953/865/1871 1825/737/1743
f 1825/737/1743 1954/866/1872 1826/738/1744
f 1954/866/1872 1827/739/1745 1826/738/1744
f 1955/867/1873 1828/740/1746 1827/739/1745
f 1956/868/1874 1829/741/1747 1828/740/1746
f 1957/869/1875 1830/742/1748 1829/741/1747
f 1958/870/1876 1831/743/1749 1830/742/1748
f 1959/871/1877 1832/744/1750 1831/743/1749
f 1960/872/1878 1833/745/1751 1832/744/1750
f 1961/873/1879 1834/746/1752 1833/745/1751
f 1962/874/1880 1835/747/1753 1834/746/1752
f 1963/875/1881 1836/748/1754 1835/747/1753
f 1964/876/1882 1837/749/1755 1836/748/1754
f 1965/877/1883 1838/750/1756 1837/749/1755
f 1966/878/1884 1839/751/1757 1838/750/1756
f 1967/879/1885 1840/752/1758 1839/751/1757
f 1968/880/1886 1841/753/1759 1840/752/1758
f 1969/881/1887 1842/754/1760 1841/753/1759
f 1970/882/1888 1843/755/1761 1842/754/1760
f 1971/883/1889 1844/756/1762 1843/755/1761
f 1972/884/1890 1845/757/1763 1844/756/1762
f 1973/885/1891 1846/758/1764 1845/757/1763
f 1974/886/1892 1847/759/1765 1846/758/1764
f 1975/887/1893 1848/760/1766 1847/759/1765
f 1976/888/1894 1849/761/1767 1848/760/1766
f 1977/889/1895 1850/762/1768 1849/761/1767
f 1978/890/1896 1851/763/1769 1850/762/1768
f 1979/891/1897 1852/764/1770 1851/763/1769
f 1980/892/1898 1853/765/1771 1852/764/1770
f 1981/893/1899 1854/766/1772 1853/765/1771
f 1982/894/1900 1855/767/1773 1854/766/1772
f 1983/895/1901 1856/768/1774 1855/767/1773
f 1984/896/1902 1857/769/1775 1856/768/1774
f 1985/897/1903 1730/770/1648 1857/769/1775
f 1858/898/1776 1987/899/1905 1859/771/1777
f 1859/771/1777 1988/900/1906 1860/772/1778
f 1860/772/1778 1989/901/1907 1861/773/1779
f 1861/773/1779 1990/902/1908 1862/774/1780
f 1862/774/1780 1991/903/1909 1863/775/1781
f 1863/775/1781 1992/904/1910 1864/776/1782
f 1864/776/1782 1993/905/1911 1865/777/1783
f 1865/777/1783 1994/906/1912 1866/778/1784
f 1866/778/1784 1995/907/1913 1867/779/1785
f 1867/779/1785 1996/908/1914 1868/780/1786
f 1868/780/1786 1997/909/1915 1869/781/1787
f 1869/781/1787 1998/910/1916 1870/782/1788
f 1870/782/1788 1999/911/1917 1871/783/1789
f 1871/783/1789 2000/912/1918 1872/784/1790
f 1872/784/1790 2001/913/1919 1873/785/1791
f 1873/785/1791 2002/914/1920 1874/786/1792
f 1874/786/1792 2003/915/1921 1875/787/1793
f 1875/787/1793 2004/916/1922 1876/788/1794
f 1876/788/1794 2005/917/1923 1877/789/1795
f 1877/789/1795 2006/918/1924 1878/790/1796
f 1878/790/1796 2007/919/1925 1879/791/1797
f 1879/791/1797 2008/920/1926 1880/792/1798
f 1880/792/1798 2009/921/1927 1881/793/1799
f 1881/793/1799 2010/922/1928 1882/794/1800
f 1882/794/1800 2011/923/1929 1883/795/1801
f 1883/795/1801 2012/924/1930 1884/796/1802
f 1884/796/1802 2013/925/1931 1885/797/1803
f 1885/797/1803 2014/926/1932 1886/798/1804
f 1886/798/1804 2015/927/1933 1887/799/1805
f 1887/799/1805 2016/928/1934 1888/800/1806
f 1888/800/1806 2017/929/1935 1889/801/1807
f 1889/801/1807 2018/930/1936 1890/802/1808
f 2018/930/1936 1891/803/1809 1890/802/1808
f 2019/931/1937 1892/804/1810 1891/803/1809
f 2020/932/1938 1893/805/1811 1892/804/1810
f 2021/933/1939 1894/806/1812 1893/805/1811
f 2022/934/1940 1895/807/1813 1894/806/1812
f 2023/935/1941 1896/808/1814 1895/807/1813
f 2024/936/1942 1897/809/1815 1896/808/1814
f 2025/937/1943 1898/810/1816 1897/809/1815
f 2026/938/1944 1899/811/1817 1898/810/1816
f 2027/939/1945 1900/812/1818 1899/811/1817
f 2028/940/1946 1901/813/1819 1900/812/1818
f 2029/941/1947 1902/814/1820 1901/813/1819
f 2030/942/1948 1903/815/1821 1902/814/1820
f 2031/943/1949 1904/816/1822 1903/815/1821
f 2032/944/1950 1905/817/1823 1904/816/1822
f 2033/945/1951 1906/818/1824 1905/817/1823
f 2034/946/1952 1907/819/1825 1906/818/1824
f 2035/947/1953 1908/820/1826 1907/819/1825
f 2036/948/1954 1909/821/1827 1908/820/1826
f 2037/949/1955 1910/822/1828 1909/821/1827
f 2038/950/1956 1911/823/1829 1910/822/1828
f 2039/951/1957 1912/824/1830 1911/823/1829
f 2040/952/1958 1913/825/1831 1912/824/1830
f 2041/953/1959 1914/826/1832 1913/825/1831
f 2042/954/1960 1915/827/1833 1914/826/1832
f 2043/955/1961 1916/828/1834 1915/827/1833
f 2044/956/1962 1917/829/1835 1916/828/1834
f 2045/957/1963 1918/830/1836 1917/829/1835
f 2046/958/1964 1919/831/1837 1918/830/1836
f 2047/959/1965 1920/832/1838 1919/831/1837
f 2048/960/1966 1921/833/1839 1920/832/1838
f 2049/961/1967 1922/962/1840 1921/833/1839
f 1922/962/1840 2051/963/1969 1923/835/1841
f 1923/835/1841 2052/964/1970 1924/836/1842
f 1924/836/1842 2053/965/1971 1925/837/1843
f 1925/837/1843 2054/966/1972 1926/838/1844
f 1926/838/1844 2055/967/1973 1927/839/1845
f 1927/839/1845 2056/968/1974 1928/840/1846
f 1928/840/1846 2057/969/1975 1929/841/1847
f 1929/841/1847 2058/970/1976 1930/842/1848
f 1930/842/1848 2059/971/1977 1931/843/1849
f 1931/843/1849 2060/972/1978 1932/844/1850
f 1932/844/1850 2061/973/1979 1933/845/1851
f 1933/845/1851 2062/974/1980 1934/846/1852
f 1934/846/1852 2063/975/1981 1935/847/1853
f 1935/847/1853 2064/976/1982 1936/848/1854
f 1936/848/1854 2065/977/1983 1937/849/1855
f 1937/849/1855 2066/978/1984 1938/850/1856
f 1938/850/1856 2067/979/1985 1939/851/1857
f 1939/851/1857 2068/980/1986 1940/852/1858
f 1940/852/1858 2069/981/1987 1941/853/1859
f 1941/853/1859 2070/982/1988 1942/854/1860
f 1942/854/1860 2071/983/1989 1943/855/1861
f 1943/855/1861 2072/984/1990 1944/856/1862
f 1944/856/1862 2073/985/1991 1945/857/1863
f 1945/857/1863 2074/986/1992 1946/858/1864
f 1946/858/1864 2075/987/1993 1947/859/1865
f 1947/859/1865 2076/988/1994 1948/860/1866
f 1948/860/1866 2077/989/1995 1949/861/1867
f 1949/861/1867 2078/990/1996 1950/862/1868
f 1950/862/1868 2079/991/1997 1951/863/1869
f 1951/863/1869 2080/992/1998 1952/864/1870
f 1952/864/1870 2081/993/1999 1953/865/1871
f 1953/865/1871 2082/994/2000 1954/866/1872
f 2082/994/2000 1955/867/1873 1954/866/1872
f 2083/995/2001 1956/868/1874 1955/867/1873
f 2084/996/2002 1957/869/1875 1956/868/1874
f 2085/997/2003 1958/870/1876 1957/869/1875
f 2086/998/2004 1959/871/1877 1958/870/1876
f 2087/999/2005 1960/872/1878 1959/871/1877
f 2088/1000/2006 1961/873/1879 1960/872/1878
f 2089/1001/2007 1962/874/1880 1961/873/1879
f 2090/1002/2008 1963/875/1881 1962/874/1880
f 2091/1003/2009 1964/876/1882 1963/875/1881
f 2092/1004/2010 1965/877/1883 1964/876/1882
f 2093/1005/2011 1966/878/1884 1965/877/1883
f 2094/1006/2012 1967/879/1885 1966/878/1884
f 2095/1007/2013 1968/880/1886 1967/879/1885
f 2096/1008/2014 1969/881/1887 1968/880/1886
f 2097/1009/2015 1970/882/1888 1969/881/1887
f 2098/1010/2016 1971/883/1889 1970/882/1888
f 2099/1011/2017 1972/884/1890 1971/883/1889
f 2100/1012/2018 1973/885/1891 1972/884/1890
f 2101/1013/2019 1974/886/1892 1973/885/1891
f 2102/1014/2020 1975/887/1893 1974/886/1892
f 2103/1015/2021 1976/888/1894 1975/887/1893
f 2104/1016/2022 1977/889/1895 1976/888/1894
f 2105/1017/2023 1978/890/1896 1977/889/1895
f 2106/1018/2024 1979/891/1897 1978/890/1896
f 2107/1019/2025 1980/892/1898 1979/891/1897
f 2108/1020/2026 1981/893/1899 1980/892/1898
f 2109/1021/2027 1982/894/1900 1981/893/1899
f 2110/1022/2028 1983/895/1901 1982/894/1900
f 2111/1023/2029 1984/896/1902 1983/895/1901
f 2112/1024/2030 1985/897/1903 1984/896/1902
f 2113/1025/2031 1858/898/1776 1985/897/1903
f 1986/1026/1904 2115/1027/2033 1987/899/1905
f 1987/899/1905 2116/1028/2034 1988/900/1906
f 1988/900/1906 2117/1029/2035 1989/901/1907
f 1989/901/1907 2118/1030/2036 1990/902/1908
f 1990/902/1908 2119/1031/2037 1991/903/1909
f 1991/903/1909 2120/1032/2038 1992/904/1910
f 1992/904/1910 2121/1033/2039 1993/905/1911
f 1993/905/1911 2122/1034/2040 1994/906/1912
f 1994/906/1912 2123/1035/2041 1995/907/1913
f 1995/907/1913 2124/1036/2042 1996/908/1914
f 1996/908/1914 2125/1037/2043 1997/909/1915
f 1997/909/1915 2126/1038/2044 1998/910/1916
f 1998/910/1916 2127/1039/2045 1999/911/1917
f 1999/911/1917 2128/1040/2046 2000/912/1918
f 2000/912/1918 2129/1041/2047 2001/913/1919
f 2001/913/1919 2130/1042/2048 2002/914/1920
f 2002/914/1920 2131/1043/2049 2003/915/1921
f 2003/915/1921 2132/1044/2050 2004/916/1922
f 2004/916/1922 2133/1045/2051 2005/917/1923
f 2005/917/1923 2134/1046/2052 2006/918/1924
f 2006/918/1924 2135/1047/2053 2007/919/1925
f 2007/919/1925 2136/1048/2054 2008/920/1926
f 2008/920/1926 2137/1049/2055 2009/921/1927
f 2009/921/1927 2138/1050/2056 2010/922/1928
f 2010/922/1928 2139/1051/2057 2011/923/1929
f 2011/923/1929 2140/1052/2058 2012/924/1930
f 2012/924/1930 2141/1053/2059 2013/925/1931
f 2013/925/1931 2142/1054/2060 2014/926/1932
f 2014/926/1932 2143/1055/2061 2015/927/1933
f 2015/927/1933 2144/1056/2062 2016/928/1934
f 2016/928/1934 2145/1057/2063 2017/929/1935
f 2017/929/1935 2146/1058/2064 2018/930/1936
f 2146/1058/2064 2019/931/1937 2018/930/1936
f 2147/1059/2065 2020/932/1938 2019/931/1937
f 2148/1060/2066 2021/933/1939 2020/932/1938
f 2149/1061/2067 2022/934/1940 2021/933/1939
f 2150/1062/2068 2023/935/1941 2022/934/1940
f 2151/1063/2069 2024/936/1942 2023/935/1941
f 2152/1064/2070 2025/937/1943 2024/936/1942
f 2153/1065/2071 2026/938/1944 2025/937/1943
f 2154/1066/2072 2027/939/1945 2026/938/1944
f 2155/1067/2073 2028/940/1946 2027/939/1945
f 2156/1068/2074 2029/941/1947 2028/940/1946
f 2157/1069/2075 2030/942/1948 2029/941/1947
f 2158/1070/2076 2031/943/1949 2030/942/1948
f 2159/1071/2077 2032/944/1950 2031/943/1949
f 2160/1072/2078 2033/945/1951 2032/944/1950
f 2161/1073/2079 2034/946/1952 2033/945/1951
f 2162/1074/2080 2035/947/1953 2034/946/1952
f 2163/1075/2081 2036/948/1954 2035/947/1953
f 2164/1076/2082 2037/949/1955 2036/948/1954
f 2165/1077/2083 2038/950/1956 2037/949/1955
f 2166/1078/2084 2039/951/1957 2038/950/1956
f 2167/1079/2085 2040/952/1958 2039/951/1957
f 2168/1080/2086 2041/953/1959 2040/952/1958
f 2169/1081/2087 2042/954/1960 2041/953/1959
f 2170/1082/2088 2043/955/1961 2042/954/1960
f 2171/1083/2089 2044/956/1962 2043/955/1961
f 2172/1084/2090 2045/957/1963 2044/956/1962
f 2173/1085/2091 2046/958/1964 2045/957/1963
f 2174/1086/2092 2047/959/1965 2046/958/1964
f 2175/1087/2093 2048/960/1966 2047/959/1965
f 2176/1088/2094 2049/961/1967 2048/960/1966
f 2177/1089/2095 2050/1090/1968 2049/961/1967
f 2050/1090/1968 2179/1091/2097 2051/963/1969
f 2051/963/1969 2180/1092/2098 2052/964/1970
f 2052/964/1970 2181/1093/2099 2053/965/1971
f 2053/965/1971 2182/1094/2100 2054/966/1972
f 2054/966/1972 2183/1095/2101 2055/967/1973
f 2055/967/1973 2184/1096/2102 2056/968/1974
f 2056/968/1974 2185/1097/2103 2057/969/1975
f 2057/969/1975 2186/1098/2104 2058/970/1976
f 2058/970/1976 2187/1099/2105 2059/971/1977
f 2059/971/1977 2188/1100/2106 2060/972/1978
f 2060/972/1978 2189/1101/2107 2061/973/1979
f 2061/973/1979 2190/1102/2108 2062/974/1980
f 2062/974/1980 2191/1103/2109 2063/975/1981
f 2063/975/1981 2192/1104/2110 2064/976/1982
f 2064/976/1982 2193/1105/2111 2065/977/1983
f 2065/977/1983 2194/1106/2112 2066/978/1984
f 2066/978/1984 2195/1107/2113 2067/979/1985
f 2067/979/1985 2196/1108/2114 2068/980/1986
f 2068/980/1986 2197/1109/2115 2069/981/1987
f 2069/981/1987 2198/1110/2116 2070/982/1988
f 2070/982/1988 2199/1111/2117 2071/983/1989
f 2071/983/1989 2200/1112/2118 2072/984/1990
f 2072/984/1990 2201/1113/2119 2073/985/1991
f 2073/985/1991 2202/1114/2120 2074/986/1992
f 2074/986/1992 2203/1115/2121 2075/987/1993
f 2075/987/1993 2204/1116/2122 2076/988/1994
f 2076/988/1994 2205/1117/2123 2077/989/1995
f 2077/989/1995 2206/1118/2124 2078/990/1996
f 2078/990/1996 2207/1119/2125 2079/991/1997
f 2079/991/1997 2208/1120/2126 2080/992/1998
f 2080/992/1998 2209/1121/2127 2081/993/1999
f 2081/993/1999 2210/1122/2128 2082/994/2000
f 2210/1122/2128 2083/995/2001 2082/994/2000
f 2211/1123/2129 2084/996/2002 2083/995/2001
f 2212/1124/2130 2085/997/2003 2084/996/2002
f 2213/1125/2131 2086/998/2004 2085/997/2003
f 2214/1126/2132 2087/999/2005 2086/998/2004
f 2215/1127/2133 2088/1000/2006 2087/999/2005
f 2216/1128/2134 2089/1001/2007 2088/1000/2006
f 2217/1129/2135 2090/1002/2008 2089/1001/2007
f 2218/1130/2136 2091/1003/2009 2090/1002/2008
f 2219/1131/2137 2092/1004/2010 2091/1003/2009
f 2220/1132/2138 2093/1005/2011 2092/1004/2010
f 2221/1133/2139 2094/1006/2012 2093/1005/2011
f 2222/1134/2140 2095/1007/2013 2094/1006/2012
f 2223/1135/2141 2096/1008/2014 2095/1007/2013
f 2224/1136/2142 2097/1009/2015 2096/1008/2014
f 2225/1137/2143 2098/1010/2016 2097/1009/2015
f 2226/1138/2144 2099/1011/2017 2098/1010/2016
f 2227/1139/2145 2100/1012/2018 2099/1011/2017
f 2228/1140/2146 2101/1013/2019 2100/1012/2018
f 2229/1141/2147 2102/1014/2020 2101/1013/2019
f 2230/1142/2148 2103/1015/2021 2102/1014/2020
f 2231/1143/2149 2104/1016/2022 2103/1015/2021
f 2232/1144/2150 2105/1017/2023 2104/1016/2022
f 2233/1145/2151 2106/1018/2024 2105/1017/2023
f 2234/1146/2152 2107/1019/2025 2106/1018/2024
f 2235/1147/2153 2108/1020/2026 2107/1019/2025
f 2236/1148/2154 2109/1021/2027 2108/1020/2026
f 2237/1149/2155 2110/1022/2028 2109/1021/2027
f 2238/1150/2156 2111/1023/2029 2110/1022/2028
f 2239/1151/2157 2112/1024/2030 2111/1023/2029
f 2240/1152/2158 2113/1025/2031 2112/1024/2030
f 2241/1153/2159 1986/1026/1904 2113/1025/2031
f 2114/1154/2032 2243/1155/2161 2115/1027/2033
f 2115/1027/2033 2244/1156/2162 2116/1028/2034
f 2116/1028/2034 2245/1157/2163 2117/1029/2035
f 2117/1029/2035 2246/1158/2164 2118/1030/2036
f 2118/1030/2036 2247/1159/2165 2119/1031/2037
f 2119/1031/2037 2248/1160/2166 2120/1032/2038
f 2120/1032/2038 2249/1161/2167 2121/1033/2039
f 2121/1033/2039 2250/1162/2168 2122/1034/2040
f 2122/1034/2040 2251/1163/2169 2123/1035/2041
f 2123/1035/2041 2252/1164/2170 2124/1036/2042
f 2124/1036/2042 2253/1165/2171 2125/1037/2043
f 2125/1037/2043 2254/1166/2172 2126/1038/2044
f 2126/1038/2044 2255/1167/2173 2127/1039/2045
f 2127/1039/2045 2256/1168/2174 2128/1040/2046
f 2128/1040/2046 2257/1169/2175 2129/1041/2047
f 2129/1041/2047 2258/1170/2176 2130/1042/2048
f 2130/1042/2048 2259/1171/2177 2131/1043/2049
f 2131/1043/2049 2260/1172/2178 2132/1044/2050
f 2132/1044/2050 2261/1173/2179 2133/1045/2051
f 2133/1045/2051 2262/1174/2180 2134/1046/2052
f 2134/1046/2052 2263/1175/2181 2135/1047/2053
f 2135/1047/2053 2264/1176/2182 2136/1048/2054
f 2136/1048/2054 2265/1177/2183 2137/1049/2055
f 2137/1049/2055 2266/1178/2184 2138/1050/2056
f 2138/1050/2056 2267/1179/2185 2139/1051/2057
f 2139/1051/2057 2268/1180/2186 2140/1052/2058
f 2140/1052/2058 2269/1181/2187 2141/1053/2059
f 2141/1053/2059 2270/1182/2188 2142/1054/2060
f 2142/1054/2060 2271/1183/2189 2143/1055/2061
f 2143/1055/2061 2272/1184/2190 2144/1056/2062
f 2144/1056/2062 2273/1185/2191 2145/1057/2063
f 2145/1057/2063 2274/1186/2192 2146/1058/2064
f 2274/1186/2192 2147/1059/2065 2146/1058/2064
f 2275/1187/2193 2148/1060/2066 2147/1059/2065
f 2276/1188/2194 2149/1061/2067 2148/1060/2066
f 2277/1189/2195 2150/1062/2068 2149/1061/2067
f 2278/1190/2196 2151/1063/2069 2150/1062/2068
f 2279/1191/2197 2152/1064/2070 2151/1063/2069
f 2280/1192/2198 2153/1065/2071 2152/1064/2070
f 2281/1193/2199 2154/1066/2072 2153/1065/2071
f 2282/1194/2200 2155/1067/2073 2154/1066/2072
f 2283/1195/2201 2156/1068/2074 2155/1067/2073
f 2284/1196/2202 2157/1069/2075 2156/1068/2074
f 2285/1197/2203 2158/1070/2076 2157/1069/2075
f 2286/1198/2204 2159/1071/2077 2158/1070/2076
f 2287/1199/2205 2160/1072/2078 2159/1071/2077
f 2288/1200/2206 2161/1073/2079 2160/1072/2078
f 2289/1201/2207 2162/1074/2080 2161/1073/2079
f 2290/1202/2208 2163/1075/2081 2162/1074/2080
f 2291/1203/2209 2164/1076/2082 2163/1075/2081
f 2292/1204/2210 2165/1077/2083 2164/1076/2082
f 2293/1205/2211 2166/1078/2084 2165/1077/2083
f 2294/1206/2212 2167/1079/2085 2166/1078/2084
f 2295/1207/2213 2168/1080/2086 2167/1079/2085
f 2296/1208/2214 2169/1081/2087 2168/1080/2086
f 2297/1209/2215 2170/1082/2088 2169/1081/2087
f 2298/1210/2216 2171/1083/2089 2170/1082/2088
f 2299/1211/2217 2172/1084/2090 2171/1083/2089
f 2300/1212/2218 2173/1085/2091 2172/1084/2090
f 2301/1213/2219 2174/1086/2092 2173/1085/2091
f 2302/1214/2220 2175/1087/2093 2174/1086/2092
f 2303/1215/2221 2176/1088/2094 2175/1087/2093
f 2304/1216/2222 2177/1089/2095 2176/1088/2094
f 2305/1217/2223 2178/1218/2096 2177/1089/2095
f 2178/1218/2096 2307/1219/2225 2179/1091/2097
f 2179/1091/2097 2308/1220/2226 2180/1092/2098
f 2180/1092/2098 2309/1221/2227 2181/1093/2099
f 2181/1093/2099 2310/1222/2228 2182/1094/2100
f 2182/1094/2100 2311/1223/2229 2183/1095/2101
f 2183/1095/2101 2312/1224/2230 2184/1096/2102
f 2184/1096/2102 2313/1225/2231 2185/1097/2103
f 2185/1097/2103 2314/1226/2232 2186/1098/2104
f 2186/1098/2104 2315/1227/2233 2187/1099/2105
f 2187/1099/2105 2316/1228/2234 2188/1100/2106
f 2188/1100/2106 2317/1229/2235 2189/1101/2107
f 2189/1101/2107 2318/1230/2236 2190/1102/2108
f 2190/1102/2108 2319/1231/2237 2191/1103/2109
f 2191/1103/2109 2320/1232/2238 2192/1104/2110
f 2192/1104/2110 2321/1233/2239 2193/1105/2111
f 2193/1105/2111 2322/1234/2240 2194/1106/2112
f 2194/1106/2112 2323/1235/2241 2195/1107/2113
f 2195/1107/2113 2324/1236/2242 2196/1108/2114
f 2196/1108/2114 2325/1237/2243 2197/1109/2115
f 2197/1109/2115 2326/1238/2244 2198/1110/2116
f 2198/1110/2116 2327/1239/2245 2199/1111/2117
f 2199/1111/2117 2328/1240/2246 2200/1112/2118
f 2200/1112/2118 2329/1241/2247 2201/1113/2119
f 2201/1113/2119 2330/1242/2248 2202/1114/2120
f 2202/1114/2120 2331/1243/2249 2203/1115/2121
f 2203/1115/2121 2332/1244/2250 2204/1116/2122
f 2204/1116/2122 2333/1245/2251 2205/1117/2123
f 2205/1117/2123 2334/1246/2252 2206/1118/2124
f 2206/1118/2124 2335/1247/2253 2207/1119/2125
f 2207/1119/2125 2336/1248/2254 2208/1120/2126
f 2208/1120/2126 2337/1249/2255 2209/1121/2127
f 2209/1121/2127 2338/1250/2256 2210/1122/2128
f 2338/1250/2256 2211/1123/2129 2210/1122/2128
f 2339/1251/2257 2212/1124/2130 2211/1123/2129
f 2340/1252/2258 2213/1125/2131 2212/1124/2130
f 2341/1253/2259 2214/1126/2132 2213/1125/2131
f 2342/1254/2260 2215/1127/2133 2214/1126/2132
f 2343/1255/2261 2216/1128/2134 2215/1127/2133
f 2344/1256/2262 2217/1129/2135 2216/1128/2134
f 2345/1257/2263 2218/1130/2136 2217/1129/2135
f 2346/1258/2264 2219/1131/2137 2218/1130/2136
f 2347/1259/2265 2220/1132/2138 2219/1131/2137
f 2348/1260/2266 2221/1133/2139 2220/1132/2138
f 2349/1261/2267 2222/1134/2140 2221/1133/2139
f 2350/1262/2268 2223/1135/2141 2222/1134/2140
f 2351/1263/2269 2224/1136/2142 2223/1135/2141
f 2352/1264/2270 2225/1137/2143 2224/1136/2142
f 2353/1265/2271 2226/1138/2144 2225/1137/2143
f 2354/1266/2272 2227/1139/2145 2226/1138/2144
f 2355/1267/2273 2228/1140/2146 2227/1139/2145
f 2356/1268/2274 2229/1141/2147 2228/1140/2146
f 2357/1269/2275 2230/1142/2148 2229/1141/2147
f 2358/1270/2276 2231/1143/2149 2230/1142/2148
f 2359/1271/2277 2232/1144/2150 2231/1143/2149
f 2360/1272/2278 2233/1145/2151 2232/1144/2150
f 2361/1273/2279 2234/1146/2152 2233/1145/2151
f 2362/1274/2280 2235/1147/2153 2234/1146/2152
f 2363/1275/2281 2236/1148/2154 2235/1147/2153
f 2364/1276/2282 2237/1149/2155 2236/1148/2154
f 2365/1277/2283 2238/1150/2156 2237/1149/2155
f 2366/1278/2284 2239/1151/2157 2238/1150/2156
f 2367/1279/2285 2240/1152/2158 2239/1151/2157
f 2368/1280/2286 2241/1153/2159 2240/1152/2158
f 2369/1281/2287 2114/1154/2032 2241/1153/2159
f 2242/1282/2160 2371/1283/2289 2243/1155/2161
f 2243/1155/2161 2372/1284/2290 2244/1156/2162
f 2244/1156/2162 2373/1285/2291 2245/1157/2163
f 2245/1157/2163 2374/1286/2292 2246/1158/2164
f 2246/1158/2164 2375/1287/2293 2247/1159/2165
f 2247/1159/2165 2376/1288/2294 2248/1160/2166
f 2248/1160/2166 2377/1289/2295 2249/1161/2167
f 2249/1161/2167 2378/1290/2296 2250/1162/2168
f 2250/1162/2168 2379/1291/2297 2251/1163/2169
f 2251/1163/2169 2380/1292/2298 2252/1164/2170
f 2252/1164/2170 2381/1293/2299 2253/1165/2171
f 2253/1165/2171 2382/1294/2300 2254/1166/2172
f 2254/1166/2172 2383/1295/2301 2255/1167/2173
f 2255/1167/2173 2384/1296/2302 2256/1168/2174
f 2256/1168/2174 2385/1297/2303 2257/1169/2175
f 2257/1169/2175 2386/1298/2304 2258/1170/2176
f 2258/1170/2176 2387/1299/2305 2259/1171/2177
f 2259/1171/2177 2388/1300/2306 2260/1172/2178
f 2260/1172/2178 2389/1301/2307 2261/1173/2179
f 2261/1173/2179 2390/1302/2308 2262/1174/2180
f 2262/1174/2180 2391/1303/2309 2263/1175/2181
f 2263/1175/2181 2392/1304/2310 2264/1176/2182
f 2264/1176/2182 2393/1305/2311 2265/1177/2183
f 2265/1177/2183 2394/1306/2312 2266/1178/2184
f 2266/1178/2184 2395/1307/2313 2267/1179/2185
f 2267/1179/2185 2396/1308/2314 2268/1180/2186
f 2268/1180/2186 2397/1309/2315 2269/1181/2187
f 2269/1181/2187 2398/1310/2316 2270/1182/2188
f 2270/1182/2188 2399/1311/2317 2271/1183/2189
f 2271/1183/2189 2400/1312/2318 2272/1184/2190
f 2272/1184/2190 2401/1313/2319 2273/1185/2191
f 2273/1185/2191 2402/1314/2320 2274/1186/2192
f 2402/1314/2320 2275/1187/2193 2274/1186/2192
f 2403/1315/2321 2276/1188/2194 2275/1187/2193
f 2404/1316/2322 2277/1189/2195 2276/1188/2194
f 2405/1317/2323 2278/1190/2196 2277/1189/2195
f 2406/1318/2324 2279/1191/2197 2278/1190/2196
f 2407/1319/2325 2280/1192/2198 2279/1191/2197
f 2408/1320/2326 2281/1193/2199 2280/1192/2198
f 2409/1321/2327 2282/1194/2200 2281/1193/2199
f 2410/1322/2328 2283/1195/2201 2282/1194/2200
f 2411/1323/2329 2284/1196/2202 2283/1195/2201
f 2412/1324/2330 2285/1197/2203 2284/1196/2202
f 2413/1325/2331 2286/1198/2204 2285/1197/2203
f 2414/1326/2332 2287/1199/2205 2286/1198/2204
f 2415/1327/2333 2288/1200/2206 2287/1199/2205
f 2416/1328/2334 2289/1201/2207 2288/1200/2206
f 2417/1329/2335 2290/1202/2208 2289/1201/2207
f 2418/1330/2336 2291/1203/2209 2290/1202/2208
f 2419/1331/2337 2292/1204/2210 2291/1203/2209
f 2420/1332/2338 2293/1205/2211 2292/1204/2210
f 2421/1333/2339 2294/1206/2212 2293/1205/2211
f 2422/1334/2340 2295/1207/2213 2294/1206/2212
f 2423/1335/2341 2296/1208/2214 2295/1207/2213
f 2424/1336/2342 2297/1209/2215 2296/1208/2214
f 2425/1337/2343 2298/1210/2216 2297/1209/2215
f 2426/1338/2344 2299/1211/2217 2298/1210/2216
f 2427/1339/2345 2300/1212/2218 2299/1211/2217
f 2428/1340/2346 2301/1213/2219 2300/1212/2218
f 2429/1341/2347 2302/1214/2220 2301/1213/2219
f 2430/1342/2348 2303/1215/2221 2302/1214/2220
f 2431/1343/2349 2304/1216/2222 2303/1215/2221
f 2432/1344/2350 2305/1217/2223 2304/1216/2222
f 2433/1345/2351 2306/1346/2224 2305/1217/2223
f 2306/1346/2224 2435/1347/2353 2307/1219/2225
f 2307/1219/2225 2436/1348/2354 2308/1220/2226
f 2308/1220/2226 2437/1349/2355 2309/1221/2227
f 2309/1221/2227 2438/1350/2356 2310/1222/2228
f 2310/1222/2228 2439/1351/2357 2311/1223/2229
f 2311/1223/2229 2440/1352/2358 2312/1224/2230
f 2312/1224/2230 2441/1353/2359 2313/1225/2231
f 2313/1225/2231 2442/1354/2360 2314/1226/2232
f 2314/1226/2232 2443/1355/2361 2315/1227/2233
f 2315/1227/2233 2444/1356/2362 2316/1228/2234
f 2316/1228/2234 2445/1357/2363 2317/1229/2235
f 2317/1229/2235 2446/1358/2364 2318/1230/2236
f 2318/1230/2236 2447/1359/2365 2319/1231/2237
f 2319/1231/2237 2448/1360/2366 2320/1232/2238
f 2320/1232/2238 2449/1361/2367 2321/1233/2239
f 2321/1233/2239 2450/1362/2368 2322/1234/2240
f 2322/1234/2240 2451/1363/2369 2323/1235/2241
f 2323/1235/2241 2452/1364/2370 2324/1236/2242
f 2324/1236/2242 2453/1365/2371 2325/1237/2243
f 2325/1237/2243 2454/1366/2372 2326/1238/2244
f 2326/1238/2244 2455/1367/2373 2327/1239/2245
f 2327/1239/2245 2456/1368/2374 2328/1240/2246
f 2328/1240/2246 2457/1369/2375 2329/1241/2247
f 2329/1241/2247 2458/1370/2376 2330/1242/2248
f 2330/1242/2248 2459/1371/2377 2331/1243/2249
f 2331/1243/2249 2460/1372/2378 2332/1244/2250
f 2332/1244/2250 2461/1373/2379 2333/1245/2251
f 2333/1245/2251 2462/1374/2380 2334/1246/2252
f 2334/1246/2252 2463/1375/2381 2335/1247/2253
f 2335/1247/2253 2464/1376/2382 2336/1248/2254
f 2336/1248/2254 2465/1377/2383 2337/1249/2255
f 2337/1249/2255 2466/1378/2384 2338/1250/2256
f 2466/1378/2384 2339/1251/2257 2338/1250/2256
f 2467/1379/2385 2340/1252/2258 2339/1251/2257
f 2468/1380/2386 2341/1253/2259 2340/1252/2258
f 2469/1381/2387 2342/1254/2260 2341/1253/2259
f 2470/1382/2388 2343/1255/2261 2342/1254/2260
f 2471/1383/2389 2344/1256/2262 2343/1255/2261
f 2472/1384/2390 2345/1257/2263 2344/1256/2262
f 2473/1385/2391 2346/1258/2264 2345/1257/2263
f 2474/1386/2392 2347/1259/2265 2346/1258/2264
f 2475/1387/2393 2348/1260/2266 2347/1259/2265
f 2476/1388/2394 2349/1261/2267 2348/1260/2266
f 2477/1389/2395 2350/1262/2268 2349/1261/2267
f 2478/1390/2396 2351/1263/2269 2350/1262/2268
f 2479/1391/2397 2352/1264/2270 2351/1263/2269
f 2480/1392/2398 2353/1265/2271 2352/1264/2270
f 2481/1393/2399 2354/1266/2272 2353/1265/2271
f 2482/1394/2400 2355/1267/2273 2354/1266/2272
f 2483/1395/2401 2356/1268/2274 2355/1267/2273
f 2484/1396/2402 2357/1269/2275 2356/1268/2274
f 2485/1397/2403 2358/1270/2276 2357/1269/2275
f 2486/1398/2404 2359/1271/2277 2358/1270/2276
f 2487/1399/2405 2360/1272/2278 2359/1271/2277
f 2488/1400/2406 2361/1273/2279 2360/1272/2278
f 2489/1401/2407 2362/1274/2280 2361/1273/2279
f 2490/1402/2408 2363/1275/2281 2362/1274/2280
f 2491/1403/2409 2364/1276/2282 2363/1275/2281
f 2492/1404/2410 2365/1277/2283 2364/1276/2282
f 2493/1405/2411 2366/1278/2284 2365/1277/2283
f 2494/1406/2412 2367/1279/2285 2366/1278/2284
f 2495/1407/2413 2368/1280/2286 2367/1279/2285
f 2496/1408/2414 2369/1281/2287 2368/1280/2286
f 2497/1409/2415 2242/1282/2160 2369/1281/2287
f 2370/1410/2288 2499/1411/2417 2371/1283/2289
f 2371/1283/2289 2500/1412/2418 2372/1284/2290
f 2372/1284/2290 2501/1413/2419 2373/1285/2291
f 2373/1285/2291 2502/1414/2420 2374/1286/2292
f 2374/1286/2292 2503/1415/2421 2375/1287/2293
f 2375/1287/2293 2504/1416/2422 2376/1288/2294
f 2376/1288/2294 2505/1417/2423 2377/1289/2295
f 2377/1289/2295 2506/1418/2424 2378/1290/2296
f 2378/1290/2296 2507/1419/2425 2379/1291/2297
f 2379/1291/2297 2508/1420/2426 2380/1292/2298
f 2380/1292/2298 2509/1421/2427 2381/1293/2299
f 2381/1293/2299 2510/1422/2428 2382/1294/2300
f 2382/1294/2300 2511/1423/2429 2383/1295/2301
f 2383/1295/2301 2512/1424/2430 2384/1296/2302
f 2384/1296/2302 2513/1425/2431 2385/1297/2303
f 2385/1297/2303 2514/1426/2432 2386/1298/2304
f 2386/1298/2304 2515/1427/2433 2387/1299/2305
f 2387/1299/2305 2516/1428/2434 2388/1300/2306
f 2388/1300/2306 2517/1429/2435 2389/1301/2307
f 2389/1301/2307 2518/1430/2436 2390/1302/2308
f 2390/1302/2308 2519/1431/2437 2391/1303/2309
f 2391/1303/2309 2520/1432/2438 2392/1304/2310
f 2392/1304/2310 2521/1433/2439 2393/1305/2311
f 2393/1305/2311 2522/1434/2440 2394/1306/2312
f 2394/1306/2312 2523/1435/2441 2395/1307/2313
f 2395/1307/2313 2524/1436/2442 2396/1308/2314
f 2396/1308/2314 2525/1437/2443 2397/1309/2315
f 2397/1309/2315 2526/1438/2444 2398/1310/2316
f 2398/1310/2316 2527/1439/2445 2399/1311/2317
f 2399/1311/2317 2528/1440/2446 2400/1312/2318
f 2400/1312/2318 2529/1441/2447 2401/1313/2319
f 2401/1313/2319 2530/1442/2448 2402/1314/2320
f 2530/1442/2448 2403/1315/2321 2402/1314/2320
f 2531/1443/2449 2404/1316/2322 2403/1315/2321
f 2532/1444/2450 2405/1317/2323 2404/1316/2322
f 2533/1445/2451 2406/1318/2324 2405/1317/2323
f 2534/1446/2452 2407/1319/2325 2406/1318/2324
f 2535/1447/2453 2408/1320/2326 2407/1319/2325
f 2536/1448/2454 2409/1321/2327 2408/1320/2326
f 2537/1449/2455 2410/1322/2328 2409/1321/2327
f 2538/1450/2456 2411/1323/2329 2410/1322/2328
f 2539/1451/2457 2412/1324/2330 2411/1323/2329
f 2540/1452/2458 2413/1325/2331 2412/1324/2330
f 2541/1453/2459 2414/1326/2332 2413/1325/2331
f 2542/1454/2460 2415/1327/2333 2414/1326/2332
f 2543/1455/2461 2416/1328/2334 2415/1327/2333
f 2544/1456/2462 2417/1329/2335 2416/1328/2334
f 2545/1457/2463 2418/1330/2336 2417/1329/2335
f 2546/1458/2464 2419/1331/2337 2418/1330/2336
f 2547/1459/2465 2420/1332/2338 2419/1331/2337
f 2548/1460/2466 2421/1333/2339 2420/1332/2338
f 2549/1461/2467 2422/1334/2340 2421/1333/2339
f 2550/1462/2468 2423/1335/2341 2422/1334/2340
f 2551/1463/2469 2424/1336/2342 2423/1335/2341
f 2552/1464/2470 2425/1337/2343 2424/1336/2342
f 2553/1465/2471 2426/1338/2344 2425/1337/2343
f 2554/1466/2472 2427/1339/2345 2426/1338/2344
f 2555/1467/2473 2428/1340/2346 2427/1339/2345
f 2556/1468/2474 2429/1341/2347 2428/1340/2346
f 2557/1469/2475 2430/1342/2348 2429/1341/2347
f 2558/1470/2476 2431/1343/2349 2430/1342/2348
f 2559/1471/2477 2432/1344/2350 2431/1343/2349
f 2560/1472/2478 2433/1345/2351 2432/1344/2350
f 2561/1473/2479 2434/1474/2352 2433/1345/2351
f 2434/1474/2352 2563/1475/2481 2435/1347/2353
f 2435/1347/2353 2564/1476/2482 2436/1348/2354
f 2436/1348/2354 2565/1477/2483 2437/1349/2355
f 2437/1349/2355 2566/1478/2484 2438/1350/2356
f 2438/1350/2356 2567/1479/2485 2439/1351/2357
f 2439/1351/2357 2568/1480/2486 2440/1352/2358
f 2440/1352/2358 2569/1481/2487 2441/1353/2359
f 2441/1353/2359 2570/1482/2488 2442/1354/2360
f 2442/1354/2360 2571/1483/2489 2443/1355/2361
f 2443/1355/2361 2572/1484/2490 2444/1356/2362
f 2444/1356/2362 2573/1485/2491 2445/1357/2363
f 2445/1357/2363 2574/1486/2492 2446/1358/2364
f 2446/1358/2364 2575/1487/2493 2447/1359/2365
f 2447/1359/2365 2576/1488/2494 2448/1360/2366
f 2448/1360/2366 2577/1489/2495 2449/1361/2367
f 2449/1361/2367 2578/1490/2496 2450/1362/2368
f 2450/1362/2368 2579/1491/2497 2451/1363/2369
f 2451/1363/2369 2580/1492/2498 2452/1364/2370
f 2452/1364/2370 2581/1493/2499 2453/1365/2371
f 2453/1365/2371 2582/1494/2500 2454/1366/2372
f 2454/1366/2372 2583/1495/2501 2455/1367/2373
f 2455/1367/2373 2584/1496/2502 2456/1368/2374
f 2456/1368/2374 2585/1497/2503 2457/1369/2375
f 2457/1369/2375 2586/1498/2504 2458/1370/2376
f 2458/1370/2376 2587/1499/2505 2459/1371/2377
f 2459/1371/2377 2588/1500/2506 2460/1372/2378
f 2460/1372/2378 2589/1501/2507 2461/1373/2379
f 2461/1373/2379 2590/1502/2508 2462/1374/2380
f 2462/1374/2380 2591/1503/2509 2463/1375/2381
f 2463/1375/2381 2592/1504/2510 2464/1376/2382
f 2464/1376/2382 2593/1505/2511 2465/1377/2383
f 2465/1377/2383 2594/1506/2512 2466/1378/2384
f 2594/1506/2512 2467/1379/2385 2466/1378/2384
f 2595/1507/2513 2468/1380/2386 2467/1379/2385
f 2596/1508/2514 2469/1381/2387 2468/1380/2386
f 2597/1509/2515 2470/1382/2388 2469/1381/2387
f 2598/1510/2516 2471/1383/2389 2470/1382/2388
f 2599/1511/2517 2472/1384/2390 2471/1383/2389
f 2600/1512/2518 2473/1385/2391 2472/1384/2390
f 2601/1513/2519 2474/1386/2392 2473/1385/2391
f 2602/1514/2520 2475/1387/2393 2474/1386/2392
f 2603/1515/2521 2476/1388/2394 2475/1387/2393
f 2604/1516/2522 2477/1389/2395 2476/1388/2394
f 2605/1517/2523 2478/1390/2396 2477/1389/2395
f 2606/1518/2524 2479/1391/2397 2478/1390/2396
f 2607/1519/2525 2480/1392/2398 2479/1391/2397
f 2608/1520/2526 2481/1393/2399 2480/1392/2398
f 2609/1521/2527 2482/1394/2400 2481/1393/2399
f 2610/1522/2528 2483/1395/2401 2482/1394/2400
f 2611/1523/2529 2484/1396/2402 2483/1395/2401
f 2612/1524/2530 2485/1397/2403 2484/1396/2402
f 2613/1525/2531 2486/1398/2404 2485/1397/2403
f 2614/1526/2532 2487/1399/2405 2486/1398/2404
f 2615/1527/2533 2488/1400/2406 2487/1399/2405
f 2616/1528/2534 2489/1401/2407 2488/1400/2406
f 2617/1529/2535 2490/1402/2408 2489/1401/2407
f 2618/1530/2536 2491/1403/2409 2490/1402/2408
f 2619/1531/2537 2492/1404/2410 2491/1403/2409
f 2620/1532/2538 2493/1405/2411 2492/1404/2410
f 2621/1533/2539 2494/1406/2412 2493/1405/2411
f 2622/1534/2540 2495/1407/2413 2494/1406/2412
f 2623/1535/2541 2496/1408/2414 2495/1407/2413
f 2624/1536/2542 2497/1409/2415 2496/1408/2414
f 2625/1537/2543 2370/1410/2288 2497/1409/2415
f 2498/1538/2416 2627/1539/2545 2499/1411/2417
f 2499/1411/2417 2628/1540/2546 2500/1412/2418
f 2500/1412/2418 2629/1541/2547 2501/1413/2419
f 2501/1413/2419 2630/1542/2548 2502/1414/2420
f 2502/1414/2420 2631/1543/2549 2503/1415/2421
f 2503/1415/2421 2632/1544/2550 2504/1416/2422
f 2504/1416/2422 2633/1545/2551 2505/1417/2423
f 2505/1417/2423 2634/1546/2552 2506/1418/2424
f 2506/1418/2424 2635/1547/2553 2507/1419/2425
f 2507/1419/2425 2636/1548/2554 2508/1420/2426
f 2508/1420/2426 2637/1549/2555 2509/1421/2427
f 2509/1421/2427 2638/1550/2556 2510/1422/2428
f 2510/1422/2428 2639/1551/2557 2511/1423/2429
f 2511/1423/2429 2640/1552/2558 2512/1424/2430
f 2512/1424/2430 2641/1553/2559 2513/1425/2431
f 2513/1425/2431 2642/1554/2560 2514/1426/2432
f 2514/1426/2432 2643/1555/2561 2515/1427/2433
f 2515/1427/2433 2644/1556/2562 2516/1428/2434
f 2516/1428/2434 2645/1557/2563 2517/1429/2435
f 2517/1429/2435 2646/1558/2564 2518/1430/2436
f 2518/1430/2436 2647/1559/2565 2519/1431/2437
f 2519/1431/2437 2648/1560/2566 2520/1432/2438
f 2520/1432/2438 2649/1561/2567 2521/1433/2439
f 2521/1433/2439 2650/1562/2568 2522/1434/2440
f 2522/1434/2440 2651/1563/2569 2523/1435/2441
f 2523/1435/2441 2652/1564/2570 2524/1436/2442
f 2524/1436/2442 2653/1565/2571 2525/1437/2443
f 2525/1437/2443 2654/1566/2572 2526/1438/2444
f 2526/1438/2444 2655/1567/2573 2527/1439/2445
f 2527/1439/2445 2656/1568/2574 2528/1440/2446
f 2528/1440/2446 2657/1569/2575 2529/1441/2447
f 2529/1441/2447 2658/1570/2576 2530/1442/2448
f 2658/1570/2576 2531/1443/2449 2530/1442/2448
f 2659/1571/2577 2532/1444/2450 2531/1443/2449
f 2660/1572/2578 2533/1445/2451 2532/1444/2450
f 2661/1573/2579 2534/1446/2452 2533/1445/2451
f 2662/1574/2580 2535/1447/2453 2534/1446/2452
f 2663/1575/2581 2536/1448/2454 2535/1447/2453
f 2664/1576/2582 2537/1449/2455 2536/1448/2454
f 2665/1577/2583 2538/1450/2456 2537/1449/2455
f 2666/1578/2584 2539/1451/2457 2538/1450/2456
f 2667/1579/2585 2540/1452/2458 2539/1451/2457
f 2668/1580/2586 2541/1453/2459 2540/1452/2458
f 2669/1581/2587 2542/1454/2460 2541/1453/2459
f 2670/1582/2588 2543/1455/2461 2542/1454/2460
f 2671/1583/2589 2544/1456/2462 2543/1455/2461
f 2672/1584/2590 2545/1457/2463 2544/1456/2462
f 2673/1585/2591 2546/1458/2464 2545/1457/2463
f 2674/1586/2592 2547/1459/2465 2546/1458/2464
f 2675/1587/2593 2548/1460/2466 2547/1459/2465
f 2676/1588/2594 2549/1461/2467 2548/1460/2466
f 2677/1589/2595 2550/1462/2468 2549/1461/2467
f 2678/1590/2596 2551/1463/2469 2550/1462/2468
f 2679/1591/2597 2552/1464/2470 2551/1463/2469
f 2680/1592/2598 2553/1465/2471 2552/1464/2470
f 2681/1593/2599 2554/1466/2472 2553/1465/2471
f 2682/1594/2600 2555/1467/2473 2554/1466/2472
f 2683/1595/2601 2556/1468/2474 2555/1467/2473
f 2684/1596/2602 2557/1469/2475 2556/1468/2474
f 2685/1597/2603 2558/1470/2476 2557/1469/2475
f 2686/1598/2604 2559/1471/2477 2558/1470/2476
f 2687/1599/2605 2560/1472/2478 2559/1471/2477
f 2688/1600/2606 2561/1473/2479 2560/1472/2478
f 2689/1601/2607 2562/1602/2480 2561/1473/2479
f 2562/1602/2480 2691/1603/2609 2563/1475/2481
f 2563/1475/2481 2692/1604/2610 2564/1476/2482
f 2564/1476/2482 2693/1605/2611 2565/1477/2483
f 2565/1477/2483 2694/1606/2612 2566/1478/2484
f 2566/1478/2484 2695/1607/2613 2567/1479/2485
f 2567/1479/2485 2696/1608/2614 2568/1480/2486
f 2568/1480/2486 2697/1609/2615 2569/1481/2487
f 2569/1481/2487 2698/1610/2616 2570/1482/2488
f 2570/1482/2488 2699/1611/2617 2571/1483/2489
f 2571/1483/2489 2700/1612/2618 2572/1484/2490
f 2572/1484/2490 2701/1613/2619 2573/1485/2491
f 2573/1485/2491 2702/1614/2620 2574/1486/2492
f 2574/1486/2492 2703/1615/2621 2575/1487/2493
f 2575/1487/2493 2704/1616/2622 2576/1488/2494
f 2576/1488/2494 2705/1617/2623 2577/1489/2495
f 2577/1489/2495 2706/1618/2624 2578/1490/2496
f 2578/1490/2496 2707/1619/2625 2579/1491/2497
f 2579/1491/2497 2708/1620/2626 2580/1492/2498
f 2580/1492/2498 2709/1621/2627 2581/1493/2499
f 2581/1493/2499 2710/1622/2628 2582/1494/2500
f 2582/1494/2500 2711/1623/2629 2583/1495/2501
f 2583/1495/2501 2712/1624/2630 2584/1496/2502
f 2584/1496/2502 2713/1625/2631 2585/1497/2503
f 2585/1497/2503 2714/1626/2632 2586/1498/2504
f 2586/1498/2504 2715/1627/2633 2587/1499/2505
f 2587/1499/2505 2716/1628/2634 2588/1500/2506
f 2588/1500/2506 2717/1629/2635 2589/1501/2507
f 2589/1501/2507 2718/1630/2636 2590/1502/2508
f 2590/1502/2508 2719/1631/2637 2591/1503/2509
f 2591/1503/2509 2720/1632/2638 2592/1504/2510
f 2592/1504/2510 2721/1633/2639 2593/1505/2511
f 2593/1505/2511 2722/1634/2640 2594/1506/2512
f 2722/1634/2640 2595/1507/2513 2594/1506/2512
f 2723/1635/2641 2596/1508/2514 2595/1507/2513
f 2724/1636/2642 2597/1509/2515 2596/1508/2514
f 2725/1637/2643 2598/1510/2516 2597/1509/2515
f 2726/1638/2644 2599/1511/2517 2598/1510/2516
f 2727/1639/2645 2600/1512/2518 2599/1511/2517
f 2728/1640/2646 2601/1513/2519 2600/1512/2518
f 2729/1641/2647 2602/1514/2520 2601/1513/2519
f 2730/1642/2648 2603/1515/2521 2602/1514/2520
f 2731/1643/2649 2604/1516/2522 2603/1515/2521
f 2732/1644/2650 2605/1517/2523 2604/1516/2522
f 2733/1645/2651 2606/1518/2524 2605/1517/2523
f 2734/1646/2652 2607/1519/2525 2606/1518/2524
f 2735/1647/2653 2608/1520/2526 2607/1519/2525
f 2736/1648/2654 2609/1521/2527 2608/1520/2526
f 2737/1649/2655 2610/1522/2528 2609/1521/2527
f 2738/1650/2656 2611/1523/2529 2610/1522/2528
f 2739/1651/2657 2612/1524/2530 2611/1523/2529
f 2740/1652/2658 2613/1525/2531 2612/1524/2530
f 2741/1653/2659 2614/1526/2532 2613/1525/2531
f 2742/1654/2660 2615/1527/2533 2614/1526/2532
f 2743/1655/2661 2616/1528/2534 2615/1527/2533
f 2744/1656/2662 2617/1529/2535 2616/1528/2534
f 2745/1657/2663 2618/1530/2536 2617/1529/2535
f 2746/1658/2664 2619/1531/2537 2618/1530/2536
f 2747/1659/2665 2620/1532/2538 2619/1531/2537
f 2748/1660/2666 2621/1533/2539 2620/1532/2538
f 2749/1661/2667 2622/1534/2540 2621/1533/2539
f 2750/1662/2668 2623/1535/2541 2622/1534/2540
f 2751/1663/2669 2624/1536/2542 2623/1535/2541
f 2752/1664/2670 2625/1537/2543 2624/1536/2542
f 2753/1665/2671 2498/1538/2416 2625/1537/2543
f 2626/1666/2544 2755/1667/2673 2627/1539/2545
f 2627/1539/2545 2756/1668/2674 2628/1540/2546
f 2628/1540/2546 2757/1669/2675 2629/1541/2547
f 2629/1541/2547 2758/1670/2676 2630/1542/2548
f 2630/1542/2548 2759/1671/2677 2631/1543/2549
f 2631/1543/2549 2760/1672/2678 2632/1544/2550
f 2632/1544/2550 2761/1673/2679 2633/1545/2551
f 2633/1545/2551 2762/1674/2680 2634/1546/2552
f 2634/1546/2552 2763/1675/2681 2635/1547/2553
f 2635/1547/2553 2764/1676/2682 2636/1548/2554
f 2636/1548/2554 2765/1677/2683 2637/1549/2555
f 2637/1549/2555 2766/1678/2684 2638/1550/2556
f 2638/1550/2556 2767/1679/2685 2639/1551/2557
f 2639/1551/2557 2768/1680/2686 2640/1552/2558
f 2640/1552/2558 2769/1681/2687 2641/1553/2559
f 2641/1553/2559 2770/1682/2688 2642/1554/2560
f 2642/1554/2560 2771/1683/2689 2643/1555/2561
f 2643/1555/2561 2772/1684/2690 2644/1556/2562
f 2644/1556/2562 2773/1685/2691 2645/1557/2563
f 2645/1557/2563 2774/1686/2692 2646/1558/2564
f 2646/1558/2564 2775/1687/2693 2647/1559/2565
f 2647/1559/2565 2776/1688/2694 2648/1560/2566
f 2648/1560/2566 2777/1689/2695 2649/1561/2567
f 2649/1561/2567 2778/1690/2696 2650/1562/2568
f 2650/1562/2568 2779/1691/2697 2651/1563/2569
f 2651/1563/2569 2780/1692/2698 2652/1564/2570
f 2652/1564/2570 2781/1693/2699 2653/1565/2571
f 2653/1565/2571 2782/1694/2700 2654/1566/2572
f 2654/1566/2572 2783/1695/2701 2655/1567/2573
f 2655/1567/2573 2784/1696/2702 2656/1568/2574
f 2656/1568/2574 2785/1697/2703 2657/1569/2575
f 2657/1569/2575 2786/1698/2704 2658/1570/2576
f 2786/1698/2704 2659/1571/2577 2658/1570/2576
f 2787/1699/2705 2660/1572/2578 2659/1571/2577
f 2788/1700/2706 2661/1573/2579 2660/1572/2578
f 2789/1701/2707 2662/1574/2580 2661/1573/2579
f 2790/1702/2708 2663/1575/2581 2662/1574/2580
f 2791/1703/2709 2664/1576/2582 2663/1575/2581
f 2792/1704/2710 2665/1577/2583 2664/1576/2582
f 2793/1705/2711 2666/1578/2584 2665/1577/2583
f 2794/1706/2712 2667/1579/2585 2666/1578/2584
f 2795/1707/2713 2668/1580/2586 2667/1579/2585
f 2796/1708/2714 2669/1581/2587 2668/1580/2586
f 2797/1709/2715 2670/1582/2588 2669/1581/2587
f 2798/1710/2716 2671/1583/2589 2670/1582/2588
f 2799/1711/2717 2672/1584/2590 2671/1583/2589
f 2800/1712/2718 2673/1585/2591 2672/1584/2590
f 2801/1713/2719 2674/1586/2592 2673/1585/2591
f 2802/1714/2720 2675/1587/2593 2674/1586/2592
f 2803/1715/2721 2676/1588/2594 2675/1587/2593
f 2804/1716/2722 2677/1589/2595 2676/1588/2594
f 2805/1717/2723 2678/1590/2596 2677/1589/2595
f 2806/1718/2724 2679/1591/2597 2678/1590/2596
f 2807/1719/2725 2680/1592/2598 2679/1591/2597
f 2808/1720/2726 2681/1593/2599 2680/1592/2598
f 2809/1721/2727 2682/1594/2600 2681/1593/2599
f 2810/1722/2728 2683/1595/2601 2682/1594/2600
f 2811/1723/2729 2684/1596/2602 2683/1595/2601
f 2812/1724/2730 2685/1597/2603 2684/1596/2602
f 2813/1725/2731 2686/1598/2604 2685/1597/2603
f 2814/1726/2732 2687/1599/2605 2686/1598/2604
f 2815/1727/2733 2688/1600/2606 2687/1599/2605
f 2816/1728/2734 2689/1601/2607 2688/1600/2606
f 2817/1729/2735 2690/1730/2608 2689/1601/2607
f 2690/1730/2608 2819/1731/2737 2691/1603/2609
f 2691/1603/2609 2820/1732/2738 2692/1604/2610
f 2692/1604/2610 2821/1733/2739 2693/1605/2611
f 2693/1605/2611 2822/1734/2740 2694/1606/2612
f 2694/1606/2612 2823/1735/2741 2695/1607/2613
f 2695/1607/2613 2824/1736/2742 2696/1608/2614
f 2696/1608/2614 2825/1737/2743 2697/1609/2615
f 2697/1609/2615 2826/1738/2744 2698/1610/2616
f 2698/1610/2616 2827/1739/2745 2699/1611/2617
f 2699/1611/2617 2828/1740/2746 2700/1612/2618
f 2700/1612/2618 2829/1741/2747 2701/1613/2619
f 2701/1613/2619 2830/1742/2748 2702/1614/2620
f 2702/1614/2620 2831/1743/2749 2703/1615/2621
f 2703/1615/2621 2832/1744/2750 2704/1616/2622
f 2704/1616/2622 2833/1745/2751 2705/1617/2623
f 2705/1617/2623 2834/1746/2752 2706/1618/2624
f 2706/1618/2624 2835/1747/2753 2707/1619/2625
f 2707/1619/2625 2836/1748/2754 2708/1620/2626
f 2708/1620/2626 2837/1749/2755 2709/1621/2627
f 2709/1621/2627 2838/1750/2756 2710/1622/2628
f 2710/1622/2628 2839/1751/2757 2711/1623/2629
f 2711/1623/2629 2840/1752/2758 2712/1624/2630
f 2712/1624/2630 2841/1753/2759 2713/1625/2631
f 2713/1625/2631 2842/1754/2760 2714/1626/2632
f 2714/1626/2632 2843/1755/2761 2715/1627/2633
f 2715/1627/2633 2844/1756/2762 2716/1628/2634
f 2716/1628/2634 2845/1757/2763 2717/1629/2635
f 2717/1629/2635 2846/1758/2764 2718/1630/2636
f 2718/1630/2636 2847/1759/2765 2719/1631/2637
f 2719/1631/2637 2848/1760/2766 2720/1632/2638
f 2720/1632/2638 2849/1761/2767 2721/1633/2639
f 2721/1633/2639 2850/1762/2768 2722/1634/2640
f 2850/1762/2768 2723/1635/2641 2722/1634/2640
f 2851/1763/2769 2724/1636/2642 2723/1635/2641
f 2852/1764/2770 2725/1637/2643 2724/1636/2642
f 2853/1765/2771 2726/1638/2644 2725/1637/2643
f 2854/1766/2772 2727/1639/2645 2726/1638/2644
f 2855/1767/2773 2728/1640/2646 2727/1639/2645
f 2856/1768/2774 2729/1641/2647 2728/1640/2646
f 2857/1769/2775 2730/1642/2648 2729/1641/2647
f 2858/1770/2776 2731/1643/2649 2730/1642/2648
f 2859/1771/2777 2732/1644/2650 2731/1643/2649
f 2860/1772/2778 2733/1645/2651 2732/1644/2650
f 2861/1773/2779 2734/1646/2652 2733/1645/2651
f 2862/1774/2780 2735/1647/2653 2734/1646/2652
f 2863/1775/2781 2736/1648/2654 2735/1647/2653
f 2864/1776/2782 2737/1649/2655 2736/1648/2654
f 2865/1777/2783 2738/1650/2656 2737/1649/2655
f 2866/1778/2784 2739/1651/2657 2738/1650/2656
f 2867/1779/2785 2740/1652/2658 2739/1651/2657
f 2868/1780/2786 2741/1653/2659 2740/1652/2658
f 2869/1781/2787 2742/1654/2660 2741/1653/2659
f 2870/1782/2788 2743/1655/2661 2742/1654/2660
f 2871/1783/2789 2744/1656/2662 2743/1655/2661
f 2872/1784/2790 2745/1657/2663 2744/1656/2662
f 2873/1785/2791 2746/1658/2664 2745/1657/2663
f 2874/1786/2792 2747/1659/2665 2746/1658/2664
f 2875/1787/2793 2748/1660/2666 2747/1659/2665
f 2876/1788/2794 2749/1661/2667 2748/1660/2666
f 2877/1789/2795 2750/1662/2668 2749/1661/2667
f 2878/1790/2796 2751/1663/2669 2750/1662/2668
f 2879/1791/2797 2752/1664/2670 2751/1663/2669
f 2880/1792/2798 2753/1665/2671 2752/1664/2670
f 2881/1793/2799 2626/1666/2544 2753/1665/2671
f 2754/1794/2672 2883/1795/2801 2755/1667/2673
f 2755/1667/2673 2884/1796/2802 2756/1668/2674
f 2756/1668/2674 2885/1797/2803 2757/1669/2675
f 2757/1669/2675 2886/1798/2804 2758/1670/2676
f 2758/1670/2676 2887/1799/2805 2759/1671/2677
f 2759/1671/2677 2888/1800/2806 2760/1672/2678
f 2760/1672/2678 2889/1801/2807 2761/1673/2679
f 2761/1673/2679 2890/1802/2808 2762/1674/2680
f 2762/1674/2680 2891/1803/2809 2763/1675/2681
f 2763/1675/2681 2892/1804/2810 2764/1676/2682
f 2764/1676/2682 2893/1805/2811 2765/1677/2683
f 2765/1677/2683 2894/1806/2812 2766/1678/2684
f 2766/1678/2684 2895/1807/2813 2767/1679/2685
f 2767/1679/2685 2896/1808/2814 2768/1680/2686
f 2768/1680/2686 2897/1809/2815 2769/1681/2687
f 2769/1681/2687 2898/1810/2816 2770/1682/2688
f 2770/1682/2688 2899/1811/2817 2771/1683/2689
f 2771/1683/2689 2900/1812/2818 2772/1684/2690
f 2772/1684/2690 2901/1813/2819 2773/1685/2691
f 2773/1685/2691 2902/1814/2820 2774/1686/2692
f 2774/1686/2692 2903/1815/2821 2775/1687/2693
f 2775/1687/2693 2904/1816/2822 2776/1688/2694
f 2776/1688/2694 2905/1817/2823 2777/1689/2695
f 2777/1689/2695 2906/1818/2824 2778/1690/2696
f 2778/1690/2696 2907/1819/2825 2779/1691/2697
f 2779/1691/2697 2908/1820/2826 2780/1692/2698
f 2780/1692/2698 2909/1821/2827 2781/1693/2699
f 2781/1693/2699 2910/1822/2828 2782/1694/2700
f 2782/1694/2700 2911/1823/2829 2783/1695/2701
f 2783/1695/2701 2912/1824/2830 2784/1696/2702
f 2784/1696/2702 2913/1825/2831 2785/1697/2703
f 2785/1697/2703 2914/1826/2832 2786/1698/2704
f 2914/1826/2832 2787/1699/2705 2786/1698/2704
f 2915/1827/2833 2788/1700/2706 2787/1699/2705
f 2916/1828/2834 2789/1701/2707 2788/1700/2706
f 2917/1829/2835 2790/1702/2708 2789/1701/2707
f 2918/1830/2836 2791/1703/2709 2790/1702/2708
f 2919/1831/2837 2792/1704/2710 2791/1703/2709
f 2920/1832/2838 2793/1705/2711 2792/1704/2710
f 2921/1833/2839 2794/1706/2712 2793/1705/2711
f 2922/1834/2840 2795/1707/2713 2794/1706/2712
f 2923/1835/2841 2796/1708/2714 2795/1707/2713
f 2924/1836/2842 2797/1709/2715 2796/1708/2714
f 2925/1837/2843 2798/1710/2716 2797/1709/2715
f 2926/1838/2844 2799/1711/2717 2798/1710/2716
f 2927/1839/2845 2800/1712/2718 2799/1711/2717
f 2928/1840/2846 2801/1713/2719 2800/1712/2718
f 2929/1841/2847 2802/1714/2720 2801/1713/2719
f 2930/1842/2848 2803/1715/2721 2802/1714/2720
f 2931/1843/2849 2804/1716/2722 2803/1715/2721
f 2932/1844/2850 2805/1717/2723 2804/1716/2722
f 2933/1845/2851 2806/1718/2724 2805/1717/2723
f 2934/1846/2852 2807/1719/2725 2806/1718/2724
f 2935/1847/2853 2808/1720/2726 2807/1719/2725
f 2936/1848/2854 2809/1721/2727 2808/1720/2726
f 2937/1849/2855 2810/1722/2728 2809/1721/2727
f 2938/1850/2856 2811/1723/2729 2810/1722/2728
f 2939/1851/2857 2812/1724/2730 2811/1723/2729
f 2940/1852/2858 2813/1725/2731 2812/1724/2730
f 2941/1853/2859 2814/1726/2732 2813/1725/2731
f 2942/1854/2860 2815/1727/2733 2814/1726/2732
f 2943/1855/2861 2816/1728/2734 2815/1727/2733
f 2944/1856/2862 2817/1729/2735 2816/1728/2734
f 2945/1857/2863 2818/1858/2736 2817/1729/2735
f 2818/1858/2736 2947/1859/2865 2819/1731/2737
f 2819/1731/2737 2948/1860/2866 2820/1732/2738
f 2820/1732/2738 2949/1861/2867 2821/1733/2739
f 2821/1733/2739 2950/1862/2868 2822/1734/2740
f 2822/1734/2740 2951/1863/2869 2823/1735/2741
f 2823/1735/2741 2952/1864/2870 2824/1736/2742
f 2824/1736/2742 2953/1865/2871 2825/1737/2743
f 2825/1737/2743 2954/1866/2872 2826/1738/2744
f 2826/1738/2744 2955/1867/2873 2827/1739/2745
f 2827/1739/2745 2956/1868/2874 2828/1740/2746
f 2828/1740/2746 2957/1869/2875 2829/1741/2747
f 2829/1741/2747 2958/1870/2876 2830/1742/2748
f 2830/1742/2748 2959/1871/2877 2831/1743/2749
f 2831/1743/2749 2960/1872/2878 2832/1744/2750
f 2832/1744/2750 2961/1873/2879 2833/1745/2751
f 2833/1745/2751 2962/1874/2880 2834/1746/2752
f 2834/1746/2752 2963/1875/2881 2835/1747/2753
f 2835/1747/2753 2964/1876/2882 2836/1748/2754
f 2836/1748/2754 2965/1877/2883 2837/1749/2755
f 2837/1749/2755 2966/1878/2884 2838/1750/2756
f 2838/1750/2756 2967/1879/2885 2839/1751/2757
f 2839/1751/2757 2968/1880/2886 2840/1752/2758
f 2840/1752/2758 2969/1881/2887 2841/1753/2759
f 2841/1753/2759 2970/1882/2888 2842/1754/2760
f 2842/1754/2760 2971/1883/2889 2843/1755/2761
f 2843/1755/2761 2972/1884/2890 2844/1756/2762
f 2844/1756/2762 2973/1885/2891 2845/1757/2763
f 2845/1757/2763 2974/1886/2892 2846/1758/2764
f 2846/1758/2764 2975/1887/2893 2847/1759/2765
f 2847/1759/2765 2976/1888/2894 2848/1760/2766
f 2848/1760/2766 2977/1889/2895 2849/1761/2767
f 2849/1761/2767 2978/1890/2896 2850/1762/2768
f 2978/1890/2896 2851/1763/2769 2850/1762/2768
f 2979/1891/2897 2852/1764/2770 2851/1763/2769
f 2980/1892/2898 2853/1765/2771 2852/1764/2770
f 2981/1893/2899 2854/1766/2772 2853/1765/2771
f 2982/1894/2900 2855/1767/2773 2854/1766/2772
f 2983/1895/2901 2856/1768/2774 2855/1767/2773
f 2984/1896/2902 2857/1769/2775 2856/1768/2774
f 2985/1897/2903 2858/1770/2776 2857/1769/2775
f 2986/1898/2904 2859/1771/2777 2858/1770/2776
f 2987/1899/2905 2860/1772/2778 2859/1771/2777
f 2988/1900/2906 2861/1773/2779 2860/1772/2778
f 2989/1901/2907 2862/1774/2780 2861/1773/2779
f 2990/1902/2908 2863/1775/2781 2862/1774/2780
f 2991/1903/2909 2864/1776/2782 2863/1775/2781
f 2992/1904/2910 2865/1777/2783 2864/1776/2782
f 2993/1905/2911 2866/1778/2784 2865/1777/2783
f 2994/1906/2912 2867/1779/2785 2866/1778/2784
f 2995/1907/2913 2868/1780/2786 2867/1779/2785
f 2996/1908/2914 2869/1781/2787 2868/1780/2786
f 2997/1909/2915 2870/1782/2788 2869/1781/2787
f 2998/1910/2916 2871/1783/2789 2870/1782/2788
f 2999/1911/2917 2872/1784/2790 2871/1783/2789
f 3000/1912/2918 2873/1785/2791 2872/1784/2790
f 3001/1913/2919 2874/1786/2792 2873/1785/2791
f 3002/1914/2920 2875/1787/2793 2874/1786/2792
f 3003/1915/2921 2876/1788/2794 2875/1787/2793
f 3004/1916/2922 2877/1789/2795 2876/1788/2794
f 3005/1917/2923 2878/1790/2796 2877/1789/2795
f 3006/1918/2924 2879/1791/2797 2878/1790/2796
f 3007/1919/2925 2880/1792/2798 2879/1791/2797
f 3008/1920/2926 2881/1793/2799 2880/1792/2798
f 3009/1921/2927 2754/1794/2672 2881/1793/2799
f 2882/1922/2800 3011/1923/2929 2883/1795/2801
f 2883/1795/2801 3012/1924/2930 2884/1796/2802
f 2884/1796/2802 3013/1925/2931 2885/1797/2803
f 2885/1797/2803 3014/1926/2932 2886/1798/2804
f 2886/1798/2804 3015/1927/2933 2887/1799/2805
f 2887/1799/2805 3016/1928/2934 2888/1800/2806
f 2888/1800/2806 3017/1929/2935 2889/1801/2807
f 2889/1801/2807 3018/1930/2936 2890/1802/2808
f 2890/1802/2808 3019/1931/2937 2891/1803/2809
f 2891/1803/2809 3020/1932/2938 2892/1804/2810
f 2892/1804/2810 3021/1933/2939 2893/1805/2811
f 2893/1805/2811 3022/1934/2940 2894/1806/2812
f 2894/1806/2812 3023/1935/2941 2895/1807/2813
f 2895/1807/2813 3024/1936/2942 2896/1808/2814
f 2896/1808/2814 3025/1937/2943 2897/1809/2815
f 2897/1809/2815 3026/1938/2944 2898/1810/2816
f 2898/1810/2816 3027/1939/2945 2899/1811/2817
f 2899/1811/2817 3028/1940/2946 2900/1812/2818
f 2900/1812/2818 3029/1941/2947 2901/1813/2819
f 2901/1813/2819 3030/1942/2948 2902/1814/2820
f 2902/1814/2820 3031/1943/2949 2903/1815/2821
f 2903/1815/2821 3032/1944/2950 2904/1816/2822
f 2904/1816/2822 3033/1945/2951 2905/1817/2823
f 2905/1817/2823 3034/1946/2952 2906/1818/2824
f 2906/1818/2824 3035/1947/2953 2907/1819/2825
f 2907/1819/2825 3036/1948/2954 2908/1820/2826
f 2908/1820/2826 3037/1949/2955 2909/1821/2827
f 2909/1821/2827 3038/1950/2956 2910/1822/2828
f 2910/1822/2828 3039/1951/2957 2911/1823/2829
f 2911/1823/2829 3040/1952/2958 2912/1824/2830
f 2912/1824/2830 3041/1953/2959 2913/1825/2831
f 2913/1825/2831 3042/1954/2960 2914/1826/2832
f 3042/1954/2960 2915/1827/2833 2914/1826/2832
f 3043/1955/2961 2916/1828/2834 2915/1827/2833
f 3044/1956/2962 2917/1829/2835 2916/1828/2834
f 3045/1957/2963 2918/1830/2836 2917/1829/2835
f 3046/1958/2964 2919/1831/2837 2918/1830/2836
f 3047/1959/2965 2920/1832/2838 2919/1831/2837
f 3048/1960/2966 2921/1833/2839 2920/1832/2838
f 3049/1961/2967 2922/1834/2840 2921/1833/2839
f 3050/1962/2968 2923/1835/2841 2922/1834/2840
f 3051/1963/2969 2924/1836/2842 2923/1835/2841
f 3052/1964/2970 2925/1837/2843 2924/1836/2842
f 3053/1965/2971 2926/1838/2844 2925/1837/2843
f 3054/1966/2972 2927/1839/2845 2926/1838/2844
f 3055/1967/2973 2928/1840/2846 2927/1839/2845
f 3056/1968/2974 2929/1841/2847 2928/1840/2846
f 3057/1969/2975 2930/1842/2848 2929/1841/2847
f 3058/1970/2976 2931/1843/2849 2930/1842/2848
f 3059/1971/2977 2932/1844/2850 2931/1843/2849
f 3060/1972/2978 2933/1845/2851 2932/1844/2850
f 3061/1973/2979 2934/1846/2852 2933/1845/2851
f 3062/1974/2980 2935/1847/2853 2934/1846/2852
f 3063/1975/2981 2936/1848/2854 2935/1847/2853
f 3064/1976/2982 2937/1849/2855 2936/1848/2854
f 3065/1977/2983 2938/1850/2856 2937/1849/2855
f 3066/1978/2984 2939/1851/2857 2938/1850/2856
f 3067/1979/2985 2940/1852/2858 2939/1851/2857
f 3068/1980/2986 2941/1853/2859 2940/1852/2858
f 3069/1981/2987 2942/1854/2860 2941/1853/2859
f 3070/1982/2988 2943/1855/2861 2942/1854/2860
f 3071/1983/2989 2944/1856/2862 2943/1855/2861
f 3072/1984/2990 2945/1857/2863 2944/1856/2862
f 3073/1985/2991 2946/1986/2864 2945/1857/2863
f 2946/1986/2864 3075/1987/2993 2947/1859/2865
f 2947/1859/2865 3076/1988/2994 2948/1860/2866
f 2948/1860/2866 3077/1989/2995 2949/1861/2867
f 2949/1861/2867 3078/1990/2996 2950/1862/2868
f 2950/1862/2868 3079/1991/2997 2951/1863/2869
f 2951/1863/2869 3080/1992/2998 2952/1864/2870
f 2952/1864/2870 3081/1993/2999 2953/1865/2871
f 2953/1865/2871 3082/1994/3000 2954/1866/2872
f 2954/1866/2872 3083/1995/3001 2955/1867/2873
f 2955/1867/2873 3084/1996/3002 2956/1868/2874
f 2956/1868/2874 3085/1997/3003 2957/1869/2875
f 2957/1869/2875 3086/1998/3004 2958/1870/2876
f 2958/1870/2876 3087/1999/3005 2959/1871/2877
f 2959/1871/2877 3088/2000/3006 2960/1872/2878
f 2960/1872/2878 3089/2001/3007 2961/1873/2879
f 2961/1873/2879 3090/2002/3008 2962/1874/2880
f 2962/1874/2880 3091/2003/3009 2963/1875/2881
f 2963/1875/2881 3092/2004/3010 2964/1876/2882
f 2964/1876/2882 3093/2005/3011 2965/1877/2883
f 2965/1877/2883 3094/2006/3012 2966/1878/2884
f 2966/1878/2884 3095/2007/3013 2967/1879/2885
f 2967/1879/2885 3096/2008/3014 2968/1880/2886
f 2968/1880/2886 3097/2009/3015 2969/1881/2887
f 2969/1881/2887 3098/2010/3016 2970/1882/2888
f 2970/1882/2888 3099/2011/3017 2971/1883/2889
f 2971/1883/2889 3100/2012/3018 2972/1884/2890
f 2972/1884/2890 3101/2013/3019 2973/1885/2891
f 2973/1885/2891 3102/2014/3020 2974/1886/2892
f 2974/1886/2892 3103/2015/3021 2975/1887/2893
f 2975/1887/2893 3104/2016/3022 2976/1888/2894
f 2976/1888/2894 3105/2017/3023 2977/1889/2895
f 2977/1889/2895 3106/2018/3024 2978/1890/2896
f 3106/2018/3024 2979/1891/2897 2978/1890/2896
f 3107/2019/3025 2980/1892/2898 2979/1891/2897
f 3108/2020/3026 2981/1893/2899 2980/1892/2898
f 3109/2021/3027 2982/1894/2900 2981/1893/2899
f 3110/2022/3028 2983/1895/2901 2982/1894/2900
f 3111/2023/3029 2984/1896/2902 2983/1895/2901
f 3112/2024/3030 2985/1897/2903 2984/1896/2902
f 3113/2025/3031 2986/1898/2904 2985/1897/2903
f 3114/2026/3032 2987/1899/2905 2986/1898/2904
f 3115/2027/3033 2988/1900/2906 2987/1899/2905
f 3116/2028/3034 2989/1901/2907 2988/1900/2906
f 3117/2029/3035 2990/1902/2908 2989/1901/2907
f 3118/2030/3036 2991/1903/2909 2990/1902/2908
f 3119/2031/3037 2992/1904/2910 2991/1903/2909
f 3120/2032/3038 2993/1905/2911 2992/1904/2910
f 3121/2033/3039 2994/1906/2912 2993/1905/2911
f 3122/2034/3040 2995/1907/2913 2994/1906/2912
f 3123/2035/3041 2996/1908/2914 2995/1907/2913
f 3124/2036/3042 2997/1909/2915 2996/1908/2914
f 3125/2037/3043 2998/1910/2916 2997/1909/2915
f 3126/2038/3044 2999/1911/2917 2998/1910/2916
f 3127/2039/3045 3000/1912/2918 2999/1911/2917
f 3128/2040/3046 3001/1913/2919 3000/1912/2918
f 3129/2041/3047 3002/1914/2920 3001/1913/2919
f 3130/2042/3048 3003/1915/2921 3002/1914/2920
f 3131/2043/3049 3004/1916/2922 3003/1915/2921
f 3132/2044/3050 3005/1917/2923 3004/1916/2922
f 3133/2045/3051 3006/1918/2924 3005/1917/2923
f 3134/2046/3052 3007/1919/2925 3006/1918/2924
f 3135/2047/3053 3008/1920/2926 3007/1919/2925
f 3136/2048/3054 3009/1921/2927 3008/1920/2926
f 3137/2049/3055 2882/1922/2800 3009/1921/2927
f 3010/2050/2928 3139/2051/3057 3011/1923/2929
f 3011/1923/2929 3140/2052/3058 3012/1924/2930
f 3012/1924/2930 3141/2053/3059 3013/1925/2931
f 3013/1925/2931 3142/2054/3060 3014/1926/2932
f 3014/1926/2932 3143/2055/3061 3015/1927/2933
f 3015/1927/2933 3144/2056/3062 3016/1928/2934
f 3016/1928/2934 3145/2057/3063 3017/1929/2935
f 3017/1929/2935 3146/2058/3064 3018/1930/2936
f 3018/1930/2936 3147/2059/3065 3019/1931/2937
f 3019/1931/2937 3148/2060/3066 3020/1932/2938
f 3020/1932/2938 3149/2061/3067 3021/1933/2939
f 3021/1933/2939 3150/2062/3068 3022/1934/2940
f 3022/1934/2940 3151/2063/3069 3023/1935/2941
f 3023/1935/2941 3152/2064/3070 3024/1936/2942
f 3024/1936/2942 3153/2065/3071 3025/1937/2943
f 3025/1937/2943 3154/2066/3072 3026/1938/2944
f 3026/1938/2944 3155/2067/3073 3027/1939/2945
f 3027/1939/2945 3156/2068/3074 3028/1940/2946
f 3028/1940/2946 3157/2069/3075 3029/1941/2947
f 3029/1941/2947 3158/2070/3076 3030/1942/2948
f 3030/1942/2948 3159/2071/3077 3031/1943/2949
f 3031/1943/2949 3160/2072/3078 3032/1944/2950
f 3032/1944/2950 3161/2073/3079 3033/1945/2951
f 3033/1945/2951 3162/2074/3080 3034/1946/2952
f 3034/1946/2952 3163/2075/3081 3035/1947/2953
f 3035/1947/2953 3164/2076/3082 3036/1948/2954
f 3036/1948/2954 3165/2077/3083 3037/1949/2955
f 3037/1949/2955 3166/2078/3084 3038/1950/2956
f 3038/1950/2956 3167/2079/3085 3039/1951/2957
f 3039/1951/2957 3168/2080/3086 3040/1952/2958
f 3040/1952/2958 3169/2081/3087 3041/1953/2959
f 3041/1953/2959 3170/2082/3088 3042/1954/2960
f 3170/2082/3088 3043/1955/2961 3042/1954/2960
f 3171/2083/3089 3044/1956/2962 3043/1955/2961
f 3172/2084/3090 3045/1957/2963 3044/1956/2962
f 3173/2085/3091 3046/1958/2964 3045/1957/2963
f 3174/2086/3092 3047/1959/2965 3046/1958/2964
f 3175/2087/3093 3048/1960/2966 3047/1959/2965
f 3176/2088/3094 3049/1961/2967 3048/1960/2966
f 3177/2089/3095 3050/1962/2968 3049/1961/2967
f 3178/2090/3096 3051/1963/2969 3050/1962/2968
f 3179/2091/3097 3052/1964/2970 3051/1963/2969
f 3180/2092/3098 3053/1965/2971 3052/1964/2970
f 3181/2093/3099 3054/1966/2972 3053/1965/2971
f 3182/2094/3100 3055/1967/2973 3054/1966/2972
f 3183/2095/3101 3056/1968/2974 3055/1967/2973
f 3184/2096/3102 3057/1969/2975 3056/1968/2974
f 3185/2097/3103 3058/1970/2976 3057/1969/2975
f 3186/2098/3104 3059/1971/2977 3058/1970/2976
f 3187/2099/3105 3060/1972/2978 3059/1971/2977
f 3188/2100/3106 3061/1973/2979 3060/1972/2978
f 3189/2101/3107 3062/1974/2980 3061/1973/2979
f 3190/2102/3108 3063/1975/2981 3062/1974/2980
f 3191/2103/3109 3064/1976/2982 3063/1975/2981
f 3192/2104/3110 3065/1977/2983 3064/1976/2982
f 3193/2105/3111 3066/1978/2984 3065/1977/2983
f 3194/2106/3112 3067/1979/2985 3066/1978/2984
f 3195/2107/3113 3068/1980/2986 3067/1979/2985
f 3196/2108/3114 3069/1981/2987 3068/1980/2986
f 3197/2109/3115 3070/1982/2988 3069/1981/2987
f 3198/2110/3116 3071/1983/2989 3070/1982/2988
f 3199/2111/3117 3072/1984/2990 3071/1983/2989
f 3200/2112/3118 3073/1985/2991 3072/1984/2990
f 3201/2113/3119 3074/2114/2992 3073/1985/2991
f 3074/2114/2992 3203/2115/3121 3075/1987/2993
f 3075/1987/2993 3204/2116/3122 3076/1988/2994
f 3076/1988/2994 3205/2117/3123 3077/1989/2995
f 3077/1989/2995 3206/2118/3124 3078/1990/2996
f 3078/1990/2996 3207/2119/3125 3079/1991/2997
f 3079/1991/2997 3208/2120/3126 3080/1992/2998
f 3080/1992/2998 3209/2121/3127 3081/1993/2999
f 3081/1993/2999 3210/2122/3128 3082/1994/3000
f 3082/1994/3000 3211/2123/3129 3083/1995/3001
f 3083/1995/3001 3212/2124/3130 3084/1996/3002
f 3084/1996/3002 3213/2125/3131 3085/1997/3003
f 3085/1997/3003 3214/2126/3132 3086/1998/3004
f 3086/1998/3004 3215/2127/3133 3087/1999/3005
f 3087/1999/3005 3216/2128/3134 3088/2000/3006
f 3088/2000/3006 3217/2129/3135 3089/2001/3007
f 3089/2001/3007 3218/2130/3136 3090/2002/3008
f 3090/2002/3008 3219/2131/3137 3091/2003/3009
f 3091/2003/3009 3220/2132/3138 3092/2004/3010
f 3092/2004/3010 3221/2133/3139 3093/2005/3011
f 3093/2005/3011 3222/2134/3140 3094/2006/3012
f 3094/2006/3012 3223/2135/3141 3095/2007/3013
f 3095/2007/3013 3224/2136/3142 3096/2008/3014
f 3096/2008/3014 3225/2137/3143 3097/2009/3015
f 3097/2009/3015 3226/2138/3144 3098/2010/3016
f 3098/2010/3016 3227/2139/3145 3099/2011/3017
f 3099/2011/3017 3228/2140/3146 3100/2012/3018
f 3100/2012/3018 3229/2141/3147 3101/2013/3019
f 3101/2013/3019 3230/2142/3148 3102/2014/3020
f 3102/2014/3020 3231/2143/3149 3103/2015/3021
f 3103/2015/3021 3232/2144/3150 3104/2016/3022
f 3104/2016/3022 3233/2145/3151 3105/2017/3023
f 3105/2017/3023 3234/2146/3152 3106/2018/3024
f 3234/2146/3152 3107/2019/3025 3106/2018/3024
f 3235/2147/3153 3108/2020/3026 3107/2019/3025
f 3236/2148/3154 3109/2021/3027 3108/2020/3026
f 3237/2149/3155 3110/2022/3028 3109/2021/3027
f 3238/2150/3156 3111/2023/3029 3110/2022/3028
f 3239/2151/3157 3112/2024/3030 3111/2023/3029
f 3240/2152/3158 3113/2025/3031 3112/2024/3030
f 3241/2153/3159 3114/2026/3032 3113/2025/3031
f 3242/2154/3160 3115/2027/3033 3114/2026/3032
f 3243/2155/3161 3116/2028/3034 3115/2027/3033
f 3244/2156/3162 3117/2029/3035 3116/2028/3034
f 3245/2157/3163 3118/2030/3036 3117/2029/3035
f 3246/2158/3164 3119/2031/3037 3118/2030/3036
f 3247/2159/3165 3120/2032/3038 3119/2031/3037
f 3248/2160/3166 3121/2033/3039 3120/2032/3038
f 3249/2161/3167 3122/2034/3040 3121/2033/3039
f 3250/2162/3168 3123/2035/3041 3122/2034/3040
f 3251/2163/3169 3124/2036/3042 3123/2035/3041
f 3252/2164/3170 3125/2037/3043 3124/2036/3042
f 3253/2165/3171 3126/2038/3044 3125/2037/3043
f 3254/2166/3172 3127/2039/3045 3126/2038/3044
f 3255/2167/3173 3128/2040/3046 3127/2039/3045
f 3256/2168/3174 3129/2041/3047 3128/2040/3046
f 3257/2169/3175 3130/2042/3048 3129/2041/3047
f 3258/2170/3176 3131/2043/3049 3130/2042/3048
f 3259/2171/3177 3132/2044/3050 3131/2043/3049
f 3260/2172/3178 3133/2045/3051 3132/2044/3050
f 3261/2173/3179 3134/2046/3052 3133/2045/3051
f 3262/2174/3180 3135/2047/3053 3134/2046/3052
f 3263/2175/3181 3136/2048/3054 3135/2047/3053
f 3264/2176/3182 3137/2049/3055 3136/2048/3054
f 3265/2177/3183 3010/2050/2928 3137/2049/3055
f 3138/2178/3056 3267/2179/3185 3139/2051/3057
f 3139/2051/3057 3268/2180/3186 3140/2052/3058
f 3140/2052/3058 3269/2181/3187 3141/2053/3059
f 3141/2053/3059 3270/2182/3188 3142/2054/3060
f 3142/2054/3060 3271/2183/3189 3143/2055/3061
f 3143/2055/3061 3272/2184/3190 3144/2056/3062
f 3144/2056/3062 3273/2185/3191 3145/2057/3063
f 3145/2057/3063 3274/2186/3192 3146/2058/3064
f 3146/2058/3064 3275/2187/3193 3147/2059/3065
f 3147/2059/3065 3276/2188/3194 3148/2060/3066
f 3148/2060/3066 3277/2189/3195 3149/2061/3067
f 3149/2061/3067 3278/2190/3196 3150/2062/3068
f 3150/2062/3068 3279/2191/3197 3151/2063/3069
f 3151/2063/3069 3280/2192/3198 3152/2064/3070
f 3152/2064/3070 3281/2193/3199 3153/2065/3071
f 3153/2065/3071 3282/2194/3200 3154/2066/3072
f 3154/2066/3072 3283/2195/3201 3155/2067/3073
f 3155/2067/3073 3284/2196/3202 3156/2068/3074
f 3156/2068/3074 3285/2197/3203 3157/2069/3075
f 3157/2069/3075 3286/2198/3204 3158/2070/3076
f 3158/2070/3076 3287/2199/3205 3159/2071/3077
f 3159/2071/3077 3288/2200/3206 3160/2072/3078
f 3160/2072/3078 3289/2201/3207 3161/2073/3079
f 3161/2073/3079 3290/2202/3208 3162/2074/3080
f 3162/2074/3080 3291/2203/3209 3163/2075/3081
f 3163/2075/3081 3292/2204/3210 3164/2076/3082
f 3164/2076/3082 3293/2205/3211 3165/2077/3083
f 3165/2077/3083 3294/2206/3212 3166/2078/3084
f 3166/2078/3084 3295/2207/3213 3167/2079/3085
f 3167/2079/3085 3296/2208/3214 3168/2080/3086
f 3168/2080/3086 3297/2209/3215 3169/2081/3087
f 3169/2081/3087 3298/2210/3216 3170/2082/3088
f 3298/2210/3216 3171/2083/3089 3170/2082/3088
f 3299/2211/3217 3172/2084/3090 3171/2083/3089
f 3300/2212/3218 3173/2085/3091 3172/2084/3090
f 3301/2213/3219 3174/2086/3092 3173/2085/3091
f 3302/2214/3220 3175/2087/3093 3174/2086/3092
f 3303/2215/3221 3176/2088/3094 3175/2087/3093
f 3304/2216/3222 3177/2089/3095 3176/2088/3094
f 3305/2217/3223 3178/2090/3096 3177/2089/3095
f 3306/2218/3224 3179/2091/3097 3178/2090/3096
f 3307/2219/3225 3180/2092/3098 3179/2091/3097
f 3308/2220/3226 3181/2093/3099 3180/2092/3098
f 3309/2221/3227 3182/2094/3100 3181/2093/3099
f 3310/2222/3228 3183/2095/3101 3182/2094/3100
f 3311/2223/3229 3184/2096/3102 3183/2095/3101
f 3312/2224/3230 3185/2097/3103 3184/2096/3102
f 3313/2225/3231 3186/2098/3104 3185/2097/3103
f 3314/2226/3232 3187/2099/3105 3186/2098/3104
f 3315/2227/3233 3188/2100/3106 3187/2099/3105
f 3316/2228/3234 3189/2101/3107 3188/2100/3106
f 3317/2229/3235 3190/2102/3108 3189/2101/3107
f 3318/2230/3236 3191/2103/3109 3190/2102/3108
f 3319/2231/3237 3192/2104/3110 3191/2103/3109
f 3320/2232/3238 3193/2105/3111 3192/2104/3110
f 3321/2233/3239 3194/2106/3112 3193/2105/3111
f 3322/2234/3240 3195/2107/3113 3194/2106/3112
f 3323/2235/3241 3196/2108/3114 3195/2107/3113
f 3324/2236/3242 3197/2109/3115 3196/2108/3114
f 3325/2237/3243 3198/2110/3116 3197/2109/3115
f 3326/2238/3244 3199/2111/3117 3198/2110/3116
f 3327/2239/3245 3200/2112/3118 3199/2111/3117
f 3328/2240/3246 3201/2113/3119 3200/2112/3118
f 3329/2241/3247 3202/2242/3120 3201/2113/3119
f 3202/2242/3120 3331/2243/3249 3203/2115/3121
f 3203/2115/3121 3332/2244/3250 3204/2116/3122
f 3204/2116/3122 3333/2245/3251 3205/2117/3123
f 3205/2117/3123 3334/2246/3252 3206/2118/3124
f 3206/2118/3124 3335/2247/3253 3207/2119/3125
f 3207/2119/3125 3336/2248/3254 3208/2120/3126
f 3208/2120/3126 3337/2249/3255 3209/2121/3127
f 3209/2121/3127 3338/2250/3256 3210/2122/3128
f 3210/2122/3128 3339/2251/3257 3211/2123/3129
f 3211/2123/3129 3340/2252/3258 3212/2124/3130
f 3212/2124/3130 3341/2253/3259 3213/2125/3131
f 3213/2125/3131 3342/2254/3260 3214/2126/3132
f 3214/2126/3132 3343/2255/3261 3215/2127/3133
f 3215/2127/3133 3344/2256/3262 3216/2128/3134
f 3216/2128/3134 3345/2257/3263 3217/2129/3135
f 3217/2129/3135 3346/2258/3264 3218/2130/3136
f 3218/2130/3136 3347/2259/3265 3219/2131/3137
f 3219/2131/3137 3348/2260/3266 3220/2132/3138
f 3220/2132/3138 3349/2261/3267 3221/2133/3139
f 3221/2133/3139 3350/2262/3268 3222/2134/3140
f 3222/2134/3140 3351/2263/3269 3223/2135/3141
f 3223/2135/3141 3352/2264/3270 3224/2136/3142
f 3224/2136/3142 3353/2265/3271 3225/2137/3143
f 3225/2137/3143 3354/2266/3272 3226/2138/3144
f 3226/2138/3144 3355/2267/3273 3227/2139/3145
f 3227/2139/3145 3356/2268/3274 3228/2140/3146
f 3228/2140/3146 3357/2269/3275 3229/2141/3147
f 3229/2141/3147 3358/2270/3276 3230/2142/3148
f 3230/2142/3148 3359/2271/3277 3231/2143/3149
f 3231/2143/3149 3360/2272/3278 3232/2144/3150
f 3232/2144/3150 3361/2273/3279 3233/2145/3151
f 3233/2145/3151 3362/2274/3280 3234/2146/3152
f 3362/2274/3280 3235/2147/3153 3234/2146/3152
f 3363/2275/3281 3236/2148/3154 3235/2147/3153
f 3364/2276/3282 3237/2149/3155 3236/2148/3154
f 3365/2277/3283 3238/2150/3156 3237/2149/3155
f 3366/2278/3284 3239/2151/3157 3238/2150/3156
f 3367/2279/3285 3240/2152/3158 3239/2151/3157
f 3368/2280/3286 3241/2153/3159 3240/2152/3158
f 3369/2281/3287 3242/2154/3160 3241/2153/3159
f 3370/2282/3288 3243/2155/3161 3242/2154/3160
f 3371/2283/3289 3244/2156/3162 3243/2155/3161
f 3372/2284/3290 3245/2157/3163 3244/2156/3162
f 3373/2285/3291 3246/2158/3164 3245/2157/3163
f 3374/2286/3292 3247/2159/3165 3246/2158/3164
f 3375/2287/3293 3248/2160/3166 3247/2159/3165
f 3376/2288/3294 3249/2161/3167 3248/2160/3166
f 3377/2289/3295 3250/2162/3168 3249/2161/3167
f 3378/2290/3296 3251/2163/3169 3250/2162/3168
f 3379/2291/3297 3252/2164/3170 3251/2163/3169
f 3380/2292/3298 3253/2165/3171 3252/2164/3170
f 3381/2293/3299 3254/2166/3172 3253/2165/3171
f 3382/2294/3300 3255/2167/3173 3254/2166/3172
f 3383/2295/3301 3256/2168/3174 3255/2167/3173
f 3384/2296/3302 3257/2169/3175 3256/2168/3174
f 3385/2297/3303 3258/2170/3176 3257/2169/3175
f 3386/2298/3304 3259/2171/3177 3258/2170/3176
f 3387/2299/3305 3260/2172/3178 3259/2171/3177
f 3388/2300/3306 3261/2173/3179 3260/2172/3178
f 3389/2301/3307 3262/2174/3180 3261/2173/3179
f 3390/2302/3308 3263/2175/3181 3262/2174/3180
f 3391/2303/3309 3264/2176/3182 3263/2175/3181
f 3392/2304/3310 3265/2177/3183 3264/2176/3182
f 3393/2305/3311 3138/2178/3056 3265/2177/3183
f 3266/2306/3184 3395/2307/3313 3267/2179/3185
f 3267/2179/3185 3396/2308/3314 3268/2180/3186
f 3268/2180/3186 3397/2309/3315 3269/2181/3187
f 3269/2181/3187 3398/2310/3316 3270/2182/3188
f 3270/2182/3188 3399/2311/3317 3271/2183/3189
f 3271/2183/3189 3400/2312/3318 3272/2184/3190
f 3272/2184/3190 3401/2313/3319 3273/2185/3191
f 3273/2185/3191 3402/2314/3320 3274/2186/3192
f 3274/2186/3192 3403/2315/3321 3275/2187/3193
f 3275/2187/3193 3404/2316/3322 3276/2188/3194
f 3276/2188/3194 3405/2317/3323 3277/2189/3195
f 3277/2189/3195 3406/2318/3324 3278/2190/3196
f 3278/2190/3196 3407/2319/3325 3279/2191/3197
f 3279/2191/3197 3408/2320/3326 3280/2192/3198
f 3280/2192/3198 3409/2321/3327 3281/2193/3199
f 3281/2193/3199 3410/2322/3328 3282/2194/3200
f 3282/2194/3200 3411/2323/3329 3283/2195/3201
f 3283/2195/3201 3412/2324/3330 3284/2196/3202
f 3284/2196/3202 3413/2325/3331 3285/2197/3203
f 3285/2197/3203 3414/2326/3332 3286/2198/3204
f 3286/2198/3204 3415/2327/3333 3287/2199/3205
f 3287/2199/3205 3416/2328/3334 3288/2200/3206
f 3288/2200/3206 3417/2329/3335 3289/2201/3207
f 3289/2201/3207 3418/2330/3336 3290/2202/3208
f 3290/2202/3208 3419/2331/3337 3291/2203/3209
f 3291/2203/3209 3420/2332/3338 3292/2204/3210
f 3292/2204/3210 3421/2333/3339 3293/2205/3211
f 3293/2205/3211 3422/2334/3340 3294/2206/3212
f 3294/2206/3212 3423/2335/3341 3295/2207/3213
f 3295/2207/3213 3424/2336/3342 3296/2208/3214
f 3296/2208/3214 3425/2337/3343 3297/2209/3215
f 3297/2209/3215 3426/2338/3344 3298/2210/3216
f 3426/2338/3344 3299/2211/3217 3298/2210/3216
f 3427/2339/3345 3300/2212/3218 3299/2211/3217
f 3428/2340/3346 3301/2213/3219 3300/2212/3218
f 3429/2341/3347 3302/2214/3220 3301/2213/3219
f 3430/2342/3348 3303/2215/3221 3302/2214/3220
f 3431/2343/3349 3304/2216/3222 3303/2215/3221
f 3432/2344/3350 3305/2217/3223 3304/2216/3222
f 3433/2345/3351 3306/2218/3224 3305/2217/3223
f 3434/2346/3352 3307/2219/3225 3306/2218/3224
f 3435/2347/3353 3308/2220/3226 3307/2219/3225
f 3436/2348/3354 3309/2221/3227 3308/2220/3226
f 3437/2349/3355 3310/2222/3228 3309/2221/3227
f 3438/2350/3356 3311/2223/3229 3310/2222/3228
f 3439/2351/3357 3312/2224/3230 3311/2223/3229
f 3440/2352/3358 3313/2225/3231 3312/2224/3230
f 3441/2353/3359 3314/2226/3232 3313/2225/3231
f 3442/2354/3360 3315/2227/3233 3314/2226/3232
f 3443/2355/3361 3316/2228/3234 3315/2227/3233
f 3444/2356/3362 3317/2229/3235 3316/2228/3234
f 3445/2357/3363 3318/2230/3236 3317/2229/3235
f 3446/2358/3364 3319/2231/3237 3318/2230/3236
f 3447/2359/3365 3320/2232/3238 3319/2231/3237
f 3448/2360/3366 3321/2233/3239 3320/2232/3238
f 3449/2361/3367 3322/2234/3240 3321/2233/3239
f 3450/2362/3368 3323/2235/3241 3322/2234/3240
f 3451/2363/3369 3324/2236/3242 3323/2235/3241
f 3452/2364/3370 3325/2237/3243 3324/2236/3242
f 3453/2365/3371 3326/2238/3244 3325/2237/3243
f 3454/2366/3372 3327/2239/3245 3326/2238/3244
f 3455/2367/3373 3328/2240/3246 3327/2239/3245
f 3456/2368/3374 3329/2241/3247 3328/2240/3246
f 3457/2369/3375 3330/2370/3248 3329/2241/3247
f 3330/2370/3248 3459/2371/3377 3331/2243/3249
f 3331/2243/3249 3460/2372/3378 3332/2244/3250
f 3332/2244/3250 3461/2373/3379 3333/2245/3251
f 3333/2245/3251 3462/2374/3380 3334/2246/3252
f 3334/2246/3252 3463/2375/3381 3335/2247/3253
f 3335/2247/3253 3464/2376/3382 3336/2248/3254
f 3336/2248/3254 3465/2377/3383 3337/2249/3255
f 3337/2249/3255 3466/2378/3384 3338/2250/3256
f 3338/2250/3256 3467/2379/3385 3339/2251/3257
f 3339/2251/3257 3468/2380/3386 3340/2252/3258
f 3340/2252/3258 3469/2381/3387 3341/2253/3259
f 3341/2253/3259 3470/2382/3388 3342/2254/3260
f 3342/2254/3260 3471/2383/3389 3343/2255/3261
f 3343/2255/3261 3472/2384/3390 3344/2256/3262
f 3344/2256/3262 3473/2385/3391 3345/2257/3263
f 3345/2257/3263 3474/2386/3392 3346/2258/3264
f 3346/2258/3264 3475/2387/3393 3347/2259/3265
f 3347/2259/3265 3476/2388/3394 3348/2260/3266
f 3348/2260/3266 3477/2389/3395 3349/2261/3267
f 3349/2261/3267 3478/2390/3396 3350/2262/3268
f 3350/2262/3268 3479/2391/3397 3351/2263/3269
f 3351/2263/3269 3480/2392/3398 3352/2264/3270
f 3352/2264/3270 3481/2393/3399 3353/2265/3271
f 3353/2265/3271 3482/2394/3400 3354/2266/3272
f 3354/2266/3272 3483/2395/3401 3355/2267/3273
f 3355/2267/3273 3484/2396/3402 3356/2268/3274
f 3356/2268/3274 3485/2397/3403 3357/2269/3275
f 3357/2269/3275 3486/2398/3404 3358/2270/3276
f 3358/2270/3276 3487/2399/3405 3359/2271/3277
f 3359/2271/3277 3488/2400/3406 3360/2272/3278
f 3360/2272/3278 3489/2401/3407 3361/2273/3279
f 3361/2273/3279 3490/2402/3408 3362/2274/3280
f 3490/2402/3408 3363/2275/3281 3362/2274/3280
f 3491/2403/3409 3364/2276/3282 3363/2275/3281
f 3492/2404/3410 3365/2277/3283 3364/2276/3282
f 3493/2405/3411 3366/2278/3284 3365/2277/3283
f 3494/2406/3412 3367/2279/3285 3366/2278/3284
f 3495/2407/3413 3368/2280/3286 3367/2279/3285
f 3496/2408/3414 3369/2281/3287 3368/2280/3286
f 3497/2409/3415 3370/2282/3288 3369/2281/3287
f 3498/2410/3416 3371/2283/3289 3370/2282/3288
f 3499/2411/3417 3372/2284/3290 3371/2283/3289
f 3500/2412/3418 3373/2285/3291 3372/2284/3290
f 3501/2413/3419 3374/2286/3292 3373/2285/3291
f 3502/2414/3420 3375/2287/3293 3374/2286/3292
f 3503/2415/3421 3376/2288/3294 3375/2287/3293
f 3504/2416/3422 3377/2289/3295 3376/2288/3294
f 3505/2417/3423 3378/2290/3296 3377/2289/3295
f 3506/2418/3424 3379/2291/3297 3378/2290/3296
f 3507/2419/3425 3380/2292/3298 3379/2291/3297
f 3508/2420/3426 3381/2293/3299 3380/2292/3298
f 3509/2421/3427 3382/2294/3300 3381/2293/3299
f 3510/2422/3428 3383/2295/3301 3382/2294/3300
f 3511/2423/3429 3384/2296/3302 3383/2295/3301
f 3512/2424/3430 3385/2297/3303 3384/2296/3302
f 3513/2425/3431 3386/2298/3304 3385/2297/3303
f 3514/2426/3432 3387/2299/3305 3386/2298/3304
f 3515/2427/3433 3388/2300/3306 3387/2299/3305
f 3516/2428/3434 3389/2301/3307 3388/2300/3306
f 3517/2429/3435 3390/2302/3308 3389/2301/3307
f 3518/2430/3436 3391/2303/3309 3390/2302/3308
f 3519/2431/3437 3392/2304/3310 3391/2303/3309
f 3520/2432/3438 3393/2305/3311 3392/2304/3310
f 3521/2433/3439 3266/2306/3184 3393/2305/3311
f 3524/2434/3442 3523/2435/3441 3522/2436/3440
f 3525/2437/3443 3524/2434/3442 3522/2436/3440
f 3526/2438/3444 3525/2437/3443 3522/2436/3440
f 3527/2439/3445 3526/2438/3444 3522/2436/3440
f 3528/2440/3446 3527/2439/3445 3522/2436/3440
f 3529/2441/3447 3528/2440/3446 3522/2436/3440
f 3530/2442/3448 3529/2441/3447 3522/2436/3440
f 3531/2443/3449 3530/2442/3448 3522/2436/3440
f 3532/2444/3450 3531/2443/3449 3522/2436/3440
f 3533/2445/3451 3532/2444/3450 3522/2436/3440
f 3534/2446/3452 3533/2445/3451 3522/2436/3440
f 3535/2447/3453 3534/2446/3452 3522/2436/3440
f 3536/2448/3454 3535/2447/3453 3522/2436/3440
f 3537/2449/3455 3536/2448/3454 3522/2436/3440
f 3538/2450/3456 3537/2449/3455 3522/2436/3440
f 3539/2451/3457 3538/2450/3456 3522/2436/3440
f 3540/2452/3458 3539/2451/3457 3522/2436/3440
f 3541/2453/3459 3540/2452/3458 3522/2436/3440
f 3542/2454/3459 3541/2453/3459 3522/2436/3440
f 3543/2455/3460 3542/2454/3459 3522/2436/3440
f 3544/2456/3461 3543/2455/3460 3522/2436/3440
f 3545/2457/3462 3544/2456/3461 3522/2436/3440
f 3546/2458/3463 3545/2457/3462 3522/2436/3440
f 3547/2459/3464 3546/2458/3463 3522/2436/3440
f 3548/2460/3465 3547/2459/3464 3522/2436/3440
f 3549/2461/3466 3548/2460/3465 3522/2436/3440
f 3550/2462/3467 3549/2461/3466 3522/2436/3440
f 3551/2463/3468 3550/2462/3467 3522/2436/3440
f 3552/2464/3469 3551/2463/3468 3522/2436/3440
f 3553/2465/3470 3552/2464/3469 3522/2436/3440
f 3554/2466/3471 3553/2465/3470 3522/2436/3440
f 3555/2467/3472 3554/2466/3471 3522/2436/3440
f 3556/2468/3473 3555/2467/3472 3522/2436/3440
f 3557/2469/3474 3556/2468/3473 3522/2436/3440
f 3558/2470/3475 3557/2469/3474 3522/2436/3440
f 3559/2471/3476 3558/2470/3475 3522/2436/3440
f 3560/2472/3477 3559/2471/3476 3522/2436/3440
f 3561/2473/3478 3560/2472/3477 3522/2436/3440
f 3562/2474/3479 3561/2473/3478 3522/2436/3440
f 3563/2475/3480 3562/2474/3479 3522/2436/3440
f 3564/2476/3481 3563/2475/3480 3522/2436/3440
f 3565/2477/3482 3564/2476/3481 3522/2436/3440
f 3566/2478/3483 3565/2477/3482 3522/2436/3440
f 3567/2479/3484 3566/2478/3483 3522/2436/3440
f 3568/2480/3485 3567/2479/3484 3522/2436/3440
f 3569/2481/3486 3568/2480/3485 3522/2436/3440
f 3570/2482/3487 3569/2481/3486 3522/2436/3440
f 3571/2483/3488 3570/2482/3487 3522/2436/3440
f 3572/2484/3489 3571/2483/3488 3522/2436/3440
f 3573/2485/3490 3572/2484/3489 3522/2436/3440
f 3574/2486/3491 3573/2485/3490 3522/2436/3440
f 3575/2487/3492 3574/2486/3491 3522/2436/3440
f 3576/2488/3493 3575/2487/3492 3522/2436/3440
f 3577/2489/3494 3576/2488/3493 3522/2436/3440
f 3578/2490/3495 3577/2489/3494 3522/2436/3440
f 3579/2491/3496 3578/2490/3495 3522/2436/3440
f 3580/2492/3497 3579/2491/3496 3522/2436/3440
f 3581/2493/3498 3580/2492/3497 3522/2436/3440
f 3582/2494/3499 3581/2493/3498 3522/2436/3440
f 3583/2495/3500 3582/2494/3499 3522/2436/3440
f 3584/2496/3501 3583/2495/3500 3522/2436/3440
f 3585/2497/3502 3584/2496/3501 3522/2436/3440
f 3586/2498/3503 3585/2497/3502 3522/2436/3440
f 3587/2499/3504 3586/2498/3503 3522/2436/3440
f 3588/2500/3505 3587/2499/3504 3522/2436/3440
f 3589/2501/3506 3588/2500/3505 3522/2436/3440
f 3590/2502/3507 3589/2501/3506 3522/2436/3440
f 3591/2503/3508 3590/2502/3507 3522/2436/3440
f 3592/2504/3509 3591/2503/3508 3522/2436/3440
f 3593/2505/3510 3592/2504/3509 3522/2436/3440
f 3594/2506/3511 3593/2505/3510 3522/2436/3440
f 3595/2507/3512 3594/2506/3511 3522/2436/3440
f 3596/2508/3513 3595/2507/3512 3522/2436/3440
f 3597/2509/3514 3596/2508/3513 3522/2436/3440
f 3598/2510/3515 3597/2509/3514 3522/2436/3440
f 3599/2511/3516 3598/2510/3515 3522/2436/3440
f 3600/2512/3517 3599/2511/3516 3522/2436/3440
f 3601/2513/3518 3600/2512/3517 3522/2436/3440
f 3602/2514/3519 3601/2513/3518 3522/2436/3440
f 3603/2515/3520 3602/2514/3519 3522/2436/3440
f 3604/2516/3521 3603/2515/3520 3522/2436/3440
f 3605/2517/3522 3604/2516/3521 3522/2436/3440
f 3606/2518/3522 3605/2517/3522 3522/2436/3440
f 3607/2519/3523 3606/2518/3522 3522/2436/3440
f 3608/2520/3524 3607/2519/3523 3522/2436/3440
f 3609/2521/3525 3608/2520/3524 3522/2436/3440
f 3610/2522/3526 3609/2521/3525 3522/2436/3440
f 3611/2523/3527 3610/2522/3526 3522/2436/3440
f 3612/2524/3528 3611/2523/3527 3522/2436/3440
f 3613/2525/3529 3612/2524/3528 3522/2436/3440
f 3614/2526/3530 3613/2525/3529 3522/2436/3440
f 3615/2527/3531 3614/2526/3530 3522/2436/3440
f 3616/2528/3532 3615/2527/3531 3522/2436/3440
f 3617/2529/3533 3616/2528/3532 3522/2436/3440
f 3618/2530/3534 3617/2529/3533 3522/2436/3440
f 3619/2531/3535 3618/2530/3534 3522/2436/3440
f 3620/2532/3536 3619/2531/3535 3522/2436/3440
f 3621/2533/3537 3620/2532/3536 3522/2436/3440
f 3622/2534/3538 3621/2533/3537 3522/2436/3440
f 3623/2535/3539 3622/2534/3538 3522/2436/3440
f 3624/2536/3540 3623/2535/3539 3522/2436/3440
f 3625/2537/3541 3624/2536/3540 3522/2436/3440
f 3626/2538/3542 3625/2537/3541 3522/2436/3440
f 3627/2539/3543 3626/2538/3542 3522/2436/3440
f 3628/2540/3544 3627/2539/3543 3522/2436/3440
f 3629/2541/3545 3628/2540/3544 3522/2436/3440
f 3630/2542/3546 3629/2541/3545 3522/2436/3440
f 3631/2543/3547 3630/2542/3546 3522/2436/3440
f 3632/2544/3548 3631/2543/3547 3522/2436/3440
f 3633/2545/3549 3632/2544/3548 3522/2436/3440
f 3634/2546/3550 3633/2545/3549 3522/2436/3440
f 3635/2547/3551 3634/2546/3550 3522/2436/3440
f 3636/2548/3552 3635/2547/3551 3522/2436/3440
f 3637/2549/3553 3636/2548/3552 3522/2436/3440
f 3638/2550/3554 3637/2549/3553 3522/2436/3440
f 3639/2551/3555 3638/2550/3554 3522/2436/3440
f 3640/2552/3556 3639/2551/3555 3522/2436/3440
f 3641/2553/3557 3640/2552/3556 3522/2436/3440
f 3642/2554/3558 3641/2553/3557 3522/2436/3440
f 3643/2555/3559 3642/2554/3558 3522/2436/3440
f 3644/2556/3560 3643/2555/3559 3522/2436/3440
f 3645/2557/3561 3644/2556/3560 3522/2436/3440
f 3646/2558/3562 3645/2557/3561 3522/2436/3440
f 3647/2559/3563 3646/2558/3562 3522/2436/3440
f 3648/2560/3564 3647/2559/3563 3522/2436/3440
f 3649/2561/3565 3648/2560/3564 3522/2436/3440
f 3650/2562/3566 3649/2561/3565 3522/2436/3440
f 3523/2435/3441 3650/2562/3566 3522/2436/3440
f 3652/2563/3568 3523/2435/3441 3524/2434/3442
f 3653/2564/3569 3524/2434/3442 3525/2437/3443
f 3654/2565/3570 3525/2437/3443 3526/2438/3444
f 3655/2566/3571 3526/2438/3444 3527/2439/3445
f 3656/2567/3572 3527/2439/3445 3528/2440/3446
f 3657/2568/3573 3528/2440/3446 3529/2441/3447
f 3658/2569/3574 3529/2441/3447 3530/2442/3448
f 3659/2570/3575 3530/2442/3448 3531/2443/3449
f 3660/2571/3576 3531/2443/3449 3532/2444/3450
f 3661/2572/3577 3532/2444/3450 3533/2445/3451
f 3662/2573/3578 3533/2445/3451 3534/2446/3452
f 3663/2574/3579 3534/2446/3452 3535/2447/3453
f 3664/2575/3580 3535/2447/3453 3536/2448/3454
f 3665/2576/3581 3536/2448/3454 3537/2449/3455
f 3666/2577/3582 3537/2449/3455 3538/2450/3456
f 3667/2578/3583 3538/2450/3456 3539/2451/3457
f 3668/2579/3584 3539/2451/3457 3540/2452/3458
f 3669/2580/3585 3540/2452/3458 3541/2453/3459
f 3670/2581/3586 3541/2453/3459 3542/2454/3459
f 3671/2582/3587 3542/2454/3459 3543/2455/3460
f 3672/2583/3588 3543/2455/3460 3544/2456/3461
f 3673/2584/3589 3544/2456/3461 3545/2457/3462
f 3674/2585/3590 3545/2457/3462 3546/2458/3463
f 3675/2586/3591 3546/2458/3463 3547/2459/3464
f 3676/2587/3592 3547/2459/3464 3548/2460/3465
f 3677/2588/3593 3548/2460/3465 3549/2461/3466
f 3678/2589/3594 3549/2461/3466 3550/2462/3467
f 3679/2590/3595 3550/2462/3467 3551/2463/3468
f 3680/2591/3596 3551/2463/3468 3552/2464/3469
f 3681/2592/3597 3552/2464/3469 3553/2465/3470
f 3682/2593/3598 3553/2465/3470 3554/2466/3471
f 3683/2594/3599 3554/2466/3471 3555/2467/3472
f 3556/2468/3473 3683/2594/3599 3555/2467/3472
f 3557/2469/3474 3684/2595/3600 3556/2468/3473
f 3558/2470/3475 3685/2596/3601 3557/2469/3474
f 3559/2471/3476 3686/2597/3602 3558/2470/3475
f 3560/2472/3477 3687/2598/3603 3559/2471/3476
f 3561/2473/3478 3688/2599/3604 3560/2472/3477
f 3562/2474/3479 3689/2600/3605 3561/2473/3478
f 3563/2475/3480 3690/2601/3606 3562/2474/3479
f 3564/2476/3481 3691/2602/3607 3563/2475/3480
f 3565/2477/3482 3692/2603/3608 3564/2476/3481
f 3566/2478/3483 3693/2604/3609 3565/2477/3482
f 3567/2479/3484 3694/2605/3610 3566/2478/3483
f 3568/2480/3485 3695/2606/3611 3567/2479/3484
f 3569/2481/3486 3696/2607/3612 3568/2480/3485
f 3570/2482/3487 3697/2608/3613 3569/2481/3486
f 3571/2483/3488 3698/2609/3614 3570/2482/3487
f 3572/2484/3489 3699/2610/3615 3571/2483/3488
f 3573/2485/3490 3700/2611/3616 3572/2484/3489
f 3574/2486/3491 3701/2612/3617 3573/2485/3490
f 3575/2487/3492 3702/2613/3618 3574/2486/3491
f 3576/2488/3493 3703/2614/3619 3575/2487/3492
f 3577/2489/3494 3704/2615/3620 3576/2488/3493
f 3578/2490/3495 3705/2616/3621 3577/2489/3494
f 3579/2491/3496 3706/2617/3622 3578/2490/3495
f 3580/2492/3497 3707/2618/3623 3579/2491/3496
f 3581/2493/3498 3708/2619/3624 3580/2492/3497
f 3582/2494/3499 3709/2620/3625 3581/2493/3498
f 3583/2495/3500 3710/2621/3626 3582/2494/3499
f 3584/2496/3501 3711/2622/3627 3583/2495/3500
f 3585/2497/3502 3712/2623/3628 3584/2496/3501
f 3586/2498/3503 3713/2624/3629 3585/2497/3502
f 3587/2499/3504 3714/2625/3630 3586/2498/3503
f 3716/2626/3632 3587/2499/3504 3588/2500/3505
f 3717/2627/3633 3588/2500/3505 3589/2501/3506
f 3718/2628/3634 3589/2501/3506 3590/2502/3507
f 3719/2629/3635 3590/2502/3507 3591/2503/3508
f 3720/2630/3636 3591/2503/3508 3592/2504/3509
f 3721/2631/3637 3592/2504/3509 3593/2505/3510
f 3722/2632/3638 3593/2505/3510 3594/2506/3511
f 3723/2633/3639 3594/2506/3511 3595/2507/3512
f 3724/2634/3640 3595/2507/3512 3596/2508/3513
f 3725/2635/3641 3596/2508/3513 3597/2509/3514
f 3726/2636/3642 3597/2509/3514 3598/2510/3515
f 3727/2637/3643 3598/2510/3515 3599/2511/3516
f 3728/2638/3644 3599/2511/3516 3600/2512/3517
f 3729/2639/3645 3600/2512/3517 3601/2513/3518
f 3730/2640/3646 3601/2513/3518 3602/2514/3519
f 3731/2641/3647 3602/2514/3519 3603/2515/3520
f 3732/2642/3648 3603/2515/3520 3604/2516/3521
f 3733/2643/3649 3604/2516/3521 3605/2517/3522
f 3734/2644/3650 3605/2517/3522 3606/2518/3522
f 3735/2645/3651 3606/2518/3522 3607/2519/3523
f 3736/2646/3652 3607/2519/3523 3608/2520/3524
f 3737/2647/3653 3608/2520/3524 3609/2521/3525
f 3738/2648/3654 3609/2521/3525 3610/2522/3526
f 3739/2649/3655 3610/2522/3526 3611/2523/3527
f 3740/2650/3656 3611/2523/3527 3612/2524/3528
f 3741/2651/3657 3612/2524/3528 3613/2525/3529
f 3742/2652/3658 3613/2525/3529 3614/2526/3530
f 3743/2653/3659 3614/2526/3530 3615/2527/3531
f 3744/2654/3660 3615/2527/3531 3616/2528/3532
f 3745/2655/3661 3616/2528/3532 3617/2529/3533
f 3746/2656/3662 3617/2529/3533 3618/2530/3534
f 3747/2657/3663 3618/2530/3534 3619/2531/3535
f 3620/2532/3536 3747/2657/3663 3619/2531/3535
f 3621/2533/3537 3748/2658/3664 3620/2532/3536
f 3622/2534/3538 3749/2659/3665 3621/2533/3537
f 3623/2535/3539 3750/2660/3666 3622/2534/3538
f 3624/2536/3540 3751/2661/3667 3623/2535/3539
f 3625/2537/3541 3752/2662/3668 3624/2536/3540
f 3626/2538/3542 3753/2663/3669 3625/2537/3541
f 3627/2539/3543 3754/2664/3670 3626/2538/3542
f 3628/2540/3544 3755/2665/3671 3627/2539/3543
f 3629/2541/3545 3756/2666/3672 3628/2540/3544
f 3630/2542/3546 3757/2667/3673 3629/2541/3545
f 3631/2543/3547 3758/2668/3674 3630/2542/3546
f 3632/2544/3548 3759/2669/3675 3631/2543/3547
f 3633/2545/3549 3760/2670/3676 3632/2544/3548
f 3634/2546/3550 3761/2671/3677 3633/2545/3549
f 3635/2547/3551 3762/2672/3678 3634/2546/3550
f 3636/2548/3552 3763/2673/3679 3635/2547/3551
f 3637/2549/3553 3764/2674/3680 3636/2548/3552
f 3638/2550/3554 3765/2675/3681 3637/2549/3553
f 3639/2551/3555 3766/2676/3682 3638/2550/3554
f 3640/2552/3556 3767/2677/3683 3639/2551/3555
f 3641/2553/3557 3768/2678/3684 3640/2552/3556
f 3642/2554/3558 3769/2679/3685 3641/2553/3557
f 3643/2555/3559 3770/2680/3686 3642/2554/3558
f 3644/2556/3560 3771/2681/3687 3643/2555/3559
f 3645/2557/3561 3772/2682/3688 3644/2556/3560
f 3646/2558/3562 3773/2683/3689 3645/2557/3561
f 3647/2559/3563 3774/2684/3690 3646/2558/3562
f 3648/2560/3564 3775/2685/3691 3647/2559/3563
f 3649/2561/3565 3776/2686/3692 3648/2560/3564
f 3650/2562/3566 3777/2687/3693 3649/2561/3565
f 3523/2435/3441 3778/2688/3694 3650/2562/3566
f 3780/2689/3696 3651/2690/3567 3652/2563/3568
f 3781/2691/3697 3652/2563/3568 3653/2564/3569
f 3782/2692/3698 3653/2564/3569 3654/2565/3570
f 3783/2693/3699 3654/2565/3570 3655/2566/3571
f 3784/2694/3700 3655/2566/3571 3656/2567/3572
f 3785/2695/3701 3656/2567/3572 3657/2568/3573
f 3786/2696/3702 3657/2568/3573 3658/2569/3574
f 3787/2697/3703 3658/2569/3574 3659/2570/3575
f 3788/2698/3704 3659/2570/3575 3660/2571/3576
f 3789/2699/3705 3660/2571/3576 3661/2572/3577
f 3790/2700/3706 3661/2572/3577 3662/2573/3578
f 3791/2701/3707 3662/2573/3578 3663/2574/3579
f 3792/2702/3708 3663/2574/3579 3664/2575/3580
f 3793/2703/3709 3664/2575/3580 3665/2576/3581
f 3794/2704/3710 3665/2576/3581 3666/2577/3582
f 3795/2705/3711 3666/2577/3582 3667/2578/3583
f 3796/2706/3712 3667/2578/3583 3668/2579/3584
f 3797/2707/3713 3668/2579/3584 3669/2580/3585
f 3798/2708/3714 3669/2580/3585 3670/2581/3586
f 3799/2709/3715 3670/2581/3586 3671/2582/3587
f 3800/2710/3716 3671/2582/3587 3672/2583/3588
f 3801/2711/3717 3672/2583/3588 3673/2584/3589
f 3802/2712/3718 3673/2584/3589 3674/2585/3590
f 3803/2713/3719 3674/2585/3590 3675/2586/3591
f 3804/2714/3720 3675/2586/3591 3676/2587/3592
f 3805/2715/3721 3676/2587/3592 3677/2588/3593
f 3806/2716/3722 3677/2588/3593 3678/2589/3594
f 3807/2717/3723 3678/2589/3594 3679/2590/3595
f 3808/2718/3724 3679/2590/3595 3680/2591/3596
f 3809/2719/3725 3680/2591/3596 3681/2592/3597
f 3810/2720/3726 3681/2592/3597 3682/2593/3598
f 3811/2721/3727 3682/2593/3598 3683/2594/3599
f 3684/2595/3600 3811/2721/3727 3683/2594/3599
f 3685/2596/3601 3812/2722/3728 3684/2595/3600
f 3686/2597/3602 3813/2723/3729 3685/2596/3601
f 3687/2598/3603 3814/2724/3730 3686/2597/3602
f 3688/2599/3604 3815/2725/3731 3687/2598/3603
f 3689/2600/3605 3816/2726/3732 3688/2599/3604
f 3690/2601/3606 3817/2727/3733 3689/2600/3605
f 3691/2602/3607 3818/2728/3734 3690/2601/3606
f 3692/2603/3608 3819/2729/3735 3691/2602/3607
f 3693/2604/3609 3820/2730/3736 3692/2603/3608
f 3694/2605/3610 3821/2731/3737 3693/2604/3609
f 3695/2606/3611 3822/2732/3738 3694/2605/3610
f 3696/2607/3612 3823/2733/3739 3695/2606/3611
f 3697/2608/3613 3824/2734/3740 3696/2607/3612
f 3698/2609/3614 3825/2735/3741 3697/2608/3613
f 3699/2610/3615 3826/2736/3742 3698/2609/3614
f 3700/2611/3616 3827/2737/3743 3699/2610/3615
f 3701/2612/3617 3828/2738/3744 3700/2611/3616
f 3702/2613/3618 3829/2739/3745 3701/2612/3617
f 3703/2614/3619 3830/2740/3746 3702/2613/3618
f 3704/2615/3620 3831/2741/3747 3703/2614/3619
f 3705/2616/3621 3832/2742/3748 3704/2615/3620
f 3706/2617/3622 3833/2743/3749 3705/2616/3621
f 3707/2618/3623 3834/2744/3750 3706/2617/3622
f 3708/2619/3624 3835/2745/3751 3707/2618/3623
f 3709/2620/3625 3836/2746/3752 3708/2619/3624
f 3710/2621/3626 3837/2747/3753 3709/2620/3625
f 3711/2622/3627 3838/2748/3754 3710/2621/3626
f 3712/2623/3628 3839/2749/3755 3711/2622/3627
f 3713/2624/3629 3840/2750/3756 3712/2623/3628
f 3714/2625/3630 3841/2751/3757 3713/2624/3629
f 3715/2752/3631 3842/2753/3758 3714/2625/3630
f 3844/2754/3760 3715/2752/3631 3716/2626/3632
f 3845/2755/3761 3716/2626/3632 3717/2627/3633
f 3846/2756/3762 3717/2627/3633 3718/2628/3634
f 3847/2757/3763 3718/2628/3634 3719/2629/3635
f 3848/2758/3764 3719/2629/3635 3720/2630/3636
f 3849/2759/3765 3720/2630/3636 3721/2631/3637
f 3850/2760/3766 3721/2631/3637 3722/2632/3638
f 3851/2761/3767 3722/2632/3638 3723/2633/3639
f 3852/2762/3768 3723/2633/3639 3724/2634/3640
f 3853/2763/3769 3724/2634/3640 3725/2635/3641
f 3854/2764/3770 3725/2635/3641 3726/2636/3642
f 3855/2765/3771 3726/2636/3642 3727/2637/3643
f 3856/2766/3772 3727/2637/3643 3728/2638/3644
f 3857/2767/3773 3728/2638/3644 3729/2639/3645
f 3858/2768/3774 3729/2639/3645 3730/2640/3646
f 3859/2769/3775 3730/2640/3646 3731/2641/3647
f 3860/2770/3776 3731/2641/3647 3732/2642/3648
f 3861/2771/3777 3732/2642/3648 3733/2643/3649
f 3862/2772/3778 3733/2643/3649 3734/2644/3650
f 3863/2773/3779 3734/2644/3650 3735/2645/3651
f 3864/2774/3780 3735/2645/3651 3736/2646/3652
f 3865/2775/3781 3736/2646/3652 3737/2647/3653
f 3866/2776/3782 3737/2647/3653 3738/2648/3654
f 3867/2777/3783 3738/2648/3654 3739/2649/3655
f 3868/2778/3784 3739/2649/3655 3740/2650/3656
f 3869/2779/3785 3740/2650/3656 3741/2651/3657
f 3870/2780/3786 3741/2651/3657 3742/2652/3658
f 3871/2781/3787 3742/2652/3658 3743/2653/3659
f 3872/2782/3788 3743/2653/3659 3744/2654/3660
f 3873/2783/3789 3744/2654/3660 3745/2655/3661
f 3874/2784/3790 3745/2655/3661 3746/2656/3662
f 3875/2785/3791 3746/2656/3662 3747/2657/3663
f 3748/2658/3664 3875/2785/3791 3747/2657/3663
f 3749/2659/3665 3876/2786/3792 3748/2658/3664
f 3750/2660/3666 3877/2787/3793 3749/2659/3665
f 3751/2661/3667 3878/2788/3794 3750/2660/3666
f 3752/2662/3668 3879/2789/3795 3751/2661/3667
f 3753/2663/3669 3880/2790/3796 3752/2662/3668
f 3754/2664/3670 3881/2791/3797 3753/2663/3669
f 3755/2665/3671 3882/2792/3798 3754/2664/3670
f 3756/2666/3672 3883/2793/3799 3755/2665/3671
f 3757/2667/3673 3884/2794/3800 3756/2666/3672
f 3758/2668/3674 3885/2795/3801 3757/2667/3673
f 3759/2669/3675 3886/2796/3802 3758/2668/3674
f 3760/2670/3676 3887/2797/3803 3759/2669/3675
f 3761/2671/3677 3888/2798/3804 3760/2670/3676
f 3762/2672/3678 3889/2799/3805 3761/2671/3677
f 3763/2673/3679 3890/2800/3806 3762/2672/3678
f 3764/2674/3680 3891/2801/3807 3763/2673/3679
f 3765/2675/3681 3892/2802/3808 3764/2674/3680
f 3766/2676/3682 3893/2803/3809 3765/2675/3681
f 3767/2677/3683 3894/2804/3810 3766/2676/3682
f 3768/2678/3684 3895/2805/3811 3767/2677/3683
f 3769/2679/3685 3896/2806/3812 3768/2678/3684
f 3770/2680/3686 3897/2807/3813 3769/2679/3685
f 3771/2681/3687 3898/2808/3814 3770/2680/3686
f 3772/2682/3688 3899/2809/3815 3771/2681/3687
f 3773/2683/3689 3900/2810/3816 3772/2682/3688
f 3774/2684/3690 3901/2811/3817 3773/2683/3689
f 3775/2685/3691 3902/2812/3818 3774/2684/3690
f 3776/2686/3692 3903/2813/3819 3775/2685/3691
f 3777/2687/3693 3904/2814/3820 3776/2686/3692
f 3778/2688/3694 3905/2815/3821 3777/2687/3693
f 3651/2690/3567 3906/2816/3822 3778/2688/3694
f 3908/2817/3824 3779/2818/3695 3780/2689/3696
f 3909/2819/3825 3780/2689/3696 3781/2691/3697
f 3910/2820/3826 3781/2691/3697 3782/2692/3698
f 3911/2821/3827 3782/2692/3698 3783/2693/3699
f 3912/2822/3828 3783/2693/3699 3784/2694/3700
f 3913/2823/3829 3784/2694/3700 3785/2695/3701
f 3914/2824/3830 3785/2695/3701 3786/2696/3702
f 3915/2825/3831 3786/2696/3702 3787/2697/3703
f 3916/2826/3832 3787/2697/3703 3788/2698/3704
f 3917/2827/3833 3788/2698/3704 3789/2699/3705
f 3918/2828/3834 3789/2699/3705 3790/2700/3706
f 3919/2829/3835 3790/2700/3706 3791/2701/3707
f 3920/2830/3836 3791/2701/3707 3792/2702/3708
f 3921/2831/3837 3792/2702/3708 3793/2703/3709
f 3922/2832/3838 3793/2703/3709 3794/2704/3710
f 3923/2833/3839 3794/2704/3710 3795/2705/3711
f 3924/2834/3840 3795/2705/3711 3796/2706/3712
f 3925/2835/3841 3796/2706/3712 3797/2707/3713
f 3926/2836/3842 3797/2707/3713 3798/2708/3714
f 3927/2837/3843 3798/2708/3714 3799/2709/3715
f 3928/2838/3844 3799/2709/3715 3800/2710/3716
f 3929/2839/3845 3800/2710/3716 3801/2711/3717
f 3930/2840/3846 3801/2711/3717 3802/2712/3718
f 3931/2841/3847 3802/2712/3718 3803/2713/3719
f 3932/2842/3848 3803/2713/3719 3804/2714/3720
f 3933/2843/3849 3804/2714/3720 3805/2715/3721
f 3934/2844/3850 3805/2715/3721 3806/2716/3722
f 3935/2845/3851 3806/2716/3722 3807/2717/3723
f 3936/2846/3852 3807/2717/3723 3808/2718/3724
f 3937/2847/3853 3808/2718/3724 3809/2719/3725
f 3938/2848/3854 3809/2719/3725 3810/2720/3726
f 3939/2849/3855 3810/2720/3726 3811/2721/3727
f 3812/2722/3728 3939/2849/3855 3811/2721/3727
f 3813/2723/3729 3940/2850/3856 3812/2722/3728
f 3814/2724/3730 3941/2851/3857 3813/2723/3729
f 3815/2725/3731 3942/2852/3858 3814/2724/3730
f 3816/2726/3732 3943/2853/3859 3815/2725/3731
f 3817/2727/3733 3944/2854/3860 3816/2726/3732
f 3818/2728/3734 3945/2855/3861 3817/2727/3733
f 3819/2729/3735 3946/2856/3862 3818/2728/3734
f 3820/2730/3736 3947/2857/3863 3819/2729/3735
f 3821/2731/3737 3948/2858/3864 3820/2730/3736
f 3822/2732/3738 3949/2859/3865 3821/2731/3737
f 3823/2733/3739 3950/2860/3866 3822/2732/3738
f 3824/2734/3740 3951/2861/3867 3823/2733/3739
f 3825/2735/3741 3952/2862/3868 3824/2734/3740
f 3826/2736/3742 3953/2863/3869 3825/2735/3741
f 3827/2737/3743 3954/2864/3870 3826/2736/3742
f 3828/2738/3744 3955/2865/3871 3827/2737/3743
f 3829/2739/3745 3956/2866/3872 3828/2738/3744
f 3830/2740/3746 3957/2867/3873 3829/2739/3745
f 3831/2741/3747 3958/2868/3874 3830/2740/3746
f 3832/2742/3748 3959/2869/3875 3831/2741/3747
f 3833/2743/3749 3960/2870/3876 3832/2742/3748
f 3834/2744/3750 3961/2871/3877 3833/2743/3749
f 3835/2745/3751 3962/2872/3878 3834/2744/3750
f 3836/2746/3752 3963/2873/3879 3835/2745/3751
f 3837/2747/3753 3964/2874/3880 3836/2746/3752
f 3838/2748/3754 3965/2875/3881 3837/2747/3753
f 3839/2749/3755 3966/2876/3882 3838/2748/3754
f 3840/2750/3756 3967/2877/3883 3839/2749/3755
f 3841/2751/3757 3968/2878/3884 3840/2750/3756
f 3842/2753/3758 3969/2879/3885 3841/2751/3757
f 3843/2880/3759 3970/2881/3886 3842/2753/3758
f 3972/2882/3888 3843/2880/3759 3844/2754/3760
f 3973/2883/3889 3844/2754/3760 3845/2755/3761
f 3974/2884/3890 3845/2755/3761 3846/2756/3762
f 3975/2885/3891 3846/2756/3762 3847/2757/3763
f 3976/2886/3892 3847/2757/3763 3848/2758/3764
f 3977/2887/3893 3848/2758/3764 3849/2759/3765
f 3978/2888/3894 3849/2759/3765 3850/2760/3766
f 3979/2889/3895 3850/2760/3766 3851/2761/3767
f 3980/2890/3896 3851/2761/3767 3852/2762/3768
f 3981/2891/3897 3852/2762/3768 3853/2763/3769
f 3982/2892/3898 3853/2763/3769 3854/2764/3770
f 3983/2893/3899 3854/2764/3770 3855/2765/3771
f 3984/2894/3900 3855/2765/3771 3856/2766/3772
f 3985/2895/3901 3856/2766/3772 3857/2767/3773
f 3986/2896/3902 3857/2767/3773 3858/2768/3774
f 3987/2897/3903 3858/2768/3774 3859/2769/3775
f 3988/2898/3904 3859/2769/3775 3860/2770/3776
f 3989/2899/3905 3860/2770/3776 3861/2771/3777
f 3990/2900/3906 3861/2771/3777 3862/2772/3778
f 3991/2901/3907 3862/2772/3778 3863/2773/3779
f 3992/2902/3908 3863/2773/3779 3864/2774/3780
f 3993/2903/3909 3864/2774/3780 3865/2775/3781
f 3994/2904/3910 3865/2775/3781 3866/2776/3782
f 3995/2905/3911 3866/2776/3782 3867/2777/3783
f 3996/2906/3912 3867/2777/3783 3868/2778/3784
f 3997/2907/3913 3868/2778/3784 3869/2779/3785
f 3998/2908/3914 3869/2779/3785 3870/2780/3786
f 3999/2909/3915 3870/2780/3786 3871/2781/3787
f 4000/2910/3916 3871/2781/3787 3872/2782/3788
f 4001/2911/3917 3872/2782/3788 3873/2783/3789
f 4002/2912/3918 3873/2783/3789 3874/2784/3790
f 4003/2913/3919 3874/2784/3790 3875/2785/3791
f 3876/2786/3792 4003/2913/3919 3875/2785/3791
f 3877/2787/3793 4004/2914/3920 3876/2786/3792
f 3878/2788/3794 4005/2915/3921 3877/2787/3793
f 3879/2789/3795 4006/2916/3922 3878/2788/3794
f 3880/2790/3796 4007/2917/3923 3879/2789/3795
f 3881/2791/3797 4008/2918/3924 3880/2790/3796
f 3882/2792/3798 4009/2919/3925 3881/2791/3797
f 3883/2793/3799 4010/2920/3926 3882/2792/3798
f 3884/2794/3800 4011/2921/3927 3883/2793/3799
f 3885/2795/3801 4012/2922/3928 3884/2794/3800
f 3886/2796/3802 4013/2923/3929 3885/2795/3801
f 3887/2797/3803 4014/2924/3930 3886/2796/3802
f 3888/2798/3804 4015/2925/3931 3887/2797/3803
f 3889/2799/3805 4016/2926/3932 3888/2798/3804
f 3890/2800/3806 4017/2927/3933 3889/2799/3805
f 3891/2801/3807 4018/2928/3934 3890/2800/3806
f 3892/2802/3808 4019/2929/3935 3891/2801/3807
f 3893/2803/3809 4020/2930/3936 3892/2802/3808
f 3894/2804/3810 4021/2931/3937 3893/2803/3809
f 3895/2805/3811 4022/2932/3938 3894/2804/3810
f 3896/2806/3812 4023/2933/3939 3895/2805/3811
f 3897/2807/3813 4024/2934/3940 3896/2806/3812
f 3898/2808/3814 4025/2935/3941 3897/2807/3813
f 3899/2809/3815 4026/2936/3942 3898/2808/3814
f 3900/2810/3816 4027/2937/3943 3899/2809/3815
f 3901/2811/3817 4028/2938/3944 3900/2810/3816
f 3902/2812/3818 4029/2939/3945 3901/2811/3817
f 3903/2813/3819 4030/2940/3946 3902/2812/3818
f 3904/2814/3820 4031/2941/3947 3903/2813/3819
f 3905/2815/3821 4032/2942/3948 3904/2814/3820
f 3906/2816/3822 4033/2943/3949 3905/2815/3821
f 3779/2818/3695 4034/2944/3950 3906/2816/3822
f 4036/2945/3952 3907/2946/3823 3908/2817/3824
f 4037/2947/3953 3908/2817/3824 3909/2819/3825
f 4038/2948/3954 3909/2819/3825 3910/2820/3826
f 4039/2949/3955 3910/2820/3826 3911/2821/3827
f 4040/2950/3956 3911/2821/3827 3912/2822/3828
f 4041/2951/3957 3912/2822/3828 3913/2823/3829
f 4042/2952/3958 3913/2823/3829 3914/2824/3830
f 4043/2953/3959 3914/2824/3830 3915/2825/3831
f 4044/2954/3960 3915/2825/3831 3916/2826/3832
f 4045/2955/3961 3916/2826/3832 3917/2827/3833
f 4046/2956/3962 3917/2827/3833 3918/2828/3834
f 4047/2957/3963 3918/2828/3834 3919/2829/3835
f 4048/2958/3964 3919/2829/3835 3920/2830/3836
f 4049/2959/3965 3920/2830/3836 3921/2831/3837
f 4050/2960/3966 3921/2831/3837 3922/2832/3838
f 4051/2961/3967 3922/2832/3838 3923/2833/3839
f 4052/2962/3968 3923/2833/3839 3924/2834/3840
f 4053/2963/3969 3924/2834/3840 3925/2835/3841
f 4054/2964/3970 3925/2835/3841 3926/2836/3842
f 4055/2965/3971 3926/2836/3842 3927/2837/3843
f 4056/2966/3972 3927/2837/3843 3928/2838/3844
f 4057/2967/3973 3928/2838/3844 3929/2839/3845
f 4058/2968/3974 3929/2839/3845 3930/2840/3846
f 4059/2969/3975 3930/2840/3846 3931/2841/3847
f 4060/2970/3976 3931/2841/3847 3932/2842/3848
f 4061/2971/3977 3932/2842/3848 3933/2843/3849
f 4062/2972/3978 3933/2843/3849 3934/2844/3850
f 4063/2973/3979 3934/2844/3850 3935/2845/3851
f 4064/2974/3980 3935/2845/3851 3936/2846/3852
f 4065/2975/3981 3936/2846/3852 3937/2847/3853
f 4066/2976/3982 3937/2847/3853 3938/2848/3854
f 4067/2977/3983 3938/2848/3854 3939/2849/3855
f 3940/2850/3856 4067/2977/3983 3939/2849/3855
f 3941/2851/3857 4068/2978/3984 3940/2850/3856
f 3942/2852/3858 4069/2979/3985 3941/2851/3857
f 3943/2853/3859 4070/2980/3986 3942/2852/3858
f 3944/2854/3860 4071/2981/3987 3943/2853/3859
f 3945/2855/3861 4072/2982/3988 3944/2854/3860
f 3946/2856/3862 4073/2983/3989 3945/2855/3861
f 3947/2857/3863 4074/2984/3990 3946/2856/3862
f 3948/2858/3864 4075/2985/3991 3947/2857/3863
f 3949/2859/3865 4076/2986/3992 3948/2858/3864
f 3950/2860/3866 4077/2987/3993 3949/2859/3865
f 3951/2861/3867 4078/2988/3994 3950/2860/3866
f 3952/2862/3868 4079/2989/3995 3951/2861/3867
f 3953/2863/3869 4080/2990/3996 3952/2862/3868
f 3954/2864/3870 4081/2991/3997 3953/2863/3869
f 3955/2865/3871 4082/2992/3998 3954/2864/3870
f 3956/2866/3872 4083/2993/3999 3955/2865/3871
f 3957/2867/3873 4084/2994/4000 3956/2866/3872
f 3958/2868/3874 4085/2995/4001 3957/2867/3873
f 3959/2869/3875 4086/2996/4002 3958/2868/3874
f 3960/2870/3876 4087/2997/4003 3959/2869/3875
f 3961/2871/3877 4088/2998/4004 3960/2870/3876
f 3962/2872/3878 4089/2999/4005 3961/2871/3877
f 3963/2873/3879 4090/3000/4006 3962/2872/3878
f 3964/2874/3880 4091/3001/4007 3963/2873/3879
f 3965/2875/3881 4092/3002/4008 3964/2874/3880
f 3966/2876/3882 4093/3003/4009 3965/2875/3881
f 3967/2877/3883 4094/3004/4010 3966/2876/3882
f 3968/2878/3884 4095/3005/4011 3967/2877/3883
f 3969/2879/3885 4096/3006/4012 3968/2878/3884
f 3970/2881/3886 4097/3007/4013 3969/2879/3885
f 3971/3008/3887 4098/3009/4014 3970/2881/3886
f 4100/3010/4016 3971/3008/3887 3972/2882/3888
f 4101/3011/4017 3972/2882/3888 3973/2883/3889
f 4102/3012/4018 3973/2883/3889 3974/2884/3890
f 4103/3013/4019 3974/2884/3890 3975/2885/3891
f 4104/3014/4020 3975/2885/3891 3976/2886/3892
f 4105/3015/4021 3976/2886/3892 3977/2887/3893
f 4106/3016/4022 3977/2887/3893 3978/2888/3894
f 4107/3017/4023 3978/2888/3894 3979/2889/3895
f 4108/3018/4024 3979/2889/3895 3980/2890/3896
f 4109/3019/4025 3980/2890/3896 3981/2891/3897
f 4110/3020/4026 3981/2891/3897 3982/2892/3898
f 4111/3021/4027 3982/2892/3898 3983/2893/3899
f 4112/3022/4028 3983/2893/3899 3984/2894/3900
f 4113/3023/4029 3984/2894/3900 3985/2895/3901
f 4114/3024/4030 3985/2895/3901 3986/2896/3902
f 4115/3025/4031 3986/2896/3902 3987/2897/3903
f 4116/3026/4032 3987/2897/3903 3988/2898/3904
f 4117/3027/4033 3988/2898/3904 3989/2899/3905
f 4118/3028/4034 3989/2899/3905 3990/2900/3906
f 4119/3029/4035 3990/2900/3906 3991/2901/3907
f 4120/3030/4036 3991/2901/3907 3992/2902/3908
f 4121/3031/4037 3992/2902/3908 3993/2903/3909
f 4122/3032/4038 3993/2903/3909 3994/2904/3910
f 4123/3033/4039 3994/2904/3910 3995/2905/3911
f 4124/3034/4040 3995/2905/3911 3996/2906/3912
f 4125/3035/4041 3996/2906/3912 3997/2907/3913
f 4126/3036/4042 3997/2907/3913 3998/2908/3914
f 4127/3037/4043 3998/2908/3914 3999/2909/3915
f 4128/3038/4044 3999/2909/3915 4000/2910/3916
f 4129/3039/4045 4000/2910/3916 4001/2911/3917
f 4130/3040/4046 4001/2911/3917 4002/2912/3918
f 4131/3041/4047 4002/2912/3918 4003/2913/3919
f 4004/2914/3920 4131/3041/4047 4003/2913/3919
f 4005/2915/3921 4132/3042/4048 4004/2914/3920
f 4006/2916/3922 4133/3043/4049 4005/2915/3921
f 4007/2917/3923 4134/3044/4050 4006/2916/3922
f 4008/2918/3924 4135/3045/4051 4007/2917/3923
f 4009/2919/3925 4136/3046/4052 4008/2918/3924
f 4010/2920/3926 4137/3047/4053 4009/2919/3925
f 4011/2921/3927 4138/3048/4054 4010/2920/3926
f 4012/2922/3928 4139/3049/4055 4011/2921/3927
f 4013/2923/3929 4140/3050/4056 4012/2922/3928
f 4014/2924/3930 4141/3051/4057 4013/2923/3929
f 4015/2925/3931 4142/3052/4058 4014/2924/3930
f 4016/2926/3932 4143/3053/4059 4015/2925/3931
f 4017/2927/3933 4144/3054/4060 4016/2926/3932
f 4018/2928/3934 4145/3055/4061 4017/2927/3933
f 4019/2929/3935 4146/3056/4062 4018/2928/3934
f 4020/2930/3936 4147/3057/4063 4019/2929/3935
f 4021/2931/3937 4148/3058/4064 4020/2930/3936
f 4022/2932/3938 4149/3059/4065 4021/2931/3937
f 4023/2933/3939 4150/3060/4066 4022/2932/3938
f 4024/2934/3940 4151/3061/4067 4023/2933/3939
f 4025/2935/3941 4152/3062/4068 4024/2934/3940
f 4026/2936/3942 4153/3063/4069 4025/2935/3941
f 4027/2937/3943 4154/3064/4070 4026/2936/3942
f 4028/2938/3944 4155/3065/4071 4027/2937/3943
f 4029/2939/3945 4156/3066/4072 4028/2938/3944
f 4030/2940/3946 4157/3067/4073 4029/2939/3945
f 4031/2941/3947 4158/3068/4074 4030/2940/3946
f 4032/2942/3948 4159/3069/4075 4031/2941/3947
f 4033/2943/3949 4160/3070/4076 4032/2942/3948
f 4034/2944/3950 4161/3071/4077 4033/2943/3949
f 3907/2946/3823 4162/3072/4078 4034/2944/3950
f 4164/3073/4080 4035/3074/3951 4036/2945/3952
f 4165/3075/4081 4036/2945/3952 4037/2947/3953
f 4166/3076/4082 4037/2947/3953 4038/2948/3954
f 4167/3077/4083 4038/2948/3954 4039/2949/3955
f 4168/3078/4084 4039/2949/3955 4040/2950/3956
f 4169/3079/4085 4040/2950/3956 4041/2951/3957
f 4170/3080/4086 4041/2951/3957 4042/2952/3958
f 4171/3081/4087 4042/2952/3958 4043/2953/3959
f 4172/3082/4088 4043/2953/3959 4044/2954/3960
f 4173/3083/4089 4044/2954/3960 4045/2955/3961
f 4174/3084/4090 4045/2955/3961 4046/2956/3962
f 4175/3085/4091 4046/2956/3962 4047/2957/3963
f 4176/3086/4092 4047/2957/3963 4048/2958/3964
f 4177/3087/4093 4048/2958/3964 4049/2959/3965
f 4178/3088/4094 4049/2959/3965 4050/2960/3966
f 4179/3089/4095 4050/2960/3966 4051/2961/3967
f 4180/3090/4096 4051/2961/3967 4052/2962/3968
f 4181/3091/4097 4052/2962/3968 4053/2963/3969
f 4182/3092/4098 4053/2963/3969 4054/2964/3970
f 4183/3093/4099 4054/2964/3970 4055/2965/3971
f 4184/3094/4100 4055/2965/3971 4056/2966/3972
f 4185/3095/4101 4056/2966/3972 4057/2967/3973
f 4186/3096/4102 4057/2967/3973 4058/2968/3974
f 4187/3097/4103 4058/2968/3974 4059/2969/3975
f 4188/3098/4104 4059/2969/3975 4060/2970/3976
f 4189/3099/4105 4060/2970/3976 4061/2971/3977
f 4190/3100/4106 4061/2971/3977 4062/2972/3978
f 4191/3101/4107 4062/2972/3978 4063/2973/3979
f 4192/3102/4108 4063/2973/3979 4064/2974/3980
f 4193/3103/4109 4064/2974/3980 4065/2975/3981
f 4194/3104/4110 4065/2975/3981 4066/2976/3982
f 4195/3105/4111 4066/2976/3982 4067/2977/3983
f 4068/2978/3984 4195/3105/4111 4067/2977/3983
f 4069/2979/3985 4196/3106/4112 4068/2978/3984
f 4070/2980/3986 4197/3107/4113 4069/2979/3985
f 4071/2981/3987 4198/3108/4114 4070/2980/3986
f 4072/2982/3988 4199/3109/4115 4071/2981/3987
f 4073/2983/3989 4200/3110/4116 4072/2982/3988
f 4074/2984/3990 4201/3111/4117 4073/2983/3989
f 4075/2985/3991 4202/3112/4118 4074/2984/3990
f 4076/2986/3992 4203/3113/4119 4075/2985/3991
f 4077/2987/3993 4204/3114/4120 4076/2986/3992
f 4078/2988/3994 4205/3115/4121 4077/2987/3993
f 4079/2989/3995 4206/3116/4122 4078/2988/3994
f 4080/2990/3996 4207/3117/4123 4079/2989/3995
f 4081/2991/3997 4208/3118/4124 4080/2990/3996
f 4082/2992/3998 4209/3119/4125 4081/2991/3997
f 4083/2993/3999 4210/3120/4126 4082/2992/3998
f 4084/2994/4000 4211/3121/4127 4083/2993/3999
f 4085/2995/4001 4212/3122/4128 4084/2994/4000
f 4086/2996/4002 4213/3123/4129 4085/2995/4001
f 4087/2997/4003 4214/3124/4130 4086/2996/4002
f 4088/2998/4004 4215/3125/4131 4087/2997/4003
f 4089/2999/4005 4216/3126/4132 4088/2998/4004
f 4090/3000/4006 4217/3127/4133 4089/2999/4005
f 4091/3001/4007 4218/3128/4134 4090/3000/4006
f 4092/3002/4008 4219/3129/4135 4091/3001/4007
f 4093/3003/4009 4220/3130/4136 4092/3002/4008
f 4094/3004/4010 4221/3131/4137 4093/3003/4009
f 4095/3005/4011 4222/3132/4138 4094/3004/4010
f 4096/3006/4012 4223/3133/4139 4095/3005/4011
f 4097/3007/4013 4224/3134/4140 4096/3006/4012
f 4098/3009/4014 4225/3135/4141 4097/3007/4013
f 4099/3136/4015 4226/3137/4142 4098/3009/4014
f 4228/3138/4144 4099/3136/4015 4100/3010/4016
f 4229/3139/4145 4100/3010/4016 4101/3011/4017
f 4230/3140/4146 4101/3011/4017 4102/3012/4018
f 4231/3141/4147 4102/3012/4018 4103/3013/4019
f 4232/3142/4148 4103/3013/4019 4104/3014/4020
f 4233/3143/4149 4104/3014/4020 4105/3015/4021
f 4234/3144/4150 4105/3015/4021 4106/3016/4022
f 4235/3145/4151 4106/3016/4022 4107/3017/4023
f 4236/3146/4152 4107/3017/4023 4108/3018/4024
f 4237/3147/4153 4108/3018/4024 4109/3019/4025
f 4238/3148/4154 4109/3019/4025 4110/3020/4026
f 4239/3149/4155 4110/3020/4026 4111/3021/4027
f 4240/3150/4156 4111/3021/4027 4112/3022/4028
f 4241/3151/4157 4112/3022/4028 4113/3023/4029
f 4242/3152/4158 4113/3023/4029 4114/3024/4030
f 4243/3153/4159 4114/3024/4030 4115/3025/4031
f 4244/3154/4160 4115/3025/4031 4116/3026/4032
f 4245/3155/4161 4116/3026/4032 4117/3027/4033
f 4246/3156/4162 4117/3027/4033 4118/3028/4034
f 4247/3157/4163 4118/3028/4034 4119/3029/4035
f 4248/3158/4164 4119/3029/4035 4120/3030/4036
f 4249/3159/4165 4120/3030/4036 4121/3031/4037
f 4250/3160/4166 4121/3031/4037 4122/3032/4038
f 4251/3161/4167 4122/3032/4038 4123/3033/4039
f 4252/3162/4168 4123/3033/4039 4124/3034/4040
f 4253/3163/4169 4124/3034/4040 4125/3035/4041
f 4254/3164/4170 4125/3035/4041 4126/3036/4042
f 4255/3165/4171 4126/3036/4042 4127/3037/4043
f 4256/3166/4172 4127/3037/4043 4128/3038/4044
f 4257/3167/4173 4128/3038/4044 4129/3039/4045
f 4258/3168/4174 4129/3039/4045 4130/3040/4046
f 4259/3169/4175 4130/3040/4046 4131/3041/4047
f 4132/3042/4048 4259/3169/4175 4131/3041/4047
f 4133/3043/4049 4260/3170/4176 4132/3042/4048
f 4134/3044/4050 4261/3171/4177 4133/3043/4049
f 4135/3045/4051 4262/3172/4178 4134/3044/4050
f 4136/3046/4052 4263/3173/4179 4135/3045/4051
f 4137/3047/4053 4264/3174/4180 4136/3046/4052
f 4138/3048/4054 4265/3175/4181 4137/3047/4053
f 4139/3049/4055 4266/3176/4182 4138/3048/4054
f 4140/3050/4056 4267/3177/4183 4139/3049/4055
f 4141/3051/4057 4268/3178/4184 4140/3050/4056
f 4142/3052/4058 4269/3179/4185 4141/3051/4057
f 4143/3053/4059 4270/3180/4186 4142/3052/4058
f 4144/3054/4060 4271/3181/4187 4143/3053/4059
f 4145/3055/4061 4272/3182/4188 4144/3054/4060
f 4146/3056/4062 4273/3183/4189 4145/3055/4061
f 4147/3057/4063 4274/3184/4190 4146/3056/4062
f 4148/3058/4064 4275/3185/4191 4147/3057/4063
f 4149/3059/4065 4276/3186/4192 4148/3058/4064
f 4150/3060/4066 4277/3187/4193 4149/3059/4065
f 4151/3061/4067 4278/3188/4194 4150/3060/4066
f 4152/3062/4068 4279/3189/4195 4151/3061/4067
f 4153/3063/4069 4280/3190/4196 4152/3062/4068
f 4154/3064/4070 4281/3191/4197 4153/3063/4069
f 4155/3065/4071 4282/3192/4198 4154/3064/4070
f 4156/3066/4072 4283/3193/4199 4155/3065/4071
f 4157/3067/4073 4284/3194/4200 4156/3066/4072
f 4158/3068/4074 4285/3195/4201 4157/3067/4073
f 4159/3069/4075 4286/3196/4202 4158/3068/4074
f 4160/3070/4076 4287/3197/4203 4159/3069/4075
f 4161/3071/4077 4288/3198/4204 4160/3070/4076
f 4162/3072/4078 4289/3199/4205 4161/3071/4077
f 4035/3074/3951 4290/3200/4206 4162/3072/4078
f 4292/3201/4208 4163/3202/4079 4164/3073/4080
f 4293/3203/4209 4164/3073/4080 4165/3075/4081
f 4294/3204/4210 4165/3075/4081 4166/3076/4082
f 4295/3205/4211 4166/3076/4082 4167/3077/4083
f 4296/3206/4212 4167/3077/4083 4168/3078/4084
f 4297/3207/4213 4168/3078/4084 4169/3079/4085
f 4298/3208/4214 4169/3079/4085 4170/3080/4086
f 4299/3209/4215 4170/3080/4086 4171/3081/4087
f 4300/3210/4216 4171/3081/4087 4172/3082/4088
f 4301/3211/4217 4172/3082/4088 4173/3083/4089
f 4302/3212/4218 4173/3083/4089 4174/3084/4090
f 4303/3213/4219 4174/3084/4090 4175/3085/4091
f 4304/3214/4220 4175/3085/4091 4176/3086/4092
f 4305/3215/4221 4176/3086/4092 4177/3087/4093
f 4306/3216/4222 4177/3087/4093 4178/3088/4094
f 4307/3217/4223 4178/3088/4094 4179/3089/4095
f 4308/3218/4224 4179/3089/4095 4180/3090/4096
f 4309/3219/4225 4180/3090/4096 4181/3091/4097
f 4310/3220/4226 4181/3091/4097 4182/3092/4098
f 4311/3221/4227 4182/3092/4098 4183/3093/4099
f 4312/3222/4228 4183/3093/4099 4184/3094/4100
f 4313/3223/4229 4184/3094/4100 4185/3095/4101
f 4314/3224/4230 4185/3095/4101 4186/3096/4102
f 4315/3225/4231 4186/3096/4102 4187/3097/4103
f 4316/3226/4232 4187/3097/4103 4188/3098/4104
f 4317/3227/4233 4188/3098/4104 4189/3099/4105
f 4318/3228/4234 4189/3099/4105 4190/3100/4106
f 4319/3229/4235 4190/3100/4106 4191/3101/4107
f 4320/3230/4236 4191/3101/4107 4192/3102/4108
f 4321/3231/4237 4192/3102/4108 4193/3103/4109
f 4322/3232/4238 4193/3103/4109 4194/3104/4110
f 4323/3233/4239 4194/3104/4110 4195/3105/4111
f 4196/3106/4112 4323/3233/4239 4195/3105/4111
f 4197/3107/4113 4324/3234/4240 4196/3106/4112
f 4198/3108/4114 4325/3235/4241 4197/3107/4113
f 4199/3109/4115 4326/3236/4242 4198/3108/4114
f 4200/3110/4116 4327/3237/4243 4199/3109/4115
f 4201/3111/4117 4328/3238/4244 4200/3110/4116
f 4202/3112/4118 4329/3239/4245 4201/3111/4117
f 4203/3113/4119 4330/3240/4246 4202/3112/4118
f 4204/3114/4120 4331/3241/4247 4203/3113/4119
f 4205/3115/4121 4332/3242/4248 4204/3114/4120
f 4206/3116/4122 4333/3243/4249 4205/3115/4121
f 4207/3117/4123 4334/3244/4250 4206/3116/4122
f 4208/3118/4124 4335/3245/4251 4207/3117/4123
f 4209/3119/4125 4336/3246/4252 4208/3118/4124
f 4210/3120/4126 4337/3247/4253 4209/3119/4125
f 4211/3121/4127 4338/3248/4254 4210/3120/4126
f 4212/3122/4128 4339/3249/4255 4211/3121/4127
f 4213/3123/4129 4340/3250/4256 4212/3122/4128
f 4214/3124/4130 4341/3251/4257 4213/3123/4129
f 4215/3125/4131 4342/3252/4258 4214/3124/4130
f 4216/3126/4132 4343/3253/4259 4215/3125/4131
f 4217/3127/4133 4344/3254/4260 4216/3126/4132
f 4218/3128/4134 4345/3255/4261 4217/3127/4133
f 4219/3129/4135 4346/3256/4262 4218/3128/4134
f 4220/3130/4136 4347/3257/4263 4219/3129/4135
f 4221/3131/4137 4348/3258/4264 4220/3130/4136
f 4222/3132/4138 4349/3259/4265 4221/3131/4137
f 4223/3133/4139 4350/3260/4266 4222/3132/4138
f 4224/3134/4140 4351/3261/4267 4223/3133/4139
f 4225/3135/4141 4352/3262/4268 4224/3134/4140
f 4226/3137/4142 4353/3263/4269 4225/3135/4141
f 4227/3264/4143 4354/3265/4270 4226/3137/4142
f 4356/3266/4272 4227/3264/4143 4228/3138/4144
f 4357/3267/4273 4228/3138/4144 4229/3139/4145
f 4358/3268/4274 4229/3139/4145 4230/3140/4146
f 4359/3269/4275 4230/3140/4146 4231/3141/4147
f 4360/3270/4276 4231/3141/4147 4232/3142/4148
f 4361/3271/4277 4232/3142/4148 4233/3143/4149
f 4362/3272/4278 4233/3143/4149 4234/3144/4150
f 4363/3273/4279 4234/3144/4150 4235/3145/4151
f 4364/3274/4280 4235/3145/4151 4236/3146/4152
f 4365/3275/4281 4236/3146/4152 4237/3147/4153
f 4366/3276/4282 4237/3147/4153 4238/3148/4154
f 4367/3277/4283 4238/3148/4154 4239/3149/4155
f 4368/3278/4284 4239/3149/4155 4240/3150/4156
f 4369/3279/4285 4240/3150/4156 4241/3151/4157
f 4370/3280/4286 4241/3151/4157 4242/3152/4158
f 4371/3281/4287 4242/3152/4158 4243/3153/4159
f 4372/3282/4288 4243/3153/4159 4244/3154/4160
f 4373/3283/4289 4244/3154/4160 4245/3155/4161
f 4374/3284/4290 4245/3155/4161 4246/3156/4162
f 4375/3285/4291 4246/3156/4162 4247/3157/4163
f 4376/3286/4292 4247/3157/4163 4248/3158/4164
f 4377/3287/4293 4248/3158/4164 4249/3159/4165
f 4378/3288/4294 4249/3159/4165 4250/3160/4166
f 4379/3289/4295 4250/3160/4166 4251/3161/4167
f 4380/3290/4296 4251/3161/4167 4252/3162/4168
f 4381/3291/4297 4252/3162/4168 4253/3163/4169
f 4382/3292/4298 4253/3163/4169 4254/3164/4170
f 4383/3293/4299 4254/3164/4170 4255/3165/4171
f 4384/3294/4300 4255/3165/4171 4256/3166/4172
f 4385/3295/4301 4256/3166/4172 4257/3167/4173
f 4386/3296/4302 4257/3167/4173 4258/3168/4174
f 4387/3297/4303 4258/3168/4174 4259/3169/4175
f 4260/3170/4176 4387/3297/4303 4259/3169/4175
f 4261/3171/4177 4388/3298/4304 4260/3170/4176
f 4262/3172/4178 4389/3299/4305 4261/3171/4177
f 4263/3173/4179 4390/3300/4306 4262/3172/4178
f 4264/3174/4180 4391/3301/4307 4263/3173/4179
f 4265/3175/4181 4392/3302/4308 4264/3174/4180
f 4266/3176/4182 4393/3303/4309 4265/3175/4181
f 4267/3177/4183 4394/3304/4310 4266/3176/4182
f 4268/3178/4184 4395/3305/4311 4267/3177/4183
f 4269/3179/4185 4396/3306/4312 4268/3178/4184
f 4270/3180/4186 4397/3307/4313 4269/3179/4185
f 4271/3181/4187 4398/3308/4314 4270/3180/4186
f 4272/3182/4188 4399/3309/4315 4271/3181/4187
f 4273/3183/4189 4400/3310/4316 4272/3182/4188
f 4274/3184/4190 4401/3311/4317 4273/3183/4189
f 4275/3185/4191 4402/3312/4318 4274/3184/4190
f 4276/3186/4192 4403/3313/4319 4275/3185/4191
f 4277/3187/4193 4404/3314/4320 4276/3186/4192
f 4278/3188/4194 4405/3315/4321 4277/3187/4193
f 4279/3189/4195 4406/3316/4322 4278/3188/4194
f 4280/3190/4196 4407/3317/4323 4279/3189/4195
f 4281/3191/4197 4408/3318/4324 4280/3190/4196
f 4282/3192/4198 4409/3319/4325 4281/3191/4197
f 4283/3193/4199 4410/3320/4326 4282/3192/4198
f 4284/3194/4200 4411/3321/4327 4283/3193/4199
f 4285/3195/4201 4412/3322/4328 4284/3194/4200
f 4286/3196/4202 4413/3323/4329 4285/3195/4201
f 4287/3197/4203 4414/3324/4330 4286/3196/4202
f 4288/3198/4204 4415/3325/4331 4287/3197/4203
f 4289/3199/4205 4416/3326/4332 4288/3198/4204
f 4290/3200/4206 4417/3327/4333 4289/3199/4205
f 4163/3202/4079 4418/3328/4334 4290/3200/4206
f 4420/3329/4336 4291/3330/4207 4292/3201/4208
f 4421/3331/4337 4292/3201/4208 4293/3203/4209
f 4422/3332/4338 4293/3203/4209 4294/3204/4210
f 4423/3333/4339 4294/3204/4210 4295/3205/4211
f 4424/3334/4340 4295/3205/4211 4296/3206/4212
f 4425/3335/4341 4296/3206/4212 4297/3207/4213
f 4426/3336/4342 4297/3207/4213 4298/3208/4214
f 4427/3337/4343 4298/3208/4214 4299/3209/4215
f 4428/3338/4344 4299/3209/4215 4300/3210/4216
f 4429/3339/4345 4300/3210/4216 4301/3211/4217
f 4430/3340/4346 4301/3211/4217 4302/3212/4218
f 4431/3341/4347 4302/3212/4218 4303/3213/4219
f 4432/3342/4348 4303/3213/4219 4304/3214/4220
f 4433/3343/4349 4304/3214/4220 4305/3215/4221
f 4434/3344/4350 4305/3215/4221 4306/3216/4222
f 4435/3345/4351 4306/3216/4222 4307/3217/4223
f 4436/3346/4352 4307/3217/4223 4308/3218/4224
f 4437/3347/4353 4308/3218/4224 4309/3219/4225
f 4438/3348/4354 4309/3219/4225 4310/3220/4226
f 4439/3349/4355 4310/3220/4226 4311/3221/4227
f 4440/3350/4356 4311/3221/4227 4312/3222/4228
f 4441/3351/4357 4312/3222/4228 4313/3223/4229
f 4442/3352/4358 4313/3223/4229 4314/3224/4230
f 4443/3353/4359 4314/3224/4230 4315/3225/4231
f 4444/3354/4360 4315/3225/4231 4316/3226/4232
f 4445/3355/4361 4316/3226/4232 4317/3227/4233
f 4446/3356/4362 4317/3227/4233 4318/3228/4234
f 4447/3357/4363 4318/3228/4234 4319/3229/4235
f 4448/3358/4364 4319/3229/4235 4320/3230/4236
f 4449/3359/4365 4320/3230/4236 4321/3231/4237
f 4450/3360/4366 4321/3231/4237 4322/3232/4238
f 4451/3361/4367 4322/3232/4238 4323/3233/4239
f 4324/3234/4240 4451/3361/4367 4323/3233/4239
f 4325/3235/4241 4452/3362/4368 4324/3234/4240
f 4326/3236/4242 4453/3363/4369 4325/3235/4241
f 4327/3237/4243 4454/3364/4370 4326/3236/4242
f 4328/3238/4244 4455/3365/4371 4327/3237/4243
f 4329/3239/4245 4456/3366/4372 4328/3238/4244
f 4330/3240/4246 4457/3367/4373 4329/3239/4245
f 4331/3241/4247 4458/3368/4374 4330/3240/4246
f 4332/3242/4248 4459/3369/4375 4331/3241/4247
f 4333/3243/4249 4460/3370/4376 4332/3242/4248
f 4334/3244/4250 4461/3371/4377 4333/3243/4249
f 4335/3245/4251 4462/3372/4378 4334/3244/4250
f 4336/3246/4252 4463/3373/4379 4335/3245/4251
f 4337/3247/4253 4464/3374/4380 4336/3246/4252
f 4338/3248/4254 4465/3375/4381 4337/3247/4253
f 4339/3249/4255 4466/3376/4382 4338/3248/4254
f 4340/3250/4256 4467/3377/4383 4339/3249/4255
f 4341/3251/4257 4468/3378/4384 4340/3250/4256
f 4342/3252/4258 4469/3379/4385 4341/3251/4257
f 4343/3253/4259 4470/3380/4386 4342/3252/4258
f 4344/3254/4260 4471/3381/4387 4343/3253/4259
f 4345/3255/4261 4472/3382/4388 4344/3254/4260
f 4346/3256/4262 4473/3383/4389 4345/3255/4261
f 4347/3257/4263 4474/3384/4390 4346/3256/4262
f 4348/3258/4264 4475/3385/4391 4347/3257/4263
f 4349/3259/4265 4476/3386/4392 4348/3258/4264
f 4350/3260/4266 4477/3387/4393 4349/3259/4265
f 4351/3261/4267 4478/3388/4394 4350/3260/4266
f 4352/3262/4268 4479/3389/4395 4351/3261/4267
f 4353/3263/4269 4480/3390/4396 4352/3262/4268
f 4354/3265/4270 4481/3391/4397 4353/3263/4269
f 4355/3392/4271 4482/3393/4398 4354/3265/4270
f 4484/3394/4400 4355/3392/4271 4356/3266/4272
f 4485/3395/4401 4356/3266/4272 4357/3267/4273
f 4486/3396/4402 4357/3267/4273 4358/3268/4274
f 4487/3397/4403 4358/3268/4274 4359/3269/4275
f 4488/3398/4404 4359/3269/4275 4360/3270/4276
f 4489/3399/4405 4360/3270/4276 4361/3271/4277
f 4490/3400/4406 4361/3271/4277 4362/3272/4278
f 4491/3401/4407 4362/3272/4278 4363/3273/4279
f 4492/3402/4408 4363/3273/4279 4364/3274/4280
f 4493/3403/4409 4364/3274/4280 4365/3275/4281
f 4494/3404/4410 4365/3275/4281 4366/3276/4282
f 4495/3405/4411 4366/3276/4282 4367/3277/4283
f 4496/3406/4412 4367/3277/4283 4368/3278/4284
f 4497/3407/4413 4368/3278/4284 4369/3279/4285
f 4498/3408/4414 4369/3279/4285 4370/3280/4286
f 4499/3409/4415 4370/3280/4286 4371/3281/4287
f 4500/3410/4416 4371/3281/4287 4372/3282/4288
f 4501/3411/4417 4372/3282/4288 4373/3283/4289
f 4502/3412/4418 4373/3283/4289 4374/3284/4290
f 4503/3413/4419 4374/3284/4290 4375/3285/4291
f 4504/3414/4420 4375/3285/4291 4376/3286/4292
f 4505/3415/4421 4376/3286/4292 4377/3287/4293
f 4506/3416/4422 4377/3287/4293 4378/3288/4294
f 4507/3417/4423 4378/3288/4294 4379/3289/4295
f 4508/3418/4424 4379/3289/4295 4380/3290/4296
f 4509/3419/4425 4380/3290/4296 4381/3291/4297
f 4510/3420/4426 4381/3291/4297 4382/3292/4298
f 4511/3421/4427 4382/3292/4298 4383/3293/4299
f 4512/3422/4428 4383/3293/4299 4384/3294/4300
f 4513/3423/4429 4384/3294/4300 4385/3295/4301
f 4514/3424/4430 4385/3295/4301 4386/3296/4302
f 4515/3425/4431 4386/3296/4302 4387/3297/4303
f 4388/3298/4304 4515/3425/4431 4387/3297/4303
f 4389/3299/4305 4516/3426/4432 4388/3298/4304
f 4390/3300/4306 4517/3427/4433 4389/3299/4305
f 4391/3301/4307 4518/3428/4434 4390/3300/4306
f 4392/3302/4308 4519/3429/4435 4391/3301/4307
f 4393/3303/4309 4520/3430/4436 4392/3302/4308
f 4394/3304/4310 4521/3431/4437 4393/3303/4309
f 4395/3305/4311 4522/3432/4438 4394/3304/4310
f 4396/3306/4312 4523/3433/4439 4395/3305/4311
f 4397/3307/4313 4524/3434/4440 4396/3306/4312
f 4398/3308/4314 4525/3435/4441 4397/3307/4313
f 4399/3309/4315 4526/3436/4442 4398/3308/4314
f 4400/3310/4316 4527/3437/4443 4399/3309/4315
f 4401/3311/4317 4528/3438/4444 4400/3310/4316
f 4402/3312/4318 4529/3439/4445 4401/3311/4317
f 4403/3313/4319 4530/3440/4446 4402/3312/4318
f 4404/3314/4320 4531/3441/4447 4403/3313/4319
f 4405/3315/4321 4532/3442/4448 4404/3314/4320
f 4406/3316/4322 4533/3443/4449 4405/3315/4321
f 4407/3317/4323 4534/3444/4450 4406/3316/4322
f 4408/3318/4324 4535/3445/4451 4407/3317/4323
f 4409/3319/4325 4536/3446/4452 4408/3318/4324
f 4410/3320/4326 4537/3447/4453 4409/3319/4325
f 4411/3321/4327 4538/3448/4454 4410/3320/4326
f 4412/3322/4328 4539/3449/4455 4411/3321/4327
f 4413/3323/4329 4540/3450/4456 4412/3322/4328
f 4414/3324/4330 4541/3451/4457 4413/3323/4329
f 4415/3325/4331 4542/3452/4458 4414/3324/4330
f 4416/3326/4332 4543/3453/4459 4415/3325/4331
f 4417/3327/4333 4544/3454/4460 4416/3326/4332
f 4418/3328/4334 4545/3455/4461 4417/3327/4333
f 4291/3330/4207 4546/3456/4462 4418/3328/4334
f 4548/3457/4464 4419/3458/4335 4420/3329/4336
f 4549/3459/4465 4420/3329/4336 4421/3331/4337
f 4550/3460/4466 4421/3331/4337 4422/3332/4338
f 4551/3461/4467 4422/3332/4338 4423/3333/4339
f 4552/3462/4468 4423/3333/4339 4424/3334/4340
f 4553/3463/4469 4424/3334/4340 4425/3335/4341
f 4554/3464/4470 4425/3335/4341 4426/3336/4342
f 4555/3465/4471 4426/3336/4342 4427/3337/4343
f 4556/3466/4472 4427/3337/4343 4428/3338/4344
f 4557/3467/4473 4428/3338/4344 4429/3339/4345
f 4558/3468/4474 4429/3339/4345 4430/3340/4346
f 4559/3469/4475 4430/3340/4346 4431/3341/4347
f 4560/3470/4476 4431/3341/4347 4432/3342/4348
f 4561/3471/4477 4432/3342/4348 4433/3343/4349
f 4562/3472/4478 4433/3343/4349 4434/3344/4350
f 4563/3473/4479 4434/3344/4350 4435/3345/4351
f 4564/3474/4480 4435/3345/4351 4436/3346/4352
f 4565/3475/4481 4436/3346/4352 4437/3347/4353
f 4566/3476/4482 4437/3347/4353 4438/3348/4354
f 4567/3477/4483 4438/3348/4354 4439/3349/4355
f 4568/3478/4484 4439/3349/4355 4440/3350/4356
f 4569/3479/4485 4440/3350/4356 4441/3351/4357
f 4570/3480/4486 4441/3351/4357 4442/3352/4358
f 4571/3481/4487 4442/3352/4358 4443/3353/4359
f 4572/3482/4488 4443/3353/4359 4444/3354/4360
f 4573/3483/4489 4444/3354/4360 4445/3355/4361
f 4574/3484/4490 4445/3355/4361 4446/3356/4362
f 4575/3485/4491 4446/3356/4362 4447/3357/4363
f 4576/3486/4492 4447/3357/4363 4448/3358/4364
f 4577/3487/4493 4448/3358/4364 4449/3359/4365
f 4578/3488/4494 4449/3359/4365 4450/3360/4366
f 4579/3489/4495 4450/3360/4366 4451/3361/4367
f 4452/3362/4368 4579/3489/4495 4451/3361/4367
f 4453/3363/4369 4580/3490/4496 4452/3362/4368
f 4454/3364/4370 4581/3491/4497 4453/3363/4369
f 4455/3365/4371 4582/3492/4498 4454/3364/4370
f 4456/3366/4372 4583/3493/4499 4455/3365/4371
f 4457/3367/4373 4584/3494/4500 4456/3366/4372
f 4458/3368/4374 4585/3495/4501 4457/3367/4373
f 4459/3369/4375 4586/3496/4502 4458/3368/4374
f 4460/3370/4376 4587/3497/4503 4459/3369/4375
f 4461/3371/4377 4588/3498/4504 4460/3370/4376
f 4462/3372/4378 4589/3499/4505 4461/3371/4377
f 4463/3373/4379 4590/3500/4506 4462/3372/4378
f 4464/3374/4380 4591/3501/4507 4463/3373/4379
f 4465/3375/4381 4592/3502/4508 4464/3374/4380
f 4466/3376/4382 4593/3503/4509 4465/3375/4381
f 4467/3377/4383 4594/3504/4510 4466/3376/4382
f 4468/3378/4384 4595/3505/4511 4467/3377/4383
f 4469/3379/4385 4596/3506/4512 4468/3378/4384
f 4470/3380/4386 4597/3507/4513 4469/3379/4385
f 4471/3381/4387 4598/3508/4514 4470/3380/4386
f 4472/3382/4388 4599/3509/4515 4471/3381/4387
f 4473/3383/4389 4600/3510/4516 4472/3382/4388
f 4474/3384/4390 4601/3511/4517 4473/3383/4389
f 4475/3385/4391 4602/3512/4518 4474/3384/4390
f 4476/3386/4392 4603/3513/4519 4475/3385/4391
f 4477/3387/4393 4604/3514/4520 4476/3386/4392
f 4478/3388/4394 4605/3515/4521 4477/3387/4393
f 4479/3389/4395 4606/3516/4522 4478/3388/4394
f 4480/3390/4396 4607/3517/4523 4479/3389/4395
f 4481/3391/4397 4608/3518/4524 4480/3390/4396
f 4482/3393/4398 4609/3519/4525 4481/3391/4397
f 4483/3520/4399 4610/3521/4526 4482/3393/4398
f 4612/3522/4528 4483/3520/4399 4484/3394/4400
f 4613/3523/4529 4484/3394/4400 4485/3395/4401
f 4614/3524/4530 4485/3395/4401 4486/3396/4402
f 4615/3525/4531 4486/3396/4402 4487/3397/4403
f 4616/3526/4532 4487/3397/4403 4488/3398/4404
f 4617/3527/4533 4488/3398/4404 4489/3399/4405
f 4618/3528/4534 4489/3399/4405 4490/3400/4406
f 4619/3529/4535 4490/3400/4406 4491/3401/4407
f 4620/3530/4536 4491/3401/4407 4492/3402/4408
f 4621/3531/4537 4492/3402/4408 4493/3403/4409
f 4622/3532/4538 4493/3403/4409 4494/3404/4410
f 4623/3533/4539 4494/3404/4410 4495/3405/4411
f 4624/3534/4540 4495/3405/4411 4496/3406/4412
f 4625/3535/4541 4496/3406/4412 4497/3407/4413
f 4626/3536/4542 4497/3407/4413 4498/3408/4414
f 4627/3537/4543 4498/3408/4414 4499/3409/4415
f 4628/3538/4544 4499/3409/4415 4500/3410/4416
f 4629/3539/4545 4500/3410/4416 4501/3411/4417
f 4630/3540/4546 4501/3411/4417 4502/3412/4418
f 4631/3541/4547 4502/3412/4418 4503/3413/4419
f 4632/3542/4548 4503/3413/4419 4504/3414/4420
f 4633/3543/4549 4504/3414/4420 4505/3415/4421
f 4634/3544/4550 4505/3415/4421 4506/3416/4422
f 4635/3545/4551 4506/3416/4422 4507/3417/4423
f 4636/3546/4552 4507/3417/4423 4508/3418/4424
f 4637/3547/4553 4508/3418/4424 4509/3419/4425
f 4638/3548/4554 4509/3419/4425 4510/3420/4426
f 4639/3549/4555 4510/3420/4426 4511/3421/4427
f 4640/3550/4556 4511/3421/4427 4512/3422/4428
f 4641/3551/4557 4512/3422/4428 4513/3423/4429
f 4642/3552/4558 4513/3423/4429 4514/3424/4430
f 4643/3553/4559 4514/3424/4430 4515/3425/4431
f 4516/3426/4432 4643/3553/4559 4515/3425/4431
f 4517/3427/4433 4644/3554/4560 4516/3426/4432
f 4518/3428/4434 4645/3555/4561 4517/3427/4433
f 4519/3429/4435 4646/3556/4562 4518/3428/4434
f 4520/3430/4436 4647/3557/4563 4519/3429/4435
f 4521/3431/4437 4648/3558/4564 4520/3430/4436
f 4522/3432/4438 4649/3559/4565 4521/3431/4437
f 4523/3433/4439 4650/3560/4566 4522/3432/4438
f 4524/3434/4440 4651/3561/4567 4523/3433/4439
f 4525/3435/4441 4652/3562/4568 4524/3434/4440
f 4526/3436/4442 4653/3563/4569 4525/3435/4441
f 4527/3437/4443 4654/3564/4570 4526/3436/4442
f 4528/3438/4444 4655/3565/4571 4527/3437/4443
f 4529/3439/4445 4656/3566/4572 4528/3438/4444
f 4530/3440/4446 4657/3567/4573 4529/3439/4445
f 4531/3441/4447 4658/3568/4574 4530/3440/4446
f 4532/3442/4448 4659/3569/4575 4531/3441/4447
f 4533/3443/4449 4660/3570/4576 4532/3442/4448
f 4534/3444/4450 4661/3571/4577 4533/3443/4449
f 4535/3445/4451 4662/3572/4578 4534/3444/4450
f 4536/3446/4452 4663/3573/4579 4535/3445/4451
f 4537/3447/4453 4664/3574/4580 4536/3446/4452
f 4538/3448/4454 4665/3575/4581 4537/3447/4453
f 4539/3449/4455 4666/3576/4582 4538/3448/4454
f 4540/3450/4456 4667/3577/4583 4539/3449/4455
f 4541/3451/4457 4668/3578/4584 4540/3450/4456
f 4542/3452/4458 4669/3579/4585 4541/3451/4457
f 4543/3453/4459 4670/3580/4586 4542/3452/4458
f 4544/3454/4460 4671/3581/4587 4543/3453/4459
f 4545/3455/4461 4672/3582/4588 4544/3454/4460
f 4546/3456/4462 4673/3583/4589 4545/3455/4461
f 4419/3458/4335 4674/3584/4590 4546/3456/4462
f 4676/3585/4592 4547/3586/4463 4548/3457/4464
f 4677/3587/4593 4548/3457/4464 4549/3459/4465
f 4678/3588/4594 4549/3459/4465 4550/3460/4466
f 4679/3589/4595 4550/3460/4466 4551/3461/4467
f 4680/3590/4596 4551/3461/4467 4552/3462/4468
f 4681/3591/4597 4552/3462/4468 4553/3463/4469
f 4682/3592/4598 4553/3463/4469 4554/3464/4470
f 4683/3593/4599 4554/3464/4470 4555/3465/4471
f 4684/3594/4600 4555/3465/4471 4556/3466/4472
f 4685/3595/4601 4556/3466/4472 4557/3467/4473
f 4686/3596/4602 4557/3467/4473 4558/3468/4474
f 4687/3597/4603 4558/3468/4474 4559/3469/4475
f 4688/3598/4604 4559/3469/4475 4560/3470/4476
f 4689/3599/4605 4560/3470/4476 4561/3471/4477
f 4690/3600/4606 4561/3471/4477 4562/3472/4478
f 4691/3601/4607 4562/3472/4478 4563/3473/4479
f 4692/3602/4608 4563/3473/4479 4564/3474/4480
f 4693/3603/4609 4564/3474/4480 4565/3475/4481
f 4694/3604/4610 4565/3475/4481 4566/3476/4482
f 4695/3605/4611 4566/3476/4482 4567/3477/4483
f 4696/3606/4612 4567/3477/4483 4568/3478/4484
f 4697/3607/4613 4568/3478/4484 4569/3479/4485
f 4698/3608/4614 4569/3479/4485 4570/3480/4486
f 4699/3609/4615 4570/3480/4486 4571/3481/4487
f 4700/3610/4616 4571/3481/4487 4572/3482/4488
f 4701/3611/4617 4572/3482/4488 4573/3483/4489
f 4702/3612/4618 4573/3483/4489 4574/3484/4490
f 4703/3613/4619 4574/3484/4490 4575/3485/4491
f 4704/3614/4620 4575/3485/4491 4576/3486/4492
f 4705/3615/4621 4576/3486/4492 4577/3487/4493
f 4706/3616/4622 4577/3487/4493 4578/3488/4494
f 4707/3617/4623 4578/3488/4494 4579/3489/4495
f 4580/3490/4496 4707/3617/4623 4579/3489/4495
f 4581/3491/4497 4708/3618/4624 4580/3490/4496
f 4582/3492/4498 4709/3619/4625 4581/3491/4497
f 4583/3493/4499 4710/3620/4626 4582/3492/4498
f 4584/3494/4500 4711/3621/4627 4583/3493/4499
f 4585/3495/4501 4712/3622/4628 4584/3494/4500
f 4586/3496/4502 4713/3623/4629 4585/3495/4501
f 4587/3497/4503 4714/3624/4630 4586/3496/4502
f 4588/3498/4504 4715/3625/4631 4587/3497/4503
f 4589/3499/4505 4716/3626/4632 4588/3498/4504
f 4590/3500/4506 4717/3627/4633 4589/3499/4505
f 4591/3501/4507 4718/3628/4634 4590/3500/4506
f 4592/3502/4508 4719/3629/4635 4591/3501/4507
f 4593/3503/4509 4720/3630/4636 4592/3502/4508
f 4594/3504/4510 4721/3631/4637 4593/3503/4509
f 4595/3505/4511 4722/3632/4638 4594/3504/4510
f 4596/3506/4512 4723/3633/4639 4595/3505/4511
f 4597/3507/4513 4724/3634/4640 4596/3506/4512
f 4598/3508/4514 4725/3635/4641 4597/3507/4513
f 4599/3509/4515 4726/3636/4642 4598/3508/4514
f 4600/3510/4516 4727/3637/4643 4599/3509/4515
f 4601/3511/4517 4728/3638/4644 4600/3510/4516
f 4602/3512/4518 4729/3639/4645 4601/3511/4517
f 4603/3513/4519 4730/3640/4646 4602/3512/4518
f 4604/3514/4520 4731/3641/4647 4603/3513/4519
f 4605/3515/4521 4732/3642/4648 4604/3514/4520
f 4606/3516/4522 4733/3643/4649 4605/3515/4521
f 4607/3517/4523 4734/3644/4650 4606/3516/4522
f 4608/3518/4524 4735/3645/4651 4607/3517/4523
f 4609/3519/4525 4736/3646/4652 4608/3518/4524
f 4610/3521/4526 4737/3647/4653 4609/3519/4525
f 4611/3648/4527 4738/3649/4654 4610/3521/4526
f 4740/3650/4656 4611/3648/4527 4612/3522/4528
f 4741/3651/4657 4612/3522/4528 4613/3523/4529
f 4742/3652/4658 4613/3523/4529 4614/3524/4530
f 4743/3653/4659 4614/3524/4530 4615/3525/4531
f 4744/3654/4660 4615/3525/4531 4616/3526/4532
f 4745/3655/4661 4616/3526/4532 4617/3527/4533
f 4746/3656/4662 4617/3527/4533 4618/3528/4534
f 4747/3657/4663 4618/3528/4534 4619/3529/4535
f 4748/3658/4664 4619/3529/4535 4620/3530/4536
f 4749/3659/4665 4620/3530/4536 4621/3531/4537
f 4750/3660/4666 4621/3531/4537 4622/3532/4538
f 4751/3661/4667 4622/3532/4538 4623/3533/4539
f 4752/3662/4668 4623/3533/4539 4624/3534/4540
f 4753/3663/4669 4624/3534/4540 4625/3535/4541
f 4754/3664/4670 4625/3535/4541 4626/3536/4542
f 4755/3665/4671 4626/3536/4542 4627/3537/4543
f 4756/3666/4672 4627/3537/4543 4628/3538/4544
f 4757/3667/4673 4628/3538/4544 4629/3539/4545
f 4758/3668/4674 4629/3539/4545 4630/3540/4546
f 4759/3669/4675 4630/3540/4546 4631/3541/4547
f 4760/3670/4676 4631/3541/4547 4632/3542/4548
f 4761/3671/4677 4632/3542/4548 4633/3543/4549
f 4762/3672/4678 4633/3543/4549 4634/3544/4550
f 4763/3673/4679 4634/3544/4550 4635/3545/4551
f 4764/3674/4680 4635/3545/4551 4636/3546/4552
f 4765/3675/4681 4636/3546/4552 4637/3547/4553
f 4766/3676/4682 4637/3547/4553 4638/3548/4554
f 4767/3677/4683 4638/3548/4554 4639/3549/4555
f 4768/3678/4684 4639/3549/4555 4640/3550/4556
f 4769/3679/4685 4640/3550/4556 4641/3551/4557
f 4770/3680/4686 4641/3551/4557 4642/3552/4558
f 4771/3681/4687 4642/3552/4558 4643/3553/4559
f 4644/3554/4560 4771/3681/4687 4643/3553/4559
f 4645/3555/4561 4772/3682/4688 4644/3554/4560
f 4646/3556/4562 4773/3683/4689 4645/3555/4561
f 4647/3557/4563 4774/3684/4690 4646/3556/4562
f 4648/3558/4564 4775/3685/4691 4647/3557/4563
f 4649/3559/4565 4776/3686/4692 4648/3558/4564
f 4650/3560/4566 4777/3687/4693 4649/3559/4565
f 4651/3561/4567 4778/3688/4694 4650/3560/4566
f 4652/3562/4568 4779/3689/4695 4651/3561/4567
f 4653/3563/4569 4780/3690/4696 4652/3562/4568
f 4654/3564/4570 4781/3691/4697 4653/3563/4569
f 4655/3565/4571 4782/3692/4698 4654/3564/4570
f 4656/3566/4572 4783/3693/4699 4655/3565/4571
f 4657/3567/4573 4784/3694/4700 4656/3566/4572
f 4658/3568/4574 4785/3695/4701 4657/3567/4573
f 4659/3569/4575 4786/3696/4702 4658/3568/4574
f 4660/3570/4576 4787/3697/4703 4659/3569/4575
f 4661/3571/4577 4788/3698/4704 4660/3570/4576
f 4662/3572/4578 4789/3699/4705 4661/3571/4577
f 4663/3573/4579 4790/3700/4706 4662/3572/4578
f 4664/3574/4580 4791/3701/4707 4663/3573/4579
f 4665/3575/4581 4792/3702/4708 4664/3574/4580
f 4666/3576/4582 4793/3703/4709 4665/3575/4581
f 4667/3577/4583 4794/3704/4710 4666/3576/4582
f 4668/3578/4584 4795/3705/4711 4667/3577/4583
f 4669/3579/4585 4796/3706/4712 4668/3578/4584
f 4670/3580/4586 4797/3707/4713 4669/3579/4585
f 4671/3581/4587 4798/3708/4714 4670/3580/4586
f 4672/3582/4588 4799/3709/4715 4671/3581/4587
f 4673/3583/4589 4800/3710/4716 4672/3582/4588
f 4674/3584/4590 4801/3711/4717 4673/3583/4589
f 4547/3586/4463 4802/3712/4718 4674/3584/4590
f 4804/3713/4720 4675/3714/4591 4676/3585/4592
f 4805/3715/4721 4676/3585/4592 4677/3587/4593
f 4806/3716/4722 4677/3587/4593 4678/3588/4594
f 4807/3717/4723 4678/3588/4594 4679/3589/4595
f 4808/3718/4724 4679/3589/4595 4680/3590/4596
f 4809/3719/4725 4680/3590/4596 4681/3591/4597
f 4810/3720/4726 4681/3591/4597 4682/3592/4598
f 4811/3721/4727 4682/3592/4598 4683/3593/4599
f 4812/3722/4728 4683/3593/4599 4684/3594/4600
f 4813/3723/4729 4684/3594/4600 4685/3595/4601
f 4814/3724/4730 4685/3595/4601 4686/3596/4602
f 4815/3725/4731 4686/3596/4602 4687/3597/4603
f 4816/3726/4732 4687/3597/4603 4688/3598/4604
f 4817/3727/4733 4688/3598/4604 4689/3599/4605
f 4818/3728/4734 4689/3599/4605 4690/3600/4606
f 4819/3729/4735 4690/3600/4606 4691/3601/4607
f 4820/3730/4736 4691/3601/4607 4692/3602/4608
f 4821/3731/4737 4692/3602/4608 4693/3603/4609
f 4822/3732/4738 4693/3603/4609 4694/3604/4610
f 4823/3733/4739 4694/3604/4610 4695/3605/4611
f 4824/3734/4740 4695/3605/4611 4696/3606/4612
f 4825/3735/4741 4696/3606/4612 4697/3607/4613
f 4826/3736/4742 4697/3607/4613 4698/3608/4614
f 4827/3737/4743 4698/3608/4614 4699/3609/4615
f 4828/3738/4744 4699/3609/4615 4700/3610/4616
f 4829/3739/4745 4700/3610/4616 4701/3611/4617
f 4830/3740/4746 4701/3611/4617 4702/3612/4618
f 4831/3741/4747 4702/3612/4618 4703/3613/4619
f 4832/3742/4748 4703/3613/4619 4704/3614/4620
f 4833/3743/4749 4704/3614/4620 4705/3615/4621
f 4834/3744/4750 4705/3615/4621 4706/3616/4622
f 4835/3745/4751 4706/3616/4622 4707/3617/4623
f 4708/3618/4624 4835/3745/4751 4707/3617/4623
f 4709/3619/4625 4836/3746/4752 4708/3618/4624
f 4710/3620/4626 4837/3747/4753 4709/3619/4625
f 4711/3621/4627 4838/3748/4754 4710/3620/4626
f 4712/3622/4628 4839/3749/4755 4711/3621/4627
f 4713/3623/4629 4840/3750/4756 4712/3622/4628
f 4714/3624/4630 4841/3751/4757 4713/3623/4629
f 4715/3625/4631 4842/3752/4758 4714/3624/4630
f 4716/3626/4632 4843/3753/4759 4715/3625/4631
f 4717/3627/4633 4844/3754/4760 4716/3626/4632
f 4718/3628/4634 4845/3755/4761 4717/3627/4633
f 4719/3629/4635 4846/3756/4762 4718/3628/4634
f 4720/3630/4636 4847/3757/4763 4719/3629/4635
f 4721/3631/4637 4848/3758/4764 4720/3630/4636
f 4722/3632/4638 4849/3759/4765 4721/3631/4637
f 4723/3633/4639 4850/3760/4766 4722/3632/4638
f 4724/3634/4640 4851/3761/4767 4723/3633/4639
f 4725/3635/4641 4852/3762/4768 4724/3634/4640
f 4726/3636/4642 4853/3763/4769 4725/3635/4641
f 4727/3637/4643 4854/3764/4770 4726/3636/4642
f 4728/3638/4644 4855/3765/4771 4727/3637/4643
f 4729/3639/4645 4856/3766/4772 4728/3638/4644
f 4730/3640/4646 4857/3767/4773 4729/3639/4645
f 4731/3641/4647 4858/3768/4774 4730/3640/4646
f 4732/3642/4648 4859/3769/4775 4731/3641/4647
f 4733/3643/4649 4860/3770/4776 4732/3642/4648
f 4734/3644/4650 4861/3771/4777 4733/3643/4649
f 4735/3645/4651 4862/3772/4778 4734/3644/4650
f 4736/3646/4652 4863/3773/4779 4735/3645/4651
f 4737/3647/4653 4864/3774/4780 4736/3646/4652
f 4738/3649/4654 4865/3775/4781 4737/3647/4653
f 4739/3776/4655 4866/3777/4782 4738/3649/4654
f 4868/3778/4784 4739/3776/4655 4740/3650/4656
f 4869/3779/4785 4740/3650/4656 4741/3651/4657
f 4870/3780/4786 4741/3651/4657 4742/3652/4658
f 4871/3781/4787 4742/3652/4658 4743/3653/4659
f 4872/3782/4788 4743/3653/4659 4744/3654/4660
f 4873/3783/4789 4744/3654/4660 4745/3655/4661
f 4874/3784/4790 4745/3655/4661 4746/3656/4662
f 4875/3785/4791 4746/3656/4662 4747/3657/4663
f 4876/3786/4792 4747/3657/4663 4748/3658/4664
f 4877/3787/4793 4748/3658/4664 4749/3659/4665
f 4878/3788/4794 4749/3659/4665 4750/3660/4666
f 4879/3789/4795 4750/3660/4666 4751/3661/4667
f 4880/3790/4796 4751/3661/4667 4752/3662/4668
f 4881/3791/4797 4752/3662/4668 4753/3663/4669
f 4882/3792/4798 4753/3663/4669 4754/3664/4670
f 4883/3793/4799 4754/3664/4670 4755/3665/4671
f 4884/3794/4800 4755/3665/4671 4756/3666/4672
f 4885/3795/4801 4756/3666/4672 4757/3667/4673
f 4886/3796/4802 4757/3667/4673 4758/3668/4674
f 4887/3797/4803 4758/3668/4674 4759/3669/4675
f 4888/3798/4804 4759/3669/4675 4760/3670/4676
f 4889/3799/4805 4760/3670/4676 4761/3671/4677
f 4890/3800/4806 4761/3671/4677 4762/3672/4678
f 4891/3801/4807 4762/3672/4678 4763/3673/4679
f 4892/3802/4808 4763/3673/4679 4764/3674/4680
f 4893/3803/4809 4764/3674/4680 4765/3675/4681
f 4894/3804/4810 4765/3675/4681 4766/3676/4682
f 4895/3805/4811 4766/3676/4682 4767/3677/4683
f 4896/3806/4812 4767/3677/4683 4768/3678/4684
f 4897/3807/4813 4768/3678/4684 4769/3679/4685
f 4898/3808/4814 4769/3679/4685 4770/3680/4686
f 4899/3809/4815 4770/3680/4686 4771/3681/4687
f 4772/3682/4688 4899/3809/4815 4771/3681/4687
f 4773/3683/4689 4900/3810/4816 4772/3682/4688
f 4774/3684/4690 4901/3811/4817 4773/3683/4689
f 4775/3685/4691 4902/3812/4818 4774/3684/4690
f 4776/3686/4692 4903/3813/4819 4775/3685/4691
f 4777/3687/4693 4904/3814/4820 4776/3686/4692
f 4778/3688/4694 4905/3815/4821 4777/3687/4693
f 4779/3689/4695 4906/3816/4822 4778/3688/4694
f 4780/3690/4696 4907/3817/4823 4779/3689/4695
f 4781/3691/4697 4908/3818/4824 4780/3690/4696
f 4782/3692/4698 4909/3819/4825 4781/3691/4697
f 4783/3693/4699 4910/3820/4826 4782/3692/4698
f 4784/3694/4700 4911/3821/4827 4783/3693/4699
f 4785/3695/4701 4912/3822/4828 4784/3694/4700
f 4786/3696/4702 4913/3823/4829 4785/3695/4701
f 4787/3697/4703 4914/3824/4830 4786/3696/4702
f 4788/3698/4704 4915/3825/4831 4787/3697/4703
f 4789/3699/4705 4916/3826/4832 4788/3698/4704
f 4790/3700/4706 4917/3827/4833 4789/3699/4705
f 4791/3701/4707 4918/3828/4834 4790/3700/4706
f 4792/3702/4708 4919/3829/4835 4791/3701/4707
f 4793/3703/4709 4920/3830/4836 4792/3702/4708
f 4794/3704/4710 4921/3831/4837 4793/3703/4709
f 4795/3705/4711 4922/3832/4838 4794/3704/4710
f 4796/3706/4712 4923/3833/4839 4795/3705/4711
f 4797/3707/4713 4924/3834/4840 4796/3706/4712
f 4798/3708/4714 4925/3835/4841 4797/3707/4713
f 4799/3709/4715 4926/3836/4842 4798/3708/4714
f 4800/3710/4716 4927/3837/4843 4799/3709/4715
f 4801/3711/4717 4928/3838/4844 4800/3710/4716
f 4802/3712/4718 4929/3839/4845 4801/3711/4717
f 4675/3714/4591 4930/3840/4846 4802/3712/4718
f 4932/3841/4848 4803/3842/4719 4804/3713/4720
f 4933/3843/4849 4804/3713/4720 4805/3715/4721
f 4934/3844/4850 4805/3715/4721 4806/3716/4722
f 4935/3845/4851 4806/3716/4722 4807/3717/4723
f 4936/3846/4852 4807/3717/4723 4808/3718/4724
f 4937/3847/4853 4808/3718/4724 4809/3719/4725
f 4938/3848/4854 4809/3719/4725 4810/3720/4726
f 4939/3849/4855 4810/3720/4726 4811/3721/4727
f 4940/3850/4856 4811/3721/4727 4812/3722/4728
f 4941/3851/4857 4812/3722/4728 4813/3723/4729
f 4942/3852/4858 4813/3723/4729 4814/3724/4730
f 4943/3853/4859 4814/3724/4730 4815/3725/4731
f 4944/3854/4860 4815/3725/4731 4816/3726/4732
f 4945/3855/4861 4816/3726/4732 4817/3727/4733
f 4946/3856/4862 4817/3727/4733 4818/3728/4734
f 4947/3857/4863 4818/3728/4734 4819/3729/4735
f 4948/3858/4864 4819/3729/4735 4820/3730/4736
f 4949/3859/4865 4820/3730/4736 4821/3731/4737
f 4950/3860/4866 4821/3731/4737 4822/3732/4738
f 4951/3861/4867 4822/3732/4738 4823/3733/4739
f 4952/3862/4868 4823/3733/4739 4824/3734/4740
f 4953/3863/4869 4824/3734/4740 4825/3735/4741
f 4954/3864/4870 4825/3735/4741 4826/3736/4742
f 4955/3865/4871 4826/3736/4742 4827/3737/4743
f 4956/3866/4872 4827/3737/4743 4828/3738/4744
f 4957/3867/4873 4828/3738/4744 4829/3739/4745
f 4958/3868/4874 4829/3739/4745 4830/3740/4746
f 4959/3869/4875 4830/3740/4746 4831/3741/4747
f 4960/3870/4876 4831/3741/4747 4832/3742/4748
f 4961/3871/4877 4832/3742/4748 4833/3743/4749
f 4962/3872/4878 4833/3743/4749 4834/3744/4750
f 4963/3873/4879 4834/3744/4750 4835/3745/4751
f 4836/3746/4752 4963/3873/4879 4835/3745/4751
f 4837/3747/4753 4964/3874/4880 4836/3746/4752
f 4838/3748/4754 4965/3875/4881 4837/3747/4753
f 4839/3749/4755 4966/3876/4882 4838/3748/4754
f 4840/3750/4756 4967/3877/4883 4839/3749/4755
f 4841/3751/4757 4968/3878/4884 4840/3750/4756
f 4842/3752/4758 4969/3879/4885 4841/3751/4757
f 4843/3753/4759 4970/3880/4886 4842/3752/4758
f 4844/3754/4760 4971/3881/4887 4843/3753/4759
f 4845/3755/4761 4972/3882/4888 4844/3754/4760
f 4846/3756/4762 4973/3883/4889 4845/3755/4761
f 4847/3757/4763 4974/3884/4890 4846/3756/4762
f 4848/3758/4764 4975/3885/4891 4847/3757/4763
f 4849/3759/4765 4976/3886/4892 4848/3758/4764
f 4850/3760/4766 4977/3887/4893 4849/3759/4765
f 4851/3761/4767 4978/3888/4894 4850/3760/4766
f 4852/3762/4768 4979/3889/4895 4851/3761/4767
f 4853/3763/4769 4980/3890/4896 4852/3762/4768
f 4854/3764/4770 4981/3891/4897 4853/3763/4769
f 4855/3765/4771 4982/3892/4898 4854/3764/4770
f 4856/3766/4772 4983/3893/4899 4855/3765/4771
f 4857/3767/4773 4984/3894/4900 4856/3766/4772
f 4858/3768/4774 4985/3895/4901 4857/3767/4773
f 4859/3769/4775 4986/3896/4902 4858/3768/4774
f 4860/3770/4776 4987/3897/4903 4859/3769/4775
f 4861/3771/4777 4988/3898/4904 4860/3770/4776
f 4862/3772/4778 4989/3899/4905 4861/3771/4777
f 4863/3773/4779 4990/3900/4906 4862/3772/4778
f 4864/3774/4780 4991/3901/4907 4863/3773/4779
f 4865/3775/4781 4992/3902/4908 4864/3774/4780
f 4866/3777/4782 4993/3903/4909 4865/3775/4781
f 4867/3904/4783 4994/3905/4910 4866/3777/4782
f 4996/3906/4912 4867/3904/4783 4868/3778/4784
f 4997/3907/4913 4868/3778/4784 4869/3779/4785
f 4998/3908/4914 4869/3779/4785 4870/3780/4786
f 4999/3909/4915 4870/3780/4786 4871/3781/4787
f 5000/3910/4916 4871/3781/4787 4872/3782/4788
f 5001/3911/4917 4872/3782/4788 4873/3783/4789
f 5002/3912/4918 4873/3783/4789 4874/3784/4790
f 5003/3913/4919 4874/3784/4790 4875/3785/4791
f 5004/3914/4920 4875/3785/4791 4876/3786/4792
f 5005/3915/4921 4876/3786/4792 4877/3787/4793
f 5006/3916/4922 4877/3787/4793 4878/3788/4794
f 5007/3917/4923 4878/3788/4794 4879/3789/4795
f 5008/3918/4924 4879/3789/4795 4880/3790/4796
f 5009/3919/4925 4880/3790/4796 4881/3791/4797
f 5010/3920/4926 4881/3791/4797 4882/3792/4798
f 5011/3921/4927 4882/3792/4798 4883/3793/4799
f 5012/3922/4928 4883/3793/4799 4884/3794/4800
f 5013/3923/4929 4884/3794/4800 4885/3795/4801
f 5014/3924/4930 4885/3795/4801 4886/3796/4802
f 5015/3925/4931 4886/3796/4802 4887/3797/4803
f 5016/3926/4932 4887/3797/4803 4888/3798/4804
f 5017/3927/4933 4888/3798/4804 4889/3799/4805
f 5018/3928/4934 4889/3799/4805 4890/3800/4806
f 5019/3929/4935 4890/3800/4806 4891/3801/4807
f 5020/3930/4936 4891/3801/4807 4892/3802/4808
f 5021/3931/4937 4892/3802/4808 4893/3803/4809
f 5022/3932/4938 4893/3803/4809 4894/3804/4810
f 5023/3933/4939 4894/3804/4810 4895/3805/4811
f 5024/3934/4940 4895/3805/4811 4896/3806/4812
f 5025/3935/4941 4896/3806/4812 4897/3807/4813
f 5026/3936/4942 4897/3807/4813 4898/3808/4814
f 5027/3937/4943 4898/3808/4814 4899/3809/4815
f 4900/3810/4816 5027/3937/4943 4899/3809/4815
f 4901/3811/4817 5028/3938/4944 4900/3810/4816
f 4902/3812/4818 5029/3939/4945 4901/3811/4817
f 4903/3813/4819 5030/3940/4946 4902/3812/4818
f 4904/3814/4820 5031/3941/4947 4903/3813/4819
f 4905/3815/4821 5032/3942/4948 4904/3814/4820
f 4906/3816/4822 5033/3943/4949 4905/3815/4821
f 4907/3817/4823 5034/3944/4950 4906/3816/4822
f 4908/3818/4824 5035/3945/4951 4907/3817/4823
f 4909/3819/4825 5036/3946/4952 4908/3818/4824
f 4910/3820/4826 5037/3947/4953 4909/3819/4825
f 4911/3821/4827 5038/3948/4954 4910/3820/4826
f 4912/3822/4828 5039/3949/4955 4911/3821/4827
f 4913/3823/4829 5040/3950/4956 4912/3822/4828
f 4914/3824/4830 5041/3951/4957 4913/3823/4829
f 4915/3825/4831 5042/3952/4958 4914/3824/4830
f 4916/3826/4832 5043/3953/4959 4915/3825/4831
f 4917/3827/4833 5044/3954/4960 4916/3826/4832
f 4918/3828/4834 5045/3955/4961 4917/3827/4833
f 4919/3829/4835 5046/3956/4962 4918/3828/4834
f 4920/3830/4836 5047/3957/4963 4919/3829/4835
f 4921/3831/4837 5048/3958/4964 4920/3830/4836
f 4922/3832/4838 5049/3959/4965 4921/3831/4837
f 4923/3833/4839 5050/3960/4966 4922/3832/4838
f 4924/3834/4840 5051/3961/4967 4923/3833/4839
f 4925/3835/4841 5052/3962/4968 4924/3834/4840
f 4926/3836/4842 5053/3963/4969 4925/3835/4841
f 4927/3837/4843 5054/3964/4970 4926/3836/4842
f 4928/3838/4844 5055/3965/4971 4927/3837/4843
f 4929/3839/4845 5056/3966/4972 4928/3838/4844
f 4930/3840/4846 5057/3967/4973 4929/3839/4845
f 4803/3842/4719 5058/3968/4974 4930/3840/4846
f 5060/3969/4976 4931/3970/4847 4932/3841/4848
f 5061/3971/4977 4932/3841/4848 4933/3843/4849
f 5062/3972/4978 4933/3843/4849 4934/3844/4850
f 5063/3973/4979 4934/3844/4850 4935/3845/4851
f 5064/3974/4980 4935/3845/4851 4936/3846/4852
f 5065/3975/4981 4936/3846/4852 4937/3847/4853
f 5066/3976/4982 4937/3847/4853 4938/3848/4854
f 5067/3977/4983 4938/3848/4854 4939/3849/4855
f 5068/3978/4984 4939/3849/4855 4940/3850/4856
f 5069/3979/4985 4940/3850/4856 4941/3851/4857
f 5070/3980/4986 4941/3851/4857 4942/3852/4858
f 5071/3981/4987 4942/3852/4858 4943/3853/4859
f 5072/3982/4988 4943/3853/4859 4944/3854/4860
f 5073/3983/4989 4944/3854/4860 4945/3855/4861
f 5074/3984/4990 4945/3855/4861 4946/3856/4862
f 5075/3985/4991 4946/3856/4862 4947/3857/4863
f 5076/3986/4992 4947/3857/4863 4948/3858/4864
f 5077/3987/4993 4948/3858/4864 4949/3859/4865
f 5078/3988/4994 4949/3859/4865 4950/3860/4866
f 5079/3989/4995 4950/3860/4866 4951/3861/4867
f 5080/3990/4996 4951/3861/4867 4952/3862/4868
f 5081/3991/4997 4952/3862/4868 4953/3863/4869
f 5082/3992/4998 4953/3863/4869 4954/3864/4870
f 5083/3993/4999 4954/3864/4870 4955/3865/4871
f 5084/3994/5000 4955/3865/4871 4956/3866/4872
f 5085/3995/5001 4956/3866/4872 4957/3867/4873
f 5086/3996/5002 4957/3867/4873 4958/3868/4874
f 5087/3997/5003 4958/3868/4874 4959/3869/4875
f 5088/3998/5004 4959/3869/4875 4960/3870/4876
f 5089/3999/5005 4960/3870/4876 4961/3871/4877
f 5090/4000/5006 4961/3871/4877 4962/3872/4878
f 5091/4001/5007 4962/3872/4878 4963/3873/4879
f 4964/3874/4880 5091/4001/5007 4963/3873/4879
f 4965/3875/4881 5092/4002/5008 4964/3874/4880
f 4966/3876/4882 5093/4003/5009 4965/3875/4881
f 4967/3877/4883 5094/4004/5010 4966/3876/4882
f 4968/3878/4884 5095/4005/5011 4967/3877/4883
f 4969/3879/4885 5096/4006/5012 4968/3878/4884
f 4970/3880/4886 5097/4007/5013 4969/3879/4885
f 4971/3881/4887 5098/4008/5014 4970/3880/4886
f 4972/3882/4888 5099/4009/5015 4971/3881/4887
f 4973/3883/4889 5100/4010/5016 4972/3882/4888
f 4974/3884/4890 5101/4011/5017 4973/3883/4889
f 4975/3885/4891 5102/4012/5018 4974/3884/4890
f 4976/3886/4892 5103/4013/5019 4975/3885/4891
f 4977/3887/4893 5104/4014/5020 4976/3886/4892
f 4978/3888/4894 5105/4015/5021 4977/3887/4893
f 4979/3889/4895 5106/4016/5022 4978/3888/4894
f 4980/3890/4896 5107/4017/5023 4979/3889/4895
f 4981/3891/4897 5108/4018/5024 4980/3890/4896
f 4982/3892/4898 5109/4019/5025 4981/3891/4897
f 4983/3893/4899 5110/4020/5026 4982/3892/4898
f 4984/3894/4900 5111/4021/5027 4983/3893/4899
f 4985/3895/4901 5112/4022/5028 4984/3894/4900
f 4986/3896/4902 5113/4023/5029 4985/3895/4901
f 4987/3897/4903 5114/4024/5030 4986/3896/4902
f 4988/3898/4904 5115/4025/5031 4987/3897/4903
f 4989/3899/4905 5116/4026/5032 4988/3898/4904
f 4990/3900/4906 5117/4027/5033 4989/3899/4905
f 4991/3901/4907 5118/4028/5034 4990/3900/4906
f 4992/3902/4908 5119/4029/5035 4991/3901/4907
f 4993/3903/4909 5120/4030/5036 4992/3902/4908
f 4994/3905/4910 5121/4031/5037 4993/3903/4909
f 4995/4032/4911 5122/4033/5038 4994/3905/4910
f 5124/4034/5040 4995/4032/4911 4996/3906/4912
f 5125/4035/5041 4996/3906/4912 4997/3907/4913
f 5126/4036/5042 4997/3907/4913 4998/3908/4914
f 5127/4037/5043 4998/3908/4914 4999/3909/4915
f 5128/4038/5044 4999/3909/4915 5000/3910/4916
f 5129/4039/5045 5000/3910/4916 5001/3911/4917
f 5130/4040/5046 5001/3911/4917 5002/3912/4918
f 5131/4041/5047 5002/3912/4918 5003/3913/4919
f 5132/4042/5048 5003/3913/4919 5004/3914/4920
f 5133/4043/5049 5004/3914/4920 5005/3915/4921
f 5134/4044/5050 5005/3915/4921 5006/3916/4922
f 5135/4045/5051 5006/3916/4922 5007/3917/4923
f 5136/4046/5052 5007/3917/4923 5008/3918/4924
f 5137/4047/5053 5008/3918/4924 5009/3919/4925
f 5138/4048/5054 5009/3919/4925 5010/3920/4926
f 5139/4049/5055 5010/3920/4926 5011/3921/4927
f 5140/4050/5056 5011/3921/4927 5012/3922/4928
f 5141/4051/5057 5012/3922/4928 5013/3923/4929
f 5142/4052/5058 5013/3923/4929 5014/3924/4930
f 5143/4053/5059 5014/3924/4930 5015/3925/4931
f 5144/4054/5060 5015/3925/4931 5016/3926/4932
f 5145/4055/5061 5016/3926/4932 5017/3927/4933
f 5146/4056/5062 5017/3927/4933 5018/3928/4934
f 5147/4057/5063 5018/3928/4934 5019/3929/4935
f 5148/4058/5064 5019/3929/4935 5020/3930/4936
f 5149/4059/5065 5020/3930/4936 5021/3931/4937
f 5150/4060/5066 5021/3931/4937 5022/3932/4938
f 5151/4061/5067 5022/3932/4938 5023/3933/4939
f 5152/4062/5068 5023/3933/4939 5024/3934/4940
f 5153/4063/5069 5024/3934/4940 5025/3935/4941
f 5154/4064/5070 5025/3935/4941 5026/3936/4942
f 5155/4065/5071 5026/3936/4942 5027/3937/4943
f 5028/3938/4944 5155/4065/5071 5027/3937/4943
f 5029/3939/4945 5156/4066/5072 5028/3938/4944
f 5030/3940/4946 5157/4067/5073 5029/3939/4945
f 5031/3941/4947 5158/4068/5074 5030/3940/4946
f 5032/3942/4948 5159/4069/5075 5031/3941/4947
f 5033/3943/4949 5160/4070/5076 5032/3942/4948
f 5034/3944/4950 5161/4071/5077 5033/3943/4949
f 5035/3945/4951 5162/4072/5078 5034/3944/4950
f 5036/3946/4952 5163/4073/5079 5035/3945/4951
f 5037/3947/4953 5164/4074/5080 5036/3946/4952
f 5038/3948/4954 5165/4075/5081 5037/3947/4953
f 5039/3949/4955 5166/4076/5082 5038/3948/4954
f 5040/3950/4956 5167/4077/5083 5039/3949/4955
f 5041/3951/4957 5168/4078/5084 5040/3950/4956
f 5042/3952/4958 5169/4079/5085 5041/3951/4957
f 5043/3953/4959 5170/4080/5086 5042/3952/4958
f 5044/3954/4960 5171/4081/5087 5043/3953/4959
f 5045/3955/4961 5172/4082/5088 5044/3954/4960
f 5046/3956/4962 5173/4083/5089 5045/3955/4961
f 5047/3957/4963 5174/4084/5090 5046/3956/4962
f 5048/3958/4964 5175/4085/5091 5047/3957/4963
f 5049/3959/4965 5176/4086/5092 5048/3958/4964
f 5050/3960/4966 5177/4087/5093 5049/3959/4965
f 5051/3961/4967 5178/4088/5094 5050/3960/4966
f 5052/3962/4968 5179/4089/5095 5051/3961/4967
f 5053/3963/4969 5180/4090/5096 5052/3962/4968
f 5054/3964/4970 5181/4091/5097 5053/3963/4969
f 5055/3965/4971 5182/4092/5098 5054/3964/4970
f 5056/3966/4972 5183/4093/5099 5055/3965/4971
f 5057/3967/4973 5184/4094/5100 5056/3966/4972
f 5058/3968/4974 5185/4095/5101 5057/3967/4973
f 4931/3970/4847 5186/4096/5102 5058/3968/4974
f 5188/4097/5104 5059/4098/4975 5060/3969/4976
f 5189/4099/5105 5060/3969/4976 5061/3971/4977
f 5190/4100/5106 5061/3971/4977 5062/3972/4978
f 5191/4101/5107 5062/3972/4978 5063/3973/4979
f 5192/4102/5108 5063/3973/4979 5064/3974/4980
f 5193/4103/5109 5064/3974/4980 5065/3975/4981
f 5194/4104/5110 5065/3975/4981 5066/3976/4982
f 5195/4105/5111 5066/3976/4982 5067/3977/4983
f 5196/4106/5112 5067/3977/4983 5068/3978/4984
f 5197/4107/5113 5068/3978/4984 5069/3979/4985
f 5198/4108/5114 5069/3979/4985 5070/3980/4986
f 5199/4109/5115 5070/3980/4986 5071/3981/4987
f 5200/4110/5116 5071/3981/4987 5072/3982/4988
f 5201/4111/5117 5072/3982/4988 5073/3983/4989
f 5202/4112/5118 5073/3983/4989 5074/3984/4990
f 5203/4113/5119 5074/3984/4990 5075/3985/4991
f 5204/4114/5120 5075/3985/4991 5076/3986/4992
f 5205/4115/5121 5076/3986/4992 5077/3987/4993
f 5206/4116/5122 5077/3987/4993 5078/3988/4994
f 5207/4117/5123 5078/3988/4994 5079/3989/4995
f 5208/4118/5124 5079/3989/4995 5080/3990/4996
f 5209/4119/5125 5080/3990/4996 5081/3991/4997
f 5210/4120/5126 5081/3991/4997 5082/3992/4998
f 5211/4121/5127 5082/3992/4998 5083/3993/4999
f 5212/4122/5128 5083/3993/4999 5084/3994/5000
f 5213/4123/5129 5084/3994/5000 5085/3995/5001
f 5214/4124/5130 5085/3995/5001 5086/3996/5002
f 5215/4125/5131 5086/3996/5002 5087/3997/5003
f 5216/4126/5132 5087/3997/5003 5088/3998/5004
f 5217/4127/5133 5088/3998/5004 5089/3999/5005
f 5218/4128/5134 5089/3999/5005 5090/4000/5006
f 5219/4129/5135 5090/4000/5006 5091/4001/5007
f 5092/4002/5008 5219/4129/5135 5091/4001/5007
f 5093/4003/5009 5220/4130/5136 5092/4002/5008
f 5094/4004/5010 5221/4131/5137 5093/4003/5009
f 5095/4005/5011 5222/4132/5138 5094/4004/5010
f 5096/4006/5012 5223/4133/5139 5095/4005/5011
f 5097/4007/5013 5224/4134/5140 5096/4006/5012
f 5098/4008/5014 5225/4135/5141 5097/4007/5013
f 5099/4009/5015 5226/4136/5142 5098/4008/5014
f 5100/4010/5016 5227/4137/5143 5099/4009/5015
f 5101/4011/5017 5228/4138/5144 5100/4010/5016
f 5102/4012/5018 5229/4139/5145 5101/4011/5017
f 5103/4013/5019 5230/4140/5146 5102/4012/5018
f 5104/4014/5020 5231/4141/5147 5103/4013/5019
f 5105/4015/5021 5232/4142/5148 5104/4014/5020
f 5106/4016/5022 5233/4143/5149 5105/4015/5021
f 5107/4017/5023 5234/4144/5150 5106/4016/5022
f 5108/4018/5024 5235/4145/5151 5107/4017/5023
f 5109/4019/5025 5236/4146/5152 5108/4018/5024
f 5110/4020/5026 5237/4147/5153 5109/4019/5025
f 5111/4021/5027 5238/4148/5154 5110/4020/5026
f 5112/4022/5028 5239/4149/5155 5111/4021/5027
f 5113/4023/5029 5240/4150/5156 5112/4022/5028
f 5114/4024/5030 5241/4151/5157 5113/4023/5029
f 5115/4025/5031 5242/4152/5158 5114/4024/5030
f 5116/4026/5032 5243/4153/5159 5115/4025/5031
f 5117/4027/5033 5244/4154/5160 5116/4026/5032
f 5118/4028/5034 5245/4155/5161 5117/4027/5033
f 5119/4029/5035 5246/4156/5162 5118/4028/5034
f 5120/4030/5036 5247/4157/5163 5119/4029/5035
f 5121/4031/5037 5248/4158/5164 5120/4030/5036
f 5122/4033/5038 5249/4159/5165 5121/4031/5037
f 5123/4160/5039 5250/4161/5166 5122/4033/5038
f 5252/4162/5168 5123/4160/5039 5124/4034/5040
f 5253/4163/5169 5124/4034/5040 5125/4035/5041
f 5254/4164/5170 5125/4035/5041 5126/4036/5042
f 5255/4165/5171 5126/4036/5042 5127/4037/5043
f 5256/4166/5172 5127/4037/5043 5128/4038/5044
f 5257/4167/5173 5128/4038/5044 5129/4039/5045
f 5258/4168/5174 5129/4039/5045 5130/4040/5046
f 5259/4169/5175 5130/4040/5046 5131/4041/5047
f 5260/4170/5176 5131/4041/5047 5132/4042/5048
f 5261/4171/5177 5132/4042/5048 5133/4043/5049
f 5262/4172/5178 5133/4043/5049 5134/4044/5050
f 5263/4173/5179 5134/4044/5050 5135/4045/5051
f 5264/4174/5180 5135/4045/5051 5136/4046/5052
f 5265/4175/5181 5136/4046/5052 5137/4047/5053
f 5266/4176/5182 5137/4047/5053 5138/4048/5054
f 5267/4177/5183 5138/4048/5054 5139/4049/5055
f 5268/4178/5184 5139/4049/5055 5140/4050/5056
f 5269/4179/5185 5140/4050/5056 5141/4051/5057
f 5270/4180/5186 5141/4051/5057 5142/4052/5058
f 5271/4181/5187 5142/4052/5058 5143/4053/5059
f 5272/4182/5188 5143/4053/5059 5144/4054/5060
f 5273/4183/5189 5144/4054/5060 5145/4055/5061
f 5274/4184/5190 5145/4055/5061 5146/4056/5062
f 5275/4185/5191 5146/4056/5062 5147/4057/5063
f 5276/4186/5192 5147/4057/5063 5148/4058/5064
f 5277/4187/5193 5148/4058/5064 5149/4059/5065
f 5278/4188/5194 5149/4059/5065 5150/4060/5066
f 5279/4189/5195 5150/4060/5066 5151/4061/5067
f 5280/4190/5196 5151/4061/5067 5152/4062/5068
f 5281/4191/5197 5152/4062/5068 5153/4063/5069
f 5282/4192/5198 5153/4063/5069 5154/4064/5070
f 5283/4193/5199 5154/4064/5070 5155/4065/5071
f 5156/4066/5072 5283/4193/5199 5155/4065/5071
f 5157/4067/5073 5284/4194/5200 5156/4066/5072
f 5158/4068/5074 5285/4195/5201 5157/4067/5073
f 5159/4069/5075 5286/4196/5202 5158/4068/5074
f 5160/4070/5076 5287/4197/5203 5159/4069/5075
f 5161/4071/5077 5288/4198/5204 5160/4070/5076
f 5162/4072/5078 5289/4199/5205 5161/4071/5077
f 5163/4073/5079 5290/4200/5206 5162/4072/5078
f 5164/4074/5080 5291/4201/5207 5163/4073/5079
f 5165/4075/5081 5292/4202/5208 5164/4074/5080
f 5166/4076/5082 5293/4203/5209 5165/4075/5081
f 5167/4077/5083 5294/4204/5210 5166/4076/5082
f 5168/4078/5084 5295/4205/5211 5167/4077/5083
f 5169/4079/5085 5296/4206/5212 5168/4078/5084
f 5170/4080/5086 5297/4207/5213 5169/4079/5085
f 5171/4081/5087 5298/4208/5214 5170/4080/5086
f 5172/4082/5088 5299/4209/5215 5171/4081/5087
f 5173/4083/5089 5300/4210/5216 5172/4082/5088
f 5174/4084/5090 5301/4211/5217 5173/4083/5089
f 5175/4085/5091 5302/4212/5218 5174/4084/5090
f 5176/4086/5092 5303/4213/5219 5175/4085/5091
f 5177/4087/5093 5304/4214/5220 5176/4086/5092
f 5178/4088/5094 5305/4215/5221 5177/4087/5093
f 5179/4089/5095 5306/4216/5222 5178/4088/5094
f 5180/4090/5096 5307/4217/5223 5179/4089/5095
f 5181/4091/5097 5308/4218/5224 5180/4090/5096
f 5182/4092/5098 5309/4219/5225 5181/4091/5097
f 5183/4093/5099 5310/4220/5226 5182/4092/5098
f 5184/4094/5100 5311/4221/5227 5183/4093/5099
f 5185/4095/5101 5312/4222/5228 5184/4094/5100
f 5186/4096/5102 5313/4223/5229 5185/4095/5101
f 5059/4098/4975 5314/4224/5230 5186/4096/5102
f 5316/4225/5232 5187/4226/5103 5188/4097/5104
f 5317/4227/5233 5188/4097/5104 5189/4099/5105
f 5318/4228/5234 5189/4099/5105 5190/4100/5106
f 5319/4229/5235 5190/4100/5106 5191/4101/5107
f 5320/4230/5236 5191/4101/5107 5192/4102/5108
f 5321/4231/5237 5192/4102/5108 5193/4103/5109
f 5322/4232/5238 5193/4103/5109 5194/4104/5110
f 5323/4233/5239 5194/4104/5110 5195/4105/5111
f 5324/4234/5240 5195/4105/5111 5196/4106/5112
f 5325/4235/5241 5196/4106/5112 5197/4107/5113
f 5326/4236/5242 5197/4107/5113 5198/4108/5114
f 5327/4237/5243 5198/4108/5114 5199/4109/5115
f 5328/4238/5244 5199/4109/5115 5200/4110/5116
f 5329/4239/5245 5200/4110/5116 5201/4111/5117
f 5330/4240/5246 5201/4111/5117 5202/4112/5118
f 5331/4241/5247 5202/4112/5118 5203/4113/5119
f 5332/4242/5248 5203/4113/5119 5204/4114/5120
f 5333/4243/5249 5204/4114/5120 5205/4115/5121
f 5334/4244/5250 5205/4115/5121 5206/4116/5122
f 5335/4245/5251 5206/4116/5122 5207/4117/5123
f 5336/4246/5252 5207/4117/5123 5208/4118/5124
f 5337/4247/5253 5208/4118/5124 5209/4119/5125
f 5338/4248/5254 5209/4119/5125 5210/4120/5126
f 5339/4249/5255 5210/4120/5126 5211/4121/5127
f 5340/4250/5256 5211/4121/5127 5212/4122/5128
f 5341/4251/5257 5212/4122/5128 5213/4123/5129
f 5342/4252/5258 5213/4123/5129 5214/4124/5130
f 5343/4253/5259 5214/4124/5130 5215/4125/5131
f 5344/4254/5260 5215/4125/5131 5216/4126/5132
f 5345/4255/5261 5216/4126/5132 5217/4127/5133
f 5346/4256/5262 5217/4127/5133 5218/4128/5134
f 5347/4257/5263 5218/4128/5134 5219/4129/5135
f 5220/4130/5136 5347/4257/5263 5219/4129/5135
f 5221/4131/5137 5348/4258/5264 5220/4130/5136
f 5222/4132/5138 5349/4259/5265 5221/4131/5137
f 5223/4133/5139 5350/4260/5266 5222/4132/5138
f 5224/4134/5140 5351/4261/5267 5223/4133/5139
f 5225/4135/5141 5352/4262/5268 5224/4134/5140
f 5226/4136/5142 5353/4263/5269 5225/4135/5141
f 5227/4137/5143 5354/4264/5270 5226/4136/5142
f 5228/4138/5144 5355/4265/5271 5227/4137/5143
f 5229/4139/5145 5356/4266/5272 5228/4138/5144
f 5230/4140/5146 5357/4267/5273 5229/4139/5145
f 5231/4141/5147 5358/4268/5274 5230/4140/5146
f 5232/4142/5148 5359/4269/5275 5231/4141/5147
f 5233/4143/5149 5360/4270/5276 5232/4142/5148
f 5234/4144/5150 5361/4271/5277 5233/4143/5149
f 5235/4145/5151 5362/4272/5278 5234/4144/5150
f 5236/4146/5152 5363/4273/5279 5235/4145/5151
f 5237/4147/5153 5364/4274/5280 5236/4146/5152
f 5238/4148/5154 5365/4275/5281 5237/4147/5153
f 5239/4149/5155 5366/4276/5282 5238/4148/5154
f 5240/4150/5156 5367/4277/5283 5239/4149/5155
f 5241/4151/5157 5368/4278/5284 5240/4150/5156
f 5242/4152/5158 5369/4279/5285 5241/4151/5157
f 5243/4153/5159 5370/4280/5286 5242/4152/5158
f 5244/4154/5160 5371/4281/5287 5243/4153/5159
f 5245/4155/5161 5372/4282/5288 5244/4154/5160
f 5246/4156/5162 5373/4283/5289 5245/4155/5161
f 5247/4157/5163 5374/4284/5290 5246/4156/5162
f 5248/4158/5164 5375/4285/5291 5247/4157/5163
f 5249/4159/5165 5376/4286/5292 5248/4158/5164
f 5250/4161/5166 5377/4287/5293 5249/4159/5165
f 5251/4288/5167 5378/4289/5294 5250/4161/5166
f 5380/4290/5296 5251/4288/5167 5252/4162/5168
f 5381/4291/5297 5252/4162/5168 5253/4163/5169
f 5382/4292/5298 5253/4163/5169 5254/4164/5170
f 5383/4293/5299 5254/4164/5170 5255/4165/5171
f 5384/4294/5300 5255/4165/5171 5256/4166/5172
f 5385/4295/5301 5256/4166/5172 5257/4167/5173
f 5386/4296/5302 5257/4167/5173 5258/4168/5174
f 5387/4297/5303 5258/4168/5174 5259/4169/5175
f 5388/4298/5304 5259/4169/5175 5260/4170/5176
f 5389/4299/5305 5260/4170/5176 5261/4171/5177
f 5390/4300/5306 5261/4171/5177 5262/4172/5178
f 5391/4301/5307 5262/4172/5178 5263/4173/5179
f 5392/4302/5308 5263/4173/5179 5264/4174/5180
f 5393/4303/5309 5264/4174/5180 5265/4175/5181
f 5394/4304/5310 5265/4175/5181 5266/4176/5182
f 5395/4305/5311 5266/4176/5182 5267/4177/5183
f 5396/4306/5312 5267/4177/5183 5268/4178/5184
f 5397/4307/5313 5268/4178/5184 5269/4179/5185
f 5398/4308/5314 5269/4179/5185 5270/4180/5186
f 5399/4309/5315 5270/4180/5186 5271/4181/5187
f 5400/4310/5316 5271/4181/5187 5272/4182/5188
f 5401/4311/5317 5272/4182/5188 5273/4183/5189
f 5402/4312/5318 5273/4183/5189 5274/4184/5190
f 5403/4313/5319 5274/4184/5190 5275/4185/5191
f 5404/4314/5320 5275/4185/5191 5276/4186/5192
f 5405/4315/5321 5276/4186/5192 5277/4187/5193
f 5406/4316/5322 5277/4187/5193 5278/4188/5194
f 5407/4317/5323 5278/4188/5194 5279/4189/5195
f 5408/4318/5324 5279/4189/5195 5280/4190/5196
f 5409/4319/5325 5280/4190/5196 5281/4191/5197
f 5410/4320/5326 5281/4191/5197 5282/4192/5198
f 5411/4321/5327 5282/4192/5198 5283/4193/5199
f 5284/4194/5200 5411/4321/5327 5283/4193/5199
f 5285/4195/5201 5412/4322/5328 5284/4194/5200
f 5286/4196/5202 5413/4323/5329 5285/4195/5201
f 5287/4197/5203 5414/4324/5330 5286/4196/5202
f 5288/4198/5204 5415/4325/5331 5287/4197/5203
f 5289/4199/5205 5416/4326/5332 5288/4198/5204
f 5290/4200/5206 5417/4327/5333 5289/4199/5205
f 5291/4201/5207 5418/4328/5334 5290/4200/5206
f 5292/4202/5208 5419/4329/5335 5291/4201/5207
f 5293/4203/5209 5420/4330/5336 5292/4202/5208
f 5294/4204/5210 5421/4331/5337 5293/4203/5209
f 5295/4205/5211 5422/4332/5338 5294/4204/5210
f 5296/4206/5212 5423/4333/5339 5295/4205/5211
f 5297/4207/5213 5424/4334/5340 5296/4206/5212
f 5298/4208/5214 5425/4335/5341 5297/4207/5213
f 5299/4209/5215 5426/4336/5342 5298/4208/5214
f 5300/4210/5216 5427/4337/5343 5299/4209/5215
f 5301/4211/5217 5428/4338/5344 5300/4210/5216
f 5302/4212/5218 5429/4339/5345 5301/4211/5217
f 5303/4213/5219 5430/4340/5346 5302/4212/5218
f 5304/4214/5220 5431/4341/5347 5303/4213/5219
f 5305/4215/5221 5432/4342/5348 5304/4214/5220
f 5306/4216/5222 5433/4343/5349 5305/4215/5221
f 5307/4217/5223 5434/4344/5350 5306/4216/5222
f 5308/4218/5224 5435/4345/5351 5307/4217/5223
f 5309/4219/5225 5436/4346/5352 5308/4218/5224
f 5310/4220/5226 5437/4347/5353 5309/4219/5225
f 5311/4221/5227 5438/4348/5354 5310/4220/5226
f 5312/4222/5228 5439/4349/5355 5311/4221/5227
f 5313/4223/5229 5440/4350/5356 5312/4222/5228
f 5314/4224/5230 5441/4351/5357 5313/4223/5229
f 5187/4226/5103 5442/4352/5358 5314/4224/5230
f 5444/4353/5360 5315/4354/5231 5316/4225/5232
f 5445/4355/5361 5316/4225/5232 5317/4227/5233
f 5446/4356/5362 5317/4227/5233 5318/4228/5234
f 5447/4357/5363 5318/4228/5234 5319/4229/5235
f 5448/4358/5364 5319/4229/5235 5320/4230/5236
f 5449/4359/5365 5320/4230/5236 5321/4231/5237
f 5450/4360/5366 5321/4231/5237 5322/4232/5238
f 5451/4361/5367 5322/4232/5238 5323/4233/5239
f 5452/4362/5368 5323/4233/5239 5324/4234/5240
f 5453/4363/5369 5324/4234/5240 5325/4235/5241
f 5454/4364/5370 5325/4235/5241 5326/4236/5242
f 5455/4365/5371 5326/4236/5242 5327/4237/5243
f 5456/4366/5372 5327/4237/5243 5328/4238/5244
f 5457/4367/5373 5328/4238/5244 5329/4239/5245
f 5458/4368/5374 5329/4239/5245 5330/4240/5246
f 5459/4369/5375 5330/4240/5246 5331/4241/5247
f 5460/4370/5376 5331/4241/5247 5332/4242/5248
f 5461/4371/5377 5332/4242/5248 5333/4243/5249
f 5462/4372/5378 5333/4243/5249 5334/4244/5250
f 5463/4373/5379 5334/4244/5250 5335/4245/5251
f 5464/4374/5380 5335/4245/5251 5336/4246/5252
f 5465/4375/5381 5336/4246/5252 5337/4247/5253
f 5466/4376/5382 5337/4247/5253 5338/4248/5254
f 5467/4377/5383 5338/4248/5254 5339/4249/5255
f 5468/4378/5384 5339/4249/5255 5340/4250/5256
f 5469/4379/5385 5340/4250/5256 5341/4251/5257
f 5470/4380/5386 5341/4251/5257 5342/4252/5258
f 5471/4381/5387 5342/4252/5258 5343/4253/5259
f 5472/4382/5388 5343/4253/5259 5344/4254/5260
f 5473/4383/5389 5344/4254/5260 5345/4255/5261
f 5474/4384/5390 5345/4255/5261 5346/4256/5262
f 5475/4385/5391 5346/4256/5262 5347/4257/5263
f 5348/4258/5264 5475/4385/5391 5347/4257/5263
f 5349/4259/5265 5476/4386/5392 5348/4258/5264
f 5350/4260/5266 5477/4387/5393 5349/4259/5265
f 5351/4261/5267 5478/4388/5394 5350/4260/5266
f 5352/4262/5268 5479/4389/5395 5351/4261/5267
f 5353/4263/5269 5480/4390/5396 5352/4262/5268
f 5354/4264/5270 5481/4391/5397 5353/4263/5269
f 5355/4265/5271 5482/4392/5398 5354/4264/5270
f 5356/4266/5272 5483/4393/5399 5355/4265/5271
f 5357/4267/5273 5484/4394/5400 5356/4266/5272
f 5358/4268/5274 5485/4395/5401 5357/4267/5273
f 5359/4269/5275 5486/4396/5402 5358/4268/5274
f 5360/4270/5276 5487/4397/5403 5359/4269/5275
f 5361/4271/5277 5488/4398/5404 5360/4270/5276
f 5362/4272/5278 5489/4399/5405 5361/4271/5277
f 5363/4273/5279 5490/4400/5406 5362/4272/5278
f 5364/4274/5280 5491/4401/5407 5363/4273/5279
f 5365/4275/5281 5492/4402/5408 5364/4274/5280
f 5366/4276/5282 5493/4403/5409 5365/4275/5281
f 5367/4277/5283 5494/4404/5410 5366/4276/5282
f 5368/4278/5284 5495/4405/5411 5367/4277/5283
f 5369/4279/5285 5496/4406/5412 5368/4278/5284
f 5370/4280/5286 5497/4407/5413 5369/4279/5285
f 5371/4281/5287 5498/4408/5414 5370/4280/5286
f 5372/4282/5288 5499/4409/5415 5371/4281/5287
f 5373/4283/5289 5500/4410/5416 5372/4282/5288
f 5374/4284/5290 5501/4411/5417 5373/4283/5289
f 5375/4285/5291 5502/4412/5418 5374/4284/5290
f 5376/4286/5292 5503/4413/5419 5375/4285/5291
f 5377/4287/5293 5504/4414/5420 5376/4286/5292
f 5378/4289/5294 5505/4415/5421 5377/4287/5293
f 5379/4416/5295 5506/4417/5422 5378/4289/5294
f 5508/4418/5424 5379/4416/5295 5380/4290/5296
f 5509/4419/5425 5380/4290/5296 5381/4291/5297
f 5510/4420/5426 5381/4291/5297 5382/4292/5298
f 5511/4421/5427 5382/4292/5298 5383/4293/5299
f 5512/4422/5428 5383/4293/5299 5384/4294/5300
f 5513/4423/5429 5384/4294/5300 5385/4295/5301
f 5514/4424/5430 5385/4295/5301 5386/4296/5302
f 5515/4425/5431 5386/4296/5302 5387/4297/5303
f 5516/4426/5432 5387/4297/5303 5388/4298/5304
f 5517/4427/5433 5388/4298/5304 5389/4299/5305
f 5518/4428/5434 5389/4299/5305 5390/4300/5306
f 5519/4429/5435 5390/4300/5306 5391/4301/5307
f 5520/4430/5436 5391/4301/5307 5392/4302/5308
f 5521/4431/5437 5392/4302/5308 5393/4303/5309
f 5522/4432/5438 5393/4303/5309 5394/4304/5310
f 5523/4433/5439 5394/4304/5310 5395/4305/5311
f 5524/4434/5440 5395/4305/5311 5396/4306/5312
f 5525/4435/5441 5396/4306/5312 5397/4307/5313
f 5526/4436/5442 5397/4307/5313 5398/4308/5314
f 5527/4437/5443 5398/4308/5314 5399/4309/5315
f 5528/4438/5444 5399/4309/5315 5400/4310/5316
f 5529/4439/5445 5400/4310/5316 5401/4311/5317
f 5530/4440/5446 5401/4311/5317 5402/4312/5318
f 5531/4441/5447 5402/4312/5318 5403/4313/5319
f 5532/4442/5448 5403/4313/5319 5404/4314/5320
f 5533/4443/5449 5404/4314/5320 5405/4315/5321
f 5534/4444/5450 5405/4315/5321 5406/4316/5322
f 5535/4445/5451 5406/4316/5322 5407/4317/5323
f 5536/4446/5452 5407/4317/5323 5408/4318/5324
f 5537/4447/5453 5408/4318/5324 5409/4319/5325
f 5538/4448/5454 5409/4319/5325 5410/4320/5326
f 5539/4449/5455 5410/4320/5326 5411/4321/5327
f 5412/4322/5328 5539/4449/5455 5411/4321/5327
f 5413/4323/5329 5540/4450/5456 5412/4322/5328
f 5414/4324/5330 5541/4451/5457 5413/4323/5329
f 5415/4325/5331 5542/4452/5458 5414/4324/5330
f 5416/4326/5332 5543/4453/5459 5415/4325/5331
f 5417/4327/5333 5544/4454/5460 5416/4326/5332
f 5418/4328/5334 5545/4455/5461 5417/4327/5333
f 5419/4329/5335 5546/4456/5462 5418/4328/5334
f 5420/4330/5336 5547/4457/5463 5419/4329/5335
f 5421/4331/5337 5548/4458/5464 5420/4330/5336
f 5422/4332/5338 5549/4459/5465 5421/4331/5337
f 5423/4333/5339 5550/4460/5466 5422/4332/5338
f 5424/4334/5340 5551/4461/5467 5423/4333/5339
f 5425/4335/5341 5552/4462/5468 5424/4334/5340
f 5426/4336/5342 5553/4463/5469 5425/4335/5341
f 5427/4337/5343 5554/4464/5470 5426/4336/5342
f 5428/4338/5344 5555/4465/5471 5427/4337/5343
f 5429/4339/5345 5556/4466/5472 5428/4338/5344
f 5430/4340/5346 5557/4467/5473 5429/4339/5345
f 5431/4341/5347 5558/4468/5474 5430/4340/5346
f 5432/4342/5348 5559/4469/5475 5431/4341/5347
f 5433/4343/5349 5560/4470/5476 5432/4342/5348
f 5434/4344/5350 5561/4471/5477 5433/4343/5349
f 5435/4345/5351 5562/4472/5478 5434/4344/5350
f 5436/4346/5352 5563/4473/5479 5435/4345/5351
f 5437/4347/5353 5564/4474/5480 5436/4346/5352
f 5438/4348/5354 5565/4475/5481 5437/4347/5353
f 5439/4349/5355 5566/4476/5482 5438/4348/5354
f 5440/4350/5356 5567/4477/5483 5439/4349/5355
f 5441/4351/5357 5568/4478/5484 5440/4350/5356
f 5442/4352/5358 5569/4479/5485 5441/4351/5357
f 5315/4354/5231 5570/4480/5486 5442/4352/5358
f 5443/4481/5359 3395/4482/3313 3394/4483/3312
f 5444/4484/5360 3396/4485/3314 3395/4482/3313
f 5445/4486/5361 3397/4487/3315 3396/4485/3314
f 5446/4488/5362 3398/4489/3316 3397/4487/3315
f 5447/4490/5363 3399/4491/3317 3398/4489/3316
f 5448/4492/5364 3400/4493/3318 3399/4491/3317
f 5449/4494/5365 3401/4495/3319 3400/4493/3318
f 5450/4496/5366 3402/4497/3320 3401/4495/3319
f 5451/4498/5367 3403/4499/3321 3402/4497/3320
f 5452/4500/5368 3404/4501/3322 3403/4499/3321
f 5453/4502/5369 3405/4503/3323 3404/4501/3322
f 5454/4504/5370 3406/4505/3324 3405/4503/3323
f 5455/4506/5371 3407/4507/3325 3406/4505/3324
f 5456/4508/5372 3408/4509/3326 3407/4507/3325
f 5457/4510/5373 3409/4511/3327 3408/4509/3326
f 5458/4512/5374 3410/4513/3328 3409/4511/3327
f 5459/4514/5375 3411/4515/3329 3410/4516/3328
f 5460/4517/5376 3412/4518/3330 3411/4515/3329
f 5461/4519/5377 3413/4520/3331 3412/4518/3330
f 5462/4521/5378 3414/4522/3332 3413/4520/3331
f 5463/4523/5379 3415/4524/3333 3414/4522/3332
f 5464/4525/5380 3416/4526/3334 3415/4524/3333
f 5465/4527/5381 3417/4528/3335 3416/4526/3334
f 5466/4529/5382 3418/4530/3336 3417/4528/3335
f 5467/4531/5383 3419/4532/3337 3418/4530/3336
f 5468/4533/5384 3420/4534/3338 3419/4532/3337
f 5469/4535/5385 3421/4536/3339 3420/4534/3338
f 5470/4537/5386 3422/4538/3340 3421/4536/3339
f 5471/4539/5387 3423/4540/3341 3422/4538/3340
f 5472/4541/5388 3424/4542/3342 3423/4540/3341
f 5473/4543/5389 3425/4544/3343 3424/4542/3342
f 5474/4545/5390 3426/4546/3344 3425/4544/3343
f 5475/4547/5391 3427/4548/3345 3426/4546/3344
f 5476/4549/5392 3428/4550/3346 3427/4548/3345
f 5477/4551/5393 3429/4552/3347 3428/4550/3346
f 5478/4553/5394 3430/4554/3348 3429/4552/3347
f 5479/4555/5395 3431/4556/3349 3430/4554/3348
f 5480/4557/5396 3432/4558/3350 3431/4556/3349
f 5481/4559/5397 3433/4560/3351 3432/4558/3350
f 5482/4561/5398 3434/4562/3352 3433/4560/3351
f 5483/4563/5399 3435/4564/3353 3434/4562/3352
f 5484/4565/5400 3436/4566/3354 3435/4564/3353
f 5485/4567/5401 3437/4568/3355 3436/4566/3354
f 5486/4569/5402 3438/4570/3356 3437/4568/3355
f 5487/4571/5403 3439/4572/3357 3438/4570/3356
f 5488/4573/5404 3440/4574/3358 3439/4572/3357
f 5489/4575/5405 3441/4576/3359 3440/4574/3358
f 5490/4577/5406 3442/4578/3360 3441/4576/3359
f 5491/4579/5407 3443/4580/3361 3442/4578/3360
f 5492/4581/5408 3444/4582/3362 3443/4583/3361
f 5493/4584/5409 3445/4585/3363 3444/4582/3362
f 5494/4586/5410 3446/4587/3364 3445/4585/3363
f 5495/4588/5411 3447/4589/3365 3446/4587/3364
f 5496/4590/5412 3448/4591/3366 3447/4589/3365
f 5497/4592/5413 3449/4593/3367 3448/4591/3366
f 5498/4594/5414 3450/4595/3368 3449/4593/3367
f 5499/4596/5415 3451/4597/3369 3450/4595/3368
f 5500/4598/5416 3452/4599/3370 3451/4597/3369
f 5501/4600/5417 3453/4601/3371 3452/4599/3370
f 5502/4602/5418 3454/4603/3372 3453/4601/3371
f 5503/4604/5419 3455/4605/3373 3454/4603/3372
f 5504/4606/5420 3456/4607/3374 3455/4605/3373
f 5505/4608/5421 3457/4609/3375 3456/4607/3374
f 5506/4610/5422 3458/4611/3376 3457/4609/3375
f 5507/4612/5423 3459/4613/3377 3458/4611/3376
f 5508/4614/5424 3460/4615/3378 3459/4613/3377
f 5509/4616/5425 3461/4617/3379 3460/4615/3378
f 5510/4618/5426 3462/4619/3380 3461/4617/3379
f 5511/4620/5427 3463/4621/3381 3462/4619/3380
f 5512/4622/5428 3464/4623/3382 3463/4621/3381
f 5513/4624/5429 3465/4625/3383 3464/4623/3382
f 5514/4626/5430 3466/4627/3384 3465/4625/3383
f 5515/4628/5431 3467/4629/3385 3466/4627/3384
f 5516/4630/5432 3468/4631/3386 3467/4629/3385
f 5517/4632/5433 3469/4633/3387 3468/4631/3386
f 5518/4634/5434 3470/4635/3388 3469/4633/3387
f 5519/4636/5435 3471/4637/3389 3470/4635/3388
f 5520/4638/5436 3472/4639/3390 3471/4637/3389
f 5521/4640/5437 3473/4641/3391 3472/4639/3390
f 5522/4642/5438 3474/4643/3392 3473/4641/3391
f 5523/4644/5439 3475/4645/3393 3474/4580/3392
f 5524/4646/5440 3476/4647/3394 3475/4645/3393
f 5525/4648/5441 3477/4649/3395 3476/4647/3394
f 5526/4650/5442 3478/4651/3396 3477/4649/3395
f 5527/4652/5443 3479/4653/3397 3478/4651/3396
f 5528/4654/5444 3480/4655/3398 3479/4653/3397
f 5529/4656/5445 3481/4657/3399 3480/4655/3398
f 5530/4658/5446 3482/4659/3400 3481/4657/3399
f 5531/4660/5447 3483/4661/3401 3482/4659/3400
f 5532/4662/5448 3484/4663/3402 3483/4661/3401
f 5533/4664/5449 3485/4665/3403 3484/4663/3402
f 5534/4666/5450 3486/4667/3404 3485/4665/3403
f 5535/4668/5451 3487/4669/3405 3486/4667/3404
f 5536/4670/5452 3488/4671/3406 3487/4669/3405
f 5537/4672/5453 3489/4673/3407 3488/4671/3406
f 5538/4674/5454 3490/4675/3408 3489/4673/3407
f 5539/4676/5455 3491/4677/3409 3490/4675/3408
f 5540/4678/5456 3492/4679/3410 3491/4677/3409
f 5541/4680/5457 3493/4681/3411 3492/4679/3410
f 5542/4682/5458 3494/4683/3412 3493/4681/3411
f 5543/4684/5459 3495/4685/3413 3494/4683/3412
f 5544/4686/5460 3496/4687/3414 3495/4685/3413
f 5545/4688/5461 3497/4689/3415 3496/4687/3414
f 5546/4690/5462 3498/4691/3416 3497/4689/3415
f 5547/4692/5463 3499/4693/3417 3498/4691/3416
f 5548/4694/5464 3500/4695/3418 3499/4693/3417
f 5549/4696/5465 3501/4697/3419 3500/4695/3418
f 5550/4698/5466 3502/4699/3420 3501/4697/3419
f 5551/4700/5467 3503/4701/3421 3502/4699/3420
f 5552/4702/5468 3504/4703/3422 3503/4701/3421
f 5553/4704/5469 3505/4705/3423 3504/4703/3422
f 5554/4706/5470 3506/4707/3424 3505/4705/3423
f 5555/4708/5471 3507/4516/3425 3506/4707/3424
f 5556/4709/5472 3508/4710/3426 3507/4711/3425
f 5557/4712/5473 3509/4713/3427 3508/4710/3426
f 5558/4714/5474 3510/4715/3428 3509/4713/3427
f 5559/4716/5475 3511/4717/3429 3510/4715/3428
f 5560/4718/5476 3512/4719/3430 3511/4717/3429
f 5561/4720/5477 3513/4721/3431 3512/4719/3430
f 5562/4722/5478 3514/4723/3432 3513/4721/3431
f 5563/4724/5479 3515/4725/3433 3514/4723/3432
f 5564/4726/5480 3516/4727/3434 3515/4725/3433
f 5565/4728/5481 3517/4729/3435 3516/4727/3434
f 5566/4730/5482 3518/4731/3436 3517/4729/3435
f 5567/4732/5483 3519/4733/3437 3518/4731/3436
f 5568/4734/5484 3520/4735/3438 3519/4733/3437
f 5569/4736/5485 3521/4737/3439 3520/4735/3438
f 5570/4738/5486 3394/4483/3312 3521/4737/3439
f 1474/388/1392 1602/642/1520 1603/516/1521
f 1475/389/1393 1603/516/1521 1604/517/1522
f 1476/390/1394 1604/517/1522 1605/518/1523
f 1477/391/1395 1605/518/1523 1606/519/1524
f 1478/392/1396 1606/519/1524 1607/520/1525
f 1479/393/1397 1607/520/1525 1608/521/1526
f 1480/394/1398 1608/521/1526 1609/522/1527
f 1481/395/1399 1609/522/1527 1610/523/1528
f 1482/396/1400 1610/523/1528 1611/524/1529
f 1483/397/1401 1611/524/1529 1612/525/1530
f 1484/398/1402 1612/525/1530 1613/526/1531
f 1485/399/1403 1613/526/1531 1614/527/1532
f 1486/400/1404 1614/527/1532 1615/528/1533
f 1487/401/1405 1615/528/1533 1616/529/1534
f 1488/402/1406 1616/529/1534 1617/530/1535
f 1489/403/1407 1617/530/1535 1618/531/1536
f 1490/404/1408 1618/531/1536 1619/532/1537
f 1491/405/1409 1619/532/1537 1620/533/1538
f 1492/406/1410 1620/533/1538 1621/534/1539
f 1493/407/1411 1621/534/1539 1622/535/1540
f 1494/408/1412 1622/535/1540 1623/536/1541
f 1495/409/1413 1623/536/1541 1624/537/1542
f 1496/410/1414 1624/537/1542 1625/538/1543
f 1497/411/1415 1625/538/1543 1626/539/1544
f 1498/412/1416 1626/539/1544 1627/540/1545
f 1499/413/1417 1627/540/1545 1628/541/1546
f 1500/414/1418 1628/541/1546 1629/542/1547
f 1501/415/1419 1629/542/1547 1630/543/1548
f 1502/416/1420 1630/543/1548 1631/544/1549
f 1503/417/1421 1631/544/1549 1632/545/1550
f 1504/418/1422 1632/545/1550 1633/546/1551
f 1505/419/1423 1633/546/1551 1634/547/1552
f 1634/547/1552 1635/548/1553 1507/421/1425
f 1635/548/1553 1636/549/1554 1508/422/1426
f 1636/549/1554 1637/550/1555 1509/423/1427
f 1637/550/1555 1638/551/1556 1510/424/1428
f 1638/551/1556 1639/552/1557 1511/425/1429
f 1639/552/1557 1640/553/1558 1512/426/1430
f 1640/553/1558 1641/554/1559 1513/427/1431
f 1641/554/1559 1642/555/1560 1514/428/1432
f 1642/555/1560 1643/556/1561 1515/429/1433
f 1643/556/1561 1644/557/1562 1516/430/1434
f 1644/557/1562 1645/558/1563 1517/431/1435
f 1645/558/1563 1646/559/1564 1518/432/1436
f 1646/559/1564 1647/560/1565 1519/433/1437
f 1647/560/1565 1648/561/1566 1520/434/1438
f 1648/561/1566 1649/562/1567 1521/435/1439
f 1649/562/1567 1650/563/1568 1522/436/1440
f 1650/563/1568 1651/564/1569 1523/437/1441
f 1651/564/1569 1652/565/1570 1524/438/1442
f 1652/565/1570 1653/566/1571 1525/439/1443
f 1653/566/1571 1654/567/1572 1526/440/1444
f 1654/567/1572 1655/568/1573 1527/441/1445
f 1655/568/1573 1656/569/1574 1528/442/1446
f 1656/569/1574 1657/570/1575 1529/443/1447
f 1657/570/1575 1658/571/1576 1530/444/1448
f 1658/571/1576 1659/572/1577 1531/445/1449
f 1659/572/1577 1660/573/1578 1532/446/1450
f 1660/573/1578 1661/574/1579 1533/447/1451
f 1661/574/1579 1662/575/1580 1534/448/1452
f 1662/575/1580 1663/576/1581 1535/449/1453
f 1663/576/1581 1664/577/1582 1536/450/1454
f 1664/577/1582 1665/578/1583 1537/451/1455
f 1665/578/1583 1666/706/1584 1538/452/1456
f 1538/452/1456 1666/706/1584 1667/579/1585
f 1539/453/1457 1667/579/1585 1668/580/1586
f 1540/454/1458 1668/580/1586 1669/581/1587
f 1541/455/1459 1669/581/1587 1670/582/1588
f 1542/456/1460 1670/582/1588 1671/583/1589
f 1543/457/1461 1671/583/1589 1672/584/1590
f 1544/458/1462 1672/584/1590 1673/585/1591
f 1545/459/1463 1673/585/1591 1674/586/1592
f 1546/460/1464 1674/586/1592 1675/587/1593
f 1547/461/1465 1675/587/1593 1676/588/1594
f 1548/462/1466 1676/588/1594 1677/589/1595
f 1549/463/1467 1677/589/1595 1678/590/1596
f 1550/464/1468 1678/590/1596 1679/591/1597
f 1551/465/1469 1679/591/1597 1680/592/1598
f 1552/466/1470 1680/592/1598 1681/593/1599
f 1553/467/1471 1681/593/1599 1682/594/1600
f 1554/468/1472 1682/594/1600 1683/595/1601
f 1555/469/1473 1683/595/1601 1684/596/1602
f 1556/470/1474 1684/596/1602 1685/597/1603
f 1557/471/1475 1685/597/1603 1686/598/1604
f 1558/472/1476 1686/598/1604 1687/599/1605
f 1559/473/1477 1687/599/1605 1688/600/1606
f 1560/474/1478 1688/600/1606 1689/601/1607
f 1561/475/1479 1689/601/1607 1690/602/1608
f 1562/476/1480 1690/602/1608 1691/603/1609
f 1563/477/1481 1691/603/1609 1692/604/1610
f 1564/478/1482 1692/604/1610 1693/605/1611
f 1565/479/1483 1693/605/1611 1694/606/1612
f 1566/480/1484 1694/606/1612 1695/607/1613
f 1567/481/1485 1695/607/1613 1696/608/1614
f 1568/482/1486 1696/608/1614 1697/609/1615
f 1569/483/1487 1697/609/1615 1698/610/1616
f 1698/610/1616 1699/611/1617 1571/485/1489
f 1699/611/1617 1700/612/1618 1572/486/1490
f 1700/612/1618 1701/613/1619 1573/487/1491
f 1701/613/1619 1702/614/1620 1574/488/1492
f 1702/614/1620 1703/615/1621 1575/489/1493
f 1703/615/1621 1704/616/1622 1576/490/1494
f 1704/616/1622 1705/617/1623 1577/491/1495
f 1705/617/1623 1706/618/1624 1578/492/1496
f 1706/618/1624 1707/619/1625 1579/493/1497
f 1707/619/1625 1708/620/1626 1580/494/1498
f 1708/620/1626 1709/621/1627 1581/495/1499
f 1709/621/1627 1710/622/1628 1582/496/1500
f 1710/622/1628 1711/623/1629 1583/497/1501
f 1711/623/1629 1712/624/1630 1584/498/1502
f 1712/624/1630 1713/625/1631 1585/499/1503
f 1713/625/1631 1714/626/1632 1586/500/1504
f 1714/626/1632 1715/627/1633 1587/501/1505
f 1715/627/1633 1716/628/1634 1588/502/1506
f 1716/628/1634 1717/629/1635 1589/503/1507
f 1717/629/1635 1718/630/1636 1590/504/1508
f 1718/630/1636 1719/631/1637 1591/505/1509
f 1719/631/1637 1720/632/1638 1592/506/1510
f 1720/632/1638 1721/633/1639 1593/507/1511
f 1721/633/1639 1722/634/1640 1594/508/1512
f 1722/634/1640 1723/635/1641 1595/509/1513
f 1723/635/1641 1724/636/1642 1596/510/1514
f 1724/636/1642 1725/637/1643 1597/511/1515
f 1725/637/1643 1726/638/1644 1598/512/1516
f 1726/638/1644 1727/639/1645 1599/513/1517
f 1727/639/1645 1728/640/1646 1600/514/1518
f 1728/640/1646 1729/641/1647 1601/515/1519
f 1729/641/1647 1602/642/1520 1474/388/1392
f 1602/642/1520 1730/770/1648 1731/643/1649
f 1603/516/1521 1731/643/1649 1732/644/1650
f 1604/517/1522 1732/644/1650 1733/645/1651
f 1605/518/1523 1733/645/1651 1734/646/1652
f 1606/519/1524 1734/646/1652 1735/647/1653
f 1607/520/1525 1735/647/1653 1736/648/1654
f 1608/521/1526 1736/648/1654 1737/649/1655
f 1609/522/1527 1737/649/1655 1738/650/1656
f 1610/523/1528 1738/650/1656 1739/651/1657
f 1611/524/1529 1739/651/1657 1740/652/1658
f 1612/525/1530 1740/652/1658 1741/653/1659
f 1613/526/1531 1741/653/1659 1742/654/1660
f 1614/527/1532 1742/654/1660 1743/655/1661
f 1615/528/1533 1743/655/1661 1744/656/1662
f 1616/529/1534 1744/656/1662 1745/657/1663
f 1617/530/1535 1745/657/1663 1746/658/1664
f 1618/531/1536 1746/658/1664 1747/659/1665
f 1619/532/1537 1747/659/1665 1748/660/1666
f 1620/533/1538 1748/660/1666 1749/661/1667
f 1621/534/1539 1749/661/1667 1750/662/1668
f 1622/535/1540 1750/662/1668 1751/663/1669
f 1623/536/1541 1751/663/1669 1752/664/1670
f 1624/537/1542 1752/664/1670 1753/665/1671
f 1625/538/1543 1753/665/1671 1754/666/1672
f 1626/539/1544 1754/666/1672 1755/667/1673
f 1627/540/1545 1755/667/1673 1756/668/1674
f 1628/541/1546 1756/668/1674 1757/669/1675
f 1629/542/1547 1757/669/1675 1758/670/1676
f 1630/543/1548 1758/670/1676 1759/671/1677
f 1631/544/1549 1759/671/1677 1760/672/1678
f 1632/545/1550 1760/672/1678 1761/673/1679
f 1633/546/1551 1761/673/1679 1762/674/1680
f 1762/674/1680 1763/675/1681 1635/548/1553
f 1763/675/1681 1764/676/1682 1636/549/1554
f 1764/676/1682 1765/677/1683 1637/550/1555
f 1765/677/1683 1766/678/1684 1638/551/1556
f 1766/678/1684 1767/679/1685 1639/552/1557
f 1767/679/1685 1768/680/1686 1640/553/1558
f 1768/680/1686 1769/681/1687 1641/554/1559
f 1769/681/1687 1770/682/1688 1642/555/1560
f 1770/682/1688 1771/683/1689 1643/556/1561
f 1771/683/1689 1772/684/1690 1644/557/1562
f 1772/684/1690 1773/685/1691 1645/558/1563
f 1773/685/1691 1774/686/1692 1646/559/1564
f 1774/686/1692 1775/687/1693 1647/560/1565
f 1775/687/1693 1776/688/1694 1648/561/1566
f 1776/688/1694 1777/689/1695 1649/562/1567
f 1777/689/1695 1778/690/1696 1650/563/1568
f 1778/690/1696 1779/691/1697 1651/564/1569
f 1779/691/1697 1780/692/1698 1652/565/1570
f 1780/692/1698 1781/693/1699 1653/566/1571
f 1781/693/1699 1782/694/1700 1654/567/1572
f 1782/694/1700 1783/695/1701 1655/568/1573
f 1783/695/1701 1784/696/1702 1656/569/1574
f 1784/696/1702 1785/697/1703 1657/570/1575
f 1785/697/1703 1786/698/1704 1658/571/1576
f 1786/698/1704 1787/699/1705 1659/572/1577
f 1787/699/1705 1788/700/1706 1660/573/1578
f 1788/700/1706 1789/701/1707 1661/574/1579
f 1789/701/1707 1790/702/1708 1662/575/1580
f 1790/702/1708 1791/703/1709 1663/576/1581
f 1791/703/1709 1792/704/1710 1664/577/1582
f 1792/704/1710 1793/705/1711 1665/578/1583
f 1793/705/1711 1794/834/1712 1666/706/1584
f 1666/706/1584 1794/834/1712 1795/707/1713
f 1667/579/1585 1795/707/1713 1796/708/1714
f 1668/580/1586 1796/708/1714 1797/709/1715
f 1669/581/1587 1797/709/1715 1798/710/1716
f 1670/582/1588 1798/710/1716 1799/711/1717
f 1671/583/1589 1799/711/1717 1800/712/1718
f 1672/584/1590 1800/712/1718 1801/713/1719
f 1673/585/1591 1801/713/1719 1802/714/1720
f 1674/586/1592 1802/714/1720 1803/715/1721
f 1675/587/1593 1803/715/1721 1804/716/1722
f 1676/588/1594 1804/716/1722 1805/717/1723
f 1677/589/1595 1805/717/1723 1806/718/1724
f 1678/590/1596 1806/718/1724 1807/719/1725
f 1679/591/1597 1807/719/1725 1808/720/1726
f 1680/592/1598 1808/720/1726 1809/721/1727
f 1681/593/1599 1809/721/1727 1810/722/1728
f 1682/594/1600 1810/722/1728 1811/723/1729
f 1683/595/1601 1811/723/1729 1812/724/1730
f 1684/596/1602 1812/724/1730 1813/725/1731
f 1685/597/1603 1813/725/1731 1814/726/1732
f 1686/598/1604 1814/726/1732 1815/727/1733
f 1687/599/1605 1815/727/1733 1816/728/1734
f 1688/600/1606 1816/728/1734 1817/729/1735
f 1689/601/1607 1817/729/1735 1818/730/1736
f 1690/602/1608 1818/730/1736 1819/731/1737
f 1691/603/1609 1819/731/1737 1820/732/1738
f 1692/604/1610 1820/732/1738 1821/733/1739
f 1693/605/1611 1821/733/1739 1822/734/1740
f 1694/606/1612 1822/734/1740 1823/735/1741
f 1695/607/1613 1823/735/1741 1824/736/1742
f 1696/608/1614 1824/736/1742 1825/737/1743
f 1697/609/1615 1825/737/1743 1826/738/1744
f 1826/738/1744 1827/739/1745 1699/611/1617
f 1827/739/1745 1828/740/1746 1700/612/1618
f 1828/740/1746 1829/741/1747 1701/613/1619
f 1829/741/1747 1830/742/1748 1702/614/1620
f 1830/742/1748 1831/743/1749 1703/615/1621
f 1831/743/1749 1832/744/1750 1704/616/1622
f 1832/744/1750 1833/745/1751 1705/617/1623
f 1833/745/1751 1834/746/1752 1706/618/1624
f 1834/746/1752 1835/747/1753 1707/619/1625
f 1835/747/1753 1836/748/1754 1708/620/1626
f 1836/748/1754 1837/749/1755 1709/621/1627
f 1837/749/1755 1838/750/1756 1710/622/1628
f 1838/750/1756 1839/751/1757 1711/623/1629
f 1839/751/1757 1840/752/1758 1712/624/1630
f 1840/752/1758 1841/753/1759 1713/625/1631
f 1841/753/1759 1842/754/1760 1714/626/1632
f 1842/754/1760 1843/755/1761 1715/627/1633
f 1843/755/1761 1844/756/1762 1716/628/1634
f 1844/756/1762 1845/757/1763 1717/629/1635
f 1845/757/1763 1846/758/1764 1718/630/1636
f 1846/758/1764 1847/759/1765 1719/631/1637
f 1847/759/1765 1848/760/1766 1720/632/1638
f 1848/760/1766 1849/761/1767 1721/633/1639
f 1849/761/1767 1850/762/1768 1722/634/1640
f 1850/762/1768 1851/763/1769 1723/635/1641
f 1851/763/1769 1852/764/1770 1724/636/1642
f 1852/764/1770 1853/765/1771 1725/637/1643
f 1853/765/1771 1854/766/1772 1726/638/1644
f 1854/766/1772 1855/767/1773 1727/639/1645
f 1855/767/1773 1856/768/1774 1728/640/1646
f 1856/768/1774 1857/769/1775 1729/641/1647
f 1857/769/1775 1730/770/1648 1602/642/1520
f 1730/770/1648 1858/898/1776 1859/771/1777
f 1731/643/1649 1859/771/1777 1860/772/1778
f 1732/644/1650 1860/772/1778 1861/773/1779
f 1733/645/1651 1861/773/1779 1862/774/1780
f 1734/646/1652 1862/774/1780 1863/775/1781
f 1735/647/1653 1863/775/1781 1864/776/1782
f 1736/648/1654 1864/776/1782 1865/777/1783
f 1737/649/1655 1865/777/1783 1866/778/1784
f 1738/650/1656 1866/778/1784 1867/779/1785
f 1739/651/1657 1867/779/1785 1868/780/1786
f 1740/652/1658 1868/780/1786 1869/781/1787
f 1741/653/1659 1869/781/1787 1870/782/1788
f 1742/654/1660 1870/782/1788 1871/783/1789
f 1743/655/1661 1871/783/1789 1872/784/1790
f 1744/656/1662 1872/784/1790 1873/785/1791
f 1745/657/1663 1873/785/1791 1874/786/1792
f 1746/658/1664 1874/786/1792 1875/787/1793
f 1747/659/1665 1875/787/1793 1876/788/1794
f 1748/660/1666 1876/788/1794 1877/789/1795
f 1749/661/1667 1877/789/1795 1878/790/1796
f 1750/662/1668 1878/790/1796 1879/791/1797
f 1751/663/1669 1879/791/1797 1880/792/1798
f 1752/664/1670 1880/792/1798 1881/793/1799
f 1753/665/1671 1881/793/1799 1882/794/1800
f 1754/666/1672 1882/794/1800 1883/795/1801
f 1755/667/1673 1883/795/1801 1884/796/1802
f 1756/668/1674 1884/796/1802 1885/797/1803
f 1757/669/1675 1885/797/1803 1886/798/1804
f 1758/670/1676 1886/798/1804 1887/799/1805
f 1759/671/1677 1887/799/1805 1888/800/1806
f 1760/672/1678 1888/800/1806 1889/801/1807
f 1761/673/1679 1889/801/1807 1890/802/1808
f 1890/802/1808 1891/803/1809 1763/675/1681
f 1891/803/1809 1892/804/1810 1764/676/1682
f 1892/804/1810 1893/805/1811 1765/677/1683
f 1893/805/1811 1894/806/1812 1766/678/1684
f 1894/806/1812 1895/807/1813 1767/679/1685
f 1895/807/1813 1896/808/1814 1768/680/1686
f 1896/808/1814 1897/809/1815 1769/681/1687
f 1897/809/1815 1898/810/1816 1770/682/1688
f 1898/810/1816 1899/811/1817 1771/683/1689
f 1899/811/1817 1900/812/1818 1772/684/1690
f 1900/812/1818 1901/813/1819 1773/685/1691
f 1901/813/1819 1902/814/1820 1774/686/1692
f 1902/814/1820 1903/815/1821 1775/687/1693
f 1903/815/1821 1904/816/1822 1776/688/1694
f 1904/816/1822 1905/817/1823 1777/689/1695
f 1905/817/1823 1906/818/1824 1778/690/1696
f 1906/818/1824 1907/819/1825 1779/691/1697
f 1907/819/1825 1908/820/1826 1780/692/1698
f 1908/820/1826 1909/821/1827 1781/693/1699
f 1909/821/1827 1910/822/1828 1782/694/1700
f 1910/822/1828 1911/823/1829 1783/695/1701
f 1911/823/1829 1912/824/1830 1784/696/1702
f 1912/824/1830 1913/825/1831 1785/697/1703
f 1913/825/1831 1914/826/1832 1786/698/1704
f 1914/826/1832 1915/827/1833 1787/699/1705
f 1915/827/1833 1916/828/1834 1788/700/1706
f 1916/828/1834 1917/829/1835 1789/701/1707
f 1917/829/1835 1918/830/1836 1790/702/1708
f 1918/830/1836 1919/831/1837 1791/703/1709
f 1919/831/1837 1920/832/1838 1792/704/1710
f 1920/832/1838 1921/833/1839 1793/705/1711
f 1921/833/1839 1922/962/1840 1794/834/1712
f 1794/834/1712 1922/962/1840 1923/835/1841
f 1795/707/1713 1923/835/1841 1924/836/1842
f 1796/708/1714 1924/836/1842 1925/837/1843
f 1797/709/1715 1925/837/1843 1926/838/1844
f 1798/710/1716 1926/838/1844 1927/839/1845
f 1799/711/1717 1927/839/1845 1928/840/1846
f 1800/712/1718 1928/840/1846 1929/841/1847
f 1801/713/1719 1929/841/1847 1930/842/1848
f 1802/714/1720 1930/842/1848 1931/843/1849
f 1803/715/1721 1931/843/1849 1932/844/1850
f 1804/716/1722 1932/844/1850 1933/845/1851
f 1805/717/1723 1933/845/1851 1934/846/1852
f 1806/718/1724 1934/846/1852 1935/847/1853
f 1807/719/1725 1935/847/1853 1936/848/1854
f 1808/720/1726 1936/848/1854 1937/849/1855
f 1809/721/1727 1937/849/1855 1938/850/1856
f 1810/722/1728 1938/850/1856 1939/851/1857
f 1811/723/1729 1939/851/1857 1940/852/1858
f 1812/724/1730 1940/852/1858 1941/853/1859
f 1813/725/1731 1941/853/1859 1942/854/1860
f 1814/726/1732 1942/854/1860 1943/855/1861
f 1815/727/1733 1943/855/1861 1944/856/1862
f 1816/728/1734 1944/856/1862 1945/857/1863
f 1817/729/1735 1945/857/1863 1946/858/1864
f 1818/730/1736 1946/858/1864 1947/859/1865
f 1819/731/1737 1947/859/1865 1948/860/1866
f 1820/732/1738 1948/860/1866 1949/861/1867
f 1821/733/1739 1949/861/1867 1950/862/1868
f 1822/734/1740 1950/862/1868 1951/863/1869
f 1823/735/1741 1951/863/1869 1952/864/1870
f 1824/736/1742 1952/864/1870 1953/865/1871
f 1825/737/1743 1953/865/1871 1954/866/1872
f 1954/866/1872 1955/867/1873 1827/739/1745
f 1955/867/1873 1956/868/1874 1828/740/1746
f 1956/868/1874 1957/869/1875 1829/741/1747
f 1957/869/1875 1958/870/1876 1830/742/1748
f 1958/870/1876 1959/871/1877 1831/743/1749
f 1959/871/1877 1960/872/1878 1832/744/1750
f 1960/872/1878 1961/873/1879 1833/745/1751
f 1961/873/1879 1962/874/1880 1834/746/1752
f 1962/874/1880 1963/875/1881 1835/747/1753
f 1963/875/1881 1964/876/1882 1836/748/1754
f 1964/876/1882 1965/877/1883 1837/749/1755
f 1965/877/1883 1966/878/1884 1838/750/1756
f 1966/878/1884 1967/879/1885 1839/751/1757
f 1967/879/1885 1968/880/1886 1840/752/1758
f 1968/880/1886 1969/881/1887 1841/753/1759
f 1969/881/1887 1970/882/1888 1842/754/1760
f 1970/882/1888 1971/883/1889 1843/755/1761
f 1971/883/1889 1972/884/1890 1844/756/1762
f 1972/884/1890 1973/885/1891 1845/757/1763
f 1973/885/1891 1974/886/1892 1846/758/1764
f 1974/886/1892 1975/887/1893 1847/759/1765
f 1975/887/1893 1976/888/1894 1848/760/1766
f 1976/888/1894 1977/889/1895 1849/761/1767
f 1977/889/1895 1978/890/1896 1850/762/1768
f 1978/890/1896 1979/891/1897 1851/763/1769
f 1979/891/1897 1980/892/1898 1852/764/1770
f 1980/892/1898 1981/893/1899 1853/765/1771
f 1981/893/1899 1982/894/1900 1854/766/1772
f 1982/894/1900 1983/895/1901 1855/767/1773
f 1983/895/1901 1984/896/1902 1856/768/1774
f 1984/896/1902 1985/897/1903 1857/769/1775
f 1985/897/1903 1858/898/1776 1730/770/1648
f 1858/898/1776 1986/1026/1904 1987/899/1905
f 1859/771/1777 1987/899/1905 1988/900/1906
f 1860/772/1778 1988/900/1906 1989/901/1907
f 1861/773/1779 1989/901/1907 1990/902/1908
f 1862/774/1780 1990/902/1908 1991/903/1909
f 1863/775/1781 1991/903/1909 1992/904/1910
f 1864/776/1782 1992/904/1910 1993/905/1911
f 1865/777/1783 1993/905/1911 1994/906/1912
f 1866/778/1784 1994/906/1912 1995/907/1913
f 1867/779/1785 1995/907/1913 1996/908/1914
f 1868/780/1786 1996/908/1914 1997/909/1915
f 1869/781/1787 1997/909/1915 1998/910/1916
f 1870/782/1788 1998/910/1916 1999/911/1917
f 1871/783/1789 1999/911/1917 2000/912/1918
f 1872/784/1790 2000/912/1918 2001/913/1919
f 1873/785/1791 2001/913/1919 2002/914/1920
f 1874/786/1792 2002/914/1920 2003/915/1921
f 1875/787/1793 2003/915/1921 2004/916/1922
f 1876/788/1794 2004/916/1922 2005/917/1923
f 1877/789/1795 2005/917/1923 2006/918/1924
f 1878/790/1796 2006/918/1924 2007/919/1925
f 1879/791/1797 2007/919/1925 2008/920/1926
f 1880/792/1798 2008/920/1926 2009/921/1927
f 1881/793/1799 2009/921/1927 2010/922/1928
f 1882/794/1800 2010/922/1928 2011/923/1929
f 1883/795/1801 2011/923/1929 2012/924/1930
f 1884/796/1802 2012/924/1930 2013/925/1931
f 1885/797/1803 2013/925/1931 2014/926/1932
f 1886/798/1804 2014/926/1932 2015/927/1933
f 1887/799/1805 2015/927/1933 2016/928/1934
f 1888/800/1806 2016/928/1934 2017/929/1935
f 1889/801/1807 2017/929/1935 2018/930/1936
f 2018/930/1936 2019/931/1937 1891/803/1809
f 2019/931/1937 2020/932/1938 1892/804/1810
f 2020/932/1938 2021/933/1939 1893/805/1811
f 2021/933/1939 2022/934/1940 1894/806/1812
f 2022/934/1940 2023/935/1941 1895/807/1813
f 2023/935/1941 2024/936/1942 1896/808/1814
f 2024/936/1942 2025/937/1943 1897/809/1815
f 2025/937/1943 2026/938/1944 1898/810/1816
f 2026/938/1944 2027/939/1945 1899/811/1817
f 2027/939/1945 2028/940/1946 1900/812/1818
f 2028/940/1946 2029/941/1947 1901/813/1819
f 2029/941/1947 2030/942/1948 1902/814/1820
f 2030/942/1948 2031/943/1949 1903/815/1821
f 2031/943/1949 2032/944/1950 1904/816/1822
f 2032/944/1950 2033/945/1951 1905/817/1823
f 2033/945/1951 2034/946/1952 1906/818/1824
f 2034/946/1952 2035/947/1953 1907/819/1825
f 2035/947/1953 2036/948/1954 1908/820/1826
f 2036/948/1954 2037/949/1955 1909/821/1827
f 2037/949/1955 2038/950/1956 1910/822/1828
f 2038/950/1956 2039/951/1957 1911/823/1829
f 2039/951/1957 2040/952/1958 1912/824/1830
f 2040/952/1958 2041/953/1959 1913/825/1831
f 2041/953/1959 2042/954/1960 1914/826/1832
f 2042/954/1960 2043/955/1961 1915/827/1833
f 2043/955/1961 2044/956/1962 1916/828/1834
f 2044/956/1962 2045/957/1963 1917/829/1835
f 2045/957/1963 2046/958/1964 1918/830/1836
f 2046/958/1964 2047/959/1965 1919/831/1837
f 2047/959/1965 2048/960/1966 1920/832/1838
f 2048/960/1966 2049/961/1967 1921/833/1839
f 2049/961/1967 2050/1090/1968 1922/962/1840
f 1922/962/1840 2050/1090/1968 2051/963/1969
f 1923/835/1841 2051/963/1969 2052/964/1970
f 1924/836/1842 2052/964/1970 2053/965/1971
f 1925/837/1843 2053/965/1971 2054/966/1972
f 1926/838/1844 2054/966/1972 2055/967/1973
f 1927/839/1845 2055/967/1973 2056/968/1974
f 1928/840/1846 2056/968/1974 2057/969/1975
f 1929/841/1847 2057/969/1975 2058/970/1976
f 1930/842/1848 2058/970/1976 2059/971/1977
f 1931/843/1849 2059/971/1977 2060/972/1978
f 1932/844/1850 2060/972/1978 2061/973/1979
f 1933/845/1851 2061/973/1979 2062/974/1980
f 1934/846/1852 2062/974/1980 2063/975/1981
f 1935/847/1853 2063/975/1981 2064/976/1982
f 1936/848/1854 2064/976/1982 2065/977/1983
f 1937/849/1855 2065/977/1983 2066/978/1984
f 1938/850/1856 2066/978/1984 2067/979/1985
f 1939/851/1857 2067/979/1985 2068/980/1986
f 1940/852/1858 2068/980/1986 2069/981/1987
f 1941/853/1859 2069/981/1987 2070/982/1988
f 1942/854/1860 2070/982/1988 2071/983/1989
f 1943/855/1861 2071/983/1989 2072/984/1990
f 1944/856/1862 2072/984/1990 2073/985/1991
f 1945/857/1863 2073/985/1991 2074/986/1992
f 1946/858/1864 2074/986/1992 2075/987/1993
f 1947/859/1865 2075/987/1993 2076/988/1994
f 1948/860/1866 2076/988/1994 2077/989/1995
f 1949/861/1867 2077/989/1995 2078/990/1996
f 1950/862/1868 2078/990/1996 2079/991/1997
f 1951/863/1869 2079/991/1997 2080/992/1998
f 1952/864/1870 2080/992/1998 2081/993/1999
f 1953/865/1871 2081/993/1999 2082/994/2000
f 2082/994/2000 2083/995/2001 1955/867/1873
f 2083/995/2001 2084/996/2002 1956/868/1874
f 2084/996/2002 2085/997/2003 1957/869/1875
f 2085/997/2003 2086/998/2004 1958/870/1876
f 2086/998/2004 2087/999/2005 1959/871/1877
f 2087/999/2005 2088/1000/2006 1960/872/1878
f 2088/1000/2006 2089/1001/2007 1961/873/1879
f 2089/1001/2007 2090/1002/2008 1962/874/1880
f 2090/1002/2008 2091/1003/2009 1963/875/1881
f 2091/1003/2009 2092/1004/2010 1964/876/1882
f 2092/1004/2010 2093/1005/2011 1965/877/1883
f 2093/1005/2011 2094/1006/2012 1966/878/1884
f 2094/1006/2012 2095/1007/2013 1967/879/1885
f 2095/1007/2013 2096/1008/2014 1968/880/1886
f 2096/1008/2014 2097/1009/2015 1969/881/1887
f 2097/1009/2015 2098/1010/2016 1970/882/1888
f 2098/1010/2016 2099/1011/2017 1971/883/1889
f 2099/1011/2017 2100/1012/2018 1972/884/1890
f 2100/1012/2018 2101/1013/2019 1973/885/1891
f 2101/1013/2019 2102/1014/2020 1974/886/1892
f 2102/1014/2020 2103/1015/2021 1975/887/1893
f 2103/1015/2021 2104/1016/2022 1976/888/1894
f 2104/1016/2022 2105/1017/2023 1977/889/1895
f 2105/1017/2023 2106/1018/2024 1978/890/1896
f 2106/1018/2024 2107/1019/2025 1979/891/1897
f 2107/1019/2025 2108/1020/2026 1980/892/1898
f 2108/1020/2026 2109/1021/2027 1981/893/1899
f 2109/1021/2027 2110/1022/2028 1982/894/1900
f 2110/1022/2028 2111/1023/2029 1983/895/1901
f 2111/1023/2029 2112/1024/2030 1984/896/1902
f 2112/1024/2030 2113/1025/2031 1985/897/1903
f 2113/1025/2031 1986/1026/1904 1858/898/1776
f 1986/1026/1904 2114/1154/2032 2115/1027/2033
f 1987/899/1905 2115/1027/2033 2116/1028/2034
f 1988/900/1906 2116/1028/2034 2117/1029/2035
f 1989/901/1907 2117/1029/2035 2118/1030/2036
f 1990/902/1908 2118/1030/2036 2119/1031/2037
f 1991/903/1909 2119/1031/2037 2120/1032/2038
f 1992/904/1910 2120/1032/2038 2121/1033/2039
f 1993/905/1911 2121/1033/2039 2122/1034/2040
f 1994/906/1912 2122/1034/2040 2123/1035/2041
f 1995/907/1913 2123/1035/2041 2124/1036/2042
f 1996/908/1914 2124/1036/2042 2125/1037/2043
f 1997/909/1915 2125/1037/2043 2126/1038/2044
f 1998/910/1916 2126/1038/2044 2127/1039/2045
f 1999/911/1917 2127/1039/2045 2128/1040/2046
f 2000/912/1918 2128/1040/2046 2129/1041/2047
f 2001/913/1919 2129/1041/2047 2130/1042/2048
f 2002/914/1920 2130/1042/2048 2131/1043/2049
f 2003/915/1921 2131/1043/2049 2132/1044/2050
f 2004/916/1922 2132/1044/2050 2133/1045/2051
f 2005/917/1923 2133/1045/2051 2134/1046/2052
f 2006/918/1924 2134/1046/2052 2135/1047/2053
f 2007/919/1925 2135/1047/2053 2136/1048/2054
f 2008/920/1926 2136/1048/2054 2137/1049/2055
f 2009/921/1927 2137/1049/2055 2138/1050/2056
f 2010/922/1928 2138/1050/2056 2139/1051/2057
f 2011/923/1929 2139/1051/2057 2140/1052/2058
f 2012/924/1930 2140/1052/2058 2141/1053/2059
f 2013/925/1931 2141/1053/2059 2142/1054/2060
f 2014/926/1932 2142/1054/2060 2143/1055/2061
f 2015/927/1933 2143/1055/2061 2144/1056/2062
f 2016/928/1934 2144/1056/2062 2145/1057/2063
f 2017/929/1935 2145/1057/2063 2146/1058/2064
f 2146/1058/2064 2147/1059/2065 2019/931/1937
f 2147/1059/2065 2148/1060/2066 2020/932/1938
f 2148/1060/2066 2149/1061/2067 2021/933/1939
f 2149/1061/2067 2150/1062/2068 2022/934/1940
f 2150/1062/2068 2151/1063/2069 2023/935/1941
f 2151/1063/2069 2152/1064/2070 2024/936/1942
f 2152/1064/2070 2153/1065/2071 2025/937/1943
f 2153/1065/2071 2154/1066/2072 2026/938/1944
f 2154/1066/2072 2155/1067/2073 2027/939/1945
f 2155/1067/2073 2156/1068/2074 2028/940/1946
f 2156/1068/2074 2157/1069/2075 2029/941/1947
f 2157/1069/2075 2158/1070/2076 2030/942/1948
f 2158/1070/2076 2159/1071/2077 2031/943/1949
f 2159/1071/2077 2160/1072/2078 2032/944/1950
f 2160/1072/2078 2161/1073/2079 2033/945/1951
f 2161/1073/2079 2162/1074/2080 2034/946/1952
f 2162/1074/2080 2163/1075/2081 2035/947/1953
f 2163/1075/2081 2164/1076/2082 2036/948/1954
f 2164/1076/2082 2165/1077/2083 2037/949/1955
f 2165/1077/2083 2166/1078/2084 2038/950/1956
f 2166/1078/2084 2167/1079/2085 2039/951/1957
f 2167/1079/2085 2168/1080/2086 2040/952/1958
f 2168/1080/2086 2169/1081/2087 2041/953/1959
f 2169/1081/2087 2170/1082/2088 2042/954/1960
f 2170/1082/2088 2171/1083/2089 2043/955/1961
f 2171/1083/2089 2172/1084/2090 2044/956/1962
f 2172/1084/2090 2173/1085/2091 2045/957/1963
f 2173/1085/2091 2174/1086/2092 2046/958/1964
f 2174/1086/2092 2175/1087/2093 2047/959/1965
f 2175/1087/2093 2176/1088/2094 2048/960/1966
f 2176/1088/2094 2177/1089/2095 2049/961/1967
f 2177/1089/2095 2178/1218/2096 2050/1090/1968
f 2050/1090/1968 2178/1218/2096 2179/1091/2097
f 2051/963/1969 2179/1091/2097 2180/1092/2098
f 2052/964/1970 2180/1092/2098 2181/1093/2099
f 2053/965/1971 2181/1093/2099 2182/1094/2100
f 2054/966/1972 2182/1094/2100 2183/1095/2101
f 2055/967/1973 2183/1095/2101 2184/1096/2102
f 2056/968/1974 2184/1096/2102 2185/1097/2103
f 2057/969/1975 2185/1097/2103 2186/1098/2104
f 2058/970/1976 2186/1098/2104 2187/1099/2105
f 2059/971/1977 2187/1099/2105 2188/1100/2106
f 2060/972/1978 2188/1100/2106 2189/1101/2107
f 2061/973/1979 2189/1101/2107 2190/1102/2108
f 2062/974/1980 2190/1102/2108 2191/1103/2109
f 2063/975/1981 2191/1103/2109 2192/1104/2110
f 2064/976/1982 2192/1104/2110 2193/1105/2111
f 2065/977/1983 2193/1105/2111 2194/1106/2112
f 2066/978/1984 2194/1106/2112 2195/1107/2113
f 2067/979/1985 2195/1107/2113 2196/1108/2114
f 2068/980/1986 2196/1108/2114 2197/1109/2115
f 2069/981/1987 2197/1109/2115 2198/1110/2116
f 2070/982/1988 2198/1110/2116 2199/1111/2117
f 2071/983/1989 2199/1111/2117 2200/1112/2118
f 2072/984/1990 2200/1112/2118 2201/1113/2119
f 2073/985/1991 2201/1113/2119 2202/1114/2120
f 2074/986/1992 2202/1114/2120 2203/1115/2121
f 2075/987/1993 2203/1115/2121 2204/1116/2122
f 2076/988/1994 2204/1116/2122 2205/1117/2123
f 2077/989/1995 2205/1117/2123 2206/1118/2124
f 2078/990/1996 2206/1118/2124 2207/1119/2125
f 2079/991/1997 2207/1119/2125 2208/1120/2126
f 2080/992/1998 2208/1120/2126 2209/1121/2127
f 2081/993/1999 2209/1121/2127 2210/1122/2128
f 2210/1122/2128 2211/1123/2129 2083/995/2001
f 2211/1123/2129 2212/1124/2130 2084/996/2002
f 2212/1124/2130 2213/1125/2131 2085/997/2003
f 2213/1125/2131 2214/1126/2132 2086/998/2004
f 2214/1126/2132 2215/1127/2133 2087/999/2005
f 2215/1127/2133 2216/1128/2134 2088/1000/2006
f 2216/1128/2134 2217/1129/2135 2089/1001/2007
f 2217/1129/2135 2218/1130/2136 2090/1002/2008
f 2218/1130/2136 2219/1131/2137 2091/1003/2009
f 2219/1131/2137 2220/1132/2138 2092/1004/2010
f 2220/1132/2138 2221/1133/2139 2093/1005/2011
f 2221/1133/2139 2222/1134/2140 2094/1006/2012
f 2222/1134/2140 2223/1135/2141 2095/1007/2013
f 2223/1135/2141 2224/1136/2142 2096/1008/2014
f 2224/1136/2142 2225/1137/2143 2097/1009/2015
f 2225/1137/2143 2226/1138/2144 2098/1010/2016
f 2226/1138/2144 2227/1139/2145 2099/1011/2017
f 2227/1139/2145 2228/1140/2146 2100/1012/2018
f 2228/1140/2146 2229/1141/2147 2101/1013/2019
f 2229/1141/2147 2230/1142/2148 2102/1014/2020
f 2230/1142/2148 2231/1143/2149 2103/1015/2021
f 2231/1143/2149 2232/1144/2150 2104/1016/2022
f 2232/1144/2150 2233/1145/2151 2105/1017/2023
f 2233/1145/2151 2234/1146/2152 2106/1018/2024
f 2234/1146/2152 2235/1147/2153 2107/1019/2025
f 2235/1147/2153 2236/1148/2154 2108/1020/2026
f 2236/1148/2154 2237/1149/2155 2109/1021/2027
f 2237/1149/2155 2238/1150/2156 2110/1022/2028
f 2238/1150/2156 2239/1151/2157 2111/1023/2029
f 2239/1151/2157 2240/1152/2158 2112/1024/2030
f 2240/1152/2158 2241/1153/2159 2113/1025/2031
f 2241/1153/2159 2114/1154/2032 1986/1026/1904
f 2114/1154/2032 2242/1282/2160 2243/1155/2161
f 2115/1027/2033 2243/1155/2161 2244/1156/2162
f 2116/1028/2034 2244/1156/2162 2245/1157/2163
f 2117/1029/2035 2245/1157/2163 2246/1158/2164
f 2118/1030/2036 2246/1158/2164 2247/1159/2165
f 2119/1031/2037 2247/1159/2165 2248/1160/2166
f 2120/1032/2038 2248/1160/2166 2249/1161/2167
f 2121/1033/2039 2249/1161/2167 2250/1162/2168
f 2122/1034/2040 2250/1162/2168 2251/1163/2169
f 2123/1035/2041 2251/1163/2169 2252/1164/2170
f 2124/1036/2042 2252/1164/2170 2253/1165/2171
f 2125/1037/2043 2253/1165/2171 2254/1166/2172
f 2126/1038/2044 2254/1166/2172 2255/1167/2173
f 2127/1039/2045 2255/1167/2173 2256/1168/2174
f 2128/1040/2046 2256/1168/2174 2257/1169/2175
f 2129/1041/2047 2257/1169/2175 2258/1170/2176
f 2130/1042/2048 2258/1170/2176 2259/1171/2177
f 2131/1043/2049 2259/1171/2177 2260/1172/2178
f 2132/1044/2050 2260/1172/2178 2261/1173/2179
f 2133/1045/2051 2261/1173/2179 2262/1174/2180
f 2134/1046/2052 2262/1174/2180 2263/1175/2181
f 2135/1047/2053 2263/1175/2181 2264/1176/2182
f 2136/1048/2054 2264/1176/2182 2265/1177/2183
f 2137/1049/2055 2265/1177/2183 2266/1178/2184
f 2138/1050/2056 2266/1178/2184 2267/1179/2185
f 2139/1051/2057 2267/1179/2185 2268/1180/2186
f 2140/1052/2058 2268/1180/2186 2269/1181/2187
f 2141/1053/2059 2269/1181/2187 2270/1182/2188
f 2142/1054/2060 2270/1182/2188 2271/1183/2189
f 2143/1055/2061 2271/1183/2189 2272/1184/2190
f 2144/1056/2062 2272/1184/2190 2273/1185/2191
f 2145/1057/2063 2273/1185/2191 2274/1186/2192
f 2274/1186/2192 2275/1187/2193 2147/1059/2065
f 2275/1187/2193 2276/1188/2194 2148/1060/2066
f 2276/1188/2194 2277/1189/2195 2149/1061/2067
f 2277/1189/2195 2278/1190/2196 2150/1062/2068
f 2278/1190/2196 2279/1191/2197 2151/1063/2069
f 2279/1191/2197 2280/1192/2198 2152/1064/2070
f 2280/1192/2198 2281/1193/2199 2153/1065/2071
f 2281/1193/2199 2282/1194/2200 2154/1066/2072
f 2282/1194/2200 2283/1195/2201 2155/1067/2073
f 2283/1195/2201 2284/1196/2202 2156/1068/2074
f 2284/1196/2202 2285/1197/2203 2157/1069/2075
f 2285/1197/2203 2286/1198/2204 2158/1070/2076
f 2286/1198/2204 2287/1199/2205 2159/1071/2077
f 2287/1199/2205 2288/1200/2206 2160/1072/2078
f 2288/1200/2206 2289/1201/2207 2161/1073/2079
f 2289/1201/2207 2290/1202/2208 2162/1074/2080
f 2290/1202/2208 2291/1203/2209 2163/1075/2081
f 2291/1203/2209 2292/1204/2210 2164/1076/2082
f 2292/1204/2210 2293/1205/2211 2165/1077/2083
f 2293/1205/2211 2294/1206/2212 2166/1078/2084
f 2294/1206/2212 2295/1207/2213 2167/1079/2085
f 2295/1207/2213 2296/1208/2214 2168/1080/2086
f 2296/1208/2214 2297/1209/2215 2169/1081/2087
f 2297/1209/2215 2298/1210/2216 2170/1082/2088
f 2298/1210/2216 2299/1211/2217 2171/1083/2089
f 2299/1211/2217 2300/1212/2218 2172/1084/2090
f 2300/1212/2218 2301/1213/2219 2173/1085/2091
f 2301/1213/2219 2302/1214/2220 2174/1086/2092
f 2302/1214/2220 2303/1215/2221 2175/1087/2093
f 2303/1215/2221 2304/1216/2222 2176/1088/2094
f 2304/1216/2222 2305/1217/2223 2177/1089/2095
f 2305/1217/2223 2306/1346/2224 2178/1218/2096
f 2178/1218/2096 2306/1346/2224 2307/1219/2225
f 2179/1091/2097 2307/1219/2225 2308/1220/2226
f 2180/1092/2098 2308/1220/2226 2309/1221/2227
f 2181/1093/2099 2309/1221/2227 2310/1222/2228
f 2182/1094/2100 2310/1222/2228 2311/1223/2229
f 2183/1095/2101 2311/1223/2229 2312/1224/2230
f 2184/1096/2102 2312/1224/2230 2313/1225/2231
f 2185/1097/2103 2313/1225/2231 2314/1226/2232
f 2186/1098/2104 2314/1226/2232 2315/1227/2233
f 2187/1099/2105 2315/1227/2233 2316/1228/2234
f 2188/1100/2106 2316/1228/2234 2317/1229/2235
f 2189/1101/2107 2317/1229/2235 2318/1230/2236
f 2190/1102/2108 2318/1230/2236 2319/1231/2237
f 2191/1103/2109 2319/1231/2237 2320/1232/2238
f 2192/1104/2110 2320/1232/2238 2321/1233/2239
f 2193/1105/2111 2321/1233/2239 2322/1234/2240
f 2194/1106/2112 2322/1234/2240 2323/1235/2241
f 2195/1107/2113 2323/1235/2241 2324/1236/2242
f 2196/1108/2114 2324/1236/2242 2325/1237/2243
f 2197/1109/2115 2325/1237/2243 2326/1238/2244
f 2198/1110/2116 2326/1238/2244 2327/1239/2245
f 2199/1111/2117 2327/1239/2245 2328/1240/2246
f 2200/1112/2118 2328/1240/2246 2329/1241/2247
f 2201/1113/2119 2329/1241/2247 2330/1242/2248
f 2202/1114/2120 2330/1242/2248 2331/1243/2249
f 2203/1115/2121 2331/1243/2249 2332/1244/2250
f 2204/1116/2122 2332/1244/2250 2333/1245/2251
f 2205/1117/2123 2333/1245/2251 2334/1246/2252
f 2206/1118/2124 2334/1246/2252 2335/1247/2253
f 2207/1119/2125 2335/1247/2253 2336/1248/2254
f 2208/1120/2126 2336/1248/2254 2337/1249/2255
f 2209/1121/2127 2337/1249/2255 2338/1250/2256
f 2338/1250/2256 2339/1251/2257 2211/1123/2129
f 2339/1251/2257 2340/1252/2258 2212/1124/2130
f 2340/1252/2258 2341/1253/2259 2213/1125/2131
f 2341/1253/2259 2342/1254/2260 2214/1126/2132
f 2342/1254/2260 2343/1255/2261 2215/1127/2133
f 2343/1255/2261 2344/1256/2262 2216/1128/2134
f 2344/1256/2262 2345/1257/2263 2217/1129/2135
f 2345/1257/2263 2346/1258/2264 2218/1130/2136
f 2346/1258/2264 2347/1259/2265 2219/1131/2137
f 2347/1259/2265 2348/1260/2266 2220/1132/2138
f 2348/1260/2266 2349/1261/2267 2221/1133/2139
f 2349/1261/2267 2350/1262/2268 2222/1134/2140
f 2350/1262/2268 2351/1263/2269 2223/1135/2141
f 2351/1263/2269 2352/1264/2270 2224/1136/2142
f 2352/1264/2270 2353/1265/2271 2225/1137/2143
f 2353/1265/2271 2354/1266/2272 2226/1138/2144
f 2354/1266/2272 2355/1267/2273 2227/1139/2145
f 2355/1267/2273 2356/1268/2274 2228/1140/2146
f 2356/1268/2274 2357/1269/2275 2229/1141/2147
f 2357/1269/2275 2358/1270/2276 2230/1142/2148
f 2358/1270/2276 2359/1271/2277 2231/1143/2149
f 2359/1271/2277 2360/1272/2278 2232/1144/2150
f 2360/1272/2278 2361/1273/2279 2233/1145/2151
f 2361/1273/2279 2362/1274/2280 2234/1146/2152
f 2362/1274/2280 2363/1275/2281 2235/1147/2153
f 2363/1275/2281 2364/1276/2282 2236/1148/2154
f 2364/1276/2282 2365/1277/2283 2237/1149/2155
f 2365/1277/2283 2366/1278/2284 2238/1150/2156
f 2366/1278/2284 2367/1279/2285 2239/1151/2157
f 2367/1279/2285 2368/1280/2286 2240/1152/2158
f 2368/1280/2286 2369/1281/2287 2241/1153/2159
f 2369/1281/2287 2242/1282/2160 2114/1154/2032
f 2242/1282/2160 2370/1410/2288 2371/1283/2289
f 2243/1155/2161 2371/1283/2289 2372/1284/2290
f 2244/1156/2162 2372/1284/2290 2373/1285/2291
f 2245/1157/2163 2373/1285/2291 2374/1286/2292
f 2246/1158/2164 2374/1286/2292 2375/1287/2293
f 2247/1159/2165 2375/1287/2293 2376/1288/2294
f 2248/1160/2166 2376/1288/2294 2377/1289/2295
f 2249/1161/2167 2377/1289/2295 2378/1290/2296
f 2250/1162/2168 2378/1290/2296 2379/1291/2297
f 2251/1163/2169 2379/1291/2297 2380/1292/2298
f 2252/1164/2170 2380/1292/2298 2381/1293/2299
f 2253/1165/2171 2381/1293/2299 2382/1294/2300
f 2254/1166/2172 2382/1294/2300 2383/1295/2301
f 2255/1167/2173 2383/1295/2301 2384/1296/2302
f 2256/1168/2174 2384/1296/2302 2385/1297/2303
f 2257/1169/2175 2385/1297/2303 2386/1298/2304
f 2258/1170/2176 2386/1298/2304 2387/1299/2305
f 2259/1171/2177 2387/1299/2305 2388/1300/2306
f 2260/1172/2178 2388/1300/2306 2389/1301/2307
f 2261/1173/2179 2389/1301/2307 2390/1302/2308
f 2262/1174/2180 2390/1302/2308 2391/1303/2309
f 2263/1175/2181 2391/1303/2309 2392/1304/2310
f 2264/1176/2182 2392/1304/2310 2393/1305/2311
f 2265/1177/2183 2393/1305/2311 2394/1306/2312
f 2266/1178/2184 2394/1306/2312 2395/1307/2313
f 2267/1179/2185 2395/1307/2313 2396/1308/2314
f 2268/1180/2186 2396/1308/2314 2397/1309/2315
f 2269/1181/2187 2397/1309/2315 2398/1310/2316
f 2270/1182/2188 2398/1310/2316 2399/1311/2317
f 2271/1183/2189 2399/1311/2317 2400/1312/2318
f 2272/1184/2190 2400/1312/2318 2401/1313/2319
f 2273/1185/2191 2401/1313/2319 2402/1314/2320
f 2402/1314/2320 2403/1315/2321 2275/1187/2193
f 2403/1315/2321 2404/1316/2322 2276/1188/2194
f 2404/1316/2322 2405/1317/2323 2277/1189/2195
f 2405/1317/2323 2406/1318/2324 2278/1190/2196
f 2406/1318/2324 2407/1319/2325 2279/1191/2197
f 2407/1319/2325 2408/1320/2326 2280/1192/2198
f 2408/1320/2326 2409/1321/2327 2281/1193/2199
f 2409/1321/2327 2410/1322/2328 2282/1194/2200
f 2410/1322/2328 2411/1323/2329 2283/1195/2201
f 2411/1323/2329 2412/1324/2330 2284/1196/2202
f 2412/1324/2330 2413/1325/2331 2285/1197/2203
f 2413/1325/2331 2414/1326/2332 2286/1198/2204
f 2414/1326/2332 2415/1327/2333 2287/1199/2205
f 2415/1327/2333 2416/1328/2334 2288/1200/2206
f 2416/1328/2334 2417/1329/2335 2289/1201/2207
f 2417/1329/2335 2418/1330/2336 2290/1202/2208
f 2418/1330/2336 2419/1331/2337 2291/1203/2209
f 2419/1331/2337 2420/1332/2338 2292/1204/2210
f 2420/1332/2338 2421/1333/2339 2293/1205/2211
f 2421/1333/2339 2422/1334/2340 2294/1206/2212
f 2422/1334/2340 2423/1335/2341 2295/1207/2213
f 2423/1335/2341 2424/1336/2342 2296/1208/2214
f 2424/1336/2342 2425/1337/2343 2297/1209/2215
f 2425/1337/2343 2426/1338/2344 2298/1210/2216
f 2426/1338/2344 2427/1339/2345 2299/1211/2217
f 2427/1339/2345 2428/1340/2346 2300/1212/2218
f 2428/1340/2346 2429/1341/2347 2301/1213/2219
f 2429/1341/2347 2430/1342/2348 2302/1214/2220
f 2430/1342/2348 2431/1343/2349 2303/1215/2221
f 2431/1343/2349 2432/1344/2350 2304/1216/2222
f 2432/1344/2350 2433/1345/2351 2305/1217/2223
f 2433/1345/2351 2434/1474/2352 2306/1346/2224
f 2306/1346/2224 2434/1474/2352 2435/1347/2353
f 2307/1219/2225 2435/1347/2353 2436/1348/2354
f 2308/1220/2226 2436/1348/2354 2437/1349/2355
f 2309/1221/2227 2437/1349/2355 2438/1350/2356
f 2310/1222/2228 2438/1350/2356 2439/1351/2357
f 2311/1223/2229 2439/1351/2357 2440/1352/2358
f 2312/1224/2230 2440/1352/2358 2441/1353/2359
f 2313/1225/2231 2441/1353/2359 2442/1354/2360
f 2314/1226/2232 2442/1354/2360 2443/1355/2361
f 2315/1227/2233 2443/1355/2361 2444/1356/2362
f 2316/1228/2234 2444/1356/2362 2445/1357/2363
f 2317/1229/2235 2445/1357/2363 2446/1358/2364
f 2318/1230/2236 2446/1358/2364 2447/1359/2365
f 2319/1231/2237 2447/1359/2365 2448/1360/2366
f 2320/1232/2238 2448/1360/2366 2449/1361/2367
f 2321/1233/2239 2449/1361/2367 2450/1362/2368
f 2322/1234/2240 2450/1362/2368 2451/1363/2369
f 2323/1235/2241 2451/1363/2369 2452/1364/2370
f 2324/1236/2242 2452/1364/2370 2453/1365/2371
f 2325/1237/2243 2453/1365/2371 2454/1366/2372
f 2326/1238/2244 2454/1366/2372 2455/1367/2373
f 2327/1239/2245 2455/1367/2373 2456/1368/2374
f 2328/1240/2246 2456/1368/2374 2457/1369/2375
f 2329/1241/2247 2457/1369/2375 2458/1370/2376
f 2330/1242/2248 2458/1370/2376 2459/1371/2377
f 2331/1243/2249 2459/1371/2377 2460/1372/2378
f 2332/1244/2250 2460/1372/2378 2461/1373/2379
f 2333/1245/2251 2461/1373/2379 2462/1374/2380
f 2334/1246/2252 2462/1374/2380 2463/1375/2381
f 2335/1247/2253 2463/1375/2381 2464/1376/2382
f 2336/1248/2254 2464/1376/2382 2465/1377/2383
f 2337/1249/2255 2465/1377/2383 2466/1378/2384
f 2466/1378/2384 2467/1379/2385 2339/1251/2257
f 2467/1379/2385 2468/1380/2386 2340/1252/2258
f 2468/1380/2386 2469/1381/2387 2341/1253/2259
f 2469/1381/2387 2470/1382/2388 2342/1254/2260
f 2470/1382/2388 2471/1383/2389 2343/1255/2261
f 2471/1383/2389 2472/1384/2390 2344/1256/2262
f 2472/1384/2390 2473/1385/2391 2345/1257/2263
f 2473/1385/2391 2474/1386/2392 2346/1258/2264
f 2474/1386/2392 2475/1387/2393 2347/1259/2265
f 2475/1387/2393 2476/1388/2394 2348/1260/2266
f 2476/1388/2394 2477/1389/2395 2349/1261/2267
f 2477/1389/2395 2478/1390/2396 2350/1262/2268
f 2478/1390/2396 2479/1391/2397 2351/1263/2269
f 2479/1391/2397 2480/1392/2398 2352/1264/2270
f 2480/1392/2398 2481/1393/2399 2353/1265/2271
f 2481/1393/2399 2482/1394/2400 2354/1266/2272
f 2482/1394/2400 2483/1395/2401 2355/1267/2273
f 2483/1395/2401 2484/1396/2402 2356/1268/2274
f 2484/1396/2402 2485/1397/2403 2357/1269/2275
f 2485/1397/2403 2486/1398/2404 2358/1270/2276
f 2486/1398/2404 2487/1399/2405 2359/1271/2277
f 2487/1399/2405 2488/1400/2406 2360/1272/2278
f 2488/1400/2406 2489/1401/2407 2361/1273/2279
f 2489/1401/2407 2490/1402/2408 2362/1274/2280
f 2490/1402/2408 2491/1403/2409 2363/1275/2281
f 2491/1403/2409 2492/1404/2410 2364/1276/2282
f 2492/1404/2410 2493/1405/2411 2365/1277/2283
f 2493/1405/2411 2494/1406/2412 2366/1278/2284
f 2494/1406/2412 2495/1407/2413 2367/1279/2285
f 2495/1407/2413 2496/1408/2414 2368/1280/2286
f 2496/1408/2414 2497/1409/2415 2369/1281/2287
f 2497/1409/2415 2370/1410/2288 2242/1282/2160
f 2370/1410/2288 2498/1538/2416 2499/1411/2417
f 2371/1283/2289 2499/1411/2417 2500/1412/2418
f 2372/1284/2290 2500/1412/2418 2501/1413/2419
f 2373/1285/2291 2501/1413/2419 2502/1414/2420
f 2374/1286/2292 2502/1414/2420 2503/1415/2421
f 2375/1287/2293 2503/1415/2421 2504/1416/2422
f 2376/1288/2294 2504/1416/2422 2505/1417/2423
f 2377/1289/2295 2505/1417/2423 2506/1418/2424
f 2378/1290/2296 2506/1418/2424 2507/1419/2425
f 2379/1291/2297 2507/1419/2425 2508/1420/2426
f 2380/1292/2298 2508/1420/2426 2509/1421/2427
f 2381/1293/2299 2509/1421/2427 2510/1422/2428
f 2382/1294/2300 2510/1422/2428 2511/1423/2429
f 2383/1295/2301 2511/1423/2429 2512/1424/2430
f 2384/1296/2302 2512/1424/2430 2513/1425/2431
f 2385/1297/2303 2513/1425/2431 2514/1426/2432
f 2386/1298/2304 2514/1426/2432 2515/1427/2433
f 2387/1299/2305 2515/1427/2433 2516/1428/2434
f 2388/1300/2306 2516/1428/2434 2517/1429/2435
f 2389/1301/2307 2517/1429/2435 2518/1430/2436
f 2390/1302/2308 2518/1430/2436 2519/1431/2437
f 2391/1303/2309 2519/1431/2437 2520/1432/2438
f 2392/1304/2310 2520/1432/2438 2521/1433/2439
f 2393/1305/2311 2521/1433/2439 2522/1434/2440
f 2394/1306/2312 2522/1434/2440 2523/1435/2441
f 2395/1307/2313 2523/1435/2441 2524/1436/2442
f 2396/1308/2314 2524/1436/2442 2525/1437/2443
f 2397/1309/2315 2525/1437/2443 2526/1438/2444
f 2398/1310/2316 2526/1438/2444 2527/1439/2445
f 2399/1311/2317 2527/1439/2445 2528/1440/2446
f 2400/1312/2318 2528/1440/2446 2529/1441/2447
f 2401/1313/2319 2529/1441/2447 2530/1442/2448
f 2530/1442/2448 2531/1443/2449 2403/1315/2321
f 2531/1443/2449 2532/1444/2450 2404/1316/2322
f 2532/1444/2450 2533/1445/2451 2405/1317/2323
f 2533/1445/2451 2534/1446/2452 2406/1318/2324
f 2534/1446/2452 2535/1447/2453 2407/1319/2325
f 2535/1447/2453 2536/1448/2454 2408/1320/2326
f 2536/1448/2454 2537/1449/2455 2409/1321/2327
f 2537/1449/2455 2538/1450/2456 2410/1322/2328
f 2538/1450/2456 2539/1451/2457 2411/1323/2329
f 2539/1451/2457 2540/1452/2458 2412/1324/2330
f 2540/1452/2458 2541/1453/2459 2413/1325/2331
f 2541/1453/2459 2542/1454/2460 2414/1326/2332
f 2542/1454/2460 2543/1455/2461 2415/1327/2333
f 2543/1455/2461 2544/1456/2462 2416/1328/2334
f 2544/1456/2462 2545/1457/2463 2417/1329/2335
f 2545/1457/2463 2546/1458/2464 2418/1330/2336
f 2546/1458/2464 2547/1459/2465 2419/1331/2337
f 2547/1459/2465 2548/1460/2466 2420/1332/2338
f 2548/1460/2466 2549/1461/2467 2421/1333/2339
f 2549/1461/2467 2550/1462/2468 2422/1334/2340
f 2550/1462/2468 2551/1463/2469 2423/1335/2341
f 2551/1463/2469 2552/1464/2470 2424/1336/2342
f 2552/1464/2470 2553/1465/2471 2425/1337/2343
f 2553/1465/2471 2554/1466/2472 2426/1338/2344
f 2554/1466/2472 2555/1467/2473 2427/1339/2345
f 2555/1467/2473 2556/1468/2474 2428/1340/2346
f 2556/1468/2474 2557/1469/2475 2429/1341/2347
f 2557/1469/2475 2558/1470/2476 2430/1342/2348
f 2558/1470/2476 2559/1471/2477 2431/1343/2349
f 2559/1471/2477 2560/1472/2478 2432/1344/2350
f 2560/1472/2478 2561/1473/2479 2433/1345/2351
f 2561/1473/2479 2562/1602/2480 2434/1474/2352
f 2434/1474/2352 2562/1602/2480 2563/1475/2481
f 2435/1347/2353 2563/1475/2481 2564/1476/2482
f 2436/1348/2354 2564/1476/2482 2565/1477/2483
f 2437/1349/2355 2565/1477/2483 2566/1478/2484
f 2438/1350/2356 2566/1478/2484 2567/1479/2485
f 2439/1351/2357 2567/1479/2485 2568/1480/2486
f 2440/1352/2358 2568/1480/2486 2569/1481/2487
f 2441/1353/2359 2569/1481/2487 2570/1482/2488
f 2442/1354/2360 2570/1482/2488 2571/1483/2489
f 2443/1355/2361 2571/1483/2489 2572/1484/2490
f 2444/1356/2362 2572/1484/2490 2573/1485/2491
f 2445/1357/2363 2573/1485/2491 2574/1486/2492
f 2446/1358/2364 2574/1486/2492 2575/1487/2493
f 2447/1359/2365 2575/1487/2493 2576/1488/2494
f 2448/1360/2366 2576/1488/2494 2577/1489/2495
f 2449/1361/2367 2577/1489/2495 2578/1490/2496
f 2450/1362/2368 2578/1490/2496 2579/1491/2497
f 2451/1363/2369 2579/1491/2497 2580/1492/2498
f 2452/1364/2370 2580/1492/2498 2581/1493/2499
f 2453/1365/2371 2581/1493/2499 2582/1494/2500
f 2454/1366/2372 2582/1494/2500 2583/1495/2501
f 2455/1367/2373 2583/1495/2501 2584/1496/2502
f 2456/1368/2374 2584/1496/2502 2585/1497/2503
f 2457/1369/2375 2585/1497/2503 2586/1498/2504
f 2458/1370/2376 2586/1498/2504 2587/1499/2505
f 2459/1371/2377 2587/1499/2505 2588/1500/2506
f 2460/1372/2378 2588/1500/2506 2589/1501/2507
f 2461/1373/2379 2589/1501/2507 2590/1502/2508
f 2462/1374/2380 2590/1502/2508 2591/1503/2509
f 2463/1375/2381 2591/1503/2509 2592/1504/2510
f 2464/1376/2382 2592/1504/2510 2593/1505/2511
f 2465/1377/2383 2593/1505/2511 2594/1506/2512
f 2594/1506/2512 2595/1507/2513 2467/1379/2385
f 2595/1507/2513 2596/1508/2514 2468/1380/2386
f 2596/1508/2514 2597/1509/2515 2469/1381/2387
f 2597/1509/2515 2598/1510/2516 2470/1382/2388
f 2598/1510/2516 2599/1511/2517 2471/1383/2389
f 2599/1511/2517 2600/1512/2518 2472/1384/2390
f 2600/1512/2518 2601/1513/2519 2473/1385/2391
f 2601/1513/2519 2602/1514/2520 2474/1386/2392
f 2602/1514/2520 2603/1515/2521 2475/1387/2393
f 2603/1515/2521 2604/1516/2522 2476/1388/2394
f 2604/1516/2522 2605/1517/2523 2477/1389/2395
f 2605/1517/2523 2606/1518/2524 2478/1390/2396
f 2606/1518/2524 2607/1519/2525 2479/1391/2397
f 2607/1519/2525 2608/1520/2526 2480/1392/2398
f 2608/1520/2526 2609/1521/2527 2481/1393/2399
f 2609/1521/2527 2610/1522/2528 2482/1394/2400
f 2610/1522/2528 2611/1523/2529 2483/1395/2401
f 2611/1523/2529 2612/1524/2530 2484/1396/2402
f 2612/1524/2530 2613/1525/2531 2485/1397/2403
f 2613/1525/2531 2614/1526/2532 2486/1398/2404
f 2614/1526/2532 2615/1527/2533 2487/1399/2405
f 2615/1527/2533 2616/1528/2534 2488/1400/2406
f 2616/1528/2534 2617/1529/2535 2489/1401/2407
f 2617/1529/2535 2618/1530/2536 2490/1402/2408
f 2618/1530/2536 2619/1531/2537 2491/1403/2409
f 2619/1531/2537 2620/1532/2538 2492/1404/2410
f 2620/1532/2538 2621/1533/2539 2493/1405/2411
f 2621/1533/2539 2622/1534/2540 2494/1406/2412
f 2622/1534/2540 2623/1535/2541 2495/1407/2413
f 2623/1535/2541 2624/1536/2542 2496/1408/2414
f 2624/1536/2542 2625/1537/2543 2497/1409/2415
f 2625/1537/2543 2498/1538/2416 2370/1410/2288
f 2498/1538/2416 2626/1666/2544 2627/1539/2545
f 2499/1411/2417 2627/1539/2545 2628/1540/2546
f 2500/1412/2418 2628/1540/2546 2629/1541/2547
f 2501/1413/2419 2629/1541/2547 2630/1542/2548
f 2502/1414/2420 2630/1542/2548 2631/1543/2549
f 2503/1415/2421 2631/1543/2549 2632/1544/2550
f 2504/1416/2422 2632/1544/2550 2633/1545/2551
f 2505/1417/2423 2633/1545/2551 2634/1546/2552
f 2506/1418/2424 2634/1546/2552 2635/1547/2553
f 2507/1419/2425 2635/1547/2553 2636/1548/2554
f 2508/1420/2426 2636/1548/2554 2637/1549/2555
f 2509/1421/2427 2637/1549/2555 2638/1550/2556
f 2510/1422/2428 2638/1550/2556 2639/1551/2557
f 2511/1423/2429 2639/1551/2557 2640/1552/2558
f 2512/1424/2430 2640/1552/2558 2641/1553/2559
f 2513/1425/2431 2641/1553/2559 2642/1554/2560
f 2514/1426/2432 2642/1554/2560 2643/1555/2561
f 2515/1427/2433 2643/1555/2561 2644/1556/2562
f 2516/1428/2434 2644/1556/2562 2645/1557/2563
f 2517/1429/2435 2645/1557/2563 2646/1558/2564
f 2518/1430/2436 2646/1558/2564 2647/1559/2565
f 2519/1431/2437 2647/1559/2565 2648/1560/2566
f 2520/1432/2438 2648/1560/2566 2649/1561/2567
f 2521/1433/2439 2649/1561/2567 2650/1562/2568
f 2522/1434/2440 2650/1562/2568 2651/1563/2569
f 2523/1435/2441 2651/1563/2569 2652/1564/2570
f 2524/1436/2442 2652/1564/2570 2653/1565/2571
f 2525/1437/2443 2653/1565/2571 2654/1566/2572
f 2526/1438/2444 2654/1566/2572 2655/1567/2573
f 2527/1439/2445 2655/1567/2573 2656/1568/2574
f 2528/1440/2446 2656/1568/2574 2657/1569/2575
f 2529/1441/2447 2657/1569/2575 2658/1570/2576
f 2658/1570/2576 2659/1571/2577 2531/1443/2449
f 2659/1571/2577 2660/1572/2578 2532/1444/2450
f 2660/1572/2578 2661/1573/2579 2533/1445/2451
f 2661/1573/2579 2662/1574/2580 2534/1446/2452
f 2662/1574/2580 2663/1575/2581 2535/1447/2453
f 2663/1575/2581 2664/1576/2582 2536/1448/2454
f 2664/1576/2582 2665/1577/2583 2537/1449/2455
f 2665/1577/2583 2666/1578/2584 2538/1450/2456
f 2666/1578/2584 2667/1579/2585 2539/1451/2457
f 2667/1579/2585 2668/1580/2586 2540/1452/2458
f 2668/1580/2586 2669/1581/2587 2541/1453/2459
f 2669/1581/2587 2670/1582/2588 2542/1454/2460
f 2670/1582/2588 2671/1583/2589 2543/1455/2461
f 2671/1583/2589 2672/1584/2590 2544/1456/2462
f 2672/1584/2590 2673/1585/2591 2545/1457/2463
f 2673/1585/2591 2674/1586/2592 2546/1458/2464
f 2674/1586/2592 2675/1587/2593 2547/1459/2465
f 2675/1587/2593 2676/1588/2594 2548/1460/2466
f 2676/1588/2594 2677/1589/2595 2549/1461/2467
f 2677/1589/2595 2678/1590/2596 2550/1462/2468
f 2678/1590/2596 2679/1591/2597 2551/1463/2469
f 2679/1591/2597 2680/1592/2598 2552/1464/2470
f 2680/1592/2598 2681/1593/2599 2553/1465/2471
f 2681/1593/2599 2682/1594/2600 2554/1466/2472
f 2682/1594/2600 2683/1595/2601 2555/1467/2473
f 2683/1595/2601 2684/1596/2602 2556/1468/2474
f 2684/1596/2602 2685/1597/2603 2557/1469/2475
f 2685/1597/2603 2686/1598/2604 2558/1470/2476
f 2686/1598/2604 2687/1599/2605 2559/1471/2477
f 2687/1599/2605 2688/1600/2606 2560/1472/2478
f 2688/1600/2606 2689/1601/2607 2561/1473/2479
f 2689/1601/2607 2690/1730/2608 2562/1602/2480
f 2562/1602/2480 2690/1730/2608 2691/1603/2609
f 2563/1475/2481 2691/1603/2609 2692/1604/2610
f 2564/1476/2482 2692/1604/2610 2693/1605/2611
f 2565/1477/2483 2693/1605/2611 2694/1606/2612
f 2566/1478/2484 2694/1606/2612 2695/1607/2613
f 2567/1479/2485 2695/1607/2613 2696/1608/2614
f 2568/1480/2486 2696/1608/2614 2697/1609/2615
f 2569/1481/2487 2697/1609/2615 2698/1610/2616
f 2570/1482/2488 2698/1610/2616 2699/1611/2617
f 2571/1483/2489 2699/1611/2617 2700/1612/2618
f 2572/1484/2490 2700/1612/2618 2701/1613/2619
f 2573/1485/2491 2701/1613/2619 2702/1614/2620
f 2574/1486/2492 2702/1614/2620 2703/1615/2621
f 2575/1487/2493 2703/1615/2621 2704/1616/2622
f 2576/1488/2494 2704/1616/2622 2705/1617/2623
f 2577/1489/2495 2705/1617/2623 2706/1618/2624
f 2578/1490/2496 2706/1618/2624 2707/1619/2625
f 2579/1491/2497 2707/1619/2625 2708/1620/2626
f 2580/1492/2498 2708/1620/2626 2709/1621/2627
f 2581/1493/2499 2709/1621/2627 2710/1622/2628
f 2582/1494/2500 2710/1622/2628 2711/1623/2629
f 2583/1495/2501 2711/1623/2629 2712/1624/2630
f 2584/1496/2502 2712/1624/2630 2713/1625/2631
f 2585/1497/2503 2713/1625/2631 2714/1626/2632
f 2586/1498/2504 2714/1626/2632 2715/1627/2633
f 2587/1499/2505 2715/1627/2633 2716/1628/2634
f 2588/1500/2506 2716/1628/2634 2717/1629/2635
f 2589/1501/2507 2717/1629/2635 2718/1630/2636
f 2590/1502/2508 2718/1630/2636 2719/1631/2637
f 2591/1503/2509 2719/1631/2637 2720/1632/2638
f 2592/1504/2510 2720/1632/2638 2721/1633/2639
f 2593/1505/2511 2721/1633/2639 2722/1634/2640
f 2722/1634/2640 2723/1635/2641 2595/1507/2513
f 2723/1635/2641 2724/1636/2642 2596/1508/2514
f 2724/1636/2642 2725/1637/2643 2597/1509/2515
f 2725/1637/2643 2726/1638/2644 2598/1510/2516
f 2726/1638/2644 2727/1639/2645 2599/1511/2517
f 2727/1639/2645 2728/1640/2646 2600/1512/2518
f 2728/1640/2646 2729/1641/2647 2601/1513/2519
f 2729/1641/2647 2730/1642/2648 2602/1514/2520
f 2730/1642/2648 2731/1643/2649 2603/1515/2521
f 2731/1643/2649 2732/1644/2650 2604/1516/2522
f 2732/1644/2650 2733/1645/2651 2605/1517/2523
f 2733/1645/2651 2734/1646/2652 2606/1518/2524
f 2734/1646/2652 2735/1647/2653 2607/1519/2525
f 2735/1647/2653 2736/1648/2654 2608/1520/2526
f 2736/1648/2654 2737/1649/2655 2609/1521/2527
f 2737/1649/2655 2738/1650/2656 2610/1522/2528
f 2738/1650/2656 2739/1651/2657 2611/1523/2529
f 2739/1651/2657 2740/1652/2658 2612/1524/2530
f 2740/1652/2658 2741/1653/2659 2613/1525/2531
f 2741/1653/2659 2742/1654/2660 2614/1526/2532
f 2742/1654/2660 2743/1655/2661 2615/1527/2533
f 2743/1655/2661 2744/1656/2662 2616/1528/2534
f 2744/1656/2662 2745/1657/2663 2617/1529/2535
f 2745/1657/2663 2746/1658/2664 2618/1530/2536
f 2746/1658/2664 2747/1659/2665 2619/1531/2537
f 2747/1659/2665 2748/1660/2666 2620/1532/2538
f 2748/1660/2666 2749/1661/2667 2621/1533/2539
f 2749/1661/2667 2750/1662/2668 2622/1534/2540
f 2750/1662/2668 2751/1663/2669 2623/1535/2541
f 2751/1663/2669 2752/1664/2670 2624/1536/2542
f 2752/1664/2670 2753/1665/2671 2625/1537/2543
f 2753/1665/2671 2626/1666/2544 2498/1538/2416
f 2626/1666/2544 2754/1794/2672 2755/1667/2673
f 2627/1539/2545 2755/1667/2673 2756/1668/2674
f 2628/1540/2546 2756/1668/2674 2757/1669/2675
f 2629/1541/2547 2757/1669/2675 2758/1670/2676
f 2630/1542/2548 2758/1670/2676 2759/1671/2677
f 2631/1543/2549 2759/1671/2677 2760/1672/2678
f 2632/1544/2550 2760/1672/2678 2761/1673/2679
f 2633/1545/2551 2761/1673/2679 2762/1674/2680
f 2634/1546/2552 2762/1674/2680 2763/1675/2681
f 2635/1547/2553 2763/1675/2681 2764/1676/2682
f 2636/1548/2554 2764/1676/2682 2765/1677/2683
f 2637/1549/2555 2765/1677/2683 2766/1678/2684
f 2638/1550/2556 2766/1678/2684 2767/1679/2685
f 2639/1551/2557 2767/1679/2685 2768/1680/2686
f 2640/1552/2558 2768/1680/2686 2769/1681/2687
f 2641/1553/2559 2769/1681/2687 2770/1682/2688
f 2642/1554/2560 2770/1682/2688 2771/1683/2689
f 2643/1555/2561 2771/1683/2689 2772/1684/2690
f 2644/1556/2562 2772/1684/2690 2773/1685/2691
f 2645/1557/2563 2773/1685/2691 2774/1686/2692
f 2646/1558/2564 2774/1686/2692 2775/1687/2693
f 2647/1559/2565 2775/1687/2693 2776/1688/2694
f 2648/1560/2566 2776/1688/2694 2777/1689/2695
f 2649/1561/2567 2777/1689/2695 2778/1690/2696
f 2650/1562/2568 2778/1690/2696 2779/1691/2697
f 2651/1563/2569 2779/1691/2697 2780/1692/2698
f 2652/1564/2570 2780/1692/2698 2781/1693/2699
f 2653/1565/2571 2781/1693/2699 2782/1694/2700
f 2654/1566/2572 2782/1694/2700 2783/1695/2701
f 2655/1567/2573 2783/1695/2701 2784/1696/2702
f 2656/1568/2574 2784/1696/2702 2785/1697/2703
f 2657/1569/2575 2785/1697/2703 2786/1698/2704
f 2786/1698/2704 2787/1699/2705 2659/1571/2577
f 2787/1699/2705 2788/1700/2706 2660/1572/2578
f 2788/1700/2706 2789/1701/2707 2661/1573/2579
f 2789/1701/2707 2790/1702/2708 2662/1574/2580
f 2790/1702/2708 2791/1703/2709 2663/1575/2581
f 2791/1703/2709 2792/1704/2710 2664/1576/2582
f 2792/1704/2710 2793/1705/2711 2665/1577/2583
f 2793/1705/2711 2794/1706/2712 2666/1578/2584
f 2794/1706/2712 2795/1707/2713 2667/1579/2585
f 2795/1707/2713 2796/1708/2714 2668/1580/2586
f 2796/1708/2714 2797/1709/2715 2669/1581/2587
f 2797/1709/2715 2798/1710/2716 2670/1582/2588
f 2798/1710/2716 2799/1711/2717 2671/1583/2589
f 2799/1711/2717 2800/1712/2718 2672/1584/2590
f 2800/1712/2718 2801/1713/2719 2673/1585/2591
f 2801/1713/2719 2802/1714/2720 2674/1586/2592
f 2802/1714/2720 2803/1715/2721 2675/1587/2593
f 2803/1715/2721 2804/1716/2722 2676/1588/2594
f 2804/1716/2722 2805/1717/2723 2677/1589/2595
f 2805/1717/2723 2806/1718/2724 2678/1590/2596
f 2806/1718/2724 2807/1719/2725 2679/1591/2597
f 2807/1719/2725 2808/1720/2726 2680/1592/2598
f 2808/1720/2726 2809/1721/2727 2681/1593/2599
f 2809/1721/2727 2810/1722/2728 2682/1594/2600
f 2810/1722/2728 2811/1723/2729 2683/1595/2601
f 2811/1723/2729 2812/1724/2730 2684/1596/2602
f 2812/1724/2730 2813/1725/2731 2685/1597/2603
f 2813/1725/2731 2814/1726/2732 2686/1598/2604
f 2814/1726/2732 2815/1727/2733 2687/1599/2605
f 2815/1727/2733 2816/1728/2734 2688/1600/2606
f 2816/1728/2734 2817/1729/2735 2689/1601/2607
f 2817/1729/2735 2818/1858/2736 2690/1730/2608
f 2690/1730/2608 2818/1858/2736 2819/1731/2737
f 2691/1603/2609 2819/1731/2737 2820/1732/2738
f 2692/1604/2610 2820/1732/2738 2821/1733/2739
f 2693/1605/2611 2821/1733/2739 2822/1734/2740
f 2694/1606/2612 2822/1734/2740 2823/1735/2741
f 2695/1607/2613 2823/1735/2741 2824/1736/2742
f 2696/1608/2614 2824/1736/2742 2825/1737/2743
f 2697/1609/2615 2825/1737/2743 2826/1738/2744
f 2698/1610/2616 2826/1738/2744 2827/1739/2745
f 2699/1611/2617 2827/1739/2745 2828/1740/2746
f 2700/1612/2618 2828/1740/2746 2829/1741/2747
f 2701/1613/2619 2829/1741/2747 2830/1742/2748
f 2702/1614/2620 2830/1742/2748 2831/1743/2749
f 2703/1615/2621 2831/1743/2749 2832/1744/2750
f 2704/1616/2622 2832/1744/2750 2833/1745/2751
f 2705/1617/2623 2833/1745/2751 2834/1746/2752
f 2706/1618/2624 2834/1746/2752 2835/1747/2753
f 2707/1619/2625 2835/1747/2753 2836/1748/2754
f 2708/1620/2626 2836/1748/2754 2837/1749/2755
f 2709/1621/2627 2837/1749/2755 2838/1750/2756
f 2710/1622/2628 2838/1750/2756 2839/1751/2757
f 2711/1623/2629 2839/1751/2757 2840/1752/2758
f 2712/1624/2630 2840/1752/2758 2841/1753/2759
f 2713/1625/2631 2841/1753/2759 2842/1754/2760
f 2714/1626/2632 2842/1754/2760 2843/1755/2761
f 2715/1627/2633 2843/1755/2761 2844/1756/2762
f 2716/1628/2634 2844/1756/2762 2845/1757/2763
f 2717/1629/2635 2845/1757/2763 2846/1758/2764
f 2718/1630/2636 2846/1758/2764 2847/1759/2765
f 2719/1631/2637 2847/1759/2765 2848/1760/2766
f 2720/1632/2638 2848/1760/2766 2849/1761/2767
f 2721/1633/2639 2849/1761/2767 2850/1762/2768
f 2850/1762/2768 2851/1763/2769 2723/1635/2641
f 2851/1763/2769 2852/1764/2770 2724/1636/2642
f 2852/1764/2770 2853/1765/2771 2725/1637/2643
f 2853/1765/2771 2854/1766/2772 2726/1638/2644
f 2854/1766/2772 2855/1767/2773 2727/1639/2645
f 2855/1767/2773 2856/1768/2774 2728/1640/2646
f 2856/1768/2774 2857/1769/2775 2729/1641/2647
f 2857/1769/2775 2858/1770/2776 2730/1642/2648
f 2858/1770/2776 2859/1771/2777 2731/1643/2649
f 2859/1771/2777 2860/1772/2778 2732/1644/2650
f 2860/1772/2778 2861/1773/2779 2733/1645/2651
f 2861/1773/2779 2862/1774/2780 2734/1646/2652
f 2862/1774/2780 2863/1775/2781 2735/1647/2653
f 2863/1775/2781 2864/1776/2782 2736/1648/2654
f 2864/1776/2782 2865/1777/2783 2737/1649/2655
f 2865/1777/2783 2866/1778/2784 2738/1650/2656
f 2866/1778/2784 2867/1779/2785 2739/1651/2657
f 2867/1779/2785 2868/1780/2786 2740/1652/2658
f 2868/1780/2786 2869/1781/2787 2741/1653/2659
f 2869/1781/2787 2870/1782/2788 2742/1654/2660
f 2870/1782/2788 2871/1783/2789 2743/1655/2661
f 2871/1783/2789 2872/1784/2790 2744/1656/2662
f 2872/1784/2790 2873/1785/2791 2745/1657/2663
f 2873/1785/2791 2874/1786/2792 2746/1658/2664
f 2874/1786/2792 2875/1787/2793 2747/1659/2665
f 2875/1787/2793 2876/1788/2794 2748/1660/2666
f 2876/1788/2794 2877/1789/2795 2749/1661/2667
f 2877/1789/2795 2878/1790/2796 2750/1662/2668
f 2878/1790/2796 2879/1791/2797 2751/1663/2669
f 2879/1791/2797 2880/1792/2798 2752/1664/2670
f 2880/1792/2798 2881/1793/2799 2753/1665/2671
f 2881/1793/2799 2754/1794/2672 2626/1666/2544
f 2754/1794/2672 2882/1922/2800 2883/1795/2801
f 2755/1667/2673 2883/1795/2801 2884/1796/2802
f 2756/1668/2674 2884/1796/2802 2885/1797/2803
f 2757/1669/2675 2885/1797/2803 2886/1798/2804
f 2758/1670/2676 2886/1798/2804 2887/1799/2805
f 2759/1671/2677 2887/1799/2805 2888/1800/2806
f 2760/1672/2678 2888/1800/2806 2889/1801/2807
f 2761/1673/2679 2889/1801/2807 2890/1802/2808
f 2762/1674/2680 2890/1802/2808 2891/1803/2809
f 2763/1675/2681 2891/1803/2809 2892/1804/2810
f 2764/1676/2682 2892/1804/2810 2893/1805/2811
f 2765/1677/2683 2893/1805/2811 2894/1806/2812
f 2766/1678/2684 2894/1806/2812 2895/1807/2813
f 2767/1679/2685 2895/1807/2813 2896/1808/2814
f 2768/1680/2686 2896/1808/2814 2897/1809/2815
f 2769/1681/2687 2897/1809/2815 2898/1810/2816
f 2770/1682/2688 2898/1810/2816 2899/1811/2817
f 2771/1683/2689 2899/1811/2817 2900/1812/2818
f 2772/1684/2690 2900/1812/2818 2901/1813/2819
f 2773/1685/2691 2901/1813/2819 2902/1814/2820
f 2774/1686/2692 2902/1814/2820 2903/1815/2821
f 2775/1687/2693 2903/1815/2821 2904/1816/2822
f 2776/1688/2694 2904/1816/2822 2905/1817/2823
f 2777/1689/2695 2905/1817/2823 2906/1818/2824
f 2778/1690/2696 2906/1818/2824 2907/1819/2825
f 2779/1691/2697 2907/1819/2825 2908/1820/2826
f 2780/1692/2698 2908/1820/2826 2909/1821/2827
f 2781/1693/2699 2909/1821/2827 2910/1822/2828
f 2782/1694/2700 2910/1822/2828 2911/1823/2829
f 2783/1695/2701 2911/1823/2829 2912/1824/2830
f 2784/1696/2702 2912/1824/2830 2913/1825/2831
f 2785/1697/2703 2913/1825/2831 2914/1826/2832
f 2914/1826/2832 2915/1827/2833 2787/1699/2705
f 2915/1827/2833 2916/1828/2834 2788/1700/2706
f 2916/1828/2834 2917/1829/2835 2789/1701/2707
f 2917/1829/2835 2918/1830/2836 2790/1702/2708
f 2918/1830/2836 2919/1831/2837 2791/1703/2709
f 2919/1831/2837 2920/1832/2838 2792/1704/2710
f 2920/1832/2838 2921/1833/2839 2793/1705/2711
f 2921/1833/2839 2922/1834/2840 2794/1706/2712
f 2922/1834/2840 2923/1835/2841 2795/1707/2713
f 2923/1835/2841 2924/1836/2842 2796/1708/2714
f 2924/1836/2842 2925/1837/2843 2797/1709/2715
f 2925/1837/2843 2926/1838/2844 2798/1710/2716
f 2926/1838/2844 2927/1839/2845 2799/1711/2717
f 2927/1839/2845 2928/1840/2846 2800/1712/2718
f 2928/1840/2846 2929/1841/2847 2801/1713/2719
f 2929/1841/2847 2930/1842/2848 2802/1714/2720
f 2930/1842/2848 2931/1843/2849 2803/1715/2721
f 2931/1843/2849 2932/1844/2850 2804/1716/2722
f 2932/1844/2850 2933/1845/2851 2805/1717/2723
f 2933/1845/2851 2934/1846/2852 2806/1718/2724
f 2934/1846/2852 2935/1847/2853 2807/1719/2725
f 2935/1847/2853 2936/1848/2854 2808/1720/2726
f 2936/1848/2854 2937/1849/2855 2809/1721/2727
f 2937/1849/2855 2938/1850/2856 2810/1722/2728
f 2938/1850/2856 2939/1851/2857 2811/1723/2729
f 2939/1851/2857 2940/1852/2858 2812/1724/2730
f 2940/1852/2858 2941/1853/2859 2813/1725/2731
f 2941/1853/2859 2942/1854/2860 2814/1726/2732
f 2942/1854/2860 2943/1855/2861 2815/1727/2733
f 2943/1855/2861 2944/1856/2862 2816/1728/2734
f 2944/1856/2862 2945/1857/2863 2817/1729/2735
f 2945/1857/2863 2946/1986/2864 2818/1858/2736
f 2818/1858/2736 2946/1986/2864 2947/1859/2865
f 2819/1731/2737 2947/1859/2865 2948/1860/2866
f 2820/1732/2738 2948/1860/2866 2949/1861/2867
f 2821/1733/2739 2949/1861/2867 2950/1862/2868
f 2822/1734/2740 2950/1862/2868 2951/1863/2869
f 2823/1735/2741 2951/1863/2869 2952/1864/2870
f 2824/1736/2742 2952/1864/2870 2953/1865/2871
f 2825/1737/2743 2953/1865/2871 2954/1866/2872
f 2826/1738/2744 2954/1866/2872 2955/1867/2873
f 2827/1739/2745 2955/1867/2873 2956/1868/2874
f 2828/1740/2746 2956/1868/2874 2957/1869/2875
f 2829/1741/2747 2957/1869/2875 2958/1870/2876
f 2830/1742/2748 2958/1870/2876 2959/1871/2877
f 2831/1743/2749 2959/1871/2877 2960/1872/2878
f 2832/1744/2750 2960/1872/2878 2961/1873/2879
f 2833/1745/2751 2961/1873/2879 2962/1874/2880
f 2834/1746/2752 2962/1874/2880 2963/1875/2881
f 2835/1747/2753 2963/1875/2881 2964/1876/2882
f 2836/1748/2754 2964/1876/2882 2965/1877/2883
f 2837/1749/2755 2965/1877/2883 2966/1878/2884
f 2838/1750/2756 2966/1878/2884 2967/1879/2885
f 2839/1751/2757 2967/1879/2885 2968/1880/2886
f 2840/1752/2758 2968/1880/2886 2969/1881/2887
f 2841/1753/2759 2969/1881/2887 2970/1882/2888
f 2842/1754/2760 2970/1882/2888 2971/1883/2889
f 2843/1755/2761 2971/1883/2889 2972/1884/2890
f 2844/1756/2762 2972/1884/2890 2973/1885/2891
f 2845/1757/2763 2973/1885/2891 2974/1886/2892
f 2846/1758/2764 2974/1886/2892 2975/1887/2893
f 2847/1759/2765 2975/1887/2893 2976/1888/2894
f 2848/1760/2766 2976/1888/2894 2977/1889/2895
f 2849/1761/2767 2977/1889/2895 2978/1890/2896
f 2978/1890/2896 2979/1891/2897 2851/1763/2769
f 2979/1891/2897 2980/1892/2898 2852/1764/2770
f 2980/1892/2898 2981/1893/2899 2853/1765/2771
f 2981/1893/2899 2982/1894/2900 2854/1766/2772
f 2982/1894/2900 2983/1895/2901 2855/1767/2773
f 2983/1895/2901 2984/1896/2902 2856/1768/2774
f 2984/1896/2902 2985/1897/2903 2857/1769/2775
f 2985/1897/2903 2986/1898/2904 2858/1770/2776
f 2986/1898/2904 2987/1899/2905 2859/1771/2777
f 2987/1899/2905 2988/1900/2906 2860/1772/2778
f 2988/1900/2906 2989/1901/2907 2861/1773/2779
f 2989/1901/2907 2990/1902/2908 2862/1774/2780
f 2990/1902/2908 2991/1903/2909 2863/1775/2781
f 2991/1903/2909 2992/1904/2910 2864/1776/2782
f 2992/1904/2910 2993/1905/2911 2865/1777/2783
f 2993/1905/2911 2994/1906/2912 2866/1778/2784
f 2994/1906/2912 2995/1907/2913 2867/1779/2785
f 2995/1907/2913 2996/1908/2914 2868/1780/2786
f 2996/1908/2914 2997/1909/2915 2869/1781/2787
f 2997/1909/2915 2998/1910/2916 2870/1782/2788
f 2998/1910/2916 2999/1911/2917 2871/1783/2789
f 2999/1911/2917 3000/1912/2918 2872/1784/2790
f 3000/1912/2918 3001/1913/2919 2873/1785/2791
f 3001/1913/2919 3002/1914/2920 2874/1786/2792
f 3002/1914/2920 3003/1915/2921 2875/1787/2793
f 3003/1915/2921 3004/1916/2922 2876/1788/2794
f 3004/1916/2922 3005/1917/2923 2877/1789/2795
f 3005/1917/2923 3006/1918/2924 2878/1790/2796
f 3006/1918/2924 3007/1919/2925 2879/1791/2797
f 3007/1919/2925 3008/1920/2926 2880/1792/2798
f 3008/1920/2926 3009/1921/2927 2881/1793/2799
f 3009/1921/2927 2882/1922/2800 2754/1794/2672
f 2882/1922/2800 3010/2050/2928 3011/1923/2929
f 2883/1795/2801 3011/1923/2929 3012/1924/2930
f 2884/1796/2802 3012/1924/2930 3013/1925/2931
f 2885/1797/2803 3013/1925/2931 3014/1926/2932
f 2886/1798/2804 3014/1926/2932 3015/1927/2933
f 2887/1799/2805 3015/1927/2933 3016/1928/2934
f 2888/1800/2806 3016/1928/2934 3017/1929/2935
f 2889/1801/2807 3017/1929/2935 3018/1930/2936
f 2890/1802/2808 3018/1930/2936 3019/1931/2937
f 2891/1803/2809 3019/1931/2937 3020/1932/2938
f 2892/1804/2810 3020/1932/2938 3021/1933/2939
f 2893/1805/2811 3021/1933/2939 3022/1934/2940
f 2894/1806/2812 3022/1934/2940 3023/1935/2941
f 2895/1807/2813 3023/1935/2941 3024/1936/2942
f 2896/1808/2814 3024/1936/2942 3025/1937/2943
f 2897/1809/2815 3025/1937/2943 3026/1938/2944
f 2898/1810/2816 3026/1938/2944 3027/1939/2945
f 2899/1811/2817 3027/1939/2945 3028/1940/2946
f 2900/1812/2818 3028/1940/2946 3029/1941/2947
f 2901/1813/2819 3029/1941/2947 3030/1942/2948
f 2902/1814/2820 3030/1942/2948 3031/1943/2949
f 2903/1815/2821 3031/1943/2949 3032/1944/2950
f 2904/1816/2822 3032/1944/2950 3033/1945/2951
f 2905/1817/2823 3033/1945/2951 3034/1946/2952
f 2906/1818/2824 3034/1946/2952 3035/1947/2953
f 2907/1819/2825 3035/1947/2953 3036/1948/2954
f 2908/1820/2826 3036/1948/2954 3037/1949/2955
f 2909/1821/2827 3037/1949/2955 3038/1950/2956
f 2910/1822/2828 3038/1950/2956 3039/1951/2957
f 2911/1823/2829 3039/1951/2957 3040/1952/2958
f 2912/1824/2830 3040/1952/2958 3041/1953/2959
f 2913/1825/2831 3041/1953/2959 3042/1954/2960
f 3042/1954/2960 3043/1955/2961 2915/1827/2833
f 3043/1955/2961 3044/1956/2962 2916/1828/2834
f 3044/1956/2962 3045/1957/2963 2917/1829/2835
f 3045/1957/2963 3046/1958/2964 2918/1830/2836
f 3046/1958/2964 3047/1959/2965 2919/1831/2837
f 3047/1959/2965 3048/1960/2966 2920/1832/2838
f 3048/1960/2966 3049/1961/2967 2921/1833/2839
f 3049/1961/2967 3050/1962/2968 2922/1834/2840
f 3050/1962/2968 3051/1963/2969 2923/1835/2841
f 3051/1963/2969 3052/1964/2970 2924/1836/2842
f 3052/1964/2970 3053/1965/2971 2925/1837/2843
f 3053/1965/2971 3054/1966/2972 2926/1838/2844
f 3054/1966/2972 3055/1967/2973 2927/1839/2845
f 3055/1967/2973 3056/1968/2974 2928/1840/2846
f 3056/1968/2974 3057/1969/2975 2929/1841/2847
f 3057/1969/2975 3058/1970/2976 2930/1842/2848
f 3058/1970/2976 3059/1971/2977 2931/1843/2849
f 3059/1971/2977 3060/1972/2978 2932/1844/2850
f 3060/1972/2978 3061/1973/2979 2933/1845/2851
f 3061/1973/2979 3062/1974/2980 2934/1846/2852
f 3062/1974/2980 3063/1975/2981 2935/1847/2853
f 3063/1975/2981 3064/1976/2982 2936/1848/2854
f 3064/1976/2982 3065/1977/2983 2937/1849/2855
f 3065/1977/2983 3066/1978/2984 2938/1850/2856
f 3066/1978/2984 3067/1979/2985 2939/1851/2857
f 3067/1979/2985 3068/1980/2986 2940/1852/2858
f 3068/1980/2986 3069/1981/2987 2941/1853/2859
f 3069/1981/2987 3070/1982/2988 2942/1854/2860
f 3070/1982/2988 3071/1983/2989 2943/1855/2861
f 3071/1983/2989 3072/1984/2990 2944/1856/2862
f 3072/1984/2990 3073/1985/2991 2945/1857/2863
f 3073/1985/2991 3074/2114/2992 2946/1986/2864
f 2946/1986/2864 3074/2114/2992 3075/1987/2993
f 2947/1859/2865 3075/1987/2993 3076/1988/2994
f 2948/1860/2866 3076/1988/2994 3077/1989/2995
f 2949/1861/2867 3077/1989/2995 3078/1990/2996
f 2950/1862/2868 3078/1990/2996 3079/1991/2997
f 2951/1863/2869 3079/1991/2997 3080/1992/2998
f 2952/1864/2870 3080/1992/2998 3081/1993/2999
f 2953/1865/2871 3081/1993/2999 3082/1994/3000
f 2954/1866/2872 3082/1994/3000 3083/1995/3001
f 2955/1867/2873 3083/1995/3001 3084/1996/3002
f 2956/1868/2874 3084/1996/3002 3085/1997/3003
f 2957/1869/2875 3085/1997/3003 3086/1998/3004
f 2958/1870/2876 3086/1998/3004 3087/1999/3005
f 2959/1871/2877 3087/1999/3005 3088/2000/3006
f 2960/1872/2878 3088/2000/3006 3089/2001/3007
f 2961/1873/2879 3089/2001/3007 3090/2002/3008
f 2962/1874/2880 3090/2002/3008 3091/2003/3009
f 2963/1875/2881 3091/2003/3009 3092/2004/3010
f 2964/1876/2882 3092/2004/3010 3093/2005/3011
f 2965/1877/2883 3093/2005/3011 3094/2006/3012
f 2966/1878/2884 3094/2006/3012 3095/2007/3013
f 2967/1879/2885 3095/2007/3013 3096/2008/3014
f 2968/1880/2886 3096/2008/3014 3097/2009/3015
f 2969/1881/2887 3097/2009/3015 3098/2010/3016
f 2970/1882/2888 3098/2010/3016 3099/2011/3017
f 2971/1883/2889 3099/2011/3017 3100/2012/3018
f 2972/1884/2890 3100/2012/3018 3101/2013/3019
f 2973/1885/2891 3101/2013/3019 3102/2014/3020
f 2974/1886/2892 3102/2014/3020 3103/2015/3021
f 2975/1887/2893 3103/2015/3021 3104/2016/3022
f 2976/1888/2894 3104/2016/3022 3105/2017/3023
f 2977/1889/2895 3105/2017/3023 3106/2018/3024
f 3106/2018/3024 3107/2019/3025 2979/1891/2897
f 3107/2019/3025 3108/2020/3026 2980/1892/2898
f 3108/2020/3026 3109/2021/3027 2981/1893/2899
f 3109/2021/3027 3110/2022/3028 2982/1894/2900
f 3110/2022/3028 3111/2023/3029 2983/1895/2901
f 3111/2023/3029 3112/2024/3030 2984/1896/2902
f 3112/2024/3030 3113/2025/3031 2985/1897/2903
f 3113/2025/3031 3114/2026/3032 2986/1898/2904
f 3114/2026/3032 3115/2027/3033 2987/1899/2905
f 3115/2027/3033 3116/2028/3034 2988/1900/2906
f 3116/2028/3034 3117/2029/3035 2989/1901/2907
f 3117/2029/3035 3118/2030/3036 2990/1902/2908
f 3118/2030/3036 3119/2031/3037 2991/1903/2909
f 3119/2031/3037 3120/2032/3038 2992/1904/2910
f 3120/2032/3038 3121/2033/3039 2993/1905/2911
f 3121/2033/3039 3122/2034/3040 2994/1906/2912
f 3122/2034/3040 3123/2035/3041 2995/1907/2913
f 3123/2035/3041 3124/2036/3042 2996/1908/2914
f 3124/2036/3042 3125/2037/3043 2997/1909/2915
f 3125/2037/3043 3126/2038/3044 2998/1910/2916
f 3126/2038/3044 3127/2039/3045 2999/1911/2917
f 3127/2039/3045 3128/2040/3046 3000/1912/2918
f 3128/2040/3046 3129/2041/3047 3001/1913/2919
f 3129/2041/3047 3130/2042/3048 3002/1914/2920
f 3130/2042/3048 3131/2043/3049 3003/1915/2921
f 3131/2043/3049 3132/2044/3050 3004/1916/2922
f 3132/2044/3050 3133/2045/3051 3005/1917/2923
f 3133/2045/3051 3134/2046/3052 3006/1918/2924
f 3134/2046/3052 3135/2047/3053 3007/1919/2925
f 3135/2047/3053 3136/2048/3054 3008/1920/2926
f 3136/2048/3054 3137/2049/3055 3009/1921/2927
f 3137/2049/3055 3010/2050/2928 2882/1922/2800
f 3010/2050/2928 3138/2178/3056 3139/2051/3057
f 3011/1923/2929 3139/2051/3057 3140/2052/3058
f 3012/1924/2930 3140/2052/3058 3141/2053/3059
f 3013/1925/2931 3141/2053/3059 3142/2054/3060
f 3014/1926/2932 3142/2054/3060 3143/2055/3061
f 3015/1927/2933 3143/2055/3061 3144/2056/3062
f 3016/1928/2934 3144/2056/3062 3145/2057/3063
f 3017/1929/2935 3145/2057/3063 3146/2058/3064
f 3018/1930/2936 3146/2058/3064 3147/2059/3065
f 3019/1931/2937 3147/2059/3065 3148/2060/3066
f 3020/1932/2938 3148/2060/3066 3149/2061/3067
f 3021/1933/2939 3149/2061/3067 3150/2062/3068
f 3022/1934/2940 3150/2062/3068 3151/2063/3069
f 3023/1935/2941 3151/2063/3069 3152/2064/3070
f 3024/1936/2942 3152/2064/3070 3153/2065/3071
f 3025/1937/2943 3153/2065/3071 3154/2066/3072
f 3026/1938/2944 3154/2066/3072 3155/2067/3073
f 3027/1939/2945 3155/2067/3073 3156/2068/3074
f 3028/1940/2946 3156/2068/3074 3157/2069/3075
f 3029/1941/2947 3157/2069/3075 3158/2070/3076
f 3030/1942/2948 3158/2070/3076 3159/2071/3077
f 3031/1943/2949 3159/2071/3077 3160/2072/3078
f 3032/1944/2950 3160/2072/3078 3161/2073/3079
f 3033/1945/2951 3161/2073/3079 3162/2074/3080
f 3034/1946/2952 3162/2074/3080 3163/2075/3081
f 3035/1947/2953 3163/2075/3081 3164/2076/3082
f 3036/1948/2954 3164/2076/3082 3165/2077/3083
f 3037/1949/2955 3165/2077/3083 3166/2078/3084
f 3038/1950/2956 3166/2078/3084 3167/2079/3085
f 3039/1951/2957 3167/2079/3085 3168/2080/3086
f 3040/1952/2958 3168/2080/3086 3169/2081/3087
f 3041/1953/2959 3169/2081/3087 3170/2082/3088
f 3170/2082/3088 3171/2083/3089 3043/1955/2961
f 3171/2083/3089 3172/2084/3090 3044/1956/2962
f 3172/2084/3090 3173/2085/3091 3045/1957/2963
f 3173/2085/3091 3174/2086/3092 3046/1958/2964
f 3174/2086/3092 3175/2087/3093 3047/1959/2965
f 3175/2087/3093 3176/2088/3094 3048/1960/2966
f 3176/2088/3094 3177/2089/3095 3049/1961/2967
f 3177/2089/3095 3178/2090/3096 3050/1962/2968
f 3178/2090/3096 3179/2091/3097 3051/1963/2969
f 3179/2091/3097 3180/2092/3098 3052/1964/2970
f 3180/2092/3098 3181/2093/3099 3053/1965/2971
f 3181/2093/3099 3182/2094/3100 3054/1966/2972
f 3182/2094/3100 3183/2095/3101 3055/1967/2973
f 3183/2095/3101 3184/2096/3102 3056/1968/2974
f 3184/2096/3102 3185/2097/3103 3057/1969/2975
f 3185/2097/3103 3186/2098/3104 3058/1970/2976
f 3186/2098/3104 3187/2099/3105 3059/1971/2977
f 3187/2099/3105 3188/2100/3106 3060/1972/2978
f 3188/2100/3106 3189/2101/3107 3061/1973/2979
f 3189/2101/3107 3190/2102/3108 3062/1974/2980
f 3190/2102/3108 3191/2103/3109 3063/1975/2981
f 3191/2103/3109 3192/2104/3110 3064/1976/2982
f 3192/2104/3110 3193/2105/3111 3065/1977/2983
f 3193/2105/3111 3194/2106/3112 3066/1978/2984
f 3194/2106/3112 3195/2107/3113 3067/1979/2985
f 3195/2107/3113 3196/2108/3114 3068/1980/2986
f 3196/2108/3114 3197/2109/3115 3069/1981/2987
f 3197/2109/3115 3198/2110/3116 3070/1982/2988
f 3198/2110/3116 3199/2111/3117 3071/1983/2989
f 3199/2111/3117 3200/2112/3118 3072/1984/2990
f 3200/2112/3118 3201/2113/3119 3073/1985/2991
f 3201/2113/3119 3202/2242/3120 3074/2114/2992
f 3074/2114/2992 3202/2242/3120 3203/2115/3121
f 3075/1987/2993 3203/2115/3121 3204/2116/3122
f 3076/1988/2994 3204/2116/3122 3205/2117/3123
f 3077/1989/2995 3205/2117/3123 3206/2118/3124
f 3078/1990/2996 3206/2118/3124 3207/2119/3125
f 3079/1991/2997 3207/2119/3125 3208/2120/3126
f 3080/1992/2998 3208/2120/3126 3209/2121/3127
f 3081/1993/2999 3209/2121/3127 3210/2122/3128
f 3082/1994/3000 3210/2122/3128 3211/2123/3129
f 3083/1995/3001 3211/2123/3129 3212/2124/3130
f 3084/1996/3002 3212/2124/3130 3213/2125/3131
f 3085/1997/3003 3213/2125/3131 3214/2126/3132
f 3086/1998/3004 3214/2126/3132 3215/2127/3133
f 3087/1999/3005 3215/2127/3133 3216/2128/3134
f 3088/2000/3006 3216/2128/3134 3217/2129/3135
f 3089/2001/3007 3217/2129/3135 3218/2130/3136
f 3090/2002/3008 3218/2130/3136 3219/2131/3137
f 3091/2003/3009 3219/2131/3137 3220/2132/3138
f 3092/2004/3010 3220/2132/3138 3221/2133/3139
f 3093/2005/3011 3221/2133/3139 3222/2134/3140
f 3094/2006/3012 3222/2134/3140 3223/2135/3141
f 3095/2007/3013 3223/2135/3141 3224/2136/3142
f 3096/2008/3014 3224/2136/3142 3225/2137/3143
f 3097/2009/3015 3225/2137/3143 3226/2138/3144
f 3098/2010/3016 3226/2138/3144 3227/2139/3145
f 3099/2011/3017 3227/2139/3145 3228/2140/3146
f 3100/2012/3018 3228/2140/3146 3229/2141/3147
f 3101/2013/3019 3229/2141/3147 3230/2142/3148
f 3102/2014/3020 3230/2142/3148 3231/2143/3149
f 3103/2015/3021 3231/2143/3149 3232/2144/3150
f 3104/2016/3022 3232/2144/3150 3233/2145/3151
f 3105/2017/3023 3233/2145/3151 3234/2146/3152
f 3234/2146/3152 3235/2147/3153 3107/2019/3025
f 3235/2147/3153 3236/2148/3154 3108/2020/3026
f 3236/2148/3154 3237/2149/3155 3109/2021/3027
f 3237/2149/3155 3238/2150/3156 3110/2022/3028
f 3238/2150/3156 3239/2151/3157 3111/2023/3029
f 3239/2151/3157 3240/2152/3158 3112/2024/3030
f 3240/2152/3158 3241/2153/3159 3113/2025/3031
f 3241/2153/3159 3242/2154/3160 3114/2026/3032
f 3242/2154/3160 3243/2155/3161 3115/2027/3033
f 3243/2155/3161 3244/2156/3162 3116/2028/3034
f 3244/2156/3162 3245/2157/3163 3117/2029/3035
f 3245/2157/3163 3246/2158/3164 3118/2030/3036
f 3246/2158/3164 3247/2159/3165 3119/2031/3037
f 3247/2159/3165 3248/2160/3166 3120/2032/3038
f 3248/2160/3166 3249/2161/3167 3121/2033/3039
f 3249/2161/3167 3250/2162/3168 3122/2034/3040
f 3250/2162/3168 3251/2163/3169 3123/2035/3041
f 3251/2163/3169 3252/2164/3170 3124/2036/3042
f 3252/2164/3170 3253/2165/3171 3125/2037/3043
f 3253/2165/3171 3254/2166/3172 3126/2038/3044
f 3254/2166/3172 3255/2167/3173 3127/2039/3045
f 3255/2167/3173 3256/2168/3174 3128/2040/3046
f 3256/2168/3174 3257/2169/3175 3129/2041/3047
f 3257/2169/3175 3258/2170/3176 3130/2042/3048
f 3258/2170/3176 3259/2171/3177 3131/2043/3049
f 3259/2171/3177 3260/2172/3178 3132/2044/3050
f 3260/2172/3178 3261/2173/3179 3133/2045/3051
f 3261/2173/3179 3262/2174/3180 3134/2046/3052
f 3262/2174/3180 3263/2175/3181 3135/2047/3053
f 3263/2175/3181 3264/2176/3182 3136/2048/3054
f 3264/2176/3182 3265/2177/3183 3137/2049/3055
f 3265/2177/3183 3138/2178/3056 3010/2050/2928
f 3138/2178/3056 3266/2306/3184 3267/2179/3185
f 3139/2051/3057 3267/2179/3185 3268/2180/3186
f 3140/2052/3058 3268/2180/3186 3269/2181/3187
f 3141/2053/3059 3269/2181/3187 3270/2182/3188
f 3142/2054/3060 3270/2182/3188 3271/2183/3189
f 3143/2055/3061 3271/2183/3189 3272/2184/3190
f 3144/2056/3062 3272/2184/3190 3273/2185/3191
f 3145/2057/3063 3273/2185/3191 3274/2186/3192
f 3146/2058/3064 3274/2186/3192 3275/2187/3193
f 3147/2059/3065 3275/2187/3193 3276/2188/3194
f 3148/2060/3066 3276/2188/3194 3277/2189/3195
f 3149/2061/3067 3277/2189/3195 3278/2190/3196
f 3150/2062/3068 3278/2190/3196 3279/2191/3197
f 3151/2063/3069 3279/2191/3197 3280/2192/3198
f 3152/2064/3070 3280/2192/3198 3281/2193/3199
f 3153/2065/3071 3281/2193/3199 3282/2194/3200
f 3154/2066/3072 3282/2194/3200 3283/2195/3201
f 3155/2067/3073 3283/2195/3201 3284/2196/3202
f 3156/2068/3074 3284/2196/3202 3285/2197/3203
f 3157/2069/3075 3285/2197/3203 3286/2198/3204
f 3158/2070/3076 3286/2198/3204 3287/2199/3205
f 3159/2071/3077 3287/2199/3205 3288/2200/3206
f 3160/2072/3078 3288/2200/3206 3289/2201/3207
f 3161/2073/3079 3289/2201/3207 3290/2202/3208
f 3162/2074/3080 3290/2202/3208 3291/2203/3209
f 3163/2075/3081 3291/2203/3209 3292/2204/3210
f 3164/2076/3082 3292/2204/3210 3293/2205/3211
f 3165/2077/3083 3293/2205/3211 3294/2206/3212
f 3166/2078/3084 3294/2206/3212 3295/2207/3213
f 3167/2079/3085 3295/2207/3213 3296/2208/3214
f 3168/2080/3086 3296/2208/3214 3297/2209/3215
f 3169/2081/3087 3297/2209/3215 3298/2210/3216
f 3298/2210/3216 3299/2211/3217 3171/2083/3089
f 3299/2211/3217 3300/2212/3218 3172/2084/3090
f 3300/2212/3218 3301/2213/3219 3173/2085/3091
f 3301/2213/3219 3302/2214/3220 3174/2086/3092
f 3302/2214/3220 3303/2215/3221 3175/2087/3093
f 3303/2215/3221 3304/2216/3222 3176/2088/3094
f 3304/2216/3222 3305/2217/3223 3177/2089/3095
f 3305/2217/3223 3306/2218/3224 3178/2090/3096
f 3306/2218/3224 3307/2219/3225 3179/2091/3097
f 3307/2219/3225 3308/2220/3226 3180/2092/3098
f 3308/2220/3226 3309/2221/3227 3181/2093/3099
f 3309/2221/3227 3310/2222/3228 3182/2094/3100
f 3310/2222/3228 3311/2223/3229 3183/2095/3101
f 3311/2223/3229 3312/2224/3230 3184/2096/3102
f 3312/2224/3230 3313/2225/3231 3185/2097/3103
f 3313/2225/3231 3314/2226/3232 3186/2098/3104
f 3314/2226/3232 3315/2227/3233 3187/2099/3105
f 3315/2227/3233 3316/2228/3234 3188/2100/3106
f 3316/2228/3234 3317/2229/3235 3189/2101/3107
f 3317/2229/3235 3318/2230/3236 3190/2102/3108
f 3318/2230/3236 3319/2231/3237 3191/2103/3109
f 3319/2231/3237 3320/2232/3238 3192/2104/3110
f 3320/2232/3238 3321/2233/3239 3193/2105/3111
f 3321/2233/3239 3322/2234/3240 3194/2106/3112
f 3322/2234/3240 3323/2235/3241 3195/2107/3113
f 3323/2235/3241 3324/2236/3242 3196/2108/3114
f 3324/2236/3242 3325/2237/3243 3197/2109/3115
f 3325/2237/3243 3326/2238/3244 3198/2110/3116
f 3326/2238/3244 3327/2239/3245 3199/2111/3117
f 3327/2239/3245 3328/2240/3246 3200/2112/3118
f 3328/2240/3246 3329/2241/3247 3201/2113/3119
f 3329/2241/3247 3330/2370/3248 3202/2242/3120
f 3202/2242/3120 3330/2370/3248 3331/2243/3249
f 3203/2115/3121 3331/2243/3249 3332/2244/3250
f 3204/2116/3122 3332/2244/3250 3333/2245/3251
f 3205/2117/3123 3333/2245/3251 3334/2246/3252
f 3206/2118/3124 3334/2246/3252 3335/2247/3253
f 3207/2119/3125 3335/2247/3253 3336/2248/3254
f 3208/2120/3126 3336/2248/3254 3337/2249/3255
f 3209/2121/3127 3337/2249/3255 3338/2250/3256
f 3210/2122/3128 3338/2250/3256 3339/2251/3257
f 3211/2123/3129 3339/2251/3257 3340/2252/3258
f 3212/2124/3130 3340/2252/3258 3341/2253/3259
f 3213/2125/3131 3341/2253/3259 3342/2254/3260
f 3214/2126/3132 3342/2254/3260 3343/2255/3261
f 3215/2127/3133 3343/2255/3261 3344/2256/3262
f 3216/2128/3134 3344/2256/3262 3345/2257/3263
f 3217/2129/3135 3345/2257/3263 3346/2258/3264
f 3218/2130/3136 3346/2258/3264 3347/2259/3265
f 3219/2131/3137 3347/2259/3265 3348/2260/3266
f 3220/2132/3138 3348/2260/3266 3349/2261/3267
f 3221/2133/3139 3349/2261/3267 3350/2262/3268
f 3222/2134/3140 3350/2262/3268 3351/2263/3269
f 3223/2135/3141 3351/2263/3269 3352/2264/3270
f 3224/2136/3142 3352/2264/3270 3353/2265/3271
f 3225/2137/3143 3353/2265/3271 3354/2266/3272
f 3226/2138/3144 3354/2266/3272 3355/2267/3273
f 3227/2139/3145 3355/2267/3273 3356/2268/3274
f 3228/2140/3146 3356/2268/3274 3357/2269/3275
f 3229/2141/3147 3357/2269/3275 3358/2270/3276
f 3230/2142/3148 3358/2270/3276 3359/2271/3277
f 3231/2143/3149 3359/2271/3277 3360/2272/3278
f 3232/2144/3150 3360/2272/3278 3361/2273/3279
f 3233/2145/3151 3361/2273/3279 3362/2274/3280
f 3362/2274/3280 3363/2275/3281 3235/2147/3153
f 3363/2275/3281 3364/2276/3282 3236/2148/3154
f 3364/2276/3282 3365/2277/3283 3237/2149/3155
f 3365/2277/3283 3366/2278/3284 3238/2150/3156
f 3366/2278/3284 3367/2279/3285 3239/2151/3157
f 3367/2279/3285 3368/2280/3286 3240/2152/3158
f 3368/2280/3286 3369/2281/3287 3241/2153/3159
f 3369/2281/3287 3370/2282/3288 3242/2154/3160
f 3370/2282/3288 3371/2283/3289 3243/2155/3161
f 3371/2283/3289 3372/2284/3290 3244/2156/3162
f 3372/2284/3290 3373/2285/3291 3245/2157/3163
f 3373/2285/3291 3374/2286/3292 3246/2158/3164
f 3374/2286/3292 3375/2287/3293 3247/2159/3165
f 3375/2287/3293 3376/2288/3294 3248/2160/3166
f 3376/2288/3294 3377/2289/3295 3249/2161/3167
f 3377/2289/3295 3378/2290/3296 3250/2162/3168
f 3378/2290/3296 3379/2291/3297 3251/2163/3169
f 3379/2291/3297 3380/2292/3298 3252/2164/3170
f 3380/2292/3298 3381/2293/3299 3253/2165/3171
f 3381/2293/3299 3382/2294/3300 3254/2166/3172
f 3382/2294/3300 3383/2295/3301 3255/2167/3173
f 3383/2295/3301 3384/2296/3302 3256/2168/3174
f 3384/2296/3302 3385/2297/3303 3257/2169/3175
f 3385/2297/3303 3386/2298/3304 3258/2170/3176
f 3386/2298/3304 3387/2299/3305 3259/2171/3177
f 3387/2299/3305 3388/2300/3306 3260/2172/3178
f 3388/2300/3306 3389/2301/3307 3261/2173/3179
f 3389/2301/3307 3390/2302/3308 3262/2174/3180
f 3390/2302/3308 3391/2303/3309 3263/2175/3181
f 3391/2303/3309 3392/2304/3310 3264/2176/3182
f 3392/2304/3310 3393/2305/3311 3265/2177/3183
f 3393/2305/3311 3266/2306/3184 3138/2178/3056
f 3266/2306/3184 3394/4739/3312 3395/2307/3313
f 3267/2179/3185 3395/2307/3313 3396/2308/3314
f 3268/2180/3186 3396/2308/3314 3397/2309/3315
f 3269/2181/3187 3397/2309/3315 3398/2310/3316
f 3270/2182/3188 3398/2310/3316 3399/2311/3317
f 3271/2183/3189 3399/2311/3317 3400/2312/3318
f 3272/2184/3190 3400/2312/3318 3401/2313/3319
f 3273/2185/3191 3401/2313/3319 3402/2314/3320
f 3274/2186/3192 3402/2314/3320 3403/2315/3321
f 3275/2187/3193 3403/2315/3321 3404/2316/3322
f 3276/2188/3194 3404/2316/3322 3405/2317/3323
f 3277/2189/3195 3405/2317/3323 3406/2318/3324
f 3278/2190/3196 3406/2318/3324 3407/2319/3325
f 3279/2191/3197 3407/2319/3325 3408/2320/3326
f 3280/2192/3198 3408/2320/3326 3409/2321/3327
f 3281/2193/3199 3409/2321/3327 3410/2322/3328
f 3282/2194/3200 3410/2322/3328 3411/2323/3329
f 3283/2195/3201 3411/2323/3329 3412/2324/3330
f 3284/2196/3202 3412/2324/3330 3413/2325/3331
f 3285/2197/3203 3413/2325/3331 3414/2326/3332
f 3286/2198/3204 3414/2326/3332 3415/2327/3333
f 3287/2199/3205 3415/2327/3333 3416/2328/3334
f 3288/2200/3206 3416/2328/3334 3417/2329/3335
f 3289/2201/3207 3417/2329/3335 3418/2330/3336
f 3290/2202/3208 3418/2330/3336 3419/2331/3337
f 3291/2203/3209 3419/2331/3337 3420/2332/3338
f 3292/2204/3210 3420/2332/3338 3421/2333/3339
f 3293/2205/3211 3421/2333/3339 3422/2334/3340
f 3294/2206/3212 3422/2334/3340 3423/2335/3341
f 3295/2207/3213 3423/2335/3341 3424/2336/3342
f 3296/2208/3214 3424/2336/3342 3425/2337/3343
f 3297/2209/3215 3425/2337/3343 3426/2338/3344
f 3426/2338/3344 3427/2339/3345 3299/2211/3217
f 3427/2339/3345 3428/2340/3346 3300/2212/3218
f 3428/2340/3346 3429/2341/3347 3301/2213/3219
f 3429/2341/3347 3430/2342/3348 3302/2214/3220
f 3430/2342/3348 3431/2343/3349 3303/2215/3221
f 3431/2343/3349 3432/2344/3350 3304/2216/3222
f 3432/2344/3350 3433/2345/3351 3305/2217/3223
f 3433/2345/3351 3434/2346/3352 3306/2218/3224
f 3434/2346/3352 3435/2347/3353 3307/2219/3225
f 3435/2347/3353 3436/2348/3354 3308/2220/3226
f 3436/2348/3354 3437/2349/3355 3309/2221/3227
f 3437/2349/3355 3438/2350/3356 3310/2222/3228
f 3438/2350/3356 3439/2351/3357 3311/2223/3229
f 3439/2351/3357 3440/2352/3358 3312/2224/3230
f 3440/2352/3358 3441/2353/3359 3313/2225/3231
f 3441/2353/3359 3442/2354/3360 3314/2226/3232
f 3442/2354/3360 3443/2355/3361 3315/2227/3233
f 3443/2355/3361 3444/2356/3362 3316/2228/3234
f 3444/2356/3362 3445/2357/3363 3317/2229/3235
f 3445/2357/3363 3446/2358/3364 3318/2230/3236
f 3446/2358/3364 3447/2359/3365 3319/2231/3237
f 3447/2359/3365 3448/2360/3366 3320/2232/3238
f 3448/2360/3366 3449/2361/3367 3321/2233/3239
f 3449/2361/3367 3450/2362/3368 3322/2234/3240
f 3450/2362/3368 3451/2363/3369 3323/2235/3241
f 3451/2363/3369 3452/2364/3370 3324/2236/3242
f 3452/2364/3370 3453/2365/3371 3325/2237/3243
f 3453/2365/3371 3454/2366/3372 3326/2238/3244
f 3454/2366/3372 3455/2367/3373 3327/2239/3245
f 3455/2367/3373 3456/2368/3374 3328/2240/3246
f 3456/2368/3374 3457/2369/3375 3329/2241/3247
f 3457/2369/3375 3458/4740/3376 3330/2370/3248
f 3330/2370/3248 3458/4740/3376 3459/2371/3377
f 3331/2243/3249 3459/2371/3377 3460/2372/3378
f 3332/2244/3250 3460/2372/3378 3461/2373/3379
f 3333/2245/3251 3461/2373/3379 3462/2374/3380
f 3334/2246/3252 3462/2374/3380 3463/2375/3381
f 3335/2247/3253 3463/2375/3381 3464/2376/3382
f 3336/2248/3254 3464/2376/3382 3465/2377/3383
f 3337/2249/3255 3465/2377/3383 3466/2378/3384
f 3338/2250/3256 3466/2378/3384 3467/2379/3385
f 3339/2251/3257 3467/2379/3385 3468/2380/3386
f 3340/2252/3258 3468/2380/3386 3469/2381/3387
f 3341/2253/3259 3469/2381/3387 3470/2382/3388
f 3342/2254/3260 3470/2382/3388 3471/2383/3389
f 3343/2255/3261 3471/2383/3389 3472/2384/3390
f 3344/2256/3262 3472/2384/3390 3473/2385/3391
f 3345/2257/3263 3473/2385/3391 3474/2386/3392
f 3346/2258/3264 3474/2386/3392 3475/2387/3393
f 3347/2259/3265 3475/2387/3393 3476/2388/3394
f 3348/2260/3266 3476/2388/3394 3477/2389/3395
f 3349/2261/3267 3477/2389/3395 3478/2390/3396
f 3350/2262/3268 3478/2390/3396 3479/2391/3397
f 3351/2263/3269 3479/2391/3397 3480/2392/3398
f 3352/2264/3270 3480/2392/3398 3481/2393/3399
f 3353/2265/3271 3481/2393/3399 3482/2394/3400
f 3354/2266/3272 3482/2394/3400 3483/2395/3401
f 3355/2267/3273 3483/2395/3401 3484/2396/3402
f 3356/2268/3274 3484/2396/3402 3485/2397/3403
f 3357/2269/3275 3485/2397/3403 3486/2398/3404
f 3358/2270/3276 3486/2398/3404 3487/2399/3405
f 3359/2271/3277 3487/2399/3405 3488/2400/3406
f 3360/2272/3278 3488/2400/3406 3489/2401/3407
f 3361/2273/3279 3489/2401/3407 3490/2402/3408
f 3490/2402/3408 3491/2403/3409 3363/2275/3281
f 3491/2403/3409 3492/2404/3410 3364/2276/3282
f 3492/2404/3410 3493/2405/3411 3365/2277/3283
f 3493/2405/3411 3494/2406/3412 3366/2278/3284
f 3494/2406/3412 3495/2407/3413 3367/2279/3285
f 3495/2407/3413 3496/2408/3414 3368/2280/3286
f 3496/2408/3414 3497/2409/3415 3369/2281/3287
f 3497/2409/3415 3498/2410/3416 3370/2282/3288
f 3498/2410/3416 3499/2411/3417 3371/2283/3289
f 3499/2411/3417 3500/2412/3418 3372/2284/3290
f 3500/2412/3418 3501/2413/3419 3373/2285/3291
f 3501/2413/3419 3502/2414/3420 3374/2286/3292
f 3502/2414/3420 3503/2415/3421 3375/2287/3293
f 3503/2415/3421 3504/2416/3422 3376/2288/3294
f 3504/2416/3422 3505/2417/3423 3377/2289/3295
f 3505/2417/3423 3506/2418/3424 3378/2290/3296
f 3506/2418/3424 3507/2419/3425 3379/2291/3297
f 3507/2419/3425 3508/2420/3426 3380/2292/3298
f 3508/2420/3426 3509/2421/3427 3381/2293/3299
f 3509/2421/3427 3510/2422/3428 3382/2294/3300
f 3510/2422/3428 3511/2423/3429 3383/2295/3301
f 3511/2423/3429 3512/2424/3430 3384/2296/3302
f 3512/2424/3430 3513/2425/3431 3385/2297/3303
f 3513/2425/3431 3514/2426/3432 3386/2298/3304
f 3514/2426/3432 3515/2427/3433 3387/2299/3305
f 3515/2427/3433 3516/2428/3434 3388/2300/3306
f 3516/2428/3434 3517/2429/3435 3389/2301/3307
f 3517/2429/3435 3518/2430/3436 3390/2302/3308
f 3518/2430/3436 3519/2431/3437 3391/2303/3309
f 3519/2431/3437 3520/2432/3438 3392/2304/3310
f 3520/2432/3438 3521/2433/3439 3393/2305/3311
f 3521/2433/3439 3394/4739/3312 3266/2306/3184
f 3652/2563/3568 3651/2690/3567 3523/2435/3441
f 3653/2564/3569 3652/2563/3568 3524/2434/3442
f 3654/2565/3570 3653/2564/3569 3525/2437/3443
f 3655/2566/3571 3654/2565/3570 3526/2438/3444
f 3656/2567/3572 3655/2566/3571 3527/2439/3445
f 3657/2568/3573 3656/2567/3572 3528/2440/3446
f 3658/2569/3574 3657/2568/3573 3529/2441/3447
f 3659/2570/3575 3658/2569/3574 3530/2442/3448
f 3660/2571/3576 3659/2570/3575 3531/2443/3449
f 3661/2572/3577 3660/2571/3576 3532/2444/3450
f 3662/2573/3578 3661/2572/3577 3533/2445/3451
f 3663/2574/3579 3662/2573/3578 3534/2446/3452
f 3664/2575/3580 3663/2574/3579 3535/2447/3453
f 3665/2576/3581 3664/2575/3580 3536/2448/3454
f 3666/2577/3582 3665/2576/3581 3537/2449/3455
f 3667/2578/3583 3666/2577/3582 3538/2450/3456
f 3668/2579/3584 3667/2578/3583 3539/2451/3457
f 3669/2580/3585 3668/2579/3584 3540/2452/3458
f 3670/2581/3586 3669/2580/3585 3541/2453/3459
f 3671/2582/3587 3670/2581/3586 3542/2454/3459
f 3672/2583/3588 3671/2582/3587 3543/2455/3460
f 3673/2584/3589 3672/2583/3588 3544/2456/3461
f 3674/2585/3590 3673/2584/3589 3545/2457/3462
f 3675/2586/3591 3674/2585/3590 3546/2458/3463
f 3676/2587/3592 3675/2586/3591 3547/2459/3464
f 3677/2588/3593 3676/2587/3592 3548/2460/3465
f 3678/2589/3594 3677/2588/3593 3549/2461/3466
f 3679/2590/3595 3678/2589/3594 3550/2462/3467
f 3680/2591/3596 3679/2590/3595 3551/2463/3468
f 3681/2592/3597 3680/2591/3596 3552/2464/3469
f 3682/2593/3598 3681/2592/3597 3553/2465/3470
f 3683/2594/3599 3682/2593/3598 3554/2466/3471
f 3556/2468/3473 3684/2595/3600 3683/2594/3599
f 3557/2469/3474 3685/2596/3601 3684/2595/3600
f 3558/2470/3475 3686/2597/3602 3685/2596/3601
f 3559/2471/3476 3687/2598/3603 3686/2597/3602
f 3560/2472/3477 3688/2599/3604 3687/2598/3603
f 3561/2473/3478 3689/2600/3605 3688/2599/3604
f 3562/2474/3479 3690/2601/3606 3689/2600/3605
f 3563/2475/3480 3691/2602/3607 3690/2601/3606
f 3564/2476/3481 3692/2603/3608 3691/2602/3607
f 3565/2477/3482 3693/2604/3609 3692/2603/3608
f 3566/2478/3483 3694/2605/3610 3693/2604/3609
f 3567/2479/3484 3695/2606/3611 3694/2605/3610
f 3568/2480/3485 3696/2607/3612 3695/2606/3611
f 3569/2481/3486 3697/2608/3613 3696/2607/3612
f 3570/2482/3487 3698/2609/3614 3697/2608/3613
f 3571/2483/3488 3699/2610/3615 3698/2609/3614
f 3572/2484/3489 3700/2611/3616 3699/2610/3615
f 3573/2485/3490 3701/2612/3617 3700/2611/3616
f 3574/2486/3491 3702/2613/3618 3701/2612/3617
f 3575/2487/3492 3703/2614/3619 3702/2613/3618
f 3576/2488/3493 3704/2615/3620 3703/2614/3619
f 3577/2489/3494 3705/2616/3621 3704/2615/3620
f 3578/2490/3495 3706/2617/3622 3705/2616/3621
f 3579/2491/3496 3707/2618/3623 3706/2617/3622
f 3580/2492/3497 3708/2619/3624 3707/2618/3623
f 3581/2493/3498 3709/2620/3625 3708/2619/3624
f 3582/2494/3499 3710/2621/3626 3709/2620/3625
f 3583/2495/3500 3711/2622/3627 3710/2621/3626
f 3584/2496/3501 3712/2623/3628 3711/2622/3627
f 3585/2497/3502 3713/2624/3629 3712/2623/3628
f 3586/2498/3503 3714/2625/3630 3713/2624/3629
f 3587/2499/3504 3715/2752/3631 3714/2625/3630
f 3716/2626/3632 3715/2752/3631 3587/2499/3504
f 3717/2627/3633 3716/2626/3632 3588/2500/3505
f 3718/2628/3634 3717/2627/3633 3589/2501/3506
f 3719/2629/3635 3718/2628/3634 3590/2502/3507
f 3720/2630/3636 3719/2629/3635 3591/2503/3508
f 3721/2631/3637 3720/2630/3636 3592/2504/3509
f 3722/2632/3638 3721/2631/3637 3593/2505/3510
f 3723/2633/3639 3722/2632/3638 3594/2506/3511
f 3724/2634/3640 3723/2633/3639 3595/2507/3512
f 3725/2635/3641 3724/2634/3640 3596/2508/3513
f 3726/2636/3642 3725/2635/3641 3597/2509/3514
f 3727/2637/3643 3726/2636/3642 3598/2510/3515
f 3728/2638/3644 3727/2637/3643 3599/2511/3516
f 3729/2639/3645 3728/2638/3644 3600/2512/3517
f 3730/2640/3646 3729/2639/3645 3601/2513/3518
f 3731/2641/3647 3730/2640/3646 3602/2514/3519
f 3732/2642/3648 3731/2641/3647 3603/2515/3520
f 3733/2643/3649 3732/2642/3648 3604/2516/3521
f 3734/2644/3650 3733/2643/3649 3605/2517/3522
f 3735/2645/3651 3734/2644/3650 3606/2518/3522
f 3736/2646/3652 3735/2645/3651 3607/2519/3523
f 3737/2647/3653 3736/2646/3652 3608/2520/3524
f 3738/2648/3654 3737/2647/3653 3609/2521/3525
f 3739/2649/3655 3738/2648/3654 3610/2522/3526
f 3740/2650/3656 3739/2649/3655 3611/2523/3527
f 3741/2651/3657 3740/2650/3656 3612/2524/3528
f 3742/2652/3658 3741/2651/3657 3613/2525/3529
f 3743/2653/3659 3742/2652/3658 3614/2526/3530
f 3744/2654/3660 3743/2653/3659 3615/2527/3531
f 3745/2655/3661 3744/2654/3660 3616/2528/3532
f 3746/2656/3662 3745/2655/3661 3617/2529/3533
f 3747/2657/3663 3746/2656/3662 3618/2530/3534
f 3620/2532/3536 3748/2658/3664 3747/2657/3663
f 3621/2533/3537 3749/2659/3665 3748/2658/3664
f 3622/2534/3538 3750/2660/3666 3749/2659/3665
f 3623/2535/3539 3751/2661/3667 3750/2660/3666
f 3624/2536/3540 3752/2662/3668 3751/2661/3667
f 3625/2537/3541 3753/2663/3669 3752/2662/3668
f 3626/2538/3542 3754/2664/3670 3753/2663/3669
f 3627/2539/3543 3755/2665/3671 3754/2664/3670
f 3628/2540/3544 3756/2666/3672 3755/2665/3671
f 3629/2541/3545 3757/2667/3673 3756/2666/3672
f 3630/2542/3546 3758/2668/3674 3757/2667/3673
f 3631/2543/3547 3759/2669/3675 3758/2668/3674
f 3632/2544/3548 3760/2670/3676 3759/2669/3675
f 3633/2545/3549 3761/2671/3677 3760/2670/3676
f 3634/2546/3550 3762/2672/3678 3761/2671/3677
f 3635/2547/3551 3763/2673/3679 3762/2672/3678
f 3636/2548/3552 3764/2674/3680 3763/2673/3679
f 3637/2549/3553 3765/2675/3681 3764/2674/3680
f 3638/2550/3554 3766/2676/3682 3765/2675/3681
f 3639/2551/3555 3767/2677/3683 3766/2676/3682
f 3640/2552/3556 3768/2678/3684 3767/2677/3683
f 3641/2553/3557 3769/2679/3685 3768/2678/3684
f 3642/2554/3558 3770/2680/3686 3769/2679/3685
f 3643/2555/3559 3771/2681/3687 3770/2680/3686
f 3644/2556/3560 3772/2682/3688 3771/2681/3687
f 3645/2557/3561 3773/2683/3689 3772/2682/3688
f 3646/2558/3562 3774/2684/3690 3773/2683/3689
f 3647/2559/3563 3775/2685/3691 3774/2684/3690
f 3648/2560/3564 3776/2686/3692 3775/2685/3691
f 3649/2561/3565 3777/2687/3693 3776/2686/3692
f 3650/2562/3566 3778/2688/3694 3777/2687/3693
f 3523/2435/3441 3651/2690/3567 3778/2688/3694
f 3780/2689/3696 3779/2818/3695 3651/2690/3567
f 3781/2691/3697 3780/2689/3696 3652/2563/3568
f 3782/2692/3698 3781/2691/3697 3653/2564/3569
f 3783/2693/3699 3782/2692/3698 3654/2565/3570
f 3784/2694/3700 3783/2693/3699 3655/2566/3571
f 3785/2695/3701 3784/2694/3700 3656/2567/3572
f 3786/2696/3702 3785/2695/3701 3657/2568/3573
f 3787/2697/3703 3786/2696/3702 3658/2569/3574
f 3788/2698/3704 3787/2697/3703 3659/2570/3575
f 3789/2699/3705 3788/2698/3704 3660/2571/3576
f 3790/2700/3706 3789/2699/3705 3661/2572/3577
f 3791/2701/3707 3790/2700/3706 3662/2573/3578
f 3792/2702/3708 3791/2701/3707 3663/2574/3579
f 3793/2703/3709 3792/2702/3708 3664/2575/3580
f 3794/2704/3710 3793/2703/3709 3665/2576/3581
f 3795/2705/3711 3794/2704/3710 3666/2577/3582
f 3796/2706/3712 3795/2705/3711 3667/2578/3583
f 3797/2707/3713 3796/2706/3712 3668/2579/3584
f 3798/2708/3714 3797/2707/3713 3669/2580/3585
f 3799/2709/3715 3798/2708/3714 3670/2581/3586
f 3800/2710/3716 3799/2709/3715 3671/2582/3587
f 3801/2711/3717 3800/2710/3716 3672/2583/3588
f 3802/2712/3718 3801/2711/3717 3673/2584/3589
f 3803/2713/3719 3802/2712/3718 3674/2585/3590
f 3804/2714/3720 3803/2713/3719 3675/2586/3591
f 3805/2715/3721 3804/2714/3720 3676/2587/3592
f 3806/2716/3722 3805/2715/3721 3677/2588/3593
f 3807/2717/3723 3806/2716/3722 3678/2589/3594
f 3808/2718/3724 3807/2717/3723 3679/2590/3595
f 3809/2719/3725 3808/2718/3724 3680/2591/3596
f 3810/2720/3726 3809/2719/3725 3681/2592/3597
f 3811/2721/3727 3810/2720/3726 3682/2593/3598
f 3684/2595/3600 3812/2722/3728 3811/2721/3727
f 3685/2596/3601 3813/2723/3729 3812/2722/3728
f 3686/2597/3602 3814/2724/3730 3813/2723/3729
f 3687/2598/3603 3815/2725/3731 3814/2724/3730
f 3688/2599/3604 3816/2726/3732 3815/2725/3731
f 3689/2600/3605 3817/2727/3733 3816/2726/3732
f 3690/2601/3606 3818/2728/3734 3817/2727/3733
f 3691/2602/3607 3819/2729/3735 3818/2728/3734
f 3692/2603/3608 3820/2730/3736 3819/2729/3735
f 3693/2604/3609 3821/2731/3737 3820/2730/3736
f 3694/2605/3610 3822/2732/3738 3821/2731/3737
f 3695/2606/3611 3823/2733/3739 3822/2732/3738
f 3696/2607/3612 3824/2734/3740 3823/2733/3739
f 3697/2608/3613 3825/2735/3741 3824/2734/3740
f 3698/2609/3614 3826/2736/3742 3825/2735/3741
f 3699/2610/3615 3827/2737/3743 3826/2736/3742
f 3700/2611/3616 3828/2738/3744 3827/2737/3743
f 3701/2612/3617 3829/2739/3745 3828/2738/3744
f 3702/2613/3618 3830/2740/3746 3829/2739/3745
f 3703/2614/3619 3831/2741/3747 3830/2740/3746
f 3704/2615/3620 3832/2742/3748 3831/2741/3747
f 3705/2616/3621 3833/2743/3749 3832/2742/3748
f 3706/2617/3622 3834/2744/3750 3833/2743/3749
f 3707/2618/3623 3835/2745/3751 3834/2744/3750
f 3708/2619/3624 3836/2746/3752 3835/2745/3751
f 3709/2620/3625 3837/2747/3753 3836/2746/3752
f 3710/2621/3626 3838/2748/3754 3837/2747/3753
f 3711/2622/3627 3839/2749/3755 3838/2748/3754
f 3712/2623/3628 3840/2750/3756 3839/2749/3755
f 3713/2624/3629 3841/2751/3757 3840/2750/3756
f 3714/2625/3630 3842/2753/3758 3841/2751/3757
f 3715/2752/3631 3843/2880/3759 3842/2753/3758
f 3844/2754/3760 3843/2880/3759 3715/2752/3631
f 3845/2755/3761 3844/2754/3760 3716/2626/3632
f 3846/2756/3762 3845/2755/3761 3717/2627/3633
f 3847/2757/3763 3846/2756/3762 3718/2628/3634
f 3848/2758/3764 3847/2757/3763 3719/2629/3635
f 3849/2759/3765 3848/2758/3764 3720/2630/3636
f 3850/2760/3766 3849/2759/3765 3721/2631/3637
f 3851/2761/3767 3850/2760/3766 3722/2632/3638
f 3852/2762/3768 3851/2761/3767 3723/2633/3639
f 3853/2763/3769 3852/2762/3768 3724/2634/3640
f 3854/2764/3770 3853/2763/3769 3725/2635/3641
f 3855/2765/3771 3854/2764/3770 3726/2636/3642
f 3856/2766/3772 3855/2765/3771 3727/2637/3643
f 3857/2767/3773 3856/2766/3772 3728/2638/3644
f 3858/2768/3774 3857/2767/3773 3729/2639/3645
f 3859/2769/3775 3858/2768/3774 3730/2640/3646
f 3860/2770/3776 3859/2769/3775 3731/2641/3647
f 3861/2771/3777 3860/2770/3776 3732/2642/3648
f 3862/2772/3778 3861/2771/3777 3733/2643/3649
f 3863/2773/3779 3862/2772/3778 3734/2644/3650
f 3864/2774/3780 3863/2773/3779 3735/2645/3651
f 3865/2775/3781 3864/2774/3780 3736/2646/3652
f 3866/2776/3782 3865/2775/3781 3737/2647/3653
f 3867/2777/3783 3866/2776/3782 3738/2648/3654
f 3868/2778/3784 3867/2777/3783 3739/2649/3655
f 3869/2779/3785 3868/2778/3784 3740/2650/3656
f 3870/2780/3786 3869/2779/3785 3741/2651/3657
f 3871/2781/3787 3870/2780/3786 3742/2652/3658
f 3872/2782/3788 3871/2781/3787 3743/2653/3659
f 3873/2783/3789 3872/2782/3788 3744/2654/3660
f 3874/2784/3790 3873/2783/3789 3745/2655/3661
f 3875/2785/3791 3874/2784/3790 3746/2656/3662
f 3748/2658/3664 3876/2786/3792 3875/2785/3791
f 3749/2659/3665 3877/2787/3793 3876/2786/3792
f 3750/2660/3666 3878/2788/3794 3877/2787/3793
f 3751/2661/3667 3879/2789/3795 3878/2788/3794
f 3752/2662/3668 3880/2790/3796 3879/2789/3795
f 3753/2663/3669 3881/2791/3797 3880/2790/3796
f 3754/2664/3670 3882/2792/3798 3881/2791/3797
f 3755/2665/3671 3883/2793/3799 3882/2792/3798
f 3756/2666/3672 3884/2794/3800 3883/2793/3799
f 3757/2667/3673 3885/2795/3801 3884/2794/3800
f 3758/2668/3674 3886/2796/3802 3885/2795/3801
f 3759/2669/3675 3887/2797/3803 3886/2796/3802
f 3760/2670/3676 3888/2798/3804 3887/2797/3803
f 3761/2671/3677 3889/2799/3805 3888/2798/3804
f 3762/2672/3678 3890/2800/3806 3889/2799/3805
f 3763/2673/3679 3891/2801/3807 3890/2800/3806
f 3764/2674/3680 3892/2802/3808 3891/2801/3807
f 3765/2675/3681 3893/2803/3809 3892/2802/3808
f 3766/2676/3682 3894/2804/3810 3893/2803/3809
f 3767/2677/3683 3895/2805/3811 3894/2804/3810
f 3768/2678/3684 3896/2806/3812 3895/2805/3811
f 3769/2679/3685 3897/2807/3813 3896/2806/3812
f 3770/2680/3686 3898/2808/3814 3897/2807/3813
f 3771/2681/3687 3899/2809/3815 3898/2808/3814
f 3772/2682/3688 3900/2810/3816 3899/2809/3815
f 3773/2683/3689 3901/2811/3817 3900/2810/3816
f 3774/2684/3690 3902/2812/3818 3901/2811/3817
f 3775/2685/3691 3903/2813/3819 3902/2812/3818
f 3776/2686/3692 3904/2814/3820 3903/2813/3819
f 3777/2687/3693 3905/2815/3821 3904/2814/3820
f 3778/2688/3694 3906/2816/3822 3905/2815/3821
f 3651/2690/3567 3779/2818/3695 3906/2816/3822
f 3908/2817/3824 3907/2946/3823 3779/2818/3695
f 3909/2819/3825 3908/2817/3824 3780/2689/3696
f 3910/2820/3826 3909/2819/3825 3781/2691/3697
f 3911/2821/3827 3910/2820/3826 3782/2692/3698
f 3912/2822/3828 3911/2821/3827 3783/2693/3699
f 3913/2823/3829 3912/2822/3828 3784/2694/3700
f 3914/2824/3830 3913/2823/3829 3785/2695/3701
f 3915/2825/3831 3914/2824/3830 3786/2696/3702
f 3916/2826/3832 3915/2825/3831 3787/2697/3703
f 3917/2827/3833 3916/2826/3832 3788/2698/3704
f 3918/2828/3834 3917/2827/3833 3789/2699/3705
f 3919/2829/3835 3918/2828/3834 3790/2700/3706
f 3920/2830/3836 3919/2829/3835 3791/2701/3707
f 3921/2831/3837 3920/2830/3836 3792/2702/3708
f 3922/2832/3838 3921/2831/3837 3793/2703/3709
f 3923/2833/3839 3922/2832/3838 3794/2704/3710
f 3924/2834/3840 3923/2833/3839 3795/2705/3711
f 3925/2835/3841 3924/2834/3840 3796/2706/3712
f 3926/2836/3842 3925/2835/3841 3797/2707/3713
f 3927/2837/3843 3926/2836/3842 3798/2708/3714
f 3928/2838/3844 3927/2837/3843 3799/2709/3715
f 3929/2839/3845 3928/2838/3844 3800/2710/3716
f 3930/2840/3846 3929/2839/3845 3801/2711/3717
f 3931/2841/3847 3930/2840/3846 3802/2712/3718
f 3932/2842/3848 3931/2841/3847 3803/2713/3719
f 3933/2843/3849 3932/2842/3848 3804/2714/3720
f 3934/2844/3850 3933/2843/3849 3805/2715/3721
f 3935/2845/3851 3934/2844/3850 3806/2716/3722
f 3936/2846/3852 3935/2845/3851 3807/2717/3723
f 3937/2847/3853 3936/2846/3852 3808/2718/3724
f 3938/2848/3854 3937/2847/3853 3809/2719/3725
f 3939/2849/3855 3938/2848/3854 3810/2720/3726
f 3812/2722/3728 3940/2850/3856 3939/2849/3855
f 3813/2723/3729 3941/2851/3857 3940/2850/3856
f 3814/2724/3730 3942/2852/3858 3941/2851/3857
f 3815/2725/3731 3943/2853/3859 3942/2852/3858
f 3816/2726/3732 3944/2854/3860 3943/2853/3859
f 3817/2727/3733 3945/2855/3861 3944/2854/3860
f 3818/2728/3734 3946/2856/3862 3945/2855/3861
f 3819/2729/3735 3947/2857/3863 3946/2856/3862
f 3820/2730/3736 3948/2858/3864 3947/2857/3863
f 3821/2731/3737 3949/2859/3865 3948/2858/3864
f 3822/2732/3738 3950/2860/3866 3949/2859/3865
f 3823/2733/3739 3951/2861/3867 3950/2860/3866
f 3824/2734/3740 3952/2862/3868 3951/2861/3867
f 3825/2735/3741 3953/2863/3869 3952/2862/3868
f 3826/2736/3742 3954/2864/3870 3953/2863/3869
f 3827/2737/3743 3955/2865/3871 3954/2864/3870
f 3828/2738/3744 3956/2866/3872 3955/2865/3871
f 3829/2739/3745 3957/2867/3873 3956/2866/3872
f 3830/2740/3746 3958/2868/3874 3957/2867/3873
f 3831/2741/3747 3959/2869/3875 3958/2868/3874
f 3832/2742/3748 3960/2870/3876 3959/2869/3875
f 3833/2743/3749 3961/2871/3877 3960/2870/3876
f 3834/2744/3750 3962/2872/3878 3961/2871/3877
f 3835/2745/3751 3963/2873/3879 3962/2872/3878
f 3836/2746/3752 3964/2874/3880 3963/2873/3879
f 3837/2747/3753 3965/2875/3881 3964/2874/3880
f 3838/2748/3754 3966/2876/3882 3965/2875/3881
f 3839/2749/3755 3967/2877/3883 3966/2876/3882
f 3840/2750/3756 3968/2878/3884 3967/2877/3883
f 3841/2751/3757 3969/2879/3885 3968/2878/3884
f 3842/2753/3758 3970/2881/3886 3969/2879/3885
f 3843/2880/3759 3971/3008/3887 3970/2881/3886
f 3972/2882/3888 3971/3008/3887 3843/2880/3759
f 3973/2883/3889 3972/2882/3888 3844/2754/3760
f 3974/2884/3890 3973/2883/3889 3845/2755/3761
f 3975/2885/3891 3974/2884/3890 3846/2756/3762
f 3976/2886/3892 3975/2885/3891 3847/2757/3763
f 3977/2887/3893 3976/2886/3892 3848/2758/3764
f 3978/2888/3894 3977/2887/3893 3849/2759/3765
f 3979/2889/3895 3978/2888/3894 3850/2760/3766
f 3980/2890/3896 3979/2889/3895 3851/2761/3767
f 3981/2891/3897 3980/2890/3896 3852/2762/3768
f 3982/2892/3898 3981/2891/3897 3853/2763/3769
f 3983/2893/3899 3982/2892/3898 3854/2764/3770
f 3984/2894/3900 3983/2893/3899 3855/2765/3771
f 3985/2895/3901 3984/2894/3900 3856/2766/3772
f 3986/2896/3902 3985/2895/3901 3857/2767/3773
f 3987/2897/3903 3986/2896/3902 3858/2768/3774
f 3988/2898/3904 3987/2897/3903 3859/2769/3775
f 3989/2899/3905 3988/2898/3904 3860/2770/3776
f 3990/2900/3906 3989/2899/3905 3861/2771/3777
f 3991/2901/3907 3990/2900/3906 3862/2772/3778
f 3992/2902/3908 3991/2901/3907 3863/2773/3779
f 3993/2903/3909 3992/2902/3908 3864/2774/3780
f 3994/2904/3910 3993/2903/3909 3865/2775/3781
f 3995/2905/3911 3994/2904/3910 3866/2776/3782
f 3996/2906/3912 3995/2905/3911 3867/2777/3783
f 3997/2907/3913 3996/2906/3912 3868/2778/3784
f 3998/2908/3914 3997/2907/3913 3869/2779/3785
f 3999/2909/3915 3998/2908/3914 3870/2780/3786
f 4000/2910/3916 3999/2909/3915 3871/2781/3787
f 4001/2911/3917 4000/2910/3916 3872/2782/3788
f 4002/2912/3918 4001/2911/3917 3873/2783/3789
f 4003/2913/3919 4002/2912/3918 3874/2784/3790
f 3876/2786/3792 4004/2914/3920 4003/2913/3919
f 3877/2787/3793 4005/2915/3921 4004/2914/3920
f 3878/2788/3794 4006/2916/3922 4005/2915/3921
f 3879/2789/3795 4007/2917/3923 4006/2916/3922
f 3880/2790/3796 4008/2918/3924 4007/2917/3923
f 3881/2791/3797 4009/2919/3925 4008/2918/3924
f 3882/2792/3798 4010/2920/3926 4009/2919/3925
f 3883/2793/3799 4011/2921/3927 4010/2920/3926
f 3884/2794/3800 4012/2922/3928 4011/2921/3927
f 3885/2795/3801 4013/2923/3929 4012/2922/3928
f 3886/2796/3802 4014/2924/3930 4013/2923/3929
f 3887/2797/3803 4015/2925/3931 4014/2924/3930
f 3888/2798/3804 4016/2926/3932 4015/2925/3931
f 3889/2799/3805 4017/2927/3933 4016/2926/3932
f 3890/2800/3806 4018/2928/3934 4017/2927/3933
f 3891/2801/3807 4019/2929/3935 4018/2928/3934
f 3892/2802/3808 4020/2930/3936 4019/2929/3935
f 3893/2803/3809 4021/2931/3937 4020/2930/3936
f 3894/2804/3810 4022/2932/3938 4021/2931/3937
f 3895/2805/3811 4023/2933/3939 4022/2932/3938
f 3896/2806/3812 4024/2934/3940 4023/2933/3939
f 3897/2807/3813 4025/2935/3941 4024/2934/3940
f 3898/2808/3814 4026/2936/3942 4025/2935/3941
f 3899/2809/3815 4027/2937/3943 4026/2936/3942
f 3900/2810/3816 4028/2938/3944 4027/2937/3943
f 3901/2811/3817 4029/2939/3945 4028/2938/3944
f 3902/2812/3818 4030/2940/3946 4029/2939/3945
f 3903/2813/3819 4031/2941/3947 4030/2940/3946
f 3904/2814/3820 4032/2942/3948 4031/2941/3947
f 3905/2815/3821 4033/2943/3949 4032/2942/3948
f 3906/2816/3822 4034/2944/3950 4033/2943/3949
f 3779/2818/3695 3907/2946/3823 4034/2944/3950
f 4036/2945/3952 4035/3074/3951 3907/2946/3823
f 4037/2947/3953 4036/2945/3952 3908/2817/3824
f 4038/2948/3954 4037/2947/3953 3909/2819/3825
f 4039/2949/3955 4038/2948/3954 3910/2820/3826
f 4040/2950/3956 4039/2949/3955 3911/2821/3827
f 4041/2951/3957 4040/2950/3956 3912/2822/3828
f 4042/2952/3958 4041/2951/3957 3913/2823/3829
f 4043/2953/3959 4042/2952/3958 3914/2824/3830
f 4044/2954/3960 4043/2953/3959 3915/2825/3831
f 4045/2955/3961 4044/2954/3960 3916/2826/3832
f 4046/2956/3962 4045/2955/3961 3917/2827/3833
f 4047/2957/3963 4046/2956/3962 3918/2828/3834
f 4048/2958/3964 4047/2957/3963 3919/2829/3835
f 4049/2959/3965 4048/2958/3964 3920/2830/3836
f 4050/2960/3966 4049/2959/3965 3921/2831/3837
f 4051/2961/3967 4050/2960/3966 3922/2832/3838
f 4052/2962/3968 4051/2961/3967 3923/2833/3839
f 4053/2963/3969 4052/2962/3968 3924/2834/3840
f 4054/2964/3970 4053/2963/3969 3925/2835/3841
f 4055/2965/3971 4054/2964/3970 3926/2836/3842
f 4056/2966/3972 4055/2965/3971 3927/2837/3843
f 4057/2967/3973 4056/2966/3972 3928/2838/3844
f 4058/2968/3974 4057/2967/3973 3929/2839/3845
f 4059/2969/3975 4058/2968/3974 3930/2840/3846
f 4060/2970/3976 4059/2969/3975 3931/2841/3847
f 4061/2971/3977 4060/2970/3976 3932/2842/3848
f 4062/2972/3978 4061/2971/3977 3933/2843/3849
f 4063/2973/3979 4062/2972/3978 3934/2844/3850
f 4064/2974/3980 4063/2973/3979 3935/2845/3851
f 4065/2975/3981 4064/2974/3980 3936/2846/3852
f 4066/2976/3982 4065/2975/3981 3937/2847/3853
f 4067/2977/3983 4066/2976/3982 3938/2848/3854
f 3940/2850/3856 4068/2978/3984 4067/2977/3983
f 3941/2851/3857 4069/2979/3985 4068/2978/3984
f 3942/2852/3858 4070/2980/3986 4069/2979/3985
f 3943/2853/3859 4071/2981/3987 4070/2980/3986
f 3944/2854/3860 4072/2982/3988 4071/2981/3987
f 3945/2855/3861 4073/2983/3989 4072/2982/3988
f 3946/2856/3862 4074/2984/3990 4073/2983/3989
f 3947/2857/3863 4075/2985/3991 4074/2984/3990
f 3948/2858/3864 4076/2986/3992 4075/2985/3991
f 3949/2859/3865 4077/2987/3993 4076/2986/3992
f 3950/2860/3866 4078/2988/3994 4077/2987/3993
f 3951/2861/3867 4079/2989/3995 4078/2988/3994
f 3952/2862/3868 4080/2990/3996 4079/2989/3995
f 3953/2863/3869 4081/2991/3997 4080/2990/3996
f 3954/2864/3870 4082/2992/3998 4081/2991/3997
f 3955/2865/3871 4083/2993/3999 4082/2992/3998
f 3956/2866/3872 4084/2994/4000 4083/2993/3999
f 3957/2867/3873 4085/2995/4001 4084/2994/4000
f 3958/2868/3874 4086/2996/4002 4085/2995/4001
f 3959/2869/3875 4087/2997/4003 4086/2996/4002
f 3960/2870/3876 4088/2998/4004 4087/2997/4003
f 3961/2871/3877 4089/2999/4005 4088/2998/4004
f 3962/2872/3878 4090/3000/4006 4089/2999/4005
f 3963/2873/3879 4091/3001/4007 4090/3000/4006
f 3964/2874/3880 4092/3002/4008 4091/3001/4007
f 3965/2875/3881 4093/3003/4009 4092/3002/4008
f 3966/2876/3882 4094/3004/4010 4093/3003/4009
f 3967/2877/3883 4095/3005/4011 4094/3004/4010
f 3968/2878/3884 4096/3006/4012 4095/3005/4011
f 3969/2879/3885 4097/3007/4013 4096/3006/4012
f 3970/2881/3886 4098/3009/4014 4097/3007/4013
f 3971/3008/3887 4099/3136/4015 4098/3009/4014
f 4100/3010/4016 4099/3136/4015 3971/3008/3887
f 4101/3011/4017 4100/3010/4016 3972/2882/3888
f 4102/3012/4018 4101/3011/4017 3973/2883/3889
f 4103/3013/4019 4102/3012/4018 3974/2884/3890
f 4104/3014/4020 4103/3013/4019 3975/2885/3891
f 4105/3015/4021 4104/3014/4020 3976/2886/3892
f 4106/3016/4022 4105/3015/4021 3977/2887/3893
f 4107/3017/4023 4106/3016/4022 3978/2888/3894
f 4108/3018/4024 4107/3017/4023 3979/2889/3895
f 4109/3019/4025 4108/3018/4024 3980/2890/3896
f 4110/3020/4026 4109/3019/4025 3981/2891/3897
f 4111/3021/4027 4110/3020/4026 3982/2892/3898
f 4112/3022/4028 4111/3021/4027 3983/2893/3899
f 4113/3023/4029 4112/3022/4028 3984/2894/3900
f 4114/3024/4030 4113/3023/4029 3985/2895/3901
f 4115/3025/4031 4114/3024/4030 3986/2896/3902
f 4116/3026/4032 4115/3025/4031 3987/2897/3903
f 4117/3027/4033 4116/3026/4032 3988/2898/3904
f 4118/3028/4034 4117/3027/4033 3989/2899/3905
f 4119/3029/4035 4118/3028/4034 3990/2900/3906
f 4120/3030/4036 4119/3029/4035 3991/2901/3907
f 4121/3031/4037 4120/3030/4036 3992/2902/3908
f 4122/3032/4038 4121/3031/4037 3993/2903/3909
f 4123/3033/4039 4122/3032/4038 3994/2904/3910
f 4124/3034/4040 4123/3033/4039 3995/2905/3911
f 4125/3035/4041 4124/3034/4040 3996/2906/3912
f 4126/3036/4042 4125/3035/4041 3997/2907/3913
f 4127/3037/4043 4126/3036/4042 3998/2908/3914
f 4128/3038/4044 4127/3037/4043 3999/2909/3915
f 4129/3039/4045 4128/3038/4044 4000/2910/3916
f 4130/3040/4046 4129/3039/4045 4001/2911/3917
f 4131/3041/4047 4130/3040/4046 4002/2912/3918
f 4004/2914/3920 4132/3042/4048 4131/3041/4047
f 4005/2915/3921 4133/3043/4049 4132/3042/4048
f 4006/2916/3922 4134/3044/4050 4133/3043/4049
f 4007/2917/3923 4135/3045/4051 4134/3044/4050
f 4008/2918/3924 4136/3046/4052 4135/3045/4051
f 4009/2919/3925 4137/3047/4053 4136/3046/4052
f 4010/2920/3926 4138/3048/4054 4137/3047/4053
f 4011/2921/3927 4139/3049/4055 4138/3048/4054
f 4012/2922/3928 4140/3050/4056 4139/3049/4055
f 4013/2923/3929 4141/3051/4057 4140/3050/4056
f 4014/2924/3930 4142/3052/4058 4141/3051/4057
f 4015/2925/3931 4143/3053/4059 4142/3052/4058
f 4016/2926/3932 4144/3054/4060 4143/3053/4059
f 4017/2927/3933 4145/3055/4061 4144/3054/4060
f 4018/2928/3934 4146/3056/4062 4145/3055/4061
f 4019/2929/3935 4147/3057/4063 4146/3056/4062
f 4020/2930/3936 4148/3058/4064 4147/3057/4063
f 4021/2931/3937 4149/3059/4065 4148/3058/4064
f 4022/2932/3938 4150/3060/4066 4149/3059/4065
f 4023/2933/3939 4151/3061/4067 4150/3060/4066
f 4024/2934/3940 4152/3062/4068 4151/3061/4067
f 4025/2935/3941 4153/3063/4069 4152/3062/4068
f 4026/2936/3942 4154/3064/4070 4153/3063/4069
f 4027/2937/3943 4155/3065/4071 4154/3064/4070
f 4028/2938/3944 4156/3066/4072 4155/3065/4071
f 4029/2939/3945 4157/3067/4073 4156/3066/4072
f 4030/2940/3946 4158/3068/4074 4157/3067/4073
f 4031/2941/3947 4159/3069/4075 4158/3068/4074
f 4032/2942/3948 4160/3070/4076 4159/3069/4075
f 4033/2943/3949 4161/3071/4077 4160/3070/4076
f 4034/2944/3950 4162/3072/4078 4161/3071/4077
f 3907/2946/3823 4035/3074/3951 4162/3072/4078
f 4164/3073/4080 4163/3202/4079 4035/3074/3951
f 4165/3075/4081 4164/3073/4080 4036/2945/3952
f 4166/3076/4082 4165/3075/4081 4037/2947/3953
f 4167/3077/4083 4166/3076/4082 4038/2948/3954
f 4168/3078/4084 4167/3077/4083 4039/2949/3955
f 4169/3079/4085 4168/3078/4084 4040/2950/3956
f 4170/3080/4086 4169/3079/4085 4041/2951/3957
f 4171/3081/4087 4170/3080/4086 4042/2952/3958
f 4172/3082/4088 4171/3081/4087 4043/2953/3959
f 4173/3083/4089 4172/3082/4088 4044/2954/3960
f 4174/3084/4090 4173/3083/4089 4045/2955/3961
f 4175/3085/4091 4174/3084/4090 4046/2956/3962
f 4176/3086/4092 4175/3085/4091 4047/2957/3963
f 4177/3087/4093 4176/3086/4092 4048/2958/3964
f 4178/3088/4094 4177/3087/4093 4049/2959/3965
f 4179/3089/4095 4178/3088/4094 4050/2960/3966
f 4180/3090/4096 4179/3089/4095 4051/2961/3967
f 4181/3091/4097 4180/3090/4096 4052/2962/3968
f 4182/3092/4098 4181/3091/4097 4053/2963/3969
f 4183/3093/4099 4182/3092/4098 4054/2964/3970
f 4184/3094/4100 4183/3093/4099 4055/2965/3971
f 4185/3095/4101 4184/3094/4100 4056/2966/3972
f 4186/3096/4102 4185/3095/4101 4057/2967/3973
f 4187/3097/4103 4186/3096/4102 4058/2968/3974
f 4188/3098/4104 4187/3097/4103 4059/2969/3975
f 4189/3099/4105 4188/3098/4104 4060/2970/3976
f 4190/3100/4106 4189/3099/4105 4061/2971/3977
f 4191/3101/4107 4190/3100/4106 4062/2972/3978
f 4192/3102/4108 4191/3101/4107 4063/2973/3979
f 4193/3103/4109 4192/3102/4108 4064/2974/3980
f 4194/3104/4110 4193/3103/4109 4065/2975/3981
f 4195/3105/4111 4194/3104/4110 4066/2976/3982
f 4068/2978/3984 4196/3106/4112 4195/3105/4111
f 4069/2979/3985 4197/3107/4113 4196/3106/4112
f 4070/2980/3986 4198/3108/4114 4197/3107/4113
f 4071/2981/3987 4199/3109/4115 4198/3108/4114
f 4072/2982/3988 4200/3110/4116 4199/3109/4115
f 4073/2983/3989 4201/3111/4117 4200/3110/4116
f 4074/2984/3990 4202/3112/4118 4201/3111/4117
f 4075/2985/3991 4203/3113/4119 4202/3112/4118
f 4076/2986/3992 4204/3114/4120 4203/3113/4119
f 4077/2987/3993 4205/3115/4121 4204/3114/4120
f 4078/2988/3994 4206/3116/4122 4205/3115/4121
f 4079/2989/3995 4207/3117/4123 4206/3116/4122
f 4080/2990/3996 4208/3118/4124 4207/3117/4123
f 4081/2991/3997 4209/3119/4125 4208/3118/4124
f 4082/2992/3998 4210/3120/4126 4209/3119/4125
f 4083/2993/3999 4211/3121/4127 4210/3120/4126
f 4084/2994/4000 4212/3122/4128 4211/3121/4127
f 4085/2995/4001 4213/3123/4129 4212/3122/4128
f 4086/2996/4002 4214/3124/4130 4213/3123/4129
f 4087/2997/4003 4215/3125/4131 4214/3124/4130
f 4088/2998/4004 4216/3126/4132 4215/3125/4131
f 4089/2999/4005 4217/3127/4133 4216/3126/4132
f 4090/3000/4006 4218/3128/4134 4217/3127/4133
f 4091/3001/4007 4219/3129/4135 4218/3128/4134
f 4092/3002/4008 4220/3130/4136 4219/3129/4135
f 4093/3003/4009 4221/3131/4137 4220/3130/4136
f 4094/3004/4010 4222/3132/4138 4221/3131/4137
f 4095/3005/4011 4223/3133/4139 4222/3132/4138
f 4096/3006/4012 4224/3134/4140 4223/3133/4139
f 4097/3007/4013 4225/3135/4141 4224/3134/4140
f 4098/3009/4014 4226/3137/4142 4225/3135/4141
f 4099/3136/4015 4227/3264/4143 4226/3137/4142
f 4228/3138/4144 4227/3264/4143 4099/3136/4015
f 4229/3139/4145 4228/3138/4144 4100/3010/4016
f 4230/3140/4146 4229/3139/4145 4101/3011/4017
f 4231/3141/4147 4230/3140/4146 4102/3012/4018
f 4232/3142/4148 4231/3141/4147 4103/3013/4019
f 4233/3143/4149 4232/3142/4148 4104/3014/4020
f 4234/3144/4150 4233/3143/4149 4105/3015/4021
f 4235/3145/4151 4234/3144/4150 4106/3016/4022
f 4236/3146/4152 4235/3145/4151 4107/3017/4023
f 4237/3147/4153 4236/3146/4152 4108/3018/4024
f 4238/3148/4154 4237/3147/4153 4109/3019/4025
f 4239/3149/4155 4238/3148/4154 4110/3020/4026
f 4240/3150/4156 4239/3149/4155 4111/3021/4027
f 4241/3151/4157 4240/3150/4156 4112/3022/4028
f 4242/3152/4158 4241/3151/4157 4113/3023/4029
f 4243/3153/4159 4242/3152/4158 4114/3024/4030
f 4244/3154/4160 4243/3153/4159 4115/3025/4031
f 4245/3155/4161 4244/3154/4160 4116/3026/4032
f 4246/3156/4162 4245/3155/4161 4117/3027/4033
f 4247/3157/4163 4246/3156/4162 4118/3028/4034
f 4248/3158/4164 4247/3157/4163 4119/3029/4035
f 4249/3159/4165 4248/3158/4164 4120/3030/4036
f 4250/3160/4166 4249/3159/4165 4121/3031/4037
f 4251/3161/4167 4250/3160/4166 4122/3032/4038
f 4252/3162/4168 4251/3161/4167 4123/3033/4039
f 4253/3163/4169 4252/3162/4168 4124/3034/4040
f 4254/3164/4170 4253/3163/4169 4125/3035/4041
f 4255/3165/4171 4254/3164/4170 4126/3036/4042
f 4256/3166/4172 4255/3165/4171 4127/3037/4043
f 4257/3167/4173 4256/3166/4172 4128/3038/4044
f 4258/3168/4174 4257/3167/4173 4129/3039/4045
f 4259/3169/4175 4258/3168/4174 4130/3040/4046
f 4132/3042/4048 4260/3170/4176 4259/3169/4175
f 4133/3043/4049 4261/3171/4177 4260/3170/4176
f 4134/3044/4050 4262/3172/4178 4261/3171/4177
f 4135/3045/4051 4263/3173/4179 4262/3172/4178
f 4136/3046/4052 4264/3174/4180 4263/3173/4179
f 4137/3047/4053 4265/3175/4181 4264/3174/4180
f 4138/3048/4054 4266/3176/4182 4265/3175/4181
f 4139/3049/4055 4267/3177/4183 4266/3176/4182
f 4140/3050/4056 4268/3178/4184 4267/3177/4183
f 4141/3051/4057 4269/3179/4185 4268/3178/4184
f 4142/3052/4058 4270/3180/4186 4269/3179/4185
f 4143/3053/4059 4271/3181/4187 4270/3180/4186
f 4144/3054/4060 4272/3182/4188 4271/3181/4187
f 4145/3055/4061 4273/3183/4189 4272/3182/4188
f 4146/3056/4062 4274/3184/4190 4273/3183/4189
f 4147/3057/4063 4275/3185/4191 4274/3184/4190
f 4148/3058/4064 4276/3186/4192 4275/3185/4191
f 4149/3059/4065 4277/3187/4193 4276/3186/4192
f 4150/3060/4066 4278/3188/4194 4277/3187/4193
f 4151/3061/4067 4279/3189/4195 4278/3188/4194
f 4152/3062/4068 4280/3190/4196 4279/3189/4195
f 4153/3063/4069 4281/3191/4197 4280/3190/4196
f 4154/3064/4070 4282/3192/4198 4281/3191/4197
f 4155/3065/4071 4283/3193/4199 4282/3192/4198
f 4156/3066/4072 4284/3194/4200 4283/3193/4199
f 4157/3067/4073 4285/3195/4201 4284/3194/4200
f 4158/3068/4074 4286/3196/4202 4285/3195/4201
f 4159/3069/4075 4287/3197/4203 4286/3196/4202
f 4160/3070/4076 4288/3198/4204 4287/3197/4203
f 4161/3071/4077 4289/3199/4205 4288/3198/4204
f 4162/3072/4078 4290/3200/4206 4289/3199/4205
f 4035/3074/3951 4163/3202/4079 4290/3200/4206
f 4292/3201/4208 4291/3330/4207 4163/3202/4079
f 4293/3203/4209 4292/3201/4208 4164/3073/4080
f 4294/3204/4210 4293/3203/4209 4165/3075/4081
f 4295/3205/4211 4294/3204/4210 4166/3076/4082
f 4296/3206/4212 4295/3205/4211 4167/3077/4083
f 4297/3207/4213 4296/3206/4212 4168/3078/4084
f 4298/3208/4214 4297/3207/4213 4169/3079/4085
f 4299/3209/4215 4298/3208/4214 4170/3080/4086
f 4300/3210/4216 4299/3209/4215 4171/3081/4087
f 4301/3211/4217 4300/3210/4216 4172/3082/4088
f 4302/3212/4218 4301/3211/4217 4173/3083/4089
f 4303/3213/4219 4302/3212/4218 4174/3084/4090
f 4304/3214/4220 4303/3213/4219 4175/3085/4091
f 4305/3215/4221 4304/3214/4220 4176/3086/4092
f 4306/3216/4222 4305/3215/4221 4177/3087/4093
f 4307/3217/4223 4306/3216/4222 4178/3088/4094
f 4308/3218/4224 4307/3217/4223 4179/3089/4095
f 4309/3219/4225 4308/3218/4224 4180/3090/4096
f 4310/3220/4226 4309/3219/4225 4181/3091/4097
f 4311/3221/4227 4310/3220/4226 4182/3092/4098
f 4312/3222/4228 4311/3221/4227 4183/3093/4099
f 4313/3223/4229 4312/3222/4228 4184/3094/4100
f 4314/3224/4230 4313/3223/4229 4185/3095/4101
f 4315/3225/4231 4314/3224/4230 4186/3096/4102
f 4316/3226/4232 4315/3225/4231 4187/3097/4103
f 4317/3227/4233 4316/3226/4232 4188/3098/4104
f 4318/3228/4234 4317/3227/4233 4189/3099/4105
f 4319/3229/4235 4318/3228/4234 4190/3100/4106
f 4320/3230/4236 4319/3229/4235 4191/3101/4107
f 4321/3231/4237 4320/3230/4236 4192/3102/4108
f 4322/3232/4238 4321/3231/4237 4193/3103/4109
f 4323/3233/4239 4322/3232/4238 4194/3104/4110
f 4196/3106/4112 4324/3234/4240 4323/3233/4239
f 4197/3107/4113 4325/3235/4241 4324/3234/4240
f 4198/3108/4114 4326/3236/4242 4325/3235/4241
f 4199/3109/4115 4327/3237/4243 4326/3236/4242
f 4200/3110/4116 4328/3238/4244 4327/3237/4243
f 4201/3111/4117 4329/3239/4245 4328/3238/4244
f 4202/3112/4118 4330/3240/4246 4329/3239/4245
f 4203/3113/4119 4331/3241/4247 4330/3240/4246
f 4204/3114/4120 4332/3242/4248 4331/3241/4247
f 4205/3115/4121 4333/3243/4249 4332/3242/4248
f 4206/3116/4122 4334/3244/4250 4333/3243/4249
f 4207/3117/4123 4335/3245/4251 4334/3244/4250
f 4208/3118/4124 4336/3246/4252 4335/3245/4251
f 4209/3119/4125 4337/3247/4253 4336/3246/4252
f 4210/3120/4126 4338/3248/4254 4337/3247/4253
f 4211/3121/4127 4339/3249/4255 4338/3248/4254
f 4212/3122/4128 4340/3250/4256 4339/3249/4255
f 4213/3123/4129 4341/3251/4257 4340/3250/4256
f 4214/3124/4130 4342/3252/4258 4341/3251/4257
f 4215/3125/4131 4343/3253/4259 4342/3252/4258
f 4216/3126/4132 4344/3254/4260 4343/3253/4259
f 4217/3127/4133 4345/3255/4261 4344/3254/4260
f 4218/3128/4134 4346/3256/4262 4345/3255/4261
f 4219/3129/4135 4347/3257/4263 4346/3256/4262
f 4220/3130/4136 4348/3258/4264 4347/3257/4263
f 4221/3131/4137 4349/3259/4265 4348/3258/4264
f 4222/3132/4138 4350/3260/4266 4349/3259/4265
f 4223/3133/4139 4351/3261/4267 4350/3260/4266
f 4224/3134/4140 4352/3262/4268 4351/3261/4267
f 4225/3135/4141 4353/3263/4269 4352/3262/4268
f 4226/3137/4142 4354/3265/4270 4353/3263/4269
f 4227/3264/4143 4355/3392/4271 4354/3265/4270
f 4356/3266/4272 4355/3392/4271 4227/3264/4143
f 4357/3267/4273 4356/3266/4272 4228/3138/4144
f 4358/3268/4274 4357/3267/4273 4229/3139/4145
f 4359/3269/4275 4358/3268/4274 4230/3140/4146
f 4360/3270/4276 4359/3269/4275 4231/3141/4147
f 4361/3271/4277 4360/3270/4276 4232/3142/4148
f 4362/3272/4278 4361/3271/4277 4233/3143/4149
f 4363/3273/4279 4362/3272/4278 4234/3144/4150
f 4364/3274/4280 4363/3273/4279 4235/3145/4151
f 4365/3275/4281 4364/3274/4280 4236/3146/4152
f 4366/3276/4282 4365/3275/4281 4237/3147/4153
f 4367/3277/4283 4366/3276/4282 4238/3148/4154
f 4368/3278/4284 4367/3277/4283 4239/3149/4155
f 4369/3279/4285 4368/3278/4284 4240/3150/4156
f 4370/3280/4286 4369/3279/4285 4241/3151/4157
f 4371/3281/4287 4370/3280/4286 4242/3152/4158
f 4372/3282/4288 4371/3281/4287 4243/3153/4159
f 4373/3283/4289 4372/3282/4288 4244/3154/4160
f 4374/3284/4290 4373/3283/4289 4245/3155/4161
f 4375/3285/4291 4374/3284/4290 4246/3156/4162
f 4376/3286/4292 4375/3285/4291 4247/3157/4163
f 4377/3287/4293 4376/3286/4292 4248/3158/4164
f 4378/3288/4294 4377/3287/4293 4249/3159/4165
f 4379/3289/4295 4378/3288/4294 4250/3160/4166
f 4380/3290/4296 4379/3289/4295 4251/3161/4167
f 4381/3291/4297 4380/3290/4296 4252/3162/4168
f 4382/3292/4298 4381/3291/4297 4253/3163/4169
f 4383/3293/4299 4382/3292/4298 4254/3164/4170
f 4384/3294/4300 4383/3293/4299 4255/3165/4171
f 4385/3295/4301 4384/3294/4300 4256/3166/4172
f 4386/3296/4302 4385/3295/4301 4257/3167/4173
f 4387/3297/4303 4386/3296/4302 4258/3168/4174
f 4260/3170/4176 4388/3298/4304 4387/3297/4303
f 4261/3171/4177 4389/3299/4305 4388/3298/4304
f 4262/3172/4178 4390/3300/4306 4389/3299/4305
f 4263/3173/4179 4391/3301/4307 4390/3300/4306
f 4264/3174/4180 4392/3302/4308 4391/3301/4307
f 4265/3175/4181 4393/3303/4309 4392/3302/4308
f 4266/3176/4182 4394/3304/4310 4393/3303/4309
f 4267/3177/4183 4395/3305/4311 4394/3304/4310
f 4268/3178/4184 4396/3306/4312 4395/3305/4311
f 4269/3179/4185 4397/3307/4313 4396/3306/4312
f 4270/3180/4186 4398/3308/4314 4397/3307/4313
f 4271/3181/4187 4399/3309/4315 4398/3308/4314
f 4272/3182/4188 4400/3310/4316 4399/3309/4315
f 4273/3183/4189 4401/3311/4317 4400/3310/4316
f 4274/3184/4190 4402/3312/4318 4401/3311/4317
f 4275/3185/4191 4403/3313/4319 4402/3312/4318
f 4276/3186/4192 4404/3314/4320 4403/3313/4319
f 4277/3187/4193 4405/3315/4321 4404/3314/4320
f 4278/3188/4194 4406/3316/4322 4405/3315/4321
f 4279/3189/4195 4407/3317/4323 4406/3316/4322
f 4280/3190/4196 4408/3318/4324 4407/3317/4323
f 4281/3191/4197 4409/3319/4325 4408/3318/4324
f 4282/3192/4198 4410/3320/4326 4409/3319/4325
f 4283/3193/4199 4411/3321/4327 4410/3320/4326
f 4284/3194/4200 4412/3322/4328 4411/3321/4327
f 4285/3195/4201 4413/3323/4329 4412/3322/4328
f 4286/3196/4202 4414/3324/4330 4413/3323/4329
f 4287/3197/4203 4415/3325/4331 4414/3324/4330
f 4288/3198/4204 4416/3326/4332 4415/3325/4331
f 4289/3199/4205 4417/3327/4333 4416/3326/4332
f 4290/3200/4206 4418/3328/4334 4417/3327/4333
f 4163/3202/4079 4291/3330/4207 4418/3328/4334
f 4420/3329/4336 4419/3458/4335 4291/3330/4207
f 4421/3331/4337 4420/3329/4336 4292/3201/4208
f 4422/3332/4338 4421/3331/4337 4293/3203/4209
f 4423/3333/4339 4422/3332/4338 4294/3204/4210
f 4424/3334/4340 4423/3333/4339 4295/3205/4211
f 4425/3335/4341 4424/3334/4340 4296/3206/4212
f 4426/3336/4342 4425/3335/4341 4297/3207/4213
f 4427/3337/4343 4426/3336/4342 4298/3208/4214
f 4428/3338/4344 4427/3337/4343 4299/3209/4215
f 4429/3339/4345 4428/3338/4344 4300/3210/4216
f 4430/3340/4346 4429/3339/4345 4301/3211/4217
f 4431/3341/4347 4430/3340/4346 4302/3212/4218
f 4432/3342/4348 4431/3341/4347 4303/3213/4219
f 4433/3343/4349 4432/3342/4348 4304/3214/4220
f 4434/3344/4350 4433/3343/4349 4305/3215/4221
f 4435/3345/4351 4434/3344/4350 4306/3216/4222
f 4436/3346/4352 4435/3345/4351 4307/3217/4223
f 4437/3347/4353 4436/3346/4352 4308/3218/4224
f 4438/3348/4354 4437/3347/4353 4309/3219/4225
f 4439/3349/4355 4438/3348/4354 4310/3220/4226
f 4440/3350/4356 4439/3349/4355 4311/3221/4227
f 4441/3351/4357 4440/3350/4356 4312/3222/4228
f 4442/3352/4358 4441/3351/4357 4313/3223/4229
f 4443/3353/4359 4442/3352/4358 4314/3224/4230
f 4444/3354/4360 4443/3353/4359 4315/3225/4231
f 4445/3355/4361 4444/3354/4360 4316/3226/4232
f 4446/3356/4362 4445/3355/4361 4317/3227/4233
f 4447/3357/4363 4446/3356/4362 4318/3228/4234
f 4448/3358/4364 4447/3357/4363 4319/3229/4235
f 4449/3359/4365 4448/3358/4364 4320/3230/4236
f 4450/3360/4366 4449/3359/4365 4321/3231/4237
f 4451/3361/4367 4450/3360/4366 4322/3232/4238
f 4324/3234/4240 4452/3362/4368 4451/3361/4367
f 4325/3235/4241 4453/3363/4369 4452/3362/4368
f 4326/3236/4242 4454/3364/4370 4453/3363/4369
f 4327/3237/4243 4455/3365/4371 4454/3364/4370
f 4328/3238/4244 4456/3366/4372 4455/3365/4371
f 4329/3239/4245 4457/3367/4373 4456/3366/4372
f 4330/3240/4246 4458/3368/4374 4457/3367/4373
f 4331/3241/4247 4459/3369/4375 4458/3368/4374
f 4332/3242/4248 4460/3370/4376 4459/3369/4375
f 4333/3243/4249 4461/3371/4377 4460/3370/4376
f 4334/3244/4250 4462/3372/4378 4461/3371/4377
f 4335/3245/4251 4463/3373/4379 4462/3372/4378
f 4336/3246/4252 4464/3374/4380 4463/3373/4379
f 4337/3247/4253 4465/3375/4381 4464/3374/4380
f 4338/3248/4254 4466/3376/4382 4465/3375/4381
f 4339/3249/4255 4467/3377/4383 4466/3376/4382
f 4340/3250/4256 4468/3378/4384 4467/3377/4383
f 4341/3251/4257 4469/3379/4385 4468/3378/4384
f 4342/3252/4258 4470/3380/4386 4469/3379/4385
f 4343/3253/4259 4471/3381/4387 4470/3380/4386
f 4344/3254/4260 4472/3382/4388 4471/3381/4387
f 4345/3255/4261 4473/3383/4389 4472/3382/4388
f 4346/3256/4262 4474/3384/4390 4473/3383/4389
f 4347/3257/4263 4475/3385/4391 4474/3384/4390
f 4348/3258/4264 4476/3386/4392 4475/3385/4391
f 4349/3259/4265 4477/3387/4393 4476/3386/4392
f 4350/3260/4266 4478/3388/4394 4477/3387/4393
f 4351/3261/4267 4479/3389/4395 4478/3388/4394
f 4352/3262/4268 4480/3390/4396 4479/3389/4395
f 4353/3263/4269 4481/3391/4397 4480/3390/4396
f 4354/3265/4270 4482/3393/4398 4481/3391/4397
f 4355/3392/4271 4483/3520/4399 4482/3393/4398
f 4484/3394/4400 4483/3520/4399 4355/3392/4271
f 4485/3395/4401 4484/3394/4400 4356/3266/4272
f 4486/3396/4402 4485/3395/4401 4357/3267/4273
f 4487/3397/4403 4486/3396/4402 4358/3268/4274
f 4488/3398/4404 4487/3397/4403 4359/3269/4275
f 4489/3399/4405 4488/3398/4404 4360/3270/4276
f 4490/3400/4406 4489/3399/4405 4361/3271/4277
f 4491/3401/4407 4490/3400/4406 4362/3272/4278
f 4492/3402/4408 4491/3401/4407 4363/3273/4279
f 4493/3403/4409 4492/3402/4408 4364/3274/4280
f 4494/3404/4410 4493/3403/4409 4365/3275/4281
f 4495/3405/4411 4494/3404/4410 4366/3276/4282
f 4496/3406/4412 4495/3405/4411 4367/3277/4283
f 4497/3407/4413 4496/3406/4412 4368/3278/4284
f 4498/3408/4414 4497/3407/4413 4369/3279/4285
f 4499/3409/4415 4498/3408/4414 4370/3280/4286
f 4500/3410/4416 4499/3409/4415 4371/3281/4287
f 4501/3411/4417 4500/3410/4416 4372/3282/4288
f 4502/3412/4418 4501/3411/4417 4373/3283/4289
f 4503/3413/4419 4502/3412/4418 4374/3284/4290
f 4504/3414/4420 4503/3413/4419 4375/3285/4291
f 4505/3415/4421 4504/3414/4420 4376/3286/4292
f 4506/3416/4422 4505/3415/4421 4377/3287/4293
f 4507/3417/4423 4506/3416/4422 4378/3288/4294
f 4508/3418/4424 4507/3417/4423 4379/3289/4295
f 4509/3419/4425 4508/3418/4424 4380/3290/4296
f 4510/3420/4426 4509/3419/4425 4381/3291/4297
f 4511/3421/4427 4510/3420/4426 4382/3292/4298
f 4512/3422/4428 4511/3421/4427 4383/3293/4299
f 4513/3423/4429 4512/3422/4428 4384/3294/4300
f 4514/3424/4430 4513/3423/4429 4385/3295/4301
f 4515/3425/4431 4514/3424/4430 4386/3296/4302
f 4388/3298/4304 4516/3426/4432 4515/3425/4431
f 4389/3299/4305 4517/3427/4433 4516/3426/4432
f 4390/3300/4306 4518/3428/4434 4517/3427/4433
f 4391/3301/4307 4519/3429/4435 4518/3428/4434
f 4392/3302/4308 4520/3430/4436 4519/3429/4435
f 4393/3303/4309 4521/3431/4437 4520/3430/4436
f 4394/3304/4310 4522/3432/4438 4521/3431/4437
f 4395/3305/4311 4523/3433/4439 4522/3432/4438
f 4396/3306/4312 4524/3434/4440 4523/3433/4439
f 4397/3307/4313 4525/3435/4441 4524/3434/4440
f 4398/3308/4314 4526/3436/4442 4525/3435/4441
f 4399/3309/4315 4527/3437/4443 4526/3436/4442
f 4400/3310/4316 4528/3438/4444 4527/3437/4443
f 4401/3311/4317 4529/3439/4445 4528/3438/4444
f 4402/3312/4318 4530/3440/4446 4529/3439/4445
f 4403/3313/4319 4531/3441/4447 4530/3440/4446
f 4404/3314/4320 4532/3442/4448 4531/3441/4447
f 4405/3315/4321 4533/3443/4449 4532/3442/4448
f 4406/3316/4322 4534/3444/4450 4533/3443/4449
f 4407/3317/4323 4535/3445/4451 4534/3444/4450
f 4408/3318/4324 4536/3446/4452 4535/3445/4451
f 4409/3319/4325 4537/3447/4453 4536/3446/4452
f 4410/3320/4326 4538/3448/4454 4537/3447/4453
f 4411/3321/4327 4539/3449/4455 4538/3448/4454
f 4412/3322/4328 4540/3450/4456 4539/3449/4455
f 4413/3323/4329 4541/3451/4457 4540/3450/4456
f 4414/3324/4330 4542/3452/4458 4541/3451/4457
f 4415/3325/4331 4543/3453/4459 4542/3452/4458
f 4416/3326/4332 4544/3454/4460 4543/3453/4459
f 4417/3327/4333 4545/3455/4461 4544/3454/4460
f 4418/3328/4334 4546/3456/4462 4545/3455/4461
f 4291/3330/4207 4419/3458/4335 4546/3456/4462
f 4548/3457/4464 4547/3586/4463 4419/3458/4335
f 4549/3459/4465 4548/3457/4464 4420/3329/4336
f 4550/3460/4466 4549/3459/4465 4421/3331/4337
f 4551/3461/4467 4550/3460/4466 4422/3332/4338
f 4552/3462/4468 4551/3461/4467 4423/3333/4339
f 4553/3463/4469 4552/3462/4468 4424/3334/4340
f 4554/3464/4470 4553/3463/4469 4425/3335/4341
f 4555/3465/4471 4554/3464/4470 4426/3336/4342
f 4556/3466/4472 4555/3465/4471 4427/3337/4343
f 4557/3467/4473 4556/3466/4472 4428/3338/4344
f 4558/3468/4474 4557/3467/4473 4429/3339/4345
f 4559/3469/4475 4558/3468/4474 4430/3340/4346
f 4560/3470/4476 4559/3469/4475 4431/3341/4347
f 4561/3471/4477 4560/3470/4476 4432/3342/4348
f 4562/3472/4478 4561/3471/4477 4433/3343/4349
f 4563/3473/4479 4562/3472/4478 4434/3344/4350
f 4564/3474/4480 4563/3473/4479 4435/3345/4351
f 4565/3475/4481 4564/3474/4480 4436/3346/4352
f 4566/3476/4482 4565/3475/4481 4437/3347/4353
f 4567/3477/4483 4566/3476/4482 4438/3348/4354
f 4568/3478/4484 4567/3477/4483 4439/3349/4355
f 4569/3479/4485 4568/3478/4484 4440/3350/4356
f 4570/3480/4486 4569/3479/4485 4441/3351/4357
f 4571/3481/4487 4570/3480/4486 4442/3352/4358
f 4572/3482/4488 4571/3481/4487 4443/3353/4359
f 4573/3483/4489 4572/3482/4488 4444/3354/4360
f 4574/3484/4490 4573/3483/4489 4445/3355/4361
f 4575/3485/4491 4574/3484/4490 4446/3356/4362
f 4576/3486/4492 4575/3485/4491 4447/3357/4363
f 4577/3487/4493 4576/3486/4492 4448/3358/4364
f 4578/3488/4494 4577/3487/4493 4449/3359/4365
f 4579/3489/4495 4578/3488/4494 4450/3360/4366
f 4452/3362/4368 4580/3490/4496 4579/3489/4495
f 4453/3363/4369 4581/3491/4497 4580/3490/4496
f 4454/3364/4370 4582/3492/4498 4581/3491/4497
f 4455/3365/4371 4583/3493/4499 4582/3492/4498
f 4456/3366/4372 4584/3494/4500 4583/3493/4499
f 4457/3367/4373 4585/3495/4501 4584/3494/4500
f 4458/3368/4374 4586/3496/4502 4585/3495/4501
f 4459/3369/4375 4587/3497/4503 4586/3496/4502
f 4460/3370/4376 4588/3498/4504 4587/3497/4503
f 4461/3371/4377 4589/3499/4505 4588/3498/4504
f 4462/3372/4378 4590/3500/4506 4589/3499/4505
f 4463/3373/4379 4591/3501/4507 4590/3500/4506
f 4464/3374/4380 4592/3502/4508 4591/3501/4507
f 4465/3375/4381 4593/3503/4509 4592/3502/4508
f 4466/3376/4382 4594/3504/4510 4593/3503/4509
f 4467/3377/4383 4595/3505/4511 4594/3504/4510
f 4468/3378/4384 4596/3506/4512 4595/3505/4511
f 4469/3379/4385 4597/3507/4513 4596/3506/4512
f 4470/3380/4386 4598/3508/4514 4597/3507/4513
f 4471/3381/4387 4599/3509/4515 4598/3508/4514
f 4472/3382/4388 4600/3510/4516 4599/3509/4515
f 4473/3383/4389 4601/3511/4517 4600/3510/4516
f 4474/3384/4390 4602/3512/4518 4601/3511/4517
f 4475/3385/4391 4603/3513/4519 4602/3512/4518
f 4476/3386/4392 4604/3514/4520 4603/3513/4519
f 4477/3387/4393 4605/3515/4521 4604/3514/4520
f 4478/3388/4394 4606/3516/4522 4605/3515/4521
f 4479/3389/4395 4607/3517/4523 4606/3516/4522
f 4480/3390/4396 4608/3518/4524 4607/3517/4523
f 4481/3391/4397 4609/3519/4525 4608/3518/4524
f 4482/3393/4398 4610/3521/4526 4609/3519/4525
f 4483/3520/4399 4611/3648/4527 4610/3521/4526
f 4612/3522/4528 4611/3648/4527 4483/3520/4399
f 4613/3523/4529 4612/3522/4528 4484/3394/4400
f 4614/3524/4530 4613/3523/4529 4485/3395/4401
f 4615/3525/4531 4614/3524/4530 4486/3396/4402
f 4616/3526/4532 4615/3525/4531 4487/3397/4403
f 4617/3527/4533 4616/3526/4532 4488/3398/4404
f 4618/3528/4534 4617/3527/4533 4489/3399/4405
f 4619/3529/4535 4618/3528/4534 4490/3400/4406
f 4620/3530/4536 4619/3529/4535 4491/3401/4407
f 4621/3531/4537 4620/3530/4536 4492/3402/4408
f 4622/3532/4538 4621/3531/4537 4493/3403/4409
f 4623/3533/4539 4622/3532/4538 4494/3404/4410
f 4624/3534/4540 4623/3533/4539 4495/3405/4411
f 4625/3535/4541 4624/3534/4540 4496/3406/4412
f 4626/3536/4542 4625/3535/4541 4497/3407/4413
f 4627/3537/4543 4626/3536/4542 4498/3408/4414
f 4628/3538/4544 4627/3537/4543 4499/3409/4415
f 4629/3539/4545 4628/3538/4544 4500/3410/4416
f 4630/3540/4546 4629/3539/4545 4501/3411/4417
f 4631/3541/4547 4630/3540/4546 4502/3412/4418
f 4632/3542/4548 4631/3541/4547 4503/3413/4419
f 4633/3543/4549 4632/3542/4548 4504/3414/4420
f 4634/3544/4550 4633/3543/4549 4505/3415/4421
f 4635/3545/4551 4634/3544/4550 4506/3416/4422
f 4636/3546/4552 4635/3545/4551 4507/3417/4423
f 4637/3547/4553 4636/3546/4552 4508/3418/4424
f 4638/3548/4554 4637/3547/4553 4509/3419/4425
f 4639/3549/4555 4638/3548/4554 4510/3420/4426
f 4640/3550/4556 4639/3549/4555 4511/3421/4427
f 4641/3551/4557 4640/3550/4556 4512/3422/4428
f 4642/3552/4558 4641/3551/4557 4513/3423/4429
f 4643/3553/4559 4642/3552/4558 4514/3424/4430
f 4516/3426/4432 4644/3554/4560 4643/3553/4559
f 4517/3427/4433 4645/3555/4561 4644/3554/4560
f 4518/3428/4434 4646/3556/4562 4645/3555/4561
f 4519/3429/4435 4647/3557/4563 4646/3556/4562
f 4520/3430/4436 4648/3558/4564 4647/3557/4563
f 4521/3431/4437 4649/3559/4565 4648/3558/4564
f 4522/3432/4438 4650/3560/4566 4649/3559/4565
f 4523/3433/4439 4651/3561/4567 4650/3560/4566
f 4524/3434/4440 4652/3562/4568 4651/3561/4567
f 4525/3435/4441 4653/3563/4569 4652/3562/4568
f 4526/3436/4442 4654/3564/4570 4653/3563/4569
f 4527/3437/4443 4655/3565/4571 4654/3564/4570
f 4528/3438/4444 4656/3566/4572 4655/3565/4571
f 4529/3439/4445 4657/3567/4573 4656/3566/4572
f 4530/3440/4446 4658/3568/4574 4657/3567/4573
f 4531/3441/4447 4659/3569/4575 4658/3568/4574
f 4532/3442/4448 4660/3570/4576 4659/3569/4575
f 4533/3443/4449 4661/3571/4577 4660/3570/4576
f 4534/3444/4450 4662/3572/4578 4661/3571/4577
f 4535/3445/4451 4663/3573/4579 4662/3572/4578
f 4536/3446/4452 4664/3574/4580 4663/3573/4579
f 4537/3447/4453 4665/3575/4581 4664/3574/4580
f 4538/3448/4454 4666/3576/4582 4665/3575/4581
f 4539/3449/4455 4667/3577/4583 4666/3576/4582
f 4540/3450/4456 4668/3578/4584 4667/3577/4583
f 4541/3451/4457 4669/3579/4585 4668/3578/4584
f 4542/3452/4458 4670/3580/4586 4669/3579/4585
f 4543/3453/4459 4671/3581/4587 4670/3580/4586
f 4544/3454/4460 4672/3582/4588 4671/3581/4587
f 4545/3455/4461 4673/3583/4589 4672/3582/4588
f 4546/3456/4462 4674/3584/4590 4673/3583/4589
f 4419/3458/4335 4547/3586/4463 4674/3584/4590
f 4676/3585/4592 4675/3714/4591 4547/3586/4463
f 4677/3587/4593 4676/3585/4592 4548/3457/4464
f 4678/3588/4594 4677/3587/4593 4549/3459/4465
f 4679/3589/4595 4678/3588/4594 4550/3460/4466
f 4680/3590/4596 4679/3589/4595 4551/3461/4467
f 4681/3591/4597 4680/3590/4596 4552/3462/4468
f 4682/3592/4598 4681/3591/4597 4553/3463/4469
f 4683/3593/4599 4682/3592/4598 4554/3464/4470
f 4684/3594/4600 4683/3593/4599 4555/3465/4471
f 4685/3595/4601 4684/3594/4600 4556/3466/4472
f 4686/3596/4602 4685/3595/4601 4557/3467/4473
f 4687/3597/4603 4686/3596/4602 4558/3468/4474
f 4688/3598/4604 4687/3597/4603 4559/3469/4475
f 4689/3599/4605 4688/3598/4604 4560/3470/4476
f 4690/3600/4606 4689/3599/4605 4561/3471/4477
f 4691/3601/4607 4690/3600/4606 4562/3472/4478
f 4692/3602/4608 4691/3601/4607 4563/3473/4479
f 4693/3603/4609 4692/3602/4608 4564/3474/4480
f 4694/3604/4610 4693/3603/4609 4565/3475/4481
f 4695/3605/4611 4694/3604/4610 4566/3476/4482
f 4696/3606/4612 4695/3605/4611 4567/3477/4483
f 4697/3607/4613 4696/3606/4612 4568/3478/4484
f 4698/3608/4614 4697/3607/4613 4569/3479/4485
f 4699/3609/4615 4698/3608/4614 4570/3480/4486
f 4700/3610/4616 4699/3609/4615 4571/3481/4487
f 4701/3611/4617 4700/3610/4616 4572/3482/4488
f 4702/3612/4618 4701/3611/4617 4573/3483/4489
f 4703/3613/4619 4702/3612/4618 4574/3484/4490
f 4704/3614/4620 4703/3613/4619 4575/3485/4491
f 4705/3615/4621 4704/3614/4620 4576/3486/4492
f 4706/3616/4622 4705/3615/4621 4577/3487/4493
f 4707/3617/4623 4706/3616/4622 4578/3488/4494
f 4580/3490/4496 4708/3618/4624 4707/3617/4623
f 4581/3491/4497 4709/3619/4625 4708/3618/4624
f 4582/3492/4498 4710/3620/4626 4709/3619/4625
f 4583/3493/4499 4711/3621/4627 4710/3620/4626
f 4584/3494/4500 4712/3622/4628 4711/3621/4627
f 4585/3495/4501 4713/3623/4629 4712/3622/4628
f 4586/3496/4502 4714/3624/4630 4713/3623/4629
f 4587/3497/4503 4715/3625/4631 4714/3624/4630
f 4588/3498/4504 4716/3626/4632 4715/3625/4631
f 4589/3499/4505 4717/3627/4633 4716/3626/4632
f 4590/3500/4506 4718/3628/4634 4717/3627/4633
f 4591/3501/4507 4719/3629/4635 4718/3628/4634
f 4592/3502/4508 4720/3630/4636 4719/3629/4635
f 4593/3503/4509 4721/3631/4637 4720/3630/4636
f 4594/3504/4510 4722/3632/4638 4721/3631/4637
f 4595/3505/4511 4723/3633/4639 4722/3632/4638
f 4596/3506/4512 4724/3634/4640 4723/3633/4639
f 4597/3507/4513 4725/3635/4641 4724/3634/4640
f 4598/3508/4514 4726/3636/4642 4725/3635/4641
f 4599/3509/4515 4727/3637/4643 4726/3636/4642
f 4600/3510/4516 4728/3638/4644 4727/3637/4643
f 4601/3511/4517 4729/3639/4645 4728/3638/4644
f 4602/3512/4518 4730/3640/4646 4729/3639/4645
f 4603/3513/4519 4731/3641/4647 4730/3640/4646
f 4604/3514/4520 4732/3642/4648 4731/3641/4647
f 4605/3515/4521 4733/3643/4649 4732/3642/4648
f 4606/3516/4522 4734/3644/4650 4733/3643/4649
f 4607/3517/4523 4735/3645/4651 4734/3644/4650
f 4608/3518/4524 4736/3646/4652 4735/3645/4651
f 4609/3519/4525 4737/3647/4653 4736/3646/4652
f 4610/3521/4526 4738/3649/4654 4737/3647/4653
f 4611/3648/4527 4739/3776/4655 4738/3649/4654
f 4740/3650/4656 4739/3776/4655 4611/3648/4527
f 4741/3651/4657 4740/3650/4656 4612/3522/4528
f 4742/3652/4658 4741/3651/4657 4613/3523/4529
f 4743/3653/4659 4742/3652/4658 4614/3524/4530
f 4744/3654/4660 4743/3653/4659 4615/3525/4531
f 4745/3655/4661 4744/3654/4660 4616/3526/4532
f 4746/3656/4662 4745/3655/4661 4617/3527/4533
f 4747/3657/4663 4746/3656/4662 4618/3528/4534
f 4748/3658/4664 4747/3657/4663 4619/3529/4535
f 4749/3659/4665 4748/3658/4664 4620/3530/4536
f 4750/3660/4666 4749/3659/4665 4621/3531/4537
f 4751/3661/4667 4750/3660/4666 4622/3532/4538
f 4752/3662/4668 4751/3661/4667 4623/3533/4539
f 4753/3663/4669 4752/3662/4668 4624/3534/4540
f 4754/3664/4670 4753/3663/4669 4625/3535/4541
f 4755/3665/4671 4754/3664/4670 4626/3536/4542
f 4756/3666/4672 4755/3665/4671 4627/3537/4543
f 4757/3667/4673 4756/3666/4672 4628/3538/4544
f 4758/3668/4674 4757/3667/4673 4629/3539/4545
f 4759/3669/4675 4758/3668/4674 4630/3540/4546
f 4760/3670/4676 4759/3669/4675 4631/3541/4547
f 4761/3671/4677 4760/3670/4676 4632/3542/4548
f 4762/3672/4678 4761/3671/4677 4633/3543/4549
f 4763/3673/4679 4762/3672/4678 4634/3544/4550
f 4764/3674/4680 4763/3673/4679 4635/3545/4551
f 4765/3675/4681 4764/3674/4680 4636/3546/4552
f 4766/3676/4682 4765/3675/4681 4637/3547/4553
f 4767/3677/4683 4766/3676/4682 4638/3548/4554
f 4768/3678/4684 4767/3677/4683 4639/3549/4555
f 4769/3679/4685 4768/3678/4684 4640/3550/4556
f 4770/3680/4686 4769/3679/4685 4641/3551/4557
f 4771/3681/4687 4770/3680/4686 4642/3552/4558
f 4644/3554/4560 4772/3682/4688 4771/3681/4687
f 4645/3555/4561 4773/3683/4689 4772/3682/4688
f 4646/3556/4562 4774/3684/4690 4773/3683/4689
f 4647/3557/4563 4775/3685/4691 4774/3684/4690
f 4648/3558/4564 4776/3686/4692 4775/3685/4691
f 4649/3559/4565 4777/3687/4693 4776/3686/4692
f 4650/3560/4566 4778/3688/4694 4777/3687/4693
f 4651/3561/4567 4779/3689/4695 4778/3688/4694
f 4652/3562/4568 4780/3690/4696 4779/3689/4695
f 4653/3563/4569 4781/3691/4697 4780/3690/4696
f 4654/3564/4570 4782/3692/4698 4781/3691/4697
f 4655/3565/4571 4783/3693/4699 4782/3692/4698
f 4656/3566/4572 4784/3694/4700 4783/3693/4699
f 4657/3567/4573 4785/3695/4701 4784/3694/4700
f 4658/3568/4574 4786/3696/4702 4785/3695/4701
f 4659/3569/4575 4787/3697/4703 4786/3696/4702
f 4660/3570/4576 4788/3698/4704 4787/3697/4703
f 4661/3571/4577 4789/3699/4705 4788/3698/4704
f 4662/3572/4578 4790/3700/4706 4789/3699/4705
f 4663/3573/4579 4791/3701/4707 4790/3700/4706
f 4664/3574/4580 4792/3702/4708 4791/3701/4707
f 4665/3575/4581 4793/3703/4709 4792/3702/4708
f 4666/3576/4582 4794/3704/4710 4793/3703/4709
f 4667/3577/4583 4795/3705/4711 4794/3704/4710
f 4668/3578/4584 4796/3706/4712 4795/3705/4711
f 4669/3579/4585 4797/3707/4713 4796/3706/4712
f 4670/3580/4586 4798/3708/4714 4797/3707/4713
f 4671/3581/4587 4799/3709/4715 4798/3708/4714
f 4672/3582/4588 4800/3710/4716 4799/3709/4715
f 4673/3583/4589 4801/3711/4717 4800/3710/4716
f 4674/3584/4590 4802/3712/4718 4801/3711/4717
f 4547/3586/4463 4675/3714/4591 4802/3712/4718
f 4804/3713/4720 4803/3842/4719 4675/3714/4591
f 4805/3715/4721 4804/3713/4720 4676/3585/4592
f 4806/3716/4722 4805/3715/4721 4677/3587/4593
f 4807/3717/4723 4806/3716/4722 4678/3588/4594
f 4808/3718/4724 4807/3717/4723 4679/3589/4595
f 4809/3719/4725 4808/3718/4724 4680/3590/4596
f 4810/3720/4726 4809/3719/4725 4681/3591/4597
f 4811/3721/4727 4810/3720/4726 4682/3592/4598
f 4812/3722/4728 4811/3721/4727 4683/3593/4599
f 4813/3723/4729 4812/3722/4728 4684/3594/4600
f 4814/3724/4730 4813/3723/4729 4685/3595/4601
f 4815/3725/4731 4814/3724/4730 4686/3596/4602
f 4816/3726/4732 4815/3725/4731 4687/3597/4603
f 4817/3727/4733 4816/3726/4732 4688/3598/4604
f 4818/3728/4734 4817/3727/4733 4689/3599/4605
f 4819/3729/4735 4818/3728/4734 4690/3600/4606
f 4820/3730/4736 4819/3729/4735 4691/3601/4607
f 4821/3731/4737 4820/3730/4736 4692/3602/4608
f 4822/3732/4738 4821/3731/4737 4693/3603/4609
f 4823/3733/4739 4822/3732/4738 4694/3604/4610
f 4824/3734/4740 4823/3733/4739 4695/3605/4611
f 4825/3735/4741 4824/3734/4740 4696/3606/4612
f 4826/3736/4742 4825/3735/4741 4697/3607/4613
f 4827/3737/4743 4826/3736/4742 4698/3608/4614
f 4828/3738/4744 4827/3737/4743 4699/3609/4615
f 4829/3739/4745 4828/3738/4744 4700/3610/4616
f 4830/3740/4746 4829/3739/4745 4701/3611/4617
f 4831/3741/4747 4830/3740/4746 4702/3612/4618
f 4832/3742/4748 4831/3741/4747 4703/3613/4619
f 4833/3743/4749 4832/3742/4748 4704/3614/4620
f 4834/3744/4750 4833/3743/4749 4705/3615/4621
f 4835/3745/4751 4834/3744/4750 4706/3616/4622
f 4708/3618/4624 4836/3746/4752 4835/3745/4751
f 4709/3619/4625 4837/3747/4753 4836/3746/4752
f 4710/3620/4626 4838/3748/4754 4837/3747/4753
f 4711/3621/4627 4839/3749/4755 4838/3748/4754
f 4712/3622/4628 4840/3750/4756 4839/3749/4755
f 4713/3623/4629 4841/3751/4757 4840/3750/4756
f 4714/3624/4630 4842/3752/4758 4841/3751/4757
f 4715/3625/4631 4843/3753/4759 4842/3752/4758
f 4716/3626/4632 4844/3754/4760 4843/3753/4759
f 4717/3627/4633 4845/3755/4761 4844/3754/4760
f 4718/3628/4634 4846/3756/4762 4845/3755/4761
f 4719/3629/4635 4847/3757/4763 4846/3756/4762
f 4720/3630/4636 4848/3758/4764 4847/3757/4763
f 4721/3631/4637 4849/3759/4765 4848/3758/4764
f 4722/3632/4638 4850/3760/4766 4849/3759/4765
f 4723/3633/4639 4851/3761/4767 4850/3760/4766
f 4724/3634/4640 4852/3762/4768 4851/3761/4767
f 4725/3635/4641 4853/3763/4769 4852/3762/4768
f 4726/3636/4642 4854/3764/4770 4853/3763/4769
f 4727/3637/4643 4855/3765/4771 4854/3764/4770
f 4728/3638/4644 4856/3766/4772 4855/3765/4771
f 4729/3639/4645 4857/3767/4773 4856/3766/4772
f 4730/3640/4646 4858/3768/4774 4857/3767/4773
f 4731/3641/4647 4859/3769/4775 4858/3768/4774
f 4732/3642/4648 4860/3770/4776 4859/3769/4775
f 4733/3643/4649 4861/3771/4777 4860/3770/4776
f 4734/3644/4650 4862/3772/4778 4861/3771/4777
f 4735/3645/4651 4863/3773/4779 4862/3772/4778
f 4736/3646/4652 4864/3774/4780 4863/3773/4779
f 4737/3647/4653 4865/3775/4781 4864/3774/4780
f 4738/3649/4654 4866/3777/4782 4865/3775/4781
f 4739/3776/4655 4867/3904/4783 4866/3777/4782
f 4868/3778/4784 4867/3904/4783 4739/3776/4655
f 4869/3779/4785 4868/3778/4784 4740/3650/4656
f 4870/3780/4786 4869/3779/4785 4741/3651/4657
f 4871/3781/4787 4870/3780/4786 4742/3652/4658
f 4872/3782/4788 4871/3781/4787 4743/3653/4659
f 4873/3783/4789 4872/3782/4788 4744/3654/4660
f 4874/3784/4790 4873/3783/4789 4745/3655/4661
f 4875/3785/4791 4874/3784/4790 4746/3656/4662
f 4876/3786/4792 4875/3785/4791 4747/3657/4663
f 4877/3787/4793 4876/3786/4792 4748/3658/4664
f 4878/3788/4794 4877/3787/4793 4749/3659/4665
f 4879/3789/4795 4878/3788/4794 4750/3660/4666
f 4880/3790/4796 4879/3789/4795 4751/3661/4667
f 4881/3791/4797 4880/3790/4796 4752/3662/4668
f 4882/3792/4798 4881/3791/4797 4753/3663/4669
f 4883/3793/4799 4882/3792/4798 4754/3664/4670
f 4884/3794/4800 4883/3793/4799 4755/3665/4671
f 4885/3795/4801 4884/3794/4800 4756/3666/4672
f 4886/3796/4802 4885/3795/4801 4757/3667/4673
f 4887/3797/4803 4886/3796/4802 4758/3668/4674
f 4888/3798/4804 4887/3797/4803 4759/3669/4675
f 4889/3799/4805 4888/3798/4804 4760/3670/4676
f 4890/3800/4806 4889/3799/4805 4761/3671/4677
f 4891/3801/4807 4890/3800/4806 4762/3672/4678
f 4892/3802/4808 4891/3801/4807 4763/3673/4679
f 4893/3803/4809 4892/3802/4808 4764/3674/4680
f 4894/3804/4810 4893/3803/4809 4765/3675/4681
f 4895/3805/4811 4894/3804/4810 4766/3676/4682
f 4896/3806/4812 4895/3805/4811 4767/3677/4683
f 4897/3807/4813 4896/3806/4812 4768/3678/4684
f 4898/3808/4814 4897/3807/4813 4769/3679/4685
f 4899/3809/4815 4898/3808/4814 4770/3680/4686
f 4772/3682/4688 4900/3810/4816 4899/3809/4815
f 4773/3683/4689 4901/3811/4817 4900/3810/4816
f 4774/3684/4690 4902/3812/4818 4901/3811/4817
f 4775/3685/4691 4903/3813/4819 4902/3812/4818
f 4776/3686/4692 4904/3814/4820 4903/3813/4819
f 4777/3687/4693 4905/3815/4821 4904/3814/4820
f 4778/3688/4694 4906/3816/4822 4905/3815/4821
f 4779/3689/4695 4907/3817/4823 4906/3816/4822
f 4780/3690/4696 4908/3818/4824 4907/3817/4823
f 4781/3691/4697 4909/3819/4825 4908/3818/4824
f 4782/3692/4698 4910/3820/4826 4909/3819/4825
f 4783/3693/4699 4911/3821/4827 4910/3820/4826
f 4784/3694/4700 4912/3822/4828 4911/3821/4827
f 4785/3695/4701 4913/3823/4829 4912/3822/4828
f 4786/3696/4702 4914/3824/4830 4913/3823/4829
f 4787/3697/4703 4915/3825/4831 4914/3824/4830
f 4788/3698/4704 4916/3826/4832 4915/3825/4831
f 4789/3699/4705 4917/3827/4833 4916/3826/4832
f 4790/3700/4706 4918/3828/4834 4917/3827/4833
f 4791/3701/4707 4919/3829/4835 4918/3828/4834
f 4792/3702/4708 4920/3830/4836 4919/3829/4835
f 4793/3703/4709 4921/3831/4837 4920/3830/4836
f 4794/3704/4710 4922/3832/4838 4921/3831/4837
f 4795/3705/4711 4923/3833/4839 4922/3832/4838
f 4796/3706/4712 4924/3834/4840 4923/3833/4839
f 4797/3707/4713 4925/3835/4841 4924/3834/4840
f 4798/3708/4714 4926/3836/4842 4925/3835/4841
f 4799/3709/4715 4927/3837/4843 4926/3836/4842
f 4800/3710/4716 4928/3838/4844 4927/3837/4843
f 4801/3711/4717 4929/3839/4845 4928/3838/4844
f 4802/3712/4718 4930/3840/4846 4929/3839/4845
f 4675/3714/4591 4803/3842/4719 4930/3840/4846
f 4932/3841/4848 4931/3970/4847 4803/3842/4719
f 4933/3843/4849 4932/3841/4848 4804/3713/4720
f 4934/3844/4850 4933/3843/4849 4805/3715/4721
f 4935/3845/4851 4934/3844/4850 4806/3716/4722
f 4936/3846/4852 4935/3845/4851 4807/3717/4723
f 4937/3847/4853 4936/3846/4852 4808/3718/4724
f 4938/3848/4854 4937/3847/4853 4809/3719/4725
f 4939/3849/4855 4938/3848/4854 4810/3720/4726
f 4940/3850/4856 4939/3849/4855 4811/3721/4727
f 4941/3851/4857 4940/3850/4856 4812/3722/4728
f 4942/3852/4858 4941/3851/4857 4813/3723/4729
f 4943/3853/4859 4942/3852/4858 4814/3724/4730
f 4944/3854/4860 4943/3853/4859 4815/3725/4731
f 4945/3855/4861 4944/3854/4860 4816/3726/4732
f 4946/3856/4862 4945/3855/4861 4817/3727/4733
f 4947/3857/4863 4946/3856/4862 4818/3728/4734
f 4948/3858/4864 4947/3857/4863 4819/3729/4735
f 4949/3859/4865 4948/3858/4864 4820/3730/4736
f 4950/3860/4866 4949/3859/4865 4821/3731/4737
f 4951/3861/4867 4950/3860/4866 4822/3732/4738
f 4952/3862/4868 4951/3861/4867 4823/3733/4739
f 4953/3863/4869 4952/3862/4868 4824/3734/4740
f 4954/3864/4870 4953/3863/4869 4825/3735/4741
f 4955/3865/4871 4954/3864/4870 4826/3736/4742
f 4956/3866/4872 4955/3865/4871 4827/3737/4743
f 4957/3867/4873 4956/3866/4872 4828/3738/4744
f 4958/3868/4874 4957/3867/4873 4829/3739/4745
f 4959/3869/4875 4958/3868/4874 4830/3740/4746
f 4960/3870/4876 4959/3869/4875 4831/3741/4747
f 4961/3871/4877 4960/3870/4876 4832/3742/4748
f 4962/3872/4878 4961/3871/4877 4833/3743/4749
f 4963/3873/4879 4962/3872/4878 4834/3744/4750
f 4836/3746/4752 4964/3874/4880 4963/3873/4879
f 4837/3747/4753 4965/3875/4881 4964/3874/4880
f 4838/3748/4754 4966/3876/4882 4965/3875/4881
f 4839/3749/4755 4967/3877/4883 4966/3876/4882
f 4840/3750/4756 4968/3878/4884 4967/3877/4883
f 4841/3751/4757 4969/3879/4885 4968/3878/4884
f 4842/3752/4758 4970/3880/4886 4969/3879/4885
f 4843/3753/4759 4971/3881/4887 4970/3880/4886
f 4844/3754/4760 4972/3882/4888 4971/3881/4887
f 4845/3755/4761 4973/3883/4889 4972/3882/4888
f 4846/3756/4762 4974/3884/4890 4973/3883/4889
f 4847/3757/4763 4975/3885/4891 4974/3884/4890
f 4848/3758/4764 4976/3886/4892 4975/3885/4891
f 4849/3759/4765 4977/3887/4893 4976/3886/4892
f 4850/3760/4766 4978/3888/4894 4977/3887/4893
f 4851/3761/4767 4979/3889/4895 4978/3888/4894
f 4852/3762/4768 4980/3890/4896 4979/3889/4895
f 4853/3763/4769 4981/3891/4897 4980/3890/4896
f 4854/3764/4770 4982/3892/4898 4981/3891/4897
f 4855/3765/4771 4983/3893/4899 4982/3892/4898
f 4856/3766/4772 4984/3894/4900 4983/3893/4899
f 4857/3767/4773 4985/3895/4901 4984/3894/4900
f 4858/3768/4774 4986/3896/4902 4985/3895/4901
f 4859/3769/4775 4987/3897/4903 4986/3896/4902
f 4860/3770/4776 4988/3898/4904 4987/3897/4903
f 4861/3771/4777 4989/3899/4905 4988/3898/4904
f 4862/3772/4778 4990/3900/4906 4989/3899/4905
f 4863/3773/4779 4991/3901/4907 4990/3900/4906
f 4864/3774/4780 4992/3902/4908 4991/3901/4907
f 4865/3775/4781 4993/3903/4909 4992/3902/4908
f 4866/3777/4782 4994/3905/4910 4993/3903/4909
f 4867/3904/4783 4995/4032/4911 4994/3905/4910
f 4996/3906/4912 4995/4032/4911 4867/3904/4783
f 4997/3907/4913 4996/3906/4912 4868/3778/4784
f 4998/3908/4914 4997/3907/4913 4869/3779/4785
f 4999/3909/4915 4998/3908/4914 4870/3780/4786
f 5000/3910/4916 4999/3909/4915 4871/3781/4787
f 5001/3911/4917 5000/3910/4916 4872/3782/4788
f 5002/3912/4918 5001/3911/4917 4873/3783/4789
f 5003/3913/4919 5002/3912/4918 4874/3784/4790
f 5004/3914/4920 5003/3913/4919 4875/3785/4791
f 5005/3915/4921 5004/3914/4920 4876/3786/4792
f 5006/3916/4922 5005/3915/4921 4877/3787/4793
f 5007/3917/4923 5006/3916/4922 4878/3788/4794
f 5008/3918/4924 5007/3917/4923 4879/3789/4795
f 5009/3919/4925 5008/3918/4924 4880/3790/4796
f 5010/3920/4926 5009/3919/4925 4881/3791/4797
f 5011/3921/4927 5010/3920/4926 4882/3792/4798
f 5012/3922/4928 5011/3921/4927 4883/3793/4799
f 5013/3923/4929 5012/3922/4928 4884/3794/4800
f 5014/3924/4930 5013/3923/4929 4885/3795/4801
f 5015/3925/4931 5014/3924/4930 4886/3796/4802
f 5016/3926/4932 5015/3925/4931 4887/3797/4803
f 5017/3927/4933 5016/3926/4932 4888/3798/4804
f 5018/3928/4934 5017/3927/4933 4889/3799/4805
f 5019/3929/4935 5018/3928/4934 4890/3800/4806
f 5020/3930/4936 5019/3929/4935 4891/3801/4807
f 5021/3931/4937 5020/3930/4936 4892/3802/4808
f 5022/3932/4938 5021/3931/4937 4893/3803/4809
f 5023/3933/4939 5022/3932/4938 4894/3804/4810
f 5024/3934/4940 5023/3933/4939 4895/3805/4811
f 5025/3935/4941 5024/3934/4940 4896/3806/4812
f 5026/3936/4942 5025/3935/4941 4897/3807/4813
f 5027/3937/4943 5026/3936/4942 4898/3808/4814
f 4900/3810/4816 5028/3938/4944 5027/3937/4943
f 4901/3811/4817 5029/3939/4945 5028/3938/4944
f 4902/3812/4818 5030/3940/4946 5029/3939/4945
f 4903/3813/4819 5031/3941/4947 5030/3940/4946
f 4904/3814/4820 5032/3942/4948 5031/3941/4947
f 4905/3815/4821 5033/3943/4949 5032/3942/4948
f 4906/3816/4822 5034/3944/4950 5033/3943/4949
f 4907/3817/4823 5035/3945/4951 5034/3944/4950
f 4908/3818/4824 5036/3946/4952 5035/3945/4951
f 4909/3819/4825 5037/3947/4953 5036/3946/4952
f 4910/3820/4826 5038/3948/4954 5037/3947/4953
f 4911/3821/4827 5039/3949/4955 5038/3948/4954
f 4912/3822/4828 5040/3950/4956 5039/3949/4955
f 4913/3823/4829 5041/3951/4957 5040/3950/4956
f 4914/3824/4830 5042/3952/4958 5041/3951/4957
f 4915/3825/4831 5043/3953/4959 5042/3952/4958
f 4916/3826/4832 5044/3954/4960 5043/3953/4959
f 4917/3827/4833 5045/3955/4961 5044/3954/4960
f 4918/3828/4834 5046/3956/4962 5045/3955/4961
f 4919/3829/4835 5047/3957/4963 5046/3956/4962
f 4920/3830/4836 5048/3958/4964 5047/3957/4963
f 4921/3831/4837 5049/3959/4965 5048/3958/4964
f 4922/3832/4838 5050/3960/4966 5049/3959/4965
f 4923/3833/4839 5051/3961/4967 5050/3960/4966
f 4924/3834/4840 5052/3962/4968 5051/3961/4967
f 4925/3835/4841 5053/3963/4969 5052/3962/4968
f 4926/3836/4842 5054/3964/4970 5053/3963/4969
f 4927/3837/4843 5055/3965/4971 5054/3964/4970
f 4928/3838/4844 5056/3966/4972 5055/3965/4971
f 4929/3839/4845 5057/3967/4973 5056/3966/4972
f 4930/3840/4846 5058/3968/4974 5057/3967/4973
f 4803/3842/4719 4931/3970/4847 5058/3968/4974
f 5060/3969/4976 5059/4098/4975 4931/3970/4847
f 5061/3971/4977 5060/3969/4976 4932/3841/4848
f 5062/3972/4978 5061/3971/4977 4933/3843/4849
f 5063/3973/4979 5062/3972/4978 4934/3844/4850
f 5064/3974/4980 5063/3973/4979 4935/3845/4851
f 5065/3975/4981 5064/3974/4980 4936/3846/4852
f 5066/3976/4982 5065/3975/4981 4937/3847/4853
f 5067/3977/4983 5066/3976/4982 4938/3848/4854
f 5068/3978/4984 5067/3977/4983 4939/3849/4855
f 5069/3979/4985 5068/3978/4984 4940/3850/4856
f 5070/3980/4986 5069/3979/4985 4941/3851/4857
f 5071/3981/4987 5070/3980/4986 4942/3852/4858
f 5072/3982/4988 5071/3981/4987 4943/3853/4859
f 5073/3983/4989 5072/3982/4988 4944/3854/4860
f 5074/3984/4990 5073/3983/4989 4945/3855/4861
f 5075/3985/4991 5074/3984/4990 4946/3856/4862
f 5076/3986/4992 5075/3985/4991 4947/3857/4863
f 5077/3987/4993 5076/3986/4992 4948/3858/4864
f 5078/3988/4994 5077/3987/4993 4949/3859/4865
f 5079/3989/4995 5078/3988/4994 4950/3860/4866
f 5080/3990/4996 5079/3989/4995 4951/3861/4867
f 5081/3991/4997 5080/3990/4996 4952/3862/4868
f 5082/3992/4998 5081/3991/4997 4953/3863/4869
f 5083/3993/4999 5082/3992/4998 4954/3864/4870
f 5084/3994/5000 5083/3993/4999 4955/3865/4871
f 5085/3995/5001 5084/3994/5000 4956/3866/4872
f 5086/3996/5002 5085/3995/5001 4957/3867/4873
f 5087/3997/5003 5086/3996/5002 4958/3868/4874
f 5088/3998/5004 5087/3997/5003 4959/3869/4875
f 5089/3999/5005 5088/3998/5004 4960/3870/4876
f 5090/4000/5006 5089/3999/5005 4961/3871/4877
f 5091/4001/5007 5090/4000/5006 4962/3872/4878
f 4964/3874/4880 5092/4002/5008 5091/4001/5007
f 4965/3875/4881 5093/4003/5009 5092/4002/5008
f 4966/3876/4882 5094/4004/5010 5093/4003/5009
f 4967/3877/4883 5095/4005/5011 5094/4004/5010
f 4968/3878/4884 5096/4006/5012 5095/4005/5011
f 4969/3879/4885 5097/4007/5013 5096/4006/5012
f 4970/3880/4886 5098/4008/5014 5097/4007/5013
f 4971/3881/4887 5099/4009/5015 5098/4008/5014
f 4972/3882/4888 5100/4010/5016 5099/4009/5015
f 4973/3883/4889 5101/4011/5017 5100/4010/5016
f 4974/3884/4890 5102/4012/5018 5101/4011/5017
f 4975/3885/4891 5103/4013/5019 5102/4012/5018
f 4976/3886/4892 5104/4014/5020 5103/4013/5019
f 4977/3887/4893 5105/4015/5021 5104/4014/5020
f 4978/3888/4894 5106/4016/5022 5105/4015/5021
f 4979/3889/4895 5107/4017/5023 5106/4016/5022
f 4980/3890/4896 5108/4018/5024 5107/4017/5023
f 4981/3891/4897 5109/4019/5025 5108/4018/5024
f 4982/3892/4898 5110/4020/5026 5109/4019/5025
f 4983/3893/4899 5111/4021/5027 5110/4020/5026
f 4984/3894/4900 5112/4022/5028 5111/4021/5027
f 4985/3895/4901 5113/4023/5029 5112/4022/5028
f 4986/3896/4902 5114/4024/5030 5113/4023/5029
f 4987/3897/4903 5115/4025/5031 5114/4024/5030
f 4988/3898/4904 5116/4026/5032 5115/4025/5031
f 4989/3899/4905 5117/4027/5033 5116/4026/5032
f 4990/3900/4906 5118/4028/5034 5117/4027/5033
f 4991/3901/4907 5119/4029/5035 5118/4028/5034
f 4992/3902/4908 5120/4030/5036 5119/4029/5035
f 4993/3903/4909 5121/4031/5037 5120/4030/5036
f 4994/3905/4910 5122/4033/5038 5121/4031/5037
f 4995/4032/4911 5123/4160/5039 5122/4033/5038
f 5124/4034/5040 5123/4160/5039 4995/4032/4911
f 5125/4035/5041 5124/4034/5040 4996/3906/4912
f 5126/4036/5042 5125/4035/5041 4997/3907/4913
f 5127/4037/5043 5126/4036/5042 4998/3908/4914
f 5128/4038/5044 5127/4037/5043 4999/3909/4915
f 5129/4039/5045 5128/4038/5044 5000/3910/4916
f 5130/4040/5046 5129/4039/5045 5001/3911/4917
f 5131/4041/5047 5130/4040/5046 5002/3912/4918
f 5132/4042/5048 5131/4041/5047 5003/3913/4919
f 5133/4043/5049 5132/4042/5048 5004/3914/4920
f 5134/4044/5050 5133/4043/5049 5005/3915/4921
f 5135/4045/5051 5134/4044/5050 5006/3916/4922
f 5136/4046/5052 5135/4045/5051 5007/3917/4923
f 5137/4047/5053 5136/4046/5052 5008/3918/4924
f 5138/4048/5054 5137/4047/5053 5009/3919/4925
f 5139/4049/5055 5138/4048/5054 5010/3920/4926
f 5140/4050/5056 5139/4049/5055 5011/3921/4927
f 5141/4051/5057 5140/4050/5056 5012/3922/4928
f 5142/4052/5058 5141/4051/5057 5013/3923/4929
f 5143/4053/5059 5142/4052/5058 5014/3924/4930
f 5144/4054/5060 5143/4053/5059 5015/3925/4931
f 5145/4055/5061 5144/4054/5060 5016/3926/4932
f 5146/4056/5062 5145/4055/5061 5017/3927/4933
f 5147/4057/5063 5146/4056/5062 5018/3928/4934
f 5148/4058/5064 5147/4057/5063 5019/3929/4935
f 5149/4059/5065 5148/4058/5064 5020/3930/4936
f 5150/4060/5066 5149/4059/5065 5021/3931/4937
f 5151/4061/5067 5150/4060/5066 5022/3932/4938
f 5152/4062/5068 5151/4061/5067 5023/3933/4939
f 5153/4063/5069 5152/4062/5068 5024/3934/4940
f 5154/4064/5070 5153/4063/5069 5025/3935/4941
f 5155/4065/5071 5154/4064/5070 5026/3936/4942
f 5028/3938/4944 5156/4066/5072 5155/4065/5071
f 5029/3939/4945 5157/4067/5073 5156/4066/5072
f 5030/3940/4946 5158/4068/5074 5157/4067/5073
f 5031/3941/4947 5159/4069/5075 5158/4068/5074
f 5032/3942/4948 5160/4070/5076 5159/4069/5075
f 5033/3943/4949 5161/4071/5077 5160/4070/5076
f 5034/3944/4950 5162/4072/5078 5161/4071/5077
f 5035/3945/4951 5163/4073/5079 5162/4072/5078
f 5036/3946/4952 5164/4074/5080 5163/4073/5079
f 5037/3947/4953 5165/4075/5081 5164/4074/5080
f 5038/3948/4954 5166/4076/5082 5165/4075/5081
f 5039/3949/4955 5167/4077/5083 5166/4076/5082
f 5040/3950/4956 5168/4078/5084 5167/4077/5083
f 5041/3951/4957 5169/4079/5085 5168/4078/5084
f 5042/3952/4958 5170/4080/5086 5169/4079/5085
f 5043/3953/4959 5171/4081/5087 5170/4080/5086
f 5044/3954/4960 5172/4082/5088 5171/4081/5087
f 5045/3955/4961 5173/4083/5089 5172/4082/5088
f 5046/3956/4962 5174/4084/5090 5173/4083/5089
f 5047/3957/4963 5175/4085/5091 5174/4084/5090
f 5048/3958/4964 5176/4086/5092 5175/4085/5091
f 5049/3959/4965 5177/4087/5093 5176/4086/5092
f 5050/3960/4966 5178/4088/5094 5177/4087/5093
f 5051/3961/4967 5179/4089/5095 5178/4088/5094
f 5052/3962/4968 5180/4090/5096 5179/4089/5095
f 5053/3963/4969 5181/4091/5097 5180/4090/5096
f 5054/3964/4970 5182/4092/5098 5181/4091/5097
f 5055/3965/4971 5183/4093/5099 5182/4092/5098
f 5056/3966/4972 5184/4094/5100 5183/4093/5099
f 5057/3967/4973 5185/4095/5101 5184/4094/5100
f 5058/3968/4974 5186/4096/5102 5185/4095/5101
f 4931/3970/4847 5059/4098/4975 5186/4096/5102
f 5188/4097/5104 5187/4226/5103 5059/4098/4975
f 5189/4099/5105 5188/4097/5104 5060/3969/4976
f 5190/4100/5106 5189/4099/5105 5061/3971/4977
f 5191/4101/5107 5190/4100/5106 5062/3972/4978
f 5192/4102/5108 5191/4101/5107 5063/3973/4979
f 5193/4103/5109 5192/4102/5108 5064/3974/4980
f 5194/4104/5110 5193/4103/5109 5065/3975/4981
f 5195/4105/5111 5194/4104/5110 5066/3976/4982
f 5196/4106/5112 5195/4105/5111 5067/3977/4983
f 5197/4107/5113 5196/4106/5112 5068/3978/4984
f 5198/4108/5114 5197/4107/5113 5069/3979/4985
f 5199/4109/5115 5198/4108/5114 5070/3980/4986
f 5200/4110/5116 5199/4109/5115 5071/3981/4987
f 5201/4111/5117 5200/4110/5116 5072/3982/4988
f 5202/4112/5118 5201/4111/5117 5073/3983/4989
f 5203/4113/5119 5202/4112/5118 5074/3984/4990
f 5204/4114/5120 5203/4113/5119 5075/3985/4991
f 5205/4115/5121 5204/4114/5120 5076/3986/4992
f 5206/4116/5122 5205/4115/5121 5077/3987/4993
f 5207/4117/5123 5206/4116/5122 5078/3988/4994
f 5208/4118/5124 5207/4117/5123 5079/3989/4995
f 5209/4119/5125 5208/4118/5124 5080/3990/4996
f 5210/4120/5126 5209/4119/5125 5081/3991/4997
f 5211/4121/5127 5210/4120/5126 5082/3992/4998
f 5212/4122/5128 5211/4121/5127 5083/3993/4999
f 5213/4123/5129 5212/4122/5128 5084/3994/5000
f 5214/4124/5130 5213/4123/5129 5085/3995/5001
f 5215/4125/5131 5214/4124/5130 5086/3996/5002
f 5216/4126/5132 5215/4125/5131 5087/3997/5003
f 5217/4127/5133 5216/4126/5132 5088/3998/5004
f 5218/4128/5134 5217/4127/5133 5089/3999/5005
f 5219/4129/5135 5218/4128/5134 5090/4000/5006
f 5092/4002/5008 5220/4130/5136 5219/4129/5135
f 5093/4003/5009 5221/4131/5137 5220/4130/5136
f 5094/4004/5010 5222/4132/5138 5221/4131/5137
f 5095/4005/5011 5223/4133/5139 5222/4132/5138
f 5096/4006/5012 5224/4134/5140 5223/4133/5139
f 5097/4007/5013 5225/4135/5141 5224/4134/5140
f 5098/4008/5014 5226/4136/5142 5225/4135/5141
f 5099/4009/5015 5227/4137/5143 5226/4136/5142
f 5100/4010/5016 5228/4138/5144 5227/4137/5143
f 5101/4011/5017 5229/4139/5145 5228/4138/5144
f 5102/4012/5018 5230/4140/5146 5229/4139/5145
f 5103/4013/5019 5231/4141/5147 5230/4140/5146
f 5104/4014/5020 5232/4142/5148 5231/4141/5147
f 5105/4015/5021 5233/4143/5149 5232/4142/5148
f 5106/4016/5022 5234/4144/5150 5233/4143/5149
f 5107/4017/5023 5235/4145/5151 5234/4144/5150
f 5108/4018/5024 5236/4146/5152 5235/4145/5151
f 5109/4019/5025 5237/4147/5153 5236/4146/5152
f 5110/4020/5026 5238/4148/5154 5237/4147/5153
f 5111/4021/5027 5239/4149/5155 5238/4148/5154
f 5112/4022/5028 5240/4150/5156 5239/4149/5155
f 5113/4023/5029 5241/4151/5157 5240/4150/5156
f 5114/4024/5030 5242/4152/5158 5241/4151/5157
f 5115/4025/5031 5243/4153/5159 5242/4152/5158
f 5116/4026/5032 5244/4154/5160 5243/4153/5159
f 5117/4027/5033 5245/4155/5161 5244/4154/5160
f 5118/4028/5034 5246/4156/5162 5245/4155/5161
f 5119/4029/5035 5247/4157/5163 5246/4156/5162
f 5120/4030/5036 5248/4158/5164 5247/4157/5163
f 5121/4031/5037 5249/4159/5165 5248/4158/5164
f 5122/4033/5038 5250/4161/5166 5249/4159/5165
f 5123/4160/5039 5251/4288/5167 5250/4161/5166
f 5252/4162/5168 5251/4288/5167 5123/4160/5039
f 5253/4163/5169 5252/4162/5168 5124/4034/5040
f 5254/4164/5170 5253/4163/5169 5125/4035/5041
f 5255/4165/5171 5254/4164/5170 5126/4036/5042
f 5256/4166/5172 5255/4165/5171 5127/4037/5043
f 5257/4167/5173 5256/4166/5172 5128/4038/5044
f 5258/4168/5174 5257/4167/5173 5129/4039/5045
f 5259/4169/5175 5258/4168/5174 5130/4040/5046
f 5260/4170/5176 5259/4169/5175 5131/4041/5047
f 5261/4171/5177 5260/4170/5176 5132/4042/5048
f 5262/4172/5178 5261/4171/5177 5133/4043/5049
f 5263/4173/5179 5262/4172/5178 5134/4044/5050
f 5264/4174/5180 5263/4173/5179 5135/4045/5051
f 5265/4175/5181 5264/4174/5180 5136/4046/5052
f 5266/4176/5182 5265/4175/5181 5137/4047/5053
f 5267/4177/5183 5266/4176/5182 5138/4048/5054
f 5268/4178/5184 5267/4177/5183 5139/4049/5055
f 5269/4179/5185 5268/4178/5184 5140/4050/5056
f 5270/4180/5186 5269/4179/5185 5141/4051/5057
f 5271/4181/5187 5270/4180/5186 5142/4052/5058
f 5272/4182/5188 5271/4181/5187 5143/4053/5059
f 5273/4183/5189 5272/4182/5188 5144/4054/5060
f 5274/4184/5190 5273/4183/5189 5145/4055/5061
f 5275/4185/5191 5274/4184/5190 5146/4056/5062
f 5276/4186/5192 5275/4185/5191 5147/4057/5063
f 5277/4187/5193 5276/4186/5192 5148/4058/5064
f 5278/4188/5194 5277/4187/5193 5149/4059/5065
f 5279/4189/5195 5278/4188/5194 5150/4060/5066
f 5280/4190/5196 5279/4189/5195 5151/4061/5067
f 5281/4191/5197 5280/4190/5196 5152/4062/5068
f 5282/4192/5198 5281/4191/5197 5153/4063/5069
f 5283/4193/5199 5282/4192/5198 5154/4064/5070
f 5156/4066/5072 5284/4194/5200 5283/4193/5199
f 5157/4067/5073 5285/4195/5201 5284/4194/5200
f 5158/4068/5074 5286/4196/5202 5285/4195/5201
f 5159/4069/5075 5287/4197/5203 5286/4196/5202
f 5160/4070/5076 5288/4198/5204 5287/4197/5203
f 5161/4071/5077 5289/4199/5205 5288/4198/5204
f 5162/4072/5078 5290/4200/5206 5289/4199/5205
f 5163/4073/5079 5291/4201/5207 5290/4200/5206
f 5164/4074/5080 5292/4202/5208 5291/4201/5207
f 5165/4075/5081 5293/4203/5209 5292/4202/5208
f 5166/4076/5082 5294/4204/5210 5293/4203/5209
f 5167/4077/5083 5295/4205/5211 5294/4204/5210
f 5168/4078/5084 5296/4206/5212 5295/4205/5211
f 5169/4079/5085 5297/4207/5213 5296/4206/5212
f 5170/4080/5086 5298/4208/5214 5297/4207/5213
f 5171/4081/5087 5299/4209/5215 5298/4208/5214
f 5172/4082/5088 5300/4210/5216 5299/4209/5215
f 5173/4083/5089 5301/4211/5217 5300/4210/5216
f 5174/4084/5090 5302/4212/5218 5301/4211/5217
f 5175/4085/5091 5303/4213/5219 5302/4212/5218
f 5176/4086/5092 5304/4214/5220 5303/4213/5219
f 5177/4087/5093 5305/4215/5221 5304/4214/5220
f 5178/4088/5094 5306/4216/5222 5305/4215/5221
f 5179/4089/5095 5307/4217/5223 5306/4216/5222
f 5180/4090/5096 5308/4218/5224 5307/4217/5223
f 5181/4091/5097 5309/4219/5225 5308/4218/5224
f 5182/4092/5098 5310/4220/5226 5309/4219/5225
f 5183/4093/5099 5311/4221/5227 5310/4220/5226
f 5184/4094/5100 5312/4222/5228 5311/4221/5227
f 5185/4095/5101 5313/4223/5229 5312/4222/5228
f 5186/4096/5102 5314/4224/5230 5313/4223/5229
f 5059/4098/4975 5187/4226/5103 5314/4224/5230
f 5316/4225/5232 5315/4354/5231 5187/4226/5103
f 5317/4227/5233 5316/4225/5232 5188/4097/5104
f 5318/4228/5234 5317/4227/5233 5189/4099/5105
f 5319/4229/5235 5318/4228/5234 5190/4100/5106
f 5320/4230/5236 5319/4229/5235 5191/4101/5107
f 5321/4231/5237 5320/4230/5236 5192/4102/5108
f 5322/4232/5238 5321/4231/5237 5193/4103/5109
f 5323/4233/5239 5322/4232/5238 5194/4104/5110
f 5324/4234/5240 5323/4233/5239 5195/4105/5111
f 5325/4235/5241 5324/4234/5240 5196/4106/5112
f 5326/4236/5242 5325/4235/5241 5197/4107/5113
f 5327/4237/5243 5326/4236/5242 5198/4108/5114
f 5328/4238/5244 5327/4237/5243 5199/4109/5115
f 5329/4239/5245 5328/4238/5244 5200/4110/5116
f 5330/4240/5246 5329/4239/5245 5201/4111/5117
f 5331/4241/5247 5330/4240/5246 5202/4112/5118
f 5332/4242/5248 5331/4241/5247 5203/4113/5119
f 5333/4243/5249 5332/4242/5248 5204/4114/5120
f 5334/4244/5250 5333/4243/5249 5205/4115/5121
f 5335/4245/5251 5334/4244/5250 5206/4116/5122
f 5336/4246/5252 5335/4245/5251 5207/4117/5123
f 5337/4247/5253 5336/4246/5252 5208/4118/5124
f 5338/4248/5254 5337/4247/5253 5209/4119/5125
f 5339/4249/5255 5338/4248/5254 5210/4120/5126
f 5340/4250/5256 5339/4249/5255 5211/4121/5127
f 5341/4251/5257 5340/4250/5256 5212/4122/5128
f 5342/4252/5258 5341/4251/5257 5213/4123/5129
f 5343/4253/5259 5342/4252/5258 5214/4124/5130
f 5344/4254/5260 5343/4253/5259 5215/4125/5131
f 5345/4255/5261 5344/4254/5260 5216/4126/5132
f 5346/4256/5262 5345/4255/5261 5217/4127/5133
f 5347/4257/5263 5346/4256/5262 5218/4128/5134
f 5220/4130/5136 5348/4258/5264 5347/4257/5263
f 5221/4131/5137 5349/4259/5265 5348/4258/5264
f 5222/4132/5138 5350/4260/5266 5349/4259/5265
f 5223/4133/5139 5351/4261/5267 5350/4260/5266
f 5224/4134/5140 5352/4262/5268 5351/4261/5267
f 5225/4135/5141 5353/4263/5269 5352/4262/5268
f 5226/4136/5142 5354/4264/5270 5353/4263/5269
f 5227/4137/5143 5355/4265/5271 5354/4264/5270
f 5228/4138/5144 5356/4266/5272 5355/4265/5271
f 5229/4139/5145 5357/4267/5273 5356/4266/5272
f 5230/4140/5146 5358/4268/5274 5357/4267/5273
f 5231/4141/5147 5359/4269/5275 5358/4268/5274
f 5232/4142/5148 5360/4270/5276 5359/4269/5275
f 5233/4143/5149 5361/4271/5277 5360/4270/5276
f 5234/4144/5150 5362/4272/5278 5361/4271/5277
f 5235/4145/5151 5363/4273/5279 5362/4272/5278
f 5236/4146/5152 5364/4274/5280 5363/4273/5279
f 5237/4147/5153 5365/4275/5281 5364/4274/5280
f 5238/4148/5154 5366/4276/5282 5365/4275/5281
f 5239/4149/5155 5367/4277/5283 5366/4276/5282
f 5240/4150/5156 5368/4278/5284 5367/4277/5283
f 5241/4151/5157 5369/4279/5285 5368/4278/5284
f 5242/4152/5158 5370/4280/5286 5369/4279/5285
f 5243/4153/5159 5371/4281/5287 5370/4280/5286
f 5244/4154/5160 5372/4282/5288 5371/4281/5287
f 5245/4155/5161 5373/4283/5289 5372/4282/5288
f 5246/4156/5162 5374/4284/5290 5373/4283/5289
f 5247/4157/5163 5375/4285/5291 5374/4284/5290
f 5248/4158/5164 5376/4286/5292 5375/4285/5291
f 5249/4159/5165 5377/4287/5293 5376/4286/5292
f 5250/4161/5166 5378/4289/5294 5377/4287/5293
f 5251/4288/5167 5379/4416/5295 5378/4289/5294
f 5380/4290/5296 5379/4416/5295 5251/4288/5167
f 5381/4291/5297 5380/4290/5296 5252/4162/5168
f 5382/4292/5298 5381/4291/5297 5253/4163/5169
f 5383/4293/5299 5382/4292/5298 5254/4164/5170
f 5384/4294/5300 5383/4293/5299 5255/4165/5171
f 5385/4295/5301 5384/4294/5300 5256/4166/5172
f 5386/4296/5302 5385/4295/5301 5257/4167/5173
f 5387/4297/5303 5386/4296/5302 5258/4168/5174
f 5388/4298/5304 5387/4297/5303 5259/4169/5175
f 5389/4299/5305 5388/4298/5304 5260/4170/5176
f 5390/4300/5306 5389/4299/5305 5261/4171/5177
f 5391/4301/5307 5390/4300/5306 5262/4172/5178
f 5392/4302/5308 5391/4301/5307 5263/4173/5179
f 5393/4303/5309 5392/4302/5308 5264/4174/5180
f 5394/4304/5310 5393/4303/5309 5265/4175/5181
f 5395/4305/5311 5394/4304/5310 5266/4176/5182
f 5396/4306/5312 5395/4305/5311 5267/4177/5183
f 5397/4307/5313 5396/4306/5312 5268/4178/5184
f 5398/4308/5314 5397/4307/5313 5269/4179/5185
f 5399/4309/5315 5398/4308/5314 5270/4180/5186
f 5400/4310/5316 5399/4309/5315 5271/4181/5187
f 5401/4311/5317 5400/4310/5316 5272/4182/5188
f 5402/4312/5318 5401/4311/5317 5273/4183/5189
f 5403/4313/5319 5402/4312/5318 5274/4184/5190
f 5404/4314/5320 5403/4313/5319 5275/4185/5191
f 5405/4315/5321 5404/4314/5320 5276/4186/5192
f 5406/4316/5322 5405/4315/5321 5277/4187/5193
f 5407/4317/5323 5406/4316/5322 5278/4188/5194
f 5408/4318/5324 5407/4317/5323 5279/4189/5195
f 5409/4319/5325 5408/4318/5324 5280/4190/5196
f 5410/4320/5326 5409/4319/5325 5281/4191/5197
f 5411/4321/5327 5410/4320/5326 5282/4192/5198
f 5284/4194/5200 5412/4322/5328 5411/4321/5327
f 5285/4195/5201 5413/4323/5329 5412/4322/5328
f 5286/4196/5202 5414/4324/5330 5413/4323/5329
f 5287/4197/5203 5415/4325/5331 5414/4324/5330
f 5288/4198/5204 5416/4326/5332 5415/4325/5331
f 5289/4199/5205 5417/4327/5333 5416/4326/5332
f 5290/4200/5206 5418/4328/5334 5417/4327/5333
f 5291/4201/5207 5419/4329/5335 5418/4328/5334
f 5292/4202/5208 5420/4330/5336 5419/4329/5335
f 5293/4203/5209 5421/4331/5337 5420/4330/5336
f 5294/4204/5210 5422/4332/5338 5421/4331/5337
f 5295/4205/5211 5423/4333/5339 5422/4332/5338
f 5296/4206/5212 5424/4334/5340 5423/4333/5339
f 5297/4207/5213 5425/4335/5341 5424/4334/5340
f 5298/4208/5214 5426/4336/5342 5425/4335/5341
f 5299/4209/5215 5427/4337/5343 5426/4336/5342
f 5300/4210/5216 5428/4338/5344 5427/4337/5343
f 5301/4211/5217 5429/4339/5345 5428/4338/5344
f 5302/4212/5218 5430/4340/5346 5429/4339/5345
f 5303/4213/5219 5431/4341/5347 5430/4340/5346
f 5304/4214/5220 5432/4342/5348 5431/4341/5347
f 5305/4215/5221 5433/4343/5349 5432/4342/5348
f 5306/4216/5222 5434/4344/5350 5433/4343/5349
f 5307/4217/5223 5435/4345/5351 5434/4344/5350
f 5308/4218/5224 5436/4346/5352 5435/4345/5351
f 5309/4219/5225 5437/4347/5353 5436/4346/5352
f 5310/4220/5226 5438/4348/5354 5437/4347/5353
f 5311/4221/5227 5439/4349/5355 5438/4348/5354
f 5312/4222/5228 5440/4350/5356 5439/4349/5355
f 5313/4223/5229 5441/4351/5357 5440/4350/5356
f 5314/4224/5230 5442/4352/5358 5441/4351/5357
f 5187/4226/5103 5315/4354/5231 5442/4352/5358
f 5444/4353/5360 5443/4741/5359 5315/4354/5231
f 5445/4355/5361 5444/4353/5360 5316/4225/5232
f 5446/4356/5362 5445/4355/5361 5317/4227/5233
f 5447/4357/5363 5446/4356/5362 5318/4228/5234
f 5448/4358/5364 5447/4357/5363 5319/4229/5235
f 5449/4359/5365 5448/4358/5364 5320/4230/5236
f 5450/4360/5366 5449/4359/5365 5321/4231/5237
f 5451/4361/5367 5450/4360/5366 5322/4232/5238
f 5452/4362/5368 5451/4361/5367 5323/4233/5239
f 5453/4363/5369 5452/4362/5368 5324/4234/5240
f 5454/4364/5370 5453/4363/5369 5325/4235/5241
f 5455/4365/5371 5454/4364/5370 5326/4236/5242
f 5456/4366/5372 5455/4365/5371 5327/4237/5243
f 5457/4367/5373 5456/4366/5372 5328/4238/5244
f 5458/4368/5374 5457/4367/5373 5329/4239/5245
f 5459/4369/5375 5458/4368/5374 5330/4240/5246
f 5460/4370/5376 5459/4369/5375 5331/4241/5247
f 5461/4371/5377 5460/4370/5376 5332/4242/5248
f 5462/4372/5378 5461/4371/5377 5333/4243/5249
f 5463/4373/5379 5462/4372/5378 5334/4244/5250
f 5464/4374/5380 5463/4373/5379 5335/4245/5251
f 5465/4375/5381 5464/4374/5380 5336/4246/5252
f 5466/4376/5382 5465/4375/5381 5337/4247/5253
f 5467/4377/5383 5466/4376/5382 5338/4248/5254
f 5468/4378/5384 5467/4377/5383 5339/4249/5255
f 5469/4379/5385 5468/4378/5384 5340/4250/5256
f 5470/4380/5386 5469/4379/5385 5341/4251/5257
f 5471/4381/5387 5470/4380/5386 5342/4252/5258
f 5472/4382/5388 5471/4381/5387 5343/4253/5259
f 5473/4383/5389 5472/4382/5388 5344/4254/5260
f 5474/4384/5390 5473/4383/5389 5345/4255/5261
f 5475/4385/5391 5474/4384/5390 5346/4256/5262
f 5348/4258/5264 5476/4386/5392 5475/4385/5391
f 5349/4259/5265 5477/4387/5393 5476/4386/5392
f 5350/4260/5266 5478/4388/5394 5477/4387/5393
f 5351/4261/5267 5479/4389/5395 5478/4388/5394
f 5352/4262/5268 5480/4390/5396 5479/4389/5395
f 5353/4263/5269 5481/4391/5397 5480/4390/5396
f 5354/4264/5270 5482/4392/5398 5481/4391/5397
f 5355/4265/5271 5483/4393/5399 5482/4392/5398
f 5356/4266/5272 5484/4394/5400 5483/4393/5399
f 5357/4267/5273 5485/4395/5401 5484/4394/5400
f 5358/4268/5274 5486/4396/5402 5485/4395/5401
f 5359/4269/5275 5487/4397/5403 5486/4396/5402
f 5360/4270/5276 5488/4398/5404 5487/4397/5403
f 5361/4271/5277 5489/4399/5405 5488/4398/5404
f 5362/4272/5278 5490/4400/5406 5489/4399/5405
f 5363/4273/5279 5491/4401/5407 5490/4400/5406
f 5364/4274/5280 5492/4402/5408 5491/4401/5407
f 5365/4275/5281 5493/4403/5409 5492/4402/5408
f 5366/4276/5282 5494/4404/5410 5493/4403/5409
f 5367/4277/5283 5495/4405/5411 5494/4404/5410
f 5368/4278/5284 5496/4406/5412 5495/4405/5411
f 5369/4279/5285 5497/4407/5413 5496/4406/5412
f 5370/4280/5286 5498/4408/5414 5497/4407/5413
f 5371/4281/5287 5499/4409/5415 5498/4408/5414
f 5372/4282/5288 5500/4410/5416 5499/4409/5415
f 5373/4283/5289 5501/4411/5417 5500/4410/5416
f 5374/4284/5290 5502/4412/5418 5501/4411/5417
f 5375/4285/5291 5503/4413/5419 5502/4412/5418
f 5376/4286/5292 5504/4414/5420 5503/4413/5419
f 5377/4287/5293 5505/4415/5421 5504/4414/5420
f 5378/4289/5294 5506/4417/5422 5505/4415/5421
f 5379/4416/5295 5507/4742/5423 5506/4417/5422
f 5508/4418/5424 5507/4742/5423 5379/4416/5295
f 5509/4419/5425 5508/4418/5424 5380/4290/5296
f 5510/4420/5426 5509/4419/5425 5381/4291/5297
f 5511/4421/5427 5510/4420/5426 5382/4292/5298
f 5512/4422/5428 5511/4421/5427 5383/4293/5299
f 5513/4423/5429 5512/4422/5428 5384/4294/5300
f 5514/4424/5430 5513/4423/5429 5385/4295/5301
f 5515/4425/5431 5514/4424/5430 5386/4296/5302
f 5516/4426/5432 5515/4425/5431 5387/4297/5303
f 5517/4427/5433 5516/4426/5432 5388/4298/5304
f 5518/4428/5434 5517/4427/5433 5389/4299/5305
f 5519/4429/5435 5518/4428/5434 5390/4300/5306
f 5520/4430/5436 5519/4429/5435 5391/4301/5307
f 5521/4431/5437 5520/4430/5436 5392/4302/5308
f 5522/4432/5438 5521/4431/5437 5393/4303/5309
f 5523/4433/5439 5522/4432/5438 5394/4304/5310
f 5524/4434/5440 5523/4433/5439 5395/4305/5311
f 5525/4435/5441 5524/4434/5440 5396/4306/5312
f 5526/4436/5442 5525/4435/5441 5397/4307/5313
f 5527/4437/5443 5526/4436/5442 5398/4308/5314
f 5528/4438/5444 5527/4437/5443 5399/4309/5315
f 5529/4439/5445 5528/4438/5444 5400/4310/5316
f 5530/4440/5446 5529/4439/5445 5401/4311/5317
f 5531/4441/5447 5530/4440/5446 5402/4312/5318
f 5532/4442/5448 5531/4441/5447 5403/4313/5319
f 5533/4443/5449 5532/4442/5448 5404/4314/5320
f 5534/4444/5450 5533/4443/5449 5405/4315/5321
f 5535/4445/5451 5534/4444/5450 5406/4316/5322
f 5536/4446/5452 5535/4445/5451 5407/4317/5323
f 5537/4447/5453 5536/4446/5452 5408/4318/5324
f 5538/4448/5454 5537/4447/5453 5409/4319/5325
f 5539/4449/5455 5538/4448/5454 5410/4320/5326
f 5412/4322/5328 5540/4450/5456 5539/4449/5455
f 5413/4323/5329 5541/4451/5457 5540/4450/5456
f 5414/4324/5330 5542/4452/5458 5541/4451/5457
f 5415/4325/5331 5543/4453/5459 5542/4452/5458
f 5416/4326/5332 5544/4454/5460 5543/4453/5459
f 5417/4327/5333 5545/4455/5461 5544/4454/5460
f 5418/4328/5334 5546/4456/5462 5545/4455/5461
f 5419/4329/5335 5547/4457/5463 5546/4456/5462
f 5420/4330/5336 5548/4458/5464 5547/4457/5463
f 5421/4331/5337 5549/4459/5465 5548/4458/5464
f 5422/4332/5338 5550/4460/5466 5549/4459/5465
f 5423/4333/5339 5551/4461/5467 5550/4460/5466
f 5424/4334/5340 5552/4462/5468 5551/4461/5467
f 5425/4335/5341 5553/4463/5469 5552/4462/5468
f 5426/4336/5342 5554/4464/5470 5553/4463/5469
f 5427/4337/5343 5555/4465/5471 5554/4464/5470
f 5428/4338/5344 5556/4466/5472 5555/4465/5471
f 5429/4339/5345 5557/4467/5473 5556/4466/5472
f 5430/4340/5346 5558/4468/5474 5557/4467/5473
f 5431/4341/5347 5559/4469/5475 5558/4468/5474
f 5432/4342/5348 5560/4470/5476 5559/4469/5475
f 5433/4343/5349 5561/4471/5477 5560/4470/5476
f 5434/4344/5350 5562/4472/5478 5561/4471/5477
f 5435/4345/5351 5563/4473/5479 5562/4472/5478
f 5436/4346/5352 5564/4474/5480 5563/4473/5479
f 5437/4347/5353 5565/4475/5481 5564/4474/5480
f 5438/4348/5354 5566/4476/5482 5565/4475/5481
f 5439/4349/5355 5567/4477/5483 5566/4476/5482
f 5440/4350/5356 5568/4478/5484 5567/4477/5483
f 5441/4351/5357 5569/4479/5485 5568/4478/5484
f 5442/4352/5358 5570/4480/5486 5569/4479/5485
f 5315/4354/5231 5443/4741/5359 5570/4480/5486
f 5443/4481/5359 5444/4484/5360 3395/4482/3313
f 5444/4484/5360 5445/4486/5361 3396/4485/3314
f 5445/4486/5361 5446/4488/5362 3397/4487/3315
f 5446/4488/5362 5447/4490/5363 3398/4489/3316
f 5447/4490/5363 5448/4492/5364 3399/4491/3317
f 5448/4492/5364 5449/4494/5365 3400/4493/3318
f 5449/4494/5365 5450/4496/5366 3401/4495/3319
f 5450/4496/5366 5451/4498/5367 3402/4497/3320
f 5451/4498/5367 5452/4500/5368 3403/4499/3321
f 5452/4500/5368 5453/4502/5369 3404/4501/3322
f 5453/4502/5369 5454/4504/5370 3405/4503/3323
f 5454/4504/5370 5455/4506/5371 3406/4505/3324
f 5455/4506/5371 5456/4508/5372 3407/4507/3325
f 5456/4508/5372 5457/4510/5373 3408/4509/3326
f 5457/4510/5373 5458/4512/5374 3409/4511/3327
f 5458/4512/5374 5459/4581/5375 3410/4513/3328
f 5459/4514/5375 5460/4517/5376 3411/4515/3329
f 5460/4517/5376 5461/4519/5377 3412/4518/3330
f 5461/4519/5377 5462/4521/5378 3413/4520/3331
f 5462/4521/5378 5463/4523/5379 3414/4522/3332
f 5463/4523/5379 5464/4525/5380 3415/4524/3333
f 5464/4525/5380 5465/4527/5381 3416/4526/3334
f 5465/4527/5381 5466/4529/5382 3417/4528/3335
f 5466/4529/5382 5467/4531/5383 3418/4530/3336
f 5467/4531/5383 5468/4533/5384 3419/4532/3337
f 5468/4533/5384 5469/4535/5385 3420/4534/3338
f 5469/4535/5385 5470/4537/5386 3421/4536/3339
f 5470/4537/5386 5471/4539/5387 3422/4538/3340
f 5471/4539/5387 5472/4541/5388 3423/4540/3341
f 5472/4541/5388 5473/4543/5389 3424/4542/3342
f 5473/4543/5389 5474/4545/5390 3425/4544/3343
f 5474/4545/5390 5475/4547/5391 3426/4546/3344
f 5475/4547/5391 5476/4549/5392 3427/4548/3345
f 5476/4549/5392 5477/4551/5393 3428/4550/3346
f 5477/4551/5393 5478/4553/5394 3429/4552/3347
f 5478/4553/5394 5479/4555/5395 3430/4554/3348
f 5479/4555/5395 5480/4557/5396 3431/4556/3349
f 5480/4557/5396 5481/4559/5397 3432/4558/3350
f 5481/4559/5397 5482/4561/5398 3433/4560/3351
f 5482/4561/5398 5483/4563/5399 3434/4562/3352
f 5483/4563/5399 5484/4565/5400 3435/4564/3353
f 5484/4565/5400 5485/4567/5401 3436/4566/3354
f 5485/4567/5401 5486/4569/5402 3437/4568/3355
f 5486/4569/5402 5487/4571/5403 3438/4570/3356
f 5487/4571/5403 5488/4573/5404 3439/4572/3357
f 5488/4573/5404 5489/4575/5405 3440/4574/3358
f 5489/4575/5405 5490/4577/5406 3441/4576/3359
f 5490/4577/5406 5491/4579/5407 3442/4578/3360
f 5491/4579/5407 5492/4743/5408 3443/4580/3361
f 5492/4581/5408 5493/4584/5409 3444/4582/3362
f 5493/4584/5409 5494/4586/5410 3445/4585/3363
f 5494/4586/5410 5495/4588/5411 3446/4587/3364
f 5495/4588/5411 5496/4590/5412 3447/4589/3365
f 5496/4590/5412 5497/4592/5413 3448/4591/3366
f 5497/4592/5413 5498/4594/5414 3449/4593/3367
f 5498/4594/5414 5499/4596/5415 3450/4595/3368
f 5499/4596/5415 5500/4598/5416 3451/4597/3369
f 5500/4598/5416 5501/4600/5417 3452/4599/3370
f 5501/4600/5417 5502/4602/5418 3453/4601/3371
f 5502/4602/5418 5503/4604/5419 3454/4603/3372
f 5503/4604/5419 5504/4606/5420 3455/4605/3373
f 5504/4606/5420 5505/4608/5421 3456/4607/3374
f 5505/4608/5421 5506/4610/5422 3457/4609/3375
f 5506/4610/5422 5507/4612/5423 3458/4611/3376
f 5507/4612/5423 5508/4614/5424 3459/4613/3377
f 5508/4614/5424 5509/4616/5425 3460/4615/3378
f 5509/4616/5425 5510/4618/5426 3461/4617/3379
f 5510/4618/5426 5511/4620/5427 3462/4619/3380
f 5511/4620/5427 5512/4622/5428 3463/4621/3381
f 5512/4622/5428 5513/4624/5429 3464/4623/3382
f 5513/4624/5429 5514/4626/5430 3465/4625/3383
f 5514/4626/5430 5515/4628/5431 3466/4627/3384
f 5515/4628/5431 5516/4630/5432 3467/4629/3385
f 5516/4630/5432 5517/4632/5433 3468/4631/3386
f 5517/4632/5433 5518/4634/5434 3469/4633/3387
f 5518/4634/5434 5519/4636/5435 3470/4635/3388
f 5519/4636/5435 5520/4638/5436 3471/4637/3389
f 5520/4638/5436 5521/4640/5437 3472/4639/3390
f 5521/4640/5437 5522/4642/5438 3473/4641/3391
f 5522/4642/5438 5523/4744/5439 3474/4643/3392
f 5523/4644/5439 5524/4646/5440 3475/4645/3393
f 5524/4646/5440 5525/4648/5441 3476/4647/3394
f 5525/4648/5441 5526/4650/5442 3477/4649/3395
f 5526/4650/5442 5527/4652/5443 3478/4651/3396
f 5527/4652/5443 5528/4654/5444 3479/4653/3397
f 5528/4654/5444 5529/4656/5445 3480/4655/3398
f 5529/4656/5445 5530/4658/5446 3481/4657/3399
f 5530/4658/5446 5531/4660/5447 3482/4659/3400
f 5531/4660/5447 5532/4662/5448 3483/4661/3401
f 5532/4662/5448 5533/4664/5449 3484/4663/3402
f 5533/4664/5449 5534/4666/5450 3485/4665/3403
f 5534/4666/5450 5535/4668/5451 3486/4667/3404
f 5535/4668/5451 5536/4670/5452 3487/4669/3405
f 5536/4670/5452 5537/4672/5453 3488/4671/3406
f 5537/4672/5453 5538/4674/5454 3489/4673/3407
f 5538/4674/5454 5539/4676/5455 3490/4675/3408
f 5539/4676/5455 5540/4678/5456 3491/4677/3409
f 5540/4678/5456 5541/4680/5457 3492/4679/3410
f 5541/4680/5457 5542/4682/5458 3493/4681/3411
f 5542/4682/5458 5543/4684/5459 3494/4683/3412
f 5543/4684/5459 5544/4686/5460 3495/4685/3413
f 5544/4686/5460 5545/4688/5461 3496/4687/3414
f 5545/4688/5461 5546/4690/5462 3497/4689/3415
f 5546/4690/5462 5547/4692/5463 3498/4691/3416
f 5547/4692/5463 5548/4694/5464 3499/4693/3417
f 5548/4694/5464 5549/4696/5465 3500/4695/3418
f 5549/4696/5465 5550/4698/5466 3501/4697/3419
f 5550/4698/5466 5551/4700/5467 3502/4699/3420
f 5551/4700/5467 5552/4702/5468 3503/4701/3421
f 5552/4702/5468 5553/4704/5469 3504/4703/3422
f 5553/4704/5469 5554/4706/5470 3505/4705/3423
f 5554/4706/5470 5555/4708/5471 3506/4707/3424
f 5555/4708/5471 5556/4513/5472 3507/4516/3425
f 5556/4709/5472 5557/4712/5473 3508/4710/3426
f 5557/4712/5473 5558/4714/5474 3509/4713/3427
f 5558/4714/5474 5559/4716/5475 3510/4715/3428
f 5559/4716/5475 5560/4718/5476 3511/4717/3429
f 5560/4718/5476 5561/4720/5477 3512/4719/3430
f 5561/4720/5477 5562/4722/5478 3513/4721/3431
f 5562/4722/5478 5563/4724/5479 3514/4723/3432
f 5563/4724/5479 5564/4726/5480 3515/4725/3433
f 5564/4726/5480 5565/4728/5481 3516/4727/3434
f 5565/4728/5481 5566/4730/5482 3517/4729/3435
f 5566/4730/5482 5567/4732/5483 3518/4731/3436
f 5567/4732/5483 5568/4734/5484 3519/4733/3437
f 5568/4734/5484 5569/4736/5485 3520/4735/3438
f 5569/4736/5485 5570/4738/5486 3521/4737/3439
f 5570/4738/5486 5443/4481/5359 3394/4483/3312
